date,Close,High,Low,Open,Volume,OB_c0,OB_High_c0,OB_Low_c0,OB_Mitigated_Index_c0,OB,OB_High,OB_Low,OB_Mitigated_Index,aVWAP_OB_bull_c0_1225,aVWAP_OB_bull_c0_1144,aVWAP_OB_bull_c0_1094,aVWAP_OB_bull_c0_1080,aVWAP_OB_bull_c0_1001,aVWAP_OB_bear_c0_1220,aVWAP_OB_bear_c0_803,aVWAP_OB_bear_c0_724,aVWAP_QQEMOD_bull_dot_c0_1036,aVWAP_QQEMOD_bull_dot_c0_1115,aVWAP_QQEMOD_bull_dot_c0_1170,aVWAP_QQEMOD_bull_dot_c0_1195,aVWAP_QQEMOD_bull_dot_c0_1235,aVWAP_QQEMOD_bear_dot_c0_991,aVWAP_QQEMOD_bear_dot_c0_1080,aVWAP_QQEMOD_bear_dot_c0_1144,aVWAP_QQEMOD_bear_dot_c0_1185,aVWAP_QQEMOD_bear_dot_c0_1225,aVWAP_price_maxima_minima_valley_c0_1,aVWAP_price_maxima_minima_peak_c0_1,color
2021-06-21 00:00:00+00:00,9.4849773756,9.4849773756,9.4849773756,9.4849773756,672,0.0,0.0,0.0,0.0,0.0,0.0,0.0,0.0,,,,,,,,,,,,,,,,,,,,,#000000
2021-06-22 00:00:00+00:00,9.4849773756,9.4946757164,9.4752790347,9.4849773756,9112,0.0,0.0,0.0,0.0,0.0,0.0,0.0,0.0,,,,,,,,,,,,,,,,,,,,,#000000
2021-06-23 00:00:00+00:00,9.5237707391,9.5237707391,9.4752790347,9.4752790347,34096,0.0,0.0,0.0,0.0,0.0,0.0,0.0,0.0,,,,,,,,,,,,,,,,,,,,,"rgba(38, 166, 154, 0.5)"
2021-06-24 00:00:00+00:00,9.4946757164,9.5237707391,9.4849773756,9.5237707391,81799,0.0,0.0,0.0,0.0,0.0,0.0,0.0,0.0,,,,,,,,,,,,,,,,,,,,,"rgba(38, 166, 154, 0.5)"
2021-06-25 00:00:00+00:00,9.4849773756,9.5237707391,9.4752790347,9.5237707391,52626,0.0,0.0,0.0,0.0,0.0,0.0,0.0,0.0,,,,,,,,,,,,,,,,,,,,,"rgba(38, 166, 154, 0.5)"
2021-06-28 00:00:00+00:00,9.4849773756,9.5140723982,9.4752790347,9.4946757164,64687,0.0,0.0,0.0,0.0,0.0,0.0,0.0,0.0,,,,,,,,,,,,,,,,,,,,,"rgba(38, 166, 154, 0.5)"
2021-06-29 00:00:00+00:00,9.5140723982,9.5334690799,9.4752790347,9.4753760181,282410,0.0,0.0,0.0,0.0,0.0,0.0,0.0,0.0,,,,,,,,,,,,,,,,,,,,,"rgba(38, 166, 154, 0.5)"
2021-06-30 00:00:00+00:00,9.4655806938,9.5334690799,9.4655806938,9.5334690799,25659,0.0,0.0,0.0,0.0,0.0,0.0,0.0,0.0,,,,,,,,,,,,,,,,,,,,,"rgba(38, 166, 154, 0.5)"
2021-07-01 00:00:00+00:00,9.5237707391,9.5334690799,9.4752790347,9.4752790347,25351,0.0,0.0,0.0,0.0,0.0,0.0,0.0,0.0,,,,,,,,,,,,,,,,,,,,,"rgba(38, 166, 154, 0.5)"
2021-07-02 00:00:00+00:00,9.516884917,9.5237707391,9.4946757164,9.4946757164,1954,0.0,0.0,0.0,0.0,0.0,0.0,0.0,0.0,,,,,,,,,,,,,,,,,,,,,"rgba(38, 166, 154, 0.5)"
2021-07-06 00:00:00+00:00,9.5140723982,9.5334690799,9.4946757164,9.5334690799,3532,0.0,0.0,0.0,0.0,0.0,0.0,0.0,0.0,,,,,,,,,,,,,,,,,,,,,"rgba(38, 166, 154, 0.5)"
2021-07-07 00:00:00+00:00,9.5043740573,9.5043740573,9.4461840121,9.4752790347,3270,0.0,0.0,0.0,0.0,0.0,0.0,0.0,0.0,,,,,,,,,,,,,,,,,,,,,"rgba(38, 166, 154, 0.5)"
2021-07-08 00:00:00+00:00,9.5043740573,9.5043740573,9.4946757164,9.4946757164,5549,0.0,0.0,0.0,0.0,0.0,0.0,0.0,0.0,,,,,,,,,,,,,,,,,,,,,"rgba(38, 166, 154, 0.5)"
2021-07-09 00:00:00+00:00,9.4849773756,9.5043740573,9.4849773756,9.5043740573,12527,0.0,0.0,0.0,0.0,0.0,0.0,0.0,0.0,,,,,,,,,,,,,,,,,,,,,#000000
2021-07-12 00:00:00+00:00,9.4849773756,9.4849773756,9.4849773756,9.4849773756,649,0.0,0.0,0.0,0.0,0.0,0.0,0.0,0.0,,,,,,,,,,,,,,,,,,,,,#000000
2021-07-13 00:00:00+00:00,9.4849773756,9.4849773756,9.4752790347,9.4753760181,10943,0.0,0.0,0.0,0.0,0.0,0.0,0.0,0.0,,,,,,,,,,,,,,,,,,,,,#000000
2021-07-14 00:00:00+00:00,9.4849773756,9.4849773756,9.4849773756,9.4849773756,672,0.0,0.0,0.0,0.0,0.0,0.0,0.0,0.0,,,,,,,,,,,,,,,,,,,,,"rgba(239, 83, 80, 0.5)"
2021-07-15 00:00:00+00:00,9.4849773756,9.4946757164,9.4752790347,9.4848803922,13221,0.0,0.0,0.0,0.0,0.0,0.0,0.0,0.0,,,,,,,,,,,,,,,,,,,,,"rgba(239, 83, 80, 0.5)"
2021-07-16 00:00:00+00:00,9.4752790347,9.4849773756,9.4655806938,9.4673263952,215550,0.0,0.0,0.0,0.0,0.0,0.0,0.0,0.0,,,,,,,,,,,,,,,,,,,,,"rgba(239, 83, 80, 0.5)"
2021-07-19 00:00:00+00:00,9.4752790347,9.4849773756,9.4558823529,9.4558823529,14501,0.0,0.0,0.0,0.0,0.0,0.0,0.0,0.0,,,,,,,,,,,,,,,,,,,,,"rgba(239, 83, 80, 0.5)"
2021-07-20 00:00:00+00:00,9.4752790347,9.4752790347,9.4655806938,9.4752790347,5689,0.0,0.0,0.0,0.0,0.0,0.0,0.0,0.0,,,,,,,,,,,,,,,,,,,,,"rgba(239, 83, 80, 0.5)"
2021-07-21 00:00:00+00:00,9.4849773756,9.4849773756,9.4655806938,9.4752790347,112842,0.0,0.0,0.0,0.0,0.0,0.0,0.0,0.0,,,,,,,,,,,,,,,,,,,,,"rgba(239, 83, 80, 0.5)"
2021-07-22 00:00:00+00:00,9.4752790347,9.4849773756,9.4170889894,9.4655806938,87204,0.0,0.0,0.0,0.0,0.0,0.0,0.0,0.0,,,,,,,,,,,,,,,,,,,,,"rgba(239, 83, 80, 0.5)"
2021-07-23 00:00:00+00:00,9.4849773756,9.485074359,9.4752790347,9.4849773756,6087,0.0,0.0,0.0,0.0,0.0,0.0,0.0,0.0,,,,,,,,,,,,,,,,,,,,,"rgba(239, 83, 80, 0.5)"
2021-07-26 00:00:00+00:00,9.4752790347,9.4849773756,9.4655806938,9.4849773756,32531,0.0,0.0,0.0,0.0,0.0,0.0,0.0,0.0,,,,,,,,,,,,,,,,,,,,,"rgba(239, 83, 80, 0.5)"
2021-07-27 00:00:00+00:00,9.4558823529,9.476054902,9.4558823529,9.476054902,1610,0.0,0.0,0.0,0.0,0.0,0.0,0.0,0.0,,,,,,,,,,,,,,,,,,,,,"rgba(239, 83, 80, 0.5)"
2021-07-28 00:00:00+00:00,9.4655806938,9.4752790347,9.4558823529,9.4558823529,1311,0.0,0.0,0.0,0.0,0.0,0.0,0.0,0.0,,,,,,,,,,,,,,,,,,,,,"rgba(239, 83, 80, 0.5)"
2021-07-29 00:00:00+00:00,9.4558823529,9.4849773756,9.4558823529,9.4558823529,22677,0.0,0.0,0.0,0.0,0.0,0.0,0.0,0.0,,,,,,,,,,,,,,,,,,,,,"rgba(239, 83, 80, 0.5)"
2021-07-30 00:00:00+00:00,9.4655806938,9.5043740573,9.4558823529,9.4752790347,37378,0.0,0.0,0.0,0.0,0.0,0.0,0.0,0.0,,,,,,,,,,,,,,,,,,,,,"rgba(239, 83, 80, 0.5)"
2021-08-02 00:00:00+00:00,9.4946757164,9.5043740573,9.4655806938,9.4655806938,31932,0.0,0.0,0.0,0.0,0.0,0.0,0.0,0.0,,,,,,,,,,,,,,,,,,,,,"rgba(239, 83, 80, 0.5)"
2021-08-03 00:00:00+00:00,9.4655806938,9.4946757164,9.4558823529,9.4752790347,41009,0.0,0.0,0.0,0.0,0.0,0.0,0.0,0.0,,,,,,,,,,,,,,,,,,,,,"rgba(239, 83, 80, 0.5)"
2021-08-04 00:00:00+00:00,9.4849773756,9.4849773756,9.4558823529,9.4558823529,13891,0.0,0.0,0.0,0.0,0.0,0.0,0.0,0.0,,,,,,,,,,,,,,,,,,,,,#000000
2021-08-05 00:00:00+00:00,9.4752790347,9.4849773756,9.4558823529,9.4655806938,22100,0.0,0.0,0.0,0.0,0.0,0.0,0.0,0.0,,,,,,,,,,,,,,,,,,,,,#000000
2021-08-06 00:00:00+00:00,9.4946757164,9.4946757164,9.4655806938,9.4655806938,757,0.0,0.0,0.0,0.0,0.0,0.0,0.0,0.0,,,,,,,,,,,,,,,,,,,,,#000000
2021-08-09 00:00:00+00:00,9.4558823529,9.4927360483,9.4558823529,9.4927360483,12008,0.0,0.0,0.0,0.0,0.0,0.0,0.0,0.0,,,,,,,,,,,,,,,,,,,,,#000000
2021-08-10 00:00:00+00:00,9.4558823529,9.4655806938,9.4073906486,9.4558823529,61256,0.0,0.0,0.0,0.0,0.0,0.0,0.0,0.0,,,,,,,,,,,,,,,,,,,,,"rgba(239, 83, 80, 0.5)"
2021-08-11 00:00:00+00:00,9.4752790347,9.4752790347,9.4558823529,9.4558823529,14248,0.0,0.0,0.0,0.0,0.0,0.0,0.0,0.0,,,,,,,,,,,,,,,,,,,,,#000000
2021-08-12 00:00:00+00:00,9.4655806938,9.4752790347,9.4655806938,9.4656776772,4803,0.0,0.0,0.0,0.0,0.0,0.0,0.0,0.0,,,,,,,,,,,,,,,,,,,,,#000000
2021-08-13 00:00:00+00:00,9.4655806938,9.4849773756,9.4655806938,9.4683932127,90170,0.0,0.0,0.0,0.0,0.0,0.0,0.0,0.0,,,,,,,,,,,,,,,,,,,,,#000000
2021-08-16 00:00:00+00:00,9.4849773756,9.5043740573,9.4558823529,9.4752790347,18706,0.0,0.0,0.0,0.0,0.0,0.0,0.0,0.0,,,,,,,,,,,,,,,,,,,,,#000000
2021-08-17 00:00:00+00:00,9.4752790347,9.4849773756,9.473921267,9.4753760181,11713,0.0,0.0,0.0,0.0,0.0,0.0,0.0,0.0,,,,,,,,,,,,,,,,,,,,,#000000
2021-08-18 00:00:00+00:00,9.4655806938,9.4946757164,9.4655806938,9.4752790347,57324,0.0,0.0,0.0,0.0,0.0,0.0,0.0,0.0,,,,,,,,,,,,,,,,,,,,,#000000
2021-08-19 00:00:00+00:00,9.4558823529,9.4655806938,9.4558823529,9.4655806938,113031,0.0,0.0,0.0,0.0,0.0,0.0,0.0,0.0,,,,,,,,,,,,,,,,,,,,,"rgba(239, 83, 80, 0.5)"
2021-08-20 00:00:00+00:00,9.4655806938,9.4655806938,9.4461840121,9.4558823529,1523,0.0,0.0,0.0,0.0,0.0,0.0,0.0,0.0,,,,,,,,,,,,,,,,,,,,,"rgba(239, 83, 80, 0.5)"
2021-08-23 00:00:00+00:00,9.4655806938,9.4655806938,9.4510331825,9.4655806938,20181,0.0,0.0,0.0,0.0,0.0,0.0,0.0,0.0,,,,,,,,,,,,,,,,,,,,,#000000
2021-08-24 00:00:00+00:00,9.4849773756,9.5043740573,9.4558823529,9.4558823529,8351,0.0,0.0,0.0,0.0,0.0,0.0,0.0,0.0,,,,,,,,,,,,,,,,,,,,,#000000
2021-08-25 00:00:00+00:00,9.4762488688,9.4946757164,9.4655806938,9.4801282051,2971,0.0,0.0,0.0,0.0,0.0,0.0,0.0,0.0,,,,,,,,,,,,,,,,,,,,,#000000
2021-08-26 00:00:00+00:00,9.4849773756,9.4946757164,9.4655806938,9.4655806938,4324,0.0,0.0,0.0,0.0,0.0,0.0,0.0,0.0,,,,,,,,,,,,,,,,,,,,,#000000
2021-08-27 00:00:00+00:00,9.4655806938,9.485074359,9.4655806938,9.4849773756,9037,0.0,0.0,0.0,0.0,0.0,0.0,0.0,0.0,,,,,,,,,,,,,,,,,,,,,#000000
2021-08-30 00:00:00+00:00,9.4655806938,9.4849773756,9.4655806938,9.4655806938,2232,0.0,0.0,0.0,0.0,0.0,0.0,0.0,0.0,,,,,,,,,,,,,,,,,,,,,#000000
2021-08-31 00:00:00+00:00,9.4946757164,9.4946757164,9.4752790347,9.4849773756,11602,0.0,0.0,0.0,0.0,0.0,0.0,0.0,0.0,,,,,,,,,,,,,,,,,,,,,#000000
2021-09-01 00:00:00+00:00,9.4946757164,9.4946757164,9.4073906486,9.4849773756,13234,0.0,0.0,0.0,0.0,0.0,0.0,0.0,0.0,,,,,,,,,,,,,,,,,,,,,"rgba(38, 166, 154, 0.5)"
2021-09-02 00:00:00+00:00,9.5043740573,9.5043740573,9.4558823529,9.498846003,16194,0.0,0.0,0.0,0.0,0.0,0.0,0.0,0.0,,,,,,,,,,,,,,,,,,,,,"rgba(38, 166, 154, 1.0)"
2021-09-03 00:00:00+00:00,9.4752790347,9.4752790347,9.4752790347,9.4752790347,201,0.0,0.0,0.0,0.0,0.0,0.0,0.0,0.0,,,,,,,,,,,,,,,,,,,,,"rgba(38, 166, 154, 0.75)"
2021-09-07 00:00:00+00:00,9.5043740573,9.5140723982,9.5043740573,9.5043740573,7556,0.0,0.0,0.0,0.0,0.0,0.0,0.0,0.0,,,,,,,,,,,,,,,,,,,,,"rgba(38, 166, 154, 0.75)"
2021-09-08 00:00:00+00:00,9.5043740573,9.5140723982,9.5043740573,9.5044710407,2077,0.0,0.0,0.0,0.0,0.0,0.0,0.0,0.0,,,,,,,,,,,,,,,,,,,,,"rgba(38, 166, 154, 0.75)"
2021-09-09 00:00:00+00:00,9.5043740573,9.5140723982,9.5043740573,9.5140723982,2932,0.0,0.0,0.0,0.0,0.0,0.0,0.0,0.0,,,,,,,,,,,,,,,,,,,,,"rgba(38, 166, 154, 1.0)"
2021-09-10 00:00:00+00:00,9.5043740573,9.5140723982,9.5043740573,9.5043740573,4318,0.0,0.0,0.0,0.0,0.0,0.0,0.0,0.0,,,,,,,,,,,,,,,,,,,,,"rgba(38, 166, 154, 1.0)"
2021-09-13 00:00:00+00:00,9.5043740573,9.5334690799,9.5043740573,9.5140723982,1959670,0.0,0.0,0.0,0.0,0.0,0.0,0.0,0.0,,,,,,,,,,,,,,,,,,,,,"rgba(38, 166, 154, 1.0)"
2021-09-14 00:00:00+00:00,9.5092232278,9.5237707391,9.5043740573,9.5043740573,6870,0.0,0.0,0.0,0.0,0.0,0.0,0.0,0.0,,,,,,,,,,,,,,,,,,,,,"rgba(38, 166, 154, 1.0)"
2021-09-15 00:00:00+00:00,9.5140723982,9.5237707391,9.5043740573,9.5043740573,3136,0.0,0.0,0.0,0.0,0.0,0.0,0.0,0.0,,,,,,,,,,,,,,,,,,,,,"rgba(38, 166, 154, 1.0)"
2021-09-16 00:00:00+00:00,9.5103870287,9.5103870287,9.5103870287,9.5103870287,169,0.0,0.0,0.0,0.0,0.0,0.0,0.0,0.0,,,,,,,,,,,,,,,,,,,,,"rgba(38, 166, 154, 1.0)"
2021-09-17 00:00:00+00:00,9.5237707391,9.5237707391,9.5043740573,9.5237707391,4595,0.0,0.0,0.0,0.0,0.0,0.0,0.0,0.0,,,,,,,,,,,,,,,,,,,,,"rgba(38, 166, 154, 1.0)"
2021-09-20 00:00:00+00:00,9.5237707391,9.5237707391,9.5043740573,9.5237707391,1349,0.0,0.0,0.0,0.0,0.0,0.0,0.0,0.0,,,,,,,,,,,,,,,,,,,,,"rgba(38, 166, 154, 1.0)"
2021-09-21 00:00:00+00:00,9.5124236802,9.5218310709,9.5043740573,9.5215401207,1158,0.0,0.0,0.0,0.0,0.0,0.0,0.0,0.0,,,,,,,,,,,,,,,,,,,,,"rgba(38, 166, 154, 0.75)"
2021-09-22 00:00:00+00:00,9.5043740573,9.5043740573,9.5043740573,9.5043740573,1245,0.0,0.0,0.0,0.0,0.0,0.0,0.0,0.0,,,,,,,,,,,,,,,,,,,,,"rgba(38, 166, 154, 0.75)"
2021-09-23 00:00:00+00:00,9.5043740573,9.5043740573,9.5043740573,9.5043740573,2503,0.0,0.0,0.0,0.0,0.0,0.0,0.0,0.0,,,,,,,,,,,,,,,,,,,,,"rgba(38, 166, 154, 0.75)"
2021-09-24 00:00:00+00:00,9.5237707391,9.5237707391,9.5043740573,9.5140723982,80046,0.0,0.0,0.0,0.0,0.0,0.0,0.0,0.0,,,,,,,,,,,,,,,,,,,,,"rgba(38, 166, 154, 0.75)"
2021-09-27 00:00:00+00:00,9.5334690799,9.5334690799,9.5237707391,9.5237707391,10032,0.0,0.0,0.0,0.0,0.0,0.0,0.0,0.0,,,,,,,,,,,,,,,,,,,,,"rgba(38, 166, 154, 1.0)"
2021-09-28 00:00:00+00:00,9.5334690799,9.5334690799,9.5179517345,9.5179517345,2405,0.0,0.0,0.0,0.0,0.0,0.0,0.0,0.0,,,,,,,,,,,,,,,,,,,,,"rgba(38, 166, 154, 1.0)"
2021-09-29 00:00:00+00:00,9.5334690799,9.5528657617,9.5334690799,9.5528657617,3380,0.0,0.0,0.0,0.0,0.0,0.0,0.0,0.0,,,,,,,,,,,,,,,,,,,,,"rgba(38, 166, 154, 1.0)"
2021-09-30 00:00:00+00:00,9.5431674208,9.5431674208,9.5334690799,9.5334690799,31188,0.0,0.0,0.0,0.0,0.0,0.0,0.0,0.0,,,,,,,,,,,,,,,,,,,,,"rgba(38, 166, 154, 1.0)"
2021-10-01 00:00:00+00:00,9.5431674208,9.5528657617,9.5334690799,9.5528657617,114322,0.0,0.0,0.0,0.0,0.0,0.0,0.0,0.0,,,,,,,,,,,,,,,,,,,,,"rgba(38, 166, 154, 1.0)"
2021-10-04 00:00:00+00:00,9.5334690799,9.5528657617,9.5334690799,9.5528657617,18447,0.0,0.0,0.0,0.0,0.0,0.0,0.0,0.0,,,,,,,,,,,,,,,,,,,,,"rgba(38, 166, 154, 1.0)"
2021-10-05 00:00:00+00:00,9.5334690799,9.5334690799,9.5334690799,9.5334690799,405,0.0,0.0,0.0,0.0,0.0,0.0,0.0,0.0,,,,,,,,,,,,,,,,,,,,,"rgba(38, 166, 154, 0.75)"
2021-10-06 00:00:00+00:00,9.5528657617,9.5528657617,9.5178547511,9.5528657617,20217,0.0,0.0,0.0,0.0,0.0,0.0,0.0,0.0,,,,,,,,,,,,,,,,,,,,,"rgba(38, 166, 154, 0.75)"
2021-10-07 00:00:00+00:00,9.5431674208,9.5431674208,9.5237707391,9.5237707391,3515,0.0,0.0,0.0,0.0,0.0,0.0,0.0,0.0,,,,,,,,,,,,,,,,,,,,,"rgba(38, 166, 154, 0.75)"
2021-10-08 00:00:00+00:00,9.5431674208,9.5528657617,9.5334690799,9.5528657617,1274,0.0,0.0,0.0,0.0,0.0,0.0,0.0,0.0,,,,,,,,,,,,,,,,,,,,,"rgba(38, 166, 154, 0.75)"
2021-10-11 00:00:00+00:00,9.5334690799,9.5431674208,9.5334690799,9.5334690799,5219,0.0,0.0,0.0,0.0,0.0,0.0,0.0,0.0,,,,,,,,,,,,,,,,,,,,,"rgba(38, 166, 154, 0.75)"
2021-10-12 00:00:00+00:00,9.5528657617,9.5528657617,9.5431674208,9.5431674208,1220,0.0,0.0,0.0,0.0,0.0,0.0,0.0,0.0,,,,,,,,,,,,,,,,,,,,,"rgba(38, 166, 154, 0.75)"
2021-10-13 00:00:00+00:00,9.5431674208,9.5528657617,9.5237707391,9.5237707391,596270,0.0,0.0,0.0,0.0,0.0,0.0,0.0,0.0,,,,,,,,,,,,,,,,,,,,,"rgba(38, 166, 154, 0.75)"
2021-10-14 00:00:00+00:00,9.5431674208,9.5431674208,9.5237707391,9.5237707391,10220,0.0,0.0,0.0,0.0,0.0,0.0,0.0,0.0,,,,,,,,,,,,,,,,,,,,,"rgba(38, 166, 154, 0.75)"
2021-10-15 00:00:00+00:00,9.5237707391,9.5237707391,9.5237707391,9.5237707391,306,0.0,0.0,0.0,0.0,0.0,0.0,0.0,0.0,,,,,,,,,,,,,,,,,,,,,"rgba(38, 166, 154, 0.5)"
2021-10-18 00:00:00+00:00,9.5334690799,9.5334690799,9.5140723982,9.5140723982,656,0.0,0.0,0.0,0.0,0.0,0.0,0.0,0.0,,,,,,,,,,,,,,,,,,,,,#000000
2021-10-19 00:00:00+00:00,9.5528657617,9.5528657617,9.5237707391,9.5237707391,63316,0.0,0.0,0.0,0.0,0.0,0.0,0.0,0.0,,,,,,,,,,,,,,,,,,,,,"rgba(38, 166, 154, 0.5)"
2021-10-20 00:00:00+00:00,9.5528657617,9.5528657617,9.5334690799,9.5334690799,6902,0.0,0.0,0.0,0.0,0.0,0.0,0.0,0.0,,,,,,,,,,,,,,,,,,,,,"rgba(38, 166, 154, 1.0)"
2021-10-21 00:00:00+00:00,9.5528657617,9.5528657617,9.5237707391,9.5237707391,26218,0.0,0.0,0.0,0.0,0.0,0.0,0.0,0.0,,,,,,,,,,,,,,,,,,,,,"rgba(38, 166, 154, 1.0)"
2021-10-22 00:00:00+00:00,9.5625641026,9.6207541478,9.5431674208,9.5480165913,80119,0.0,0.0,0.0,0.0,0.0,0.0,0.0,0.0,,,,,,,,,,,,,,,,,,,,,"rgba(38, 166, 154, 1.0)"
2021-10-25 00:00:00+00:00,9.5431674208,9.5722624434,9.5431674208,9.5431674208,22600,0.0,0.0,0.0,0.0,0.0,0.0,0.0,0.0,,,,,,,,,,,,,,,,,,,,,"rgba(38, 166, 154, 0.5)"
2021-10-26 00:00:00+00:00,9.5722624434,9.5819607843,9.5334690799,9.5528657617,532253,0.0,0.0,0.0,0.0,0.0,0.0,0.0,0.0,,,,,,,,,,,,,,,,,,,,,"rgba(38, 166, 154, 1.0)"
2021-10-27 00:00:00+00:00,9.5722624434,9.5722624434,9.5348268477,9.5528657617,25170,0.0,0.0,0.0,0.0,0.0,0.0,0.0,0.0,,,,,,,,,,,,,,,,,,,,,"rgba(38, 166, 154, 1.0)"
2021-10-28 00:00:00+00:00,9.5528657617,9.5625641026,9.5431674208,9.5490834087,403663,0.0,0.0,0.0,0.0,0.0,0.0,0.0,0.0,,,,,,,,,,,,,,,,,,,,,"rgba(38, 166, 154, 1.0)"
2021-10-29 00:00:00+00:00,9.5528657617,9.5722624434,9.5431674208,9.5431674208,761859,0.0,0.0,0.0,0.0,0.0,0.0,0.0,0.0,,,,,,,,,,,,,,,,,,,,,"rgba(38, 166, 154, 0.5)"
2021-11-01 00:00:00+00:00,9.5528657617,9.5722624434,9.5528657617,9.5625641026,64607,0.0,0.0,0.0,0.0,0.0,0.0,0.0,0.0,,,,,,,,,,,,,,,,,,,,,"rgba(38, 166, 154, 0.5)"
2021-11-02 00:00:00+00:00,9.5722624434,9.5819607843,9.5687710407,9.5722624434,41758,0.0,0.0,0.0,0.0,0.0,0.0,0.0,0.0,,,,,,,,,,,,,,,,,,,,,"rgba(38, 166, 154, 0.5)"
2021-11-03 00:00:00+00:00,9.5625641026,9.5722624434,9.5431674208,9.5528657617,6883,0.0,0.0,0.0,0.0,0.0,0.0,0.0,0.0,,,,,,,,,,,,,,,,,,,,,"rgba(38, 166, 154, 0.5)"
2021-11-04 00:00:00+00:00,9.5722624434,9.5722624434,9.5528657617,9.5528657617,196923,0.0,0.0,0.0,0.0,0.0,0.0,0.0,0.0,,,,,,,,,,,,,,,,,,,,,"rgba(38, 166, 154, 0.5)"
2021-11-05 00:00:00+00:00,9.5528657617,9.5722624434,9.5528657617,9.5529627451,995,0.0,0.0,0.0,0.0,0.0,0.0,0.0,0.0,,,,,,,,,,,,,,,,,,,,,"rgba(38, 166, 154, 0.5)"
2021-11-08 00:00:00+00:00,9.5528657617,9.5819607843,9.5528657617,9.5625641026,2411,0.0,0.0,0.0,0.0,0.0,0.0,0.0,0.0,,,,,,,,,,,,,,,,,,,,,#000000
2021-11-09 00:00:00+00:00,9.5528657617,9.5819607843,9.5528657617,9.5528657617,3297,0.0,0.0,0.0,0.0,0.0,0.0,0.0,0.0,,,,,,,,,,,,,,,,,,,,,#000000
2021-11-10 00:00:00+00:00,9.5819607843,9.5819607843,9.5529627451,9.5529627451,1132,0.0,0.0,0.0,0.0,0.0,0.0,0.0,0.0,,,,,,,,,,,,,,,,,,,,,"rgba(38, 166, 154, 0.5)"
2021-11-11 00:00:00+00:00,9.5819607843,9.5819607843,9.5625641026,9.5625641026,2945,0.0,0.0,0.0,0.0,0.0,0.0,0.0,0.0,,,,,,,,,,,,,,,,,,,,,"rgba(38, 166, 154, 0.5)"
2021-11-12 00:00:00+00:00,9.5819607843,9.5819607843,9.5528657617,9.5625641026,5723,0.0,0.0,0.0,0.0,0.0,0.0,0.0,0.0,,,,,,,,,,,,,,,,,,,,,"rgba(38, 166, 154, 1.0)"
2021-11-15 00:00:00+00:00,9.5916591252,9.5916591252,9.5625641026,9.5625641026,13305,0.0,0.0,0.0,0.0,0.0,0.0,0.0,0.0,,,,,,,,,,,,,,,,,,,,,"rgba(38, 166, 154, 1.0)"
2021-11-16 00:00:00+00:00,9.6013574661,9.6013574661,9.5625641026,9.5625641026,78883,0.0,0.0,0.0,0.0,0.0,0.0,0.0,0.0,,,,,,,,,,,,,,,,,,,,,"rgba(38, 166, 154, 1.0)"
2021-11-17 00:00:00+00:00,9.5916591252,9.5916591252,9.5819607843,9.5819607843,15974,0.0,0.0,0.0,0.0,0.0,0.0,0.0,0.0,,,,,,,,,,,,,,,,,,,,,"rgba(38, 166, 154, 1.0)"
2021-11-18 00:00:00+00:00,9.5819607843,9.6013574661,9.5722624434,9.5722624434,1877,0.0,0.0,0.0,0.0,0.0,0.0,0.0,0.0,,,,,,,,,,,,,,,,,,,,,"rgba(38, 166, 154, 0.75)"
2021-11-19 00:00:00+00:00,9.5916591252,9.5916591252,9.5625641026,9.5916591252,7118,0.0,0.0,0.0,0.0,0.0,0.0,0.0,0.0,,,,,,,,,,,,,,,,,,,,,"rgba(38, 166, 154, 0.75)"
2021-11-22 00:00:00+00:00,9.6013574661,9.6110558069,9.5916591252,9.6110558069,65207,0.0,0.0,0.0,0.0,0.0,0.0,0.0,0.0,,,,,,,,,,,,,,,,,,,,,"rgba(38, 166, 154, 0.75)"
2021-11-23 00:00:00+00:00,9.6013574661,9.6013574661,9.5722624434,9.5723594268,112116,0.0,0.0,0.0,0.0,0.0,0.0,0.0,0.0,,,,,,,,,,,,,,,,,,,,,"rgba(38, 166, 154, 0.75)"
2021-11-24 00:00:00+00:00,9.6013574661,9.6013574661,9.5722624434,9.5722624434,10419,0.0,0.0,0.0,0.0,0.0,0.0,0.0,0.0,,,,,,,,,,,,,,,,,,,,,"rgba(38, 166, 154, 0.75)"
2021-11-26 00:00:00+00:00,9.5916591252,9.5916591252,9.5625641026,9.5722624434,43614,0.0,0.0,0.0,0.0,0.0,0.0,0.0,0.0,,,,,,,,,,,,,,,,,,,,,"rgba(38, 166, 154, 0.75)"
2021-11-29 00:00:00+00:00,9.5916591252,9.5916591252,9.5625641026,9.5625641026,58375,0.0,0.0,0.0,0.0,0.0,0.0,0.0,0.0,,,,,,,,,,,,,,,,,,,,,"rgba(38, 166, 154, 0.75)"
2021-11-30 00:00:00+00:00,9.6013574661,9.6013574661,9.5722624434,9.5819607843,25671,0.0,0.0,0.0,0.0,0.0,0.0,0.0,0.0,,,,,,,,,,,,,,,,,,,,,"rgba(38, 166, 154, 0.75)"
2021-12-01 00:00:00+00:00,9.5916591252,9.6013574661,9.5819607843,9.6013574661,6214,0.0,0.0,0.0,0.0,0.0,0.0,0.0,0.0,,,,,,,,,,,,,,,,,,,,,"rgba(38, 166, 154, 0.5)"
2021-12-02 00:00:00+00:00,9.6013574661,9.6013574661,9.5528657617,9.5625641026,46053,0.0,0.0,0.0,0.0,0.0,0.0,0.0,0.0,,,,,,,,,,,,,,,,,,,,,"rgba(38, 166, 154, 0.5)"
2021-12-03 00:00:00+00:00,9.5722624434,9.5819607843,9.5528657617,9.5625641026,56251,0.0,0.0,0.0,0.0,0.0,0.0,0.0,0.0,,,,,,,,,,,,,,,,,,,,,#000000
2021-12-06 00:00:00+00:00,9.5722624434,9.5819607843,9.5528657617,9.567413273,6421,0.0,0.0,0.0,0.0,0.0,0.0,0.0,0.0,,,,,,,,,,,,,,,,,,,,,#000000
2021-12-07 00:00:00+00:00,9.5722624434,9.5819607843,9.5528657617,9.5625641026,44403,0.0,0.0,0.0,0.0,0.0,0.0,0.0,0.0,,,,,,,,,,,,,,,,,,,,,"rgba(239, 83, 80, 1.0)"
2021-12-08 00:00:00+00:00,9.5722624434,9.5722624434,9.5722624434,9.5722624434,392,0.0,0.0,0.0,0.0,0.0,0.0,0.0,0.0,,,,,,,,,,,,,,,,,,,,,"rgba(239, 83, 80, 1.0)"
2021-12-09 00:00:00+00:00,9.5625641026,9.5819607843,9.5577149321,9.5722624434,12909,0.0,0.0,0.0,0.0,0.0,0.0,0.0,0.0,,,,,,,,,,,,,,,,,,,,,"rgba(239, 83, 80, 1.0)"
2021-12-10 00:00:00+00:00,9.5528657617,9.5625641026,9.5528657617,9.5528657617,25427,0.0,0.0,0.0,0.0,0.0,0.0,0.0,0.0,,,,,,,,,,,,,,,,,,,,,"rgba(239, 83, 80, 1.0)"
2021-12-13 00:00:00+00:00,9.5722624434,9.5722624434,9.5528657617,9.5528657617,10030,0.0,0.0,0.0,0.0,0.0,0.0,0.0,0.0,,,,,,,,,,,,,,,,,,,,,"rgba(239, 83, 80, 1.0)"
2021-12-14 00:00:00+00:00,9.5625641026,9.5722624434,9.5528657617,9.5574239819,188790,0.0,0.0,0.0,0.0,0.0,0.0,0.0,0.0,,,,,,,,,,,,,,,,,,,,,"rgba(239, 83, 80, 1.0)"
2021-12-15 00:00:00+00:00,9.5625641026,9.5722624434,9.5528657617,9.5528657617,25619,0.0,0.0,0.0,0.0,0.0,0.0,0.0,0.0,,,,,,,,,,,,,,,,,,,,,"rgba(239, 83, 80, 1.0)"
2021-12-16 00:00:00+00:00,9.5528657617,9.5528657617,9.5431674208,9.5528657617,31409,0.0,0.0,0.0,0.0,0.0,0.0,0.0,0.0,,,,,,,,,,,,,,,,,,,,,"rgba(239, 83, 80, 1.0)"
2021-12-17 00:00:00+00:00,9.5819607843,9.5819607843,9.5431674208,9.5431674208,18469,0.0,0.0,0.0,0.0,0.0,0.0,0.0,0.0,,,,,,,,,,,,,,,,,,,,,"rgba(239, 83, 80, 0.75)"
2021-12-20 00:00:00+00:00,9.5819607843,9.5819607843,9.5625641026,9.5625641026,560799,0.0,0.0,0.0,0.0,0.0,0.0,0.0,0.0,,,,,,,,,,,,,,,,,,,,,#000000
2021-12-21 00:00:00+00:00,9.5528657617,9.5819607843,9.5528657617,9.5528657617,9899,0.0,0.0,0.0,0.0,0.0,0.0,0.0,0.0,,,,,,,,,,,,,,,,,,,,,"rgba(239, 83, 80, 0.75)"
2021-12-22 00:00:00+00:00,9.5819607843,9.5819607843,9.5528657617,9.5528657617,13235,0.0,0.0,0.0,0.0,0.0,0.0,0.0,0.0,,,,,,,,,,,,,,,,,,,,,#000000
2021-12-23 00:00:00+00:00,9.5625641026,9.5819607843,9.5528657617,9.5528657617,26813,0.0,0.0,0.0,0.0,0.0,0.0,0.0,0.0,,,,,,,,,,,,,,,,,,,,,#000000
2021-12-27 00:00:00+00:00,9.5819607843,9.5819607843,9.5528657617,9.5528657617,71387,0.0,0.0,0.0,0.0,0.0,0.0,0.0,0.0,,,,,,,,,,,,,,,,,,,,,#000000
2021-12-28 00:00:00+00:00,9.5819607843,9.5819607843,9.5722624434,9.5722624434,15947,0.0,0.0,0.0,0.0,0.0,0.0,0.0,0.0,,,,,,,,,,,,,,,,,,,,,#000000
2021-12-29 00:00:00+00:00,9.5819607843,9.5819607843,9.5625641026,9.5625641026,43704,0.0,0.0,0.0,0.0,0.0,0.0,0.0,0.0,,,,,,,,,,,,,,,,,,,,,#000000
2021-12-30 00:00:00+00:00,9.5819607843,9.6013574661,9.5431674208,9.5431674208,9053,0.0,0.0,0.0,0.0,0.0,0.0,0.0,0.0,,,,,,,,,,,,,,,,,,,,,#000000
2021-12-31 00:00:00+00:00,9.5722624434,9.5819607843,9.5431674208,9.5528657617,29568,0.0,0.0,0.0,0.0,0.0,0.0,0.0,0.0,,,,,,,,,,,,,,,,,,,,,#000000
2022-01-03 00:00:00+00:00,9.5819607843,9.5819607843,9.567413273,9.5722624434,67173,0.0,0.0,0.0,0.0,0.0,0.0,0.0,0.0,,,,,,,,,,,,,,,,,,,,,#000000
2022-01-04 00:00:00+00:00,9.5819607843,9.5819607843,9.5722624434,9.5722624434,6365,0.0,0.0,0.0,0.0,0.0,0.0,0.0,0.0,,,,,,,,,,,,,,,,,,,,,#000000
2022-01-05 00:00:00+00:00,9.5722624434,9.5819607843,9.5722624434,9.5819607843,5106,0.0,0.0,0.0,0.0,0.0,0.0,0.0,0.0,,,,,,,,,,,,,,,,,,,,,#000000
2022-01-06 00:00:00+00:00,9.5722624434,9.5722624434,9.5625641026,9.5625641026,6033,0.0,0.0,0.0,0.0,0.0,0.0,0.0,0.0,,,,,,,,,,,,,,,,,,,,,#000000
2022-01-07 00:00:00+00:00,9.5722624434,9.5722624434,9.5625641026,9.5638248869,1950,0.0,0.0,0.0,0.0,0.0,0.0,0.0,0.0,,,,,,,,,,,,,,,,,,,,,#000000
2022-01-10 00:00:00+00:00,9.5722624434,9.5722624434,9.5625641026,9.5625641026,36553,0.0,0.0,0.0,0.0,0.0,0.0,0.0,0.0,,,,,,,,,,,,,,,,,,,,,#000000
2022-01-11 00:00:00+00:00,9.5819607843,9.5819607843,9.5625641026,9.5633399698,3881,0.0,0.0,0.0,0.0,0.0,0.0,0.0,0.0,,,,,,,,,,,,,,,,,,,,,#000000
2022-01-12 00:00:00+00:00,9.5819607843,9.5819607843,9.5625641026,9.5703227753,3793,0.0,0.0,0.0,0.0,0.0,0.0,0.0,0.0,,,,,,,,,,,,,,,,,,,,,#000000
2022-01-13 00:00:00+00:00,9.5819607843,9.5819607843,9.5819607843,9.5819607843,54,0.0,0.0,0.0,0.0,0.0,0.0,0.0,0.0,,,,,,,,,,,,,,,,,,,,,"rgba(38, 166, 154, 0.5)"
2022-01-14 00:00:00+00:00,9.5625641026,9.562661086,9.5625641026,9.5625641026,782,0.0,0.0,0.0,0.0,0.0,0.0,0.0,0.0,,,,,,,,,,,,,,,,,,,,,#000000
2022-01-18 00:00:00+00:00,9.5625641026,9.562661086,9.5625641026,9.5625641026,24383,0.0,0.0,0.0,0.0,0.0,0.0,0.0,0.0,,,,,,,,,,,,,,,,,,,,,"rgba(239, 83, 80, 1.0)"
2022-01-19 00:00:00+00:00,9.5819607843,9.5819607843,9.5625641026,9.562661086,38627,0.0,0.0,0.0,0.0,0.0,0.0,0.0,0.0,,,,,,,,,,,,,,,,,,,,,#000000
2022-01-20 00:00:00+00:00,9.5625641026,9.5722624434,9.5529627451,9.5529627451,13552,0.0,0.0,0.0,0.0,0.0,0.0,0.0,0.0,,,,,,,,,,,,,,,,,,,,,"rgba(239, 83, 80, 0.75)"
2022-01-21 00:00:00+00:00,9.5625641026,9.5625641026,9.5625641026,9.5625641026,11801,0.0,0.0,0.0,0.0,0.0,0.0,0.0,0.0,,,,,,,,,,,,,,,,,,,,,"rgba(239, 83, 80, 1.0)"
2022-01-24 00:00:00+00:00,9.5625641026,9.5722624434,9.5625641026,9.5625641026,15209,0.0,0.0,0.0,0.0,0.0,0.0,0.0,0.0,,,,,,,,,,,,,,,,,,,,,"rgba(239, 83, 80, 1.0)"
2022-01-25 00:00:00+00:00,9.5722624434,9.5722624434,9.5625641026,9.5625641026,32263,0.0,0.0,0.0,0.0,0.0,0.0,0.0,0.0,,,,,,,,,,,,,,,,,,,,,"rgba(239, 83, 80, 1.0)"
2022-01-26 00:00:00+00:00,9.5722624434,9.5722624434,9.5625641026,9.5625641026,17993,0.0,0.0,0.0,0.0,0.0,0.0,0.0,0.0,,,,,,,,,,,,,,,,,,,,,#000000
2022-01-27 00:00:00+00:00,9.5625641026,9.5722624434,9.5625641026,9.5625641026,24276,0.0,0.0,0.0,0.0,0.0,0.0,0.0,0.0,,,,,,,,,,,,,,,,,,,,,"rgba(239, 83, 80, 0.75)"
2022-01-28 00:00:00+00:00,9.5645037707,9.5819607843,9.5625641026,9.5625641026,34711,0.0,0.0,0.0,0.0,0.0,0.0,0.0,0.0,,,,,,,,,,,,,,,,,,,,,"rgba(239, 83, 80, 0.75)"
2022-01-31 00:00:00+00:00,9.5819607843,9.5819607843,9.5625641026,9.578081448,23495,0.0,0.0,0.0,0.0,0.0,0.0,0.0,0.0,,,,,,,,,,,,,,,,,,,,,#000000
2022-02-01 00:00:00+00:00,9.5916591252,9.6013574661,9.5819607843,9.5819607843,83242,0.0,0.0,0.0,0.0,0.0,0.0,0.0,0.0,,,,,,,,,,,,,,,,,,,,,"rgba(38, 166, 154, 1.0)"
2022-02-02 00:00:00+00:00,9.5916591252,9.5916591252,9.5625641026,9.5625641026,8448,0.0,0.0,0.0,0.0,0.0,0.0,0.0,0.0,,,,,,,,,,,,,,,,,,,,,"rgba(38, 166, 154, 1.0)"
2022-02-03 00:00:00+00:00,9.5916591252,9.6013574661,9.5722624434,9.6013574661,1183,0.0,0.0,0.0,0.0,0.0,0.0,0.0,0.0,,,,,,,,,,,,,,,,,,,,,"rgba(38, 166, 154, 1.0)"
2022-02-04 00:00:00+00:00,9.5916591252,9.5916591252,9.5916591252,9.5916591252,161,0.0,0.0,0.0,0.0,0.0,0.0,0.0,0.0,,,,,,,,,,,,,,,,,,,,,"rgba(38, 166, 154, 1.0)"
2022-02-07 00:00:00+00:00,9.6013574661,9.6013574661,9.5722624434,9.5722624434,7522,0.0,0.0,0.0,0.0,0.0,0.0,0.0,0.0,,,,,,,,,,,,,,,,,,,,,"rgba(38, 166, 154, 1.0)"
2022-02-08 00:00:00+00:00,9.6013574661,9.6013574661,9.5722624434,9.5722624434,10414,0.0,0.0,0.0,0.0,0.0,0.0,0.0,0.0,,,,,,,,,,,,,,,,,,,,,"rgba(38, 166, 154, 1.0)"
2022-02-09 00:00:00+00:00,9.6013574661,9.6013574661,9.5819607843,9.5819607843,9887,0.0,0.0,0.0,0.0,0.0,0.0,0.0,0.0,,,,,,,,,,,,,,,,,,,,,"rgba(38, 166, 154, 1.0)"
2022-02-10 00:00:00+00:00,9.5819607843,9.5819607843,9.5819607843,9.5819607843,1052,0.0,0.0,0.0,0.0,0.0,0.0,0.0,0.0,,,,,,,,,,,,,,,,,,,,,"rgba(38, 166, 154, 0.75)"
2022-02-11 00:00:00+00:00,9.5819607843,9.5820577677,9.5722624434,9.5819607843,3812,0.0,0.0,0.0,0.0,0.0,0.0,0.0,0.0,,,,,,,,,,,,,,,,,,,,,"rgba(38, 166, 154, 0.75)"
2022-02-14 00:00:00+00:00,9.5819607843,9.5819607843,9.5819607843,9.5819607843,5258,0.0,0.0,0.0,0.0,0.0,0.0,0.0,0.0,,,,,,,,,,,,,,,,,,,,,"rgba(38, 166, 154, 0.75)"
2022-02-15 00:00:00+00:00,9.5819607843,9.5819607843,9.5819607843,9.5819607843,229,0.0,0.0,0.0,0.0,0.0,0.0,0.0,0.0,,,,,,,,,,,,,,,,,,,,,#000000
2022-02-16 00:00:00+00:00,9.5722624434,9.5915621418,9.5722624434,9.5915621418,974,0.0,0.0,0.0,0.0,0.0,0.0,0.0,0.0,,,,,,,,,,,,,,,,,,,,,"rgba(239, 83, 80, 0.5)"
2022-02-17 00:00:00+00:00,9.5819607843,9.5819607843,9.5722624434,9.5722624434,354,0.0,0.0,0.0,0.0,0.0,0.0,0.0,0.0,,,,,,,,,,,,,,,,,,,,,#000000
2022-02-18 00:00:00+00:00,9.5722624434,9.5722624434,9.5722624434,9.5722624434,1304,0.0,0.0,0.0,0.0,0.0,0.0,0.0,0.0,,,,,,,,,,,,,,,,,,,,,"rgba(239, 83, 80, 1.0)"
2022-02-22 00:00:00+00:00,9.5916591252,9.5916591252,9.5722624434,9.5819607843,5649,0.0,0.0,0.0,0.0,0.0,0.0,0.0,0.0,,,,,,,,,,,,,,,,,,,,,#000000
2022-02-23 00:00:00+00:00,9.5819607843,9.589719457,9.5819607843,9.5819607843,5826,0.0,0.0,0.0,0.0,0.0,0.0,0.0,0.0,,,,,,,,,,,,,,,,,,,,,#000000
2022-02-24 00:00:00+00:00,9.5916591252,9.5916591252,9.5819607843,9.5819607843,60455,0.0,0.0,0.0,0.0,0.0,0.0,0.0,0.0,,,,,,,,,,,,,,,,,,,,,#000000
2022-02-25 00:00:00+00:00,9.5916591252,9.6013574661,9.5916591252,9.5916591252,29132,0.0,0.0,0.0,0.0,0.0,0.0,0.0,0.0,,,,,,,,,,,,,,,,,,,,,"rgba(38, 166, 154, 1.0)"
2022-02-28 00:00:00+00:00,9.5916591252,9.5916591252,9.5819607843,9.5819607843,33204,0.0,0.0,0.0,0.0,0.0,0.0,0.0,0.0,,,,,,,,,,,,,,,,,,,,,"rgba(38, 166, 154, 1.0)"
2022-03-01 00:00:00+00:00,9.6013574661,9.6018423831,9.5916591252,9.5916591252,21112,0.0,0.0,0.0,0.0,0.0,0.0,0.0,0.0,,,,,,,,,,,,,,,,,,,,,"rgba(38, 166, 154, 1.0)"
2022-03-02 00:00:00+00:00,9.5916591252,9.591853092,9.5916591252,9.5916591252,6042,0.0,0.0,0.0,0.0,0.0,0.0,0.0,0.0,,,,,,,,,,,,,,,,,,,,,"rgba(38, 166, 154, 1.0)"
2022-03-03 00:00:00+00:00,9.6013574661,9.6013574661,9.5819607843,9.5868099548,15059,0.0,0.0,0.0,0.0,0.0,0.0,0.0,0.0,,,,,,,,,,,,,,,,,,,,,"rgba(38, 166, 154, 1.0)"
2022-03-04 00:00:00+00:00,9.6013574661,9.6013574661,9.5916591252,9.5916591252,623,0.0,0.0,0.0,0.0,0.0,0.0,0.0,0.0,,,,,,,,,,,,,,,,,,,,,"rgba(38, 166, 154, 1.0)"
2022-03-07 00:00:00+00:00,9.6013574661,9.6013574661,9.5916591252,9.6013574661,5356,0.0,0.0,0.0,0.0,0.0,0.0,0.0,0.0,,,,,,,,,,,,,,,,,,,,,"rgba(38, 166, 154, 1.0)"
2022-03-08 00:00:00+00:00,9.6013574661,9.6013574661,9.6013574661,9.6013574661,649,0.0,0.0,0.0,0.0,0.0,0.0,0.0,0.0,,,,,,,,,,,,,,,,,,,,,"rgba(38, 166, 154, 1.0)"
2022-03-09 00:00:00+00:00,9.6036850679,9.6036850679,9.6013574661,9.6013574661,9284,0.0,0.0,0.0,0.0,0.0,0.0,0.0,0.0,,,,,,,,,,,,,,,,,,,,,"rgba(38, 166, 154, 1.0)"
2022-03-10 00:00:00+00:00,9.6013574661,9.6110558069,9.5916591252,9.6110558069,45066,0.0,0.0,0.0,0.0,0.0,0.0,0.0,0.0,,,,,,,,,,,,,,,,,,,,,"rgba(38, 166, 154, 1.0)"
2022-03-11 00:00:00+00:00,9.6013574661,9.6110558069,9.6013574661,9.6110558069,3916,0.0,0.0,0.0,0.0,0.0,0.0,0.0,0.0,,,,,,,,,,,,,,,,,,,,,"rgba(38, 166, 154, 1.0)"
2022-03-14 00:00:00+00:00,9.6013574661,9.6110558069,9.5965082956,9.6110558069,2077,0.0,0.0,0.0,0.0,0.0,0.0,0.0,0.0,,,,,,,,,,,,,,,,,,,,,"rgba(38, 166, 154, 1.0)"
2022-03-15 00:00:00+00:00,9.6013574661,9.6027152338,9.6013574661,9.6013574661,56392,0.0,0.0,0.0,0.0,0.0,0.0,0.0,0.0,,,,,,,,,,,,,,,,,,,,,"rgba(38, 166, 154, 1.0)"
2022-03-16 00:00:00+00:00,9.6062066365,9.6062066365,9.5916591252,9.5916591252,7742,0.0,0.0,0.0,0.0,0.0,0.0,0.0,0.0,,,,,,,,,,,,,,,,,,,,,"rgba(38, 166, 154, 1.0)"
2022-03-17 00:00:00+00:00,9.6013574661,9.6110558069,9.6013574661,9.6013574661,6663,0.0,0.0,0.0,0.0,0.0,0.0,0.0,0.0,,,,,,,,,,,,,,,,,,,,,"rgba(38, 166, 154, 0.75)"
2022-03-18 00:00:00+00:00,9.6013574661,9.6207541478,9.6013574661,9.6207541478,253546,0.0,0.0,0.0,0.0,0.0,0.0,0.0,0.0,,,,,,,,,,,,,,,,,,,,,"rgba(38, 166, 154, 0.75)"
2022-03-21 00:00:00+00:00,9.5965082956,9.6110558069,9.5965082956,9.6110558069,76121,0.0,0.0,0.0,0.0,0.0,0.0,0.0,0.0,,,,,,,,,,,,,,,,,,,,,"rgba(38, 166, 154, 0.75)"
2022-03-22 00:00:00+00:00,9.6013574661,9.6016484163,9.5916591252,9.6013574661,35211,0.0,0.0,0.0,0.0,0.0,0.0,0.0,0.0,,,,,,,,,,,,,,,,,,,,,"rgba(38, 166, 154, 0.75)"
2022-03-23 00:00:00+00:00,9.6110558069,9.6207541478,9.6013574661,9.6013574661,35224,0.0,0.0,0.0,0.0,0.0,0.0,0.0,0.0,,,,,,,,,,,,,,,,,,,,,"rgba(38, 166, 154, 1.0)"
2022-03-24 00:00:00+00:00,9.6207541478,9.6207541478,9.6110558069,9.6110558069,452180,0.0,0.0,0.0,0.0,0.0,0.0,0.0,0.0,,,,,,,,,,,,,,,,,,,,,"rgba(38, 166, 154, 1.0)"
2022-03-25 00:00:00+00:00,9.6110558069,9.6207541478,9.6110558069,9.6110558069,70098,0.0,0.0,0.0,0.0,0.0,0.0,0.0,0.0,,,,,,,,,,,,,,,,,,,,,"rgba(38, 166, 154, 1.0)"
2022-03-28 00:00:00+00:00,9.6159049774,9.6159049774,9.6110558069,9.6110558069,12665,0.0,0.0,0.0,0.0,0.0,0.0,0.0,0.0,,,,,,,,,,,,,,,,,,,,,"rgba(38, 166, 154, 1.0)"
2022-03-29 00:00:00+00:00,9.6110558069,9.6110558069,9.6110558069,9.6110558069,4476,0.0,0.0,0.0,0.0,0.0,0.0,0.0,0.0,,,,,,,,,,,,,,,,,,,,,"rgba(38, 166, 154, 0.75)"
2022-03-30 00:00:00+00:00,9.6110558069,9.6142562594,9.6110558069,9.6110558069,7178,0.0,0.0,0.0,0.0,0.0,0.0,0.0,0.0,,,,,,,,,,,,,,,,,,,,,"rgba(38, 166, 154, 0.75)"
2022-03-31 00:00:00+00:00,9.6110558069,9.6207541478,9.6013574661,9.6013574661,33234,0.0,0.0,0.0,0.0,0.0,0.0,0.0,0.0,,,,,,,,,,,,,,,,,,,,,"rgba(38, 166, 154, 0.75)"
2022-04-01 00:00:00+00:00,9.6013574661,9.6207541478,9.6013574661,9.6207541478,36691,0.0,0.0,0.0,0.0,0.0,0.0,0.0,0.0,,,,,,,,,,,,,,,,,,,,,"rgba(38, 166, 154, 0.5)"
2022-04-04 00:00:00+00:00,9.6304524887,9.6304524887,9.6304524887,9.6304524887,374,0.0,0.0,0.0,0.0,0.0,0.0,0.0,0.0,,,,,,,,,,,,,,,,,,,,,"rgba(38, 166, 154, 1.0)"
2022-04-05 00:00:00+00:00,9.6304524887,9.6304524887,9.6304524887,9.6304524887,1471,0.0,0.0,0.0,0.0,0.0,0.0,0.0,0.0,,,,,,,,,,,,,,,,,,,,,"rgba(38, 166, 154, 1.0)"
2022-04-06 00:00:00+00:00,9.6304524887,9.6498491704,9.6256033183,9.6498491704,1580,0.0,0.0,0.0,0.0,0.0,0.0,0.0,0.0,,,,,,,,,,,,,,,,,,,,,"rgba(38, 166, 154, 1.0)"
2022-04-07 00:00:00+00:00,9.6207541478,9.6207541478,9.6207541478,9.6207541478,46684,0.0,0.0,0.0,0.0,0.0,0.0,0.0,0.0,,,,,,,,,,,,,,,,,,,,,"rgba(38, 166, 154, 1.0)"
2022-04-08 00:00:00+00:00,9.6207541478,9.6498491704,9.6207541478,9.6498491704,587,0.0,0.0,0.0,0.0,0.0,0.0,0.0,0.0,,,,,,,,,,,,,,,,,,,,,"rgba(38, 166, 154, 0.75)"
2022-04-11 00:00:00+00:00,9.6304524887,9.6304524887,9.6304524887,9.6304524887,11532,0.0,0.0,0.0,0.0,0.0,0.0,0.0,0.0,,,,,,,,,,,,,,,,,,,,,"rgba(38, 166, 154, 0.75)"
2022-04-12 00:00:00+00:00,9.6207541478,9.6304524887,9.6207541478,9.6207541478,13015,0.0,0.0,0.0,0.0,0.0,0.0,0.0,0.0,,,,,,,,,,,,,,,,,,,,,"rgba(38, 166, 154, 0.75)"
2022-04-13 00:00:00+00:00,9.6304524887,9.6401508296,9.6304524887,9.6304524887,7503,0.0,0.0,0.0,0.0,0.0,0.0,0.0,0.0,,,,,,,,,,,,,,,,,,,,,"rgba(38, 166, 154, 0.75)"
2022-04-14 00:00:00+00:00,9.6391809955,9.6401508296,9.6304524887,9.6353016591,25717,0.0,0.0,0.0,0.0,0.0,0.0,0.0,0.0,,,,,,,,,,,,,,,,,,,,,"rgba(38, 166, 154, 0.75)"
2022-04-18 00:00:00+00:00,9.6692458522,9.6692458522,9.6387930618,9.6401508296,36101,0.0,0.0,0.0,0.0,0.0,0.0,0.0,0.0,,,,,,,,,,,,,,,,,,,,,"rgba(38, 166, 154, 1.0)"
2022-04-19 00:00:00+00:00,9.6576078431,9.6595475113,9.645,9.6595475113,21150,0.0,0.0,0.0,0.0,0.0,0.0,0.0,0.0,,,,,,,,,,,,,,,,,,,,,"rgba(38, 166, 154, 1.0)"
2022-04-20 00:00:00+00:00,9.6546983409,9.6789441931,9.6498491704,9.6789441931,9726,0.0,0.0,0.0,0.0,0.0,0.0,0.0,0.0,,,,,,,,,,,,,,,,,,,,,"rgba(38, 166, 154, 1.0)"
2022-04-21 00:00:00+00:00,9.6607113122,9.6692458522,9.6498491704,9.6595475113,30736,0.0,0.0,0.0,0.0,0.0,0.0,0.0,0.0,,,,,,,,,,,,,,,,,,,,,"rgba(38, 166, 154, 1.0)"
2022-04-22 00:00:00+00:00,9.6595475113,9.6702156863,9.6595475113,9.6702156863,568,0.0,0.0,0.0,0.0,0.0,0.0,0.0,0.0,,,,,,,,,,,,,,,,,,,,,"rgba(38, 166, 154, 1.0)"
2022-04-25 00:00:00+00:00,9.6595475113,9.6595475113,9.6401508296,9.6498491704,103249,0.0,0.0,0.0,0.0,0.0,0.0,0.0,0.0,,,,,,,,,,,,,,,,,,,,,"rgba(38, 166, 154, 1.0)"
2022-04-26 00:00:00+00:00,9.6498491704,9.6498491704,9.6401508296,9.6498491704,5839,0.0,0.0,0.0,0.0,0.0,0.0,0.0,0.0,,,,,,,,,,,,,,,,,,,,,"rgba(38, 166, 154, 0.75)"
2022-04-27 00:00:00+00:00,9.6498491704,9.6498491704,9.6401508296,9.640247813,4042,0.0,0.0,0.0,0.0,0.0,0.0,0.0,0.0,,,,,,,,,,,,,,,,,,,,,"rgba(38, 166, 154, 0.75)"
2022-04-28 00:00:00+00:00,9.640247813,9.6498491704,9.6401508296,9.6498491704,15877,0.0,0.0,0.0,0.0,0.0,0.0,0.0,0.0,,,,,,,,,,,,,,,,,,,,,"rgba(38, 166, 154, 0.75)"
2022-04-29 00:00:00+00:00,9.640247813,9.6498491704,9.6401508296,9.6401508296,22580,0.0,0.0,0.0,0.0,0.0,0.0,0.0,0.0,,,,,,,,,,,,,,,,,,,,,"rgba(38, 166, 154, 0.5)"
2022-05-02 00:00:00+00:00,9.6401508296,9.6418965309,9.6401508296,9.6418965309,10130,0.0,0.0,0.0,0.0,0.0,0.0,0.0,0.0,,,,,,,,,,,,,,,,,,,,,#000000
2022-05-03 00:00:00+00:00,9.6401508296,9.6401508296,9.6401508296,9.6401508296,694,0.0,0.0,0.0,0.0,0.0,0.0,0.0,0.0,,,,,,,,,,,,,,,,,,,,,#000000
2022-05-04 00:00:00+00:00,9.6499461538,9.6500431373,9.6498491704,9.6498491704,13005,0.0,0.0,0.0,0.0,0.0,0.0,0.0,0.0,,,,,,,,,,,,,,,,,,,,,"rgba(38, 166, 154, 0.5)"
2022-05-05 00:00:00+00:00,9.6498491704,9.6498491704,9.6498491704,9.6498491704,3459,0.0,0.0,0.0,0.0,0.0,0.0,0.0,0.0,,,,,,,,,,,,,,,,,,,,,"rgba(38, 166, 154, 0.5)"
2022-05-06 00:00:00+00:00,9.6401508296,9.6498491704,9.6304524887,9.6401508296,205620,0.0,0.0,0.0,0.0,0.0,0.0,0.0,0.0,,,,,,,,,,,,,,,,,,,,,#000000
2022-05-09 00:00:00+00:00,9.6304524887,9.6401508296,9.6304524887,9.6401508296,15363,0.0,0.0,0.0,0.0,0.0,0.0,0.0,0.0,,,,,,,,,,,,,,,,,,,,,#000000
2022-05-10 00:00:00+00:00,9.6304524887,9.6356895928,9.6304524887,9.6304524887,3847,0.0,0.0,0.0,0.0,0.0,0.0,0.0,0.0,,,,,,,,,,,,,,,,,,,,,"rgba(239, 83, 80, 1.0)"
2022-05-11 00:00:00+00:00,9.6304524887,9.6498491704,9.6304524887,9.6304524887,52954,0.0,0.0,0.0,0.0,0.0,0.0,0.0,0.0,,,,,,,,,,,,,,,,,,,,,"rgba(239, 83, 80, 1.0)"
2022-05-12 00:00:00+00:00,9.6401508296,9.6401508296,9.6304524887,9.6304524887,67088,0.0,0.0,0.0,0.0,0.0,0.0,0.0,0.0,,,,,,,,,,,,,,,,,,,,,"rgba(239, 83, 80, 1.0)"
2022-05-13 00:00:00+00:00,9.6304524887,9.6401508296,9.6304524887,9.6353016591,254419,0.0,0.0,0.0,0.0,0.0,0.0,0.0,0.0,,,,,,,,,,,,,,,,,,,,,"rgba(239, 83, 80, 1.0)"
2022-05-16 00:00:00+00:00,9.6304524887,9.6353016591,9.6304524887,9.6304524887,2040,0.0,0.0,0.0,0.0,0.0,0.0,0.0,0.0,,,,,,,,,,,,,,,,,,,,,"rgba(239, 83, 80, 1.0)"
2022-05-17 00:00:00+00:00,9.6401508296,9.6401508296,9.6401508296,9.6401508296,1058,0.0,0.0,0.0,0.0,0.0,0.0,0.0,0.0,,,,,,,,,,,,,,,,,,,,,"rgba(239, 83, 80, 0.75)"
2022-05-18 00:00:00+00:00,9.6304524887,9.6304524887,9.6304524887,9.6304524887,2305,0.0,0.0,0.0,0.0,0.0,0.0,0.0,0.0,,,,,,,,,,,,,,,,,,,,,"rgba(239, 83, 80, 0.75)"
2022-05-19 00:00:00+00:00,9.6401508296,9.6401508296,9.6401508296,9.6401508296,17779,0.0,0.0,0.0,0.0,0.0,0.0,0.0,0.0,,,,,,,,,,,,,,,,,,,,,#000000
2022-05-20 00:00:00+00:00,9.6401508296,9.6498491704,9.6304524887,9.6498491704,6132,0.0,0.0,0.0,0.0,0.0,0.0,0.0,0.0,,,,,,,,,,,,,,,,,,,,,#000000
2022-05-23 00:00:00+00:00,9.6401508296,9.6401508296,9.6304524887,9.6401508296,14684,0.0,0.0,0.0,0.0,0.0,0.0,0.0,0.0,,,,,,,,,,,,,,,,,,,,,#000000
2022-05-24 00:00:00+00:00,9.6401508296,9.6469396682,9.6401508296,9.6469396682,10195,0.0,0.0,0.0,0.0,0.0,0.0,0.0,0.0,,,,,,,,,,,,,,,,,,,,,#000000
2022-05-25 00:00:00+00:00,9.6401508296,9.6498491704,9.6401508296,9.6482974359,167530,0.0,0.0,0.0,0.0,0.0,0.0,0.0,0.0,,,,,,,,,,,,,,,,,,,,,#000000
2022-05-26 00:00:00+00:00,9.6401508296,9.6498491704,9.6401508296,9.6498491704,38962,0.0,0.0,0.0,0.0,0.0,0.0,0.0,0.0,,,,,,,,,,,,,,,,,,,,,#000000
2022-05-27 00:00:00+00:00,9.6401508296,9.6401508296,9.6401508296,9.6401508296,3091,0.0,0.0,0.0,0.0,0.0,0.0,0.0,0.0,,,,,,,,,,,,,,,,,,,,,#000000
2022-05-31 00:00:00+00:00,9.6498491704,9.6498491704,9.6498491704,9.6498491704,261124,0.0,0.0,0.0,0.0,0.0,0.0,0.0,0.0,,,,,,,,,,,,,,,,,,,,,"rgba(38, 166, 154, 0.5)"
2022-06-01 00:00:00+00:00,9.6498491704,9.6595475113,9.6498491704,9.6546983409,9646,0.0,0.0,0.0,0.0,0.0,0.0,0.0,0.0,,,,,,,,,,,,,,,,,,,,,"rgba(38, 166, 154, 0.5)"
2022-06-02 00:00:00+00:00,9.6595475113,9.6595475113,9.6595475113,9.6595475113,18553,0.0,0.0,0.0,0.0,0.0,0.0,0.0,0.0,,,,,,,,,,,,,,,,,,,,,"rgba(38, 166, 154, 1.0)"
2022-06-03 00:00:00+00:00,9.6692458522,9.6692458522,9.6546983409,9.6595475113,28842,0.0,0.0,0.0,0.0,0.0,0.0,0.0,0.0,,,,,,,,,,,,,,,,,,,,,"rgba(38, 166, 154, 1.0)"
2022-06-06 00:00:00+00:00,9.6595475113,9.6595475113,9.6595475113,9.6595475113,3323,0.0,0.0,0.0,0.0,0.0,0.0,0.0,0.0,,,,,,,,,,,,,,,,,,,,,"rgba(38, 166, 154, 1.0)"
2022-06-07 00:00:00+00:00,9.6595475113,9.6596444947,9.6595475113,9.6595475113,4073,0.0,0.0,0.0,0.0,0.0,0.0,0.0,0.0,,,,,,,,,,,,,,,,,,,,,"rgba(38, 166, 154, 1.0)"
2022-06-08 00:00:00+00:00,9.6595475113,9.6595475113,9.6595475113,9.6595475113,1421,0.0,0.0,0.0,0.0,0.0,0.0,0.0,0.0,,,,,,,,,,,,,,,,,,,,,"rgba(38, 166, 154, 0.75)"
2022-06-09 00:00:00+00:00,9.6692458522,9.6692458522,9.6595475113,9.6595475113,35480,0.0,0.0,0.0,0.0,0.0,0.0,0.0,0.0,,,,,,,,,,,,,,,,,,,,,"rgba(38, 166, 154, 0.75)"
2022-06-10 00:00:00+00:00,9.6789441931,9.6886425339,9.6789441931,9.6789441931,11375,0.0,0.0,0.0,0.0,0.0,0.0,0.0,0.0,,,,,,,,,,,,,,,,,,,,,"rgba(38, 166, 154, 1.0)"
2022-06-13 00:00:00+00:00,9.6692458522,9.6692458522,9.6692458522,9.6692458522,526,0.0,0.0,0.0,0.0,0.0,0.0,0.0,0.0,,,,,,,,,,,,,,,,,,,,,"rgba(38, 166, 154, 1.0)"
2022-06-14 00:00:00+00:00,9.6692458522,9.6692458522,9.6643966817,9.6692458522,226157,0.0,0.0,0.0,0.0,0.0,0.0,0.0,0.0,,,,,,,,,,,,,,,,,,,,,"rgba(38, 166, 154, 0.75)"
2022-06-15 00:00:00+00:00,9.6789441931,9.6789441931,9.6789441931,9.6789441931,135,0.0,0.0,0.0,0.0,0.0,0.0,0.0,0.0,,,,,,,,,,,,,,,,,,,,,"rgba(38, 166, 154, 0.75)"
2022-06-16 00:00:00+00:00,9.6692458522,9.6692458522,9.6595475113,9.6595475113,13003,0.0,0.0,0.0,0.0,0.0,0.0,0.0,0.0,,,,,,,,,,,,,,,,,,,,,"rgba(38, 166, 154, 0.75)"
2022-06-17 00:00:00+00:00,9.6692458522,9.6789441931,9.6595475113,9.6789441931,26938,0.0,0.0,0.0,0.0,0.0,0.0,0.0,0.0,,,,,,,,,,,,,,,,,,,,,"rgba(38, 166, 154, 0.75)"
2022-06-21 00:00:00+00:00,9.6886425339,9.6886425339,9.6611962293,9.6692458522,103394,0.0,0.0,0.0,0.0,0.0,0.0,0.0,0.0,,,,,,,,,,,,,,,,,,,,,"rgba(38, 166, 154, 0.75)"
2022-06-22 00:00:00+00:00,9.6789441931,9.6789441931,9.6692458522,9.6692458522,20524,0.0,0.0,0.0,0.0,0.0,0.0,0.0,0.0,,,,,,,,,,,,,,,,,,,,,"rgba(38, 166, 154, 0.75)"
2022-06-23 00:00:00+00:00,9.6789441931,9.6837933635,9.6740950226,9.6837933635,736,0.0,0.0,0.0,0.0,0.0,0.0,0.0,0.0,,,,,,,,,,,,,,,,,,,,,"rgba(38, 166, 154, 0.75)"
2022-06-24 00:00:00+00:00,9.6786532428,9.6789441931,9.6692458522,9.6789441931,8562,0.0,0.0,0.0,0.0,0.0,0.0,0.0,0.0,,,,,,,,,,,,,,,,,,,,,"rgba(38, 166, 154, 0.75)"
2022-06-27 00:00:00+00:00,9.6789441931,9.6789441931,9.6692458522,9.6692458522,95852,0.0,0.0,0.0,0.0,0.0,0.0,0.0,0.0,,,,,,,,,,,,,,,,,,,,,"rgba(38, 166, 154, 0.75)"
2022-06-28 00:00:00+00:00,9.6789441931,9.6886425339,9.6789441931,9.6789441931,43024,0.0,0.0,0.0,0.0,0.0,0.0,0.0,0.0,,,,,,,,,,,,,,,,,,,,,"rgba(38, 166, 154, 0.75)"
2022-06-29 00:00:00+00:00,9.6789441931,9.6983408748,9.6789441931,9.6983408748,26509,0.0,0.0,0.0,0.0,0.0,0.0,0.0,0.0,,,,,,,,,,,,,,,,,,,,,"rgba(38, 166, 154, 0.75)"
2022-06-30 00:00:00+00:00,9.6789441931,9.6789441931,9.6740950226,9.6740950226,23359,0.0,0.0,0.0,0.0,0.0,0.0,0.0,0.0,,,,,,,,,,,,,,,,,,,,,"rgba(38, 166, 154, 0.75)"
2022-07-01 00:00:00+00:00,9.6789441931,9.6983408748,9.6789441931,9.6983408748,848,0.0,0.0,0.0,0.0,0.0,0.0,0.0,0.0,,,,,,,,,,,,,,,,,,,,,"rgba(38, 166, 154, 0.5)"
2022-07-05 00:00:00+00:00,9.6983408748,9.6983408748,9.6818536953,9.6886425339,37212,0.0,0.0,0.0,0.0,0.0,0.0,0.0,0.0,,,,,,,,,,,,,,,,,,,,,"rgba(38, 166, 154, 1.0)"
2022-07-06 00:00:00+00:00,9.6886425339,9.6983408748,9.6789441931,9.6887395173,60453,0.0,0.0,0.0,0.0,0.0,0.0,0.0,0.0,,,,,,,,,,,,,,,,,,,,,"rgba(38, 166, 154, 1.0)"
2022-07-07 00:00:00+00:00,9.6886425339,9.6983408748,9.6879636501,9.6934917044,66536,0.0,0.0,0.0,0.0,0.0,0.0,0.0,0.0,,,,,,,,,,,,,,,,,,,,,"rgba(38, 166, 154, 1.0)"
2022-07-08 00:00:00+00:00,9.6886425339,9.6983408748,9.6886425339,9.6934917044,585317,0.0,0.0,0.0,0.0,0.0,0.0,0.0,0.0,,,,,,,,,,,,,,,,,,,,,"rgba(38, 166, 154, 0.75)"
2022-07-11 00:00:00+00:00,9.6886425339,9.6983408748,9.6886425339,9.6983408748,37228,0.0,0.0,0.0,0.0,0.0,0.0,0.0,0.0,,,,,,,,,,,,,,,,,,,,,"rgba(38, 166, 154, 0.75)"
2022-07-12 00:00:00+00:00,9.6983408748,9.7080392157,9.6886425339,9.6886425339,58393,0.0,0.0,0.0,0.0,0.0,0.0,0.0,0.0,,,,,,,,,,,,,,,,,,,,,"rgba(38, 166, 154, 1.0)"
2022-07-13 00:00:00+00:00,9.6886425339,9.6983408748,9.6886425339,9.6983408748,33842,0.0,0.0,0.0,0.0,0.0,0.0,0.0,0.0,,,,,,,,,,,,,,,,,,,,,"rgba(38, 166, 154, 0.75)"
2022-07-14 00:00:00+00:00,9.6983408748,9.7080392157,9.6886425339,9.6983408748,85694,0.0,0.0,0.0,0.0,0.0,0.0,0.0,0.0,,,,,,,,,,,,,,,,,,,,,"rgba(38, 166, 154, 0.75)"
2022-07-15 00:00:00+00:00,9.6886425339,9.6934917044,9.6886425339,9.6934917044,659,0.0,0.0,0.0,0.0,0.0,0.0,0.0,0.0,,,,,,,,,,,,,,,,,,,,,"rgba(38, 166, 154, 0.5)"
2022-07-18 00:00:00+00:00,9.6886425339,9.6886425339,9.6886425339,9.6886425339,15,0.0,0.0,0.0,0.0,0.0,0.0,0.0,0.0,,,,,,,,,,,,,,,,,,,,,"rgba(38, 166, 154, 0.5)"
2022-07-19 00:00:00+00:00,9.6983408748,9.7031900452,9.6983408748,9.6983408748,229366,0.0,0.0,0.0,0.0,0.0,0.0,0.0,0.0,,,,,,,,,,,,,,,,,,,,,"rgba(38, 166, 154, 0.5)"
2022-07-20 00:00:00+00:00,9.7080392157,9.7177375566,9.6934917044,9.6934917044,119263,0.0,0.0,0.0,0.0,0.0,0.0,0.0,0.0,,,,,,,,,,,,,,,,,,,,,"rgba(38, 166, 154, 1.0)"
2022-07-21 00:00:00+00:00,9.6886425339,9.7080392157,9.6692458522,9.7080392157,473877,0.0,0.0,0.0,0.0,0.0,0.0,0.0,0.0,,,,,,,,,,,,,,,,,,,,,"rgba(38, 166, 154, 0.5)"
2022-07-22 00:00:00+00:00,9.6983408748,9.7177375566,9.6983408748,9.6983408748,18842,0.0,0.0,0.0,0.0,0.0,0.0,0.0,0.0,,,,,,,,,,,,,,,,,,,,,"rgba(38, 166, 154, 0.5)"
2022-07-25 00:00:00+00:00,9.7079422323,9.7177375566,9.6983408748,9.6983408748,8146,0.0,0.0,0.0,0.0,0.0,0.0,0.0,0.0,,,,,,,,,,,,,,,,,,,,,"rgba(38, 166, 154, 0.5)"
2022-07-26 00:00:00+00:00,9.7177375566,9.7274358974,9.7177375566,9.7177375566,48552,0.0,0.0,0.0,0.0,0.0,0.0,0.0,0.0,,,,,,,,,,,,,,,,,,,,,"rgba(38, 166, 154, 0.5)"
2022-07-27 00:00:00+00:00,9.7371342383,9.7468325792,9.7191923077,9.7274358974,19667,0.0,0.0,0.0,0.0,0.0,0.0,0.0,0.0,,,,,,,,,,,,,,,,,,,,,"rgba(38, 166, 154, 1.0)"
2022-07-28 00:00:00+00:00,9.7516817496,9.7516817496,9.7274358974,9.7468325792,16820,0.0,0.0,0.0,0.0,0.0,0.0,0.0,0.0,,,,,,,,,,,,,,,,,,,,,"rgba(38, 166, 154, 1.0)"
2022-07-29 00:00:00+00:00,9.7516817496,9.7516817496,9.7516817496,9.7516817496,102,0.0,0.0,0.0,0.0,0.0,0.0,0.0,0.0,,,,,,,,,,,,,,,,,,,,,"rgba(38, 166, 154, 1.0)"
2022-08-01 00:00:00+00:00,9.7710784314,9.7856259427,9.7565309201,9.7565309201,6870,0.0,0.0,0.0,0.0,0.0,0.0,0.0,0.0,,,,,,,,,,,,,,,,,,,,,"rgba(38, 166, 154, 1.0)"
2022-08-02 00:00:00+00:00,9.7468325792,9.8923076923,9.7468325792,9.7759276018,2242,0.0,0.0,0.0,0.0,0.0,0.0,0.0,0.0,,,,,,,,,,,,,,,,,,,,,"rgba(38, 166, 154, 0.75)"
2022-08-03 00:00:00+00:00,9.7177375566,9.7565309201,9.7177375566,9.7468325792,155044,0.0,0.0,0.0,0.0,0.0,0.0,0.0,0.0,,,,,,,,,,,,,,,,,,,,,"rgba(38, 166, 154, 0.75)"
2022-08-04 00:00:00+00:00,9.7177375566,9.7468325792,9.7177375566,9.7468325792,305,0.0,0.0,0.0,0.0,0.0,0.0,0.0,0.0,,,,,,,,,,,,,,,,,,,,,"rgba(38, 166, 154, 0.5)"
2022-08-05 00:00:00+00:00,9.7371342383,9.7371342383,9.7371342383,9.7371342383,721,0.0,0.0,0.0,0.0,0.0,0.0,0.0,0.0,,,,,,,,,,,,,,,,,,,,,"rgba(38, 166, 154, 0.5)"
2022-08-08 00:00:00+00:00,9.7274358974,9.7274358974,9.7177375566,9.7274358974,10279,0.0,0.0,0.0,0.0,0.0,0.0,0.0,0.0,,,,,,,,,,,,,,,,,,,,,"rgba(38, 166, 154, 0.5)"
2022-08-09 00:00:00+00:00,9.722586727,9.8486651584,9.7177375566,9.7274358974,9367,0.0,0.0,0.0,0.0,0.0,0.0,0.0,0.0,,,,,,,,,,,,,,,,,,,,,"rgba(38, 166, 154, 0.5)"
2022-08-10 00:00:00+00:00,9.7274358974,9.7468325792,9.7274358974,9.7468325792,1174,0.0,0.0,0.0,0.0,0.0,0.0,0.0,0.0,,,,,,,,,,,,,,,,,,,,,"rgba(38, 166, 154, 0.5)"
2022-08-11 00:00:00+00:00,9.7322850679,9.7371342383,9.7274358974,9.7371342383,1923,0.0,0.0,0.0,0.0,0.0,0.0,0.0,0.0,,,,,,,,,,,,,,,,,,,,,"rgba(38, 166, 154, 0.5)"
2022-08-12 00:00:00+00:00,9.7274358974,9.7274358974,9.7274358974,9.7274358974,890,0.0,0.0,0.0,0.0,0.0,0.0,0.0,0.0,,,,,,,,,,,,,,,,,,,,,"rgba(38, 166, 154, 0.5)"
2022-08-15 00:00:00+00:00,9.7371342383,9.7371342383,9.7274358974,9.7274358974,505,0.0,0.0,0.0,0.0,0.0,0.0,0.0,0.0,,,,,,,,,,,,,,,,,,,,,"rgba(38, 166, 154, 0.5)"
2022-08-16 00:00:00+00:00,9.7371342383,9.7371342383,9.7274358974,9.7371342383,1444,0.0,0.0,0.0,0.0,0.0,0.0,0.0,0.0,,,,,,,,,,,,,,,,,,,,,"rgba(38, 166, 154, 0.5)"
2022-08-17 00:00:00+00:00,9.7371342383,9.7371342383,9.7371342383,9.7371342383,5,0.0,0.0,0.0,0.0,0.0,0.0,0.0,0.0,,,,,,,,,,,,,,,,,,,,,"rgba(38, 166, 154, 0.5)"
2022-08-18 00:00:00+00:00,9.7177375566,9.7371342383,9.7177375566,9.7274358974,45792,0.0,0.0,0.0,0.0,0.0,0.0,0.0,0.0,,,,,,,,,,,,,,,,,,,,,#000000
2022-08-19 00:00:00+00:00,9.8438159879,9.8438159879,9.7177375566,9.7177375566,67056,0.0,0.0,0.0,0.0,0.0,0.0,0.0,0.0,,,,,,,,,,,,,,,,,,,,,"rgba(38, 166, 154, 0.5)"
2022-08-22 00:00:00+00:00,9.7759276018,9.7953242836,9.7468325792,9.7953242836,6099,0.0,0.0,0.0,0.0,0.0,0.0,0.0,0.0,,,,,,,,,,,,,,,,,,,,,"rgba(38, 166, 154, 0.5)"
2022-08-23 00:00:00+00:00,9.7468325792,9.7662292609,9.7468325792,9.7662292609,1273,0.0,0.0,0.0,0.0,0.0,0.0,0.0,0.0,,,,,,,,,,,,,,,,,,,,,"rgba(38, 166, 154, 0.5)"
2022-08-24 00:00:00+00:00,9.7322850679,9.7759276018,9.7177375566,9.7468325792,435180,0.0,0.0,0.0,0.0,0.0,0.0,0.0,0.0,,,,,,,,,,,,,,,,,,,,,"rgba(38, 166, 154, 0.5)"
2022-08-25 00:00:00+00:00,9.7371342383,9.7371342383,9.7274358974,9.7303453997,703,0.0,0.0,0.0,0.0,0.0,0.0,0.0,0.0,,,,,,,,,,,,,,,,,,,,,#000000
2022-08-26 00:00:00+00:00,9.7468325792,9.7566279035,9.7274358974,9.7274358974,17278,0.0,0.0,0.0,0.0,0.0,0.0,0.0,0.0,,,,,,,,,,,,,,,,,,,,,#000000
2022-08-29 00:00:00+00:00,9.7371342383,9.7371342383,9.7371342383,9.7371342383,320,0.0,0.0,0.0,0.0,0.0,0.0,0.0,0.0,,,,,,,,,,,,,,,,,,,,,#000000
2022-08-30 00:00:00+00:00,9.7274358974,9.7371342383,9.7177375566,9.71783454,4130,0.0,0.0,0.0,0.0,0.0,0.0,0.0,0.0,,,,,,,,,,,,,,,,,,,,,#000000
2022-08-31 00:00:00+00:00,9.722586727,9.7274358974,9.7177375566,9.7177375566,3792,0.0,0.0,0.0,0.0,0.0,0.0,0.0,0.0,,,,,,,,,,,,,,,,,,,,,#000000
2022-09-01 00:00:00+00:00,9.7250113122,9.7250113122,9.7177375566,9.7177375566,1649,0.0,0.0,0.0,0.0,0.0,0.0,0.0,0.0,,,,,,,,,,,,,,,,,,,,,"rgba(239, 83, 80, 1.0)"
2022-09-02 00:00:00+00:00,9.7250113122,9.7250113122,9.7250113122,9.7250113122,36,0.0,0.0,0.0,0.0,0.0,0.0,0.0,0.0,,,,,,,,,,,,,,,,,,,,,"rgba(239, 83, 80, 1.0)"
2022-09-06 00:00:00+00:00,9.7274358974,9.7371342383,9.7274358974,9.7371342383,2049,0.0,0.0,0.0,0.0,0.0,0.0,0.0,0.0,,,,,,,,,,,,,,,,,,,,,"rgba(239, 83, 80, 1.0)"
2022-09-07 00:00:00+00:00,9.7274358974,9.7274358974,9.7274358974,9.7274358974,1,0.0,0.0,0.0,0.0,0.0,0.0,0.0,0.0,,,,,,,,,,,,,,,,,,,,,"rgba(239, 83, 80, 1.0)"
2022-09-08 00:00:00+00:00,9.7177375566,9.7371342383,9.7177375566,9.7274358974,11433,0.0,0.0,0.0,0.0,0.0,0.0,0.0,0.0,,,,,,,,,,,,,,,,,,,,,"rgba(239, 83, 80, 1.0)"
2022-09-09 00:00:00+00:00,9.7662292609,9.7662292609,9.7371342383,9.7371342383,11765,0.0,0.0,0.0,0.0,0.0,0.0,0.0,0.0,,,,,,,,,,,,,,,,,,,,,#000000
2022-09-12 00:00:00+00:00,9.7662292609,9.7662292609,9.7468325792,9.7662292609,4146,0.0,0.0,0.0,0.0,0.0,0.0,0.0,0.0,,,,,,,,,,,,,,,,,,,,,"rgba(38, 166, 154, 0.5)"
2022-09-13 00:00:00+00:00,9.8438159879,9.8438159879,9.7274358974,9.7274358974,2736,0.0,0.0,0.0,0.0,0.0,0.0,0.0,0.0,,,,,,,,,,,,,,,,,,,,,"rgba(38, 166, 154, 0.5)"
2022-09-14 00:00:00+00:00,9.7856259427,9.8923076923,9.7662292609,9.8923076923,16567,0.0,0.0,0.0,0.0,0.0,0.0,0.0,0.0,,,,,,,,,,,,,,,,,,,,,"rgba(38, 166, 154, 0.5)"
2022-09-15 00:00:00+00:00,9.7856259427,9.7952273002,9.7759276018,9.7759276018,6274,0.0,0.0,0.0,0.0,0.0,0.0,0.0,0.0,,,,,,,,,,,,,,,,,,,,,"rgba(38, 166, 154, 0.5)"
2022-09-16 00:00:00+00:00,9.7759276018,9.8050226244,9.7662292609,9.8050226244,10716,0.0,0.0,0.0,0.0,0.0,0.0,0.0,0.0,,,,,,,,,,,,,,,,,,,,,"rgba(38, 166, 154, 0.5)"
2022-09-19 00:00:00+00:00,9.7662292609,9.7953242836,9.7662292609,9.7953242836,1075,0.0,0.0,0.0,0.0,0.0,0.0,0.0,0.0,,,,,,,,,,,,,,,,,,,,,"rgba(38, 166, 154, 0.5)"
2022-09-20 00:00:00+00:00,9.7662292609,9.7662292609,9.7662292609,9.7662292609,249,0.0,0.0,0.0,0.0,0.0,0.0,0.0,0.0,,,,,,,,,,,,,,,,,,,,,"rgba(38, 166, 154, 0.5)"
2022-09-21 00:00:00+00:00,9.7953242836,9.7953242836,9.7953242836,9.7953242836,2009,0.0,0.0,0.0,0.0,0.0,0.0,0.0,0.0,,,,,,,,,,,,,,,,,,,,,"rgba(38, 166, 154, 0.5)"
2022-09-22 00:00:00+00:00,9.7565309201,9.7710784314,9.7565309201,9.7662292609,35275,0.0,0.0,0.0,0.0,0.0,0.0,0.0,0.0,,,,,,,,,,,,,,,,,,,,,"rgba(38, 166, 154, 0.5)"
2022-09-23 00:00:00+00:00,9.7565309201,9.7565309201,9.7274358974,9.7565309201,11028,0.0,0.0,0.0,0.0,0.0,0.0,0.0,0.0,,,,,,,,,,,,,,,,,,,,,#000000
2022-09-26 00:00:00+00:00,9.7468325792,9.7468325792,9.71783454,9.7373282051,11380,0.0,0.0,0.0,0.0,0.0,0.0,0.0,0.0,,,,,,,,,,,,,,,,,,,,,#000000
2022-09-27 00:00:00+00:00,9.7274358974,9.7565309201,9.7274358974,9.7468325792,7493,0.0,0.0,0.0,0.0,0.0,0.0,0.0,0.0,,,,,,,,,,,,,,,,,,,,,"rgba(239, 83, 80, 1.0)"
2022-09-28 00:00:00+00:00,9.7274358974,9.7274358974,9.7274358974,9.7274358974,119,0.0,0.0,0.0,0.0,0.0,0.0,0.0,0.0,,,,,,,,,,,,,,,,,,,,,"rgba(239, 83, 80, 1.0)"
2022-09-29 00:00:00+00:00,9.7274358974,9.7274358974,9.7177375566,9.7180285068,1115,0.0,0.0,0.0,0.0,0.0,0.0,0.0,0.0,,,,,,,,,,,,,,,,,,,,,"rgba(239, 83, 80, 1.0)"
2022-09-30 00:00:00+00:00,9.7468325792,9.7565309201,9.7371342383,9.7564339367,75818,0.0,0.0,0.0,0.0,0.0,0.0,0.0,0.0,,,,,,,,,,,,,,,,,,,,,"rgba(239, 83, 80, 1.0)"
2022-10-03 00:00:00+00:00,9.7276298643,9.7371342383,9.7274358974,9.7274358974,8768,0.0,0.0,0.0,0.0,0.0,0.0,0.0,0.0,,,,,,,,,,,,,,,,,,,,,"rgba(239, 83, 80, 1.0)"
2022-10-04 00:00:00+00:00,9.7371342383,9.7565309201,9.7274358974,9.7371342383,34169,0.0,0.0,0.0,0.0,0.0,0.0,0.0,0.0,,,,,,,,,,,,,,,,,,,,,"rgba(239, 83, 80, 1.0)"
2022-10-05 00:00:00+00:00,9.7516817496,9.7565309201,9.7419834087,9.7468325792,5813,0.0,0.0,0.0,0.0,0.0,0.0,0.0,0.0,,,,,,,,,,,,,,,,,,,,,"rgba(239, 83, 80, 0.75)"
2022-10-06 00:00:00+00:00,9.7516817496,9.7516817496,9.7516817496,9.7516817496,66,0.0,0.0,0.0,0.0,0.0,0.0,0.0,0.0,,,,,,,,,,,,,,,,,,,,,#000000
2022-10-07 00:00:00+00:00,9.7565309201,9.7613800905,9.7468325792,9.7468325792,19219,0.0,0.0,0.0,0.0,0.0,0.0,0.0,0.0,,,,,,,,,,,,,,,,,,,,,#000000
2022-10-10 00:00:00+00:00,9.7662292609,9.7662292609,9.7468325792,9.7662292609,85492,0.0,0.0,0.0,0.0,0.0,0.0,0.0,0.0,,,,,,,,,,,,,,,,,,,,,#000000
2022-10-11 00:00:00+00:00,9.7565309201,9.7565309201,9.7468325792,9.7468325792,4293,0.0,0.0,0.0,0.0,0.0,0.0,0.0,0.0,,,,,,,,,,,,,,,,,,,,,#000000
2022-10-12 00:00:00+00:00,9.7565309201,9.7565309201,9.7565309201,9.7565309201,18,0.0,0.0,0.0,0.0,0.0,0.0,0.0,0.0,,,,,,,,,,,,,,,,,,,,,#000000
2022-10-13 00:00:00+00:00,9.7565309201,9.7613800905,9.7192892911,9.7613800905,12450,0.0,0.0,0.0,0.0,0.0,0.0,0.0,0.0,,,,,,,,,,,,,,,,,,,,,#000000
2022-10-14 00:00:00+00:00,9.7419834087,9.7662292609,9.7419834087,9.7662292609,5737,0.0,0.0,0.0,0.0,0.0,0.0,0.0,0.0,,,,,,,,,,,,,,,,,,,,,#000000
2022-10-17 00:00:00+00:00,9.7468325792,9.7662292609,9.7468325792,9.7662292609,687,0.0,0.0,0.0,0.0,0.0,0.0,0.0,0.0,,,,,,,,,,,,,,,,,,,,,#000000
2022-10-18 00:00:00+00:00,9.7565309201,9.7662292609,9.7565309201,9.7662292609,36732,0.0,0.0,0.0,0.0,0.0,0.0,0.0,0.0,,,,,,,,,,,,,,,,,,,,,#000000
2022-10-19 00:00:00+00:00,9.7565309201,9.7662292609,9.7468325792,9.7565309201,108544,0.0,0.0,0.0,0.0,0.0,0.0,0.0,0.0,,,,,,,,,,,,,,,,,,,,,#000000
2022-10-20 00:00:00+00:00,9.7565309201,9.7565309201,9.7565309201,9.7565309201,2,0.0,0.0,0.0,0.0,0.0,0.0,0.0,0.0,,,,,,,,,,,,,,,,,,,,,#000000
2022-10-21 00:00:00+00:00,9.7613800905,9.7662292609,9.7565309201,9.7662292609,2212,0.0,0.0,0.0,0.0,0.0,0.0,0.0,0.0,,,,,,,,,,,,,,,,,,,,,"rgba(38, 166, 154, 0.5)"
2022-10-24 00:00:00+00:00,9.7662292609,9.7662292609,9.7613800905,9.7662292609,4181,0.0,0.0,0.0,0.0,0.0,0.0,0.0,0.0,,,,,,,,,,,,,,,,,,,,,"rgba(38, 166, 154, 0.5)"
2022-10-25 00:00:00+00:00,9.7662292609,9.7662292609,9.7565309201,9.7662292609,27115,0.0,0.0,0.0,0.0,0.0,0.0,0.0,0.0,,,,,,,,,,,,,,,,,,,,,"rgba(38, 166, 154, 1.0)"
2022-10-26 00:00:00+00:00,9.7613800905,9.7662292609,9.7565309201,9.7662292609,206400,0.0,0.0,0.0,0.0,0.0,0.0,0.0,0.0,,,,,,,,,,,,,,,,,,,,,"rgba(38, 166, 154, 1.0)"
2022-10-27 00:00:00+00:00,9.7662292609,9.7662292609,9.7613800905,9.7662292609,14256,0.0,0.0,0.0,0.0,0.0,0.0,0.0,0.0,,,,,,,,,,,,,,,,,,,,,"rgba(38, 166, 154, 1.0)"
2022-10-28 00:00:00+00:00,9.7662292609,9.7856259427,9.7613800905,9.7856259427,85282,0.0,0.0,0.0,0.0,0.0,0.0,0.0,0.0,,,,,,,,,,,,,,,,,,,,,"rgba(38, 166, 154, 1.0)"
2022-10-31 00:00:00+00:00,9.7662292609,9.7856259427,9.7662292609,9.7856259427,25234,0.0,0.0,0.0,0.0,0.0,0.0,0.0,0.0,,,,,,,,,,,,,,,,,,,,,"rgba(38, 166, 154, 1.0)"
2022-11-01 00:00:00+00:00,9.7662292609,9.7662292609,9.7662292609,9.7662292609,11563,0.0,0.0,0.0,0.0,0.0,0.0,0.0,0.0,,,,,,,,,,,,,,,,,,,,,"rgba(38, 166, 154, 1.0)"
2022-11-02 00:00:00+00:00,9.7856259427,9.7856259427,9.7759276018,9.7856259427,12216,0.0,0.0,0.0,0.0,0.0,0.0,0.0,0.0,,,,,,,,,,,,,,,,,,,,,"rgba(38, 166, 154, 1.0)"
2022-11-03 00:00:00+00:00,9.7759276018,9.7759276018,9.7662292609,9.7759276018,39330,0.0,0.0,0.0,0.0,0.0,0.0,0.0,0.0,,,,,,,,,,,,,,,,,,,,,"rgba(38, 166, 154, 1.0)"
2022-11-04 00:00:00+00:00,9.7759276018,9.7759276018,9.7710784314,9.7759276018,20008,0.0,0.0,0.0,0.0,0.0,0.0,0.0,0.0,,,,,,,,,,,,,,,,,,,,,"rgba(38, 166, 154, 1.0)"
2022-11-07 00:00:00+00:00,9.7759276018,9.7759276018,9.7662292609,9.7759276018,13554,0.0,0.0,0.0,0.0,0.0,0.0,0.0,0.0,,,,,,,,,,,,,,,,,,,,,"rgba(38, 166, 154, 1.0)"
2022-11-08 00:00:00+00:00,9.7759276018,9.7759276018,9.7759276018,9.7759276018,0,0.0,0.0,0.0,0.0,0.0,0.0,0.0,0.0,,,,,,,,,,,,,,,,,,,,,"rgba(38, 166, 154, 1.0)"
2022-11-09 00:00:00+00:00,9.7759276018,9.7759276018,9.7759276018,9.7759276018,240,0.0,0.0,0.0,0.0,0.0,0.0,0.0,0.0,,,,,,,,,,,,,,,,,,,,,"rgba(38, 166, 154, 0.75)"
2022-11-10 00:00:00+00:00,9.7856259427,9.7856259427,9.7662292609,9.7662292609,6002,0.0,0.0,0.0,0.0,0.0,0.0,0.0,0.0,,,,,,,,,,,,,,,,,,,,,"rgba(38, 166, 154, 1.0)"
2022-11-11 00:00:00+00:00,9.7856259427,9.7856259427,9.7856259427,9.7856259427,180,0.0,0.0,0.0,0.0,0.0,0.0,0.0,0.0,,,,,,,,,,,,,,,,,,,,,"rgba(38, 166, 154, 1.0)"
2022-11-14 00:00:00+00:00,9.7856259427,9.7856259427,9.7856259427,9.7856259427,0,0.0,0.0,0.0,0.0,0.0,0.0,0.0,0.0,,,,,,,,,,,,,,,,,,,,,"rgba(38, 166, 154, 1.0)"
2022-11-15 00:00:00+00:00,9.7856259427,9.7856259427,9.7807767722,9.7856259427,50925,0.0,0.0,0.0,0.0,0.0,0.0,0.0,0.0,,,,,,,,,,,,,,,,,,,,,"rgba(38, 166, 154, 1.0)"
2022-11-16 00:00:00+00:00,9.7856259427,9.7953242836,9.7856259427,9.7856259427,30610,0.0,0.0,0.0,0.0,0.0,0.0,0.0,0.0,,,,,,,,,,,,,,,,,,,,,"rgba(38, 166, 154, 1.0)"
2022-11-17 00:00:00+00:00,9.7856259427,9.7953242836,9.7759276018,9.7856259427,83716,0.0,0.0,0.0,0.0,0.0,0.0,0.0,0.0,,,,,,,,,,,,,,,,,,,,,"rgba(38, 166, 154, 1.0)"
2022-11-18 00:00:00+00:00,9.7856259427,9.7904751131,9.7856259427,9.7904751131,817,0.0,0.0,0.0,0.0,0.0,0.0,0.0,0.0,,,,,,,,,,,,,,,,,,,,,"rgba(38, 166, 154, 1.0)"
2022-11-21 00:00:00+00:00,9.8050226244,9.8050226244,9.8050226244,9.8050226244,325,0.0,0.0,0.0,0.0,0.0,0.0,0.0,0.0,,,,,,,,,,,,,,,,,,,,,"rgba(38, 166, 154, 1.0)"
2022-11-22 00:00:00+00:00,9.8050226244,9.8050226244,9.8050226244,9.8050226244,44,0.0,0.0,0.0,0.0,0.0,0.0,0.0,0.0,,,,,,,,,,,,,,,,,,,,,"rgba(38, 166, 154, 1.0)"
2022-11-23 00:00:00+00:00,9.7856259427,9.7953242836,9.7854319759,9.7856259427,35403,0.0,0.0,0.0,0.0,0.0,0.0,0.0,0.0,,,,,,,,,,,,,,,,,,,,,"rgba(38, 166, 154, 0.75)"
2022-11-25 00:00:00+00:00,9.7856259427,9.7856259427,9.7856259427,9.7856259427,1,0.0,0.0,0.0,0.0,0.0,0.0,0.0,0.0,,,,,,,,,,,,,,,,,,,,,"rgba(38, 166, 154, 0.75)"
2022-11-28 00:00:00+00:00,9.7904751131,9.7953242836,9.7904751131,9.7953242836,4142,0.0,0.0,0.0,0.0,0.0,0.0,0.0,0.0,,,,,,,,,,,,,,,,,,,,,"rgba(38, 166, 154, 0.75)"
2022-11-29 00:00:00+00:00,9.7904751131,9.7904751131,9.7904751131,9.7904751131,0,0.0,0.0,0.0,0.0,0.0,0.0,0.0,0.0,,,,,,,,,,,,,,,,,,,,,"rgba(38, 166, 154, 0.75)"
2022-11-30 00:00:00+00:00,9.7904751131,9.7904751131,9.7904751131,9.7904751131,0,0.0,0.0,0.0,0.0,0.0,0.0,0.0,0.0,,,,,,,,,,,,,,,,,,,,,"rgba(38, 166, 154, 0.75)"
2022-12-01 00:00:00+00:00,9.7904751131,9.7904751131,9.7904751131,9.7904751131,0,0.0,0.0,0.0,0.0,0.0,0.0,0.0,0.0,,,,,,,,,,,,,,,,,,,,,"rgba(38, 166, 154, 0.75)"
2022-12-02 00:00:00+00:00,9.7856259427,9.8147209653,9.7856259427,9.8147209653,2907,0.0,0.0,0.0,0.0,0.0,0.0,0.0,0.0,,,,,,,,,,,,,,,,,,,,,"rgba(38, 166, 154, 0.5)"
2022-12-05 00:00:00+00:00,9.7856259427,9.8050226244,9.7856259427,9.7856259427,3849,0.0,0.0,0.0,0.0,0.0,0.0,0.0,0.0,,,,,,,,,,,,,,,,,,,,,#000000
2022-12-06 00:00:00+00:00,9.7856259427,9.7936755656,9.7856259427,9.7856259427,1240,0.0,0.0,0.0,0.0,0.0,0.0,0.0,0.0,,,,,,,,,,,,,,,,,,,,,#000000
2022-12-07 00:00:00+00:00,9.7917358974,9.7917358974,9.7856259427,9.7857229261,1946,0.0,0.0,0.0,0.0,0.0,0.0,0.0,0.0,,,,,,,,,,,,,,,,,,,,,"rgba(38, 166, 154, 0.5)"
2022-12-08 00:00:00+00:00,9.7856259427,9.7953242836,9.7856259427,9.7856259427,4037,0.0,0.0,0.0,0.0,0.0,0.0,0.0,0.0,,,,,,,,,,,,,,,,,,,,,#000000
2022-12-09 00:00:00+00:00,9.8050226244,9.8050226244,9.8050226244,9.8050226244,1000,0.0,0.0,0.0,0.0,0.0,0.0,0.0,0.0,,,,,,,,,,,,,,,,,,,,,"rgba(38, 166, 154, 0.5)"
2022-12-12 00:00:00+00:00,9.7953242836,9.7953242836,9.7953242836,9.7953242836,246,0.0,0.0,0.0,0.0,0.0,0.0,0.0,0.0,,,,,,,,,,,,,,,,,,,,,"rgba(38, 166, 154, 0.5)"
2022-12-13 00:00:00+00:00,9.7953242836,9.7953242836,9.7759276018,9.7759276018,2957,0.0,0.0,0.0,0.0,0.0,0.0,0.0,0.0,,,,,,,,,,,,,,,,,,,,,"rgba(38, 166, 154, 0.5)"
2022-12-14 00:00:00+00:00,9.7953242836,9.7953242836,9.7952273002,9.7952273002,800,0.0,0.0,0.0,0.0,0.0,0.0,0.0,0.0,,,,,,,,,,,,,,,,,,,,,"rgba(38, 166, 154, 0.5)"
2022-12-15 00:00:00+00:00,9.7953242836,9.7953242836,9.7953242836,9.7953242836,100,0.0,0.0,0.0,0.0,0.0,0.0,0.0,0.0,,,,,,,,,,,,,,,,,,,,,"rgba(38, 166, 154, 0.5)"
2022-12-16 00:00:00+00:00,9.8050226244,9.8050226244,9.7904751131,9.7928996983,7599,0.0,0.0,0.0,0.0,0.0,0.0,0.0,0.0,,,,,,,,,,,,,,,,,,,,,"rgba(38, 166, 154, 0.5)"
2022-12-19 00:00:00+00:00,9.7953242836,9.7953242836,9.7856259427,9.7953242836,10461,0.0,0.0,0.0,0.0,0.0,0.0,0.0,0.0,,,,,,,,,,,,,,,,,,,,,"rgba(38, 166, 154, 0.5)"
2022-12-20 00:00:00+00:00,9.8632126697,9.8632126697,9.7759276018,9.7759276018,14186,0.0,0.0,0.0,0.0,0.0,0.0,0.0,0.0,,,,,,,,,,,,,,,,,,,,,"rgba(38, 166, 154, 1.0)"
2022-12-21 00:00:00+00:00,9.8632126697,9.8632126697,9.8632126697,9.8632126697,13,0.0,0.0,0.0,0.0,0.0,0.0,0.0,0.0,,,,,,,,,,,,,,,,,,,,,"rgba(38, 166, 154, 1.0)"
2022-12-22 00:00:00+00:00,9.8438159879,9.8438159879,9.8050226244,9.8263589744,6288,0.0,0.0,0.0,0.0,0.0,0.0,0.0,0.0,,,,,,,,,,,,,,,,,,,,,"rgba(38, 166, 154, 1.0)"
2022-12-23 00:00:00+00:00,9.8050226244,9.8057015083,9.8050226244,9.8051196078,1200,0.0,0.0,0.0,0.0,0.0,0.0,0.0,0.0,,,,,,,,,,,,,,,,,,,,,"rgba(38, 166, 154, 0.75)"
2022-12-27 00:00:00+00:00,9.8050226244,9.8050226244,9.8050226244,9.8050226244,4,0.0,0.0,0.0,0.0,0.0,0.0,0.0,0.0,,,,,,,,,,,,,,,,,,,,,"rgba(38, 166, 154, 0.5)"
2022-12-28 00:00:00+00:00,9.8050226244,9.8050226244,9.8050226244,9.8050226244,2808,0.0,0.0,0.0,0.0,0.0,0.0,0.0,0.0,,,,,,,,,,,,,,,,,,,,,"rgba(38, 166, 154, 0.5)"
2022-12-29 00:00:00+00:00,9.8438159879,9.8438159879,9.8147209653,9.8147209653,40802,0.0,0.0,0.0,0.0,0.0,0.0,0.0,0.0,,,,,,,,,,,,,,,,,,,,,"rgba(38, 166, 154, 0.5)"
2022-12-30 00:00:00+00:00,9.8535143288,9.8535143288,9.8438159879,9.8438159879,1800,0.0,0.0,0.0,0.0,0.0,0.0,0.0,0.0,,,,,,,,,,,,,,,,,,,,,"rgba(38, 166, 154, 0.5)"
2023-01-03 00:00:00+00:00,9.882512368,9.8826093514,9.8535143288,9.8632126697,27332,0.0,0.0,0.0,0.0,0.0,0.0,0.0,0.0,,,,,,,,,,,,,,,,,,,,,"rgba(38, 166, 154, 1.0)"
2023-01-04 00:00:00+00:00,9.8729110106,9.8729110106,9.8729110106,9.8729110106,291,0.0,0.0,0.0,0.0,0.0,0.0,0.0,0.0,,,,,,,,,,,,,,,,,,,,,"rgba(38, 166, 154, 1.0)"
2023-01-05 00:00:00+00:00,9.8923076923,9.8923076923,9.8729110106,9.8729110106,374,0.0,0.0,0.0,0.0,0.0,0.0,0.0,0.0,,,,,,,,,,,,,,,,,,,,,"rgba(38, 166, 154, 1.0)"
2023-01-06 00:00:00+00:00,9.8923076923,9.8923076923,9.8923076923,9.8923076923,107,0.0,0.0,0.0,0.0,0.0,0.0,0.0,0.0,,,,,,,,,,,,,,,,,,,,,"rgba(38, 166, 154, 1.0)"
2023-01-09 00:00:00+00:00,9.8971568627,9.9214027149,9.8923076923,9.9020060332,12567,0.0,0.0,0.0,0.0,0.0,0.0,0.0,0.0,,,,,,,,,,,,,,,,,,,,,"rgba(38, 166, 154, 1.0)"
2023-01-10 00:00:00+00:00,9.8924046757,9.8942473605,9.8924046757,9.8942473605,466,0.0,0.0,0.0,0.0,0.0,0.0,0.0,0.0,,,,,,,,,,,,,,,,,,,,,"rgba(38, 166, 154, 1.0)"
2023-01-11 00:00:00+00:00,9.8923076923,9.8971568627,9.8923076923,9.8971568627,728,0.0,0.0,0.0,0.0,0.0,0.0,0.0,0.0,,,,,,,,,,,,,,,,,,,,,"rgba(38, 166, 154, 1.0)"
2023-01-12 00:00:00+00:00,9.9165535445,9.9165535445,9.9020060332,9.9020060332,46187,0.0,0.0,0.0,0.0,0.0,0.0,0.0,0.0,,,,,,,,,,,,,,,,,,,,,"rgba(38, 166, 154, 1.0)"
2023-01-13 00:00:00+00:00,9.9117043741,9.9214027149,9.9117043741,9.9214027149,21483,0.0,0.0,0.0,0.0,0.0,0.0,0.0,0.0,,,,,,,,,,,,,,,,,,,,,"rgba(38, 166, 154, 1.0)"
2023-01-17 00:00:00+00:00,9.9116073906,9.9214027149,9.9055944193,9.9116073906,17154,0.0,0.0,0.0,0.0,0.0,0.0,0.0,0.0,,,,,,,,,,,,,,,,,,,,,"rgba(38, 166, 154, 1.0)"
2023-01-18 00:00:00+00:00,9.8438159879,9.8438159879,9.8438159879,9.8438159879,492,0.0,0.0,0.0,0.0,0.0,0.0,0.0,0.0,,,,,,,,,,,,,,,,,,,,,"rgba(38, 166, 154, 0.5)"
2023-01-19 00:00:00+00:00,9.8874585219,9.9795927602,9.8874585219,9.9795927602,1701,0.0,0.0,0.0,0.0,0.0,0.0,0.0,0.0,,,,,,,,,,,,,,,,,,,,,"rgba(38, 166, 154, 0.5)"
2023-01-20 00:00:00+00:00,9.9117043741,9.9795927602,9.9020060332,9.9795927602,1148,0.0,0.0,0.0,0.0,0.0,0.0,0.0,0.0,,,,,,,,,,,,,,,,,,,,,"rgba(38, 166, 154, 0.5)"
2023-01-23 00:00:00+00:00,9.8438159879,9.8438159879,9.8438159879,9.8438159879,217,0.0,0.0,0.0,0.0,0.0,0.0,0.0,0.0,,,,,,,,,,,,,,,,,,,,,"rgba(38, 166, 154, 0.5)"
2023-01-24 00:00:00+00:00,9.8535143288,9.8729110106,9.8535143288,9.8535143288,14870,0.0,0.0,0.0,0.0,0.0,0.0,0.0,0.0,,,,,,,,,,,,,,,,,,,,,#000000
2023-01-25 00:00:00+00:00,9.8826093514,9.8996784314,9.8826093514,9.8996784314,211,0.0,0.0,0.0,0.0,0.0,0.0,0.0,0.0,,,,,,,,,,,,,,,,,,,,,#000000
2023-01-26 00:00:00+00:00,9.8826093514,9.8826093514,9.8826093514,9.8826093514,220,0.0,0.0,0.0,0.0,0.0,0.0,0.0,0.0,,,,,,,,,,,,,,,,,,,,,#000000
2023-01-27 00:00:00+00:00,9.8826093514,9.8826093514,9.8826093514,9.8826093514,1,0.0,0.0,0.0,0.0,0.0,0.0,0.0,0.0,,,,,,,,,,,,,,,,,,,,,#000000
2023-01-30 00:00:00+00:00,9.8826093514,9.8826093514,9.8826093514,9.8826093514,47,0.0,0.0,0.0,0.0,0.0,0.0,0.0,0.0,,,,,,,,,,,,,,,,,,,,,#000000
2023-01-31 00:00:00+00:00,9.8627277526,9.8632126697,9.8535143288,9.8535143288,1682,0.0,0.0,0.0,0.0,0.0,0.0,0.0,0.0,,,,,,,,,,,,,,,,,,,,,#000000
2023-02-01 00:00:00+00:00,9.8627277526,9.8627277526,9.8627277526,9.8627277526,0,0.0,0.0,0.0,0.0,0.0,0.0,0.0,0.0,,,,,,,,,,,,,,,,,,,,,#000000
2023-02-02 00:00:00+00:00,9.8627277526,9.8627277526,9.8627277526,9.8627277526,139,0.0,0.0,0.0,0.0,0.0,0.0,0.0,0.0,,,,,,,,,,,,,,,,,,,,,#000000
2023-02-03 00:00:00+00:00,9.8627277526,9.8627277526,9.8627277526,9.8627277526,0,0.0,0.0,0.0,0.0,0.0,0.0,0.0,0.0,,,,,,,,,,,,,,,,,,,,,#000000
2023-02-06 00:00:00+00:00,9.8627277526,9.8627277526,9.8627277526,9.8627277526,52,0.0,0.0,0.0,0.0,0.0,0.0,0.0,0.0,,,,,,,,,,,,,,,,,,,,,"rgba(239, 83, 80, 1.0)"
2023-02-07 00:00:00+00:00,9.8632126697,9.8632126697,9.8632126697,9.8632126697,295,0.0,0.0,0.0,0.0,0.0,0.0,0.0,0.0,,,,,,,,,,,,,,,,,,,,,"rgba(239, 83, 80, 1.0)"
2023-02-08 00:00:00+00:00,9.8632126697,9.8632126697,9.8632126697,9.8632126697,2,0.0,0.0,0.0,0.0,0.0,0.0,0.0,0.0,,,,,,,,,,,,,,,,,,,,,"rgba(239, 83, 80, 1.0)"
2023-02-09 00:00:00+00:00,9.8632126697,9.8632126697,9.8632126697,9.8632126697,647,0.0,0.0,0.0,0.0,0.0,0.0,0.0,0.0,,,,,,,,,,,,,,,,,,,,,"rgba(239, 83, 80, 1.0)"
2023-02-10 00:00:00+00:00,9.8632126697,9.8632126697,9.8632126697,9.8632126697,0,0.0,0.0,0.0,0.0,0.0,0.0,0.0,0.0,,,,,,,,,,,,,,,,,,,,,"rgba(239, 83, 80, 1.0)"
2023-02-13 00:00:00+00:00,9.9795927602,9.9795927602,9.8632126697,9.8633096531,1861,0.0,0.0,0.0,0.0,0.0,0.0,0.0,0.0,,,,,,,,,,,,,,,,,,,,,"rgba(38, 166, 154, 0.5)"
2023-02-14 00:00:00+00:00,9.9117043741,9.9601960784,9.9117043741,9.9601960784,700,0.0,0.0,0.0,0.0,0.0,0.0,0.0,0.0,,,,,,,,,,,,,,,,,,,,,"rgba(38, 166, 154, 0.5)"
2023-02-15 00:00:00+00:00,10.0280844646,10.0668778281,9.9794957768,9.9795927602,1678,0.0,0.0,0.0,0.0,0.0,0.0,0.0,0.0,,,,,,,,,,,,,,,,,,,,,"rgba(38, 166, 154, 1.0)"
2023-02-16 00:00:00+00:00,10.2220512821,10.3287330317,10.1832579186,10.1832579186,6171,0.0,0.0,0.0,0.0,0.0,0.0,0.0,0.0,,,,,,,,,,,,,,,,,,,,,"rgba(38, 166, 154, 1.0)"
2023-02-17 00:00:00+00:00,10.2220512821,10.2220512821,10.2220512821,10.2220512821,400,0.0,0.0,0.0,0.0,0.0,0.0,0.0,0.0,,,,,,,,,,,,,,,,,,,,,"rgba(38, 166, 154, 1.0)"
2023-02-21 00:00:00+00:00,10.1347662142,10.2317496229,10.0135369532,10.1832579186,42941,0.0,0.0,0.0,0.0,0.0,0.0,0.0,0.0,,,,,,,,,,,,,,,,,,,,,"rgba(38, 166, 154, 1.0)"
2023-02-22 00:00:00+00:00,10.1347662142,10.1347662142,10.1347662142,10.1347662142,127,0.0,0.0,0.0,0.0,0.0,0.0,0.0,0.0,,,,,,,,,,,,,,,,,,,,,"rgba(38, 166, 154, 1.0)"
2023-02-23 00:00:00+00:00,10.1347662142,10.1347662142,10.1347662142,10.1347662142,3,0.0,0.0,0.0,0.0,0.0,0.0,0.0,0.0,,,,,,,,,,,,,,,,,,,,,"rgba(38, 166, 154, 0.75)"
2023-02-24 00:00:00+00:00,10.1347662142,10.1347662142,10.1347662142,10.1347662142,162,0.0,0.0,0.0,0.0,0.0,0.0,0.0,0.0,,,,,,,,,,,,,,,,,,,,,"rgba(38, 166, 154, 0.75)"
2023-02-27 00:00:00+00:00,9.8923076923,9.9020060332,9.8826093514,9.8826093514,38167,0.0,0.0,0.0,0.0,0.0,0.0,0.0,0.0,,,,,,,,,,,,,,,,,,,,,"rgba(38, 166, 154, 0.5)"
2023-02-28 00:00:00+00:00,9.877760181,9.9601960784,9.8632126697,9.9601960784,2788,0.0,0.0,0.0,0.0,0.0,0.0,0.0,0.0,,,,,,,,,,,,,,,,,,,,,#000000
2023-03-01 00:00:00+00:00,9.8874585219,9.8874585219,9.8826093514,9.8826093514,507,0.0,0.0,0.0,0.0,0.0,0.0,0.0,0.0,,,,,,,,,,,,,,,,,,,,,"rgba(239, 83, 80, 1.0)"
2023-03-02 00:00:00+00:00,9.877760181,9.877760181,9.8632126697,9.8632126697,370,0.0,0.0,0.0,0.0,0.0,0.0,0.0,0.0,,,,,,,,,,,,,,,,,,,,,"rgba(239, 83, 80, 1.0)"
2023-03-03 00:00:00+00:00,9.877760181,9.877760181,9.877760181,9.877760181,578,0.0,0.0,0.0,0.0,0.0,0.0,0.0,0.0,,,,,,,,,,,,,,,,,,,,,"rgba(239, 83, 80, 1.0)"
2023-03-06 00:00:00+00:00,9.8826093514,9.8826093514,9.877760181,9.8826093514,7709,0.0,0.0,0.0,0.0,0.0,0.0,0.0,0.0,,,,,,,,,,,,,,,,,,,,,"rgba(239, 83, 80, 1.0)"
2023-03-07 00:00:00+00:00,9.8826093514,9.8826093514,9.8826093514,9.8826093514,121,0.0,0.0,0.0,0.0,0.0,0.0,0.0,0.0,,,,,,,,,,,,,,,,,,,,,"rgba(239, 83, 80, 1.0)"
2023-03-08 00:00:00+00:00,9.8826093514,9.8826093514,9.8826093514,9.8826093514,4020,0.0,0.0,0.0,0.0,0.0,0.0,0.0,0.0,,,,,,,,,,,,,,,,,,,,,"rgba(239, 83, 80, 1.0)"
2023-03-09 00:00:00+00:00,9.8826093514,9.8826093514,9.8826093514,9.8826093514,130,0.0,0.0,0.0,0.0,0.0,0.0,0.0,0.0,,,,,,,,,,,,,,,,,,,,,"rgba(239, 83, 80, 1.0)"
2023-03-10 00:00:00+00:00,9.8826093514,9.8826093514,9.8826093514,9.8826093514,120,0.0,0.0,0.0,0.0,0.0,0.0,0.0,0.0,,,,,,,,,,,,,,,,,,,,,"rgba(239, 83, 80, 1.0)"
2023-03-13 00:00:00+00:00,9.8826093514,9.8826093514,9.8826093514,9.8826093514,1,0.0,0.0,0.0,0.0,0.0,0.0,0.0,0.0,,,,,,,,,,,,,,,,,,,,,"rgba(239, 83, 80, 1.0)"
2023-03-14 00:00:00+00:00,9.8826093514,9.8826093514,9.8826093514,9.8826093514,248,0.0,0.0,0.0,0.0,0.0,0.0,0.0,0.0,,,,,,,,,,,,,,,,,,,,,"rgba(239, 83, 80, 1.0)"
2023-03-15 00:00:00+00:00,9.8826093514,9.8826093514,9.8826093514,9.8826093514,140,0.0,0.0,0.0,0.0,0.0,0.0,0.0,0.0,,,,,,,,,,,,,,,,,,,,,"rgba(239, 83, 80, 1.0)"
2023-03-16 00:00:00+00:00,9.8826093514,9.8826093514,9.8826093514,9.8826093514,0,0.0,0.0,0.0,0.0,0.0,0.0,0.0,0.0,,,,,,,,,,,,,,,,,,,,,"rgba(239, 83, 80, 1.0)"
2023-03-17 00:00:00+00:00,9.9242152338,9.9242152338,9.9242152338,9.9242152338,345,0.0,0.0,0.0,0.0,0.0,0.0,0.0,0.0,,,,,,,,,,,,,,,,,,,,,"rgba(239, 83, 80, 0.75)"
2023-03-20 00:00:00+00:00,9.9242152338,9.9242152338,9.9242152338,9.9242152338,0,0.0,0.0,0.0,0.0,0.0,0.0,0.0,0.0,,,,,,,,,,,,,,,,,,,,,"rgba(239, 83, 80, 0.75)"
2023-03-21 00:00:00+00:00,9.9242152338,9.9242152338,9.9242152338,9.9242152338,104,0.0,0.0,0.0,0.0,0.0,0.0,0.0,0.0,,,,,,,,,,,,,,,,,,,,,#000000
2023-03-22 00:00:00+00:00,9.9698944193,9.9698944193,9.9698944193,9.9698944193,502,0.0,0.0,0.0,0.0,0.0,0.0,0.0,0.0,,,,,,,,,,,,,,,,,,,,,"rgba(38, 166, 154, 0.5)"
2023-03-23 00:00:00+00:00,9.9407993967,9.9407993967,9.9407993967,9.9407993967,316,0.0,0.0,0.0,0.0,0.0,0.0,0.0,0.0,,,,,,,,,,,,,,,,,,,,,"rgba(38, 166, 154, 0.5)"
2023-03-24 00:00:00+00:00,9.9407993967,9.9407993967,9.9407993967,9.9407993967,69,0.0,0.0,0.0,0.0,0.0,0.0,0.0,0.0,,,,,,,,,,,,,,,,,,,,,"rgba(38, 166, 154, 0.5)"
2023-03-27 00:00:00+00:00,9.9698944193,9.9698944193,9.9066612368,9.9117043741,3502,0.0,0.0,0.0,0.0,0.0,0.0,0.0,0.0,,,,,,,,,,,,,,,,,,,,,"rgba(38, 166, 154, 0.5)"
2023-03-28 00:00:00+00:00,9.9504977376,9.9504977376,9.9117043741,9.9117043741,9303,0.0,0.0,0.0,0.0,0.0,0.0,0.0,0.0,,,,,,,,,,,,,,,,,,,,,"rgba(38, 166, 154, 0.5)"
2023-03-29 00:00:00+00:00,9.9698944193,9.9698944193,9.9698944193,9.9698944193,1020,0.0,0.0,0.0,0.0,0.0,0.0,0.0,0.0,,,,,,,,,,,,,,,,,,,,,"rgba(38, 166, 154, 0.5)"
2023-03-30 00:00:00+00:00,9.9698944193,10.0086877828,9.9020060332,9.9698944193,16414,0.0,0.0,0.0,0.0,0.0,0.0,0.0,0.0,,,,,,,,,,,,,,,,,,,,,"rgba(38, 166, 154, 1.0)"
2023-03-31 00:00:00+00:00,9.9407993967,9.9407993967,9.9407993967,9.9407993967,964,0.0,0.0,0.0,0.0,0.0,0.0,0.0,0.0,,,,,,,,,,,,,,,,,,,,,"rgba(38, 166, 154, 0.5)"
2023-04-03 00:00:00+00:00,10.0377828054,10.0377828054,10.0377828054,10.0377828054,401,0.0,0.0,0.0,0.0,0.0,0.0,0.0,0.0,,,,,,,,,,,,,,,,,,,,,"rgba(38, 166, 154, 1.0)"
2023-04-04 00:00:00+00:00,9.9941402715,9.9941402715,9.9504977376,9.950594721,2511,0.0,0.0,0.0,0.0,0.0,0.0,0.0,0.0,,,,,,,,,,,,,,,,,,,,,"rgba(38, 166, 154, 1.0)"
2023-04-05 00:00:00+00:00,9.950594721,9.950594721,9.9504977376,9.9504977376,280,0.0,0.0,0.0,0.0,0.0,0.0,0.0,0.0,,,,,,,,,,,,,,,,,,,,,"rgba(38, 166, 154, 0.5)"
2023-04-06 00:00:00+00:00,9.950594721,9.950594721,9.950594721,9.950594721,150,0.0,0.0,0.0,0.0,0.0,0.0,0.0,0.0,,,,,,,,,,,,,,,,,,,,,"rgba(38, 166, 154, 0.5)"
2023-04-10 00:00:00+00:00,9.9698944193,9.9795927602,9.9698944193,9.9795927602,621,0.0,0.0,0.0,0.0,0.0,0.0,0.0,0.0,,,,,,,,,,,,,,,,,,,,,"rgba(38, 166, 154, 0.5)"
2023-04-11 00:00:00+00:00,9.9795927602,9.9892911011,9.9601960784,9.9601960784,6824,0.0,0.0,0.0,0.0,0.0,0.0,0.0,0.0,,,,,,,,,,,,,,,,,,,,,"rgba(38, 166, 154, 0.5)"
2023-04-12 00:00:00+00:00,9.9795927602,9.9892911011,9.9698944193,9.9698944193,11110,0.0,0.0,0.0,0.0,0.0,0.0,0.0,0.0,,,,,,,,,,,,,,,,,,,,,"rgba(38, 166, 154, 0.5)"
2023-04-13 00:00:00+00:00,9.9892911011,9.9892911011,9.9698944193,9.9698944193,5918,0.0,0.0,0.0,0.0,0.0,0.0,0.0,0.0,,,,,,,,,,,,,,,,,,,,,"rgba(38, 166, 154, 0.5)"
2023-04-14 00:00:00+00:00,9.9698944193,9.9795927602,9.9698944193,9.9698944193,6210,0.0,0.0,0.0,0.0,0.0,0.0,0.0,0.0,,,,,,,,,,,,,,,,,,,,,"rgba(38, 166, 154, 0.5)"
2023-04-17 00:00:00+00:00,9.9989894419,10.0765761689,9.9020060332,9.9020060332,8531,0.0,0.0,0.0,0.0,0.0,0.0,0.0,0.0,,,,,,,,,,,,,,,,,,,,,"rgba(38, 166, 154, 0.5)"
2023-04-18 00:00:00+00:00,9.9989894419,10.0232352941,9.9796897436,9.9796897436,1691,0.0,0.0,0.0,0.0,0.0,0.0,0.0,0.0,,,,,,,,,,,,,,,,,,,,,"rgba(38, 166, 154, 0.5)"
2023-04-19 00:00:00+00:00,10.0959728507,10.0959728507,9.9795927602,9.9892911011,1824,0.0,0.0,0.0,0.0,0.0,0.0,0.0,0.0,,,,,,,,,,,,,,,,,,,,,"rgba(38, 166, 154, 1.0)"
2023-04-20 00:00:00+00:00,9.9795927602,10.0668778281,9.9698944193,10.0668778281,2198,0.0,0.0,0.0,0.0,0.0,0.0,0.0,0.0,,,,,,,,,,,,,,,,,,,,,"rgba(38, 166, 154, 0.75)"
2023-04-21 00:00:00+00:00,10.0038386124,10.0280844646,9.9795927602,10.0280844646,1333,0.0,0.0,0.0,0.0,0.0,0.0,0.0,0.0,,,,,,,,,,,,,,,,,,,,,"rgba(38, 166, 154, 0.5)"
2023-04-24 00:00:00+00:00,10.0038386124,10.0038386124,10.0038386124,10.0038386124,18,0.0,0.0,0.0,0.0,0.0,0.0,0.0,0.0,,,,,,,,,,,,,,,,,,,,,"rgba(38, 166, 154, 0.5)"
2023-04-25 00:00:00+00:00,9.9880303167,9.9892911011,9.9650452489,9.9795927602,6017,0.0,0.0,0.0,0.0,0.0,0.0,0.0,0.0,,,,,,,,,,,,,,,,,,,,,"rgba(38, 166, 154, 0.5)"
2023-04-26 00:00:00+00:00,9.9795927602,9.9795927602,9.9795927602,9.9795927602,266,0.0,0.0,0.0,0.0,0.0,0.0,0.0,0.0,,,,,,,,,,,,,,,,,,,,,#000000
2023-04-27 00:00:00+00:00,9.9795927602,9.9795927602,9.9698944193,9.9698944193,9010,0.0,0.0,0.0,0.0,0.0,0.0,0.0,0.0,,,,,,,,,,,,,,,,,,,,,#000000
2023-04-28 00:00:00+00:00,9.9795927602,9.9844419306,9.9795927602,9.9795927602,1430,0.0,0.0,0.0,0.0,0.0,0.0,0.0,0.0,,,,,,,,,,,,,,,,,,,,,#000000
2023-05-01 00:00:00+00:00,9.9795927602,10.0038386124,9.9407993967,9.9796897436,5125,0.0,0.0,0.0,0.0,0.0,0.0,0.0,0.0,,,,,,,,,,,,,,,,,,,,,#000000
2023-05-02 00:00:00+00:00,9.9795927602,10.0135369532,9.9698944193,9.9795927602,38752,0.0,0.0,0.0,0.0,0.0,0.0,0.0,0.0,,,,,,,,,,,,,,,,,,,,,#000000
2023-05-03 00:00:00+00:00,9.9698944193,9.9892911011,9.9698944193,9.9892911011,2210,0.0,0.0,0.0,0.0,0.0,0.0,0.0,0.0,,,,,,,,,,,,,,,,,,,,,#000000
2023-05-04 00:00:00+00:00,9.9699914027,10.0038386124,9.9699914027,10.0038386124,1256,0.0,0.0,0.0,0.0,0.0,0.0,0.0,0.0,,,,,,,,,,,,,,,,,,,,,"rgba(239, 83, 80, 1.0)"
2023-05-05 00:00:00+00:00,9.9699914027,9.9699914027,9.9699914027,9.9699914027,305,0.0,0.0,0.0,0.0,0.0,0.0,0.0,0.0,,,,,,,,,,,,,,,,,,,,,"rgba(239, 83, 80, 1.0)"
2023-05-08 00:00:00+00:00,9.9844419306,10.0135369532,9.9795927602,9.9795927602,25598,0.0,0.0,0.0,0.0,0.0,0.0,0.0,0.0,,,,,,,,,,,,,,,,,,,,,#000000
2023-05-09 00:00:00+00:00,9.9795927602,10.0135369532,9.9795927602,10.0135369532,15252,0.0,0.0,0.0,0.0,0.0,0.0,0.0,0.0,,,,,,,,,,,,,,,,,,,,,#000000
2023-05-10 00:00:00+00:00,10.0086877828,10.0135369532,9.9795927602,10.0135369532,6006,0.0,0.0,0.0,0.0,0.0,0.0,0.0,0.0,,,,,,,,,,,,,,,,,,,,,#000000
2023-05-11 00:00:00+00:00,10.0086877828,10.0086877828,10.0086877828,10.0086877828,0,0.0,0.0,0.0,0.0,0.0,0.0,0.0,0.0,,,,,,,,,,,,,,,,,,,,,"rgba(38, 166, 154, 0.5)"
2023-05-12 00:00:00+00:00,10.0086877828,10.0086877828,10.0086877828,10.0086877828,165,0.0,0.0,0.0,0.0,0.0,0.0,0.0,0.0,,,,,,,,,,,,,,,,,,,,,"rgba(38, 166, 154, 1.0)"
2023-05-15 00:00:00+00:00,10.0474811463,10.0474811463,9.9941402715,10.0280844646,208591,0.0,0.0,0.0,0.0,0.0,0.0,0.0,0.0,,,,,,,,,,,,,,,,,,,,,"rgba(38, 166, 154, 1.0)"
2023-05-16 00:00:00+00:00,9.9892911011,9.9892911011,9.9892911011,9.9892911011,581,0.0,0.0,0.0,0.0,0.0,0.0,0.0,0.0,,,,,,,,,,,,,,,,,,,,,"rgba(38, 166, 154, 0.75)"
2023-05-17 00:00:00+00:00,10.0377828054,10.0523303167,9.9795927602,9.9795927602,2500,0.0,0.0,0.0,0.0,0.0,0.0,0.0,0.0,,,,,,,,,,,,,,,,,,,,,"rgba(38, 166, 154, 0.75)"
2023-05-18 00:00:00+00:00,9.9893880845,10.0125671192,9.9795927602,9.9810475113,3959,0.0,0.0,0.0,0.0,0.0,0.0,0.0,0.0,,,,,,,,,,,,,,,,,,,,,"rgba(38, 166, 154, 0.5)"
2023-05-19 00:00:00+00:00,9.9989894419,10.0620286576,9.9989894419,10.0620286576,10704,0.0,0.0,0.0,0.0,0.0,0.0,0.0,0.0,,,,,,,,,,,,,,,,,,,,,"rgba(38, 166, 154, 0.5)"
2023-05-22 00:00:00+00:00,9.9989894419,9.9989894419,9.9989894419,9.9989894419,100,0.0,0.0,0.0,0.0,0.0,0.0,0.0,0.0,,,,,,,,,,,,,,,,,,,,,#000000
2023-05-23 00:00:00+00:00,9.9989894419,9.9989894419,9.9989894419,9.9989894419,0,0.0,0.0,0.0,0.0,0.0,0.0,0.0,0.0,,,,,,,,,,,,,,,,,,,,,#000000
2023-05-24 00:00:00+00:00,9.9795927602,9.9795927602,9.9795927602,9.9795927602,610,0.0,0.0,0.0,0.0,0.0,0.0,0.0,0.0,,,,,,,,,,,,,,,,,,,,,#000000
2023-05-25 00:00:00+00:00,9.9795927602,9.9795927602,9.9795927602,9.9795927602,86,0.0,0.0,0.0,0.0,0.0,0.0,0.0,0.0,,,,,,,,,,,,,,,,,,,,,#000000
2023-05-26 00:00:00+00:00,9.9795927602,9.9795927602,9.9795927602,9.9795927602,8002,0.0,0.0,0.0,0.0,0.0,0.0,0.0,0.0,,,,,,,,,,,,,,,,,,,,,"rgba(239, 83, 80, 1.0)"
2023-05-30 00:00:00+00:00,9.9795927602,9.9795927602,9.9795927602,9.9795927602,160,0.0,0.0,0.0,0.0,0.0,0.0,0.0,0.0,,,,,,,,,,,,,,,,,,,,,"rgba(239, 83, 80, 1.0)"
2023-05-31 00:00:00+00:00,9.9795927602,9.9795927602,9.9795927602,9.9795927602,0,0.0,0.0,0.0,0.0,0.0,0.0,0.0,0.0,,,,,,,,,,,,,,,,,,,,,"rgba(239, 83, 80, 1.0)"
2023-06-01 00:00:00+00:00,9.9795927602,9.9892911011,9.9795927602,9.9892911011,1377,0.0,0.0,0.0,0.0,0.0,0.0,0.0,0.0,,,,,,,,,,,,,,,,,,,,,"rgba(239, 83, 80, 1.0)"
2023-06-02 00:00:00+00:00,9.9795927602,9.9795927602,9.9795927602,9.9795927602,0,0.0,0.0,0.0,0.0,0.0,0.0,0.0,0.0,,,,,,,,,,,,,,,,,,,,,"rgba(239, 83, 80, 1.0)"
2023-06-05 00:00:00+00:00,9.9795927602,9.9795927602,9.9795927602,9.9795927602,0,0.0,0.0,0.0,0.0,0.0,0.0,0.0,0.0,,,,,,,,,,,,,,,,,,,,,"rgba(239, 83, 80, 1.0)"
2023-06-06 00:00:00+00:00,10.0086877828,10.0183861237,9.9892911011,9.9892911011,12772,0.0,0.0,0.0,0.0,0.0,0.0,0.0,0.0,,,,,,,,,,,,,,,,,,,,,#000000
2023-06-07 00:00:00+00:00,10.0571794872,10.0668778281,10.0571794872,10.0668778281,527,0.0,0.0,0.0,0.0,0.0,0.0,0.0,0.0,,,,,,,,,,,,,,,,,,,,,"rgba(38, 166, 154, 1.0)"
2023-06-08 00:00:00+00:00,10.0571794872,10.0571794872,10.0571794872,10.0571794872,0,0.0,0.0,0.0,0.0,0.0,0.0,0.0,0.0,,,,,,,,,,,,,,,,,,,,,"rgba(38, 166, 154, 1.0)"
2023-06-09 00:00:00+00:00,10.0571794872,10.0571794872,10.0571794872,10.0571794872,10,0.0,0.0,0.0,0.0,0.0,0.0,0.0,0.0,,,,,,,,,,,,,,,,,,,,,"rgba(38, 166, 154, 1.0)"
2023-06-12 00:00:00+00:00,10.1347662142,10.1347662142,10.1153695324,10.1250678733,9140,0.0,0.0,0.0,0.0,0.0,0.0,0.0,0.0,,,,,,,,,,,,,,,,,,,,,"rgba(38, 166, 154, 1.0)"
2023-06-13 00:00:00+00:00,10.0474811463,10.0474811463,10.0474811463,10.0474811463,366,0.0,0.0,0.0,0.0,0.0,0.0,0.0,0.0,,,,,,,,,,,,,,,,,,,,,"rgba(38, 166, 154, 0.75)"
2023-06-14 00:00:00+00:00,10.1153695324,10.1153695324,10.1056711916,10.1153695324,5231,0.0,0.0,0.0,0.0,0.0,0.0,0.0,0.0,,,,,,,,,,,,,,,,,,,,,"rgba(38, 166, 154, 0.75)"
2023-06-15 00:00:00+00:00,10.1590120664,10.1638612368,10.1541628959,10.1638612368,2331,0.0,0.0,0.0,0.0,0.0,0.0,0.0,0.0,,,,,,,,,,,,,,,,,,,,,"rgba(38, 166, 154, 0.75)"
2023-06-16 00:00:00+00:00,10.3966214178,10.5517948718,10.1687104072,10.1832579186,81243,0.0,0.0,0.0,0.0,0.0,0.0,0.0,0.0,,,,,,,,,,,,,,,,,,,,,"rgba(38, 166, 154, 1.0)"
2023-06-20 00:00:00+00:00,10.2608446456,10.3287330317,10.0668778281,10.2026546003,37006,0.0,0.0,0.0,0.0,0.0,0.0,0.0,0.0,,,,,,,,,,,,,,,,,,,,,"rgba(38, 166, 154, 1.0)"
2023-06-21 00:00:00+00:00,10.0571794872,10.0715330317,10.0571794872,10.0715330317,1410,0.0,0.0,0.0,0.0,0.0,0.0,0.0,0.0,,,,,,,,,,,,,,,,,,,,,"rgba(38, 166, 154, 0.75)"
2023-06-22 00:00:00+00:00,10.0668778281,10.0668778281,10.0280844646,10.0280844646,2493,0.0,0.0,0.0,0.0,0.0,0.0,0.0,0.0,,,,,,,,,,,,,,,,,,,,,"rgba(38, 166, 154, 0.5)"
2023-06-23 00:00:00+00:00,9.9504977376,10.1202187029,9.9504977376,10.0280844646,34371,0.0,0.0,0.0,0.0,0.0,0.0,0.0,0.0,,,,,,,,,,,,,,,,,,,,,#000000
2023-06-26 00:00:00+00:00,9.6304524887,9.9698944193,9.2328205128,9.2328205128,22585,0.0,0.0,0.0,0.0,0.0,0.0,0.0,0.0,,,,,,,,,,,,,,,,,,,,,"rgba(239, 83, 80, 1.0)"
2023-06-27 00:00:00+00:00,9.5043740573,9.6983408748,9.3036184012,9.4073906486,12187,0.0,0.0,0.0,0.0,0.0,0.0,0.0,0.0,,,,,,,,,,,,,,,,,,,,,"rgba(239, 83, 80, 1.0)"
2023-06-28 00:00:00+00:00,10.6681749623,11.0852036199,9.7473174962,9.8923076923,52290,0.0,0.0,0.0,0.0,0.0,0.0,0.0,0.0,,,,,,,,,,,,,,,,,,,,,"rgba(239, 83, 80, 0.75)"
2023-06-29 00:00:00+00:00,9.4170889894,10.7603092006,9.3782956259,10.687571644,140475,0.0,0.0,0.0,0.0,0.0,0.0,0.0,0.0,,,,,,,,,,,,,,,,,,,,,"rgba(239, 83, 80, 0.75)"
2023-06-30 00:00:00+00:00,9.7274358974,10.1347662142,9.3879939668,9.5819607843,24080,0.0,0.0,0.0,0.0,0.0,0.0,0.0,0.0,,,,,,,,,,,,,,,,,,,,,"rgba(239, 83, 80, 0.75)"
2023-07-03 00:00:00+00:00,10.5226998492,10.9300301659,10.1056711916,10.1541628959,110732,0.0,0.0,0.0,0.0,0.0,0.0,0.0,0.0,,,,,,,,,,,,,,,,,,,,,#000000
2023-07-31 00:00:00+00:00,6.042066365,6.5179639517,5.964479638,5.964479638,37733,0.0,0.0,0.0,0.0,0.0,0.0,0.0,0.0,,,,,,,,,,,,,,,,,,,,,"rgba(239, 83, 80, 1.0)"
2023-08-01 00:00:00+00:00,6.2845248869,6.585173454,6.0517647059,6.3039215686,100121,0.0,0.0,0.0,0.0,0.0,0.0,0.0,0.0,,,,,,,,,,,,,,,,,,,,,"rgba(239, 83, 80, 1.0)"
2023-08-02 00:00:00+00:00,6.0614630468,6.2942232278,6.0614630468,6.2845248869,21432,0.0,0.0,0.0,0.0,0.0,0.0,0.0,0.0,,,,,,,,,,,,,,,,,,,,,"rgba(239, 83, 80, 1.0)"
2023-08-03 00:00:00+00:00,5.9062895928,6.2942232278,5.731719457,6.1002564103,64662,0.0,0.0,0.0,0.0,0.0,0.0,0.0,0.0,,,,,,,,,,,,,,,,,,,,,"rgba(239, 83, 80, 1.0)"
2023-08-04 00:00:00+00:00,6.0711613876,6.0711613876,5.7996078431,5.8480995475,49169,0.0,0.0,0.0,0.0,0.0,0.0,0.0,0.0,,,,,,,,,,,,,,,,,,,,,"rgba(239, 83, 80, 1.0)"
2023-08-07 00:00:00+00:00,6.042066365,6.2069381599,5.8384012066,6.1778431373,22800,0.0,0.0,0.0,0.0,0.0,0.0,0.0,0.0,,,,,,,,,,,,,,,,,,,,,"rgba(239, 83, 80, 1.0)"
2023-08-08 00:00:00+00:00,5.6250377074,6.0614630468,5.6250377074,5.9062895928,23557,0.0,0.0,0.0,0.0,0.0,0.0,0.0,0.0,,,,,,,,,,,,,,,,,,,,,"rgba(239, 83, 80, 1.0)"
2023-08-09 00:00:00+00:00,5.8190045249,5.8674962293,5.6638310709,5.8674962293,6116,0.0,0.0,0.0,0.0,0.0,0.0,0.0,0.0,,,,,,,,,,,,,,,,,,,,,"rgba(239, 83, 80, 1.0)"
2023-08-10 00:00:00+00:00,5.65413273,5.964479638,5.65413273,5.8190045249,19789,0.0,0.0,0.0,0.0,0.0,0.0,0.0,0.0,,,,,,,,,,,,,,,,,,,,,"rgba(239, 83, 80, 1.0)"
2023-08-11 00:00:00+00:00,5.9159879336,6.0469155354,5.7220211161,5.7220211161,13551,0.0,0.0,0.0,0.0,0.0,0.0,0.0,0.0,,,,,,,,,,,,,,,,,,,,,"rgba(239, 83, 80, 1.0)"
2023-08-14 00:00:00+00:00,6.6918552036,7.0312971342,6.0161717949,6.1390497738,84730,0.0,0.0,0.0,0.0,0.0,0.0,0.0,0.0,,,,,,,,,,,,,,,,,,,,,"rgba(239, 83, 80, 0.75)"
2023-08-15 00:00:00+00:00,7.3707390649,7.4968174962,6.5560784314,6.7888386124,47199,0.0,0.0,0.0,0.0,0.0,0.0,0.0,0.0,,,,,,,,,,,,,,,,,,,,,"rgba(239, 83, 80, 0.75)"
2023-08-16 00:00:00+00:00,7.283453997,7.516214178,7.2737556561,7.4095324284,17050,0.0,0.0,0.0,0.0,0.0,0.0,0.0,0.0,,,,,,,,,,,,,,,,,,,,,"rgba(239, 83, 80, 0.75)"
2023-08-17 00:00:00+00:00,7.2640573152,7.4192307692,7.0409954751,7.3707390649,31773,0.0,0.0,0.0,0.0,0.0,0.0,0.0,0.0,,,,,,,,,,,,,,,,,,,,,"rgba(239, 83, 80, 0.75)"
2023-08-18 00:00:00+00:00,7.361040724,7.4192307692,6.895520362,7.2737556561,14635,0.0,0.0,0.0,0.0,0.0,0.0,0.0,0.0,,,,,,,,,,,,,,,,,,,,,#000000
2023-08-21 00:00:00+00:00,7.0991855204,7.3028506787,7.0312971342,7.2737556561,12334,0.0,0.0,0.0,0.0,0.0,0.0,0.0,0.0,,,,,,,,,,,,,,,,,,,,,#000000
2023-08-22 00:00:00+00:00,7.239811463,7.2737556561,7.1470953243,7.1961689291,4542,0.0,0.0,0.0,0.0,0.0,0.0,0.0,0.0,,,,,,,,,,,,,,,,,,,,,#000000
2023-08-23 00:00:00+00:00,7.361040724,7.6131975867,7.0312971342,7.0797888386,23500,0.0,0.0,0.0,0.0,0.0,0.0,0.0,0.0,,,,,,,,,,,,,,,,,,,,,#000000
2023-08-24 00:00:00+00:00,7.1476772247,7.3319457014,7.0361463047,7.3319457014,10279,0.0,0.0,0.0,0.0,0.0,0.0,0.0,0.0,,,,,,,,,,,,,,,,,,,,,#000000
2023-08-25 00:00:00+00:00,6.9440120664,7.3707390649,6.9343137255,7.0894871795,10575,0.0,0.0,0.0,0.0,0.0,0.0,0.0,0.0,,,,,,,,,,,,,,,,,,,,,#000000
2023-08-28 00:00:00+00:00,8.9224736048,9.6110558069,7.0119004525,7.0119004525,110477,0.0,0.0,0.0,0.0,0.0,0.0,0.0,0.0,,,,,,,,,,,,,,,,,,,,,"rgba(38, 166, 154, 1.0)"
2023-08-29 00:00:00+00:00,9.2037254902,9.5915621418,8.4181598793,8.9709653092,34530,0.0,0.0,0.0,0.0,0.0,0.0,0.0,0.0,,,,,,,,,,,,,,,,,,,,,"rgba(38, 166, 154, 1.0)"
2023-08-30 00:00:00+00:00,9.1067420814,9.2425188537,8.7285067873,9.2425188537,8884,0.0,0.0,0.0,0.0,0.0,0.0,0.0,0.0,,,,,,,,,,,,,,,,,,,,,"rgba(38, 166, 154, 1.0)"
2023-08-31 00:00:00+00:00,8.835188537,9.4073906486,8.835188537,9.1712360483,11064,0.0,0.0,0.0,0.0,0.0,0.0,0.0,0.0,,,,,,,,,,,,,,,,,,,,,"rgba(38, 166, 154, 1.0)"
2023-09-01 00:00:00+00:00,8.8836802413,9.3395022624,8.8642835596,9.1358371041,11848,0.0,0.0,0.0,0.0,0.0,0.0,0.0,0.0,,,,,,,,,,,,,,,,,,,,,"rgba(38, 166, 154, 1.0)"
2023-09-05 00:00:00+00:00,8.7866968326,9.3046852187,8.7866968326,9.3046852187,12672,0.0,0.0,0.0,0.0,0.0,0.0,0.0,0.0,,,,,,,,,,,,,,,,,,,,,"rgba(38, 166, 154, 1.0)"
2023-09-06 00:00:00+00:00,8.7188084465,9.2134238311,8.4569532428,8.7866968326,16167,0.0,0.0,0.0,0.0,0.0,0.0,0.0,0.0,,,,,,,,,,,,,,,,,,,,,"rgba(38, 166, 154, 1.0)"
2023-09-07 00:00:00+00:00,7.9332428356,9.2134238311,7.8654514329,8.8060935143,45013,0.0,0.0,0.0,0.0,0.0,0.0,0.0,0.0,,,,,,,,,,,,,,,,,,,,,"rgba(38, 166, 154, 0.75)"
2023-09-08 00:00:00+00:00,7.2737556561,8.0787179487,7.2640573152,7.8750527903,40184,0.0,0.0,0.0,0.0,0.0,0.0,0.0,0.0,,,,,,,,,,,,,,,,,,,,,#000000
2023-09-11 00:00:00+00:00,7.516214178,7.9429411765,7.3319457014,7.3319457014,3348,0.0,0.0,0.0,0.0,0.0,0.0,0.0,0.0,,,,,,,,,,,,,,,,,,,,,#000000
2023-09-12 00:00:00+00:00,7.8556561086,8.4860482655,7.8071644042,8.3017797888,2101,0.0,0.0,0.0,0.0,0.0,0.0,0.0,0.0,,,,,,,,,,,,,,,,,,,,,#000000
2023-09-13 00:00:00+00:00,8.0302262443,8.3163273002,7.3319457014,7.8944494721,31624,0.0,0.0,0.0,0.0,0.0,0.0,0.0,0.0,,,,,,,,,,,,,,,,,,,,,#000000
2023-09-14 00:00:00+00:00,7.4192307692,8.3890648567,7.4192307692,7.8362594268,19663,0.0,0.0,0.0,0.0,0.0,0.0,0.0,0.0,,,,,,,,,,,,,,,,,,,,,"rgba(239, 83, 80, 0.5)"
2023-09-15 00:00:00+00:00,7.4871191554,7.9429411765,7.4192307692,7.4677224736,19201,0.0,0.0,0.0,0.0,0.0,0.0,0.0,0.0,,,,,,,,,,,,,,,,,,,,,"rgba(239, 83, 80, 0.5)"
2023-09-18 00:00:00+00:00,6.9246153846,7.748974359,6.8481924585,7.2543589744,29252,0.0,0.0,0.0,0.0,0.0,0.0,0.0,0.0,,,,,,,,,,,,,,,,,,,,,"rgba(239, 83, 80, 1.0)"
2023-09-19 00:00:00+00:00,7.0312971342,7.3658898944,7.0119004525,7.0700904977,17904,0.0,0.0,0.0,0.0,0.0,0.0,0.0,0.0,,,,,,,,,,,,,,,,,,,,,"rgba(239, 83, 80, 1.0)"
2023-09-20 00:00:00+00:00,6.7985369532,7.1148968326,6.7888386124,7.0700904977,5489,0.0,0.0,0.0,0.0,0.0,0.0,0.0,0.0,,,,,,,,,,,,,,,,,,,,,"rgba(239, 83, 80, 1.0)"
2023-09-21 00:00:00+00:00,6.8858220211,7.6325942685,6.5463800905,6.9828054299,22522,0.0,0.0,0.0,0.0,0.0,0.0,0.0,0.0,,,,,,,,,,,,,,,,,,,,,"rgba(239, 83, 80, 1.0)"
2023-09-22 00:00:00+00:00,6.585173454,6.9343137255,6.585173454,6.9343137255,2070,0.0,0.0,0.0,0.0,0.0,0.0,0.0,0.0,,,,,,,,,,,,,,,,,,,,,"rgba(239, 83, 80, 1.0)"
2023-09-25 00:00:00+00:00,6.3136199095,7.1185822021,6.3136199095,6.6142684766,20737,0.0,0.0,0.0,0.0,0.0,0.0,0.0,0.0,,,,,,,,,,,,,,,,,,,,,"rgba(239, 83, 80, 1.0)"
2023-09-26 00:00:00+00:00,6.5657767722,6.8033861237,6.3330165913,6.3427149321,12850,0.0,0.0,0.0,0.0,0.0,0.0,0.0,0.0,,,,,,,,,,,,,,,,,,,,,"rgba(239, 83, 80, 1.0)"
2023-09-27 00:00:00+00:00,7.0119004525,7.1669769231,6.6142684766,6.6142684766,3064,0.0,0.0,0.0,0.0,0.0,0.0,0.0,0.0,,,,,,,,,,,,,,,,,,,,,"rgba(239, 83, 80, 0.75)"
2023-09-28 00:00:00+00:00,6.817933635,7.2883031674,6.817933635,7.0119004525,7761,0.0,0.0,0.0,0.0,0.0,0.0,0.0,0.0,,,,,,,,,,,,,,,,,,,,,"rgba(239, 83, 80, 0.75)"
2023-09-29 00:00:00+00:00,6.6239668175,7.3707390649,6.5948717949,6.9828054299,20691,0.0,0.0,0.0,0.0,0.0,0.0,0.0,0.0,,,,,,,,,,,,,,,,,,,,,"rgba(239, 83, 80, 0.75)"
2023-10-02 00:00:00+00:00,7.0119004525,7.0119004525,6.4978883861,6.6433634992,8538,0.0,0.0,0.0,0.0,0.0,0.0,0.0,0.0,,,,,,,,,,,,,,,,,,,,,"rgba(239, 83, 80, 0.5)"
2023-10-03 00:00:00+00:00,6.7209502262,6.7209502262,6.6191176471,6.6191176471,524,0.0,0.0,0.0,0.0,0.0,0.0,0.0,0.0,,,,,,,,,,,,,,,,,,,,,"rgba(239, 83, 80, 0.5)"
2023-10-04 00:00:00+00:00,7.1779360483,7.2010180995,6.7306485671,6.8130844646,3527,0.0,0.0,0.0,0.0,0.0,0.0,0.0,0.0,,,,,,,,,,,,,,,,,,,,,"rgba(239, 83, 80, 0.5)"
2023-10-05 00:00:00+00:00,6.740346908,7.0904570136,6.6821568627,7.0409954751,13566,0.0,0.0,0.0,0.0,0.0,0.0,0.0,0.0,,,,,,,,,,,,,,,,,,,,,"rgba(239, 83, 80, 0.5)"
2023-10-06 00:00:00+00:00,6.7888386124,6.8761236802,6.6433634992,6.7888386124,5965,0.0,0.0,0.0,0.0,0.0,0.0,0.0,0.0,,,,,,,,,,,,,,,,,,,,,"rgba(239, 83, 80, 0.5)"
2023-10-09 00:00:00+00:00,6.6045701357,6.6821568627,6.3330165913,6.6336651584,6418,0.0,0.0,0.0,0.0,0.0,0.0,0.0,0.0,,,,,,,,,,,,,,,,,,,,,"rgba(239, 83, 80, 0.5)"
2023-10-10 00:00:00+00:00,6.7888386124,6.8858220211,6.5948717949,6.5948717949,2465,0.0,0.0,0.0,0.0,0.0,0.0,0.0,0.0,,,,,,,,,,,,,,,,,,,,,"rgba(239, 83, 80, 0.5)"
2023-10-11 00:00:00+00:00,6.3621116139,6.5172850679,6.2069381599,6.507586727,12513,0.0,0.0,0.0,0.0,0.0,0.0,0.0,0.0,,,,,,,,,,,,,,,,,,,,,"rgba(239, 83, 80, 0.5)"
2023-10-12 00:00:00+00:00,6.4687933635,6.6191176471,6.4009049774,6.6191176471,1899,0.0,0.0,0.0,0.0,0.0,0.0,0.0,0.0,,,,,,,,,,,,,,,,,,,,,"rgba(239, 83, 80, 0.5)"
2023-10-13 00:00:00+00:00,6.1002564103,6.5981692308,6.0129713424,6.5657767722,10444,0.0,0.0,0.0,0.0,0.0,0.0,0.0,0.0,,,,,,,,,,,,,,,,,,,,,"rgba(239, 83, 80, 1.0)"
2023-10-16 00:00:00+00:00,6.2069381599,6.4396983409,6.1293514329,6.1293514329,3334,0.0,0.0,0.0,0.0,0.0,0.0,0.0,0.0,,,,,,,,,,,,,,,,,,,,,"rgba(239, 83, 80, 1.0)"
2023-10-17 00:00:00+00:00,6.3039215686,6.633568175,6.3039215686,6.4009049774,2364,0.0,0.0,0.0,0.0,0.0,0.0,0.0,0.0,,,,,,,,,,,,,,,,,,,,,"rgba(239, 83, 80, 1.0)"
2023-10-18 00:00:00+00:00,6.5657767722,6.5801303167,6.0634027149,6.0634027149,7422,0.0,0.0,0.0,0.0,0.0,0.0,0.0,0.0,,,,,,,,,,,,,,,,,,,,,"rgba(239, 83, 80, 0.5)"
2023-10-19 00:00:00+00:00,6.0226696833,6.4784917044,6.0129713424,6.4784917044,12714,0.0,0.0,0.0,0.0,0.0,0.0,0.0,0.0,,,,,,,,,,,,,,,,,,,,,"rgba(239, 83, 80, 0.75)"
2023-10-20 00:00:00+00:00,6.0226696833,6.2457315234,5.964479638,6.0129713424,5222,0.0,0.0,0.0,0.0,0.0,0.0,0.0,0.0,,,,,,,,,,,,,,,,,,,,,"rgba(239, 83, 80, 1.0)"
2023-10-23 00:00:00+00:00,5.9159879336,6.6044731523,5.8384012066,6.0808597285,3776,0.0,0.0,0.0,0.0,0.0,0.0,0.0,0.0,,,,,,,,,,,,,,,,,,,,,"rgba(239, 83, 80, 1.0)"
2023-10-24 00:00:00+00:00,6.0024001508,6.0024001508,6.0024001508,6.0024001508,1669,0.0,0.0,0.0,0.0,0.0,0.0,0.0,0.0,,,,,,,,,,,,,,,,,,,,,"rgba(239, 83, 80, 1.0)"
2023-10-25 00:00:00+00:00,6.1778431373,6.6724585219,5.8287998492,5.9935746606,13315,0.0,0.0,0.0,0.0,0.0,0.0,0.0,0.0,,,,,,,,,,,,,,,,,,,,,"rgba(239, 83, 80, 1.0)"
2023-10-26 00:00:00+00:00,5.886892911,6.1875414781,5.886892911,6.1875414781,1050,0.0,0.0,0.0,0.0,0.0,0.0,0.0,0.0,,,,,,,,,,,,,,,,,,,,,"rgba(239, 83, 80, 1.0)"
2023-10-27 00:00:00+00:00,5.9693288084,5.9741779789,5.8190045249,5.8190045249,4419,0.0,0.0,0.0,0.0,0.0,0.0,0.0,0.0,,,,,,,,,,,,,,,,,,,,,"rgba(239, 83, 80, 1.0)"
2023-10-30 00:00:00+00:00,5.9159879336,6.1574766214,5.8384012066,5.9450829563,3487,0.0,0.0,0.0,0.0,0.0,0.0,0.0,0.0,,,,,,,,,,,,,,,,,,,,,"rgba(239, 83, 80, 1.0)"
2023-10-31 00:00:00+00:00,5.9271410256,5.9271410256,5.9271410256,5.9271410256,536,0.0,0.0,0.0,0.0,0.0,0.0,0.0,0.0,,,,,,,,,,,,,,,,,,,,,"rgba(239, 83, 80, 1.0)"
2023-11-01 00:00:00+00:00,6.0905580694,6.2845248869,6.0731010558,6.1099547511,6893,0.0,0.0,0.0,0.0,0.0,0.0,0.0,0.0,,,,,,,,,,,,,,,,,,,,,"rgba(239, 83, 80, 0.75)"
2023-11-02 00:00:00+00:00,6.1099547511,6.1535972851,6.0614630468,6.0614630468,4941,0.0,0.0,0.0,0.0,0.0,0.0,0.0,0.0,,,,,,,,,,,,,,,,,,,,,"rgba(239, 83, 80, 0.75)"
2023-11-03 00:00:00+00:00,6.43,6.43,6.1099547511,6.2069381599,2643,0.0,0.0,0.0,0.0,0.0,0.0,0.0,0.0,,,,,,,,,,,,,,,,,,,,,#000000
2023-11-06 00:00:00+00:00,6.5948717949,6.9343137255,6.3136199095,6.4009049774,5394,0.0,0.0,0.0,0.0,0.0,0.0,0.0,0.0,,,,,,,,,,,,,,,,,,,,,"rgba(38, 166, 154, 1.0)"
2023-11-07 00:00:00+00:00,6.6918552036,7.2349622926,6.6821568627,6.6967043741,25229,0.0,0.0,0.0,0.0,0.0,0.0,0.0,0.0,,,,,,,,,,,,,,,,,,,,,"rgba(38, 166, 154, 1.0)"
2023-11-08 00:00:00+00:00,6.7888386124,6.817933635,6.0129713424,6.6918552036,7029,0.0,0.0,0.0,0.0,0.0,0.0,0.0,0.0,,,,,,,,,,,,,,,,,,,,,"rgba(38, 166, 154, 1.0)"
2023-11-09 00:00:00+00:00,6.7693449472,7.3592950226,6.352413273,6.9828054299,35539,0.0,0.0,0.0,0.0,0.0,0.0,0.0,0.0,,,,,,,,,,,,,,,,,,,,,"rgba(38, 166, 154, 1.0)"
2023-11-10 00:00:00+00:00,6.6239668175,6.7645927602,6.4590950226,6.662760181,7075,0.0,0.0,0.0,0.0,0.0,0.0,0.0,0.0,,,,,,,,,,,,,,,,,,,,,"rgba(38, 166, 154, 1.0)"
2023-11-13 00:00:00+00:00,6.5172850679,6.895520362,6.0323680241,6.895520362,26138,0.0,0.0,0.0,0.0,0.0,0.0,0.0,0.0,,,,,,,,,,,,,,,,,,,,,"rgba(38, 166, 154, 0.75)"
2023-11-14 00:00:00+00:00,5.8478085973,6.740346908,5.576546003,6.740346908,58044,0.0,0.0,0.0,0.0,0.0,0.0,0.0,0.0,,,,,,,,,,,,,,,,,,,,,#000000
2023-11-15 00:00:00+00:00,5.7899095023,6.0129713424,5.7899095023,5.9693288084,9868,0.0,0.0,0.0,0.0,0.0,0.0,0.0,0.0,,,,,,,,,,,,,,,,,,,,,"rgba(239, 83, 80, 0.5)"
2023-11-16 00:00:00+00:00,6.0032730015,6.0808597285,5.8384012066,6.0808597285,22865,0.0,0.0,0.0,0.0,0.0,0.0,0.0,0.0,,,,,,,,,,,,,,,,,,,,,"rgba(239, 83, 80, 1.0)"
2023-11-17 00:00:00+00:00,6.1099547511,6.1584464555,5.6735294118,5.8480995475,17897,0.0,0.0,0.0,0.0,0.0,0.0,0.0,0.0,,,,,,,,,,,,,,,,,,,,,"rgba(239, 83, 80, 0.5)"
2023-11-20 00:00:00+00:00,6.3233182504,6.3330165913,6.1923906486,6.2651282051,3525,0.0,0.0,0.0,0.0,0.0,0.0,0.0,0.0,,,,,,,,,,,,,,,,,,,,,"rgba(239, 83, 80, 0.5)"
2023-11-21 00:00:00+00:00,6.2942232278,6.3330165913,6.0323680241,6.0614630468,13804,0.0,0.0,0.0,0.0,0.0,0.0,0.0,0.0,,,,,,,,,,,,,,,,,,,,,#000000
2023-11-22 00:00:00+00:00,6.9052187029,6.9052187029,6.3330165913,6.3330165913,6898,0.0,0.0,0.0,0.0,0.0,0.0,0.0,0.0,,,,,,,,,,,,,,,,,,,,,"rgba(38, 166, 154, 1.0)"
2023-11-24 00:00:00+00:00,6.7888386124,6.7888386124,6.7112518854,6.7112518854,3176,0.0,0.0,0.0,0.0,0.0,0.0,0.0,0.0,,,,,,,,,,,,,,,,,,,,,"rgba(38, 166, 154, 1.0)"
2023-11-27 00:00:00+00:00,6.895520362,6.9052187029,6.740346908,6.7791402715,11027,0.0,0.0,0.0,0.0,0.0,0.0,0.0,0.0,,,,,,,,,,,,,,,,,,,,,"rgba(38, 166, 154, 1.0)"
2023-11-28 00:00:00+00:00,6.8858220211,7.0894871795,6.8493562594,7.0894871795,7003,0.0,0.0,0.0,0.0,0.0,0.0,0.0,0.0,,,,,,,,,,,,,,,,,,,,,"rgba(38, 166, 154, 1.0)"
2023-11-29 00:00:00+00:00,6.8470286576,7.0603921569,6.8373303167,7.0603921569,7721,0.0,0.0,0.0,0.0,0.0,0.0,0.0,0.0,,,,,,,,,,,,,,,,,,,,,"rgba(38, 166, 154, 1.0)"
2023-11-30 00:00:00+00:00,6.6918552036,6.7694419306,6.3673487179,6.7694419306,3093,0.0,0.0,0.0,0.0,0.0,0.0,0.0,0.0,,,,,,,,,,,,,,,,,,,,,"rgba(38, 166, 154, 1.0)"
2023-12-01 00:00:00+00:00,6.7985369532,6.8858220211,6.7888386124,6.7888386124,3881,0.0,0.0,0.0,0.0,0.0,0.0,0.0,0.0,,,,,,,,,,,,,,,,,,,,,"rgba(38, 166, 154, 1.0)"
2023-12-04 00:00:00+00:00,6.835972549,6.835972549,6.6918552036,6.7791402715,2154,0.0,0.0,0.0,0.0,0.0,0.0,0.0,0.0,,,,,,,,,,,,,,,,,,,,,"rgba(38, 166, 154, 1.0)"
2023-12-05 00:00:00+00:00,6.6433634992,7.0894871795,6.4360129713,7.0894871795,22814,0.0,0.0,0.0,0.0,0.0,0.0,0.0,0.0,,,,,,,,,,,,,,,,,,,,,"rgba(38, 166, 154, 0.75)"
2023-12-06 00:00:00+00:00,6.7888386124,6.895520362,6.5657767722,6.6724585219,20469,0.0,0.0,0.0,0.0,0.0,0.0,0.0,0.0,,,,,,,,,,,,,,,,,,,,,"rgba(38, 166, 154, 0.75)"
2023-12-07 00:00:00+00:00,6.8814577677,6.9537104072,6.8276319759,6.8858220211,4461,0.0,0.0,0.0,0.0,0.0,0.0,0.0,0.0,,,,,,,,,,,,,,,,,,,,,"rgba(38, 166, 154, 0.75)"
2023-12-08 00:00:00+00:00,6.7888386124,7.1088838612,6.6724585219,7.1088838612,30108,0.0,0.0,0.0,0.0,0.0,0.0,0.0,0.0,,,,,,,,,,,,,,,,,,,,,"rgba(38, 166, 154, 0.75)"
2023-12-11 00:00:00+00:00,6.6918552036,6.9101648567,6.3585232278,6.3585232278,26579,0.0,0.0,0.0,0.0,0.0,0.0,0.0,0.0,,,,,,,,,,,,,,,,,,,,,"rgba(38, 166, 154, 0.75)"
2023-12-12 00:00:00+00:00,7.4677224736,7.6616892911,7.0312971342,7.0312971342,269793,0.0,0.0,0.0,0.0,0.0,0.0,0.0,0.0,,,,,,,,,,,,,,,,,,,,,"rgba(38, 166, 154, 1.0)"
2023-12-13 00:00:00+00:00,7.7198793363,8.0011312217,7.2252639517,7.4192307692,80832,0.0,0.0,0.0,0.0,0.0,0.0,0.0,0.0,,,,,,,,,,,,,,,,,,,,,"rgba(38, 166, 154, 1.0)"
2023-12-14 00:00:00+00:00,8.0011312217,8.1950980392,7.5647058824,7.5648028658,86623,0.0,0.0,0.0,0.0,0.0,0.0,0.0,0.0,,,,,,,,,,,,,,,,,,,,,"rgba(38, 166, 154, 1.0)"
2023-12-15 00:00:00+00:00,7.8071644042,8.0883193062,7.283453997,7.9235444947,33123,0.0,0.0,0.0,0.0,0.0,0.0,0.0,0.0,,,,,,,,,,,,,,,,,,,,,"rgba(38, 166, 154, 1.0)"
2023-12-18 00:00:00+00:00,7.8556561086,8.2338914027,7.6519909502,7.904147813,40080,0.0,0.0,0.0,0.0,0.0,0.0,0.0,0.0,,,,,,,,,,,,,,,,,,,,,"rgba(38, 166, 154, 1.0)"
2023-12-19 00:00:00+00:00,8.0981146305,8.2435897436,7.7004826546,8.0496229261,26758,0.0,0.0,0.0,0.0,0.0,0.0,0.0,0.0,,,,,,,,,,,,,,,,,,,,,"rgba(38, 166, 154, 1.0)"
2023-12-20 00:00:00+00:00,7.7392760181,8.2338914027,7.4774208145,7.9235444947,61082,0.0,0.0,0.0,0.0,0.0,0.0,0.0,0.0,,,,,,,,,,,,,,,,,,,,,"rgba(38, 166, 154, 1.0)"
2023-12-21 00:00:00+00:00,7.904147813,7.904147813,7.4774208145,7.7683710407,17267,0.0,0.0,0.0,0.0,0.0,0.0,0.0,0.0,,,,,,,,,,,,,,,,,,,,,"rgba(38, 166, 154, 0.75)"
2023-12-22 00:00:00+00:00,8.0108295626,8.1272096531,7.904147813,7.904147813,22884,0.0,0.0,0.0,0.0,0.0,0.0,0.0,0.0,,,,,,,,,,,,,,,,,,,,,"rgba(38, 166, 154, 0.75)"
2023-12-26 00:00:00+00:00,8.6412217195,8.75760181,8.0399245852,8.0399245852,80121,0.0,0.0,0.0,0.0,0.0,0.0,0.0,0.0,,,,,,,,,,,,,,,,,,,,,"rgba(38, 166, 154, 0.75)"
2023-12-27 00:00:00+00:00,8.6509200603,8.7769984917,8.0884162896,8.6994117647,39862,0.0,0.0,0.0,0.0,0.0,0.0,0.0,0.0,,,,,,,,,,,,,,,,,,,,,"rgba(38, 166, 154, 1.0)"
2023-12-28 00:00:00+00:00,9.7662292609,9.7953242836,8.2872322775,8.6509200603,114817,0.0,0.0,0.0,0.0,0.0,0.0,0.0,0.0,,,,,,,,,,,,,,,,,,,,,"rgba(38, 166, 154, 1.0)"
2023-12-29 00:00:00+00:00,9.3685972851,10.1153695324,9.3588989442,9.8438159879,91164,0.0,0.0,0.0,0.0,0.0,0.0,0.0,0.0,,,,,,,,,,,,,,,,,,,,,"rgba(38, 166, 154, 1.0)"
2024-01-02 00:00:00+00:00,9.9601960784,10.2802413273,8.524841629,8.524841629,108963,0.0,0.0,0.0,0.0,0.0,0.0,0.0,0.0,,,,,,,,,,,,,,,,,,,,,"rgba(38, 166, 154, 1.0)"
2024-01-03 00:00:00+00:00,10.1347662142,10.3287330317,9.8923076923,10.0862745098,41794,0.0,0.0,0.0,0.0,0.0,0.0,0.0,0.0,,,,,,,,,,,,,,,,,,,,,"rgba(38, 166, 154, 1.0)"
2024-01-04 00:00:00+00:00,10.2899396682,10.3287330317,9.9504977376,10.0959728507,32071,0.0,0.0,0.0,0.0,0.0,0.0,0.0,0.0,,,,,,,,,,,,,,,,,,,,,"rgba(38, 166, 154, 1.0)"
2024-01-05 00:00:00+00:00,10.1056711916,10.6584766214,10.0862745098,10.2705429864,25885,0.0,0.0,0.0,0.0,0.0,0.0,0.0,0.0,,,,,,,,,,,,,,,,,,,,,"rgba(38, 166, 154, 1.0)"
2024-01-08 00:00:00+00:00,10.9106334842,11.8222775264,10.0474811463,10.0474811463,60167,0.0,0.0,0.0,0.0,0.0,0.0,0.0,0.0,,,,,,,,,,,,,,,,,,,,,"rgba(38, 166, 154, 1.0)"
2024-01-09 00:00:00+00:00,10.3384313725,11.153092006,10.0377828054,11.153092006,54473,0.0,0.0,0.0,0.0,0.0,0.0,0.0,0.0,,,,,,,,,,,,,,,,,,,,,"rgba(38, 166, 154, 0.75)"
2024-01-10 00:00:00+00:00,10.3190346908,10.8621417798,9.9117043741,9.9117043741,63870,0.0,0.0,0.0,0.0,0.0,0.0,0.0,0.0,,,,,,,,,,,,,,,,,,,,,"rgba(38, 166, 154, 0.75)"
2024-01-11 00:00:00+00:00,10.9106334842,11.3470588235,10.377224736,10.377224736,38321,0.0,0.0,0.0,0.0,0.0,0.0,0.0,0.0,,,,,,,,,,,,,,,,,,,,,"rgba(38, 166, 154, 0.75)"
2024-01-12 00:00:00+00:00,10.7748567119,11.4343438914,10.7748567119,11.0561085973,24732,0.0,0.0,0.0,0.0,0.0,0.0,0.0,0.0,,,,,,,,,,,,,,,,,,,,,"rgba(38, 166, 154, 0.75)"
2024-01-16 00:00:00+00:00,10.9688235294,11.2209803922,10.6681749623,10.765158371,25789,0.0,0.0,0.0,0.0,0.0,0.0,0.0,0.0,,,,,,,,,,,,,,,,,,,,,"rgba(38, 166, 154, 0.75)"
2024-01-17 00:00:00+00:00,11.0173152338,11.2403770739,10.8912368024,10.8912368024,43302,0.0,0.0,0.0,0.0,0.0,0.0,0.0,0.0,,,,,,,,,,,,,,,,,,,,,"rgba(38, 166, 154, 0.75)"
2024-01-18 00:00:00+00:00,11.153092006,11.3567571644,10.8621417798,10.9106334842,54889,0.0,0.0,0.0,0.0,0.0,0.0,0.0,0.0,,,,,,,,,,,,,,,,,,,,,"rgba(38, 166, 154, 0.75)"
2024-01-19 00:00:00+00:00,11.6380090498,11.7980316742,11.0173152338,11.0561085973,92842,0.0,0.0,0.0,0.0,0.0,0.0,0.0,0.0,,,,,,,,,,,,,,,,,,,,,"rgba(38, 166, 154, 1.0)"
2024-01-22 00:00:00+00:00,11.7446907994,12.1229260935,11.463438914,11.6865007541,82455,0.0,0.0,0.0,0.0,0.0,0.0,0.0,0.0,,,,,,,,,,,,,,,,,,,,,"rgba(38, 166, 154, 1.0)"
2024-01-23 00:00:00+00:00,11.6089140271,12.2587028658,11.4828355958,11.773785822,184384,0.0,0.0,0.0,0.0,0.0,0.0,0.0,0.0,,,,,,,,,,,,,,,,,,,,,"rgba(38, 166, 154, 1.0)"
2024-01-24 00:00:00+00:00,11.6477073906,11.928959276,11.3567571644,11.5701206637,31901,0.0,0.0,0.0,0.0,0.0,0.0,0.0,0.0,,,,,,,,,,,,,,,,,,,,,"rgba(38, 166, 154, 1.0)"
2024-01-25 00:00:00+00:00,11.7155957768,12.1229260935,11.5798190045,11.6865007541,43727,0.0,0.0,0.0,0.0,0.0,0.0,0.0,0.0,,,,,,,,,,,,,,,,,,,,,"rgba(38, 166, 154, 1.0)"
2024-01-26 00:00:00+00:00,12.006546003,12.0307918552,11.6768024133,11.6768024133,20506,0.0,0.0,0.0,0.0,0.0,0.0,0.0,0.0,,,,,,,,,,,,,,,,,,,,,"rgba(38, 166, 154, 1.0)"
2024-01-29 00:00:00+00:00,11.9095625943,12.1714177979,11.8319758673,12.1714177979,11862,0.0,0.0,0.0,0.0,0.0,0.0,0.0,0.0,,,,,,,,,,,,,,,,,,,,,"rgba(38, 166, 154, 1.0)"
2024-01-30 00:00:00+00:00,12.0647360483,12.161719457,11.7252941176,11.7446907994,69616,0.0,0.0,0.0,0.0,0.0,0.0,0.0,0.0,,,,,,,,,,,,,,,,,,,,,"rgba(38, 166, 154, 1.0)"
2024-01-31 00:00:00+00:00,12.0744343891,12.2829487179,12.0162443439,12.2199095023,89601,0.0,0.0,0.0,0.0,0.0,0.0,0.0,0.0,,,,,,,,,,,,,,,,,,,,,"rgba(38, 166, 154, 1.0)"
2024-02-01 00:00:00+00:00,12.0938310709,12.2199095023,12.0162443439,12.0550377074,84933,0.0,0.0,0.0,0.0,0.0,0.0,0.0,0.0,,,,,,,,,,,,,,,,,,,,,"rgba(38, 166, 154, 1.0)"
2024-02-02 00:00:00+00:00,11.8998642534,12.2296078431,11.7155957768,11.8804675716,50336,0.0,0.0,0.0,0.0,0.0,0.0,0.0,0.0,,,,,,,,,,,,,,,,,,,,,"rgba(38, 166, 154, 0.75)"
2024-02-05 00:00:00+00:00,12.0259426848,12.6369381599,11.9095625943,12.6369381599,28865,0.0,0.0,0.0,0.0,0.0,0.0,0.0,0.0,,,,,,,,,,,,,,,,,,,,,"rgba(38, 166, 154, 0.75)"
2024-02-06 00:00:00+00:00,12.0744343891,12.0744343891,11.9483559578,12.0259426848,24040,0.0,0.0,0.0,0.0,0.0,0.0,0.0,0.0,,,,,,,,,,,,,,,,,,,,,"rgba(38, 166, 154, 0.75)"
2024-02-07 00:00:00+00:00,12.0744343891,12.8503016591,11.928959276,12.8503016591,53580,0.0,0.0,0.0,0.0,0.0,0.0,0.0,0.0,,,,,,,,,,,,,,,,,,,,12.284565108066666,"rgba(38, 166, 154, 0.75)"
2024-02-08 00:00:00+00:00,11.9774509804,12.1326244344,9.8923076923,12.0356410256,55787,0.0,0.0,0.0,0.0,0.0,0.0,0.0,0.0,,,,,,,,,,,,,,,,,,,,11.799756605028401,"rgba(38, 166, 154, 0.75)"
2024-02-09 00:00:00+00:00,11.2112820513,12.1035294118,11.2112820513,12.1035294118,36364,0.0,0.0,0.0,0.0,0.0,0.0,0.0,0.0,,,,,,,,,,,,,,,,,,,,11.727129223075542,"rgba(38, 166, 154, 0.5)"
2024-02-12 00:00:00+00:00,11.9968476621,12.0550377074,11.5115426848,11.5943665158,12183,0.0,0.0,0.0,0.0,0.0,0.0,0.0,0.0,,,,,,,,,,,,,,,,,,,,11.736953975813,"rgba(38, 166, 154, 0.5)"
2024-02-13 00:00:00+00:00,11.7204449472,12.1423227753,11.7204449472,12.1423227753,30234,0.0,0.0,0.0,0.0,0.0,0.0,0.0,0.0,,,,,,,,,,,,,,,,,,,,11.75689865117764,"rgba(38, 166, 154, 0.5)"
2024-02-14 00:00:00+00:00,11.928959276,12.0259426848,11.7349924585,11.7349924585,23698,0.0,0.0,0.0,0.0,0.0,0.0,0.0,0.0,,,,,,,,,,,,,,,,,,,,11.772529762522277,"rgba(38, 166, 154, 0.5)"
2024-02-15 00:00:00+00:00,11.9386576169,12.1908144796,11.8707692308,12.1908144796,29784,0.0,0.0,0.0,0.0,0.0,0.0,0.0,0.0,,,,,,,,,,,,,,,,,,,,11.800578305544548,"rgba(38, 166, 154, 0.5)"
2024-02-16 00:00:00+00:00,11.928959276,12.0647360483,11.8416742081,12.0647360483,15521,0.0,0.0,0.0,0.0,0.0,0.0,0.0,0.0,,,,,,,,,,,,,,,,,,,,11.809302677439284,"rgba(38, 166, 154, 0.5)"
2024-02-20 00:00:00+00:00,11.9483559578,12.1229260935,11.696199095,11.696199095,42756,0.0,0.0,0.0,0.0,0.0,0.0,0.0,0.0,,,,,,,,,,,,,,,,,,,,11.825439666640849,"rgba(38, 166, 154, 0.5)"
2024-02-21 00:00:00+00:00,11.9968476621,12.1520211161,11.9968476621,12.1229260935,32420,0.0,0.0,0.0,0.0,0.0,0.0,0.0,0.0,,,,,,,,,,,,,,,,,,,,11.847207247985965,"rgba(38, 166, 154, 0.5)"
2024-02-22 00:00:00+00:00,11.5776853695,12.0453393665,11.3173819005,12.0259426848,30074,0.0,0.0,0.0,0.0,0.0,0.0,0.0,0.0,,,,,,,,,,,,,,,,,,,,11.830576551472353,#000000
2024-02-23 00:00:00+00:00,11.4246455505,12.1520211161,11.4149472097,11.928959276,39260,0.0,0.0,0.0,0.0,0.0,0.0,0.0,0.0,,,,,,,,,,,,,,,,,,,,11.814282093003747,#000000
2024-02-26 00:00:00+00:00,11.7058974359,11.8804675716,11.5701206637,11.8416742081,21741,0.0,0.0,0.0,0.0,0.0,0.0,0.0,0.0,,,,,,,,,,,,,,,,,,,,11.809380710098594,#000000
2024-02-27 00:00:00+00:00,11.5798190045,12.1229260935,11.4640208145,12.1229260935,39780,0.0,0.0,0.0,0.0,0.0,0.0,0.0,0.0,,,,,,,,,,,,,,,,,,,,11.801898017230624,#000000
2024-02-28 00:00:00+00:00,11.2791704374,11.9192609351,11.2791704374,11.8027838612,41566,0.0,0.0,0.0,0.0,0.0,0.0,0.0,0.0,,,,,,,,,,,,,,,,,,,,11.776421883845039,"rgba(239, 83, 80, 1.0)"
2024-02-29 00:00:00+00:00,11.463438914,11.6913499246,11.2500754148,11.385852187,49129,0.0,0.0,0.0,0.0,0.0,0.0,0.0,0.0,,,,,,,,,,,,,,,,,,,,11.749090354589157,"rgba(239, 83, 80, 1.0)"
2024-03-01 00:00:00+00:00,11.7349924585,11.7446907994,11.5701206637,11.6283107089,21387,0.0,0.0,0.0,0.0,0.0,0.0,0.0,0.0,,,,,,,,,,,,,,,,,,,,11.746643228997234,#000000
2024-03-04 00:00:00+00:00,11.4246455505,11.8319758673,11.1821870287,11.8319758673,16962,0.0,0.0,0.0,0.0,0.0,0.0,0.0,0.0,,,,,,,,,,,,,,,,,,,,11.738994899653807,"rgba(239, 83, 80, 1.0)"
2024-03-05 00:00:00+00:00,11.2985671192,11.5701206637,11.1531889894,11.5701206637,16715,0.0,0.0,0.0,0.0,0.0,0.0,0.0,0.0,,,,,,,,,,,,,,,,,,,,11.728059943725322,"rgba(239, 83, 80, 1.0)"
2024-03-06 00:00:00+00:00,10.7263650075,11.2646229261,10.6681749623,11.2646229261,12375,0.0,0.0,0.0,0.0,0.0,0.0,0.0,0.0,,,,,,,,,,,,,,,,,,,,11.711296018672671,"rgba(239, 83, 80, 1.0)"
2024-03-07 00:00:00+00:00,10.8912368024,10.9882202112,10.7748567119,10.8718401207,8646,0.0,0.0,0.0,0.0,0.0,0.0,0.0,0.0,,,,,,,,,,,,,,,,,,,,11.699952265842258,"rgba(239, 83, 80, 1.0)"
2024-03-08 00:00:00+00:00,10.687571644,11.2403770739,10.687571644,10.9397285068,21808,0.0,0.0,0.0,0.0,0.0,0.0,0.0,0.0,,,,,,,,,,,,,,,,,,,,11.672243918322863,"rgba(239, 83, 80, 1.0)"
2024-03-11 00:00:00+00:00,10.9445776772,11.1579411765,10.6681749623,10.6681749623,9415,0.0,0.0,0.0,0.0,0.0,0.0,0.0,0.0,,,,,,,,,,,,,,,,,,,,11.66158303561712,"rgba(239, 83, 80, 1.0)"
2024-03-12 00:00:00+00:00,10.8136500754,12.0550377074,10.8136500754,11.0949019608,88486,0.0,0.0,0.0,0.0,0.0,0.0,0.0,0.0,,,,,,,,,,,,,,,,,,,,11.610340485330322,"rgba(239, 83, 80, 1.0)"
2024-03-13 00:00:00+00:00,11.8319758673,11.8901659125,10.8330467572,10.842745098,31407,0.0,0.0,0.0,0.0,0.0,0.0,0.0,0.0,,,,,,,,,,,,,,,,,,,,11.606643422003847,"rgba(239, 83, 80, 0.75)"
2024-03-14 00:00:00+00:00,11.851372549,11.851372549,11.6574057315,11.7834841629,22992,0.0,0.0,0.0,0.0,0.0,0.0,0.0,0.0,,,,,,,,,,,,,,,,,,,,11.611792538870011,#000000
2024-03-15 00:00:00+00:00,11.8319758673,11.8319758673,11.4537405732,11.4537405732,31200,0.0,0.0,0.0,0.0,0.0,0.0,0.0,0.0,,,,,,,,,,,,,,,,,,,,11.615307657081338,"rgba(38, 166, 154, 0.5)"
2024-03-18 00:00:00+00:00,11.8319758673,11.9095625943,11.7349924585,11.9095625943,17924,0.0,0.0,0.0,0.0,0.0,0.0,0.0,0.0,,,,,,,,,,,,,,,,,,,,11.619723619092047,"rgba(38, 166, 154, 0.5)"
2024-03-19 00:00:00+00:00,11.8125791855,11.8319758673,11.7252941176,11.7446907994,23128,0.0,0.0,0.0,0.0,0.0,0.0,0.0,0.0,,,,,,,,,,,,,,,,,,,,11.624216247762758,"rgba(38, 166, 154, 0.5)"
2024-03-20 00:00:00+00:00,11.8319758673,12.0015998492,11.2985671192,11.8610708899,15974,0.0,0.0,0.0,0.0,0.0,0.0,0.0,0.0,,,,,,,,,,,,,,,,,,,,11.625764746852816,"rgba(38, 166, 154, 0.5)"
2024-03-21 00:00:00+00:00,11.8125791855,12.2684012066,11.5646895928,12.2684012066,34883,0.0,0.0,0.0,0.0,0.0,0.0,0.0,0.0,,,,,,,,,,,,,,,,,,,,11.635400876478224,"rgba(38, 166, 154, 0.5)"
2024-03-22 00:00:00+00:00,11.773785822,11.773785822,10.9754184012,11.6380090498,13528,0.0,0.0,0.0,0.0,0.0,0.0,0.0,0.0,,,,,,,,,,,,,,,,,,,,11.633563924823944,"rgba(38, 166, 154, 0.5)"
2024-03-25 00:00:00+00:00,11.7252941176,11.8901659125,11.6283107089,11.6380090498,22211,0.0,0.0,0.0,0.0,0.0,0.0,0.0,0.0,,,,,,,,,,,,,,,,,,,,11.636201784219773,"rgba(38, 166, 154, 0.5)"
2024-03-26 00:00:00+00:00,11.8416742081,11.928959276,11.6089140271,11.7931825038,29567,0.0,0.0,0.0,0.0,0.0,0.0,0.0,0.0,,,,,,,,,,,,,,,,,,,,11.64087837775404,"rgba(38, 166, 154, 0.5)"
2024-03-27 00:00:00+00:00,11.30826546,11.8125791855,11.30826546,11.773785822,14921,0.0,0.0,0.0,0.0,0.0,0.0,0.0,0.0,,,,,,,,,,,,,,,,,,,,11.638441794112742,#000000
2024-03-28 00:00:00+00:00,11.8125791855,11.9192609351,11.4343438914,11.4343438914,32308,0.0,0.0,0.0,0.0,0.0,0.0,0.0,0.0,,,,,,,,,,,,,,,,,,,,11.641040181940907,"rgba(38, 166, 154, 0.5)"
2024-04-01 00:00:00+00:00,11.8416742081,12.0016968326,11.696199095,11.8125791855,16632,0.0,0.0,0.0,0.0,0.0,0.0,0.0,0.0,,,,,,,,,,,,,,,,,,,,11.644275482236718,"rgba(38, 166, 154, 0.5)"
2024-04-02 00:00:00+00:00,11.6380090498,11.9774509804,11.2015837104,11.9774509804,22418,0.0,0.0,0.0,0.0,0.0,0.0,0.0,0.0,,,,,,,,,,,,,,,,,,,,11.643473448086038,#000000
2024-04-03 00:00:00+00:00,11.4925339367,11.7834841629,11.4925339367,11.5604223228,24062,0.0,0.0,0.0,0.0,0.0,0.0,0.0,0.0,,,,,,,,,,,,,,,,,,,,11.642296207304598,#000000
2024-04-04 00:00:00+00:00,11.6380090498,11.7349924585,11.2500754148,11.5216289593,17139,0.0,0.0,0.0,0.0,0.0,0.0,0.0,0.0,,,,,,,,,,,,,,,,,,,,11.640746447950223,#000000
2024-04-05 00:00:00+00:00,11.5798190045,11.696199095,11.5604223228,11.6380090498,21982,0.0,0.0,0.0,0.0,0.0,0.0,0.0,0.0,,,,,,,,,,,,,,,,,,,,11.640195916885435,#000000
2024-04-08 00:00:00+00:00,11.6380090498,12.050188537,11.0367119155,11.5604223228,142226,0.0,0.0,0.0,0.0,0.0,0.0,0.0,0.0,,,,,,,,,,,,,,,,,,,,11.63297193316187,#000000
2024-04-09 00:00:00+00:00,11.5604223228,11.7592383107,11.541025641,11.7592383107,38853,0.0,0.0,0.0,0.0,0.0,0.0,0.0,0.0,,,,,,,,,,,,,,,,,,,,11.632597707275085,#000000
2024-04-10 00:00:00+00:00,11.5313273002,11.7349924585,11.3955505279,11.6380090498,43736,0.0,0.0,0.0,0.0,0.0,0.0,0.0,0.0,,,,,,,,,,,,,,,,,,,,11.630081219127328,#000000
2024-04-11 00:00:00+00:00,11.153092006,11.5022322775,10.9106334842,11.4731372549,46433,0.0,0.0,0.0,0.0,0.0,0.0,0.0,0.0,,,,,,,,,,,,,,,,,,,,11.615577307372853,"rgba(239, 83, 80, 1.0)"
2024-04-12 00:00:00+00:00,11.7155957768,12.1228291101,11.0566904977,11.1724886878,79160,0.0,0.0,0.0,0.0,0.0,0.0,0.0,0.0,,,,,,,,,,,,,,,,,,,,11.61643278632838,#000000
2024-04-15 00:00:00+00:00,11.541025641,11.6768024133,11.2985671192,11.6768024133,13620,0.0,0.0,0.0,0.0,0.0,0.0,0.0,0.0,,,,,,,,,,,,,,,,,,,,11.61542919698453,#000000
2024-04-16 00:00:00+00:00,11.6671040724,11.8028808446,11.153092006,11.153092006,66920,0.0,0.0,0.0,0.0,0.0,0.0,0.0,0.0,,,,,,,,,,,,,,,,,,,,11.6122636417717,#000000
2024-04-17 00:00:00+00:00,11.4343438914,11.7155957768,11.30826546,11.5895173454,24283,0.0,0.0,0.0,0.0,0.0,0.0,0.0,0.0,,,,,,,,,,,,,,,,,,,,11.610345008008203,#000000
2024-04-18 00:00:00+00:00,11.4828355958,11.5992156863,11.4197963801,11.4440422323,27150,0.0,0.0,0.0,0.0,0.0,0.0,0.0,0.0,,,,,,,,,,,,,,,,,,,,11.608510929161742,#000000
2024-04-19 00:00:00+00:00,11.4828355958,11.5604223228,11.4537405732,11.5119306184,12987,0.0,0.0,0.0,0.0,0.0,0.0,0.0,0.0,,,,,,,,,,,,,,,,,,,,11.60764229669577,#000000
2024-04-22 00:00:00+00:00,11.5119306184,11.7058974359,11.153092006,11.385852187,25268,0.0,0.0,0.0,0.0,0.0,0.0,0.0,0.0,,,,,,,,,,,,,,,,,,,,11.605352424335498,#000000
2024-04-23 00:00:00+00:00,11.7058974359,11.7616628959,11.541025641,11.541025641,47990,0.0,0.0,0.0,0.0,0.0,0.0,0.0,0.0,,,,,,,,,,,,,,,,,,,,11.607152883850738,#000000
2024-04-24 00:00:00+00:00,11.618612368,11.6768024133,11.2500754148,11.541025641,35745,0.0,0.0,0.0,0.0,0.0,0.0,0.0,0.0,,,,,,,,,,,,,,,,,,,,11.605269971261672,#000000
2024-04-25 00:00:00+00:00,11.618612368,12.0744343891,11.2985671192,11.5798190045,30866,0.0,0.0,0.0,0.0,0.0,0.0,0.0,0.0,,,,,,,,,,,,,,,,,,,,11.606287754658887,#000000
2024-04-26 00:00:00+00:00,11.5701206637,11.7495399698,11.463438914,11.4925339367,21057,0.0,0.0,0.0,0.0,0.0,0.0,0.0,0.0,,,,,,,,,,,,,,,,,,,,11.606148159617982,#000000
2024-04-29 00:00:00+00:00,11.4828355958,11.6671040724,11.4828355958,11.5313273002,16064,0.0,0.0,0.0,0.0,0.0,0.0,0.0,0.0,,,,,,,,,,,,,,,,,,,,11.605600182979103,#000000
2024-04-30 00:00:00+00:00,11.5992156863,11.6865007541,11.5022322775,11.5022322775,7035,0.0,0.0,0.0,0.0,0.0,0.0,0.0,0.0,,,,,,,,,,,,,,,,,,,,11.605563035854576,#000000
2024-05-01 00:00:00+00:00,11.3470588235,11.6865007541,11.3470588235,11.5119306184,9173,0.0,0.0,0.0,0.0,0.0,0.0,0.0,0.0,,,,,,,,,,,,,,,,,,,,11.604834628646618,"rgba(239, 83, 80, 1.0)"
2024-05-02 00:00:00+00:00,11.5216289593,11.7349924585,11.5216289593,11.541025641,19594,0.0,0.0,0.0,0.0,0.0,0.0,0.0,0.0,,,,,,,,,,,,,,,,,,,,11.604706644832309,#000000
2024-05-03 00:00:00+00:00,11.696199095,11.7446907994,11.2840196078,11.2985671192,19156,0.0,0.0,0.0,0.0,0.0,0.0,0.0,0.0,,,,,,,,,,,,,,,,,,,,11.604401905292166,#000000
2024-05-06 00:00:00+00:00,11.7107466063,11.7543891403,11.6283107089,11.6574057315,8491,0.0,0.0,0.0,0.0,0.0,0.0,0.0,0.0,,,,,,,,,,,,,,,,,,,,11.604824311372361,#000000
2024-05-07 00:00:00+00:00,11.618612368,11.7349924585,11.564980543,11.7349924585,19834,0.0,0.0,0.0,0.0,0.0,0.0,0.0,0.0,,,,,,,,,,,,,,,,,,,,11.60518704659964,#000000
2024-05-08 00:00:00+00:00,11.6865007541,11.7446907994,11.5798190045,11.5798190045,8210,0.0,0.0,0.0,0.0,0.0,0.0,0.0,0.0,,,,,,,,,,,,,,,,,,,,11.605467705886621,"rgba(38, 166, 154, 1.0)"
2024-05-09 00:00:00+00:00,11.5895173454,11.7349924585,11.5895173454,11.6477073906,9098,0.0,0.0,0.0,0.0,0.0,0.0,0.0,0.0,,,,,,,,,,,,,,,,,,,,11.60562231540412,#000000
2024-05-10 00:00:00+00:00,11.618612368,11.8125791855,11.618612368,11.6671040724,23324,0.0,0.0,0.0,0.0,0.0,0.0,0.0,0.0,,,,,,,,,,,,,,,,,,,,11.60655668164593,#000000
2024-05-13 00:00:00+00:00,11.5992156863,11.8610708899,11.541025641,11.6089140271,29920,0.0,0.0,0.0,0.0,0.0,0.0,0.0,0.0,,,,,,,,,,,,,,,,,,,,11.607477133408185,#000000
2024-05-14 00:00:00+00:00,11.3276621418,11.9823971342,11.0173152338,11.5701206637,46552,0.0,0.0,0.0,0.0,0.0,0.0,0.0,0.0,,,,,,,,,,,,,,,,,,,,11.603664162101563,"rgba(239, 83, 80, 1.0)"
2024-05-15 00:00:00+00:00,11.6089140271,11.6089140271,11.2985671192,11.2985671192,7985,0.0,0.0,0.0,0.0,0.0,0.0,0.0,0.0,,,,,,,,,,,,,,,,,,,,11.603276497710338,#000000
2024-05-16 00:00:00+00:00,11.2888687783,11.558579638,11.2402800905,11.3664555053,15862,0.0,0.0,0.0,0.0,0.0,0.0,0.0,0.0,,,,,,,,,,,,,,,,,,,,11.601403593333695,"rgba(239, 83, 80, 1.0)"
2024-05-17 00:00:00+00:00,11.153092006,11.4343438914,11.153092006,11.4343438914,1968,0.0,0.0,0.0,0.0,0.0,0.0,0.0,0.0,,,,,,,,,,,,,,,,,,,,11.60106163127865,"rgba(239, 83, 80, 1.0)"
2024-05-20 00:00:00+00:00,11.2209803922,11.5313273002,11.1821870287,11.1821870287,15940,0.0,0.0,0.0,0.0,0.0,0.0,0.0,0.0,,,,,,,,,,,,,,,,,,,,11.598817157946181,"rgba(239, 83, 80, 1.0)"
2024-05-21 00:00:00+00:00,10.9106334842,11.30826546,10.6972699849,11.2500754148,14670,0.0,0.0,0.0,0.0,0.0,0.0,0.0,0.0,,,,,,,,,,,,,,,,,,,,11.594377726642314,"rgba(239, 83, 80, 1.0)"
2024-05-22 00:00:00+00:00,10.8330467572,11.153092006,10.4257164404,11.0852036199,25805,0.0,0.0,0.0,0.0,0.0,0.0,0.0,0.0,,,,,,,,,,,,,,,,,,,,11.58465063964224,"rgba(239, 83, 80, 1.0)"
2024-05-23 00:00:00+00:00,10.4160180995,11.5895173454,10.3093363499,10.6390799397,23867,0.0,0.0,0.0,0.0,0.0,0.0,0.0,0.0,,,,,,,,,,,,,,,,,,,,11.575500974851991,"rgba(239, 83, 80, 1.0)"
2024-05-24 00:00:00+00:00,10.377224736,10.9591251885,10.377224736,10.6293815988,14527,0.0,0.0,0.0,0.0,0.0,0.0,0.0,0.0,,,,,,,,,,,,,,,,,,,,11.568668448441858,"rgba(239, 83, 80, 1.0)"
2024-05-28 00:00:00+00:00,11.3470588235,11.7786349925,10.3675263952,10.3675263952,88493,0.0,0.0,0.0,0.0,0.0,0.0,0.0,0.0,,,,,,,,,,,,,,,,,,,,11.552581486106188,"rgba(239, 83, 80, 0.75)"
2024-05-29 00:00:00+00:00,11.4343438914,11.6283107089,10.8621417798,11.2403770739,50364,0.0,0.0,0.0,0.0,0.0,0.0,0.0,0.0,,,,,,,,,,,,,,,,,,,,11.54717084569443,"rgba(239, 83, 80, 0.75)"
2024-05-30 00:00:00+00:00,9.7468325792,11.2840196078,9.7468325792,11.2791704374,59451,0.0,0.0,0.0,0.0,0.0,0.0,0.0,0.0,,,,,,,,,,,,,,,,,,,,11.514359443799524,"rgba(239, 83, 80, 0.75)"
2024-05-31 00:00:00+00:00,11.0658069382,11.5313273002,9.7274358974,9.7274358974,28193,0.0,0.0,0.0,0.0,0.0,0.0,0.0,0.0,,,,,,,,,,,,,,,,,,,,11.505532002672838,"rgba(239, 83, 80, 0.75)"
2024-06-03 00:00:00+00:00,11.3761538462,12.0259426848,10.9106334842,11.2985671192,29227,-1.0,12.025943,10.910633,0.0,0.0,0.0,0.0,0.0,,,,,,,,11.437576671733332,,,,,,,,,,,,11.504701348591455,"rgba(239, 83, 80, 0.5)"
2024-06-04 00:00:00+00:00,11.153092006,11.4973831071,11.0658069382,11.2694720965,4415,0.0,0.0,0.0,0.0,0.0,0.0,0.0,0.0,,,,,,,,11.4114851020623,,,,,,,,,,,,11.504211201177034,#000000
2024-06-05 00:00:00+00:00,10.4742081448,11.2403770739,10.0377828054,11.2403770739,29419,0.0,0.0,0.0,0.0,0.0,0.0,0.0,0.0,,,,,,,,11.025506838942915,,,,,,,,,,,,11.493048542948278,"rgba(239, 83, 80, 0.5)"
2024-06-06 00:00:00+00:00,10.3869230769,10.765158371,9.9020060332,10.765158371,15988,0.0,0.0,0.0,0.0,0.0,0.0,0.0,0.0,,,,,,,,10.88915824766733,,,,,,,,,,,,11.485570346047924,"rgba(239, 83, 80, 0.5)"
2024-06-07 00:00:00+00:00,10.0668778281,10.4160180995,10.0668778281,10.3122458522,1952,0.0,0.0,0.0,0.0,0.0,0.0,0.0,0.0,,,,,,,,10.872147131231676,,,,,,,,,,,,11.48452969796917,"rgba(239, 83, 80, 0.75)"
2024-06-10 00:00:00+00:00,11.2694720965,12.0168262443,10.2947888386,10.4742081448,36291,0.0,0.0,0.0,0.0,0.0,0.0,0.0,0.0,,,,,,,,10.97163661107406,,,,,,,,,,,,11.480272258840921,"rgba(239, 83, 80, 0.5)"
2024-06-11 00:00:00+00:00,10.1735595777,11.30826546,9.9989894419,11.1724886878,35951,0.0,0.0,0.0,0.0,0.0,0.0,0.0,0.0,,,,,,,,10.85948975486514,,,,,,,,,,,,11.466168547255952,"rgba(239, 83, 80, 0.5)"
2024-06-12 00:00:00+00:00,10.0959728507,10.8330467572,10.0959728507,10.1347662142,3818,0.0,0.0,0.0,0.0,0.0,0.0,0.0,0.0,,,,,,,,10.846901918620432,,,,,,,,,,,,11.464464074956073,"rgba(239, 83, 80, 0.5)"
2024-06-13 00:00:00+00:00,10.4305656109,10.7949322775,10.0862745098,10.7949322775,13456,0.0,0.0,0.0,0.0,0.0,0.0,0.0,0.0,,,,,,,,10.814575665205444,,,,,,,,,,,,11.459005832824815,"rgba(239, 83, 80, 0.5)"
2024-06-14 00:00:00+00:00,9.9892911011,10.2220512821,9.9855087481,10.2220512821,5256,0.0,0.0,0.0,0.0,0.0,0.0,0.0,0.0,,,,,,,,10.792180152161448,,,,,,,,,,,,11.456119767118658,"rgba(239, 83, 80, 0.5)"
2024-06-17 00:00:00+00:00,9.9029758673,10.2317496229,9.8050226244,9.8050226244,5708,0.0,0.0,0.0,0.0,0.0,0.0,0.0,0.0,,,,,,,,10.766632554547968,,,,,,,,,,,,11.452806678803931,"rgba(239, 83, 80, 0.5)"
2024-06-18 00:00:00+00:00,8.7382051282,10.1832579186,8.7382051282,9.9214027149,17498,0.0,0.0,0.0,0.0,0.0,0.0,0.0,0.0,,,,,,,,10.630613618559261,,,,,,,,,,,,11.437549084411277,"rgba(239, 83, 80, 1.0)"
2024-06-20 00:00:00+00:00,9.4607315234,10.2511463047,9.0873453997,9.0873453997,41305,0.0,0.0,0.0,0.0,0.0,0.0,0.0,0.0,,,,,,,,10.453405854525185,,,,,,,,,,,,11.408376250693378,"rgba(239, 83, 80, 1.0)"
2024-06-21 00:00:00+00:00,8.447254902,8.6557692308,8.0496229261,8.0981146305,1217704,0.0,0.0,0.0,0.0,0.0,0.0,0.0,0.0,,,,,,,,8.725228980224108,,,,,,,,,,,,10.444313316615835,"rgba(239, 83, 80, 1.0)"
2024-06-24 00:00:00+00:00,8.2532880845,8.680015083,8.2435897436,8.447254902,264840,0.0,0.0,0.0,0.0,0.0,0.0,0.0,0.0,,,,,,,,8.674049444640378,,,,,,,,,,,,10.311264830742367,"rgba(239, 83, 80, 1.0)"
2024-06-25 00:00:00+00:00,8.3890648567,8.4860482655,8.2435897436,8.2435897436,56895,0.0,0.0,0.0,0.0,0.0,0.0,0.0,0.0,,,,,,,,8.6644221918022,,,,,,,,,,,,10.284636278876349,"rgba(239, 83, 80, 1.0)"
2024-06-26 00:00:00+00:00,8.5442383107,8.9709653092,8.3599698341,8.3599698341,285564,0.0,0.0,0.0,0.0,0.0,0.0,0.0,0.0,,,,,,,,8.658979341466896,,,,,,,,,,,,10.177587548238511,"rgba(239, 83, 80, 1.0)"
2024-06-27 00:00:00+00:00,8.8254901961,8.9564177979,8.6315233786,8.9564177979,41608,0.0,0.0,0.0,0.0,0.0,0.0,0.0,0.0,,,,,,,,8.661852703330661,,,,,,,,,,,,10.164802571600188,"rgba(239, 83, 80, 1.0)"
2024-06-28 00:00:00+00:00,8.3890648567,9.1164404223,8.3890648567,8.8400377074,123710,0.0,0.0,0.0,0.0,0.0,0.0,0.0,0.0,,,,,,,,8.660170630186132,,,,,,,,,,,,10.123499318334225,"rgba(239, 83, 80, 1.0)"
2024-07-01 00:00:00+00:00,8.7285067873,8.7866968326,8.3405731523,8.3890648567,89006,0.0,0.0,0.0,0.0,0.0,0.0,0.0,0.0,,,,,,,,8.658575222745744,,,,,,,,,,,,10.094887160277857,"rgba(239, 83, 80, 0.75)"
2024-07-02 00:00:00+00:00,8.5345399698,8.8933785822,8.3502714932,8.8448868778,93209,0.0,0.0,0.0,0.0,0.0,0.0,0.0,0.0,,,,,,,,8.65603157425039,,,,,,,,,,,,10.065562508927819,"rgba(239, 83, 80, 0.75)"
2024-07-03 00:00:00+00:00,8.6703167421,8.9224736048,8.3114781297,8.9224736048,40835,0.0,0.0,0.0,0.0,0.0,0.0,0.0,0.0,,,,,,,,8.65567749774526,,,,,,,,,,,,10.053429331265328,"rgba(239, 83, 80, 0.75)"
2024-07-05 00:00:00+00:00,8.5345399698,8.5781825038,8.1078129713,8.5781825038,66523,0.0,0.0,0.0,0.0,0.0,0.0,0.0,0.0,,,,,,,,8.649109281380326,,,,,,,,,,,,10.03099265945321,"rgba(239, 83, 80, 0.75)"
2024-07-08 00:00:00+00:00,8.1272096531,8.6751659125,8.0981146305,8.5539366516,73121,0.0,0.0,0.0,0.0,0.0,0.0,0.0,0.0,,,,,,,,8.639270357335135,,,,,,,,,,,,10.005451387286115,"rgba(239, 83, 80, 0.75)"
2024-07-09 00:00:00+00:00,8.1466063348,8.2823831071,7.9962820513,8.1078129713,159394,0.0,0.0,0.0,0.0,0.0,0.0,0.0,0.0,,,,,,,,8.610461980275034,,,,,,,,,,,,9.94736924902405,"rgba(239, 83, 80, 1.0)"
2024-07-10 00:00:00+00:00,8.214494721,8.3793665158,8.1563046757,8.3793665158,12644,0.0,0.0,0.0,0.0,0.0,0.0,0.0,0.0,,,,,,,,8.60881408636094,,,,,,,,,,,,9.9431835277606,"rgba(239, 83, 80, 1.0)"
2024-07-11 00:00:00+00:00,8.2629864253,8.5345399698,8.2338914027,8.4860482655,23319,0.0,0.0,0.0,0.0,0.0,0.0,0.0,0.0,,,,,,,,8.606598063611074,,,,,,,,,,,,9.93594227319203,"rgba(239, 83, 80, 1.0)"
2024-07-12 00:00:00+00:00,8.3211764706,8.3405731523,8.1611538462,8.2435897436,33623,0.0,0.0,0.0,0.0,0.0,0.0,0.0,0.0,,,,,,,,8.602639270411577,,,,,,,,,,,,9.925165204389481,"rgba(239, 83, 80, 1.0)"
2024-07-15 00:00:00+00:00,8.369668175,8.524841629,8.2435897436,8.4375565611,108208,0.0,0.0,0.0,0.0,0.0,0.0,0.0,0.0,,,,,,,,8.594394941662193,,,,,,,,,,,,9.893559350967669,"rgba(239, 83, 80, 0.75)"
2024-07-16 00:00:00+00:00,8.5636349925,8.6858340875,8.2823831071,8.2823831071,140886,0.0,0.0,0.0,0.0,0.0,0.0,0.0,0.0,,,,,,,,8.590552007788506,,,,,,,,,,,,9.857698804896236,"rgba(239, 83, 80, 0.5)"
2024-07-17 00:00:00+00:00,8.2435897436,8.4860482655,8.1660030166,8.4860482655,25045,0.0,0.0,0.0,0.0,0.0,0.0,0.0,0.0,,,,,,,,8.588190160904297,,,,,,,,,,,,9.85054466867105,"rgba(239, 83, 80, 0.5)"
2024-07-18 00:00:00+00:00,8.1272096531,8.6848642534,8.0884162896,8.292081448,63219,0.0,0.0,0.0,0.0,0.0,0.0,0.0,0.0,,,,,,,,8.58242723184637,,,,,,,,,,,,9.832793265959682,"rgba(239, 83, 80, 0.5)"
2024-07-19 00:00:00+00:00,9.7759276018,9.8438159879,8.7188084465,8.7963951735,439633,0.0,0.0,0.0,0.0,0.0,0.0,0.0,0.0,,,,,,,,8.687930843567246,,,,,,,,,,,,9.80428064970081,#000000
2024-07-22 00:00:00+00:00,9.7177375566,9.7710784314,9.3298039216,9.7468325792,77827,0.0,0.0,0.0,0.0,0.0,0.0,0.0,0.0,,,,,,,,8.70736646088688,,,,,,,,,,,,9.801727954593249,"rgba(38, 166, 154, 1.0)"
2024-07-23 00:00:00+00:00,10.454811463,10.5517948718,9.6546983409,9.6983408748,78458,0.0,0.0,0.0,0.0,0.0,0.0,0.0,0.0,,,,,,,,8.738976255700276,,,,,,,,,,,,9.807098056147838,"rgba(38, 166, 154, 1.0)"
2024-07-24 00:00:00+00:00,10.3578280543,10.8039517345,10.0668778281,10.8039517345,143193,0.0,0.0,0.0,0.0,0.0,0.0,0.0,0.0,,,,,,,,8.800333088645047,,,,,,,,,,,,9.820877525693843,"rgba(38, 166, 154, 1.0)"
2024-07-25 00:00:00+00:00,9.7662292609,10.609984917,9.6789441931,10.3287330317,47216,0.0,0.0,0.0,0.0,0.0,0.0,0.0,0.0,,,,,,,,8.81490787749299,,,,,,,,,,,,9.82235594828998,"rgba(38, 166, 154, 1.0)"
2024-07-26 00:00:00+00:00,9.6304524887,10.1978054299,9.4073906486,9.7953242836,18394,0.0,0.0,0.0,0.0,0.0,0.0,0.0,0.0,,,,,,,,8.819224362301648,,,,,,,,,,,,9.822131656560593,"rgba(38, 166, 154, 1.0)"
2024-07-29 00:00:00+00:00,9.1940271493,9.7662292609,9.1940271493,9.5625641026,17690,0.0,0.0,0.0,0.0,0.0,0.0,0.0,0.0,,,,,,,,8.821736724387709,,,,,,,,,,,,9.82091203987339,"rgba(38, 166, 154, 0.75)"
2024-07-30 00:00:00+00:00,9.1843288084,9.4558823529,8.9321719457,8.9321719457,71774,0.0,0.0,0.0,0.0,0.0,0.0,0.0,0.0,,,,,,,,8.828270988443803,,,,,,,,,,,,9.813862692846653,"rgba(38, 166, 154, 0.75)"
2024-07-31 00:00:00+00:00,9.3492006033,9.4461840121,9.2037254902,9.3007088989,11362,0.0,0.0,0.0,0.0,0.0,0.0,0.0,0.0,,,,,,,,8.829681785110303,,,,,,,,,,,,9.813012662652241,"rgba(38, 166, 154, 0.75)"
2024-08-01 00:00:00+00:00,9.3298039216,9.5043740573,9.2813122172,9.3201055807,13726,0.0,0.0,0.0,0.0,0.0,0.0,0.0,0.0,,,,,,,,8.831506176257644,,,,,,,,,,,,9.812072447001068,#000000
2024-08-02 00:00:00+00:00,9.3201055807,9.4946757164,8.835188537,9.2619155354,29388,0.0,0.0,0.0,0.0,0.0,0.0,0.0,0.0,,,,,,,,8.834261283357222,,,,,,,,,,,,9.809368000391133,#000000
2024-08-05 00:00:00+00:00,8.8545852187,9.4344490196,8.6072775264,9.2522171946,64929,0.0,0.0,0.0,0.0,0.0,0.0,0.0,0.0,,,,,,,,8.836302179923909,,,,,,,,,,,,9.80098311738591,#000000
2024-08-06 00:00:00+00:00,9.0000603318,9.1552337858,8.6994117647,8.835188537,47060,0.0,0.0,0.0,0.0,0.0,0.0,0.0,0.0,,,,,,,,8.837587504599645,,,,,,,,,,,,9.794910067507455,#000000
2024-08-07 00:00:00+00:00,9.2425188537,9.3201055807,8.8448868778,9.0194570136,34192,0.0,0.0,0.0,0.0,0.0,0.0,0.0,0.0,,,,,,,,8.839984449162065,,,,,,,,,,,,9.79150407981193,#000000
2024-08-08 00:00:00+00:00,9.9504977376,10.6681749623,9.2764630468,9.8147209653,119516,0.0,0.0,0.0,0.0,0.0,0.0,0.0,0.0,,,,,,,,8.870725857540785,,,,,,,,,,,,9.794583284867642,"rgba(38, 166, 154, 1.0)"
2024-08-09 00:00:00+00:00,10.2705429864,10.6390799397,9.8050226244,9.8050226244,53370,0.0,0.0,0.0,0.0,0.0,0.0,0.0,0.0,,,,,,,,8.887210359118235,,,,,,,,,,,,9.79807069092481,"rgba(38, 166, 154, 1.0)"
2024-08-12 00:00:00+00:00,10.0474811463,11.5022322775,9.4655806938,11.4052488688,146603,0.0,0.0,0.0,0.0,0.0,0.0,0.0,0.0,,,,,,,,8.933724316852459,,,,,,,,,,,,9.80949239690414,"rgba(38, 166, 154, 1.0)"
2024-08-13 00:00:00+00:00,10.3384313725,11.0464102564,9.5043740573,10.5905882353,168884,0.0,0.0,0.0,0.0,0.0,0.0,0.0,0.0,,,,,,,,8.982246809884519,,,,,,,,,,,,9.821066727346649,"rgba(38, 166, 154, 1.0)"
2024-08-14 00:00:00+00:00,10.1347662142,10.6487782805,9.8827063348,10.2511463047,49414,0.0,0.0,0.0,0.0,0.0,0.0,0.0,0.0,,,,,,,,8.995031011686478,,,,,,,,,,,,9.823836592922879,"rgba(38, 166, 154, 1.0)"
2024-08-15 00:00:00+00:00,10.3287330317,10.4160180995,9.9020060332,10.2026546003,31306,0.0,0.0,0.0,0.0,0.0,0.0,0.0,0.0,,,,,,,,9.002952669276409,,,,,,,,,,,,9.825543403537893,"rgba(38, 166, 154, 1.0)"
2024-08-16 00:00:00+00:00,9.9795927602,10.3287330317,9.7371342383,10.299638009,56030,0.0,0.0,0.0,0.0,0.0,0.0,0.0,0.0,,,,,,,,9.01457525730124,,,,,,,,,,,,9.82701049789198,"rgba(38, 166, 154, 1.0)"
2024-08-19 00:00:00+00:00,10.1929562594,10.299638009,9.6983408748,9.9214027149,95860,0.0,0.0,0.0,0.0,0.0,0.0,0.0,0.0,,,,,,,,9.034787215529606,,,,,,,,,,,,9.83010207829226,"rgba(38, 166, 154, 1.0)"
2024-08-20 00:00:00+00:00,10.6487782805,10.6681749623,10.1735595777,10.2220512821,81595,0.0,0.0,0.0,0.0,0.0,0.0,0.0,0.0,,,,,,,,9.058377220878256,,,,,,,,,,,,9.837435035483782,"rgba(38, 166, 154, 1.0)"
2024-08-21 00:00:00+00:00,9.9020060332,10.6196832579,9.6983408748,10.6196832579,72494,0.0,0.0,0.0,0.0,0.0,0.0,0.0,0.0,,,,,,,,9.072721353018718,,,,,,,,,,,,9.839717921620629,"rgba(38, 166, 154, 0.75)"
2024-08-22 00:00:00+00:00,9.7177375566,10.1250678733,9.6692458522,9.9117043741,36744,0.0,0.0,0.0,0.0,0.0,0.0,0.0,0.0,,,,,,,,9.078159588873977,,,,,,,,,,,,9.839706366105931,"rgba(38, 166, 154, 0.75)"
2024-08-23 00:00:00+00:00,9.9892911011,10.0474811463,9.6983408748,9.8244193062,33488,0.0,0.0,0.0,0.0,0.0,0.0,0.0,0.0,,,,,,,,9.08352784131192,,,,,,,,,,,,9.840025223132299,"rgba(38, 166, 154, 0.75)"
2024-08-26 00:00:00+00:00,9.9892911011,9.9892911011,9.6353016591,9.9795927602,29939,0.0,0.0,0.0,0.0,0.0,0.0,0.0,0.0,,,,,,,,9.08803763162202,,,,,,,,,,,,9.840148541274482,"rgba(38, 166, 154, 0.75)"
2024-08-27 00:00:00+00:00,10.0183861237,10.1832579186,9.7177375566,9.8341176471,77508,0.0,0.0,0.0,0.0,0.0,0.0,0.0,0.0,,,,,,,,9.100963681979254,,,,,,,,,,,,9.841492503549334,"rgba(38, 166, 154, 0.75)"
2024-08-28 00:00:00+00:00,9.8923076923,10.1468891403,9.6110558069,10.0474811463,43227,0.0,0.0,0.0,0.0,0.0,0.0,0.0,0.0,,,,,,,,9.107285222961949,,,,,,,,,,,,9.841727491807225,#000000
2024-08-29 00:00:00+00:00,9.6983408748,10.0262417798,9.6013574661,9.9989894419,51553,0.0,0.0,0.0,0.0,0.0,0.0,0.0,0.0,,,,,,,,9.113660415760208,,,,,,,,,,,,9.841286491893438,#000000
2024-08-30 00:00:00+00:00,9.9020060332,9.9892911011,9.5722624434,9.6789441931,64087,0.0,0.0,0.0,0.0,0.0,0.0,0.0,0.0,,,,,,,,9.121955772725247,,,,,,,,,,,,9.841121933810578,#000000
2024-09-03 00:00:00+00:00,9.8632126697,10.1832579186,9.6683730015,9.8923076923,61862,0.0,0.0,0.0,0.0,0.0,0.0,0.0,0.0,,,,,,,,9.13071804044559,,,,,,,,,,,,9.84162237889901,#000000
2024-09-04 00:00:00+00:00,9.8341176471,10.143494721,9.7371342383,9.8341176471,48071,0.0,0.0,0.0,0.0,0.0,0.0,0.0,0.0,,,,,,,,9.137392403349512,,,,,,,,,,,,9.842005677459607,#000000
2024-09-05 00:00:00+00:00,9.6789441931,9.9989894419,9.5528657617,9.8050226244,36907,0.0,0.0,0.0,0.0,0.0,0.0,0.0,0.0,,,,,,,,9.14137842641508,,,,,,,,,,,,9.84155025704664,#000000
2024-09-06 00:00:00+00:00,9.7371342383,9.8923076923,9.3588989442,9.8341176471,53421,0.0,0.0,0.0,0.0,0.0,0.0,0.0,0.0,,,,,,,,9.14629407223909,,,,,,,,,,,,9.840360687770419,#000000
2024-09-09 00:00:00+00:00,9.6207541478,10.0038386124,9.4364856712,9.7565309201,102344,0.0,0.0,0.0,0.0,0.0,0.0,0.0,0.0,,,,,,,,9.155887336569927,,,,,,,,,,,,9.838430568602368,"rgba(239, 83, 80, 1.0)"
2024-09-10 00:00:00+00:00,9.4849773756,9.7468325792,9.3588989442,9.7371342383,53008,0.0,0.0,0.0,0.0,0.0,0.0,0.0,0.0,,,,,,,,9.159295869429831,,,,,,,,,,,,9.83643427020832,"rgba(239, 83, 80, 1.0)"
2024-09-11 00:00:00+00:00,9.5431674208,9.6498491704,9.3782956259,9.3879939668,44880,0.0,0.0,0.0,0.0,0.0,0.0,0.0,0.0,,,,,,,,9.162084138619907,,,,,,,,,,,,9.834728917121248,"rgba(239, 83, 80, 1.0)"
2024-09-12 00:00:00+00:00,9.6207541478,9.7468325792,9.4444383107,9.6304524887,29110,0.0,0.0,0.0,0.0,0.0,0.0,0.0,0.0,,,,,,,,9.164266137987909,,,,,,,,,,,,9.833915564169235,"rgba(239, 83, 80, 1.0)"
2024-09-13 00:00:00+00:00,9.8923076923,9.9020060332,9.5043740573,9.5625641026,51423,0.0,0.0,0.0,0.0,0.0,0.0,0.0,0.0,,,,,,,,9.16947113369276,,,,,,,,,,,,9.833496662026327,#000000
2024-09-16 00:00:00+00:00,9.5625641026,10.0280844646,9.5528657617,9.7710784314,54228,0.0,0.0,0.0,0.0,0.0,0.0,0.0,0.0,,,,,,,,9.174396038830169,,,,,,,,,,,,9.83272510129968,"rgba(239, 83, 80, 0.75)"
2024-09-17 00:00:00+00:00,9.5722624434,9.7516817496,9.3879939668,9.5722624434,52814,0.0,0.0,0.0,0.0,0.0,0.0,0.0,0.0,,,,,,,,9.177852758008198,,,,,,,,,,,,9.83108043964964,"rgba(239, 83, 80, 0.75)"
2024-09-18 00:00:00+00:00,10.0862745098,10.1832579186,9.5528657617,9.6595475113,181193,0.0,0.0,0.0,0.0,0.0,0.0,0.0,0.0,,,,,,,,9.20002319157504,,,,,,,,,,,,9.833392862856662,#000000
2024-09-19 00:00:00+00:00,9.5916591252,10.2705429864,9.2716138763,10.1250678733,356984,0.0,0.0,0.0,0.0,0.0,0.0,0.0,0.0,,,,,,,,9.227707987537832,,,,,,,,,,,,9.828524153741059,#000000
2024-09-20 00:00:00+00:00,9.9117043741,9.9311010558,9.4073906486,9.6207541478,1067187,0.0,0.0,0.0,0.0,0.0,0.0,0.0,0.0,,,,,,,,9.300487005244038,,,,,,,,,,,,9.820168968195151,#000000
2024-09-23 00:00:00+00:00,10.1638612368,10.1638612368,9.7662292609,9.9892911011,251681,0.0,0.0,0.0,0.0,0.0,0.0,0.0,0.0,,,,,,,,9.323737062508359,,,,,,,,,,,,9.825341933224113,"rgba(38, 166, 154, 0.5)"
2024-09-24 00:00:00+00:00,10.2705429864,10.3384313725,9.9193660633,10.1832579186,298579,0.0,0.0,0.0,0.0,0.0,0.0,0.0,0.0,,,,,,,,9.354736847836175,,,,,,,,,,,,9.835248944126073,"rgba(38, 166, 154, 1.0)"
2024-09-25 00:00:00+00:00,10.299638009,10.6196832579,10.1906286576,10.2802413273,110798,-1.0,10.619683,10.190629,0.0,-1.0,10.619683,10.190629,0.0,,,,,,,10.369983308166667,9.368255999467147,,,,,,,,,,,,9.840795214241579,"rgba(38, 166, 154, 1.0)"
2024-09-26 00:00:00+00:00,10.0474811463,10.5226028658,9.9996683258,10.3287330317,45382,0.0,0.0,0.0,0.0,0.0,0.0,0.0,0.0,,,,,,,10.317660674293187,9.372713180669354,,,,,,,,,,,,9.84227211405298,"rgba(38, 166, 154, 1.0)"
2024-09-27 00:00:00+00:00,9.9601960784,10.1784087481,9.7468325792,10.1347662142,34286,0.0,0.0,0.0,0.0,0.0,0.0,0.0,0.0,,,,,,,10.253604036459981,9.375117614604376,,,,,,,,,,,,9.842652947836182,"rgba(38, 166, 154, 0.5)"
2024-09-30 00:00:00+00:00,9.8147209653,10.2123529412,9.7080392157,9.9020060332,19072,0.0,0.0,0.0,0.0,0.0,0.0,0.0,0.0,,,,,,,10.222484571918155,9.376333125378153,,,,,,,,,,,,9.842775100810028,#000000
2024-10-01 00:00:00+00:00,9.3104072398,9.955346908,9.0824962293,9.7759276018,143560,0.0,0.0,0.0,0.0,0.0,0.0,0.0,0.0,,,,,,,9.908176333320338,9.377558400362265,,,,,,,,,,,,9.83760603455797,"rgba(239, 83, 80, 1.0)"
2024-10-02 00:00:00+00:00,9.2522171946,9.4510331825,9.2134238311,9.2813122172,33553,0.0,0.0,0.0,0.0,0.0,0.0,0.0,0.0,,,,,,,9.855882014647118,9.377277373901919,,,,,,,,,,,,9.835976961122755,"rgba(239, 83, 80, 1.0)"
2024-10-03 00:00:00+00:00,9.2134238311,9.303327451,9.0407933635,9.2813122172,25927,0.0,0.0,0.0,0.0,0.0,0.0,0.0,0.0,,,,,,,9.813776118748002,9.376701756580403,,,,,,,,,,,,9.834442401250529,"rgba(239, 83, 80, 1.0)"
2024-10-04 00:00:00+00:00,9.4073906486,9.5237707391,9.1649321267,9.2425188537,24256,0.0,0.0,0.0,0.0,0.0,0.0,0.0,0.0,,,,,,,9.788877250738821,9.376669952675087,,,,,,,,,,,,9.833408834872705,"rgba(239, 83, 80, 1.0)"
2024-10-07 00:00:00+00:00,9.2813122172,9.6110558069,9.0873453997,9.3395022624,34271,0.0,0.0,0.0,0.0,0.0,0.0,0.0,0.0,,,,,,,9.75524633474829,9.376472169317086,,,,,,,,,,,,9.8318358665502,"rgba(239, 83, 80, 1.0)"
2024-10-08 00:00:00+00:00,9.4267873303,9.5916591252,9.1843288084,9.3685972851,55379,0.0,0.0,0.0,0.0,0.0,0.0,0.0,0.0,,,,,,,9.717976529159667,9.376627175711906,,,,,,,,,,,,9.829685639979036,"rgba(239, 83, 80, 1.0)"
2024-10-09 00:00:00+00:00,9.1164404223,9.4655806938,9.0388536953,9.3298039216,67466,0.0,0.0,0.0,0.0,0.0,0.0,0.0,0.0,,,,,,,9.659930636675483,9.37532694607524,,,,,,,,,,,,9.825922914261524,"rgba(239, 83, 80, 1.0)"
2024-10-10 00:00:00+00:00,9.4461840121,9.7371342383,9.1163434389,9.1309879336,39170,0.0,0.0,0.0,0.0,0.0,0.0,0.0,0.0,,,,,,,9.645904490633734,9.375583388042342,,,,,,,,,,,,9.824550087197748,"rgba(239, 83, 80, 1.0)"
2024-10-11 00:00:00+00:00,9.9311010558,9.948946003,9.4607315234,9.6983408748,51575,0.0,0.0,0.0,0.0,0.0,0.0,0.0,0.0,,,,,,,9.656024852285594,9.377929917856479,,,,,,,,,,,,9.824347153247992,#000000
2024-10-14 00:00:00+00:00,9.7080392157,9.9892911011,9.7031900452,9.9407993967,24444,0.0,0.0,0.0,0.0,0.0,0.0,0.0,0.0,,,,,,,9.660993650250882,9.379087155699132,,,,,,,,,,,,9.82429477178698,#000000
2024-10-15 00:00:00+00:00,9.4752790347,9.9601960784,9.3879939668,9.7262720965,96711,0.0,0.0,0.0,0.0,0.0,0.0,0.0,0.0,,,,,,,9.654612581589621,9.381540811487026,,,,,,,,,,,,9.822454712027964,#000000
2024-10-16 00:00:00+00:00,9.5528657617,9.6983408748,9.4073906486,9.5431674208,73115,0.0,0.0,0.0,0.0,0.0,0.0,0.0,0.0,,,,,,,9.646148969572954,9.38291904482185,,,,,,,,,,,,9.820733313496552,#000000
2024-10-17 00:00:00+00:00,9.4655806938,9.8050226244,9.2425188537,9.4752790347,62688,0.0,0.0,0.0,0.0,0.0,0.0,0.0,0.0,,,,,,,9.636710688485795,9.383751019916295,,,,,,,,,,,,9.819010783928475,#000000
2024-10-18 00:00:00+00:00,9.2037254902,9.5528657617,9.1164404223,9.4364856712,97446,0.0,0.0,0.0,0.0,0.0,0.0,0.0,0.0,,,,,,,9.604291164543588,9.382773909257649,,,,,,,,,,,,9.814579398408876,"rgba(239, 83, 80, 0.75)"
2024-10-21 00:00:00+00:00,9.2522171946,9.3976923077,9.101892911,9.1746304676,166785,0.0,0.0,0.0,0.0,0.0,0.0,0.0,0.0,,,,,,,9.555372490184372,9.38043265427905,,,,,,,,,,,,9.80659270771364,"rgba(239, 83, 80, 1.0)"
2024-10-22 00:00:00+00:00,8.4375565611,9.0679487179,8.4084615385,9.0679487179,86329,0.0,0.0,0.0,0.0,0.0,0.0,0.0,0.0,,,,,,,9.494084757762698,9.373687294355747,,,,,,,,,,,,9.798089173165879,"rgba(239, 83, 80, 1.0)"
2024-10-23 00:00:00+00:00,8.524841629,8.680015083,8.4860482655,8.5830316742,46479,0.0,0.0,0.0,0.0,0.0,0.0,0.0,0.0,,,,,,,9.461779810366549,9.369744214724761,,,,,,,,,,,,9.793271812940034,"rgba(239, 83, 80, 1.0)"
2024-10-24 00:00:00+00:00,8.8254901961,8.9515686275,8.5927300151,8.6412217195,136430,0.0,0.0,0.0,0.0,0.0,0.0,0.0,0.0,,,,,,,9.399642222804056,9.361576446727002,,,,,,,,,,,,9.781908895444806,"rgba(239, 83, 80, 1.0)"
2024-10-25 00:00:00+00:00,8.75760181,8.912775264,8.6703167421,8.8545852187,33467,0.0,0.0,0.0,0.0,0.0,0.0,0.0,0.0,,,,,,,9.385901020734146,9.359574479015777,,,,,,,,,,,,9.77913384545408,"rgba(239, 83, 80, 1.0)"
2024-10-28 00:00:00+00:00,8.7285067873,8.9806636501,8.6509200603,8.7866968326,25157,0.0,0.0,0.0,0.0,0.0,0.0,0.0,0.0,,,,,,,9.376072679038892,9.358095356402504,,,,,,,,,,,,9.777071390935351,"rgba(239, 83, 80, 1.0)"
2024-10-29 00:00:00+00:00,8.369668175,8.6994117647,8.2629864253,8.6460708899,37455,0.0,0.0,0.0,0.0,0.0,0.0,0.0,0.0,,,,,,,9.353854036340486,9.354595034552974,,,,,,,,,,,,9.772959544277452,"rgba(239, 83, 80, 1.0)"
2024-10-30 00:00:00+00:00,8.3987631976,8.5199924585,8.2435897436,8.3890648567,56543,0.0,0.0,0.0,0.0,0.0,0.0,0.0,0.0,,,,,,,9.3202839724166,9.349036184748492,,,,,,,,,,,,9.766537812556745,"rgba(239, 83, 80, 1.0)"
2024-10-31 00:00:00+00:00,8.3793665158,8.5151432881,8.292081448,8.4181598793,26493,0.0,0.0,0.0,0.0,0.0,0.0,0.0,0.0,,,,,,,9.30547382372829,9.346475239724926,,,,,,,,,,,,9.76356688458699,"rgba(239, 83, 80, 1.0)"
2024-11-01 00:00:00+00:00,8.2823831071,8.4278582202,8.1175113122,8.4084615385,55358,0.0,0.0,0.0,0.0,0.0,0.0,0.0,0.0,,,,,,,9.272136000211724,9.340500681951827,,,,,,,,,,,,9.756861246265638,"rgba(239, 83, 80, 1.0)"
2024-11-04 00:00:00+00:00,8.369668175,8.3890648567,8.1661,8.2532880845,16724,0.0,0.0,0.0,0.0,0.0,0.0,0.0,0.0,,,,,,,9.262798463757864,9.338763291664714,,,,,,,,,,,,9.754891311369425,"rgba(239, 83, 80, 1.0)"
2024-11-05 00:00:00+00:00,8.3017797888,8.6460708899,8.221380543,8.4181598793,35404,0.0,0.0,0.0,0.0,0.0,0.0,0.0,0.0,,,,,,,9.245253350581809,9.335393783791979,,,,,,,,,,,,9.750972524754985,"rgba(239, 83, 80, 1.0)"
2024-11-06 00:00:00+00:00,8.4278582202,8.5927300151,8.3405731523,8.4908974359,34450,0.0,0.0,0.0,0.0,0.0,0.0,0.0,0.0,,,,,,,9.230072013375832,9.332358228998011,,,,,,,,,,,,9.747359076168658,"rgba(239, 83, 80, 1.0)"
2024-11-07 00:00:00+00:00,8.5442383107,8.9641764706,8.3745173454,8.3745173454,44773,0.0,0.0,0.0,0.0,0.0,0.0,0.0,0.0,,,,,,,9.215420574630771,9.32921893935561,,,,,,,,,,,,9.743320180604364,"rgba(239, 83, 80, 0.75)"
2024-11-08 00:00:00+00:00,8.7479034691,8.9709653092,8.4181598793,8.5345399698,41193,0.0,0.0,0.0,0.0,0.0,0.0,0.0,0.0,,,,,,,9.204410081126698,9.326700988843937,,,,,,,,,,,,9.739910037896117,"rgba(239, 83, 80, 0.75)"
2024-11-11 00:00:00+00:00,8.3017797888,8.835188537,8.2241930618,8.835188537,27229,0.0,0.0,0.0,0.0,0.0,0.0,0.0,0.0,,,,,,,9.19370469189598,9.324351940721558,,,,,,,,,,,,9.7371040344586,"rgba(239, 83, 80, 0.75)"
2024-11-12 00:00:00+00:00,7.9720361991,8.4618024133,7.9235444947,8.3017797888,47180,0.0,0.0,0.0,0.0,0.0,0.0,0.0,0.0,,,,,,,9.167792451375435,9.318758728577833,,,,,,,,,,,,9.73101086835064,"rgba(239, 83, 80, 1.0)"
2024-11-13 00:00:00+00:00,8.4860482655,8.7285067873,7.9720361991,8.0205279035,47747,0.0,0.0,0.0,0.0,0.0,0.0,0.0,0.0,,,,,,,9.149395361455538,9.314442983555708,,,,,,,,,,,,9.72594044157992,"rgba(239, 83, 80, 0.75)"
2024-11-14 00:00:00+00:00,8.2241930618,8.5830316742,8.136907994,8.5830316742,65422,0.0,0.0,0.0,0.0,0.0,0.0,0.0,0.0,,,,,,,9.123011693454973,9.308080375107776,,,,,,,,,,,,9.718636976711963,"rgba(239, 83, 80, 0.75)"
2024-11-15 00:00:00+00:00,8.0884162896,8.2532880845,7.8750527903,8.1853996983,41436,0.0,0.0,0.0,0.0,0.0,0.0,0.0,0.0,,,,,,,9.102388241447798,9.303118834923918,,,,,,,,,,,,9.713258053102964,"rgba(239, 83, 80, 0.75)"
2024-11-18 00:00:00+00:00,8.1757013575,8.3502714932,7.9720361991,8.1175113122,27728,0.0,0.0,0.0,0.0,0.0,0.0,0.0,0.0,,,,,,,9.09024914183703,9.300072071677,,,,,,,,,,,,9.709882707402036,"rgba(239, 83, 80, 0.75)"
2024-11-19 00:00:00+00:00,8.1757013575,8.3890648567,8.0205279035,8.1175113122,26462,0.0,0.0,0.0,0.0,0.0,0.0,0.0,0.0,,,,,,,9.079309771733955,9.297253811355443,,,,,,,,,,,,9.706735624698863,"rgba(239, 83, 80, 0.75)"
2024-11-20 00:00:00+00:00,8.5927300151,8.9321719457,8.1466063348,8.1821022624,84233,0.0,0.0,0.0,0.0,0.0,0.0,0.0,0.0,,,,,,,9.059758777569703,9.291293647661234,,,,,,,,,,,,9.699183168995416,"rgba(239, 83, 80, 0.5)"
2024-11-21 00:00:00+00:00,8.447254902,8.6606184012,8.3987631976,8.5830316742,39342,0.0,0.0,0.0,0.0,0.0,0.0,0.0,0.0,,,,,,,9.050175647568691,9.288336707952869,,,,,,,,,,,,9.695521480469885,#000000
2024-11-22 00:00:00+00:00,7.3222473605,7.593800905,6.8567269985,7.4871191554,2909291,0.0,0.0,0.0,0.0,0.0,0.0,0.0,0.0,,,,,,,8.04691698937222,8.847702094501184,,,,,,,,,,,,9.245760528301975,"rgba(239, 83, 80, 1.0)"
2024-11-25 00:00:00+00:00,7.438627451,7.6131975867,7.3222473605,7.3804374057,676575,0.0,0.0,0.0,0.0,0.0,0.0,0.0,0.0,,,,,,,7.979096592149028,8.780946690060944,,,,,,,,,,,,9.172216257989046,"rgba(239, 83, 80, 1.0)"
2024-11-26 00:00:00+00:00,7.5841025641,7.6907843137,7.4192307692,7.516214178,678148,0.0,0.0,0.0,0.0,0.0,0.0,0.0,0.0,,,,,,,7.936212241894807,8.72507682221755,,,,,,,,,,,,9.108557317454114,"rgba(239, 83, 80, 1.0)"
2024-11-27 00:00:00+00:00,7.8362594268,7.8362594268,7.5404600302,7.6519909502,489376,0.0,0.0,0.0,0.0,0.0,0.0,0.0,0.0,,,,,,,7.922414651103548,8.693394734379398,,,,,,,,,,,,9.070468995477128,"rgba(239, 83, 80, 1.0)"
2024-11-29 00:00:00+00:00,7.9332428356,7.9526395173,7.671387632,7.8750527903,224002,0.0,0.0,0.0,0.0,0.0,0.0,0.0,0.0,,,,,,,7.920256995252003,8.681222463001152,,,,,,,,,,,,9.055173225189893,"rgba(239, 83, 80, 0.75)"
2024-12-02 00:00:00+00:00,7.6810859729,7.9720361991,7.671387632,7.9623378582,282780,0.0,0.0,0.0,0.0,0.0,0.0,0.0,0.0,,,,,,,7.914809718958792,8.66495812123151,,,,,,,,,,,,9.035193110160417,"rgba(239, 83, 80, 0.75)"
2024-12-03 00:00:00+00:00,7.7101809955,7.7392760181,7.4289291101,7.7392760181,228758,0.0,0.0,0.0,0.0,0.0,0.0,0.0,0.0,,,,,,,7.906319183951193,8.650094102306458,,,,,,,,,,,,9.017626660797276,"rgba(239, 83, 80, 0.75)"
2024-12-04 00:00:00+00:00,7.6616892911,7.8708825038,7.5647058824,7.6907843137,219110,0.0,0.0,0.0,0.0,0.0,0.0,0.0,0.0,,,,,,,7.900641346732197,8.637236867715705,,,,,,,,,,,,9.002067891308,"rgba(239, 83, 80, 0.75)"
2024-12-05 00:00:00+00:00,7.6907843137,7.7683710407,7.6034992459,7.7392760181,117671,0.0,0.0,0.0,0.0,0.0,0.0,0.0,0.0,,,,,,,7.89755131126407,8.630391268505347,,,,,,,,,,,,8.993790116017928,"rgba(239, 83, 80, 0.75)"
2024-12-06 00:00:00+00:00,7.6907843137,7.7877677225,7.5356108597,7.6907843137,199503,0.0,0.0,0.0,0.0,0.0,0.0,0.0,0.0,,,,,,,7.892124366814442,8.618812654537127,,,,,,,,,,,,8.979820671838638,"rgba(239, 83, 80, 0.75)"
2024-12-09 00:00:00+00:00,7.5841025641,7.8653544495,7.5453092006,7.671387632,161500,0.0,0.0,0.0,0.0,0.0,0.0,0.0,0.0,,,,,,,7.887795111991977,8.609579844098803,,,,,,,,,,,,8.968671752296036,"rgba(239, 83, 80, 0.75)"
2024-12-10 00:00:00+00:00,7.7877677225,7.8071644042,7.5356108597,7.6034992459,475746,0.0,0.0,0.0,0.0,0.0,0.0,0.0,0.0,,,,,,,7.878355313395554,8.584646492850526,,,,,,,,,,,,8.938004209690943,"rgba(239, 83, 80, 0.5)"
2024-12-11 00:00:00+00:00,7.6810859729,7.8847511312,7.6034992459,7.8362594268,187468,0.0,0.0,0.0,0.0,0.0,0.0,0.0,0.0,,,,,,,7.875170761253591,8.575336819413138,,,,,,,,,,,,8.926449254436996,"rgba(239, 83, 80, 0.5)"
2024-12-12 00:00:00+00:00,7.6519909502,7.826561086,7.5550075415,7.748974359,328644,0.0,0.0,0.0,0.0,0.0,0.0,0.0,0.0,,,,,,,7.8683212969242335,8.558651411604542,,,,,,,,,,,,8.905972102964826,"rgba(239, 83, 80, 0.5)"
2024-12-13 00:00:00+00:00,7.7004826546,7.7586726998,7.5889517345,7.6810859729,97831,0.0,0.0,0.0,0.0,0.0,0.0,0.0,0.0,,,,,,,7.866422846686337,8.553830346003412,,,,,,,,,,,,8.900029105707413,"rgba(239, 83, 80, 0.5)"
2024-12-16 00:00:00+00:00,7.6228959276,7.8459577677,7.4040043741,7.7101809955,266932,0.0,0.0,0.0,0.0,0.0,0.0,0.0,0.0,,,,,,,7.859849168549225,8.540077738333373,,,,,,,,,,,,8.883339289701643,"rgba(239, 83, 80, 0.5)"
2024-12-17 00:00:00+00:00,7.4677224736,7.8071644042,7.4483257919,7.6228959276,273822,0.0,0.0,0.0,0.0,0.0,0.0,0.0,0.0,,,,,,,7.852115097130174,8.52564092807688,,,,,,,,,,,,8.866005855755617,"rgba(239, 83, 80, 1.0)"
2024-12-18 00:00:00+00:00,7.3222473605,7.8071644042,7.3222473605,7.516214178,356228,0.0,0.0,0.0,0.0,0.0,0.0,0.0,0.0,,,,,,,7.839577381370724,8.505766232680687,,,,,,,,,,,,8.842598430233007,"rgba(239, 83, 80, 1.0)"
2024-12-19 00:00:00+00:00,7.283453997,7.6034992459,7.2640573152,7.3319457014,342120,0.0,0.0,0.0,0.0,0.0,0.0,0.0,0.0,,,,,,,7.825141166714112,8.4855765188246,,,,,,,,,,,,8.81924851192472,"rgba(239, 83, 80, 1.0)"
2024-12-20 00:00:00+00:00,7.4871191554,7.6616892911,7.1961689291,7.2252639517,352794,0.0,0.0,0.0,0.0,0.0,0.0,0.0,0.0,,,,,,,7.813226170048373,8.466681712215545,,,,,,,,,,,,8.796989905920144,"rgba(239, 83, 80, 0.75)"
2024-12-23 00:00:00+00:00,7.5647058824,7.7101809955,7.4774208145,7.593800905,178722,0.0,0.0,0.0,0.0,0.0,0.0,0.0,0.0,,,,,,,7.809613815650881,8.458611595282395,,,,,,,,,,,,8.787095157261689,"rgba(239, 83, 80, 0.5)"
2024-12-24 00:00:00+00:00,7.3125490196,7.5647058824,7.283453997,7.4677224736,100124,0.0,0.0,0.0,0.0,0.0,0.0,0.0,0.0,,,,,,,7.805912935279981,8.453149691427836,,,,,,,,,,,,8.780724975897886,"rgba(239, 83, 80, 0.75)"
2024-12-26 00:00:00+00:00,7.6810859729,7.7586726998,7.4289291101,7.4289291101,177134,0.0,0.0,0.0,0.0,0.0,0.0,0.0,0.0,,,,,,,7.803121409859514,8.445730719825784,,,,,,,,,,,,8.771480319064956,"rgba(239, 83, 80, 0.5)"
2024-12-27 00:00:00+00:00,7.516214178,7.6859351433,7.3416440422,7.671387632,299365,0.0,0.0,0.0,0.0,0.0,0.0,0.0,0.0,,,,,,,7.7958707551214435,8.431878033815789,,,,,,,,,,,,8.75474558202856,"rgba(239, 83, 80, 0.5)"
2024-12-30 00:00:00+00:00,7.516214178,7.5841025641,7.3222473605,7.4483257919,136281,0.0,0.0,0.0,0.0,0.0,0.0,0.0,0.0,,,,,,,7.7922322943256725,8.425435597286134,,,,,,,,,,,,8.747030630695118,"rgba(239, 83, 80, 0.5)"
2024-12-31 00:00:00+00:00,7.593800905,7.6325942685,7.3804374057,7.5259125189,160967,0.0,0.0,0.0,0.0,0.0,0.0,0.0,0.0,,,,,,,7.7888491472937345,8.418421139336708,,,,,,,,,,,,8.738471083462741,#000000
2025-01-02 00:00:00+00:00,7.5065158371,7.7877677225,7.4483257919,7.593800905,128594,0.0,0.0,0.0,0.0,0.0,0.0,0.0,0.0,,,,,,,7.786681533211328,8.413179604034328,,,,,,,,,,,,8.731973461614276,#000000
2025-01-03 00:00:00+00:00,7.6616892911,7.6616892911,7.5356108597,7.6616892911,67150,0.0,0.0,0.0,0.0,0.0,0.0,0.0,0.0,,,,,,,7.785777479703203,8.410594896611817,,,,,,,,,,,,8.728722771032578,#000000
2025-01-06 00:00:00+00:00,7.4871191554,7.7101809955,7.4677224736,7.6616892911,186202,0.0,0.0,0.0,0.0,0.0,0.0,0.0,0.0,,,,,,,7.782364943434765,8.402936231032095,,,,,,,,,,,,8.71928769320711,#000000
2025-01-07 00:00:00+00:00,7.3319457014,7.5550075415,7.2543589744,7.4774208145,167774,0.0,0.0,0.0,0.0,0.0,0.0,0.0,0.0,,,,,,,7.7770800316312165,8.394755292113189,,,,,,,,,,,,8.709660032208305,"rgba(239, 83, 80, 0.5)"
2025-01-08 00:00:00+00:00,7.1670739065,7.3319457014,7.0264479638,7.3125490196,197496,0.0,0.0,0.0,0.0,0.0,0.0,0.0,0.0,,,,,,,7.767905270636921,8.383375875323697,,,,,,,,,,,,8.696779621798518,"rgba(239, 83, 80, 0.5)"
2025-01-10 00:00:00+00:00,6.7112518854,7.20586727,6.6239668175,7.1767722474,617468,0.0,0.0,0.0,0.0,0.0,0.0,0.0,0.0,,,,,,,7.72601701752943,8.339828642494743,,,,,,,,,,,,8.649477489017608,"rgba(239, 83, 80, 1.0)"
2025-01-13 00:00:00+00:00,6.895520362,6.9585595777,6.5463800905,6.7112518854,449682,0.0,0.0,0.0,0.0,0.0,0.0,0.0,0.0,,,,,,,7.696329410306741,8.308688705562778,,,,,,,,,,,,8.615666497342302,"rgba(239, 83, 80, 1.0)"
2025-01-14 00:00:00+00:00,7.1767722474,7.3998340875,6.8470286576,6.8858220211,217306,0.0,0.0,0.0,0.0,0.0,0.0,0.0,0.0,,,,,,,7.687859054697492,8.2973886875835,,,,,,,,,,,,8.602753639338571,"rgba(239, 83, 80, 1.0)"
2025-01-15 00:00:00+00:00,7.2737556561,7.4192307692,7.1088838612,7.1379788839,260654,0.0,0.0,0.0,0.0,0.0,0.0,0.0,0.0,,,,,,,7.680299962609909,8.285566734207865,,,,,,,,,,,,8.588870832593743,"rgba(239, 83, 80, 0.5)"
2025-01-16 00:00:00+00:00,7.1573755656,7.3222473605,7.128280543,7.2446606335,139384,0.0,0.0,0.0,0.0,0.0,0.0,0.0,0.0,,,,,,,7.675752694001453,8.278961273314202,,,,,,,,,,,,8.58120739703173,"rgba(239, 83, 80, 0.5)"
2025-01-17 00:00:00+00:00,7.2252639517,7.4289291101,6.9634087481,6.9634087481,153027,0.0,0.0,0.0,0.0,0.0,0.0,0.0,0.0,,,,,,,7.670892446723603,8.271822951388707,,,,,,,,,,,,8.572910349638521,"rgba(239, 83, 80, 0.5)"
2025-01-21 00:00:00+00:00,7.2931523379,7.4677224736,7.1864705882,7.2543589744,204220,0.0,0.0,0.0,0.0,0.0,0.0,0.0,0.0,,,,,,,7.666057336191229,8.263410419219234,,,,,,,,,,,,8.562870183528014,"rgba(239, 83, 80, 0.5)"
2025-01-22 00:00:00+00:00,7.3998340875,7.4289291101,7.1088838612,7.3222473605,250167,0.0,0.0,0.0,0.0,0.0,0.0,0.0,0.0,,,,,,,7.660257841286426,8.253270304441521,,,,,,,,,,,,8.55075621942748,#000000
2025-01-23 00:00:00+00:00,7.4095324284,7.6907843137,7.2931523379,7.2931523379,156918,0.0,0.0,0.0,0.0,0.0,0.0,0.0,0.0,,,,,,,7.658263823283364,8.248029122297286,,,,,,,,,,,,8.544194577763326,#000000
2025-01-24 00:00:00+00:00,7.6907843137,7.7586726998,7.361040724,7.593800905,247306,0.0,0.0,0.0,0.0,0.0,0.0,0.0,0.0,,,,,,,7.657398591577988,8.241349473483215,,,,,,,,,,,,8.535323588504538,"rgba(38, 166, 154, 1.0)"
2025-01-27 00:00:00+00:00,7.6616892911,7.826561086,7.550158371,7.826561086,143051,0.0,0.0,0.0,0.0,0.0,0.0,0.0,0.0,,,,,,,7.657598467215934,8.23800124858307,,,,,,,,,,,,8.530680398639001,"rgba(38, 166, 154, 1.0)"
2025-01-28 00:00:00+00:00,7.7586726998,7.7877677225,7.593800905,7.6325942685,115750,0.0,0.0,0.0,0.0,0.0,0.0,0.0,0.0,,,,,,,7.658004490255884,8.235483976618431,,,,,,,,,,,,8.527108424412816,"rgba(38, 166, 154, 1.0)"
2025-01-29 00:00:00+00:00,7.5453092006,7.7780693816,7.4968174962,7.7101809955,121015,0.0,0.0,0.0,0.0,0.0,0.0,0.0,0.0,,,,,,,7.657617491733602,8.23234537326336,,,,,,,,,,,,8.522921951638663,"rgba(38, 166, 154, 1.0)"
2025-01-30 00:00:00+00:00,7.6519909502,7.7470346908,7.550158371,7.5647058824,132539,0.0,0.0,0.0,0.0,0.0,0.0,0.0,0.0,,,,,,,7.657552806819815,8.229177432061862,,,,,,,,,,,,8.518593427962418,"rgba(38, 166, 154, 1.0)"
2025-01-31 00:00:00+00:00,7.5550075415,7.7586726998,7.4677224736,7.6810859729,294464,0.0,0.0,0.0,0.0,0.0,0.0,0.0,0.0,,,,,,,7.65641230461697,8.221593431724179,,,,,,,,,,,,8.508519356255578,"rgba(38, 166, 154, 1.0)"
2025-02-03 00:00:00+00:00,7.438627451,7.5744042232,7.3416440422,7.4871191554,167673,0.0,0.0,0.0,0.0,0.0,0.0,0.0,0.0,,,,,,,7.654346562321051,8.216395067472044,,,,,,,,,,,,8.502003597679089,"rgba(38, 166, 154, 0.75)"
2025-02-04 00:00:00+00:00,7.5550075415,7.6810859729,7.3319457014,7.4095324284,291690,0.0,0.0,0.0,0.0,0.0,0.0,0.0,0.0,,,,,,,7.652076621778974,8.208342666440608,,,,,,,,,,,,8.491612577433557,"rgba(38, 166, 154, 0.75)"
2025-02-05 00:00:00+00:00,7.3998340875,7.5065158371,7.3125490196,7.5065158371,318647,0.0,0.0,0.0,0.0,0.0,0.0,0.0,0.0,,,,,,,7.64753339435094,8.198299800546323,,,,,,,,,,,,8.479176879111616,#000000
2025-02-06 00:00:00+00:00,7.6907843137,7.904147813,7.5065158371,7.6034992459,542940,0.0,0.0,0.0,0.0,0.0,0.0,0.0,0.0,,,,,,,7.649150198208221,8.187900516385776,,,,,,,,,,,,8.46426518701496,"rgba(38, 166, 154, 0.75)"
2025-02-07 00:00:00+00:00,7.5744042232,7.7683710407,7.3804374057,7.7683710407,230308,0.0,0.0,0.0,0.0,0.0,0.0,0.0,0.0,,,,,,,7.648194428322803,8.1825119738067,,,,,,,,,,,,8.457095077547734,"rgba(38, 166, 154, 0.75)"
2025-02-10 00:00:00+00:00,7.3901357466,7.7004826546,7.3222473605,7.5647058824,240063,0.0,0.0,0.0,0.0,0.0,0.0,0.0,0.0,,,,,,,7.645863165750165,8.176056515614412,,,,,,,,,,,,8.448881620483021,#000000
2025-02-11 00:00:00+00:00,7.3707390649,7.7004826546,7.0409954751,7.361040724,293798,0.0,0.0,0.0,0.0,0.0,0.0,0.0,0.0,,,,,,,7.641504551990961,8.167213246192967,,,,,,,,,,,,8.438002774157809,#000000
2025-02-12 00:00:00+00:00,7.3998340875,7.5122378582,7.1961689291,7.3028506787,138846,0.0,0.0,0.0,0.0,0.0,0.0,0.0,0.0,,,,,,,7.639482562367023,8.163094394620702,,,,,,,,,,,,8.432931280401712,#000000
2025-02-13 00:00:00+00:00,7.5356108597,7.5550075415,7.2737556561,7.4580241327,101083,0.0,0.0,0.0,0.0,0.0,0.0,0.0,0.0,,,,,,,7.638488731292871,8.160442129766666,,,,,,,,,,,,8.429563274095443,#000000
2025-02-14 00:00:00+00:00,7.438627451,7.6859351433,7.3901357466,7.5356108597,83295,0.0,0.0,0.0,0.0,0.0,0.0,0.0,0.0,,,,,,,7.637898995723518,8.158425614220333,,,,,,,,,,,,8.42694710333874,#000000
2025-02-18 00:00:00+00:00,7.4095324284,7.6616892911,7.3561915535,7.4774208145,167097,0.0,0.0,0.0,0.0,0.0,0.0,0.0,0.0,,,,,,,7.636476094581106,8.154239044554956,,,,,,,,,,,,8.421579015901047,#000000
2025-02-19 00:00:00+00:00,7.3804374057,7.4871191554,7.2931523379,7.2931523379,103847,0.0,0.0,0.0,0.0,0.0,0.0,0.0,0.0,,,,,,,7.635121945296726,8.15132539523353,,,,,,,,,,,,8.417962561595958,#000000
2025-02-20 00:00:00+00:00,7.3513423831,7.4192307692,7.2737556561,7.3513423831,131320,0.0,0.0,0.0,0.0,0.0,0.0,0.0,0.0,,,,,,,7.633166090673084,8.147487081326277,,,,,,,,,,,,8.413254693622827,"rgba(239, 83, 80, 0.5)"
2025-02-21 00:00:00+00:00,7.4774208145,7.6568401207,7.3707390649,7.4483257919,150853,0.0,0.0,0.0,0.0,0.0,0.0,0.0,0.0,,,,,,,7.632144689290446,8.14396121725468,,,,,,,,,,,,8.408669770758367,#000000
2025-02-24 00:00:00+00:00,7.1767722474,7.6228959276,7.1137330317,7.4968174962,318138,0.0,0.0,0.0,0.0,0.0,0.0,0.0,0.0,,,,,,,7.6268635876053406,8.134405544024716,,,,,,,,,,,,8.397080356305535,"rgba(239, 83, 80, 0.5)"
2025-02-25 00:00:00+00:00,6.9246153846,7.4047802413,6.895520362,7.1767722474,164718,0.0,0.0,0.0,0.0,0.0,0.0,0.0,0.0,,,,,,,7.622296408093286,8.128198413549354,,,,,,,,,,,,8.389934544301818,"rgba(239, 83, 80, 1.0)"
2025-02-26 00:00:00+00:00,7.2543589744,7.3270965309,6.9440120664,6.9925037707,174412,0.0,0.0,0.0,0.0,0.0,0.0,0.0,0.0,,,,,,,7.618412358910005,8.122322453580182,,,,,,,,,,,,8.38302198865535,"rgba(239, 83, 80, 1.0)"
2025-02-27 00:00:00+00:00,7.4580241327,7.6568401207,7.2349622926,7.2349622926,127359,0.0,0.0,0.0,0.0,0.0,0.0,0.0,0.0,,,,,,,7.617350489895778,8.11930886539023,,,,,,,,,,,,8.379160874051946,"rgba(239, 83, 80, 0.5)"
2025-02-28 00:00:00+00:00,7.5453092006,7.8071644042,7.4192307692,7.4580241327,244838,0.0,0.0,0.0,0.0,0.0,0.0,0.0,0.0,,,,,,,7.617029851679528,8.114792022949926,,,,,,,,,,,,8.372937087387953,#000000
2025-03-03 00:00:00+00:00,7.5744042232,7.8129834087,7.5453092006,7.6131975867,153255,0.0,0.0,0.0,0.0,0.0,0.0,0.0,0.0,,,,,,,7.6172321850129965,8.112289219835457,,,,,,,,,,,,8.369354892602876,#000000
2025-03-04 00:00:00+00:00,7.3222473605,7.5016666667,7.2931523379,7.4871191554,196336,0.0,0.0,0.0,0.0,0.0,0.0,0.0,0.0,,,,,,,7.614920791833167,8.107281490657016,,,,,,,,,,,,8.36311537125065,#000000
2025-03-05 00:00:00+00:00,7.438627451,7.4822699849,7.2640573152,7.3222473605,127008,0.0,0.0,0.0,0.0,0.0,0.0,0.0,0.0,,,,,,,7.613586011555934,8.104176625268957,,,,,,,,,,,,8.359211758594924,#000000
2025-03-06 00:00:00+00:00,7.3125490196,7.6519909502,7.2543589744,7.3416440422,152645,0.0,0.0,0.0,0.0,0.0,0.0,0.0,0.0,,,,,,,7.61208501498054,8.100539627399723,,,,,,,,,,,,8.354616206692723,#000000
2025-03-07 00:00:00+00:00,7.20586727,7.3319457014,6.9488612368,7.2931523379,117119,0.0,0.0,0.0,0.0,0.0,0.0,0.0,0.0,,,,,,,7.60959944969624,8.096802615805224,,,,,,,,,,,,8.35022034079468,#000000
2025-03-10 00:00:00+00:00,7.0215987934,7.2301131222,6.8664253394,7.1185822021,355445,0.0,0.0,0.0,0.0,0.0,0.0,0.0,0.0,,,,,,,7.60019543611607,8.084174109478957,,,,,,,,,,,,8.335716313061734,"rgba(239, 83, 80, 1.0)"
2025-03-11 00:00:00+00:00,7.361040724,7.4192307692,6.9440120664,7.0894871795,288094,0.0,0.0,0.0,0.0,0.0,0.0,0.0,0.0,,,,,,,7.59546306509014,8.076094730148359,,,,,,,,,,,,8.325989855215637,"rgba(239, 83, 80, 0.5)"
2025-03-12 00:00:00+00:00,7.1379788839,7.6616892911,7.1379788839,7.4095324284,205913,0.0,0.0,0.0,0.0,0.0,0.0,0.0,0.0,,,,,,,7.592820690724736,8.070898360551377,,,,,,,,,,,,8.319592204337717,"rgba(239, 83, 80, 0.5)"
2025-03-13 00:00:00+00:00,7.2737556561,7.3319457014,7.0652413273,7.1767722474,326908,0.0,0.0,0.0,0.0,0.0,0.0,0.0,0.0,,,,,,,7.587426587207942,8.061842044465031,,,,,,,,,,,,8.30871739604549,"rgba(239, 83, 80, 0.5)"
2025-03-14 00:00:00+00:00,7.3901357466,7.4968174962,7.1411793363,7.3125490196,160646,0.0,0.0,0.0,0.0,0.0,0.0,0.0,0.0,,,,,,,7.585682017669338,8.058084390195953,,,,,,,,,,,,8.304029857152086,#000000
2025-03-17 00:00:00+00:00,7.3707390649,7.8362594268,7.3513423831,7.3901357466,331151,0.0,0.0,0.0,0.0,0.0,0.0,0.0,0.0,,,,,,,7.584722761104721,8.052344434827,,,,,,,,,,,,8.29625956693524,#000000
2025-03-18 00:00:00+00:00,7.6131975867,7.9720361991,7.2738526395,7.3513423831,200539,0.0,0.0,0.0,0.0,0.0,0.0,0.0,0.0,,,,,,,7.585026819240079,8.049570305038436,,,,,,,,,,,,8.292226056235355,"rgba(38, 166, 154, 1.0)"
2025-03-19 00:00:00+00:00,7.5356108597,7.7635218703,7.4143815988,7.5744042232,191657,0.0,0.0,0.0,0.0,0.0,0.0,0.0,0.0,,,,,,,7.584912642463385,8.046656544438,,,,,,,,,,,,8.28814097394019,"rgba(38, 166, 154, 1.0)"
2025-03-20 00:00:00+00:00,7.1961689291,7.5647058824,7.1767722474,7.2931523379,365037,0.0,0.0,0.0,0.0,0.0,0.0,0.0,0.0,,,,,,,7.580703852224227,8.038238202179011,,,,,,,,,,,,8.277726151399522,#000000
2025-03-21 00:00:00+00:00,7.4095324284,7.5520980392,7.0700904977,7.2155656109,1156261,0.0,0.0,0.0,0.0,0.0,0.0,0.0,0.0,,,,,,,7.569654176825847,8.01390174812491,,,,,,,,,,,,8.24718236822171,#000000
2025-03-24 00:00:00+00:00,7.2931523379,7.593800905,7.1379788839,7.4289291101,111806,0.0,0.0,0.0,0.0,0.0,0.0,0.0,0.0,,,,,,,7.568629983911534,8.01163101444768,,,,,,,,,,,,8.244327377481346,#000000
2025-03-25 00:00:00+00:00,7.128280543,7.6616892911,7.128280543,7.3222473605,73811,0.0,0.0,0.0,0.0,0.0,0.0,0.0,0.0,,,,,,,7.5678537297934305,8.01006121083232,,,,,,,,,,,,8.242378580459121,#000000
2025-03-26 00:00:00+00:00,6.9925037707,7.3673446456,6.858278733,7.1864705882,209196,0.0,0.0,0.0,0.0,0.0,0.0,0.0,0.0,,,,,,,7.563739032027243,8.004187344492461,,,,,,,,,,,,8.23553320645038,"rgba(239, 83, 80, 1.0)"
2025-03-27 00:00:00+00:00,6.9343137255,7.1476772247,6.9149170437,7.0119004525,173028,0.0,0.0,0.0,0.0,0.0,0.0,0.0,0.0,,,,,,,7.559883668132863,7.9990041274120545,,,,,,,,,,,,8.229576359970782,"rgba(239, 83, 80, 1.0)"
2025-03-28 00:00:00+00:00,7.3901357466,8.4375565611,7.2737556561,7.4968174962,775153,0.0,0.0,0.0,0.0,0.0,0.0,0.0,0.0,,,,,,,7.564055864046445,7.992264006126049,,,,,,,,,,,,8.218399219764342,"rgba(239, 83, 80, 0.75)"
2025-03-31 00:00:00+00:00,7.2640573152,7.3901357466,6.9828054299,7.283453997,348120,0.0,0.0,0.0,0.0,0.0,0.0,0.0,0.0,,,,,,,7.5594301865381475,7.984434967547856,,,,,,,,,,,,8.208944134373203,#000000
2025-04-01 00:00:00+00:00,7.1088838612,7.3222473605,7.0312971342,7.2446606335,206205,0.0,0.0,0.0,0.0,0.0,0.0,0.0,0.0,,,,,,,7.556297349817661,7.97952726011062,,,,,,,,,,,,8.20310472713922,"rgba(239, 83, 80, 0.75)"
2025-04-02 00:00:00+00:00,7.6325942685,7.6616892911,7.0409954751,7.0700904977,401423,0.0,0.0,0.0,0.0,0.0,0.0,0.0,0.0,,,,,,,7.554648758972997,7.973447642071003,,,,,,,,,,,,8.195022674409046,#000000
2025-04-03 00:00:00+00:00,7.3998340875,7.6034992459,7.2737556561,7.2737556561,208636,0.0,0.0,0.0,0.0,0.0,0.0,0.0,0.0,,,,,,,7.5536627650888155,7.9702281137985445,,,,,,,,,,,,8.190782894304315,#000000
2025-04-04 00:00:00+00:00,6.8664253394,7.283453997,6.7015535445,7.1961689291,466354,0.0,0.0,0.0,0.0,0.0,0.0,0.0,0.0,,,,,,,7.543526874563925,7.957004184660038,,,,,,,,,,,,8.175690067640447,#000000
2025-04-07 00:00:00+00:00,6.8276319759,7.1961689291,6.4978883861,6.7694419306,388216,0.0,0.0,0.0,0.0,0.0,0.0,0.0,0.0,,,,,,,7.533829169978245,7.945080869464736,,,,,,,,,,,,8.162301160861285,"rgba(239, 83, 80, 1.0)"
2025-04-08 00:00:00+00:00,6.4396983409,7.3707390649,6.4203016591,7.0797888386,494700,0.0,0.0,0.0,0.0,0.0,0.0,0.0,0.0,,,,,,,7.52017704080816,7.928949048599234,,,,,,,,,,,,8.144400314855922,"rgba(239, 83, 80, 1.0)"
2025-04-09 00:00:00+00:00,6.8858220211,7.0312971342,6.1487481146,6.4009049774,827530,0.0,0.0,0.0,0.0,0.0,0.0,0.0,0.0,,,,,,,7.496821164041567,7.90170378860058,,,,,,,,,,,,8.114308922174091,"rgba(239, 83, 80, 1.0)"
2025-04-10 00:00:00+00:00,6.9149170437,6.9973529412,6.6530618401,6.817933635,358622,0.0,0.0,0.0,0.0,0.0,0.0,0.0,0.0,,,,,,,7.489104253220298,7.891834830233199,,,,,,,,,,,,8.103129445088591,"rgba(239, 83, 80, 1.0)"
2025-04-11 00:00:00+00:00,7.6131975867,7.7392760181,6.9537104072,7.1185822021,1523453,0.0,0.0,0.0,0.0,0.0,0.0,0.0,0.0,,,,,,,7.486493834221758,7.874255109116769,,,,,,,,,,,,8.07886081885727,#000000
2025-04-14 00:00:00+00:00,7.8459577677,7.9429411765,7.6325942685,7.6325942685,510703,0.0,0.0,0.0,0.0,0.0,0.0,0.0,0.0,,,,,,,7.491634720715671,7.873399927312677,,,,,,,,,,,,8.075590387038586,"rgba(38, 166, 154, 1.0)"
2025-04-15 00:00:00+00:00,7.7586726998,7.9429411765,7.705331825,7.8459577677,485961,0.0,0.0,0.0,0.0,0.0,0.0,0.0,0.0,,,,,,,7.4963029351858514,7.872548065240174,,,,,,,,,,,,8.072495760510073,"rgba(38, 166, 154, 1.0)"
2025-04-16 00:00:00+00:00,7.7780693816,7.8362594268,7.5744042232,7.8362594268,458659,0.0,0.0,0.0,0.0,0.0,0.0,0.0,0.0,,,,,,,7.499564885033966,7.870949084360034,,,,,,,,,,,,8.068869409182245,"rgba(38, 166, 154, 1.0)"
2025-04-17 00:00:00+00:00,7.904147813,8.0399245852,7.8071644042,7.8362594268,680860,0.0,0.0,0.0,0.0,0.0,0.0,0.0,0.0,,,,,,,7.508055241560482,7.871702433123424,,,,,,,,,,,,8.066523413191652,"rgba(38, 166, 154, 1.0)"
2025-04-21 00:00:00+00:00,7.8168627451,8.0011312217,7.7877677225,7.9429411765,347940,0.0,0.0,0.0,0.0,0.0,0.0,0.0,0.0,,,,,,,7.511763374145003,7.871676649880067,,,,,,,,,,,,8.064972320336258,"rgba(38, 166, 154, 1.0)"
2025-04-22 00:00:00+00:00,7.8896003017,8.1757013575,7.8847511312,7.9332428356,487905,0.0,0.0,0.0,0.0,0.0,0.0,0.0,0.0,,,,,,,7.51846817368048,7.872957870225825,,,,,,,,,,,,8.064085161808396,"rgba(38, 166, 154, 1.0)"
2025-04-23 00:00:00+00:00,8.0496229261,8.136907994,7.9477903469,7.9914328808,403107,0.0,0.0,0.0,0.0,0.0,0.0,0.0,0.0,,,,,,,7.524578646222359,7.87457119508241,,,,,,,,,,,,8.06391328645592,"rgba(38, 166, 154, 1.0)"
2025-04-24 00:00:00+00:00,8.0496229261,8.1563046757,7.9526395173,8.0205279035,410535,0.0,0.0,0.0,0.0,0.0,0.0,0.0,0.0,,,,,,,7.530752032029808,7.876259957687328,,,,,,,,,,,,8.063813958648797,"rgba(38, 166, 154, 1.0)"
2025-04-25 00:00:00+00:00,8.0205279035,8.1175113122,7.8944494721,8.0399245852,221289,0.0,0.0,0.0,0.0,0.0,0.0,0.0,0.0,,,,,,,7.533757109310088,7.876943554171421,,,,,,,,,,,,8.063558647004992,"rgba(38, 166, 154, 1.0)"
2025-04-28 00:00:00+00:00,7.9914328808,8.1078129713,7.8459577677,7.9720361991,263847,0.0,0.0,0.0,0.0,0.0,0.0,0.0,0.0,,,,,,,7.537075774631974,7.877574433925629,,,,,,,,,,,,8.063091226007591,"rgba(38, 166, 154, 1.0)"
2025-04-29 00:00:00+00:00,7.9526395173,8.1466063348,7.7586726998,8.1466063348,315015,0.0,0.0,0.0,0.0,0.0,0.0,0.0,0.0,,,,,,,7.540719114612213,7.878110143257791,,,,,,,,,,,,8.062343010896795,"rgba(38, 166, 154, 1.0)"
2025-04-30 00:00:00+00:00,8.0108295626,8.1805505279,7.9429411765,7.9526395173,467729,0.0,0.0,0.0,0.0,0.0,0.0,0.0,0.0,,,,,,,7.547196292372391,7.879857644088089,,,,,,,,,,,,8.062168056812922,"rgba(38, 166, 154, 1.0)"
2025-05-01 00:00:00+00:00,8.0011312217,8.0350754148,7.7780693816,7.9526395173,306405,0.0,0.0,0.0,0.0,0.0,0.0,0.0,0.0,,,,,,,7.550459389948203,7.880254913023506,,,,,,,,,,,,8.061363908083957,"rgba(38, 166, 154, 1.0)"
2025-05-02 00:00:00+00:00,8.0205279035,8.214494721,7.9138461538,8.0496229261,350483,0.0,0.0,0.0,0.0,0.0,0.0,0.0,0.0,,,,,,,7.555180627779798,7.881566303502164,,,,,,,,,,,,8.061277507592946,"rgba(38, 166, 154, 1.0)"
2025-05-05 00:00:00+00:00,8.0108295626,8.1272096531,7.98173454,7.98173454,226367,0.0,0.0,0.0,0.0,0.0,0.0,0.0,0.0,,,,,,,7.558123874170584,7.882354294267891,,,,,,,,,,,,8.061176499539302,"rgba(38, 166, 154, 1.0)"
2025-05-06 00:00:00+00:00,7.9526395173,8.0690196078,7.8653544495,7.9332428356,254907,0.0,0.0,0.0,0.0,0.0,0.0,0.0,0.0,,,,,,,7.56086882716833,7.882799974146476,,,,,,,,,,,,8.060652794407027,"rgba(38, 166, 154, 1.0)"
2025-05-07 00:00:00+00:00,8.0011312217,8.0690196078,7.904147813,7.98173454,277460,0.0,0.0,0.0,0.0,0.0,0.0,0.0,0.0,,,,,,,7.564028059860759,7.883454875961878,,,,,,,,,,,,8.060255865992662,"rgba(38, 166, 154, 0.75)"
2025-05-08 00:00:00+00:00,8.1272096531,8.1950980392,7.8750527903,8.0011312217,421110,0.0,0.0,0.0,0.0,0.0,0.0,0.0,0.0,,,,,,,7.5695542307081904,7.8851080444701305,,,,,,,,,,,,8.06030358743619,"rgba(38, 166, 154, 1.0)"
2025-05-09 00:00:00+00:00,8.5636349925,9.3201055807,8.4860482655,9.3201055807,765578,0.0,0.0,0.0,0.0,0.0,0.0,0.0,0.0,,,,,,,7.593509817735077,7.899780772375744,,,,,,,,,,,,8.071571611282865,"rgba(38, 166, 154, 1.0)"
2025-05-12 00:00:00+00:00,8.4375565611,8.7188084465,8.3599698341,8.6412217195,422488,0.0,0.0,0.0,0.0,0.0,0.0,0.0,0.0,,,,,,,7.603282706566672,7.905152766625045,,,,,,,,,,,,8.075238094470818,"rgba(38, 166, 154, 1.0)"
2025-05-13 00:00:00+00:00,8.5636349925,8.791546003,8.5345399698,8.7091101056,640848,0.0,0.0,0.0,0.0,0.0,0.0,0.0,0.0,,,,,,,7.6197040355403285,7.914774008118731,,,,,,,,,,,,8.082257974693082,"rgba(38, 166, 154, 1.0)"
2025-05-14 00:00:00+00:00,8.6412217195,8.7285067873,8.5345399698,8.5345399698,559983,0.0,0.0,0.0,0.0,0.0,0.0,0.0,0.0,,,,,,,7.633695938454725,7.923030072206077,,,,,,,,,,,,8.088301217693653,"rgba(38, 166, 154, 1.0)"
2025-05-15 00:00:00+00:00,8.6897134238,8.7285067873,8.5781825038,8.6412217195,546071,0.0,0.0,0.0,0.0,0.0,0.0,0.0,0.0,,,,,,,7.647381020637189,7.931240316839915,,,,,,,,,,,,8.09439247152576,"rgba(38, 166, 154, 1.0)"
2025-05-16 00:00:00+00:00,8.6412217195,8.7285067873,8.5927300151,8.7091101056,312753,0.0,0.0,0.0,0.0,0.0,0.0,0.0,0.0,,,,,,,7.6549713492412605,7.935790117375125,,,,,,,,,,,,8.097755596707458,"rgba(38, 166, 154, 1.0)"
2025-05-19 00:00:00+00:00,8.6412217195,8.6606184012,8.5393891403,8.5636349925,255990,0.0,0.0,0.0,0.0,0.0,0.0,0.0,0.0,,,,,,,7.6608515817468605,7.939264648415712,,,,,,,,,,,,8.100280653071378,"rgba(38, 166, 154, 1.0)"
2025-05-20 00:00:00+00:00,8.4957466063,8.7091101056,8.369668175,8.6121266968,238723,0.0,0.0,0.0,0.0,0.0,0.0,0.0,0.0,,,,,,,7.665764985460327,7.94205000749667,,,,,,,,,,,,8.102209358143872,"rgba(38, 166, 154, 0.75)"
2025-05-21 00:00:00+00:00,8.1660030166,8.5345399698,8.1175113122,8.3890648567,296766,0.0,0.0,0.0,0.0,0.0,0.0,0.0,0.0,,,,,,,7.6700255328898255,7.943993599518318,,,,,,,,,,,,8.10316668810098,"rgba(38, 166, 154, 0.75)"
2025-05-22 00:00:00+00:00,7.9429411765,8.1894730015,7.8896003017,8.0787179487,287313,0.0,0.0,0.0,0.0,0.0,0.0,0.0,0.0,,,,,,,7.672302549589622,7.944352060958027,,,,,,,,,,,,8.10264850756233,#000000
2025-05-23 00:00:00+00:00,7.9235444947,8.2435897436,7.6616892911,7.8944494721,554139,0.0,0.0,0.0,0.0,0.0,0.0,0.0,0.0,,,,,,,7.675780865291276,7.944336828370912,,,,,,,,,,,,8.101000084442878,"rgba(239, 83, 80, 1.0)"
2025-05-27 00:00:00+00:00,7.8750527903,8.1078129713,7.826561086,8.0496229261,463945,0.0,0.0,0.0,0.0,0.0,0.0,0.0,0.0,,,,,,,7.6785561726074985,7.944266405862432,,,,,,,,,,,,8.099590518918369,"rgba(239, 83, 80, 1.0)"
2025-05-28 00:00:00+00:00,7.6228959276,7.8556561086,7.6131975867,7.8556561086,544375,0.0,0.0,0.0,0.0,0.0,0.0,0.0,0.0,,,,,,,7.678786801886409,7.941696965734638,,,,,,,,,,,,8.095586129707334,"rgba(239, 83, 80, 1.0)"
2025-05-29 00:00:00+00:00,7.4774208145,7.7295776772,7.4483257919,7.6228959276,659635,0.0,0.0,0.0,0.0,0.0,0.0,0.0,0.0,,,,,,,7.676916011448924,7.936843452582664,,,,,,,,,,,,8.089105907339025,"rgba(239, 83, 80, 1.0)"
2025-05-30 00:00:00+00:00,7.4968174962,7.5550075415,7.361040724,7.4483257919,988377,0.0,0.0,0.0,0.0,0.0,0.0,0.0,0.0,,,,,,,7.672468643165722,7.9283133634898295,,,,,,,,,,,,8.078262420121023,"rgba(239, 83, 80, 1.0)"
2025-06-02 00:00:00+00:00,7.3804374057,7.7344268477,7.3222473605,7.5453092006,433728,0.0,0.0,0.0,0.0,0.0,0.0,0.0,0.0,,,,,,,7.6706529409839215,7.924732361179542,,,,,,,,,,,,8.073684911021237,"rgba(239, 83, 80, 1.0)"
2025-06-03 00:00:00+00:00,7.4095324284,7.4871191554,7.2349622926,7.3707390649,517668,0.0,0.0,0.0,0.0,0.0,0.0,0.0,0.0,,,,,,,7.667401734921705,7.919572723276724,,,,,,,,,,,,8.067392166339625,"rgba(239, 83, 80, 1.0)"
2025-06-04 00:00:00+00:00,5.8190045249,7.4434766214,4.9461538462,7.3028506787,8911539,0.0,0.0,0.0,0.0,0.0,0.0,0.0,0.0,,,,,,,7.411460907495801,7.6613449345521225,,,,,,,,,,,,7.798479522434034,"rgba(239, 83, 80, 1.0)"
2025-06-05 00:00:00+00:00,5.5474509804,6.1487481146,5.4795625943,6.1487481146,2000690,0.0,0.0,0.0,0.0,0.0,0.0,0.0,0.0,,,,,,,7.352928497317823,7.60251787046409,,,,,,,,,,,,7.737666977145015,"rgba(239, 83, 80, 1.0)"
2025-06-06 00:00:00+00:00,5.8674962293,6.1099547511,5.4504675716,5.6735294118,3963808,0.0,0.0,0.0,0.0,0.0,0.0,0.0,0.0,,,,,,,7.253599997547211,7.500698908246587,,,,,,,,,,,,7.63175737720038,"rgba(239, 83, 80, 1.0)"
2025-06-09 00:00:00+00:00,5.9935746606,6.1953001508,5.7511161388,5.9353846154,1681895,0.0,0.0,0.0,0.0,0.0,0.0,0.0,0.0,,,,,,,7.219750331546612,7.464923199196519,,,,,,,,,,,,7.594141116965442,"rgba(239, 83, 80, 1.0)"
2025-06-10 00:00:00+00:00,5.9935746606,6.2845248869,5.9935746606,6.0905580694,1385704,0.0,0.0,0.0,0.0,0.0,0.0,0.0,0.0,,,,,,,7.1955538335691696,7.438790721625385,,,,,,,,,,,,7.566449108540646,"rgba(239, 83, 80, 1.0)"
2025-06-11 00:00:00+00:00,5.9450829563,6.274826546,5.8965912519,6.274826546,1425903,0.0,0.0,0.0,0.0,0.0,0.0,0.0,0.0,,,,,,,7.170598669791384,7.411925066002779,,,,,,,,,,,,7.53803676600964,"rgba(239, 83, 80, 1.0)"
2025-06-12 00:00:00+00:00,5.6638310709,5.9353846154,5.6153393665,5.8287028658,2004720,0.0,0.0,0.0,0.0,0.0,0.0,0.0,0.0,,,,,,,7.128430258066163,7.367953457909281,,,,,,,,,,,,7.492171598346201,"rgba(239, 83, 80, 1.0)"
2025-06-13 00:00:00+00:00,5.8771945701,5.9547812971,5.3825791855,5.6250377074,2137556,0.0,0.0,0.0,0.0,0.0,0.0,0.0,0.0,,,,,,,7.086119448320053,7.323543973682888,,,,,,,,,,,,7.445774221293151,"rgba(239, 83, 80, 0.75)"
2025-06-16 00:00:00+00:00,5.886892911,6.0517647059,5.7914612368,6.0226696833,1340335,0.0,0.0,0.0,0.0,0.0,0.0,0.0,0.0,,,,,,,7.064096125167751,7.299798268644154,,,,,,,,,,,,7.4207168956331895,"rgba(239, 83, 80, 0.75)"
2025-06-17 00:00:00+00:00,5.3825791855,5.9305354449,5.3631825038,5.8674962293,1124301,0.0,0.0,0.0,0.0,0.0,0.0,0.0,0.0,,,,,,,7.040816373797192,7.275605425640194,,,,,,,,,,,,7.395577636410621,"rgba(239, 83, 80, 0.75)"
2025-06-18 00:00:00+00:00,5.5086576169,5.5695631976,5.2613499246,5.3534841629,1138487,0.0,0.0,0.0,0.0,0.0,0.0,0.0,0.0,,,,,,,7.016234685276987,7.250225504843306,,,,,,,,,,,,7.369289722088926,"rgba(239, 83, 80, 0.75)"
2025-06-20 00:00:00+00:00,5.3243891403,5.9256862745,5.3049924585,5.9062895928,1439036,0.0,0.0,0.0,0.0,0.0,0.0,0.0,0.0,,,,,,,6.987600728528095,7.220374092122669,,,,,,,,,,,,7.338263762918684,"rgba(239, 83, 80, 0.75)"
2025-06-23 00:00:00+00:00,5.2855957768,5.4359200603,5.188612368,5.266199095,1118663,0.0,0.0,0.0,0.0,0.0,0.0,0.0,0.0,,,,,,,6.9629388578901725,7.195027565325614,,,,,,,,,,,,7.312089174148895,"rgba(239, 83, 80, 0.75)"
2025-06-24 00:00:00+00:00,5.2855957768,5.421372549,5.2468024133,5.2758974359,788075,0.0,0.0,0.0,0.0,0.0,0.0,0.0,0.0,,,,,,,6.946142808254176,7.177704416483935,,,,,,,,,,,,7.2941810039664805,"rgba(239, 83, 80, 0.75)"
2025-06-25 00:00:00+00:00,5.1498190045,5.2855957768,5.0528355958,5.1983107089,1220796,0.0,0.0,0.0,0.0,0.0,0.0,0.0,0.0,,,,,,,6.918374818458335,7.149304664671851,,,,,,,,,,,,7.264936998224721,"rgba(239, 83, 80, 0.75)"
2025-06-26 00:00:00+00:00,5.2758974359,5.3340874811,5.1014242836,5.111025641,760993,0.0,0.0,0.0,0.0,0.0,0.0,0.0,0.0,,,,,,,6.902213773285424,7.1326508392624435,,,,,,,,,,,,7.247740903742445,"rgba(239, 83, 80, 0.75)"
2025-06-27 00:00:00+00:00,4.5000301659,5.266199095,4.4612368024,5.2274057315,2651368,0.0,0.0,0.0,0.0,0.0,0.0,0.0,0.0,,,,,,,6.832226154707271,7.062259012125212,,,,,,4.7424886877666665,,,,,4.7424886877666665,7.175845726205694,"rgba(239, 83, 80, 0.75)"
2025-06-30 00:00:00+00:00,4.9849472097,5.0043438914,4.6649019608,4.6842986425,1380228,0.0,0.0,0.0,0.0,0.0,0.0,0.0,0.0,,,,,,,6.799917810274552,7.0293790190209,,,,,,4.791185742384216,,,,,4.791185742384216,7.142121972519952,"rgba(239, 83, 80, 0.75)"
2025-07-01 00:00:00+00:00,5.1401206637,5.2710482655,4.8685671192,4.9364555053,931639,0.0,0.0,0.0,0.0,0.0,0.0,0.0,0.0,,,,,,,6.781018359327484,7.009844795327919,,,,,,4.847884752260373,,,,,4.847884752260373,7.121965798021198,"rgba(239, 83, 80, 0.75)"
2025-07-02 00:00:00+00:00,5.1692156863,5.2080090498,5.0431372549,5.1207239819,727082,0.0,0.0,0.0,0.0,0.0,0.0,0.0,0.0,,,,,,,6.766958563278308,6.995237566445939,,,,,,4.885225285474447,,,,,4.885225285474447,7.106865826592644,"rgba(239, 83, 80, 0.75)"
2025-07-03 00:00:00+00:00,5.2274057315,5.2274057315,5.0964781297,5.2080090498,503382,0.0,0.0,0.0,0.0,0.0,0.0,0.0,0.0,,,,,,,6.757622202451744,6.985492291839712,,,,,,4.909488429560849,,,,,4.909488429560849,7.09677473174763,"rgba(239, 83, 80, 0.75)"
2025-07-07 00:00:00+00:00,5.188612368,5.5075907994,5.1595173454,5.2565007541,850602,0.0,0.0,0.0,0.0,0.0,0.0,0.0,0.0,,,,,,,6.7430948633383245,6.970175289183792,,,,,,4.954860593912559,,,,,4.954860593912559,7.080853474537434,"rgba(239, 83, 80, 0.75)"
2025-07-08 00:00:00+00:00,5.3146907994,5.3583333333,5.1692156863,5.188612368,1289387,0.0,0.0,0.0,0.0,0.0,0.0,0.0,0.0,,,,,,,6.7215459216117415,6.947415580394754,,,,,,5.005281630540902,,,,,5.005281630540902,7.057186747583472,"rgba(239, 83, 80, 0.75)"
2025-07-09 00:00:00+00:00,5.0431372549,5.3049924585,4.9073604827,5.2855957768,1279477,0.0,0.0,0.0,0.0,0.0,0.0,0.0,0.0,,,,,,,6.697962618348966,6.922848858306725,,,,,,5.015913600873139,,,,,5.015913600873139,7.031790366041946,"rgba(239, 83, 80, 0.75)"
2025-07-10 00:00:00+00:00,5.0431372549,5.1246033183,4.9703996983,5.0140422323,588033,0.0,0.0,0.0,0.0,0.0,0.0,0.0,0.0,,,,,,,6.687093110826506,6.911538631901143,,,,,,5.017650582185996,,,,,5.017650582185996,7.020106427013718,"rgba(239, 83, 80, 0.75)"
2025-07-11 00:00:00+00:00,4.7812820513,5.0431372549,4.7521870287,4.9752488688,766090,0.0,0.0,0.0,0.0,0.0,0.0,0.0,0.0,,,,,,,6.671554132375344,6.895548441362341,,,,,,5.006559312207582,,,,,5.006559312207582,7.00366534827265,"rgba(239, 83, 80, 1.0)"
2025-07-14 00:00:00+00:00,4.6842986425,4.8964983409,4.6552036199,4.7812820513,850815,1.0,4.896498,4.655204,0.0,0.0,0.0,0.0,0.0,,,,,4.745333534433333,,6.653541629708949,6.877105481457349,,,,,,4.987753010543347,,,,,4.987753010543347,6.984745522693867,"rgba(239, 83, 80, 1.0)"
2025-07-15 00:00:00+00:00,4.7133936652,4.8394720965,4.7036953243,4.7521870287,487793,0.0,0.0,0.0,0.0,0.0,0.0,0.0,0.0,,,,,4.747830969464769,,6.643402295780118,6.866707213263778,,,,,,4.978415418465731,,,,,4.978415418465731,6.974073379529617,"rgba(239, 83, 80, 1.0)"
2025-07-16 00:00:00+00:00,4.8588687783,4.8588687783,4.6939969834,4.723092006,727980,0.0,0.0,0.0,0.0,0.0,0.0,0.0,0.0,,,,,4.767586002555756,,6.62887833180158,6.851751789914494,,,,,,4.968668866261438,,,,,4.968668866261438,6.958701125466323,"rgba(239, 83, 80, 1.0)"
2025-07-17 00:00:00+00:00,4.955852187,5.033438914,4.8491704374,4.9073604827,505586,0.0,0.0,0.0,0.0,0.0,0.0,0.0,0.0,,,,,4.802685261689474,,6.619701322414109,6.842204764436729,,,,,,4.967828118012617,,,,,4.967828118012617,6.948848866126247,"rgba(239, 83, 80, 0.5)"
2025-07-18 00:00:00+00:00,4.9073604827,4.9836864253,4.8103770739,4.8103770739,607356,0.0,0.0,0.0,0.0,0.0,0.0,0.0,0.0,,,,,4.821365059705202,,6.608511231538466,6.830588459387428,,,,,,4.964936476481634,,,,,4.964936476481634,6.936873169095671,"rgba(239, 83, 80, 0.5)"
2025-07-21 00:00:00+00:00,5.0625339367,5.0722322775,4.8928129713,4.9655505279,552195,0.0,0.0,0.0,0.0,0.0,0.0,0.0,0.0,,,,,4.849158555644785,,6.599102695334605,6.820735271915223,,,,,,4.966599055128804,,,,,4.966599055128804,6.926680844380735,"rgba(239, 83, 80, 0.5)"
2025-07-22 00:00:00+00:00,5.1595173454,5.2758974359,5.0916289593,5.0916289593,497994,0.0,0.0,0.0,0.0,0.0,0.0,0.0,0.0,,,,,4.887602324862635,,6.591590717183764,6.812748511151233,,,,,,4.973450514563699,,,,,4.973450514563699,6.918371054981557,"rgba(239, 83, 80, 0.5)"
2025-07-23 00:00:00+00:00,5.2758974359,5.3049924585,5.1255731523,5.1789140271,424626,0.0,0.0,0.0,0.0,0.0,0.0,0.0,0.0,,,,,4.919340661354426,,6.585515720138318,6.806245981428692,,,,,,4.980573188253375,,,,,4.980573188253375,6.9115886048609445,#000000
2025-07-24 00:00:00+00:00,5.1595173454,5.3243891403,5.1595173454,5.3049924585,376199,0.0,0.0,0.0,0.0,0.0,0.0,0.0,0.0,,,,,4.941411653375261,,6.580095777664437,6.800453199198316,,,,,,4.986073526117756,,,,,4.986073526117756,6.905550415631181,#000000
2025-07-25 00:00:00+00:00,5.0916289593,5.2177073906,5.0819306184,5.1983107089,285698,0.0,0.0,0.0,0.0,0.0,0.0,0.0,0.0,,,,,4.9515691989166015,,6.575756653457873,6.795850400744606,,,,,,4.9886061564813815,,,,,4.9886061564813815,6.900766945307272,#000000
2025-07-28 00:00:00+00:00,5.1207239819,5.1401206637,5.0431372549,5.0528355958,289236,0.0,0.0,0.0,0.0,0.0,0.0,0.0,0.0,,,,,4.959296538881751,,6.571302276329434,6.7911354192025835,,,,,,4.990573420890651,,,,,4.990573420890651,6.895871269654499,#000000
2025-07-29 00:00:00+00:00,5.1789140271,5.2565007541,5.0043438914,5.1013273002,786555,0.0,0.0,0.0,0.0,0.0,0.0,0.0,0.0,,,,,4.9823429841106,,6.559692745603103,6.778784983023823,,,,,,4.997642398444957,,,,,4.997642398444957,6.883023985683138,#000000
2025-07-30 00:00:00+00:00,5.2177073906,5.3728808446,5.1304223228,5.2177073906,394491,0.0,0.0,0.0,0.0,0.0,0.0,0.0,0.0,,,,,4.997339801214696,,6.554322612996198,6.773012089195453,,,,,,5.003035086952663,,,,,5.003035086952663,6.876995380792151,#000000
2025-07-31 00:00:00+00:00,5.2468024133,5.4698642534,5.1013273002,5.1983107089,567303,0.0,0.0,0.0,0.0,0.0,0.0,0.0,0.0,,,,,5.01857943819368,,6.546864335786561,6.76495935638698,,,,,,5.011384014580772,,,,,5.011384014580772,6.868572748832062,"rgba(38, 166, 154, 1.0)"
2025-08-01 00:00:00+00:00,5.1304223228,5.1983107089,4.9946455505,5.1789140271,799120,0.0,0.0,0.0,0.0,0.0,0.0,0.0,0.0,,,,,5.027323789189692,,6.53516394953597,6.7525244249043785,,,,,,5.015413370764806,,,,,5.015413370764806,6.855646990614739,#000000
2025-08-04 00:00:00+00:00,5.3049924585,5.3195399698,5.0625339367,5.1304223228,418613,0.0,0.0,0.0,0.0,0.0,0.0,0.0,0.0,,,,,5.037174218289318,,6.529624544724693,6.746559330627774,,,,,,5.0199898637106175,,,,,5.0199898637106175,6.849415783226694,"rgba(38, 166, 154, 1.0)"
2025-08-05 00:00:00+00:00,5.4019758673,5.4504675716,5.2952941176,5.3146907994,432429,0.0,0.0,0.0,0.0,0.0,0.0,0.0,0.0,,,,,5.0537627686047335,,6.524621239897721,6.7410647906466785,,,,,,5.027840845790133,,,,,5.027840845790133,6.843634111348735,"rgba(38, 166, 154, 1.0)"
2025-08-06 00:00:00+00:00,5.3825791855,5.4698642534,5.3340874811,5.4019758673,408723,0.0,0.0,0.0,0.0,0.0,0.0,0.0,0.0,,,,,5.068602283401244,,6.519985271914861,6.7359610521281414,,,,,,5.035214494713482,,,,,5.035214494713482,6.838259133242797,"rgba(38, 166, 154, 1.0)"
2025-08-07 00:00:00+00:00,5.3340874811,5.5280542986,5.266199095,5.4310708899,1042840,0.0,0.0,0.0,0.0,0.0,0.0,0.0,0.0,,,,,5.099273559998458,,6.508126390042636,6.7229268900554855,,,,,,5.051809084829624,,,,,5.051809084829624,6.824542210337487,"rgba(38, 166, 154, 1.0)"
2025-08-08 00:00:00+00:00,5.7608144796,5.9838763198,5.4310708899,5.7899095023,1558931,0.0,0.0,0.0,0.0,0.0,0.0,0.0,0.0,,,,,5.18049720914414,,6.4961785989090615,6.708833621967143,,,,,,5.097491116627704,,,,,5.097491116627704,6.809338883025109,"rgba(38, 166, 154, 1.0)"
2025-08-11 00:00:00+00:00,5.6056410256,5.8577978884,5.4698642534,5.8190045249,1120707,0.0,0.0,0.0,0.0,0.0,0.0,0.0,0.0,,,,,5.220080773993537,,6.486935191358368,6.698133095751959,,,,,,5.122922657488356,,,,,5.122922657488356,6.7978709293184405,"rgba(38, 166, 154, 1.0)"
2025-08-12 00:00:00+00:00,6.1002564103,6.1632956259,5.576546003,5.576546003,621670,0.0,0.0,0.0,0.0,0.0,0.0,0.0,0.0,,,,,5.252916535054413,,6.483702475350749,6.693965899516599,,,,,,5.143635899222538,,,,,5.143635899222538,6.793248020052634,"rgba(38, 166, 154, 1.0)"
2025-08-13 00:00:00+00:00,6.1390497738,6.2360331825,6.0032730015,6.1099547511,681185,0.0,0.0,0.0,0.0,0.0,0.0,0.0,0.0,,,,,5.2941140922334,,6.481373156636157,6.6905361775794185,,,,,,5.169978892418471,,,,,5.169978892418471,6.789301297728164,"rgba(38, 166, 154, 1.0)"
2025-08-14 00:00:00+00:00,6.0905580694,6.2263348416,6.0517647059,6.0614630468,344452,0.0,0.0,0.0,0.0,0.0,0.0,0.0,0.0,,,,,5.313425585899693,,6.480196200553574,6.688807764611357,,,,,,5.182725822733973,,,,,5.182725822733973,6.787313656789745,"rgba(38, 166, 154, 1.0)"
2025-08-15 00:00:00+00:00,6.2166365008,6.2356452489,6.0372171946,6.197239819,787527,0.0,0.0,0.0,0.0,0.0,0.0,0.0,0.0,,,,,5.356405209244038,,6.477834223374583,6.685173804830057,,,,,,5.211821586440902,,,,,5.211821586440902,6.7830863351213635,"rgba(38, 166, 154, 1.0)"
2025-08-18 00:00:00+00:00,6.1584464555,6.4641381599,6.0905580694,6.2360331825,954197,0.0,0.0,0.0,0.0,0.0,0.0,0.0,0.0,,,,,5.407296710999209,,6.475686028953772,6.681456790858601,,,,,,5.247429078235994,,,,,5.247429078235994,6.778647242030321,"rgba(38, 166, 154, 1.0)"
2025-08-19 00:00:00+00:00,6.2457315234,6.3815082956,6.1099547511,6.1681447964,568551,0.0,0.0,0.0,0.0,0.0,0.0,0.0,0.0,,,,,5.435185279980667,,6.474466731524591,6.679310738949989,,,,,,5.267656613511453,,,,,5.267656613511453,6.776075129007128,"rgba(38, 166, 154, 1.0)"
2025-08-20 00:00:00+00:00,6.2166365008,6.3087707391,6.1923906486,6.2360331825,647200,0.0,0.0,0.0,0.0,0.0,0.0,0.0,0.0,,,,,5.464520220190394,,6.4730556175098,6.676857356074256,,,,,,5.289561371084315,,,,,5.289561371084315,6.773141933755535,"rgba(38, 166, 154, 1.0)"
2025-08-21 00:00:00+00:00,6.2166365008,6.3863574661,6.2117873303,6.2166365008,251411,0.0,0.0,0.0,0.0,0.0,0.0,0.0,0.0,,,,,5.475798239626615,,6.472587180754086,6.675981541343688,,,,,,5.298087098883464,,,,,5.298087098883464,6.772079605795764,"rgba(38, 166, 154, 1.0)"
2025-08-22 00:00:00+00:00,6.3621116139,6.5221342383,6.2651282051,6.2845248869,401926,0.0,0.0,0.0,0.0,0.0,0.0,0.0,0.0,,,,,5.49562491079227,,6.472255859273863,6.674973231477253,,,,,,5.3129405031635475,,,,,5.3129405031635475,6.7707669859958015,"rgba(38, 166, 154, 1.0)"
2025-08-25 00:00:00+00:00,6.6918552036,6.817933635,6.3960558069,6.43,926118,0.0,0.0,0.0,0.0,0.0,0.0,0.0,0.0,,,,,5.550256786054441,,6.473635272907315,6.6746608203259905,,,,,,5.353375520438445,,,,,5.353375520438445,6.769721571580791,"rgba(38, 166, 154, 1.0)"
2025-08-26 00:00:00+00:00,6.7597435897,6.8130844646,6.5754751131,6.6724585219,845999,0.0,0.0,0.0,0.0,0.0,0.0,0.0,0.0,,,,,5.5991673861260916,,6.475494997150636,6.67495664972783,,,,,,5.390406164159078,,,,,5.390406164159078,6.76934627036433,"rgba(38, 166, 154, 1.0)"
2025-08-27 00:00:00+00:00,6.7015535445,6.8276319759,6.6239668175,6.7209502262,448582,0.0,0.0,0.0,0.0,0.0,0.0,0.0,0.0,,,,,5.623508185011171,,6.476476116407969,6.6751178983828705,,,,,,5.409259347049856,,,,,5.409259347049856,6.769155371027577,"rgba(38, 166, 154, 1.0)"
2025-08-28 00:00:00+00:00,6.7209502262,6.8373303167,6.6455941176,6.7694419306,340186,0.0,0.0,0.0,0.0,0.0,0.0,0.0,0.0,,,,,5.641546881528253,,6.477266649540757,6.675287586992398,,,,,,5.4233837163857395,,,,,5.4233837163857395,6.769058816339941,"rgba(38, 166, 154, 1.0)"
2025-08-29 00:00:00+00:00,6.9343137255,6.9440120664,6.7112518854,6.7209502262,426540,0.0,0.0,0.0,0.0,0.0,0.0,0.0,0.0,,,,,5.665918390350703,,6.478742807824949,6.6759570341464505,,,,,,5.442368990470546,,,,,5.442368990470546,6.769387697782466,"rgba(38, 166, 154, 1.0)"
2025-09-02 00:00:00+00:00,6.7985369532,6.9634087481,6.5948717949,6.6336651584,546062,0.0,0.0,0.0,0.0,0.0,0.0,0.0,0.0,,,,,5.693802936902707,,6.480238128320131,6.676454871843576,6.7856058320666675,,,,,5.4646675471409685,,,,,5.4646675471409685,6.769459914701824,"rgba(38, 166, 154, 0.75)"
2025-09-03 00:00:00+00:00,6.6336651584,6.9246153846,6.6288159879,6.9246153846,552571,0.0,0.0,0.0,0.0,0.0,0.0,0.0,0.0,,,,,5.719250168420008,,6.481458914482697,6.67669532894141,6.757151415375868,,,,,5.485556070309203,,,,,5.485556070309203,6.769278567384567,"rgba(38, 166, 154, 0.75)"
2025-09-04 00:00:00+00:00,6.3233182504,6.817933635,6.2311840121,6.6821568627,604121,0.0,0.0,0.0,0.0,0.0,0.0,0.0,0.0,,,,,5.738570442632835,,6.4813309568605,6.675604685820793,6.650830348877858,,,,,5.502799695834603,,,,,5.502799695834603,6.767756902909869,"rgba(38, 166, 154, 0.75)"
2025-09-05 00:00:00+00:00,6.3912066365,6.4590950226,6.2554298643,6.3912066365,450648,0.0,0.0,0.0,0.0,0.0,0.0,0.0,0.0,,,,,5.750634249593389,,6.480883932406808,6.674469437043533,6.591762497848624,,,,,5.5141082403512165,,,,,5.5141082403512165,6.766308975752423,"rgba(38, 166, 154, 0.75)"
2025-09-08 00:00:00+00:00,6.4687933635,6.4978883861,6.1535972851,6.4106033183,488159,0.0,0.0,0.0,0.0,0.0,0.0,0.0,0.0,,,,,5.763290058143437,,6.480424417116166,6.67326847231229,6.551414098516847,,,,,5.52609706189843,,,,,5.52609706189843,6.764771310362646,"rgba(38, 166, 154, 0.75)"
2025-09-09 00:00:00+00:00,6.1778431373,6.5463800905,6.1535972851,6.4590950226,475117,0.0,0.0,0.0,0.0,0.0,0.0,0.0,0.0,,,,,5.773555934405016,,6.479645960154258,6.67179617008888,6.511960638977815,,,,,5.53636591586076,,,,,5.53636591586076,6.762979548053376,#000000
2025-09-10 00:00:00+00:00,6.119653092,6.2505806938,6.0711613876,6.1293514329,604685,0.0,0.0,0.0,0.0,0.0,0.0,0.0,0.0,,,,,5.7825550103233905,,6.477901133325899,6.6692261557515335,6.45267951747175,,,,,5.546605095790689,,,,,5.546605095790689,6.76001951415133,#000000
2025-09-11 00:00:00+00:00,6.2554298643,6.3621116139,6.0129713424,6.0808597285,633319,0.0,0.0,0.0,0.0,0.0,0.0,0.0,0.0,,,,,5.7930781467317365,,6.47643776896184,6.66688306143179,6.417410515131472,,,,,5.558055174700827,,,,,5.558055174700827,6.757265419079539,#000000
2025-09-12 00:00:00+00:00,6.352413273,6.4251508296,6.197239819,6.2360331825,480163,0.0,0.0,0.0,0.0,0.0,0.0,0.0,0.0,,,,,5.8028195989282825,,6.475812528760094,6.665564882934515,6.408226457860832,,,,,5.567958314901192,,,,,5.567958314901192,6.755629838186248,#000000
2025-09-15 00:00:00+00:00,6.4687933635,6.5948717949,6.352413273,6.352413273,463232,0.0,0.0,0.0,0.0,0.0,0.0,0.0,0.0,,,,,5.814439227936262,,6.475797513451682,6.664847783708419,6.413804718825513,,,,,5.579082791530669,,,,,5.579082791530669,6.754598513464156,#000000
2025-09-16 00:00:00+00:00,6.4687933635,6.5560784314,6.4348491704,6.4784917044,404138,0.0,0.0,0.0,0.0,0.0,0.0,0.0,0.0,,,,,5.8244689725968275,,6.475834667314575,6.66427336417702,6.418962134385625,,,,,5.588721405414235,,,,,5.588721405414235,6.753750868287209,#000000
2025-09-17 00:00:00+00:00,6.4493966817,6.7161010558,6.4348491704,6.4493966817,519320,0.0,0.0,0.0,0.0,0.0,0.0,0.0,0.0,,,,,5.837808002510922,,6.476088797635935,6.663733927446626,6.428518506423671,,,,,5.601441694591452,,,,,5.601441694591452,6.752859204225168,"rgba(38, 166, 154, 0.5)"
2025-09-18 00:00:00+00:00,6.2942232278,6.6239668175,6.2651282051,6.4396983409,588806,0.0,0.0,0.0,0.0,0.0,0.0,0.0,0.0,,,,,5.84943394854249,,6.475682494916689,6.662480812733361,6.425572108813778,,,,,5.613365630656469,,,,,5.613365630656469,6.751221921233203,#000000
2025-09-19 00:00:00+00:00,6.042066365,6.3815082956,6.0226696833,6.2457315234,6316977,0.0,0.0,0.0,0.0,0.0,0.0,0.0,0.0,,,,,5.904225818653559,,6.459113101008372,6.638053248191592,6.292362049890393,,,,,5.687735582315647,,,,,5.687735582315647,6.7230751797616,"rgba(239, 83, 80, 1.0)"
2025-09-22 00:00:00+00:00,5.9353846154,6.2020889894,5.8723453997,6.2020889894,1545175,0.0,0.0,0.0,0.0,0.0,0.0,0.0,0.0,,,,,5.908470798742436,,6.453531277367451,6.630755099987334,6.261917791348465,,,,,5.698104684646581,,,,,5.698104684646581,6.71494244422389,"rgba(239, 83, 80, 1.0)"
2025-09-23 00:00:00+00:00,5.8965912519,6.0032730015,5.7706098039,5.964479638,857238,0.0,0.0,0.0,0.0,0.0,0.0,0.0,0.0,,,,,5.908045488180916,,6.449729880669834,6.62606120145674,6.241396727355617,,,,,5.701543346780959,,,,,5.701543346780959,6.709804683072624,"rgba(239, 83, 80, 1.0)"
2025-09-24 00:00:00+00:00,5.8771945701,5.9838763198,5.6832277526,5.8577978884,576172,0.0,0.0,0.0,0.0,0.0,0.0,0.0,0.0,,,,,5.907124115251837,,6.447013677455144,6.6227611972582325,6.227326928058317,,,,,5.703286065854401,,,,,5.703286065854401,6.706211921815957,"rgba(239, 83, 80, 1.0)"
2025-09-25 00:00:00+00:00,5.6444343891,5.9627339367,5.6250377074,5.8384012066,662436,0.0,0.0,0.0,0.0,0.0,0.0,0.0,0.0,,,,,5.9042927544004735,,6.443383756201185,6.618496657927311,6.20823573111196,,,,,5.703836103962531,,,,,5.703836103962531,6.70162179873999,"rgba(239, 83, 80, 1.0)"
2025-09-26 00:00:00+00:00,5.6929260935,5.731719457,5.3486349925,5.6250377074,1105567,0.0,0.0,0.0,0.0,0.0,0.0,0.0,0.0,,,,,5.895471816436367,,6.436101302863989,6.610241722486666,6.1700632091586,,,,,5.701354230176471,,,,,5.701354230176471,6.692849545244073,"rgba(239, 83, 80, 1.0)"
2025-09-29 00:00:00+00:00,5.7414177979,6.0129713424,5.7220211161,5.7220211161,713181,0.0,0.0,0.0,0.0,0.0,0.0,0.0,0.0,,,,,5.894222713952279,,6.432753987270039,6.606195165884852,6.1568412734917715,,,,,5.703092070175827,,,,,5.703092070175827,6.688452124674208,"rgba(239, 83, 80, 1.0)"
2025-09-30 00:00:00+00:00,5.5571493213,5.7511161388,5.5183559578,5.6929260935,867368,0.0,0.0,0.0,0.0,0.0,0.0,0.0,0.0,,,,,5.8881617033953875,,6.427297670529029,6.599979809172396,6.132410393964572,,,,,5.701514502612975,,,,,5.701514502612975,6.6818364051488635,"rgba(239, 83, 80, 1.0)"
2025-10-01 00:00:00+00:00,5.5280542986,5.6444343891,5.5086576169,5.5086576169,650862,0.0,0.0,0.0,0.0,0.0,0.0,0.0,0.0,,,,,5.883019269201611,,6.423010755079532,6.5951408099858915,6.113892333370532,,,,,5.699763275358758,,,,,5.699763275358758,6.676703094538257,"rgba(239, 83, 80, 1.0)"
2025-10-02 00:00:00+00:00,5.5571493213,5.6444343891,5.4698642534,5.576546003,524229,0.0,0.0,0.0,0.0,0.0,0.0,0.0,0.0,,,,,5.878952872192689,,6.419575790063468,6.59126385282134,6.099744623455239,,,,,5.698352067306706,,,,,5.698352067306706,6.6725906993861255,"rgba(239, 83, 80, 1.0)"
2025-10-03 00:00:00+00:00,5.9353846154,5.9547812971,5.576546003,5.6444343891,788979,0.0,0.0,0.0,0.0,0.0,0.0,0.0,0.0,,,,,5.877907354293497,,6.416030485666085,6.58696504080978,6.089522283379253,,,,,5.700169979308411,,,,,5.700169979308411,6.667915507731887,"rgba(239, 83, 80, 0.75)"
2025-10-06 00:00:00+00:00,5.8190045249,6.1923906486,5.809306184,5.9838763198,619522,0.0,0.0,0.0,0.0,0.0,0.0,0.0,0.0,,,,,5.878796660594391,,6.413823363062024,6.584138728373823,6.085325563562082,,,,,5.702904591540561,,,,,5.702904591540561,6.664787542827926,"rgba(239, 83, 80, 0.75)"
2025-10-07 00:00:00+00:00,5.65413273,6.0032730015,5.65413273,5.8190045249,498007,0.0,0.0,0.0,0.0,0.0,0.0,0.0,0.0,,,,,5.877568744965546,,6.411433417681405,6.581290486869542,6.078368757826077,,,,,5.7035180549298214,,,,,5.7035180549298214,6.661708101051916,"rgba(239, 83, 80, 0.75)"
2025-10-08 00:00:00+00:00,5.7802111614,5.8480995475,5.6153393665,5.65413273,358332,0.0,0.0,0.0,0.0,0.0,0.0,0.0,0.0,,,,,5.8765191617252315,,6.409664401620257,6.579196534244811,6.073196158127475,,,,,5.703805832174198,,,,,5.703805832174198,6.659449500788539,"rgba(239, 83, 80, 0.75)"
2025-10-09 00:00:00+00:00,5.809306184,5.8577978884,5.6929260935,5.7802111614,385422,0.0,0.0,0.0,0.0,0.0,0.0,0.0,0.0,,,,,5.875743818407261,,6.407883069595897,6.577060547309122,6.0684525238963,,,,,5.704380009956894,,,,,5.704380009956894,6.657135435829593,"rgba(239, 83, 80, 0.75)"
2025-10-10 00:00:00+00:00,5.5668476621,5.9256862745,5.5474509804,5.7996078431,441893,0.0,0.0,0.0,0.0,0.0,0.0,0.0,0.0,,,,,5.873825960871673,,6.405504645772726,6.57429708629088,6.061216252229576,,,,,5.704187828207921,,,,,5.704187828207921,6.654174058300632,"rgba(239, 83, 80, 0.75)"
2025-10-13 00:00:00+00:00,5.6929260935,5.6929260935,5.498959276,5.5862443439,336174,0.0,0.0,0.0,0.0,0.0,0.0,0.0,0.0,,,,,5.872009237880675,,6.403577363778512,6.572085199504272,6.055166461487203,,,,,5.7037353677845175,,,,,5.7037353677845175,6.65181417697581,"rgba(239, 83, 80, 0.75)"
2025-10-14 00:00:00+00:00,5.8287028658,5.8519788839,5.6250377074,5.6250377074,367198,0.0,0.0,0.0,0.0,0.0,0.0,0.0,0.0,,,,,5.871180052102362,,6.401862097784179,6.570038375908056,6.050857917970365,,,,,5.704154726722461,,,,,5.704154726722461,6.649600525682024,"rgba(239, 83, 80, 0.75)"
2025-10-15 00:00:00+00:00,5.9159879336,5.9984238311,5.7971832579,5.8287028658,496745,0.0,0.0,0.0,0.0,0.0,0.0,0.0,0.0,,,,,5.8715307042259335,,6.400048960102505,6.567750594848802,6.047928035676263,,,,,5.7058869662998974,,,,,5.7058869662998974,6.647080656359444,#000000
2025-10-16 00:00:00+00:00,5.5280542986,5.9693288084,5.4698642534,5.8577978884,628881,0.0,0.0,0.0,0.0,0.0,0.0,0.0,0.0,,,,,5.868639231928769,,6.39663396833462,6.563802627041545,6.0382753107709455,,,,,5.705342381924102,,,,,5.705342381924102,6.642857927586955,"rgba(239, 83, 80, 0.75)"
2025-10-17 00:00:00+00:00,5.3146907994,5.5910935143,5.1983107089,5.5668476621,1576493,0.0,0.0,0.0,0.0,0.0,0.0,0.0,0.0,,,,,5.852369636924717,,6.384937731793179,6.550965668244009,5.999324194807722,,,,,5.696401380559196,,,,,5.696401380559196,6.629388909355367,"rgba(239, 83, 80, 1.0)"
2025-10-20 00:00:00+00:00,5.3534841629,5.4310708899,5.2177073906,5.4310708899,738049,0.0,0.0,0.0,0.0,0.0,0.0,0.0,0.0,,,,,5.844602146753192,,6.379373223038154,6.544880435656285,5.981704491059577,,,,,5.691960408623207,,,,,5.691960408623207,6.6230135291155126,"rgba(239, 83, 80, 1.0)"
2025-10-21 00:00:00+00:00,5.6735294118,5.7899095023,5.3049924585,5.3340874811,943678,0.0,0.0,0.0,0.0,0.0,0.0,0.0,0.0,,,,,5.839805224347035,,6.374061149318498,6.538810453162095,5.968856513768123,,,,,5.690379047304336,,,,,5.690379047304336,6.616549919654532,"rgba(239, 83, 80, 1.0)"
2025-10-22 00:00:00+00:00,5.4407692308,5.8965912519,5.2758974359,5.7511161388,985211,0.0,0.0,0.0,0.0,0.0,0.0,0.0,0.0,,,,,5.833990152144071,,6.368230357564806,6.53221424823119,5.954601078921099,,,,,5.687959285339438,,,,,5.687959285339438,6.60955201132339,"rgba(239, 83, 80, 1.0)"
2025-10-23 00:00:00+00:00,5.3825791855,5.4310708899,5.1498190045,5.3922775264,820736,0.0,0.0,0.0,0.0,0.0,0.0,0.0,0.0,,,,,5.825895214202081,,6.362183949060681,6.525602798457814,5.937619430696483,,,,,5.683177923249459,,,,,5.683177923249459,6.602627145747929,"rgba(239, 83, 80, 1.0)"
2025-10-24 00:00:00+00:00,5.6735294118,5.809306184,5.3728808446,5.3825791855,771493,0.0,0.0,0.0,0.0,0.0,0.0,0.0,0.0,,,,,5.822864001259589,,6.358169334380896,6.520971963477599,5.929777082809136,,,,,5.682395882167262,,,,,5.682395882167262,6.597680380440347,"rgba(239, 83, 80, 0.75)"
2025-10-27 00:00:00+00:00,5.3631825038,5.7464609351,5.3389366516,5.7026244344,749873,0.0,0.0,0.0,0.0,0.0,0.0,0.0,0.0,,,,,5.81809990835837,,6.353600116585438,6.515845859253455,5.919348634601016,,,,,5.680075524271097,,,,,5.680075524271097,6.5922598007580095,"rgba(239, 83, 80, 0.75)"
2025-10-28 00:00:00+00:00,5.1595173454,5.4309739065,5.1401206637,5.3534841629,743403,0.0,0.0,0.0,0.0,0.0,0.0,0.0,0.0,,,,,5.810228020076966,,6.347885030868315,6.509647860695326,5.904068654464049,,,,,5.675100275479436,,,,,5.675100275479436,6.585789691380729,"rgba(239, 83, 80, 0.75)"
2025-10-29 00:00:00+00:00,5.1692156863,5.421372549,5.0431372549,5.0916289593,669853,0.0,0.0,0.0,0.0,0.0,0.0,0.0,0.0,,,,,5.802923613108849,,6.342636418619464,6.503973426226981,5.89023559308311,,,,,5.670385120517813,,,,,5.670385120517813,6.579873654768396,"rgba(239, 83, 80, 1.0)"
2025-10-30 00:00:00+00:00,4.9364555053,5.3049924585,4.9170588235,5.188612368,519217,0.0,0.0,0.0,0.0,0.0,0.0,0.0,0.0,,,,,5.7958999451128514,,6.338036388104656,6.499074268426625,5.877473372904602,,,,,5.66555738771501,,,,,5.66555738771501,6.574796226438729,"rgba(239, 83, 80, 1.0)"
2025-10-31 00:00:00+00:00,4.8685671192,5.077081448,4.8685671192,4.9073604827,755847,0.0,0.0,0.0,0.0,0.0,0.0,0.0,0.0,,,,,5.784363899235584,,6.330805508834128,6.491439917579505,5.857084200675852,,,,,5.657371491386853,,,,,5.657371491386853,6.566912030793556,"rgba(239, 83, 80, 1.0)"
2025-11-03 00:00:00+00:00,5.0140422323,5.033438914,4.8491704374,4.9170588235,906345,1.0,5.0334387,4.84917,0.0,0.0,0.0,0.0,0.0,,,,4.9655505279,5.771369568798003,,6.322401896376062,6.482543569034684,5.834469680624704,,,,,5.648161173709049,4.9655505279,,,,5.648161173709049,6.5577153833698905,"rgba(239, 83, 80, 1.0)"
2025-11-04 00:00:00+00:00,4.8879638009,5.0528355958,4.8588687783,4.9364555053,636199,0.0,0.0,0.0,0.0,0.0,0.0,0.0,0.0,,,,4.952217413332651,5.762135833367989,,6.316425525440761,6.476228824030616,5.818703439297062,,,,,,4.952217413332651,,,,5.641541915249356,6.5511929430279245,"rgba(239, 83, 80, 1.0)"
2025-11-05 00:00:00+00:00,5.1401206637,5.2371040724,4.8879638009,4.955852187,639983,0.0,0.0,0.0,0.0,0.0,0.0,0.0,0.0,,,,4.992149150712343,5.754751040154011,,6.311133912712898,6.470561865728813,5.806073849391663,,,,,,4.992149150712343,,,,5.636437692739146,6.545308555707667,"rgba(239, 83, 80, 0.75)"
2025-11-06 00:00:00+00:00,5.1207239819,5.2274057315,5.0140422323,5.1207239819,671753,0.0,0.0,0.0,0.0,0.0,0.0,0.0,0.0,,,,5.022409156239061,5.747539514446841,,6.305774006783593,6.464801125514242,5.79385516306038,,,,,,5.022409156239061,,,,5.631490558709716,6.539318694304354,"rgba(239, 83, 80, 0.75)"
2025-11-07 00:00:00+00:00,6.2554298643,6.2845248869,5.4504675716,5.5377526395,2284284,0.0,0.0,0.0,0.0,0.0,0.0,0.0,0.0,,,,5.455565658980794,5.756821597918718,,6.301114783316851,6.458106599648598,5.805455876105597,,,,,,5.455565658980794,,,,5.643030793479542,6.531671321011739,#000000
2025-11-10 00:00:00+00:00,6.352413273,6.9149170437,6.1778431373,6.3330165913,1999324,0.0,0.0,0.0,0.0,0.0,0.0,0.0,0.0,,,,5.742992971934651,5.779701975513065,,6.303467564484156,6.45839864493442,5.837677073432129,,,,,,5.742992971934651,,,,5.6655958587517645,6.53106259877715,"rgba(38, 166, 154, 1.0)"
2025-11-11 00:00:00+00:00,6.507586727,6.9634087481,6.3621116139,6.3718099548,1044553,0.0,0.0,0.0,0.0,0.0,0.0,0.0,0.0,,,,5.85380545831846,5.793188585035466,,6.305546702551903,6.45937840513194,5.856460392452534,,,,,,5.85380545831846,,,,5.67870131720951,6.531568593354469,"rgba(38, 166, 154, 1.0)"
2025-11-12 00:00:00+00:00,6.5463800905,6.6405509804,6.4154524887,6.4687933635,499781,0.0,0.0,0.0,0.0,0.0,0.0,0.0,0.0,,,,5.892967346466021,5.7988954981192995,,6.306283637687946,6.459607273256872,5.864245049646373,,,,,,5.892967346466021,,,,5.68433742662023,6.531576317542687,"rgba(38, 166, 154, 1.0)"
2025-11-13 00:00:00+00:00,6.274826546,6.4978883861,6.0808597285,6.4978883861,692606,0.0,0.0,0.0,0.0,0.0,0.0,0.0,0.0,,,,5.92189535472673,5.804024336846581,,6.3061868559784315,6.458867519077065,5.870830851006885,,,,,,5.92189535472673,,,,5.689767962800824,6.5305473073894476,"rgba(38, 166, 154, 1.0)"
2025-11-14 00:00:00+00:00,6.352413273,6.4009049774,6.189950546,6.2651282051,494087,0.0,0.0,0.0,0.0,0.0,0.0,0.0,0.0,,,,5.941547238762422,5.80784097491307,,6.306212906774948,6.458433452479032,5.875734768632866,,,,,,5.941547238762422,,,,5.693774036720717,6.52990703510816,"rgba(38, 166, 154, 1.0)"
2025-11-17 00:00:00+00:00,6.0323680241,6.4590950226,5.9741779789,6.3621116139,494267,0.0,0.0,0.0,0.0,0.0,0.0,0.0,0.0,,,,5.95173795707063,5.8104201969924,,6.305736627625478,6.457524654808526,5.878791730964995,,,,,,5.95173795707063,,,,5.696715574890439,6.528799876185001,"rgba(38, 166, 154, 1.0)"
2025-11-18 00:00:00+00:00,5.9353846154,6.0808597285,5.8190045249,5.9935746606,546316,0.0,0.0,0.0,0.0,0.0,0.0,0.0,0.0,,,,5.951404693943471,5.811516355180075,,6.304483636395614,6.455832655797146,5.879583612660185,,,,,,5.951404693943471,,,,5.698453324297549,6.526899662421326,"rgba(38, 166, 154, 0.75)"
2025-11-19 00:00:00+00:00,5.7996078431,6.0517647059,5.7802111614,5.9353846154,507923,0.0,0.0,0.0,0.0,0.0,0.0,0.0,0.0,,,,5.948103332916667,5.812009672845895,,6.303107907456368,6.45406179075874,5.879557371356697,,,,,,5.948103332916667,,,,5.699608519558836,6.5249392025397785,"rgba(38, 166, 154, 0.75)"
2025-11-20 00:00:00+00:00,5.4504675716,5.9693288084,5.4019758673,5.8480995475,859722,0.0,0.0,0.0,0.0,0.0,0.0,0.0,0.0,,,,5.924235179423299,5.809439232186428,,6.299336296826875,6.449697860329228,5.874587226175726,,,,,,5.924235179423299,,,,5.69860919220246,6.5202760300341485,#000000
2025-11-21 00:00:00+00:00,5.6347360483,5.731719457,5.4019758673,5.4601659125,600140,1.0,5.7317195,5.4019756,0.0,0.0,0.0,0.0,0.0,,,5.589477124199999,5.908633930366203,5.807528358555093,,6.296660596029513,6.446614390973114,5.871000236773752,,,,,,5.908633930366203,,,,5.697791020606089,6.516985984036748,#000000
2025-11-24 00:00:00+00:00,5.7026244344,5.8190045249,5.4407692308,5.6056410256,1029609,0.0,0.0,0.0,0.0,0.0,0.0,0.0,0.0,,,5.630323901014376,5.889791709805813,5.805275718226523,,6.292532235212336,6.441770703298697,5.86641821091079,,,,,,5.889791709805813,,,,5.697236614279605,6.511785100197058,#000000
2025-11-25 00:00:00+00:00,6.042066365,6.1099547511,5.7026244344,5.731719457,810195,0.0,0.0,0.0,0.0,0.0,0.0,0.0,0.0,,,5.736988061180937,5.893191503275109,5.806946692914119,,6.290816910631325,6.439424242249863,5.8678104165301255,,,,,,5.893191503275109,,,,5.699752710076967,6.5091404155350165,#000000
2025-11-26 00:00:00+00:00,6.3427149321,6.3815082956,5.8190045249,5.9353846154,919820,0.0,0.0,0.0,0.0,0.0,0.0,0.0,0.0,,,5.858568294801532,5.910125916322587,5.811736796459388,,6.2901937190670925,6.438027919921486,5.873520673007901,,,,,,5.910125916322587,,,,5.705099087174567,6.507391561287871,"rgba(38, 166, 154, 1.0)"
2025-11-28 00:00:00+00:00,6.43,6.6239668175,6.274826546,6.3233182504,371971,0.0,0.0,0.0,0.0,0.0,0.0,0.0,0.0,,,5.916816274598024,5.922505802336526,5.814988042075909,,6.290543670774449,6.438038613370263,5.877687304569298,,,,,,5.922505802336526,,,,5.708398526086935,6.5072528989066765,"rgba(38, 166, 154, 1.0)"
2025-12-01 00:00:00+00:00,6.507586727,6.7694419306,6.3136199095,6.3621116139,1228228,0.0,0.0,0.0,0.0,0.0,0.0,0.0,0.0,,,6.068711550854531,5.9658081358507395,5.826949297865089,,6.29234327753926,6.438697661316849,5.8930816327082045,,,,,,5.9658081358507395,,,,5.720356626917614,6.507414854357056,"rgba(38, 166, 154, 1.0)"
2025-12-02 00:00:00+00:00,6.43,6.72,6.405,6.56,486263,0.0,0.0,0.0,0.0,0.0,0.0,0.0,0.0,,,6.108855760223274,5.98096736207367,5.83149685084355,,6.293013087844527,6.438922444603718,5.898867527980846,,,,,,5.98096736207367,,,,5.724927240464975,6.507445256546552,"rgba(38, 166, 154, 1.0)"
2025-12-03 00:00:00+00:00,6.86,6.975,6.3701,6.51,814428,0.0,0.0,0.0,0.0,0.0,0.0,0.0,0.0,,,6.1903131524562385,6.014096025681383,5.841342115192107,,6.295196499193388,6.44031574223255,5.91162927586645,,,,,,6.014096025681383,,,,5.734525363485614,6.508501716442106,"rgba(38, 166, 154, 1.0)"
2025-12-04 00:00:00+00:00,6.94,6.98,6.64,6.73,658182,0.0,0.0,0.0,0.0,0.0,0.0,0.0,0.0,,,6.253385604049259,6.042871369185613,5.85017584502328,,6.297415702823897,6.4418803412380194,5.923102925763591,,,,,,6.042871369185613,,,,5.743051374882496,6.509790493261064,"rgba(38, 166, 154, 1.0)"
2025-12-05 00:00:00+00:00,6.89,7.0776,6.83,6.92,430647,0.0,0.0,0.0,0.0,0.0,0.0,0.0,0.0,,,6.293180638907222,6.0623923126159465,5.856322518540733,,6.29906370466458,6.443093476588503,5.931086374289326,,,,,,6.0623923126159465,,,,5.748952890529656,6.510821737666128,"rgba(38, 166, 154, 1.0)"
2025-12-08 00:00:00+00:00,7.39,7.465,6.965,7.01,825091,0.0,0.0,0.0,0.0,0.0,0.0,0.0,0.0,,,6.392111196853939,6.111245743245988,5.871574391486875,,6.3038832867713515,6.44700788699367,5.951121660782425,,,,,,6.111245743245988,,,,5.7633068164739285,6.514368949823575,"rgba(38, 166, 154, 1.0)"
2025-12-09 00:00:00+00:00,7.64,7.675,7.28,7.34,638993,0.0,0.0,0.0,0.0,0.0,0.0,0.0,0.0,,,6.474730182824325,6.154280758526144,5.885298095146686,,6.3085691064250815,6.450953979657783,5.969183942149272,,,,,,6.154280758526144,,,,5.776109077103095,6.518020869246795,"rgba(38, 166, 154, 1.0)"
2025-12-10 00:00:00+00:00,7.95,8.275,7.515,7.6,1308321,0.0,0.0,0.0,0.0,0.0,0.0,0.0,0.0,,,6.660679159188922,6.2570265167566825,5.919053506962803,,6.32101175432893,6.461766560647833,6.013633648761026,,,,,,6.2570265167566825,,,,5.807326284566726,6.528201680417153,"rgba(38, 166, 154, 1.0)"
2025-12-11 00:00:00+00:00,8.4,8.41,7.85,7.95,737700,0.0,0.0,0.0,0.0,0.0,0.0,0.0,0.0,,,6.766604999493944,6.319614681808547,5.940447067299359,,6.32927774260683,6.469066252228672,6.041715091632278,,,,,,6.319614681808547,,,,5.827034435347812,6.535133414552934,"rgba(38, 166, 154, 1.0)"
2025-12-12 00:00:00+00:00,8.3,8.555,8.26,8.4,588604,0.0,0.0,0.0,0.0,0.0,0.0,0.0,0.0,,,6.849128573307566,6.370524226668311,5.958350413515898,,6.336346590726743,6.475348032106201,6.065138173847134,,,,,,6.370524226668311,,,,5.843512049919598,6.5411177794300075,"rgba(38, 166, 154, 1.0)"
2025-12-15 00:00:00+00:00,8.31,8.445,8.19,8.4,617404,0.0,0.0,0.0,0.0,0.0,0.0,0.0,0.0,,,6.9241381196512055,6.419841894674285,5.976414231732343,,6.343503942236326,6.481697181745113,6.0886152279328805,,,,,,6.419841894674285,,,,5.860185833752162,6.547160164724982,"rgba(38, 166, 154, 1.0)"
2025-12-16 00:00:00+00:00,8.25,8.48,8.17,8.28,555713,0.0,0.0,0.0,0.0,0.0,0.0,0.0,0.0,,,6.984716965562852,6.461805479445935,5.992335160284875,,6.349853317784086,6.487328112807176,6.109191809543539,,,,,,6.461805479445935,,,,5.8749118176873045,6.552517853707689,"rgba(38, 166, 154, 1.0)"
2025-12-17 00:00:00+00:00,8.3,8.6,8.25,8.27,967062,0.0,0.0,0.0,0.0,0.0,0.0,0.0,0.0,,,7.084254190580395,6.533647723502483,6.020508925804702,,6.361272892559211,6.497491140490724,6.145428973139295,,,,,,6.533647723502483,,,,5.900985001045971,6.562204638775211,"rgba(38, 166, 154, 1.0)"
2025-12-18 00:00:00+00:00,8.76,8.875,8.36,8.44,658334,0.0,0.0,0.0,0.0,0.0,0.0,0.0,0.0,,,7.157299762289673,6.58654885872222,6.041553004264888,,6.370046453355019,6.5053716548628895,6.172466667233963,,,,,,6.58654885872222,,,,5.920405647122738,6.569751434704481,"rgba(38, 166, 154, 1.0)"
2025-12-19 00:00:00+00:00,8.51,8.87,8.51,8.72,1051381,0.0,0.0,0.0,0.0,0.0,0.0,0.0,0.0,,,7.258513015282507,6.664461020552962,6.074036022432335,,6.3837087828708174,6.517636896161658,6.213873925585348,,,,,,6.664461020552962,,,,5.950473004149712,6.581492755118123,"rgba(38, 166, 154, 1.0)"
2025-12-22 00:00:00+00:00,8.495,8.71,8.38,8.52,445686,0.0,0.0,0.0,0.0,0.0,0.0,0.0,0.0,,,7.294460000431352,6.694106797487578,6.087023025743884,,6.389190717481186,6.5225453760137935,6.230287554202374,,,,,,6.694106797487578,,,,5.962542277697113,6.586184654185891,"rgba(38, 166, 154, 0.75)"
2025-12-23 00:00:00+00:00,8.42,8.95,8.33,8.67,707832,0.0,0.0,0.0,0.0,0.0,0.0,0.0,0.0,,,7.3491968266383685,6.740243783459183,6.107688135543175,,6.397994669151593,6.5304399343708734,6.256309238771949,8.566666666666668,,,,,6.740243783459183,,,,5.981762894840573,6.593736120138781,"rgba(38, 166, 154, 0.75)"
2025-12-24 00:00:00+00:00,8.52,8.66,8.4,8.4,333338,0.0,0.0,0.0,0.0,0.0,0.0,0.0,0.0,,,7.372580609646696,6.7607338009869204,6.117144712615402,,6.402040069706415,6.534064003864452,,8.553860381429867,,,,,6.7607338009869204,,,,5.990577942790116,6.597200712304037,"rgba(38, 166, 154, 0.75)"
2025-12-26 00:00:00+00:00,8.5,8.575,8.35,8.52,403897,0.0,0.0,0.0,0.0,0.0,0.0,0.0,0.0,,,7.398484853936001,6.784231642497269,6.128260816056391,,6.406802521458984,6.538324197881645,,8.531818862608677,,,,,6.784231642497269,,,,6.000961485934542,6.6012700961765685,"rgba(38, 166, 154, 0.75)"
2025-12-29 00:00:00+00:00,8.47,8.5928,8.27,8.42,775162,0.0,0.0,0.0,0.0,0.0,0.0,0.0,0.0,,,7.443611233160758,6.82678281283015,6.149028356453037,,6.415746707292705,6.546319302937115,,8.501251234084412,,,,,6.82678281283015,,,,6.020403894759412,6.6089035894520665,"rgba(38, 166, 154, 0.75)"
2025-12-30 00:00:00+00:00,8.29,8.76,8.29,8.68,359743,0.0,0.0,0.0,0.0,0.0,0.0,0.0,0.0,,,7.463303833691289,6.845826113020459,6.158550251844407,,6.419875847643542,6.550011650790593,,8.493640137515705,,,,,6.845826113020459,,,,6.029330970055993,6.612429361251606,"rgba(38, 166, 154, 0.75)"
2025-12-31 00:00:00+00:00,8.55,8.57,8.33,8.36,810663,0.0,0.0,0.0,0.0,0.0,0.0,0.0,0.0,,,7.506519187805389,6.888086571856158,6.1800599948712955,,6.429286617513644,6.558439647619353,,8.491175895626236,,,,,6.888086571856158,,,,6.049510374579803,6.620482972233838,"rgba(38, 166, 154, 0.75)"
2026-01-02 00:00:00+00:00,7.92,8.56,7.91,8.54,991086,0.0,0.0,0.0,0.0,0.0,0.0,0.0,0.0,,,7.537222689291525,6.926072463246148,6.201870214502932,,6.438716732105556,6.566770968156458,,8.409482795200029,,,,,6.926072463246148,,,,6.070217778971912,6.628385546401485,"rgba(38, 166, 154, 0.5)"
2026-01-05 00:00:00+00:00,8.05,8.155,7.83,7.92,681107,0.0,0.0,0.0,0.0,0.0,0.0,0.0,0.0,,,7.552753680135682,6.948421984311801,6.2156755503426115,,6.444687813332202,6.5720159491683505,,8.355964218259045,,,,,6.948421984311801,,,,6.083407316221232,6.633344446100744,"rgba(38, 166, 154, 0.5)"
2026-01-06 00:00:00+00:00,8.19,8.22,7.99,8.09,380144,0.0,0.0,0.0,0.0,0.0,0.0,0.0,0.0,,,7.563170753740064,6.961882373413116,6.223805279611524,,6.448257994038768,6.5751727880850455,,8.340415397666325,,,,,6.961882373413116,,,,6.091150703340628,6.636339658579645,"rgba(38, 166, 154, 0.5)"
2026-01-07 00:00:00+00:00,8.25,8.39,8.105,8.24,385331,0.0,0.0,0.0,0.0,0.0,0.0,0.0,0.0,,,7.575409464293279,6.976527008182434,6.232467960375039,,6.45210744213317,6.578594909996031,,8.334327506571524,,,,,6.976527008182434,,,,6.099378921466057,6.63959585491986,"rgba(38, 166, 154, 0.5)"
2026-01-08 00:00:00+00:00,8.72,8.76,8.102,8.16,645251,0.0,0.0,0.0,0.0,0.0,0.0,0.0,0.0,,,7.603055897910986,7.005536277236842,6.248793960117449,,6.459512278665823,6.585246435445515,,8.353565347597318,,,,,7.005536277236842,,,,6.11478843831619,6.645959662639597,"rgba(38, 166, 154, 0.5)"
2026-01-09 00:00:00+00:00,8.62,8.79,8.29,8.76,551042,0.0,0.0,0.0,0.0,0.0,0.0,0.0,0.0,,,7.626377288589345,7.0300828849907475,6.262791045665779,,6.465913768868109,6.591005291636788,,8.370282006756451,,,,,7.0300828849907475,,,,6.128006137343782,6.651473374647025,"rgba(38, 166, 154, 0.5)"
2026-01-12 00:00:00+00:00,8.61,8.8399,8.525,8.62,441822,0.0,0.0,0.0,0.0,0.0,0.0,0.0,0.0,,,7.646020650242175,7.05035440390674,6.274333834701196,,6.4712410773728575,6.595811623847849,,8.387325344781573,,,,,7.05035440390674,,,,6.138895875389098,6.656081847019815,"rgba(38, 166, 154, 0.5)"
2026-01-13 00:00:00+00:00,8.35,8.885,8.34,8.75,441363,0.0,0.0,0.0,0.0,0.0,0.0,0.0,0.0,,,7.662423334782473,7.068469561891558,6.2851155327148,,6.476214277159442,6.600281825611919,,8.39500948510503,,,,,7.068469561891558,,,,6.149110473858648,6.660359355371507,"rgba(38, 166, 154, 0.5)"
2026-01-14 00:00:00+00:00,8.63,8.71,8.39,8.42,363903,0.0,0.0,0.0,0.0,0.0,0.0,0.0,0.0,,,7.676276741988342,7.083592134155367,6.294130899199109,,6.480399540407964,6.604050466862143,,8.403001278957626,,,,,7.083592134155367,,,,6.157648564074101,6.663968769194571,"rgba(38, 166, 154, 0.5)"
2026-01-15 00:00:00+00:00,8.46,8.715,8.45,8.57,422141,0.0,0.0,0.0,0.0,0.0,0.0,0.0,0.0,,,7.691225698229566,7.100356873364439,6.304341582915605,,6.48515303964144,6.60832701475642,,8.409734373473894,,,,,7.100356873364439,,,,6.167335904588522,6.668062518640726,"rgba(38, 166, 154, 0.5)"
2026-01-16 00:00:00+00:00,8.57,8.73,8.35,8.35,419512,0.0,0.0,0.0,0.0,0.0,0.0,0.0,0.0,,,7.705719182764888,7.1167337398579695,6.31443463323548,,6.489874319241554,6.6125765065872475,,8.41619118655073,,,,,7.1167337398579695,,,,6.176918749914429,6.672131143531217,"rgba(38, 166, 154, 0.5)"
2026-01-20 00:00:00+00:00,8.53,8.64,8.4,8.46,296575,0.0,0.0,0.0,0.0,0.0,0.0,0.0,0.0,,,7.715359278295421,7.1278786251802995,6.321430909682598,,6.493155997335433,6.615528293840328,,8.419568017511747,,,,,7.1278786251802995,,,,6.18357138164939,6.674956174439544,"rgba(38, 166, 154, 0.5)"
2026-01-21 00:00:00+00:00,8.33,8.67,8.1,8.58,406420,0.0,0.0,0.0,0.0,0.0,0.0,0.0,0.0,,,7.725715431336967,7.141184779188304,6.330269726437496,,6.497290257899718,6.619227616410811,,8.417377773028322,,,,,7.141184779188304,,,,6.1920206255133206,6.67848661289892,"rgba(38, 166, 154, 0.5)"
2026-01-22 00:00:00+00:00,8.32,8.65,8.3,8.52,516876,0.0,0.0,0.0,0.0,0.0,0.0,0.0,0.0,,,7.739543027581328,7.158463542571115,6.3417107279868805,,6.502680420409088,6.624061651269441,,8.417675675304965,,,,,7.158463542571115,,,,6.202949727057806,6.683105316093542,#000000
2026-01-23 00:00:00+00:00,8.23,8.42,8.15,8.3,301454,0.0,0.0,0.0,0.0,0.0,0.0,0.0,0.0,,,7.74556702163256,7.167105821137313,6.347827957465794,,6.505554888345947,6.626624585552341,,8.413395118979803,,,,,7.167105821137313,,,,6.208828273743488,6.685546285823093,#000000
2026-01-26 00:00:00+00:00,8.3,8.38,8.16,8.27,283793,0.0,0.0,0.0,0.0,0.0,0.0,0.0,0.0,,,7.751255531381945,7.175216675979136,6.353591149257322,,6.508272827612457,6.629049625923654,,8.409927906723068,,,,,7.175216675979136,,,,6.214367556274298,6.687856702343575,#000000
2026-01-27 00:00:00+00:00,8.1,8.3,7.73,8.3,457760,0.0,0.0,0.0,0.0,0.0,0.0,0.0,0.0,,,7.756185531334426,7.18530342801083,6.361681911128681,,6.512056096127451,6.632387684424804,,8.395176749865106,,,,,7.18530342801083,,,,6.222223704341544,6.691017470698187,"rgba(239, 83, 80, 1.0)"
2026-01-28 00:00:00+00:00,7.88,8.14,7.77,8.05,382923,0.0,0.0,0.0,0.0,0.0,0.0,0.0,0.0,,,7.758605550080981,7.192471881140739,6.367938544420822,,6.514973388038066,6.634944617487108,,8.380028796283085,,,,,7.192471881140739,,,,6.2283380639492085,6.693429558472036,"rgba(239, 83, 80, 1.0)"
2026-01-29 00:00:00+00:00,8.05,8.07,7.85,7.96,343709,0.0,0.0,0.0,0.0,0.0,0.0,0.0,0.0,,,7.761461636666833,7.199303683009293,6.373726176837117,,6.5176923232930895,6.637337070624267,,8.368952360503828,,,,,7.199303683009293,,,,6.233981304761999,6.695691311825096,"rgba(239, 83, 80, 1.0)"
2026-01-30 00:00:00+00:00,7.45,8.04,7.4101,7.95,536115,0.0,0.0,0.0,0.0,0.0,0.0,0.0,0.0,,,7.759042079944719,7.205026958475265,6.380697849007895,,6.520890898925519,6.640072536600026,,8.33775054786672,,,,,7.205026958475265,,,,6.240938686110007,6.698235730679587,"rgba(239, 83, 80, 1.0)"
2026-02-02 00:00:00+00:00,8.05,8.38,7.79,7.79,619640,0.0,0.0,0.0,0.0,0.0,0.0,0.0,0.0,,,7.7657569589490985,7.21806096180716,6.391456701867323,,6.526018089606876,6.644607663132702,,8.325393024591381,,,,,7.21806096180716,,,,6.251408055660526,6.702534965524083,"rgba(239, 83, 80, 0.75)"
2026-02-03 00:00:00+00:00,7.3,8.335,7.27,8.3,689125,0.0,0.0,0.0,0.0,0.0,0.0,0.0,0.0,,,7.762722154632354,7.22490709980454,6.400185666805201,,6.53007648857769,6.648080660118936,,8.291282298659368,,,,,7.22490709980454,,,,6.2601441485279805,6.705765997806547,"rgba(239, 83, 80, 0.75)"
2026-02-04 00:00:00+00:00,7.76,7.9176,7.32,7.33,556240,0.0,0.0,0.0,0.0,0.0,0.0,0.0,0.0,,,7.76094103318635,7.230675001746546,6.407316439634058,,6.53342160801721,6.650953360238861,,8.267297054405875,,,,,7.230675001746546,,,,6.2672721086648995,6.708443789272423,"rgba(239, 83, 80, 0.75)"
2026-02-05 00:00:00+00:00,7.25,7.655,7.175,7.6,426212,1.0,7.655,7.175,0.0,0.0,0.0,0.0,0.0,,7.359999999999999,7.755369990850252,7.231958318678021,6.411411437511458,,6.535282760902221,6.652483509652974,,8.241396434449982,,,,,7.231958318678021,7.359999999999999,,,6.271501297071716,6.7098332561202305,"rgba(239, 83, 80, 0.75)"
2026-02-06 00:00:00+00:00,7.42,7.55,7.28,7.32,456767,0.0,0.0,0.0,0.0,0.0,0.0,0.0,0.0,,7.389313792664756,7.750400349569335,7.233901945386227,6.416020943676901,,6.537404468106245,6.6542467937549645,,8.216914036068843,,,,,,7.389313792664756,,,6.2762315529291275,6.711444981353417,"rgba(239, 83, 80, 0.75)"
2026-02-09 00:00:00+00:00,7.84,8.01,7.48,7.48,592447,0.0,0.0,0.0,0.0,0.0,0.0,0.0,0.0,,7.5448526323922716,7.7508908870288025,7.241210060839156,6.424065509299137,,6.541261777151087,6.657595963362464,,8.2005915616632,,,,,,7.5448526323922716,,,6.284227462235756,6.714586113283488,"rgba(239, 83, 80, 0.75)"
2026-02-10 00:00:00+00:00,8.13,8.23,7.7635,7.83,633183,0.0,0.0,0.0,0.0,0.0,0.0,0.0,0.0,,7.693888138341437,7.756571308347625,7.252558465640109,6.434219549169388,,6.546234821908221,6.661994215365935,,8.194515132981183,,,,,,7.693888138341437,,,6.294177405794534,6.718753780105769,"rgba(239, 83, 80, 0.75)"
2026-02-11 00:00:00+00:00,7.89,8.34,7.82,8.16,612690,0.0,0.0,0.0,0.0,0.0,0.0,0.0,0.0,,7.76656048214474,7.761404868401409,7.262905448376331,6.443776330880779,,6.5509372697922,6.66614844735028,,8.188189194280078,,,,,,7.76656048214474,,,6.303565091552518,6.722687452717177,#000000
2026-02-12 00:00:00+00:00,8.29,8.31,7.86,7.99,601120,0.0,0.0,0.0,0.0,0.0,0.0,0.0,0.0,,7.836538680652059,7.768422888359488,7.274580159832199,6.453846128575514,,6.555949244047542,6.670609497453607,,8.187013826758454,,,,,,7.836538680652059,,,6.31340347339022,6.726928916160837,#000000
2026-02-13 00:00:00+00:00,8.4,8.43,8.11,8.21,516133,0.0,0.0,0.0,0.0,0.0,0.0,0.0,0.0,,7.900648650888842,7.776673896446455,7.28614390189019,6.463203198737384,,6.560656212951788,6.674829571103736,,8.190568282168151,,,,,,7.900648650888842,,,6.322495124722562,6.730956956581958,"rgba(38, 166, 154, 0.5)"
2026-02-17 00:00:00+00:00,8.49,8.55,8.33,8.45,604177,0.0,0.0,0.0,0.0,0.0,0.0,0.0,0.0,,7.976262827832472,7.788516803608541,7.301201149159045,6.474876853473115,,6.566582168918881,6.680171793836252,,8.199053694276477,,,,,,7.976262827832472,,,6.3337919117366805,6.736070963421769,"rgba(38, 166, 154, 0.5)"
2026-02-18 00:00:00+00:00,8.88,8.99,8.342,8.37,1364996,0.0,0.0,0.0,0.0,0.0,0.0,0.0,0.0,,8.155138066540685,7.824437316732661,7.341759993561317,6.504418715821377,,6.581803022811464,6.694012484156582,,8.23522741895653,,,,,,8.155138066540685,,,6.362196043896898,6.749380618542921,"rgba(38, 166, 154, 0.5)"
2026-02-19 00:00:00+00:00,8.72,9.078,8.55,9.0,784265,0.0,0.0,0.0,0.0,0.0,0.0,0.0,0.0,,8.229796662439313,7.84483664543364,7.36476741699787,6.521383333363392,,6.590633973440347,6.702055367382131,,8.255579064610973,,,,,,8.229796662439313,,,6.37851988460869,6.7571205366624065,"rgba(38, 166, 154, 0.5)"
2026-02-20 00:00:00+00:00,8.72,8.82,8.52,8.82,531860,0.0,0.0,0.0,0.0,0.0,0.0,0.0,0.0,,8.26390615105128,7.856817289743225,7.3789282083536065,6.532262727602831,,6.5963220666262,6.707224557714962,,8.266180146173173,,,,,,8.26390615105128,,,6.389028335417358,6.7620888372082,"rgba(38, 166, 154, 0.5)"
2026-02-23 00:00:00+00:00,8.6,8.8,8.525,8.74,520759,0.0,0.0,0.0,0.0,0.0,0.0,0.0,0.0,,8.2896396043059,7.8676035671382625,7.392035425582751,6.54258933995289,,6.601742352094065,6.712145362055303,,8.275008613742632,,,,,,8.2896396043059,,,6.399025446723888,6.766815546966317,"rgba(38, 166, 154, 0.5)"
2026-02-24 00:00:00+00:00,8.73,8.77,8.55,8.67,387091,0.0,0.0,0.0,0.0,0.0,0.0,0.0,0.0,,8.308613831339152,7.875852424989241,7.401922363714943,6.550351125585393,,6.605834701505946,6.7158655448519164,,8.282022332219706,,,,,,8.308613831339152,,,6.406536203227872,6.770391375653842,"rgba(38, 166, 154, 0.5)"
2026-02-25 00:00:00+00:00,8.74,8.87,8.615,8.85,508868,0.0,0.0,0.0,0.0,0.0,0.0,0.0,0.0,,8.334416181979934,7.887211135786645,7.4152729364398375,6.560746228652076,,6.611340438879075,6.720879136525076,,8.292172170052465,,,,,,8.334416181979934,,,6.416586042767385,6.775214620153546,"rgba(38, 166, 154, 0.5)"
2026-02-26 00:00:00+00:00,9.05,9.09,8.71,8.88,511649,0.0,0.0,0.0,0.0,0.0,0.0,0.0,0.0,,8.369210182709937,7.9010476616999545,7.430497553228453,6.572088149716973,,6.617386300737431,6.726412298768109,,8.306460433014108,,,,,,8.369210182709937,,,6.4275015988700455,6.780551756300274,"rgba(38, 166, 154, 0.5)"
2026-02-27 00:00:00+00:00,9.13,9.18,8.7317,8.92,576347,0.0,0.0,0.0,0.0,0.0,0.0,0.0,0.0,,8.40780005365286,7.91713212937546,7.447995711451583,6.585075851847661,,6.624344873534377,6.732790494309595,,8.323355912071552,,,,,,8.40780005365286,,,6.439993953507332,6.786708645189805,"rgba(38, 166, 154, 0.5)"
2026-03-02 00:00:00+00:00,9.56,9.615,8.94,8.94,543927,0.0,0.0,0.0,0.0,0.0,0.0,0.0,0.0,,8.459338371574866,7.936705511497859,7.467851285118552,6.598993803861413,,6.631852763595832,6.739716348265008,,8.346463139365463,,,,,,8.459338371574866,,,6.453296837038686,6.793416543901477,"rgba(38, 166, 154, 1.0)"
2026-03-03 00:00:00+00:00,9.64,9.75,9.225,9.39,650569,0.0,0.0,0.0,0.0,0.0,0.0,0.0,0.0,,8.52419624663758,7.962075590381001,7.493100458472326,6.616448727036739,,6.641321920812302,6.748474034197941,,8.377078410562493,,,,,,8.52419624663758,,,6.46994984496605,6.801909699524051,"rgba(38, 166, 154, 1.0)"
2026-03-04 00:00:00+00:00,9.94,10.0,9.5,9.5,447232,0.0,0.0,0.0,0.0,0.0,0.0,0.0,0.0,,8.575352273256687,7.982017328535589,7.512389965540187,6.629446391739626,,6.64841029380727,6.755053076627411,,8.402000142031888,,,,,,8.575352273256687,,,6.482310727176319,6.808301577409092,"rgba(38, 166, 154, 1.0)"
2026-03-05 00:00:00+00:00,9.95,10.03,9.8,9.89,615265,0.0,0.0,0.0,0.0,0.0,0.0,0.0,0.0,,8.64530410220853,8.010414695668349,7.5396902406678805,6.6477861371280245,,6.65845763123319,6.764391662589753,,8.437547351950467,,,,,,8.64530410220853,,,6.499740725042145,6.817380757147603,"rgba(38, 166, 154, 1.0)"
2026-03-06 00:00:00+00:00,9.83,9.8722,9.43,9.8,525964,0.0,0.0,0.0,0.0,0.0,0.0,0.0,0.0,,8.690453880396017,8.031378640939336,7.560475920960613,6.662281147718558,,6.666433707113313,6.77178917995641,,8.462427078876173,,,,,,8.690453880396017,,,6.5135715387768895,6.824564242894285,"rgba(38, 166, 154, 1.0)"
2026-03-09 00:00:00+00:00,9.63,9.99,9.44,9.72,732819,0.0,0.0,0.0,0.0,0.0,0.0,0.0,0.0,,8.745994414026619,8.059333662770058,7.588464689621285,6.682091980509975,,6.677390118219638,6.781950433742089,,8.494875576734831,,,,,,8.745994414026619,,,6.532500799616783,6.834430672758604,"rgba(38, 166, 154, 0.75)"
2026-03-10 00:00:00+00:00,10.31,10.5,9.68,9.68,761337,0.0,0.0,0.0,0.0,0.0,0.0,0.0,0.0,,8.82359384056358,8.095612912311875,7.62320371761138,6.705622658935076,,6.690478763245974,6.794152448223693,,8.539587809772156,,,,,,8.82359384056358,,,6.554865015487607,6.84631032046551,"rgba(38, 166, 154, 0.75)"
2026-03-11 00:00:00+00:00,10.1,10.365,9.91,10.25,689527,0.0,0.0,0.0,0.0,0.0,0.0,0.0,0.0,,8.885076686908016,8.126817759647883,7.653404233857217,6.726427823376562,,6.702118431277039,6.805002935050249,,8.577155358046683,,,,,,8.885076686908016,,,6.574670726182558,6.856873039440207,"rgba(38, 166, 154, 0.75)"
2026-03-12 00:00:00+00:00,9.85,10.36,9.75,9.97,999771,0.0,0.0,0.0,0.0,0.0,0.0,0.0,0.0,,8.95569800663782,8.167378687205948,7.6935407420339725,6.7549385443174055,,6.718179352441098,6.819960177673606,,8.623973898397049,,,,,,8.95569800663782,,,6.601896749065088,6.8714248300502385,"rgba(38, 166, 154, 0.75)"
2026-03-13 00:00:00+00:00,9.8,9.99,9.27,9.53,1318141,0.0,0.0,0.0,0.0,0.0,0.0,0.0,0.0,,9.0126667970428,8.209842628466859,7.737741776520721,6.788355366334684,,6.737194532282955,6.837618861515725,,8.668560434590104,,,,,,9.0126667970428,,,6.634012248108543,6.888577181549028,"rgba(38, 166, 154, 0.75)"
2026-03-16 00:00:00+00:00,9.92,10.535,9.865,10.1,1025774,0.0,0.0,0.0,0.0,0.0,0.0,0.0,0.0,,9.075223433616387,8.250221314864705,7.777930826589654,6.817530517948462,,6.753907647135246,6.853214721095724,,8.714030288928212,10.106666666666666,,,,,9.075223433616387,,,6.661920902070965,6.9037631201189615,"rgba(38, 166, 154, 0.75)"
2026-03-17 00:00:00+00:00,10.09,10.45,10.03,10.2,841950,0.0,0.0,0.0,0.0,0.0,0.0,0.0,0.0,,9.125199160477734,8.28353243048871,7.811057288105805,6.841693791915215,,6.767840191330391,6.866230004288068,,,10.144232441909688,,,,,9.125199160477734,,,6.685041275620295,6.916442502813357,"rgba(38, 166, 154, 0.75)"
2026-03-18 00:00:00+00:00,9.44,10.0999,9.42,10.02,1078196,0.0,0.0,0.0,0.0,0.0,0.0,0.0,0.0,,9.15387105637286,8.313007045735388,7.8428972043321865,6.8672565114957616,,6.782745562790239,6.880082267806863,,,9.964552954640089,,,,,9.15387105637286,,,6.7097437404229945,6.9298986986959275,"rgba(38, 166, 154, 0.5)"
2026-03-19 00:00:00+00:00,9.02,9.365,8.84,9.3,958125,0.0,0.0,0.0,0.0,0.0,0.0,0.0,0.0,,9.150240958546972,8.32730423420153,7.86153424910037,6.884950710501438,,6.793219887201331,6.889733919691936,,,9.746240172726834,,,,,9.150240958546972,,,6.727107398270661,6.939230146334808,#000000
2026-03-20 00:00:00+00:00,8.98,9.22,8.64,9.08,1166704,0.0,0.0,0.0,0.0,0.0,0.0,0.0,0.0,,9.139437083039462,8.341139011847012,7.8811599338482745,6.904877244253498,,6.805135765493745,6.90068918166211,,,9.562270189630762,,,,,9.139437083039462,,,6.746772819736737,6.949807745720673,#000000
2026-03-23 00:00:00+00:00,9.07,9.45,9.04,9.1,697301,0.0,0.0,0.0,0.0,0.0,0.0,0.0,0.0,,9.140889091101695,8.352278242466527,7.895120773037624,6.917982232013851,,6.812985841080605,6.90794278795297,,,9.516863386262832,,,,,9.140889091101695,,,6.759624898068223,6.956830022503793,"rgba(239, 83, 80, 1.0)"
2026-03-24 00:00:00+00:00,8.92,9.03,8.76,8.93,371970,0.0,0.0,0.0,0.0,0.0,0.0,0.0,0.0,,9.137056050112516,8.356123882189134,7.900839531205234,6.924046208149346,,6.816654951324454,6.911314597812163,,,9.479694977399639,,,,,9.137056050112516,,,6.765631614984902,6.960084306383188,"rgba(239, 83, 80, 1.0)"
2026-03-25 00:00:00+00:00,8.89,9.1794,8.85,9.04,453731,0.0,0.0,0.0,0.0,0.0,0.0,0.0,0.0,,9.13389200369974,8.36133192548271,7.908207697981089,6.93165220374959,,6.821262278512606,6.915555731158901,,,9.444837318788652,,,,,9.13389200369974,,,6.7731509802698255,6.9641812539244485,"rgba(239, 83, 80, 1.0)"
2026-03-26 00:00:00+00:00,8.83,9.02,8.6,8.76,639222,0.0,0.0,0.0,0.0,0.0,0.0,0.0,0.0,,9.125494063379511,8.366682899933876,7.916917740000443,6.9414583513686114,,6.827250293724711,6.921049058024412,,,9.389322041655623,,,,,9.125494063379511,,,6.782910585666484,6.969477530765514,"rgba(239, 83, 80, 1.0)"
2026-03-27 00:00:00+00:00,8.34,8.88,8.335,8.8,604274,0.0,0.0,0.0,0.0,0.0,0.0,0.0,0.0,,9.110670384107094,8.36834911041496,7.922319724136594,6.949175070313169,,6.8320340475532495,6.925400244637443,,,9.322166338800686,,,,,9.110670384107094,,,6.790710420972282,6.973652342331445,"rgba(239, 83, 80, 1.0)"
2026-03-30 00:00:00+00:00,7.96,8.55,7.93,8.36,975767,0.0,0.0,0.0,0.0,0.0,0.0,0.0,0.0,,9.074106664054536,8.364484621199662,7.925527154131503,6.958563689461226,,6.838011845293283,6.93074886689943,,,9.192016336930816,,,,,9.074106664054536,,,6.800480486860158,6.97873575377706,"rgba(239, 83, 80, 1.0)"
2026-03-31 00:00:00+00:00,7.88,8.18,7.7101,8.14,961005,0.0,0.0,0.0,0.0,0.0,0.0,0.0,0.0,,9.032668462044851,8.357038981469328,7.925497155883422,6.965956453162335,,6.842850754798272,6.935011950709537,,,9.06727965733441,,,,,9.032668462044851,,,6.8083926653937645,6.982750369368245,"rgba(239, 83, 80, 1.0)"
2026-04-01 00:00:00+00:00,7.76,7.9999,7.7,7.95,687524,0.0,0.0,0.0,0.0,0.0,0.0,0.0,0.0,,9.002211038295187,8.350630881164957,7.9244591698962425,6.970612520118672,,6.845957467085156,6.937722720983239,,,8.985307273662531,,,,,9.002211038295187,,,6.813466501189259,6.985288203516116,"rgba(239, 83, 80, 1.0)"
2026-04-02 00:00:00+00:00,8.09,8.13,7.522,7.64,594688,0.0,0.0,0.0,0.0,0.0,0.0,0.0,0.0,,8.979073349526775,8.34617069321501,7.9243709365342285,6.975040486663261,,6.848886687648305,6.94030258606935,,,8.92768423919809,,,,,8.979073349526775,,,6.818220545382039,6.987716885338662,"rgba(239, 83, 80, 1.0)"
2026-04-06 00:00:00+00:00,8.01,8.27,7.9,8.09,751055,0.0,0.0,0.0,0.0,0.0,0.0,0.0,0.0,,8.95503905381849,8.342525844889325,7.925800713784625,6.981434057655443,,6.8530671968517,6.944027018159808,,,8.87249131965071,,,,,8.95503905381849,,,6.824958438033781,6.991246682121391,"rgba(239, 83, 80, 1.0)"
2026-04-07 00:00:00+00:00,8.05,8.21,7.32,7.94,1007878,0.0,0.0,0.0,0.0,0.0,0.0,0.0,0.0,,8.917913940240291,8.334417150921235,7.924882842649687,6.9883272382801875,,6.857709933566975,6.948097483142778,,,8.79286161485201,,,,,8.917913940240291,7.860000000000001,,6.832440525984828,6.995067520482173,"rgba(239, 83, 80, 0.75)"
2026-04-08 00:00:00+00:00,8.57,8.64,8.3401,8.39,1061084,0.0,0.0,0.0,0.0,0.0,0.0,0.0,0.0,,8.90408703259238,8.337586000770349,7.933448268209543,7.000848375891284,,6.865724058561871,6.955401957603137,,,8.77174418664421,,,,,,8.196793939569698,,6.845161582520423,7.002080579772245,"rgba(239, 83, 80, 0.75)"
2026-04-09 00:00:00+00:00,8.06,8.54,8.05,8.44,580472,0.0,0.0,0.0,0.0,0.0,0.0,0.0,0.0,,8.891366906333205,8.336446873050606,7.935673059840646,7.006273037330056,,6.869284751717481,6.958606816253186,,,8.74945649218956,,,,,,8.201147911642009,,6.850805132403017,7.005135247186115,"rgba(239, 83, 80, 0.75)"
2026-04-10 00:00:00+00:00,8.12,8.23,7.8,8.08,664605,0.0,0.0,0.0,0.0,0.0,0.0,0.0,0.0,,8.8739114229432,8.333390235918383,7.936692144416623,7.011577730727834,,6.872837108208237,6.96177276990778,,,8.718714326275421,,,,,,8.1708363619539,,6.8564283613433545,7.008135302631975,"rgba(239, 83, 80, 0.75)"
2026-04-13 00:00:00+00:00,8.56,8.61,8.01,8.07,499348,0.0,0.0,0.0,0.0,0.0,0.0,0.0,0.0,,8.8665352237587,8.333867007777263,7.939730072764744,7.016834138598044,,6.87626648968256,6.964886114730635,,,8.708312831534212,,,,,,8.19997146354846,,6.86182415482005,7.011117146415227,"rgba(239, 83, 80, 0.75)"
2026-04-14 00:00:00+00:00,8.72,8.83,8.482,8.58,480054,0.0,0.0,0.0,0.0,0.0,0.0,0.0,0.0,,8.863784040738102,8.336473366616795,7.944417594239974,7.02288473076067,,6.880163274314094,6.968458961681933,,,8.707389156967881,,,,,,8.25334577917029,,6.867931186633852,7.014558214907074,#000000
2026-04-15 00:00:00+00:00,8.8,8.91,8.67,8.78,469753,0.0,0.0,0.0,0.0,0.0,0.0,0.0,0.0,,8.862795663290365,8.339840804941208,7.949664123649317,7.02917510112184,,6.8842052259600575,6.972177085909221,,,8.709825570076024,,,,,,8.306600123530556,,6.874248107916275,7.018145663694338,#000000
2026-04-16 00:00:00+00:00,8.86,8.98,8.71,8.86,410650,0.0,0.0,0.0,0.0,0.0,0.0,0.0,0.0,,8.86264063582257,8.343106947600354,7.954502217688068,7.034812990271905,,6.887829129482026,6.975515767330968,,,8.713215369791843,,,,,,8.34972998196312,,6.879898451934651,7.021369647510556,"rgba(38, 166, 154, 0.5)"
2026-04-17 00:00:00+00:00,9.26,9.311,8.88,8.98,638814,0.0,0.0,0.0,0.0,0.0,0.0,0.0,0.0,,8.867962554090678,8.351067138341065,7.964415714447556,7.04495400240792,,6.894298868752829,6.981514316969286,,,8.729063154254822,,,,,,8.437716687752832,,6.889954476336074,7.0271824474190225,"rgba(38, 166, 154, 0.5)"
2026-04-20 00:00:00+00:00,9.64,9.725,9.31,9.31,636033,0.0,0.0,0.0,0.0,0.0,0.0,0.0,0.0,,8.880447908712533,8.362805113359475,7.977464142010861,7.0568927702849615,,6.901862106010893,6.988571340252023,,,8.757954689329054,,,,,,8.548242865381518,,6.9016699277033355,7.034044615794433,"rgba(38, 166, 154, 1.0)"
2026-04-21 00:00:00+00:00,9.44,9.74,9.38,9.6,421210,0.0,0.0,0.0,0.0,0.0,0.0,0.0,0.0,,8.888016985502107,8.370208463206998,7.9857817505365745,7.064616726198042,,6.906775297200298,6.993154187687441,,,8.775140419991155,9.520000000000001,,,,,8.607823610820592,,6.909260841193523,7.038499912728969,"rgba(38, 166, 154, 1.0)"
2026-04-22 00:00:00+00:00,9.26,9.59,9.26,9.4,326615,0.0,0.0,0.0,0.0,0.0,0.0,0.0,0.0,,8.892399958514442,8.37514383093345,7.991545341422409,7.0702089211748635,,6.9103544573098175,6.996486141186181,,,,9.454487012335775,,,,,8.642415105003588,,6.914780312233885,7.0417354998134245,"rgba(38, 166, 154, 1.0)"
2026-04-23 00:00:00+00:00,9.21,9.255,8.97,9.23,353628,0.0,0.0,0.0,0.0,0.0,0.0,0.0,0.0,,8.894862740504832,8.379236580729309,7.996721959842496,7.075643738501998,,6.913864509374868,6.999742167732282,,,,9.355124376618887,,,,,8.665954800570692,,6.92018333287498,7.044891013071478,"rgba(38, 166, 154, 1.0)"
2026-04-24 00:00:00+00:00,9.21,9.41,9.16,9.16,420750,0.0,0.0,0.0,0.0,0.0,0.0,0.0,0.0,,8.899049878019207,8.384772680983192,8.003431753836802,7.082430461004313,,6.918240985799937,7.003810372979384,,,,9.328831180860899,,,,,8.697311950428647,,6.9269084251327016,7.048838076854272,"rgba(38, 166, 154, 1.0)"
2026-04-27 00:00:00+00:00,9.32,9.46,9.21,9.21,371077,0.0,0.0,0.0,0.0,0.0,0.0,0.0,0.0,,8.903364649726196,8.38998366797217,8.009616902012619,7.088572340047742,,6.922202228250795,7.007497100576004,,,,9.329060265782136,,,,,8.725455896669983,,6.932984556580954,7.052417335693343,"rgba(38, 166, 154, 1.0)"
2026-04-28 00:00:00+00:00,9.45,9.55,9.23,9.38,434192,0.0,0.0,0.0,0.0,0.0,0.0,0.0,0.0,,8.909231240866108,8.396521235045498,8.017215304201988,7.095971367362961,,6.926974185335132,7.011944160760274,,,,9.344159646174047,,,,,8.75932304035374,,6.940291241201038,7.05673774707432,"rgba(38, 166, 154, 1.0)"
2026-04-29 00:00:00+00:00,9.38,9.5,9.2601,9.37,376138,0.0,0.0,0.0,0.0,0.0,0.0,0.0,0.0,,8.913907077113034,8.401951855616423,8.023591212730103,7.102260565338574,,6.931043617466415,7.015735360711146,,,,9.349150549795768,,,,,8.784832770440278,,6.946509840660909,7.0604202162621466,"rgba(38, 166, 154, 1.0)"
2026-04-30 00:00:00+00:00,9.5,9.605,9.21,9.4,507645,0.0,0.0,0.0,0.0,0.0,0.0,0.0,0.0,,8.920843501108955,8.409618015322371,8.032468101947446,7.1109097608554865,,6.936644699677887,7.020958547149051,,,,9.363248836649015,,,,,8.819175228798725,,6.9550523885834705,7.065496144769501,"rgba(38, 166, 154, 1.0)"
2026-05-01 00:00:00+00:00,9.44,9.73,9.335,9.47,685981,0.0,0.0,0.0,0.0,0.0,0.0,0.0,0.0,,8.931042402979987,8.420425700508266,8.044820440983383,7.122811469888084,,6.944364418147286,7.028164947225008,,,,9.3876127708458,,,,,8.86442744825089,,6.966795360900918,7.072503082370457,"rgba(38, 166, 154, 1.0)"
2026-05-04 00:00:00+00:00,9.19,9.63,9.19,9.41,659998,0.0,0.0,0.0,0.0,0.0,0.0,0.0,0.0,,8.93778128933071,8.429067719469728,8.055186439679627,7.133364532076778,,6.951271605273108,7.034599098979681,,,,9.38023453947431,,,,,8.892746461843657,,6.977262973824778,7.078751337446813,"rgba(38, 166, 154, 0.75)"
2026-05-05 00:00:00+00:00,9.26,9.49,9.18,9.24,511075,0.0,0.0,0.0,0.0,0.0,0.0,0.0,0.0,,8.942509021940168,8.435455199992354,8.06293518475221,7.1413694498555715,,6.956533416066562,7.03949942226177,,,,9.373152272536396,,,,,8.911262381962894,,6.985214450829895,7.083509221650803,"rgba(38, 166, 154, 0.5)"
2026-05-06 00:00:00+00:00,9.44,9.49,9.21,9.25,544353,0.0,0.0,0.0,0.0,0.0,0.0,0.0,0.0,,8.94834863150037,8.442693964716183,8.071541319979762,7.150104224845826,,6.962278013972231,7.044855865189834,,,,9.373816410335536,,,,,8.93241744877765,,6.9938774992960875,7.0887132699457345,"rgba(38, 166, 154, 0.75)"
2026-05-07 00:00:00+00:00,9.38,9.58,9.31,9.48,619600,0.0,0.0,0.0,0.0,0.0,0.0,0.0,0.0,,8.955457107086632,8.451174241560928,8.08152115895996,7.1601554447674065,,6.96890024891413,7.051035569810786,,,,9.378739291544548,,,,,8.956403933237508,,7.00383979367026,7.09471954015691,"rgba(38, 166, 154, 0.75)"
2026-05-08 00:00:00+00:00,9.08,9.5,8.18,9.5,990340,0.0,0.0,0.0,0.0,0.0,0.0,0.0,0.0,,8.95462877051193,8.457566043865066,8.091299922598013,7.172505370000671,,6.977255735678915,7.058764917028171,,,,9.315838432548272,,,,,8.95376685485418,,7.016317015656571,7.102194501949138,"rgba(38, 166, 154, 0.5)"
2026-05-11 00:00:00+00:00,9.23,9.66,9.0,9.18,682598,0.0,0.0,0.0,0.0,0.0,0.0,0.0,0.0,,8.960049042501986,8.465377725992523,8.100911941975161,7.182730353351382,,6.98408180432553,7.06512594475038,,,,9.314182989416251,,,,,8.970073424671632,,7.026505824263326,7.108371336900444,#000000
2026-05-12 00:00:00+00:00,9.34,9.41,9.14,9.27,485549,0.0,0.0,0.0,0.0,0.0,0.0,0.0,0.0,,8.963801222108044,8.47084642593346,8.107656431401871,7.189943928380255,,6.9889129536683265,7.069628737298849,,,,9.313169369178684,,,,,8.98075961108146,,7.033698136415848,7.112743951880734,"rgba(38, 166, 154, 0.5)"
2026-05-13 00:00:00+00:00,9.25,9.5,9.09,9.38,535705,0.0,0.0,0.0,0.0,0.0,0.0,0.0,0.0,,8.967642636442026,8.476677048155288,8.114906803152117,7.197783227401772,,6.994181455942147,7.074538598551592,,,,9.311178769449402,,,,,8.991185826414426,,7.0415226480409405,7.11751135390567,#000000
2026-05-14 00:00:00+00:00,9.17,9.48,9.05,9.41,548097,0.0,0.0,0.0,0.0,0.0,0.0,0.0,0.0,,8.970904562683845,8.482214681769788,8.121939229350453,7.205564836126877,,6.9994372733524575,7.079433694204497,,,,9.306675458421902,,,,,8.999520832696422,,7.0493062187241655,7.122262584035716,#000000
2026-05-15 00:00:00+00:00,9.09,9.27,8.86,8.99,595849,0.0,0.0,0.0,0.0,0.0,0.0,0.0,0.0,,8.972253651201763,8.48688060272203,8.128398424501835,7.213294992491502,,7.0047158362507,7.084336702969461,,,,9.292868988778997,,,,,9.002183273668024,,7.05709012398367,7.127013964813499,#000000
2026-05-18 00:00:00+00:00,9.38,9.47,9.07,9.11,863344,0.0,0.0,0.0,0.0,0.0,0.0,0.0,0.0,,8.978516030899211,8.496150439528371,8.139876219809459,7.225773500927263,,7.013173954239732,7.092226593311286,,,,9.293958473078087,,,,,9.017306236040385,,7.0695558156282035,7.134677904048399,#000000
2026-05-19 00:00:00+00:00,8.84,9.4,8.82,9.38,408658,0.0,0.0,0.0,0.0,0.0,0.0,0.0,0.0,,8.97888051619139,8.498939358887354,8.143915800438005,7.230821811429312,,7.016658200791688,7.095460781754618,,,,9.284087960492556,,,,,9.0173681112828,,7.074658369703336,7.137810498895278,#000000
2026-05-20 00:00:00+00:00,8.86,9.03,8.7601,9.03,374676,0.0,0.0,0.0,0.0,0.0,0.0,0.0,0.0,,8.978117247485049,8.500806704727458,8.147014460877168,7.235073867897926,,7.019624949393159,7.098206666806669,,,,9.271274129989292,,,,,9.014604279745418,,7.078986278073175,7.1404656379315865,"rgba(239, 83, 80, 1.0)"
2026-05-21 00:00:00+00:00,8.97,8.99,8.5859,8.76,436181,0.0,0.0,0.0,0.0,0.0,0.0,0.0,0.0,,8.976923764473922,8.50276255349257,8.150420607152153,7.239892709648778,,7.023002703506569,7.101330707607825,,,,9.256105533209928,,,,,9.010712570898928,,7.083902131888322,7.143485078275915,"rgba(239, 83, 80, 1.0)"
2026-05-22 00:00:00+00:00,9.04,9.09,8.9,8.97,441429,0.0,0.0,0.0,0.0,0.0,0.0,0.0,0.0,,8.977229452366847,8.505632761876848,8.154623164363631,7.245226559247388,,7.0267094492306645,7.104771938896848,,,,9.247479823750565,,,,,9.010696053375469,,7.089301781173578,7.1468181549958585,"rgba(239, 83, 80, 1.0)"
2026-05-26 00:00:00+00:00,9.56,9.65,8.8521,9.07,642323,0.0,0.0,0.0,0.0,0.0,0.0,0.0,0.0,,8.982229437476866,8.512561186216642,8.163095619924194,7.254432549552424,,7.033009842620688,7.110657364202816,,,,9.25265030898592,,,,,9.021898774603006,,7.098502643980069,7.152538525016359,#000000
2026-05-27 00:00:00+00:00,9.32,9.7,9.3,9.56,439895,-1.0,9.7,9.3,1232.0,-1.0,9.7,9.3,1232.0,,8.986352006074576,8.517719315131844,8.169243134823096,7.260947288437156,9.440000000000001,7.037464109938172,7.114824036069451,,,,9.258676101100646,,,,,9.031037417225436,,7.104999367414199,7.15659135738281,#000000
2026-05-28 00:00:00+00:00,9.23,9.34,9.1299,9.21,343870,0.0,0.0,0.0,0.0,0.0,0.0,0.0,0.0,,8.988078337296786,8.520816925146809,8.173232648290002,7.2655324206523755,9.349312193068075,7.040636008648032,7.117782170301508,,,,9.258053733274108,,,,,9.034435260185326,,7.109605516699721,7.159463623025971,#000000
2026-05-29 00:00:00+00:00,8.98,9.29,8.93,9.24,553230,0.0,0.0,0.0,0.0,0.0,0.0,0.0,0.0,,8.988952376557132,8.524592113156478,8.17858959331719,7.2722436725770905,9.232357391762871,7.045333529977061,7.1221505192615435,,,,9.250788670609852,,,,,9.035283456827635,,7.116396166293209,7.163698025149245,#000000
2026-06-01 00:00:00+00:00,9.05,9.185,8.88,8.88,608867,0.0,0.0,0.0,0.0,0.0,0.0,0.0,0.0,,8.989549501900944,8.528473021597836,8.184225762104402,7.279456567138122,9.171646587819007,7.050406238571622,7.12686587915248,,,,9.242268738720707,,,,,9.035369302176516,,7.123707683588687,7.168267526088716,#000000
2026-06-02 00:00:00+00:00,8.83,9.08,8.7,9.01,445127,0.0,0.0,0.0,0.0,0.0,0.0,0.0,0.0,,8.988501908269305,8.530348809054773,8.187496766915347,7.284191448402613,9.115489474299828,7.053785806855205,7.1299962053899915,,,,9.231665535056736,,,,,9.03203500079186,,7.128550974932664,7.171294659295904,"rgba(239, 83, 80, 0.5)"
2026-06-03 00:00:00+00:00,8.3,8.67,8.22,8.67,614135,1.0,8.67,8.22,0.0,1.0,8.67,8.22,0.0,8.396666666666667,8.981432115341939,8.529343421826258,8.188864276772671,7.288741892093497,8.968588965380464,7.057218165951752,7.133126805926054,,,,9.200093206047113,,,,,9.014838538579422,8.396666666666667,7.133384942978378,7.17429467512927,"rgba(239, 83, 80, 1.0)"
2026-06-04 00:00:00+00:00,8.87,8.87,8.35,8.42,329234,0.0,0.0,0.0,0.0,0.0,0.0,0.0,0.0,8.501366100292321,8.979620100835204,8.530015329497362,8.190637842803836,7.291822471374861,8.941739399108714,7.059461526938452,7.135195702378119,,,,9.190091308601803,,,,,,8.501366100292321,7.136573075614088,7.1762901560176156,"rgba(239, 83, 80, 1.0)"
2026-06-05 00:00:00+00:00,8.76,8.98,8.675,8.98,622545,0.0,0.0,0.0,0.0,0.0,0.0,0.0,0.0,8.622078838088596,8.97754403842201,8.532087582079345,8.194668579425574,7.2980571745939695,8.92022600107542,7.063966317746256,7.139363207800911,,,,9.176148196596385,,,,,,8.622078838088596,7.142982231927813,7.180316969396077,"rgba(239, 83, 80, 1.0)"
2026-06-08 00:00:00+00:00,8.71,8.99,8.67,8.77,316775,0.0,0.0,0.0,0.0,0.0,0.0,0.0,0.0,8.65033269523892,8.976416295281936,8.53307278223005,8.196649428922111,7.301178569116046,8.910573345566357,7.0662299438063325,7.141456795138205,,,,9.169162629382164,,,,,,8.65033269523892,7.146195330388578,7.182339486842705,"rgba(239, 83, 80, 1.0)"
2026-06-09 00:00:00+00:00,8.94,9.08,8.75,8.8,307933,0.0,0.0,0.0,0.0,0.0,0.0,0.0,0.0,8.68870805415083,8.976107808763473,8.534516567258036,8.198992260776395,7.30447096268978,8.911430952489566,7.068594466709658,7.143651051528898,,,,9.164914323726418,,,,,,8.68870805415083,7.149559124601025,7.184463339370531,"rgba(239, 83, 80, 0.5)"
2026-06-10 00:00:00+00:00,9.11,9.355,9.03,9.1,409840,0.0,0.0,0.0,0.0,0.0,0.0,0.0,0.0,8.76377298149329,8.9775576050258,8.537605770699356,8.203119643526726,7.309483324707787,8.932251098461483,7.072141012077251,7.14695853709191,,,,9.164916250030675,,,,,,8.76377298149329,7.154623708019664,7.187673771983063,#000000
2026-06-11 00:00:00+00:00,9.4,9.44,9.042,9.23,381903,0.0,0.0,0.0,0.0,0.0,0.0,0.0,0.0,8.831670535631957,8.979804751138127,8.541043576977156,8.207445621782515,7.314452800351536,8.957961853930836,7.075638058160556,7.1502272301567915,,,,9.167565175581815,,,,,,8.831670535631957,7.159621564928294,7.19085056946988,#000000
2026-06-12 00:00:00+00:00,9.59,9.89,9.43,9.5,497643,0.0,0.0,0.0,0.0,0.0,0.0,0.0,0.0,8.946785411700205,8.985827230751203,8.547494096862463,8.214793011023906,7.322005601487244,9.015490873128819,7.080879784326256,7.155150070191873,,,,9.17978230848902,,,,,,8.946785411700205,7.167139098002431,7.1956479022147946,"rgba(38, 166, 154, 1.0)"
2026-06-15 00:00:00+00:00,9.65,9.85,9.57,9.77,605623,0.0,0.0,0.0,0.0,0.0,0.0,0.0,0.0,9.056953914095521,8.993597676420604,8.555621949433592,8.22396497735151,7.331341483736049,,7.08736251591249,7.1612430450964375,,,,9.195456720218953,,,,,,9.056953914095521,7.176422734635046,7.201587852590319,"rgba(38, 166, 154, 1.0)"
2026-06-16 00:00:00+00:00,9.74,9.88,9.65,9.7,361028,0.0,0.0,0.0,0.0,0.0,0.0,0.0,0.0,9.113764183476478,8.998584471513933,8.560693925218564,8.22962474984552,7.337028227959635,,7.091310339641894,7.164956704411721,,,,9.205549668973207,,,,,,9.113764183476478,7.182070445826135,7.205209880575635,"rgba(38, 166, 154, 1.0)"
2026-06-17 00:00:00+00:00,9.66,9.9,9.57,9.71,641698,0.0,0.0,0.0,0.0,0.0,0.0,0.0,0.0,9.188956103184845,9.006753215288894,8.569256332092587,8.239277738693009,7.346876723602389,,7.098176174777497,7.171412885130239,,,,9.22117523328064,9.709999999999999,,,,,9.188956103184845,7.191867153579616,7.211505170787249,"rgba(38, 166, 154, 1.0)"
