date,Close,High,Low,Open,Volume,OB_c0,OB_High_c0,OB_Low_c0,OB_Mitigated_Index_c0,OB,OB_High,OB_Low,OB_Mitigated_Index,aVWAP_OB_bull_c0_1227,aVWAP_OB_bull_c0_1051,aVWAP_OB_bull_c0_555,aVWAP_OB_bull_c0_248,aVWAP_OB_bear_c0_1222,aVWAP_OB_bear_c0_1177,aVWAP_OB_bear_c0_1150,aVWAP_OB_bear_c0_1124,aVWAP_OB_bear_c0_708,aVWAP_QQEMOD_bull_dot_c0_965,aVWAP_QQEMOD_bull_dot_c0_1006,aVWAP_QQEMOD_bull_dot_c0_1058,aVWAP_QQEMOD_bull_dot_c0_1123,aVWAP_QQEMOD_bull_dot_c0_1253,aVWAP_QQEMOD_bear_dot_c0_956,aVWAP_QQEMOD_bear_dot_c0_995,aVWAP_QQEMOD_bear_dot_c0_1051,aVWAP_QQEMOD_bear_dot_c0_1082,aVWAP_QQEMOD_bear_dot_c0_1227,aVWAP_price_maxima_minima_valley_c0_1,aVWAP_price_maxima_minima_peak_c0_1,color
2021-06-21 00:00:00+00:00,5.425,5.55,5.05,5.35,8973,0.0,0.0,0.0,0.0,0.0,0.0,0.0,0.0,,,,,,,,,,,,,,,,,,,,,,#000000
2021-06-22 00:00:00+00:00,5.325,5.675,5.2,5.55,12937,0.0,0.0,0.0,0.0,0.0,0.0,0.0,0.0,,,,,,,,,,,,,,,,,,,,,,"rgba(239, 83, 80, 0.5)"
2021-06-23 00:00:00+00:00,5.35,5.55,5.25,5.25,13981,0.0,0.0,0.0,0.0,0.0,0.0,0.0,0.0,,,,,,,,,,,,,,,,,,,,,,"rgba(239, 83, 80, 0.5)"
2021-06-24 00:00:00+00:00,5.35,5.45,5.15,5.45,12569,0.0,0.0,0.0,0.0,0.0,0.0,0.0,0.0,,,,,,,,,,,,,,,,,,,,,,"rgba(239, 83, 80, 0.5)"
2021-06-25 00:00:00+00:00,5.2,5.375,5.1,5.35,21089,0.0,0.0,0.0,0.0,0.0,0.0,0.0,0.0,,,,,,,,,,,,,,,,,,,,,,"rgba(239, 83, 80, 0.5)"
2021-06-28 00:00:00+00:00,5.2,5.3,5.05,5.15,10374,0.0,0.0,0.0,0.0,0.0,0.0,0.0,0.0,,,,,,,,,,,,,,,,,,,,,,"rgba(239, 83, 80, 0.5)"
2021-06-29 00:00:00+00:00,5.1,5.225,5.1,5.225,5384,0.0,0.0,0.0,0.0,0.0,0.0,0.0,0.0,,,,,,,,,,,,,,,,,,,,,,"rgba(239, 83, 80, 0.5)"
2021-06-30 00:00:00+00:00,5.1,5.15,5.0,5.1,15929,0.0,0.0,0.0,0.0,0.0,0.0,0.0,0.0,,,,,,,,,,,,,,,,,,,,,,"rgba(239, 83, 80, 0.5)"
2021-07-01 00:00:00+00:00,5.15,5.15,5.05,5.1,11619,0.0,0.0,0.0,0.0,0.0,0.0,0.0,0.0,,,,,,,,,,,,,,,,,,,,,,"rgba(239, 83, 80, 0.5)"
2021-07-02 00:00:00+00:00,5.3,5.3,5.15,5.25,6944,0.0,0.0,0.0,0.0,0.0,0.0,0.0,0.0,,,,,,,,,,,,,,,,,,,,,,"rgba(239, 83, 80, 0.5)"
2021-07-06 00:00:00+00:00,5.2,5.3,5.0,5.25,13315,0.0,0.0,0.0,0.0,0.0,0.0,0.0,0.0,,,,,,,,,,,,,,,,,,,,,,"rgba(239, 83, 80, 0.5)"
2021-07-07 00:00:00+00:00,5.0,5.25,4.9,5.25,9965,0.0,0.0,0.0,0.0,0.0,0.0,0.0,0.0,,,,,,,,,,,,,,,,,,,,,,"rgba(239, 83, 80, 0.5)"
2021-07-08 00:00:00+00:00,5.05,5.1,4.95,4.95,3119,0.0,0.0,0.0,0.0,0.0,0.0,0.0,0.0,,,,,,,,,,,,,,,,,,,,,,"rgba(239, 83, 80, 0.5)"
2021-07-09 00:00:00+00:00,5.1,5.1,4.7,4.7005,31595,0.0,0.0,0.0,0.0,0.0,0.0,0.0,0.0,,,,,,,,,,,,,,,,,,,,,,"rgba(239, 83, 80, 0.5)"
2021-07-12 00:00:00+00:00,5.1,5.125,5.0,5.1,6002,0.0,0.0,0.0,0.0,0.0,0.0,0.0,0.0,,,,,,,,,,,,,,,,,,,,,,"rgba(239, 83, 80, 0.5)"
2021-07-13 00:00:00+00:00,4.9,5.1,4.85,4.95,4880,0.0,0.0,0.0,0.0,0.0,0.0,0.0,0.0,,,,,,,,,,,,,,,,,,,,,,"rgba(239, 83, 80, 0.5)"
2021-07-14 00:00:00+00:00,4.8,5.1,4.8,5.0,3598,0.0,0.0,0.0,0.0,0.0,0.0,0.0,0.0,,,,,,,,,,,,,,,,,,,,,,"rgba(239, 83, 80, 0.5)"
2021-07-15 00:00:00+00:00,4.85,5.1,4.76,5.1,9327,0.0,0.0,0.0,0.0,0.0,0.0,0.0,0.0,,,,,,,,,,,,,,,,,,,,,,"rgba(239, 83, 80, 0.5)"
2021-07-16 00:00:00+00:00,4.875,5.0,4.55,4.95,21649,0.0,0.0,0.0,0.0,0.0,0.0,0.0,0.0,,,,,,,,,,,,,,,,,,,,,,"rgba(239, 83, 80, 0.5)"
2021-07-19 00:00:00+00:00,4.77475,4.8,4.5,4.8,13114,0.0,0.0,0.0,0.0,0.0,0.0,0.0,0.0,,,,,,,,,,,,,,,,,,,,,,"rgba(239, 83, 80, 0.5)"
2021-07-20 00:00:00+00:00,4.8,4.8,4.5525,4.8,9318,0.0,0.0,0.0,0.0,0.0,0.0,0.0,0.0,,,,,,,,,,,,,,,,,,,,,,"rgba(239, 83, 80, 0.5)"
2021-07-21 00:00:00+00:00,4.75,4.85,4.55,4.8,24653,0.0,0.0,0.0,0.0,0.0,0.0,0.0,0.0,,,,,,,,,,,,,,,,,,,,,,"rgba(239, 83, 80, 0.5)"
2021-07-22 00:00:00+00:00,4.8,4.8,4.6,4.735,6373,0.0,0.0,0.0,0.0,0.0,0.0,0.0,0.0,,,,,,,,,,,,,,,,,,,,,,"rgba(239, 83, 80, 0.5)"
2021-07-23 00:00:00+00:00,4.97375,4.9975,4.55,4.8,25679,0.0,0.0,0.0,0.0,0.0,0.0,0.0,0.0,,,,,,,,,,,,,,,,,,,,,,"rgba(239, 83, 80, 0.5)"
2021-07-26 00:00:00+00:00,4.85,4.9975,4.61,4.9975,8234,0.0,0.0,0.0,0.0,0.0,0.0,0.0,0.0,,,,,,,,,,,,,,,,,,,,,,"rgba(239, 83, 80, 0.5)"
2021-07-27 00:00:00+00:00,4.65,4.75,4.5,4.7315,11817,0.0,0.0,0.0,0.0,0.0,0.0,0.0,0.0,,,,,,,,,,,,,,,,,,,,,,"rgba(239, 83, 80, 0.5)"
2021-07-28 00:00:00+00:00,4.6005,4.65125,4.6005,4.65125,5235,0.0,0.0,0.0,0.0,0.0,0.0,0.0,0.0,,,,,,,,,,,,,,,,,,,,,,"rgba(239, 83, 80, 0.5)"
2021-07-29 00:00:00+00:00,4.9,5.0,4.6,4.6,34493,0.0,0.0,0.0,0.0,0.0,0.0,0.0,0.0,,,,,,,,,,,,,,,,,,,,,,"rgba(239, 83, 80, 0.5)"
2021-07-30 00:00:00+00:00,4.9,5.0,4.7555,4.839,15297,0.0,0.0,0.0,0.0,0.0,0.0,0.0,0.0,,,,,,,,,,,,,,,,,,,,,,"rgba(239, 83, 80, 0.5)"
2021-08-02 00:00:00+00:00,4.7525,5.0,4.7525,4.9,5246,0.0,0.0,0.0,0.0,0.0,0.0,0.0,0.0,,,,,,,,,,,,,,,,,,,,,,"rgba(239, 83, 80, 0.5)"
2021-08-03 00:00:00+00:00,4.55,4.85,4.46,4.78175,12106,0.0,0.0,0.0,0.0,0.0,0.0,0.0,0.0,,,,,,,,,,,,,,,,,,,,,,"rgba(239, 83, 80, 0.5)"
2021-08-04 00:00:00+00:00,4.41,4.505,4.41,4.505,5341,0.0,0.0,0.0,0.0,0.0,0.0,0.0,0.0,,,,,,,,,,,,,,,,,,,,,,"rgba(239, 83, 80, 0.5)"
2021-08-05 00:00:00+00:00,4.3,4.525,4.15,4.461,18878,0.0,0.0,0.0,0.0,0.0,0.0,0.0,0.0,,,,,,,,,,,,,,,,,,,,,,"rgba(239, 83, 80, 0.5)"
2021-08-06 00:00:00+00:00,4.26,4.344,4.105,4.175,19703,0.0,0.0,0.0,0.0,0.0,0.0,0.0,0.0,,,,,,,,,,,,,,,,,,,,,,"rgba(239, 83, 80, 0.5)"
2021-08-09 00:00:00+00:00,4.35,4.55,4.28,4.28,10232,0.0,0.0,0.0,0.0,0.0,0.0,0.0,0.0,,,,,,,,,,,,,,,,,,,,,,"rgba(239, 83, 80, 0.5)"
2021-08-10 00:00:00+00:00,4.7985,4.8495,4.305,4.305,12776,0.0,0.0,0.0,0.0,0.0,0.0,0.0,0.0,,,,,,,,,,,,,,,,,,,,,,"rgba(239, 83, 80, 0.5)"
2021-08-11 00:00:00+00:00,4.675,4.8,4.5,4.6,11987,0.0,0.0,0.0,0.0,0.0,0.0,0.0,0.0,,,,,,,,,,,,,,,,,,,,,,"rgba(239, 83, 80, 0.5)"
2021-08-12 00:00:00+00:00,4.45,4.55,4.45,4.55,26708,0.0,0.0,0.0,0.0,0.0,0.0,0.0,0.0,,,,,,,,,,,,,,,,,,,,,,"rgba(239, 83, 80, 0.5)"
2021-08-13 00:00:00+00:00,4.4,4.5,4.35,4.45,14160,0.0,0.0,0.0,0.0,0.0,0.0,0.0,0.0,,,,,,,,,,,,,,,,,,,,,,"rgba(239, 83, 80, 0.5)"
2021-08-16 00:00:00+00:00,4.6,4.8,4.395,4.4,27607,0.0,0.0,0.0,0.0,0.0,0.0,0.0,0.0,,,,,,,,,,,,,,,,,,,,,,"rgba(239, 83, 80, 0.5)"
2021-08-17 00:00:00+00:00,4.0125,4.4775,3.75,4.4775,67163,0.0,0.0,0.0,0.0,0.0,0.0,0.0,0.0,,,,,,,,,,,,,,,,,,,,,,"rgba(239, 83, 80, 0.5)"
2021-08-18 00:00:00+00:00,4.05,4.244,3.8045,3.9,26642,0.0,0.0,0.0,0.0,0.0,0.0,0.0,0.0,,,,,,,,,,,,,,,,,,,,,,"rgba(239, 83, 80, 0.5)"
2021-08-19 00:00:00+00:00,3.9,4.1125,3.8,4.05,38076,0.0,0.0,0.0,0.0,0.0,0.0,0.0,0.0,,,,,,,,,,,,,,,,,,,,,,"rgba(239, 83, 80, 0.5)"
2021-08-20 00:00:00+00:00,3.75,3.9745,3.7255,3.85,17823,0.0,0.0,0.0,0.0,0.0,0.0,0.0,0.0,,,,,,,,,,,,,,,,,,,,,,"rgba(239, 83, 80, 0.5)"
2021-08-23 00:00:00+00:00,4.05,4.05,3.7495,3.7495,29507,0.0,0.0,0.0,0.0,0.0,0.0,0.0,0.0,,,,,,,,,,,,,,,,,,,,,,"rgba(239, 83, 80, 0.5)"
2021-08-24 00:00:00+00:00,4.05,4.085,3.95,4.0495,17877,0.0,0.0,0.0,0.0,0.0,0.0,0.0,0.0,,,,,,,,,,,,,,,,,,,,,,"rgba(239, 83, 80, 0.5)"
2021-08-25 00:00:00+00:00,4.15,4.161,4.075,4.0845,20932,0.0,0.0,0.0,0.0,0.0,0.0,0.0,0.0,,,,,,,,,,,,,,,,,,,,,,"rgba(239, 83, 80, 0.5)"
2021-08-26 00:00:00+00:00,4.0055,4.25,3.961,4.25,7694,0.0,0.0,0.0,0.0,0.0,0.0,0.0,0.0,,,,,,,,,,,,,,,,,,,,,,"rgba(239, 83, 80, 0.5)"
2021-08-27 00:00:00+00:00,4.0,4.05,3.955,4.005,4433,0.0,0.0,0.0,0.0,0.0,0.0,0.0,0.0,,,,,,,,,,,,,,,,,,,,,,"rgba(239, 83, 80, 0.5)"
2021-08-30 00:00:00+00:00,3.775,4.0,3.7625,4.0,26258,0.0,0.0,0.0,0.0,0.0,0.0,0.0,0.0,,,,,,,,,,,,,,,,,,,,,,"rgba(239, 83, 80, 0.5)"
2021-08-31 00:00:00+00:00,3.775,3.92475,3.775,3.8,17480,0.0,0.0,0.0,0.0,0.0,0.0,0.0,0.0,,,,,,,,,,,,,,,,,,,,,,"rgba(239, 83, 80, 0.5)"
2021-09-01 00:00:00+00:00,3.775,3.948,3.75,3.775,22743,0.0,0.0,0.0,0.0,0.0,0.0,0.0,0.0,,,,,,,,,,,,,,,,,,,,,,"rgba(239, 83, 80, 0.5)"
2021-09-02 00:00:00+00:00,3.8,3.9975,3.775,3.775,18028,0.0,0.0,0.0,0.0,0.0,0.0,0.0,0.0,,,,,,,,,,,,,,,,,,,,,,"rgba(239, 83, 80, 0.5)"
2021-09-03 00:00:00+00:00,3.75,3.97,3.7,3.75,10590,0.0,0.0,0.0,0.0,0.0,0.0,0.0,0.0,,,,,,,,,,,,,,,,,,,,,,"rgba(239, 83, 80, 0.5)"
2021-09-07 00:00:00+00:00,3.655,3.75,3.5,3.75,27362,0.0,0.0,0.0,0.0,0.0,0.0,0.0,0.0,,,,,,,,,,,,,,,,,,,,,,"rgba(239, 83, 80, 0.5)"
2021-09-08 00:00:00+00:00,3.576,3.675,3.576,3.665,1872,0.0,0.0,0.0,0.0,0.0,0.0,0.0,0.0,,,,,,,,,,,,,,,,,,,,,,"rgba(239, 83, 80, 0.5)"
2021-09-09 00:00:00+00:00,3.47525,3.65,3.35,3.55,23026,0.0,0.0,0.0,0.0,0.0,0.0,0.0,0.0,,,,,,,,,,,,,,,,,,,,,,"rgba(239, 83, 80, 0.5)"
2021-09-10 00:00:00+00:00,3.6425,3.6425,3.45,3.5,3507,0.0,0.0,0.0,0.0,0.0,0.0,0.0,0.0,,,,,,,,,,,,,,,,,,,,,,"rgba(239, 83, 80, 0.5)"
2021-09-13 00:00:00+00:00,3.4455,3.6495,3.4,3.6475,42132,0.0,0.0,0.0,0.0,0.0,0.0,0.0,0.0,,,,,,,,,,,,,,,,,,,,,,"rgba(239, 83, 80, 0.5)"
2021-09-14 00:00:00+00:00,3.1,3.45,3.0,3.44375,66523,0.0,0.0,0.0,0.0,0.0,0.0,0.0,0.0,,,,,,,,,,,,,,,,,,,,,,"rgba(239, 83, 80, 0.5)"
2021-09-15 00:00:00+00:00,3.175,3.472,3.125,3.15,37289,0.0,0.0,0.0,0.0,0.0,0.0,0.0,0.0,,,,,,,,,,,,,,,,,,,,,,"rgba(239, 83, 80, 1.0)"
2021-09-16 00:00:00+00:00,3.03,3.2,3.01,3.2,26743,0.0,0.0,0.0,0.0,0.0,0.0,0.0,0.0,,,,,,,,,,,,,,,,,,,,,,"rgba(239, 83, 80, 1.0)"
2021-09-17 00:00:00+00:00,3.15,3.247,3.025,3.05,26205,0.0,0.0,0.0,0.0,0.0,0.0,0.0,0.0,,,,,,,,,,,,,,,,,,,,,,"rgba(239, 83, 80, 1.0)"
2021-09-20 00:00:00+00:00,3.197,3.245,2.95,3.125,26769,0.0,0.0,0.0,0.0,0.0,0.0,0.0,0.0,,,,,,,,,,,,,,,,,,,,,,"rgba(239, 83, 80, 0.75)"
2021-09-21 00:00:00+00:00,3.4495,3.85,3.1,3.3425,45781,0.0,0.0,0.0,0.0,0.0,0.0,0.0,0.0,,,,,,,,,,,,,,,,,,,,,,"rgba(239, 83, 80, 0.5)"
2021-09-22 00:00:00+00:00,3.21725,3.41225,3.2,3.375,10687,0.0,0.0,0.0,0.0,0.0,0.0,0.0,0.0,,,,,,,,,,,,,,,,,,,,,,"rgba(239, 83, 80, 0.5)"
2021-09-23 00:00:00+00:00,3.275,3.3285,3.15,3.3285,10160,0.0,0.0,0.0,0.0,0.0,0.0,0.0,0.0,,,,,,,,,,,,,,,,,,,,,,"rgba(239, 83, 80, 0.5)"
2021-09-24 00:00:00+00:00,3.1875,3.45,3.1875,3.31725,32709,0.0,0.0,0.0,0.0,0.0,0.0,0.0,0.0,,,,,,,,,,,,,,,,,,,,,,"rgba(239, 83, 80, 0.5)"
2021-09-27 00:00:00+00:00,3.1325,3.1875,3.0625,3.1875,17265,0.0,0.0,0.0,0.0,0.0,0.0,0.0,0.0,,,,,,,,,,,,,,,,,,,,,,"rgba(239, 83, 80, 0.5)"
2021-09-28 00:00:00+00:00,3.41375,3.41375,3.0,3.1,28736,0.0,0.0,0.0,0.0,0.0,0.0,0.0,0.0,,,,,,,,,,,,,,,,,,,,,,"rgba(239, 83, 80, 0.5)"
2021-09-29 00:00:00+00:00,3.4275,3.4275,3.09,3.4275,11148,0.0,0.0,0.0,0.0,0.0,0.0,0.0,0.0,,,,,,,,,,,,,,,,,,,,,,"rgba(239, 83, 80, 0.5)"
2021-09-30 00:00:00+00:00,3.25,3.422,3.09,3.3,20904,0.0,0.0,0.0,0.0,0.0,0.0,0.0,0.0,,,,,,,,,,,,,,,,,,,,,,"rgba(239, 83, 80, 0.5)"
2021-10-01 00:00:00+00:00,3.45,3.4725,3.15,3.2495,17666,0.0,0.0,0.0,0.0,0.0,0.0,0.0,0.0,,,,,,,,,,,,,,,,,,,,,,#000000
2021-10-04 00:00:00+00:00,3.4,3.4025,3.15,3.4025,25141,0.0,0.0,0.0,0.0,0.0,0.0,0.0,0.0,,,,,,,,,,,,,,,,,,,,,,#000000
2021-10-05 00:00:00+00:00,3.4,3.4,3.2,3.2525,25696,0.0,0.0,0.0,0.0,0.0,0.0,0.0,0.0,,,,,,,,,,,,,,,,,,,,,,#000000
2021-10-06 00:00:00+00:00,4.25,4.5,3.055,3.25,39020,0.0,0.0,0.0,0.0,0.0,0.0,0.0,0.0,,,,,,,,,,,,,,,,,,,,,,"rgba(38, 166, 154, 1.0)"
2021-10-07 00:00:00+00:00,4.25,4.95,4.12,4.12,35144,0.0,0.0,0.0,0.0,0.0,0.0,0.0,0.0,,,,,,,,,,,,,,,,,,,,,,"rgba(38, 166, 154, 1.0)"
2021-10-08 00:00:00+00:00,4.2425,4.5925,4.0525,4.245,31722,0.0,0.0,0.0,0.0,0.0,0.0,0.0,0.0,,,,,,,,,,,,,,,,,,,,,,"rgba(38, 166, 154, 1.0)"
2021-10-11 00:00:00+00:00,4.52,4.5475,4.075,4.2425,7397,0.0,0.0,0.0,0.0,0.0,0.0,0.0,0.0,,,,,,,,,,,,,,,,,,,,,,"rgba(38, 166, 154, 1.0)"
2021-10-12 00:00:00+00:00,4.3,4.525,4.25,4.525,2792,0.0,0.0,0.0,0.0,0.0,0.0,0.0,0.0,,,,,,,,,,,,,,,,,,,,,,"rgba(38, 166, 154, 1.0)"
2021-10-13 00:00:00+00:00,4.25,4.3475,4.15,4.15,4819,0.0,0.0,0.0,0.0,0.0,0.0,0.0,0.0,,,,,,,,,,,,,,,,,,,,,,"rgba(38, 166, 154, 1.0)"
2021-10-14 00:00:00+00:00,4.3,4.5,4.11,4.2,13702,0.0,0.0,0.0,0.0,0.0,0.0,0.0,0.0,,,,,,,,,,,,,,,,,,,,,,"rgba(38, 166, 154, 1.0)"
2021-10-15 00:00:00+00:00,4.275,4.4,4.105,4.225,8635,0.0,0.0,0.0,0.0,0.0,0.0,0.0,0.0,,,,,,,,,,,,,,,,,,,,,,"rgba(38, 166, 154, 1.0)"
2021-10-18 00:00:00+00:00,4.19875,4.25,3.95,4.25,14393,0.0,0.0,0.0,0.0,0.0,0.0,0.0,0.0,,,,,,,,,,,,,,,,,,,,,,"rgba(38, 166, 154, 0.75)"
2021-10-19 00:00:00+00:00,4.5875,4.95,4.247,4.247,100965,0.0,0.0,0.0,0.0,0.0,0.0,0.0,0.0,,,,,,,,,,,,,,,,,,,,,,"rgba(38, 166, 154, 0.75)"
2021-10-20 00:00:00+00:00,4.255,4.9,4.25,4.625,12463,0.0,0.0,0.0,0.0,0.0,0.0,0.0,0.0,,,,,,,,,,,,,,,,,,,,,,"rgba(38, 166, 154, 0.75)"
2021-10-21 00:00:00+00:00,4.4,4.505,4.275,4.3505,15123,0.0,0.0,0.0,0.0,0.0,0.0,0.0,0.0,,,,,,,,,,,,,,,,,,,,,,"rgba(38, 166, 154, 0.75)"
2021-10-22 00:00:00+00:00,4.355,4.4,4.285,4.3,9603,0.0,0.0,0.0,0.0,0.0,0.0,0.0,0.0,,,,,,,,,,,,,,,,,,,,,,"rgba(38, 166, 154, 0.75)"
2021-10-25 00:00:00+00:00,4.5,4.9,4.3,4.35,36435,0.0,0.0,0.0,0.0,0.0,0.0,0.0,0.0,,,,,,,,,,,,,,,,,,,,,,"rgba(38, 166, 154, 0.75)"
2021-10-26 00:00:00+00:00,4.35,4.5,4.35,4.4875,23585,0.0,0.0,0.0,0.0,0.0,0.0,0.0,0.0,,,,,,,,,,,,,,,,,,,,,,"rgba(38, 166, 154, 0.75)"
2021-10-27 00:00:00+00:00,4.35,4.4375,4.35,4.4375,18944,0.0,0.0,0.0,0.0,0.0,0.0,0.0,0.0,,,,,,,,,,,,,,,,,,,,,,"rgba(38, 166, 154, 0.75)"
2021-10-28 00:00:00+00:00,4.45,4.5,4.2655,4.37875,10513,0.0,0.0,0.0,0.0,0.0,0.0,0.0,0.0,,,,,,,,,,,,,,,,,,,,,,"rgba(38, 166, 154, 0.75)"
2021-10-29 00:00:00+00:00,4.35,4.475,4.125,4.45,12041,0.0,0.0,0.0,0.0,0.0,0.0,0.0,0.0,,,,,,,,,,,,,,,,,,,,,,"rgba(38, 166, 154, 0.75)"
2021-11-01 00:00:00+00:00,4.4,4.45,4.25,4.45,6480,0.0,0.0,0.0,0.0,0.0,0.0,0.0,0.0,,,,,,,,,,,,,,,,,,,,,,"rgba(38, 166, 154, 0.75)"
2021-11-02 00:00:00+00:00,4.375,4.4975,4.255,4.255,6480,0.0,0.0,0.0,0.0,0.0,0.0,0.0,0.0,,,,,,,,,,,,,,,,,,,,,,"rgba(38, 166, 154, 0.75)"
2021-11-03 00:00:00+00:00,4.4,4.4735,4.3025,4.3025,4916,0.0,0.0,0.0,0.0,0.0,0.0,0.0,0.0,,,,,,,,,,,,,,,,,,,,,,"rgba(38, 166, 154, 0.75)"
2021-11-04 00:00:00+00:00,4.325,4.4,4.25,4.3025,4193,0.0,0.0,0.0,0.0,0.0,0.0,0.0,0.0,,,,,,,,,,,,,,,,,,,,,,"rgba(38, 166, 154, 0.75)"
2021-11-05 00:00:00+00:00,4.34,4.35,4.2,4.25,17195,0.0,0.0,0.0,0.0,0.0,0.0,0.0,0.0,,,,,,,,,,,,,,,,,,,,,,"rgba(38, 166, 154, 0.75)"
2021-11-08 00:00:00+00:00,4.25,4.49,4.2,4.2,13289,0.0,0.0,0.0,0.0,0.0,0.0,0.0,0.0,,,,,,,,,,,,,,,,,,,,,,#000000
2021-11-09 00:00:00+00:00,4.2,4.35,4.2,4.25,8966,0.0,0.0,0.0,0.0,0.0,0.0,0.0,0.0,,,,,,,,,,,,,,,,,,,,,,#000000
2021-11-10 00:00:00+00:00,4.175,4.2995,4.155,4.2995,14193,0.0,0.0,0.0,0.0,0.0,0.0,0.0,0.0,,,,,,,,,,,,,,,,,,,,,,"rgba(239, 83, 80, 0.5)"
2021-11-11 00:00:00+00:00,4.225,4.2475,3.95,4.174975,16356,0.0,0.0,0.0,0.0,0.0,0.0,0.0,0.0,,,,,,,,,,,,,,,,,,,,,,"rgba(239, 83, 80, 0.5)"
2021-11-12 00:00:00+00:00,4.2,4.3,3.95,4.25,34028,0.0,0.0,0.0,0.0,0.0,0.0,0.0,0.0,,,,,,,,,,,,,,,,,,,,,,"rgba(239, 83, 80, 0.5)"
2021-11-15 00:00:00+00:00,4.425,4.5,4.25,4.2625,43269,0.0,0.0,0.0,0.0,0.0,0.0,0.0,0.0,,,,,,,,,,,,,,,,,,,,,,#000000
2021-11-16 00:00:00+00:00,4.3255,4.45,4.285,4.4495,37711,0.0,0.0,0.0,0.0,0.0,0.0,0.0,0.0,,,,,,,,,,,,,,,,,,,,,,#000000
2021-11-17 00:00:00+00:00,4.3,4.35,4.2555,4.35,10387,0.0,0.0,0.0,0.0,0.0,0.0,0.0,0.0,,,,,,,,,,,,,,,,,,,,,,#000000
2021-11-18 00:00:00+00:00,3.9615,4.3,3.9615,4.2995,24669,0.0,0.0,0.0,0.0,0.0,0.0,0.0,0.0,,,,,,,,,,,,,,,,,,,,,,"rgba(239, 83, 80, 0.5)"
2021-11-19 00:00:00+00:00,3.9,3.995,3.85,3.9875,17068,0.0,0.0,0.0,0.0,0.0,0.0,0.0,0.0,,,,,,,,,,,,,,,,,,,,,,"rgba(239, 83, 80, 1.0)"
2021-11-22 00:00:00+00:00,3.85,3.9575,3.6505,3.92,22279,0.0,0.0,0.0,0.0,0.0,0.0,0.0,0.0,,,,,,,,,,,,,,,,,,,,,,"rgba(239, 83, 80, 1.0)"
2021-11-23 00:00:00+00:00,3.69,3.85,3.6575,3.85,16420,0.0,0.0,0.0,0.0,0.0,0.0,0.0,0.0,,,,,,,,,,,,,,,,,,,,,,"rgba(239, 83, 80, 1.0)"
2021-11-24 00:00:00+00:00,3.847625,3.85,3.6995,3.6995,11765,0.0,0.0,0.0,0.0,0.0,0.0,0.0,0.0,,,,,,,,,,,,,,,,,,,,,,"rgba(239, 83, 80, 1.0)"
2021-11-26 00:00:00+00:00,3.85,3.85,3.69,3.75,7930,0.0,0.0,0.0,0.0,0.0,0.0,0.0,0.0,,,,,,,,,,,,,,,,,,,,,,"rgba(239, 83, 80, 1.0)"
2021-11-29 00:00:00+00:00,3.575,3.75,3.36,3.75,22531,0.0,0.0,0.0,0.0,0.0,0.0,0.0,0.0,,,,,,,,,,,,,,,,,,,,,,"rgba(239, 83, 80, 1.0)"
2021-11-30 00:00:00+00:00,3.61225,3.7,3.55,3.55,4165,0.0,0.0,0.0,0.0,0.0,0.0,0.0,0.0,,,,,,,,,,,,,,,,,,,,,,"rgba(239, 83, 80, 1.0)"
2021-12-01 00:00:00+00:00,3.425,3.65,3.4,3.53,6133,0.0,0.0,0.0,0.0,0.0,0.0,0.0,0.0,,,,,,,,,,,,,,,,,,,,,,"rgba(239, 83, 80, 1.0)"
2021-12-02 00:00:00+00:00,3.549,3.549,3.05,3.4,51710,0.0,0.0,0.0,0.0,0.0,0.0,0.0,0.0,,,,,,,,,,,,,,,,,,,,,,"rgba(239, 83, 80, 1.0)"
2021-12-03 00:00:00+00:00,3.261,3.671125,3.05,3.375,28652,0.0,0.0,0.0,0.0,0.0,0.0,0.0,0.0,,,,,,,,,,,,,,,,,,,,,,"rgba(239, 83, 80, 1.0)"
2021-12-06 00:00:00+00:00,2.95,3.225,2.7525,3.225,17156,0.0,0.0,0.0,0.0,0.0,0.0,0.0,0.0,,,,,,,,,,,,,,,,,,,,,,"rgba(239, 83, 80, 1.0)"
2021-12-07 00:00:00+00:00,3.1,3.225,2.905,2.9245,27088,0.0,0.0,0.0,0.0,0.0,0.0,0.0,0.0,,,,,,,,,,,,,,,,,,,,,,"rgba(239, 83, 80, 1.0)"
2021-12-08 00:00:00+00:00,3.06,3.25,2.9905,3.25,23935,0.0,0.0,0.0,0.0,0.0,0.0,0.0,0.0,,,,,,,,,,,,,,,,,,,,,,"rgba(239, 83, 80, 1.0)"
2021-12-09 00:00:00+00:00,3.1,3.1,3.0,3.1,9770,0.0,0.0,0.0,0.0,0.0,0.0,0.0,0.0,,,,,,,,,,,,,,,,,,,,,,"rgba(239, 83, 80, 1.0)"
2021-12-10 00:00:00+00:00,3.3,3.3,3.025,3.025,8810,0.0,0.0,0.0,0.0,0.0,0.0,0.0,0.0,,,,,,,,,,,,,,,,,,,,,,"rgba(239, 83, 80, 0.75)"
2021-12-13 00:00:00+00:00,3.15,3.3,3.0905,3.3,7118,0.0,0.0,0.0,0.0,0.0,0.0,0.0,0.0,,,,,,,,,,,,,,,,,,,,,,"rgba(239, 83, 80, 0.75)"
2021-12-14 00:00:00+00:00,3.149,3.299,3.0175,3.125,14793,0.0,0.0,0.0,0.0,0.0,0.0,0.0,0.0,,,,,,,,,,,,,,,,,,,,,,"rgba(239, 83, 80, 0.75)"
2021-12-15 00:00:00+00:00,3.15,3.15,3.0,3.05,21363,0.0,0.0,0.0,0.0,0.0,0.0,0.0,0.0,,,,,,,,,,,,,,,,,,,,,,"rgba(239, 83, 80, 0.75)"
2021-12-16 00:00:00+00:00,3.1,3.1,2.9755,3.055,16049,0.0,0.0,0.0,0.0,0.0,0.0,0.0,0.0,,,,,,,,,,,,,,,,,,,,,,"rgba(239, 83, 80, 0.75)"
2021-12-17 00:00:00+00:00,3.0475,3.0475,2.81,3.0,50398,0.0,0.0,0.0,0.0,0.0,0.0,0.0,0.0,,,,,,,,,,,,,,,,,,,,,,"rgba(239, 83, 80, 0.75)"
2021-12-20 00:00:00+00:00,2.7955,3.0475,2.4,3.0475,54407,0.0,0.0,0.0,0.0,0.0,0.0,0.0,0.0,,,,,,,,,,,,,,,,,,,,,,"rgba(239, 83, 80, 1.0)"
2021-12-21 00:00:00+00:00,2.725,2.95,2.725,2.7955,21740,0.0,0.0,0.0,0.0,0.0,0.0,0.0,0.0,,,,,,,,,,,,,,,,,,,,,,"rgba(239, 83, 80, 1.0)"
2021-12-22 00:00:00+00:00,2.9,2.986,2.725,2.725,10429,0.0,0.0,0.0,0.0,0.0,0.0,0.0,0.0,,,,,,,,,,,,,,,,,,,,,,"rgba(239, 83, 80, 1.0)"
2021-12-23 00:00:00+00:00,2.9,3.0,2.9,2.9125,12350,0.0,0.0,0.0,0.0,0.0,0.0,0.0,0.0,,,,,,,,,,,,,,,,,,,,,,"rgba(239, 83, 80, 0.75)"
2021-12-27 00:00:00+00:00,2.645,2.9625,2.5,2.9,36700,0.0,0.0,0.0,0.0,0.0,0.0,0.0,0.0,,,,,,,,,,,,,,,,,,,,,,"rgba(239, 83, 80, 0.75)"
2021-12-28 00:00:00+00:00,2.85,2.905,2.625,2.625,22507,0.0,0.0,0.0,0.0,0.0,0.0,0.0,0.0,,,,,,,,,,,,,,,,,,,,,,"rgba(239, 83, 80, 0.75)"
2021-12-29 00:00:00+00:00,3.025,3.025,2.8,2.94,23151,0.0,0.0,0.0,0.0,0.0,0.0,0.0,0.0,,,,,,,,,,,,,,,,,,,,,,"rgba(239, 83, 80, 0.75)"
2021-12-30 00:00:00+00:00,2.925,3.0275,2.85,2.95,22560,0.0,0.0,0.0,0.0,0.0,0.0,0.0,0.0,,,,,,,,,,,,,,,,,,,,,,"rgba(239, 83, 80, 0.75)"
2021-12-31 00:00:00+00:00,2.95,2.95,2.8,2.9,24143,0.0,0.0,0.0,0.0,0.0,0.0,0.0,0.0,,,,,,,,,,,,,,,,,,,,,,"rgba(239, 83, 80, 0.5)"
2022-01-03 00:00:00+00:00,3.1,3.1,2.3,2.95,84066,0.0,0.0,0.0,0.0,0.0,0.0,0.0,0.0,,,,,,,,,,,,,,,,,,,,,,"rgba(239, 83, 80, 0.5)"
2022-01-04 00:00:00+00:00,3.375,3.375,3.1,3.1,6345,0.0,0.0,0.0,0.0,0.0,0.0,0.0,0.0,,,,,,,,,,,,,,,,,,,,,,#000000
2022-01-05 00:00:00+00:00,3.35,3.4,3.145,3.32475,13230,0.0,0.0,0.0,0.0,0.0,0.0,0.0,0.0,,,,,,,,,,,,,,,,,,,,,,"rgba(38, 166, 154, 1.0)"
2022-01-06 00:00:00+00:00,3.15,3.495,3.0525,3.2,13280,0.0,0.0,0.0,0.0,0.0,0.0,0.0,0.0,,,,,,,,,,,,,,,,,,,,,,"rgba(38, 166, 154, 1.0)"
2022-01-07 00:00:00+00:00,3.15,3.3745,2.95,3.15,17284,0.0,0.0,0.0,0.0,0.0,0.0,0.0,0.0,,,,,,,,,,,,,,,,,,,,,,"rgba(38, 166, 154, 1.0)"
2022-01-10 00:00:00+00:00,2.75,3.135,2.735,3.0,30150,0.0,0.0,0.0,0.0,0.0,0.0,0.0,0.0,,,,,,,,,,,,,,,,,,,,,,#000000
2022-01-11 00:00:00+00:00,2.75,2.95,2.75,2.95,6227,0.0,0.0,0.0,0.0,0.0,0.0,0.0,0.0,,,,,,,,,,,,,,,,,,,,,,"rgba(239, 83, 80, 0.5)"
2022-01-12 00:00:00+00:00,2.755,3.0,2.75,2.85,21884,0.0,0.0,0.0,0.0,0.0,0.0,0.0,0.0,,,,,,,,,,,,,,,,,,,,,,"rgba(239, 83, 80, 0.5)"
2022-01-13 00:00:00+00:00,2.775,2.8685,2.7,2.755,12482,0.0,0.0,0.0,0.0,0.0,0.0,0.0,0.0,,,,,,,,,,,,,,,,,,,,,,"rgba(239, 83, 80, 0.5)"
2022-01-14 00:00:00+00:00,2.85,2.95,2.605,2.75,44002,0.0,0.0,0.0,0.0,0.0,0.0,0.0,0.0,,,,,,,,,,,,,,,,,,,,,,"rgba(239, 83, 80, 0.5)"
2022-01-18 00:00:00+00:00,2.85,3.0,2.7,3.0,10911,0.0,0.0,0.0,0.0,0.0,0.0,0.0,0.0,,,,,,,,,,,,,,,,,,,,,,"rgba(239, 83, 80, 0.5)"
2022-01-19 00:00:00+00:00,2.8,2.85,2.8,2.8,991,0.0,0.0,0.0,0.0,0.0,0.0,0.0,0.0,,,,,,,,,,,,,,,,,,,,,,"rgba(239, 83, 80, 0.5)"
2022-01-20 00:00:00+00:00,2.8125,2.9,2.415,2.805,31069,0.0,0.0,0.0,0.0,0.0,0.0,0.0,0.0,,,,,,,,,,,,,,,,,,,,,,"rgba(239, 83, 80, 0.5)"
2022-01-21 00:00:00+00:00,2.665,2.897,2.45,2.825,66857,0.0,0.0,0.0,0.0,0.0,0.0,0.0,0.0,,,,,,,,,,,,,,,,,,,,,,"rgba(239, 83, 80, 0.5)"
2022-01-24 00:00:00+00:00,2.385,2.675,2.25,2.675,44773,0.0,0.0,0.0,0.0,0.0,0.0,0.0,0.0,,,,,,,,,,,,,,,,,,,,,,"rgba(239, 83, 80, 1.0)"
2022-01-25 00:00:00+00:00,2.5925,2.5925,2.35,2.445,32919,0.0,0.0,0.0,0.0,0.0,0.0,0.0,0.0,,,,,,,,,,,,,,,,,,,,,,"rgba(239, 83, 80, 1.0)"
2022-01-26 00:00:00+00:00,2.425,2.65,1.25,2.65,36433,0.0,0.0,0.0,0.0,0.0,0.0,0.0,0.0,,,,,,,,,,,,,,,,,,,,,,"rgba(239, 83, 80, 1.0)"
2022-01-27 00:00:00+00:00,2.1,2.3575,2.05,2.35,19960,0.0,0.0,0.0,0.0,0.0,0.0,0.0,0.0,,,,,,,,,,,,,,,,,,,,,,"rgba(239, 83, 80, 1.0)"
2022-01-28 00:00:00+00:00,2.135,2.2475,1.8,2.12375,56418,0.0,0.0,0.0,0.0,0.0,0.0,0.0,0.0,,,,,,,,,,,,,,,,,,,,,,"rgba(239, 83, 80, 1.0)"
2022-01-31 00:00:00+00:00,2.35,2.375,2.05,2.21125,21205,0.0,0.0,0.0,0.0,0.0,0.0,0.0,0.0,,,,,,,,,,,,,,,,,,,,,,"rgba(239, 83, 80, 1.0)"
2022-02-01 00:00:00+00:00,2.85,3.0,2.47,2.47,29788,0.0,0.0,0.0,0.0,0.0,0.0,0.0,0.0,,,,,,,,,,,,,,,,,,,,,,"rgba(239, 83, 80, 0.5)"
2022-02-02 00:00:00+00:00,2.7005,2.875,2.7005,2.875,8288,0.0,0.0,0.0,0.0,0.0,0.0,0.0,0.0,,,,,,,,,,,,,,,,,,,,,,"rgba(239, 83, 80, 0.5)"
2022-02-03 00:00:00+00:00,2.605,2.7875,2.605,2.775,3878,0.0,0.0,0.0,0.0,0.0,0.0,0.0,0.0,,,,,,,,,,,,,,,,,,,,,,"rgba(239, 83, 80, 0.5)"
2022-02-04 00:00:00+00:00,2.73,2.7995,2.6625,2.7,2005,0.0,0.0,0.0,0.0,0.0,0.0,0.0,0.0,,,,,,,,,,,,,,,,,,,,,,#000000
2022-02-07 00:00:00+00:00,2.725,2.853,2.725,2.726,2395,0.0,0.0,0.0,0.0,0.0,0.0,0.0,0.0,,,,,,,,,,,,,,,,,,,,,,#000000
2022-02-08 00:00:00+00:00,2.75,2.775,2.725,2.75,1294,0.0,0.0,0.0,0.0,0.0,0.0,0.0,0.0,,,,,,,,,,,,,,,,,,,,,,#000000
2022-02-09 00:00:00+00:00,2.5875,2.7945,2.55,2.7255,10716,0.0,0.0,0.0,0.0,0.0,0.0,0.0,0.0,,,,,,,,,,,,,,,,,,,,,,#000000
2022-02-10 00:00:00+00:00,2.68725,2.747,2.55,2.585,13474,0.0,0.0,0.0,0.0,0.0,0.0,0.0,0.0,,,,,,,,,,,,,,,,,,,,,,#000000
2022-02-11 00:00:00+00:00,2.7,2.75,2.55,2.725,21393,0.0,0.0,0.0,0.0,0.0,0.0,0.0,0.0,,,,,,,,,,,,,,,,,,,,,,#000000
2022-02-14 00:00:00+00:00,2.6,2.65,2.55,2.5975,3604,0.0,0.0,0.0,0.0,0.0,0.0,0.0,0.0,,,,,,,,,,,,,,,,,,,,,,#000000
2022-02-15 00:00:00+00:00,2.6,2.625,2.425,2.6,8400,0.0,0.0,0.0,0.0,0.0,0.0,0.0,0.0,,,,,,,,,,,,,,,,,,,,,,#000000
2022-02-16 00:00:00+00:00,2.65,2.6625,2.45,2.6,20074,0.0,0.0,0.0,0.0,0.0,0.0,0.0,0.0,,,,,,,,,,,,,,,,,,,,,,#000000
2022-02-17 00:00:00+00:00,2.4,2.695,2.3875,2.66,45208,0.0,0.0,0.0,0.0,0.0,0.0,0.0,0.0,,,,,,,,,,,,,,,,,,,,,,"rgba(239, 83, 80, 0.5)"
2022-02-18 00:00:00+00:00,2.5,2.55,2.4,2.5,20323,0.0,0.0,0.0,0.0,0.0,0.0,0.0,0.0,,,,,,,,,,,,,,,,,,,,,,"rgba(239, 83, 80, 0.5)"
2022-02-22 00:00:00+00:00,2.45,2.5,2.4,2.5,15998,0.0,0.0,0.0,0.0,0.0,0.0,0.0,0.0,,,,,,,,,,,,,,,,,,,,,,"rgba(239, 83, 80, 0.5)"
2022-02-23 00:00:00+00:00,2.35,2.4995,2.1,2.45,36501,0.0,0.0,0.0,0.0,0.0,0.0,0.0,0.0,,,,,,,,,,,,,,,,,,,,,,"rgba(239, 83, 80, 0.5)"
2022-02-24 00:00:00+00:00,2.2,2.25,2.125,2.25,34391,0.0,0.0,0.0,0.0,0.0,0.0,0.0,0.0,,,,,,,,,,,,,,,,,,,,,,"rgba(239, 83, 80, 0.5)"
2022-02-25 00:00:00+00:00,2.3,2.3445,2.14,2.1775,26996,0.0,0.0,0.0,0.0,0.0,0.0,0.0,0.0,,,,,,,,,,,,,,,,,,,,,,"rgba(239, 83, 80, 0.5)"
2022-02-28 00:00:00+00:00,2.345,2.345,2.2,2.2,6964,0.0,0.0,0.0,0.0,0.0,0.0,0.0,0.0,,,,,,,,,,,,,,,,,,,,,,"rgba(239, 83, 80, 0.5)"
2022-03-01 00:00:00+00:00,2.3995,2.4975,2.1,2.4975,28575,0.0,0.0,0.0,0.0,0.0,0.0,0.0,0.0,,,,,,,,,,,,,,,,,,,,,,"rgba(239, 83, 80, 0.5)"
2022-03-02 00:00:00+00:00,2.0995,2.295,2.0995,2.295,7075,0.0,0.0,0.0,0.0,0.0,0.0,0.0,0.0,,,,,,,,,,,,,,,,,,,,,,"rgba(239, 83, 80, 1.0)"
2022-03-03 00:00:00+00:00,2.199,2.2,2.051,2.15,27008,0.0,0.0,0.0,0.0,0.0,0.0,0.0,0.0,,,,,,,,,,,,,,,,,,,,,,"rgba(239, 83, 80, 1.0)"
2022-03-04 00:00:00+00:00,2.145,2.199,2.061,2.199,2365,0.0,0.0,0.0,0.0,0.0,0.0,0.0,0.0,,,,,,,,,,,,,,,,,,,,,,"rgba(239, 83, 80, 1.0)"
2022-03-07 00:00:00+00:00,2.15,2.255,1.8275,2.145,50986,0.0,0.0,0.0,0.0,0.0,0.0,0.0,0.0,,,,,,,,,,,,,,,,,,,,,,"rgba(239, 83, 80, 1.0)"
2022-03-08 00:00:00+00:00,2.152475,2.152475,2.0625,2.075,13390,0.0,0.0,0.0,0.0,0.0,0.0,0.0,0.0,,,,,,,,,,,,,,,,,,,,,,"rgba(239, 83, 80, 1.0)"
2022-03-09 00:00:00+00:00,2.1,2.25,2.1,2.15375,10070,0.0,0.0,0.0,0.0,0.0,0.0,0.0,0.0,,,,,,,,,,,,,,,,,,,,,,"rgba(239, 83, 80, 1.0)"
2022-03-10 00:00:00+00:00,2.125,2.125,1.9775,2.125,8483,0.0,0.0,0.0,0.0,0.0,0.0,0.0,0.0,,,,,,,,,,,,,,,,,,,,,,"rgba(239, 83, 80, 1.0)"
2022-03-11 00:00:00+00:00,2.1,2.125,2.075,2.075,3480,0.0,0.0,0.0,0.0,0.0,0.0,0.0,0.0,,,,,,,,,,,,,,,,,,,,,,"rgba(239, 83, 80, 1.0)"
2022-03-14 00:00:00+00:00,2.05,2.145,1.8,2.1,39270,0.0,0.0,0.0,0.0,0.0,0.0,0.0,0.0,,,,,,,,,,,,,,,,,,,,,,"rgba(239, 83, 80, 1.0)"
2022-03-15 00:00:00+00:00,2.094,2.14,1.99,2.14,14843,0.0,0.0,0.0,0.0,0.0,0.0,0.0,0.0,,,,,,,,,,,,,,,,,,,,,,"rgba(239, 83, 80, 1.0)"
2022-03-16 00:00:00+00:00,2.3225,2.37,2.0025,2.05,54775,0.0,0.0,0.0,0.0,0.0,0.0,0.0,0.0,,,,,,,,,,,,,,,,,,,,,,"rgba(239, 83, 80, 0.5)"
2022-03-17 00:00:00+00:00,2.25,2.25,2.0,2.15,9217,0.0,0.0,0.0,0.0,0.0,0.0,0.0,0.0,,,,,,,,,,,,,,,,,,,,,,"rgba(239, 83, 80, 0.5)"
2022-03-18 00:00:00+00:00,2.2,2.2,2.15,2.15,11862,0.0,0.0,0.0,0.0,0.0,0.0,0.0,0.0,,,,,,,,,,,,,,,,,,,,,,"rgba(239, 83, 80, 0.5)"
2022-03-21 00:00:00+00:00,2.19,2.2,2.1,2.15,11862,0.0,0.0,0.0,0.0,0.0,0.0,0.0,0.0,,,,,,,,,,,,,,,,,,,,,,"rgba(239, 83, 80, 0.5)"
2022-03-22 00:00:00+00:00,2.2,2.25,2.075,2.2,12080,0.0,0.0,0.0,0.0,0.0,0.0,0.0,0.0,,,,,,,,,,,,,,,,,,,,,,"rgba(239, 83, 80, 0.5)"
2022-03-23 00:00:00+00:00,2.2,2.2,2.125,2.2,3560,0.0,0.0,0.0,0.0,0.0,0.0,0.0,0.0,,,,,,,,,,,,,,,,,,,,,,#000000
2022-03-24 00:00:00+00:00,2.1,2.15,1.99,2.125,27315,0.0,0.0,0.0,0.0,0.0,0.0,0.0,0.0,,,,,,,,,,,,,,,,,,,,,,"rgba(239, 83, 80, 0.5)"
2022-03-25 00:00:00+00:00,2.1,2.1,2.0,2.1,37960,0.0,0.0,0.0,0.0,0.0,0.0,0.0,0.0,,,,,,,,,,,,,,,,,,,,,,"rgba(239, 83, 80, 0.5)"
2022-03-28 00:00:00+00:00,2.0,2.1,1.95,2.1,12222,0.0,0.0,0.0,0.0,0.0,0.0,0.0,0.0,,,,,,,,,,,,,,,,,,,,,,"rgba(239, 83, 80, 1.0)"
2022-03-29 00:00:00+00:00,2.075,2.2325,1.975,2.0475,47261,0.0,0.0,0.0,0.0,0.0,0.0,0.0,0.0,,,,,,,,,,,,,,,,,,,,,,"rgba(239, 83, 80, 1.0)"
2022-03-30 00:00:00+00:00,2.15,2.2,2.0445,2.0828,21100,0.0,0.0,0.0,0.0,0.0,0.0,0.0,0.0,,,,,,,,,,,,,,,,,,,,,,"rgba(239, 83, 80, 0.5)"
2022-03-31 00:00:00+00:00,2.1495,2.155,2.05,2.1,30755,0.0,0.0,0.0,0.0,0.0,0.0,0.0,0.0,,,,,,,,,,,,,,,,,,,,,,"rgba(239, 83, 80, 0.5)"
2022-04-01 00:00:00+00:00,2.2,2.222025,2.1,2.1495,17702,0.0,0.0,0.0,0.0,0.0,0.0,0.0,0.0,,,,,,,,,,,,,,,,,,,,,,#000000
2022-04-04 00:00:00+00:00,2.2,2.2245,2.12,2.18725,12496,0.0,0.0,0.0,0.0,0.0,0.0,0.0,0.0,,,,,,,,,,,,,,,,,,,,,,#000000
2022-04-05 00:00:00+00:00,2.2,2.2,2.1,2.15,3420,0.0,0.0,0.0,0.0,0.0,0.0,0.0,0.0,,,,,,,,,,,,,,,,,,,,,,#000000
2022-04-06 00:00:00+00:00,2.199,2.2245,2.15,2.2245,9377,0.0,0.0,0.0,0.0,0.0,0.0,0.0,0.0,,,,,,,,,,,,,,,,,,,,,,#000000
2022-04-07 00:00:00+00:00,2.15,2.2245,2.1,2.1995,15711,0.0,0.0,0.0,0.0,0.0,0.0,0.0,0.0,,,,,,,,,,,,,,,,,,,,,,#000000
2022-04-08 00:00:00+00:00,2.25,2.25,2.05,2.2,13466,0.0,0.0,0.0,0.0,0.0,0.0,0.0,0.0,,,,,,,,,,,,,,,,,,,,,,"rgba(38, 166, 154, 1.0)"
2022-04-11 00:00:00+00:00,2.1985,2.2425,2.075,2.2425,23874,0.0,0.0,0.0,0.0,0.0,0.0,0.0,0.0,,,,,,,,,,,,,,,,,,,,,,#000000
2022-04-12 00:00:00+00:00,2.17225,2.1985,2.15,2.1985,2327,0.0,0.0,0.0,0.0,0.0,0.0,0.0,0.0,,,,,,,,,,,,,,,,,,,,,,#000000
2022-04-13 00:00:00+00:00,2.035,2.17,2.0,2.166,19051,0.0,0.0,0.0,0.0,0.0,0.0,0.0,0.0,,,,,,,,,,,,,,,,,,,,,,"rgba(239, 83, 80, 0.5)"
2022-04-14 00:00:00+00:00,1.9875,2.01,1.9775,2.01,13068,0.0,0.0,0.0,0.0,0.0,0.0,0.0,0.0,,,,,,,,,,,,,,,,,,,,,,"rgba(239, 83, 80, 1.0)"
2022-04-18 00:00:00+00:00,1.72525,2.025,1.675,2.0,57659,0.0,0.0,0.0,0.0,0.0,0.0,0.0,0.0,,,,,,,,,,,,,,,,,,,,,,"rgba(239, 83, 80, 1.0)"
2022-04-19 00:00:00+00:00,1.8,1.897,1.7255,1.811,5924,0.0,0.0,0.0,0.0,0.0,0.0,0.0,0.0,,,,,,,,,,,,,,,,,,,,,,"rgba(239, 83, 80, 1.0)"
2022-04-20 00:00:00+00:00,1.85,1.85,1.8,1.85,2030,0.0,0.0,0.0,0.0,0.0,0.0,0.0,0.0,,,,,,,,,,,,,,,,,,,,,,"rgba(239, 83, 80, 1.0)"
2022-04-21 00:00:00+00:00,1.7975,1.85,1.7975,1.8,4684,0.0,0.0,0.0,0.0,0.0,0.0,0.0,0.0,,,,,,,,,,,,,,,,,,,,,,"rgba(239, 83, 80, 1.0)"
2022-04-22 00:00:00+00:00,1.7495,1.775,1.7495,1.775,7101,0.0,0.0,0.0,0.0,0.0,0.0,0.0,0.0,,,,,,,,,,,,,,,,,,,,,,"rgba(239, 83, 80, 1.0)"
2022-04-25 00:00:00+00:00,1.75,1.75,1.7,1.75,1637,0.0,0.0,0.0,0.0,0.0,0.0,0.0,0.0,,,,,,,,,,,,,,,,,,,,,,"rgba(239, 83, 80, 1.0)"
2022-04-26 00:00:00+00:00,1.7,1.7,1.7,1.7,1112,0.0,0.0,0.0,0.0,0.0,0.0,0.0,0.0,,,,,,,,,,,,,,,,,,,,,,"rgba(239, 83, 80, 1.0)"
2022-04-27 00:00:00+00:00,1.55,1.7395,1.39225,1.7395,43646,0.0,0.0,0.0,0.0,0.0,0.0,0.0,0.0,,,,,,,,,,,,,,,,,,,,,,"rgba(239, 83, 80, 1.0)"
2022-04-28 00:00:00+00:00,1.625,1.64,1.2575,1.64,51076,0.0,0.0,0.0,0.0,0.0,0.0,0.0,0.0,,,,,,,,,,,,,,,,,,,,,,"rgba(239, 83, 80, 1.0)"
2022-04-29 00:00:00+00:00,1.6,1.65,1.5,1.5,5690,0.0,0.0,0.0,0.0,0.0,0.0,0.0,0.0,,,,,,,,,,,,,,,,,,,,,,"rgba(239, 83, 80, 1.0)"
2022-05-02 00:00:00+00:00,1.5,1.65,1.5,1.585,5756,0.0,0.0,0.0,0.0,0.0,0.0,0.0,0.0,,,,,,,,,,,,,,,,,,,,,,"rgba(239, 83, 80, 1.0)"
2022-05-03 00:00:00+00:00,1.5,1.55,1.5,1.55,1510,0.0,0.0,0.0,0.0,0.0,0.0,0.0,0.0,,,,,,,,,,,,,,,,,,,,,,"rgba(239, 83, 80, 1.0)"
2022-05-04 00:00:00+00:00,1.5,1.5,1.45,1.45,1650,0.0,0.0,0.0,0.0,0.0,0.0,0.0,0.0,,,,,,,,,,,,,,,,,,,,,,"rgba(239, 83, 80, 1.0)"
2022-05-05 00:00:00+00:00,1.5,1.55,1.425,1.425,14927,0.0,0.0,0.0,0.0,0.0,0.0,0.0,0.0,,,,,,,,,,,,,,,,,,,,,,"rgba(239, 83, 80, 1.0)"
2022-05-06 00:00:00+00:00,1.4,1.45,1.375,1.45,7240,0.0,0.0,0.0,0.0,0.0,0.0,0.0,0.0,,,,,,,,,,,,,,,,,,,,,,"rgba(239, 83, 80, 1.0)"
2022-05-09 00:00:00+00:00,1.325,1.4485,1.325,1.4485,3660,0.0,0.0,0.0,0.0,0.0,0.0,0.0,0.0,,,,,,,,,,,,,,,,,,,,,,"rgba(239, 83, 80, 1.0)"
2022-05-10 00:00:00+00:00,1.29,1.35,1.29,1.305,3212,0.0,0.0,0.0,0.0,0.0,0.0,0.0,0.0,,,,,,,,,,,,,,,,,,,,,,"rgba(239, 83, 80, 1.0)"
2022-05-11 00:00:00+00:00,1.25,1.35,1.25,1.29,5320,0.0,0.0,0.0,0.0,0.0,0.0,0.0,0.0,,,,,,,,,,,,,,,,,,,,,,"rgba(239, 83, 80, 1.0)"
2022-05-12 00:00:00+00:00,1.2,1.275,1.094,1.275,14072,0.0,0.0,0.0,0.0,0.0,0.0,0.0,0.0,,,,,,,,,,,,,,,,,,,,,,"rgba(239, 83, 80, 1.0)"
2022-05-13 00:00:00+00:00,1.25,1.275,1.19625,1.19625,6635,0.0,0.0,0.0,0.0,0.0,0.0,0.0,0.0,,,,,,,,,,,,,,,,,,,,,,"rgba(239, 83, 80, 1.0)"
2022-05-16 00:00:00+00:00,1.34,1.34,1.25,1.3,3920,0.0,0.0,0.0,0.0,0.0,0.0,0.0,0.0,,,,,,,,,,,,,,,,,,,,,,"rgba(239, 83, 80, 0.75)"
2022-05-17 00:00:00+00:00,1.26,1.35,1.26,1.3,6015,0.0,0.0,0.0,0.0,0.0,0.0,0.0,0.0,,,,,,,,,,,,,,,,,,,,,,"rgba(239, 83, 80, 0.75)"
2022-05-18 00:00:00+00:00,1.175,1.28,0.89,1.28,68347,0.0,0.0,0.0,0.0,0.0,0.0,0.0,0.0,,,,,,,,,,,,,,,,,,,,,,"rgba(239, 83, 80, 0.75)"
2022-05-19 00:00:00+00:00,1.15,1.2495,1.15,1.2125,4003,0.0,0.0,0.0,0.0,0.0,0.0,0.0,0.0,,,,,,,,,,,,,,,,,,,,,,"rgba(239, 83, 80, 0.75)"
2022-05-20 00:00:00+00:00,1.1365,1.182,1.125,1.175,14546,0.0,0.0,0.0,0.0,0.0,0.0,0.0,0.0,,,,,,,,,,,,,,,,,,,,,,"rgba(239, 83, 80, 0.75)"
2022-05-23 00:00:00+00:00,1.155,1.181,1.1495,1.1495,2960,0.0,0.0,0.0,0.0,0.0,0.0,0.0,0.0,,,,,,,,,,,,,,,,,,,,,,"rgba(239, 83, 80, 0.75)"
2022-05-24 00:00:00+00:00,1.1975,1.1975,0.9875,1.155,13419,0.0,0.0,0.0,0.0,0.0,0.0,0.0,0.0,,,,,,,,,,,,,,,,,,,,,,"rgba(239, 83, 80, 0.75)"
2022-05-25 00:00:00+00:00,1.05,1.125,1.0,1.018,11060,0.0,0.0,0.0,0.0,0.0,0.0,0.0,0.0,,,,,,,,,,,,,,,,,,,,,,"rgba(239, 83, 80, 0.75)"
2022-05-26 00:00:00+00:00,1.0495,1.15,1.0495,1.1,9400,0.0,0.0,0.0,0.0,0.0,0.0,0.0,0.0,,,,,,,,,,,,,,,,,,,,,,"rgba(239, 83, 80, 0.75)"
2022-05-27 00:00:00+00:00,1.04725,1.05,0.8,1.05,40888,0.0,0.0,0.0,0.0,0.0,0.0,0.0,0.0,,,,,,,,,,,,,,,,,,,,0.9657500000000001,,"rgba(239, 83, 80, 0.75)"
2022-05-31 00:00:00+00:00,1.1,1.1,0.925,0.9625,38868,0.0,0.0,0.0,0.0,0.0,0.0,0.0,0.0,,,,,,,,,,,,,,,,,,,,1.0027469532072824,,"rgba(239, 83, 80, 0.75)"
2022-06-01 00:00:00+00:00,1.05,1.1,1.05,1.1,4533,0.0,0.0,0.0,0.0,0.0,0.0,0.0,0.0,,,,,,,,,,,,,,,,,,,,1.0061845080615501,,"rgba(239, 83, 80, 0.75)"
2022-06-02 00:00:00+00:00,1.1,1.1,1.05,1.075,3000,0.0,0.0,0.0,0.0,0.0,0.0,0.0,0.0,,,,,,,,,,,,,,,,,,,,1.0088360045366542,,"rgba(239, 83, 80, 0.5)"
2022-06-03 00:00:00+00:00,1.05,1.075,1.05,1.075,828,0.0,0.0,0.0,0.0,0.0,0.0,0.0,0.0,,,,,,,,,,,,,,,,,,,,1.0093011110228447,,"rgba(239, 83, 80, 0.5)"
2022-06-06 00:00:00+00:00,1.1,1.1,1.0,1.06,6343,0.0,0.0,0.0,0.0,0.0,0.0,0.0,0.0,,,,,,,,,,,,,,,,,,,,1.0131532147646272,,"rgba(239, 83, 80, 0.5)"
2022-06-07 00:00:00+00:00,1.1,1.1,1.05,1.05,8321,0.0,0.0,0.0,0.0,0.0,0.0,0.0,0.0,,,,,,,,,,,,,,,,,,,,1.0188348949059978,,"rgba(239, 83, 80, 0.5)"
2022-06-08 00:00:00+00:00,1.15,1.15,1.05,1.1,4848,0.0,0.0,0.0,0.0,0.0,0.0,0.0,0.0,,,,,,,,,,,,,,,,,,,,1.023241592259831,,"rgba(239, 83, 80, 0.5)"
2022-06-09 00:00:00+00:00,1.125,1.149,1.05,1.1,7093,0.0,0.0,0.0,0.0,0.0,0.0,0.0,0.0,,,,,,,,,,,,,,,,,,,,1.0284820115874318,,"rgba(239, 83, 80, 0.5)"
2022-06-10 00:00:00+00:00,1.1,1.15,1.1,1.15,3490,0.0,0.0,0.0,0.0,0.0,0.0,0.0,0.0,,,,,,,,,,,,,,,,,,,,1.0310855073934966,,"rgba(239, 83, 80, 0.5)"
2022-06-13 00:00:00+00:00,1.0,1.075,0.999,1.075,2961,0.0,0.0,0.0,0.0,0.0,0.0,0.0,0.0,,,,,,,,,,,,,,,,,,,,1.030928655723635,,"rgba(239, 83, 80, 0.5)"
2022-06-14 00:00:00+00:00,0.9275,1.0,0.9,1.0,19150,1.0,1.0,0.9,0.0,0.0,0.0,0.0,0.0,,,,0.9424999999999998,,,,,,,,,,,,,,,,1.0188607213357754,,"rgba(239, 83, 80, 0.5)"
2022-06-15 00:00:00+00:00,1.0925,1.0925,0.9055,0.95,16015,0.0,0.0,0.0,0.0,0.0,0.0,0.0,0.0,,,,0.9824255414948575,,,,,,,,,,,,,,,,1.0200188832316308,,"rgba(239, 83, 80, 0.5)"
2022-06-16 00:00:00+00:00,1.05,1.05,1.005,1.05,4420,0.0,0.0,0.0,0.0,0.0,0.0,0.0,0.0,,,,0.9882959243821311,,,,,,,,,,,,,,,,1.020430785196797,,"rgba(239, 83, 80, 0.5)"
2022-06-17 00:00:00+00:00,1.0,1.05,1.0,1.0,3277,0.0,0.0,0.0,0.0,0.0,0.0,0.0,0.0,,,,0.9904650000777688,,,,,,,,,,,,,,,,1.020355587730261,,"rgba(239, 83, 80, 0.5)"
2022-06-21 00:00:00+00:00,0.99,1.014,0.99,0.9942,1440,0.0,0.0,0.0,0.0,0.0,0.0,0.0,0.0,,,,0.9907099190405249,,,,,,,,,,,,,,,,1.020161044467946,,"rgba(239, 83, 80, 0.5)"
2022-06-22 00:00:00+00:00,1.05,1.05,0.99,0.99,2420,0.0,0.0,0.0,0.0,0.0,0.0,0.0,0.0,,,,0.992744977383959,,,,,,,,,,,,,,,,1.0203028609150562,,"rgba(239, 83, 80, 0.5)"
2022-06-23 00:00:00+00:00,1.0,1.0,1.0,1.0,1600,0.0,0.0,0.0,0.0,0.0,0.0,0.0,0.0,,,,0.9929851999779258,,,,,,,,,,,,,,,,1.0201112058369473,,"rgba(239, 83, 80, 0.5)"
2022-06-24 00:00:00+00:00,1.05,1.09,1.0,1.0,7660,0.0,0.0,0.0,0.0,0.0,0.0,0.0,0.0,,,,1.0003304187060127,,,,,,,,,,,,,,,,1.0212594366515202,,"rgba(239, 83, 80, 0.5)"
2022-06-27 00:00:00+00:00,1.0415,1.09,1.0415,1.09,1960,0.0,0.0,0.0,0.0,0.0,0.0,0.0,0.0,,,,1.0022699279739509,,,,,,,,,,,,,,,,1.0216578296997276,,"rgba(239, 83, 80, 0.5)"
2022-06-28 00:00:00+00:00,1.5,1.6,0.9905,1.005,123495,0.0,0.0,0.0,0.0,0.0,0.0,0.0,0.0,,,,1.2481409892506308,,,,,,,,,,,,,,,,1.1611634601191856,,"rgba(38, 166, 154, 1.0)"
2022-06-29 00:00:00+00:00,1.8,2.0,1.55,1.6,38988,0.0,0.0,0.0,0.0,0.0,0.0,0.0,0.0,,,,1.34280393179842,,,,,,,,,,,,,,,,1.2321742945411471,,"rgba(38, 166, 154, 1.0)"
2022-06-30 00:00:00+00:00,1.725,1.85,1.6025,1.82,16132,0.0,0.0,0.0,0.0,0.0,0.0,0.0,0.0,,,,1.3689246143635572,,,,,,,,,,,,,,,,1.254436077488609,,"rgba(38, 166, 154, 1.0)"
2022-07-01 00:00:00+00:00,1.80025,2.0,1.75,1.8,30520,0.0,0.0,0.0,0.0,0.0,0.0,0.0,0.0,,,,1.4239086231061955,,,,,,,,,,,,,,,,1.3012593981541105,,"rgba(38, 166, 154, 1.0)"
2022-07-05 00:00:00+00:00,1.7885,1.8575,1.7,1.8,13512,0.0,0.0,0.0,0.0,0.0,0.0,0.0,0.0,,,,1.4411528154465547,,,,,,,,,,,,,,,,1.317427594778335,,"rgba(38, 166, 154, 1.0)"
2022-07-06 00:00:00+00:00,1.725,1.856,1.725,1.7885,14311,0.0,0.0,0.0,0.0,0.0,0.0,0.0,0.0,,,,1.457046510681587,,,,,,,,,,,,,,,,1.33294814611859,,"rgba(38, 166, 154, 1.0)"
2022-07-07 00:00:00+00:00,1.75,1.8,1.605,1.7625,19991,0.0,0.0,0.0,0.0,0.0,0.0,0.0,0.0,,,,1.4736344248221345,,,,,,,,,,,,,,,,1.3506158170971847,,"rgba(38, 166, 154, 1.0)"
2022-07-08 00:00:00+00:00,1.625,1.77525,1.6,1.77525,22717,0.0,0.0,0.0,0.0,0.0,0.0,0.0,0.0,,,,1.4866288044615847,,,,,,,,,,,,,,,,1.3662695173005568,,"rgba(38, 166, 154, 1.0)"
2022-07-11 00:00:00+00:00,1.575,1.65,1.575,1.6,3201,0.0,0.0,0.0,0.0,0.0,0.0,0.0,0.0,,,,1.4876936272711891,,,,,,,,,,,,,,,,1.3678889987416538,,"rgba(38, 166, 154, 0.75)"
2022-07-12 00:00:00+00:00,1.5505,1.6,1.527,1.6,8606,0.0,0.0,0.0,0.0,0.0,0.0,0.0,0.0,,,,1.4894539895253498,,,,,,,,,,,,,,,,1.3713870386622695,,"rgba(38, 166, 154, 0.75)"
2022-07-13 00:00:00+00:00,1.5,1.55,1.5,1.55,16337,0.0,0.0,0.0,0.0,0.0,0.0,0.0,0.0,,,,1.4906694948580825,,,,,,,,,,,,,,,,1.3762613689651042,,"rgba(38, 166, 154, 0.75)"
2022-07-14 00:00:00+00:00,1.525,1.55,1.475,1.475,11224,0.0,0.0,0.0,0.0,0.0,0.0,0.0,0.0,,,,1.4914435288983916,,,,,,,,,,,,,,,,1.3794248984741513,,"rgba(38, 166, 154, 0.75)"
2022-07-15 00:00:00+00:00,1.525,1.525,1.45025,1.45025,2351,0.0,0.0,0.0,0.0,0.0,0.0,0.0,0.0,,,,1.4914970768404745,,,,,,,,,,,,,,,,1.3799916676656676,,"rgba(38, 166, 154, 0.75)"
2022-07-18 00:00:00+00:00,1.45,1.475,1.45,1.475,12460,0.0,0.0,0.0,0.0,0.0,0.0,0.0,0.0,,,,1.4904423704717105,,,,,,,,,,,,,,,,1.3818946175140363,,#000000
2022-07-19 00:00:00+00:00,1.4,1.5,1.4,1.5,23437,0.0,0.0,0.0,0.0,0.0,0.0,0.0,0.0,,,,1.487218894701013,,,,,,,,,,,,,,,,1.3841421490674508,,#000000
2022-07-20 00:00:00+00:00,1.4375,1.4375,1.425,1.425,881,0.0,0.0,0.0,0.0,0.0,0.0,0.0,0.0,,,,1.4871048052775144,,,,,,,,,,,,,,,,1.384222810165315,,#000000
2022-07-21 00:00:00+00:00,1.45,1.45,1.45,1.45,860,0.0,0.0,0.0,0.0,0.0,0.0,0.0,0.0,,,,1.48702827575456,,,,,,,,,,,,,,,,1.3843279288955623,,#000000
2022-07-22 00:00:00+00:00,1.4775,1.5125,1.41,1.4425,18658,0.0,0.0,0.0,0.0,0.0,0.0,0.0,0.0,,,,1.4861561755615906,,,,,,,,,,,,,,,,1.3870870654003742,,#000000
2022-07-25 00:00:00+00:00,1.5,1.5,1.5,1.5,2000,0.0,0.0,0.0,0.0,0.0,0.0,0.0,0.0,,,,1.4862194438287448,,,,,,,,,,,,,,,,1.3874911947592086,,#000000
2022-07-26 00:00:00+00:00,1.43,1.5,1.4105,1.4995,1041,0.0,0.0,0.0,0.0,0.0,0.0,0.0,0.0,,,,1.4861259760697636,,,,,,,,,,,,,,,,1.387601539674346,,#000000
2022-07-27 00:00:00+00:00,1.41,1.41,1.41,1.41,30,0.0,0.0,0.0,0.0,0.0,0.0,0.0,0.0,,,,1.4861207702103671,,,,,,,,,,,,,,,,1.3876027398769115,,"rgba(239, 83, 80, 0.5)"
2022-07-28 00:00:00+00:00,1.725,1.725,1.45,1.45,3647,0.0,0.0,0.0,0.0,0.0,0.0,0.0,0.0,,,,1.4873345039988008,,,,,,,,,,,,,,,,1.3891930809763973,,"rgba(38, 166, 154, 1.0)"
2022-07-29 00:00:00+00:00,1.45,1.5,1.45,1.5,7255,0.0,0.0,0.0,0.0,0.0,0.0,0.0,0.0,,,,1.4870009931138182,,,,,,,,,,,,,,,,1.3901778416487234,,#000000
2022-08-01 00:00:00+00:00,1.45,1.5,1.3505,1.45,4155,0.0,0.0,0.0,0.0,0.0,0.0,0.0,0.0,,,,1.4865110842730929,,,,,,,,,,,,,,,,1.3904909327145851,,#000000
2022-08-02 00:00:00+00:00,1.4,1.45,1.225,1.4,6269,0.0,0.0,0.0,0.0,0.0,0.0,0.0,0.0,,,,1.4847643203918675,,,,,,,,,,,,,,,,1.3901440668877068,,#000000
2022-08-03 00:00:00+00:00,1.5,1.5,1.425,1.425,17292,0.0,0.0,0.0,0.0,0.0,0.0,0.0,0.0,,,,1.4844105798024496,,,,,,,,,,,,,,,,1.3925958055200496,,#000000
2022-08-04 00:00:00+00:00,1.4525,1.4525,1.405,1.4525,2522,0.0,0.0,0.0,0.0,0.0,0.0,0.0,0.0,,,,1.4841596385416627,,,,,,,,,,,,,,,,1.3927807396586065,,#000000
2022-08-05 00:00:00+00:00,1.475,1.475,1.4,1.405,5900,0.0,0.0,0.0,0.0,0.0,0.0,0.0,0.0,,,,1.4837447162438704,,,,,,,,,,,,,,,,1.3933369923233712,,#000000
2022-08-08 00:00:00+00:00,1.4,1.5495,1.3755,1.475,8852,0.0,0.0,0.0,0.0,0.0,0.0,0.0,0.0,,,,1.4829916118396669,,,,,,,,,,,,,,,,1.3940317678399072,,#000000
2022-08-09 00:00:00+00:00,1.44,1.4625,1.01,1.45,23800,0.0,0.0,0.0,0.0,0.0,0.0,0.0,0.0,,,,1.4747814485730713,,,,,,,,,,,,,,,,1.390687605052857,,#000000
2022-08-10 00:00:00+00:00,1.4125,1.45,1.385,1.45,4912,0.0,0.0,0.0,0.0,0.0,0.0,0.0,0.0,,,,1.4742281249562075,,,,,,,,,,,,,,,,1.3908792596305086,,#000000
2022-08-11 00:00:00+00:00,1.4,1.4,1.3,1.39885,6138,0.0,0.0,0.0,0.0,0.0,0.0,0.0,0.0,,,,1.4729811144941662,,,,,,,,,,,,,,,,1.3906508322715079,,"rgba(239, 83, 80, 0.5)"
2022-08-12 00:00:00+00:00,1.445,1.445,1.385,1.385,2138,0.0,0.0,0.0,0.0,0.0,0.0,0.0,0.0,,,,1.4727881336057322,,,,,,,,,,,,,,,,1.3907633391395646,,#000000
2022-08-15 00:00:00+00:00,1.49,1.5495,1.45,1.45,13074,0.0,0.0,0.0,0.0,0.0,0.0,0.0,0.0,,,,1.473357324975642,,,,,,,,,,,,,,,,1.3928395745002538,,#000000
2022-08-16 00:00:00+00:00,1.511,1.61,1.375,1.55,96594,0.0,0.0,0.0,0.0,0.0,0.0,0.0,0.0,,,,1.4771698178430819,,,,,,,,,,,,,,,,1.4062473145640282,,#000000
2022-08-17 00:00:00+00:00,1.675,1.845,1.5005,1.511,45182,0.0,0.0,0.0,0.0,0.0,0.0,0.0,0.0,,,,1.4900927201457606,,,,,,,,,,,,,,,,1.421199092286541,,"rgba(38, 166, 154, 1.0)"
2022-08-18 00:00:00+00:00,1.57475,1.67,1.55,1.625,20225,0.0,0.0,0.0,0.0,0.0,0.0,0.0,0.0,,,,1.4931882894949735,,,,,,,,,,,,,,,,1.4255247258267278,,"rgba(38, 166, 154, 1.0)"
2022-08-19 00:00:00+00:00,1.5255,1.6,1.5255,1.575,15979,0.0,0.0,0.0,0.0,0.0,0.0,0.0,0.0,,,,1.4944519004476255,,,,,,,,,,,,,,,,1.4278882176208214,,"rgba(38, 166, 154, 1.0)"
2022-08-22 00:00:00+00:00,1.45,1.5,1.45,1.5,1936,0.0,0.0,0.0,0.0,0.0,0.0,0.0,0.0,,,,1.4943776596454328,,,,,,,,,,,,,,,,1.4279769864429879,,#000000
2022-08-23 00:00:00+00:00,1.5,1.5,1.485,1.485,200,0.0,0.0,0.0,0.0,0.0,0.0,0.0,0.0,,,,1.4943778313814338,,,,,,,,,,,,,,,,1.427992832307055,,#000000
2022-08-24 00:00:00+00:00,1.45,1.5,1.3035,1.3035,4734,0.0,0.0,0.0,0.0,0.0,0.0,0.0,0.0,,,,1.4938811039692137,,,,,,,,,,,,,,,,1.427936294505553,,#000000
2022-08-25 00:00:00+00:00,1.55,1.6,1.45,1.55,4314,0.0,0.0,0.0,0.0,0.0,0.0,0.0,0.0,,,,1.4941130392843582,,,,,,,,,,,,,,,,1.4284680966137808,,#000000
2022-08-26 00:00:00+00:00,1.55,1.5875,1.45,1.55,730,0.0,0.0,0.0,0.0,0.0,0.0,0.0,0.0,,,,1.4941478761595663,,,,,,,,,,,,,,,,1.4285540013322193,,#000000
2022-08-29 00:00:00+00:00,1.5,1.6,1.5,1.55,3200,0.0,0.0,0.0,0.0,0.0,0.0,0.0,0.0,,,,1.4943178454211188,,,,,,,,,,,,,,,,1.428944370416941,,#000000
2022-08-30 00:00:00+00:00,1.45,1.5995,1.3035,1.5995,15209,0.0,0.0,0.0,0.0,0.0,0.0,0.0,0.0,,,,1.4934428600488838,,,,,,,,,,,,,,,,1.4293281192561547,,#000000
2022-08-31 00:00:00+00:00,1.425,1.435,1.4125,1.435,1489,0.0,0.0,0.0,0.0,0.0,0.0,0.0,0.0,,,,1.4933061331362782,,,,,,,,,,,,,,,,1.4293193420875816,,#000000
2022-09-01 00:00:00+00:00,1.3925,1.425,1.35,1.425,5242,0.0,0.0,0.0,0.0,0.0,0.0,0.0,0.0,,,,1.4925875441961247,,,,,,,,,,,,,,,,1.4290803920622581,,"rgba(239, 83, 80, 1.0)"
2022-09-02 00:00:00+00:00,1.15,1.35,1.00125,1.35,164742,0.0,0.0,0.0,0.0,0.0,0.0,0.0,0.0,,,,1.4345792982981842,,,,,,,,,,,,,,,,1.3878007026129575,,"rgba(239, 83, 80, 1.0)"
2022-09-06 00:00:00+00:00,1.15,1.25,1.0,1.15,83597,0.0,0.0,0.0,0.0,0.0,0.0,0.0,0.0,,,,1.4095964269758936,,,,,,,,,,,,,,,,1.3689618594472404,,"rgba(239, 83, 80, 1.0)"
2022-09-07 00:00:00+00:00,1.2035,1.2585,1.125,1.125,24547,0.0,0.0,0.0,0.0,0.0,0.0,0.0,0.0,,,,1.4045107243138795,,,,,,,,,,,,,,,,1.3652748299517254,,"rgba(239, 83, 80, 1.0)"
2022-09-08 00:00:00+00:00,1.1825,1.2595,1.165,1.1775,7950,0.0,0.0,0.0,0.0,0.0,0.0,0.0,0.0,,,,1.4029660030709068,,,,,,,,,,,,,,,,1.3641597443582965,,"rgba(239, 83, 80, 1.0)"
2022-09-09 00:00:00+00:00,1.385,1.385,1.165,1.1825,19340,0.0,0.0,0.0,0.0,0.0,0.0,0.0,0.0,,,,1.4012999976569194,,,,,,,,,,,,,,,,1.3633001427707376,,"rgba(239, 83, 80, 0.75)"
2022-09-12 00:00:00+00:00,1.35,1.45,1.325,1.385,17422,0.0,0.0,0.0,0.0,0.0,0.0,0.0,0.0,,,,1.4008746685324773,,,,,,,,,,,,,,,,1.3634702244615908,,"rgba(239, 83, 80, 0.75)"
2022-09-13 00:00:00+00:00,1.325,1.45,1.325,1.45,1280,0.0,0.0,0.0,0.0,0.0,0.0,0.0,0.0,,,,1.4008340715861893,,,,,,,,,,,,,,,,1.363473634758734,,"rgba(239, 83, 80, 0.75)"
2022-09-14 00:00:00+00:00,1.307,1.4,1.3,1.4,3521,0.0,0.0,0.0,0.0,0.0,0.0,0.0,0.0,,,,1.4006220223655472,,,,,,,,,,,,,,,,1.3633922651271748,,"rgba(239, 83, 80, 0.75)"
2022-09-15 00:00:00+00:00,1.325,1.44,1.325,1.371,1260,0.0,0.0,0.0,0.0,0.0,0.0,0.0,0.0,,,,1.4005786530587634,,,,,,,,,,,,,,,,1.363392203480685,,"rgba(239, 83, 80, 0.75)"
2022-09-16 00:00:00+00:00,1.25,1.381,1.25,1.325,3805,0.0,0.0,0.0,0.0,0.0,0.0,0.0,0.0,,,,1.4002044621881518,,,,,,,,,,,,,,,,1.3631726375650803,,"rgba(239, 83, 80, 0.75)"
2022-09-19 00:00:00+00:00,1.30025,1.4,1.25,1.25,2145,0.0,0.0,0.0,0.0,0.0,0.0,0.0,0.0,,,,1.400040126100372,,,,,,,,,,,,,,,,1.3630903744349276,,"rgba(239, 83, 80, 0.75)"
2022-09-20 00:00:00+00:00,1.32,1.35,1.25,1.25,1692,0.0,0.0,0.0,0.0,0.0,0.0,0.0,0.0,,,,1.399895313675832,,,,,,,,,,,,,,,,1.3630116148416542,,"rgba(239, 83, 80, 0.75)"
2022-09-21 00:00:00+00:00,1.35,1.35,1.3,1.31,3600,0.0,0.0,0.0,0.0,0.0,0.0,0.0,0.0,,,,1.3996763963993597,,,,,,,,,,,,,,,,1.3629237338742315,,#000000
2022-09-22 00:00:00+00:00,1.4,1.4,1.3,1.35,3919,0.0,0.0,0.0,0.0,0.0,0.0,0.0,0.0,,,,1.3995586313604043,,,,,,,,,,,,,,,,1.3629357604826422,,#000000
2022-09-23 00:00:00+00:00,1.25,1.35,1.2105,1.315,14605,0.0,0.0,0.0,0.0,0.0,0.0,0.0,0.0,,,,1.3978608883362817,,,,,,,,,,,,,,,,1.3618380414762723,,#000000
2022-09-26 00:00:00+00:00,1.1725,1.2675,1.1725,1.2675,2753,0.0,0.0,0.0,0.0,0.0,0.0,0.0,0.0,,,,1.3973830145956185,,,,,,,,,,,,,,,,1.3614871459909854,,"rgba(239, 83, 80, 1.0)"
2022-09-27 00:00:00+00:00,1.225,1.245,1.1725,1.245,1111,0.0,0.0,0.0,0.0,0.0,0.0,0.0,0.0,,,,1.3972007776686535,,,,,,,,,,,,,,,,1.3613549537318224,,"rgba(239, 83, 80, 1.0)"
2022-09-28 00:00:00+00:00,1.3,1.3,1.3,1.3,25,0.0,0.0,0.0,0.0,0.0,0.0,0.0,0.0,,,,1.3971986021734488,,,,,,,,,,,,,,,,1.3613537149075234,,"rgba(239, 83, 80, 1.0)"
2022-09-29 00:00:00+00:00,1.3,1.3,1.3,1.3,0,0.0,0.0,0.0,0.0,0.0,0.0,0.0,0.0,,,,1.3971986021734488,,,,,,,,,,,,,,,,1.3613537149075234,,"rgba(239, 83, 80, 0.75)"
2022-09-30 00:00:00+00:00,1.2,1.275,1.06,1.25,45891,0.0,0.0,0.0,0.0,0.0,0.0,0.0,0.0,,,,1.388561523891258,,,,,,,,,,,,,,,,1.3548127523895561,,"rgba(239, 83, 80, 0.75)"
2022-10-03 00:00:00+00:00,1.25,1.25,1.005,1.1,8576,0.0,0.0,0.0,0.0,0.0,0.0,0.0,0.0,,,,1.3869492860636659,,,,,,,,,,,,,,,,1.3535755537521779,,"rgba(239, 83, 80, 0.75)"
2022-10-04 00:00:00+00:00,1.135,1.25,1.135,1.1875,22961,0.0,0.0,0.0,0.0,0.0,0.0,0.0,0.0,,,,1.3828428415425904,,,,,,,,,,,,,,,,1.3504298019580974,,"rgba(239, 83, 80, 1.0)"
2022-10-05 00:00:00+00:00,1.26375,1.26375,1.2,1.2,1901,0.0,0.0,0.0,0.0,0.0,0.0,0.0,0.0,,,,1.3826198321247711,,,,,,,,,,,,,,,,1.350274071510292,,"rgba(239, 83, 80, 1.0)"
2022-10-06 00:00:00+00:00,1.25,1.315,1.25,1.315,1935,0.0,0.0,0.0,0.0,0.0,0.0,0.0,0.0,,,,1.3824406603463915,,,,,,,,,,,,,,,,1.3501587906825636,,"rgba(239, 83, 80, 0.75)"
2022-10-07 00:00:00+00:00,1.2,1.2525,1.2,1.2525,1752,0.0,0.0,0.0,0.0,0.0,0.0,0.0,0.0,,,,1.3821998493903953,,,,,,,,,,,,,,,,1.3499828742126703,,"rgba(239, 83, 80, 0.75)"
2022-10-10 00:00:00+00:00,1.3,1.34875,1.24245,1.24245,3411,0.0,0.0,0.0,0.0,0.0,0.0,0.0,0.0,,,,1.381958546634614,,,,,,,,,,,,,,,,1.3498466083746794,,#000000
2022-10-11 00:00:00+00:00,1.2,1.3,1.2,1.3,1010,0.0,0.0,0.0,0.0,0.0,0.0,0.0,0.0,,,,1.3818339141598859,,,,,,,,,,,,,,,,1.349757835083225,,#000000
2022-10-12 00:00:00+00:00,1.2,1.25,1.2,1.25,790,0.0,0.0,0.0,0.0,0.0,0.0,0.0,0.0,,,,1.3817256502738502,,,,,,,,,,,,,,,,1.3496785661295725,,"rgba(239, 83, 80, 0.5)"
2022-10-13 00:00:00+00:00,1.24,1.345,1.225,1.25,5340,0.0,0.0,0.0,0.0,0.0,0.0,0.0,0.0,,,,1.381232809362256,,,,,,,,,,,,,,,,1.349359070716719,,#000000
2022-10-14 00:00:00+00:00,1.4,1.4,1.24,1.24,15509,0.0,0.0,0.0,0.0,0.0,0.0,0.0,0.0,,,,1.3807955705157071,,,,,,,,,,,,,,,,1.3493280767294247,,#000000
2022-10-17 00:00:00+00:00,1.24,1.3705,1.24,1.3705,16707,0.0,0.0,0.0,0.0,0.0,0.0,0.0,0.0,,,,1.3794876009598922,,,,,,,,,,,,,,,,1.3485217509364946,,#000000
2022-10-18 00:00:00+00:00,1.25,1.25,1.25,1.25,1217,0.0,0.0,0.0,0.0,0.0,0.0,0.0,0.0,,,,1.3793609233738162,,,,,,,,,,,,,,,,1.3484339222714066,,#000000
2022-10-19 00:00:00+00:00,1.2,1.2995,1.2,1.2995,2662,0.0,0.0,0.0,0.0,0.0,0.0,0.0,0.0,,,,1.3790487534672704,,,,,,,,,,,,,,,,1.3482095952643276,,#000000
2022-10-20 00:00:00+00:00,1.1505,1.3,1.1505,1.1995,5380,0.0,0.0,0.0,0.0,0.0,0.0,0.0,0.0,,,,1.3782808143469556,,,,,,,,,,,,,,,,1.3476302419900026,,"rgba(239, 83, 80, 0.5)"
2022-10-21 00:00:00+00:00,1.25,1.2975,1.2,1.2975,262,0.0,0.0,0.0,0.0,0.0,0.0,0.0,0.0,,,,1.3782538017248267,,,,,,,,,,,,,,,,1.3476114593443047,,#000000
2022-10-24 00:00:00+00:00,1.15,1.3,1.1,1.3,13048,0.0,0.0,0.0,0.0,0.0,0.0,0.0,0.0,,,,1.3762438232275498,,,,,,,,,,,,,,,,1.3460655029626913,,"rgba(239, 83, 80, 0.5)"
2022-10-25 00:00:00+00:00,1.15,1.1975,1.0875,1.1684,18740,0.0,0.0,0.0,0.0,0.0,0.0,0.0,0.0,,,,1.372869047318668,,,,,,,,,,,,,,,,1.3433841736398673,,"rgba(239, 83, 80, 1.0)"
2022-10-26 00:00:00+00:00,1.4,1.4,1.125,1.2,19143,0.0,0.0,0.0,0.0,0.0,0.0,0.0,0.0,,,,1.371921090146976,,,,,,,,,,,,,,,,1.342913114701541,,#000000
2022-10-27 00:00:00+00:00,1.5,1.675,1.425,1.425,39779,0.0,0.0,0.0,0.0,0.0,0.0,0.0,0.0,,,,1.3767020058674175,,,,,,,,,,,,,,,,1.3480864611185899,,"rgba(38, 166, 154, 1.0)"
2022-10-28 00:00:00+00:00,1.5,1.6,1.475,1.49,3006,0.0,0.0,0.0,0.0,0.0,0.0,0.0,0.0,,,,1.3770331934390083,,,,,,,,,,,,,,,,1.3484489243717068,,"rgba(38, 166, 154, 1.0)"
2022-10-31 00:00:00+00:00,1.45,1.49,1.45,1.49,6380,0.0,0.0,0.0,0.0,0.0,0.0,0.0,0.0,,,,1.3774403189351838,,,,,,,,,,,,,,,,1.348946330688734,,"rgba(38, 166, 154, 1.0)"
2022-11-01 00:00:00+00:00,1.45,1.45,1.425,1.4375,6310,0.0,0.0,0.0,0.0,0.0,0.0,0.0,0.0,,,,1.3777385940986009,,,,,,,,,,,,,,,,1.3493416774164195,,"rgba(38, 166, 154, 1.0)"
2022-11-02 00:00:00+00:00,1.45,1.45,1.4,1.45,1423,0.0,0.0,0.0,0.0,0.0,0.0,0.0,0.0,,,,1.3777967586652935,,,,,,,,,,,,,,,,1.3494223632768112,,"rgba(38, 166, 154, 1.0)"
2022-11-03 00:00:00+00:00,1.525,1.6275,1.45,1.45,20277,0.0,0.0,0.0,0.0,0.0,0.0,0.0,0.0,,,,1.3800937007421492,,,,,,,,,,,,,,,,1.351917110632652,,"rgba(38, 166, 154, 1.0)"
2022-11-04 00:00:00+00:00,1.501,1.835,1.501,1.5625,18466,0.0,0.0,0.0,0.0,0.0,0.0,0.0,0.0,,,,1.3831594115830472,,,,,,,,,,,,,,,,1.3550807314257145,,"rgba(38, 166, 154, 1.0)"
2022-11-07 00:00:00+00:00,1.5,1.60025,1.5,1.60025,8224,0.0,0.0,0.0,0.0,0.0,0.0,0.0,0.0,,,,1.3840376143963646,,,,,,,,,,,,,,,,1.3560404019623946,,"rgba(38, 166, 154, 1.0)"
2022-11-08 00:00:00+00:00,1.6,1.6,1.45,1.55,19052,0.0,0.0,0.0,0.0,0.0,0.0,0.0,0.0,,,,1.386254716247309,,,,,,,,,,,,,,,,1.3584286060013837,,"rgba(38, 166, 154, 1.0)"
2022-11-09 00:00:00+00:00,1.45,1.5255,1.45,1.5255,3743,0.0,0.0,0.0,0.0,0.0,0.0,0.0,0.0,,,,1.3864874594636938,,,,,,,,,,,,,,,,1.3587103162087448,,"rgba(38, 166, 154, 0.75)"
2022-11-10 00:00:00+00:00,1.55,1.6,1.45,1.55,14192,0.0,0.0,0.0,0.0,0.0,0.0,0.0,0.0,,,,1.3879306151839383,,,,,,,,,,,,,,,,1.3602936034531523,,"rgba(38, 166, 154, 0.75)"
2022-11-11 00:00:00+00:00,1.55,1.6,1.5,1.5,11685,0.0,0.0,0.0,0.0,0.0,0.0,0.0,0.0,,,,1.3892314960671392,,,,,,,,,,,,,,,,1.3616993118744882,,"rgba(38, 166, 154, 0.75)"
2022-11-14 00:00:00+00:00,1.65,1.8,1.4875,1.525,60264,0.0,0.0,0.0,0.0,0.0,0.0,0.0,0.0,,,,1.3994317115777681,,,,,,,,,,,,,,,,1.372158022096602,,"rgba(38, 166, 154, 0.75)"
2022-11-15 00:00:00+00:00,1.75,2.07,1.6925,1.745,50640,0.0,0.0,0.0,0.0,0.0,0.0,0.0,0.0,,,,1.4135915217522665,,,,,,,,,,,,,,,,1.3861195634472758,,"rgba(38, 166, 154, 1.0)"
2022-11-16 00:00:00+00:00,1.75,1.95,1.75,1.75,40203,0.0,0.0,0.0,0.0,0.0,0.0,0.0,0.0,,,,1.4236762078983538,,,,,,,,,,,,,,,,1.3961362326548032,,"rgba(38, 166, 154, 1.0)"
2022-11-17 00:00:00+00:00,1.75,1.925,1.6825,1.7495,48009,0.0,0.0,0.0,0.0,0.0,0.0,0.0,0.0,,,,1.434182564497975,,,,,,,,,,,,,,,,1.4066702234594202,,"rgba(38, 166, 154, 1.0)"
2022-11-18 00:00:00+00:00,1.75,1.85,1.676,1.8,10946,0.0,0.0,0.0,0.0,0.0,0.0,0.0,0.0,,,,1.4363147166277472,,,,,,,,,,,,,,,,1.4088263211645422,,"rgba(38, 166, 154, 1.0)"
2022-11-21 00:00:00+00:00,1.775,1.795,1.675,1.725,23650,0.0,0.0,0.0,0.0,0.0,0.0,0.0,0.0,,,,1.4406824749232507,,,,,,,,,,,,,,,,1.4132608212249027,,"rgba(38, 166, 154, 1.0)"
2022-11-22 00:00:00+00:00,1.799,1.8975,1.65,1.85,12811,0.0,0.0,0.0,0.0,0.0,0.0,0.0,0.0,,,,1.443252396270673,,,,,,,,,,,,,,,,1.4158526205617443,,"rgba(38, 166, 154, 1.0)"
2022-11-23 00:00:00+00:00,1.8435,1.845,1.7015,1.7475,18227,0.0,0.0,0.0,0.0,0.0,0.0,0.0,0.0,,,,1.4469964326053744,,,,,,,,,,,,,,,,1.4196214925486055,,"rgba(38, 166, 154, 1.0)"
2022-11-25 00:00:00+00:00,1.7975,1.80375,1.75,1.75,4544,0.0,0.0,0.0,0.0,0.0,0.0,0.0,0.0,,,,1.447883477946493,,,,,,,,,,,,,,,,1.4205176947860558,,"rgba(38, 166, 154, 1.0)"
2022-11-28 00:00:00+00:00,1.775,1.78125,1.65,1.765,6130,0.0,0.0,0.0,0.0,0.0,0.0,0.0,0.0,,,,1.4489016079094634,,,,,,,,,,,,,,,,1.4215597845996875,,"rgba(38, 166, 154, 0.75)"
2022-11-29 00:00:00+00:00,1.7475,1.7475,1.55,1.715,18787,0.0,0.0,0.0,0.0,0.0,0.0,0.0,0.0,,,,1.4514004705580275,,,,,,,,,,,,,,,,1.424171345816196,,"rgba(38, 166, 154, 0.75)"
2022-11-30 00:00:00+00:00,1.7475,1.7475,1.575,1.665,48478,0.0,0.0,0.0,0.0,0.0,0.0,0.0,0.0,,,,1.4578319993564852,,,,,,,,,,,,,,,,1.4308845361172031,,"rgba(38, 166, 154, 0.75)"
2022-12-01 00:00:00+00:00,1.725,1.8375,1.6005,1.8375,7700,0.0,0.0,0.0,0.0,0.0,0.0,0.0,0.0,,,,1.4589539359350634,,,,,,,,,,,,,,,,1.4320435950598325,,"rgba(38, 166, 154, 0.75)"
2022-12-02 00:00:00+00:00,1.725,1.7375,1.7,1.725,2430,0.0,0.0,0.0,0.0,0.0,0.0,0.0,0.0,,,,1.459305794560431,,,,,,,,,,,,,,,,1.4324072460133213,,"rgba(38, 166, 154, 0.75)"
2022-12-05 00:00:00+00:00,1.7,1.7225,1.6,1.6875,18595,0.0,0.0,0.0,0.0,0.0,0.0,0.0,0.0,,,,1.4614924064670807,,,,,,,,,,,,,,,,1.4347145855007601,,"rgba(38, 166, 154, 0.75)"
2022-12-06 00:00:00+00:00,1.51,1.7225,1.51,1.625,33637,0.0,0.0,0.0,0.0,0.0,0.0,0.0,0.0,,,,1.4636496666611134,,,,,,,,,,,,,,,,1.437194412019154,,#000000
2022-12-07 00:00:00+00:00,1.5,1.6,1.5,1.555,14184,0.0,0.0,0.0,0.0,0.0,0.0,0.0,0.0,,,,1.4641768088193279,,,,,,,,,,,,,,,,1.4378775353809818,,"rgba(239, 83, 80, 1.0)"
2022-12-08 00:00:00+00:00,1.5975,1.5975,1.475,1.5975,11352,0.0,0.0,0.0,0.0,0.0,0.0,0.0,0.0,,,,1.4647334086461277,,,,,,,,,,,,,,,,1.4385492541407474,,"rgba(239, 83, 80, 1.0)"
2022-12-09 00:00:00+00:00,1.575,1.5975,1.51275,1.5975,13401,0.0,0.0,0.0,0.0,0.0,0.0,0.0,0.0,,,,1.4654177698697444,,,,,,,,,,,,,,,,1.4393662116861436,,"rgba(239, 83, 80, 1.0)"
2022-12-12 00:00:00+00:00,1.55,1.57375,1.5025,1.569,9497,0.0,0.0,0.0,0.0,0.0,0.0,0.0,0.0,,,,1.4657991194636504,,,,,,,,,,,,,,,,1.4398466549548388,,"rgba(239, 83, 80, 1.0)"
2022-12-13 00:00:00+00:00,1.595,1.5975,1.45,1.555,65191,0.0,0.0,0.0,0.0,0.0,0.0,0.0,0.0,,,,1.4684966698135438,,,,,,,,,,,,,,,,1.4431955632796132,,"rgba(239, 83, 80, 1.0)"
2022-12-14 00:00:00+00:00,1.488,1.595,1.487,1.595,38150,0.0,0.0,0.0,0.0,0.0,0.0,0.0,0.0,,,,1.4695361336663029,,,,,,,,,,,,,,,,1.4446283607347943,,"rgba(239, 83, 80, 1.0)"
2022-12-15 00:00:00+00:00,1.45,1.49475,1.45,1.485,8178,0.0,0.0,0.0,0.0,0.0,0.0,0.0,0.0,,,,1.469517438830308,,,,,,,,,,,,,,,,1.4447058219982305,,"rgba(239, 83, 80, 1.0)"
2022-12-16 00:00:00+00:00,1.4875,1.525,1.4875,1.4875,7601,0.0,0.0,0.0,0.0,0.0,0.0,0.0,0.0,,,,1.4696316673018224,,,,,,,,,,,,,,,,1.4449013474938428,,"rgba(239, 83, 80, 1.0)"
2022-12-19 00:00:00+00:00,1.5,1.55,1.3755,1.5,23126,0.0,0.0,0.0,0.0,0.0,0.0,0.0,0.0,,,,1.4696940618705312,,,,,,,,,,,,,,,,1.44522349265482,,"rgba(239, 83, 80, 1.0)"
2022-12-20 00:00:00+00:00,1.45,1.5141,1.424,1.5,28636,0.0,0.0,0.0,0.0,0.0,0.0,0.0,0.0,,,,1.4695977787178873,,,,,,,,,,,,,,,,1.4454508380623396,,"rgba(239, 83, 80, 1.0)"
2022-12-21 00:00:00+00:00,1.475,1.5045,1.445,1.4855,18795,0.0,0.0,0.0,0.0,0.0,0.0,0.0,0.0,,,,1.4696446608192426,,,,,,,,,,,,,,,,1.4456995850793108,,"rgba(239, 83, 80, 1.0)"
2022-12-22 00:00:00+00:00,1.5,1.5,1.45,1.4625,2701,0.0,0.0,0.0,0.0,0.0,0.0,0.0,0.0,,,,1.469662253395894,,,,,,,,,,,,,,,,1.4457453150465207,,"rgba(239, 83, 80, 1.0)"
2022-12-23 00:00:00+00:00,1.485,1.485,1.4,1.4675,27830,0.0,0.0,0.0,0.0,0.0,0.0,0.0,0.0,,,,1.46949241362016,,,,,,,,,,,,,,,,1.4458803619780025,,"rgba(239, 83, 80, 1.0)"
2022-12-27 00:00:00+00:00,1.445,1.4825,1.38375,1.4575,86361,0.0,0.0,0.0,0.0,0.0,0.0,0.0,0.0,,,,1.4682292794051144,,,,,,,,,,,,,,,,1.4455552777605427,,"rgba(239, 83, 80, 1.0)"
2022-12-28 00:00:00+00:00,1.35,1.4475,1.305,1.43625,16253,0.0,0.0,0.0,0.0,0.0,0.0,0.0,0.0,,,,1.467495812573502,,,,,,,,,,,,,,,,1.4450161792764722,,"rgba(239, 83, 80, 1.0)"
2022-12-29 00:00:00+00:00,1.35,1.4125,1.26,1.4125,49315,0.0,0.0,0.0,0.0,0.0,0.0,0.0,0.0,,,,1.4647578501191523,,,,,,,,,,,,,,,,1.4428777225335332,,"rgba(239, 83, 80, 1.0)"
2022-12-30 00:00:00+00:00,1.3205,1.3985,1.3,1.35,39632,0.0,0.0,0.0,0.0,0.0,0.0,0.0,0.0,,,,1.462621888554553,,,,,,,,,,,,,,,,1.4412028110026702,,"rgba(239, 83, 80, 1.0)"
2023-01-03 00:00:00+00:00,1.325,1.3945,1.3,1.32,55259,0.0,0.0,0.0,0.0,0.0,0.0,0.0,0.0,,,,1.4597665138017484,,,,,,,,,,,,,,,,1.4389598964318593,,"rgba(239, 83, 80, 1.0)"
2023-01-04 00:00:00+00:00,1.425,1.425,1.3,1.35,40285,0.0,0.0,0.0,0.0,0.0,0.0,0.0,0.0,,,,1.458492345963928,,,,,,,,,,,,,,,,1.4380768599594624,,"rgba(239, 83, 80, 0.75)"
2023-01-05 00:00:00+00:00,1.38,1.425,1.305,1.425,12720,0.0,0.0,0.0,0.0,0.0,0.0,0.0,0.0,,,,1.4580289906238566,,,,,,,,,,,,,,,,1.4377373376779106,,"rgba(239, 83, 80, 0.75)"
2023-01-06 00:00:00+00:00,1.4,1.4,1.305,1.3775,42978,0.0,0.0,0.0,0.0,0.0,0.0,0.0,0.0,,,,1.4564697154173931,,,,,,,,,,,,,,,,1.436587186238442,,"rgba(239, 83, 80, 0.75)"
2023-01-09 00:00:00+00:00,1.3975,1.49,1.37,1.397,11013,0.0,0.0,0.0,0.0,0.0,0.0,0.0,0.0,,,,1.4563042814058464,,,,,,,,,,,,,,,,1.4365135230150958,,"rgba(239, 83, 80, 0.75)"
2023-01-10 00:00:00+00:00,1.335,1.385,1.335,1.385,1090,0.0,0.0,0.0,0.0,0.0,0.0,0.0,0.0,,,,1.4562583723271694,,,,,,,,,,,,,,,,1.4364780282334308,,"rgba(239, 83, 80, 0.75)"
2023-01-11 00:00:00+00:00,1.3,1.35,1.248,1.34125,21854,0.0,0.0,0.0,0.0,0.0,0.0,0.0,0.0,,,,1.4548900014603658,,,,,,,,,,,,,,,,1.4353372932837634,,"rgba(239, 83, 80, 1.0)"
2023-01-12 00:00:00+00:00,1.35,1.35,1.275,1.325,9270,0.0,0.0,0.0,0.0,0.0,0.0,0.0,0.0,,,,1.4544113353416885,,,,,,,,,,,,,,,,1.434949368728818,,"rgba(239, 83, 80, 1.0)"
2023-01-13 00:00:00+00:00,1.75,1.75,1.3,1.3,58015,0.0,0.0,0.0,0.0,0.0,0.0,0.0,0.0,,,,1.4576933663065095,,,,,,,,,,,,,,,,1.4385028206884753,,#000000
2023-01-17 00:00:00+00:00,1.95,2.075,1.7525,1.795,55051,0.0,0.0,0.0,0.0,0.0,0.0,0.0,0.0,,,,1.467497823019753,,,,,,,,,,,,,,,,1.4482594266285538,,"rgba(38, 166, 154, 1.0)"
2023-01-18 00:00:00+00:00,2.025,2.175,1.9,1.95,49352,0.0,0.0,0.0,0.0,0.0,0.0,0.0,0.0,,,,1.4779257778550354,,,,,,,,,,,,,,,,1.4585751542291365,,"rgba(38, 166, 154, 1.0)"
2023-01-19 00:00:00+00:00,2.0,2.195,1.9,2.075,12388,0.0,0.0,0.0,0.0,0.0,0.0,0.0,0.0,,,,1.4804755863448038,,,,,,,,,,,,,,,,1.4611003306158938,,"rgba(38, 166, 154, 1.0)"
2023-01-20 00:00:00+00:00,2.05,2.1,1.993,2.0,9698,0.0,0.0,0.0,0.0,0.0,0.0,0.0,0.0,,,,1.482512856449734,,,,,,,,,,,,,,,,1.463116701256359,,"rgba(38, 166, 154, 1.0)"
2023-01-23 00:00:00+00:00,2.202,2.295,2.1,2.1,37878,0.0,0.0,0.0,0.0,0.0,0.0,0.0,0.0,,,,1.492425332310885,,,,,,,,,,,,,,,,1.4728660328829966,,"rgba(38, 166, 154, 1.0)"
2023-01-24 00:00:00+00:00,2.35,2.4005,2.2375,2.25,37900,0.0,0.0,0.0,0.0,0.0,0.0,0.0,0.0,,,,1.5038523521856193,,,,,,,,,,,,,,,,1.4840709744618412,,"rgba(38, 166, 154, 1.0)"
2023-01-25 00:00:00+00:00,2.32,2.35,2.25,2.335,12275,0.0,0.0,0.0,0.0,0.0,0.0,0.0,0.0,,,,1.5073869203531167,,,,,,,,,,,,,,,,1.487541787480795,,"rgba(38, 166, 154, 1.0)"
2023-01-26 00:00:00+00:00,2.3995,2.4,2.325,2.37,6659,0.0,0.0,0.0,0.0,0.0,0.0,0.0,0.0,,,,1.509453800947052,,,,,,,,,,,,,,,,1.4895680966580698,,"rgba(38, 166, 154, 1.0)"
2023-01-27 00:00:00+00:00,2.4,2.4,2.3,2.3995,16734,0.0,0.0,0.0,0.0,0.0,0.0,0.0,0.0,,,,1.514556024360224,,,,,,,,,,,,,,,,1.494572971991313,,"rgba(38, 166, 154, 1.0)"
2023-01-30 00:00:00+00:00,2.45,2.55,2.3005,2.4,7419,0.0,0.0,0.0,0.0,0.0,0.0,0.0,0.0,,,,1.5169746068209604,,,,,,,,,,,,,,,,1.4969422990093417,,"rgba(38, 166, 154, 1.0)"
2023-01-31 00:00:00+00:00,2.52475,2.52475,2.3025,2.35,20689,0.0,0.0,0.0,0.0,0.0,0.0,0.0,0.0,,,,1.5237775022899762,,,,,,,,,,,,,,,,1.5036067556663542,,"rgba(38, 166, 154, 1.0)"
2023-02-01 00:00:00+00:00,2.425,2.5995,2.35,2.5995,15469,0.0,0.0,0.0,0.0,0.0,0.0,0.0,0.0,,,,1.5288401905055122,,,,,,,,,,,,,,,,1.5085681601136034,,"rgba(38, 166, 154, 1.0)"
2023-02-02 00:00:00+00:00,2.4,2.45,2.2,2.45,13531,0.0,0.0,0.0,0.0,0.0,0.0,0.0,0.0,,,,1.532713616890165,,,,,,,,,,,,,,,,1.5123763450302956,,"rgba(38, 166, 154, 0.75)"
2023-02-03 00:00:00+00:00,2.49,2.634,2.31125,2.634,9104,0.0,0.0,0.0,0.0,0.0,0.0,0.0,0.0,,,,1.5357055275080072,,,,,,,,,,,,,,,,1.5153091030790045,,"rgba(38, 166, 154, 0.75)"
2023-02-06 00:00:00+00:00,2.4,2.5,2.225,2.45,47547,0.0,0.0,0.0,0.0,0.0,0.0,0.0,0.0,,,,1.5493476491692872,,,,,,,,,,,,,,,,1.5287269357199524,,"rgba(38, 166, 154, 0.75)"
2023-02-07 00:00:00+00:00,2.255,2.4,2.2,2.4,19024,0.0,0.0,0.0,0.0,0.0,0.0,0.0,0.0,,,,1.5541010410043525,,,,,,,,,,,,,,,,1.533420402430745,,"rgba(38, 166, 154, 0.75)"
2023-02-08 00:00:00+00:00,2.275,2.32375,2.25,2.3,4452,0.0,0.0,0.0,0.0,0.0,0.0,0.0,0.0,,,,1.5552014288277176,,,,,,,,,,,,,,,,1.5345073475438038,,"rgba(38, 166, 154, 0.75)"
2023-02-09 00:00:00+00:00,2.125,2.25,2.125,2.25,4990,0.0,0.0,0.0,0.0,0.0,0.0,0.0,0.0,,,,1.5562344540705233,,,,,,,,,,,,,,,,1.5355332467867961,,"rgba(38, 166, 154, 0.5)"
2023-02-10 00:00:00+00:00,2.2,2.2,2.075,2.15,2400,0.0,0.0,0.0,0.0,0.0,0.0,0.0,0.0,,,,1.5567232920430958,,,,,,,,,,,,,,,,1.5360189809815439,,"rgba(38, 166, 154, 0.5)"
2023-02-13 00:00:00+00:00,2.2,2.25,2.2,2.2,303,0.0,0.0,0.0,0.0,0.0,0.0,0.0,0.0,,,,1.5567909300282428,,,,,,,,,,,,,,,,1.5360859942826663,,#000000
2023-02-14 00:00:00+00:00,2.2,2.2,2.2,2.2,0,0.0,0.0,0.0,0.0,0.0,0.0,0.0,0.0,,,,1.5567909300282428,,,,,,,,,,,,,,,,1.5360859942826663,,#000000
2023-02-15 00:00:00+00:00,2.105,2.385,2.1,2.1975,26118,0.0,0.0,0.0,0.0,0.0,0.0,0.0,0.0,,,,1.5623943993776557,,,,,,,,,,,,,,,,1.5416449298623773,,#000000
2023-02-16 00:00:00+00:00,2.15,2.2,2.05,2.2,1110,0.0,0.0,0.0,0.0,0.0,0.0,0.0,0.0,,,,1.5626068081636584,,,,,,,,,,,,,,,,1.5418564669900399,,#000000
2023-02-17 00:00:00+00:00,2.1,2.1,2.0,2.1,1980,0.0,0.0,0.0,0.0,0.0,0.0,0.0,0.0,,,,1.5629410948090323,,,,,,,,,,,,,,,,1.5421909400552558,,"rgba(239, 83, 80, 1.0)"
2023-02-21 00:00:00+00:00,2.1275,2.15,1.84,2.1,13140,0.0,0.0,0.0,0.0,0.0,0.0,0.0,0.0,,,,1.5650278552516514,,,,,,,,,,,,,,,,1.5442840462377412,,"rgba(239, 83, 80, 1.0)"
2023-02-22 00:00:00+00:00,2.06375,2.06375,2.0,2.0,128,0.0,0.0,0.0,0.0,0.0,0.0,0.0,0.0,,,,1.5650482352427908,,,,,,,,,,,,,,,,1.5443044857486934,,"rgba(239, 83, 80, 1.0)"
2023-02-23 00:00:00+00:00,2.11325,2.15,1.976625,2.0,4942,0.0,0.0,0.0,0.0,0.0,0.0,0.0,0.0,,,,1.565895394413785,,,,,,,,,,,,,,,,1.5451516010124928,,"rgba(239, 83, 80, 1.0)"
2023-02-24 00:00:00+00:00,2.15,2.15,1.9875,2.08875,23739,0.0,0.0,0.0,0.0,0.0,0.0,0.0,0.0,,,,1.5700506673105368,,,,,,,,,,,,,,,,1.5493033581806326,,"rgba(239, 83, 80, 1.0)"
2023-02-27 00:00:00+00:00,2.15,2.15,2.15,2.15,0,0.0,0.0,0.0,0.0,0.0,0.0,0.0,0.0,,,,1.5700506673105368,,,,,,,,,,,,,,,,1.5493033581806326,,#000000
2023-02-28 00:00:00+00:00,2.075,2.075,2.0,2.0,230,0.0,0.0,0.0,0.0,0.0,0.0,0.0,0.0,,,,1.5700871261092373,,,,,,,,,,,,,,,,1.5493399294172716,,"rgba(239, 83, 80, 1.0)"
2023-03-01 00:00:00+00:00,1.9995,2.175,1.94,2.095,18080,0.0,0.0,0.0,0.0,0.0,0.0,0.0,0.0,,,,1.572865633584124,,,,,,,,,,,,,,,,1.552130571126679,,"rgba(239, 83, 80, 1.0)"
2023-03-02 00:00:00+00:00,2.075,2.1,1.94,1.94,6975,0.0,0.0,0.0,0.0,0.0,0.0,0.0,0.0,,,,1.573929124643921,,,,,,,,,,,,,,,,1.5531990277623746,,"rgba(239, 83, 80, 1.0)"
2023-03-03 00:00:00+00:00,2.04,2.085,1.955,2.075,13068,0.0,0.0,0.0,0.0,0.0,0.0,0.0,0.0,,,,1.5758588727517733,,,,,,,,,,,,,,,,1.5551404065366154,,"rgba(239, 83, 80, 1.0)"
2023-03-06 00:00:00+00:00,2.1,2.1735,1.976,1.9975,52689,0.0,0.0,0.0,0.0,0.0,0.0,0.0,0.0,,,,1.5844299670340152,,,,,,,,,,,,,,,,1.5637278756028132,,"rgba(239, 83, 80, 1.0)"
2023-03-07 00:00:00+00:00,2.01875,2.06875,2.01875,2.05,9572,0.0,0.0,0.0,0.0,0.0,0.0,0.0,0.0,,,,1.5858099707067677,,,,,,,,,,,,,,,,1.5651174016681888,,"rgba(239, 83, 80, 1.0)"
2023-03-08 00:00:00+00:00,2.0,2.075,2.0,2.075,8847,0.0,0.0,0.0,0.0,0.0,0.0,0.0,0.0,,,,1.587048584124406,,,,,,,,,,,,,,,,1.5663661375643514,,"rgba(239, 83, 80, 1.0)"
2023-03-09 00:00:00+00:00,1.976,2.175,1.976,2.0975,17586,0.0,0.0,0.0,0.0,0.0,0.0,0.0,0.0,,,,1.5895866891546553,,,,,,,,,,,,,,,,1.5689213903540347,,"rgba(239, 83, 80, 1.0)"
2023-03-10 00:00:00+00:00,1.975,2.0,1.9625,2.0,2648,0.0,0.0,0.0,0.0,0.0,0.0,0.0,0.0,,,,1.5899134346629524,,,,,,,,,,,,,,,,1.569252750615088,,"rgba(239, 83, 80, 1.0)"
2023-03-13 00:00:00+00:00,1.875,2.0,1.825,1.9625,15018,0.0,0.0,0.0,0.0,0.0,0.0,0.0,0.0,,,,1.5913814451244064,,,,,,,,,,,,,,,,1.5707609622179068,,"rgba(239, 83, 80, 1.0)"
2023-03-14 00:00:00+00:00,1.925,1.95,1.89,1.95,11178,0.0,0.0,0.0,0.0,0.0,0.0,0.0,0.0,,,,1.592541182666299,,,,,,,,,,,,,,,,1.5719479245836854,,"rgba(239, 83, 80, 1.0)"
2023-03-15 00:00:00+00:00,2.0245,2.0245,1.9,1.9,2925,0.0,0.0,0.0,0.0,0.0,0.0,0.0,0.0,,,,1.5928996162684363,,,,,,,,,,,,,,,,1.5723114383759411,,"rgba(239, 83, 80, 0.75)"
2023-03-16 00:00:00+00:00,2.00075,2.049,1.975,1.975,146,0.0,0.0,0.0,0.0,0.0,0.0,0.0,0.0,,,,1.5929186469869028,,,,,,,,,,,,,,,,1.5723306806834199,,"rgba(239, 83, 80, 0.75)"
2023-03-17 00:00:00+00:00,1.95,2.025,1.95,2.02475,4250,0.0,0.0,0.0,0.0,0.0,0.0,0.0,0.0,,,,1.5934275718031383,,,,,,,,,,,,,,,,1.5728474048970522,,"rgba(239, 83, 80, 0.75)"
2023-03-20 00:00:00+00:00,2.05,2.05,1.95,1.95,6090,0.0,0.0,0.0,0.0,0.0,0.0,0.0,0.0,,,,1.594233847926758,,,,,,,,,,,,,,,,1.5736620096256755,,"rgba(239, 83, 80, 0.75)"
2023-03-21 00:00:00+00:00,1.975,2.1,1.95,2.1,6302,0.0,0.0,0.0,0.0,0.0,0.0,0.0,0.0,,,,1.5950485682025608,,,,,,,,,,,,,,,,1.574486031588176,,"rgba(239, 83, 80, 0.75)"
2023-03-22 00:00:00+00:00,2.0,2.0995,1.95,2.025,12972,0.0,0.0,0.0,0.0,0.0,0.0,0.0,0.0,,,,1.5967484732345765,,,,,,,,,,,,,,,,1.5762041414826968,,"rgba(239, 83, 80, 0.75)"
2023-03-23 00:00:00+00:00,2.0,2.125,2.0,2.05,2798,0.0,0.0,0.0,0.0,0.0,0.0,0.0,0.0,,,,1.5971352143900093,,,,,,,,,,,,,,,,1.576594062345344,,#000000
2023-03-24 00:00:00+00:00,1.987,2.1,1.838,2.0,10150,0.0,0.0,0.0,0.0,0.0,0.0,0.0,0.0,,,,1.5983229716480083,,,,,,,,,,,,,,,,1.577801092524289,,#000000
2023-03-27 00:00:00+00:00,2.0425,2.07,1.9895,2.034,13490,0.0,0.0,0.0,0.0,0.0,0.0,0.0,0.0,,,,1.6001355269634303,,,,,,,,,,,,,,,,1.5796306550529133,,#000000
2023-03-28 00:00:00+00:00,1.9225,1.98375,1.845,1.8505,22794,0.0,0.0,0.0,0.0,0.0,0.0,0.0,0.0,,,,1.602348013740708,,,,,,,,,,,,,,,,1.5819019913734123,,"rgba(239, 83, 80, 1.0)"
2023-03-29 00:00:00+00:00,1.925,2.037875,1.846,2.037875,13266,0.0,0.0,0.0,0.0,0.0,0.0,0.0,0.0,,,,1.6036992296559511,,,,,,,,,,,,,,,,1.5832848288253365,,"rgba(239, 83, 80, 1.0)"
2023-03-30 00:00:00+00:00,1.95,1.95,1.9,1.925,7480,0.0,0.0,0.0,0.0,0.0,0.0,0.0,0.0,,,,1.6044495653433068,,,,,,,,,,,,,,,,1.584053296213499,,"rgba(239, 83, 80, 1.0)"
2023-03-31 00:00:00+00:00,1.95,1.95,1.825,1.875,15900,0.0,0.0,0.0,0.0,0.0,0.0,0.0,0.0,,,,1.6059128546155137,,,,,,,,,,,,,,,,1.5855595252924228,,"rgba(239, 83, 80, 1.0)"
2023-04-03 00:00:00+00:00,1.95,1.95,1.845,1.9,26607,0.0,0.0,0.0,0.0,0.0,0.0,0.0,0.0,,,,1.6083835371235105,,,,,,,,,,,,,,,,1.5881004042841629,,"rgba(239, 83, 80, 1.0)"
2023-04-04 00:00:00+00:00,1.9255,1.9485,1.845,1.845,9115,0.0,0.0,0.0,0.0,0.0,0.0,0.0,0.0,,,,1.609197214435761,,,,,,,,,,,,,,,,1.5889390275788131,,"rgba(239, 83, 80, 1.0)"
2023-04-05 00:00:00+00:00,2.0,2.0,1.845,1.9485,11285,0.0,0.0,0.0,0.0,0.0,0.0,0.0,0.0,,,,1.610339993163107,,,,,,,,,,,,,,,,1.5901077819706682,,"rgba(239, 83, 80, 0.75)"
2023-04-06 00:00:00+00:00,1.925,2.05,1.846,2.05,13870,0.0,0.0,0.0,0.0,0.0,0.0,0.0,0.0,,,,1.611701040519019,,,,,,,,,,,,,,,,1.5915020375876978,,"rgba(239, 83, 80, 0.75)"
2023-04-10 00:00:00+00:00,1.85,1.92125,1.75,1.92125,25919,0.0,0.0,0.0,0.0,0.0,0.0,0.0,0.0,,,,1.6134503683925998,,,,,,,,,,,,,,,,1.5933401321785587,,"rgba(239, 83, 80, 1.0)"
2023-04-11 00:00:00+00:00,1.85,1.8675,1.75,1.8675,18358,0.0,0.0,0.0,0.0,0.0,0.0,0.0,0.0,,,,1.6145767500192245,,,,,,,,,,,,,,,,1.594532465173807,,"rgba(239, 83, 80, 1.0)"
2023-04-12 00:00:00+00:00,1.95,1.95,1.9,1.9,1333,0.0,0.0,0.0,0.0,0.0,0.0,0.0,0.0,,,,1.6147014109079931,,,,,,,,,,,,,,,,1.5946604163408546,,"rgba(239, 83, 80, 0.75)"
2023-04-13 00:00:00+00:00,2.0,2.05,1.975,2.0,24680,0.0,0.0,0.0,0.0,0.0,0.0,0.0,0.0,,,,1.6175311283204596,,,,,,,,,,,,,,,,1.597532821636769,,#000000
2023-04-14 00:00:00+00:00,2.0,2.0,1.945,1.975,16970,0.0,0.0,0.0,0.0,0.0,0.0,0.0,0.0,,,,1.6193221922425631,,,,,,,,,,,,,,,,1.5993581428372758,,#000000
2023-04-17 00:00:00+00:00,2.0,2.0,2.0,2.0,36820,0.0,0.0,0.0,0.0,0.0,0.0,0.0,0.0,,,,1.6233419255734576,,,,,,,,,,,,,,,,1.6034466083166352,,#000000
2023-04-18 00:00:00+00:00,2.375,2.505,2.06,2.06,113782,0.0,0.0,0.0,0.0,0.0,0.0,0.0,0.0,,,,1.6451455160112936,,,,,,,,,,,,,,,,1.6251485629531077,,"rgba(38, 166, 154, 1.0)"
2023-04-19 00:00:00+00:00,2.34,2.425,2.275,2.375,7863,0.0,0.0,0.0,0.0,0.0,0.0,0.0,0.0,,,,1.6466741111236127,,,,,,,,,,,,,,,,1.6266696539763785,,"rgba(38, 166, 154, 1.0)"
2023-04-20 00:00:00+00:00,2.4,2.45,2.35,2.4,11571,0.0,0.0,0.0,0.0,0.0,0.0,0.0,0.0,,,,1.6490819468864075,,,,,,,,,,,,,,,,1.6290613743006273,,"rgba(38, 166, 154, 1.0)"
2023-04-21 00:00:00+00:00,2.34475,2.475,2.34,2.425,3380,0.0,0.0,0.0,0.0,0.0,0.0,0.0,0.0,,,,1.6497698817516868,,,,,,,,,,,,,,,,1.6297451193587253,,"rgba(38, 166, 154, 1.0)"
2023-04-24 00:00:00+00:00,2.35,2.4,2.34,2.37,1504,0.0,0.0,0.0,0.0,0.0,0.0,0.0,0.0,,,,1.6500659337454124,,,,,,,,,,,,,,,,1.6300396347953445,,"rgba(38, 166, 154, 1.0)"
2023-04-25 00:00:00+00:00,2.35,2.375,2.3,2.375,15820,0.0,0.0,0.0,0.0,0.0,0.0,0.0,0.0,,,,1.653071029412398,,,,,,,,,,,,,,,,1.6330321520384832,,"rgba(38, 166, 154, 1.0)"
2023-04-26 00:00:00+00:00,2.3,2.45,2.3,2.3,8740,0.0,0.0,0.0,0.0,0.0,0.0,0.0,0.0,,,,1.6547400244282684,,,,,,,,,,,,,,,,1.634693960897465,,"rgba(38, 166, 154, 1.0)"
2023-04-27 00:00:00+00:00,2.25,2.47,2.25,2.47,8118,0.0,0.0,0.0,0.0,0.0,0.0,0.0,0.0,,,,1.6562239127251126,,,,,,,,,,,,,,,,1.6361733311316278,,"rgba(38, 166, 154, 0.75)"
2023-04-28 00:00:00+00:00,2.3495,2.3495,2.175,2.25,13493,0.0,0.0,0.0,0.0,0.0,0.0,0.0,0.0,,,,1.658558166576234,,,,,,,,,,,,,,,,1.6385043400438937,,"rgba(38, 166, 154, 0.75)"
2023-05-01 00:00:00+00:00,2.345,2.345,2.0025,2.25,14808,0.0,0.0,0.0,0.0,0.0,0.0,0.0,0.0,,,,1.660857193674689,,,,,,,,,,,,,,,,1.6408081940770478,,"rgba(38, 166, 154, 0.75)"
2023-05-02 00:00:00+00:00,2.225,2.35,2.225,2.35,5079,0.0,0.0,0.0,0.0,0.0,0.0,0.0,0.0,,,,1.6616907962542287,,,,,,,,,,,,,,,,1.6416420114220727,,"rgba(38, 166, 154, 0.75)"
2023-05-03 00:00:00+00:00,2.1,2.225,2.0035,2.225,16482,0.0,0.0,0.0,0.0,0.0,0.0,0.0,0.0,,,,1.663681528016816,,,,,,,,,,,,,,,,1.6436560461247147,,"rgba(38, 166, 154, 0.75)"
2023-05-04 00:00:00+00:00,2.1,2.13,2.0045,2.1275,8496,0.0,0.0,0.0,0.0,0.0,0.0,0.0,0.0,,,,1.664629158953552,,,,,,,,,,,,,,,,1.6446180908391075,,#000000
2023-05-05 00:00:00+00:00,2.225,2.225,2.13,2.13,4196,0.0,0.0,0.0,0.0,0.0,0.0,0.0,0.0,,,,1.6652254714018446,,,,,,,,,,,,,,,,1.6452174514847988,,#000000
2023-05-08 00:00:00+00:00,2.15,2.2495,2.025,2.2495,17535,0.0,0.0,0.0,0.0,0.0,0.0,0.0,0.0,,,,1.667459797722585,,,,,,,,,,,,,,,,1.6474725347589967,,#000000
2023-05-09 00:00:00+00:00,2.05,2.1,2.05,2.1,670,0.0,0.0,0.0,0.0,0.0,0.0,0.0,0.0,,,,1.6675313425834541,,,,,,,,,,,,,,,,1.6475453030894627,,"rgba(239, 83, 80, 1.0)"
2023-05-10 00:00:00+00:00,1.925,2.075,1.85,2.025,36911,0.0,0.0,0.0,0.0,0.0,0.0,0.0,0.0,,,,1.670292968381592,,,,,,,,,,,,,,,,1.650410371521054,,"rgba(239, 83, 80, 1.0)"
2023-05-11 00:00:00+00:00,1.9755,2.1,1.91625,1.925,25377,0.0,0.0,0.0,0.0,0.0,0.0,0.0,0.0,,,,1.672476001307984,,,,,,,,,,,,,,,,1.6526546079125064,,"rgba(239, 83, 80, 1.0)"
2023-05-12 00:00:00+00:00,1.9755,1.9755,1.9755,1.9755,0,0.0,0.0,0.0,0.0,0.0,0.0,0.0,0.0,,,,1.672476001307984,,,,,,,,,,,,,,,,1.6526546079125064,,"rgba(239, 83, 80, 1.0)"
2023-05-15 00:00:00+00:00,1.975,2.1245,1.975,2.0,26550,0.0,0.0,0.0,0.0,0.0,0.0,0.0,0.0,,,,1.6749202982885472,,,,,,,,,,,,,,,,1.6551571741271236,,"rgba(239, 83, 80, 1.0)"
2023-05-16 00:00:00+00:00,1.9,2.115,1.728,1.96,29510,0.0,0.0,0.0,0.0,0.0,0.0,0.0,0.0,,,,1.676752137731532,,,,,,,,,,,,,,,,1.657079823214962,,"rgba(239, 83, 80, 1.0)"
2023-05-17 00:00:00+00:00,2.0,2.0,1.875,1.9,10308,0.0,0.0,0.0,0.0,0.0,0.0,0.0,0.0,,,,1.6775027044216262,,,,,,,,,,,,,,,,1.6578584303524588,,"rgba(239, 83, 80, 1.0)"
2023-05-18 00:00:00+00:00,1.95,2.075,1.905,1.95,41358,0.0,0.0,0.0,0.0,0.0,0.0,0.0,0.0,,,,1.6806683334706423,,,,,,,,,,,,,,,,1.661130485008541,,"rgba(239, 83, 80, 1.0)"
2023-05-19 00:00:00+00:00,1.975,1.999,1.925,1.95,10360,0.0,0.0,0.0,0.0,0.0,0.0,0.0,0.0,,,,1.6814235271904745,,,,,,,,,,,,,,,,1.6619131298286163,,"rgba(239, 83, 80, 0.75)"
2023-05-22 00:00:00+00:00,1.978,2.0725,1.9755,1.985,25470,0.0,0.0,0.0,0.0,0.0,0.0,0.0,0.0,,,,1.6835366637992517,,,,,,,,,,,,,,,,1.6640855150542297,,"rgba(239, 83, 80, 0.75)"
2023-05-23 00:00:00+00:00,2.0375,2.0375,2.0375,2.0375,36,0.0,0.0,0.0,0.0,0.0,0.0,0.0,0.0,,,,1.6835398944119457,,,,,,,,,,,,,,,,1.6640888216173046,,"rgba(239, 83, 80, 0.75)"
2023-05-24 00:00:00+00:00,2.075,2.075,2.005,2.07,3680,0.0,0.0,0.0,0.0,0.0,0.0,0.0,0.0,,,,1.6838830288737812,,,,,,,,,,,,,,,,1.6644393288463009,,#000000
2023-05-25 00:00:00+00:00,2.025,2.075,2.005,2.05,1287,0.0,0.0,0.0,0.0,0.0,0.0,0.0,0.0,,,,1.683997450452032,,,,,,,,,,,,,,,,1.6645564919188358,,#000000
2023-05-26 00:00:00+00:00,2.02,2.075,1.838,2.075,18602,0.0,0.0,0.0,0.0,0.0,0.0,0.0,0.0,,,,1.6853741996379474,,,,,,,,,,,,,,,,1.6659808838799584,,#000000
2023-05-30 00:00:00+00:00,1.95,1.95,1.9375,1.9375,1160,0.0,0.0,0.0,0.0,0.0,0.0,0.0,0.0,,,,1.6854503211489076,,,,,,,,,,,,,,,,1.6660602502671396,,"rgba(239, 83, 80, 0.75)"
2023-05-31 00:00:00+00:00,2.05,2.05,1.95,2.0,19288,0.0,0.0,0.0,0.0,0.0,0.0,0.0,0.0,,,,1.6870521031477104,,,,,,,,,,,,,,,,1.6677058091319465,,#000000
2023-06-01 00:00:00+00:00,1.9,1.99,1.8275,1.99,23672,0.0,0.0,0.0,0.0,0.0,0.0,0.0,0.0,,,,1.6883429640086118,,,,,,,,,,,,,,,,1.6690696272224832,,"rgba(239, 83, 80, 1.0)"
2023-06-02 00:00:00+00:00,1.875,1.925,1.7875,1.9,12379,0.0,0.0,0.0,0.0,0.0,0.0,0.0,0.0,,,,1.6888786657686503,,,,,,,,,,,,,,,,1.6696472221357859,,"rgba(239, 83, 80, 1.0)"
2023-06-05 00:00:00+00:00,1.875,1.945,1.7875,1.875,78908,0.0,0.0,0.0,0.0,0.0,0.0,0.0,0.0,,,,1.6923456463855788,,,,,,,,,,,,,,,,1.6733739753962387,,"rgba(239, 83, 80, 1.0)"
2023-06-06 00:00:00+00:00,1.8255,1.86,1.8225,1.8505,9095,0.0,0.0,0.0,0.0,0.0,0.0,0.0,0.0,,,,1.6926633509871516,,,,,,,,,,,,,,,,1.6737233434027832,,"rgba(239, 83, 80, 1.0)"
2023-06-07 00:00:00+00:00,1.725,1.8255,1.725,1.8255,28610,0.0,0.0,0.0,0.0,0.0,0.0,0.0,0.0,,,,1.693118209863799,,,,,,,,,,,,,,,,1.6742924052940016,,"rgba(239, 83, 80, 1.0)"
2023-06-08 00:00:00+00:00,1.69,1.695,1.69,1.695,2204,0.0,0.0,0.0,0.0,0.0,0.0,0.0,0.0,,,,1.693117437713989,,,,,,,,,,,,,,,,1.6743013849310688,,"rgba(239, 83, 80, 1.0)"
2023-06-09 00:00:00+00:00,1.41875,1.7,1.375,1.7,48189,0.0,0.0,0.0,0.0,0.0,0.0,0.0,0.0,,,,1.6908732073571753,,,,,,,,,,,,,,,,1.6723304622353585,,"rgba(239, 83, 80, 1.0)"
2023-06-12 00:00:00+00:00,1.55,1.58125,1.455,1.575,14790,0.0,0.0,0.0,0.0,0.0,0.0,0.0,0.0,,,,1.6903031460249256,,,,,,,,,,,,,,,,1.6718397381393708,,"rgba(239, 83, 80, 1.0)"
2023-06-13 00:00:00+00:00,1.5005,1.6,1.5,1.5,2910,0.0,0.0,0.0,0.0,0.0,0.0,0.0,0.0,,,,1.6901947394488053,,,,,,,,,,,,,,,,1.6717467726300481,,"rgba(239, 83, 80, 1.0)"
2023-06-14 00:00:00+00:00,1.5015,1.6,1.501,1.501,9448,0.0,0.0,0.0,0.0,0.0,0.0,0.0,0.0,,,,1.6898452961220416,,,,,,,,,,,,,,,,1.6714472491227803,,"rgba(239, 83, 80, 1.0)"
2023-06-15 00:00:00+00:00,1.575,1.6,1.55,1.575,1658,0.0,0.0,0.0,0.0,0.0,0.0,0.0,0.0,,,,1.6898001769412163,,,,,,,,,,,,,,,,1.6714104155480785,,"rgba(239, 83, 80, 0.75)"
2023-06-16 00:00:00+00:00,1.5993,1.6225,1.5625,1.575,1572,0.0,0.0,0.0,0.0,0.0,0.0,0.0,0.0,,,,1.6897647909765008,,,,,,,,,,,,,,,,1.6713826733063495,,"rgba(239, 83, 80, 0.75)"
2023-06-20 00:00:00+00:00,1.5985,1.622,1.575,1.586,430,0.0,0.0,0.0,0.0,0.0,0.0,0.0,0.0,,,,1.6897554964083812,,,,,,,,,,,,,,,,1.671375457879591,,"rgba(239, 83, 80, 0.75)"
2023-06-21 00:00:00+00:00,1.6,1.622,1.6,1.6165,8132,0.0,0.0,0.0,0.0,0.0,0.0,0.0,0.0,,,,1.6895970569936243,,,,,,,,,,,,,,,,1.67125577830934,,"rgba(239, 83, 80, 0.75)"
2023-06-22 00:00:00+00:00,1.5875,1.622,1.5075,1.6165,5044,0.0,0.0,0.0,0.0,0.0,0.0,0.0,0.0,,,,1.6894574063003405,,,,,,,,,,,,,,,,1.6711412471312592,,"rgba(239, 83, 80, 0.75)"
2023-06-23 00:00:00+00:00,1.575,1.59375,1.575,1.59375,5794,0.0,0.0,0.0,0.0,0.0,0.0,0.0,0.0,,,,1.689309581905085,,,,,,,,,,,,,,,,1.6710218558803207,,"rgba(239, 83, 80, 0.75)"
2023-06-26 00:00:00+00:00,1.575,1.6,1.575,1.575,1583,0.0,0.0,0.0,0.0,0.0,0.0,0.0,0.0,,,,1.6892700417814803,,,,,,,,,,,,,,,,1.6709900474156292,,"rgba(239, 83, 80, 0.75)"
2023-06-27 00:00:00+00:00,1.4995,1.5686,1.4005,1.5686,4266,0.0,0.0,0.0,0.0,0.0,0.0,0.0,0.0,,,,1.6890694140998892,,,,,,,,,,,,,,,,1.6708128372649056,,"rgba(239, 83, 80, 0.75)"
2023-06-28 00:00:00+00:00,1.425,1.45,1.4,1.45,3002,0.0,0.0,0.0,0.0,0.0,0.0,0.0,0.0,,,,1.688882890394177,,,,,,,,,,,,,,,,1.6706440220487149,,"rgba(239, 83, 80, 1.0)"
2023-06-29 00:00:00+00:00,1.51,1.51,1.35,1.425,2640,0.0,0.0,0.0,0.0,0.0,0.0,0.0,0.0,,,,1.688738734619467,,,,,,,,,,,,,,,,1.6705148686403581,,"rgba(239, 83, 80, 1.0)"
2023-06-30 00:00:00+00:00,1.45,1.55,1.45,1.55,4742,0.0,0.0,0.0,0.0,0.0,0.0,0.0,0.0,,,,1.6885099509744406,,,,,,,,,,,,,,,,1.670312152610615,,"rgba(239, 83, 80, 1.0)"
2023-07-03 00:00:00+00:00,1.355,1.45,1.355,1.45,11934,0.0,0.0,0.0,0.0,0.0,0.0,0.0,0.0,,,,1.687666221050883,,,,,,,,,,,,,,,,1.6695411721381967,,"rgba(239, 83, 80, 1.0)"
2023-07-05 00:00:00+00:00,1.45,1.467,1.355,1.45,9765,0.0,0.0,0.0,0.0,0.0,0.0,0.0,0.0,,,,1.6870645342979524,,,,,,,,,,,,,,,,1.6689962766646882,,"rgba(239, 83, 80, 0.75)"
2023-07-06 00:00:00+00:00,1.4525,1.47,1.4375,1.4525,2520,0.0,0.0,0.0,0.0,0.0,0.0,0.0,0.0,,,,1.6869269701519065,,,,,,,,,,,,,,,,1.6688728400355752,,"rgba(239, 83, 80, 0.75)"
2023-07-07 00:00:00+00:00,1.405,1.475,1.405,1.46875,2700,0.0,0.0,0.0,0.0,0.0,0.0,0.0,0.0,,,,1.686764004587542,,,,,,,,,,,,,,,,1.6687254215590974,,"rgba(239, 83, 80, 0.75)"
2023-07-10 00:00:00+00:00,1.4255,1.5,1.345,1.3475,48313,0.0,0.0,0.0,0.0,0.0,0.0,0.0,0.0,,,,1.6838283850000777,,,,,,,,,,,,,,,,1.6660653428064995,,"rgba(239, 83, 80, 0.75)"
2023-07-11 00:00:00+00:00,1.4275,1.475,1.37525,1.4255,100055,0.0,0.0,0.0,0.0,0.0,0.0,0.0,0.0,,,,1.678006830277803,,,,,,,,,,,,,,,,1.6607889684751471,,"rgba(239, 83, 80, 0.75)"
2023-07-12 00:00:00+00:00,1.53,1.6,1.475,1.475,22570,0.0,0.0,0.0,0.0,0.0,0.0,0.0,0.0,,,,1.67728237467275,,,,,,,,,,,,,,,,1.6601686087571017,,"rgba(239, 83, 80, 0.5)"
2023-07-13 00:00:00+00:00,1.7475,1.866,1.5625,1.6,60127,0.0,0.0,0.0,0.0,0.0,0.0,0.0,0.0,,,,1.677922217272521,,,,,,,,,,,,,,,,1.6610136596078973,,#000000
2023-07-14 00:00:00+00:00,1.725,1.8275,1.6495,1.725,36855,0.0,0.0,0.0,0.0,0.0,0.0,0.0,0.0,,,,1.6783762200119015,,,,,,,,,,,,,,,,1.6615892324715371,,"rgba(38, 166, 154, 1.0)"
2023-07-17 00:00:00+00:00,1.6,1.725,1.55,1.725,36137,0.0,0.0,0.0,0.0,0.0,0.0,0.0,0.0,,,,1.6779558446834775,,,,,,,,,,,,,,,,1.6613084807170686,,"rgba(38, 166, 154, 1.0)"
2023-07-18 00:00:00+00:00,1.60475,1.625,1.5375,1.615,62470,0.0,0.0,0.0,0.0,0.0,0.0,0.0,0.0,,,,1.6767621222448357,,,,,,,,,,,,,,,,1.6603629966183713,,"rgba(38, 166, 154, 1.0)"
2023-07-19 00:00:00+00:00,1.5925,1.625,1.5435,1.61,56033,0.0,0.0,0.0,0.0,0.0,0.0,0.0,0.0,,,,1.6756935586973625,,,,,,,,,,,,,,,,1.6595115733975752,,"rgba(38, 166, 154, 1.0)"
2023-07-20 00:00:00+00:00,1.6,1.625,1.5785,1.6,58291,0.0,0.0,0.0,0.0,0.0,0.0,0.0,0.0,,,,1.6747818994053227,,,,,,,,,,,,,,,,1.6588155608962496,,"rgba(38, 166, 154, 1.0)"
2023-07-21 00:00:00+00:00,1.525,1.611,1.49925,1.605,21918,0.0,0.0,0.0,0.0,0.0,0.0,0.0,0.0,,,,1.6741880707537817,,,,,,,,,,,,,,,,1.6583076899503573,,#000000
2023-07-24 00:00:00+00:00,1.6995,1.6995,1.55,1.55,39136,0.0,0.0,0.0,0.0,0.0,0.0,0.0,0.0,,,,1.6739892275348454,,,,,,,,,,,,,,,,1.6582393363451302,,"rgba(38, 166, 154, 0.75)"
2023-07-25 00:00:00+00:00,1.75,1.7745,1.625,1.6495,8390,0.0,0.0,0.0,0.0,0.0,0.0,0.0,0.0,,,,1.6740630002298005,,,,,,,,,,,,,,,,1.6583379691397568,,"rgba(38, 166, 154, 1.0)"
2023-07-26 00:00:00+00:00,1.625,1.75,1.6125,1.675,40951,0.0,0.0,0.0,0.0,0.0,0.0,0.0,0.0,,,,1.6739658806888347,,,,,,,,,,,,,,,,1.6583720789921192,,"rgba(38, 166, 154, 1.0)"
2023-07-27 00:00:00+00:00,1.7,1.7475,1.6,1.67475,73706,0.0,0.0,0.0,0.0,0.0,0.0,0.0,0.0,,,,1.674092972303211,,,,,,,,,,,,,,,,1.6587228093950823,,"rgba(38, 166, 154, 1.0)"
2023-07-28 00:00:00+00:00,1.7125,1.7125,1.6625,1.6625,28356,0.0,0.0,0.0,0.0,0.0,0.0,0.0,0.0,,,,1.6742168194390714,,,,,,,,,,,,,,,,1.6589291908903194,,"rgba(38, 166, 154, 1.0)"
2023-07-31 00:00:00+00:00,1.69525,1.69525,1.695,1.695,400,0.0,0.0,0.0,0.0,0.0,0.0,0.0,0.0,,,,1.6742185028114676,,,,,,,,,,,,,,,,1.6589320334694397,,"rgba(38, 166, 154, 1.0)"
2023-08-01 00:00:00+00:00,1.6,1.678,1.6,1.678,28787,0.0,0.0,0.0,0.0,0.0,0.0,0.0,0.0,,,,1.6739412695792488,,,,,,,,,,,,,,,,1.6587471641946965,,"rgba(38, 166, 154, 0.75)"
2023-08-02 00:00:00+00:00,1.5975,1.61805,1.5625,1.61725,14648,0.0,0.0,0.0,0.0,0.0,0.0,0.0,0.0,,,,1.673704235622643,,,,,,,,,,,,,,,,1.6585589930225677,,#000000
2023-08-03 00:00:00+00:00,1.575,1.604,1.575,1.575,1595,0.0,0.0,0.0,0.0,0.0,0.0,0.0,0.0,,,,1.6736759632339637,,,,,,,,,,,,,,,,1.6585360824281687,,#000000
2023-08-04 00:00:00+00:00,1.598,1.6127,1.54,1.6127,21212,0.0,0.0,0.0,0.0,0.0,0.0,0.0,0.0,,,,1.673297041407861,,,,,,,,,,,,,,,,1.6582282212150248,,#000000
2023-08-07 00:00:00+00:00,1.54,1.55,1.5275,1.545,3050,0.0,0.0,0.0,0.0,0.0,0.0,0.0,0.0,,,,1.673215989569858,,,,,,,,,,,,,,,,1.6581579618431892,,"rgba(239, 83, 80, 0.5)"
2023-08-08 00:00:00+00:00,1.5495,1.55,1.5075,1.55,14489,0.0,0.0,0.0,0.0,0.0,0.0,0.0,0.0,,,,1.672822269226366,,,,,,,,,,,,,,,,1.657815540556794,,"rgba(239, 83, 80, 0.5)"
2023-08-09 00:00:00+00:00,1.49125,1.5005,1.475,1.5005,8578,0.0,0.0,0.0,0.0,0.0,0.0,0.0,0.0,,,,1.6725111429876862,,,,,,,,,,,,,,,,1.6575364714647285,,"rgba(239, 83, 80, 0.5)"
2023-08-10 00:00:00+00:00,1.4535,1.47675,1.4535,1.4755,4350,0.0,0.0,0.0,0.0,0.0,0.0,0.0,0.0,,,,1.6723300539794057,,,,,,,,,,,,,,,,1.6573721422314738,,"rgba(239, 83, 80, 0.5)"
2023-08-11 00:00:00+00:00,1.4745,1.6495,1.425,1.5,13259,0.0,0.0,0.0,0.0,0.0,0.0,0.0,0.0,,,,1.671923539298284,,,,,,,,,,,,,,,,1.6570131560043606,,"rgba(239, 83, 80, 0.5)"
2023-08-14 00:00:00+00:00,1.425,1.475,1.4,1.475,8540,0.0,0.0,0.0,0.0,0.0,0.0,0.0,0.0,,,,1.671523749094327,,,,,,,,,,,,,,,,1.6566470543735972,,"rgba(239, 83, 80, 0.5)"
2023-08-15 00:00:00+00:00,1.45,1.4975,1.3,1.4005,8796,0.0,0.0,0.0,0.0,0.0,0.0,0.0,0.0,,,,1.6710832221791312,,,,,,,,,,,,,,,,1.6562417774074896,,"rgba(239, 83, 80, 0.5)"
2023-08-16 00:00:00+00:00,1.325,1.45875,1.325,1.45,75828,0.0,0.0,0.0,0.0,0.0,0.0,0.0,0.0,,,,1.6666707033810853,,,,,,,,,,,,,,,,1.6521423402882736,,"rgba(239, 83, 80, 1.0)"
2023-08-17 00:00:00+00:00,1.2,1.25,1.0005,1.0005,60474,0.0,0.0,0.0,0.0,0.0,0.0,0.0,0.0,,,,1.660711714509544,,,,,,,,,,,,,,,,1.646481822990721,,"rgba(239, 83, 80, 1.0)"
2023-08-18 00:00:00+00:00,1.15,1.2125,1.075,1.2,12680,0.0,0.0,0.0,0.0,0.0,0.0,0.0,0.0,,,,1.6594691906220476,,,,,,,,,,,,,,,,1.6453008736231975,,"rgba(239, 83, 80, 1.0)"
2023-08-21 00:00:00+00:00,1.0795,1.1925,1.06,1.12375,28159,0.0,0.0,0.0,0.0,0.0,0.0,0.0,0.0,,,,1.6565437390191906,,,,,,,,,,,,,,,,1.6425148549304522,,"rgba(239, 83, 80, 1.0)"
2023-08-22 00:00:00+00:00,1.1125,1.125,1.1,1.125,7851,0.0,0.0,0.0,0.0,0.0,0.0,0.0,0.0,,,,1.6557363675396892,,,,,,,,,,,,,,,,1.6417459147635574,,"rgba(239, 83, 80, 1.0)"
2023-08-23 00:00:00+00:00,1.375,1.375,1.1125,1.1125,69001,0.0,0.0,0.0,0.0,0.0,0.0,0.0,0.0,,,,1.6509953791803251,,,,,,,,,,,,,,,,1.6372858907139751,,"rgba(239, 83, 80, 0.75)"
2023-08-24 00:00:00+00:00,1.35,1.3745,1.205,1.26,2220,0.0,0.0,0.0,0.0,0.0,0.0,0.0,0.0,,,,1.6508541187089716,,,,,,,,,,,,,,,,1.6371533032566117,,"rgba(239, 83, 80, 0.5)"
2023-08-25 00:00:00+00:00,1.4,1.4,1.25,1.25,12181,0.0,0.0,0.0,0.0,0.0,0.0,0.0,0.0,,,,1.6501721564903118,,,,,,,,,,,,,,,,1.6365167510291758,,"rgba(239, 83, 80, 0.5)"
2023-08-28 00:00:00+00:00,1.375,1.375,1.3,1.3,11649,0.0,0.0,0.0,0.0,0.0,0.0,0.0,0.0,,,,1.6495228645138273,,,,,,,,,,,,,,,,1.6359106343476715,,"rgba(239, 83, 80, 0.5)"
2023-08-29 00:00:00+00:00,1.399,1.4,1.2505,1.30075,16390,0.0,0.0,0.0,0.0,0.0,0.0,0.0,0.0,,,,1.6486135548970107,,,,,,,,,,,,,,,,1.635061670498539,,#000000
2023-08-30 00:00:00+00:00,1.35,1.408,1.205,1.408,7720,0.0,0.0,0.0,0.0,0.0,0.0,0.0,0.0,,,,1.6481460133700025,,,,,,,,,,,,,,,,1.6346232887657066,,#000000
2023-08-31 00:00:00+00:00,1.35,1.35,1.275,1.35,3042,0.0,0.0,0.0,0.0,0.0,0.0,0.0,0.0,,,,1.6479643970434235,,,,,,,,,,,,,,,,1.6344530830124844,,#000000
2023-09-01 00:00:00+00:00,1.225,1.275,1.0505,1.275,16115,0.0,0.0,0.0,0.0,0.0,0.0,0.0,0.0,,,,1.646585637610494,,,,,,,,,,,,,,,,1.6331436593335604,,"rgba(239, 83, 80, 0.5)"
2023-09-05 00:00:00+00:00,1.1,1.225,1.05,1.225,18974,1.0,1.225,1.05,0.0,0.0,0.0,0.0,0.0,,,1.1250000000000002,1.6447689719617538,,,,,,,,,,,,,,,,1.6314123220533405,,"rgba(239, 83, 80, 0.5)"
2023-09-06 00:00:00+00:00,1.175,1.175,1.0755,1.1,15110,0.0,0.0,0.0,0.0,0.0,0.0,0.0,0.0,,,1.1324624946211321,1.643377852466261,,,,,,,,,,,,,,,,1.6300875330165803,,"rgba(239, 83, 80, 0.5)"
2023-09-07 00:00:00+00:00,1.1,1.153,1.1,1.125,33103,0.0,0.0,0.0,0.0,0.0,0.0,0.0,0.0,,,1.125172597873597,1.6402113607401103,,,,,,,,,,,,,,,,1.6270676741694328,,"rgba(239, 83, 80, 1.0)"
2023-09-08 00:00:00+00:00,1.1085,1.15,1.101,1.15,12022,0.0,0.0,0.0,0.0,0.0,0.0,0.0,0.0,,,1.124362227356319,1.6390755381689794,,,,,,,,,,,,,,,,1.6259843726805645,,"rgba(239, 83, 80, 1.0)"
2023-09-11 00:00:00+00:00,1.15,1.2,1.15,1.15,16353,0.0,0.0,0.0,0.0,0.0,0.0,0.0,0.0,,,1.1316015536161517,1.6376771015552907,,,,,,,,,,,,,,,,1.6246538730722195,,"rgba(239, 83, 80, 1.0)"
2023-09-12 00:00:00+00:00,1.32,1.375,1.15,1.2,34545,0.0,0.0,0.0,0.0,0.0,0.0,0.0,0.0,,,1.1714456767634844,1.6354646799472623,,,,,,,,,,,,,,,,1.622567856085255,,"rgba(239, 83, 80, 0.5)"
2023-09-13 00:00:00+00:00,1.3,1.36,1.251,1.3205,2983,0.0,0.0,0.0,0.0,0.0,0.0,0.0,0.0,,,1.1744091992887018,1.6352867233842228,,,,,,,,,,,,,,,,1.6224004635479663,,"rgba(239, 83, 80, 0.5)"
2023-09-14 00:00:00+00:00,1.375,1.41,1.29,1.375,17908,0.0,0.0,0.0,0.0,0.0,0.0,0.0,0.0,,,1.196222159675404,1.6343978403144415,,,,,,,,,,,,,,,,1.621570953327846,,#000000
2023-09-15 00:00:00+00:00,1.447,1.447,1.34,1.375,27860,0.0,0.0,0.0,0.0,0.0,0.0,0.0,0.0,,,1.2297291724906536,1.6332895861814343,,,,,,,,,,,,,,,,1.620548520865631,,"rgba(38, 166, 154, 1.0)"
2023-09-18 00:00:00+00:00,1.5,1.5,1.4255,1.447,9689,0.0,0.0,0.0,0.0,0.0,0.0,0.0,0.0,,,1.2423416451424136,1.6330168443165998,,,,,,,,,,,,,,,,1.6203030509114045,,"rgba(38, 166, 154, 1.0)"
2023-09-19 00:00:00+00:00,1.525,1.545,1.5,1.5,6466,0.0,0.0,0.0,0.0,0.0,0.0,0.0,0.0,,,1.2516584202078833,1.6328907325992605,,,,,,,,,,,,,,,,1.620193908906376,,"rgba(38, 166, 154, 1.0)"
2023-09-20 00:00:00+00:00,1.525,1.525,1.525,1.525,0,0.0,0.0,0.0,0.0,0.0,0.0,0.0,0.0,,,1.2516584202078833,1.6328907325992605,,,,,,,,,,,,,,,,1.620193908906376,,"rgba(38, 166, 154, 1.0)"
2023-09-21 00:00:00+00:00,1.536875,1.5485,1.5,1.52425,3980,0.0,0.0,0.0,0.0,0.0,0.0,0.0,0.0,,,1.2571946132108498,1.6328168759716495,,,,,,,,,,,,,,,,1.6201303991879417,,"rgba(38, 166, 154, 1.0)"
2023-09-22 00:00:00+00:00,1.72,1.72,1.5325,1.54125,11970,0.0,0.0,0.0,0.0,0.0,0.0,0.0,0.0,,,1.2799078637802204,1.632869265279735,,,,,,,,,,,,,,,,1.6202080468895383,,"rgba(38, 166, 154, 1.0)"
2023-09-25 00:00:00+00:00,1.8,1.8,1.551,1.6355,14670,0.0,0.0,0.0,0.0,0.0,0.0,0.0,0.0,,,1.3083263204702622,1.6330875407587095,,,,,,,,,,,,,,,,1.620453902900986,,"rgba(38, 166, 154, 1.0)"
2023-09-26 00:00:00+00:00,2.15,2.175,1.8,1.8,42962,0.0,0.0,0.0,0.0,0.0,0.0,0.0,0.0,,,1.4256247361268823,1.6361685534195445,,,,,,,,,,,,,,,,1.623564035148778,,"rgba(38, 166, 154, 1.0)"
2023-09-27 00:00:00+00:00,2.0,2.25,1.9,2.2,38755,0.0,0.0,0.0,0.0,0.0,0.0,0.0,0.0,,,1.5043547291361639,1.6389645704752824,,,,,,,,,,,,,,,,1.6263856081449348,,"rgba(38, 166, 154, 1.0)"
2023-09-28 00:00:00+00:00,2.0,2.0,1.95,1.95,3640,0.0,0.0,0.0,0.0,0.0,0.0,0.0,0.0,,,1.5099609612313363,1.6391829632220438,,,,,,,,,,,,,,,,1.626607298048535,,"rgba(38, 166, 154, 1.0)"
2023-09-29 00:00:00+00:00,1.925,2.0,1.9,2.0,18709,0.0,0.0,0.0,0.0,0.0,0.0,0.0,0.0,,,1.5344584029675552,1.6401657341733389,,,,,,,,,,,,,,,,1.6276098311883862,,"rgba(38, 166, 154, 0.75)"
2023-10-02 00:00:00+00:00,1.9,1.98,1.9,1.95,18862,0.0,0.0,0.0,0.0,0.0,0.0,0.0,0.0,,,1.5556823272444897,1.64110112540744,,,,,,,,,,,,,,,,1.6285661577586799,,"rgba(38, 166, 154, 0.75)"
2023-10-03 00:00:00+00:00,1.9,1.9,1.85,1.875,5860,0.0,0.0,0.0,0.0,0.0,0.0,0.0,0.0,,,1.561099711924519,1.641346578623361,,,,,,,,,,,,,,,,1.628819014528008,,"rgba(38, 166, 154, 0.75)"
2023-10-04 00:00:00+00:00,1.885,1.9,1.8,1.85,36723,0.0,0.0,0.0,0.0,0.0,0.0,0.0,0.0,,,1.589318782852351,1.6427367949929992,,,,,,,,,,,,,,,,1.6302583123982959,,"rgba(38, 166, 154, 0.75)"
2023-10-05 00:00:00+00:00,1.875,1.9,1.83,1.875,14620,0.0,0.0,0.0,0.0,0.0,0.0,0.0,0.0,,,1.5993718992649255,1.6433020967407812,,,,,,,,,,,,,,,,1.630842745011419,,"rgba(38, 166, 154, 0.75)"
2023-10-06 00:00:00+00:00,1.9,1.9,1.9,1.9,5005,0.0,0.0,0.0,0.0,0.0,0.0,0.0,0.0,,,1.6030348914677914,1.6435221128768605,,,,,,,,,,,,,,,,1.6310687502942935,,"rgba(38, 166, 154, 0.75)"
2023-10-09 00:00:00+00:00,1.925,1.925,1.8,1.825,13800,0.0,0.0,0.0,0.0,0.0,0.0,0.0,0.0,,,1.612145586072778,1.6440875073855,,,,,,,,,,,,,,,,1.631651442853664,,"rgba(38, 166, 154, 0.75)"
2023-10-10 00:00:00+00:00,1.95,1.95,1.91,1.95,1757,0.0,0.0,0.0,0.0,0.0,0.0,0.0,0.0,,,1.6134830216000589,1.6441753060287219,,,,,,,,,,,,,,,,1.6317411175016687,,"rgba(38, 166, 154, 0.75)"
2023-10-11 00:00:00+00:00,1.875,1.95,1.875,1.95,4155,0.0,0.0,0.0,0.0,0.0,0.0,0.0,0.0,,,1.6162484817370957,1.6443567230615446,,,,,,,,,,,,,,,,1.6319274976698634,,"rgba(38, 166, 154, 0.75)"
2023-10-12 00:00:00+00:00,1.8985,1.8985,1.8985,1.8985,801,0.0,0.0,0.0,0.0,0.0,0.0,0.0,0.0,,,1.6167726943546605,1.6443914619838835,,,,,,,,,,,,,,,,1.631963197344652,,"rgba(38, 166, 154, 0.75)"
2023-10-13 00:00:00+00:00,1.85,1.9,1.85,1.8985,17228,0.0,0.0,0.0,0.0,0.0,0.0,0.0,0.0,,,1.6263715290628973,1.6450430245888488,,,,,,,,,,,,,,,,1.6326372931553723,,"rgba(38, 166, 154, 0.75)"
2023-10-16 00:00:00+00:00,1.8,1.91975,1.8,1.91975,367,0.0,0.0,0.0,0.0,0.0,0.0,0.0,0.0,,,1.626546122694339,1.6450551926761412,,,,,,,,,,,,,,,,1.6326499744279213,,"rgba(38, 166, 154, 0.75)"
2023-10-17 00:00:00+00:00,1.85,1.85,1.75,1.85,26460,0.0,0.0,0.0,0.0,0.0,0.0,0.0,0.0,,,1.6371293291215847,1.6458243028602395,,,,,,,,,,,,,,,,1.6334580952799835,,"rgba(38, 166, 154, 0.75)"
2023-10-18 00:00:00+00:00,1.7525,1.825,1.75,1.825,7941,0.0,0.0,0.0,0.0,0.0,0.0,0.0,0.0,,,1.6394084490017478,1.6459989322657573,,,,,,,,,,,,,,,,1.6336454941223728,,#000000
2023-10-19 00:00:00+00:00,1.75,1.75,1.725,1.75,98323,0.0,0.0,0.0,0.0,0.0,0.0,0.0,0.0,,,1.6566957898685413,1.6475639736755519,,,,,,,,,,,,,,,,1.6353777040921569,,#000000
2023-10-20 00:00:00+00:00,1.75,1.7565,1.725,1.75,130942,0.0,0.0,0.0,0.0,0.0,0.0,0.0,0.0,,,1.6727088083339066,1.6496166108281696,,,,,,,,,,,,,,,,1.637645429896162,,"rgba(239, 83, 80, 0.5)"
2023-10-23 00:00:00+00:00,1.9515,1.968,1.74,1.745,49369,0.0,0.0,0.0,0.0,0.0,0.0,0.0,0.0,,,1.6865616644923127,1.6515057186937863,,,,,,,,,,,,,,,,1.6395919062417574,,#000000
2023-10-24 00:00:00+00:00,1.8875,1.9515,1.8875,1.9515,3124,0.0,0.0,0.0,0.0,0.0,0.0,0.0,0.0,,,1.687469303732112,1.6516355101579305,,,,,,,,,,,,,,,,1.639725101016556,,"rgba(38, 166, 154, 0.5)"
2023-10-25 00:00:00+00:00,2.0125,2.2,1.895,1.9,50204,0.0,0.0,0.0,0.0,0.0,0.0,0.0,0.0,,,1.7089222105351392,1.6547246380639091,,,,,,,,,,,,,,,,1.6428493629393954,,"rgba(38, 166, 154, 1.0)"
2023-10-26 00:00:00+00:00,2.0875,2.0875,2.0,2.0,4220,0.0,0.0,0.0,0.0,0.0,0.0,0.0,0.0,,,1.7107215844377195,1.6549972357800353,,,,,,,,,,,,,,,,1.6431246426053598,,"rgba(38, 166, 154, 1.0)"
2023-10-27 00:00:00+00:00,2.09875,2.2,1.95,2.1485,13776,0.0,0.0,0.0,0.0,0.0,0.0,0.0,0.0,,,1.7168751345157118,1.655938643821902,,,,,,,,,,,,,,,,1.644073802945043,,"rgba(38, 166, 154, 1.0)"
2023-10-30 00:00:00+00:00,1.95,2.225,1.95,2.1,15220,0.0,0.0,0.0,0.0,0.0,0.0,0.0,0.0,,,1.7227013967135603,1.65687390801049,,,,,,,,,,,,,,,,1.6450195783656802,,"rgba(38, 166, 154, 1.0)"
2023-10-31 00:00:00+00:00,2.06,2.1555,1.975,2.1555,2850,0.0,0.0,0.0,0.0,0.0,0.0,0.0,0.0,,,1.7238423213862002,1.6570584441483365,,,,,,,,,,,,,,,,1.6452058991869032,,"rgba(38, 166, 154, 1.0)"
2023-11-01 00:00:00+00:00,1.975,2.1425,1.975,2.1425,11317,0.0,0.0,0.0,0.0,0.0,0.0,0.0,0.0,,,1.7278698250375122,1.6577308025486404,,,,,,,,,,,,,,,,1.6458864702599545,,"rgba(38, 166, 154, 0.75)"
2023-11-02 00:00:00+00:00,2.15,2.15,1.975,1.975,22498,0.0,0.0,0.0,0.0,0.0,0.0,0.0,0.0,,,1.7371168108654078,1.6592770484741814,,,,,,,,,,,,,,,,1.6474450100238691,,"rgba(38, 166, 154, 0.75)"
2023-11-03 00:00:00+00:00,2.1,2.175,2.04525,2.175,45048,0.0,0.0,0.0,0.0,0.0,0.0,0.0,0.0,,,1.755018112568792,1.6624470815289583,,,,,,,,,,,,,,,,1.6506380194285355,,"rgba(38, 166, 154, 0.75)"
2023-11-06 00:00:00+00:00,2.5,2.5,2.144,2.144,106323,0.0,0.0,0.0,0.0,0.0,0.0,0.0,0.0,,,1.8192653168090063,1.6742695269257084,,,,,,,,,,,,,,,,1.66243359312841,,"rgba(38, 166, 154, 1.0)"
2023-11-07 00:00:00+00:00,2.74,2.75,2.575,2.6,47283,0.0,0.0,0.0,0.0,0.0,0.0,0.0,0.0,,,1.857181067795438,1.681632031381919,,,,,,,,,,,,,,,,1.669745974440131,,"rgba(38, 166, 154, 1.0)"
2023-11-08 00:00:00+00:00,2.7275,2.7495,2.565,2.744,11403,0.0,0.0,0.0,0.0,0.0,0.0,0.0,0.0,,,1.8657552048616761,1.6833782361500413,,,,,,,,,,,,,,,,1.671480733638916,,"rgba(38, 166, 154, 1.0)"
2023-11-09 00:00:00+00:00,2.475,2.75,2.475,2.725,33590,0.0,0.0,0.0,0.0,0.0,0.0,0.0,0.0,,,1.8866130038088729,1.687902810097262,,,,,,,,,,,,,,,,1.675983054625599,,"rgba(38, 166, 154, 1.0)"
2023-11-10 00:00:00+00:00,3.665,3.6745,2.5,2.5,554915,0.0,0.0,0.0,0.0,0.0,0.0,0.0,0.0,,,2.3457961512054237,1.8121071183280912,,,,,,,,,,,,,,,,1.7990211617711365,,"rgba(38, 166, 154, 1.0)"
2023-11-13 00:00:00+00:00,4.3,4.8,3.9745,4.2,531160,0.0,0.0,0.0,0.0,0.0,0.0,0.0,0.0,,,2.8283995334733287,1.9890366558849897,,,,,,,,,,,,,,,,1.9740847735828946,,"rgba(38, 166, 154, 1.0)"
2023-11-14 00:00:00+00:00,4.425,4.5,3.8005,4.3,133012,0.0,0.0,0.0,0.0,0.0,0.0,0.0,0.0,,,2.9084741788781683,2.027569111748785,,,,,,,,,,,,,,,,2.0122778507933363,,"rgba(38, 166, 154, 1.0)"
2023-11-15 00:00:00+00:00,4.55,4.7725,4.425,4.475,144484,0.0,0.0,0.0,0.0,0.0,0.0,0.0,0.0,,,3.005519543388761,2.074172539219176,,,,,,,,,,,,,,,,2.0584538158792203,,"rgba(38, 166, 154, 1.0)"
2023-11-16 00:00:00+00:00,4.575,4.6775,4.355,4.55,71029,0.0,0.0,0.0,0.0,0.0,0.0,0.0,0.0,,,3.0479233879346763,2.0960504489295695,,,,,,,,,,,,,,,,2.0801425865592313,,"rgba(38, 166, 154, 1.0)"
2023-11-17 00:00:00+00:00,4.85,5.0,4.575,4.6,170669,0.0,0.0,0.0,0.0,0.0,0.0,0.0,0.0,,,3.157814879882753,2.15275982738754,,,,,,,,,,,,,,,,2.136350187886771,,"rgba(38, 166, 154, 1.0)"
2023-11-20 00:00:00+00:00,5.75,6.95,5.05,5.15,428402,0.0,0.0,0.0,0.0,0.0,0.0,0.0,0.0,,,3.531544657172308,2.3404496053734873,,,,,,,,,,,,,,,,2.322236420825504,,"rgba(38, 166, 154, 1.0)"
2023-11-21 00:00:00+00:00,4.5495,5.85,4.26,5.85,266830,0.0,0.0,0.0,0.0,0.0,0.0,0.0,0.0,,,3.6369731709828934,2.4171448569264364,,,,,,,,,,,,,,,,2.398437908101335,,"rgba(38, 166, 154, 0.75)"
2023-11-22 00:00:00+00:00,4.76425,4.95,4.495,4.55,44839,0.0,0.0,0.0,0.0,0.0,0.0,0.0,0.0,,,3.6511632729897867,2.428825897593354,,,,,,,,,,,,,,,,2.410055049349542,,"rgba(38, 166, 154, 0.75)"
2023-11-24 00:00:00+00:00,4.55,4.8465,4.47625,4.667,15138,0.0,0.0,0.0,0.0,0.0,0.0,0.0,0.0,,,3.6553849836039083,2.432552585846007,,,,,,,,,,,,,,,,2.413763215745656,,"rgba(38, 166, 154, 0.75)"
2023-11-27 00:00:00+00:00,5.15,5.35,4.37,4.55,64392,0.0,0.0,0.0,0.0,0.0,0.0,0.0,0.0,,,3.6789642367905797,2.4506473308653,,,,,,,,,,,,,,,,2.431750012130878,,"rgba(38, 166, 154, 0.75)"
2023-11-28 00:00:00+00:00,5.6,5.6,5.15,5.15,61089,0.0,0.0,0.0,0.0,0.0,0.0,0.0,0.0,,,3.7088947968961428,2.4709082187369584,,,,,,,,,,,,,,,,2.4518689781401157,,"rgba(38, 166, 154, 0.75)"
2023-11-29 00:00:00+00:00,5.25,5.85,5.15,5.6,75188,0.0,0.0,0.0,0.0,0.0,0.0,0.0,0.0,,,3.7436934172828744,2.49519767190194,,,,,,,,,,,,,,,,2.475994822923765,,"rgba(38, 166, 154, 0.75)"
2023-11-30 00:00:00+00:00,5.05,5.299,4.775,5.2,42953,0.0,0.0,0.0,0.0,0.0,0.0,0.0,0.0,,,3.758624973210948,2.5071349738803246,,,,,,,,,,,,,,,,2.4878651554520856,,"rgba(38, 166, 154, 0.5)"
2023-12-01 00:00:00+00:00,5.075,5.1,4.9,5.0,23728,0.0,0.0,0.0,0.0,0.0,0.0,0.0,0.0,,,3.7666238494903377,2.513639285927101,,,,,,,,,,,,,,,,2.494333910139446,,"rgba(38, 166, 154, 0.5)"
2023-12-04 00:00:00+00:00,4.9495,5.15,4.9,5.1,32684,0.0,0.0,0.0,0.0,0.0,0.0,0.0,0.0,,,3.7772607564409784,2.5224545515873364,,,,,,,,,,,,,,,,2.503102362537294,,"rgba(38, 166, 154, 0.5)"
2023-12-05 00:00:00+00:00,4.9785,5.0505,4.95,4.98575,58154,0.0,0.0,0.0,0.0,0.0,0.0,0.0,0.0,,,3.795636666195358,2.5379429446802835,,,,,,,,,,,,,,,,2.518510799803178,,"rgba(38, 166, 154, 0.5)"
2023-12-06 00:00:00+00:00,4.9,5.05,4.65,5.0,51532,0.0,0.0,0.0,0.0,0.0,0.0,0.0,0.0,,,3.8097922956582173,2.550808333315466,,,,,,,,,,,,,,,,2.5313171799583283,,"rgba(38, 166, 154, 0.5)"
2023-12-07 00:00:00+00:00,4.95,5.05,4.85,4.902,35836,0.0,0.0,0.0,0.0,0.0,0.0,0.0,0.0,,,3.820176676700209,2.5599905405934105,,,,,,,,,,,,,,,,2.540455721902027,,"rgba(38, 166, 154, 0.5)"
2023-12-08 00:00:00+00:00,4.9,5.0,4.75,4.9,47273,0.0,0.0,0.0,0.0,0.0,0.0,0.0,0.0,,,3.8327978866545713,2.5716613771884758,,,,,,,,,,,,,,,,2.5520750766983697,,"rgba(38, 166, 154, 0.5)"
2023-12-11 00:00:00+00:00,4.625,4.85,4.5505,4.85,31875,0.0,0.0,0.0,0.0,0.0,0.0,0.0,0.0,,,3.8394871839459888,2.5787620717091886,,,,,,,,,,,,,,,,2.559151084477936,,"rgba(38, 166, 154, 0.5)"
2023-12-12 00:00:00+00:00,4.5285,4.65,3.8,4.65,94188,0.0,0.0,0.0,0.0,0.0,0.0,0.0,0.0,,,3.850645369751455,2.596019876565049,,,,,,,,,,,,,,,,2.5763836190345737,,#000000
2023-12-13 00:00:00+00:00,4.5,4.5005,4.05,4.45,49567,0.0,0.0,0.0,0.0,0.0,0.0,0.0,0.0,,,3.8566005234057417,2.605089801666635,,,,,,,,,,,,,,,,2.5854405934376086,,#000000
2023-12-14 00:00:00+00:00,4.45,4.85,4.39,4.5,25674,0.0,0.0,0.0,0.0,0.0,0.0,0.0,0.0,,,3.8609378445430518,2.6103203089317284,,,,,,,,,,,,,,,,2.5906578140077214,,#000000
2023-12-15 00:00:00+00:00,4.275,4.65,4.1,4.5,47859,0.0,0.0,0.0,0.0,0.0,0.0,0.0,0.0,,,3.8663753076916656,2.618898073808701,,,,,,,,,,,,,,,,2.599225522117114,,"rgba(239, 83, 80, 1.0)"
2023-12-18 00:00:00+00:00,4.575,4.95,4.25,4.275,33529,0.0,0.0,0.0,0.0,0.0,0.0,0.0,0.0,,,3.87207744663034,2.6257217515107545,,,,,,,,,,,,,,,,2.606032159473996,,"rgba(239, 83, 80, 1.0)"
2023-12-19 00:00:00+00:00,4.75,4.75,4.5,4.6,20411,0.0,0.0,0.0,0.0,0.0,0.0,0.0,0.0,,,3.8758622043627287,2.6300102357219965,,,,,,,,,,,,,,,,2.6103086697286466,,#000000
2023-12-20 00:00:00+00:00,4.6975,4.8095,4.55,4.675,40504,0.0,0.0,0.0,0.0,0.0,0.0,0.0,0.0,,,3.883444897667775,2.638546140794925,,,,,,,,,,,,,,,,2.618820644047808,,#000000
2023-12-21 00:00:00+00:00,4.8995,4.916,4.65,4.7,10478,0.0,0.0,0.0,0.0,0.0,0.0,0.0,0.0,,,3.8857124417687543,2.640888880993783,,,,,,,,,,,,,,,,2.6211555759317062,,"rgba(38, 166, 154, 0.5)"
2023-12-22 00:00:00+00:00,5.03,5.05,4.8,4.8498,36596,0.0,0.0,0.0,0.0,0.0,0.0,0.0,0.0,,,3.8947032538518047,2.649547835713393,,,,,,,,,,,,,,,,2.629781568404372,,"rgba(38, 166, 154, 0.5)"
2023-12-26 00:00:00+00:00,5.005,5.05,4.99,4.99,25009,0.0,0.0,0.0,0.0,0.0,0.0,0.0,0.0,,,3.9010741038914096,2.6555680793698366,,,,,,,,,,,,,,,,2.6357781725920053,,"rgba(38, 166, 154, 0.5)"
2023-12-27 00:00:00+00:00,5.0,5.05,4.85,4.95,6860,0.0,0.0,0.0,0.0,0.0,0.0,0.0,0.0,,,3.9027337150911454,2.6571803690637754,,,,,,,,,,,,,,,,2.637384474305601,,"rgba(38, 166, 154, 0.5)"
2023-12-28 00:00:00+00:00,4.95,5.225,4.875,4.95,13650,0.0,0.0,0.0,0.0,0.0,0.0,0.0,0.0,,,3.9061751452395646,2.6604511251464706,,,,,,,,,,,,,,,,2.6406425787285905,,"rgba(38, 166, 154, 0.5)"
2023-12-29 00:00:00+00:00,4.59,4.9125,4.5,4.9,38459,0.0,0.0,0.0,0.0,0.0,0.0,0.0,0.0,,,3.912744932125933,2.66825950754482,,,,,,,,,,,,,,,,2.6484325384385974,,"rgba(38, 166, 154, 0.5)"
2024-01-02 00:00:00+00:00,4.85,5.05,4.6,5.0,54262,0.0,0.0,0.0,0.0,0.0,0.0,0.0,0.0,,,3.923818532684726,2.680078930626109,,,,,,,,,,,,,,,,2.660216542644662,,"rgba(38, 166, 154, 0.5)"
2024-01-03 00:00:00+00:00,5.35,5.4675,4.855,4.95,48247,0.0,0.0,0.0,0.0,0.0,0.0,0.0,0.0,,,3.9375791276826737,2.6923682325160763,,,,,,,,,,,,,,,,2.6724533343057253,,"rgba(38, 166, 154, 0.5)"
2024-01-04 00:00:00+00:00,4.6975,5.55,4.5,5.4,138781,0.0,0.0,0.0,0.0,0.0,0.0,0.0,0.0,,,3.966477042404779,2.7228396188779684,,,,,,,,,,,,,,,,2.7028341165540923,,"rgba(38, 166, 154, 0.5)"
2024-01-05 00:00:00+00:00,4.8,4.85,4.7,4.7,30031,0.0,0.0,0.0,0.0,0.0,0.0,0.0,0.0,,,3.9716654362100283,2.7289319986376857,,,,,,,,,,,,,,,,2.7089131232915626,,#000000
2024-01-08 00:00:00+00:00,4.45,4.775,4.2,4.605,45112,0.0,0.0,0.0,0.0,0.0,0.0,0.0,0.0,,,3.976422535394216,2.7366530142221634,,,,,,,,,,,,,,,,2.7166309918205465,,#000000
2024-01-09 00:00:00+00:00,4.49,4.55,4.45,4.5,5576,0.0,0.0,0.0,0.0,0.0,0.0,0.0,0.0,,,3.977029573955607,2.7376144553347763,,,,,,,,,,,,,,,,2.7175919625974982,,#000000
2024-01-10 00:00:00+00:00,4.55,4.6,4.375,4.47075,19737,0.0,0.0,0.0,0.0,0.0,0.0,0.0,0.0,,,3.9792149206276446,2.7410316971198916,,,,,,,,,,,,,,,,2.7210073786296474,,"rgba(239, 83, 80, 1.0)"
2024-01-11 00:00:00+00:00,4.4,4.525,4.325,4.45,15128,0.0,0.0,0.0,0.0,0.0,0.0,0.0,0.0,,,3.9805897251431093,2.7435066329759525,,,,,,,,,,,,,,,,2.723482607099115,,"rgba(239, 83, 80, 1.0)"
2024-01-12 00:00:00+00:00,4.35,4.4152,4.0935,4.375,39741,0.0,0.0,0.0,0.0,0.0,0.0,0.0,0.0,,,3.983092447002404,2.7494694153994317,,,,,,,,,,,,,,,,2.7294524302950194,,"rgba(239, 83, 80, 1.0)"
2024-01-16 00:00:00+00:00,4.35,4.46,4.2,4.3,20957,0.0,0.0,0.0,0.0,0.0,0.0,0.0,0.0,,,3.9846126336549252,2.7526978865237064,,,,,,,,,,,,,,,,2.7326836155399525,,"rgba(239, 83, 80, 1.0)"
2024-01-17 00:00:00+00:00,4.1625,4.335,4.139,4.325,12379,0.0,0.0,0.0,0.0,0.0,0.0,0.0,0.0,,,3.9851890758390756,2.754449328574413,,,,,,,,,,,,,,,,2.7344384618970397,,"rgba(239, 83, 80, 1.0)"
2024-01-18 00:00:00+00:00,4.1745,4.3095,4.05,4.2125,35819,0.0,0.0,0.0,0.0,0.0,0.0,0.0,0.0,,,3.9865920801824997,2.759375350708673,,,,,,,,,,,,,,,,2.7393759301989045,,"rgba(239, 83, 80, 1.0)"
2024-01-19 00:00:00+00:00,4.144,4.2,4.13,4.175,15215,0.0,0.0,0.0,0.0,0.0,0.0,0.0,0.0,,,3.98712025351517,2.7614281439726565,,,,,,,,,,,,,,,,2.741434020023892,,"rgba(239, 83, 80, 1.0)"
2024-01-22 00:00:00+00:00,4.0895,4.2,3.8595,4.175,29305,0.0,0.0,0.0,0.0,0.0,0.0,0.0,0.0,,,3.9874892717919903,2.765059627699737,,,,,,,,,,,,,,,,2.745079375742121,,"rgba(239, 83, 80, 1.0)"
2024-01-23 00:00:00+00:00,3.8525,4.1,3.85,4.1,27924,0.0,0.0,0.0,0.0,0.0,0.0,0.0,0.0,,,3.9871911745093924,2.7681915645796904,,,,,,,,,,,,,,,,2.7482282330331955,,"rgba(239, 83, 80, 1.0)"
2024-01-24 00:00:00+00:00,3.9,3.9,3.55,3.85,77520,0.0,0.0,0.0,0.0,0.0,0.0,0.0,0.0,,,3.984075716738546,2.7756853919130244,,,,,,,,,,,,,,,,2.7557822645273733,,"rgba(239, 83, 80, 1.0)"
2024-01-25 00:00:00+00:00,3.895,3.895,3.68875,3.7415,16287,0.0,0.0,0.0,0.0,0.0,0.0,0.0,0.0,,,3.983570581897407,2.777312266314617,,,,,,,,,,,,,,,,2.757421079305363,,"rgba(239, 83, 80, 1.0)"
2024-01-26 00:00:00+00:00,3.75,3.8615,3.72525,3.8615,15611,0.0,0.0,0.0,0.0,0.0,0.0,0.0,0.0,,,3.9829446761001606,2.778796741583584,,,,,,,,,,,,,,,,2.7589178166649293,,"rgba(239, 83, 80, 1.0)"
2024-01-29 00:00:00+00:00,3.685,3.75,3.5,3.75,40891,0.0,0.0,0.0,0.0,0.0,0.0,0.0,0.0,,,3.980258921870506,2.782146479475904,,,,,,,,,,,,,,,,2.7623056066510774,,"rgba(239, 83, 80, 1.0)"
2024-01-30 00:00:00+00:00,3.725,3.75,3.635,3.75,23677,0.0,0.0,0.0,0.0,0.0,0.0,0.0,0.0,,,3.9789904268268868,2.7842045786988785,,,,,,,,,,,,,,,,2.764384266623018,,"rgba(239, 83, 80, 1.0)"
2024-01-31 00:00:00+00:00,3.625,3.8275,3.625,3.717,12652,0.0,0.0,0.0,0.0,0.0,0.0,0.0,0.0,,,3.978290896435958,2.7852876574520695,,,,,,,,,,,,,,,,2.765478483368665,,"rgba(239, 83, 80, 1.0)"
2024-02-01 00:00:00+00:00,3.6,3.8,3.555,3.65,20278,0.0,0.0,0.0,0.0,0.0,0.0,0.0,0.0,,,3.9770176439765965,2.786940294753496,,,,,,,,,,,,,,,,2.767149855855582,,"rgba(239, 83, 80, 1.0)"
2024-02-02 00:00:00+00:00,3.7,3.745,3.53,3.6,28724,0.0,0.0,0.0,0.0,0.0,0.0,0.0,0.0,,,3.9752675753153066,2.7892884760395056,,,,,,,,,,,,,,,,2.769524374134293,,"rgba(239, 83, 80, 1.0)"
2024-02-05 00:00:00+00:00,3.9275,3.9275,3.625,3.7,12714,0.0,0.0,0.0,0.0,0.0,0.0,0.0,0.0,,,3.974907246661233,2.790524350155076,,,,,,,,,,,,,,,,2.7707696547873786,,"rgba(239, 83, 80, 0.75)"
2024-02-06 00:00:00+00:00,4.1,4.15,3.8785,3.9275,22700,0.0,0.0,0.0,0.0,0.0,0.0,0.0,0.0,,,3.9752000536460117,2.7931824389059288,,,,,,,,,,,,,,,,2.773439424815083,,"rgba(239, 83, 80, 0.75)"
2024-02-07 00:00:00+00:00,4.2,4.2,4.12,4.145,18097,0.0,0.0,0.0,0.0,0.0,0.0,0.0,0.0,,,3.975878621167646,2.7955139152424096,,,,,,,,,,,,,,,,2.77577780328145,,#000000
2024-02-08 00:00:00+00:00,4.6,4.72,4.15,4.1505,15014,0.0,0.0,0.0,0.0,0.0,0.0,0.0,0.0,,,3.977335283515059,2.797885420180709,,,,,,,,,,,,,,,,2.778150133700914,,"rgba(38, 166, 154, 0.5)"
2024-02-09 00:00:00+00:00,4.65,4.8275,4.365,4.55,27738,0.0,0.0,0.0,0.0,0.0,0.0,0.0,0.0,,,3.980651394460505,2.8025695226406455,,,,,,,,,,,,,,,,2.7828323817966054,,"rgba(38, 166, 154, 1.0)"
2024-02-12 00:00:00+00:00,4.5,4.705,4.45,4.65,28526,0.0,0.0,0.0,0.0,0.0,0.0,0.0,0.0,,,3.9836929696203778,2.8071962364210425,,,,,,,,,,,,,,,,2.7874593146361883,,"rgba(38, 166, 154, 1.0)"
2024-02-13 00:00:00+00:00,4.4,4.5,4.3,4.4175,29751,0.0,0.0,0.0,0.0,0.0,0.0,0.0,0.0,,,3.9859929243217,2.811578365710765,,,,,,,,,,,,,,,,2.7918465831582147,,"rgba(38, 166, 154, 1.0)"
2024-02-14 00:00:00+00:00,4.5,4.55,4.425,4.48,14840,0.0,0.0,0.0,0.0,0.0,0.0,0.0,0.0,,,3.987382598915401,2.813880824003452,,,,,,,,,,,,,,,,2.7941503039258206,,"rgba(38, 166, 154, 1.0)"
2024-02-15 00:00:00+00:00,4.7,4.7,4.4,4.425,5143,0.0,0.0,0.0,0.0,0.0,0.0,0.0,0.0,,,3.9879655085529233,2.8147287276525206,,,,,,,,,,,,,,,,2.794998091740268,,"rgba(38, 166, 154, 1.0)"
2024-02-16 00:00:00+00:00,4.725,4.75,4.5,4.7,24302,0.0,0.0,0.0,0.0,0.0,0.0,0.0,0.0,,,3.9909660684436177,2.818854984365118,,,,,,,,,,,,,,,,2.7991224815711724,,"rgba(38, 166, 154, 1.0)"
2024-02-20 00:00:00+00:00,4.64,4.725,4.4185,4.7,10549,0.0,0.0,0.0,0.0,0.0,0.0,0.0,0.0,,,3.992136422104909,2.8205784084386987,,,,,,,,,,,,,,,,2.8008458442885527,,"rgba(38, 166, 154, 1.0)"
2024-02-21 00:00:00+00:00,4.65,4.68,4.55,4.63975,5613,0.0,0.0,0.0,0.0,0.0,0.0,0.0,0.0,,,3.9927904610746645,2.821510662960359,,,,,,,,,,,,,,,,2.80177789825462,,"rgba(38, 166, 154, 1.0)"
2024-02-22 00:00:00+00:00,4.55,4.65,4.425,4.625,17332,0.0,0.0,0.0,0.0,0.0,0.0,0.0,0.0,,,3.9945318640301464,2.824247981576667,,,,,,,,,,,,,,,,2.804516153890275,,"rgba(38, 166, 154, 1.0)"
2024-02-23 00:00:00+00:00,4.7,4.75,4.525,4.55,31851,0.0,0.0,0.0,0.0,0.0,0.0,0.0,0.0,,,3.9983796659895368,2.8295958814355577,,,,,,,,,,,,,,,,2.809862284322795,,"rgba(38, 166, 154, 1.0)"
2024-02-26 00:00:00+00:00,4.5005,4.75,4.4505,4.75,21229,0.0,0.0,0.0,0.0,0.0,0.0,0.0,0.0,,,4.000568075982292,2.832965865376869,,,,,,,,,,,,,,,,2.813233223769426,,"rgba(38, 166, 154, 0.75)"
2024-02-27 00:00:00+00:00,4.7849,4.7915,4.5005,4.55,26107,0.0,0.0,0.0,0.0,0.0,0.0,0.0,0.0,,,4.003826599807462,2.837390497244466,,,,,,,,,,,,,,,,2.817655963647921,,"rgba(38, 166, 154, 0.75)"
2024-02-28 00:00:00+00:00,4.35,4.7915,4.25,4.7915,51827,0.0,0.0,0.0,0.0,0.0,0.0,0.0,0.0,,,4.008088506434038,2.845037844079027,,,,,,,,,,,,,,,,2.825311936798371,,"rgba(38, 166, 154, 0.75)"
2024-02-29 00:00:00+00:00,4.9505,5.0,4.395,4.475,51094,0.0,0.0,0.0,0.0,0.0,0.0,0.0,0.0,,,4.015091803712361,2.8539742134415533,,,,,,,,,,,,,,,,2.8342416092370777,,"rgba(38, 166, 154, 0.75)"
2024-03-01 00:00:00+00:00,6.25,6.25,5.05,5.1,404131,0.0,0.0,0.0,0.0,0.0,0.0,0.0,0.0,,,4.137678245546286,2.9594634321444375,,,,,,,,,,,,,,,,2.9393163190648317,,"rgba(38, 166, 154, 1.0)"
2024-03-04 00:00:00+00:00,5.375,7.0,5.15,6.95,390804,0.0,0.0,0.0,0.0,0.0,0.0,0.0,0.0,,,4.241083627719677,3.05436710281782,,,,,,,,,,,,,,,,3.0339175502313647,5.841666666666666,"rgba(38, 166, 154, 1.0)"
2024-03-05 00:00:00+00:00,5.75,6.5,5.55,5.8,104187,0.0,0.0,0.0,0.0,0.0,0.0,0.0,0.0,,,4.268025365045587,3.079419757899638,,,,,,,,,,,,,,,,3.058895364186399,5.860960906359914,"rgba(38, 166, 154, 1.0)"
2024-03-06 00:00:00+00:00,5.65,5.75,5.3125,5.75,47686,0.0,0.0,0.0,0.0,0.0,0.0,0.0,0.0,,,4.277450026596082,3.0893033333006112,,,,,,,,,,,,,,,,3.068760911084269,5.835466876859225,"rgba(38, 166, 154, 1.0)"
2024-03-07 00:00:00+00:00,5.65,5.75,5.3,5.65,55707,0.0,0.0,0.0,0.0,0.0,0.0,0.0,0.0,,,4.2882537975257975,3.1007312961475493,,,,,,,,,,,,,,,,3.0801691644715916,5.81044272295605,"rgba(38, 166, 154, 1.0)"
2024-03-08 00:00:00+00:00,5.57,5.95,5.55,5.7,92777,0.0,0.0,0.0,0.0,0.0,0.0,0.0,0.0,,,4.30754814234228,3.120472017584537,,,,,,,,,,,,,,,,3.0998704763689,5.794275267749964,"rgba(38, 166, 154, 1.0)"
2024-03-11 00:00:00+00:00,5.45,5.5,5.25,5.45,17831,0.0,0.0,0.0,0.0,0.0,0.0,0.0,0.0,,,4.310430520457952,3.123807282249558,,,,,,,,,,,,,,,,3.1032027512735425,5.784359327514744,"rgba(38, 166, 154, 0.75)"
2024-03-12 00:00:00+00:00,5.4,5.4,5.2,5.3,29971,0.0,0.0,0.0,0.0,0.0,0.0,0.0,0.0,,,4.314946862226283,3.1292278314034343,,,,,,,,,,,,,,,,3.1086201162868985,5.7660665306201615,"rgba(38, 166, 154, 0.75)"
2024-03-13 00:00:00+00:00,5.4,5.45,4.99125,5.3,29971,0.0,0.0,0.0,0.0,0.0,0.0,0.0,0.0,,,4.319190886278346,3.1344923487599985,,,,,,,,,,,,,,,,3.113882993633617,5.747137191987002,"rgba(38, 166, 154, 0.75)"
2024-03-14 00:00:00+00:00,5.2,5.25,4.9,5.25,72959,0.0,0.0,0.0,0.0,0.0,0.0,0.0,0.0,,,4.327634175521281,3.146231046376409,,,,,,,,,,,,,,,,3.1256282201013668,5.692500202420815,"rgba(38, 166, 154, 0.75)"
2024-03-15 00:00:00+00:00,5.015,5.2,4.94,5.2,51277,0.0,0.0,0.0,0.0,0.0,0.0,0.0,0.0,,,4.3329819894278305,3.1541289571268147,,,,,,,,,,,,,,,,3.1335340908452327,5.655709869994888,#000000
2024-03-18 00:00:00+00:00,4.975,5.15,4.85,5.15,56535,0.0,0.0,0.0,0.0,0.0,0.0,0.0,0.0,,,4.338302682528412,3.16248823576461,,,,,,,,,,,,,,,,3.141905435421857,5.616180034414196,#000000
2024-03-19 00:00:00+00:00,4.951,5.05,4.9,4.955,27982,0.0,0.0,0.0,0.0,0.0,0.0,0.0,0.0,,,4.340806258227094,3.1665421714143767,,,,,,,,,,,,,,,,3.145966107375186,5.597600104719949,#000000
2024-03-20 00:00:00+00:00,5.05,5.1,4.905,4.99,33433,0.0,0.0,0.0,0.0,0.0,0.0,0.0,0.0,,,4.344014602318099,3.1714994299305426,,,,,,,,,,,,,,,,3.150930283642314,5.578446467201387,#000000
2024-03-21 00:00:00+00:00,4.975,5.0,4.9005,4.95,24022,0.0,0.0,0.0,0.0,0.0,0.0,0.0,0.0,,,4.346098251122766,3.174930057076253,,,,,,,,,,,,,,,,3.15436711719723,5.564059693178971,"rgba(239, 83, 80, 0.5)"
2024-03-22 00:00:00+00:00,4.89,5.0,4.75,4.93775,115193,0.0,0.0,0.0,0.0,0.0,0.0,0.0,0.0,,,4.354640775807311,3.190483558645897,,,,,,,,,,,,,,,,3.1699585848510465,5.495558875385576,"rgba(239, 83, 80, 0.5)"
2024-03-25 00:00:00+00:00,4.7225,4.9,4.715,4.9,28672,0.0,0.0,0.0,0.0,0.0,0.0,0.0,0.0,,,4.356324747679893,3.1940824622636637,,,,,,,,,,,,,,,,3.1735694153767025,5.478137098069251,"rgba(239, 83, 80, 1.0)"
2024-03-26 00:00:00+00:00,4.86375,4.9,4.725,4.775,43385,0.0,0.0,0.0,0.0,0.0,0.0,0.0,0.0,,,4.359148403932336,3.1996694691395584,,,,,,,,,,,,,,,,3.1791730323189324,5.455118700465971,"rgba(239, 83, 80, 1.0)"
2024-03-27 00:00:00+00:00,4.95,4.98475,4.9,4.9125,54779,0.0,0.0,0.0,0.0,0.0,0.0,0.0,0.0,,,4.3635282034502,3.2071647979297837,,,,,,,,,,,,,,,,3.186685023116346,5.4332356815049305,"rgba(239, 83, 80, 1.0)"
2024-03-28 00:00:00+00:00,4.925,5.0,4.802,4.969,50259,0.0,0.0,0.0,0.0,0.0,0.0,0.0,0.0,,,4.367244679362981,3.2138442844953663,,,,,,,,,,,,,,,,3.1933815228552294,5.4133871312109365,"rgba(239, 83, 80, 1.0)"
2024-04-01 00:00:00+00:00,4.95,5.1,4.9,4.9,70123,0.0,0.0,0.0,0.0,0.0,0.0,0.0,0.0,,,4.373046174049737,3.223481428425006,,,,,,,,,,,,,,,,3.2030392221285564,5.391808942427705,"rgba(239, 83, 80, 0.5)"
2024-04-02 00:00:00+00:00,4.936,4.936,4.55,4.9,70123,0.0,0.0,0.0,0.0,0.0,0.0,0.0,0.0,,,4.37709755619906,3.2320608135371396,,,,,,,,,,,,,,,,3.2116487510224805,5.363883717012474,"rgba(239, 83, 80, 0.5)"
2024-04-03 00:00:00+00:00,4.7295,4.84925,4.675,4.74,97963,0.0,0.0,0.0,0.0,0.0,0.0,0.0,0.0,,,4.381910967983119,3.2434706904581465,,,,,,,,,,,,,,,,3.223105500319619,5.325550846651112,"rgba(239, 83, 80, 1.0)"
2024-04-04 00:00:00+00:00,4.751,4.8,4.725,4.7755,14571,0.0,0.0,0.0,0.0,0.0,0.0,0.0,0.0,,,4.3826305185304415,3.245161443996376,,,,,,,,,,,,,,,,3.224803224496756,5.3203236493883725,"rgba(239, 83, 80, 1.0)"
2024-04-05 00:00:00+00:00,4.725,4.85,4.64,4.725,7368,0.0,0.0,0.0,0.0,0.0,0.0,0.0,0.0,,,4.3829737047369175,3.2460034914738696,,,,,,,,,,,,,,,,3.2256489094566896,5.317622613818029,"rgba(239, 83, 80, 1.0)"
2024-04-08 00:00:00+00:00,4.725,4.8,4.6,4.725,26767,0.0,0.0,0.0,0.0,0.0,0.0,0.0,0.0,,,4.3841101190915035,3.2489932311340874,,,,,,,,,,,,,,,,3.2286524651027024,5.307520159775843,"rgba(239, 83, 80, 1.0)"
2024-04-09 00:00:00+00:00,4.69965,4.85,4.6755,4.7,13835,0.0,0.0,0.0,0.0,0.0,0.0,0.0,0.0,,,4.384754547449203,3.250568984169039,,,,,,,,,,,,,,,,3.230235058279119,5.302712404289861,"rgba(239, 83, 80, 1.0)"
2024-04-10 00:00:00+00:00,4.75,4.8,4.6505,4.72525,28835,0.0,0.0,0.0,0.0,0.0,0.0,0.0,0.0,,,4.386059487110378,3.2538244720612397,,,,,,,,,,,,,,,,3.2335050189622105,5.292807098859495,"rgba(239, 83, 80, 1.0)"
2024-04-11 00:00:00+00:00,4.6255,4.85,4.6155,4.68275,56619,0.0,0.0,0.0,0.0,0.0,0.0,0.0,0.0,,,4.388327378368316,3.260018718582578,,,,,,,,,,,,,,,,3.2397293039951847,5.273121447121536,"rgba(239, 83, 80, 1.0)"
2024-04-12 00:00:00+00:00,4.6,4.7497,4.6,4.7125,19570,0.0,0.0,0.0,0.0,0.0,0.0,0.0,0.0,,,4.388985145778587,3.262077602460469,,,,,,,,,,,,,,,,3.2417992575145553,5.266084512219373,"rgba(239, 83, 80, 1.0)"
2024-04-15 00:00:00+00:00,4.69125,4.85,4.5,4.6,105479,-1.0,4.85,4.5,0.0,0.0,0.0,0.0,0.0,,,4.392882277092129,3.273312152458025,,,,,4.680416666666667,,,,,,,,,,,3.2530916757828217,5.2324867367023025,"rgba(239, 83, 80, 1.0)"
2024-04-16 00:00:00+00:00,4.398,4.525,4.0605,4.0605,181568,0.0,0.0,0.0,0.0,0.0,0.0,0.0,0.0,,,4.3914186229156895,3.2874969360956623,,,,,4.457394476340112,,,,,,,,,,,3.2674198284548215,5.151181933911512,"rgba(239, 83, 80, 1.0)"
2024-04-17 00:00:00+00:00,4.15,4.3995,4.0805,4.3995,47641,0.0,0.0,0.0,0.0,0.0,0.0,0.0,0.0,,,4.390353829993157,3.290741427710464,,,,,4.422179230357826,,,,,,,,,,,3.2707055400297937,5.1294985730234774,"rgba(239, 83, 80, 1.0)"
2024-04-18 00:00:00+00:00,4.011,4.15,3.9805,4.15,86318,0.0,0.0,0.0,0.0,0.0,0.0,0.0,0.0,,,4.386742718935193,3.295531109440781,,,,,4.3452911706325645,,,,,,,,,,,3.275578771544638,5.086130133784542,"rgba(239, 83, 80, 1.0)"
2024-04-19 00:00:00+00:00,3.9,4.026,3.65,4.026,46962,0.0,0.0,0.0,0.0,0.0,0.0,0.0,0.0,,,4.3837368338812315,3.2974644361390117,,,,,4.296456934199205,,,,,,,,,,,3.2775630204159545,5.059942203289883,"rgba(239, 83, 80, 1.0)"
2024-04-22 00:00:00+00:00,3.91,3.98,3.88315,3.9,15307,0.0,0.0,0.0,0.0,0.0,0.0,0.0,0.0,,,4.382886163298802,3.2981651834613004,,,,,4.284672069249737,,,,,,,,,,,3.2782796715900817,5.0521000357699455,"rgba(239, 83, 80, 1.0)"
2024-04-23 00:00:00+00:00,3.9,3.91,3.7755,3.91,16737,0.0,0.0,0.0,0.0,0.0,0.0,0.0,0.0,,,4.381833219559429,3.2988532503364807,,,,,4.270518305094011,,,,,,,,,,,3.278985772358223,5.043179495258556,"rgba(239, 83, 80, 1.0)"
2024-04-24 00:00:00+00:00,3.8755,3.94,3.8609,3.8609,12397,0.0,0.0,0.0,0.0,0.0,0.0,0.0,0.0,,,4.381101334583681,3.2993891869329066,,,,,4.261363824015581,,,,,,,,,,,3.2795348083523996,5.036825097029927,"rgba(239, 83, 80, 1.0)"
2024-04-25 00:00:00+00:00,3.92315,3.94,3.8755,3.8755,14580,0.0,0.0,0.0,0.0,0.0,0.0,0.0,0.0,,,4.380279774835279,3.3000402811448537,,,,,4.251722549616786,,,,,,,,,,,3.2802010969422555,5.029574799858536,"rgba(239, 83, 80, 1.0)"
2024-04-26 00:00:00+00:00,3.85,3.975,3.75,3.975,29115,0.0,0.0,0.0,0.0,0.0,0.0,0.0,0.0,,,4.3784573182211,3.3012209700387416,,,,,4.231126533346281,,,,,,,,,,,3.28141307476378,5.014679165327105,"rgba(239, 83, 80, 1.0)"
2024-04-29 00:00:00+00:00,3.9,3.961,3.7375,3.961,15561,0.0,0.0,0.0,0.0,0.0,0.0,0.0,0.0,,,4.377503075880281,3.3018588075578355,,,,,4.221192147848828,,,,,,,,,,,3.2820675221911872,5.006925144169437,"rgba(239, 83, 80, 1.0)"
2024-04-30 00:00:00+00:00,3.775,3.92,3.75,3.8825,14455,0.0,0.0,0.0,0.0,0.0,0.0,0.0,0.0,,,4.376531454788032,3.302396415392552,,,,,4.211174561864465,,,,,,,,,,,3.28262100402709,4.999496566722314,"rgba(239, 83, 80, 1.0)"
2024-05-01 00:00:00+00:00,3.85,3.9,3.77,3.775,10362,0.0,0.0,0.0,0.0,0.0,0.0,0.0,0.0,,,4.375867932839566,3.302799865944954,,,,,4.20472657045812,,,,,,,,,,,3.2830356563188365,4.994339346640133,"rgba(239, 83, 80, 0.75)"
2024-05-02 00:00:00+00:00,3.75,3.9,3.75,3.8555,9970,0.0,0.0,0.0,0.0,0.0,0.0,0.0,0.0,,,4.375183520060434,3.3031586205528143,,,,,4.198072912942822,,,,,,,,,,,3.283405429048451,4.989249896188442,"rgba(239, 83, 80, 0.75)"
2024-05-03 00:00:00+00:00,3.85,3.9,3.75,3.9,8497,0.0,0.0,0.0,0.0,0.0,0.0,0.0,0.0,,,4.374635236494894,3.303484448802264,,,,,4.19303315808845,,,,,,,,,,,3.2837404607024197,4.98506710953247,"rgba(239, 83, 80, 0.75)"
2024-05-06 00:00:00+00:00,3.8,3.8495,3.74,3.805,26031,0.0,0.0,0.0,0.0,0.0,0.0,0.0,0.0,,,4.372848598865691,3.3044109344035038,,,,,4.17692945026886,,,,,,,,,,,3.284695693562925,4.972035436154064,"rgba(239, 83, 80, 0.75)"
2024-05-07 00:00:00+00:00,3.9,3.90625,3.7625,3.8,70752,0.0,0.0,0.0,0.0,0.0,0.0,0.0,0.0,,,4.368545557752249,3.3072152427418264,,,,,4.145051281990038,,,,,,,,,,,3.2875751294396243,4.939746635474303,"rgba(239, 83, 80, 0.75)"
2024-05-08 00:00:00+00:00,3.95,3.9995,3.875,3.875,7773,0.0,0.0,0.0,0.0,0.0,0.0,0.0,0.0,,,4.368155122356631,3.3075691627756347,,,,,4.142852264450329,,,,,,,,,,,3.2879368618367724,4.936583043259514,"rgba(239, 83, 80, 0.75)"
2024-05-09 00:00:00+00:00,3.9495,4.0,3.7905,3.9995,13772,0.0,0.0,0.0,0.0,0.0,0.0,0.0,0.0,,,4.3674195563579765,3.3081674416400433,,,,,4.138541567784071,,,,,,,,,,,3.288549209243719,4.9308695611750775,"rgba(239, 83, 80, 0.75)"
2024-05-10 00:00:00+00:00,3.875,3.95,3.825,3.9495,6520,0.0,0.0,0.0,0.0,0.0,0.0,0.0,0.0,,,4.367049198726957,3.3084362487590653,,,,,4.136292359300368,,,,,,,,,,,3.288824791427422,4.928107760348661,"rgba(239, 83, 80, 0.75)"
2024-05-13 00:00:00+00:00,3.815575,3.8915,3.7263,3.825,40438,0.0,0.0,0.0,0.0,0.0,0.0,0.0,0.0,,,4.3644237692861845,3.3098891358084264,,,,,4.119439593562625,,,,,,,,,,,3.290321398592977,4.910136944719963,"rgba(239, 83, 80, 0.75)"
2024-05-14 00:00:00+00:00,3.82,3.85,3.785,3.8206,11810,0.0,0.0,0.0,0.0,0.0,0.0,0.0,0.0,,,4.363671607991002,3.3103179506203704,,,,,4.114949867684286,,,,,,,,,,,3.2907628961473447,4.905030834134244,"rgba(239, 83, 80, 0.75)"
2024-05-15 00:00:00+00:00,4.075,4.075,3.843475,3.85,18571,0.0,0.0,0.0,0.0,0.0,0.0,0.0,0.0,,,4.362880945330752,3.3112285208497165,,,,,4.112266567678161,,,,,,,,,,,3.2916913426141097,4.898407834257796,"rgba(239, 83, 80, 0.5)"
2024-05-16 00:00:00+00:00,4.075,4.085,3.955,4.0,17050,0.0,0.0,0.0,0.0,0.0,0.0,0.0,0.0,,,4.362238259325923,3.312111589836526,,,,,4.110743535868737,,,,,,,,,,,3.2925903795996754,4.892681549737004,#000000
2024-05-17 00:00:00+00:00,4.037125,4.11675,3.8065,4.049,19116,0.0,0.0,0.0,0.0,0.0,0.0,0.0,0.0,,,4.361406537541475,3.313029028791371,,,,,4.107945337593778,,,,,,,,,,,3.2935262965079426,4.885969501297682,#000000
2024-05-20 00:00:00+00:00,4.1,4.1995,4.0495,4.0495,12164,0.0,0.0,0.0,0.0,0.0,0.0,0.0,0.0,,,4.361061557985631,3.313723514237575,,,,,4.108064124549158,,,,,,,,,,,3.2942315688432515,4.882357883780518,"rgba(38, 166, 154, 1.0)"
2024-05-21 00:00:00+00:00,4.225,4.25,4.1,4.1,12081,0.0,0.0,0.0,0.0,0.0,0.0,0.0,0.0,,,4.3608250653791005,3.3144767018737635,,,,,4.1092236779399505,,,,,,,,,,,3.2949949102393146,4.879153774546754,"rgba(38, 166, 154, 1.0)"
2024-05-22 00:00:00+00:00,4.1495,4.2,4.13,4.2,7240,0.0,0.0,0.0,0.0,0.0,0.0,0.0,0.0,,,4.360657042692032,3.314911101263014,,,,,4.109640878979096,,,,,,,,,,,3.2954355311465187,4.877159542179485,"rgba(38, 166, 154, 1.0)"
2024-05-23 00:00:00+00:00,4.1,4.15,4.1,4.139,17707,0.0,0.0,0.0,0.0,0.0,0.0,0.0,0.0,,,4.360159211821892,3.315917458516234,,,,,4.1097797285691335,,,,,,,,,,,3.296457555241149,4.872037771288847,"rgba(38, 166, 154, 1.0)"
2024-05-24 00:00:00+00:00,4.1745,4.175,4.0005,4.125,7270,0.0,0.0,0.0,0.0,0.0,0.0,0.0,0.0,,,4.359955404137204,3.3163299095387417,,,,,4.109835159925411,,,,,,,,,,,3.2968764335693153,4.86995483700355,"rgba(38, 166, 154, 1.0)"
2024-05-28 00:00:00+00:00,4.02675,4.199,4.026,4.199,9447,0.0,0.0,0.0,0.0,0.0,0.0,0.0,0.0,,,4.359655493193382,3.3168433289198376,,,,,4.109566885114094,,,,,,,,,,,3.2973983868447885,4.867148337654493,"rgba(38, 166, 154, 1.0)"
2024-05-29 00:00:00+00:00,4.075,4.075,4.0,4.05,12127,0.0,0.0,0.0,0.0,0.0,0.0,0.0,0.0,,,4.359224217241666,3.3174722965594294,,,,,4.108785793466031,,,,,,,,,,,3.298038548612295,4.8634201676503555,"rgba(38, 166, 154, 0.75)"
2024-05-30 00:00:00+00:00,4.11125,4.1375,4.05,4.05,5839,0.0,0.0,0.0,0.0,0.0,0.0,0.0,0.0,,,4.359050219548201,3.317795224534269,,,,,4.108728056657824,,,,,,,,,,,3.2983666889711003,4.861745889872507,"rgba(38, 166, 154, 0.75)"
2024-05-31 00:00:00+00:00,4.05,4.107125,4.05,4.05,7600,0.0,0.0,0.0,0.0,0.0,0.0,0.0,0.0,,,4.358797477393682,3.3181987411892218,,,,,4.108406591895044,,,,,,,,,,,3.2987771263242402,4.859490737318768,#000000
2024-06-03 00:00:00+00:00,4.0,4.00985,3.75025,3.95,25653,0.0,0.0,0.0,0.0,0.0,0.0,0.0,0.0,,,4.357510571151747,3.3192879071957284,,,,,4.103393323849392,,,,,,,,,,,3.2998919108449276,4.850555297146629,#000000
2024-06-04 00:00:00+00:00,3.95,4.0,3.7505,3.9005,76689,0.0,0.0,0.0,0.0,0.0,0.0,0.0,0.0,,,4.353535341702834,3.3224136559213697,,,,,4.088416133680378,,,,,,,,,,,3.303094798545545,4.824279331015337,#000000
2024-06-05 00:00:00+00:00,4.21,4.3,3.85,3.9,16559,0.0,0.0,0.0,0.0,0.0,0.0,0.0,0.0,,,4.353097861277084,3.3233392977948575,,,,,4.088910853715025,,,,,,,,,,,3.304034877346187,4.820099887114408,#000000
2024-06-06 00:00:00+00:00,4.005,4.2,3.85025,4.2,18402,0.0,0.0,0.0,0.0,0.0,0.0,0.0,0.0,,,4.352402572733486,3.3242345998747784,,,,,4.087704752679226,,,,,,,,,,,3.304947305853449,4.81484755027775,#000000
2024-06-07 00:00:00+00:00,3.92,4.005,3.825,4.005,36022,0.0,0.0,0.0,0.0,0.0,0.0,0.0,0.0,,,4.3506377651311405,3.325724592615626,,,,,4.082162081122522,,,,,,,,,,,3.3064729000668227,4.8034743672722655,#000000
2024-06-10 00:00:00+00:00,3.725,3.95,3.65,3.9125,62625,0.0,0.0,0.0,0.0,0.0,0.0,0.0,0.0,,,4.346612857452739,3.327680477832355,,,,,4.065779939532242,,,,,,,,,,,3.3084955583008937,4.781321253298898,"rgba(239, 83, 80, 0.5)"
2024-06-11 00:00:00+00:00,3.7353,3.85,3.725,3.75,16130,0.0,0.0,0.0,0.0,0.0,0.0,0.0,0.0,,,4.345576473102019,3.328176002103944,,,,,4.061773244432741,,,,,,,,,,,3.309008256468336,4.775742060526943,"rgba(239, 83, 80, 0.5)"
2024-06-12 00:00:00+00:00,3.83,3.85,3.7,3.75,2363,0.0,0.0,0.0,0.0,0.0,0.0,0.0,0.0,,,4.345431075523257,3.3282523133631594,,,,,4.061241406158298,,,,,,,,,,,3.3090870494321605,4.774948653832,"rgba(239, 83, 80, 0.5)"
2024-06-13 00:00:00+00:00,3.75,3.8995,3.74,3.75,10656,0.0,0.0,0.0,0.0,0.0,0.0,0.0,0.0,,,4.344780107247556,3.3285984708303458,,,,,4.058897058829642,,,,,,,,,,,3.309444371252481,4.771398122306939,"rgba(239, 83, 80, 0.5)"
2024-06-14 00:00:00+00:00,3.6,3.7375,3.4565,3.728625,68925,0.0,0.0,0.0,0.0,0.0,0.0,0.0,0.0,,,4.3390955223216725,3.3298805326736645,,,,,4.033928258871273,,,,,,,,,,,3.3108061925062424,4.744488500206012,"rgba(239, 83, 80, 0.5)"
2024-06-17 00:00:00+00:00,3.55,3.6491,3.475,3.625,18704,0.0,0.0,0.0,0.0,0.0,0.0,0.0,0.0,,,4.337485421164508,3.3301747931597787,,,,,4.02703341602859,,,,,,,,,,,3.3111224119545617,4.737150513909128,"rgba(239, 83, 80, 1.0)"
2024-06-18 00:00:00+00:00,3.4,3.65,3.385,3.55,20594,0.0,0.0,0.0,0.0,0.0,0.0,0.0,0.0,,,4.33553979589112,3.330384891564021,,,,,4.018417900300581,,,,,,,,,,,3.3113575658044945,4.72863625163928,"rgba(239, 83, 80, 1.0)"
2024-06-20 00:00:00+00:00,3.25,3.4,3.25,3.4,30302,0.0,0.0,0.0,0.0,0.0,0.0,0.0,0.0,,,4.332100719557444,3.3303216242916402,,,,,4.002194778268963,,,,,,,,,,,3.311334112418306,4.714558417791704,"rgba(239, 83, 80, 1.0)"
2024-06-21 00:00:00+00:00,3.2275,3.4,3.1995,3.4,23895,0.0,0.0,0.0,0.0,0.0,0.0,0.0,0.0,,,4.329341302853539,3.3302320312619704,,,,,3.9894837705878086,,,,,,,,,,,3.3112761266492265,4.7034636968212125,"rgba(239, 83, 80, 1.0)"
2024-06-24 00:00:00+00:00,3.205,3.25,3.205,3.2275,11771,0.0,0.0,0.0,0.0,0.0,0.0,0.0,0.0,,,4.327915734806662,3.330143088986107,,,,,3.9829086094763624,,,,,,,,,,,3.311203085891444,4.697850309193825,"rgba(239, 83, 80, 1.0)"
2024-06-25 00:00:00+00:00,3.175,3.3,3.1375,3.205,31462,0.0,0.0,0.0,0.0,0.0,0.0,0.0,0.0,,,4.324069144418687,3.329871990516464,,,,,3.965519949074137,,,,,,,,,,,3.3109746392873487,4.682894520149228,"rgba(239, 83, 80, 1.0)"
2024-06-26 00:00:00+00:00,3.351,3.351,3.3005,3.35,5070,0.0,0.0,0.0,0.0,0.0,0.0,0.0,0.0,,,4.3235234102470645,3.3298734793264337,,,,,3.9632563123594937,,,,,,,,,,,3.3109826130653364,4.680721836530641,"rgba(239, 83, 80, 0.75)"
2024-06-27 00:00:00+00:00,3.3105,3.37,3.275,3.275,1403,0.0,0.0,0.0,0.0,0.0,0.0,0.0,0.0,,,4.323370108051006,3.329872388362881,,,,,3.9626172416357117,,,,,,,,,,,3.3109833282212318,4.680114854050759,"rgba(239, 83, 80, 0.75)"
2024-06-28 00:00:00+00:00,3.3695,3.3695,3.2525,3.2525,2533,0.0,0.0,0.0,0.0,0.0,0.0,0.0,0.0,,,4.323096755854251,3.3298724970330147,,,,,3.9614880906936807,,,,,,,,,,,3.3109866797465863,4.679030012145035,"rgba(239, 83, 80, 0.75)"
2024-07-01 00:00:00+00:00,3.275,3.328,3.275,3.3,7350,0.0,0.0,0.0,0.0,0.0,0.0,0.0,0.0,,,4.322274221582119,3.329853813275628,,,,,3.9580392635745927,,,,,,,,,,,3.3109775554724417,4.675803940278546,"rgba(239, 83, 80, 0.75)"
2024-07-02 00:00:00+00:00,3.31,3.3375,3.1,3.3375,4426,0.0,0.0,0.0,0.0,0.0,0.0,0.0,0.0,,,4.3217586439288835,3.3298294211113575,,,,,3.9558449078163633,,,,,,,,,,,3.3109590230848895,4.673807637226216,"rgba(239, 83, 80, 0.75)"
2024-07-03 00:00:00+00:00,3.292,3.3,3.2,3.3,7516,0.0,0.0,0.0,0.0,0.0,0.0,0.0,0.0,,,4.320896343523589,3.32979564431273,,,,,3.9522270959451715,,,,,,,,,,,3.310935126285503,4.67046555318948,"rgba(239, 83, 80, 0.5)"
2024-07-05 00:00:00+00:00,3.4,3.4,3.2875,3.295,27331,0.0,0.0,0.0,0.0,0.0,0.0,0.0,0.0,,,4.3180636448691905,3.3298565507563267,,,,,3.94122244410678,,,,,,,,,,,3.3110303709099123,4.659286762450532,"rgba(239, 83, 80, 0.5)"
2024-07-08 00:00:00+00:00,3.26975,3.3995,3.25,3.325,7108,0.0,0.0,0.0,0.0,0.0,0.0,0.0,0.0,,,4.317286606601912,3.3298452033996613,,,,,3.938156562177395,,,,,,,,,,,3.3110281556760066,4.656286341027161,"rgba(239, 83, 80, 0.5)"
2024-07-09 00:00:00+00:00,3.375,3.4985,3.3,3.3,7820,0.0,0.0,0.0,0.0,0.0,0.0,0.0,0.0,,,4.316504667105776,3.3298778456316542,,,,,3.9352655380643142,,,,,,,,,,,3.311070465487613,4.653206993344788,"rgba(239, 83, 80, 0.5)"
2024-07-10 00:00:00+00:00,3.7,3.7,3.3555,3.4985,9858,0.0,0.0,0.0,0.0,0.0,0.0,0.0,0.0,,,4.315727088833449,3.330049040153794,,,,,3.9329483505648257,,,,,,,,,,,3.311252769383887,4.649939864299675,#000000
2024-07-11 00:00:00+00:00,3.65,3.65,3.5,3.6,8527,0.0,0.0,0.0,0.0,0.0,0.0,0.0,0.0,,,4.315069458775278,3.330205534463944,,,,,3.931053061209389,,,,,,,,,,,3.3114187924498286,4.647169078861378,#000000
2024-07-12 00:00:00+00:00,3.6495,3.6495,3.4605,3.56,2860,0.0,0.0,0.0,0.0,0.0,0.0,0.0,0.0,,,4.314844997662075,3.330255358423531,,,,,3.9303964683705446,,,,,,,,,,,3.3114718317211187,4.646231076543657,"rgba(38, 166, 154, 1.0)"
2024-07-15 00:00:00+00:00,3.533,3.61425,3.46,3.46,5462,0.0,0.0,0.0,0.0,0.0,0.0,0.0,0.0,,,4.314386865506509,3.3303316231938016,,,,,3.9289654137010124,,,,,,,,,,,3.3115543878646974,4.644358722567975,"rgba(38, 166, 154, 1.0)"
2024-07-16 00:00:00+00:00,3.55,3.575,3.55,3.5685,1008,0.0,0.0,0.0,0.0,0.0,0.0,0.0,0.0,,,4.314304827591286,3.3303472381460755,,,,,3.9287175520633943,,,,,,,,,,,3.311571150791025,4.6440208985717675,"rgba(38, 166, 154, 1.0)"
2024-07-17 00:00:00+00:00,3.475,3.55875,3.375,3.5,5751,0.0,0.0,0.0,0.0,0.0,0.0,0.0,0.0,,,4.313782203204953,3.3304016216975314,,,,,3.9269723934071887,,,,,,,,,,,3.3116323642417917,4.641940276448889,#000000
2024-07-18 00:00:00+00:00,3.475,3.66325,3.475,3.475,10384,0.0,0.0,0.0,0.0,0.0,0.0,0.0,0.0,,,4.312916254244053,3.330547749048386,,,,,3.924319352259439,,,,,,,,,,,3.311790419286803,4.638419475179276,#000000
2024-07-19 00:00:00+00:00,3.6,3.64625,3.475,3.5,2516,0.0,0.0,0.0,0.0,0.0,0.0,0.0,0.0,,,4.3127164598785965,3.3305892702834545,,,,,3.923741323559415,,,,,,,,,,,3.3118347781720243,4.637597567655456,#000000
2024-07-22 00:00:00+00:00,3.425,3.6,3.35,3.525,10735,0.0,0.0,0.0,0.0,0.0,0.0,0.0,0.0,,,4.31173225705297,3.3306822564979695,,,,,3.920490030484808,,,,,,,,,,,3.311940546935196,4.633726038302939,#000000
2024-07-23 00:00:00+00:00,3.5,3.5,3.475,3.475,1950,0.0,0.0,0.0,0.0,0.0,0.0,0.0,0.0,,,4.3115606946065785,3.3307035396920575,,,,,3.9199465517896908,,,,,,,,,,,3.311964114292845,4.633045372773043,#000000
2024-07-24 00:00:00+00:00,3.5495,3.575,3.45,3.5,10058,0.0,0.0,0.0,0.0,0.0,0.0,0.0,0.0,,,4.310712673751454,3.3308358294271465,,,,,3.9173804557713305,,,,,,,,,,,3.3121079928062707,4.6296490267491075,#000000
2024-07-25 00:00:00+00:00,3.4875,3.5495,3.475,3.5495,3670,0.0,0.0,0.0,0.0,0.0,0.0,0.0,0.0,,,4.310395509075729,3.3308788759870285,,,,,3.9164031560907304,,,,,,,,,,,3.3121553065484415,4.628391662476601,#000000
2024-07-26 00:00:00+00:00,3.685,3.685,3.4785,3.5,2877,0.0,0.0,0.0,0.0,0.0,0.0,0.0,0.0,,,4.3101816101757136,3.330934460367803,,,,,3.915847749608522,,,,,,,,,,,3.3122140568483127,4.627506080343099,"rgba(38, 166, 154, 1.0)"
2024-07-29 00:00:00+00:00,3.8,3.85,3.6,3.75,8054,0.0,0.0,0.0,0.0,0.0,0.0,0.0,0.0,,,4.309698849289674,3.3311629079074847,,,,,3.914993301785267,,,,,,,,,,,3.3124507681340756,4.6253621468227735,"rgba(38, 166, 154, 1.0)"
2024-07-30 00:00:00+00:00,4.15,4.15,3.85,3.85,15491,0.0,0.0,0.0,0.0,0.0,0.0,0.0,0.0,,,4.3092690934310145,3.3319158259761776,,,,,3.916317999325844,,,,,,,,,,,3.313217007698023,4.622671019691397,"rgba(38, 166, 154, 1.0)"
2024-07-31 00:00:00+00:00,4.1,4.2275,3.9,4.125,27154,0.0,0.0,0.0,0.0,0.0,0.0,0.0,0.0,,,4.308593919628544,3.3332791520744265,,,,,3.9190151926371213,,,,,,,,,,,3.3146032650156285,4.618224097058861,"rgba(38, 166, 154, 1.0)"
2024-08-01 00:00:00+00:00,4.26806,4.4,3.975,3.975,26674,0.0,0.0,0.0,0.0,0.0,0.0,0.0,0.0,,,4.308326921425278,3.3348624427268714,,,,,3.9238405470973095,,,,,,,,,,,3.3162070242726736,4.6150234161056565,"rgba(38, 166, 154, 1.0)"
2024-08-02 00:00:00+00:00,4.1795,4.398,4.0,4.398,18499,0.0,0.0,0.0,0.0,0.0,0.0,0.0,0.0,,,4.30809978463203,3.3359299507877647,,,,,3.926850630847385,,,,,,,,,,,3.3172889319301118,4.612713849786574,"rgba(38, 166, 154, 1.0)"
2024-08-05 00:00:00+00:00,4.125,4.1375,3.95,4.0,12219,0.0,0.0,0.0,0.0,0.0,0.0,0.0,0.0,,,4.307792854481292,3.336533660439433,,,,,3.927908353982884,,,,,,,,,,,3.317902952750786,4.6107644298276735,"rgba(38, 166, 154, 1.0)"
2024-08-06 00:00:00+00:00,4.1,4.17475,4.05,4.075,7016,0.0,0.0,0.0,0.0,0.0,0.0,0.0,0.0,,,4.30764474909582,3.3368974956132473,,,,,3.928665855641812,,,,,,,,,,,3.3182725620196414,4.609728552919863,"rgba(38, 166, 154, 1.0)"
2024-08-07 00:00:00+00:00,4.05,4.05,4.0,4.05,5606,0.0,0.0,0.0,0.0,0.0,0.0,0.0,0.0,,,4.307482162559596,3.3371597531859805,,,,,3.9290159681938728,,,,,,,,,,,3.3185396591561407,4.608780726620906,"rgba(38, 166, 154, 0.75)"
2024-08-08 00:00:00+00:00,3.95,4.0825,3.95,4.0825,6907,0.0,0.0,0.0,0.0,0.0,0.0,0.0,0.0,,,4.307253527986718,3.337464438680217,,,,,3.929283370525376,,,,,,,,,,,3.3188504511478314,4.60753802107417,"rgba(38, 166, 154, 0.75)"
2024-08-09 00:00:00+00:00,3.635,3.9825,3.6,3.94,58159,0.0,0.0,0.0,0.0,0.0,0.0,0.0,0.0,,,4.303784227761669,3.3390269421205496,,,,,3.9229324279471016,,,,,,,,,,,3.320472214561792,4.593001282568243,"rgba(38, 166, 154, 0.75)"
2024-08-12 00:00:00+00:00,3.675,3.76,3.65,3.6625,11608,0.0,0.0,0.0,0.0,0.0,0.0,0.0,0.0,,,4.303043084845811,3.3393030871983522,,,,,3.921422770274677,,,,,,,,,,,3.3207604195810765,4.590010875771306,#000000
2024-08-13 00:00:00+00:00,3.6,3.7,3.55,3.7,8245,0.0,0.0,0.0,0.0,0.0,0.0,0.0,0.0,,,4.302450079229679,3.339455831015544,,,,,3.9199957842359434,,,,,,,,,,,3.3209220665560544,4.58771405556853,"rgba(239, 83, 80, 0.5)"
2024-08-14 00:00:00+00:00,3.4,3.6,3.4,3.6,31428,0.0,0.0,0.0,0.0,0.0,0.0,0.0,0.0,,,4.299706683860538,3.3397223043210946,,,,,3.9120465733935834,,,,,,,,,,,3.321224917284015,4.577720461114203,"rgba(239, 83, 80, 0.5)"
2024-08-15 00:00:00+00:00,3.65,3.67365,3.4825,3.4825,9679,0.0,0.0,0.0,0.0,0.0,0.0,0.0,0.0,,,4.299002134619274,3.339891429165469,,,,,3.91038146697126,,,,,,,,,,,3.3214045179527805,4.575049153157397,"rgba(239, 83, 80, 0.5)"
2024-08-16 00:00:00+00:00,3.6,3.625,3.6,3.625,1566,0.0,0.0,0.0,0.0,0.0,0.0,0.0,0.0,,,4.298889303279709,3.33991942732898,,,,,3.910119198994525,,,,,,,,,,,3.3214342046956653,4.574621109018941,"rgba(239, 83, 80, 0.5)"
2024-08-19 00:00:00+00:00,3.606,3.62,3.5975,3.5975,869,0.0,0.0,0.0,0.0,0.0,0.0,0.0,0.0,,,4.298826661833082,3.339934932529053,,,,,3.9099736176380717,,,,,,,,,,,3.3214506470181964,4.5743836207282715,"rgba(239, 83, 80, 0.5)"
2024-08-20 00:00:00+00:00,3.6,3.675,3.53125,3.62,6730,0.0,0.0,0.0,0.0,0.0,0.0,0.0,0.0,,,4.298337883563266,3.340052376305926,,,,,3.9088295218582245,,,,,,,,,,,3.321575365828631,4.572537409756334,"rgba(239, 83, 80, 0.5)"
2024-08-21 00:00:00+00:00,3.902,3.902,3.6505,3.675,19586,0.0,0.0,0.0,0.0,0.0,0.0,0.0,0.0,,,4.2973595653693195,3.3406749336195007,,,,,3.90785955897942,,,,,,,,,,,3.3222168148651927,4.568391659583167,#000000
2024-08-22 00:00:00+00:00,4.15,4.415,3.7,3.7005,37531,0.0,0.0,0.0,0.0,0.0,0.0,0.0,0.0,,,4.296546665735635,3.3425357903995105,,,,,3.91148508372394,,,,,,,,,,,3.324108411931136,4.563388929002241,"rgba(38, 166, 154, 1.0)"
2024-08-23 00:00:00+00:00,4.085,4.15,3.95,4.1,12874,0.0,0.0,0.0,0.0,0.0,0.0,0.0,0.0,,,4.2962337505978265,3.343149228030423,,,,,3.912512897357438,,,,,,,,,,,3.324732557414927,4.561601823649587,"rgba(38, 166, 154, 1.0)"
2024-08-26 00:00:00+00:00,3.9,4.075,3.775,4.075,6309,0.0,0.0,0.0,0.0,0.0,0.0,0.0,0.0,,,4.295986103834084,3.343388876476619,,,,,3.9125267819444747,,,,,,,,,,,3.324977932140899,4.560478014835816,"rgba(38, 166, 154, 1.0)"
2024-08-27 00:00:00+00:00,3.925,3.925,3.625,3.79375,37203,0.0,0.0,0.0,0.0,0.0,0.0,0.0,0.0,,,4.294181000926069,3.344572662305068,,,,,3.910834892822633,,,,,,,,,,,3.3261972102315647,4.552997632711772,"rgba(38, 166, 154, 1.0)"
2024-08-28 00:00:00+00:00,3.75,3.875,3.65,3.875,7575,0.0,0.0,0.0,0.0,0.0,0.0,0.0,0.0,,,4.293763169486559,3.344779635074758,,,,,3.910237026700251,,,,,,,,,,,3.326411658859179,4.551355364765669,#000000
2024-08-29 00:00:00+00:00,3.85,3.8995,3.75,3.75,9655,0.0,0.0,0.0,0.0,0.0,0.0,0.0,0.0,,,4.293305851134524,3.345090821726361,,,,,3.9098538298120507,,,,,,,,,,,3.3267319875052443,4.54946856394616,#000000
2024-08-30 00:00:00+00:00,3.9,3.9,3.775,3.8635,10441,0.0,0.0,0.0,0.0,0.0,0.0,0.0,0.0,,,4.2928393168412144,3.3454442246440372,,,,,3.909578295568474,,,,,,,,,,,3.3270951298103486,4.547510583994754,#000000
2024-09-03 00:00:00+00:00,3.85,3.925,3.775,3.8,11788,0.0,0.0,0.0,0.0,0.0,0.0,0.0,0.0,,,4.292303717079853,3.345836162517594,,,,,3.9092207204760334,,,,,,,,,,,3.3274981034861106,4.5452867253533125,#000000
2024-09-04 00:00:00+00:00,3.85,3.9,3.85,3.85,570,0.0,0.0,0.0,0.0,0.0,0.0,0.0,0.0,,,4.292278826044703,3.345855724951097,,,,,3.9092083744032458,,,,,,,,,,,3.3275181942799676,4.545182120737604,#000000
2024-09-05 00:00:00+00:00,4.1,4.1,3.85,3.95,61128,0.0,0.0,0.0,0.0,0.0,0.0,0.0,0.0,,,4.290561107195937,3.348546925740369,,,,,3.912450923462958,,,,,,,,,,,3.330261148961082,4.536587500194201,"rgba(38, 166, 154, 1.0)"
2024-09-06 00:00:00+00:00,4.0,4.125,3.9,4.095,25237,0.0,0.0,0.0,0.0,0.0,0.0,0.0,0.0,,,4.289836779711464,3.3496379342415463,,,,,3.913630717340403,,,,,,,,,,,3.331373562424747,4.533064574532219,"rgba(38, 166, 154, 1.0)"
2024-09-09 00:00:00+00:00,4.05,4.1,3.99125,4.0,7790,0.0,0.0,0.0,0.0,0.0,0.0,0.0,0.0,,,4.289644622610999,3.349993740104051,,,,,3.9141356664924554,,,,,,,,,,,3.3317358113572006,4.532066215645921,"rgba(38, 166, 154, 1.0)"
2024-09-10 00:00:00+00:00,4.1,4.175,4.0,4.0,9480,0.0,0.0,0.0,0.0,0.0,0.0,0.0,0.0,,,4.289454093828019,3.3504539083552105,,,,,3.9149493780321896,,,,,,,,,,,3.3322035978822795,4.530967967317874,"rgba(38, 166, 154, 1.0)"
2024-09-11 00:00:00+00:00,4.04,4.15,4.04,4.1219,3500,0.0,0.0,0.0,0.0,0.0,0.0,0.0,0.0,,,4.289378515871107,3.35062022217394,,,,,3.9152225764213244,,,,,,,,,,,3.33237275014256,4.530550081429324,"rgba(38, 166, 154, 1.0)"
2024-09-12 00:00:00+00:00,4.0225,4.0745,4.005,4.0745,4158,0.0,0.0,0.0,0.0,0.0,0.0,0.0,0.0,,,4.289270803206522,3.350806098843519,,,,,3.9154604801710953,,,,,,,,,,,3.332562089248653,4.530008056954451,"rgba(38, 166, 154, 1.0)"
2024-09-13 00:00:00+00:00,4.0265,4.15,4.0265,4.12318,14939,0.0,0.0,0.0,0.0,0.0,0.0,0.0,0.0,,,4.2889354984640295,3.3515059574248416,,,,,3.9165479635968405,,,,,,,,,,,3.333274120699287,4.528201898939112,"rgba(38, 166, 154, 1.0)"
2024-09-16 00:00:00+00:00,4.0265,4.1,4.026,4.026,9406,0.0,0.0,0.0,0.0,0.0,0.0,0.0,0.0,,,4.288708880110481,3.3519355657616896,,,,,3.9171493493956717,,,,,,,,,,,3.3337114680112188,4.527030611935567,"rgba(38, 166, 154, 1.0)"
2024-09-17 00:00:00+00:00,3.96,4.1,3.95,4.075,16561,0.0,0.0,0.0,0.0,0.0,0.0,0.0,0.0,,,4.288231457582579,3.3526393678205615,,,,,3.9178236003998688,,,,,,,,,,,3.3344292856461815,4.524777933177767,"rgba(38, 166, 154, 0.75)"
2024-09-18 00:00:00+00:00,3.94,3.9825,3.9135,3.9825,5206,0.0,0.0,0.0,0.0,0.0,0.0,0.0,0.0,,,4.288051222001243,3.3528406034606544,,,,,3.917891089286698,,,,,,,,,,,3.3346350777861806,4.523995474119344,#000000
2024-09-19 00:00:00+00:00,3.9995,3.9995,3.94,3.95,13356,0.0,0.0,0.0,0.0,0.0,0.0,0.0,0.0,,,4.2876359285898875,3.353386129588567,,,,,3.91827746526794,,,,,,,,,,,3.335192050402986,4.522116238134774,#000000
2024-09-20 00:00:00+00:00,3.9,4.0,3.625,3.9995,19931,0.0,0.0,0.0,0.0,0.0,0.0,0.0,0.0,,,4.2867414949322615,3.3540194550292046,,,,,3.9175690282034625,,,,,,,,,,,3.335843834811843,4.518628555976076,#000000
2024-09-23 00:00:00+00:00,3.825,3.9375,3.775,3.93125,11552,0.0,0.0,0.0,0.0,0.0,0.0,0.0,0.0,,,4.286229559855856,3.3543889087322234,,,,,3.917186597088839,,,,,,,,,,,3.3362239469981225,4.516635756187566,"rgba(239, 83, 80, 1.0)"
2024-09-24 00:00:00+00:00,3.8005,3.85,3.75,3.82,18960,0.0,0.0,0.0,0.0,0.0,0.0,0.0,0.0,,,4.285305045764978,3.3549378471991838,,,,,3.916171575152045,,,,,,,,,,,3.3367907930555987,4.513169559410753,"rgba(239, 83, 80, 1.0)"
2024-09-25 00:00:00+00:00,3.75,3.775,3.725,3.75,11970,0.0,0.0,0.0,0.0,0.0,0.0,0.0,0.0,,,4.284663013245149,3.355244741632337,,,,,3.9152665588657363,,,,,,,,,,,3.3371092800523843,4.5108457089992715,"rgba(239, 83, 80, 1.0)"
2024-09-26 00:00:00+00:00,3.7,3.75,3.7,3.75,2147,0.0,0.0,0.0,0.0,0.0,0.0,0.0,0.0,,,4.28454084855231,3.3552950934861996,,,,,3.9150727415754116,,,,,,,,,,,3.337161745939602,4.51041219181894,"rgba(239, 83, 80, 1.0)"
2024-09-27 00:00:00+00:00,3.75,3.798,3.7,3.7,17881,0.0,0.0,0.0,0.0,0.0,0.0,0.0,0.0,,,4.28358386409102,3.3557517561344334,,,,,3.9137365046809385,,,,,,,,,,,3.3376357015855818,4.506967840862191,"rgba(239, 83, 80, 1.0)"
2024-09-30 00:00:00+00:00,3.740925,3.75,3.7,3.75,7900,0.0,0.0,0.0,0.0,0.0,0.0,0.0,0.0,,,4.283147130612573,3.3559434408668083,,,,,3.9130854540044746,,,,,,,,,,,3.3378350923278535,4.5054180389166625,"rgba(239, 83, 80, 1.0)"
2024-10-01 00:00:00+00:00,3.655,3.725,3.65,3.725,40120,0.0,0.0,0.0,0.0,0.0,0.0,0.0,0.0,,,4.280725609985208,3.3567748352355222,,,,,3.908899388657681,,,,,,,,,,,3.3387066047286065,4.4971037586828215,"rgba(239, 83, 80, 1.0)"
2024-10-02 00:00:00+00:00,3.7,3.7,3.55,3.625,5259,0.0,0.0,0.0,0.0,0.0,0.0,0.0,0.0,,,4.280395676169902,3.356874438278319,,,,,3.908299886872475,,,,,,,,,,,3.338811524044336,4.49599123693658,"rgba(239, 83, 80, 1.0)"
2024-10-03 00:00:00+00:00,3.6625,3.7,3.5,3.6,15799,0.0,0.0,0.0,0.0,0.0,0.0,0.0,0.0,,,4.279360804046424,3.3571435243019176,,,,,3.906313963301584,,,,,,,,,,,3.339096793417662,4.492551900784019,"rgba(239, 83, 80, 1.0)"
2024-10-04 00:00:00+00:00,3.675675,3.74725,3.55,3.595,12280,0.0,0.0,0.0,0.0,0.0,0.0,0.0,0.0,,,4.27860351004146,3.3573814390785373,,,,,3.9049858179048984,,,,,,,,,,,3.3393470413665525,4.4900093351311785,"rgba(239, 83, 80, 1.0)"
2024-10-07 00:00:00+00:00,3.625,3.65,3.5995,3.65,5272,0.0,0.0,0.0,0.0,0.0,0.0,0.0,0.0,,,4.278261809729806,3.357472316238085,,,,,3.904344910850122,,,,,,,,,,,3.3394432946939823,4.488879678480259,"rgba(239, 83, 80, 1.0)"
2024-10-08 00:00:00+00:00,3.7495,3.7495,3.6,3.61,9126,0.0,0.0,0.0,0.0,0.0,0.0,0.0,0.0,,,4.277738802889688,3.357673471590807,,,,,3.903537562674617,,,,,,,,,,,3.339653408238861,4.487099921054475,"rgba(239, 83, 80, 0.75)"
2024-10-09 00:00:00+00:00,3.64,3.75,3.6215,3.7,15838,0.0,0.0,0.0,0.0,0.0,0.0,0.0,0.0,,,4.276787691875257,3.357992287050927,,,,,3.9019531360589212,,,,,,,,,,,3.339987980009927,4.4839164609774365,"rgba(239, 83, 80, 0.75)"
2024-10-10 00:00:00+00:00,3.585,3.7,3.585,3.7,18137,0.0,0.0,0.0,0.0,0.0,0.0,0.0,0.0,,,4.275617724379803,3.358301600489208,,,,,3.8998005773883375,,,,,,,,,,,3.3403157288740526,4.480091618958644,"rgba(239, 83, 80, 0.75)"
2024-10-11 00:00:00+00:00,3.65,3.65,3.575,3.575,10162,0.0,0.0,0.0,0.0,0.0,0.0,0.0,0.0,,,4.274965701681893,3.3584756789085572,,,,,3.8986161770430003,,,,,,,,,,,3.340500111899931,4.4779675582481895,"rgba(239, 83, 80, 0.75)"
2024-10-14 00:00:00+00:00,3.7075,3.75,3.575,3.606,14635,0.0,0.0,0.0,0.0,0.0,0.0,0.0,0.0,,,4.274104634607181,3.358775287180579,,,,,3.8972521357263927,,,,,,,,,,,3.3408141597705407,4.47511417127867,"rgba(239, 83, 80, 0.75)"
2024-10-15 00:00:00+00:00,3.6215,3.7495,3.6215,3.725,16541,0.0,0.0,0.0,0.0,0.0,0.0,0.0,0.0,,,4.273112725533829,3.3590991007757354,,,,,3.895638246513395,,,,,,,,,,,3.3411543753362247,4.471860059227025,"rgba(239, 83, 80, 0.75)"
2024-10-16 00:00:00+00:00,3.7425,3.7425,3.708,3.708,11689,0.0,0.0,0.0,0.0,0.0,0.0,0.0,0.0,,,4.272490435878322,3.359377556298883,,,,,3.8948365960785924,,,,,,,,,,,3.341444018592618,4.469765166599257,"rgba(239, 83, 80, 0.75)"
2024-10-17 00:00:00+00:00,3.75,3.875,3.4675,3.74,29910,0.0,0.0,0.0,0.0,0.0,0.0,0.0,0.0,,,4.270806487050468,3.3600241186356463,,,,,3.8924081782250597,,,,,,,,,,,3.342119639739988,4.464217631087129,#000000
2024-10-18 00:00:00+00:00,3.925,3.975,3.69,3.69,12680,0.0,0.0,0.0,0.0,0.0,0.0,0.0,0.0,,,4.270301208063333,3.360431801260784,,,,,3.8922572827494277,,,,,,,,,,,3.342538582209047,4.4623932869143035,"rgba(38, 166, 154, 1.0)"
2024-10-21 00:00:00+00:00,3.825,4.05,2.8615,3.865,93778,0.0,0.0,0.0,0.0,0.0,0.0,0.0,0.0,,,4.264017424459772,3.3617323624790796,,,,,3.880671774934902,,,,,,,,,,,3.3439349515616925,4.442989352820758,"rgba(38, 166, 154, 1.0)"
2024-10-22 00:00:00+00:00,3.9,3.925,3.833125,3.85,33759,0.0,0.0,0.0,0.0,0.0,0.0,0.0,0.0,,,4.262784934696341,3.36285391932551,,,,,3.88074229230437,,,,,,,,,,,3.3450857432636605,4.438620807343831,"rgba(38, 166, 154, 1.0)"
2024-10-23 00:00:00+00:00,3.875,3.875,3.7,3.875,7707,0.0,0.0,0.0,0.0,0.0,0.0,0.0,0.0,,,4.262453084566234,3.3630754297489522,,,,,3.8805507700860824,,,,,,,,,,,3.3453141734682412,4.437509076593002,"rgba(38, 166, 154, 1.0)"
2024-10-24 00:00:00+00:00,3.7,3.88,3.625,3.8,25457,0.0,0.0,0.0,0.0,0.0,0.0,0.0,0.0,,,4.261160282877599,3.3636741095026257,,,,,3.8791277994853117,,,,,,,,,,,3.3459366736167104,4.433385648505509,#000000
2024-10-25 00:00:00+00:00,3.65,3.7855,3.5955,3.66,13651,0.0,0.0,0.0,0.0,0.0,0.0,0.0,0.0,,,4.260393509701527,3.363944330143326,,,,,3.8780736702234133,,,,,,,,,,,3.346220022370448,4.43101240544113,#000000
2024-10-28 00:00:00+00:00,3.55,3.65,3.525,3.65,12542,0.0,0.0,0.0,0.0,0.0,0.0,0.0,0.0,,,4.259567939951128,3.3641114305886313,,,,,3.8766284221030207,,,,,,,,,,,3.3463997807749783,4.428551861168269,"rgba(239, 83, 80, 1.0)"
2024-10-29 00:00:00+00:00,3.5245,3.5255,3.45,3.5255,29144,0.0,0.0,0.0,0.0,0.0,0.0,0.0,0.0,,,4.257447876309331,3.3643609748603835,,,,,3.8725007638368165,,,,,,,,,,,3.346679713180672,4.422390899645226,"rgba(239, 83, 80, 1.0)"
2024-10-30 00:00:00+00:00,3.475,3.6055,3.45,3.6,21554,0.0,0.0,0.0,0.0,0.0,0.0,0.0,0.0,,,4.255908483373873,3.3645587303033495,,,,,3.8695875479570767,,,,,,,,,,,3.346899771704075,4.417936422232515,"rgba(239, 83, 80, 1.0)"
2024-10-31 00:00:00+00:00,3.5,3.58,3.5,3.535,6645,0.0,0.0,0.0,0.0,0.0,0.0,0.0,0.0,,,4.255445646052606,3.364626485684739,,,,,3.8687396387882655,,,,,,,,,,,3.346974339573296,4.41659668964444,"rgba(239, 83, 80, 1.0)"
2024-11-01 00:00:00+00:00,3.5112,3.55,3.5015,3.55,3951,0.0,0.0,0.0,0.0,0.0,0.0,0.0,0.0,,,4.255168554184276,3.3646653122546635,,,,,3.8682290062344338,,,,,,,,,,,3.3470172250876145,4.415796866469287,"rgba(239, 83, 80, 1.0)"
2024-11-04 00:00:00+00:00,3.5625,3.627,3.501,3.501,23959,0.0,0.0,0.0,0.0,0.0,0.0,0.0,0.0,,,4.253589953252958,3.3649644309990423,,,,,3.865540222535665,,,,,,,,,,,3.3473404338153303,4.4112065754056555,"rgba(239, 83, 80, 1.0)"
2024-11-05 00:00:00+00:00,3.5305,3.6,3.5305,3.6,8393,0.0,0.0,0.0,0.0,0.0,0.0,0.0,0.0,,,4.2530308059706545,3.3650638222716385,,,,,3.8645792104470256,,,,,,,,,,,3.3474482876616904,4.409591720129214,"rgba(239, 83, 80, 1.0)"
2024-11-06 00:00:00+00:00,3.53,3.644525,3.522,3.644525,11372,0.0,0.0,0.0,0.0,0.0,0.0,0.0,0.0,,,4.2522874232408885,3.365206769314015,,,,,3.86333574251343,,,,,,,,,,,3.347602624438226,4.407443506106541,"rgba(239, 83, 80, 1.0)"
2024-11-07 00:00:00+00:00,3.4125,3.5579,3.1,3.54,40904,0.0,0.0,0.0,0.0,0.0,0.0,0.0,0.0,,,4.248818232098365,3.365185260004544,,,,,3.855872068564008,,,,,,,,,,,3.3476259795504917,4.397912934138617,"rgba(239, 83, 80, 1.0)"
2024-11-08 00:00:00+00:00,3.4625,3.475,3.1055,3.45,44742,0.0,0.0,0.0,0.0,0.0,0.0,0.0,0.0,,,4.245015640167791,3.3651363686075273,,,,,3.8478110928958063,,,,,,,,,,,3.3476260922494605,4.38759443873807,"rgba(239, 83, 80, 1.0)"
2024-11-11 00:00:00+00:00,3.5,3.575,3.26,3.4,17572,0.0,0.0,0.0,0.0,0.0,0.0,0.0,0.0,,,4.243692008889946,3.36522380904324,,,,,3.84531731078657,,,,,,,,,,,3.347731905302159,4.3839713134386615,"rgba(239, 83, 80, 1.0)"
2024-11-12 00:00:00+00:00,3.525,3.6,3.5,3.5,3115,0.0,0.0,0.0,0.0,0.0,0.0,0.0,0.0,,,4.243486168388101,3.3652580479520426,,,,,3.8449844276607767,,,,,,,,,,,3.347769256583876,4.383397766837311,"rgba(239, 83, 80, 0.75)"
2024-11-13 00:00:00+00:00,3.55,3.55,3.3925,3.55,9358,0.0,0.0,0.0,0.0,0.0,0.0,0.0,0.0,,,4.242829643149389,3.365335095171428,,,,,3.8438437840775825,,,,,,,,,,,3.3478558399790876,4.381589258073256,"rgba(239, 83, 80, 0.75)"
2024-11-14 00:00:00+00:00,3.4925,3.57525,3.4925,3.51,16530,0.0,0.0,0.0,0.0,0.0,0.0,0.0,0.0,,,4.241707826891879,3.365494190167856,,,,,3.8419773300176003,,,,,,,,,,,3.348031580757047,4.378493822002975,"rgba(239, 83, 80, 0.75)"
2024-11-15 00:00:00+00:00,3.45,3.46375,3.375,3.45,9771,0.0,0.0,0.0,0.0,0.0,0.0,0.0,0.0,,,4.240963392658092,3.3655331141789615,,,,,3.840576793041076,,,,,,,,,,,3.3480807402788666,4.376482722463422,"rgba(239, 83, 80, 0.75)"
2024-11-18 00:00:00+00:00,3.40875,3.525,3.3,3.5,6301,0.0,0.0,0.0,0.0,0.0,0.0,0.0,0.0,,,4.240473223873436,3.3655510124123804,,,,,3.839638603429338,,,,,,,,,,,3.3481052863402376,4.375165322431267,"rgba(239, 83, 80, 1.0)"
2024-11-19 00:00:00+00:00,3.45,3.5,3.375,3.375,2102,0.0,0.0,0.0,0.0,0.0,0.0,0.0,0.0,,,4.240315826738841,3.365560952129583,,,,,3.8393486943451447,,,,,,,,,,,3.348117412955181,4.374740482952093,"rgba(239, 83, 80, 1.0)"
2024-11-20 00:00:00+00:00,3.415,3.45,3.3848,3.4,9648,0.0,0.0,0.0,0.0,0.0,0.0,0.0,0.0,,,4.239571532604394,3.365591525756377,,,,,3.8379399034055526,,,,,,,,,,,3.348158129359791,4.372743204132258,"rgba(239, 83, 80, 1.0)"
2024-11-21 00:00:00+00:00,3.3875,3.4,3.325,3.4,20261,0.0,0.0,0.0,0.0,0.0,0.0,0.0,0.0,,,4.237926189876512,3.3655981114734423,,,,,3.8346937044937537,,,,,,,,,,,3.3481864056310093,4.368376389688887,"rgba(239, 83, 80, 1.0)"
2024-11-22 00:00:00+00:00,3.3,3.35,3.2,3.35,41805,0.0,0.0,0.0,0.0,0.0,0.0,0.0,0.0,,,4.234210331520445,3.365385405884662,,,,,3.826899373951086,,,,,,,,,,,3.3480199674956954,4.358705592777185,"rgba(239, 83, 80, 1.0)"
2024-11-25 00:00:00+00:00,3.35,3.371875,3.275,3.275,11136,0.0,0.0,0.0,0.0,0.0,0.0,0.0,0.0,,,4.233276089821003,3.3653626280317246,,,,,3.8250438233606707,,,,,,,,,,,3.348009222449386,4.356274458515162,"rgba(239, 83, 80, 1.0)"
2024-11-26 00:00:00+00:00,3.205,3.35,3.1,3.35,20294,0.0,0.0,0.0,0.0,0.0,0.0,0.0,0.0,,,4.231363803952505,3.365178438538543,,,,,3.8209240550349386,,,,,,,,,,,3.347847978362295,4.351383724244718,"rgba(239, 83, 80, 1.0)"
2024-11-27 00:00:00+00:00,3.2,3.3375,3.165,3.304,33447,0.0,0.0,0.0,0.0,0.0,0.0,0.0,0.0,,,4.228276813487572,3.3649084998936747,,,,,3.8144301483457776,,,,,,,,,,,3.347615483132305,4.343525654229342,"rgba(239, 83, 80, 1.0)"
2024-11-29 00:00:00+00:00,3.2,3.25,3.15,3.15,1336,0.0,0.0,0.0,0.0,0.0,0.0,0.0,0.0,,,4.228149680018519,3.3648949289099153,,,,,3.814158643657349,,,,,,,,,,,3.347603425259597,4.3432044719773835,"rgba(239, 83, 80, 1.0)"
2024-12-02 00:00:00+00:00,3.125,3.19,3.125,3.19,1511,0.0,0.0,0.0,0.0,0.0,0.0,0.0,0.0,,,4.227998474779509,3.364874619520318,,,,,3.8138252234761985,,,,,,,,,,,3.3475848636317553,4.342824499516655,"rgba(239, 83, 80, 1.0)"
2024-12-03 00:00:00+00:00,3.0,3.175,2.95,3.15,23060,0.0,0.0,0.0,0.0,0.0,0.0,0.0,0.0,,,4.225472538068516,3.364416217670172,,,,,3.807983392644103,,,,,,,,,,,3.347154193265625,4.3365489634710155,"rgba(239, 83, 80, 1.0)"
2024-12-04 00:00:00+00:00,3.032,3.0725,3.0,3.0,12379,0.0,0.0,0.0,0.0,0.0,0.0,0.0,0.0,,,4.224113202697867,3.3641654770449696,,,,,3.804856072815726,,,,,,,,,,,3.346918341655486,4.3331874082240835,"rgba(239, 83, 80, 1.0)"
2024-12-05 00:00:00+00:00,3.0,3.1,3.0,3.005,4960,0.0,0.0,0.0,0.0,0.0,0.0,0.0,0.0,,,4.22356873086853,3.3640646605715787,,,,,3.8036076834666943,,,,,,,,,,,3.34682348717009,4.331843821484352,"rgba(239, 83, 80, 1.0)"
2024-12-06 00:00:00+00:00,3.0005,3.0005,2.975,3.0005,1972,0.0,0.0,0.0,0.0,0.0,0.0,0.0,0.0,,,4.2233448851071484,3.364019587739851,,,,,3.803085896282883,,,,,,,,,,,3.346780820578749,4.331293429524141,"rgba(239, 83, 80, 1.0)"
2024-12-09 00:00:00+00:00,3.15,3.2,3.0,3.0,11410,0.0,0.0,0.0,0.0,0.0,0.0,0.0,0.0,,,4.222182275696117,3.3638463318946803,,,,,3.8005419793969417,,,,,,,,,,,3.346620829562018,4.32841332355349,"rgba(239, 83, 80, 0.75)"
2024-12-10 00:00:00+00:00,3.0875,3.09,2.975,3.09,4322,0.0,0.0,0.0,0.0,0.0,0.0,0.0,0.0,,,4.221716340955262,3.3637633053180576,,,,,3.79949099596742,,,,,,,,,,,3.3465429511953895,4.327266852906613,"rgba(239, 83, 80, 0.75)"
2024-12-11 00:00:00+00:00,3.0,3.1,2.99,3.05,41597,0.0,0.0,0.0,0.0,0.0,0.0,0.0,0.0,,,4.217171387164131,3.3629134141802752,,,,,3.789247133061921,,,,,,,,,,,3.3457428447144872,4.316158578356671,"rgba(239, 83, 80, 0.75)"
2024-12-12 00:00:00+00:00,2.91,3.0,2.85,3.0,39132,0.0,0.0,0.0,0.0,0.0,0.0,0.0,0.0,,,4.212534050723232,3.361854954116836,,,,,3.7784956506410294,,,,,,,,,,,3.3447328919308545,4.30500182928326,"rgba(239, 83, 80, 0.75)"
2024-12-13 00:00:00+00:00,2.9,3.0,2.84375,2.885,12410,0.0,0.0,0.0,0.0,0.0,0.0,0.0,0.0,,,4.2110641869408765,3.3615162365600852,,,,,3.775120180351016,,,,,,,,,,,3.3444095319039033,4.301487123402818,"rgba(239, 83, 80, 0.75)"
2024-12-16 00:00:00+00:00,2.85,2.91875,2.775,2.91875,15566,0.0,0.0,0.0,0.0,0.0,0.0,0.0,0.0,,,4.2091306586304205,3.361028838354197,,,,,3.7705982722588964,,,,,,,,,,,3.3439418228275413,4.296892922686761,"rgba(239, 83, 80, 1.0)"
2024-12-17 00:00:00+00:00,2.7,2.875,2.65,2.8,34898,0.0,0.0,0.0,0.0,0.0,0.0,0.0,0.0,,,4.204478872226071,3.359713902838167,,,,,3.759469840288875,,,,,,,,,,,3.342672520722137,4.285950224091541,"rgba(239, 83, 80, 1.0)"
2024-12-18 00:00:00+00:00,2.75,2.825,2.675,2.675,22330,0.0,0.0,0.0,0.0,0.0,0.0,0.0,0.0,,,4.201534668152857,3.3588867524290227,,,,,3.752531847721449,,,,,,,,,,,3.341874364751943,4.2790661534616055,"rgba(239, 83, 80, 1.0)"
2024-12-19 00:00:00+00:00,2.713625,2.95,2.7,2.8,31433,0.0,0.0,0.0,0.0,0.0,0.0,0.0,0.0,,,4.197517992734702,3.3577983939015805,,,,,3.7432885068663917,,,,,,,,,,,3.3408261341422563,4.2697171091717525,"rgba(239, 83, 80, 1.0)"
2024-12-20 00:00:00+00:00,2.62825,2.766,2.6125,2.7245,10367,0.0,0.0,0.0,0.0,0.0,0.0,0.0,0.0,,,4.196086870995208,3.3573656151354188,,,,,3.739903904308357,,,,,,,,,,,3.340407094931426,4.266413860503323,"rgba(239, 83, 80, 1.0)"
2024-12-23 00:00:00+00:00,2.45,2.625,2.3865,2.625,25701,0.0,0.0,0.0,0.0,0.0,0.0,0.0,0.0,,,4.192129614365556,3.356012418577521,,,,,3.7301958696860216,,,,,,,,,,,3.339089926535875,4.257358176707672,"rgba(239, 83, 80, 1.0)"
2024-12-24 00:00:00+00:00,2.559,2.599525,2.55,2.5995,5517,0.0,0.0,0.0,0.0,0.0,0.0,0.0,0.0,,,4.191323444174211,3.355749965705838,,,,,3.7282682659398354,,,,,,,,,,,3.3388349890966516,4.255516143291876,"rgba(239, 83, 80, 1.0)"
2024-12-26 00:00:00+00:00,2.5798,2.6,2.515,2.545,9068,0.0,0.0,0.0,0.0,0.0,0.0,0.0,0.0,,,4.189996391035767,3.3553164582881085,,,,,3.7251013840266762,,,,,,,,,,,3.338413839055557,4.252489018419668,"rgba(239, 83, 80, 0.75)"
2024-12-27 00:00:00+00:00,2.425,2.576,2.4,2.576,40428,0.0,0.0,0.0,0.0,0.0,0.0,0.0,0.0,,,4.1837512577982405,3.3531507543045453,,,,,3.7100153755748284,,,,,,,,,,,3.336304755078305,4.238348392907436,"rgba(239, 83, 80, 0.75)"
2024-12-30 00:00:00+00:00,2.475,2.595,2.45,2.45,20231,0.0,0.0,0.0,0.0,0.0,0.0,0.0,0.0,,,4.180714847980381,3.3521192863166247,,,,,3.7028376465047064,,,,,,,,,,,3.335301139233145,4.2315124754771025,"rgba(239, 83, 80, 0.75)"
2024-12-31 00:00:00+00:00,2.55,2.55,2.42,2.5,30143,0.0,0.0,0.0,0.0,0.0,0.0,0.0,0.0,,,4.176211116100499,3.35058711408034,,,,,3.692300686279293,,,,,,,,,,,3.3338103066176523,4.221426886673556,"rgba(239, 83, 80, 0.75)"
2025-01-02 00:00:00+00:00,2.65,2.8025,2.44,2.44,7889,0.0,0.0,0.0,0.0,0.0,0.0,0.0,0.0,,,4.17512376690359,3.350245896173677,,,,,3.6898591448017135,,,,,,,,,,,3.3334794513737225,4.218996465318735,"rgba(239, 83, 80, 0.75)"
2025-01-03 00:00:00+00:00,3.0,3.0,2.6,2.75,22752,0.0,0.0,0.0,0.0,0.0,0.0,0.0,0.0,,,4.172473979122853,3.349585628946689,,,,,3.684434328692854,,,,,,,,,,,3.3328466780033663,4.213063210975573,"rgba(239, 83, 80, 0.5)"
2025-01-06 00:00:00+00:00,2.745,3.0,2.6865,3.0,14490,0.0,0.0,0.0,0.0,0.0,0.0,0.0,0.0,,,4.1707196565244,3.349117267454562,,,,,3.6807818108957333,,,,,,,,,,,3.3323961328340563,4.2091550739751895,"rgba(239, 83, 80, 0.5)"
2025-01-07 00:00:00+00:00,2.7375,2.75,2.73375,2.75,14992,0.0,0.0,0.0,0.0,0.0,0.0,0.0,0.0,,,4.16881603115552,3.348570593818499,,,,,3.676733001521155,,,,,,,,,,,3.331868307866273,4.204932933057525,#000000
2025-01-08 00:00:00+00:00,2.75,2.75,2.65,2.7,5583,0.0,0.0,0.0,0.0,0.0,0.0,0.0,0.0,,,4.1680966524420935,3.348359323599512,,,,,3.675196106098883,,,,,,,,,,,3.331664103677063,4.2033414123604995,#000000
2025-01-10 00:00:00+00:00,2.712375,2.75,2.6,2.7005,11313,0.0,0.0,0.0,0.0,0.0,0.0,0.0,0.0,,,4.166611846481468,3.347911878595693,,,,,3.6720024480355122,,,,,,,,,,,3.331231101656226,4.200063725528628,#000000
2025-01-13 00:00:00+00:00,2.58125,2.7,2.58125,2.7,6910,0.0,0.0,0.0,0.0,0.0,0.0,0.0,0.0,,,4.165665604285147,3.34761133651059,,,,,3.669930576807443,,,,,,,,,,,3.3309395678662685,4.197980797263542,"rgba(239, 83, 80, 0.5)"
2025-01-14 00:00:00+00:00,2.5475,2.585,2.4535,2.585,4918,0.0,0.0,0.0,0.0,0.0,0.0,0.0,0.0,,,4.164952710632346,3.3473704784112366,,,,,3.6683318365162463,,,,,,,,,,,3.330705310594471,4.196415236696296,"rgba(239, 83, 80, 0.5)"
2025-01-15 00:00:00+00:00,2.45,2.55,2.435,2.55,5105,0.0,0.0,0.0,0.0,0.0,0.0,0.0,0.0,,,4.164190623934914,3.3471052502159355,,,,,3.666603953175291,,,,,,,,,,,3.3304470395427592,4.19474429880799,"rgba(239, 83, 80, 0.5)"
2025-01-16 00:00:00+00:00,2.53125,2.55,2.53125,2.55,842,0.0,0.0,0.0,0.0,0.0,0.0,0.0,0.0,,,4.1640694033879875,3.347064498195041,,,,,3.6663336107040805,,,,,,,,,,,3.330407413072332,4.194478502060526,"rgba(239, 83, 80, 0.5)"
2025-01-17 00:00:00+00:00,2.75,2.75,2.425,2.4875,28120,0.0,0.0,0.0,0.0,0.0,0.0,0.0,0.0,,,4.160289988533294,3.345880683506248,,,,,3.6582051668927718,,,,,,,,,,,3.3292598514989304,4.186205461102496,"rgba(239, 83, 80, 0.5)"
2025-01-21 00:00:00+00:00,2.65,2.75,2.44,2.75,17652,0.0,0.0,0.0,0.0,0.0,0.0,0.0,0.0,,,4.15788299187169,3.3451097682744857,,,,,3.653027799112855,,,,,,,,,,,3.3285118313925217,4.180962600541854,"rgba(239, 83, 80, 0.5)"
2025-01-22 00:00:00+00:00,2.758,2.8245,2.5595,2.61525,34642,0.0,0.0,0.0,0.0,0.0,0.0,0.0,0.0,,,4.153487431406305,3.343809033207373,,,,,3.643984420650331,,,,,,,,,,,3.3272543704252855,4.1714286862629155,#000000
2025-01-23 00:00:00+00:00,2.81675,3.0,2.7135,2.7135,4725,0.0,0.0,0.0,0.0,0.0,0.0,0.0,0.0,,,4.1529436860299755,3.343668405334158,,,,,3.642934203499073,,,,,,,,,,,3.327119367980781,4.170252521253303,#000000
2025-01-24 00:00:00+00:00,2.7125,2.75,2.6,2.7,5991,0.0,0.0,0.0,0.0,0.0,0.0,0.0,0.0,,,4.15217289088222,3.3434346729828213,,,,,3.641347639740938,,,,,,,,,,,3.326893160263618,4.168589319223941,#000000
2025-01-27 00:00:00+00:00,2.8484,2.8484,2.5155,2.674875,16740,0.0,0.0,0.0,0.0,0.0,0.0,0.0,0.0,,,4.1500967125271035,3.342832111749482,,,,,3.637172897204086,,,,,,,,,,,3.3263112350129447,4.164117745604106,"rgba(38, 166, 154, 1.0)"
2025-01-28 00:00:00+00:00,2.825,2.9875,2.76,2.8,3682,0.0,0.0,0.0,0.0,0.0,0.0,0.0,0.0,,,4.149679613307325,3.342725991078009,,,,,3.636381668107224,,,,,,,,,,,3.3262094590924978,4.16322041611714,"rgba(38, 166, 154, 1.0)"
2025-01-29 00:00:00+00:00,3.0,3.0,2.79,2.8635,4260,0.0,0.0,0.0,0.0,0.0,0.0,0.0,0.0,,,4.149224430550583,3.342621605922609,,,,,3.6355532579243994,,,,,,,,,,,3.3261099669889753,4.16224132080788,"rgba(38, 166, 154, 1.0)"
2025-01-30 00:00:00+00:00,2.979,3.125,2.848,2.92,32388,0.0,0.0,0.0,0.0,0.0,0.0,0.0,0.0,,,4.145927622630419,3.3419333442071237,,,,,3.6297952088913896,,,,,,,,,,,3.3254580749273868,4.155171971104823,"rgba(38, 166, 154, 1.0)"
2025-01-31 00:00:00+00:00,3.0725,3.2125,2.95,3.145,17920,0.0,0.0,0.0,0.0,0.0,0.0,0.0,0.0,,,4.144258974188659,3.3416537323777535,,,,,3.6271118644360563,,,,,,,,,,,3.3251978059335,4.151609015749646,"rgba(38, 166, 154, 1.0)"
2025-02-03 00:00:00+00:00,2.918,3.0,2.8925,3.0,27100,0.0,0.0,0.0,0.0,0.0,0.0,0.0,0.0,,,4.141411728393241,3.3410053851149715,,,,,3.6220695200133,,,,,,,,,,,3.3245802364489365,4.145560908745546,"rgba(38, 166, 154, 1.0)"
2025-02-04 00:00:00+00:00,2.95,3.0251,2.93125,2.95125,3448,0.0,0.0,0.0,0.0,0.0,0.0,0.0,0.0,,,4.141060011962311,3.3409295523536704,,,,,3.621462914806592,,,,,,,,,,,3.3245082652718425,4.144815935451473,"rgba(38, 166, 154, 1.0)"
2025-02-05 00:00:00+00:00,3.025,3.055,2.975,3.055,13768,0.0,0.0,0.0,0.0,0.0,0.0,0.0,0.0,,,4.139716968505842,3.3406673331530894,,,,,3.619234943332276,,,,,,,,,,,3.324261161698314,4.141975545505559,"rgba(38, 166, 154, 1.0)"
2025-02-06 00:00:00+00:00,3.0,3.065,3.0,3.065,1300,0.0,0.0,0.0,0.0,0.0,0.0,0.0,0.0,,,4.139590698322881,3.3406428517688243,,,,,3.6190265865837596,,,,,,,,,,,3.3242381043255973,4.141708883976115,"rgba(38, 166, 154, 1.0)"
2025-02-07 00:00:00+00:00,2.95,3.0495,2.829,2.95,15780,0.0,0.0,0.0,0.0,0.0,0.0,0.0,0.0,,,4.137952319751804,3.340272615622574,,,,,3.6161767477439013,,,,,,,,,,,3.3238856546985827,4.1382550030701974,"rgba(38, 166, 154, 0.75)"
2025-02-10 00:00:00+00:00,2.8995,3.0,2.8995,3.0,11385,0.0,0.0,0.0,0.0,0.0,0.0,0.0,0.0,,,4.136763337701104,3.339999325854307,,,,,3.614105700437908,,,,,,,,,,,3.32362522095699,4.135755023437224,"rgba(38, 166, 154, 0.75)"
2025-02-11 00:00:00+00:00,2.66,2.8995,2.6,2.89,22017,0.0,0.0,0.0,0.0,0.0,0.0,0.0,0.0,,,4.134064660146995,3.3391955998623746,,,,,3.608893594328286,,,,,,,,,,,3.3228482573334808,4.130098061208554,#000000
2025-02-12 00:00:00+00:00,2.5486,2.656,2.35,2.656,26970,0.0,0.0,0.0,0.0,0.0,0.0,0.0,0.0,,,4.130303530247367,3.3378943077749668,,,,,3.6011618161539865,,,,,,,,,,,3.3215818942072213,4.12224779916036,"rgba(239, 83, 80, 0.5)"
2025-02-13 00:00:00+00:00,2.575,2.638,2.35,2.35,1220,0.0,0.0,0.0,0.0,0.0,0.0,0.0,0.0,,,4.130134102524661,3.3378357415034943,,,,,3.6008155539522906,,,,,,,,,,,3.3215249032551397,4.121895113059866,"rgba(239, 83, 80, 0.5)"
2025-02-14 00:00:00+00:00,2.59,2.6,2.5625,2.5875,792,0.0,0.0,0.0,0.0,0.0,0.0,0.0,0.0,,,4.130028449357364,3.3378006657071304,,,,,3.600604028692751,,,,,,,,,,,3.3214908291887344,4.121675270028417,"rgba(239, 83, 80, 0.5)"
2025-02-18 00:00:00+00:00,2.534,2.6,2.525,2.55,28318,0.0,0.0,0.0,0.0,0.0,0.0,0.0,0.0,,,4.126184309486531,3.3364968940975452,,,,,3.592868198298567,,,,,,,,,,,3.320223164094322,4.113697359764227,"rgba(239, 83, 80, 0.5)"
2025-02-19 00:00:00+00:00,2.4975,2.545,2.35,2.525,43609,0.0,0.0,0.0,0.0,0.0,0.0,0.0,0.0,,,4.119968730020464,3.3342708847608313,,,,,3.5801773202594562,,,,,,,,,,,3.3180540619876546,4.1008787204289066,"rgba(239, 83, 80, 0.5)"
2025-02-20 00:00:00+00:00,2.564,2.8005,2.4255,2.545,51296,0.0,0.0,0.0,0.0,0.0,0.0,0.0,0.0,,,4.113297081973633,3.332063514451717,,,,,3.567339455860789,,,,,,,,,,,3.3159103767680143,4.087253417804787,"rgba(239, 83, 80, 0.5)"
2025-02-21 00:00:00+00:00,2.4915,2.6385,2.375,2.61425,43090,0.0,0.0,0.0,0.0,0.0,0.0,0.0,0.0,,,4.107389487569679,3.3299812298120792,,,,,3.555781141929052,,,,,,,,,,,3.313882894244045,4.075279727054391,"rgba(239, 83, 80, 0.5)"
2025-02-24 00:00:00+00:00,2.4755,2.512,2.325,2.425,11521,0.0,0.0,0.0,0.0,0.0,0.0,0.0,0.0,,,4.105754474621224,3.32938326434923,,,,,3.5525476059215015,,,,,,,,,,,3.313299823510759,4.071979595787039,"rgba(239, 83, 80, 0.5)"
2025-02-25 00:00:00+00:00,2.495,2.55,2.35,2.4755,13499,0.0,0.0,0.0,0.0,0.0,0.0,0.0,0.0,,,4.103874333101957,3.328705226436745,,,,,3.5488754804446683,,,,,,,,,,,3.31263905440428,4.068194530566923,"rgba(239, 83, 80, 0.5)"
2025-02-26 00:00:00+00:00,2.475,2.531575,2.41,2.531575,7726,0.0,0.0,0.0,0.0,0.0,0.0,0.0,0.0,,,4.102804906424878,3.3283208647915257,,,,,3.5467987886021244,,,,,,,,,,,3.312264538366569,4.066045885367133,"rgba(239, 83, 80, 1.0)"
2025-02-27 00:00:00+00:00,2.45,2.61,2.325,2.495,35533,0.0,0.0,0.0,0.0,0.0,0.0,0.0,0.0,,,4.097872821935832,3.3265358845503488,,,,,3.537257475943186,,,,,,,,,,,3.3105248470381805,4.0561732176308976,"rgba(239, 83, 80, 1.0)"
2025-02-28 00:00:00+00:00,2.449,2.5995,2.375,2.52475,4828,0.0,0.0,0.0,0.0,0.0,0.0,0.0,0.0,,,4.097210206275334,3.3262975103112136,,,,,3.5359893087391923,,,,,,,,,,,3.3102925830893777,4.054851871267828,"rgba(239, 83, 80, 1.0)"
2025-03-03 00:00:00+00:00,2.175,2.475,2.125,2.475,69555,0.0,0.0,0.0,0.0,0.0,0.0,0.0,0.0,,,4.086460147534067,3.3220103246416564,,,,,3.514396217234601,,,,,,,,,,,3.3060989747553298,4.033487161388617,"rgba(239, 83, 80, 1.0)"
2025-03-04 00:00:00+00:00,2.349,2.414,2.161,2.2,39691,0.0,0.0,0.0,0.0,0.0,0.0,0.0,0.0,,,4.080546987553263,3.3196927808773373,,,,,3.502872669418133,,,,,,,,,,,3.303833603356942,4.021856525890584,"rgba(239, 83, 80, 0.75)"
2025-03-05 00:00:00+00:00,2.275,2.37,2.25,2.37,3584,0.0,0.0,0.0,0.0,0.0,0.0,0.0,0.0,,,4.080012077389367,3.319482039158252,,,,,3.501834618253986,,,,,,,,,,,3.3036275712248178,4.02080814148588,"rgba(239, 83, 80, 0.75)"
2025-03-06 00:00:00+00:00,2.35,2.35,2.15,2.35,3682,0.0,0.0,0.0,0.0,0.0,0.0,0.0,0.0,,,4.0794582513074875,3.319262446543736,,,,,3.5007567759722917,,,,,,,,,,,3.3034128363568,4.019723049868603,"rgba(239, 83, 80, 0.75)"
2025-03-07 00:00:00+00:00,2.35,2.35,2.19,2.35,6012,0.0,0.0,0.0,0.0,0.0,0.0,0.0,0.0,,,4.078561400493186,3.3189087062226506,,,,,3.4990201887854533,,,,,,,,,,,3.3030669900908256,4.017967796022087,"rgba(239, 83, 80, 0.75)"
2025-03-10 00:00:00+00:00,2.35,2.45,2.2,2.25,6350,0.0,0.0,0.0,0.0,0.0,0.0,0.0,0.0,,,4.077634579471195,3.318548736050402,,,,,3.4972471706083095,,,,,,,,,,,3.3027152573666245,4.01615714878048,"rgba(239, 83, 80, 0.75)"
2025-03-11 00:00:00+00:00,2.45,2.7,2.25,2.4,37997,0.0,0.0,0.0,0.0,0.0,0.0,0.0,0.0,,,4.072531547712954,3.3166910016825364,,,,,3.4879520720723804,,,,,,,,,,,3.300904643481704,4.006255477684182,"rgba(239, 83, 80, 0.5)"
2025-03-12 00:00:00+00:00,2.4,2.5315,2.325,2.5315,22024,0.0,0.0,0.0,0.0,0.0,0.0,0.0,0.0,,,4.069500813401545,3.3155575319760606,,,,,3.48239200006525,,,,,,,,,,,3.299798783624405,4.000397425056427,"rgba(239, 83, 80, 0.5)"
2025-03-13 00:00:00+00:00,2.275,2.4625,2.275,2.4625,29547,0.0,0.0,0.0,0.0,0.0,0.0,0.0,0.0,,,4.06525275580529,3.3139038610033773,,,,,3.4744593806699102,,,,,,,,,,,3.2981829610228717,3.9922052603391984,"rgba(239, 83, 80, 0.5)"
2025-03-14 00:00:00+00:00,2.475,2.475,2.1905,2.275,32686,0.0,0.0,0.0,0.0,0.0,0.0,0.0,0.0,,,4.0606930583624985,3.3121606650816333,,,,,3.4661356522253617,,,,,,,,,,,3.296480894397886,3.983467570256465,"rgba(239, 83, 80, 0.5)"
2025-03-17 00:00:00+00:00,2.45,2.45,2.35,2.4,3650,0.0,0.0,0.0,0.0,0.0,0.0,0.0,0.0,,,4.060196440202097,3.3119740164629383,,,,,3.4652449831851766,,,,,,,,,,,3.2962987741103236,3.9825197994762336,#000000
2025-03-18 00:00:00+00:00,2.375,2.558,2.125,2.375,45155,0.0,0.0,0.0,0.0,0.0,0.0,0.0,0.0,,,4.053839104696321,3.309506759136864,,,,,3.4536850769644527,,,,,,,,,,,3.293888467418239,3.9704134549129977,"rgba(239, 83, 80, 0.5)"
2025-03-19 00:00:00+00:00,2.475,2.621,2.3775,2.5,45493,0.0,0.0,0.0,0.0,0.0,0.0,0.0,0.0,,,4.047999444940776,3.3073917835413265,,,,,3.4437138421580844,,,,,,,,,,,3.2918280405482436,3.9594257751630684,#000000
2025-03-20 00:00:00+00:00,2.6,2.65,2.475,2.4755,30142,0.0,0.0,0.0,0.0,0.0,0.0,0.0,0.0,,,4.044361336096355,3.3061397976225537,,,,,3.4377917742561683,,,,,,,,,,,3.290611023512744,3.9526457640212964,#000000
2025-03-21 00:00:00+00:00,2.52,2.575,2.48525,2.575,11688,0.0,0.0,0.0,0.0,0.0,0.0,0.0,0.0,,,4.042909271060459,3.3056235107860563,,,,,3.435389865168426,,,,,,,,,,,3.2901084745965714,3.949943096037738,"rgba(38, 166, 154, 1.0)"
2025-03-24 00:00:00+00:00,2.54275,2.575,2.5105,2.5105,1558,0.0,0.0,0.0,0.0,0.0,0.0,0.0,0.0,,,4.042717962351982,3.3055561545555463,,,,,3.43507627011522,,,,,,,,,,,3.290042938266345,3.9495876479760335,"rgba(38, 166, 154, 1.0)"
2025-03-25 00:00:00+00:00,2.6325,2.6325,2.5399,2.5525,2366,0.0,0.0,0.0,0.0,0.0,0.0,0.0,0.0,,,4.042438932901298,3.3054617833845126,,,,,3.4346318594787073,,,,,,,,,,,3.2899512762232552,3.9490707815119293,"rgba(38, 166, 154, 1.0)"
2025-03-26 00:00:00+00:00,2.652,2.69,2.65,2.65,4318,0.0,0.0,0.0,0.0,0.0,0.0,0.0,0.0,,,4.041952007368962,3.305304874788031,,,,,3.4338826538926464,,,,,,,,,,,3.2897992055330056,3.9481721237754925,"rgba(38, 166, 154, 1.0)"
2025-03-27 00:00:00+00:00,2.625,2.7,2.6,2.6,9254,0.0,0.0,0.0,0.0,0.0,0.0,0.0,0.0,,,4.040892729838507,3.3049571572639778,,,,,3.432235475714578,,,,,,,,,,,3.2894619262928466,3.946216996815303,"rgba(38, 166, 154, 1.0)"
2025-03-28 00:00:00+00:00,2.507,2.9,2.4535,2.65,11341,0.0,0.0,0.0,0.0,0.0,0.0,0.0,0.0,,,4.03957682954598,3.304517720900139,,,,,3.4301714911810253,,,,,,,,,,,3.2890353580611764,3.9437895492464063,"rgba(38, 166, 154, 0.75)"
2025-03-31 00:00:00+00:00,2.5,2.5245,2.4755,2.507,1596,0.0,0.0,0.0,0.0,0.0,0.0,0.0,0.0,,,4.039376179652099,3.304445074147657,,,,,3.4298389060270886,,,,,,,,,,,3.2889645944788652,3.9434177029893847,"rgba(38, 166, 154, 0.75)"
2025-04-01 00:00:00+00:00,2.45,2.544,2.4475,2.544,7064,0.0,0.0,0.0,0.0,0.0,0.0,0.0,0.0,,,4.038477475917919,3.304115901972751,,,,,3.428338902888422,,,,,,,,,,,3.288643805235635,3.941751981314426,#000000
2025-04-02 00:00:00+00:00,2.49,2.522,2.404,2.522,17214,0.0,0.0,0.0,0.0,0.0,0.0,0.0,0.0,,,4.036279866593813,3.3033065877262775,,,,,3.4246707718866785,,,,,,,,,,,3.287854939946296,3.9376851670108692,#000000
2025-04-03 00:00:00+00:00,2.4,2.433125,2.35,2.4275,13557,0.0,0.0,0.0,0.0,0.0,0.0,0.0,0.0,,,4.0344677899976915,3.3026109008255635,,,,,3.4215678787985806,,,,,,,,,,,3.2871757261364865,3.9343293371917283,"rgba(239, 83, 80, 0.5)"
2025-04-04 00:00:00+00:00,2.37,2.372,2.24,2.355,38447,0.0,0.0,0.0,0.0,0.0,0.0,0.0,0.0,,,4.029141338398724,3.300498540195951,,,,,3.412301273578206,,,,,,,,,,,3.2851108917710863,3.9244803749037316,"rgba(239, 83, 80, 0.5)"
2025-04-07 00:00:00+00:00,2.135,2.261,2.075,2.261,20964,0.0,0.0,0.0,0.0,0.0,0.0,0.0,0.0,,,4.025961666242144,3.2991496564041682,,,,,3.406531362840936,,,,,,,,,,,3.2837891711969434,3.9185933883655633,"rgba(239, 83, 80, 1.0)"
2025-04-08 00:00:00+00:00,2.225,2.365,2.0925,2.135,22483,0.0,0.0,0.0,0.0,0.0,0.0,0.0,0.0,,,4.022691764763219,3.2977956435451548,,,,,3.4007478593109757,,,,,,,,,,,3.2824635927329746,3.912574204880581,"rgba(239, 83, 80, 1.0)"
2025-04-09 00:00:00+00:00,2.2478,2.3,2.075,2.25625,16034,0.0,0.0,0.0,0.0,0.0,0.0,0.0,0.0,,,4.0203412827808265,3.2968141874688,,,,,3.3965884572320295,,,,,,,,,,,3.281502478351959,3.9082572807884826,"rgba(239, 83, 80, 1.0)"
2025-04-10 00:00:00+00:00,2.25,2.275,2.0,2.268,89605,0.0,0.0,0.0,0.0,0.0,0.0,0.0,0.0,,,4.007082800801214,3.2911985605275014,,,,,3.373244607113567,,,,,,2.175,,,,,3.276000742952306,3.8840744055844185,"rgba(239, 83, 80, 1.0)"
2025-04-11 00:00:00+00:00,2.265,2.315,2.25,2.263,7997,0.0,0.0,0.0,0.0,0.0,0.0,0.0,0.0,,,4.005973921899258,3.2907455128629586,,,,,3.371377617593613,,,,,,2.183330037635841,,,,,3.2755574812806016,3.8820753477426266,"rgba(239, 83, 80, 1.0)"
2025-04-14 00:00:00+00:00,2.3,2.3,2.225,2.25,2400,0.0,0.0,0.0,0.0,0.0,0.0,0.0,0.0,,,4.005641090170123,3.2906094031712354,,,,,3.370817699075102,,,,,,2.1855300727318787,,,,,3.275424307765065,3.8814757532622526,"rgba(239, 83, 80, 1.0)"
2025-04-15 00:00:00+00:00,2.25,2.25,2.225,2.25,2127,0.0,0.0,0.0,0.0,0.0,0.0,0.0,0.0,,,4.005340545709913,3.2904848483354527,,,,,3.3703068690280595,,,,,,2.186699207211794,,,,,3.275302380852779,3.88093371824391,"rgba(239, 83, 80, 1.0)"
2025-04-16 00:00:00+00:00,2.2375,2.318375,2.235,2.318375,1700,0.0,0.0,0.0,0.0,0.0,0.0,0.0,0.0,,,4.005103399620779,3.2903874031912226,,,,,3.3699068583169316,,,,,,2.187958718983457,,,,,3.275207021482014,3.880506555178125,"rgba(239, 83, 80, 1.0)"
2025-04-17 00:00:00+00:00,2.32,2.32,2.225,2.228125,10876,0.0,0.0,0.0,0.0,0.0,0.0,0.0,0.0,,,4.003609253721589,3.2897794125724533,,,,,3.3674115625269563,,,,,,2.1974759528064745,,,,,3.274612262007796,3.877820727576222,"rgba(239, 83, 80, 0.75)"
2025-04-21 00:00:00+00:00,2.305,2.35,2.1505,2.3,4675,0.0,0.0,0.0,0.0,0.0,0.0,0.0,0.0,,,4.002960383750654,3.2895131258798753,,,,,3.366322856390953,,,,,,2.200257301613894,,,,,3.274351690956329,3.876654648388795,"rgba(239, 83, 80, 0.5)"
2025-04-22 00:00:00+00:00,2.44785,2.703,2.3285,2.35,20510,0.0,0.0,0.0,0.0,0.0,0.0,0.0,0.0,,,4.000487322051409,3.2886031670462597,,,,,3.3625439577671923,,,,,,2.2431949353063123,,,,,3.2734650407928796,3.8722705306919596,#000000
2025-04-23 00:00:00+00:00,2.451,2.5,2.451,2.5,26930,0.0,0.0,0.0,0.0,0.0,0.0,0.0,0.0,,,3.997197090938523,3.287372904146173,,,,,3.3574859024068386,,,,,,2.2793779293050394,,,,,3.2722655398582763,3.8664492904695122,"rgba(38, 166, 154, 1.0)"
2025-04-24 00:00:00+00:00,2.7,2.8,2.525,2.645,11793,0.0,0.0,0.0,0.0,0.0,0.0,0.0,0.0,,,3.9959556764258517,3.2869714544194553,,,,,3.355801418958532,2.6749999999999994,,,,,2.305499046355342,,,,,3.271876613752275,3.864291373033792,"rgba(38, 166, 154, 1.0)"
2025-04-25 00:00:00+00:00,2.7,2.7,2.64,2.64,650,0.0,0.0,0.0,0.0,0.0,0.0,0.0,0.0,,,3.995887579349485,3.286949523500326,,,,,3.3557094963915604,2.6752611910311015,,,,,2.3068569708566002,,,,,3.271855371317732,3.864173160498227,"rgba(38, 166, 154, 1.0)"
2025-04-28 00:00:00+00:00,2.7,2.7,2.6,2.7,6509,0.0,0.0,0.0,0.0,0.0,0.0,0.0,0.0,,,3.9951991485420337,3.2867251755257834,,,,,3.3547722386552454,2.6723094308428306,,,,,2.3194638293176584,,,,,3.271637946667124,3.862977384380068,"rgba(38, 166, 154, 1.0)"
2025-04-29 00:00:00+00:00,2.7,2.75,2.65,2.75,8652,0.0,0.0,0.0,0.0,0.0,0.0,0.0,0.0,,,3.994308096564067,3.2864432329954454,,,,,3.3535905017800163,2.6809885644592573,,,,,2.3363979472698846,,,,,3.2713650904156277,3.861435792396519,"rgba(38, 166, 154, 1.0)"
2025-04-30 00:00:00+00:00,2.6005,2.725,2.6005,2.7,4559,0.0,0.0,0.0,0.0,0.0,0.0,0.0,0.0,,,3.9938180494785582,3.286280095547028,,,,,3.3529144173519945,2.6754620630330916,,,,,2.3433997502299198,,,,,3.271206834712132,3.8605846407272515,"rgba(38, 166, 154, 1.0)"
2025-05-01 00:00:00+00:00,2.64375,2.7,2.6,2.6401,3800,0.0,0.0,0.0,0.0,0.0,0.0,0.0,0.0,,,3.993411645221897,3.2861454291086147,,,,,3.3523565528423687,2.6725515020066917,,,,,2.3491061668548814,,,,,3.2710762266495035,3.8598795397160814,"rgba(38, 166, 154, 1.0)"
2025-05-02 00:00:00+00:00,2.725,2.725,2.59,2.65,8961,0.0,0.0,0.0,0.0,0.0,0.0,0.0,0.0,,,3.9924770799958735,3.285844041704932,,,,,3.351104265814236,2.674037255513014,,,,,2.363109584372324,,,,,3.2707842947631796,3.8582639729574026,"rgba(38, 166, 154, 1.0)"
2025-05-05 00:00:00+00:00,2.6858,2.7,2.55,2.6625,18226,0.0,0.0,0.0,0.0,0.0,0.0,0.0,0.0,,,3.990530147041826,3.2851968755994516,,,,,3.348440464627205,2.6657336489839007,,,,,2.385471609775188,,,,,3.2701565596381945,3.8548951813755603,"rgba(38, 166, 154, 1.0)"
2025-05-06 00:00:00+00:00,2.6255,2.7005,2.625,2.65,4344,0.0,0.0,0.0,0.0,0.0,0.0,0.0,0.0,,,3.99006868813388,3.2850440421397047,,,,,3.3478130898174365,2.6647424650092355,,,,,2.390381940899818,,,,,3.2700083421977144,3.854098371912569,"rgba(38, 166, 154, 0.75)"
2025-05-07 00:00:00+00:00,2.6255,2.6255,2.6255,2.6255,8,0.0,0.0,0.0,0.0,0.0,0.0,0.0,0.0,,,3.9900678228477355,3.2850437497366967,,,,,3.3478118943715023,2.6647378141882214,,,,,2.3903899680781144,,,,,3.2700080583666113,3.854096875211888,"rgba(38, 166, 154, 0.75)"
2025-05-08 00:00:00+00:00,2.5975,2.6385,2.575,2.625,4768,0.0,0.0,0.0,0.0,0.0,0.0,0.0,0.0,,,3.9895440591211666,3.284863756130642,,,,,3.34707859681092,2.6607086564272864,,,,,2.3946431919639743,,,,,3.269833210426736,3.853189649126252,"rgba(38, 166, 154, 0.75)"
2025-05-09 00:00:00+00:00,2.5875,2.6105,2.51,2.5975,5580,0.0,0.0,0.0,0.0,0.0,0.0,0.0,0.0,,,3.9889164268341286,3.284642619152707,,,,,3.346182701407529,2.654159211303789,,,,,2.398627215296794,,,,,3.2696181619364815,3.852100463635857,"rgba(38, 166, 154, 0.75)"
2025-05-12 00:00:00+00:00,2.557,2.7425,2.5,2.575,32749,0.0,0.0,0.0,0.0,0.0,0.0,0.0,0.0,,,3.985322910726723,3.2834027389443725,,,,,3.341170832001534,2.638073006386435,,,,,2.4223793705550087,,,,,3.268413554047393,3.8458962145027504,"rgba(38, 166, 154, 0.75)"
2025-05-13 00:00:00+00:00,2.7202,2.7202,2.655,2.6553,15886,0.0,0.0,0.0,0.0,0.0,0.0,0.0,0.0,,,3.983710063370976,3.28288945964741,,,,,3.3390840704576106,2.6456582037395737,,,,,2.4373328244205403,,,,,3.267916752917287,3.8431452036597915,"rgba(38, 166, 154, 0.75)"
2025-05-14 00:00:00+00:00,2.6755,2.725,2.65,2.725,20700,0.0,0.0,0.0,0.0,0.0,0.0,0.0,0.0,,,3.981590121929581,3.2822048958318506,,,,,3.336322142325172,2.650980248666644,,,,,2.4535607842762586,,,,,3.2672537222155933,3.839533662734261,"rgba(38, 166, 154, 1.0)"
2025-05-15 00:00:00+00:00,2.65,2.725,2.65,2.725,6440,0.0,0.0,0.0,0.0,0.0,0.0,0.0,0.0,,,3.980927684303611,3.281989220071299,,,,,3.3354564895711714,2.651987162896664,,,,,2.458011059828259,,,,,3.267044753611883,3.8384064279405727,"rgba(38, 166, 154, 1.0)"
2025-05-16 00:00:00+00:00,2.6,2.655,2.5,2.655,22006,0.0,0.0,0.0,0.0,0.0,0.0,0.0,0.0,,,3.978513491002949,3.281144290363176,,,,,3.332114745391814,2.64359388661455,,,,,2.4661714057388258,,,,,3.266223422913683,3.8342742845842865,"rgba(38, 166, 154, 1.0)"
2025-05-19 00:00:00+00:00,2.51,2.581,2.44,2.55,22556,0.0,0.0,0.0,0.0,0.0,0.0,0.0,0.0,,,3.9759154843160633,3.2801877042401815,,,,,3.3283809779995766,2.628427276091099,,,,,2.4689004395349494,,,,,3.2652915663134303,3.829815587240946,#000000
2025-05-20 00:00:00+00:00,2.5703,2.6235,2.55,2.59,4871,0.0,0.0,0.0,0.0,0.0,0.0,0.0,0.0,,,3.9753827435959828,3.280000444688701,,,,,3.327648645793526,2.627295977011494,,,,,2.470380213656034,,,,,3.265109511240521,3.8289082154978913,#000000
2025-05-21 00:00:00+00:00,2.52,2.625,2.5005,2.6,2900,0.0,0.0,0.0,0.0,0.0,0.0,0.0,0.0,,,3.9750583140282276,3.279883779561568,,,,,3.3271942148515388,2.626186487050758,,,,,2.470987940990795,,,,,3.2649959776170316,3.8283544573356654,#000000
2025-05-22 00:00:00+00:00,2.5735,2.5735,2.5,2.570875,28937,0.0,0.0,0.0,0.0,0.0,0.0,0.0,0.0,,,3.97183026039592,3.278722492190212,,,,,3.3226915364728193,2.616677790076417,,,,,2.476607434790004,,,,,3.2638658642895138,3.822857176385826,#000000
2025-05-23 00:00:00+00:00,2.575,2.575,2.4505,2.5,6991,0.0,0.0,0.0,0.0,0.0,0.0,0.0,0.0,,,3.971044101321874,3.278436538007375,,,,,3.3215898843391707,2.614273781864184,,,,,2.477580593792767,,,,,3.263587462448739,3.8215200715019675,#000000
2025-05-27 00:00:00+00:00,2.585,2.5995,2.515,2.55,2679,0.0,0.0,0.0,0.0,0.0,0.0,0.0,0.0,,,3.9707499778720603,3.2783318682209392,,,,,3.321186181438144,2.613750461022632,,,,,2.4781596501249843,,,,,3.2634856528125944,3.821021527193228,#000000
2025-05-28 00:00:00+00:00,2.57625,2.6025,2.555,2.575,5194,0.0,0.0,0.0,0.0,0.0,0.0,0.0,0.0,,,3.9701847203363045,3.2781322771649153,,,,,3.320416539307443,2.6130052597370534,,,,,2.479403442884383,,,,,3.263291582524376,3.820064871326974,#000000
2025-05-29 00:00:00+00:00,2.64,2.64,2.515,2.55,6005,0.0,0.0,0.0,0.0,0.0,0.0,0.0,0.0,,,3.969541349121996,3.277908387519986,,,,,3.319553121079729,2.6126607823357997,,,,,2.4810934595252068,,,,,3.263074026446764,3.8189788243974685,#000000
2025-05-30 00:00:00+00:00,2.61,2.64,2.5835,2.64,518,0.0,0.0,0.0,0.0,0.0,0.0,0.0,0.0,,,3.969486398410919,3.2778894459678547,,,,,3.319480061667939,2.612657762412759,,,,,2.4812527069910644,,,,,3.263055628590669,3.818886214873683,#000000
2025-06-02 00:00:00+00:00,2.594,2.615625,2.594,2.615625,1450,0.0,0.0,0.0,0.0,0.0,0.0,0.0,0.0,,,3.9693314749573996,3.277835638111089,,,,,3.3192727577183763,2.6125933479350647,,,,,2.481662399227107,,,,,3.2630033476892466,3.818624918302688,#000000
2025-06-03 00:00:00+00:00,2.594,2.6,2.594,2.594,3466,0.0,0.0,0.0,0.0,0.0,0.0,0.0,0.0,,,3.968959887360034,3.277706063667584,,,,,3.318774123640807,2.612373160399391,,,,,2.482588281139267,,,,,3.26287742852193,3.8179981134000878,#000000
2025-06-04 00:00:00+00:00,2.55,2.594,2.405,2.594,2659,0.0,0.0,0.0,0.0,0.0,0.0,0.0,0.0,,,3.968658420585309,3.2775950788837322,,,,,3.31834994090532,2.6114053259278074,,,,,2.4827966231073404,,,,,3.262769323422749,3.8174863640516614,#000000
2025-06-05 00:00:00+00:00,2.5696,2.6,2.468625,2.5,6007,0.0,0.0,0.0,0.0,0.0,0.0,0.0,0.0,,,3.967991768953648,3.2773542610339237,,,,,3.317428785507527,2.6099511146664005,,,,,2.4836670768221416,,,,,3.262534942681506,3.8163581332022827,#000000
2025-06-06 00:00:00+00:00,2.55,2.55,2.405,2.4799,17833,0.0,0.0,0.0,0.0,0.0,0.0,0.0,0.0,,,3.965954658947027,3.2765969194273663,,,,,3.3145503523847304,2.603239064971133,,,,,2.48437329173973,2.501666666666667,,,,3.2617969657601558,3.8129038343341946,"rgba(239, 83, 80, 1.0)"
2025-06-09 00:00:00+00:00,2.5,2.5599,2.44,2.5,37708,0.0,0.0,0.0,0.0,0.0,0.0,0.0,0.0,,,3.9616607799721097,3.2749968726161747,,,,,3.3085176885069885,2.591271837684322,,,,,,2.5005124994748624,,,,3.2602377333427004,3.8056497444819004,"rgba(239, 83, 80, 1.0)"
2025-06-10 00:00:00+00:00,2.5,2.55,2.4675,2.495,14831,0.0,0.0,0.0,0.0,0.0,0.0,0.0,0.0,,,3.9599855817553333,3.274374110427503,,,,,3.306186421689629,2.587547544963888,,,,,,2.501633872847155,,,,3.2596309351170696,3.8028312628616106,"rgba(239, 83, 80, 1.0)"
2025-06-11 00:00:00+00:00,2.649,2.74,2.5938,2.6,90500,0.0,0.0,0.0,0.0,0.0,0.0,0.0,0.0,,,3.95092779091527,3.271358231306114,,,,,3.294950051527494,2.602966302270997,,,,,,2.5912492265072022,,,,3.2567067869016513,3.78791946841312,#000000
2025-06-12 00:00:00+00:00,2.64,2.65,2.6385,2.64625,9577,0.0,0.0,0.0,0.0,0.0,0.0,0.0,0.0,,,3.949963306198037,3.2710314036528407,,,,,3.293750545016853,2.6038334276033948,,,,,,2.594147577281181,,,,3.2563896642872208,3.786339232452375,#000000
2025-06-13 00:00:00+00:00,2.65,2.65,2.6255,2.6304,441,0.0,0.0,0.0,0.0,0.0,0.0,0.0,0.0,,,3.949918894078645,3.271016338192914,,,,,3.2936953319283706,2.603871448718182,,,,,,2.594270635496518,,,,3.256375045584711,3.786266507520199,"rgba(38, 166, 154, 0.5)"
2025-06-16 00:00:00+00:00,2.7495,2.75,2.64265,2.65,6211,0.0,0.0,0.0,0.0,0.0,0.0,0.0,0.0,,,3.9493282330321633,3.2708285793194487,,,,,3.2930047469095287,2.6054024835464378,,,,,,2.5984713437529994,,,,3.256193416974509,3.7853078086186325,"rgba(38, 166, 154, 1.0)"
2025-06-17 00:00:00+00:00,2.7,2.75,2.6,2.75,6587,0.0,0.0,0.0,0.0,0.0,0.0,0.0,0.0,,,3.9486868699665263,3.2706186143837495,,,,,3.2922353890680673,2.606534284326825,,,,,,2.6015144708237155,,,,3.255990019728401,3.7842638439942435,"rgba(38, 166, 154, 1.0)"
2025-06-18 00:00:00+00:00,2.685,2.685,2.625,2.685,8583,0.0,0.0,0.0,0.0,0.0,0.0,0.0,0.0,,,3.947840040529439,3.2703367171054145,,,,,3.291205712034228,2.6076201385417686,,,,,,2.6043484722951806,,,,3.2557167275360133,3.782883897026146,"rgba(38, 166, 154, 1.0)"
2025-06-20 00:00:00+00:00,3.25,3.6,2.75,2.75,259042,0.0,0.0,0.0,0.0,0.0,0.0,0.0,0.0,,,3.933241318185014,3.269362297066105,,,,,3.286900223490067,2.820399059766188,,,,,,2.946237057467138,,,,3.25494981752957,3.761972824488371,"rgba(38, 166, 154, 1.0)"
2025-06-23 00:00:00+00:00,3.35,3.55,3.1,3.25,119195,0.0,0.0,0.0,0.0,0.0,0.0,0.0,0.0,,,3.9279006570180623,3.2697675029015727,,,,,3.2878873743439696,2.8931516035656433,,,,,,3.027112243445023,,,,3.255443138353489,3.755011951893179,"rgba(38, 166, 154, 1.0)"
2025-06-24 00:00:00+00:00,3.4565,3.6625,3.22,3.35,45656,0.0,0.0,0.0,0.0,0.0,0.0,0.0,0.0,,,3.92626410880437,3.2701948555164275,,,,,3.289167210909995,2.9216564195017916,3.4463333333333335,,,,,3.0581753339208393,,,,3.255902212097672,3.7531037479056373,"rgba(38, 166, 154, 1.0)"
2025-06-25 00:00:00+00:00,3.471,3.5214,3.45,3.5,8921,0.0,0.0,0.0,0.0,0.0,0.0,0.0,0.0,,,3.9259685037173666,3.2702944095860462,,,,,3.289469187962166,,3.4519671558837364,,,,,3.0642068890630876,,,,3.256007844137296,3.7527752267979437,"rgba(38, 166, 154, 1.0)"
2025-06-26 00:00:00+00:00,3.475,3.5668,3.455,3.455,5107,0.0,0.0,0.0,0.0,0.0,0.0,0.0,0.0,,,3.9258063413044804,3.2703562646157742,,,,,3.2896579760255293,,3.455985925876282,,,,,3.067729859762316,,,,3.256073145031404,3.7526000302954228,"rgba(38, 166, 154, 1.0)"
2025-06-27 00:00:00+00:00,3.45,3.5,3.325,3.5,32242,0.0,0.0,0.0,0.0,0.0,0.0,0.0,0.0,,,3.9246085737310326,3.270619941567659,,,,,3.290423730316303,,3.445117964449666,,,,,3.0851189186897616,,,,3.2563593416159393,3.751178768969643,"rgba(38, 166, 154, 1.0)"
2025-06-30 00:00:00+00:00,3.375,3.5,3.35,3.4735,19926,0.0,0.0,0.0,0.0,0.0,0.0,0.0,0.0,,,3.9238465987186566,3.2707649044340816,,,,,3.2908345849269223,,3.4385649250795693,,,,,3.0945572949518345,,,,3.2565182982604997,3.7502619920728972,"rgba(38, 166, 154, 1.0)"
2025-07-01 00:00:00+00:00,3.4775,3.4775,3.3349,3.3745,5876,0.0,0.0,0.0,0.0,0.0,0.0,0.0,0.0,,,3.923631739745882,3.2708143076629916,,,,,3.2909774025840663,,3.438135771722388,,,,,3.097420942695045,,,,3.256571780226388,3.7500096235280234,"rgba(38, 166, 154, 1.0)"
2025-07-02 00:00:00+00:00,3.4,3.4775,3.2,3.4775,41904,0.0,0.0,0.0,0.0,0.0,0.0,0.0,0.0,,,3.921885927282344,3.2710093995800174,,,,,3.2914729403248817,,3.417406084828438,,,,,3.1124429834232714,,,,3.2567968839190606,3.7478257517236897,"rgba(38, 166, 154, 0.75)"
2025-07-03 00:00:00+00:00,3.575,3.575,3.35,3.35,8943,0.0,0.0,0.0,0.0,0.0,0.0,0.0,0.0,,,3.9216076378373637,3.271117259953612,,,,,3.2917958476294946,,3.4217877391863163,,,,,3.117132473506585,,,,3.256910712278091,3.7475305754457615,"rgba(38, 166, 154, 0.75)"
2025-07-07 00:00:00+00:00,3.25,3.635,2.763,3.575,60038,0.0,0.0,0.0,0.0,0.0,0.0,0.0,0.0,,,3.918496716854053,3.27094351839355,,,,,3.2910159954107066,,3.3677440746297598,,,,,3.124560395630533,,,,3.256782568095343,3.7433141210521006,"rgba(38, 166, 154, 0.75)"
2025-07-08 00:00:00+00:00,3.25,3.385,3.05,3.18,24989,0.0,0.0,0.0,0.0,0.0,0.0,0.0,0.0,,,3.9172325509894117,3.2708876864493757,,,,,3.29074870638423,,3.354007057515319,,,,,3.1277070410301224,,,,3.2567455265348397,3.7416193880707938,"rgba(38, 166, 154, 0.75)"
2025-07-09 00:00:00+00:00,3.25,3.25,3.06,3.25,8565,0.0,0.0,0.0,0.0,0.0,0.0,0.0,0.0,,,3.9167741796520166,3.2708498793536718,,,,,3.290596807807624,,3.348540044322893,,,,,3.1283135071706654,,,,3.2567142664297166,3.7409941359914316,"rgba(38, 166, 154, 0.5)"
2025-07-10 00:00:00+00:00,3.245,3.25,3.15,3.15,1661,0.0,0.0,0.0,0.0,0.0,0.0,0.0,0.0,,,3.9166888018685224,3.2708450177503576,,,,,3.290575418302611,,3.3476993071243384,,,,,3.1284860830448813,,,,3.256710658212163,3.7408792340290122,"rgba(38, 166, 154, 0.5)"
2025-07-11 00:00:00+00:00,3.19,3.25,3.165,3.245,8437,0.0,0.0,0.0,0.0,0.0,0.0,0.0,0.0,,,3.916247214037636,3.2708144436336326,,,,,3.2904478224704734,,3.3431740196744593,,,,,3.129218693823842,,,,3.2566864843707823,3.74028158895863,"rgba(38, 166, 154, 0.5)"
2025-07-14 00:00:00+00:00,3.325,3.36,3.1,3.19,29442,0.0,0.0,0.0,0.0,0.0,0.0,0.0,0.0,,,3.914839530592877,3.270800356934056,,,,,3.290304402406236,,3.3352201455937935,,,,,3.133689533257283,,,,3.256694105076285,3.738437540575996,"rgba(38, 166, 154, 0.5)"
2025-07-15 00:00:00+00:00,3.225,3.355,3.2,3.35,10025,0.0,0.0,0.0,0.0,0.0,0.0,0.0,0.0,,,3.9143603756483443,3.270794696871783,,,,,3.2902530704029784,,3.3328011383709937,,,,,3.1351248143929102,,,,3.2566958266666903,3.73781069723307,"rgba(38, 166, 154, 0.5)"
2025-07-16 00:00:00+00:00,3.01,3.225,2.85,3.225,39228,0.0,0.0,0.0,0.0,0.0,0.0,0.0,0.0,,,3.911830738971055,3.270298507167572,,,,,3.2885284504102184,,3.2987697300737024,,,,,3.130578572723091,,,,3.2562314255418845,3.7341919083359665,#000000
2025-07-17 00:00:00+00:00,3.05,3.1836,3.005,3.0095,3572,0.0,0.0,0.0,0.0,0.0,0.0,0.0,0.0,,,3.91161442124591,3.2702629654296618,,,,,3.2884032181263048,,3.296560867660277,,,,,3.13038146384661,,,,3.2561987114237514,3.733887992599396,"rgba(239, 83, 80, 1.0)"
2025-07-18 00:00:00+00:00,3.2245,3.233,3.0,3.0,5053,0.0,0.0,0.0,0.0,0.0,0.0,0.0,0.0,,,3.9113354245814898,3.2702319361494308,,,,,3.2882881169464637,,3.2945364796455174,,,,,3.1305016292098404,,,,3.2561715594855425,3.733506437625075,#000000
2025-07-21 00:00:00+00:00,3.1,3.25,3.095,3.212,12901,0.0,0.0,0.0,0.0,0.0,0.0,0.0,0.0,,,3.9106201311379913,3.270149987139497,,,,,3.2879861400064763,,3.289472754322758,,,,,3.130745582845704,,,,3.256099517767658,3.7325275735058288,#000000
2025-07-22 00:00:00+00:00,3.159,3.159,3.097,3.1,35651,0.0,0.0,0.0,0.0,0.0,0.0,0.0,0.0,,,3.9086245847748775,3.2699055554364738,,,,,3.287099111834718,,3.276270639597325,,,,,3.131021996553059,,,,3.2558825080159384,3.7297934892938502,#000000
2025-07-23 00:00:00+00:00,3.175,3.175,3.15625,3.15625,1262,0.0,0.0,0.0,0.0,0.0,0.0,0.0,0.0,,,3.908556915856112,3.2698989159250558,,,,,3.287074285415995,,3.275939199981762,,,,,3.131070585592988,,,,3.255876824747477,3.729702120712386,#000000
2025-07-24 00:00:00+00:00,3.1,3.2,2.825,3.1995,49929,0.0,0.0,0.0,0.0,0.0,0.0,0.0,0.0,,,3.9054314114533897,3.2693077755966224,,,,,3.2850543329374626,,3.2504737519448703,,,,,3.1267360621658864,,,,3.2553254685531434,3.7252974295209995,#000000
2025-07-25 00:00:00+00:00,3.25,3.25,2.815,3.12475,19860,0.0,0.0,0.0,0.0,0.0,0.0,0.0,0.0,,,3.904285148868443,3.2691386727681278,,,,,3.284466757674078,,3.2444445761023513,,,,,3.126324821011672,,,,3.255171721524199,3.723721900116857,#000000
2025-07-28 00:00:00+00:00,3.22,3.25,3.1,3.15,6722,0.0,0.0,0.0,0.0,0.0,0.0,0.0,0.0,,,3.9039390976175548,3.2691111146521648,,,,,3.2843625310257587,,3.2436913986815115,,,,,3.126729986914903,,,,3.255149168628682,3.7232634547191594,#000000
2025-07-29 00:00:00+00:00,3.0975,3.2775,3.0975,3.2775,1375,0.0,0.0,0.0,0.0,0.0,0.0,0.0,0.0,,,3.903865132945548,3.269103165121985,,,,,3.2843339064326953,,3.243448187474134,,,,,3.1267699841241794,,,,3.2551422569249486,3.723164066393353,#000000
2025-07-30 00:00:00+00:00,3.058,3.085,2.875,3.05,10004,0.0,0.0,0.0,0.0,0.0,0.0,0.0,0.0,,,3.903218289682194,3.2689668932953015,,,,,3.2838777322732606,,3.238671424530471,,,,,3.12563851164282,,,,3.255014020515592,3.722248615054521,"rgba(239, 83, 80, 1.0)"
2025-07-31 00:00:00+00:00,3.035,3.05,3.035,3.05,267,0.0,0.0,0.0,0.0,0.0,0.0,0.0,0.0,,,3.90320169236805,3.268963728218365,,,,,3.2838670649539523,,3.2385648128719846,,,,,3.1256171032978064,,,,3.2550110668430396,3.7222253725893624,"rgba(239, 83, 80, 1.0)"
2025-08-01 00:00:00+00:00,2.99,3.0485,2.925,3.0485,13510,0.0,0.0,0.0,0.0,0.0,0.0,0.0,0.0,,,3.9023120102704407,3.2687672294603813,,,,,3.2832133200726323,,3.231936740786252,,,,,3.123896038689911,,,,3.2548254838612563,3.7209616155511167,"rgba(239, 83, 80, 1.0)"
2025-08-04 00:00:00+00:00,2.95,3.0,2.95,3.0,10677,0.0,0.0,0.0,0.0,0.0,0.0,0.0,0.0,,,3.9015938677452144,3.2686004442253345,,,,,3.2826618252695354,,3.226508227933421,,,,,3.1223590860983435,,,,3.254667386233483,3.719937189784237,"rgba(239, 83, 80, 1.0)"
2025-08-05 00:00:00+00:00,2.9338,3.0,2.875,3.0,8012,0.0,0.0,0.0,0.0,0.0,0.0,0.0,0.0,,,3.9010381995212917,3.2684628207992756,,,,,3.282209553166438,,3.222118622570811,,,,,3.1210039805785845,,,,3.2545363533147116,3.719139338175727,"rgba(239, 83, 80, 1.0)"
2025-08-06 00:00:00+00:00,2.89,2.9485,2.875,2.9485,11390,0.0,0.0,0.0,0.0,0.0,0.0,0.0,0.0,,,3.900223377973141,3.2682486786836757,,,,,3.281509770186148,,3.215433397518225,,,,,3.1187856801387976,,,,3.2543316860896807,3.7179619798583112,"rgba(239, 83, 80, 1.0)"
2025-08-07 00:00:00+00:00,2.9485,2.9485,2.93205,2.9485,1543,0.0,0.0,0.0,0.0,0.0,0.0,0.0,0.0,,,3.9001173627116894,3.268222758030548,,,,,3.2814248348430652,,3.2146588474715982,,,,,3.118542046863267,,,,3.254307028931152,3.7178102847714114,"rgba(239, 83, 80, 1.0)"
2025-08-08 00:00:00+00:00,2.9,3.05,2.7705,3.05,10548,0.0,0.0,0.0,0.0,0.0,0.0,0.0,0.0,,,3.8993658927743042,3.2680259713322055,,,,,3.2807833942742732,,3.2087898448703025,,,,,3.1165548473673734,,,,3.254118995962409,3.7167265265550293,"rgba(239, 83, 80, 1.0)"
2025-08-11 00:00:00+00:00,2.9491,3.0,2.7,3.0,12778,0.0,0.0,0.0,0.0,0.0,0.0,0.0,0.0,,,3.898435280207113,3.2677721786477334,,,,,3.2799600119178973,,3.2014357569777423,,,,,3.1139293478994117,,,,3.2538758906777816,3.715379052522438,"rgba(239, 83, 80, 1.0)"
2025-08-12 00:00:00+00:00,3.1,3.185,2.975,3.0,30490,0.0,0.0,0.0,0.0,0.0,0.0,0.0,0.0,,,3.8966655297874566,3.267487751997265,,,,,3.2790099261473364,,3.1955693930244666,,,,,3.113217068033578,,,,3.25361491704138,3.7129636528043632,"rgba(239, 83, 80, 0.75)"
2025-08-13 00:00:00+00:00,3.1275,3.15,2.9755,3.0,23394,0.0,0.0,0.0,0.0,0.0,0.0,0.0,0.0,,,3.895308983415855,3.267267317240592,,,,,3.278278497563839,,3.1913715146954282,,,,,3.1126494414510697,,,,3.253412441105856,3.711116081999737,#000000
2025-08-14 00:00:00+00:00,3.14,3.2,3.135,3.1775,5320,0.0,0.0,0.0,0.0,0.0,0.0,0.0,0.0,,,3.8950292164923677,3.267237510509029,,,,,3.2781761029351935,,3.1910903917513567,,,,,3.112852697301334,,,,3.253386586505289,3.710746868794746,#000000
2025-08-15 00:00:00+00:00,2.975,3.15125,2.975,3.15125,42313,0.0,0.0,0.0,0.0,0.0,0.0,0.0,0.0,,,3.8924365891665462,3.2667304816327394,,,,,3.2765276923426945,,3.181117006251395,,,,,3.1101491698430626,,,,3.252912583242125,3.707169443434195,#000000
2025-08-18 00:00:00+00:00,2.8735,3.0,2.825,2.975,26648,0.0,0.0,0.0,0.0,0.0,0.0,0.0,0.0,,,3.8905577660392927,3.266228942266468,,,,,3.27493313107719,,3.1703063508115346,,,,,3.1057106177918614,,,,3.2524328944343255,3.70449048810591,"rgba(239, 83, 80, 1.0)"
2025-08-19 00:00:00+00:00,2.85,2.8995,2.74685,2.825,46727,0.0,0.0,0.0,0.0,0.0,0.0,0.0,0.0,,,3.8870575424883547,3.265191813106983,,,,,3.2716733671886993,,3.148977613601906,,,,,3.0959621900991365,,,,3.2514349080593554,3.6994459765473358,"rgba(239, 83, 80, 1.0)"
2025-08-20 00:00:00+00:00,2.75,2.8995,2.75,2.86485,15420,0.0,0.0,0.0,0.0,0.0,0.0,0.0,0.0,,,3.8858723442763696,3.2648252129712154,,,,,3.2705299100274736,,3.141859248238635,,,,,3.0925206842503807,,,,3.251081334142313,3.6977325694023033,"rgba(239, 83, 80, 1.0)"
2025-08-21 00:00:00+00:00,2.875,2.875,2.8,2.8125,2400,0.0,0.0,0.0,0.0,0.0,0.0,0.0,0.0,,,3.8856966201874155,3.264774356788831,,,,,3.2703713531468717,,3.1409360398659514,,,,,3.0920828007458954,,,,3.251032465398851,3.6974813448746784,"rgba(239, 83, 80, 1.0)"
2025-08-22 00:00:00+00:00,2.85,2.875,2.815,2.875,1633,0.0,0.0,0.0,0.0,0.0,0.0,0.0,0.0,,,3.8855767039627414,3.2647394824900777,,,,,3.270262681809499,,3.1403040464438514,,,,,3.091781670319676,,,,3.2509989447761916,3.6973098206268125,"rgba(239, 83, 80, 1.0)"
2025-08-25 00:00:00+00:00,2.8005,2.8995,2.705,2.8995,24193,0.0,0.0,0.0,0.0,0.0,0.0,0.0,0.0,,,3.8837265634133282,3.2641679593489346,,,,,3.268488873064058,,3.129861584849273,,,,,3.086602008693344,,,,3.2504477872011344,3.6946427536646542,"rgba(239, 83, 80, 1.0)"
2025-08-26 00:00:00+00:00,2.854,2.856,2.7818,2.856,7460,0.0,0.0,0.0,0.0,0.0,0.0,0.0,0.0,,,3.883172559758785,3.264003019509449,,,,,3.2679783509188205,,3.127042825256015,,,,,3.085200359554357,,,,3.250289047740213,3.6938500978545146,"rgba(239, 83, 80, 1.0)"
2025-08-27 00:00:00+00:00,2.75,2.856,2.5645,2.765,11252,1.0,2.856,2.5645,1175.0,1.0,2.856,2.5645,1175.0,,2.7235,3.882253139894998,3.2636930576327443,,,,,3.2670225682450935,,3.121390058706312,,,,,3.0822378210503647,2.7235,,,3.2499888046169034,3.692509284739286,"rgba(239, 83, 80, 1.0)"
2025-08-28 00:00:00+00:00,2.7505,2.8715,2.75,2.82,8010,0.0,0.0,0.0,0.0,0.0,0.0,0.0,0.0,,2.7514309002180464,3.8816374041080275,3.2635000292988323,,,,,3.2664280427116767,,3.1181247077025365,,,,,,2.7514309002180464,,,3.249802518568248,3.691623054923706,"rgba(239, 83, 80, 1.0)"
2025-08-29 00:00:00+00:00,2.995,3.05,2.8,2.845,72412,0.0,0.0,0.0,0.0,0.0,0.0,0.0,0.0,,2.9069613558188068,3.8769023118206105,3.262341639156539,,,,,3.262879085103031,,3.1042114704204895,,,,,,2.9069613558188068,,,3.248701246770508,3.6850780398213256,"rgba(239, 83, 80, 0.75)"
2025-09-02 00:00:00+00:00,3.1375,3.2,3.0,3.0,43112,0.0,0.0,0.0,0.0,0.0,0.0,0.0,0.0,,2.9727039554058527,3.8746003132175852,3.262014460202758,,,,,3.2618867824166853,,3.104597029180038,,,,,,2.9727039554058527,,,3.248405665589479,3.6820919422761236,#000000
2025-09-03 00:00:00+00:00,3.65,3.65,3.15,3.15,60217,0.0,0.0,0.0,0.0,0.0,0.0,0.0,0.0,,3.1303865000367512,3.8729614064474345,3.262687389963971,,,,,3.2639091595456726,,3.1277034298195407,,,,,,3.1303865000367512,,,3.24911562964314,3.6806545870451197,"rgba(38, 166, 154, 0.5)"
2025-09-04 00:00:00+00:00,3.65,3.7,3.5055,3.675,28595,0.0,0.0,0.0,0.0,0.0,0.0,0.0,0.0,,3.1928092655867517,3.872456267363874,3.263200389535851,,,,,3.265440290617204,,3.141522049096931,,,,,,3.1928092655867517,,,3.2496449625552986,3.6804418743092087,"rgba(38, 166, 154, 1.0)"
2025-09-05 00:00:00+00:00,3.55,3.7,3.54,3.7,12656,0.0,0.0,0.0,0.0,0.0,0.0,0.0,0.0,,3.214443689842288,3.872214168978653,3.263413045178127,,,,,3.2660721012524014,,3.14712401423043,,,,,,3.214443689842288,,,3.249864919675131,3.6803151719043123,"rgba(38, 166, 154, 1.0)"
2025-09-08 00:00:00+00:00,3.6,3.75,3.555,3.7,36712,0.0,0.0,0.0,0.0,0.0,0.0,0.0,0.0,,3.2710055446465853,3.871611662484652,3.2640991561888923,,,,,3.2681022071681407,,3.163942111120293,3.635,,,,,3.2710055446465853,,,3.2505717387674924,3.6801172365309487,"rgba(38, 166, 154, 1.0)"
2025-09-09 00:00:00+00:00,3.567,3.6,3.555,3.6,12160,0.0,0.0,0.0,0.0,0.0,0.0,0.0,0.0,,3.2839275951684512,3.871361494708821,3.2642885722017447,,,,,3.2686587367152744,,,3.6198223931903746,,,,,3.2839275951684512,,,3.250768226196164,3.6799639290434483,"rgba(38, 166, 154, 1.0)"
2025-09-10 00:00:00+00:00,3.5995,3.6,3.447,3.55,17082,0.0,0.0,0.0,0.0,0.0,0.0,0.0,0.0,,3.2989011227366576,3.8709810936820714,3.2645326773484773,,,,,3.269372965341238,,,3.6014363192528123,,,,,3.2989011227366576,,,3.2510223835075496,3.6796983424693064,"rgba(38, 166, 154, 1.0)"
2025-09-11 00:00:00+00:00,3.5,3.5255,3.4,3.51,12439,0.0,0.0,0.0,0.0,0.0,0.0,0.0,0.0,,3.3058694621803686,3.870641437461372,3.264664178733073,,,,,3.269754278575961,,,3.58140049706819,,,,,3.3058694621803686,,,3.251161473635283,3.6793971324867423,"rgba(38, 166, 154, 1.0)"
2025-09-12 00:00:00+00:00,3.495,3.505,3.375,3.45,11820,0.0,0.0,0.0,0.0,0.0,0.0,0.0,0.0,,3.3113895391162553,3.8703055081913913,3.2647790038169693,,,,,3.270085723429867,,,3.5652758379243195,,,,,3.3113895391162553,,,3.2512835623165177,3.679088208879709,"rgba(38, 166, 154, 1.0)"
2025-09-15 00:00:00+00:00,3.36,3.549,3.1455,3.5,26109,0.0,0.0,0.0,0.0,0.0,0.0,0.0,0.0,,3.3143598037491677,3.869373494225289,3.2648924278122142,,,,,3.270400576804873,,,3.5172928824011502,,,,,3.3143598037491677,,,3.2514138464110482,3.6780801265960568,"rgba(38, 166, 154, 0.75)"
2025-09-16 00:00:00+00:00,3.3005,3.45,3.3,3.364,12755,0.0,0.0,0.0,0.0,0.0,0.0,0.0,0.0,,3.31560994823872,3.868918225852026,3.2649468795008736,,,,,3.2705509936862094,,,3.5007779736126494,,,,,3.31560994823872,,,3.251476524599623,3.6775879003284073,"rgba(38, 166, 154, 0.75)"
2025-09-17 00:00:00+00:00,3.3,3.75,3.15,3.15,10896,0.0,0.0,0.0,0.0,0.0,0.0,0.0,0.0,,3.318053988682364,3.868567243206648,3.2650205083345236,,,,,3.270759185952633,,,3.492933054946311,,,,,3.318053988682364,,,3.2515570092860826,3.6772324031453794,"rgba(38, 166, 154, 0.5)"
2025-09-18 00:00:00+00:00,3.4,3.48675,3.3,3.4495,15419,0.0,0.0,0.0,0.0,0.0,0.0,0.0,0.0,,3.321106298587669,3.8680667891087643,3.265121159086409,,,,,3.2710426293222286,,,3.4832733854810196,,,,,3.321106298587669,,,3.251667370440608,3.6767229001787647,"rgba(38, 166, 154, 0.75)"
2025-09-19 00:00:00+00:00,3.575,3.6,3.4395,3.45,33728,0.0,0.0,0.0,0.0,0.0,0.0,0.0,0.0,,3.3383170639249213,3.867305007052857,3.2655808174561165,,,,,3.2723629006888544,,,3.4930631517026223,,,,,3.3383170639249213,,,3.2521467781046183,3.6761767856797425,"rgba(38, 166, 154, 0.75)"
2025-09-22 00:00:00+00:00,3.55,3.5995,3.3,3.575,25362,0.0,0.0,0.0,0.0,0.0,0.0,0.0,0.0,,3.346467457114585,3.866639158613108,3.2658559071219013,,,,,3.2731434680936453,,,3.4918929152562916,,,,,3.346467457114585,,,3.252437098519164,3.6756064305364258,"rgba(38, 166, 154, 1.0)"
2025-09-23 00:00:00+00:00,3.55,3.5995,3.45,3.5797,32498,0.0,0.0,0.0,0.0,0.0,0.0,0.0,0.0,,3.359023177349551,3.8659001366321206,3.2662882518958214,,,,,3.2743713640580228,,,3.497323777566334,,,,,3.359023177349551,,,3.2528884249065313,3.6750691163432125,"rgba(38, 166, 154, 1.0)"
2025-09-24 00:00:00+00:00,3.6,3.725,3.5,3.55,53606,0.0,0.0,0.0,0.0,0.0,0.0,0.0,0.0,,3.3839179695067423,3.864962014674551,3.2671983679538745,,,,,3.276952634172864,,,3.51712103441278,,,,,3.3839179695067423,,,3.2538285409119134,3.674656431384892,"rgba(38, 166, 154, 1.0)"
2025-09-25 00:00:00+00:00,3.5125,3.645,3.5,3.55,42377,0.0,0.0,0.0,0.0,0.0,0.0,0.0,0.0,,3.396251862859687,3.864064927220679,3.2677972233077743,,,,,3.278626050381844,,,3.5214925101249985,,,,,3.396251862859687,,,3.2544517195760596,3.6740621732419414,"rgba(38, 166, 154, 1.0)"
2025-09-26 00:00:00+00:00,3.6985,3.75,3.55,3.6,37506,0.0,0.0,0.0,0.0,0.0,0.0,0.0,0.0,,3.4126667276070446,3.8635633383164194,3.268535923439415,,,,,3.2806979437181014,,,3.5357542473894057,,,,,3.4126667276070446,,,3.2552106199523148,3.6740283244261676,"rgba(38, 166, 154, 1.0)"
2025-09-29 00:00:00+00:00,3.685,3.75,3.6,3.6985,23626,0.0,0.0,0.0,0.0,0.0,0.0,0.0,0.0,,3.4224686312984525,3.8632680720094505,3.269014040040656,,,,,3.2820325848679257,,,3.5440903403490096,,,,,3.4224686312984525,,,3.2557013469451808,3.674039919025064,"rgba(38, 166, 154, 1.0)"
2025-09-30 00:00:00+00:00,3.625,3.7,3.475,3.7,8403,0.0,0.0,0.0,0.0,0.0,0.0,0.0,0.0,,3.4247681172209603,3.863118896078752,3.269151329808857,,,,,3.282411714840467,,,3.5452292764651783,,,,,3.4247681172209603,,,3.255843309559643,3.673969063135148,"rgba(38, 166, 154, 1.0)"
2025-10-01 00:00:00+00:00,3.4905,3.531,3.45,3.5,11030,0.0,0.0,0.0,0.0,0.0,0.0,0.0,0.0,,3.4258669993775706,3.8628419573531136,3.2692717807706817,,,,,3.282736888301206,,,3.543803954126606,,,,,3.4258669993775706,,,3.255970243501443,3.6737388824888013,"rgba(38, 166, 154, 0.75)"
2025-10-02 00:00:00+00:00,3.43,3.531,3.43,3.5086,3485,0.0,0.0,0.0,0.0,0.0,0.0,0.0,0.0,,3.426065609952954,3.862748242643644,3.2693051980275607,,,,,3.2828261757490003,,,3.5431499261536925,,,,,3.426065609952954,,,3.2560057352089156,3.6736556429379346,"rgba(38, 166, 154, 0.5)"
2025-10-03 00:00:00+00:00,3.4496,3.45,3.3,3.41,23039,0.0,0.0,0.0,0.0,0.0,0.0,0.0,0.0,,3.4251861225896305,3.8620309418239236,3.2694534049745205,,,,,3.283206770492572,,,3.535814989267907,,,,,3.4251861225896305,,,3.2561680698651165,3.672940320651848,#000000
2025-10-06 00:00:00+00:00,3.5,3.5,3.335,3.47,6839,0.0,0.0,0.0,0.0,0.0,0.0,0.0,0.0,,3.425381618636792,3.861839194655506,3.2695125377967154,,,,,3.2833627964866507,,,3.534455619721115,,,,,3.425381618636792,,,3.2562313004705974,3.6727636765091267,#000000
2025-10-07 00:00:00+00:00,3.4896,3.5015,3.46485,3.5,2132,0.0,0.0,0.0,0.0,0.0,0.0,0.0,0.0,,3.42556540369282,3.861785233157508,3.269535197015877,,,,,3.283423491477353,,,3.5342273866088045,,,,,3.42556540369282,,,3.256255211513583,3.6727184027774005,#000000
2025-10-08 00:00:00+00:00,3.385,3.6,3.31,3.45,39747,0.0,0.0,0.0,0.0,0.0,0.0,0.0,0.0,,3.4258953342793332,3.860639088172709,3.2698519497429976,,,,,3.2842494647363174,,,3.5260543189913855,,,,,3.4258953342793332,,,3.256595880038561,3.671637854855478,#000000
2025-10-09 00:00:00+00:00,3.411175,3.591,3.347,3.395,22644,0.0,0.0,0.0,0.0,0.0,0.0,0.0,0.0,,3.4266075181785856,3.8600162253792405,3.2700519289425456,,,,,3.284773062149303,,,3.5227394845234947,,,,,3.4266075181785856,,,3.256809327189419,3.6710725830240833,"rgba(239, 83, 80, 1.0)"
2025-10-10 00:00:00+00:00,3.36,3.42525,3.1,3.385,15046,0.0,0.0,0.0,0.0,0.0,0.0,0.0,0.0,,3.4240465281031094,3.8594478059217745,3.270070406780129,,,,,3.2847946937949883,,,3.516354452180343,,,,,3.4240465281031094,3.295083333333333,,3.256837413559986,3.6704372758248156,"rgba(239, 83, 80, 1.0)"
2025-10-13 00:00:00+00:00,3.358,3.425,3.3125,3.425,10424,0.0,0.0,0.0,0.0,0.0,0.0,0.0,0.0,,3.423262804575949,3.859103490223233,3.270119016224831,,,,,3.284911349674441,,,3.5134727049063423,,,,,,3.3237660450202853,,3.256892460103563,3.670080333059113,"rgba(239, 83, 80, 1.0)"
2025-10-14 00:00:00+00:00,3.49,3.549,3.105,3.45,53637,0.0,0.0,0.0,0.0,0.0,0.0,0.0,0.0,,3.420575139374383,3.8573971014256734,3.2704107637772544,,,,,3.2856261367231454,,,3.5016703541591387,,,,,,3.3627984523072127,,3.2572169815355427,3.668353477370818,"rgba(239, 83, 80, 0.75)"
2025-10-15 00:00:00+00:00,3.505,3.55,3.46,3.5,20930,0.0,0.0,0.0,0.0,0.0,0.0,0.0,0.0,,3.4226353026390184,3.8569066554195723,3.2706506553625165,,,,,3.286258891991686,,,3.5017824941145803,,,,,,3.3925502280822766,,3.257468873840586,3.6679731484333966,#000000
2025-10-16 00:00:00+00:00,3.399,3.55,3.389,3.55,23240,0.0,0.0,0.0,0.0,0.0,0.0,0.0,0.0,,3.4232516811492193,3.8562726421779896,3.27084953262302,,,,,3.28676886334037,,,3.499771631293131,,,,,,3.402626501023441,,3.2576814445250872,3.667400778220025,#000000
2025-10-17 00:00:00+00:00,3.35,3.45,3.35,3.399,23976,0.0,0.0,0.0,0.0,0.0,0.0,0.0,0.0,,3.422194039313928,3.8555210012855454,3.2709809956722022,,,,,3.287085863159165,,,3.495596571611878,,,,,,3.3994851525379226,,3.2578274351782137,3.666647101900804,"rgba(239, 83, 80, 1.0)"
2025-10-20 00:00:00+00:00,3.375,3.475,3.25,3.36,6954,0.0,0.0,0.0,0.0,0.0,0.0,0.0,0.0,,3.421770585058258,3.855295762971529,3.271013420030559,,,,,3.287161562939234,,,3.494269527960202,,,,,,3.3980051953975288,,3.257864100299498,3.666416437687114,"rgba(239, 83, 80, 1.0)"
2025-10-21 00:00:00+00:00,3.495,3.499,3.358,3.3736,5622,0.0,0.0,0.0,0.0,0.0,0.0,0.0,0.0,,3.421947646967782,3.855145097297229,3.2710626236156504,,,,,3.2872872064056766,,,3.4939096926500524,,,,,,3.3998575675670044,,3.257916595350464,3.66628240093522,#000000
2025-10-22 00:00:00+00:00,3.46,3.5085,3.425,3.475,30225,0.0,0.0,0.0,0.0,0.0,0.0,0.0,0.0,,3.4233047378345116,3.8543646446980495,3.271347029473669,,,,,3.2880163089985888,,,3.4926602928733264,,,,,,3.4101378958962543,,3.2582185496346154,3.6656106872909473,#000000
2025-10-23 00:00:00+00:00,3.462,3.4995,3.41,3.46,8745,0.0,0.0,0.0,0.0,0.0,0.0,0.0,0.0,,3.423614338236446,3.8541351811420745,3.2714260424732498,,,,,3.288217423471839,,,3.4922293207009587,,,,,,3.412206651777256,,3.2583026495342517,3.6654101173988773,#000000
2025-10-24 00:00:00+00:00,3.4255,3.45,3.4255,3.45,4974,0.0,0.0,0.0,0.0,0.0,0.0,0.0,0.0,,3.4236663438006065,3.85399706531218,3.2714652714964236,,,,,3.288315719108474,,,3.491827644111105,,,,,,3.412730480322058,,3.2583448034272746,3.665283354514331,#000000
2025-10-27 00:00:00+00:00,3.4235,3.4995,3.35,3.4995,18736,0.0,0.0,0.0,0.0,0.0,0.0,0.0,0.0,,3.4236790932488033,3.8534660919401733,3.2716043757371134,,,,,3.2886610893219546,,,3.490127772744401,,,,,,3.41370747924803,,3.2584949631029065,3.664787917099427,#000000
2025-10-28 00:00:00+00:00,3.36,3.45,3.305,3.375,7319,0.0,0.0,0.0,0.0,0.0,0.0,0.0,0.0,,3.423293594016245,3.8532336172972683,3.271639931874226,,,,,3.2887433403453348,,,3.488973661505436,,,,,,3.4123686662779695,,3.258534942341519,3.6645526640235304,"rgba(239, 83, 80, 1.0)"
2025-10-29 00:00:00+00:00,3.775,4.05,3.32935,3.32935,82987,0.0,0.0,0.0,0.0,0.0,0.0,0.0,0.0,,3.4461491483128013,3.852498413213338,3.273431589423791,,,,,3.2935139634609363,,,3.5117682305857665,,,,,,3.4934808549781815,,3.260368445442333,3.6650357062481818,"rgba(38, 166, 154, 0.5)"
2025-10-30 00:00:00+00:00,3.6875,3.8,3.6,3.75,20718,0.0,0.0,0.0,0.0,0.0,0.0,0.0,0.0,,3.450889757004743,3.8522858840721526,3.2738543405423823,,,,,3.294626836873723,,,3.5162286951510833,,,,,,3.5060503417952638,,3.260801734245023,3.665104887820393,"rgba(38, 166, 154, 0.5)"
2025-10-31 00:00:00+00:00,3.7305,3.8005,3.3,3.775,45793,0.0,0.0,0.0,0.0,0.0,0.0,0.0,0.0,,3.4573114265041553,3.8515625690397846,3.274597032346618,,,,,3.2965453395720834,,,3.5210129100147287,,,,,,3.5186395949218694,,3.2615687564882907,3.6648342873524142,"rgba(38, 166, 154, 1.0)"
2025-11-03 00:00:00+00:00,3.8435,3.845,3.60775,3.7305,20262,0.0,0.0,0.0,0.0,0.0,0.0,0.0,0.0,,3.462705935909311,3.851448769360389,3.27507591805548,,,,,3.2978026705396184,,,3.5263897809849127,,,,,,3.5311529762738947,,3.262057501918634,3.66505368413293,"rgba(38, 166, 154, 1.0)"
2025-11-04 00:00:00+00:00,3.721,4.25,3.3,3.6,35663,0.0,0.0,0.0,0.0,0.0,0.0,0.0,0.0,,3.4715040263141637,3.85122967576955,3.275902106216534,,,,,3.299959847907311,,,3.5349865753076224,,,,,,3.5496581202187545,,3.2629010944047243,3.665405336931098,"rgba(38, 166, 154, 1.0)"
2025-11-05 00:00:00+00:00,3.65,3.85,3.6,3.75,13340,0.0,0.0,0.0,0.0,0.0,0.0,0.0,0.0,,3.474030959824271,3.851098567021196,3.2761738915401954,,,,,3.3006615706674496,,,3.537255923491803,,,,,,3.5541289202933926,,3.263179590323174,3.665454757296176,"rgba(38, 166, 154, 1.0)"
2025-11-06 00:00:00+00:00,3.5,4.05,3.4005,3.7,32701,0.0,0.0,0.0,0.0,0.0,0.0,0.0,0.0,,3.478679869998492,3.8506724520797926,3.2767604976449207,,,,,3.302158003535005,,,3.5409382533198497,,,,,,3.560654128159204,,3.263783070487444,3.6654014069669802,"rgba(38, 166, 154, 0.5)"
2025-11-07 00:00:00+00:00,3.5,3.75,3.4755,3.65,13635,0.0,0.0,0.0,0.0,0.0,0.0,0.0,0.0,,3.4797301675588135,3.8504290530457825,3.276955527606883,,,,,3.3026445223409455,,,3.5413974539385236,,,,,,3.5610539415913856,,3.263985406916657,3.6652703016589,#000000
2025-11-10 00:00:00+00:00,3.5,3.56,3.475,3.5,42597,0.0,0.0,0.0,0.0,0.0,0.0,0.0,0.0,,3.4807805130307568,3.849496636068154,3.277433788933971,,,,,3.3038017750832815,,,3.5402014987972223,,,,,,3.5571401633229396,,3.264487188403709,3.6645762288685497,#000000
2025-11-11 00:00:00+00:00,3.471,3.55,3.42,3.5375,7994,0.0,0.0,0.0,0.0,0.0,0.0,0.0,0.0,,3.4807777699422786,3.849306048586589,3.277511347848689,,,,,3.3039850033195535,,,3.539752935894696,,,,,,3.5560146389608893,,3.264569220881098,3.6644201258551847,#000000
2025-11-12 00:00:00+00:00,3.66425,3.745,3.544,3.544,5505,0.0,0.0,0.0,0.0,0.0,0.0,0.0,0.0,,3.481494159163621,3.8492356006829596,3.277609659236083,,,,,3.3042329198254503,,,3.5403244136019176,,,,,,3.5569644235661064,,3.2646703523738934,3.6644123488607248,#000000
2025-11-13 00:00:00+00:00,3.7485,3.9,3.55,3.61825,8244,0.0,0.0,0.0,0.0,0.0,0.0,0.0,0.0,,3.4830675398937676,3.849173681435151,3.2777889937585205,,,,,3.304690873847449,,,3.5417929723479915,,,,,,3.5595568584712964,,3.2648537225297094,3.6644720456933118,"rgba(38, 166, 154, 0.5)"
2025-11-14 00:00:00+00:00,3.85,3.9,3.3,3.7485,21733,0.0,0.0,0.0,0.0,0.0,0.0,0.0,0.0,,3.486318813913033,3.8489414465070584,3.2782097284338367,,,,,3.30575442581244,,,3.5445833003602396,,,,,,3.5641868655765916,,3.2652853801206234,3.6645153286817393,"rgba(38, 166, 154, 0.5)"
2025-11-17 00:00:00+00:00,3.9775,4.15,3.85,3.85,35296,0.0,0.0,0.0,0.0,0.0,0.0,0.0,0.0,,3.4993221903800484,3.849267197417272,3.279411216270252,,,,,3.308872988131656,,,3.55847934401854,,,,,,3.5887168647857517,,3.2665015845004994,3.6657331671268225,"rgba(38, 166, 154, 1.0)"
2025-11-18 00:00:00+00:00,3.8875,4.05,3.73675,4.05,18883,0.0,0.0,0.0,0.0,0.0,0.0,0.0,0.0,,3.504637863957778,3.8493183028751043,3.279961459608616,,,,,3.310284806235062,,,3.563915011935918,,,,,,3.5977157144941287,,3.267060211690453,3.666180591446398,"rgba(38, 166, 154, 1.0)"
2025-11-19 00:00:00+00:00,3.776,4.0105,3.7755,3.776,10579,0.0,0.0,0.0,0.0,0.0,0.0,0.0,0.0,,3.5072713494690846,3.849321480899333,3.280250458035874,,,,,3.311022041458936,,,3.566544280877197,,,,,,3.601914240035224,,3.2673540110153283,3.666388969401552,"rgba(38, 166, 154, 1.0)"
2025-11-20 00:00:00+00:00,3.908,3.955,3.776,3.9495,24750,0.0,0.0,0.0,0.0,0.0,0.0,0.0,0.0,,3.513724884678078,3.8493695964111376,3.280955641742767,,,,,3.3128202109683134,,,3.5730461988284463,,,,,,3.61216672406096,,3.2680702414423513,3.6669411250604544,"rgba(38, 166, 154, 1.0)"
2025-11-21 00:00:00+00:00,4.25,4.3,3.622,3.83,38491,0.0,0.0,0.0,0.0,0.0,0.0,0.0,0.0,,3.5279912674338023,3.849881157254844,3.2823735135390812,,,,,3.31646368338314,,,3.588196149368816,,,,,,3.6363344703589133,,3.269503405792213,3.66850663616213,"rgba(38, 166, 154, 1.0)"
2025-11-24 00:00:00+00:00,4.47,4.75,4.25,4.25,72006,0.0,0.0,0.0,0.0,0.0,0.0,0.0,0.0,,3.573010840011707,3.852813305155576,3.286485245791673,,,,,3.3271098027300123,,,3.6380535977541277,,,,,,3.7150395236266083,,3.2736352839618608,3.674623414441829,"rgba(38, 166, 154, 1.0)"
2025-11-25 00:00:00+00:00,4.36,4.6225,4.25,4.5,18092,0.0,0.0,0.0,0.0,0.0,0.0,0.0,0.0,,3.582747624015185,3.8534548003281297,3.2874462814536805,,,,,3.3295743798148543,,,3.6486412649345596,,,,,,3.730792682010652,,3.2746017702079353,3.6759981732156914,"rgba(38, 166, 154, 1.0)"
2025-11-26 00:00:00+00:00,4.345,4.475,4.345,4.425,6014,0.0,0.0,0.0,0.0,0.0,0.0,0.0,0.0,,3.585847737630635,3.853659119768237,3.2877589865423107,,,,,3.33037415818954,,,3.6519947698435136,,,,,,3.7357043643464474,,3.2749163235243586,3.6764400656502607,"rgba(38, 166, 154, 1.0)"
2025-11-28 00:00:00+00:00,4.449,4.449,4.3,4.397,513,0.0,0.0,0.0,0.0,0.0,0.0,0.0,0.0,,3.586114685910672,3.8536768996039323,3.2877859188841994,,,,,3.3304430328765786,,,3.6522836724092804,,,,,,3.7361269456760633,,3.2749434120037173,3.6764783161687236,"rgba(38, 166, 154, 1.0)"
2025-12-01 00:00:00+00:00,4.4,4.5,4.375,4.475,18228,0.0,0.0,0.0,0.0,0.0,0.0,0.0,0.0,,3.595783360037601,3.8543375858048745,3.288764114607196,,,,,3.3329431791011785,,,3.6627537751393904,,,,,,3.751368491529222,,3.2759270300380328,3.6778829833283404,"rgba(38, 166, 154, 1.0)"
2025-12-02 00:00:00+00:00,4.35,4.4025,4.325,4.4,10844,0.0,0.0,0.0,0.0,0.0,0.0,0.0,0.0,,3.600982000911852,3.8546846498550074,3.289311582903976,,,,,3.334335789810782,,,3.6683225722102195,,,,,,3.759264735684208,,3.276477915594947,3.6786427197453286,"rgba(38, 166, 154, 1.0)"
2025-12-03 00:00:00+00:00,4.4,4.4985,4.325,4.35,9445,0.0,0.0,0.0,0.0,0.0,0.0,0.0,0.0,,3.605739566161342,3.8550156739653874,3.2898096356067805,,,,,3.3356031156105326,,,3.673437473579119,,,,,,3.766521497771106,,3.2769788213620403,3.67935028558853,"rgba(38, 166, 154, 1.0)"
2025-12-04 00:00:00+00:00,4.29105,4.375,4.283,4.3255,27753,0.0,0.0,0.0,0.0,0.0,0.0,0.0,0.0,,3.61784194175081,3.855825475285533,3.2911510007438745,,,,,3.338993494246971,,,3.6862435088173857,,,,,,3.7840229261813922,,3.278329247951225,3.6811613607959885,"rgba(38, 166, 154, 0.75)"
2025-12-05 00:00:00+00:00,4.4,4.45,4.295,4.2995,25155,0.0,0.0,0.0,0.0,0.0,0.0,0.0,0.0,,3.629453601602772,3.856660772965776,3.2924410408727534,,,,,3.3422503250138673,,,3.698576131900045,,,,,,3.80078201993425,,3.2796270602920337,3.6829619114046577,"rgba(38, 166, 154, 0.75)"
2025-12-08 00:00:00+00:00,4.55,4.66,4.4105,4.45,65803,0.0,0.0,0.0,0.0,0.0,0.0,0.0,0.0,,3.664284729296957,3.8594892287868907,3.296290235953048,,,,,3.3519590166850426,,,3.735886952170299,,,,,,3.851312867778917,,3.2834938197446126,3.6886870961861185,"rgba(38, 166, 154, 0.75)"
2025-12-09 00:00:00+00:00,4.75,4.7995,4.443,4.525,67668,0.0,0.0,0.0,0.0,0.0,0.0,0.0,0.0,,3.702121920318222,3.862898977804542,3.300615969492984,,,,,3.362805023384696,,,3.776362147456014,4.664166666666667,,,,,3.904688048137509,,3.287835434374668,3.695341178047619,"rgba(38, 166, 154, 1.0)"
2025-12-10 00:00:00+00:00,4.65,4.7995,4.575,4.7995,22749,-1.0,4.7995,4.575,0.0,0.0,0.0,0.0,0.0,,3.714341126140777,3.864053978485131,3.302075408088442,,,,4.674833333333334,3.3664406926248205,,,,4.666850409768075,,,,,3.921322008780915,,3.2893001603606513,3.697582246351659,"rgba(38, 166, 154, 1.0)"
2025-12-11 00:00:00+00:00,4.5355,4.65,4.475,4.65,11250,0.0,0.0,0.0,0.0,0.0,0.0,0.0,0.0,,3.719522008965052,3.8645386487696216,3.3027323050647857,,,,4.634685093679226,3.3680651527718046,,,,4.654307577680074,,,,,3.928002962715241,,3.289960032479645,3.6985495999752382,"rgba(38, 166, 154, 0.75)"
2025-12-12 00:00:00+00:00,4.4745,4.575,4.4185,4.565,19673,0.0,0.0,0.0,0.0,0.0,0.0,0.0,0.0,,3.7277444027323834,3.8653057769933477,3.30382052555123,,,,4.581407683087395,3.370742015847849,,,,4.627560105214,,,,,3.9381884763338344,,3.291053788013729,3.7001094093968625,"rgba(38, 166, 154, 0.75)"
2025-12-15 00:00:00+00:00,4.375,4.55,4.375,4.475,30101,0.0,0.0,0.0,0.0,0.0,0.0,0.0,0.0,,3.7390902226506504,3.8663708889480035,3.305403247735965,,,,4.528202163385976,3.3746093326457953,,,,4.5889548393984025,,,,,3.951564092388626,,3.2926454214633605,3.70231564571302,"rgba(38, 166, 154, 0.75)"
2025-12-16 00:00:00+00:00,4.45,4.55,4.375,4.5,21874,0.0,0.0,0.0,0.0,0.0,0.0,0.0,0.0,,3.7473975587190367,3.867176408191283,3.3065760418680283,,,,4.513735961898272,3.3774679917048127,,,,4.572469164046198,,,,,3.9613206425933267,,3.2938245488071454,3.7039651219582375,"rgba(38, 166, 154, 0.75)"
2025-12-17 00:00:00+00:00,3.2875,4.4675,3.136,4.45,386386,0.0,0.0,0.0,0.0,0.0,0.0,0.0,0.0,,3.727560894733449,3.861617108246281,3.3122907914214577,,,,3.8200133700381884,3.3887256381963224,,,,3.922071728476454,,,,,3.877324313745837,,3.299731679960279,3.7012326886558533,"rgba(239, 83, 80, 1.0)"
2025-12-18 00:00:00+00:00,3.495,3.5,3.2,3.45,103373,0.0,0.0,0.0,0.0,0.0,0.0,0.0,0.0,,3.7132827749258754,3.858725939145633,3.3126952094675524,,,,3.7468022662967226,3.388838727357665,,,,3.8404210995555044,,,,,3.846871061495623,,3.3001925890708192,3.6982550101022826,"rgba(239, 83, 80, 1.0)"
2025-12-19 00:00:00+00:00,4.125,4.35,3.45,3.45,367344,0.0,0.0,0.0,0.0,0.0,0.0,0.0,0.0,,3.748230946177874,3.8612485438337854,3.3235756656166053,,,,3.833872708560547,3.4123723440777156,,,,3.8883984753436636,,,,,3.8704842181607773,,3.3112186895553704,3.7075964217173554,"rgba(239, 83, 80, 1.0)"
2025-12-22 00:00:00+00:00,4.05,4.225,3.95,4.1,229140,0.0,0.0,0.0,0.0,0.0,0.0,0.0,0.0,,3.773356416381272,3.864102619622506,3.331197765634096,,,,3.8802292578733497,3.4285615916649976,,,,3.9223452037672475,,,,,3.8915706721682013,,3.3189247969181026,3.7151726810623966,"rgba(239, 83, 80, 1.0)"
2025-12-23 00:00:00+00:00,3.85,4.2,3.75,4.2,117019,0.0,0.0,0.0,0.0,0.0,0.0,0.0,0.0,,3.7794008957259013,3.8645714970859424,3.3343008617408616,,,,3.884976865083822,3.434782050476681,,,,3.9232792742432863,,,,,3.893659654072282,,3.322074334304131,3.7174461746584213,"rgba(239, 83, 80, 1.0)"
2025-12-24 00:00:00+00:00,4.0,4.05,3.807,4.025,101198,0.0,0.0,0.0,0.0,0.0,0.0,0.0,0.0,,3.784872691423608,3.8650825260912987,3.3370430454852213,,,,3.889810781853198,3.4402395341962375,,,,3.925268895580631,,,,,3.8960924957125083,,3.324855988403477,3.7195441273841476,"rgba(239, 83, 80, 1.0)"
2025-12-26 00:00:00+00:00,3.75,4.075,3.735,4.05,91931,0.0,0.0,0.0,0.0,0.0,0.0,0.0,0.0,,3.7867855251533893,3.86502070357095,3.3391156779523614,,,,3.887578209628075,3.444159094917951,,,,3.9210559358461614,,,,,3.8945403525605333,,3.3269663784997845,3.7206209346488963,"rgba(239, 83, 80, 1.0)"
2025-12-29 00:00:00+00:00,4.05,4.05,3.6089,4.05,78077,0.0,0.0,0.0,0.0,0.0,0.0,0.0,0.0,,3.7894785949235175,3.86518952551602,3.341031590214703,,,,3.888338587550063,3.4478268027263685,,,,3.9201988109275723,,,,,3.8947923607219437,,3.32891330592605,3.7218589187418707,"rgba(239, 83, 80, 0.75)"
2025-12-30 00:00:00+00:00,4.0,4.05,3.85,4.05,78389,0.0,0.0,0.0,0.0,0.0,0.0,0.0,0.0,,3.7935084286759597,3.8656407866891467,3.343158677442011,,,,3.8920407551624843,3.451957827376146,,,,3.922309011268866,,,,,3.8968876023295684,,3.3310702580392246,3.7235163150612585,"rgba(239, 83, 80, 0.75)"
2025-12-31 00:00:00+00:00,3.75,3.9325,3.5,3.5,65370,0.0,0.0,0.0,0.0,0.0,0.0,0.0,0.0,,3.792279813981075,3.8651304021804043,3.344245290877774,,,,3.8858013031114806,3.4537752747277346,,,,3.9152007966321754,,,,,3.892867528380713,,3.33218520491989,3.723538679835406,"rgba(239, 83, 80, 0.75)"
2026-01-02 00:00:00+00:00,4.13,4.19,3.5,3.65,87697,0.0,0.0,0.0,0.0,0.0,0.0,0.0,0.0,,3.795878559661911,3.8654996687695182,3.3464963537957138,,,,3.888425027558953,3.4580399994980833,,,,3.9163580819682866,,,,,3.8943218718072945,,3.3344699088504277,3.7251567875285936,#000000
2026-01-05 00:00:00+00:00,4.24,4.35,4.11,4.18,146930,0.0,0.0,0.0,0.0,0.0,0.0,0.0,0.0,,3.8130337678725583,3.868514324444231,3.352075259238601,,,,3.9143006218871816,3.4692681983019877,,,,3.9393439107333434,,,,,3.910986510176185,,3.3400952856396766,3.7314426088395534,#000000
2026-01-06 00:00:00+00:00,4.34,4.57,4.15,4.24,130393,0.0,0.0,0.0,0.0,0.0,0.0,0.0,0.0,,3.8312049804595314,3.8720150846871157,3.3576340101950626,,,,3.9417059341450553,3.4804864685728507,,,,3.964375105190577,,,,,3.9294768193534635,,3.3456916736991182,3.7381950986102033,#000000
2026-01-07 00:00:00+00:00,4.3,4.432,4.17,4.4,103186,0.0,0.0,0.0,0.0,0.0,0.0,0.0,0.0,,3.843375485951365,3.874450534097613,3.3617589781714896,,,,3.958603000924541,3.4886406074130387,,,,3.9797310568553077,,,,,3.9413621279815465,,3.3498475321290897,3.7429869266314997,"rgba(38, 166, 154, 0.5)"
2026-01-08 00:00:00+00:00,4.17,4.35,4.12,4.3,64738,0.0,0.0,0.0,0.0,0.0,0.0,0.0,0.0,,3.8492964490163923,3.8756542316201537,3.3640895619550246,,,,3.965910073209271,3.4931328246181326,,,,3.986236987273746,,,,,3.9467180943872107,,3.3521986711921103,3.7454875132506134,"rgba(38, 166, 154, 0.5)"
2026-01-09 00:00:00+00:00,4.15,4.29,4.0,4.15375,34653,0.0,0.0,0.0,0.0,0.0,0.0,0.0,0.0,,3.8518223390852033,3.8761685282539475,3.365234323649045,,,,3.9686435829211892,3.495294138501169,,,,3.9885935121245506,,,,,3.9488038369058387,,3.3533549127259294,3.7466259524119723,#000000
2026-01-12 00:00:00+00:00,3.94,4.14,3.9,4.12,91194,0.0,0.0,0.0,0.0,0.0,0.0,0.0,0.0,,3.854916419267234,3.876750743520224,3.3676429689184797,,,,3.969588557182818,3.4995912373548066,,,,3.988769913966795,,,,,3.9499935828168304,,3.355796671461233,3.7484546750160224,#000000
2026-01-13 00:00:00+00:00,3.94,3.94,3.67,3.912,134710,0.0,0.0,0.0,0.0,0.0,0.0,0.0,0.0,,3.8547625971446706,3.8765558131135065,3.3703599943657254,,,,3.9631891234321466,3.504001050355106,,,,3.9815384307340342,,,,,3.946196927182643,,3.3585663913186616,3.7495545154433487,#000000
2026-01-14 00:00:00+00:00,3.79,3.94,3.74,3.92,48945,0.0,0.0,0.0,0.0,0.0,0.0,0.0,0.0,,3.854409329837033,3.8764152734156214,3.3712851574820912,,,,3.9605217859035506,3.505454551080276,,,,3.9785986495003014,,,,,3.9445250266808265,,3.359510866297066,3.749843719385156,"rgba(239, 83, 80, 1.0)"
2026-01-15 00:00:00+00:00,3.82,3.865,3.705,3.8,29181,0.0,0.0,0.0,0.0,0.0,0.0,0.0,0.0,,3.8540249529676944,3.8762899201457874,3.3718025112297694,,,,3.9586795765441813,3.506242679065244,,,,3.976605175863792,,,,,3.9433351122254017,,3.3600398684650354,3.7499528908971023,"rgba(239, 83, 80, 1.0)"
2026-01-16 00:00:00+00:00,3.98,3.98,3.73,3.75,35069,0.0,0.0,0.0,0.0,0.0,0.0,0.0,0.0,,3.8543633743652252,3.876328339583234,3.372568539523623,,,,3.9578528619019195,3.5075083965659934,,,,3.975566215038604,,,,,3.942888082592888,,3.360819134330806,3.750362839561941,"rgba(239, 83, 80, 1.0)"
2026-01-20 00:00:00+00:00,3.76,4.04,3.76,4.02,37914,-1.0,4.04,3.76,0.0,0.0,0.0,0.0,0.0,,3.854354611553943,3.8762815615946904,3.3733259338584474,,,3.8533333333333335,3.9563678414160743,3.5087162474502094,,,,3.973872472338281,,,,,3.9419701655634856,,3.3615911515445154,3.7506729651661006,"rgba(239, 83, 80, 1.0)"
2026-01-21 00:00:00+00:00,3.9375,3.97,3.76,3.81,63740,0.0,0.0,0.0,0.0,0.0,0.0,0.0,0.0,,3.854845478402559,3.8763254778898366,3.3746885350618325,,,3.875801870396968,3.95480010653104,3.5109371265315352,,,,3.971944130797425,,,,,3.9410756866885785,,3.362977787148629,3.7513706734364427,"rgba(239, 83, 80, 1.0)"
2026-01-22 00:00:00+00:00,3.89,3.98,3.7,3.87,93153,0.0,0.0,0.0,0.0,0.0,0.0,0.0,0.0,,3.854882250215759,3.876228041341867,3.376542032165704,,,3.8666517801379485,3.9515646358934275,3.513861674647046,,,,3.968232317944126,,,,,3.9390364845412957,,3.364866869313624,3.7521402550379674,"rgba(239, 83, 80, 1.0)"
2026-01-23 00:00:00+00:00,3.955,3.98,3.86,3.91,57154,0.0,0.0,0.0,0.0,0.0,0.0,0.0,0.0,,3.8558218350072733,3.8763961183058857,3.377848748636073,,,3.8813995419926104,3.951170104652242,3.5160189098955588,,,,3.9675239341255732,,,,,3.93892884102456,,3.3661944427830974,3.752941707600244,"rgba(239, 83, 80, 0.75)"
2026-01-26 00:00:00+00:00,3.8,4.02,3.78,3.97,57474,0.0,0.0,0.0,0.0,0.0,0.0,0.0,0.0,,3.855953660390626,3.8763665458861514,3.379003094559561,,,3.8786630794835752,3.9495181514770663,3.5178301275613704,,,,3.96559663997161,,,,,3.9378828342095806,,3.3673704552949313,3.753449966226527,"rgba(239, 83, 80, 0.75)"
2026-01-27 00:00:00+00:00,3.79,3.9,3.65,3.89,52947,0.0,0.0,0.0,0.0,0.0,0.0,0.0,0.0,,3.855112539139899,3.87609746653581,3.379873569015269,,,3.864247589560188,3.946519280273567,3.519071753026686,,,,3.9623859227651037,,,,,3.9358051703354704,,3.3682617536555903,3.7535588290483317,"rgba(239, 83, 80, 0.75)"
2026-01-28 00:00:00+00:00,3.68,3.86,3.59,3.795,80547,0.0,0.0,0.0,0.0,0.0,0.0,0.0,0.0,,3.852708357280783,3.87539490524576,3.3809601734904646,,,3.836197539560516,3.9403208339854126,3.5204374938216714,,,,3.9559141468547616,,,,,3.9313734342604154,,3.369381035921113,3.753288807672833,"rgba(239, 83, 80, 1.0)"
2026-01-29 00:00:00+00:00,3.67,3.73,3.59,3.67,26182,0.0,0.0,0.0,0.0,0.0,0.0,0.0,0.0,,3.851693964939869,3.8751037397367143,3.381261962660327,,,3.826549651006549,3.937981210410576,3.520768977768541,,,,3.953495609819652,,,,,3.9296742854968385,,3.3696936540979907,3.753107911752709,"rgba(239, 83, 80, 1.0)"
2026-01-30 00:00:00+00:00,3.6,3.65,3.53,3.65,36995,0.0,0.0,0.0,0.0,0.0,0.0,0.0,0.0,,3.849753190216692,3.8745581429596365,3.3815817395967707,,,3.809502159626639,3.933916318718711,3.5210060525004083,,,,3.9493374409655555,,,,,3.926688360782645,,3.3700292172835997,3.7526552051930095,"rgba(239, 83, 80, 1.0)"
2026-02-02 00:00:00+00:00,3.58,3.63,3.54,3.59,54955,0.0,0.0,0.0,0.0,0.0,0.0,0.0,0.0,,3.8468131027888104,3.8737228831558257,3.382032633703498,,,3.787349295947024,3.927879816390637,3.5213070768843786,,,,3.94316625024788,,,,,3.9222192938228235,,3.3705035924491407,3.7519455256885643,"rgba(239, 83, 80, 1.0)"
2026-02-03 00:00:00+00:00,3.45,3.59,3.38,3.59,83361,0.0,0.0,0.0,0.0,0.0,0.0,0.0,0.0,,3.840664072522934,3.8719884949685444,3.3823411070036045,,,3.746728887799196,3.9163098799223524,3.5209581674796073,,,,3.931449311705846,,,,,3.9135282060840453,,3.3708493204340573,3.7501853637786056,"rgba(239, 83, 80, 1.0)"
2026-02-04 00:00:00+00:00,3.49,3.52,3.4,3.4,24731,0.0,0.0,0.0,0.0,0.0,0.0,0.0,0.0,,3.8388623717507384,3.871472556158256,3.3824288844854657,,,3.7365013581846505,3.912964844705651,3.5208484525902612,,,,3.9280603073022005,,,,,3.910995115893803,,3.370948120509385,3.7496612042489854,"rgba(239, 83, 80, 1.0)"
2026-02-05 00:00:00+00:00,3.45,3.62,3.4,3.6,109559,0.0,0.0,0.0,0.0,0.0,0.0,0.0,0.0,,3.8315085991293207,3.869315845218214,3.3829039646647647,,,3.7018204462411437,3.8993726556696293,3.520556999372142,,,,3.914256988529218,,,,,3.9006064084914893,,3.371471348904443,3.7475269453564044,"rgba(239, 83, 80, 1.0)"
2026-02-06 00:00:00+00:00,3.36,3.5,3.14,3.5,120661,0.0,0.0,0.0,0.0,0.0,0.0,0.0,0.0,,3.8202056948296317,3.8659991745513747,3.382664022109563,,,3.6523837569803264,3.8800242212409657,3.518628944170626,,,,3.8947732730414706,,,,,3.885597463890544,,3.3712876379943335,3.743811177155353,"rgba(239, 83, 80, 1.0)"
2026-02-09 00:00:00+00:00,3.4,3.56,3.05,3.31,157695,0.0,0.0,0.0,0.0,0.0,0.0,0.0,0.0,,3.806280546907444,3.8617526546620278,3.382374868929475,,,3.605284604837784,3.8567885431270637,3.5162124544998012,,,,3.8713369348862647,,,,,3.8672505492538956,,3.3710710464027445,3.739092910137293,"rgba(239, 83, 80, 1.0)"
2026-02-10 00:00:00+00:00,3.33,3.45,3.24,3.45,18413,0.0,0.0,0.0,0.0,0.0,0.0,0.0,0.0,,3.804717887600085,3.861264374286113,3.3823437881824874,,,3.600742743634399,3.8542209509798973,3.5159396359488873,,,,3.8687443976618288,,,,,3.8652009094694586,,3.371048366158587,3.738553613996261,"rgba(239, 83, 80, 1.0)"
2026-02-11 00:00:00+00:00,3.35625,3.4,3.16,3.28,44014,0.0,0.0,0.0,0.0,0.0,0.0,0.0,0.0,,3.800749805257483,3.8600237043314665,3.382209150050188,,,3.589131720850324,3.847779710156135,3.515163391030191,,,,3.86224988724111,,,,,3.860047075019758,,3.3709340481465295,3.7371590313654512,"rgba(239, 83, 80, 1.0)"
2026-02-12 00:00:00+00:00,3.16,3.4,3.0,3.32,37800,0.0,0.0,0.0,0.0,0.0,0.0,0.0,0.0,,3.796586942630687,3.85873540997458,3.3819156701362885,,,3.5759862574653254,3.8411823068579967,3.5141264401102563,,,,3.8556264072351776,,,,,3.8547644379046777,,3.3706588146649796,3.735641030408805,"rgba(239, 83, 80, 1.0)"
2026-02-13 00:00:00+00:00,3.19,3.2525,3.11,3.16,14989,0.0,0.0,0.0,0.0,0.0,0.0,0.0,0.0,,3.7949451077962455,3.8582240256457583,3.381798052070986,,,3.570976393092459,3.8385926709080427,3.5137139384144955,,,,3.8530261093809397,,,,,3.8526848160932703,,3.3705484228030147,3.7350386756984584,"rgba(239, 83, 80, 1.0)"
2026-02-17 00:00:00+00:00,3.086,3.1,2.93,3.06,83565,0.0,0.0,0.0,0.0,0.0,0.0,0.0,0.0,,3.783808053206739,3.8547748074450388,3.3806639968522854,,,3.535556161608601,3.821392822784505,3.510425899807538,,,,3.835815575867029,,,,,3.838850309165925,,3.369456779422952,3.730823812846977,"rgba(239, 83, 80, 1.0)"
2026-02-18 00:00:00+00:00,2.8375,3.06,2.66,3.0,80194,0.0,0.0,0.0,0.0,0.0,0.0,0.0,0.0,,3.7708301382416765,3.850743043785102,3.3789941188613577,,,3.494556728338833,3.8018044759933303,3.5060846042666207,,,,3.81626909179934,,,,,3.8230213575063936,,3.367830105967797,3.7257515823448046,"rgba(239, 83, 80, 1.0)"
2026-02-19 00:00:00+00:00,2.76,2.95,2.68,2.95,33348,0.0,0.0,0.0,0.0,0.0,0.0,0.0,0.0,,3.7652175661655107,3.8489827612460212,3.378229507910964,,,3.4775614086845903,3.793424560372797,3.504143350028585,,,,3.8079099957083926,,,,,3.8162174601792542,,3.367083714685999,3.723525783223538,"rgba(239, 83, 80, 1.0)"
2026-02-20 00:00:00+00:00,2.76,3.08,2.7,2.726,71089,0.0,0.0,0.0,0.0,0.0,0.0,0.0,0.0,,3.7540729659812424,3.8454272316403277,3.3767458062761984,,,3.4464261785423376,3.776892198474595,3.500330346403284,,,,3.7913991276042487,,,,,3.8027070317503555,,3.3656380015049168,3.719070444705077,"rgba(239, 83, 80, 1.0)"
2026-02-23 00:00:00+00:00,2.82125,2.98,2.75,2.8,10927,0.0,0.0,0.0,0.0,0.0,0.0,0.0,0.0,,3.7523908578322196,3.8448849947144343,3.37652009064937,,,3.4419390870950277,3.7744121261625594,3.499751512301133,,,,3.7889212974885,,,,,3.8006716903468756,,3.3654180952423807,3.7183925580469968,"rgba(239, 83, 80, 1.0)"
2026-02-24 00:00:00+00:00,2.7,2.8282,2.7,2.82,31634,0.0,0.0,0.0,0.0,0.0,0.0,0.0,0.0,,3.7469790323651035,3.8431489084814157,3.3757342007901974,,,3.427024681617029,3.7664784331292704,3.4978046306129835,,,,3.7810062289034843,,,,,3.794165864195526,,3.364649621809993,3.7161932724787667,"rgba(239, 83, 80, 1.0)"
2026-02-25 00:00:00+00:00,2.81,2.953,2.77,2.85,62838,0.0,0.0,0.0,0.0,0.0,0.0,0.0,0.0,,3.737469576813029,3.840033415908129,3.3744285091611173,,,3.403339025143624,3.752604025999918,3.494483277695874,,,,3.767137937475176,,,,,3.7827032308335222,,3.363377194673846,3.7123067771434735,"rgba(239, 83, 80, 0.75)"
2026-02-26 00:00:00+00:00,2.4,2.42,2.06,2.35,1015182,0.0,0.0,0.0,0.0,0.0,0.0,0.0,0.0,,,3.7658310749762647,3.3331524969047286,,,2.9633425556244073,3.467255290636667,3.4033378651487363,,,,3.4826551754869484,,,,,3.539703420754333,,3.322708454132627,3.6169820182892853,"rgba(239, 83, 80, 0.75)"
2026-02-27 00:00:00+00:00,2.36,2.5922,2.29,2.38,626772,-1.0,2.5922,2.29,0.0,-1.0,2.5922,2.29,0.0,,,3.7269443436076974,3.3119865801085693,,2.4140666666666672,2.855347328937871,3.3538033451074685,3.35906532314588,,,,3.3688676664932062,,,,,3.4366919546255654,,3.3018758081503785,3.5690767897560414,"rgba(239, 83, 80, 0.75)"
2026-03-02 00:00:00+00:00,2.35,2.45,2.32,2.45,179123,0.0,0.0,0.0,0.0,0.0,0.0,0.0,0.0,,,3.715906602682651,3.3058492562966144,,2.405013034535103,2.8297040496866206,3.3245204824872783,3.3466172987892526,,,,3.3394666124859316,,,,,3.4095902557576685,,3.2958313284065905,3.5556208902422144,"rgba(239, 83, 80, 1.0)"
2026-03-03 00:00:00+00:00,2.24,2.35,2.2,2.34,167634,0.0,0.0,0.0,0.0,0.0,0.0,0.0,0.0,,,3.704905569336776,3.299508837774699,,2.3806169096828826,2.8028429459475257,3.295666235953324,3.3339643383983635,,,,3.310523646930414,,,,,3.3828865067118965,,3.28957932251839,3.5421531468642886,"rgba(239, 83, 80, 1.0)"
2026-03-04 00:00:00+00:00,2.28,2.3164,2.2,2.28,156975,0.0,0.0,0.0,0.0,0.0,0.0,0.0,0.0,,,3.6947690712852186,3.293653182298159,,2.3646278380851964,2.779992300912124,3.2700869692358667,3.322404081397344,,,,3.284850270227423,,,,,3.359030229028379,,3.283805137495642,3.529814413131414,"rgba(239, 83, 80, 1.0)"
2026-03-05 00:00:00+00:00,2.27,2.35,2.165,2.28,131949,0.0,0.0,0.0,0.0,0.0,0.0,0.0,0.0,,,3.686336026612427,3.288764131670102,,2.3538665474807114,2.7621049467366054,3.2494705579056604,3.312844350813745,,,,3.2641490762374894,,,,,3.339684379242597,,3.2789837182387065,3.519595189359962,"rgba(239, 83, 80, 1.0)"
2026-03-06 00:00:00+00:00,2.35,2.43,2.21,2.3,152225,0.0,0.0,0.0,0.0,0.0,0.0,0.0,0.0,,,3.677190346272007,3.2835524846512154,,2.351298411699812,2.7455603054719298,3.2282837793766532,3.302730646701717,,,,3.242842313698414,,,,,3.319558328936874,,3.2738474599550704,3.508637769868353,"rgba(239, 83, 80, 0.75)"
2026-03-09 00:00:00+00:00,2.32,2.4,2.22,2.4,69319,0.0,0.0,0.0,0.0,0.0,0.0,0.0,0.0,,,3.6730153855743897,3.2811568219045024,,2.349525024511505,2.738153355687359,3.21878303278483,3.2981160661732147,,,,3.233287248488474,,,,,3.310507048002451,,3.2714859537487797,3.5036450625408215,"rgba(239, 83, 80, 0.75)"
2026-03-10 00:00:00+00:00,2.4,2.41,2.2534,2.32,124764,0.0,0.0,0.0,0.0,0.0,0.0,0.0,0.0,,,3.6657905077312125,3.277056654630756,,2.349908262942724,2.72667318073769,3.202925775276386,3.290260478633236,,,,3.217322744528052,,,,,3.295275179461855,,3.2674459361942767,3.495070158378193,"rgba(239, 83, 80, 0.75)"
2026-03-11 00:00:00+00:00,2.32,2.41,2.27,2.41,74461,0.0,0.0,0.0,0.0,0.0,0.0,0.0,0.0,,,3.6614473135173506,3.2745711991387467,,2.349175034744872,2.719772491415707,3.1935072869364136,3.285529684039285,,,,3.207841644572147,,,,,3.2862146137169397,,3.2649962910039916,3.48991953962282,"rgba(239, 83, 80, 0.75)"
2026-03-12 00:00:00+00:00,2.29,2.4,2.27,2.27,70025,0.0,0.0,0.0,0.0,0.0,0.0,0.0,0.0,,,3.6573478725701447,3.2722127877379976,,2.348009778618377,2.713283833510109,3.184699738730711,3.281061504123049,,,,3.1989759471262884,,,,,3.277731127585523,,3.2626714750764307,3.485061904345867,"rgba(239, 83, 80, 0.75)"
2026-03-13 00:00:00+00:00,2.1,2.32,2.1,2.32,138690,0.0,0.0,0.0,0.0,0.0,0.0,0.0,0.0,,,3.6484197425352307,3.266861807275344,,2.335204977931788,2.6964669081781154,3.164898078498952,3.2710008122076606,,,,3.1790847878767625,,,,,3.2588542149756483,,3.257389428158106,3.4743627841230973,"rgba(239, 83, 80, 0.75)"
2026-03-16 00:00:00+00:00,2.13,2.195,2.13,2.14,26904,0.0,0.0,0.0,0.0,0.0,0.0,0.0,0.0,,,3.6466749746319134,3.2658093709279363,,2.3326315939326574,2.693195116585883,3.1610642995453277,3.2690321934271367,,,,3.175233977341856,,,,,3.2551952292157185,,3.256350347671742,3.4722732510289904,"rgba(239, 83, 80, 1.0)"
2026-03-17 00:00:00+00:00,2.16,2.25,2.14,2.14,53194,0.0,0.0,0.0,0.0,0.0,0.0,0.0,0.0,,,3.643310019950485,3.2637933294789048,,2.3286043978259348,2.6872121001886264,3.153804131215777,3.2652699276115893,,,,3.1679375140810815,,,,,3.248237049148831,,3.254360365588438,3.4682598435168672,"rgba(239, 83, 80, 1.0)"
2026-03-18 00:00:00+00:00,2.18,2.34,2.13,2.16,141990,0.0,0.0,0.0,0.0,0.0,0.0,0.0,0.0,,,3.6346066698510033,3.2586134243776206,,2.3210860201117147,2.6729208665929702,3.1355902776492623,3.255659389382355,,,,3.149618646278124,,,,,3.230666321442429,,3.2492487023628054,3.4579430629642705,"rgba(239, 83, 80, 1.0)"
2026-03-19 00:00:00+00:00,2.14,2.1793,2.11,2.16,99526,0.0,0.0,0.0,0.0,0.0,0.0,0.0,0.0,,,3.628255965559264,3.254758881173403,,2.3130833869500487,2.6618768379748268,3.1222511608830144,3.2485577689962515,,,,3.136213482948273,,,,,3.2178350092756554,,3.245442530381284,3.4503898507608253,"rgba(239, 83, 80, 1.0)"
2026-03-20 00:00:00+00:00,2.14,2.1796,2.1,2.1744,30046,0.0,0.0,0.0,0.0,0.0,0.0,0.0,0.0,,,3.6263452086060974,3.2535970893574135,,2.3107636880123006,2.658612439633233,3.118281312949202,3.2464254172792857,,,,3.132223525411611,,,,,3.214009164610538,,3.2442952682679507,3.4481210306044257,"rgba(239, 83, 80, 0.75)"
2026-03-23 00:00:00+00:00,2.09,2.2,2.09,2.145,114744,0.0,0.0,0.0,0.0,0.0,0.0,0.0,0.0,,,3.619028657480719,3.249130140603307,,2.3018065318515575,2.6462049181960188,3.1032108158701344,3.2382607623985153,,,,3.1170768899444803,,,,,3.199468503354275,,3.239883656855586,3.4394416451400622,"rgba(239, 83, 80, 0.75)"
2026-03-24 00:00:00+00:00,2.09,2.23,2.08,2.11,24816,0.0,0.0,0.0,0.0,0.0,0.0,0.0,0.0,,,3.61746269343701,3.248174425102582,,2.3000522072751957,2.6436307151066822,3.1000333698998137,3.236521101509552,,,,3.113882552927576,,,,,3.1963939811664304,,3.238939808740576,3.437588961265806,"rgba(239, 83, 80, 0.75)"
2026-03-25 00:00:00+00:00,2.07,2.17,2.07,2.11,22104,0.0,0.0,0.0,0.0,0.0,0.0,0.0,0.0,,,3.616042503077124,3.2473016615373465,,2.2982443893337705,2.641225971047252,3.0971333605791247,3.2349341517081664,,,,3.110968206905115,,,,,3.1935934875120524,,3.238077688055013,3.435905310950587,"rgba(239, 83, 80, 1.0)"
2026-03-26 00:00:00+00:00,2.05,2.14,2.05,2.14,49897,0.0,0.0,0.0,0.0,0.0,0.0,0.0,0.0,,,3.612797076368235,3.245296306231488,,2.293808935365192,2.6356433813960933,3.0904963390406968,3.2312945711947108,,,,3.104299918959516,,,,,3.187190007556874,,3.2360964446498155,3.4320539834769814,"rgba(239, 83, 80, 1.0)"
2026-03-27 00:00:00+00:00,1.91,2.14,1.8501,2.08,54437,0.0,0.0,0.0,0.0,0.0,0.0,0.0,0.0,,,3.609011397000595,3.2429043776615427,,2.286713436245025,2.6284618114270284,3.0825526556182963,3.2269617117808327,,,,3.09632870365031,,,,,3.179581012226344,,3.233731574357836,3.4275270965140687,"rgba(239, 83, 80, 1.0)"
2026-03-30 00:00:00+00:00,1.87,1.9799,1.77,1.94,197197,0.0,0.0,0.0,0.0,0.0,0.0,0.0,0.0,,,3.59467074416457,3.2336853982993206,,2.256595167317376,2.6001930568266296,3.0523616926969686,3.210366514577403,,,,3.066053178141785,,,,,3.150731606785185,,3.2246120577153685,3.4103264581676567,"rgba(239, 83, 80, 1.0)"
2026-03-31 00:00:00+00:00,1.9,1.93,1.83,1.87,110761,0.0,0.0,0.0,0.0,0.0,0.0,0.0,0.0,,,3.5867811233305704,3.2286118820231935,,2.2420528851808648,2.585499513750196,3.036241005898146,3.201314023415566,,,,3.049879794081077,,,,,3.135243367697659,,3.21959339558739,3.4009137757459786,"rgba(239, 83, 80, 1.0)"
2026-04-01 00:00:00+00:00,1.93,1.97,1.84,1.84,76349,0.0,0.0,0.0,0.0,0.0,0.0,0.0,0.0,,,3.581469646999046,3.2252058905593226,,2.2333803699871897,2.576091711037575,3.0256377620683756,3.1952708932634524,,,,3.0392368348640004,,,,,3.1250095955581503,,3.2162246033325377,3.394605990622698,"rgba(239, 83, 80, 0.75)"
2026-04-02 00:00:00+00:00,1.86,2.025,1.8,1.92,118555,0.0,0.0,0.0,0.0,0.0,0.0,0.0,0.0,,,3.5731985531757156,3.2198784528948123,,2.2200634380728648,2.561604123879507,3.009299229390275,3.1858660772106377,,,,3.022837052525486,,,,,3.109218585522706,,3.2109547073314206,3.3847966470764805,"rgba(239, 83, 80, 0.75)"
2026-04-06 00:00:00+00:00,1.95,1.95,1.615,1.85,205403,0.0,0.0,0.0,0.0,0.0,0.0,0.0,0.0,,,3.558581413149273,3.2103582018469408,,2.1956967755381944,2.535896558368479,2.980698222748163,3.1691884542119917,,,,2.9941363265590124,,,,,3.081565689413215,,3.2015342460690803,3.367466786243563,"rgba(239, 83, 80, 0.75)"
2026-04-07 00:00:00+00:00,1.88,1.93,1.78,1.93,52903,0.0,0.0,0.0,0.0,0.0,0.0,0.0,0.0,,,3.5549106021400254,3.207971696873257,,2.1903209585857084,2.529795446213168,2.9737129707326324,3.1650390936944657,,,,2.987123145324149,,,,,3.074776610071119,,3.199172956492036,3.3631380245361595,"rgba(239, 83, 80, 0.5)"
2026-04-08 00:00:00+00:00,1.89,1.96,1.82,1.92,55210,0.0,0.0,0.0,0.0,0.0,0.0,0.0,0.0,,,3.5511567528973114,3.2055393359637767,,2.185335734675738,2.5237952928956524,2.9666884843730705,3.1608249498753964,,,,2.9800677871650425,,,,,3.0679258908468996,,3.196766581008122,3.358726834324122,"rgba(239, 83, 80, 0.5)"
2026-04-09 00:00:00+00:00,1.74,1.88,1.68,1.88,105000,0.0,0.0,0.0,0.0,0.0,0.0,0.0,0.0,,,3.543537483756127,3.2005067153782627,,2.172522969276257,2.510527927297586,2.9520754636592383,3.152116353488752,,,,2.965406897649464,,,,,3.0537716938699497,,3.1917847525129837,3.349711597520823,"rgba(239, 83, 80, 0.5)"
2026-04-10 00:00:00+00:00,1.66,1.7935,1.61,1.71,243272,0.0,0.0,0.0,0.0,0.0,0.0,0.0,0.0,,,3.525359921797183,3.188347244445808,,2.1404316370120484,2.478430294998085,2.9173857486746564,3.1312270615234308,,,,2.9306169110396354,,,,,3.0201943636131103,,3.179743603749269,3.328190769331969,"rgba(239, 83, 80, 1.0)"
2026-04-13 00:00:00+00:00,1.73,1.7852,1.6338,1.67,162490,0.0,0.0,0.0,0.0,0.0,0.0,0.0,0.0,,,3.5136008206612557,3.1804860164016024,,2.1224706015574877,2.4590747020249886,2.8957695440404168,3.1178722315743865,,,,2.908925156309882,,,,,2.9991319538382943,,3.171959324114905,3.3143684600254377,"rgba(239, 83, 80, 0.5)"
2026-04-14 00:00:00+00:00,1.8,1.86,1.6819,1.785,65088,0.0,0.0,0.0,0.0,0.0,0.0,0.0,0.0,,,3.5091002815195,3.177497834373939,,2.1167682659789198,2.4522420880084903,2.887787760035956,3.112835382629979,,,,2.9009088611253073,,,,,2.991298109321168,,3.169001099541486,3.3091180964059737,"rgba(239, 83, 80, 0.5)"
2026-04-15 00:00:00+00:00,1.82,1.9135,1.76,1.76,84746,0.0,0.0,0.0,0.0,0.0,0.0,0.0,0.0,,,3.5034456911068457,3.173766282222329,,2.110696981840776,2.4442035064672254,2.8780315538976415,3.1065804976266937,,,,2.891103792308449,,,,,2.9816674700990915,,3.1653077341368068,3.302559875416872,"rgba(239, 83, 80, 0.5)"
2026-04-16 00:00:00+00:00,1.68,1.91,1.68,1.82,126449,0.0,0.0,0.0,0.0,0.0,0.0,0.0,0.0,,,3.494706278603724,3.1679299253270146,,2.0998128137375853,2.4311772378456014,2.8627923472789427,3.0968217342186795,,,,2.8757982451208877,,,,,2.9666797977549595,,3.1595290206967004,3.292391874232496,"rgba(239, 83, 80, 0.5)"
2026-04-17 00:00:00+00:00,1.62,1.75,1.6,1.69,77684,0.0,0.0,0.0,0.0,0.0,0.0,0.0,0.0,,,3.489074021426315,3.164115753144439,,2.0915981124085343,2.422265923984101,2.852805847399575,3.0904539309016577,,,,2.8657763395633498,,,,,2.9569065818961104,,3.1557509242779216,3.2858087622178407,"rgba(239, 83, 80, 0.5)"
2026-04-20 00:00:00+00:00,1.51,1.61,1.46,1.59,167991,0.0,0.0,0.0,0.0,0.0,0.0,0.0,0.0,,,3.4761557958470757,3.155227455690702,,2.069824750875244,2.400523443711535,2.8294789480074183,3.075643093026996,,,,2.842387011202546,,,,,2.9341988060703534,,3.146942520245667,3.270630820246562,"rgba(239, 83, 80, 0.5)"
2026-04-21 00:00:00+00:00,1.54,1.54,1.47,1.52,98803,0.0,0.0,0.0,0.0,0.0,0.0,0.0,0.0,,,3.468598568640599,3.1500129498333247,,2.057563679144824,2.3880810426392967,2.8160363026952244,3.06700708293381,,,,2.828906728125546,,,,,2.921084474859827,,3.141774550133819,3.2617752093193433,"rgba(239, 83, 80, 0.5)"
2026-04-22 00:00:00+00:00,1.51,1.54,1.48,1.53,89904,0.0,0.0,0.0,0.0,0.0,0.0,0.0,0.0,,,3.461749168988945,3.145277611916475,,2.046738116183607,2.376975544830777,2.803979878626186,3.0591981901983583,,,,2.8168155045155014,,,,,2.9093047694080587,,3.1370812640848555,3.2537640674688566,"rgba(239, 83, 80, 0.5)"
2026-04-23 00:00:00+00:00,1.52,1.53,1.495,1.52,119938,0.0,0.0,0.0,0.0,0.0,0.0,0.0,0.0,,,3.4527090648518,3.1390219483960413,,2.0330738805574686,2.362673121445473,2.7882989622258334,3.0489349709737668,,,,2.8010863962605526,,,,,2.893947747105794,,3.130881087551916,3.2432203695885544,"rgba(239, 83, 80, 0.5)"
2026-04-24 00:00:00+00:00,1.55,1.695,1.52,1.55,642377,0.0,0.0,0.0,0.0,0.0,0.0,0.0,0.0,,,3.4074650880956994,3.1077946336991937,,1.979268525937833,2.299475023815949,2.7148959602876936,2.998729073557504,,,,2.7273761453039356,,,,,2.8212191297011247,,3.0999352625826813,3.1911640879167424,"rgba(239, 83, 80, 0.5)"
2026-04-27 00:00:00+00:00,1.59,1.63,1.54,1.56,197772,0.0,0.0,0.0,0.0,0.0,0.0,0.0,0.0,,,3.393962056222885,3.098421898564058,,1.9651703256312727,2.2820030407019947,2.6940407679383784,2.9839420831241585,,,,2.706422780482804,,,,,2.8004034907428506,,3.0906460234110944,3.1757742897792403,"rgba(239, 83, 80, 0.5)"
2026-04-28 00:00:00+00:00,1.48,1.615,1.48,1.59,91079,0.0,0.0,0.0,0.0,0.0,0.0,0.0,0.0,,,3.387600803368887,3.0939697605913112,,1.9580095146149927,2.2735532574038,2.684173008887913,2.976939987855053,,,,2.696512654926482,,,,,2.790576466330257,,3.0862325028134614,3.16851455253922,"rgba(239, 83, 80, 0.5)"
2026-04-29 00:00:00+00:00,1.57,1.65,1.5,1.5,78827,0.0,0.0,0.0,0.0,0.0,0.0,0.0,0.0,,,3.382272084829565,3.0902548933894725,,1.9526685298809978,2.2668534280481105,2.676116705110781,2.971133789259861,,,,2.6884172585869655,,,,,2.782512995625434,,3.0825503651532142,3.162466018751702,"rgba(239, 83, 80, 0.5)"
2026-04-30 00:00:00+00:00,1.61,1.75,1.535,1.595,372382,0.0,0.0,0.0,0.0,0.0,0.0,0.0,0.0,,,3.3583147240053792,3.0736138354123046,,1.9329098916130492,2.2393843046579143,2.641518328874223,2.945460160543525,,,,2.6536208730543867,,,,,2.7475914635309344,,3.0660584344147352,3.135528249410897,"rgba(239, 83, 80, 0.5)"
2026-05-01 00:00:00+00:00,1.59,1.695,1.59,1.64,699278,0.0,0.0,0.0,0.0,0.0,0.0,0.0,0.0,,,3.314886757590595,3.0432290761476035,,1.9010069545361896,2.1932382072210217,2.5819883300920337,2.8995842261998757,,,,2.5937215673988123,,,,,2.6870725237752273,,3.0359416133634225,3.087209665748703,"rgba(239, 83, 80, 0.5)"
2026-05-04 00:00:00+00:00,1.62,1.79,1.51,1.76,663034,-1.0,1.79,1.51,1239.0,-1.0,1.79,1.51,1239.0,,,3.276021022931701,3.0158659799272174,1.6400000000000001,1.8776590789521674,2.156457870512233,2.532433881916167,2.859414675739423,,,,2.543817805827765,,,,,2.6361533096813567,,3.0088172875418273,3.044608015698935,"rgba(239, 83, 80, 0.5)"
2026-05-05 00:00:00+00:00,1.63,1.66,1.56,1.61,218466,0.0,0.0,0.0,0.0,0.0,0.0,0.0,0.0,,,3.263430009673672,3.006933278598509,1.634217197958026,1.8701867544243953,2.144886982413515,2.516830923758126,2.846491740758495,,,,2.5281038161894074,,,,,2.62007535342438,,2.9999609463918206,3.030890947021977,"rgba(239, 83, 80, 0.5)"
2026-05-06 00:00:00+00:00,1.51,1.605,1.5,1.6,124020,0.0,0.0,0.0,0.0,0.0,0.0,0.0,0.0,,,3.2560309568786456,3.001630011673096,1.6223909618903651,1.8648793749872923,2.137594674101789,2.507457267112172,2.8388147660607777,,,,2.5186714708210336,,,,,2.6104767060352145,,2.994701414003465,3.0227957389351188,"rgba(239, 83, 80, 0.5)"
2026-05-07 00:00:00+00:00,1.41,1.52,1.29,1.5,340505,0.0,0.0,0.0,0.0,0.0,0.0,0.0,0.0,,,3.2345064808999373,2.9859719559105713,1.5678190177250297,1.8456054756812308,2.114238687362906,2.479246767175378,2.8161052594891474,,,,2.4903179807377014,,,,,2.5818466312173016,,2.979165652864883,2.999082807258833,"rgba(239, 83, 80, 0.5)"
2026-05-08 00:00:00+00:00,1.4,1.48,1.28,1.4,190545,0.0,0.0,0.0,0.0,0.0,0.0,0.0,0.0,,,3.222549291869268,2.9772339319245034,1.545354909527931,1.8350512306517768,2.1014573423284637,2.463799579250343,2.8035327309757463,,,,2.4747922184158755,,,,,2.5661491461072288,,2.9704949422843123,2.9859514662310858,"rgba(239, 83, 80, 0.5)"
2026-05-11 00:00:00+00:00,1.34,1.4,1.26,1.4,146110,1.0,1.4,1.26,0.0,1.0,1.4,1.26,0.0,1.3333333333333335,,3.2132214930472847,2.9703755113802055,1.5269447112146497,1.8263571695403544,2.0912478724744594,2.4516753767999835,2.7936836308373416,,,,2.4626106270136052,,,,,2.553857065836606,1.3333333333333335,2.963688188361122,2.975695343299422,"rgba(239, 83, 80, 0.5)"
2026-05-12 00:00:00+00:00,1.32,1.3539,1.295,1.34,69732,0.0,0.0,0.0,0.0,0.0,0.0,0.0,0.0,1.3299841779326236,,3.208777760296146,2.9671018160955547,1.5188280143406154,1.8222281839424148,2.0864050558299256,2.445927435225995,2.788996411515418,,,,2.456835536862876,,,,,,1.3299841779326236,2.9604390017838247,2.9708146666726654,"rgba(239, 83, 80, 0.5)"
2026-05-13 00:00:00+00:00,1.34,1.47,1.29,1.29,226894,0.0,0.0,0.0,0.0,0.0,0.0,0.0,0.0,1.3487832740052763,,3.194793970028333,2.9568200724054434,1.5013852860211272,1.810385846236007,2.0719398023385316,2.4283356271268874,2.774398291472051,,,,2.4391518920644186,,,,,,1.3487832740052763,2.950235071241371,2.95554742197622,"rgba(239, 83, 80, 0.5)"
2026-05-14 00:00:00+00:00,1.57,1.58,1.34,1.34,239785,0.0,0.0,0.0,0.0,0.0,0.0,0.0,0.0,1.4007380406854395,,3.1812792169324218,2.946973443540449,1.5008754132209992,1.8019978059153972,2.059975242003532,2.4125585232051123,2.7606878952350398,,,,2.4232675325367086,,,,,,1.4007380406854395,2.940466139189429,2.941019995729825,"rgba(239, 83, 80, 0.5)"
2026-05-15 00:00:00+00:00,1.48,1.57,1.44,1.57,78492,0.0,0.0,0.0,0.0,0.0,0.0,0.0,0.0,1.410632260246102,,3.176901866327165,2.9437790037081357,1.5007316304133518,1.79934863866893,2.0561661128803874,2.4075094407849402,2.7562635874092476,,,,2.4181835757618546,,,,,,1.410632260246102,2.9372968089449585,2.9363271922896823,"rgba(239, 83, 80, 0.5)"
2026-05-18 00:00:00+00:00,1.43,1.46,1.32,1.45,99530,0.0,0.0,0.0,0.0,0.0,0.0,0.0,0.0,1.4097880697807472,,3.1710773577670954,2.9394885960595407,1.4966875772091957,1.7950391385636344,2.050615998703194,2.400538659431664,2.7502853699543217,,,,2.4111717892885327,,,,,,1.4097880697807472,2.9330388931326,2.930037312236823,"rgba(239, 83, 80, 0.5)"
2026-05-19 00:00:00+00:00,1.35005,1.47,1.345,1.44,60765,0.0,0.0,0.0,0.0,0.0,0.0,0.0,0.0,1.4083741188433547,,3.1675101709127427,2.9368555138027683,1.4940091965576268,1.7923550231396328,2.047196333444142,2.396267007589601,2.7466211437839663,,,,2.406875454581694,,,,,,1.4083741188433547,2.930425605479995,2.926185091069657,"rgba(239, 83, 80, 0.5)"
2026-05-20 00:00:00+00:00,1.39,1.42,1.35,1.35,37716,0.0,0.0,0.0,0.0,0.0,0.0,0.0,0.0,1.4075204193881836,,3.1653011503296273,2.9352239156211515,1.4923869251235042,1.790699909423259,2.0450861222723784,2.3936293411177965,2.7443539030616595,,,,2.404222507952894,,,,,,1.4075204193881836,2.928806250719317,2.923801131421949,"rgba(239, 83, 80, 0.5)"
2026-05-21 00:00:00+00:00,1.41,1.45,1.37,1.45,70112,0.0,0.0,0.0,0.0,0.0,0.0,0.0,0.0,1.4076893459011572,,3.1612629107147256,2.932245536062182,1.490135571268363,1.7878343890110309,2.041336725750306,2.388875283053423,2.740231341334472,,,,2.39943956222305,,,,,,1.4076893459011572,2.9258503789986414,2.91945601716369,"rgba(239, 83, 80, 0.5)"
2026-05-22 00:00:00+00:00,1.38,1.47,1.36,1.42,66474,0.0,0.0,0.0,0.0,0.0,0.0,0.0,0.0,1.4074250533340635,,3.15743682128874,2.9294201023667963,1.4879434370053213,1.785109872609496,2.0377854283607486,2.384379741506772,2.736326678175971,,,,2.3949168327580814,,,,,,1.4074250533340635,2.923046209850295,2.9153412440277764,"rgba(239, 83, 80, 0.5)"
2026-05-26 00:00:00+00:00,1.54,1.555,1.35,1.38,66442,0.0,0.0,0.0,0.0,0.0,0.0,0.0,0.0,1.4116699247107702,,3.1537992188792185,2.926750868597731,1.4877888984390304,1.7829758689007262,2.0347085314446636,2.3802826851218226,2.732674632020438,,,,2.3907910236327345,,,,,,1.4116699247107702,2.9203976333665875,2.911462630560315,"rgba(239, 83, 80, 0.5)"
2026-05-27 00:00:00+00:00,1.56,1.6477,1.465,1.54,58941,0.0,0.0,0.0,0.0,0.0,0.0,0.0,0.0,1.4187127987220238,,3.1507313538274606,2.9245151406598846,1.4892803499261245,1.781578332302122,2.03237807309283,2.3769835362611618,2.7296481172547966,,,,2.387465047773877,,,,,,1.4187127987220238,2.918179724983663,2.9082211383618795,#000000
2026-05-28 00:00:00+00:00,1.8,1.84,1.5362,1.57,163228,0.0,0.0,0.0,0.0,0.0,0.0,0.0,0.0,1.4548774996550407,,3.1431851648641835,2.9191171062174583,1.5024758638270705,1.7806300360498752,2.028281285740235,2.3698270004895217,2.722536037814557,,,,2.3802263500389813,,,,,,1.4548774996550407,2.912828094869221,2.9004302693789534,"rgba(38, 166, 154, 1.0)"
2026-05-29 00:00:00+00:00,1.72,1.8,1.7,1.76,85573,0.0,0.0,0.0,0.0,0.0,0.0,0.0,0.0,1.4714776407101946,,3.139301290521765,2.9163409106015727,,1.7802736356956006,2.026278351584492,2.366221192445493,2.7189016044440804,,,,2.3765775238173013,,,,,,1.4714776407101946,2.910075882345995,2.896436978993089,"rgba(38, 166, 154, 1.0)"
2026-06-01 00:00:00+00:00,1.8,1.8,1.68,1.73,44620,0.0,0.0,0.0,0.0,0.0,0.0,0.0,0.0,1.4799785312668796,,3.1373134763106036,2.9149230322399284,,1.7801813289395407,2.0253171635049463,2.364416884238633,2.717055661693149,,,,2.374750637883371,,,,,,1.4799785312668796,2.908670366225045,2.8944014774514772,"rgba(38, 166, 154, 1.0)"
2026-06-02 00:00:00+00:00,1.86,2.08,1.77,1.77,259778,0.0,0.0,0.0,0.0,0.0,0.0,0.0,0.0,1.5419663340363763,,3.127045878145072,2.907752672371429,,1.7833615247381123,2.0228063460756074,2.356563244479683,2.7080367767750677,,,,2.3667564520224005,,,,,,1.5419663340363763,2.901567809627461,2.884173328403349,"rgba(38, 166, 154, 1.0)"
2026-06-03 00:00:00+00:00,2.1,2.275,1.9,1.9,486855,0.0,0.0,0.0,0.0,0.0,0.0,0.0,0.0,1.6603293558765768,,3.1111480694697224,2.897053787831022,,1.7975934955756967,2.025363996318915,2.3483688260738362,2.695494199380447,,,,2.358283144409981,,,,,,1.6603293558765768,2.8909845411617185,2.869135885186063,"rgba(38, 166, 154, 1.0)"
2026-06-04 00:00:00+00:00,2.13,2.2,1.92,2.15,174155,0.0,0.0,0.0,0.0,0.0,0.0,0.0,0.0,1.6905807509123814,,3.105533581954107,2.8932555496504113,,1.8022352112500672,2.026124102970015,2.3454681263805757,2.6910703814504324,,,,2.355286679279419,,,,,,1.6905807509123814,2.8872268365908202,2.8638382380397887,"rgba(38, 166, 154, 1.0)"
2026-06-05 00:00:00+00:00,1.92,2.1,1.895,2.1,106679,0.0,0.0,0.0,0.0,0.0,0.0,0.0,0.0,1.7023775126045106,,3.101752208357246,2.89062802257855,,1.8039045505763227,2.0256901905344846,2.342978805582616,2.6878998714940283,,,,2.352742718286951,,,,,,1.7023775126045106,2.8846249240425634,2.860169039820041,"rgba(38, 166, 154, 1.0)"
2026-06-08 00:00:00+00:00,2.0,2.22,1.875,1.96,155365,0.0,0.0,0.0,0.0,0.0,0.0,0.0,0.0,1.7213450110903243,,3.0965799998757118,2.887076142598111,,1.8071265011583042,2.0257587478302086,2.3399884806598874,2.6837147284438627,,,,2.349671454600971,,,,,,1.7213450110903243,2.8811092057871632,2.8552361965456314,"rgba(38, 166, 154, 0.75)"
2026-06-09 00:00:00+00:00,1.89,2.18,1.8622,1.95,151258,0.0,0.0,0.0,0.0,0.0,0.0,0.0,0.0,1.7349417501198288,,3.091338159739279,2.8834286723119957,,1.8094396801698063,2.0252246443568356,2.3366291016707064,2.6793563256753363,,,,2.3462365999415464,,,,,,1.7349417501198288,2.8774972627594098,2.85017711042159,"rgba(38, 166, 154, 0.75)"
2026-06-10 00:00:00+00:00,1.93,2.14,1.89,1.89,122059,0.0,0.0,0.0,0.0,0.0,0.0,0.0,0.0,1.7452850054518283,,3.0871787653025895,2.8805364566651206,,1.81136148110174,2.024884030325771,2.3340320357589106,2.6759242087090023,,,,2.3435791698699746,,,,,,1.7452850054518283,2.8746333465427916,2.8461798487081507,"rgba(38, 166, 154, 0.75)"
2026-06-11 00:00:00+00:00,2.08,2.18,1.9211,2.0,143451,0.0,0.0,0.0,0.0,0.0,0.0,0.0,0.0,1.7597996413471484,,3.0826549577756666,2.8774394084501727,,1.8144949179712189,2.025248626685189,2.3316658771951615,2.672360483715062,,,,2.341140411668549,,,,,,1.7597996413471484,2.871568365393207,2.8419278634409952,"rgba(38, 166, 154, 0.75)"
2026-06-12 00:00:00+00:00,2.1,2.15,1.97,2.02,67073,0.0,0.0,0.0,0.0,0.0,0.0,0.0,0.0,1.7664104776187088,,3.0805800769123057,2.876022193954952,,1.8160089589675974,2.0254785410122063,2.330625729276804,2.6707433268047005,,,,2.340066478002414,,,,,,1.7664104776187088,2.87016596376932,2.839988244061714,"rgba(38, 166, 154, 0.75)"
2026-06-15 00:00:00+00:00,2.06,2.16,1.99,2.1,75771,0.0,0.0,0.0,0.0,0.0,0.0,0.0,0.0,1.7734735063722966,,3.078238641337546,2.8744205694795633,,1.8176762915947913,2.0257177316686357,2.329445632470171,2.6689167941847596,,,,2.3388485590018844,,,,,,1.7734735063722966,2.8685810125890705,2.8377993625159914,"rgba(38, 166, 154, 0.75)"
2026-06-16 00:00:00+00:00,2.17,2.18,1.99,2.09,463182,0.0,0.0,0.0,0.0,0.0,0.0,0.0,0.0,1.8157894369460181,,3.064763386084433,2.8652867320412283,,1.8290828269861763,2.0285036682738915,2.323624988423567,2.658779110966868,,,,2.33279846788349,,,,,,1.8157894369460181,2.8595456233230356,2.825425003122725,"rgba(38, 166, 154, 0.75)"
2026-06-17 00:00:00+00:00,2.02,2.3,2.01,2.08,255782,0.0,0.0,0.0,0.0,0.0,0.0,0.0,0.0,1.8347172879008833,,3.057456540852764,2.860314169062767,,1.8349429483950168,2.029909995565752,2.3204942264427593,2.6533045280573826,,,,2.329545875544251,2.11,,,,,1.8347172879008833,2.8546262012299763,2.818739872908325,"rgba(38, 166, 154, 0.75)"
