date,Close,High,Low,Open,Volume,OB_c0,OB_High_c0,OB_Low_c0,OB_Mitigated_Index_c0,OB,OB_High,OB_Low,OB_Mitigated_Index,aVWAP_OB_bull_c0_1138,aVWAP_OB_bull_c0_986,aVWAP_OB_bull_c0_160,aVWAP_OB_bear_c0_1246,aVWAP_OB_bear_c0_1225,aVWAP_OB_bear_c0_1172,aVWAP_OB_bear_c0_1142,aVWAP_OB_bear_c0_849,aVWAP_OB_bear_c0_700,aVWAP_OB_bear_c0_199,aVWAP_OB_bear_c0_163,aVWAP_OB_bear_c0_132,aVWAP_OB_bear_c0_98,aVWAP_OB_bear_c0_88,aVWAP_OB_bear_c0_53,aVWAP_OB_bear_c0_29,aVWAP_OB_bear_c0_9,aVWAP_QQEMOD_bull_dot_c0_926,aVWAP_QQEMOD_bull_dot_c0_1012,aVWAP_QQEMOD_bull_dot_c0_1043,aVWAP_QQEMOD_bull_dot_c0_1142,aVWAP_QQEMOD_bull_dot_c0_1220,aVWAP_QQEMOD_bear_dot_c0_956,aVWAP_QQEMOD_bear_dot_c0_1033,aVWAP_QQEMOD_bear_dot_c0_1095,aVWAP_QQEMOD_bear_dot_c0_1187,aVWAP_QQEMOD_bear_dot_c0_1253,aVWAP_price_maxima_minima_valley_c0_1,aVWAP_price_maxima_minima_peak_c0_1,color
2021-06-21 00:00:00+00:00,29.34,29.38,29.01,29.25,2484375,0.0,0.0,0.0,0.0,0.0,0.0,0.0,0.0,,,,,,,,,,,,,,,,,,,,,,,,,,,,,,#000000
2021-06-22 00:00:00+00:00,29.22,29.47,28.91,29.4,1315766,0.0,0.0,0.0,0.0,0.0,0.0,0.0,0.0,,,,,,,,,,,,,,,,,,,,,,,,,,,,,,"rgba(239, 83, 80, 0.5)"
2021-06-23 00:00:00+00:00,29.08,29.465,29.08,29.25,1401610,0.0,0.0,0.0,0.0,0.0,0.0,0.0,0.0,,,,,,,,,,,,,,,,,,,,,,,,,,,,,,"rgba(239, 83, 80, 0.5)"
2021-06-24 00:00:00+00:00,29.71,29.78,29.24,29.38,1552115,0.0,0.0,0.0,0.0,0.0,0.0,0.0,0.0,,,,,,,,,,,,,,,,,,,,,,,,,,,,,,"rgba(239, 83, 80, 0.5)"
2021-06-25 00:00:00+00:00,29.9,30.194,29.74,29.84,1022804,0.0,0.0,0.0,0.0,0.0,0.0,0.0,0.0,,,,,,,,,,,,,,,,,,,,,,,,,,,,,,"rgba(239, 83, 80, 0.5)"
2021-06-28 00:00:00+00:00,29.45,30.05,29.19,30.03,1883550,0.0,0.0,0.0,0.0,0.0,0.0,0.0,0.0,,,,,,,,,,,,,,,,,,,,,,,,,,,,,,"rgba(239, 83, 80, 0.5)"
2021-06-29 00:00:00+00:00,29.2,29.66,29.1063,29.48,1527031,0.0,0.0,0.0,0.0,0.0,0.0,0.0,0.0,,,,,,,,,,,,,,,,,,,,,,,,,,,,,,"rgba(239, 83, 80, 0.5)"
2021-06-30 00:00:00+00:00,29.32,29.52,29.08,29.1,2480044,0.0,0.0,0.0,0.0,0.0,0.0,0.0,0.0,,,,,,,,,,,,,,,,,,,,,,,,,,,,,,"rgba(239, 83, 80, 0.5)"
2021-07-01 00:00:00+00:00,30.06,30.265,29.4,29.53,1904207,0.0,0.0,0.0,0.0,0.0,0.0,0.0,0.0,,,,,,,,,,,,,,,,,,,,,,,,,,,,,,#000000
2021-07-02 00:00:00+00:00,29.89,30.3,29.7,30.11,962025,-1.0,30.3,29.7,0.0,0.0,0.0,0.0,0.0,,,,,,,,,,,,,,,,,29.963333333333335,,,,,,,,,,,,29.963333333333335,"rgba(38, 166, 154, 0.5)"
2021-07-06 00:00:00+00:00,29.67,29.86,29.26,29.85,1233571,0.0,0.0,0.0,0.0,0.0,0.0,0.0,0.0,,,,,,,,,,,,,,,,,29.757325776994797,,,,,,,,,,,,29.757325776994797,"rgba(38, 166, 154, 0.5)"
2021-07-07 00:00:00+00:00,29.04,29.71,28.65,29.67,1743880,0.0,0.0,0.0,0.0,0.0,0.0,0.0,0.0,,,,,,,,,,,,,,,,,29.481104283919993,,,,,,,,,,,,29.481104283919993,#000000
2021-07-08 00:00:00+00:00,28.75,28.88,28.17,28.5,1659189,0.0,0.0,0.0,0.0,0.0,0.0,0.0,0.0,,,,,,,,,,,,,,,,,29.219985153603584,,,,,,,,,,,,29.219985153603584,"rgba(239, 83, 80, 0.5)"
2021-07-09 00:00:00+00:00,29.28,29.46,28.88,28.99,1091172,0.0,0.0,0.0,0.0,0.0,0.0,0.0,0.0,,,,,,,,,,,,,,,,,29.217812789758554,,,,,,,,,,,,29.217812789758554,"rgba(239, 83, 80, 0.5)"
2021-07-12 00:00:00+00:00,29.6,29.88,29.22,29.27,978237,0.0,0.0,0.0,0.0,0.0,0.0,0.0,0.0,,,,,,,,,,,,,,,,,29.262317025109567,,,,,,,,,,,,29.262317025109567,#000000
2021-07-13 00:00:00+00:00,29.37,29.67,29.18,29.48,1048843,0.0,0.0,0.0,0.0,0.0,0.0,0.0,0.0,,,,,,,,,,,,,,,,,29.27968556390599,,,,,,,,,,,,29.27968556390599,#000000
2021-07-14 00:00:00+00:00,28.96,29.62,28.855,29.52,1334590,0.0,0.0,0.0,0.0,0.0,0.0,0.0,0.0,,,,,,,,,,,,,,,,,29.2618026726407,,,,,,,,,,,,29.2618026726407,"rgba(239, 83, 80, 0.5)"
2021-07-15 00:00:00+00:00,28.45,28.855,28.0,28.71,1911648,0.0,0.0,0.0,0.0,0.0,0.0,0.0,0.0,,,,,,,,,,,,,,,,,29.12968404042802,,,,,,,,,,,,29.12968404042802,"rgba(239, 83, 80, 0.5)"
2021-07-16 00:00:00+00:00,27.61,28.46,27.53,28.41,2051216,0.0,0.0,0.0,0.0,0.0,0.0,0.0,0.0,,,,,,,,,,,,,,,,,28.944822269226357,,,,,,,,,,,,28.944822269226357,"rgba(239, 83, 80, 0.5)"
2021-07-19 00:00:00+00:00,27.15,27.39,26.7153,27.11,3154945,0.0,0.0,0.0,0.0,0.0,0.0,0.0,0.0,,,,,,,,,,,,,,,,,28.60308929193802,,,,,,,,,,,,28.60308929193802,"rgba(239, 83, 80, 0.5)"
2021-07-20 00:00:00+00:00,28.38,28.495,27.22,27.31,1697501,0.0,0.0,0.0,0.0,0.0,0.0,0.0,0.0,,,,,,,,,,,,,,,,,28.551676778750405,,,,,,,,,,,,28.551676778750405,"rgba(239, 83, 80, 0.5)"
2021-07-21 00:00:00+00:00,29.03,29.085,28.5999,28.72,1217889,0.0,0.0,0.0,0.0,0.0,0.0,0.0,0.0,,,,,,,,,,,,,,,,,28.573099440765194,,,,,,,,,,,,28.573099440765194,"rgba(239, 83, 80, 0.5)"
2021-07-22 00:00:00+00:00,28.59,29.03,28.29,28.92,821763,0.0,0.0,0.0,0.0,0.0,0.0,0.0,0.0,,,,,,,,,,,,,,,,,28.57559805467549,,,,,,,,,,,,28.57559805467549,"rgba(239, 83, 80, 0.5)"
2021-07-23 00:00:00+00:00,28.6,28.82,28.28,28.81,1907337,0.0,0.0,0.0,0.0,0.0,0.0,0.0,0.0,,,,,,,,,,,,,,,,,28.574851350385522,,,,,,,,,,,,28.574851350385522,"rgba(239, 83, 80, 0.5)"
2021-07-26 00:00:00+00:00,28.63,28.97,28.4,28.51,643522,0.0,0.0,0.0,0.0,0.0,0.0,0.0,0.0,,,,,,,,,,,,,,,,,28.577370186970995,,,,,,,,,,,,28.577370186970995,"rgba(239, 83, 80, 0.5)"
2021-07-27 00:00:00+00:00,28.1,28.56,28.04,28.43,924232,0.0,0.0,0.0,0.0,0.0,0.0,0.0,0.0,,,,,,,,,,,,,,,,,28.564328779066365,,,,,,,,,,,,28.564328779066365,"rgba(239, 83, 80, 0.5)"
2021-07-28 00:00:00+00:00,29.54,29.82,28.22,28.38,1942372,0.0,0.0,0.0,0.0,0.0,0.0,0.0,0.0,,,,,,,,,,,,,,,,,28.610741329975575,,,,,,,,,,,,28.610741329975575,#000000
2021-07-29 00:00:00+00:00,29.59,29.93,29.43,29.7,1272866,0.0,0.0,0.0,0.0,0.0,0.0,0.0,0.0,,,,,,,,,,,,,,,,,28.658675768828928,,,,,,,,,,,,28.658675768828928,#000000
2021-07-30 00:00:00+00:00,29.25,29.64,29.1,29.59,1444782,0.0,0.0,0.0,0.0,0.0,0.0,0.0,0.0,,,,,,,,,,,,,,,,,28.692073303169682,,,,,,,,,,,,28.692073303169682,"rgba(38, 166, 154, 0.5)"
2021-08-02 00:00:00+00:00,29.65,30.01,29.47,29.59,2579758,-1.0,30.01,29.47,0.0,0.0,0.0,0.0,0.0,,,,,,,,,,,,,,,,29.709999999999997,28.775118636025663,,,,,,,,,,,,28.775118636025663,"rgba(38, 166, 154, 0.5)"
2021-08-03 00:00:00+00:00,26.44,28.59,26.095,28.47,12058825,0.0,0.0,0.0,0.0,0.0,0.0,0.0,0.0,,,,,,,,,,,,,,,,27.511907144405075,28.296562868172746,,,,,,,,,,,,28.296562868172746,#000000
2021-08-04 00:00:00+00:00,25.04,26.55,24.91,26.24,7619040,0.0,0.0,0.0,0.0,0.0,0.0,0.0,0.0,,,,,,,,,,,,,,,,26.82320822046751,27.881212860588363,,,,,,,,,,,,27.881212860588363,"rgba(239, 83, 80, 0.5)"
2021-08-05 00:00:00+00:00,25.93,26.02,24.96,25.29,3365776,0.0,0.0,0.0,0.0,0.0,0.0,0.0,0.0,,,,,,,,,,,,,,,,26.66734938672006,27.74301396527016,,,,,,,,,,,,27.74301396527016,"rgba(239, 83, 80, 0.5)"
2021-08-06 00:00:00+00:00,26.67,26.875,25.65,25.88,2796770,0.0,0.0,0.0,0.0,0.0,0.0,0.0,0.0,,,,,,,,,,,,,,,,26.64087607378408,27.67756586255087,,,,,,,,,,,,27.67756586255087,"rgba(239, 83, 80, 0.5)"
2021-08-09 00:00:00+00:00,27.49,27.549,26.51,27.05,5455008,0.0,0.0,0.0,0.0,0.0,0.0,0.0,0.0,,,,,,,,,,,,,,,,26.72817570190113,27.634686018366562,,,,,,,,,,,,27.634686018366562,"rgba(239, 83, 80, 0.5)"
2021-08-10 00:00:00+00:00,27.06,27.68,27.0,27.65,2298416,0.0,0.0,0.0,0.0,0.0,0.0,0.0,0.0,,,,,,,,,,,,,,,,26.761119842375994,27.621010828296043,,,,,,,,,,,,27.621010828296043,"rgba(239, 83, 80, 0.5)"
2021-08-11 00:00:00+00:00,26.86,27.14,26.495,26.96,2412669,0.0,0.0,0.0,0.0,0.0,0.0,0.0,0.0,,,,,,,,,,,,,,,,26.76553089768927,27.592850441497156,,,,,,,,,,,,27.592850441497156,"rgba(239, 83, 80, 0.5)"
2021-08-12 00:00:00+00:00,27.14,27.23,26.47,26.87,3023826,0.0,0.0,0.0,0.0,0.0,0.0,0.0,0.0,,,,,,,,,,,,,,,,26.778694125024042,27.565194373998356,,,,,,,,,,,,27.565194373998356,"rgba(239, 83, 80, 0.5)"
2021-08-13 00:00:00+00:00,27.56,27.62,27.12,27.36,2898448,0.0,0.0,0.0,0.0,0.0,0.0,0.0,0.0,,,,,,,,,,,,,,,,26.821324997089704,27.55999802094851,,,,,,,,,,,,27.55999802094851,"rgba(239, 83, 80, 0.5)"
2021-08-16 00:00:00+00:00,27.53,27.65,27.12,27.4,2855336,0.0,0.0,0.0,0.0,0.0,0.0,0.0,0.0,,,,,,,,,,,,,,,,26.85821998394332,27.555264455044384,,,,,,,,,,,,27.555264455044384,"rgba(239, 83, 80, 0.5)"
2021-08-17 00:00:00+00:00,27.59,27.635,26.72,27.32,2907675,0.0,0.0,0.0,0.0,0.0,0.0,0.0,0.0,,,,,,,,,,,,,,,,26.884639855867846,27.546456191195187,,,,,,,,,,,,27.546456191195187,#000000
2021-08-18 00:00:00+00:00,28.18,28.719,27.4,27.64,2279790,0.0,0.0,0.0,0.0,0.0,0.0,0.0,0.0,,,,,,,,,,,,,,,,26.937350331587822,27.56191346072601,,,,,,,,,,,,27.56191346072601,#000000
2021-08-19 00:00:00+00:00,27.9,28.015,27.32,27.84,2112904,0.0,0.0,0.0,0.0,0.0,0.0,0.0,0.0,,,,,,,,,,,,,,,,26.968567928023248,27.56653493479504,,,,,,,,,,,,27.56653493479504,#000000
2021-08-20 00:00:00+00:00,27.96,28.388,27.7,27.91,1804384,0.0,0.0,0.0,0.0,0.0,0.0,0.0,0.0,,,,,,,,,,,,,,,,27.00203730454449,27.576019271456552,,,,,,,,,,,,27.576019271456552,#000000
2021-08-23 00:00:00+00:00,28.23,28.43,27.94,28.26,2158865,0.0,0.0,0.0,0.0,0.0,0.0,0.0,0.0,,,,,,,,,,,,,,,,27.046150394402584,27.59138489761783,,,,,,,,,,,,27.59138489761783,"rgba(38, 166, 154, 0.5)"
2021-08-24 00:00:00+00:00,28.66,28.82,28.11,28.24,1733406,0.0,0.0,0.0,0.0,0.0,0.0,0.0,0.0,,,,,,,,,,,,,,,,27.088762648028514,27.609583510485773,,,,,,,,,,,,27.609583510485773,"rgba(38, 166, 154, 0.5)"
2021-08-25 00:00:00+00:00,28.85,28.87,28.35,28.6,1420163,0.0,0.0,0.0,0.0,0.0,0.0,0.0,0.0,,,,,,,,,,,,,,,,27.125570337606767,27.62647761904606,,,,,,,,,,,,27.62647761904606,"rgba(38, 166, 154, 0.5)"
2021-08-26 00:00:00+00:00,28.1,28.97,28.03,28.81,1708219,0.0,0.0,0.0,0.0,0.0,0.0,0.0,0.0,,,,,,,,,,,,,,,,27.158962815784427,27.640142303693615,,,,,,,,,,,,27.640142303693615,"rgba(38, 166, 154, 0.5)"
2021-08-27 00:00:00+00:00,28.95,28.99,27.92,28.03,1901670,0.0,0.0,0.0,0.0,0.0,0.0,0.0,0.0,,,,,,,,,,,,,,,,27.201452038942765,27.659874550884275,,,,,,,,,,,,27.659874550884275,"rgba(38, 166, 154, 0.5)"
2021-08-30 00:00:00+00:00,29.12,29.265,28.74,29.0,1657765,0.0,0.0,0.0,0.0,0.0,0.0,0.0,0.0,,,,,,,,,,,,,,,,27.246950949597903,27.683713447980985,,,,,,,,,,,,27.683713447980985,"rgba(38, 166, 154, 0.5)"
2021-08-31 00:00:00+00:00,29.13,29.4977,28.87,28.94,1425353,0.0,0.0,0.0,0.0,0.0,0.0,0.0,0.0,,,,,,,,,,,,,,,,27.286895704533848,27.705378064226053,,,,,,,,,,,,27.705378064226053,"rgba(38, 166, 154, 0.5)"
2021-09-01 00:00:00+00:00,28.85,29.27,28.6501,29.23,3071980,0.0,0.0,0.0,0.0,0.0,0.0,0.0,0.0,,,,,,,,,,,,,,,,27.357161028018712,27.742575846654336,,,,,,,,,,,,27.742575846654336,"rgba(38, 166, 154, 1.0)"
2021-09-02 00:00:00+00:00,29.44,29.53,28.75,28.85,1272440,0.0,0.0,0.0,0.0,0.0,0.0,0.0,0.0,,,,,,,,,,,,,,,,27.39006200897989,27.761281728797425,,,,,,,,,,,,27.761281728797425,"rgba(38, 166, 154, 1.0)"
2021-09-03 00:00:00+00:00,29.33,29.59,29.2001,29.39,1314658,-1.0,29.59,29.2001,0.0,0.0,0.0,0.0,0.0,,,,,,,,,,,,,,,29.373366666666666,27.425233420766567,27.78182300361827,,,,,,,,,,,,27.78182300361827,"rgba(38, 166, 154, 1.0)"
2021-09-07 00:00:00+00:00,29.23,29.39,28.84,29.1,1801391,0.0,0.0,0.0,0.0,0.0,0.0,0.0,0.0,,,,,,,,,,,,,,,29.246165179666086,27.46622904455749,27.805358132198293,,,,,,,,,,,,27.805358132198293,"rgba(38, 166, 154, 1.0)"
2021-09-08 00:00:00+00:00,28.5,29.255,28.404,29.14,2045861,0.0,0.0,0.0,0.0,0.0,0.0,0.0,0.0,,,,,,,,,,,,,,,29.037493820749813,27.49911370889038,27.82283630109919,,,,,,,,,,,,27.82283630109919,"rgba(38, 166, 154, 0.75)"
2021-09-09 00:00:00+00:00,28.62,28.745,28.125,28.24,1756404,0.0,0.0,0.0,0.0,0.0,0.0,0.0,0.0,,,,,,,,,,,,,,,28.900189995462284,27.521087327160117,27.833716389122237,,,,,,,,,,,,27.833716389122237,"rgba(38, 166, 154, 0.75)"
2021-09-10 00:00:00+00:00,28.45,29.02,28.33,28.81,1484763,0.0,0.0,0.0,0.0,0.0,0.0,0.0,0.0,,,,,,,,,,,,,,,28.84714859191064,27.540810286897592,27.844034882881644,,,,,,,,,,,,27.844034882881644,#000000
2021-09-13 00:00:00+00:00,29.19,29.31,28.5,28.69,3180117,0.0,0.0,0.0,0.0,0.0,0.0,0.0,0.0,,,,,,,,,,,,,,,28.889113300551355,27.595790164227786,27.876439666738833,,,,,,,,,,,,27.876439666738833,"rgba(38, 166, 154, 0.75)"
2021-09-14 00:00:00+00:00,28.66,29.34,28.595,29.24,2560456,0.0,0.0,0.0,0.0,0.0,0.0,0.0,0.0,,,,,,,,,,,,,,,28.884748016832052,27.633159944786787,27.89825935772753,,,,,,,,,,,,27.89825935772753,#000000
2021-09-15 00:00:00+00:00,28.16,28.66,28.105,28.59,1503949,0.0,0.0,0.0,0.0,0.0,0.0,0.0,0.0,,,,,,,,,,,,,,,28.82934665545813,27.6446380874279,27.903507784249648,,,,,,,,,,,,27.903507784249648,#000000
2021-09-16 00:00:00+00:00,27.55,28.12,27.285,28.06,1755763,0.0,0.0,0.0,0.0,0.0,0.0,0.0,0.0,,,,,,,,,,,,,,,28.710534729914066,27.644774867150815,27.89980024939554,,,,,,,,,,,,27.89980024939554,"rgba(239, 83, 80, 0.5)"
2021-09-17 00:00:00+00:00,27.27,27.59,27.0924,27.36,2658404,0.0,0.0,0.0,0.0,0.0,0.0,0.0,0.0,,,,,,,,,,,,,,,28.525937934616525,27.635406703190622,27.88710295064054,,,,,,,,,,,,27.88710295064054,"rgba(239, 83, 80, 1.0)"
2021-09-20 00:00:00+00:00,26.11,26.78,25.82,26.64,3425048,0.0,0.0,0.0,0.0,0.0,0.0,0.0,0.0,,,,,,,,,,,,,,,28.19209682795348,27.585661239912728,27.84200550989409,,,,,,,,,,,,27.84200550989409,"rgba(239, 83, 80, 1.0)"
2021-09-21 00:00:00+00:00,28.21,28.495,27.25,27.36,5065125,0.0,0.0,0.0,0.0,0.0,0.0,0.0,0.0,,,,,,,,,,,,,,,28.15535777073261,27.60561479872623,27.84755933115999,,,,,,,,,,,,27.84755933115999,"rgba(239, 83, 80, 0.75)"
2021-09-22 00:00:00+00:00,28.39,28.81,28.19,28.39,1769931,0.0,0.0,0.0,0.0,0.0,0.0,0.0,0.0,,,,,,,,,,,,,,,28.173334745618703,27.620333602136952,27.85580461435391,,,,,,,,,,,,27.85580461435391,"rgba(239, 83, 80, 0.75)"
2021-09-23 00:00:00+00:00,29.47,29.585,28.45,28.63,3245976,0.0,0.0,0.0,0.0,0.0,0.0,0.0,0.0,,,,,,,,,,,,,,,28.26955008025041,27.667564951136463,27.887263688470906,,,,,,,,,,,,27.887263688470906,#000000
2021-09-24 00:00:00+00:00,28.86,29.455,28.615,29.17,1945923,0.0,0.0,0.0,0.0,0.0,0.0,0.0,0.0,,,,,,,,,,,,,,,28.308295458956593,27.691079749546134,27.902695261095634,,,,,,,,,,,,27.902695261095634,#000000
2021-09-27 00:00:00+00:00,28.71,29.074,28.665,28.89,1021286,0.0,0.0,0.0,0.0,0.0,0.0,0.0,0.0,,,,,,,,,,,,,,,28.322496942123124,27.70158883522422,27.90943744799862,,,,,,,,,,,,27.90943744799862,#000000
2021-09-28 00:00:00+00:00,28.31,28.78,28.06,28.49,1172243,0.0,0.0,0.0,0.0,0.0,0.0,0.0,0.0,,,,,,,,,,,,,,,28.324388221464897,27.708819457679674,27.91341775627694,,,,,,,,,,,,27.91341775627694,#000000
2021-09-29 00:00:00+00:00,28.14,28.47,27.87,28.47,860960,0.0,0.0,0.0,0.0,0.0,0.0,0.0,0.0,,,,,,,,,,,,,,,28.320718579886776,27.712306842136446,27.914929541382026,,,,,,,,,,,,27.914929541382026,#000000
2021-09-30 00:00:00+00:00,27.85,28.2,27.565,28.03,1299765,0.0,0.0,0.0,0.0,0.0,0.0,0.0,0.0,,,,,,,,,,,,,,,28.30607872779312,27.714144953230388,27.914532784671685,,,,,,,,,,,,27.914532784671685,#000000
2021-10-01 00:00:00+00:00,28.6,28.62,27.64,27.94,1592905,0.0,0.0,0.0,0.0,0.0,0.0,0.0,0.0,,,,,,,,,,,,,,,28.305332927573005,27.722125154283408,27.91866877274123,,,,,,,,,,,,27.91866877274123,#000000
2021-10-04 00:00:00+00:00,27.99,28.59,27.83,28.59,1245392,0.0,0.0,0.0,0.0,0.0,0.0,0.0,0.0,,,,,,,,,,,,,,,28.300414320397234,27.726594035912086,27.920546753097685,,,,,,,,,,,,27.920546753097685,#000000
2021-10-05 00:00:00+00:00,28.11,28.55,28.0,28.0,1092678,0.0,0.0,0.0,0.0,0.0,0.0,0.0,0.0,,,,,,,,,,,,,,,28.298408179553945,27.7312171320683,27.922793135615414,,,,,,,,,,,,27.922793135615414,#000000
2021-10-06 00:00:00+00:00,27.59,27.82,27.32,27.51,1664444,0.0,0.0,0.0,0.0,0.0,0.0,0.0,0.0,,,,,,,,,,,,,,,28.27198478797096,27.729042323125086,27.918882638694022,,,,,,,,,,,,27.918882638694022,"rgba(239, 83, 80, 0.5)"
2021-10-07 00:00:00+00:00,27.93,28.38,27.75,27.93,1264552,0.0,0.0,0.0,0.0,0.0,0.0,0.0,0.0,,,,,,,,,,,,,,,28.265165580889263,27.732120047473032,27.919743193448383,,,,,,,,,,,,27.919743193448383,"rgba(239, 83, 80, 0.5)"
2021-10-08 00:00:00+00:00,27.85,28.14,27.81,27.93,768598,0.0,0.0,0.0,0.0,0.0,0.0,0.0,0.0,,,,,,,,,,,,,,,28.259795814531987,27.733405440223937,27.919813129094205,,,,,,,,,,,,27.919813129094205,"rgba(239, 83, 80, 0.5)"
2021-10-11 00:00:00+00:00,27.78,28.18,27.66,27.85,768542,0.0,0.0,0.0,0.0,0.0,0.0,0.0,0.0,,,,,,,,,,,,,,,28.25364204215822,27.734293590601553,27.919575183198422,,,,,,,,,,,,27.919575183198422,"rgba(239, 83, 80, 1.0)"
2021-10-12 00:00:00+00:00,27.86,28.035,27.63,27.76,831963,0.0,0.0,0.0,0.0,0.0,0.0,0.0,0.0,,,,,,,,,,,,,,,28.246661012927103,27.735026314214764,27.91914580971358,,,,,,,,,,,,27.91914580971358,"rgba(239, 83, 80, 1.0)"
2021-10-13 00:00:00+00:00,27.89,28.135,27.62,28.0,753562,0.0,0.0,0.0,0.0,0.0,0.0,0.0,0.0,,,,,,,,,,,,,,,28.241143616064672,27.735927132405635,27.918959647146675,,,,,,,,,,,,27.918959647146675,"rgba(239, 83, 80, 0.5)"
2021-10-14 00:00:00+00:00,28.43,28.55,28.09,28.18,1248451,0.0,0.0,0.0,0.0,0.0,0.0,0.0,0.0,,,,,,,,,,,,,,,28.243966069685627,27.742180989140294,27.922532206704833,,,,,,,,,,,,27.922532206704833,#000000
2021-10-15 00:00:00+00:00,28.49,28.8,28.48,28.66,774304,0.0,0.0,0.0,0.0,0.0,0.0,0.0,0.0,,,,,,,,,,,,,,,28.24913124844903,27.747445722867063,27.925894018212773,,,,,,,,,,,,27.925894018212773,#000000
2021-10-18 00:00:00+00:00,28.07,28.28,27.765,28.23,1000680,0.0,0.0,0.0,0.0,0.0,0.0,0.0,0.0,,,,,,,,,,,,,,,28.24514174732022,27.749761574877116,27.926621173573004,,,,,,,,,,,,27.926621173573004,#000000
2021-10-19 00:00:00+00:00,28.48,28.61,28.0336,28.13,843225,0.0,0.0,0.0,0.0,0.0,0.0,0.0,0.0,,,,,,,,,,,,,,,28.247172865442767,27.753925006453056,27.929048844734297,,,,,,,,,,,,27.929048844734297,#000000
2021-10-20 00:00:00+00:00,28.7,28.93,28.48,28.5,776101,0.0,0.0,0.0,0.0,0.0,0.0,0.0,0.0,,,,,,,,,,,,,,,28.25366955064422,27.759712656446297,27.932892206217684,,,,,,,,,,,,27.932892206217684,"rgba(38, 166, 154, 1.0)"
2021-10-21 00:00:00+00:00,28.59,28.85,28.43,28.65,1045700,0.0,0.0,0.0,0.0,0.0,0.0,0.0,0.0,,,,,,,,,,,,,,,28.260629643234054,27.766748376182456,27.93747923303131,,,,,,,,,,,,27.93747923303131,"rgba(38, 166, 154, 1.0)"
2021-10-22 00:00:00+00:00,28.72,28.814,28.42,28.79,1157928,0.0,0.0,0.0,0.0,0.0,0.0,0.0,0.0,,,,,,,,,,,,,,,28.26860901356158,27.774656969527438,27.94269244377791,,,,,,,,,,,,27.94269244377791,"rgba(38, 166, 154, 1.0)"
2021-10-25 00:00:00+00:00,29.01,29.31,28.74,28.75,1368562,-1.0,29.31,28.74,0.0,0.0,0.0,0.0,0.0,,,,,,,,,,,,,,29.020000000000003,28.28631872420067,27.787678636793025,27.951911489903804,,,,,,,,,,,,27.951911489903804,"rgba(38, 166, 154, 1.0)"
2021-10-26 00:00:00+00:00,28.53,29.23,28.52,28.89,1058920,0.0,0.0,0.0,0.0,0.0,0.0,0.0,0.0,,,,,,,,,,,,,,28.90658239278396,28.294802353187983,27.7954820853509,27.957226912039662,,,,,,,,,,,,27.957226912039662,"rgba(38, 166, 154, 1.0)"
2021-10-27 00:00:00+00:00,27.76,28.56,27.75,28.5,1546721,0.0,0.0,0.0,0.0,0.0,0.0,0.0,0.0,,,,,,,,,,,,,,28.562830483663433,28.287881664609163,27.79812215580164,27.957856010430895,,,,,,,,,,,,27.957856010430895,#000000
2021-10-28 00:00:00+00:00,27.6,27.98,27.415,27.85,2590956,0.0,0.0,0.0,0.0,0.0,0.0,0.0,0.0,,,,,,,,,,,,,,28.208499495087118,28.26237103096641,27.79558752990649,27.953260767017778,,,,,,,,,,,,27.953260767017778,"rgba(239, 83, 80, 0.5)"
2021-10-29 00:00:00+00:00,28.08,28.205,27.425,27.5,3105461,0.0,0.0,0.0,0.0,0.0,0.0,0.0,0.0,,,,,,,,,,,,,,28.11050354303378,28.245571019739117,27.797991507463454,27.952339113409003,,,,,,,,,,,,27.952339113409003,"rgba(239, 83, 80, 0.5)"
2021-11-01 00:00:00+00:00,28.53,29.12,28.18,28.25,4310983,0.0,0.0,0.0,0.0,0.0,0.0,0.0,0.0,,,,,,,,,,,,,,28.264514548391432,28.267799049227282,27.82238610431998,27.968771163856317,,,,,,,,,,,,27.968771163856317,#000000
2021-11-02 00:00:00+00:00,25.87,28.0,25.66,27.21,10085779,0.0,0.0,0.0,0.0,0.0,0.0,0.0,0.0,,,,,,,,,,,,,,27.529260253289422,28.048286910815403,27.736201803646573,27.88820780082189,,,,,,,,,,,,27.88820780082189,"rgba(239, 83, 80, 1.0)"
2021-11-03 00:00:00+00:00,27.25,27.275,25.85,25.98,3464827,0.0,0.0,0.0,0.0,0.0,0.0,0.0,0.0,,,,,,,,,,,,,,27.43643681968998,27.99659499394769,27.715363230722566,27.86779112528682,,,,,,,,,,,,27.86779112528682,"rgba(239, 83, 80, 1.0)"
2021-11-04 00:00:00+00:00,27.07,27.53,26.43,27.35,4566492,0.0,0.0,0.0,0.0,0.0,0.0,0.0,0.0,,,,,,,,,,,,,,27.375770180076753,27.945857450790054,27.69543283566678,27.847245744537258,,,,,,,,,,,,27.847245744537258,"rgba(239, 83, 80, 1.0)"
2021-11-05 00:00:00+00:00,27.98,28.02,27.04,27.15,3428243,0.0,0.0,0.0,0.0,0.0,0.0,0.0,0.0,,,,,,,,,,,,,,27.40512744059832,27.935974730199636,27.695112266613975,27.844291565513497,,,,,,,,,,,,27.844291565513497,"rgba(239, 83, 80, 1.0)"
2021-11-08 00:00:00+00:00,28.24,28.47,27.84,28.0,2877182,-1.0,28.47,27.84,0.0,0.0,0.0,0.0,0.0,,,,,,,,,,,,,28.18333333333333,27.46342950915395,27.943458294182573,27.70347758170088,27.84924423981439,,,,,,,,,,,,27.84924423981439,#000000
2021-11-09 00:00:00+00:00,27.54,28.2,27.38,28.2,1442350,0.0,0.0,0.0,0.0,0.0,0.0,0.0,0.0,,,,,,,,,,,,,28.02416790368339,27.472234130022773,27.939920652404055,27.703504741137053,27.84820773254842,,,,,,,,,,,,27.84820773254842,#000000
2021-11-10 00:00:00+00:00,27.02,27.84,27.02,27.36,1633075,0.0,0.0,0.0,0.0,0.0,0.0,0.0,0.0,,,,,,,,,,,,,27.82366623005125,27.465190697499754,27.92916528303043,27.699587431631933,27.84367780544981,,,,,,,,,,,,27.84367780544981,"rgba(239, 83, 80, 0.75)"
2021-11-11 00:00:00+00:00,26.79,27.33,26.78,27.08,1578568,0.0,0.0,0.0,0.0,0.0,0.0,0.0,0.0,,,,,,,,,,,,,27.644035284445433,27.446914142448563,27.913934297393002,27.692883249122048,27.83681115307079,,,,,,,,,,,,27.83681115307079,"rgba(239, 83, 80, 1.0)"
2021-11-12 00:00:00+00:00,26.44,26.94,26.44,26.92,1207462,0.0,0.0,0.0,0.0,0.0,0.0,0.0,0.0,,,,,,,,,,,,,27.50069677685433,27.423994147394108,27.898300037433984,27.68533602371102,27.829487748153788,,,,,,,,,,,,27.829487748153788,"rgba(239, 83, 80, 1.0)"
2021-11-15 00:00:00+00:00,26.84,27.021,26.46,26.59,1943306,0.0,0.0,0.0,0.0,0.0,0.0,0.0,0.0,,,,,,,,,,,,,27.368432265116315,27.39664474823497,27.877062129462857,27.67525402986248,27.819467610862635,,,,,,,,,,,,27.819467610862635,"rgba(239, 83, 80, 1.0)"
2021-11-16 00:00:00+00:00,26.57,26.92,26.44,26.85,2282646,0.0,0.0,0.0,0.0,0.0,0.0,0.0,0.0,,,,,,,,,,,,,27.24076572850349,27.36118405681943,27.85028958367132,27.66202135494711,27.806501101576224,,,,,,,,,,,,27.806501101576224,"rgba(239, 83, 80, 1.0)"
2021-11-17 00:00:00+00:00,26.15,26.52,26.1184,26.32,1622185,0.0,0.0,0.0,0.0,0.0,0.0,0.0,0.0,,,,,,,,,,,,,27.13200683943779,27.32562927836113,27.826179637766728,27.6493853512428,27.794500532318608,,,,,,,,,,,,27.794500532318608,"rgba(239, 83, 80, 1.0)"
2021-11-18 00:00:00+00:00,26.18,26.53,25.77,26.2,1515448,0.0,0.0,0.0,0.0,0.0,0.0,0.0,0.0,,,,,,,,,,,,,27.04052717776052,27.291415079382325,27.802870334261534,27.636925223776913,27.78271574521119,,,,,,,,,,,,27.78271574521119,"rgba(239, 83, 80, 1.0)"
2021-11-19 00:00:00+00:00,26.01,26.24,25.75,26.18,2413532,0.0,0.0,0.0,0.0,0.0,0.0,0.0,0.0,,,,,,,,,,,,,26.90489426535551,27.23374083781556,27.763577438975403,27.615401964557503,27.76247752647762,,,,,,,,,,,,27.76247752647762,"rgba(239, 83, 80, 1.0)"
2021-11-22 00:00:00+00:00,25.54,26.07,25.535,26.03,2086973,0.0,0.0,0.0,0.0,0.0,0.0,0.0,0.0,,,,,,,,,,,,,26.78436278403016,27.177272109849586,27.725684590176435,27.59403816154854,27.742573971091733,,,,,,,,,,,,27.742573971091733,"rgba(239, 83, 80, 1.0)"
2021-11-23 00:00:00+00:00,26.03,26.05,25.555,25.59,5918342,0.0,0.0,0.0,0.0,0.0,0.0,0.0,0.0,,,,,,,,,,,,,26.582176659809605,27.053375089706737,27.63361123200849,27.541031584339834,27.692560565625627,,,,,,,,,,,,27.692560565625627,"rgba(239, 83, 80, 1.0)"
2021-11-24 00:00:00+00:00,26.11,26.23,25.8,25.92,1280183,0.0,0.0,0.0,0.0,0.0,0.0,0.0,0.0,,,,,,,,,,,,,26.55751767000757,27.03302442301267,27.616684963943644,27.53111132111218,27.683064464287277,,,,,,,,,,,,27.683064464287277,"rgba(239, 83, 80, 0.75)"
2021-11-26 00:00:00+00:00,25.25,25.51,24.7455,25.39,2402463,0.0,0.0,0.0,0.0,0.0,0.0,0.0,0.0,,,,,,,,,,,,,26.4470324678217,26.964875845057833,27.568642948478704,27.502039889832837,27.656129656358335,,,,,,,,,,,,27.656129656358335,"rgba(239, 83, 80, 0.75)"
2021-11-29 00:00:00+00:00,24.95,25.57,24.66,25.51,3104454,0.0,0.0,0.0,0.0,0.0,0.0,0.0,0.0,,,,,,,,,,,,,26.317755517988193,26.878966210004382,27.506603335889093,27.463818686026272,27.62068620605869,,,,,,,,,,,,27.62068620605869,"rgba(239, 83, 80, 1.0)"
2021-11-30 00:00:00+00:00,23.84,24.79,23.71,24.68,3517825,0.0,0.0,0.0,0.0,0.0,0.0,0.0,0.0,,,,,,,,,,,,,26.107176776468457,26.74450017803239,27.414104836534428,27.405432049326325,27.567253046641724,,,,,,,,,,,,27.567253046641724,"rgba(239, 83, 80, 1.0)"
2021-12-01 00:00:00+00:00,23.0,24.47,22.99,24.29,3324200,0.0,0.0,0.0,0.0,0.0,0.0,0.0,0.0,,,,,,,,,,,,,25.89021394667483,26.60139632335858,27.31547843240852,27.34194654685654,27.50934227941408,,,,,,,,,,,,27.50934227941408,"rgba(239, 83, 80, 1.0)"
2021-12-02 00:00:00+00:00,23.46,23.59,23.015,23.2,3404089,0.0,0.0,0.0,0.0,0.0,0.0,0.0,0.0,,,,,,,,,,,,,25.6920682463192,26.461653650752027,27.216185514844945,27.276883595645415,27.4498327289094,,,,,,,,,,,,27.4498327289094,"rgba(239, 83, 80, 1.0)"
2021-12-03 00:00:00+00:00,23.73,24.29,23.17,23.89,2997671,0.0,0.0,0.0,0.0,0.0,0.0,0.0,0.0,,,,,,,,,,,,,25.565722635090676,26.36188867911579,27.14088113018976,27.22663468316438,27.403493718369685,,,,,,,,,,,,27.403493718369685,"rgba(239, 83, 80, 1.0)"
2021-12-06 00:00:00+00:00,24.34,24.86,23.65,23.91,2732662,0.0,0.0,0.0,0.0,0.0,0.0,0.0,0.0,,,,,,,,,,,,,25.49461857060697,26.2949168039573,27.08569924134203,27.18910770697521,27.368459037948597,,,,,,,,,,,,27.368459037948597,"rgba(239, 83, 80, 0.75)"
2021-12-07 00:00:00+00:00,25.19,25.51,24.68,24.68,2333482,0.0,0.0,0.0,0.0,0.0,0.0,0.0,0.0,,,,,,,,,,,,,25.477984692607237,26.263634580616756,27.053918785076284,27.166894763889424,27.347168292147717,,,,,,,,,,,,27.347168292147717,"rgba(239, 83, 80, 0.75)"
2021-12-08 00:00:00+00:00,25.4,25.48,24.945,25.19,1130037,0.0,0.0,0.0,0.0,0.0,0.0,0.0,0.0,,,,,,,,,,,,,25.473636098802356,26.250978758971147,27.040052367519127,27.157078403790834,27.33768157644871,,,,,,,,,,,,27.33768157644871,"rgba(239, 83, 80, 0.75)"
2021-12-09 00:00:00+00:00,24.76,25.36,24.61,25.285,1725768,0.0,0.0,0.0,0.0,0.0,0.0,0.0,0.0,,,,,,,,,,,,,25.455779747606854,26.22526546506279,27.01499422872178,27.139412587758848,27.320825889501613,,,,,,,,,,,,27.320825889501613,"rgba(239, 83, 80, 0.75)"
2021-12-10 00:00:00+00:00,24.38,24.94,24.185,24.91,1466804,0.0,0.0,0.0,0.0,0.0,0.0,0.0,0.0,,,,,,,,,,,,,25.430762243205713,26.197625292999305,26.990112735719638,27.12190421368033,27.304286911753984,,,,,,,,,,,,27.304286911753984,"rgba(239, 83, 80, 0.75)"
2021-12-13 00:00:00+00:00,24.11,24.49,23.94,24.3,2589712,0.0,0.0,0.0,0.0,0.0,0.0,0.0,0.0,,,,,,,,,,,,,25.375421549499478,26.142073358880292,26.941839636280804,27.087827253783807,27.272257855450878,,,,,,,,,,,,27.272257855450878,"rgba(239, 83, 80, 0.75)"
2021-12-14 00:00:00+00:00,24.49,25.17,24.04,24.13,5017655,0.0,0.0,0.0,0.0,0.0,0.0,0.0,0.0,,,,,,,,,,,,,25.311563548364454,26.062286875609413,26.86533170496243,27.03248675998356,27.219563639667424,,,,,,,,,,,,27.219563639667424,"rgba(239, 83, 80, 0.75)"
2021-12-15 00:00:00+00:00,25.06,25.185,24.44,24.63,5632808,0.0,0.0,0.0,0.0,0.0,0.0,0.0,0.0,,,,,,,,,,,,,25.277646338581906,25.999492115156382,26.796569839751555,26.98108261087764,27.169827352465536,,,,,,,,,,,,27.169827352465536,"rgba(239, 83, 80, 0.5)"
2021-12-16 00:00:00+00:00,24.72,25.41,24.68,25.33,3136125,0.0,0.0,0.0,0.0,0.0,0.0,0.0,0.0,,,,,,,,,,,,,25.262859293072886,25.96858492538136,26.761120384149972,26.954070654928042,27.1435381517983,,,,,,,,,,,,27.1435381517983,"rgba(239, 83, 80, 0.5)"
2021-12-17 00:00:00+00:00,24.85,25.005,24.09,24.47,1843541,0.0,0.0,0.0,0.0,0.0,0.0,0.0,0.0,,,,,,,,,,,,,25.24758292534238,25.94639517615949,26.737710699858095,26.9363003057871,27.12638957813327,,,,,,,,,,,,27.12638957813327,#000000
2021-12-20 00:00:00+00:00,25.7,25.82,24.2499,24.52,7583556,0.0,0.0,0.0,0.0,0.0,0.0,0.0,0.0,,,,,,,,,,,,,25.24842254890498,25.901790410951495,26.673148096670364,26.88468547144836,27.07498293029145,,,,,,,,,,,,27.07498293029145,#000000
2021-12-21 00:00:00+00:00,26.84,26.945,26.07,26.32,5696184,0.0,0.0,0.0,0.0,0.0,0.0,0.0,0.0,,,,,,,,,,,,,25.33766360780552,25.934982670900755,26.67141021656484,26.878676384921256,27.06574337369623,,,,,,,,,,,,27.06574337369623,"rgba(38, 166, 154, 1.0)"
2021-12-22 00:00:00+00:00,27.6,27.805,26.66,26.8,3282574,0.0,0.0,0.0,0.0,0.0,0.0,0.0,0.0,,,,,,,,,,,,,25.41065574941445,25.971904010518898,26.683675713350976,26.88478967421387,27.069077233283746,,,,,,,,,,,,27.069077233283746,"rgba(38, 166, 154, 1.0)"
2021-12-23 00:00:00+00:00,27.99,28.1894,27.55,27.71,5398808,0.0,0.0,0.0,0.0,0.0,0.0,0.0,0.0,,,,,,,,,,,,,25.551023680737483,26.051375628588332,26.71882178221958,26.905978776888627,27.084717520021055,,,,,,,,,,,,27.084717520021055,"rgba(38, 166, 154, 1.0)"
2021-12-27 00:00:00+00:00,28.15,28.225,27.7101,27.98,2051192,0.0,0.0,0.0,0.0,0.0,0.0,0.0,0.0,,,,,,,,,,,,,25.602784483167735,26.08170617522636,26.732929830405183,26.914725353210546,27.091340478958713,,,,,,,,,,,,27.091340478958713,"rgba(38, 166, 154, 1.0)"
2021-12-28 00:00:00+00:00,28.18,28.35,27.87,28.0,2058189,-1.0,28.35,27.87,0.0,0.0,0.0,0.0,0.0,,,,,,,,,,,,28.13333333333334,25.654747899248978,26.11281032087109,26.747906289532253,26.924180218720327,27.098627288794063,,,,,,,,,,,,27.098627288794063,"rgba(38, 166, 154, 1.0)"
2021-12-29 00:00:00+00:00,27.93,28.3,27.9,28.17,1569654,0.0,0.0,0.0,0.0,0.0,0.0,0.0,0.0,,,,,,,,,,,,28.094393153176696,25.69157723830859,26.134876184451148,26.75838625560075,26.930763422919945,27.103638907529007,,,,,,,,,,,,27.103638907529007,"rgba(38, 166, 154, 1.0)"
2021-12-30 00:00:00+00:00,27.53,28.16,27.52,27.91,1461074,0.0,0.0,0.0,0.0,0.0,0.0,0.0,0.0,,,,,,,,,,,,27.991686650289903,25.720513665904406,26.151738753516014,26.765697990188933,26.935152038624818,27.106749428293263,,,,,,,,,,,,27.106749428293263,"rgba(38, 166, 154, 1.0)"
2021-12-31 00:00:00+00:00,27.61,27.945,27.41,27.5,1374148,0.0,0.0,0.0,0.0,0.0,0.0,0.0,0.0,,,,,,,,,,,,27.92010183919446,25.745918616223477,26.166476632532017,26.77190561530828,26.938820028415943,27.10927144712173,,,,,,,,,,,,27.10927144712173,"rgba(38, 166, 154, 1.0)"
2022-01-03 00:00:00+00:00,27.79,27.95,27.307,27.94,1833814,0.0,0.0,0.0,0.0,0.0,0.0,0.0,0.0,,,,,,,,,,,,27.867549160674354,25.77927104466643,26.18605314053235,26.780308271346268,26.943841773340594,27.112767955611385,,,,,,,,,,,,27.112767955611385,"rgba(38, 166, 154, 1.0)"
2022-01-04 00:00:00+00:00,27.62,28.03,27.27,27.89,2737846,0.0,0.0,0.0,0.0,0.0,0.0,0.0,0.0,,,,,,,,,,,,27.811091518154434,25.825919720526688,26.213556477613714,26.79199315001431,26.95079154021203,27.1175273354611,,,,,,,,,,,,27.1175273354611,"rgba(38, 166, 154, 0.75)"
2022-01-05 00:00:00+00:00,27.01,28.08,26.77,27.64,8981434,0.0,0.0,0.0,0.0,0.0,0.0,0.0,0.0,,,,,,,,,,,,27.575777280712714,25.93692497445343,26.276256980698783,26.813108182197997,26.961442333966062,27.1223920319149,,,,,,,,,,,,27.1223920319149,"rgba(38, 166, 154, 0.75)"
2022-01-06 00:00:00+00:00,26.72,27.43,26.26,27.35,3991558,0.0,0.0,0.0,0.0,0.0,0.0,0.0,0.0,,,,,,,,,,,,27.447349624817164,25.965229957491314,26.28959721832314,26.812926204379135,26.959245082627888,27.118365210222553,,,,,,,,,,,,27.118365210222553,"rgba(38, 166, 154, 0.75)"
2022-01-07 00:00:00+00:00,27.02,27.23,26.58,26.74,3272737,0.0,0.0,0.0,0.0,0.0,0.0,0.0,0.0,,,,,,,,,,,,27.386884620615184,25.99074602362657,26.30288770730502,26.814886850805323,26.95906582023674,27.11657251444959,,,,,,,,,,,,27.11657251444959,"rgba(38, 166, 154, 0.75)"
2022-01-10 00:00:00+00:00,26.38,27.04,25.9017,26.99,3583600,0.0,0.0,0.0,0.0,0.0,0.0,0.0,0.0,,,,,,,,,,,,27.27700841900635,26.003238396401493,26.305885852333752,26.808824262415875,26.952747480344033,27.10907521544691,,,,,,,,,,,,27.10907521544691,#000000
2022-01-11 00:00:00+00:00,27.76,27.9,25.92,26.51,12414286,0.0,0.0,0.0,0.0,0.0,0.0,0.0,0.0,,,,,,,,,,,,27.25300642529265,26.10768557468863,26.36813662785667,26.829251786169053,26.96249222152944,27.112192635575166,,,,,,,,,,,,27.112192635575166,"rgba(38, 166, 154, 0.75)"
2022-01-12 00:00:00+00:00,27.34,27.8,26.79,27.75,5064479,0.0,0.0,0.0,0.0,0.0,0.0,0.0,0.0,,,,,,,,,,,,27.25897717272135,26.149244922581136,26.39433954197686,26.83945008795375,26.96814107326245,27.115133892212988,,,,,,,,,,,,27.115133892212988,"rgba(38, 166, 154, 0.75)"
2022-01-13 00:00:00+00:00,26.75,27.63,26.72,27.32,3234541,0.0,0.0,0.0,0.0,0.0,0.0,0.0,0.0,,,,,,,,,,,,27.244826501770024,26.168340855622244,26.4054949998323,26.842041782729932,26.968810933262642,27.114364372485287,,,,,,,,,,,,27.114364372485287,#000000
2022-01-14 00:00:00+00:00,27.08,27.5,26.43,26.84,4557728,0.0,0.0,0.0,0.0,0.0,0.0,0.0,0.0,,,,,,,,,,,,27.225219154301495,26.19300367173414,26.419848443789082,26.84502363980851,26.96930363249093,27.11291184411382,,,,,,,,,,,,27.11291184411382,#000000
2022-01-18 00:00:00+00:00,26.6,27.2277,26.235,26.62,5965655,0.0,0.0,0.0,0.0,0.0,0.0,0.0,0.0,,,,,,,,,,,,27.17357002586641,26.211412143943484,26.428005287899364,26.84130346983355,26.96413713250312,27.105751105545107,,,,,,,,,,,,27.105751105545107,#000000
2022-01-19 00:00:00+00:00,25.58,26.88,25.555,26.66,4469709,0.0,0.0,0.0,0.0,0.0,0.0,0.0,0.0,,,,,,,,,,,,27.095109270308598,26.205811903210837,26.41856449244,26.826756743232284,26.951137591657577,27.092039673510833,,,,,,,,,,,,27.092039673510833,"rgba(239, 83, 80, 0.5)"
2022-01-20 00:00:00+00:00,24.92,25.72,24.9,25.67,5125597,0.0,0.0,0.0,0.0,0.0,0.0,0.0,0.0,,,,,,,,,,,,26.95819686763818,26.174859221035454,26.387656456604727,26.794552088599417,26.92403150382493,27.06511217009918,,,,,,,,,,,,27.06511217009918,"rgba(239, 83, 80, 1.0)"
2022-01-21 00:00:00+00:00,25.06,25.57,24.62,24.74,7525586,0.0,0.0,0.0,0.0,0.0,0.0,0.0,0.0,,,,,,,,,,,,26.780095938950264,26.12855354595508,26.341555905200103,26.74678858411821,26.88357929394871,27.024964369187597,,,,,,,,,,,,27.024964369187597,"rgba(239, 83, 80, 1.0)"
2022-01-24 00:00:00+00:00,24.62,24.7,23.3472,24.62,6119837,0.0,0.0,0.0,0.0,0.0,0.0,0.0,0.0,,,,,,,,,,,,26.596683561883022,26.064987127223905,26.28234839492703,26.690761382954072,26.836855250848554,26.979542467281206,,,,,,,,,,,,26.979542467281206,"rgba(239, 83, 80, 1.0)"
2022-01-25 00:00:00+00:00,24.32,24.73,23.66,24.32,4282164,0.0,0.0,0.0,0.0,0.0,0.0,0.0,0.0,,,,,,,,,,,,26.48392335889274,26.023297489024895,26.243123024881843,26.653232571949292,26.80529855018407,26.948785614581265,,,,,,,,,,,,26.948785614581265,"rgba(239, 83, 80, 1.0)"
2022-01-26 00:00:00+00:00,23.84,24.85,23.56,24.53,3503548,0.0,0.0,0.0,0.0,0.0,0.0,0.0,0.0,,,,,,,,,,,,26.39361049833348,25.98776818477295,26.209763119809498,26.621475951236746,26.77853627751305,26.922735630928955,,,,,,,,,,,,26.922735630928955,"rgba(239, 83, 80, 1.0)"
2022-01-27 00:00:00+00:00,23.27,24.46,23.26,24.0,2870572,0.0,0.0,0.0,0.0,0.0,0.0,0.0,0.0,,,,,,,,,,,,26.311968410969595,25.953404295585724,26.177939925948067,26.591826086768418,26.753641822256668,26.898637147251677,,,,,,,,,,,,26.898637147251677,"rgba(239, 83, 80, 1.0)"
2022-01-28 00:00:00+00:00,24.14,24.15,22.295,23.17,7930601,0.0,0.0,0.0,0.0,0.0,0.0,0.0,0.0,,,,,,,,,,,,26.09955382300168,25.858242721135696,26.08951197015481,26.50928018928536,26.683972548518422,26.831172412066763,,,,,,,,,,,,26.831172412066763,"rgba(239, 83, 80, 1.0)"
2022-01-31 00:00:00+00:00,24.57,24.95,23.81,24.06,4871553,0.0,0.0,0.0,0.0,0.0,0.0,0.0,0.0,,,,,,,,,,,,26.025395986886696,25.824939760527542,26.056442049047174,26.47564222653001,26.654631297882453,26.8021678327718,,,,,,,,,,,,26.8021678327718,"rgba(239, 83, 80, 0.75)"
2022-02-01 00:00:00+00:00,25.05,25.23,24.16,24.5,6223816,0.0,0.0,0.0,0.0,0.0,0.0,0.0,0.0,,,,,,,,,,,,25.959812518166615,25.795408085905834,26.02533570437449,26.441767938535335,26.624333264805863,26.771775669283247,,,,,,,,,,,,26.771775669283247,"rgba(239, 83, 80, 0.75)"
2022-02-02 00:00:00+00:00,25.13,25.23,24.58,25.0,1986187,0.0,0.0,0.0,0.0,0.0,0.0,0.0,0.0,,,,,,,,,,,,25.943180671888605,25.787881679854415,26.017054285548983,26.43232330429755,26.615743742336072,26.763080116029737,,,,,,,,,,,,26.763080116029737,"rgba(239, 83, 80, 0.75)"
2022-02-03 00:00:00+00:00,24.71,25.1,24.62,24.98,3567128,0.0,0.0,0.0,0.0,0.0,0.0,0.0,0.0,,,,,,,,,,,,25.909656872745508,25.771935482516465,26.000121099573537,26.413713913037196,26.598960399614864,26.746204356217593,,,,,,,,,,,,26.746204356217593,"rgba(239, 83, 80, 0.75)"
2022-02-04 00:00:00+00:00,24.52,24.6527,24.15,24.36,2204145,0.0,0.0,0.0,0.0,0.0,0.0,0.0,0.0,,,,,,,,,,,,25.8832900227195,25.758657630265436,25.98672147348928,26.399829261602658,26.58663728860451,26.733961564539484,,,,,,,,,,,,26.733961564539484,"rgba(239, 83, 80, 0.75)"
2022-02-07 00:00:00+00:00,24.39,24.69,24.06,24.5,2299621,1.0,24.69,24.06,168.0,1.0,24.69,24.06,168.0,,,24.38,,,,,,,,,25.855651911099894,25.744456788449174,25.97244354749338,26.385106058154044,26.573568836889336,26.720990727980038,,,,,,,,,,,,26.720990727980038,"rgba(239, 83, 80, 0.75)"
2022-02-08 00:00:00+00:00,24.78,24.85,24.23,24.33,2092641,0.0,0.0,0.0,0.0,0.0,0.0,0.0,0.0,,,24.49434514607735,,,,,,,,,25.83531924031396,25.734014707643695,25.961594682098887,26.373474827892966,26.563096921788134,26.710508369826155,,,,,,,,,,,,26.710508369826155,"rgba(239, 83, 80, 0.5)"
2022-02-09 00:00:00+00:00,25.93,26.22,25.16,25.16,6193541,0.0,0.0,0.0,0.0,0.0,0.0,0.0,0.0,,,25.24070521338816,,,,,,,,,25.832285825553633,25.73497729089942,25.957151413444084,26.361930468725525,26.550710897644155,26.696822397242876,,,,,,,,,,,,26.696822397242876,#000000
2022-02-10 00:00:00+00:00,25.67,26.385,25.52,25.61,2915570,-1.0,26.385,25.52,0.0,0.0,0.0,0.0,0.0,,,25.374079650022757,,,,,,,,25.858333333333334,25.832843074645623,25.736511284761047,25.956084265855285,26.35743593175256,26.545657866676457,26.691117733659095,,,,,,,,,,,,26.691117733659095,#000000
2022-02-11 00:00:00+00:00,25.13,25.99,25.0328,25.58,2228619,0.0,0.0,0.0,0.0,0.0,0.0,0.0,0.0,,,25.375522942482533,,,,,,,,25.65295324706512,25.825625563970974,25.733194546342464,25.9514027370376,26.35084191973893,26.539214930054644,26.68435661756997,,,,,,,,,,,,26.68435661756997,#000000
2022-02-14 00:00:00+00:00,24.74,25.39,24.72,25.01,1691665,0.0,0.0,0.0,0.0,0.0,0.0,0.0,0.0,,,25.33420412484683,,,,,,,,25.478993796688265,25.815060406460756,25.72763650173285,25.945217919302777,26.34367386947252,26.53255082965476,26.677572286081862,,,,,,,,,,,,26.677572286081862,#000000
2022-02-15 00:00:00+00:00,25.53,25.5685,25.02,25.02,1735683,0.0,0.0,0.0,0.0,0.0,0.0,0.0,0.0,,,25.337703987587354,,,,,,,,25.45749696227954,25.80965267091074,25.725071751127448,25.941613637604654,26.338603475179,26.52758258891442,26.67235663207032,,,,,,,,,,,,26.67235663207032,#000000
2022-02-16 00:00:00+00:00,25.46,25.825,25.37,25.5,2523320,0.0,0.0,0.0,0.0,0.0,0.0,0.0,0.0,,,25.362606195701606,,,,,,,,25.478914119659223,25.80514642055984,25.723268396111475,25.938076266498204,26.332673531033436,26.521542152388925,26.665881390739603,,,,,,,,,,,,26.665881390739603,#000000
2022-02-17 00:00:00+00:00,24.7,25.3394,24.68,25.28,1919137,0.0,0.0,0.0,0.0,0.0,0.0,0.0,0.0,,,25.325512900054463,,,,,,,,25.394496907879827,25.79336422364122,25.71685854219713,25.93100759120755,26.32454625523809,26.51397482097408,26.658183565558012,,,,,,,,,,,,26.658183565558012,#000000
2022-02-18 00:00:00+00:00,23.93,24.82,23.91,24.65,3626478,0.0,0.0,0.0,0.0,0.0,0.0,0.0,0.0,,,,,,,,,,,25.13853738957444,25.75532764396055,25.69498604035342,25.90913669782875,26.302125591461827,26.49384270531956,26.63819095606849,,,,,,,,,,,,26.63819095606849,"rgba(239, 83, 80, 0.5)"
2022-02-22 00:00:00+00:00,23.61,23.935,23.315,23.73,4683956,0.0,0.0,0.0,0.0,0.0,0.0,0.0,0.0,,,,,,,,,,,24.80498741969382,25.69067130475399,25.656549835160398,25.871957287654347,26.26572053422683,26.461632283838775,26.606560737388826,,,,,,,,,,,,26.606560737388826,"rgba(239, 83, 80, 1.0)"
2022-02-23 00:00:00+00:00,22.91,23.79,22.485,22.81,10181844,0.0,0.0,0.0,0.0,0.0,0.0,0.0,0.0,,,,,,,,,,,24.241600550270327,25.528315596266598,25.556108531108833,25.776121648542397,26.17389413152731,26.380766034565738,26.527603888935584,,,,,,,,,,,,26.527603888935584,"rgba(239, 83, 80, 1.0)"
2022-02-24 00:00:00+00:00,23.16,23.19,21.42,21.52,7043938,0.0,0.0,0.0,0.0,0.0,0.0,0.0,0.0,,,,,,,,,,,23.939818228543153,25.407924425371966,25.478752539122137,25.702687111243694,26.104217761394786,26.319401005461383,26.467849937720093,,,,,,,,,,,,26.467849937720093,"rgba(239, 83, 80, 1.0)"
2022-02-25 00:00:00+00:00,24.35,24.59,22.9,23.21,4966996,0.0,0.0,0.0,0.0,0.0,0.0,0.0,0.0,,,,,,,,,,,23.940599900159796,25.366891582146728,25.451086045183963,25.67460405965041,26.075039703647217,26.292622149696733,26.441157100912154,,,,,,,,,,,,26.441157100912154,"rgba(239, 83, 80, 0.75)"
2022-02-28 00:00:00+00:00,24.06,24.3799,23.505,24.0,2929345,0.0,0.0,0.0,0.0,0.0,0.0,0.0,0.0,,,,,,,,,,,23.943187844360427,25.34432431983228,25.435601352683804,25.658785609190303,26.058475313280997,26.277341693185022,26.42589498590725,,,,,,,,,,,,26.42589498590725,"rgba(239, 83, 80, 0.75)"
2022-03-01 00:00:00+00:00,23.43,24.02,23.265,23.82,2051691,0.0,0.0,0.0,0.0,0.0,0.0,0.0,0.0,,,,,,,,,,,23.927470848750904,25.324326293089708,25.421945289042885,25.6452159083419,26.044769477729734,26.264869324219646,26.413543749960603,,,,,,,,,,,,26.413543749960603,"rgba(239, 83, 80, 0.75)"
2022-03-02 00:00:00+00:00,24.17,24.23,23.37,23.47,2268855,0.0,0.0,0.0,0.0,0.0,0.0,0.0,0.0,,,,,,,,,,,23.92728593720194,25.307063601804465,25.409901188630695,25.632924261704915,26.031918120233357,26.252993583843484,26.401683898948185,,,,,,,,,,,,26.401683898948185,"rgba(239, 83, 80, 0.75)"
2022-03-03 00:00:00+00:00,23.61,24.3,23.525,24.3,2314304,0.0,0.0,0.0,0.0,0.0,0.0,0.0,0.0,,,,,,,,,,,23.92224503520546,25.28850188020109,25.396905670828954,25.619758659680947,26.01828298246313,26.240428699747252,26.389162443439915,,,,,,,,,,,,26.389162443439915,"rgba(239, 83, 80, 0.75)"
2022-03-04 00:00:00+00:00,22.86,23.48,22.52,23.25,3159984,0.0,0.0,0.0,0.0,0.0,0.0,0.0,0.0,,,,,,,,,,,23.867805666841242,25.24958432033949,25.370074006622296,25.593697267208743,25.992795986131448,26.217490040743314,26.36663090786377,,,,,,,,,,,,26.36663090786377,"rgba(239, 83, 80, 0.75)"
2022-03-07 00:00:00+00:00,21.76,22.87,21.74,22.87,5866119,0.0,0.0,0.0,0.0,0.0,0.0,0.0,0.0,,,,,,,,,,,23.70303842228147,25.155766656294468,25.305214688711352,25.53185292555976,25.933971384191338,26.165130453234614,26.315595260248827,,,,,,,,,,,,26.315595260248827,"rgba(239, 83, 80, 1.0)"
2022-03-08 00:00:00+00:00,21.6,22.22,20.705,21.87,4350333,0.0,0.0,0.0,0.0,0.0,0.0,0.0,0.0,,,,,,,,,,,23.55937292841776,25.076359358073287,25.24978574102976,25.479372093924482,25.884632764003182,26.121379133862003,26.273095837398248,,,,,,,,,,,,26.273095837398248,"rgba(239, 83, 80, 1.0)"
2022-03-09 00:00:00+00:00,22.75,23.085,22.18,22.19,3058678,0.0,0.0,0.0,0.0,0.0,0.0,0.0,0.0,,,,,,,,,,,23.520314474275168,25.040106136461112,25.223592519478238,25.45385726129409,25.859644410232747,26.098741103827038,26.250848386697122,,,,,,,,,,,,26.250848386697122,"rgba(239, 83, 80, 1.0)"
2022-03-10 00:00:00+00:00,22.56,22.69,22.04,22.31,1873496,0.0,0.0,0.0,0.0,0.0,0.0,0.0,0.0,,,,,,,,,,,23.491701230241677,25.016224054743585,25.206315304296087,25.43711898218971,25.8433838448379,26.08405354391045,26.236445683108695,,,,,,,,,,,,26.236445683108695,"rgba(239, 83, 80, 0.75)"
2022-03-11 00:00:00+00:00,22.32,22.85,22.26,22.72,2418937,0.0,0.0,0.0,0.0,0.0,0.0,0.0,0.0,,,,,,,,,,,23.45843555272368,24.98657278626812,25.184691351268647,25.416110894081914,25.822899855653606,26.065502941428342,26.218235690619764,,,,,,,,,,,,26.218235690619764,"rgba(239, 83, 80, 0.75)"
2022-03-14 00:00:00+00:00,22.21,22.55,21.885,22.43,3614472,0.0,0.0,0.0,0.0,0.0,0.0,0.0,0.0,,,,,,,,,,,23.40038641217778,24.939047985308466,25.149949790554775,25.382524089024027,25.79039470354696,26.036141409216818,26.189471829887395,,,,,,,,,,,,26.189471829887395,"rgba(239, 83, 80, 0.75)"
2022-03-15 00:00:00+00:00,21.97,22.61,21.85,22.2,2124691,0.0,0.0,0.0,0.0,0.0,0.0,0.0,0.0,,,,,,,,,,,23.36681114144454,24.91114940150854,25.12941498462387,25.36266839520716,25.771181589745375,26.018770089114795,26.172454272089198,,,,,,,,,,,,26.172454272089198,"rgba(239, 83, 80, 0.75)"
2022-03-16 00:00:00+00:00,23.06,23.08,22.315,22.53,5410515,0.0,0.0,0.0,0.0,0.0,0.0,0.0,0.0,,,,,,,,,,,23.331881817046654,24.859285525027058,25.089907237038304,25.32356280170147,25.732092890210136,25.98281050791218,26.136911494169947,,,,,,,,,,,,26.136911494169947,"rgba(239, 83, 80, 0.75)"
2022-03-17 00:00:00+00:00,23.4,23.44,22.63,23.01,4026764,0.0,0.0,0.0,0.0,0.0,0.0,0.0,0.0,,,,,,,,,,,23.323952986709394,24.82845138529174,25.065619903198932,25.299056339682995,25.706967141274774,25.959373582775996,26.113591389760842,,,,,,,,,,,,26.113591389760842,"rgba(239, 83, 80, 0.5)"
2022-03-18 00:00:00+00:00,24.2,24.26,23.2,23.31,5506489,0.0,0.0,0.0,0.0,0.0,0.0,0.0,0.0,,,,,,,,,,,23.356744976048866,24.80569200252558,25.04570805894844,25.277545838739574,25.683002222176487,25.936132008187375,26.090014838588072,,,,,,,,,,,,26.090014838588072,#000000
2022-03-21 00:00:00+00:00,23.65,24.21,23.34,24.16,3330113,0.0,0.0,0.0,0.0,0.0,0.0,0.0,0.0,,,,,,,,,,,23.369565015373375,24.790245437860197,25.032438895481185,25.26345277169497,25.667601757612893,25.921294822928402,26.075021855163204,,,,,,,,,,,,26.075021855163204,#000000
2022-03-22 00:00:00+00:00,24.05,24.17,23.65,23.77,5046110,0.0,0.0,0.0,0.0,0.0,0.0,0.0,0.0,,,,,,,,,,,23.398364803218275,24.77243974203702,25.016205833579267,25.245627509774774,25.647365188896092,25.90144554626296,26.05479552614075,,,,,,,,,,,,26.05479552614075,"rgba(38, 166, 154, 1.0)"
2022-03-23 00:00:00+00:00,23.6,24.235,23.59,23.98,2804364,0.0,0.0,0.0,0.0,0.0,0.0,0.0,0.0,,,,,,,,,,,23.40924465707716,24.76112903475341,25.00616078485028,25.23481379502144,25.635355690345296,25.889758552736296,26.042937930272775,,,,,,,,,,,,26.042937930272775,"rgba(38, 166, 154, 1.0)"
2022-03-24 00:00:00+00:00,23.39,23.79,23.1001,23.79,3464940,0.0,0.0,0.0,0.0,0.0,0.0,0.0,0.0,,,,,,,,,,,23.409798836602988,24.742062507981064,24.990096498962657,25.218160589671083,25.617677618347624,25.87288290104412,26.025986241360652,,,,,,,,,,,,26.025986241360652,#000000
2022-03-25 00:00:00+00:00,22.82,23.48,22.4,23.31,3817160,0.0,0.0,0.0,0.0,0.0,0.0,0.0,0.0,,,,,,,,,,,23.392570814788204,24.713516701979778,24.966937247728747,25.19487560944475,25.59392361557635,25.850611756783707,26.003830900597965,,,,,,,,,,,,26.003830900597965,#000000
2022-03-28 00:00:00+00:00,22.58,22.76,21.93,22.74,3610261,0.0,0.0,0.0,0.0,0.0,0.0,0.0,0.0,,,,,,,,,,,23.362551465306094,24.6804350406251,24.940557039153706,25.16879332004136,25.56792790095945,25.82649904470171,25.979989514989228,,,,,,,,,,,,25.979989514989228,#000000
2022-03-29 00:00:00+00:00,23.3,23.45,22.835,23.0,3288497,0.0,0.0,0.0,0.0,0.0,0.0,0.0,0.0,,,,,,,,,,,23.357954242028374,24.661144136917898,24.92422132322358,25.152017729698965,25.55033758465972,25.809742500757206,25.963199758953575,,,,,,,,,,,,25.963199758953575,#000000
2022-03-30 00:00:00+00:00,23.17,23.58,23.11,23.31,2326963,0.0,0.0,0.0,0.0,0.0,0.0,0.0,0.0,,,,,,,,,,,23.356596547147312,24.648628416665773,24.913448600138516,25.140866450456528,25.538525615141598,25.798424984939675,25.951830380041358,,,,,,,,,,,,25.951830380041358,#000000
2022-03-31 00:00:00+00:00,22.85,23.2,22.775,23.15,2718441,0.0,0.0,0.0,0.0,0.0,0.0,0.0,0.0,,,,,,,,,,,23.34756553124118,24.630661359866554,24.898410461264636,25.1256141016946,25.52279127870917,25.78353292158428,25.936966409143192,,,,,,,,,,,,25.936966409143192,#000000
2022-04-01 00:00:00+00:00,23.04,23.14,22.69,22.97,1844824,0.0,0.0,0.0,0.0,0.0,0.0,0.0,0.0,,,,,,,,,,,23.341875777438638,24.618788616939586,24.88841229912782,25.11545356042554,25.51228301996841,25.77356767640684,25.927012657555146,,,,,,,,,,,,25.927012657555146,#000000
2022-04-04 00:00:00+00:00,23.63,23.97,22.945,23.03,2419061,-1.0,23.97,22.945,0.0,0.0,0.0,0.0,0.0,,,,,,,,,,23.515,23.34511818671812,24.608617832482743,24.879201471752545,25.10568246642755,25.501615616032158,25.76317554032452,25.91649544864682,,,,,,,,,,,,25.91649544864682,#000000
2022-04-05 00:00:00+00:00,23.23,23.92,23.19,23.68,1698473,0.0,0.0,0.0,0.0,0.0,0.0,0.0,0.0,,,,,,,,,,23.486812662222906,23.34643620536412,24.60114874471659,24.87248757716899,25.098601300022757,25.493938352678928,25.755715919701203,25.90895717261331,,,,,,,,,,,,25.90895717261331,#000000
2022-04-06 00:00:00+00:00,23.03,23.13,22.64,23.0,2513142,0.0,0.0,0.0,0.0,0.0,0.0,0.0,0.0,,,,,,,,,,23.27703433078819,23.33865219646233,24.585435174066596,24.8591327348784,25.0850122180961,25.4798612840037,25.7423317127805,25.895579372667804,,,,,,,,,,,,25.895579372667804,#000000
2022-04-07 00:00:00+00:00,23.3,23.37,22.66,23.05,1870364,0.0,0.0,0.0,0.0,0.0,0.0,0.0,0.0,,,,,,,,,,23.240284121511404,23.335490052745826,24.57516160051614,24.850213286518546,25.075830296152922,25.470204591680403,25.73307415496003,25.886290123283164,,,,,,,,,,,,25.886290123283164,#000000
2022-04-08 00:00:00+00:00,23.38,23.65,22.87,23.3,2229729,0.0,0.0,0.0,0.0,0.0,0.0,0.0,0.0,,,,,,,,,,23.252692386569247,23.33491443106431,24.564663701209874,24.840846287136376,25.06604236569591,25.459713334686324,25.722915876802713,25.876049057367723,,,,,,,,,,,,25.876049057367723,#000000
2022-04-11 00:00:00+00:00,22.82,23.26,22.78,23.21,1752867,0.0,0.0,0.0,0.0,0.0,0.0,0.0,0.0,,,,,,,,,,23.210658430631373,23.330110334079773,24.55430233597811,24.831922734552748,25.056927542197702,25.450224272264656,25.713855362403113,25.866979176880193,,,,,,,,,,,,25.866979176880193,#000000
2022-04-12 00:00:00+00:00,22.45,23.22,22.255,22.81,2620786,0.0,0.0,0.0,0.0,0.0,0.0,0.0,0.0,,,,,,,,,,23.111932001436397,23.31739063513402,24.536088904809283,24.816549462970766,25.041447832564273,25.434415763579523,25.69890161801264,25.852083542178953,,,,,,,,,,,,25.852083542178953,"rgba(239, 83, 80, 0.5)"
2022-04-13 00:00:00+00:00,22.29,22.78,21.92,22.39,6041320,0.0,0.0,0.0,0.0,0.0,0.0,0.0,0.0,,,,,,,,,,22.88853471233121,23.277055445002897,24.488702624651403,24.776958300300237,25.00197203149987,25.394651861742425,25.661521134139505,25.814982332243886,,,,,,,,,,,,25.814982332243886,"rgba(239, 83, 80, 0.5)"
2022-04-14 00:00:00+00:00,22.17,22.4,21.95,22.19,2593236,0.0,0.0,0.0,0.0,0.0,0.0,0.0,0.0,,,,,,,,,,22.810406413662793,23.258035217777998,24.467549518524276,24.759284430049068,24.98440445980501,25.377037305994758,25.644986176664176,25.79859012649154,,,,,,,,,,,,25.79859012649154,"rgba(239, 83, 80, 1.0)"
2022-04-18 00:00:00+00:00,21.02,22.07,20.94,22.07,5041535,0.0,0.0,0.0,0.0,0.0,0.0,0.0,0.0,,,,,,,,,,22.553416544092407,23.195967417756222,24.413027770525783,24.71479142437095,24.940966256902094,25.334607569257454,25.605705824900127,25.759940188676055,,,,,,,,,,,,25.759940188676055,"rgba(239, 83, 80, 1.0)"
2022-04-19 00:00:00+00:00,22.14,22.16,20.93,21.07,4550364,0.0,0.0,0.0,0.0,0.0,0.0,0.0,0.0,,,,,,,,,,22.442823190090877,23.15467404014292,24.37162911064744,24.680264552866248,24.906901659707838,25.30083263671703,25.574133046006068,25.728734665199386,,,,,,,,,,,,25.728734665199386,"rgba(239, 83, 80, 1.0)"
2022-04-20 00:00:00+00:00,22.78,23.07,22.16,22.16,5719967,0.0,0.0,0.0,0.0,0.0,0.0,0.0,0.0,,,,,,,,,,22.47609888205404,23.13795260936926,24.33909395455053,24.65132507183615,24.877342521716706,25.27009415727629,25.54459493667773,25.699151777421342,,,,,,,,,,,,25.699151777421342,"rgba(239, 83, 80, 0.5)"
2022-04-21 00:00:00+00:00,22.23,23.18,22.125,23.0,3864242,0.0,0.0,0.0,0.0,0.0,0.0,0.0,0.0,,,,,,,,,,22.479301544333385,23.1236879631813,24.31579024473662,24.630716425239505,24.85641050515272,25.24849151091619,25.523897089847505,25.67846040338152,,,,,,,,,,,,25.67846040338152,"rgba(239, 83, 80, 0.5)"
2022-04-22 00:00:00+00:00,21.67,22.34,21.65,22.23,3825996,0.0,0.0,0.0,0.0,0.0,0.0,0.0,0.0,,,,,,,,,,22.430791356413188,23.096406938785908,24.28550258647906,24.604795218525055,24.83061958200701,25.222624506788996,25.499485871598804,25.65424544627734,,,,,,,,,,,,25.65424544627734,"rgba(239, 83, 80, 0.5)"
2022-04-25 00:00:00+00:00,21.48,21.52,20.895,21.44,3956170,0.0,0.0,0.0,0.0,0.0,0.0,0.0,0.0,,,,,,,,,,22.34241977254178,23.056317598029295,24.247479893192804,24.572811003241476,24.79918181824357,25.19164881032525,25.47053150951509,25.62567018983738,,,,,,,,,,,,25.62567018983738,"rgba(239, 83, 80, 0.75)"
2022-04-26 00:00:00+00:00,20.55,21.38,20.205,21.3,7699372,0.0,0.0,0.0,0.0,0.0,0.0,0.0,0.0,,,,,,,,,,22.12741119940427,22.95881126460814,24.162007588814518,24.50146516310841,24.729586916515203,25.12386972470285,25.40754568653612,25.56372361821766,,,,,,,,,,,,25.56372361821766,"rgba(239, 83, 80, 1.0)"
2022-04-27 00:00:00+00:00,20.56,20.8,20.225,20.58,2863184,0.0,0.0,0.0,0.0,0.0,0.0,0.0,0.0,,,,,,,,,,22.05267289528016,22.921796471227964,24.12963410438486,24.474350417388205,24.70315371295935,25.098159076990267,25.383648278499688,25.54022849401803,,,,,,,,,,,,25.54022849401803,"rgba(239, 83, 80, 1.0)"
2022-04-28 00:00:00+00:00,19.74,21.44,18.2043,20.85,19015098,0.0,0.0,0.0,0.0,0.0,0.0,0.0,0.0,,,,,,,,,,21.517831930011436,22.634571946627098,23.887473548251503,24.271452098525945,24.506283086597165,24.908166821738412,25.207583015086765,25.367539269582412,,,,,,,,,,,,25.367539269582412,"rgba(239, 83, 80, 1.0)"
2022-04-29 00:00:00+00:00,19.01,19.94,18.98,19.93,6243752,0.0,0.0,0.0,0.0,0.0,0.0,0.0,0.0,,,,,,,,,,21.358500343653816,22.53723729581908,23.805020570532676,24.201807465150303,24.438737086716298,24.84307954134615,25.14720197796869,25.308339716164767,,,,,,,,,,,,25.308339716164767,"rgba(239, 83, 80, 1.0)"
2022-05-02 00:00:00+00:00,18.85,19.315,18.48,19.06,5032273,0.0,0.0,0.0,0.0,0.0,0.0,0.0,0.0,,,,,,,,,,21.222356416966786,22.452966593582975,23.734567413469538,24.14229133026939,24.381120839394004,24.78773594525663,25.095923602264367,25.258114759604094,,,,,,,,,,,,25.258114759604094,"rgba(239, 83, 80, 1.0)"
2022-05-03 00:00:00+00:00,18.66,19.0442,18.31,18.8,8677578,0.0,0.0,0.0,0.0,0.0,0.0,0.0,0.0,,,,,,,,,,21.001499861245403,22.30839003674407,23.612637719317767,24.038751847421807,24.28083207194113,24.691364922678144,25.006517921596334,25.170531118702637,,,,,,,,,,,,25.170531118702637,"rgba(239, 83, 80, 1.0)"
2022-05-04 00:00:00+00:00,18.1,18.6,16.595,18.6,13230396,0.0,0.0,0.0,0.0,0.0,0.0,0.0,0.0,,,,,,,,,,20.62409295062678,22.058139268623993,23.405536834811514,23.862799383673057,24.11088871692524,24.528875513705408,24.856061830542966,25.023378476070945,,,,,,,,,,,,25.023378476070945,"rgba(239, 83, 80, 1.0)"
2022-05-05 00:00:00+00:00,16.76,18.32,16.454,18.26,13746145,0.0,0.0,0.0,0.0,0.0,0.0,0.0,0.0,,,,,,,,,,20.251698195994052,21.7939791138589,23.184516492967955,23.673525630495078,23.927975708748402,24.35396808084174,24.6938193510357,24.864685020455358,,,,,,,,,,,,24.864685020455358,"rgba(239, 83, 80, 1.0)"
2022-05-06 00:00:00+00:00,16.04,16.725,15.86,16.51,15383178,0.0,0.0,0.0,0.0,0.0,0.0,0.0,0.0,,,,,,,,,,19.81547844437995,21.474948870614774,22.91802482334663,23.444248556682393,23.706586916361413,24.14269397193821,24.497797461631905,24.67307251775722,,,,,,,,,,,,24.67307251775722,"rgba(239, 83, 80, 1.0)"
2022-05-09 00:00:00+00:00,12.9,15.93,12.81,15.68,18729421,0.0,0.0,0.0,0.0,0.0,0.0,0.0,0.0,,,,,,,,,,19.12635313595683,20.981133686975312,22.516350289127857,23.099497834802122,23.375048451942792,23.828528479891773,24.2073321464165,24.389827153329477,,,,,,,,,,,,24.389827153329477,"rgba(239, 83, 80, 1.0)"
2022-05-10 00:00:00+00:00,9.4,10.71,7.8,8.0,42421991,0.0,0.0,0.0,0.0,0.0,0.0,0.0,0.0,,,,,,,,,,17.0810365855805,19.482129944896965,21.307937509869802,22.058151267957125,22.37605224224793,22.88670121157172,23.33773059710493,23.543387403977846,,,,,,,,,,,,23.543387403977846,"rgba(239, 83, 80, 1.0)"
2022-05-11 00:00:00+00:00,10.13,10.555,9.27,9.29,16100451,0.0,0.0,0.0,0.0,0.0,0.0,0.0,0.0,,,,,,,,,,16.561343435797614,19.040943298017478,20.928097608849065,21.721920025977308,22.050946095310326,22.5768272842254,23.048447996992977,23.260696369072292,,,,,,,,,,,,23.260696369072292,"rgba(239, 83, 80, 1.0)"
2022-05-12 00:00:00+00:00,10.45,10.5399,9.67,10.03,13045351,0.0,0.0,0.0,0.0,0.0,0.0,0.0,0.0,,,,,,,,,,16.20612378331045,18.72096704960974,20.64474575302932,21.46810587452649,21.804671456116232,22.340945994158368,22.82714472281408,23.04405164784417,,,,,,,,,,,,23.04405164784417,"rgba(239, 83, 80, 1.0)"
2022-05-13 00:00:00+00:00,10.84,11.1,10.5,10.53,9752395,0.0,0.0,0.0,0.0,0.0,0.0,0.0,0.0,,,,,,,,,,15.989370191740953,18.512189970382163,20.454034412087346,21.29518878732739,21.63624946411957,22.1787551185882,22.674182602843647,22.89401642614576,,,,,,,,,,,,22.89401642614576,"rgba(239, 83, 80, 1.0)"
2022-05-16 00:00:00+00:00,10.77,11.21,10.54,10.77,7103013,0.0,0.0,0.0,0.0,0.0,0.0,0.0,0.0,,,,,,,,,,15.842914201806792,18.367441171205897,20.320096145727877,21.173050005021548,21.517088936328825,22.06373972856584,22.565448971577894,22.787272942500284,,,,,,,,,,,,22.787272942500284,"rgba(239, 83, 80, 0.75)"
2022-05-17 00:00:00+00:00,11.03,11.34,10.78,11.0,5724952,0.0,0.0,0.0,0.0,0.0,0.0,0.0,0.0,,,,,,,,,,15.735505681642273,18.25783631975588,20.21716113680006,21.078623853589956,21.424796031634102,21.97442595354651,22.480798102725803,22.704093247773212,,,,,,,,,,,,22.704093247773212,"rgba(239, 83, 80, 0.75)"
2022-05-18 00:00:00+00:00,9.95,11.09,9.925,10.97,7360332,0.0,0.0,0.0,0.0,0.0,0.0,0.0,0.0,,,,,,,,,,15.583893465846513,18.10789435672783,20.07788208431374,20.951150724473372,21.300339470462458,21.854190224282874,22.366958485840723,22.592293092372618,,,,,,,,,,,,22.592293092372618,"rgba(239, 83, 80, 0.75)"
2022-05-19 00:00:00+00:00,10.15,10.38,9.76,9.85,10115872,0.0,0.0,0.0,0.0,0.0,0.0,0.0,0.0,,,,,,,,,,15.380523948823644,17.905133580779268,19.88846605368488,20.77719928052126,21.13035893795569,21.689786738453144,22.211075392384497,22.43913338375842,,,,,,,,,,,,22.43913338375842,"rgba(239, 83, 80, 0.75)"
2022-05-20 00:00:00+00:00,9.93,10.415,9.515,10.3,15955350,0.0,0.0,0.0,0.0,0.0,0.0,0.0,0.0,,,,,,,,,,15.080788683033035,17.59988509913057,19.599729733650378,20.510351777503228,20.86914413885929,21.43653001866047,21.97028375302651,22.202328865360794,,,,,,,,,,,,22.202328865360794,"rgba(239, 83, 80, 0.75)"
2022-05-23 00:00:00+00:00,9.79,10.145,9.74,10.04,4148268,0.0,0.0,0.0,0.0,0.0,0.0,0.0,0.0,,,,,,,,,,15.007332992022315,17.523714112148284,19.526926337591778,20.442722131316184,20.8028456418799,21.372121447941655,21.90890809202325,22.141922979807635,,,,,,,,,,,,22.141922979807635,"rgba(239, 83, 80, 0.75)"
2022-05-24 00:00:00+00:00,9.28,9.78,9.13,9.77,4407450,0.0,0.0,0.0,0.0,0.0,0.0,0.0,0.0,,,,,,,,,,14.924198092916553,17.439273187661563,19.446848276926683,20.36847746312203,20.73012059669875,21.301554592655446,21.841719382890002,22.07582187066304,,,,,,,,,,,,22.07582187066304,"rgba(239, 83, 80, 0.75)"
2022-05-25 00:00:00+00:00,9.58,9.67,9.19,9.19,5088545,0.0,0.0,0.0,0.0,0.0,0.0,0.0,0.0,,,,,,,,,,14.832630370510996,17.344927697719847,19.356709538340283,20.284633017606193,20.647911099624206,21.221673321454837,21.765553211733963,22.00084968016899,,,,,,,,,,,,22.00084968016899,"rgba(239, 83, 80, 0.75)"
2022-05-26 00:00:00+00:00,9.86,9.93,9.2908,9.48,9767076,0.0,0.0,0.0,0.0,0.0,0.0,0.0,0.0,,,,,,,,,,14.671913422828547,17.174717660907223,19.191829815015797,20.13037616801017,20.49639048812132,21.074068191279594,21.624453635586878,21.861831341172273,,,,,,,,,,,,21.861831341172273,"rgba(239, 83, 80, 0.75)"
2022-05-27 00:00:00+00:00,9.87,9.93,9.66,9.91,4973064,0.0,0.0,0.0,0.0,0.0,0.0,0.0,0.0,,,,,,,,,,14.595864689203788,17.092345145819625,19.111110502570547,20.054477996476585,20.421724530310197,21.00117421891228,21.554618077805358,21.792970475711076,,,,,,,,,,,,21.792970475711076,"rgba(239, 83, 80, 0.75)"
2022-05-31 00:00:00+00:00,9.72,9.92,9.5,9.86,6686128,0.0,0.0,0.0,0.0,0.0,0.0,0.0,0.0,,,,,,,,,,14.495097820266054,16.982880390273905,19.00353121517218,19.953133788121487,20.32197551198449,20.90372508043272,21.461176642879106,21.700807127157557,,,,,,,,,,,,21.700807127157557,"rgba(239, 83, 80, 0.75)"
2022-06-01 00:00:00+00:00,9.57,9.875,9.33,9.77,6280280,0.0,0.0,0.0,0.0,0.0,0.0,0.0,0.0,,,,,,,,,,14.401850003374076,16.881305482471042,18.903407097604852,19.85862408432747,20.228903829610665,20.812732588451208,21.373845208321004,21.61464414721629,,,,,,,,,,,,21.61464414721629,"rgba(239, 83, 80, 0.75)"
2022-06-02 00:00:00+00:00,9.63,9.75,9.48,9.54,3735848,0.0,0.0,0.0,0.0,0.0,0.0,0.0,0.0,,,,,,,,,,14.348361620789644,16.822426579824267,18.845030198694552,19.80337095191992,20.174447166817714,20.759431370461964,21.322626180850666,21.564088393024605,,,,,,,,,,,,21.564088393024605,"rgba(239, 83, 80, 0.75)"
2022-06-03 00:00:00+00:00,9.12,9.6,9.07,9.5,5107387,0.0,0.0,0.0,0.0,0.0,0.0,0.0,0.0,,,,,,,,,,14.271771040147357,16.73954912666751,18.76335917846542,19.726178528668154,20.098410670759826,20.68507079406717,21.25120892526836,21.493614343026795,,,,,,,,,,,,21.493614343026795,"rgba(239, 83, 80, 0.75)"
2022-06-06 00:00:00+00:00,9.2,9.2745,8.97,9.18,5323015,0.0,0.0,0.0,0.0,0.0,0.0,0.0,0.0,,,,,,,,,,14.192584392934203,16.653783745703908,18.67869466082909,19.646048899389363,20.0194532638427,20.60781651220364,21.176964735345805,21.420335650877554,,,,,,,,,,,,21.420335650877554,"rgba(239, 83, 80, 0.75)"
2022-06-07 00:00:00+00:00,9.11,9.29,8.91,9.1,5173788,0.0,0.0,0.0,0.0,0.0,0.0,0.0,0.0,,,,,,,,,,14.117265186838134,16.571772775064137,18.597439959459145,19.568992870207484,19.943480973943714,20.53342320593244,21.105403959473346,21.349682999989408,,,,,,,,,,,,21.349682999989408,"rgba(239, 83, 80, 0.75)"
2022-06-08 00:00:00+00:00,9.0,9.18,8.76,9.07,5540641,0.0,0.0,0.0,0.0,0.0,0.0,0.0,0.0,,,,,,,,,,14.037114721893735,16.484481434711824,18.510828498489047,19.486754573727968,19.862373304917035,20.453966290953435,21.028925902887718,21.274160959560053,,,,,,,,,,,,21.274160959560053,"rgba(239, 83, 80, 0.75)"
2022-06-09 00:00:00+00:00,8.38,8.98,8.36,8.92,6537029,0.0,0.0,0.0,0.0,0.0,0.0,0.0,0.0,,,,,,,,,,13.93835810741724,16.378596081761817,18.406350920359127,19.387662383044955,19.764690837186897,20.358341323903833,20.936922142076003,21.183326549865566,,,,,,,,,,,,21.183326549865566,"rgba(239, 83, 80, 1.0)"
2022-06-10 00:00:00+00:00,8.03,8.23,7.915,8.15,6262587,0.0,0.0,0.0,0.0,0.0,0.0,0.0,0.0,,,,,,,,,,13.83827298078777,16.273260894303863,18.303164079881515,19.28996236980509,19.668447766130523,20.2642229278404,20.84642801603282,21.09401135261358,,,,,,,,,,,,21.09401135261358,"rgba(239, 83, 80, 1.0)"
2022-06-13 00:00:00+00:00,7.58,7.93,7.4501,7.86,6332197,0.0,0.0,0.0,0.0,0.0,0.0,0.0,0.0,,,,,,,,,,13.733629213761327,16.16431396896842,18.196859419092114,19.18937426838707,19.569392001886794,20.16740246322959,20.75335502554739,21.002163492483437,,,,,,,,,,,,21.002163492483437,"rgba(239, 83, 80, 1.0)"
2022-06-14 00:00:00+00:00,7.4,7.615,7.26,7.56,5133486,0.0,0.0,0.0,0.0,0.0,0.0,0.0,0.0,,,,,,,,,,13.648268751100433,16.07567574625705,18.110390639843985,19.10750618012918,19.488762534565748,20.088582336384956,20.677560845783976,20.92736090536291,,,,,,,,,,,,20.92736090536291,"rgba(239, 83, 80, 1.0)"
2022-06-15 00:00:00+00:00,7.84,7.955,7.45,7.45,5689918,0.0,0.0,0.0,0.0,0.0,0.0,0.0,0.0,,,,,,,,,,13.561092594105354,15.983101812966137,18.019008511072574,19.0205602684472,19.402997277321422,20.004552031557516,20.596577315346988,20.84737001059683,,,,,,,,,,,,20.84737001059683,"rgba(239, 83, 80, 0.75)"
2022-06-16 00:00:00+00:00,7.28,7.62,7.205,7.57,5361139,0.0,0.0,0.0,0.0,0.0,0.0,0.0,0.0,,,,,,,,,,13.476060832873632,15.893801782919216,17.93123778475726,18.93712655449328,19.32072880462234,19.9239951427183,20.518966570125485,20.77072383045011,,,,,,,,,,,,20.77072383045011,"rgba(239, 83, 80, 0.75)"
2022-06-17 00:00:00+00:00,7.36,7.485,7.15,7.24,5142157,0.0,0.0,0.0,0.0,0.0,0.0,0.0,0.0,,,,,,,,,,13.396191143527668,15.809510690633115,17.84811313417978,18.857965642824432,19.242631744892446,19.847465026306033,20.445171609341514,20.697824003991975,,,,,,,,,,,,20.697824003991975,"rgba(239, 83, 80, 0.75)"
2022-06-21 00:00:00+00:00,7.2,7.6,7.105,7.46,5962827,0.0,0.0,0.0,0.0,0.0,0.0,0.0,0.0,,,,,,,,,,13.305690388280135,15.713483048416588,17.753069506555587,18.767277086076376,19.153110193318927,19.75966764398873,20.36043328715633,20.614086200295333,,,,,,,,,,,,20.614086200295333,"rgba(239, 83, 80, 0.75)"
2022-06-22 00:00:00+00:00,7.06,7.39,7.01,7.04,4918640,0.0,0.0,0.0,0.0,0.0,0.0,0.0,0.0,,,,,,,,,,13.231241309853777,15.634519587454703,17.67485483488685,18.692579940865453,19.07935770238087,19.687313220757,20.290567359088758,20.545035207566734,,,,,,,,,,,,20.545035207566734,"rgba(239, 83, 80, 0.75)"
2022-06-23 00:00:00+00:00,7.27,7.28,6.88,7.05,5522076,0.0,0.0,0.0,0.0,0.0,0.0,0.0,0.0,,,,,,,,,,13.149642686281862,15.547484174224174,17.588326435442227,18.60978369919472,18.99756131178762,19.60700139808818,20.212946571351853,20.46829483892552,,,,,,,,,,,,20.46829483892552,"rgba(239, 83, 80, 0.75)"
2022-06-24 00:00:00+00:00,8.75,8.76,7.5,7.69,16699544,0.0,0.0,0.0,0.0,0.0,0.0,0.0,0.0,,,,,,,,,,12.962154241973241,15.330685482251727,17.364025799558124,18.39178869196564,18.781109144542643,19.39293188839963,20.00462193111214,20.261790557161163,,,,,,,,,,,,20.261790557161163,"rgba(239, 83, 80, 0.5)"
2022-06-27 00:00:00+00:00,8.68,8.87,8.455,8.73,6622106,0.0,0.0,0.0,0.0,0.0,0.0,0.0,0.0,,,,,,,,,,12.896835341630505,15.252190111726463,17.281221823339372,18.310651998078217,18.700339606689045,19.312758227059515,19.926312839637312,20.184059812757962,,,,,,,,,,,,20.184059812757962,"rgba(239, 83, 80, 0.5)"
2022-06-28 00:00:00+00:00,8.83,9.25,8.7,8.75,7365125,0.0,0.0,0.0,0.0,0.0,0.0,0.0,0.0,,,,,,,,,,12.830780986325408,15.170373227334723,17.19366722086838,18.22436288030484,18.61428419304647,19.227115435882485,19.842447963210322,20.100734841328265,,,,,,,,,,,,20.100734841328265,"rgba(239, 83, 80, 0.5)"
2022-06-29 00:00:00+00:00,8.51,8.85,8.36,8.8,4628004,0.0,0.0,0.0,0.0,0.0,0.0,0.0,0.0,,,,,,,,,,12.786731725149496,15.117187672398883,17.137271935501502,18.16891897691215,18.559036689496867,19.172197828304974,19.78871644486152,20.047368537836434,,,,,,,,,,,,20.047368537836434,#000000
2022-06-30 00:00:00+00:00,8.36,8.63,8.13,8.38,4578834,0.0,0.0,0.0,0.0,0.0,0.0,0.0,0.0,,,,,,,,,,12.742011851063982,15.063821803544892,17.080911122729905,18.1135571690718,18.503888376628066,19.117403223695796,19.735118631991106,19.9941413890839,,,,,,,,,,,,19.9941413890839,#000000
2022-07-01 00:00:00+00:00,8.53,8.535,8.02,8.39,3432905,0.0,0.0,0.0,0.0,0.0,0.0,0.0,0.0,,,,,,,,,,12.708985860349102,15.024293535911504,17.039072755317473,18.072410070004572,18.462884790392454,19.07664101317355,19.695222604419953,19.95451274982385,,,,,,,,,,,,19.95451274982385,#000000
2022-07-05 00:00:00+00:00,9.05,9.075,8.245,8.39,4749004,0.0,0.0,0.0,0.0,0.0,0.0,0.0,0.0,,,,,,,,,,12.668532398509988,14.97383992034581,16.98467657019193,18.018542883750385,18.40908713466361,19.02299209608545,19.642559038205366,19.902143586274008,,,,,,,,,,,,19.902143586274008,#000000
2022-07-06 00:00:00+00:00,8.58,9.125,8.47,8.98,4157654,0.0,0.0,0.0,0.0,0.0,0.0,0.0,0.0,,,,,,,,,,12.633213585833506,14.929877251374947,16.93726633129133,17.9715653952322,18.36216234652148,18.976185476553887,19.596595355465315,19.856431327262136,,,,,,,,,,,,19.856431327262136,#000000
2022-07-07 00:00:00+00:00,9.21,9.215,8.64,8.68,3463868,0.0,0.0,0.0,0.0,0.0,0.0,0.0,0.0,,,,,,,,,,12.606465148310592,14.895448958711302,16.899593001559463,17.934032292120754,18.32460656219494,18.93863231371229,19.55963304869478,19.819639017415216,,,,,,,,,,,,19.819639017415216,"rgba(38, 166, 154, 1.0)"
2022-07-08 00:00:00+00:00,8.74,9.22,8.72,9.07,6627493,0.0,0.0,0.0,0.0,0.0,0.0,0.0,0.0,,,,,,,,,,12.554582470479733,14.829267469226883,16.827344155042145,17.86206826089469,18.252605824152855,18.866645392295762,19.48877509074707,19.749107001700228,,,,,,,,,,,,19.749107001700228,"rgba(38, 166, 154, 1.0)"
2022-07-11 00:00:00+00:00,8.39,8.7,8.36,8.6,3566727,0.0,0.0,0.0,0.0,0.0,0.0,0.0,0.0,,,,,,,,,,12.524196247150389,14.791832385093207,16.7870174574965,17.822062563061447,18.21263263699831,18.826754336831677,19.44956904722723,19.710104862737207,,,,,,,,,,,,19.710104862737207,#000000
2022-07-12 00:00:00+00:00,8.73,8.88,8.35,8.37,3848586,0.0,0.0,0.0,0.0,0.0,0.0,0.0,0.0,,,,,,,,,,12.493271609775288,14.753006519553262,16.744820854066557,17.7800553626574,18.170613152690933,18.784755105441967,19.408227852853766,19.668955061317657,,,,,,,,,,,,19.668955061317657,#000000
2022-07-13 00:00:00+00:00,9.0,9.02,8.41,8.54,3191206,0.0,0.0,0.0,0.0,0.0,0.0,0.0,0.0,,,,,,,,,,12.469032496105898,14.722000425939717,16.710833547536428,17.74610717421171,18.13661913120501,18.750726348231247,19.374683393837678,19.635547642027856,,,,,,,,,,,,19.635547642027856,"rgba(38, 166, 154, 1.0)"
2022-07-14 00:00:00+00:00,8.74,8.9,8.51,8.76,4362790,0.0,0.0,0.0,0.0,0.0,0.0,0.0,0.0,,,,,,,,,,12.435573893147321,14.679469895976045,16.664293528085903,17.699628843583742,18.090081363477104,18.70414530840856,19.328763780251307,19.58981569395641,,,,,,,,,,,,19.58981569395641,#000000
2022-07-15 00:00:00+00:00,8.7,8.91,8.41,8.84,4055281,0.0,0.0,0.0,0.0,0.0,0.0,0.0,0.0,,,,,,,,,,12.404648077760784,14.640190398449903,16.62128395275366,17.656647211905124,18.04703617023646,18.661047493886056,19.28626135717094,19.54748128980686,,,,,,,,,,,,19.54748128980686,#000000
2022-07-18 00:00:00+00:00,8.64,9.11,8.61,8.85,5199436,0.0,0.0,0.0,0.0,0.0,0.0,0.0,0.0,,,,,,,,,,12.366914931005445,14.591516404129841,16.567589112127106,17.60282173888307,17.99307896878622,18.606949837263755,19.232837517295252,19.494241401899906,,,,,,,,,,,,19.494241401899906,#000000
2022-07-19 00:00:00+00:00,8.84,8.94,8.58,8.73,4406873,0.0,0.0,0.0,0.0,0.0,0.0,0.0,0.0,,,,,,,,,,12.33554438862879,14.550891271055079,16.522652046511592,17.557709878595418,17.94783649612924,18.56156038703769,19.187981048004993,19.44952776123597,,,,,,,,,,,,19.44952776123597,#000000
2022-07-20 00:00:00+00:00,9.18,9.34,8.8,8.87,5140983,0.0,0.0,0.0,0.0,0.0,0.0,0.0,0.0,,,,,,,,,,12.302873615728938,14.506802888889485,16.47302231353268,17.50756198199499,17.897440197961433,18.51085340203984,19.13773167583134,19.399386563363997,,,,,,,,,,,,19.399386563363997,"rgba(38, 166, 154, 1.0)"
2022-07-21 00:00:00+00:00,9.05,9.14,8.74,9.08,3410896,0.0,0.0,0.0,0.0,0.0,0.0,0.0,0.0,,,,,,,,,,12.280692998865264,14.47724869730251,16.439884678396517,17.474107611336443,17.86382974516691,18.47704890132458,19.104239668771896,19.365969925963306,,,,,,,,,,,,19.365969925963306,"rgba(38, 166, 154, 1.0)"
2022-07-22 00:00:00+00:00,8.77,9.205,8.61,9.1,5210944,0.0,0.0,0.0,0.0,0.0,0.0,0.0,0.0,,,,,,,,,,12.246212567519454,14.431771410630397,16.389049626740068,17.422816949778337,17.812309961934616,18.425245385294403,19.052920749529285,19.31476935257427,,,,,,,,,,,,19.31476935257427,"rgba(38, 166, 154, 1.0)"
2022-07-25 00:00:00+00:00,8.84,9.12,8.495,8.77,5353631,0.0,0.0,0.0,0.0,0.0,0.0,0.0,0.0,,,,,,,,,,12.211060473147644,14.385452079160975,16.337231417488248,17.370490682578428,17.759736706926038,18.372362968309876,19.000507512348978,19.262468102581337,,,,,,,,,,,,19.262468102581337,#000000
2022-07-26 00:00:00+00:00,8.74,9.03,8.59,8.76,5041517,0.0,0.0,0.0,0.0,0.0,0.0,0.0,0.0,,,,,,,,,,12.178307677742078,14.34228244671273,16.288875748701173,17.321613231361635,17.710613930069982,18.322929792884665,18.95148640390311,19.21354238493354,,,,,,,,,,,,19.21354238493354,#000000
2022-07-27 00:00:00+00:00,8.68,8.87,8.585,8.75,6494930,0.0,0.0,0.0,0.0,0.0,0.0,0.0,0.0,,,,,,,,,,12.136111982815189,14.286901429691381,16.226871419381734,17.258913277793713,17.647591578962327,18.25949715351444,18.888561499245753,19.15073295656079,,,,,,,,,,,,19.15073295656079,#000000
2022-07-28 00:00:00+00:00,5.1,8.75,4.0,8.66,29240991,0.0,0.0,0.0,0.0,0.0,0.0,0.0,0.0,,,,,,,,,,11.814727626877286,13.93338490851326,15.861714820382328,16.899912792377066,17.29004287904437,17.904296345222775,18.54023875512693,18.804606834322456,,,,,,,,,,,,18.804606834322456,"rgba(239, 83, 80, 0.5)"
2022-07-29 00:00:00+00:00,4.62,5.18,4.4,5.11,38491873,0.0,0.0,0.0,0.0,0.0,0.0,0.0,0.0,,,,,,,,,,11.36144045253526,13.446996970126175,15.364464945560666,16.411889799361862,16.804352343853758,17.42230737589302,18.06769184968595,18.33513480759268,,,,,,,,,,,,18.33513480759268,"rgba(239, 83, 80, 0.5)"
2022-08-01 00:00:00+00:00,4.59,4.86,4.54,4.62,15774872,0.0,0.0,0.0,0.0,0.0,0.0,0.0,0.0,,,,,,,,,,11.190219275772998,13.260721415384971,15.172028088841493,16.221881799881295,16.614897660792618,17.23378314089916,17.882278005525734,18.15071784931908,,,,,,,,,,,,18.15071784931908,"rgba(239, 83, 80, 1.0)"
2022-08-02 00:00:00+00:00,4.58,4.78,4.43,4.63,12404218,0.0,0.0,0.0,0.0,0.0,0.0,0.0,0.0,,,,,,,,,,11.060296464443695,13.118612126712623,15.024573183575603,16.075898309595736,16.469218368997886,17.08864346517557,17.739328387555275,18.008463477363243,,,,,,,,,,,,18.008463477363243,"rgba(239, 83, 80, 1.0)"
2022-08-03 00:00:00+00:00,5.2,5.255,4.57,4.61,12314544,0.0,0.0,0.0,0.0,0.0,0.0,0.0,0.0,,,,,,,,,,10.94417901703065,12.988663680316485,14.887816929992065,15.939621167010037,16.332939250076578,16.9524546906212,17.6047738829423,17.874405876857313,,,,,,,,,,,,17.874405876857313,"rgba(239, 83, 80, 1.0)"
2022-08-04 00:00:00+00:00,5.12,5.285,4.99,5.16,11294526,0.0,0.0,0.0,0.0,0.0,0.0,0.0,0.0,,,,,,,,,,10.843662197103862,12.874873226976128,14.7671562029049,15.81892680212433,16.212097368849694,16.831480740114205,17.485025236161057,17.75501586030604,,,,,,,,,,,,17.75501586030604,"rgba(239, 83, 80, 1.0)"
2022-08-05 00:00:00+00:00,5.59,5.68,4.96,5.06,9746204,0.0,0.0,0.0,0.0,0.0,0.0,0.0,0.0,,,,,,,,,,10.763770419684894,12.782733847341117,14.668349025236422,15.719580440718465,16.112464781865842,16.731499875577594,17.385812271707863,17.65600854970882,,,,,,,,,,,,17.65600854970882,"rgba(239, 83, 80, 0.5)"
2022-08-08 00:00:00+00:00,5.84,5.89,5.58,5.61,7772858,0.0,0.0,0.0,0.0,0.0,0.0,0.0,0.0,,,,,,,,,,10.705891516808432,12.714373984144336,14.594037326750932,15.644417676964954,16.03694170901976,16.65550430739729,17.310191927924876,17.580466649450162,,,,,,,,,,,,17.580466649450162,"rgba(239, 83, 80, 0.5)"
2022-08-09 00:00:00+00:00,5.18,5.84,5.07,5.43,14424376,0.0,0.0,0.0,0.0,0.0,0.0,0.0,0.0,,,,,,,,,,10.593401148499863,12.583759021113718,14.453166850991863,15.502280677981865,15.894237247110551,16.5120676519911,17.16758396195582,17.438055071331366,,,,,,,,,,,,17.438055071331366,"rgba(239, 83, 80, 0.5)"
2022-08-10 00:00:00+00:00,5.65,5.7,5.165,5.32,10873858,0.0,0.0,0.0,0.0,0.0,0.0,0.0,0.0,,,,,,,,,,10.513896096903956,12.490194917863255,14.351392582837372,15.399162817118729,15.790570068737106,16.407667270423243,17.063572574625628,17.334107442928946,,,,,,,,,,,,17.334107442928946,"rgba(239, 83, 80, 0.5)"
2022-08-11 00:00:00+00:00,6.2,6.64,5.69,5.7,12425615,0.0,0.0,0.0,0.0,0.0,0.0,0.0,0.0,,,,,,,,,,10.437815429465422,12.396255462104408,14.246510028575319,15.291727806333054,15.682185445041073,16.297968674248914,16.953742499571884,17.224140999961424,,,,,,,,,,,,17.224140999961424,"rgba(239, 83, 80, 0.5)"
2022-08-12 00:00:00+00:00,6.01,6.3,5.99,6.18,6588147,0.0,0.0,0.0,0.0,0.0,0.0,0.0,0.0,,,,,,,,,,10.397843245529579,12.346973165319056,14.191466951108273,15.23530356602669,15.625249091526017,16.240321229680532,16.895996099192523,17.16631223801345,,,,,,,,,,,,17.16631223801345,"rgba(239, 83, 80, 0.5)"
2022-08-15 00:00:00+00:00,6.28,6.31,5.9,5.99,5056207,0.0,0.0,0.0,0.0,0.0,0.0,0.0,0.0,,,,,,,,,,10.368106669414757,12.310048780169213,14.150051629139417,15.19276424933987,15.582296463664857,16.196792235953705,16.85235007133502,17.122588226271898,,,,,,,,,,,,17.122588226271898,"rgba(239, 83, 80, 0.5)"
2022-08-16 00:00:00+00:00,6.36,6.48,6.0,6.26,6506192,0.0,0.0,0.0,0.0,0.0,0.0,0.0,0.0,,,,,,,,,,10.33149620195147,12.264068914048428,14.098153384819746,15.13930894951701,15.528274124400475,16.14197541619663,16.79731441763971,17.06742754221061,,,,,,,,,,,,17.06742754221061,"rgba(239, 83, 80, 0.5)"
2022-08-17 00:00:00+00:00,5.94,6.23,5.93,6.19,5396023,0.0,0.0,0.0,0.0,0.0,0.0,0.0,0.0,,,,,,,,,,10.299807888032127,12.224913188802585,14.054285376079832,15.094237987511194,15.482761106246702,16.095844094664738,16.75104207769656,17.021066658477856,,,,,,,,,,,,17.021066658477856,"rgba(239, 83, 80, 0.5)"
2022-08-18 00:00:00+00:00,5.75,5.97,5.6,5.96,4017202,0.0,0.0,0.0,0.0,0.0,0.0,0.0,0.0,,,,,,,,,,10.275099236232341,12.194870084756857,14.020886776553604,15.06001791557803,15.448235617051642,16.060892635930458,16.71602156981066,16.98599360638759,,,,,,,,,,,,16.98599360638759,"rgba(239, 83, 80, 0.5)"
2022-08-19 00:00:00+00:00,5.45,5.75,5.42,5.69,3969177,0.0,0.0,0.0,0.0,0.0,0.0,0.0,0.0,,,,,,,,,,10.249697769158331,12.164391030922998,13.987224860109853,15.025609482994932,15.413546266679964,16.025812694991405,16.68090532922821,16.950837330870524,,,,,,,,,,,,16.950837330870524,"rgba(239, 83, 80, 0.5)"
2022-08-22 00:00:00+00:00,5.6,5.66,5.25,5.6,8295114,0.0,0.0,0.0,0.0,0.0,0.0,0.0,0.0,,,,,,,,,,10.197075348330197,12.101238629487012,13.917429438755313,14.954222066223851,15.341561825265766,15.952996089040345,16.607985167392,16.877823824525855,,,,,,,,,,,,16.877823824525855,"rgba(239, 83, 80, 0.5)"
2022-08-23 00:00:00+00:00,5.26,5.58,5.24,5.55,4515790,0.0,0.0,0.0,0.0,0.0,0.0,0.0,0.0,,,,,,,,,,10.168055801902797,12.06662381570193,13.879274932411489,14.915224887730217,15.302247430092693,15.913239462977662,16.568179345253387,16.837970104169926,,,,,,,,,,,,16.837970104169926,"rgba(239, 83, 80, 0.5)"
2022-08-24 00:00:00+00:00,5.27,5.57,5.21,5.27,7847584,0.0,0.0,0.0,0.0,0.0,0.0,0.0,0.0,,,,,,,,,,10.118341952134507,12.007219579507737,13.813695930889184,14.848133937196563,15.234590232754162,15.84479052423168,16.49960940797646,16.76930433003659,,,,,,,,,,,,16.76930433003659,"rgba(239, 83, 80, 0.5)"
2022-08-25 00:00:00+00:00,5.53,5.64,5.25,5.32,3689655,0.0,0.0,0.0,0.0,0.0,0.0,0.0,0.0,,,,,,,,,,10.095916557453394,11.980162210599149,13.783654522990636,14.817319748016109,15.203490084322446,15.813288530744646,16.468012562727623,16.737648652782017,,,,,,,,,,,,16.737648652782017,"rgba(239, 83, 80, 0.5)"
2022-08-26 00:00:00+00:00,5.18,5.6,5.16,5.55,3859793,0.0,0.0,0.0,0.0,0.0,0.0,0.0,0.0,,,,,,,,,,10.071883640222827,11.951405828903422,13.751857963724325,14.784752428593963,15.170635721185112,15.780031290734708,16.434673740770158,16.70425490542335,,,,,,,,,,,,16.70425490542335,"rgba(239, 83, 80, 0.5)"
2022-08-29 00:00:00+00:00,5.07,5.185,5.01,5.06,3460439,0.0,0.0,0.0,0.0,0.0,0.0,0.0,0.0,,,,,,,,,,10.049532596457237,11.924968078790934,13.72279881486037,14.755054743801535,15.140697549297892,15.74975650180436,16.40435200889212,16.673893686490526,,,,,,,,,,,,16.673893686490526,"rgba(239, 83, 80, 0.5)"
2022-08-30 00:00:00+00:00,5.12,5.31,4.99,5.11,6592049,0.0,0.0,0.0,0.0,0.0,0.0,0.0,0.0,,,,,,,,,,10.007942148353568,11.875540697649436,13.66830587074887,14.69928152669086,15.084445884960859,15.692832852949623,16.3472977153762,16.61674928928903,,,,,,,,,,,,16.61674928928903,"rgba(239, 83, 80, 0.5)"
2022-08-31 00:00:00+00:00,5.97,6.33,5.3,5.31,26205315,0.0,0.0,0.0,0.0,0.0,0.0,0.0,0.0,,,,,,,,,,9.873023483308382,11.706425112476456,13.476244139063578,14.500199775921681,14.882843138374826,15.48763396157293,16.140435642810488,16.409110745009198,,,,,,,,,,,,16.409110745009198,"rgba(239, 83, 80, 0.5)"
2022-09-01 00:00:00+00:00,6.59,6.69,5.73,5.76,18526022,0.0,0.0,0.0,0.0,0.0,0.0,0.0,0.0,,,,,,,,,,9.79340799067759,11.601668404310244,13.354112872393952,14.37215924888521,14.752715018330838,15.35450089256,16.005520338427253,16.273425163852753,,,,,,,,,,,,16.273425163852753,#000000
2022-09-02 00:00:00+00:00,6.45,6.75,6.255,6.66,8195985,0.0,0.0,0.0,0.0,0.0,0.0,0.0,0.0,,,,,,,,,,9.760781124353343,11.557885843260049,13.302518815825204,14.317808468875832,14.697394267000066,15.297778988805176,15.947908495376392,16.21543556628986,,,,,,,,,,,,16.21543556628986,"rgba(38, 166, 154, 1.0)"
2022-09-06 00:00:00+00:00,6.49,6.57,6.21,6.48,6478504,0.0,0.0,0.0,0.0,0.0,0.0,0.0,0.0,,,,,,,,,,9.734966128853625,11.52339033914058,13.261917622029447,14.275040087021983,14.653862738302129,15.253143881957927,15.902566787010866,16.169794288594787,,,,,,,,,,,,16.169794288594787,"rgba(38, 166, 154, 1.0)"
2022-09-07 00:00:00+00:00,6.95,7.08,6.37,6.48,9466487,0.0,0.0,0.0,0.0,0.0,0.0,0.0,0.0,,,,,,,,,,9.7021646269815,11.477472101227594,13.206665628320241,14.216331342376131,14.59394483020218,15.191471942988207,15.839685747787495,16.106410503345405,,,,,,,,,,,,16.106410503345405,"rgba(38, 166, 154, 1.0)"
2022-09-08 00:00:00+00:00,6.7,7.325,5.86,6.8,28280947,0.0,0.0,0.0,0.0,0.0,0.0,0.0,0.0,,,,,,,,,,9.60285023645746,11.340614881603903,13.042813124289932,14.042371427580713,14.416439937514893,15.008812018987642,15.65342868896021,15.918658688349934,,,,,,,,,,,,15.918658688349934,"rgba(38, 166, 154, 1.0)"
2022-09-09 00:00:00+00:00,7.4,7.69,6.7,6.71,21269127,0.0,0.0,0.0,0.0,0.0,0.0,0.0,0.0,,,,,,,,,,9.547350959930077,11.255871098157257,12.93654044486224,13.927470997447486,14.298537274212485,14.886518765454618,15.52775124783778,15.791606911303884,,,,,,,,,,,,15.791606911303884,"rgba(38, 166, 154, 1.0)"
2022-09-12 00:00:00+00:00,7.26,7.55,7.185,7.35,10667972,0.0,0.0,0.0,0.0,0.0,0.0,0.0,0.0,,,,,,,,,,9.5212975693138,11.215383971110768,12.885319941036093,13.871870704452963,14.241412670007195,14.827159755761913,15.46663195235192,15.729775233188253,,,,,,,,,,,,15.729775233188253,"rgba(38, 166, 154, 1.0)"
2022-09-13 00:00:00+00:00,7.36,7.49,6.82,6.88,12594656,0.0,0.0,0.0,0.0,0.0,0.0,0.0,0.0,,,,,,,,,,9.489833379958174,11.167343440156467,12.824884628891004,13.806355951630724,14.174126736429338,14.757274214816388,15.394691921423885,15.657003155370719,,,,,,,,,,,,15.657003155370719,"rgba(38, 166, 154, 1.0)"
2022-09-14 00:00:00+00:00,7.85,8.25,7.37,7.39,16005163,0.0,0.0,0.0,0.0,0.0,0.0,0.0,0.0,,,,,,,,,,9.461332339989006,11.116974612168667,12.757950260848796,13.732360879388244,14.097681850140402,14.677223344321229,15.311644290239885,15.572755092387844,,,,,,,,,,,,15.572755092387844,"rgba(38, 166, 154, 1.0)"
2022-09-15 00:00:00+00:00,7.64,8.1,7.6,7.84,9862560,0.0,0.0,0.0,0.0,0.0,0.0,0.0,0.0,,,,,,,,,,9.443798155474136,11.086286910829985,12.717234946581478,13.687341059185355,14.05116628227119,14.62850291282238,15.261079609774152,15.52145163619276,,,,,,,,,,,,15.52145163619276,"rgba(38, 166, 154, 1.0)"
2022-09-16 00:00:00+00:00,7.38,7.5199,7.15,7.5,6507784,0.0,0.0,0.0,0.0,0.0,0.0,0.0,0.0,,,,,,,,,,9.429488179818925,11.06375118093111,12.688423408861448,13.655870438162097,14.018767269328917,14.594734954128018,15.226188172511522,15.486107487614902,,,,,,,,,,,,15.486107487614902,"rgba(38, 166, 154, 1.0)"
2022-09-19 00:00:00+00:00,7.39,7.4199,7.0,7.33,5939505,0.0,0.0,0.0,0.0,0.0,0.0,0.0,0.0,,,,,,,,,,9.41610154846199,11.042981340858141,12.662006418250185,13.627058560619785,13.989118219244531,14.563850727047955,15.194290381695653,15.453800944727597,,,,,,,,,,,,15.453800944727597,"rgba(38, 166, 154, 0.75)"
2022-09-20 00:00:00+00:00,7.14,7.5,7.065,7.23,5242532,0.0,0.0,0.0,0.0,0.0,0.0,0.0,0.0,,,,,,,,,,9.404232641169346,11.024668632969258,12.638752613178115,13.601704081501627,13.963028892468923,14.53667655785093,15.166224105204535,15.42537484804434,,,,,,,,,,,,15.42537484804434,"rgba(38, 166, 154, 0.75)"
2022-09-21 00:00:00+00:00,7.1,7.405,7.0,7.1,7952141,0.0,0.0,0.0,0.0,0.0,0.0,0.0,0.0,,,,,,,,,,9.385928050908168,10.996741971171174,12.603427485024184,13.563228044995519,13.923449418935991,14.495467043368853,15.123672871917002,15.382282144603616,,,,,,,,,,,,15.382282144603616,"rgba(38, 166, 154, 0.75)"
2022-09-22 00:00:00+00:00,7.15,7.225,6.885,7.11,9631073,0.0,0.0,0.0,0.0,0.0,0.0,0.0,0.0,,,,,,,,,,9.36335439814317,10.962745996463836,12.560616565811305,13.516653093961517,13.87555452147205,14.445620581621627,15.072217330117642,15.330176826371568,,,,,,,,,,,,15.330176826371568,"rgba(38, 166, 154, 0.75)"
2022-09-23 00:00:00+00:00,7.04,7.07,6.66,6.97,7489724,0.0,0.0,0.0,0.0,0.0,0.0,0.0,0.0,,,,,,,,,,9.344866182458132,10.93561753260035,12.526800864661746,13.479985601435299,13.837884781726533,14.406467933675037,15.03184626525836,15.28931277965509,,,,,,,,,,,,15.28931277965509,"rgba(38, 166, 154, 0.75)"
2022-09-26 00:00:00+00:00,7.31,7.63,6.97,7.0,9013418,0.0,0.0,0.0,0.0,0.0,0.0,0.0,0.0,,,,,,,,,,9.326418606378732,10.9064959787139,12.48936332812822,13.43892200260858,13.795551121761338,14.362252576535772,14.986041558487672,15.242869036595769,,,,,,,,,,,,15.242869036595769,"rgba(38, 166, 154, 0.75)"
2022-09-27 00:00:00+00:00,7.16,7.6,7.03,7.43,6262439,0.0,0.0,0.0,0.0,0.0,0.0,0.0,0.0,,,,,,,,,,9.313546902563218,10.8863144162674,12.463468265047675,13.410527466267718,13.766280345017288,14.33168260104431,14.95437119011611,15.21075615033913,,,,,,,,,,,,15.21075615033913,"rgba(38, 166, 154, 0.75)"
2022-09-28 00:00:00+00:00,7.47,7.715,7.21,7.27,5207012,0.0,0.0,0.0,0.0,0.0,0.0,0.0,0.0,,,,,,,,,,9.304006926306865,10.870628188112672,12.442959406204977,13.38788442553112,13.742890228843997,14.307183921953841,14.928920733621752,15.184924044221038,,,,,,,,,,,,15.184924044221038,"rgba(38, 166, 154, 0.75)"
2022-09-29 00:00:00+00:00,6.95,7.38,6.89,7.38,6909067,0.0,0.0,0.0,0.0,0.0,0.0,0.0,0.0,,,,,,,,,,9.288835728560338,10.847666879125443,12.413884290894353,13.356135533714712,13.710201532879625,14.273100360810368,14.893658820141534,15.14918727586617,,,,,,,,,,,,15.14918727586617,"rgba(38, 166, 154, 0.75)"
2022-09-30 00:00:00+00:00,6.89,7.25,6.79,6.93,5190188,0.0,0.0,0.0,0.0,0.0,0.0,0.0,0.0,,,,,,,,,,9.277082589004312,10.830162733126437,12.391857316930398,13.332130791525223,13.68550071416915,14.247365886915393,14.867052236014608,15.122228882997543,,,,,,,,,,,,15.122228882997543,#000000
2022-10-03 00:00:00+00:00,7.03,7.145,6.76,6.96,4277203,0.0,0.0,0.0,0.0,0.0,0.0,0.0,0.0,,,,,,,,,,9.267493282073612,10.815862399051218,12.373844257899826,13.312489138313726,13.665285737680785,14.226299135870079,14.845264553727313,15.100150464865845,,,,,,,,,,,,15.100150464865845,#000000
2022-10-04 00:00:00+00:00,7.54,7.56,7.21,7.25,5194030,0.0,0.0,0.0,0.0,0.0,0.0,0.0,0.0,,,,,,,,,,9.258265592620036,10.800695964334771,12.353975100603368,13.29051404849108,13.642572248686662,14.202487674805155,14.82049997029912,15.07500387046702,,,,,,,,,,,,15.07500387046702,"rgba(38, 166, 154, 1.0)"
2022-10-05 00:00:00+00:00,7.58,7.67,7.3,7.47,2863017,0.0,0.0,0.0,0.0,0.0,0.0,0.0,0.0,,,,,,,,,,9.253440468542625,10.792591514186894,12.343268252951926,13.278635800349525,13.630283440523346,14.18958810392527,14.807067191438971,15.061357603594276,,,,,,,,,,,,15.061357603594276,"rgba(38, 166, 154, 1.0)"
2022-10-06 00:00:00+00:00,7.39,7.67,7.27,7.53,2757643,0.0,0.0,0.0,0.0,0.0,0.0,0.0,0.0,,,,,,,,,,9.24862297276345,10.784649179607312,12.332844181652218,13.267095825450808,13.618352028089426,14.177074251297565,14.794045765022894,15.048132792457954,,,,,,,,,,,,15.048132792457954,"rgba(38, 166, 154, 1.0)"
2022-10-07 00:00:00+00:00,6.81,7.37,6.7,7.25,5931642,0.0,0.0,0.0,0.0,0.0,0.0,0.0,0.0,,,,,,,,,,9.235595832732187,10.765239496876625,12.30837015619648,13.240380263041446,13.590846429329059,14.148393072025335,14.764360925027397,15.018043386257837,,,,,,,,,,,,15.018043386257837,#000000
2022-10-10 00:00:00+00:00,6.76,6.965,6.575,6.75,3834104,0.0,0.0,0.0,0.0,0.0,0.0,0.0,0.0,,,,,,,,,,9.226545231011254,10.752165797107967,12.292101317026288,13.222704023273907,13.572673051312876,14.129479717586433,14.744820232243386,14.998249200636275,,,,,,,,,,,,14.998249200636275,#000000
2022-10-11 00:00:00+00:00,6.61,6.9,6.5,6.62,3472585,0.0,0.0,0.0,0.0,0.0,0.0,0.0,0.0,,,,,,,,,,9.218085203687453,10.740112969183148,12.277192343936818,13.206539114338966,13.556063983758271,14.112209353406245,14.72699082010346,14.98019362404101,,,,,,,,,,,,14.98019362404101,"rgba(239, 83, 80, 0.5)"
2022-10-12 00:00:00+00:00,6.73,6.76,6.36,6.59,3030797,0.0,0.0,0.0,0.0,0.0,0.0,0.0,0.0,,,,,,,,,,9.210593510686776,10.729514456650962,12.264121435030397,13.192381188774846,13.54152136639918,14.09709382547067,14.711391337043173,14.964398243633811,,,,,,,,,,,,14.964398243633811,"rgba(239, 83, 80, 0.5)"
2022-10-13 00:00:00+00:00,6.5,6.72,6.175,6.36,4774389,0.0,0.0,0.0,0.0,0.0,0.0,0.0,0.0,,,,,,,,,,9.198194096484176,10.712317158582808,12.243103246987486,13.169689738496158,13.518236688563455,14.072925451132848,14.686480805551696,14.939186690067839,,,,,,,,,,,,14.939186690067839,"rgba(239, 83, 80, 0.5)"
2022-10-14 00:00:00+00:00,6.45,6.545,6.27,6.53,5225419,0.0,0.0,0.0,0.0,0.0,0.0,0.0,0.0,,,,,,,,,,9.184537927058468,10.69346311541041,12.220102220192112,13.144870080786403,13.49277184412471,14.04649909029365,14.659246143533961,14.91162408510503,,,,,,,,,,,,14.91162408510503,"rgba(239, 83, 80, 1.0)"
2022-10-17 00:00:00+00:00,6.89,7.08,6.56,6.62,2875446,0.0,0.0,0.0,0.0,0.0,0.0,0.0,0.0,,,,,,,,,,9.178218516765467,10.684175762585676,12.208437366470902,13.132141743090427,13.479667813538034,14.03283479175884,14.645099093109602,14.89728240363703,,,,,,,,,,,,14.89728240363703,"rgba(239, 83, 80, 0.5)"
2022-10-18 00:00:00+00:00,6.79,7.19,6.77,7.07,3844717,0.0,0.0,0.0,0.0,0.0,0.0,0.0,0.0,,,,,,,,,,9.170085750041576,10.672063324981847,12.193131422077297,13.11540051292461,13.462419814909987,14.014830786479187,14.626440152773268,14.878359702794032,,,,,,,,,,,,14.878359702794032,"rgba(239, 83, 80, 0.5)"
2022-10-19 00:00:00+00:00,6.35,6.79,6.3,6.79,4487303,0.0,0.0,0.0,0.0,0.0,0.0,0.0,0.0,,,,,,,,,,9.15884229129917,10.656392222905493,12.1739097699835,13.09460651147826,13.44106808201255,13.992646936043233,14.60354927750038,14.855182446799791,,,,,,,,,,,,14.855182446799791,"rgba(239, 83, 80, 0.75)"
2022-10-20 00:00:00+00:00,6.41,6.5409,6.295,6.33,2362216,0.0,0.0,0.0,0.0,0.0,0.0,0.0,0.0,,,,,,,,,,9.152819120496003,10.648062514117978,12.163728549406576,13.08360580322899,13.429776451891797,13.980921142973965,14.591455057683937,14.842938887881267,,,,,,,,,,,,14.842938887881267,"rgba(239, 83, 80, 0.75)"
2022-10-21 00:00:00+00:00,6.72,6.765,6.195,6.29,4982510,0.0,0.0,0.0,0.0,0.0,0.0,0.0,0.0,,,,,,,,,,9.140868020278091,10.631196875946028,12.142909000374528,13.061021875625345,13.406567032805198,13.956777866804373,14.566511482278226,14.817671667925133,,,,,,,,,,,,14.817671667925133,"rgba(239, 83, 80, 0.75)"
2022-10-24 00:00:00+00:00,6.7,6.81,6.47,6.77,2918536,0.0,0.0,0.0,0.0,0.0,0.0,0.0,0.0,,,,,,,,,,9.134187885584824,10.621623275443131,12.131002667210486,13.048068046264385,13.393242169087902,13.942898823275977,14.55215404588114,14.803121072297708,,,,,,,,,,,,14.803121072297708,"rgba(239, 83, 80, 0.75)"
2022-10-25 00:00:00+00:00,6.92,7.08,6.68,6.7,3614607,0.0,0.0,0.0,0.0,0.0,0.0,0.0,0.0,,,,,,,,,,9.126739788035188,10.610524761288394,12.11695401516168,13.032680580868744,13.377381474686642,13.926331020438484,14.534968065945447,14.785686267937713,,,,,,,,,,,,14.785686267937713,#000000
2022-10-26 00:00:00+00:00,7.18,7.39,6.9449,6.97,2973455,0.0,0.0,0.0,0.0,0.0,0.0,0.0,0.0,,,,,,,,,,9.121408691462394,10.602124134225594,12.106066365857583,13.02065126334353,13.364949547113348,13.913297253473091,14.521400988863284,14.771905238389055,,,,,,,,,,,,14.771905238389055,#000000
2022-10-27 00:00:00+00:00,6.66,7.27,6.64,7.25,3227034,0.0,0.0,0.0,0.0,0.0,0.0,0.0,0.0,,,,,,,,,,9.114726425726097,10.592220595096187,12.093553550707053,13.00695181154931,13.35083035889967,13.898550545996816,14.506104792304873,14.756387811631068,,,,,,,,,,,,14.756387811631068,#000000
2022-10-28 00:00:00+00:00,6.59,6.69,6.4,6.63,2557897,0.0,0.0,0.0,0.0,0.0,0.0,0.0,0.0,,,,,,,,,,9.108765490630349,10.58378724609515,12.083118147557645,12.995614471453647,13.339173016953445,13.886414738080983,14.493555081943942,14.743670850033599,,,,,,,,,,,,14.743670850033599,#000000
2022-10-31 00:00:00+00:00,6.5,6.75,6.4285,6.58,2696073,0.0,0.0,0.0,0.0,0.0,0.0,0.0,0.0,,,,,,,,,,9.10251136086845,10.574935335460486,12.072160559713812,12.983706854336042,13.32692829545186,13.873665864833299,14.480369452558518,14.730308756691247,,,,,,,,,,,,14.730308756691247,"rgba(239, 83, 80, 1.0)"
2022-11-01 00:00:00+00:00,6.9,7.03,6.67,6.7,7521219,0.0,0.0,0.0,0.0,0.0,0.0,0.0,0.0,,,,,,,,,,9.08731331097103,10.552319167463425,12.043511324454785,12.952297191761868,13.294541783161677,13.839817607127504,14.445233693786264,14.69465489581389,,,,,,,,,,,,14.69465489581389,#000000
2022-11-02 00:00:00+00:00,6.53,6.94,6.51,6.94,3441813,0.0,0.0,0.0,0.0,0.0,0.0,0.0,0.0,,,,,,,,,,9.079786304607875,10.541486262844279,12.029986758276037,12.937546550020327,13.279356291109936,13.823981161196858,14.42882749642203,14.678018894789435,,,,,,,,,,,,14.678018894789435,#000000
2022-11-03 00:00:00+00:00,6.45,7.04,6.2,6.44,5873945,0.0,0.0,0.0,0.0,0.0,0.0,0.0,0.0,,,,,,,,,,9.066538755391683,10.522679995406872,12.006648748472964,12.912146367848415,13.253223875749052,13.796752233901268,14.400640697159526,14.649445353439049,,,,,,,,,,,,14.649445353439049,"rgba(239, 83, 80, 1.0)"
2022-11-04 00:00:00+00:00,7.02,7.09,6.49,6.63,5391225,0.0,0.0,0.0,0.0,0.0,0.0,0.0,0.0,,,,,,,,,,9.055960637915623,10.506885483660165,11.986587263178958,12.890116437724854,13.230496800980353,13.772980598678934,14.375941925502278,14.624373679650917,,,,,,,,,,,,14.624373679650917,#000000
2022-11-07 00:00:00+00:00,7.39,7.46,6.97,7.05,3443881,0.0,0.0,0.0,0.0,0.0,0.0,0.0,0.0,,,,,,,,,,9.050501799565126,10.49798646495991,11.974865267735588,12.877072133610573,13.216985697715822,13.758769739212173,14.361098940033408,14.609277559368547,,,,,,,,,,,,14.609277559368547,"rgba(38, 166, 154, 0.5)"
2022-11-08 00:00:00+00:00,7.08,7.41,6.93,7.41,2757515,0.0,0.0,0.0,0.0,0.0,0.0,0.0,0.0,,,,,,,,,,9.04582882606478,10.490603089028644,11.965256430095822,12.866423681405882,13.205969764758207,13.747202813625726,14.349036078962282,14.597015840519191,,,,,,,,,,,,14.597015840519191,"rgba(38, 166, 154, 0.5)"
2022-11-09 00:00:00+00:00,6.56,7.02,6.52,7.02,3118473,0.0,0.0,0.0,0.0,0.0,0.0,0.0,0.0,,,,,,,,,,9.039357896968472,10.48120088015008,11.953449007564359,12.853507236499034,13.19265971079834,13.733302516890513,14.334612993982258,14.582382133835264,,,,,,,,,,,,14.582382133835264,#000000
2022-11-10 00:00:00+00:00,7.37,7.51,6.86,6.86,8138020,0.0,0.0,0.0,0.0,0.0,0.0,0.0,0.0,,,,,,,,,,9.02654529087865,10.46039874015725,11.926064664482796,12.823025680964253,13.161083756256442,13.700084488668054,14.299906012898468,14.547078819414283,,,,,,,,,,,,14.547078819414283,"rgba(38, 166, 154, 0.5)"
2022-11-11 00:00:00+00:00,7.46,7.595,7.17,7.48,3117680,0.0,0.0,0.0,0.0,0.0,0.0,0.0,0.0,,,,,,,,,,9.022126609707229,10.452897480853045,11.916017477768712,12.811771810443629,13.149403892952947,13.687765148002605,14.287002331998167,14.533941470871127,,,,,,,,,,,,14.533941470871127,"rgba(38, 166, 154, 1.0)"
2022-11-14 00:00:00+00:00,7.14,7.48,7.13,7.46,2833348,0.0,0.0,0.0,0.0,0.0,0.0,0.0,0.0,,,,,,,,,,9.017739848499255,10.445759378086334,11.906605910722181,12.80128628652175,13.138538682533435,13.676329854312224,14.275048339659394,14.521779753057807,,,,,,,,,,,,14.521779753057807,"rgba(38, 166, 154, 0.5)"
2022-11-15 00:00:00+00:00,7.18,7.4,7.085,7.27,2863060,0.0,0.0,0.0,0.0,0.0,0.0,0.0,0.0,,,,,,,,,,9.013258395699014,10.438515003896422,11.89707650547831,12.790677015983201,13.12754747977432,13.6647650713096,14.262961622881022,14.50948396180088,,,,,,,,,,,,14.50948396180088,"rgba(38, 166, 154, 0.5)"
2022-11-16 00:00:00+00:00,6.97,7.13,6.79,7.08,2572292,0.0,0.0,0.0,0.0,0.0,0.0,0.0,0.0,,,,,,,,,,9.008673281921851,10.43151360480528,11.88807665590775,12.780738990685165,13.117276866691046,13.653994895741377,14.251740575164977,14.498081845334262,,,,,,,,,,,,14.498081845334262,#000000
2022-11-17 00:00:00+00:00,7.56,8.25,6.685,6.85,18533537,0.0,0.0,0.0,0.0,0.0,0.0,0.0,0.0,,,,,,,,,,8.984719079994445,10.389544931505453,11.831130409371871,12.71661872180939,13.050622475249122,13.583530796811132,14.177761316065583,14.422698053267736,,,,,,,,,,,,14.422698053267736,"rgba(38, 166, 154, 1.0)"
2022-11-18 00:00:00+00:00,7.57,7.685,7.3,7.59,3721666,0.0,0.0,0.0,0.0,0.0,0.0,0.0,0.0,,,,,,,,,,8.98006371906922,10.381319006503098,11.819924832280414,12.70397876791671,13.03747553257943,13.56962102343048,14.163144634816128,14.407798948784386,,,,,,,,,,,,14.407798948784386,"rgba(38, 166, 154, 1.0)"
2022-11-21 00:00:00+00:00,6.94,7.44,6.885,7.39,6408850,0.0,0.0,0.0,0.0,0.0,0.0,0.0,0.0,,,,,,,,,,8.969777890932011,10.365152553636584,11.798848921047297,12.680562748872703,13.01322935152332,13.544125299438546,14.136504830857207,14.380700298012355,,,,,,,,,,,,14.380700298012355,"rgba(38, 166, 154, 0.5)"
2022-11-22 00:00:00+00:00,6.94,7.22,6.63,6.93,13429888,0.0,0.0,0.0,0.0,0.0,0.0,0.0,0.0,,,,,,,,,,8.946798693368766,10.330172686354262,11.753822983545401,12.630750323519173,12.961715722879774,13.490049191089005,14.080086563159544,14.323341329366611,,,,,,,,,,,,14.323341329366611,#000000
2022-11-23 00:00:00+00:00,6.75,6.97,6.61,6.92,6127384,0.0,0.0,0.0,0.0,0.0,0.0,0.0,0.0,,,,,,,,,,8.935701469959813,10.313739610787636,11.732911160512979,12.607705362807055,12.937911220520778,13.465099790971545,14.054092417058483,14.296926985878398,,,,,,,,,,,,14.296926985878398,#000000
2022-11-25 00:00:00+00:00,6.9,6.945,6.64,6.7,2528687,0.0,0.0,0.0,0.0,0.0,0.0,0.0,0.0,,,,,,,,,,8.931263615803907,10.30710054239975,11.724421704941356,12.598331626977485,12.928222690404874,13.45493660991095,14.043494627118967,14.286154494987482,,,,,,,,,,,,14.286154494987482,#000000
2022-11-28 00:00:00+00:00,6.76,6.99,6.6805,6.82,3521664,0.0,0.0,0.0,0.0,0.0,0.0,0.0,0.0,,,,,,,,,,8.92506101067258,10.297848376340198,11.712603729631098,12.585286572233818,12.91474067270778,13.440795591324731,14.028749903372752,14.271167063549498,,,,,,,,,,,,14.271167063549498,"rgba(239, 83, 80, 1.0)"
2022-11-29 00:00:00+00:00,6.82,6.91,6.67,6.86,4202001,0.0,0.0,0.0,0.0,0.0,0.0,0.0,0.0,,,,,,,,,,8.917672097506584,10.28684068262919,11.698547754936845,12.56977085681232,12.89870499558187,13.423975525288606,14.01121049701325,14.253338444732766,,,,,,,,,,,,14.253338444732766,"rgba(239, 83, 80, 1.0)"
2022-11-30 00:00:00+00:00,7.03,7.5,6.875,7.27,12042434,0.0,0.0,0.0,0.0,0.0,0.0,0.0,0.0,,,,,,,,,,8.900083446770898,10.258668633511109,11.66143157122763,12.528317373514074,12.855710058234584,13.378653998147412,13.963726254179141,14.204987383125621,,,,,,,,,,,,14.204987383125621,#000000
2022-12-01 00:00:00+00:00,7.7,7.8,7.01,7.01,13189797,0.0,0.0,0.0,0.0,0.0,0.0,0.0,0.0,,,,,,,,,,8.885150841472703,10.231955708023074,11.624717910155361,12.486685571066843,12.812333791010419,13.33264258592091,13.91522972176824,14.155497754715945,,,,,,,,,,,,14.155497754715945,"rgba(38, 166, 154, 0.5)"
2022-12-02 00:00:00+00:00,7.93,8.02,7.53,7.58,4404883,0.0,0.0,0.0,0.0,0.0,0.0,0.0,0.0,,,,,,,,,,8.881385107159117,10.22419311764358,11.613551558033466,12.473827539130866,12.798876698633517,13.318280080299484,13.900004086208295,14.139927983906968,,,,,,,,,,,,14.139927983906968,"rgba(38, 166, 154, 1.0)"
2022-12-05 00:00:00+00:00,7.55,7.92,7.485,7.88,3243550,0.0,0.0,0.0,0.0,0.0,0.0,0.0,0.0,,,,,,,,,,8.878172031307797,10.218094174030366,11.604993023911724,12.46404991703562,12.78866674553939,13.307416516572562,13.888519579550739,14.128195573599623,,,,,,,,,,,,14.128195573599623,"rgba(38, 166, 154, 1.0)"
2022-12-06 00:00:00+00:00,7.43,7.54,7.255,7.54,4074267,0.0,0.0,0.0,0.0,0.0,0.0,0.0,0.0,,,,,,,,,,8.873363739459377,10.209751570400055,11.593636293332466,12.451205971889447,12.775294350832302,13.293244959644472,13.873592916621966,14.112966873141017,,,,,,,,,,,,14.112966873141017,"rgba(38, 166, 154, 1.0)"
2022-12-07 00:00:00+00:00,7.21,7.39,7.13,7.38,3690225,0.0,0.0,0.0,0.0,0.0,0.0,0.0,0.0,,,,,,,,,,8.868548306753514,10.201795444870145,11.582999535892892,12.439250099583083,12.76286907872139,13.280109614542843,13.859788946790092,14.09889509812768,,,,,,,,,,,,14.09889509812768,"rgba(38, 166, 154, 0.75)"
2022-12-08 00:00:00+00:00,7.61,7.7,7.19,7.27,6474971,0.0,0.0,0.0,0.0,0.0,0.0,0.0,0.0,,,,,,,,,,8.861490993965976,10.189140283606374,11.565557593346291,12.419433870189915,12.742209277765982,13.258173375268699,13.836640730319006,14.07526239594071,,,,,,,,,,,,14.07526239594071,"rgba(38, 166, 154, 0.75)"
2022-12-09 00:00:00+00:00,7.63,7.87,7.56,7.59,2914447,0.0,0.0,0.0,0.0,0.0,0.0,0.0,0.0,,,,,,,,,,8.858770400702156,10.1838754045542,11.558113579645891,12.410902674117159,12.733292191239553,13.248672232292208,13.82658171364672,14.064980661394463,,,,,,,,,,,,14.064980661394463,"rgba(38, 166, 154, 0.75)"
2022-12-12 00:00:00+00:00,7.65,7.665,7.33,7.58,3771983,0.0,0.0,0.0,0.0,0.0,0.0,0.0,0.0,,,,,,,,,,8.85485459860143,10.176718561823401,11.548178842559771,12.399584870893412,12.721482900758081,13.236118872587872,13.813319502893597,14.051435159563862,,,,,,,,,,,,14.051435159563862,"rgba(38, 166, 154, 0.75)"
2022-12-13 00:00:00+00:00,7.71,8.07,7.53,7.93,5336325,0.0,0.0,0.0,0.0,0.0,0.0,0.0,0.0,,,,,,,,,,8.850287750544787,10.167508042073068,11.534981963056952,12.384390482647309,12.705579529774278,13.21914191122492,13.795312991154024,14.033017812469485,,,,,,,,,,,,14.033017812469485,"rgba(38, 166, 154, 1.0)"
2022-12-14 00:00:00+00:00,7.86,7.93,7.51,7.68,4219191,0.0,0.0,0.0,0.0,0.0,0.0,0.0,0.0,,,,,,,,,,8.846693020385198,10.160265398865521,11.52460368859984,12.372438759417083,12.693069143748275,13.2057852985013,13.781144002905592,14.018524615056645,,,,,,,,,,,,14.018524615056645,"rgba(38, 166, 154, 1.0)"
2022-12-15 00:00:00+00:00,7.73,7.79,7.59,7.75,4649147,0.0,0.0,0.0,0.0,0.0,0.0,0.0,0.0,,,,,,,,,,8.842528824043107,10.152125301333566,11.513042198834045,12.359160427861617,12.679180798710512,13.190972664792513,13.765444459597402,14.002470932628983,,,,,,,,,,,,14.002470932628983,"rgba(38, 166, 154, 1.0)"
2022-12-16 00:00:00+00:00,7.13,7.63,6.955,7.63,9428290,0.0,0.0,0.0,0.0,0.0,0.0,0.0,0.0,,,,,,,,,,8.830767143845064,10.132678577456197,11.48697372170343,12.329796638461708,12.648641811676223,13.158651964744626,13.73143095059972,13.967779110560526,,,,,,,,,,,,13.967779110560526,"rgba(38, 166, 154, 0.75)"
2022-12-19 00:00:00+00:00,7.0,7.15,6.98,7.08,2837115,0.0,0.0,0.0,0.0,0.0,0.0,0.0,0.0,,,,,,,,,,8.826832286953618,10.126486633274368,11.478834257808078,12.320690536957555,12.639190356171866,13.14867668028123,13.720959748122711,13.95710887615467,,,,,,,,,,,,13.95710887615467,#000000
2022-12-20 00:00:00+00:00,6.8,7.02,6.66,6.95,9617939,0.0,0.0,0.0,0.0,0.0,0.0,0.0,0.0,,,,,,,,,,8.812015945633748,10.104216899622248,11.45012454294342,12.28879468418275,12.606153891775556,13.113909337410087,13.68456071865292,13.920053802336511,,,,,,,,,,,,13.920053802336511,"rgba(239, 83, 80, 1.0)"
2022-12-21 00:00:00+00:00,6.91,7.0,6.77,6.82,7155153,0.0,0.0,0.0,0.0,0.0,0.0,0.0,0.0,,,,,,,,,,8.801500484133367,10.08817664541351,11.429299770395493,12.265592038891718,12.58210008266196,13.088563265816784,13.65799125371461,13.892992728109949,,,,,,,,,,,,13.892992728109949,"rgba(239, 83, 80, 1.0)"
2022-12-22 00:00:00+00:00,6.53,6.87,6.3432,6.82,16350657,0.0,0.0,0.0,0.0,0.0,0.0,0.0,0.0,,,,,,,,,,8.774035838012644,10.048592373416419,11.37919155130422,12.210273285102764,12.524910496920223,13.028530924291298,13.595282245860913,13.8292052944386,,,,,,,,,,,,13.8292052944386,"rgba(239, 83, 80, 1.0)"
2022-12-23 00:00:00+00:00,6.33,6.49,6.18,6.46,3982794,0.0,0.0,0.0,0.0,0.0,0.0,0.0,0.0,,,,,,,,,,8.766704265632047,10.038405928643872,11.366520251389431,12.196375236925736,12.510570870287914,13.013519822977724,13.579641595658693,13.81331045138563,,,,,,,,,,,,13.81331045138563,"rgba(239, 83, 80, 1.0)"
2022-12-27 00:00:00+00:00,6.2,6.29,6.11,6.22,3973409,0.0,0.0,0.0,0.0,0.0,0.0,0.0,0.0,,,,,,,,,,8.759035349440374,10.027935280909185,11.353608861133454,12.18226145585466,12.496023706275675,12.998313445434427,13.563818912163764,13.797238623281629,,,,,,,,,,,,13.797238623281629,"rgba(239, 83, 80, 1.0)"
2022-12-28 00:00:00+00:00,6.09,6.24,5.985,6.18,3930648,0.0,0.0,0.0,0.0,0.0,0.0,0.0,0.0,,,,,,,,,,8.751213958437217,10.01737770276304,11.340665482817743,12.168144100497521,12.481482790429999,12.98312807517097,13.548032056351554,13.781208407123748,,,,,,,,,,,,13.781208407123748,"rgba(239, 83, 80, 1.0)"
2022-12-29 00:00:00+00:00,6.31,6.445,6.09,6.13,3175593,0.0,0.0,0.0,0.0,0.0,0.0,0.0,0.0,,,,,,,,,,8.74534822194457,10.009272873504205,11.330606263119726,12.15711735644177,12.470107480012665,12.97122236473379,13.535628063657095,13.768603157160207,,,,,,,,,,,,13.768603157160207,"rgba(239, 83, 80, 1.0)"
2022-12-30 00:00:00+00:00,6.28,6.36,6.12,6.17,3164698,0.0,0.0,0.0,0.0,0.0,0.0,0.0,0.0,,,,,,,,,,8.739463357318035,10.001169634569738,11.32056524078709,12.146116671647112,12.458760936122474,12.95934943702838,13.523260567907075,13.756035859554745,,,,,,,,,,,,13.756035859554745,"rgba(239, 83, 80, 1.0)"
2023-01-03 00:00:00+00:00,6.28,6.56,6.22,6.31,2518266,0.0,0.0,0.0,0.0,0.0,0.0,0.0,0.0,,,,,,,,,,8.734987935733583,9.994917910772447,11.312760683271717,12.137540323254557,12.449906648251062,12.95007209404362,13.513584228625552,13.746198479831254,,,,,,,,,,,,13.746198479831254,"rgba(239, 83, 80, 1.0)"
2023-01-04 00:00:00+00:00,6.87,6.89,6.3,6.38,3722053,0.0,0.0,0.0,0.0,0.0,0.0,0.0,0.0,,,,,,,,,,8.72932532644155,9.986559086900765,11.30204248294213,12.125638516579993,12.437579707640962,12.937098063124653,13.499993694503909,13.732359826998243,,,,,,,,,,,,13.732359826998243,"rgba(239, 83, 80, 0.75)"
2023-01-05 00:00:00+00:00,7.16,7.22,6.71,6.77,4431923,0.0,0.0,0.0,0.0,0.0,0.0,0.0,0.0,,,,,,,,,,8.723749908083358,9.977690829834469,11.290289282081487,12.11242472706868,12.423842561486357,12.922564289640803,13.484693493217382,13.716751987742265,,,,,,,,,,,,13.716751987742265,"rgba(239, 83, 80, 0.75)"
2023-01-06 00:00:00+00:00,7.47,7.56,7.07,7.22,5480916,0.0,0.0,0.0,0.0,0.0,0.0,0.0,0.0,,,,,,,,,,8.71826575259131,9.968041091947558,11.276984932681575,12.097254056340056,12.408004561583445,12.905710407943415,13.466853390298581,13.698516951909857,,,,,,,,,,,,13.698516951909857,"rgba(38, 166, 154, 1.0)"
2023-01-09 00:00:00+00:00,7.55,7.6,7.43,7.57,2872987,0.0,0.0,0.0,0.0,0.0,0.0,0.0,0.0,,,,,,,,,,8.715746945175589,9.963320689690347,11.270330917006214,12.089608226832613,12.400004390018859,12.897170734351134,13.457787649954454,13.689240759912654,,,,,,,,,,,,13.689240759912654,"rgba(38, 166, 154, 1.0)"
2023-01-10 00:00:00+00:00,7.48,7.78,7.425,7.55,8730916,0.0,0.0,0.0,0.0,0.0,0.0,0.0,0.0,,,,,,,,,,8.70838070154012,9.949291362950321,11.250441411793608,12.066706020100423,12.376025721990281,12.871552597821658,13.430567775359895,13.661380193955688,,,,,,,,,,,,13.661380193955688,"rgba(38, 166, 154, 1.0)"
2023-01-11 00:00:00+00:00,7.31,7.545,7.24,7.53,2237262,0.0,0.0,0.0,0.0,0.0,0.0,0.0,0.0,,,,,,,,,,8.70618710645102,9.945428802378784,11.245109199325704,12.060620096354222,12.36967005165545,12.864785929297993,13.423400818793684,13.65405289945658,,,,,,,,,,,,13.65405289945658,"rgba(38, 166, 154, 1.0)"
2023-01-12 00:00:00+00:00,7.34,7.41,7.15,7.36,4367628,0.0,0.0,0.0,0.0,0.0,0.0,0.0,0.0,,,,,,,,,,8.70171875792197,9.93773230120693,11.234567929638937,12.048620481901256,12.357148181242103,12.851468151688175,13.409308444801177,13.639650104187224,,,,,,,,,,,,13.639650104187224,"rgba(38, 166, 154, 1.0)"
2023-01-13 00:00:00+00:00,7.5,7.53,7.24,7.27,2843163,0.0,0.0,0.0,0.0,0.0,0.0,0.0,0.0,,,,,,,,,,8.699079848783782,9.932979322774084,11.227950322888892,12.041043668868824,12.349228079602916,12.843024817510331,13.400354130042263,13.630491171495805,,,,,,,,,,,,13.630491171495805,"rgba(38, 166, 154, 1.0)"
2023-01-17 00:00:00+00:00,7.74,7.9,7.42,7.48,7069179,0.0,0.0,0.0,0.0,0.0,0.0,0.0,0.0,,,,,,,,,,8.693910160973024,9.92247101774333,11.212727601225115,12.023380206941356,12.33069234767194,12.823159420332523,13.379181789890824,13.608796311054611,,,,,,,,,,,,13.608796311054611,"rgba(38, 166, 154, 1.0)"
2023-01-18 00:00:00+00:00,7.89,7.97,7.69,7.82,5908441,0.0,0.0,0.0,0.0,0.0,0.0,0.0,0.0,,,,,,,,,,8.690323774386735,9.91439940871718,11.200689176571709,12.009278498717965,12.31585372493463,12.807197163492011,13.362110191042188,13.591281572704858,,,,,,,,,,,,13.591281572704858,"rgba(38, 166, 154, 1.0)"
2023-01-19 00:00:00+00:00,7.77,8.0,7.61,7.89,2326697,0.0,0.0,0.0,0.0,0.0,0.0,0.0,0.0,,,,,,,,,,8.68882516158099,9.911151325020606,11.195892388086735,12.00367617550921,12.309963526473187,12.800867905533552,13.355347612000545,13.584345823760804,,,,,,,,,,,,13.584345823760804,"rgba(38, 166, 154, 1.0)"
2023-01-20 00:00:00+00:00,8.15,8.15,7.72,7.85,7922961,0.0,0.0,0.0,0.0,0.0,0.0,0.0,0.0,,,,,,,,,,8.684966196676708,9.901271724272389,11.180676788414935,11.985671084681417,12.290962523043865,12.7803477169201,13.333320644437125,13.561717376892698,,,,,,,,,,,,13.561717376892698,"rgba(38, 166, 154, 1.0)"
2023-01-23 00:00:00+00:00,8.18,8.57,8.07,8.21,9228518,0.0,0.0,0.0,0.0,0.0,0.0,0.0,0.0,,,,,,,,,,8.682271637201541,9.89149421896337,11.164609674854974,11.96629440720534,12.270405432094892,12.757989422113658,13.309164720934337,13.53684477409404,,,,,,,,,,,,13.53684477409404,"rgba(38, 166, 154, 1.0)"
2023-01-24 00:00:00+00:00,8.37,8.48,8.1,8.12,3272228,0.0,0.0,0.0,0.0,0.0,0.0,0.0,0.0,,,,,,,,,,8.68142500544232,9.888147565114423,11.159039943761563,11.959552403747018,12.26324524856795,12.750190933955295,13.300728087176418,13.528153738952355,,,,,,,,,,,,13.528153738952355,"rgba(38, 166, 154, 1.0)"
2023-01-25 00:00:00+00:00,8.38,8.44,8.215,8.3,2238245,0.0,0.0,0.0,0.0,0.0,0.0,0.0,0.0,,,,,,,,,,8.680892961583753,9.885907717424974,11.155280559841879,11.95499087335901,12.25839756548378,12.744906413447032,13.295006439356785,13.522257839807093,,,,,,,,,,,,13.522257839807093,"rgba(38, 166, 154, 1.0)"
2023-01-26 00:00:00+00:00,8.52,8.82,8.37,8.54,3865213,0.0,0.0,0.0,0.0,0.0,0.0,0.0,0.0,,,,,,,,,,8.680590935461616,9.88261757232221,11.149329982055777,11.947629922493455,12.250534004708014,12.736275541988133,13.28560451318919,13.512548879252309,,,,,,,,,,,,13.512548879252309,"rgba(38, 166, 154, 1.0)"
2023-01-27 00:00:00+00:00,8.38,8.72,8.36,8.49,4675751,0.0,0.0,0.0,0.0,0.0,0.0,0.0,0.0,,,,,,,,,,8.679954107528953,9.87840811488093,11.141936686092244,11.93854940926768,12.240851780212362,12.72567446317535,13.274080775318033,13.500657534481997,,,,,,,,,,,,13.500657534481997,"rgba(38, 166, 154, 1.0)"
2023-01-30 00:00:00+00:00,7.82,8.31,7.7136,8.31,4015260,0.0,0.0,0.0,0.0,0.0,0.0,0.0,0.0,,,,,,,,,,8.677895411629496,9.873421862607008,11.134338774160216,11.929578313162356,12.231389316980172,12.71546124247425,13.263120170362873,13.489398250460672,,,,,,,,,,,,13.489398250460672,"rgba(38, 166, 154, 0.75)"
2023-01-31 00:00:00+00:00,7.7,7.92,7.61,7.8,3064627,0.0,0.0,0.0,0.0,0.0,0.0,0.0,0.0,,,,,,,,,,8.675893844245405,9.869231019258637,11.128193312945257,11.922407929717373,12.223851648534149,12.707362225788206,13.254464104110362,13.480519285647787,,,,,,,,,,,,13.480519285647787,"rgba(38, 166, 154, 0.75)"
2023-02-01 00:00:00+00:00,7.83,7.89,7.515,7.67,6182540,0.0,0.0,0.0,0.0,0.0,0.0,0.0,0.0,,,,,,,,,,8.671889059957353,9.860833046123565,11.115869156514837,11.908022732024657,12.20872767990492,12.69110887216665,13.23708909062691,13.462695410382697,,,,,,,,,,,,13.462695410382697,"rgba(38, 166, 154, 0.75)"
2023-02-02 00:00:00+00:00,7.9,8.115,7.81,7.9,2980128,0.0,0.0,0.0,0.0,0.0,0.0,0.0,0.0,,,,,,,,,,8.670377927847253,9.857182763227046,11.110305361859206,11.901449963311498,12.201793587714922,12.683622352044035,13.229051521922393,13.45443755417487,,,,,,,,,,,,13.45443755417487,"rgba(38, 166, 154, 0.75)"
2023-02-03 00:00:00+00:00,7.86,7.975,7.66,7.76,1778364,0.0,0.0,0.0,0.0,0.0,0.0,0.0,0.0,,,,,,,,,,8.669343477807704,9.85488638887982,11.106879563943375,11.897429422961677,12.197559892311732,12.679062700730729,13.224167247812458,13.449423419680269,,,,,,,,,,,,13.449423419680269,"rgba(38, 166, 154, 0.5)"
2023-02-06 00:00:00+00:00,7.69,7.77,7.63,7.76,1621505,0.0,0.0,0.0,0.0,0.0,0.0,0.0,0.0,,,,,,,,,,8.668250842794471,9.852657689100957,11.103633674357278,11.893648934574728,12.193587625178665,12.67479711462069,13.219610186426841,13.444749661315363,,,,,,,,,,,,13.444749661315363,#000000
2023-02-07 00:00:00+00:00,7.84,7.9552,7.551,7.66,2580776,0.0,0.0,0.0,0.0,0.0,0.0,0.0,0.0,,,,,,,,,,8.666669278733856,9.84926011410437,11.098609440197864,11.887768097649687,12.18739962248946,12.668139289167252,13.212484587812257,13.437436867934112,,,,,,,,,,,,13.437436867934112,#000000
2023-02-08 00:00:00+00:00,7.58,7.83,7.48,7.76,2961736,0.0,0.0,0.0,0.0,0.0,0.0,0.0,0.0,,,,,,,,,,8.664550378672581,9.845088905400665,11.092598740184524,11.880790660986882,12.180075143310056,12.660283864982032,13.204101779482203,13.428842807128532,,,,,,,,,,,,13.428842807128532,#000000
2023-02-09 00:00:00+00:00,7.26,7.7,7.155,7.7,3843133,0.0,0.0,0.0,0.0,0.0,0.0,0.0,0.0,,,,,,,,,,8.661130438882164,9.83907116934325,11.084250690727147,11.871222628810902,12.170068341303539,12.64960554580103,13.192759363032064,13.417233934322695,,,,,,,,,,,,13.417233934322695,"rgba(239, 83, 80, 1.0)"
2023-02-10 00:00:00+00:00,7.16,7.29,7.08,7.23,4739256,0.0,0.0,0.0,0.0,0.0,0.0,0.0,0.0,,,,,,,,,,8.656303864637849,9.831107144254032,11.073469506714124,11.858970408810086,12.157286245201524,12.636012208219993,13.178366251849637,13.402519503929645,,,,,,,,,,,,13.402519503929645,"rgba(239, 83, 80, 1.0)"
2023-02-13 00:00:00+00:00,7.32,7.38,7.07,7.2,3531944,0.0,0.0,0.0,0.0,0.0,0.0,0.0,0.0,,,,,,,,,,8.652920588588517,9.825380792856365,11.065637565331542,11.850036216562122,12.147955152705434,12.626073374016892,13.167826836290931,13.391738909509582,,,,,,,,,,,,13.391738909509582,"rgba(239, 83, 80, 1.0)"
2023-02-14 00:00:00+00:00,7.53,7.57,7.24,7.3,3568866,0.0,0.0,0.0,0.0,0.0,0.0,0.0,0.0,,,,,,,,,,8.64998146634825,9.820046475914646,11.058149464479563,11.841415754733589,12.138927391310927,12.616421927233132,13.157556365253237,13.381220137773132,,,,,,,,,,,,13.381220137773132,"rgba(239, 83, 80, 1.0)"
2023-02-15 00:00:00+00:00,8.98,9.07,7.88,7.96,30504458,0.0,0.0,0.0,0.0,0.0,0.0,0.0,0.0,,,,,,,,,,8.64984583507639,9.797915804243956,11.016184186287038,11.788782391103265,12.082479608357083,12.554132972503309,13.089336772706625,13.31063602936937,,,,,,,,,,,,13.31063602936937,#000000
2023-02-16 00:00:00+00:00,8.97,9.1,8.68,8.86,9200798,0.0,0.0,0.0,0.0,0.0,0.0,0.0,0.0,,,,,,,,,,8.651477675952865,9.792944981935479,11.005236628435215,11.77459557050281,12.067134740147958,12.53701331259758,13.07040343145766,13.29098006614865,,,,,,,,,,,,13.29098006614865,"rgba(38, 166, 154, 1.0)"
2023-02-17 00:00:00+00:00,9.51,9.71,8.85,8.85,11002186,0.0,0.0,0.0,0.0,0.0,0.0,0.0,0.0,,,,,,,,,,8.6565974704553,9.790021993081186,10.99502114076263,11.760397723118432,12.051515288827161,12.519214674713664,13.050362044440298,13.270046520297782,,,,,,,,,,,,13.270046520297782,"rgba(38, 166, 154, 1.0)"
2023-02-21 00:00:00+00:00,8.86,9.75,8.83,9.46,10625152,0.0,0.0,0.0,0.0,0.0,0.0,0.0,0.0,,,,,,,,,,8.66000960544501,9.785886096522336,10.98402596988328,11.745659665326187,12.035438809950222,12.501085179025722,13.030122942106617,13.248967157242541,,,,,,,,,,,,13.248967157242541,"rgba(38, 166, 154, 1.0)"
2023-02-22 00:00:00+00:00,8.64,9.105,8.56,8.84,11498548,0.0,0.0,0.0,0.0,0.0,0.0,0.0,0.0,,,,,,,,,,8.66081970828557,9.77885581689983,10.969853444996998,11.727601586563482,12.015987669102003,12.479495540522263,13.006344397864876,13.22431497424726,,,,,,,,,,,,13.22431497424726,"rgba(38, 166, 154, 1.0)"
2023-02-23 00:00:00+00:00,9.85,10.23,8.9,8.99,19602857,0.0,0.0,0.0,0.0,0.0,0.0,0.0,0.0,,,,,,,,,,8.673398379090571,9.777472164497905,10.95572395226946,11.70644133757333,11.992315093342615,12.451965762519041,12.97481404749403,13.19119318595192,,,,,,,,,,,,13.19119318595192,"rgba(38, 166, 154, 1.0)"
2023-02-24 00:00:00+00:00,9.57,9.895,9.49,9.77,12062026,0.0,0.0,0.0,0.0,0.0,0.0,0.0,0.0,,,,,,,,,,8.680918045299247,9.776577403145097,10.947125341003536,11.69358276682005,11.977932647080294,12.435241955090918,12.955658348899375,13.171069498228333,,,,,,,,,,,,13.171069498228333,"rgba(38, 166, 154, 1.0)"
2023-02-27 00:00:00+00:00,9.33,9.61,9.235,9.57,5981444,0.0,0.0,0.0,0.0,0.0,0.0,0.0,0.0,,,,,,,,,,8.683616965924317,9.7752246318364,10.942055922141842,11.686461485593524,11.970076054571832,12.426254923019489,12.945499810964687,13.160444015719197,,,,,,,,,,,,13.160444015719197,"rgba(38, 166, 154, 1.0)"
2023-02-28 00:00:00+00:00,9.31,9.47,9.165,9.32,4898893,0.0,0.0,0.0,0.0,0.0,0.0,0.0,0.0,,,,,,,,,,8.685574504501423,9.773903707815617,10.937724441383837,11.68046802518243,11.963486580841973,12.418748885488604,12.937044293428219,13.151609860453156,,,,,,,,,,,,13.151609860453156,"rgba(38, 166, 154, 1.0)"
2023-03-01 00:00:00+00:00,9.22,9.45,9.11,9.37,3670736,0.0,0.0,0.0,0.0,0.0,0.0,0.0,0.0,,,,,,,,,,8.686905873917153,9.772800869290398,10.934384458117929,11.675892989811052,11.958468400105712,12.413049066535155,12.930638534465839,13.14492247910739,,,,,,,,,,,,13.14492247910739,"rgba(38, 166, 154, 1.0)"
2023-03-02 00:00:00+00:00,9.25,9.335,8.883,9.07,9362302,0.0,0.0,0.0,0.0,0.0,0.0,0.0,0.0,,,,,,,,,,8.689662606280073,9.769443229905251,10.925400261629495,11.663803219310806,11.945263318447907,12.398127803543032,12.91394104458321,13.127515933253665,,,,,,,,,,,,13.127515933253665,"rgba(38, 166, 154, 1.0)"
2023-03-03 00:00:00+00:00,9.16,9.39,9.145,9.34,3662135,0.0,0.0,0.0,0.0,0.0,0.0,0.0,0.0,,,,,,,,,,8.690905665094816,9.768300565023223,10.92205990345085,11.65924745388919,11.940271053244778,12.392463720661445,12.90758052126972,13.120877429807038,,,,,,,,,,,,13.120877429807038,"rgba(38, 166, 154, 0.75)"
2023-03-06 00:00:00+00:00,8.82,9.18,8.78,9.17,3468090,0.0,0.0,0.0,0.0,0.0,0.0,0.0,0.0,,,,,,,,,,8.69141661095152,9.76661042290585,10.918340082195309,11.65440870921892,11.935029758117981,12.38660261560415,12.901079139798485,13.114120116725246,,,,,,,,,,,,13.114120116725246,"rgba(38, 166, 154, 0.75)"
2023-03-07 00:00:00+00:00,8.64,8.855,8.64,8.76,2010833,0.0,0.0,0.0,0.0,0.0,0.0,0.0,0.0,,,,,,,,,,8.691442024739347,9.76538352174695,10.915957498777923,11.65139048242035,11.931782554504732,12.383002751012318,12.89711589779137,13.110011470878844,,,,,,,,,,,,13.110011470878844,#000000
2023-03-08 00:00:00+00:00,8.62,8.71,8.43,8.59,2567546,0.0,0.0,0.0,0.0,0.0,0.0,0.0,0.0,,,,,,,,,,8.691274395729133,9.763635738586878,10.912750655964286,11.647382139536159,11.927485257054503,12.378260326696218,12.89191548334163,13.104627674289489,,,,,,,,,,,,13.104627674289489,#000000
2023-03-09 00:00:00+00:00,8.32,8.65,8.275,8.58,2747005,0.0,0.0,0.0,0.0,0.0,0.0,0.0,0.0,,,,,,,,,,8.690802301024688,9.761499619264157,10.909076944696608,11.6428653469478,11.922664186657318,12.372970401695618,12.886144161261043,13.098663424225286,,,,,,,,,,,,13.098663424225286,"rgba(239, 83, 80, 1.0)"
2023-03-10 00:00:00+00:00,8.03,8.27,7.87,8.24,3736596,0.0,0.0,0.0,0.0,0.0,0.0,0.0,0.0,,,,,,,,,,8.68933175353275,9.757834444505212,10.903381644511224,11.636061824991021,11.915459797657302,12.365148041151803,12.877690353342087,13.089956072716008,,,,,,,,,,,,13.089956072716008,"rgba(239, 83, 80, 1.0)"
2023-03-13 00:00:00+00:00,7.96,8.075,7.855,8.0,2860985,0.0,0.0,0.0,0.0,0.0,0.0,0.0,0.0,,,,,,,,,,8.688044981614922,9.75488539729066,10.898893827941,11.630734645662756,11.909828783411323,12.35904853302792,12.871112613564325,13.08318620111617,,,,,,,,,,,,13.08318620111617,"rgba(239, 83, 80, 1.0)"
2023-03-14 00:00:00+00:00,7.92,8.22,7.84,8.14,2873365,0.0,0.0,0.0,0.0,0.0,0.0,0.0,0.0,,,,,,,,,,8.686810532190313,9.751982761901276,10.894446281569365,11.62544358510662,11.904232397984737,12.352981313669208,12.864564383489007,13.076444741811786,,,,,,,,,,,,13.076444741811786,"rgba(239, 83, 80, 1.0)"
2023-03-15 00:00:00+00:00,7.63,7.76,7.505,7.7,3616485,0.0,0.0,0.0,0.0,0.0,0.0,0.0,0.0,,,,,,,,,,8.684455992235812,9.74759448804969,10.888172371676866,11.618145031618845,11.896562064515965,12.34473738693555,12.855737513815397,13.067383215382954,,,,,,,,,,,,13.067383215382954,"rgba(239, 83, 80, 1.0)"
2023-03-16 00:00:00+00:00,7.79,7.84,7.385,7.51,3219777,0.0,0.0,0.0,0.0,0.0,0.0,0.0,0.0,,,,,,,,,,8.68244786758316,9.743776408347136,10.88267530333928,11.611734473912115,11.889820091806358,12.337484046842151,12.84796390288002,13.059400210164563,,,,,,,,,,,,13.059400210164563,"rgba(239, 83, 80, 1.0)"
2023-03-17 00:00:00+00:00,7.6,7.73,7.52,7.68,2845539,0.0,0.0,0.0,0.0,0.0,0.0,0.0,0.0,,,,,,,,,,8.680583558115819,9.740324525574707,10.877749836114313,11.606007489811734,11.883802174544996,12.33101714450734,12.84104041622059,13.052292894244639,,,,,,,,,,,,13.052292894244639,"rgba(239, 83, 80, 1.0)"
2023-03-20 00:00:00+00:00,7.61,7.68,7.5,7.59,2256506,0.0,0.0,0.0,0.0,0.0,0.0,0.0,0.0,,,,,,,,,,8.679082090837298,9.737569440353973,10.873830610876567,11.601454954374908,11.879019705755608,12.325879785244783,12.83554215347219,13.046649302158471,,,,,,,,,,,,13.046649302158471,"rgba(239, 83, 80, 1.0)"
2023-03-21 00:00:00+00:00,7.92,8.035,7.715,7.76,2811935,0.0,0.0,0.0,0.0,0.0,0.0,0.0,0.0,,,,,,,,,,8.677722332186088,9.734615143574166,10.86939575038426,11.59621075426002,11.873482169331535,12.319889586675558,12.829089363589402,13.040010527785494,,,,,,,,,,,,13.040010527785494,"rgba(239, 83, 80, 1.0)"
2023-03-22 00:00:00+00:00,7.58,7.96,7.57,7.96,1879074,0.0,0.0,0.0,0.0,0.0,0.0,0.0,0.0,,,,,,,,,,8.676601576881398,9.732446948657484,10.866254281652642,11.59253848497571,11.869617272684902,12.315727353011818,12.82462405320746,13.035423235827944,,,,,,,,,,,,13.035423235827944,"rgba(239, 83, 80, 1.0)"
2023-03-23 00:00:00+00:00,7.28,7.71,7.22,7.67,2420930,0.0,0.0,0.0,0.0,0.0,0.0,0.0,0.0,,,,,,,,,,8.674717521841355,9.729248345711037,10.861833089738347,11.58745330569587,11.86429064005963,12.310027866946946,12.818546236407,13.029192882419068,,,,,,,,,,,,13.029192882419068,"rgba(239, 83, 80, 1.0)"
2023-03-24 00:00:00+00:00,7.23,7.25,7.02,7.2,4417946,0.0,0.0,0.0,0.0,0.0,0.0,0.0,0.0,,,,,,,,,,8.67065630019524,9.722842175121892,10.853243779623497,11.577682027436403,11.85408879666703,12.299160880095116,12.80700669989202,13.017381785678916,,,,,,,,,,,,13.017381785678916,"rgba(239, 83, 80, 1.0)"
2023-03-27 00:00:00+00:00,7.45,7.49,7.245,7.34,1873453,0.0,0.0,0.0,0.0,0.0,0.0,0.0,0.0,,,,,,,,,,8.669201172507462,9.720377063632302,10.849838330405209,11.573765310321004,11.849986102397567,12.294770922832013,12.802325034815741,13.012582492437886,,,,,,,,,,,,13.012582492437886,"rgba(239, 83, 80, 1.0)"
2023-03-28 00:00:00+00:00,7.47,7.555,7.375,7.45,1588057,0.0,0.0,0.0,0.0,0.0,0.0,0.0,0.0,,,,,,,,,,8.668039540601546,9.718355838186582,10.84701667640095,11.570507834629172,11.84657015747791,12.291110206337596,12.798415410966719,13.008572538509041,,,,,,,,,,,,13.008572538509041,"rgba(239, 83, 80, 1.0)"
2023-03-29 00:00:00+00:00,7.67,7.68,7.51,7.55,1289493,0.0,0.0,0.0,0.0,0.0,0.0,0.0,0.0,,,,,,,,,,8.667218128608889,9.716828861041096,10.844832740834612,11.56796526839245,11.843897311139457,12.288236150665062,12.795336207186775,13.005410713416984,,,,,,,,,,,,13.005410713416984,"rgba(239, 83, 80, 0.75)"
2023-03-30 00:00:00+00:00,7.71,7.82,7.55,7.77,1357651,0.0,0.0,0.0,0.0,0.0,0.0,0.0,0.0,,,,,,,,,,8.666415153865824,9.715279715614754,10.842588778023755,11.565341504396681,11.841135632679674,12.285261477188993,12.79214408436951,13.002131048753917,,,,,,,,,,,,13.002131048753917,"rgba(239, 83, 80, 0.75)"
2023-03-31 00:00:00+00:00,8.1,8.11,7.715,7.715,3763044,0.0,0.0,0.0,0.0,0.0,0.0,0.0,0.0,,,,,,,,,,8.664838657477699,9.711594698038612,10.836940576417947,11.558615349642158,11.834018680732932,12.277541088786649,12.783804830456505,12.993543012855222,,,,,,,,,,,,12.993543012855222,#000000
2023-04-03 00:00:00+00:00,7.8,8.1069,7.73,8.085,3463450,0.0,0.0,0.0,0.0,0.0,0.0,0.0,0.0,,,,,,,,,,8.663192902870017,9.708030031720451,10.83158790378591,11.552281629215669,11.827329027953269,12.27030170282257,12.77600221070058,12.985513843490486,,,,,,,,,,,,12.985513843490486,#000000
2023-04-04 00:00:00+00:00,7.55,7.835,7.46,7.8,2789741,0.0,0.0,0.0,0.0,0.0,0.0,0.0,0.0,,,,,,,,,,8.661427769650528,9.704755908031748,10.826906305185764,11.546830301870664,11.821597936422757,12.264138347303238,12.76939757849603,12.97873145063783,,,,,,,,,,,,12.97873145063783,"rgba(239, 83, 80, 0.75)"
2023-04-05 00:00:00+00:00,7.42,7.54,7.305,7.48,1621612,0.0,0.0,0.0,0.0,0.0,0.0,0.0,0.0,,,,,,,,,,8.660215407303204,9.702681802481903,10.824027831741699,11.54351303321042,11.81812096848983,12.260414555027856,12.765422513224225,12.974655049347597,,,,,,,,,,,,12.974655049347597,"rgba(239, 83, 80, 1.0)"
2023-04-06 00:00:00+00:00,7.33,7.48,7.315,7.44,1516333,0.0,0.0,0.0,0.0,0.0,0.0,0.0,0.0,,,,,,,,,,8.659041264146744,9.70070615049946,10.821303777567872,11.54038088847585,11.814840243902983,12.256904166035845,12.761678447991796,12.970816716884888,,,,,,,,,,,,12.970816716884888,"rgba(239, 83, 80, 1.0)"
2023-04-10 00:00:00+00:00,7.48,7.505,7.25,7.3,1489761,0.0,0.0,0.0,0.0,0.0,0.0,0.0,0.0,,,,,,,,,,8.657922665205993,9.698798933415086,10.818660076484376,11.53733525938683,11.811648305409323,12.253486068724829,12.75803005940926,12.967075444317157,,,,,,,,,,,,12.967075444317157,"rgba(239, 83, 80, 1.0)"
2023-04-11 00:00:00+00:00,7.62,7.72,7.53,7.56,4697550,0.0,0.0,0.0,0.0,0.0,0.0,0.0,0.0,,,,,,,,,,8.655005412871574,9.693360451484613,10.810866913323196,11.528252265513377,11.802096372499864,12.243209349669165,12.74701255856553,12.955759504868665,,,,,,,,,,,,12.955759504868665,"rgba(239, 83, 80, 1.0)"
2023-04-12 00:00:00+00:00,7.38,7.74,7.345,7.72,1856503,0.0,0.0,0.0,0.0,0.0,0.0,0.0,0.0,,,,,,,,,,8.653706753205054,9.691079317406642,10.807667475227099,11.52455051830639,11.798211818180947,12.239042173844142,12.742557010881152,12.95118768627323,,,,,,,,,,,,12.95118768627323,"rgba(239, 83, 80, 1.0)"
2023-04-13 00:00:00+00:00,7.54,7.72,7.4457,7.49,1634578,0.0,0.0,0.0,0.0,0.0,0.0,0.0,0.0,,,,,,,,,,8.652644282610433,9.689147786054248,10.804923559716068,11.521361563376972,11.79486097082728,12.2354410443996,12.738700130548395,12.94722773142006,,,,,,,,,,,,12.94722773142006,"rgba(239, 83, 80, 1.0)"
2023-04-14 00:00:00+00:00,7.49,7.615,7.405,7.55,3577352,0.0,0.0,0.0,0.0,0.0,0.0,0.0,0.0,,,,,,,,,,8.650186773933902,9.684803116982472,10.798813843427576,11.514285407846232,11.787433066363553,12.227469250833305,12.730172944275392,12.938476615128039,,,,,,,,,,,,12.938476615128039,"rgba(239, 83, 80, 1.0)"
2023-04-17 00:00:00+00:00,7.65,7.69,7.41,7.49,1855237,0.0,0.0,0.0,0.0,0.0,0.0,0.0,0.0,,,,,,,,,,8.649005042809883,9.682639119089892,10.795730904765811,11.510698473819959,11.783662770156479,12.223415427589519,12.725829139448805,12.934015939176708,,,,,,,,,,,,12.934015939176708,"rgba(239, 83, 80, 0.5)"
2023-04-18 00:00:00+00:00,7.46,7.68,7.385,7.68,1763983,0.0,0.0,0.0,0.0,0.0,0.0,0.0,0.0,,,,,,,,,,8.64780495665784,9.68051233064434,10.792736775822322,11.507229023173261,11.780020292652448,12.219505363749082,12.721645652575884,12.929722205159466,,,,,,,,,,,,12.929722205159466,"rgba(239, 83, 80, 0.5)"
2023-04-19 00:00:00+00:00,7.53,7.575,7.37,7.39,1509950,0.0,0.0,0.0,0.0,0.0,0.0,0.0,0.0,,,,,,,,,,8.646764704151213,9.678681182389921,10.790165179871762,11.50425162841873,11.776895152869468,12.216151717580335,12.718058528144594,12.926040928401042,,,,,,,,,,,,12.926040928401042,"rgba(239, 83, 80, 0.5)"
2023-04-20 00:00:00+00:00,7.69,7.695,7.41,7.41,2435766,0.0,0.0,0.0,0.0,0.0,0.0,0.0,0.0,,,,,,,,,,8.645245164309868,9.675877481845944,10.786159137261166,11.499585388629264,11.771988690886026,12.210873737220508,12.712400229051342,12.920229348509501,,,,,,,,,,,,12.920229348509501,#000000
2023-04-21 00:00:00+00:00,7.7,7.79,7.56,7.67,1562647,0.0,0.0,0.0,0.0,0.0,0.0,0.0,0.0,,,,,,,,,,8.644351593357948,9.67415619359158,10.783662768594219,11.496662760622923,11.768911032592662,12.20755631887667,12.708836996541491,12.916567087580098,,,,,,,,,,,,12.916567087580098,#000000
2023-04-24 00:00:00+00:00,7.56,7.71,7.495,7.7,1726370,0.0,0.0,0.0,0.0,0.0,0.0,0.0,0.0,,,,,,,,,,8.643268931787352,9.672167436269605,10.780825149361814,11.49335881143105,11.765437365579709,12.203820133482543,12.704831995693553,12.912453732517939,,,,,,,,,,,,12.912453732517939,#000000
2023-04-25 00:00:00+00:00,7.12,7.54,7.1,7.49,2676203,0.0,0.0,0.0,0.0,0.0,0.0,0.0,0.0,,,,,,,,,,8.641063409415805,9.668597551575361,10.775975702488159,11.487809653581067,11.75963296838753,12.197620751847344,12.698230159279916,12.905689358520746,,,,,,,,,,,,12.905689358520746,"rgba(239, 83, 80, 1.0)"
2023-04-26 00:00:00+00:00,7.06,7.17,6.93,7.12,2153604,0.0,0.0,0.0,0.0,0.0,0.0,0.0,0.0,,,,,,,,,,8.639038591142548,9.665495171645423,10.771861893634467,11.48314423519918,11.754766039067858,12.192441881334746,12.692734388304505,12.900065444543044,,,,,,,,,,,,12.900065444543044,"rgba(239, 83, 80, 1.0)"
2023-04-27 00:00:00+00:00,7.12,7.175,6.985,7.09,1253482,0.0,0.0,0.0,0.0,0.0,0.0,0.0,0.0,,,,,,,,,,8.637892112225373,9.663720450193749,10.769497390305636,11.480457774682193,11.751961988691193,12.189455797916331,12.689563211792489,12.896819439930587,,,,,,,,,,,,12.896819439930587,"rgba(239, 83, 80, 1.0)"
2023-04-28 00:00:00+00:00,7.37,7.4,7.05,7.06,1768757,0.0,0.0,0.0,0.0,0.0,0.0,0.0,0.0,,,,,,,,,,8.636465429501955,9.661395425377568,10.766329180479815,11.47682787012179,11.748163655707259,12.185396773015425,12.68523828190501,12.892387125097217,,,,,,,,,,,,12.892387125097217,"rgba(239, 83, 80, 1.0)"
2023-05-01 00:00:00+00:00,7.51,7.65,7.3,7.38,2205089,0.0,0.0,0.0,0.0,0.0,0.0,0.0,0.0,,,,,,,,,,8.634968679623226,9.658761544702362,10.76262818226757,11.472540496349952,11.743662654055257,12.180565176393571,12.68006826645024,12.887080603020749,,,,,,,,,,,,12.887080603020749,"rgba(239, 83, 80, 0.5)"
2023-05-02 00:00:00+00:00,7.35,7.64,7.27,7.45,2816800,0.0,0.0,0.0,0.0,0.0,0.0,0.0,0.0,,,,,,,,,,8.63295170333523,9.655303287068657,10.7578166645731,11.46698577251364,11.73783702106052,12.17432023324557,12.673394397015883,12.88023364748017,,,,,,,,,,,,12.88023364748017,"rgba(239, 83, 80, 0.5)"
2023-05-03 00:00:00+00:00,7.4,7.65,7.16,7.35,5355510,0.0,0.0,0.0,0.0,0.0,0.0,0.0,0.0,,,,,,,,,,8.62908285002716,9.648708765472296,10.748661260105191,11.456423285851022,11.726761494336998,12.162450493614791,12.660712027324616,12.86722330291497,,,,,,,,,,,,12.86722330291497,"rgba(239, 83, 80, 0.5)"
2023-05-04 00:00:00+00:00,5.89,7.38,5.89,7.29,9317104,0.0,0.0,0.0,0.0,0.0,0.0,0.0,0.0,,,,,,,,,,8.616875048138578,9.632174554276414,10.728047373734862,11.43360109209088,11.703128008578025,12.137559150839705,12.63455441563913,12.840551322092248,,,,,,,,,,,,12.840551322092248,"rgba(239, 83, 80, 1.0)"
2023-05-05 00:00:00+00:00,5.83,6.04,5.7,5.96,4711168,0.0,0.0,0.0,0.0,0.0,0.0,0.0,0.0,,,,,,,,,,8.609297705870466,9.622522821384974,10.716434547453726,11.420935484493116,11.690073853942101,12.123901970507042,12.620295783415276,12.826047421991634,,,,,,,,,,,,12.826047421991634,"rgba(239, 83, 80, 1.0)"
2023-05-08 00:00:00+00:00,5.99,6.035,5.81,5.885,3088933,0.0,0.0,0.0,0.0,0.0,0.0,0.0,0.0,,,,,,,,,,8.604510780172399,9.61636909959579,10.708988317526432,11.412793645616711,11.681675467595088,12.11510542474576,12.61110113155034,12.816690538284336,,,,,,,,,,,,12.816690538284336,"rgba(239, 83, 80, 1.0)"
2023-05-09 00:00:00+00:00,5.86,5.97,5.85,5.9,1830701,0.0,0.0,0.0,0.0,0.0,0.0,0.0,0.0,,,,,,,,,,8.601626890759844,9.612680528721281,10.704538417319045,11.407934194748563,11.676664896194234,12.109860278376418,12.60562158898004,12.811115440487848,,,,,,,,,,,,12.811115440487848,"rgba(239, 83, 80, 1.0)"
2023-05-10 00:00:00+00:00,5.95,5.99,5.73,5.9,4324924,0.0,0.0,0.0,0.0,0.0,0.0,0.0,0.0,,,,,,,,,,8.594829821942067,9.603987673556366,10.694051119804543,11.396481022589924,11.664855295060956,12.097497356689699,12.592705515190401,12.797973863068071,,,,,,,,,,,,12.797973863068071,"rgba(239, 83, 80, 1.0)"
2023-05-11 00:00:00+00:00,5.82,5.97,5.79,5.9,3252978,0.0,0.0,0.0,0.0,0.0,0.0,0.0,0.0,,,,,,,,,,8.589683384984365,9.59742347618054,10.686144117511375,11.387851073136176,11.655958474986384,12.088186176707046,12.582980086100099,12.78807952113863,,,,,,,,,,,,12.78807952113863,"rgba(239, 83, 80, 1.0)"
2023-05-12 00:00:00+00:00,5.72,5.815,5.5703,5.8,2662795,0.0,0.0,0.0,0.0,0.0,0.0,0.0,0.0,,,,,,,,,,8.585241685722279,9.591840552670346,10.679479318528708,11.380605202705253,11.648497796590267,12.080391860198896,12.574853136489203,12.779816773386873,,,,,,,,,,,,12.779816773386873,"rgba(239, 83, 80, 1.0)"
2023-05-15 00:00:00+00:00,6.03,6.07,5.71,5.71,3050738,0.0,0.0,0.0,0.0,0.0,0.0,0.0,0.0,,,,,,,,,,8.580582829114608,9.585848940107098,10.672224701770862,11.372668793385996,11.64030984953297,12.071813333194417,12.565883147299413,12.770687259900198,,,,,,,,,,,,12.770687259900198,"rgba(239, 83, 80, 1.0)"
2023-05-16 00:00:00+00:00,6.02,6.12,5.86,5.94,3249676,0.0,0.0,0.0,0.0,0.0,0.0,0.0,0.0,,,,,,,,,,8.575756609953629,9.579598578283326,10.664624408740643,11.364338464106037,11.631710311426819,12.06279577338228,12.556445883302569,12.761079044454503,,,,,,,,,,,,12.761079044454503,"rgba(239, 83, 80, 0.75)"
2023-05-17 00:00:00+00:00,7.47,8.56,6.0,6.08,32074468,0.0,0.0,0.0,0.0,0.0,0.0,0.0,0.0,,,,,,,,,,8.553419603562025,9.541776292733106,10.612141791160287,11.303730425237376,11.568133645640371,11.99461488620905,12.48352504205108,12.686243614377185,,,,,,,,,,,,12.686243614377185,"rgba(239, 83, 80, 0.5)"
2023-05-18 00:00:00+00:00,8.56,8.585,7.55,7.6,11785946,0.0,0.0,0.0,0.0,0.0,0.0,0.0,0.0,,,,,,,,,,8.551290926419778,9.533684469951185,10.598399385985061,11.286809189943481,11.550056196769956,11.97474460701137,12.461782425524012,12.663747820137987,,,,,,,,,,,,12.663747820137987,"rgba(38, 166, 154, 1.0)"
2023-05-19 00:00:00+00:00,8.3,8.95,8.29,8.59,7183449,0.0,0.0,0.0,0.0,0.0,0.0,0.0,0.0,,,,,,,,,,8.551138483656642,9.529857763825348,10.591088633743121,11.27752937648185,11.540060979928212,11.963640030667364,12.449514344269161,12.651012196615467,,,,,,,,,,,,12.651012196615467,"rgba(38, 166, 154, 1.0)"
2023-05-22 00:00:00+00:00,8.8,8.895,8.45,8.46,6418328,0.0,0.0,0.0,0.0,0.0,0.0,0.0,0.0,,,,,,,,,,8.551724376766998,9.527136358018243,10.58522959905493,11.26989143719264,11.531777201905639,11.954354725258062,12.439175567887908,12.640250394487232,,,,,,,,,,,,12.640250394487232,"rgba(38, 166, 154, 1.0)"
2023-05-23 00:00:00+00:00,8.41,8.965,8.38,8.6,6046651,0.0,0.0,0.0,0.0,0.0,0.0,0.0,0.0,,,,,,,,,,8.551836088852612,9.52418138193989,10.579361875081315,11.262373316810702,11.523659317513593,11.945306435898969,12.429149554485546,12.629831491456693,,,,,,,,,,,,12.629831491456693,"rgba(38, 166, 154, 1.0)"
2023-05-24 00:00:00+00:00,8.28,8.37,8.04,8.37,3873969,0.0,0.0,0.0,0.0,0.0,0.0,0.0,0.0,,,,,,,,,,8.55114534531299,9.521585979158637,10.57495464714599,11.2569429643115,11.517856356742445,11.938925137540982,12.422162789037184,12.622601008344306,,,,,,,,,,,,12.622601008344306,"rgba(38, 166, 154, 1.0)"
2023-05-25 00:00:00+00:00,8.2,8.42,7.965,8.34,3757348,0.0,0.0,0.0,0.0,0.0,0.0,0.0,0.0,,,,,,,,,,8.55040551600212,9.519010687695111,10.570632295506194,11.251633947909804,11.512187880788058,11.932698637827142,12.415352135471457,12.615555158788911,,,,,,,,,,,,12.615555158788911,"rgba(38, 166, 154, 1.0)"
2023-05-26 00:00:00+00:00,8.14,8.32,8.07,8.23,2583104,0.0,0.0,0.0,0.0,0.0,0.0,0.0,0.0,,,,,,,,,,8.549872533202223,9.517221581720609,10.567646996139302,11.247972940831305,11.508280642593824,11.928409101963629,12.410662374570173,12.610704231918168,,,,,,,,,,,,12.610704231918168,"rgba(38, 166, 154, 1.0)"
2023-05-30 00:00:00+00:00,8.19,8.235,8.07,8.1,1408437,0.0,0.0,0.0,0.0,0.0,0.0,0.0,0.0,,,,,,,,,,8.54957349970643,9.516239607393583,10.56601446945387,11.245972878739792,11.506146628666206,11.926067097934517,12.408102618512393,12.608056781171268,,,,,,,,,,,,12.608056781171268,"rgba(38, 166, 154, 1.0)"
2023-05-31 00:00:00+00:00,8.21,8.245,7.9873,8.11,2580484,0.0,0.0,0.0,0.0,0.0,0.0,0.0,0.0,,,,,,,,,,8.549001854815701,9.514420825774456,10.563007324166234,11.242294311864578,11.502223310784954,11.92176371627024,12.403401348178235,12.60319525032782,,,,,,,,,,,,12.60319525032782,"rgba(38, 166, 154, 1.0)"
2023-06-01 00:00:00+00:00,8.2,8.29,8.025,8.23,2326654,0.0,0.0,0.0,0.0,0.0,0.0,0.0,0.0,,,,,,,,,,8.548518851021015,9.512814085350197,10.560329517377973,11.2390109800544,11.498719256200161,11.917916890834453,12.399195490140015,12.598844791015892,,,,,,,,,,,,12.598844791015892,"rgba(38, 166, 154, 1.0)"
2023-06-02 00:00:00+00:00,8.23,8.38,8.09,8.31,2130186,0.0,0.0,0.0,0.0,0.0,0.0,0.0,0.0,,,,,,,,,,8.548149901849724,9.511413875399558,10.557946242373742,11.236071362815483,11.495576894710734,11.914459675601664,12.395408172012903,12.594924554777414,,,,,,,,,,,,12.594924554777414,"rgba(38, 166, 154, 1.0)"
2023-06-05 00:00:00+00:00,7.94,8.2,7.85,8.13,2959900,0.0,0.0,0.0,0.0,0.0,0.0,0.0,0.0,,,,,,,,,,8.547254359152127,9.509114027135917,10.554306443576136,11.23167510337106,11.490904563624584,11.909358466089177,12.389858509518445,12.589194109372471,,,,,,,,,,,,12.589194109372471,"rgba(38, 166, 154, 1.0)"
2023-06-06 00:00:00+00:00,7.25,7.85,6.82,7.75,16581052,0.0,0.0,0.0,0.0,0.0,0.0,0.0,0.0,,,,,,,,,,8.53607070673709,9.490539345429285,10.528656899316365,11.202060594653204,11.459836403614826,11.876029460386054,12.354184572455475,12.552571397802039,,,,,,,,,,,,12.552571397802039,#000000
2023-06-07 00:00:00+00:00,7.12,7.41,7.06,7.25,4000567,0.0,0.0,0.0,0.0,0.0,0.0,0.0,0.0,,,,,,,,,,8.533163782684548,9.485881213260425,10.522319687789876,11.194782314690114,11.452212736441897,11.867868363204439,12.345466308766586,12.54362753337971,,,,,,,,,,,,12.54362753337971,#000000
2023-06-08 00:00:00+00:00,7.1,7.2,6.97,7.09,3166009,0.0,0.0,0.0,0.0,0.0,0.0,0.0,0.0,,,,,,,,,,8.530689308024392,9.482037057304405,10.517161233134635,11.188887907139636,11.446047999388716,11.861282880786918,12.338445122197319,12.536429814636076,,,,,,,,,,,,12.536429814636076,"rgba(239, 83, 80, 0.5)"
2023-06-09 00:00:00+00:00,7.19,7.22,7.03,7.07,2511638,0.0,0.0,0.0,0.0,0.0,0.0,0.0,0.0,,,,,,,,,,8.528809276440262,9.479068236795225,10.513147459029437,11.184288302018007,11.44123326916272,11.856133321759087,12.332948444581383,12.530792535980474,,,,,,,,,,,,12.530792535980474,"rgba(239, 83, 80, 0.5)"
2023-06-12 00:00:00+00:00,7.29,7.4,7.16,7.19,1952561,0.0,0.0,0.0,0.0,0.0,0.0,0.0,0.0,,,,,,,,,,8.527495424337555,9.476900399645366,10.510160133734857,11.18084055839823,11.437616592675841,11.852253740496069,12.328795724549074,12.526529259734877,,,,,,,,,,,,12.526529259734877,"rgba(239, 83, 80, 0.5)"
2023-06-13 00:00:00+00:00,7.45,7.54,7.24,7.28,1837399,0.0,0.0,0.0,0.0,0.0,0.0,0.0,0.0,,,,,,,,,,8.526387207221497,9.474981899381508,10.507464194206582,11.177706983989454,11.434322564738286,11.848710029576644,12.324992113796322,12.522620519336671,,,,,,,,,,,,12.522620519336671,"rgba(239, 83, 80, 0.5)"
2023-06-14 00:00:00+00:00,7.32,7.545,7.295,7.52,1318424,0.0,0.0,0.0,0.0,0.0,0.0,0.0,0.0,,,,,,,,,,8.525576768525,9.473591944068719,10.5055180620619,11.175447792809448,11.431948570978355,11.846157376394919,12.322253519478302,12.519806700698767,,,,,,,,,,,,12.519806700698767,"rgba(239, 83, 80, 0.5)"
2023-06-15 00:00:00+00:00,7.44,7.49,7.21,7.29,1987155,0.0,0.0,0.0,0.0,0.0,0.0,0.0,0.0,,,,,,,,,,8.524350297127835,9.471493786963766,10.50258313450355,11.172041795191944,11.428369809043996,11.842309736825873,12.3181260220825,12.515565977307094,,,,,,,,,,,,12.515565977307094,"rgba(239, 83, 80, 0.5)"
2023-06-16 00:00:00+00:00,7.35,7.36,7.165,7.24,2838521,0.0,0.0,0.0,0.0,0.0,0.0,0.0,0.0,,,,,,,,,,8.522468028679386,9.468377717608085,10.498282004133833,11.167074053013053,11.423157429416523,11.836716549283535,12.312136853347944,12.509416520125608,,,,,,,,,,,,12.509416520125608,"rgba(239, 83, 80, 0.5)"
2023-06-20 00:00:00+00:00,7.4,7.42,7.1501,7.22,2025823,0.0,0.0,0.0,0.0,0.0,0.0,0.0,0.0,,,,,,,,,,8.521162693064065,9.466191561688914,10.495249648445329,11.163565335418154,11.419473914883575,11.832760932572448,12.307898100459761,12.505063172550448,,,,,,,,,,,,12.505063172550448,"rgba(239, 83, 80, 0.5)"
2023-06-21 00:00:00+00:00,7.37,7.49,7.32,7.43,1248751,0.0,0.0,0.0,0.0,0.0,0.0,0.0,0.0,,,,,,,,,,8.520406395480494,9.464890125752424,10.493424505808118,11.161445040770507,11.417245359026845,11.830363855662245,12.30532547469157,12.502419520852051,,,,,,,,,,,,12.502419520852051,"rgba(239, 83, 80, 0.5)"
2023-06-22 00:00:00+00:00,7.33,7.455,7.26,7.32,1490770,0.0,0.0,0.0,0.0,0.0,0.0,0.0,0.0,,,,,,,,,,8.51946885233053,9.463304894877005,10.491216857872304,11.158886743600945,11.414558401524763,11.827476603332563,12.30222967207735,12.499239318444262,,,,,,,,,,,,12.499239318444262,"rgba(239, 83, 80, 0.5)"
2023-06-23 00:00:00+00:00,7.19,7.28,7.1,7.22,1776723,0.0,0.0,0.0,0.0,0.0,0.0,0.0,0.0,,,,,,,,,,8.518202629918731,9.461277483535117,10.488457445918437,11.155715700692992,11.411236159809324,11.823918918754945,12.298427328720066,12.495337875923266,,,,,,,,,,,,12.495337875923266,"rgba(239, 83, 80, 0.5)"
2023-06-26 00:00:00+00:00,7.28,7.33,7.13,7.16,825850,0.0,0.0,0.0,0.0,0.0,0.0,0.0,0.0,,,,,,,,,,8.517639965173238,9.460359820885818,10.487198403926437,11.154264509204777,11.40971441177557,11.822287305711177,12.296681445974581,12.493545721563276,,,,,,,,,,,,12.493545721563276,"rgba(239, 83, 80, 0.5)"
2023-06-27 00:00:00+00:00,7.4,7.44,7.2189,7.33,1476917,0.0,0.0,0.0,0.0,0.0,0.0,0.0,0.0,,,,,,,,,,8.516719014132313,9.458799318596002,10.485023000974044,11.151742467966873,11.40706516845141,11.819440013863517,12.293627844938941,12.490408624981228,,,,,,,,,,,,12.490408624981228,"rgba(239, 83, 80, 0.5)"
2023-06-28 00:00:00+00:00,7.62,7.635,7.37,7.39,1256919,0.0,0.0,0.0,0.0,0.0,0.0,0.0,0.0,,,,,,,,,,8.516063292671895,9.457591925716825,10.483285415423902,11.149705225801705,11.40491808947147,11.817121957227585,12.29113121175167,12.487839789080299,,,,,,,,,,,,12.487839789080299,#000000
2023-06-29 00:00:00+00:00,7.83,7.85,7.63,7.63,1531740,0.0,0.0,0.0,0.0,0.0,0.0,0.0,0.0,,,,,,,,,,8.515452365944874,9.456297704671675,10.481334833165732,11.14738257267318,11.402459238212092,11.8144511433238,12.288238342838886,12.484857238188996,,,,,,,,,,,,12.484857238188996,"rgba(38, 166, 154, 1.0)"
2023-06-30 00:00:00+00:00,8.0,8.215,7.84,7.92,2720740,0.0,0.0,0.0,0.0,0.0,0.0,0.0,0.0,,,,,,,,,,8.514730353627879,9.454341564662084,10.478193736954797,11.14356761169854,11.398397942438697,11.81000656844227,12.283390946469726,12.479847339741777,,,,,,,,,,,,12.479847339741777,"rgba(38, 166, 154, 1.0)"
2023-07-03 00:00:00+00:00,7.82,8.06,7.775,8.01,1524329,0.0,0.0,0.0,0.0,0.0,0.0,0.0,0.0,,,,,,,,,,8.514218345020286,9.453146393558496,10.476342197375214,11.141343279983134,11.39603721846507,11.8074335801253,12.280595187806476,12.476961653006995,,,,,,,,,,,,12.476961653006995,"rgba(38, 166, 154, 1.0)"
2023-07-05 00:00:00+00:00,7.77,7.96,7.76,7.78,1490280,0.0,0.0,0.0,0.0,0.0,0.0,0.0,0.0,,,,,,,,,,8.513674892725248,9.451938757089346,10.474496203969894,11.13913488654048,11.393696184574436,11.804886097236102,12.27783115429408,12.474110176672015,,,,,,,,,,,,12.474110176672015,"rgba(38, 166, 154, 1.0)"
2023-07-06 00:00:00+00:00,7.69,7.77,7.45,7.67,2862806,0.0,0.0,0.0,0.0,0.0,0.0,0.0,0.0,,,,,,,,,,8.512338813243721,9.449348015836728,10.470698571569189,11.134653478831774,11.388964201930122,11.799763986672954,12.272300730639198,12.468414714018916,,,,,,,,,,,,12.468414714018916,"rgba(38, 166, 154, 1.0)"
2023-07-07 00:00:00+00:00,8.34,8.59,7.72,7.72,5273913,0.0,0.0,0.0,0.0,0.0,0.0,0.0,0.0,,,,,,,,,,8.511511322906538,9.446115550848257,10.465155399277295,11.127791614264693,11.3816206363683,11.791670866786745,12.263417336513138,12.459212746151492,,,,,,,,,,,,12.459212746151492,"rgba(38, 166, 154, 1.0)"
2023-07-10 00:00:00+00:00,8.73,8.865,8.3,8.34,3641615,0.0,0.0,0.0,0.0,0.0,0.0,0.0,0.0,,,,,,,,,,8.51174307209517,9.444643501925759,10.462047257731992,11.123745095196057,11.377232037172174,11.786750139558544,12.257932787662039,12.453501299151721,,,,,,,,,,,,12.453501299151721,"rgba(38, 166, 154, 1.0)"
2023-07-11 00:00:00+00:00,8.65,8.93,8.52,8.84,2045858,0.0,0.0,0.0,0.0,0.0,0.0,0.0,0.0,,,,,,,,,,8.511946840677282,9.44388815318267,10.460370740036405,11.121539690375101,11.374833873794238,11.784052121835929,12.254916756830495,12.45035731876466,,,,,,,,,,,,12.45035731876466,"rgba(38, 166, 154, 1.0)"
2023-07-12 00:00:00+00:00,8.51,8.77,8.5,8.76,1370366,0.0,0.0,0.0,0.0,0.0,0.0,0.0,0.0,,,,,,,,,,8.512005804403525,9.443310632526876,10.459181613681423,11.119999727083686,11.373165964264693,11.782185145781979,12.252838871705363,12.448194535047618,,,,,,,,,,,,12.448194535047618,"rgba(38, 166, 154, 1.0)"
2023-07-13 00:00:00+00:00,8.4,8.6,8.29,8.57,1247490,0.0,0.0,0.0,0.0,0.0,0.0,0.0,0.0,,,,,,,,,,8.51195175494538,9.442684682084067,10.458005783313011,11.118508959859604,11.371560237723871,11.780400518847223,12.250865018758399,12.446144456150106,,,,,,,,,,,,12.446144456150106,"rgba(38, 166, 154, 1.0)"
2023-07-14 00:00:00+00:00,8.43,8.545,8.35,8.45,1443196,0.0,0.0,0.0,0.0,0.0,0.0,0.0,0.0,,,,,,,,,,8.51189820399658,9.441969828273873,10.456655003584888,11.11679385657384,11.369712148667766,11.778345470270544,12.248591014409014,12.443782251677572,,,,,,,,,,,,12.443782251677572,"rgba(38, 166, 154, 1.0)"
2023-07-17 00:00:00+00:00,9.29,9.385,8.3,8.4,5878755,0.0,0.0,0.0,0.0,0.0,0.0,0.0,0.0,,,,,,,,,,8.513382600534198,9.440663720906837,10.452668137424002,11.111261878272913,11.363617666535188,11.771376000775437,12.240690222782973,12.43550712469752,,,,,,,,,,,,12.43550712469752,"rgba(38, 166, 154, 1.0)"
2023-07-18 00:00:00+00:00,9.45,9.595,9.175,9.29,3409139,0.0,0.0,0.0,0.0,0.0,0.0,0.0,0.0,,,,,,,,,,8.51498248509142,9.440606632931985,10.451019958799515,11.108692541421313,11.36071357043608,11.767951316820055,12.236709011568676,12.431302552767669,,,,,,,,,,,,12.431302552767669,"rgba(38, 166, 154, 1.0)"
2023-07-19 00:00:00+00:00,9.29,9.63,9.175,9.5,1652753,0.0,0.0,0.0,0.0,0.0,0.0,0.0,0.0,,,,,,,,,,8.515719902270858,9.440545133219493,10.450190983855235,11.107419285524148,11.359278807492709,11.766265361214032,12.234754583161854,12.429240349546067,,,,,,,,,,,,12.429240349546067,"rgba(38, 166, 154, 1.0)"
2023-07-20 00:00:00+00:00,9.59,9.59,9.21,9.31,2425665,0.0,0.0,0.0,0.0,0.0,0.0,0.0,0.0,,,,,,,,,,8.516924901710368,9.440572305614742,10.449086664412533,11.105659223415476,11.357280452419293,11.763896398783357,12.231989099066908,12.426315736611864,,,,,,,,,,,,12.426315736611864,"rgba(38, 166, 154, 1.0)"
2023-07-21 00:00:00+00:00,9.59,9.76,9.46,9.68,2813381,0.0,0.0,0.0,0.0,0.0,0.0,0.0,0.0,,,,,,,,,,8.518524851809707,9.440797089847665,10.447990392340515,11.103796165116515,11.355138891452933,11.761321715080168,12.228950329797003,12.423090806186604,,,,,,,,,,,,12.423090806186604,"rgba(38, 166, 154, 1.0)"
2023-07-24 00:00:00+00:00,9.57,9.7201,9.43,9.48,1271961,0.0,0.0,0.0,0.0,0.0,0.0,0.0,0.0,,,,,,,,,,8.519226722045895,9.440879814214073,10.447478136760527,11.102938579597643,11.354155850294312,11.760143548618245,12.227563119452817,12.421619727184149,,,,,,,,,,,,12.421619727184149,"rgba(38, 166, 154, 1.0)"
2023-07-25 00:00:00+00:00,9.53,9.595,9.305,9.55,2526721,0.0,0.0,0.0,0.0,0.0,0.0,0.0,0.0,,,,,,,,,,8.520490558479288,9.440924119808656,10.44634995558401,11.101130333204315,11.35210041061028,11.75770358096676,12.224711512660235,12.418602903524537,,,,,,,,,,,,12.418602903524537,"rgba(38, 166, 154, 1.0)"
2023-07-26 00:00:00+00:00,9.46,9.565,9.31,9.51,1217664,0.0,0.0,0.0,0.0,0.0,0.0,0.0,0.0,,,,,,,,,,8.521078297701003,9.440926550151913,10.445789479793165,11.10024338862353,11.351094771951512,11.756513287581065,12.223323579990087,12.4171356324725,,,,,,,,,,,,12.4171356324725,"rgba(38, 166, 154, 1.0)"
2023-07-27 00:00:00+00:00,9.36,9.58,9.28,9.54,1117864,0.0,0.0,0.0,0.0,0.0,0.0,0.0,0.0,,,,,,,,,,8.521594848858362,9.440907806426079,10.445255805533838,11.099411136560514,11.350153940980066,11.75540352541573,12.222033058922626,12.415772536768761,,,,,,,,,,,,12.415772536768761,"rgba(38, 166, 154, 0.75)"
2023-07-28 00:00:00+00:00,9.58,9.685,9.345,9.44,1671354,0.0,0.0,0.0,0.0,0.0,0.0,0.0,0.0,,,,,,,,,,8.522479310701463,9.440986072469606,10.44455866066092,11.098263779805267,11.348842950213339,11.753837967559656,12.220194757306894,12.413824776969879,,,,,,,,,,,,12.413824776969879,"rgba(38, 166, 154, 0.75)"
2023-07-31 00:00:00+00:00,9.71,9.78,9.525,9.56,1674057,0.0,0.0,0.0,0.0,0.0,0.0,0.0,0.0,,,,,,,,,,8.523481376192407,9.441174763771656,10.443965130949541,11.097215458556503,11.347629418084832,11.75236743465307,12.21844850593629,12.411967922494332,,,,,,,,,,,,12.411967922494332,"rgba(38, 166, 154, 0.75)"
2023-08-01 00:00:00+00:00,9.47,9.67,9.1,9.61,2235409,0.0,0.0,0.0,0.0,0.0,0.0,0.0,0.0,,,,,,,,,,8.524516290508418,9.44114438676242,10.442909362129585,11.0955647684589,11.345762338339254,11.750163634441579,12.21588427223317,12.409258958964866,,,,,,,,,,,,12.409258958964866,"rgba(38, 166, 154, 0.75)"
2023-08-02 00:00:00+00:00,9.33,9.51,9.25,9.33,2371121,0.0,0.0,0.0,0.0,0.0,0.0,0.0,0.0,,,,,,,,,,8.525549801680372,9.441054439248983,10.44173758879941,11.093765461950355,11.343734702986595,11.747780655957762,12.213121047939307,12.406343011687198,,,,,,,,,,,,12.406343011687198,"rgba(38, 166, 154, 0.75)"
2023-08-03 00:00:00+00:00,9.41,10.145,9.305,9.78,7439716,0.0,0.0,0.0,0.0,0.0,0.0,0.0,0.0,,,,,,,,,,8.529764542493057,9.441701133632758,10.438948581494454,11.088977869990034,11.338220613917958,11.741136042179914,12.205263443257772,12.397998613160794,,,,,,,,,,,,12.397998613160794,"rgba(38, 166, 154, 0.75)"
2023-08-04 00:00:00+00:00,9.06,9.54,8.96,9.52,3952662,0.0,0.0,0.0,0.0,0.0,0.0,0.0,0.0,,,,,,,,,,8.531105827876216,9.441212394297615,10.436694500573832,11.085700279223598,11.33457012167745,11.736904906415004,12.200411595120174,12.392897223135348,,,,,,,,,,,,12.392897223135348,"rgba(38, 166, 154, 0.5)"
2023-08-07 00:00:00+00:00,8.83,9.4,8.71,9.16,4641943,0.0,0.0,0.0,0.0,0.0,0.0,0.0,0.0,,,,,,,,,,8.532179655249047,9.440176743825472,10.433621738539681,11.08144819386108,11.329887851707603,11.73155256019584,12.1943441676189,12.386542052610245,,,,,,,,,,,,12.386542052610245,#000000
2023-08-08 00:00:00+00:00,8.9,8.94,8.52,8.79,2832688,0.0,0.0,0.0,0.0,0.0,0.0,0.0,0.0,,,,,,,,,,8.532550610522385,9.439282473611126,10.431504438247323,11.07862389358941,11.326805365143683,11.72806777828575,12.190430791322868,12.382456063685051,,,,,,,,,,,,12.382456063685051,#000000
2023-08-09 00:00:00+00:00,8.62,8.93,8.6,8.85,2240617,0.0,0.0,0.0,0.0,0.0,0.0,0.0,0.0,,,,,,,,,,8.532762649658997,9.438501164309216,10.429762425898037,11.076326751534122,11.324305403373016,11.725251741571963,12.187278197556116,12.379167877664143,,,,,,,,,,,,12.379167877664143,"rgba(239, 83, 80, 1.0)"
2023-08-10 00:00:00+00:00,8.41,8.705,8.31,8.6,3090041,0.0,0.0,0.0,0.0,0.0,0.0,0.0,0.0,,,,,,,,,,8.532671053162783,9.43706660900948,10.427027719012443,11.07284237375332,11.320546751334124,11.72106550660361,12.182637731553944,12.374344213569671,,,,,,,,,,,,12.374344213569671,"rgba(239, 83, 80, 1.0)"
2023-08-11 00:00:00+00:00,8.41,8.52,8.26,8.35,1421175,0.0,0.0,0.0,0.0,0.0,0.0,0.0,0.0,,,,,,,,,,8.532571935428622,9.436354655894272,10.425722167400322,11.071194739520937,11.31877389890368,11.719097412519751,12.18046236685268,12.372085221267406,,,,,,,,,,,,12.372085221267406,"rgba(239, 83, 80, 1.0)"
2023-08-14 00:00:00+00:00,8.42,8.54,8.29,8.33,1268526,0.0,0.0,0.0,0.0,0.0,0.0,0.0,0.0,,,,,,,,,,8.532496587551073,9.435732205130094,10.424569735347793,11.069736775781156,11.317204102539616,11.717353242430569,12.178533021544881,12.370081167625598,,,,,,,,,,,,12.370081167625598,"rgba(239, 83, 80, 1.0)"
2023-08-15 00:00:00+00:00,8.32,8.38,8.125,8.38,1890418,0.0,0.0,0.0,0.0,0.0,0.0,0.0,0.0,,,,,,,,,,8.5322473707825,9.434677251649047,10.422733779161518,11.067451158783632,11.3147537603452,11.714645998837678,12.175553348484794,12.366991511893021,,,,,,,,,,,,12.366991511893021,"rgba(239, 83, 80, 1.0)"
2023-08-16 00:00:00+00:00,8.35,8.4,8.165,8.25,3402964,0.0,0.0,0.0,0.0,0.0,0.0,0.0,0.0,,,,,,,,,,8.531852142351381,9.432832044129809,10.41948279808718,11.063390301046523,11.310396237826147,11.70982578498424,12.170242217868557,12.36148220883752,,,,,,,,,,,,12.36148220883752,"rgba(239, 83, 80, 1.0)"
2023-08-17 00:00:00+00:00,8.3,8.38,8.25,8.31,1993746,0.0,0.0,0.0,0.0,0.0,0.0,0.0,0.0,,,,,,,,,,8.531626311587077,9.431758542539528,10.417587222492234,11.061020949303032,11.307853324667022,11.707012157544806,12.167141287986109,12.358265297501129,,,,,,,,,,,,12.358265297501129,"rgba(239, 83, 80, 1.0)"
2023-08-18 00:00:00+00:00,8.35,8.445,8.17,8.22,2334986,0.0,0.0,0.0,0.0,0.0,0.0,0.0,0.0,,,,,,,,,,8.53137630450025,9.430516960956734,10.415383801008941,11.058262995719929,11.304892222040213,11.703734174888472,12.163526911364931,12.354515122714869,,,,,,,,,,,,12.354515122714869,"rgba(239, 83, 80, 1.0)"
2023-08-21 00:00:00+00:00,8.45,8.52,8.18,8.37,3057390,0.0,0.0,0.0,0.0,0.0,0.0,0.0,0.0,,,,,,,,,,8.531145845195695,9.428985626018582,10.41259044429683,11.054741351049959,11.30110383625754,11.699529712664084,12.158880369015169,12.349690156434285,,,,,,,,,,,,12.349690156434285,"rgba(239, 83, 80, 1.0)"
2023-08-22 00:00:00+00:00,8.25,8.5293,8.115,8.49,4210304,0.0,0.0,0.0,0.0,0.0,0.0,0.0,0.0,,,,,,,,,,8.530647327680734,9.426712858805,10.40859524084732,11.049752628071678,11.29575100888639,11.69360881689301,12.152356292230504,12.342922526554572,,,,,,,,,,,,12.342922526554572,"rgba(239, 83, 80, 1.0)"
2023-08-23 00:00:00+00:00,8.16,8.33,8.13,8.31,2300675,0.0,0.0,0.0,0.0,0.0,0.0,0.0,0.0,,,,,,,,,,8.530269065773341,9.425374484200761,10.406324173271578,11.046943887217756,11.292745097811915,11.690295220756468,12.14871623788763,12.339150592567734,,,,,,,,,,,,12.339150592567734,"rgba(239, 83, 80, 1.0)"
2023-08-24 00:00:00+00:00,8.07,8.21,8.04,8.12,1899341,0.0,0.0,0.0,0.0,0.0,0.0,0.0,0.0,,,,,,,,,,8.529861158736372,9.424181308133843,10.404367726556869,11.044547794773113,11.290187679603166,11.687486006180155,12.145640115464017,12.335966594152795,,,,,,,,,,,,12.335966594152795,"rgba(239, 83, 80, 1.0)"
2023-08-25 00:00:00+00:00,8.24,8.29,7.93,8.12,3806613,0.0,0.0,0.0,0.0,0.0,0.0,0.0,0.0,,,,,,,,,,8.529135891095054,9.421880933848596,10.40053610235033,11.039833435775222,11.285149457261761,11.681942286782252,12.13956016876569,12.329669955005466,,,,,,,,,,,,12.329669955005466,"rgba(239, 83, 80, 1.0)"
2023-08-28 00:00:00+00:00,8.26,8.395,8.22,8.27,1633198,0.0,0.0,0.0,0.0,0.0,0.0,0.0,0.0,,,,,,,,,,8.528939803594751,9.421003875164244,10.398997120372695,11.037912194894254,11.283088064794322,11.679662160660197,12.137047615088187,12.327063529100359,,,,,,,,,,,,12.327063529100359,"rgba(239, 83, 80, 0.75)"
2023-08-29 00:00:00+00:00,8.48,8.61,8.17,8.26,2474041,0.0,0.0,0.0,0.0,0.0,0.0,0.0,0.0,,,,,,,,,,8.52880370478945,9.419828540755049,10.396811789420068,11.035142689734114,11.280104510983817,11.676344574041764,12.133374545855684,12.323246962910156,,,,,,,,,,,,12.323246962910156,"rgba(239, 83, 80, 0.75)"
2023-08-30 00:00:00+00:00,8.43,8.54,8.35,8.48,1822319,0.0,0.0,0.0,0.0,0.0,0.0,0.0,0.0,,,,,,,,,,8.52872206218259,9.418981863586028,10.395221465753055,11.033122056124682,11.277926210548031,11.673920217492396,12.130688237509846,12.320454917491489,,,,,,,,,,,,12.320454917491489,"rgba(239, 83, 80, 0.75)"
2023-08-31 00:00:00+00:00,8.34,8.48,8.28,8.44,4844368,0.0,0.0,0.0,0.0,0.0,0.0,0.0,0.0,,,,,,,,,,8.528326966864512,9.416570127098197,10.390848272561302,11.027614291397342,11.272002517812874,11.667347303253791,12.12342452851226,12.312912261494407,,,,,,,,,,,,12.312912261494407,"rgba(239, 83, 80, 0.75)"
2023-09-01 00:00:00+00:00,8.46,8.55,8.35,8.42,4754807,0.0,0.0,0.0,0.0,0.0,0.0,0.0,0.0,,,,,,,,,,8.528147939035065,9.414408220098993,10.38675722275994,11.0224057852969,11.266384475669929,11.661089993468682,12.11648616358207,12.305698958747106,,,,,,,,,,,,12.305698958747106,"rgba(239, 83, 80, 0.75)"
2023-09-05 00:00:00+00:00,8.35,8.505,8.26,8.36,1894592,0.0,0.0,0.0,0.0,0.0,0.0,0.0,0.0,,,,,,,,,,8.527999233061971,9.413476521995776,10.385063267860266,11.020270494437158,11.264087347915739,11.658540195939803,12.113667346139543,12.302771494065464,,,,,,,,,,,,12.302771494065464,"rgba(239, 83, 80, 0.75)"
2023-09-06 00:00:00+00:00,8.36,8.4,8.26,8.28,1744596,0.0,0.0,0.0,0.0,0.0,0.0,0.0,0.0,,,,,,,,,,8.527834863491107,9.412594025321372,10.383481447547696,11.01828382401808,11.26195218413412,11.656173173893032,12.111053512581162,12.300057965111511,,,,,,,,,,,,12.300057965111511,"rgba(239, 83, 80, 0.75)"
2023-09-07 00:00:00+00:00,8.42,8.44,8.2,8.28,2711613,0.0,0.0,0.0,0.0,0.0,0.0,0.0,0.0,,,,,,,,,,8.527598049344936,9.411242258933733,10.381043697599996,11.01521713930079,11.258654812617044,11.652515589434067,12.107012368960632,12.29586189136375,,,,,,,,,,,,12.29586189136375,#000000
2023-09-08 00:00:00+00:00,8.64,8.68,8.4147,8.42,3679084,0.0,0.0,0.0,0.0,0.0,0.0,0.0,0.0,,,,,,,,,,8.527691111847043,9.409802435864389,10.378111342918778,11.011418158669148,11.254538307446245,11.647903363863174,12.101870948965212,12.290506906391768,,,,,,,,,,,,12.290506906391768,#000000
2023-09-11 00:00:00+00:00,8.68,8.73,8.53,8.73,3330269,0.0,0.0,0.0,0.0,0.0,0.0,0.0,0.0,,,,,,,,,,8.527888716384354,9.408610310483438,10.375565827526833,11.008085988595278,11.250917978118753,11.643833149531574,12.097320025180746,12.28576202557887,,,,,,,,,,,,12.28576202557887,"rgba(38, 166, 154, 0.5)"
2023-09-12 00:00:00+00:00,8.57,8.74,8.54,8.61,1956465,0.0,0.0,0.0,0.0,0.0,0.0,0.0,0.0,,,,,,,,,,8.527975255709869,9.407884189830039,10.374047987915715,11.00610796810552,11.248771345164396,11.64142324283235,12.094628840786708,12.282957330571104,,,,,,,,,,,,12.282957330571104,"rgba(38, 166, 154, 0.5)"
2023-09-13 00:00:00+00:00,8.63,8.68,8.44,8.51,1835239,0.0,0.0,0.0,0.0,0.0,0.0,0.0,0.0,,,,,,,,,,8.528025828045138,9.407175625734553,10.372599614766049,11.004229638575014,11.246735438459693,11.639141269715063,12.092084028573542,12.280306429753029,,,,,,,,,,,,12.280306429753029,"rgba(38, 166, 154, 0.5)"
2023-09-14 00:00:00+00:00,8.7,8.79,8.645,8.69,1613660,0.0,0.0,0.0,0.0,0.0,0.0,0.0,0.0,,,,,,,,,,8.528173219386732,9.406650509063033,10.371419248377553,11.002667917401181,11.245034036760483,11.637221770403242,12.089931239787811,12.278059525962254,,,,,,,,,,,,12.278059525962254,"rgba(38, 166, 154, 0.5)"
2023-09-15 00:00:00+00:00,8.52,8.77,8.45,8.67,2150385,0.0,0.0,0.0,0.0,0.0,0.0,0.0,0.0,,,,,,,,,,8.528228592235505,9.405819621107504,10.369724305531209,11.000470633210643,11.242652617756269,11.634552782244349,12.086955016692851,12.27495928384384,,,,,,,,,,,,12.27495928384384,"rgba(38, 166, 154, 0.5)"
2023-09-18 00:00:00+00:00,8.37,8.48,8.3,8.43,2248277,0.0,0.0,0.0,0.0,0.0,0.0,0.0,0.0,,,,,,,,,,8.528066916239846,9.404746236257104,10.367761276368626,10.997991266201442,11.239983770305711,11.631587927912687,12.083674500115055,12.27155123425278,,,,,,,,,,,,12.27155123425278,#000000
2023-09-19 00:00:00+00:00,7.72,8.1,7.56,8.09,10088475,0.0,0.0,0.0,0.0,0.0,0.0,0.0,0.0,,,,,,,,,,8.5244065214374,9.397191148071753,10.356395558452352,10.984425965453127,11.225608405066057,11.615945899731441,12.066689700224945,12.254022422651703,,,,,,,,,,,,12.254022422651703,"rgba(239, 83, 80, 1.0)"
2023-09-20 00:00:00+00:00,8.34,8.72,8.14,8.68,10282746,0.0,0.0,0.0,0.0,0.0,0.0,0.0,0.0,,,,,,,,,,8.523777992812976,9.392448463396939,10.3476314750262,10.973323339918545,11.213647201658635,11.602642844906105,12.051953773151642,12.23870746307863,,,,,,,,,,,,12.23870746307863,"rgba(239, 83, 80, 1.0)"
2023-09-21 00:00:00+00:00,8.39,8.47,8.155,8.24,7595026,0.0,0.0,0.0,0.0,0.0,0.0,0.0,0.0,,,,,,,,,,8.523088549158453,9.38875842334986,10.341005042892027,10.964988738145344,11.204685044864714,11.592699574969286,12.040962861371655,12.227293007186615,,,,,,,,,,,,12.227293007186615,"rgba(239, 83, 80, 1.0)"
2023-09-22 00:00:00+00:00,8.22,8.45,8.125,8.45,4335975,0.0,0.0,0.0,0.0,0.0,0.0,0.0,0.0,,,,,,,,,,8.52254192365818,9.386517090104306,10.337103787508378,10.960121957093824,11.199463326197423,11.586922806784985,12.03459361210276,12.220684124300455,,,,,,,,,,,,12.220684124300455,"rgba(239, 83, 80, 1.0)"
2023-09-25 00:00:00+00:00,8.25,8.35,8.14,8.19,1608325,0.0,0.0,0.0,0.0,0.0,0.0,0.0,0.0,,,,,,,,,,8.52232536283557,9.38567444014489,10.33564766635858,10.958308950863648,11.197519098162523,11.58477335313416,12.032225089529945,12.218226985589615,,,,,,,,,,,,12.218226985589615,"rgba(239, 83, 80, 1.0)"
2023-09-26 00:00:00+00:00,8.23,8.43,8.15,8.17,1548959,0.0,0.0,0.0,0.0,0.0,0.0,0.0,0.0,,,,,,,,,,8.522134743941043,9.384880671690636,10.334262852158949,10.956580159679445,11.195663840670283,11.582720304709428,12.029960834379377,12.215877300886127,,,,,,,,,,,,12.215877300886127,"rgba(239, 83, 80, 1.0)"
2023-09-27 00:00:00+00:00,8.2,8.29,8.0001,8.27,1902973,0.0,0.0,0.0,0.0,0.0,0.0,0.0,0.0,,,,,,,,,,8.521802077759876,9.38381390839132,10.332476325613532,10.954375115900168,11.193304824457549,11.580120434066579,12.027104027451259,12.212916515486398,,,,,,,,,,,,12.212916515486398,"rgba(239, 83, 80, 1.0)"
2023-09-28 00:00:00+00:00,8.24,8.29,8.135,8.19,1137512,0.0,0.0,0.0,0.0,0.0,0.0,0.0,0.0,,,,,,,,,,8.521635815067015,9.38320755267357,10.331438488335385,10.953086199183462,11.191923560951706,11.578594720123855,12.025424107939559,12.211174205532101,,,,,,,,,,,,12.211174205532101,"rgba(239, 83, 80, 1.0)"
2023-09-29 00:00:00+00:00,8.22,8.335,8.18,8.24,1801948,0.0,0.0,0.0,0.0,0.0,0.0,0.0,0.0,,,,,,,,,,8.521393270637674,9.382267579958095,10.329814683173725,10.951064316566319,11.18975527734079,11.576197431187778,12.022782264437268,12.208433424515647,,,,,,,,,,,,12.208433424515647,"rgba(239, 83, 80, 1.0)"
2023-10-02 00:00:00+00:00,8.14,8.275,8.11,8.24,2031789,0.0,0.0,0.0,0.0,0.0,0.0,0.0,0.0,,,,,,,,,,8.521051165524456,9.38114445143074,10.327925414744849,10.948729278977824,11.187256224280333,11.573441783024625,12.019752761823874,12.205293092746668,,,,,,,,,,,,12.205293092746668,"rgba(239, 83, 80, 1.0)"
2023-10-03 00:00:00+00:00,8.01,8.165,7.945,8.07,2660073,0.0,0.0,0.0,0.0,0.0,0.0,0.0,0.0,,,,,,,,,,8.520429960225018,9.379512948768758,10.325302148811812,10.945529613255477,11.18384429993421,11.569697709335239,12.01565464396266,12.201051600362183,,,,,,,,,,,,12.201051600362183,"rgba(239, 83, 80, 1.0)"
2023-10-04 00:00:00+00:00,8.02,8.06,7.85,8.03,2138127,0.0,0.0,0.0,0.0,0.0,0.0,0.0,0.0,,,,,,,,,,8.519866136740765,9.37814257887146,10.32313964960114,10.94290691955506,11.181052064857681,11.566640130745709,12.012314374202894,12.197596813709133,,,,,,,,,,,,12.197596813709133,"rgba(239, 83, 80, 1.0)"
2023-10-05 00:00:00+00:00,8.23,8.245,7.92,8.0,2454481,0.0,0.0,0.0,0.0,0.0,0.0,0.0,0.0,,,,,,,,,,8.519404609061912,9.376746367875185,10.320825753577497,10.94005891050244,11.178007441153856,11.563287836169847,12.008633700939667,12.193783203482834,,,,,,,,,,,,12.193783203482834,"rgba(239, 83, 80, 0.75)"
2023-10-06 00:00:00+00:00,8.11,8.275,7.991,8.16,2507265,0.0,0.0,0.0,0.0,0.0,0.0,0.0,0.0,,,,,,,,,,8.518926605598274,9.3753161185243,10.318460312904953,10.937149059030112,11.174897160356997,11.559863891512588,12.004874945876512,12.189888897974669,,,,,,,,,,,,12.189888897974669,"rgba(239, 83, 80, 0.75)"
2023-10-09 00:00:00+00:00,7.65,8.02,7.23,8.0,6061556,0.0,0.0,0.0,0.0,0.0,0.0,0.0,0.0,,,,,,,,,,8.516337184127005,9.370516126809212,10.311484431682887,10.928912413367312,11.16619494822975,11.550432515428675,11.994669159942093,12.179368849096726,,,,,,,,,,,,12.179368849096726,"rgba(239, 83, 80, 1.0)"
2023-10-10 00:00:00+00:00,7.78,7.88,7.58,7.74,2331592,0.0,0.0,0.0,0.0,0.0,0.0,0.0,0.0,,,,,,,,,,8.51547250784736,9.368796830369702,10.308923927932339,10.925863672988662,11.162966015885395,11.546921382896523,11.990857841724177,12.17543577108587,,,,,,,,,,,,12.17543577108587,"rgba(239, 83, 80, 1.0)"
2023-10-11 00:00:00+00:00,7.39,7.78,7.26,7.75,4518297,0.0,0.0,0.0,0.0,0.0,0.0,0.0,0.0,,,,,,,,,,8.51321587535531,9.364922576553262,10.30345522356957,10.919471899136541,11.156232969650047,11.539653614261127,11.98302285649131,12.16737040231832,,,,,,,,,,,,12.16737040231832,"rgba(239, 83, 80, 1.0)"
2023-10-12 00:00:00+00:00,7.29,7.45,7.26,7.39,1712015,0.0,0.0,0.0,0.0,0.0,0.0,0.0,0.0,,,,,,,,,,8.512245497909943,9.36334761866835,10.301283816793156,10.916955622298742,11.153589062353237,11.536809671162544,11.979967024575423,12.16422844324802,,,,,,,,,,,,12.16422844324802,"rgba(239, 83, 80, 1.0)"
2023-10-13 00:00:00+00:00,7.14,7.3,7.08,7.3,2129215,0.0,0.0,0.0,0.0,0.0,0.0,0.0,0.0,,,,,,,,,,8.510877384926882,9.361238148364292,10.298442340491006,10.913691574537966,11.150168457839612,11.53314362348722,11.976041446200227,12.160197283409898,,,,,,,,,,,,12.160197283409898,"rgba(239, 83, 80, 1.0)"
2023-10-16 00:00:00+00:00,7.39,7.96,7.09,7.13,6428332,0.0,0.0,0.0,0.0,0.0,0.0,0.0,0.0,,,,,,,,,,8.507706956491203,9.355783234471868,10.29073361398511,10.90467663470226,11.140670476623802,11.522888614604762,11.964982794267762,12.148812185732988,,,,,,,,,,,,12.148812185732988,"rgba(239, 83, 80, 1.0)"
2023-10-17 00:00:00+00:00,7.77,7.78,7.34,7.34,2714068,0.0,0.0,0.0,0.0,0.0,0.0,0.0,0.0,,,,,,,,,,8.506568754464901,9.353673045063463,10.287664619667153,10.901050772782774,11.13683884681921,11.5187345354199,11.96048571110357,12.14417586468775,,,,,,,,,,,,12.14417586468775,"rgba(239, 83, 80, 0.75)"
2023-10-18 00:00:00+00:00,7.76,7.85,7.61,7.7,1813598,0.0,0.0,0.0,0.0,0.0,0.0,0.0,0.0,,,,,,,,,,8.505905064793506,9.352355649063568,10.28570251286665,10.89871369370787,11.134363294542371,11.516042009368004,11.957562061467215,12.141158439460286,,,,,,,,,,,,12.141158439460286,"rgba(239, 83, 80, 0.75)"
2023-10-19 00:00:00+00:00,7.34,7.76,7.3,7.66,2107898,0.0,0.0,0.0,0.0,0.0,0.0,0.0,0.0,,,,,,,,,,8.504860342437391,9.350568060667047,10.283181349603028,10.895767029179034,11.131259225179718,11.512691193172,11.953949170394718,12.137439071602172,,,,,,,,,,,,12.137439071602172,"rgba(239, 83, 80, 0.75)"
2023-10-20 00:00:00+00:00,7.32,7.4,7.25,7.33,1482916,0.0,0.0,0.0,0.0,0.0,0.0,0.0,0.0,,,,,,,,,,8.50402533703615,9.349216987331584,10.281320275851803,10.893610544573153,11.128993355340198,11.510253807559792,11.9513298904653,12.134745836379475,,,,,,,,,,,,12.134745836379475,"rgba(239, 83, 80, 0.75)"
2023-10-23 00:00:00+00:00,7.04,7.29,7.01,7.25,1791976,0.0,0.0,0.0,0.0,0.0,0.0,0.0,0.0,,,,,,,,,,8.50283869017689,9.347417743172969,10.278915008626033,10.890855016823684,11.126107949700527,11.507164680270638,11.948025224235884,12.131353439183984,,,,,,,,,,,,12.131353439183984,"rgba(239, 83, 80, 1.0)"
2023-10-24 00:00:00+00:00,7.15,7.25,7.04,7.06,1770211,0.0,0.0,0.0,0.0,0.0,0.0,0.0,0.0,,,,,,,,,,8.5016965162419,9.345669670155583,10.276567520643965,10.888160883614404,11.123285301659294,11.5041404502345,11.9447876026734,12.12802897412774,,,,,,,,,,,,12.12802897412774,"rgba(239, 83, 80, 1.0)"
2023-10-25 00:00:00+00:00,6.91,7.13,6.875,7.13,1607371,0.0,0.0,0.0,0.0,0.0,0.0,0.0,0.0,,,,,,,,,,8.500527349454826,9.343958678520854,10.274320012497633,10.885603674152227,11.120613134927734,11.501287910440169,11.9417445026463,12.124908249163704,,,,,,,,,,,,12.124908249163704,"rgba(239, 83, 80, 1.0)"
2023-10-26 00:00:00+00:00,6.73,6.93,6.68,6.86,1964529,0.0,0.0,0.0,0.0,0.0,0.0,0.0,0.0,,,,,,,,,,8.49892197981085,9.341702166905499,10.271418081967163,10.882329952756969,11.117201221625407,11.497659091653926,11.93788704336916,12.120957554078414,,,,,,,,,,,,12.120957554078414,"rgba(239, 83, 80, 1.0)"
2023-10-27 00:00:00+00:00,6.57,6.7,6.53,6.69,1948144,0.0,0.0,0.0,0.0,0.0,0.0,0.0,0.0,,,,,,,,,,8.497166557807532,9.339311436673364,10.268396994660277,10.878946468518098,11.11368285931883,11.493928952209806,11.933934149929996,12.116913731789984,,,,,,,,,,,,12.116913731789984,"rgba(239, 83, 80, 1.0)"
2023-10-30 00:00:00+00:00,6.69,6.73,6.54,6.65,1983717,0.0,0.0,0.0,0.0,0.0,0.0,0.0,0.0,,,,,,,,,,8.49543256976334,9.336928645500173,10.265370497270743,10.875549565388704,11.110148144578327,11.490177863773443,11.929955274280536,12.112841899659227,,,,,,,,,,,,12.112841899659227,"rgba(239, 83, 80, 1.0)"
2023-10-31 00:00:00+00:00,6.82,6.83,6.55,6.72,2215513,0.0,0.0,0.0,0.0,0.0,0.0,0.0,0.0,,,,,,,,,,8.493583754547316,9.33435160345008,10.262071071792915,10.871833947545316,11.10627776085898,11.486064507399217,11.925585817798497,12.108367977927037,,,,,,,,,,,,12.108367977927037,"rgba(239, 83, 80, 1.0)"
2023-11-01 00:00:00+00:00,7.08,7.45,6.68,6.78,9089429,0.0,0.0,0.0,0.0,0.0,0.0,0.0,0.0,,,,,,,,,,8.487482164208915,9.3251937396472,10.24988435596946,10.857894087938405,11.091687385645175,11.470453278436054,11.908893576076025,12.091235559470512,,,,,,,,,,,,12.091235559470512,"rgba(239, 83, 80, 0.75)"
2023-11-02 00:00:00+00:00,7.34,7.46,6.82,7.35,6287241,0.0,0.0,0.0,0.0,0.0,0.0,0.0,0.0,,,,,,,,,,8.483696130763045,9.319283642932131,10.241868954517445,10.848657159699659,11.081997521059266,11.460052640322349,11.897738600346349,12.079773616598242,,,,,,,,,,,,12.079773616598242,"rgba(239, 83, 80, 0.5)"
2023-11-03 00:00:00+00:00,7.57,7.7,7.42,7.42,3888387,0.0,0.0,0.0,0.0,0.0,0.0,0.0,0.0,,,,,,,,,,8.482016657554496,9.316259282730883,10.237512911080996,10.843525033994764,11.076578233854578,11.454182907423075,11.891388695327512,12.073228643957956,,,,,,,,,,,,12.073228643957956,#000000
2023-11-06 00:00:00+00:00,7.45,7.645,7.4,7.61,1625194,0.0,0.0,0.0,0.0,0.0,0.0,0.0,0.0,,,,,,,,,,8.481266980955553,9.31495154491053,10.235652298686954,10.841342342396423,11.074276311557098,11.451693927618477,11.888700416725474,12.070459372784459,,,,,,,,,,,,12.070459372784459,#000000
2023-11-07 00:00:00+00:00,7.25,7.422,7.23,7.38,1643689,0.0,0.0,0.0,0.0,0.0,0.0,0.0,0.0,,,,,,,,,,8.480357693164592,9.313487130571671,10.23363737979264,10.839007350108544,11.071822678937886,11.449054101310171,11.885862628786388,12.06754105574355,,,,,,,,,,,,12.06754105574355,#000000
2023-11-08 00:00:00+00:00,7.17,7.3,7.15,7.25,1543281,0.0,0.0,0.0,0.0,0.0,0.0,0.0,0.0,,,,,,,,,,8.479437298755567,9.312049988778224,10.231687511298151,10.836759629069222,11.069464482922085,11.446522494723387,11.883146828738255,12.064750290453345,,,,,,,,,,,,12.064750290453345,#000000
2023-11-09 00:00:00+00:00,6.84,7.2,6.82,7.19,2595887,0.0,0.0,0.0,0.0,0.0,0.0,0.0,0.0,,,,,,,,,,8.47758458972435,9.309346711354545,10.228139185939238,10.832721689010846,11.065244629320917,11.442016967062635,11.878338722642361,12.059818872694107,,,,,,,,,,,,12.059818872694107,"rgba(239, 83, 80, 0.5)"
2023-11-10 00:00:00+00:00,6.81,6.87,6.7,6.86,1647989,0.0,0.0,0.0,0.0,0.0,0.0,0.0,0.0,,,,,,,,,,8.476287518226798,9.30751743026956,10.225780663725407,10.830057025656531,11.062466091160907,11.439059546455903,11.875192172367433,12.056595177387933,,,,,,,,,,,,12.056595177387933,"rgba(239, 83, 80, 0.5)"
2023-11-13 00:00:00+00:00,6.53,6.79,6.53,6.71,1745872,0.0,0.0,0.0,0.0,0.0,0.0,0.0,0.0,,,,,,,,,,8.474771566556113,9.30544642683365,10.223157166189552,10.827114548314205,11.059404811912549,11.435811582651132,11.871747239776598,12.05306982253795,,,,,,,,,,,,12.05306982253795,"rgba(239, 83, 80, 1.0)"
2023-11-14 00:00:00+00:00,6.79,6.89,6.65,6.75,2535537,0.0,0.0,0.0,0.0,0.0,0.0,0.0,0.0,,,,,,,,,,8.472763541372487,9.302623012595491,10.219522567554332,10.823010600995485,11.055126247561931,11.431258686289404,11.866904263403198,12.048108509640695,,,,,,,,,,,,12.048108509640695,"rgba(239, 83, 80, 1.0)"
2023-11-15 00:00:00+00:00,6.94,7.11,6.81,6.81,1253420,0.0,0.0,0.0,0.0,0.0,0.0,0.0,0.0,,,,,,,,,,8.471875857630176,9.301327065732663,10.217820718506566,10.821073364366347,11.05310153900867,11.42909658856322,11.864596553718295,12.04574145373086,,,,,,,,,,,,12.04574145373086,"rgba(239, 83, 80, 0.5)"
2023-11-16 00:00:00+00:00,6.56,6.92,6.56,6.92,3246304,0.0,0.0,0.0,0.0,0.0,0.0,0.0,0.0,,,,,,,,,,8.469168651303011,9.297587300278128,10.213052870565065,10.815711069608437,11.047517916504718,11.423165160269518,11.858297671006715,12.039292585156558,,,,,,,,,,,,12.039292585156558,"rgba(239, 83, 80, 1.0)"
2023-11-17 00:00:00+00:00,6.9,6.92,6.6,6.6,2227454,0.0,0.0,0.0,0.0,0.0,0.0,0.0,0.0,,,,,,,,,,8.467447000027247,9.295151298090687,10.209905857063521,10.812152196672015,11.043805824153967,11.419212326806356,11.854090038067831,12.034981019215978,,,,,,,,,,,,12.034981019215978,"rgba(239, 83, 80, 0.5)"
2023-11-20 00:00:00+00:00,7.04,7.065,6.86,6.9,1877109,0.0,0.0,0.0,0.0,0.0,0.0,0.0,0.0,,,,,,,,,,8.466157306644067,9.293251733407214,10.207399658977852,10.80929378414434,11.040816536530615,11.416017456761333,11.850677066806806,12.03147916856978,,,,,,,,,,,,12.03147916856978,"rgba(239, 83, 80, 0.5)"
2023-11-21 00:00:00+00:00,6.91,7.235,6.91,7.03,1804341,0.0,0.0,0.0,0.0,0.0,0.0,0.0,0.0,,,,,,,,,,8.464944850702786,9.291452481019366,10.205016705732652,10.806571747141259,11.037968523254131,11.412971557312627,11.847421126244036,12.028137645064856,,,,,,,,,,,,12.028137645064856,"rgba(239, 83, 80, 0.5)"
2023-11-22 00:00:00+00:00,6.87,7.0,6.79,6.92,1219495,0.0,0.0,0.0,0.0,0.0,0.0,0.0,0.0,,,,,,,,,,8.46405206048336,9.290167691508595,10.203341700000783,10.804670357961529,11.035982950901564,11.410853715642405,11.845163094409983,12.025822451157998,,,,,,,,,,,,12.025822451157998,"rgba(239, 83, 80, 0.5)"
2023-11-24 00:00:00+00:00,6.93,6.99,6.89,6.89,496296,0.0,0.0,0.0,0.0,0.0,0.0,0.0,0.0,,,,,,,,,,8.463700520047757,9.28965608471139,10.20267077870112,10.80390694878682,11.035185160047389,11.410001907314438,11.844253995543472,12.024889998270773,,,,,,,,,,,,12.024889998270773,#000000
2023-11-27 00:00:00+00:00,6.89,6.915,6.685,6.88,1677763,0.0,0.0,0.0,0.0,0.0,0.0,0.0,0.0,,,,,,,,,,8.462430381315311,9.28784987944049,10.200330713264478,10.801257299711374,11.032420339470844,11.407056103508578,11.841116472156317,12.021674276783235,,,,,,,,,,,,12.021674276783235,#000000
2023-11-28 00:00:00+00:00,6.86,6.92,6.805,6.84,1060517,0.0,0.0,0.0,0.0,0.0,0.0,0.0,0.0,,,,,,,,,,8.461644097038826,9.286724233543634,10.198867110009088,10.7995976142725,11.030687720998875,11.405208878713944,11.839147782381861,12.019656051986031,,,,,,,,,,,,12.019656051986031,"rgba(239, 83, 80, 0.5)"
2023-11-29 00:00:00+00:00,7.05,7.14,6.9,6.97,1175301,0.0,0.0,0.0,0.0,0.0,0.0,0.0,0.0,,,,,,,,,,8.460865195519899,9.285564482111536,10.19732833471982,10.797838482243309,11.028846717441946,11.403239254567787,11.837041554904674,12.017494164600874,,,,,,,,,,,,12.017494164600874,#000000
2023-11-30 00:00:00+00:00,7.14,7.24,7.0,7.07,1444950,0.0,0.0,0.0,0.0,0.0,0.0,0.0,0.0,,,,,,,,,,8.459973367200071,9.284201318707922,10.195496241105369,10.7957334305255,11.02664031179575,11.400873640847704,11.834506644830036,12.014890306949997,,,,,,,,,,,,12.014890306949997,#000000
2023-12-01 00:00:00+00:00,7.36,7.38,7.1,7.14,1762790,0.0,0.0,0.0,0.0,0.0,0.0,0.0,0.0,,,,,,,,,,8.45901191708582,9.282658657628511,10.193375635348099,10.793275791686483,11.024057645223806,11.398094618353145,11.831518434592555,12.01181696708714,,,,,,,,,,,,12.01181696708714,"rgba(38, 166, 154, 1.0)"
2023-12-04 00:00:00+00:00,7.48,7.55,7.29,7.3,1450361,0.0,0.0,0.0,0.0,0.0,0.0,0.0,0.0,,,,,,,,,,8.458329235329055,9.281492453277455,10.19172888172577,10.79134827910714,11.022026080709155,11.395899673728477,11.82914910390882,12.009376723574503,,,,,,,,,,,,12.009376723574503,"rgba(38, 166, 154, 1.0)"
2023-12-05 00:00:00+00:00,7.13,7.515,7.11,7.38,1519187,0.0,0.0,0.0,0.0,0.0,0.0,0.0,0.0,,,,,,,,,,8.45748306977089,9.28014772095611,10.189888182543761,10.789218346497092,11.019788824468675,11.393493846187296,11.826563705868361,12.006718235690645,,,,,,,,,,,,12.006718235690645,"rgba(38, 166, 154, 1.0)"
2023-12-06 00:00:00+00:00,7.17,7.275,7.06,7.16,1249594,0.0,0.0,0.0,0.0,0.0,0.0,0.0,0.0,,,,,,,,,,8.4567399135232,9.278997572433525,10.188332965938535,10.787427084169476,11.017909924596111,11.39147727337939,11.824400600523097,12.004495461931167,,,,,,,,,,,,12.004495461931167,"rgba(38, 166, 154, 0.75)"
2023-12-07 00:00:00+00:00,7.17,7.25,7.03,7.14,983186,0.0,0.0,0.0,0.0,0.0,0.0,0.0,0.0,,,,,,,,,,8.456147485296997,9.27808565810222,10.18710301813766,10.786011823296016,11.016425851834779,11.389885095682796,11.822693375586395,12.002741384548862,,,,,,,,,,,,12.002741384548862,"rgba(38, 166, 154, 0.75)"
2023-12-08 00:00:00+00:00,7.3,7.33,7.15,7.16,3254438,0.0,0.0,0.0,0.0,0.0,0.0,0.0,0.0,,,,,,,,,,8.454355145338743,9.27522843946315,10.183186067566872,10.781476509759267,11.011661072901669,11.384759865464925,11.817184008657224,11.99707566221036,,,,,,,,,,,,11.99707566221036,"rgba(38, 166, 154, 0.75)"
2023-12-11 00:00:00+00:00,7.16,7.31,7.11,7.28,1020565,0.0,0.0,0.0,0.0,0.0,0.0,0.0,0.0,,,,,,,,,,8.453762876481031,9.27430451894202,10.181931938189974,10.780029795225744,11.010142858556796,11.38312931984617,11.815433821612203,11.995276760020367,,,,,,,,,,,,11.995276760020367,"rgba(38, 166, 154, 0.75)"
2023-12-12 00:00:00+00:00,7.17,7.205,7.06,7.14,1465474,0.0,0.0,0.0,0.0,0.0,0.0,0.0,0.0,,,,,,,,,,8.452880808792582,9.272948473247666,10.180103823061767,10.777926466587466,11.007937318262318,11.380763181062958,11.812896711305218,11.99267001625485,,,,,,,,,,,,11.99267001625485,"rgba(38, 166, 154, 0.75)"
2023-12-13 00:00:00+00:00,7.51,7.52,7.03,7.11,2618012,0.0,0.0,0.0,0.0,0.0,0.0,0.0,0.0,,,,,,,,,,8.451558521387799,9.270766997388138,10.17706723579245,10.774390135162374,11.004215623149262,11.376750315877912,11.808573099207319,11.988219970722826,,,,,,,,,,,,11.988219970722826,"rgba(38, 166, 154, 1.0)"
2023-12-14 00:00:00+00:00,7.47,7.8,7.39,7.64,2232931,0.0,0.0,0.0,0.0,0.0,0.0,0.0,0.0,,,,,,,,,,8.450638166014029,9.269103970976944,10.174665523675726,10.771555718447566,11.001220896178955,11.373503833857038,11.805057307679744,11.984594707034006,,,,,,,,,,,,11.984594707034006,"rgba(38, 166, 154, 1.0)"
2023-12-15 00:00:00+00:00,7.28,7.55,7.185,7.47,1688689,0.0,0.0,0.0,0.0,0.0,0.0,0.0,0.0,,,,,,,,,,8.449776910303017,9.267691087613933,10.172703374228968,10.769272472463234,10.998818524973911,11.370914316619475,11.802268033005387,11.981724146648581,,,,,,,,,,,,11.981724146648581,"rgba(38, 166, 154, 1.0)"
2023-12-18 00:00:00+00:00,7.37,7.43,7.23,7.28,1099363,0.0,0.0,0.0,0.0,0.0,0.0,0.0,0.0,,,,,,,,,,8.449219454885544,9.26677476999904,10.171429693338213,10.767789838776613,10.997258370498397,11.369232373758203,11.800456074684021,11.97985928255703,,,,,,,,,,,,11.97985928255703,"rgba(38, 166, 154, 1.0)"
2023-12-19 00:00:00+00:00,7.53,7.6,7.42,7.46,1687756,0.0,0.0,0.0,0.0,0.0,0.0,0.0,0.0,,,,,,,,,,8.448498700905848,9.265496341982802,10.169596259886452,10.765631260795258,10.994979289661634,11.36676402107945,11.79778526529068,11.977106156827723,,,,,,,,,,,,11.977106156827723,"rgba(38, 166, 154, 1.0)"
2023-12-20 00:00:00+00:00,7.25,7.51,7.25,7.5,1880484,0.0,0.0,0.0,0.0,0.0,0.0,0.0,0.0,,,,,,,,,,8.447542081995511,9.263927742974444,10.167418043104963,10.763096504883746,10.992312242386491,11.363889120972333,11.794688438257356,11.973919016928088,,,,,,,,,,,,11.973919016928088,"rgba(38, 166, 154, 0.75)"
2023-12-21 00:00:00+00:00,7.46,7.595,7.23,7.29,2749659,0.0,0.0,0.0,0.0,0.0,0.0,0.0,0.0,,,,,,,,,,8.446261444885817,9.261747585543752,10.164342003073305,10.75949587763527,10.988517070015748,11.359788310258763,11.790260915249204,11.969358593937411,,,,,,,,,,,,11.969358593937411,"rgba(38, 166, 154, 0.75)"
2023-12-22 00:00:00+00:00,7.45,7.55,7.335,7.47,2206238,0.0,0.0,0.0,0.0,0.0,0.0,0.0,0.0,,,,,,,,,,8.445253013554122,9.260017906332813,10.161893882982172,10.75662689387056,10.985492013296774,11.35651804853306,11.78672844954803,11.965719474086557,,,,,,,,,,,,11.965719474086557,"rgba(38, 166, 154, 0.75)"
2023-12-26 00:00:00+00:00,7.66,7.69,7.41,7.43,1917636,0.0,0.0,0.0,0.0,0.0,0.0,0.0,0.0,,,,,,,,,,8.44450205389346,9.258634299642315,10.15988035090298,10.754243742587786,10.982971903160903,11.353782798379836,11.783762765908714,11.96266011949145,,,,,,,,,,,,11.96266011949145,"rgba(38, 166, 154, 1.0)"
2023-12-27 00:00:00+00:00,7.75,7.77,7.56,7.56,1423645,0.0,0.0,0.0,0.0,0.0,0.0,0.0,0.0,,,,,,,,,,8.444014610994497,9.257674031721583,10.158449429070837,10.752536317626088,10.98116208311388,11.351812151094244,11.781619648428677,11.96044692606497,,,,,,,,,,,,11.96044692606497,"rgba(38, 166, 154, 1.0)"
2023-12-28 00:00:00+00:00,8.02,8.075,7.7168,7.75,2811366,0.0,0.0,0.0,0.0,0.0,0.0,0.0,0.0,,,,,,,,,,8.443366069513726,9.25607634224998,10.1559077001324,10.749438552036873,10.977858684047968,11.34818586890397,11.777646206207423,11.956332580330093,,,,,,,,,,,,11.956332580330093,"rgba(38, 166, 154, 1.0)"
2023-12-29 00:00:00+00:00,8.02,8.1,7.925,7.98,2168103,0.0,0.0,0.0,0.0,0.0,0.0,0.0,0.0,,,,,,,,,,8.4429436977081,9.254919323530148,10.15402004646613,10.747120138695786,10.975381025534109,11.345458177712358,11.77464943547328,11.95322662991411,,,,,,,,,,,,11.95322662991411,"rgba(38, 166, 154, 1.0)"
2024-01-02 00:00:00+00:00,7.78,7.99,7.73,7.93,1699091,0.0,0.0,0.0,0.0,0.0,0.0,0.0,0.0,,,,,,,,,,8.442473009331408,9.253881473568642,10.152417621752122,10.745185371429798,10.973323261865035,11.343207237744068,11.772190952834032,11.950683866193149,,,,,,,,,,,,11.950683866193149,"rgba(38, 166, 154, 1.0)"
2024-01-03 00:00:00+00:00,7.81,7.915,7.56,7.66,1825259,0.0,0.0,0.0,0.0,0.0,0.0,0.0,0.0,,,,,,,,,,8.441908784092961,9.252712081431534,10.150645550057195,10.743058712195602,10.971065312250463,11.340743055668108,11.769505336506697,11.947908296162142,,,,,,,,,,,,11.947908296162142,"rgba(38, 166, 154, 0.75)"
2024-01-04 00:00:00+00:00,7.79,7.87,7.715,7.86,1074145,0.0,0.0,0.0,0.0,0.0,0.0,0.0,0.0,,,,,,,,,,8.441591804967022,9.252038592112909,10.149617012821532,10.741821191933967,10.969750423845884,11.339306637560647,11.767938378765846,11.946288315096702,,,,,,,,,,,,11.946288315096702,"rgba(38, 166, 154, 0.75)"
2024-01-05 00:00:00+00:00,8.2,8.255,7.69,7.72,2466408,0.0,0.0,0.0,0.0,0.0,0.0,0.0,0.0,,,,,,,,,,8.441152111698104,9.250765881313507,10.147515422368263,10.739230447832806,10.966978844794417,11.336251094000009,11.764577008832358,11.942802860180148,,,,,,,,,,,,11.942802860180148,"rgba(38, 166, 154, 0.75)"
2024-01-08 00:00:00+00:00,8.41,8.55,8.08,8.2,4369807,0.0,0.0,0.0,0.0,0.0,0.0,0.0,0.0,,,,,,,,,,8.440965312708437,9.249075400690634,10.144329984843358,10.735160105993225,10.962581862661303,11.331341354407208,11.75911336104828,11.937114741665374,,,,,,,,,,,,11.937114741665374,"rgba(38, 166, 154, 1.0)"
2024-01-09 00:00:00+00:00,8.31,8.945,8.31,8.37,3694378,0.0,0.0,0.0,0.0,0.0,0.0,0.0,0.0,,,,,,,,,,8.441099974446868,9.247927337732062,10.141907001857442,10.731981033144839,10.959123920323268,11.327445702222585,11.754744007416814,11.932553543982547,,,,,,,,,,,,11.932553543982547,"rgba(38, 166, 154, 1.0)"
2024-01-10 00:00:00+00:00,8.45,8.49,8.1,8.35,3291152,0.0,0.0,0.0,0.0,0.0,0.0,0.0,0.0,,,,,,,,,,8.440959806051376,9.246661919686476,10.13952208180999,10.728933003646349,10.95583106150716,11.323768441452902,11.750651318141653,11.928292480246201,,,,,,,,,,,,11.928292480246201,"rgba(38, 166, 154, 1.0)"
2024-01-11 00:00:00+00:00,8.41,8.455,8.31,8.42,3408293,0.0,0.0,0.0,0.0,0.0,0.0,0.0,0.0,,,,,,,,,,8.440884151806513,9.24542053817804,10.137120769526042,10.725844156620099,10.952488401181526,11.320027265084542,11.746479200260692,11.923945722528508,,,,,,,,,,,,11.923945722528508,"rgba(38, 166, 154, 1.0)"
2024-01-12 00:00:00+00:00,8.53,8.74,8.4175,8.45,2929034,0.0,0.0,0.0,0.0,0.0,0.0,0.0,0.0,,,,,,,,,,8.441044347944773,9.244569483079918,10.13526384545662,10.723389965729933,10.9498138962829,11.317006892668187,11.743084175582123,11.920398965512957,,,,,,,,,,,,11.920398965512957,"rgba(38, 166, 154, 1.0)"
2024-01-16 00:00:00+00:00,8.4,8.57,8.36,8.43,1752000,0.0,0.0,0.0,0.0,0.0,0.0,0.0,0.0,,,,,,,,,,8.441046150018407,9.243972675789648,10.134071219812467,10.721843844832508,10.948137290213719,11.31512539640577,11.74098094616525,11.918205888396907,,,,,,,,,,,,11.918205888396907,"rgba(38, 166, 154, 1.0)"
2024-01-17 00:00:00+00:00,8.16,8.28,7.951,8.28,3167921,0.0,0.0,0.0,0.0,0.0,0.0,0.0,0.0,,,,,,,,,,8.44060446656978,9.242474806689241,10.131520577335866,10.718670196112948,10.944733265179085,11.311359456335936,11.736824419192285,11.913890880451708,,,,,,,,,,,,11.913890880451708,"rgba(38, 166, 154, 0.75)"
2024-01-18 00:00:00+00:00,8.26,8.29,8.08,8.17,2519221,0.0,0.0,0.0,0.0,0.0,0.0,0.0,0.0,,,,,,,,,,8.440344078588545,9.24137165200876,10.129577427736162,10.716229472304205,10.942108612410095,11.308445868197227,11.73359871998927,11.910538578712245,,,,,,,,,,,,11.910538578712245,"rgba(38, 166, 154, 0.75)"
2024-01-19 00:00:00+00:00,8.15,8.46,8.06,8.09,6032263,0.0,0.0,0.0,0.0,0.0,0.0,0.0,0.0,,,,,,,,,,8.439758916990549,9.23877373431761,10.124972706340365,10.710435416432652,10.935874892517976,11.301521419397181,11.725927862878455,11.902564949294566,,,,,,,,,,,,11.902564949294566,"rgba(38, 166, 154, 0.75)"
2024-01-22 00:00:00+00:00,8.22,8.24,7.935,8.19,2484695,0.0,0.0,0.0,0.0,0.0,0.0,0.0,0.0,,,,,,,,,,8.439417105956313,9.237611249081654,10.122991362973014,10.707968990165082,10.933229031158337,11.298593594773836,11.722695533157482,11.899209043982577,,,,,,,,,,,,11.899209043982577,"rgba(38, 166, 154, 0.75)"
2024-01-23 00:00:00+00:00,8.2,8.36,8.06,8.31,1579876,0.0,0.0,0.0,0.0,0.0,0.0,0.0,0.0,,,,,,,,,,8.439253032067448,9.236923399939702,10.121780958901683,10.706448765383778,10.931594242167018,11.296778790263794,11.72068616227997,11.897120735747865,,,,,,,,,,,,11.897120735747865,"rgba(38, 166, 154, 0.75)"
2024-01-24 00:00:00+00:00,8.04,8.3,8.04,8.3,1652331,0.0,0.0,0.0,0.0,0.0,0.0,0.0,0.0,,,,,,,,,,8.439022743185815,9.236149201310086,10.12046386630043,10.704809977572735,10.92983644111681,11.294833955168393,11.718539307590735,11.894891889994652,,,,,,,,,,,,11.894891889994652,"rgba(38, 166, 154, 0.5)"
2024-01-25 00:00:00+00:00,8.08,8.19,7.94,8.09,1743276,0.0,0.0,0.0,0.0,0.0,0.0,0.0,0.0,,,,,,,,,,8.438736135560964,9.235291901335167,10.11903672369133,10.70304529283209,10.927946834881377,11.292748006540114,11.716241377898106,11.892507903164574,,,,,,,,,,,,11.892507903164574,#000000
2024-01-26 00:00:00+00:00,8.18,8.215,7.98,8.04,1396567,0.0,0.0,0.0,0.0,0.0,0.0,0.0,0.0,,,,,,,,,,8.438541050218477,9.234638385991992,10.117925498852035,10.70166277405475,10.92646393859163,11.291107350615194,11.714430292806291,11.890627644123734,,,,,,,,,,,,11.890627644123734,#000000
2024-01-29 00:00:00+00:00,8.33,8.425,8.15,8.22,1674501,0.0,0.0,0.0,0.0,0.0,0.0,0.0,0.0,,,,,,,,,,8.43843907791342,9.233980418643833,10.116712724304772,10.700120592476184,10.924799989946807,11.289252064695535,11.712367946567344,11.888481316159707,,,,,,,,,,,,11.888481316159707,"rgba(38, 166, 154, 0.5)"
2024-01-30 00:00:00+00:00,8.19,8.3,8.145,8.3,1187728,0.0,0.0,0.0,0.0,0.0,0.0,0.0,0.0,,,,,,,,,,8.438319306706488,9.233469285012323,10.115810875457788,10.698986918275729,10.923580574662248,11.287897900056903,11.710868068712491,11.886922314832487,,,,,,,,,,,,11.886922314832487,"rgba(38, 166, 154, 0.5)"
2024-01-31 00:00:00+00:00,7.85,8.235,7.77,8.2,3976630,0.0,0.0,0.0,0.0,0.0,0.0,0.0,0.0,,,,,,,,,,8.437460269075595,9.23132716790615,10.112386157164337,10.694802797526222,10.919115159137547,11.282990218658217,11.705483237728128,11.881343656147775,,,,,,,,,,,,11.881343656147775,#000000
2024-02-01 00:00:00+00:00,7.98,8.07,7.83,7.9,1512169,0.0,0.0,0.0,0.0,0.0,0.0,0.0,0.0,,,,,,,,,,8.437139993314876,9.230519768124351,10.111091714763162,10.69321989329169,10.917425400798992,11.281132450309793,11.703444163722345,11.879230931785461,,,,,,,,,,,,11.879230931785461,#000000
2024-02-02 00:00:00+00:00,7.92,8.04,7.823,7.87,1198784,0.0,0.0,0.0,0.0,0.0,0.0,0.0,0.0,,,,,,,,,,8.43686921242795,9.229864153307753,10.110051233104338,10.691951505584141,10.916072571736402,11.279646841230392,11.701815300051326,11.877543865537708,,,,,,,,,,,,11.877543865537708,"rgba(239, 83, 80, 1.0)"
2024-02-05 00:00:00+00:00,7.77,7.89,7.68,7.87,2456762,0.0,0.0,0.0,0.0,0.0,0.0,0.0,0.0,,,,,,,,,,8.436154510717024,9.228370481713009,10.107777916977186,10.689217066343296,10.913167127858895,11.276472431935979,11.698351093020856,11.87396183713123,,,,,,,,,,,,11.87396183713123,"rgba(239, 83, 80, 1.0)"
2024-02-06 00:00:00+00:00,8.13,8.15,7.78,7.8,1712893,0.0,0.0,0.0,0.0,0.0,0.0,0.0,0.0,,,,,,,,,,8.435839055046412,9.227503153982616,10.106358694479475,10.687470637337734,10.91129951601777,11.27441427405706,11.696087128341702,11.87161428442684,,,,,,,,,,,,11.87161428442684,"rgba(239, 83, 80, 1.0)"
2024-02-07 00:00:00+00:00,8.12,8.27,8.06,8.17,1278184,0.0,0.0,0.0,0.0,0.0,0.0,0.0,0.0,,,,,,,,,,8.435677461931206,9.226926344664363,10.105366818048195,10.686232356295939,10.909970039696246,11.272941424933027,11.694459221329607,11.869923434415234,,,,,,,,,,,,11.869923434415234,#000000
2024-02-08 00:00:00+00:00,8.13,8.18,8.005,8.12,1054824,0.0,0.0,0.0,0.0,0.0,0.0,0.0,0.0,,,,,,,,,,8.435523259955122,9.226430925420969,10.104530206835136,10.685193256977255,10.908855977550719,11.271709499282133,11.69309987117747,11.868512347723978,,,,,,,,,,,,11.868512347723978,#000000
2024-02-09 00:00:00+00:00,8.21,8.3,8.105,8.17,1041511,0.0,0.0,0.0,0.0,0.0,0.0,0.0,0.0,,,,,,,,,,8.435417167613283,9.2259857695831,10.103746118853806,10.684207824770567,10.907796044769364,11.270532443268502,11.691796065937263,11.867157100966887,,,,,,,,,,,,11.867157100966887,#000000
2024-02-12 00:00:00+00:00,8.38,8.5,8.23,8.23,2346569,0.0,0.0,0.0,0.0,0.0,0.0,0.0,0.0,,,,,,,,,,8.435349406520832,9.225146091430656,10.102135214142937,10.682138043478883,10.905556614474287,11.26802635542022,11.689000944668045,11.86424475136858,,,,,,,,,,,,11.86424475136858,"rgba(38, 166, 154, 0.5)"
2024-02-13 00:00:00+00:00,8.41,8.41,8.1,8.13,1455505,0.0,0.0,0.0,0.0,0.0,0.0,0.0,0.0,,,,,,,,,,8.435266781726298,9.224587580154138,10.10110104326743,10.680820965729227,10.904134903057471,11.266440157369297,11.687236540893608,11.862408048505829,,,,,,,,,,,,11.862408048505829,"rgba(38, 166, 154, 0.5)"
2024-02-14 00:00:00+00:00,8.43,8.55,8.365,8.54,941451,0.0,0.0,0.0,0.0,0.0,0.0,0.0,0.0,,,,,,,,,,8.435272206164562,9.224282383520206,10.100485514197182,10.680020617534847,10.9032662482854,11.265464140589991,11.686144052260312,11.861268332891443,,,,,,,,,,,,11.861268332891443,"rgba(38, 166, 154, 1.0)"
2024-02-15 00:00:00+00:00,8.49,8.62,8.4,8.45,1800219,0.0,0.0,0.0,0.0,0.0,0.0,0.0,0.0,,,,,,,,,,8.435326191515076,9.223740779893921,10.09934893029602,10.678529486002176,10.901644113204126,11.263636106989237,11.684092524640498,11.859126200818535,,,,,,,,,,,,11.859126200818535,"rgba(38, 166, 154, 1.0)"
2024-02-16 00:00:00+00:00,8.51,8.51,8.3101,8.38,1620496,0.0,0.0,0.0,0.0,0.0,0.0,0.0,0.0,,,,,,,,,,8.435331928334081,9.223213417837702,10.098288809410612,10.677152010215805,10.900149333211443,11.261956937620743,11.682213296263692,11.857165846604389,,,,,,,,,,,,11.857165846604389,"rgba(38, 166, 154, 1.0)"
2024-02-20 00:00:00+00:00,8.6,8.61,8.4,8.49,1313215,0.0,0.0,0.0,0.0,0.0,0.0,0.0,0.0,,,,,,,,,,8.435390486116257,9.222837644258776,10.097479083023298,10.676083550631537,10.898985280296074,11.260642635995243,11.680735831166974,11.855622240199578,,,,,,,,,,,,11.855622240199578,"rgba(38, 166, 154, 1.0)"
2024-02-21 00:00:00+00:00,8.67,8.815,8.565,8.6,3905891,0.0,0.0,0.0,0.0,0.0,0.0,0.0,0.0,,,,,,,,,,8.435815904583977,9.221960787013222,10.095301516010016,10.673129358858098,10.89574434472615,11.25695107027159,11.676554215121781,11.85124207851285,,,,,,,,,,,,11.85124207851285,"rgba(38, 166, 154, 1.0)"
2024-02-22 00:00:00+00:00,9.3,9.48,8.69,9.13,8072418,0.0,0.0,0.0,0.0,0.0,0.0,0.0,0.0,,,,,,,,,,8.4383630651443,9.221742194542927,10.092323838710612,10.668497316867418,10.89050278634738,11.250752065439451,11.669309632110389,11.843574579749987,,,,,,,,,,,,11.843574579749987,"rgba(38, 166, 154, 1.0)"
2024-02-23 00:00:00+00:00,9.18,9.46,8.91,9.35,3470659,0.0,0.0,0.0,0.0,0.0,0.0,0.0,0.0,,,,,,,,,,8.439493118416594,9.221686989824367,10.09108573602435,10.666549475862652,10.888293439145864,11.248131893089349,11.666240602802233,11.840323993431637,,,,,,,,,,,,11.840323993431637,"rgba(38, 166, 154, 1.0)"
2024-02-26 00:00:00+00:00,8.99,9.18,8.825,9.18,2534716,0.0,0.0,0.0,0.0,0.0,0.0,0.0,0.0,,,,,,,,,,8.440111539270244,9.221452782992076,10.089999798977297,10.664953107961031,10.88650881380897,11.24605142712684,11.663837342830067,11.837790071109984,,,,,,,,,,,,11.837790071109984,"rgba(38, 166, 154, 1.0)"
2024-02-27 00:00:00+00:00,9.18,9.19,8.905,9.0,5155062,0.0,0.0,0.0,0.0,0.0,0.0,0.0,0.0,,,,,,,,,,8.441574645627357,9.221176589066129,10.087986139249256,10.661897140991844,10.88306854775536,11.242007262547576,11.659133644335766,11.832819474903882,,,,,,,,,,,,11.832819474903882,"rgba(38, 166, 154, 1.0)"
2024-02-28 00:00:00+00:00,9.2,9.395,9.08,9.19,2099253,0.0,0.0,0.0,0.0,0.0,0.0,0.0,0.0,,,,,,,,,,8.442290387273243,9.221179899550629,10.0872778857356,10.660761466062091,10.88177536385714,11.24046658396842,11.657322338814017,11.830898698318283,,,,,,,,,,,,11.830898698318283,"rgba(38, 166, 154, 1.0)"
2024-02-29 00:00:00+00:00,9.39,9.45,9.16,9.32,3266867,0.0,0.0,0.0,0.0,0.0,0.0,0.0,0.0,,,,,,,,,,8.443555435115428,9.221330815464652,10.086316192240046,10.659130773067334,10.879898241292153,11.238202271521493,11.6546342389175,11.828039229574944,,,,,,,,,,,,11.828039229574944,"rgba(38, 166, 154, 1.0)"
2024-03-01 00:00:00+00:00,9.89,9.9,9.285,9.47,5991150,0.0,0.0,0.0,0.0,0.0,0.0,0.0,0.0,,,,,,,,,,8.446796674081767,9.222488629677787,10.085395164183717,10.656956082496542,10.877262437612652,11.234842193343013,11.650479125030952,11.823562990126165,,,,,,,,,,,,11.823562990126165,"rgba(38, 166, 154, 1.0)"
2024-03-04 00:00:00+00:00,9.58,9.88,9.48,9.79,2860876,0.0,0.0,0.0,0.0,0.0,0.0,0.0,0.0,,,,,,,,,,8.448282755388146,9.222986662083407,10.084906779267138,10.655872825896587,10.875960301314407,11.233196206106824,11.648455747309878,11.821387141875368,,,,,,,,,,,,11.821387141875368,"rgba(38, 166, 154, 1.0)"
2024-03-05 00:00:00+00:00,9.56,9.635,9.36,9.55,2467862,0.0,0.0,0.0,0.0,0.0,0.0,0.0,0.0,,,,,,,,,,8.44942476766471,9.223285491744576,10.084363244141407,10.654821657355146,10.874722225932112,11.2316644447774,11.646601924747433,11.819403138131728,,,,,,,,,,,,11.819403138131728,"rgba(38, 166, 154, 0.75)"
2024-03-06 00:00:00+00:00,9.23,9.68,9.18,9.62,2660969,0.0,0.0,0.0,0.0,0.0,0.0,0.0,0.0,,,,,,,,,,8.45047524981337,9.223438112445793,10.083618178355406,10.653536125645271,10.873237538709335,11.229866748095853,11.644461341104554,11.81712387306444,,,,,,,,,,,,11.81712387306444,"rgba(38, 166, 154, 0.75)"
2024-03-07 00:00:00+00:00,9.28,9.34,9.125,9.27,1381620,0.0,0.0,0.0,0.0,0.0,0.0,0.0,0.0,,,,,,,,,,8.450951133986539,9.22345219093777,10.083170267291386,10.652810260881031,10.872409188758226,11.228877293537261,11.643295544834334,11.81588672292659,,,,,,,,,,,,11.81588672292659,"rgba(38, 166, 154, 0.75)"
2024-03-08 00:00:00+00:00,9.23,9.41,9.15,9.35,1200279,0.0,0.0,0.0,0.0,0.0,0.0,0.0,0.0,,,,,,,,,,8.451371865098913,9.223471774334865,10.08278851997458,10.65218700440714,10.871696887177754,11.2280250132259,11.642290020055167,11.814819191972227,,,,,,,,,,,,11.814819191972227,"rgba(38, 166, 154, 0.5)"
2024-03-11 00:00:00+00:00,9.12,9.27,9.1,9.21,1110139,0.0,0.0,0.0,0.0,0.0,0.0,0.0,0.0,,,,,,,,,,8.451712734402227,9.223444473837429,10.082392709542903,10.651569581854151,10.870997713513052,11.22719730758124,11.641321704001601,11.813793959976225,,,,,,,,,,,,11.813793959976225,"rgba(38, 166, 154, 0.5)"
2024-03-12 00:00:00+00:00,9.19,9.205,9.07,9.14,1025026,0.0,0.0,0.0,0.0,0.0,0.0,0.0,0.0,,,,,,,,,,8.452023497708247,9.223415796930524,10.082024236874618,10.650996761227736,10.870349504736437,11.226430566714802,11.640425294546452,11.812845060913068,,,,,,,,,,,,11.812845060913068,"rgba(38, 166, 154, 0.5)"
2024-03-13 00:00:00+00:00,9.28,9.425,9.21,9.23,1065232,0.0,0.0,0.0,0.0,0.0,0.0,0.0,0.0,,,,,,,,,,8.452415008723248,9.223451304443838,10.081703531524917,10.650461578169208,10.869735250173319,11.225692008796834,11.639550589323115,11.811915272107115,,,,,,,,,,,,11.811915272107115,"rgba(38, 166, 154, 0.5)"
2024-03-14 00:00:00+00:00,9.09,9.27,9.035,9.2,1030655,0.0,0.0,0.0,0.0,0.0,0.0,0.0,0.0,,,,,,,,,,8.452716527185714,9.223412670374998,10.081324297049543,10.649877515373566,10.869075608273732,11.224913525280066,11.638642110244495,11.810954164445175,,,,,,,,,,,,11.810954164445175,"rgba(38, 166, 154, 0.5)"
2024-03-15 00:00:00+00:00,9.2,9.24,9.07,9.15,1385517,0.0,0.0,0.0,0.0,0.0,0.0,0.0,0.0,,,,,,,,,,8.453144300304157,9.223382464069404,10.080835525567034,10.649112869640007,10.868209183117163,11.223887063951555,11.637440530115551,11.809681695869365,,,,,,,,,,,,11.809681695869365,"rgba(38, 166, 154, 0.5)"
2024-03-18 00:00:00+00:00,9.38,9.385,9.16,9.29,1195972,0.0,0.0,0.0,0.0,0.0,0.0,0.0,0.0,,,,,,,,,,8.453584318289026,9.223423913478866,10.080478054604503,10.648515136454595,10.867522863501895,11.223061472258525,11.636462368075435,11.808641802168731,,,,,,,,,,,,11.808641802168731,"rgba(38, 166, 154, 0.5)"
2024-03-19 00:00:00+00:00,9.54,9.57,9.28,9.33,1465120,0.0,0.0,0.0,0.0,0.0,0.0,0.0,0.0,,,,,,,,,,8.45422038148933,9.223567228097941,10.080128404124954,10.647868217263516,10.866766413426006,11.22213284912527,11.635344898659312,11.807447963072047,,,,,,,,,,,,11.807447963072047,"rgba(38, 166, 154, 0.5)"
2024-03-20 00:00:00+00:00,9.59,9.62,9.345,9.51,1430423,0.0,0.0,0.0,0.0,0.0,0.0,0.0,0.0,,,,,,,,,,8.45487441324876,9.223739042200268,10.07981782221194,10.64726659400694,10.866057575627094,11.221255484737968,11.634282599910986,11.80631088869519,,,,,,,,,,,,11.80631088869519,"rgba(38, 166, 154, 0.5)"
2024-03-21 00:00:00+00:00,9.5,9.625,9.43,9.54,1684267,0.0,0.0,0.0,0.0,0.0,0.0,0.0,0.0,,,,,,,,,,8.455643480108831,9.223941089979936,10.0794525641214,10.646559027268623,10.86522390166626,11.220223580214803,11.633033150657512,11.80497347547933,,,,,,,,,,,,11.80497347547933,"rgba(38, 166, 154, 0.5)"
2024-03-22 00:00:00+00:00,9.56,9.575,9.385,9.43,1138699,0.0,0.0,0.0,0.0,0.0,0.0,0.0,0.0,,,,,,,,,,8.456157099475286,9.224072126250084,10.079200760811426,10.646076216447202,10.864655978547605,11.21952186099786,11.632184603183013,11.804065554070831,,,,,,,,,,,,11.804065554070831,"rgba(38, 166, 154, 0.5)"
2024-03-25 00:00:00+00:00,9.48,9.89,9.47,9.64,2192227,0.0,0.0,0.0,0.0,0.0,0.0,0.0,0.0,,,,,,,,,,8.45724476855425,9.224419148076409,10.078806811231704,10.64523476715118,10.863649723398469,11.21825655466866,11.63063476838592,11.802400700802185,,,,,,,,,,,,11.802400700802185,"rgba(38, 166, 154, 0.5)"
2024-03-26 00:00:00+00:00,9.86,9.93,9.47,9.49,3089355,0.0,0.0,0.0,0.0,0.0,0.0,0.0,0.0,,,,,,,,,,8.458959275980868,9.225082796255712,10.078419411816718,10.64421185926888,10.86239289502653,11.216632074351184,11.628606021787423,11.800208600915038,,,,,,,,,,,,11.800208600915038,"rgba(38, 166, 154, 1.0)"
2024-03-27 00:00:00+00:00,10.49,10.49,9.88,9.9,6336459,0.0,0.0,0.0,0.0,0.0,0.0,0.0,0.0,,,,,,,,,,8.463904812758496,9.227807815518794,10.078926568905729,10.643372768362902,10.861059321652398,11.214521704696475,11.625638158197873,11.79689480716961,,,,,,,,,,,,11.79689480716961,"rgba(38, 166, 154, 1.0)"
2024-03-28 00:00:00+00:00,10.61,10.8,10.45,10.46,3815281,0.0,0.0,0.0,0.0,0.0,0.0,0.0,0.0,,,,,,,,,,8.467411908337654,9.229956257514912,10.07971882019652,10.64333978804181,10.860723584468703,11.213710470316222,11.624300778438323,11.795345361280228,,,,,,,,,,,,11.795345361280228,"rgba(38, 166, 154, 1.0)"
2024-04-01 00:00:00+00:00,10.4,10.715,10.33,10.59,2714606,0.0,0.0,0.0,0.0,0.0,0.0,0.0,0.0,,,,,,,,,,8.469740385647908,9.231329135636292,10.080137136231551,10.643177634283685,10.86034832638216,11.213000443844926,11.623220614392554,11.79411593761559,,,,,,,,,,,,11.79411593761559,"rgba(38, 166, 154, 1.0)"
2024-04-02 00:00:00+00:00,10.2,10.25,10.055,10.25,1434999,0.0,0.0,0.0,0.0,0.0,0.0,0.0,0.0,,,,,,,,,,8.470777738277508,9.231872089243222,10.080185630520829,10.642926008569725,10.85998636793756,11.212465094134888,11.622493940259199,11.793312032341216,,,,,,,,,,,,11.793312032341216,"rgba(38, 166, 154, 1.0)"
2024-04-03 00:00:00+00:00,10.04,11.46,9.945,10.1,6733653,-1.0,11.46,9.945,0.0,0.0,0.0,0.0,0.0,,,,,,,,,10.481666666666667,8.476523948613771,9.235261152552814,10.081218833907553,10.642526018473264,10.859060099890957,11.210711967455852,11.619826389445794,11.790275685015583,,,,,,,,,,,,11.790275685015583,"rgba(38, 166, 154, 0.75)"
2024-04-04 00:00:00+00:00,10.05,10.445,10.04,10.15,3717931,0.0,0.0,0.0,0.0,0.0,0.0,0.0,0.0,,,,,,,,,10.373762218562597,8.479204784732312,9.236671047700112,10.081356630599474,10.641891157158843,10.858141102156232,11.209346345676826,11.617967747993578,11.788217992988912,,,,,,,,,,,,11.788217992988912,"rgba(38, 166, 154, 0.75)"
2024-04-05 00:00:00+00:00,10.41,10.48,10.06,10.07,4469500,0.0,0.0,0.0,0.0,0.0,0.0,0.0,0.0,,,,,,,,,10.356659669632581,8.482677855635638,9.238608547527555,10.081757324397634,10.641357321013537,10.857263752057749,11.207929069037514,11.61595381126822,11.785963245291262,,,,,,,,,,,,11.785963245291262,"rgba(38, 166, 154, 0.75)"
2024-04-08 00:00:00+00:00,9.69,10.46,9.36,10.45,6312098,0.0,0.0,0.0,0.0,0.0,0.0,0.0,0.0,,,,,,,,,10.202078656102195,8.486282541524101,9.240119945839703,10.081169333555485,10.639496250223555,10.85493366883064,11.204861307088077,11.612073373896243,11.781754268851463,,,,,,,,,,,,11.781754268851463,"rgba(38, 166, 154, 0.5)"
2024-04-09 00:00:00+00:00,9.26,9.73,9.055,9.71,3881235,0.0,0.0,0.0,0.0,0.0,0.0,0.0,0.0,,,,,,,,,10.070139052335291,8.487691411952243,9.240287841086326,10.080089873382663,10.637662694917353,10.852821628877557,11.202310945378402,11.609041749489556,11.778527738186927,,,,,,,,,,,,11.778527738186927,#000000
2024-04-10 00:00:00+00:00,8.92,9.2,8.86,9.11,2595581,0.0,0.0,0.0,0.0,0.0,0.0,0.0,0.0,,,,,,,,,9.96927522459583,8.48824345317976,9.24003187134385,10.07902040206852,10.636102588642377,10.851080001640177,11.200283461318486,11.606701220418827,11.77606025731791,,,,,,,,,,,,11.77606025731791,"rgba(239, 83, 80, 1.0)"
2024-04-11 00:00:00+00:00,8.97,9.8699,8.36,8.91,15233932,0.0,0.0,0.0,0.0,0.0,0.0,0.0,0.0,,,,,,,,,9.649071992338225,8.491926036464148,9.238983390424313,10.07320660726885,10.627411304966932,10.841324223724392,11.188851163765134,11.59343116818596,11.762045008524987,,,,,,,,,,,,11.762045008524987,"rgba(239, 83, 80, 1.0)"
2024-04-12 00:00:00+00:00,8.76,8.945,8.52,8.84,5244196,0.0,0.0,0.0,0.0,0.0,0.0,0.0,0.0,,,,,,,,,9.550321288082461,8.49247221817944,9.237950362621708,10.070579507839645,10.623823293883133,10.837380040154953,11.184345657346807,11.58831166849258,11.756676187092657,,,,,,,,,,,,11.756676187092657,"rgba(239, 83, 80, 1.0)"
2024-04-15 00:00:00+00:00,8.63,8.98,8.565,8.8,3190927,0.0,0.0,0.0,0.0,0.0,0.0,0.0,0.0,,,,,,,,,9.499064212911826,8.492781235780823,9.237302856799598,10.068966083609073,10.621627503430952,10.834968344262446,11.181593658926134,11.585187414684272,11.753400752650812,,,,,,,,,,,,11.753400752650812,"rgba(239, 83, 80, 1.0)"
2024-04-16 00:00:00+00:00,8.74,8.75,8.48,8.6,2495720,0.0,0.0,0.0,0.0,0.0,0.0,0.0,0.0,,,,,,,,,9.460040597831071,8.49295140324624,9.236730162496794,10.067642845857126,10.619851897405034,10.833024954669485,11.179385773692283,11.582690322885453,11.750786171216841,,,,,,,,,,,,11.750786171216841,"rgba(239, 83, 80, 1.0)"
2024-04-17 00:00:00+00:00,8.66,8.926,8.651,8.8,2199159,0.0,0.0,0.0,0.0,0.0,0.0,0.0,0.0,,,,,,,,,9.432023624452325,8.493182413496795,9.236303740211204,10.066552317166185,10.618360750880475,10.83138527755945,11.177511968728,11.58056030258376,11.748552095994347,,,,,,,,,,,,11.748552095994347,"rgba(239, 83, 80, 1.0)"
2024-04-18 00:00:00+00:00,8.6,8.78,8.425,8.66,2183657,0.0,0.0,0.0,0.0,0.0,0.0,0.0,0.0,,,,,,,,,9.40089952861363,8.49328079201044,9.235756999810462,10.065353399403193,10.616768789008859,10.829647474446887,11.175544220146772,11.578341186977248,11.746230833267411,,,,,,,,,,,,11.746230833267411,"rgba(239, 83, 80, 1.0)"
2024-04-19 00:00:00+00:00,8.69,8.76,8.545,8.57,2945834,0.0,0.0,0.0,0.0,0.0,0.0,0.0,0.0,,,,,,,,,9.36547932259061,8.493490611246044,9.235094438029934,10.063808970478018,10.614692524824694,10.827373921067885,11.172959614921325,11.575416334955419,11.743167745100385,,,,,,,,,,,,11.743167745100385,"rgba(239, 83, 80, 1.0)"
2024-04-22 00:00:00+00:00,8.45,8.8,8.42,8.76,2358181,0.0,0.0,0.0,0.0,0.0,0.0,0.0,0.0,,,,,,,,,9.335471794181489,8.493552345074061,9.234464577744841,10.062479526185092,10.612941451794544,10.825466340048088,11.170805227465932,11.572992184205981,11.740633942814782,,,,,,,,,,,,11.740633942814782,"rgba(239, 83, 80, 1.0)"
2024-04-23 00:00:00+00:00,8.53,8.62,8.43,8.5,4025451,0.0,0.0,0.0,0.0,0.0,0.0,0.0,0.0,,,,,,,,,9.287299767609838,8.493607489313689,9.233344625350666,10.060170450625986,10.609915708835173,10.822174505234475,11.167093731223318,11.5688220376061,11.736277335489802,,,,,,,,,,,,11.736277335489802,"rgba(239, 83, 80, 1.0)"
2024-04-24 00:00:00+00:00,8.56,8.59,8.45,8.54,1990857,0.0,0.0,0.0,0.0,0.0,0.0,0.0,0.0,,,,,,,,,9.265726263744927,8.493640180103494,9.232797255180039,10.059035974751193,10.608427294614478,10.820554670814799,11.165266619037999,11.566768345983826,11.734131527875054,,,,,,,,,,,,11.734131527875054,"rgba(239, 83, 80, 1.0)"
2024-04-25 00:00:00+00:00,8.62,8.655,8.44,8.52,2796669,0.0,0.0,0.0,0.0,0.0,0.0,0.0,0.0,,,,,,,,,9.238906696260297,8.493730273629541,9.232071838481666,10.05748512649002,10.606378593612757,10.81832113843729,11.162741569396912,11.56392449638484,11.731158084870358,,,,,,,,,,,,11.731158084870358,"rgba(239, 83, 80, 1.0)"
2024-04-26 00:00:00+00:00,8.71,8.82,8.575,8.62,2082642,0.0,0.0,0.0,0.0,0.0,0.0,0.0,0.0,,,,,,,,,9.223879562496352,8.493908915115833,9.231638799607168,10.056433192463711,10.604952932655292,10.816756813888505,11.16095857259006,11.561902080874493,11.729038390658772,,,,,,,,,,,,11.729038390658772,"rgba(239, 83, 80, 0.75)"
2024-04-29 00:00:00+00:00,8.88,8.89,8.74,8.76,2665315,0.0,0.0,0.0,0.0,0.0,0.0,0.0,0.0,,,,,,,,,9.210497685211035,8.494285355137206,9.23122654456434,10.055223244814607,10.603260709483017,10.814885764705839,11.158805553670952,11.559439973207676,11.726450756926084,,,,,,,,,,,,11.726450756926084,"rgba(239, 83, 80, 0.75)"
2024-04-30 00:00:00+00:00,8.76,8.9888,8.7401,8.9,1546776,0.0,0.0,0.0,0.0,0.0,0.0,0.0,0.0,,,,,,,,,9.203009227402188,8.49449895765253,9.230983435148145,10.054518123257013,10.60227623332966,10.813797694879078,11.157554130310077,11.558009478874183,11.724947534387482,,,,,,,,,,,,11.724947534387482,"rgba(239, 83, 80, 0.75)"
2024-05-01 00:00:00+00:00,8.75,9.005,8.64,8.75,2730560,0.0,0.0,0.0,0.0,0.0,0.0,0.0,0.0,,,,,,,,,9.189434368437311,8.494840216417867,9.230521572691114,10.053243576481956,10.600510339615536,10.811849553540132,11.155318583232473,11.55545892146125,11.722269018236375,,,,,,,,,,,,11.722269018236375,"rgba(239, 83, 80, 0.75)"
2024-05-02 00:00:00+00:00,8.09,8.795,7.87,8.48,6377852,0.0,0.0,0.0,0.0,0.0,0.0,0.0,0.0,,,,,,,,,9.121296995953166,8.49420393666317,9.228086929356596,10.048984163373497,10.595152043197405,10.806082424927077,11.148906157601166,11.548342266485742,11.714865656787739,,,,,,,,,,,,11.714865656787739,"rgba(239, 83, 80, 1.0)"
2024-05-03 00:00:00+00:00,7.82,8.23,7.74,8.1,3396646,0.0,0.0,0.0,0.0,0.0,0.0,0.0,0.0,,,,,,,,,9.076915947996879,8.493418811379497,9.226369725891594,10.046319428382292,10.591918019874896,10.802636188065323,11.145124767619182,11.544196061795427,11.710570714702133,,,,,,,,,,,,11.710570714702133,"rgba(239, 83, 80, 1.0)"
2024-05-06 00:00:00+00:00,7.52,8.08,7.47,7.87,5320281,0.0,0.0,0.0,0.0,0.0,0.0,0.0,0.0,,,,,,,,,9.000447642890638,8.491671446707914,9.223192858762943,10.04168719797709,10.586412910950614,10.796805200668205,11.138778874003119,11.537290796143871,11.703437133785759,,,,,,,,,,,,11.703437133785759,"rgba(239, 83, 80, 1.0)"
2024-05-07 00:00:00+00:00,7.41,7.64,7.41,7.52,2282690,0.0,0.0,0.0,0.0,0.0,0.0,0.0,0.0,,,,,,,,,8.96546499817001,8.490734495507006,9.221653599117666,10.039533937398259,10.583891951045892,10.794146782185848,11.135903174986788,11.534179458217833,11.700229522527868,,,,,,,,,,,,11.700229522527868,"rgba(239, 83, 80, 1.0)"
2024-05-08 00:00:00+00:00,7.03,7.435,6.97,7.4,6928279,0.0,0.0,0.0,0.0,0.0,0.0,0.0,0.0,,,,,,,,,8.846145995278599,8.486937330139929,9.216081662073504,10.032148949004698,10.575424239401354,10.785273391348186,11.126388098964421,11.52397063455575,11.689736781968943,,,,,,,,,,,,11.689736781968943,"rgba(239, 83, 80, 1.0)"
2024-05-09 00:00:00+00:00,6.95,7.1,6.86,7.03,5288718,0.0,0.0,0.0,0.0,0.0,0.0,0.0,0.0,,,,,,,,,8.75675038199005,8.483677023958638,9.211490695566152,10.026196748903233,10.56866008676493,10.778204625487144,11.118837306770441,11.515899450853452,11.681452430360693,,,,,,,,,,,,11.681452430360693,"rgba(239, 83, 80, 1.0)"
2024-05-10 00:00:00+00:00,6.88,7.045,6.81,6.98,4300566,0.0,0.0,0.0,0.0,0.0,0.0,0.0,0.0,,,,,,,,,8.687927703100199,8.480934420586623,9.207674530426146,10.021281641225297,10.56308958432956,10.772388127136665,11.112631465339378,11.509273411148337,11.67465420752136,,,,,,,,,,,,11.67465420752136,"rgba(239, 83, 80, 1.0)"
2024-05-13 00:00:00+00:00,7.13,7.2,6.92,6.95,2838652,0.0,0.0,0.0,0.0,0.0,0.0,0.0,0.0,,,,,,,,,8.649370623350451,8.479326822308643,9.20535036008872,10.018224475083228,10.559594407827259,10.76872872652073,11.10871220739369,11.50507314817145,11.670338894269845,,,,,,,,,,,,11.670338894269845,"rgba(239, 83, 80, 1.0)"
2024-05-14 00:00:00+00:00,7.12,7.3,7.09,7.21,2284912,0.0,0.0,0.0,0.0,0.0,0.0,0.0,0.0,,,,,,,,,8.621299915511853,8.478115672748201,9.203559515518966,10.015840823252669,10.556856149835165,10.765857584612643,11.105630821270756,11.501764176247931,11.66693678084994,,,,,,,,,,,,11.66693678084994,"rgba(239, 83, 80, 0.75)"
2024-05-15 00:00:00+00:00,7.08,7.205,7.04,7.17,2212822,0.0,0.0,0.0,0.0,0.0,0.0,0.0,0.0,,,,,,,,,8.593999169644238,8.476889675783687,9.20177567213748,10.0134862370041,10.55416029131939,10.763033781996192,11.10260455994925,11.498518863704923,11.663601790762335,,,,,,,,,,,,11.663601790762335,"rgba(239, 83, 80, 0.75)"
2024-05-16 00:00:00+00:00,7.07,7.14,6.995,7.08,1941461,0.0,0.0,0.0,0.0,0.0,0.0,0.0,0.0,,,,,,,,,8.570221733175206,8.475784444063292,9.20018322647836,10.011395134445845,10.551771081801787,10.760532777544325,11.099926632163069,11.49564956694533,11.660654132436086,,,,,,,,,,,,11.660654132436086,"rgba(239, 83, 80, 0.75)"
2024-05-17 00:00:00+00:00,6.77,7.09,6.72,7.03,4041073,0.0,0.0,0.0,0.0,0.0,0.0,0.0,0.0,,,,,,,,,8.516486212781405,8.473149800666786,9.196553052969977,10.006744662642285,10.546511731996567,10.755044757247944,11.09407656972547,11.4894086687376,11.654253023339848,,,,,,,,,,,,11.654253023339848,"rgba(239, 83, 80, 0.75)"
2024-05-20 00:00:00+00:00,6.5,6.815,6.49,6.78,3131136,0.0,0.0,0.0,0.0,0.0,0.0,0.0,0.0,,,,,,,,,8.470977372645693,8.470788337224107,9.193437899683,10.00285573229093,10.542162091565928,10.75052177086343,11.089278984186574,11.484315392658216,11.64903837128622,,,,,,,,,,,,11.64903837128622,"rgba(239, 83, 80, 0.75)"
2024-05-21 00:00:00+00:00,6.55,6.59,6.43,6.55,2878465,0.0,0.0,0.0,0.0,0.0,0.0,0.0,0.0,,,,,,,,,8.429333616246451,8.468531925864381,9.190494363809869,9.999206294056549,10.538092583299427,10.74629411252371,11.08480074847091,11.47956751211216,11.644179757663062,,,,,,,,,,,,11.644179757663062,"rgba(239, 83, 80, 0.75)"
2024-05-22 00:00:00+00:00,6.37,6.55,6.35,6.51,2285781,0.0,0.0,0.0,0.0,0.0,0.0,0.0,0.0,,,,,,,,,8.395842243389504,8.466651913978644,9.188074064151625,9.996230515806738,10.534786517838635,10.74286360432606,11.081173023001568,11.475727761306832,11.640252887357105,,,,,,,,,,,,11.640252887357105,"rgba(239, 83, 80, 1.0)"
2024-05-23 00:00:00+00:00,6.35,6.45,6.26,6.39,2393297,0.0,0.0,0.0,0.0,0.0,0.0,0.0,0.0,,,,,,,,,8.360750767849197,8.464619864563174,9.18548040747892,9.993059129632371,10.531271795391254,10.739219452228642,11.077323714277531,11.471658030615025,11.636092551095558,,,,,,,,,,,,11.636092551095558,"rgba(239, 83, 80, 1.0)"
2024-05-24 00:00:00+00:00,6.36,6.45,6.315,6.35,2031448,0.0,0.0,0.0,0.0,0.0,0.0,0.0,0.0,,,,,,,,,8.332208797995388,8.462915779053938,9.183299427553251,9.990387561909378,10.528308553488671,10.736146270707593,11.074076270735535,11.468223285737633,11.632580823638833,,,,,,,,,,,,11.632580823638833,"rgba(239, 83, 80, 1.0)"
2024-05-28 00:00:00+00:00,6.2,6.4103,6.17,6.3,2590364,0.0,0.0,0.0,0.0,0.0,0.0,0.0,0.0,,,,,,,,,8.294914780234578,8.460627515810573,9.180409711938049,9.986878595539666,10.524431790593866,10.732130753422508,11.069840759472312,11.463751589582914,11.62801199011377,,,,,,,,,,,,11.62801199011377,"rgba(239, 83, 80, 1.0)"
2024-05-29 00:00:00+00:00,6.13,6.205,6.09,6.16,2288924,0.0,0.0,0.0,0.0,0.0,0.0,0.0,0.0,,,,,,,,,8.261206333233527,8.458500878933037,9.177757660028831,9.983685095583416,10.520917044463047,10.728494702408328,11.066012326894938,11.459716863652986,11.623892362619893,,,,,,,,,,,,11.623892362619893,"rgba(239, 83, 80, 1.0)"
2024-05-30 00:00:00+00:00,6.29,6.29,6.085,6.12,1506554,0.0,0.0,0.0,0.0,0.0,0.0,0.0,0.0,,,,,,,,,8.240405623059072,8.457151527771572,9.176060550905678,9.981629756194542,10.518648942070472,10.726146306408326,11.063536607543528,11.457104470277505,11.621223745457462,,,,,,,,,,,,11.621223745457462,"rgba(239, 83, 80, 0.75)"
2024-05-31 00:00:00+00:00,6.56,6.57,6.27,6.3,2477816,0.0,0.0,0.0,0.0,0.0,0.0,0.0,0.0,,,,,,,,,8.21114418050542,8.455178633782307,9.173504681925287,9.978474187192841,10.515136209035083,10.722499025551723,11.05967606829681,11.453014352392259,11.617039313084794,,,,,,,,,,,,11.617039313084794,"rgba(239, 83, 80, 0.75)"
2024-06-03 00:00:00+00:00,6.33,6.61,6.235,6.56,2208320,0.0,0.0,0.0,0.0,0.0,0.0,0.0,0.0,,,,,,,,,8.184780452027159,8.453357418246814,9.171167856560361,9.975606639880427,10.511952759767125,10.719196503819596,11.056184781771623,11.449319992604522,11.61326149255564,,,,,,,,,,,,11.61326149255564,"rgba(239, 83, 80, 0.75)"
2024-06-04 00:00:00+00:00,6.2,6.36,6.16,6.25,1768693,0.0,0.0,0.0,0.0,0.0,0.0,0.0,0.0,,,,,,,,,8.162469909067525,8.451793948538983,9.169197097795353,9.973216209417927,10.509312883464833,10.716462496249688,11.053301498663782,11.446276370802746,11.610151917256934,,,,,,,,,,,,11.610151917256934,"rgba(239, 83, 80, 0.75)"
2024-06-05 00:00:00+00:00,6.28,6.35,6.21,6.23,1456834,0.0,0.0,0.0,0.0,0.0,0.0,0.0,0.0,,,,,,,,,8.144848496258385,8.450531070127315,9.167597955483354,9.971270632187455,10.507161273412061,10.714233159198008,11.050948907162693,11.44379131614597,11.607612387341531,,,,,,,,,,,,11.607612387341531,"rgba(239, 83, 80, 0.75)"
2024-06-06 00:00:00+00:00,6.23,6.31,6.16,6.25,1338647,0.0,0.0,0.0,0.0,0.0,0.0,0.0,0.0,,,,,,,,,8.128547022558637,8.449347016537807,9.16610638286645,9.969462119413716,10.50516433894275,10.712165115689865,11.048768090481124,11.441489353371237,11.605260590138911,,,,,,,,,,,,11.605260590138911,"rgba(239, 83, 80, 0.75)"
2024-06-07 00:00:00+00:00,6.27,6.34,6.16,6.16,1001898,0.0,0.0,0.0,0.0,0.0,0.0,0.0,0.0,,,,,,,,,8.116675088613434,8.448470972076048,9.164999894810903,9.968118145632795,10.503679129316016,10.710626613268321,11.047145072445712,11.439775513792135,11.603509395144926,,,,,,,,,,,,11.603509395144926,"rgba(239, 83, 80, 0.75)"
2024-06-10 00:00:00+00:00,6.32,6.42,6.21,6.21,1061211,0.0,0.0,0.0,0.0,0.0,0.0,0.0,0.0,,,,,,,,,8.104663832037417,8.447569208592862,9.163852979137703,9.966718664468898,10.502129334953063,10.709020125579135,11.045448685690683,11.437982448731102,11.60167657892317,,,,,,,,,,,,11.60167657892317,"rgba(239, 83, 80, 0.5)"
2024-06-11 00:00:00+00:00,6.1,6.28,6.1,6.26,1168039,0.0,0.0,0.0,0.0,0.0,0.0,0.0,0.0,,,,,,,,,8.090485146445557,8.446504641597272,9.16252227186728,9.965113480781357,10.500361053946873,10.707190256432849,11.043521123140572,11.435950004034112,11.599600971705813,,,,,,,,,,,,11.599600971705813,"rgba(239, 83, 80, 0.5)"
2024-06-12 00:00:00+00:00,6.31,6.46,6.2,6.24,2550295,0.0,0.0,0.0,0.0,0.0,0.0,0.0,0.0,,,,,,,,,8.06279411377273,8.444349499997431,9.159778731463465,9.961763663681879,10.496650293039677,10.70334336121846,11.039458351533355,11.431655014508728,11.59521050382289,,,,,,,,,,,,11.59521050382289,"rgba(239, 83, 80, 0.5)"
2024-06-13 00:00:00+00:00,6.17,6.38,6.16,6.32,2361416,0.0,0.0,0.0,0.0,0.0,0.0,0.0,0.0,,,,,,,,,8.036677166519363,8.442276489302728,9.1571656304125,9.958593677965878,10.493148999419665,10.699717026778163,11.035633690251899,11.427617186200232,11.591084986950769,,,,,,,,,,,,11.591084986950769,"rgba(239, 83, 80, 0.5)"
2024-06-14 00:00:00+00:00,6.32,6.33,6.05,6.11,2475748,0.0,0.0,0.0,0.0,0.0,0.0,0.0,0.0,,,,,,,,,8.010036798949006,8.440104008229811,9.15442790244965,9.955273028851101,10.489481489685113,10.695918599653863,11.031627606322031,11.423387880007391,11.586763853434482,,,,,,,,,,,,11.586763853434482,"rgba(239, 83, 80, 0.5)"
2024-06-17 00:00:00+00:00,6.43,6.44,6.2,6.29,1641631,0.0,0.0,0.0,0.0,0.0,0.0,0.0,0.0,,,,,,,,,7.993998164177528,8.438746201726044,9.152691909214989,9.953147273953538,10.487123468725589,10.69347299132583,11.029043099654196,11.420653838183377,11.583968338745722,,,,,,,,,,,,11.583968338745722,"rgba(239, 83, 80, 0.5)"
2024-06-18 00:00:00+00:00,6.47,6.5399,6.375,6.44,2093240,0.0,0.0,0.0,0.0,0.0,0.0,0.0,0.0,,,,,,,,,7.975275654979735,8.437104585502674,9.15056445345483,9.950519372293027,10.484196971487354,10.690433977110915,11.025825684598356,11.417244117413071,11.580479606918434,,,,,,,,,,,,11.580479606918434,"rgba(239, 83, 80, 0.5)"
2024-06-20 00:00:00+00:00,6.73,6.82,6.36,6.42,3627472,0.0,0.0,0.0,0.0,0.0,0.0,0.0,0.0,,,,,,,,,7.94752065445085,8.43451768980884,9.147125110630515,9.946202715814689,10.479355809117601,10.685395407631196,11.02047420792513,11.411554656173935,11.574651407593766,,,,,,,,,,,,11.574651407593766,#000000
2024-06-21 00:00:00+00:00,6.8,6.83,6.66,6.73,4143674,0.0,0.0,0.0,0.0,0.0,0.0,0.0,0.0,,,,,,,,,7.920122381810206,8.431779305319854,9.14340548282475,9.941473720579172,10.474022415000912,10.679834723425442,11.014553312225747,11.405244079010824,11.56818097229847,,,,,,,,,,,,11.56818097229847,"rgba(38, 166, 154, 1.0)"
2024-06-24 00:00:00+00:00,6.83,6.92,6.72,6.85,2115133,0.0,0.0,0.0,0.0,0.0,0.0,0.0,0.0,,,,,,,,,7.907320348384056,8.430435100204354,9.141559026736529,9.939110694155039,10.471349813316582,10.677045744892311,11.011579909523064,11.402071005408978,11.564926011412922,,,,,,,,,,,,11.564926011412922,"rgba(38, 166, 154, 1.0)"
2024-06-25 00:00:00+00:00,6.8,6.835,6.6,6.75,2656973,0.0,0.0,0.0,0.0,0.0,0.0,0.0,0.0,,,,,,,,,7.890524204680342,8.428667578012172,9.139165484372246,9.936072894707728,10.467926132493565,10.673476919130664,11.007781027902157,11.398023213292394,11.560776095954589,,,,,,,,,,,,11.560776095954589,"rgba(38, 166, 154, 1.0)"
2024-06-26 00:00:00+00:00,6.79,6.88,6.7,6.75,2855903,0.0,0.0,0.0,0.0,0.0,0.0,0.0,0.0,,,,,,,,,7.873691812378343,8.426822516950946,9.136646317488754,9.932860044417172,10.464297522606605,10.669691967440784,11.003748282762158,11.393722200230092,11.556365040782888,,,,,,,,,,,,11.556365040782888,"rgba(38, 166, 154, 1.0)"
2024-06-27 00:00:00+00:00,6.89,6.91,6.68,6.8,2260254,0.0,0.0,0.0,0.0,0.0,0.0,0.0,0.0,,,,,,,,,7.861169295147294,8.425397863855624,9.134687487053121,9.930351550091602,10.461459402814869,10.66672992153841,11.00058982560071,11.3903509926606,11.552906578748951,,,,,,,,,,,,11.552906578748951,"rgba(38, 166, 154, 1.0)"
2024-06-28 00:00:00+00:00,6.97,7.0,6.855,6.94,3260673,0.0,0.0,0.0,0.0,0.0,0.0,0.0,0.0,,,,,,,,,7.845573476194739,8.423494619169078,9.132008007235738,9.92687371414069,10.45750217870447,10.662592597213905,10.996167106240145,11.38561873298773,11.54804743885469,,,,,,,,,,,,11.54804743885469,"rgba(38, 166, 154, 1.0)"
2024-07-01 00:00:00+00:00,7.09,7.12,6.93,6.98,2462840,0.0,0.0,0.0,0.0,0.0,0.0,0.0,0.0,,,,,,,,,7.835468114554263,8.422161934353504,9.130085299691071,9.924344415704349,10.454608204584837,10.659561706962867,10.992919282986307,11.382135343940414,11.544467539146172,,,,,,,,,,,,11.544467539146172,"rgba(38, 166, 154, 1.0)"
2024-07-02 00:00:00+00:00,7.11,7.14,6.95,7.0,1690830,0.0,0.0,0.0,0.0,0.0,0.0,0.0,0.0,,,,,,,,,7.8288493253933416,8.42126177163281,9.128779993635419,9.922622580384486,10.452635869878218,10.657495332077332,10.990703908818977,11.379758123022738,11.542024015346458,,,,,,,,,,,,11.542024015346458,"rgba(38, 166, 154, 1.0)"
2024-07-03 00:00:00+00:00,7.15,7.18,7.085,7.11,1244499,0.0,0.0,0.0,0.0,0.0,0.0,0.0,0.0,,,,,,,,,7.824501326570365,8.420635002165318,9.127853658808322,9.921388354192425,10.451216337132198,10.65600626367382,10.989104677865825,11.37803913875,11.540255988678613,,,,,,,,,,,,11.540255988678613,"rgba(38, 166, 154, 1.0)"
2024-07-05 00:00:00+00:00,7.23,7.27,6.99,7.02,2590240,0.0,0.0,0.0,0.0,0.0,0.0,0.0,0.0,,,,,,,,,7.815948332294322,8.419357831414876,9.125952585094753,9.918846045507639,10.448287952667785,10.652933023847549,10.985801952116718,11.374486863075685,11.536601525669285,,,,,,,,,,,,11.536601525669285,"rgba(38, 166, 154, 1.0)"
2024-07-08 00:00:00+00:00,7.29,7.42,7.2,7.26,2816405,0.0,0.0,0.0,0.0,0.0,0.0,0.0,0.0,,,,,,,,,7.808838052752909,8.418126545565102,9.124036844240397,9.916227246103906,10.445245240690157,10.649731393152273,10.982348605318798,11.370759393012607,11.532761876973606,,,,,,,,,,,,11.532761876973606,"rgba(38, 166, 154, 1.0)"
2024-07-09 00:00:00+00:00,7.19,7.355,7.12,7.3,2396538,0.0,0.0,0.0,0.0,0.0,0.0,0.0,0.0,,,,,,,,,7.801988636009604,8.417004359199481,9.122336891719007,9.913933461116637,10.44259358857849,10.646945506311713,10.979350060545512,11.36752940570396,11.529437138603841,,,,,,,,,,,,11.529437138603841,"rgba(38, 166, 154, 1.0)"
2024-07-10 00:00:00+00:00,7.32,7.38,7.07,7.1,2018591,0.0,0.0,0.0,0.0,0.0,0.0,0.0,0.0,,,,,,,,,7.796682731855956,8.41608840807365,9.120933710064635,9.91202952381258,10.440387731812216,10.64462642105906,10.976851600112303,11.364835638964927,11.526663426258084,,,,,,,,,,,,11.526663426258084,"rgba(38, 166, 154, 1.0)"
2024-07-11 00:00:00+00:00,7.55,7.57,7.35,7.4,9062515,0.0,0.0,0.0,0.0,0.0,0.0,0.0,0.0,,,,,,,,,7.783846789387778,8.412817981861304,9.115445234124584,9.904263431569763,10.431245060313467,10.63496818186265,10.966376851009597,11.353469710254448,11.514933077472213,,,,,,,,,,,,11.514933077472213,"rgba(38, 166, 154, 1.0)"
2024-07-12 00:00:00+00:00,7.42,7.62,7.38,7.59,3102689,0.0,0.0,0.0,0.0,0.0,0.0,0.0,0.0,,,,,,,,,7.779460176011879,8.411683477057162,9.11355546986176,9.901597748001508,10.428110271917644,10.631657661573982,10.962787985106951,11.349576998743757,11.510916100599285,,,,,,,,,,,,11.510916100599285,"rgba(38, 166, 154, 1.0)"
2024-07-15 00:00:00+00:00,7.32,7.42,7.26,7.4,2026709,0.0,0.0,0.0,0.0,0.0,0.0,0.0,0.0,,,,,,,,,7.775381011716223,8.41083353922041,9.112218240561978,9.899759441010545,10.425969329544044,10.629403245310204,10.960353784370543,11.346946767569447,11.508205644502107,,,,,,,,,,,,11.508205644502107,"rgba(38, 166, 154, 0.75)"
2024-07-16 00:00:00+00:00,7.55,7.66,7.3,7.35,4543453,0.0,0.0,0.0,0.0,0.0,0.0,0.0,0.0,,,,,,,,,7.769916637503403,8.40923286834419,9.109513531240367,9.895920241599748,10.421443773016424,10.624620589431297,10.955163882734405,11.34131206398633,11.502389041649153,,,,,,,,,,,,11.502389041649153,"rgba(38, 166, 154, 0.75)"
2024-07-17 00:00:00+00:00,7.62,7.68,7.44,7.48,2842548,0.0,0.0,0.0,0.0,0.0,0.0,0.0,0.0,,,,,,,,,7.767559653698074,8.408318808561441,9.107906537531752,9.893601315451635,10.418693742123427,10.621709135673724,10.951996751256218,11.337865436367636,11.49882815028514,,,,,,,,,,,,11.49882815028514,"rgba(38, 166, 154, 0.75)"
2024-07-18 00:00:00+00:00,7.38,7.67,7.26,7.58,3652029,0.0,0.0,0.0,0.0,0.0,0.0,0.0,0.0,,,,,,,,,7.762366425182104,8.406944701082526,9.105653646365239,9.890444675857735,10.414990374588502,10.617800860651952,10.94776382711221,11.333278016421941,11.494095707182234,,,,,,,,,,,,11.494095707182234,"rgba(38, 166, 154, 0.75)"
2024-07-19 00:00:00+00:00,7.6,7.62,7.36,7.38,3564202,0.0,0.0,0.0,0.0,0.0,0.0,0.0,0.0,,,,,,,,,7.758810641128321,8.405731427186549,9.103579033459438,9.887484469696558,10.411493877824308,10.614103463882167,10.943748159081684,11.328914476733651,11.489589906570647,,,,,,,,,,,,11.489589906570647,"rgba(38, 166, 154, 0.75)"
2024-07-22 00:00:00+00:00,7.57,7.67,7.5407,7.65,1474557,0.0,0.0,0.0,0.0,0.0,0.0,0.0,0.0,,,,,,,,,7.757785699843519,8.405268582997548,9.102758677609186,9.886296603762796,10.410083294190416,10.612609477202987,10.94212205201625,11.32714385910946,11.48776020782882,,,,,,,,,,,,11.48776020782882,"rgba(38, 166, 154, 0.75)"
2024-07-23 00:00:00+00:00,7.57,7.715,7.4476,7.52,3089789,0.0,0.0,0.0,0.0,0.0,0.0,0.0,0.0,,,,,,,,,7.7554730309415385,8.404281324047659,9.101024358803805,9.883794154652435,10.407115330311946,10.609467163272143,10.938703528568329,11.323423233234255,11.48391605983424,,,,,,,,,,,,11.48391605983424,"rgba(38, 166, 154, 0.75)"
2024-07-24 00:00:00+00:00,5.81,7.58,3.96,7.53,63028544,0.0,0.0,0.0,0.0,0.0,0.0,0.0,0.0,,,,,,,,,7.346386867826703,8.342027440334192,9.025813474170343,9.795093012723195,10.310353971437834,10.509648643938016,10.834023045218835,11.213509436807223,11.371842652876607,,,,,,,,,,,5.783333333333333,11.371842652876607,#000000
2024-07-25 00:00:00+00:00,5.88,6.01,5.425,5.77,7969891,0.0,0.0,0.0,0.0,0.0,0.0,0.0,0.0,,,,,,,,,7.306138240843262,8.3343305587704,9.016511955527585,9.784117586759827,10.298375475923736,10.497289569944058,10.821058417926947,11.199891593315018,11.357955225708377,,,,,,,,,,,5.7820236979636705,11.357955225708377,"rgba(239, 83, 80, 0.5)"
2024-07-26 00:00:00+00:00,5.99,6.04,5.685,5.92,5184186,0.0,0.0,0.0,0.0,0.0,0.0,0.0,0.0,,,,,,,,,7.283224508668408,8.329607858098933,9.010737518352549,9.777246640783801,10.290846193251065,10.489510750044953,10.812882628788055,11.191286783772723,11.349173491892047,,,,,,,,,,,5.790392168554207,11.349173491892047,"rgba(239, 83, 80, 0.5)"
2024-07-29 00:00:00+00:00,5.95,6.105,5.755,6.04,3375589,0.0,0.0,0.0,0.0,0.0,0.0,0.0,0.0,,,,,,,,,7.2690369143886215,8.326582648784552,9.007027324792052,9.772822297713754,10.285992791501391,10.484494750611065,10.807607968052693,11.18573240887505,11.343503784943362,,,,,,,,,,,5.796598474437772,11.343503784943362,"rgba(239, 83, 80, 1.0)"
2024-07-30 00:00:00+00:00,5.96,6.04,5.81,5.95,3411279,0.0,0.0,0.0,0.0,0.0,0.0,0.0,0.0,,,,,,,,,7.254999839879203,8.323533214919772,9.003286990820643,9.768361520067316,10.281099054437417,10.47943693312697,10.80228911877216,11.18013122435492,11.337786186899237,,,,,,,,,,,5.8023573586791635,11.337786186899237,"rgba(239, 83, 80, 1.0)"
2024-07-31 00:00:00+00:00,6.03,6.155,5.91,5.98,3145926,0.0,0.0,0.0,0.0,0.0,0.0,0.0,0.0,,,,,,,,,7.243228429528686,8.320839532221214,8.999952281844493,9.76435868424442,10.276694211449257,10.474879843957764,10.797489862108149,11.175069719147306,11.332616606442357,,,,,,,,,,,5.810734373572953,11.332616606442357,"rgba(239, 83, 80, 1.0)"
2024-08-01 00:00:00+00:00,6.1,6.45,5.98,6.45,3999931,0.0,0.0,0.0,0.0,0.0,0.0,0.0,0.0,,,,,,,,,7.230337251684829,8.317640103883173,8.995929706259888,9.759478815070429,10.271297635759478,10.469287785095936,10.791586938970113,11.168829573783723,11.326237596015629,,,,,,,,,,,5.826976933669728,11.326237596015629,"rgba(239, 83, 80, 1.0)"
2024-08-02 00:00:00+00:00,5.63,5.82,5.18,5.45,3565691,0.0,0.0,0.0,0.0,0.0,0.0,0.0,0.0,,,,,,,,,7.21235435693364,8.313954734859779,8.991550099048593,9.75437290040821,10.265756642558774,10.463581388048077,10.785617142688398,11.162575940338696,11.319866661978207,,,,,,,,,,,5.816180880751067,11.319866661978207,"rgba(239, 83, 80, 1.0)"
2024-08-05 00:00:00+00:00,5.23,5.45,5.12,5.39,3695612,0.0,0.0,0.0,0.0,0.0,0.0,0.0,0.0,,,,,,,,,7.191093170075542,8.309765013399678,8.986659364366435,9.748747152355252,10.25969179563225,10.457349226127832,10.779118357849223,11.15579070448576,11.312962846309457,,,,,,,,,,,5.795325867310002,11.312962846309457,"rgba(239, 83, 80, 1.0)"
2024-08-06 00:00:00+00:00,5.39,5.51,5.1899,5.28,2461400,0.0,0.0,0.0,0.0,0.0,0.0,0.0,0.0,,,,,,,,,7.177886664603044,8.30706931536619,8.983493523858051,9.74508865190947,10.25573858367152,10.45328380662421,10.774874165051038,11.151354183176343,11.30844675648413,,,,,,,,,,,5.784674732993496,11.30844675648413,"rgba(239, 83, 80, 1.0)"
2024-08-07 00:00:00+00:00,5.22,5.5,5.2,5.48,1464486,0.0,0.0,0.0,0.0,0.0,0.0,0.0,0.0,,,,,,,,,7.169876789786786,8.305436954477946,8.981583107100152,9.742886712631316,10.253362333509504,10.45084115827873,10.772325712344342,11.148691964733825,11.305737455652963,,,,,,,,,,,5.777764381529708,11.305737455652963,"rgba(239, 83, 80, 1.0)"
2024-08-08 00:00:00+00:00,5.48,5.58,4.99,5.34,5133144,0.0,0.0,0.0,0.0,0.0,0.0,0.0,0.0,,,,,,,,,7.142975478380499,8.299811868275528,8.974981359127968,9.735261175586762,10.245124171454506,10.442369718326274,10.763482571161578,11.139448860802355,11.29632887093087,,,,,,,,,,,5.757134305326943,11.29632887093087,"rgba(239, 83, 80, 1.0)"
2024-08-09 00:00:00+00:00,5.42,5.57,5.38,5.53,1404510,0.0,0.0,0.0,0.0,0.0,0.0,0.0,0.0,,,,,,,,,7.136182551038899,8.298332004291687,8.973232225216588,9.733229956712458,10.242923912642132,10.440105147404237,10.761115547422225,11.136971434049498,11.293805795769174,,,,,,,,,,,5.753221016532774,11.293805795769174,"rgba(239, 83, 80, 1.0)"
2024-08-12 00:00:00+00:00,5.41,5.56,5.405,5.42,1001440,0.0,0.0,0.0,0.0,0.0,0.0,0.0,0.0,,,,,,,,,7.131377176085684,8.297278394380394,8.971986714717263,9.731783403791365,10.241356870240304,10.438492264572066,10.759429637432282,11.13520682246286,11.292008643753691,,,,,,,,,,,5.750507787006752,11.292008643753691,"rgba(239, 83, 80, 0.75)"
2024-08-13 00:00:00+00:00,5.48,5.485,5.35,5.42,1033332,0.0,0.0,0.0,0.0,0.0,0.0,0.0,0.0,,,,,,,,,7.1263886073759295,8.296184397088393,8.970695154430574,9.730284828873405,10.239734242553464,10.436822432946904,10.75768460216696,11.133380753295322,11.290149065850152,,,,,,,,,,,5.747571905622792,11.290149065850152,"rgba(239, 83, 80, 0.75)"
2024-08-14 00:00:00+00:00,5.53,5.55,5.455,5.5,787625,0.0,0.0,0.0,0.0,0.0,0.0,0.0,0.0,,,,,,,,,7.12277025521771,8.295372476812718,8.969731761369825,9.72916279401597,10.238517060226265,10.435569066907599,10.756373598434493,11.132007587672414,11.288750206631704,,,,,,,,,,,5.7458928840984544,11.288750206631704,"rgba(239, 83, 80, 0.75)"
2024-08-15 00:00:00+00:00,5.74,5.88,5.62,5.65,1242195,0.0,0.0,0.0,0.0,0.0,0.0,0.0,0.0,,,,,,,,,7.117924043902088,8.294200945987825,8.96831662591923,9.727492935638546,10.23669404105453,10.433687909405991,10.754399878057242,11.129933770905936,11.286635073117795,,,,,,,,,,,5.745901473444047,11.286635073117795,"rgba(239, 83, 80, 0.75)"
2024-08-16 00:00:00+00:00,5.73,5.81,5.66,5.72,717973,0.0,0.0,0.0,0.0,0.0,0.0,0.0,0.0,,,,,,,,,7.115111444601796,8.293520765595753,8.967495879280431,9.726525186508336,10.235637906725223,10.432598221257507,10.75325676619022,11.12873289224554,11.285410348250183,,,,,,,,,,,5.745821351222388,11.285410348250183,"rgba(239, 83, 80, 0.75)"
2024-08-19 00:00:00+00:00,5.75,5.795,5.72,5.75,692258,0.0,0.0,0.0,0.0,0.0,0.0,0.0,0.0,,,,,,,,,7.112452734178146,8.292870835921404,8.966710221717467,9.725597602779928,10.234624966186207,10.431552881839238,10.752159843883222,11.127580178055336,11.284234605924178,,,,,,,,,,,5.745877424931717,11.284234605924178,"rgba(239, 83, 80, 0.75)"
2024-08-20 00:00:00+00:00,5.83,5.87,5.73,5.73,858710,0.0,0.0,0.0,0.0,0.0,0.0,0.0,0.0,,,,,,,,,7.109302192337355,8.2920825561073,8.96575286841665,9.724463515218167,10.23338452169501,10.43027208425327,10.750814806302781,11.12616561404943,11.282791353735654,,,,,,,,,,,5.746359696118749,11.282791353735654,"rgba(239, 83, 80, 0.5)"
2024-08-21 00:00:00+00:00,5.83,5.91,5.72,5.89,751183,0.0,0.0,0.0,0.0,0.0,0.0,0.0,0.0,,,,,,,,,7.106579746672721,8.291396170958576,8.96491852248766,9.723474508796839,10.2323024267414,10.429154672882818,10.74964117368813,11.124931124163032,11.281531754140365,,,,,,,,,,,5.74684103081631,11.281531754140365,#000000
2024-08-22 00:00:00+00:00,5.77,5.875,5.72,5.85,954376,0.0,0.0,0.0,0.0,0.0,0.0,0.0,0.0,,,,,,,,,7.103052699093098,8.290513503238044,8.96384845912609,9.72220851354502,10.230918531780203,10.427726037430407,10.748141308933889,11.123354178915264,11.279922999780837,,,,,,,,,,,5.747182759357989,11.279922999780837,#000000
2024-08-23 00:00:00+00:00,5.87,5.941,5.76,5.81,918782,0.0,0.0,0.0,0.0,0.0,0.0,0.0,0.0,,,,,,,,,7.099851395272374,8.289687646320825,8.962841246387905,9.72101176428365,10.229607643814235,10.42637185852221,10.746718217757445,11.121856455408109,11.27839448927153,,,,,,,,,,,5.748046627314357,11.27839448927153,#000000
2024-08-26 00:00:00+00:00,5.97,6.05,5.87,5.91,1123289,0.0,0.0,0.0,0.0,0.0,0.0,0.0,0.0,,,,,,,,,7.096292756825544,8.288722827461502,8.961652858874686,9.719589879146643,10.22804498708087,10.42475585152533,10.745017303533432,11.12006347718211,11.276563555424707,,,,,,,,,,,5.750097394072165,11.276563555424707,#000000
2024-08-27 00:00:00+00:00,5.96,6.04,5.92,5.96,1136305,0.0,0.0,0.0,0.0,0.0,0.0,0.0,0.0,,,,,,,,,7.092747060279858,8.287751836408482,8.960455664994369,9.7181564388075,10.226469091387488,10.42312597094254,10.743301506237286,11.11825450549017,11.274716172322814,,,,,,,,,,,5.752227992979904,11.274716172322814,"rgba(38, 166, 154, 0.5)"
2024-08-28 00:00:00+00:00,5.9,5.97,5.83,5.93,745243,0.0,0.0,0.0,0.0,0.0,0.0,0.0,0.0,,,,,,,,,7.0902822106440615,8.287095292291921,8.959651745720965,9.717198517482661,10.225418367891942,10.422040059622109,10.742159584361412,11.117051885227816,11.273488518843909,,,,,,,,,,,5.753147219925393,11.273488518843909,"rgba(38, 166, 154, 0.5)"
2024-08-29 00:00:00+00:00,5.87,6.0,5.85,5.94,9710240,0.0,0.0,0.0,0.0,0.0,0.0,0.0,0.0,,,,,,,,,7.059247651170905,8.278597447477413,8.949238186226872,9.7047826689285,10.211795359150138,10.40795933557552,10.727350248852897,11.10145266175564,11.257563538555708,,,,,,,,,,,5.764657331351345,11.257563538555708,"rgba(38, 166, 154, 0.5)"
2024-08-30 00:00:00+00:00,5.93,5.98,5.86,5.91,1266773,0.0,0.0,0.0,0.0,0.0,0.0,0.0,0.0,,,,,,,,,7.05537537507529,8.27750107059576,8.947892309100784,9.703175974215545,10.210031326897452,10.4061356509382,10.725431603535538,11.099431018856645,11.255499421955093,,,,,,,,,,,5.766194314137523,11.255499421955093,"rgba(38, 166, 154, 0.5)"
2024-09-03 00:00:00+00:00,6.07,6.2299,5.84,5.88,2136219,0.0,0.0,0.0,0.0,0.0,0.0,0.0,0.0,,,,,,,,,7.049609591066782,8.275751222832076,8.945717816216296,9.700557901942183,10.207145311097479,10.403148138800068,10.722282557080565,11.096106525753237,11.25210262696267,,,,,,,,,,,5.770701510909901,11.25210262696267,"rgba(38, 166, 154, 0.5)"
2024-09-04 00:00:00+00:00,6.23,6.305,6.0122,6.03,1186962,0.0,0.0,0.0,0.0,0.0,0.0,0.0,0.0,,,,,,,,,7.046864123837985,8.274839274257172,8.944567512431423,9.699158815282033,10.205595734745579,10.401541612239937,10.720585415693101,11.094310820545243,11.25026633244497,,,,,,,,,,,5.774345501868136,11.25026633244497,"rgba(38, 166, 154, 1.0)"
2024-09-05 00:00:00+00:00,6.19,6.31,6.12,6.27,879611,0.0,0.0,0.0,0.0,0.0,0.0,0.0,0.0,,,,,,,,,7.044897552581755,8.274171808971529,8.943723168646804,9.698129873993983,10.204455095736952,10.400358710026824,10.719335269841379,11.092987510393435,11.248912896401073,,,,,,,,,,,5.77716271057713,11.248912896401073,"rgba(38, 166, 154, 1.0)"
2024-09-06 00:00:00+00:00,6.21,6.33,6.12,6.21,11532607,0.0,0.0,0.0,0.0,0.0,0.0,0.0,0.0,,,,,,,,,7.02033700402894,8.265516516791557,8.932754625488073,9.684746566085893,10.189609788918895,10.384960241605143,10.7030566338172,11.075750763961757,11.23128165934085,,,,,,,,,,,5.812019602694039,11.23128165934085,"rgba(38, 166, 154, 1.0)"
2024-09-09 00:00:00+00:00,6.2,6.45,6.165,6.25,1187888,0.0,0.0,0.0,0.0,0.0,0.0,0.0,0.0,,,,,,,,,7.01804799862312,8.264651554894643,8.931651275970076,9.683394368863496,10.188106786310275,10.383400197268571,10.701405828673133,11.074001076837977,11.22949126856394,,,,,,,,,,,5.815716267570144,11.22949126856394,"rgba(38, 166, 154, 1.0)"
2024-09-10 00:00:00+00:00,6.25,6.36,6.03,6.15,2216760,0.0,0.0,0.0,0.0,0.0,0.0,0.0,0.0,,,,,,,,,7.013482686954362,8.262992238128996,8.929549621044032,9.680830753225443,10.185263331213514,10.38045084828913,10.698287965309897,11.070699709594367,11.22611434072012,,,,,,,,,,,5.821595548799282,11.22611434072012,"rgba(38, 166, 154, 1.0)"
2024-09-11 00:00:00+00:00,6.38,6.43,6.2,6.24,2812789,0.0,0.0,0.0,0.0,0.0,0.0,0.0,0.0,,,,,,,,,7.0086453925681695,8.261017093497319,8.927008433574198,9.677698802433135,10.18177304668498,10.376825080242565,10.694446640839145,11.06662334009134,11.221941247978705,,,,,,,,,,,5.831081309934604,11.221941247978705,"rgba(38, 166, 154, 1.0)"
2024-09-12 00:00:00+00:00,6.3,6.44,6.295,6.39,946327,0.0,0.0,0.0,0.0,0.0,0.0,0.0,0.0,,,,,,,,,7.007053444069125,8.260356365243291,8.926157349724827,9.676649040853734,10.18060274958029,10.3756092111536,10.693158265339315,11.065255888761657,11.22054125729455,,,,,,,,,,,5.834245925085034,11.22054125729455,"rgba(38, 166, 154, 1.0)"
2024-09-13 00:00:00+00:00,6.32,6.38,6.255,6.33,1047584,0.0,0.0,0.0,0.0,0.0,0.0,0.0,0.0,,,,,,,,,7.005229415672956,8.259615294371129,8.925206127129826,9.675478430540803,10.179299061807928,10.374255199690836,10.691724182075243,11.06373449687205,11.218983933255839,,,,,,,,,,,5.837523461247724,11.218983933255839,"rgba(38, 166, 154, 1.0)"
2024-09-16 00:00:00+00:00,7.0,7.045,6.585,6.79,6593274,0.0,0.0,0.0,0.0,0.0,0.0,0.0,0.0,,,,,,,,,7.003121579732336,8.256301833160308,8.920514055760364,9.669351752502362,10.172297710340512,10.366924295313888,10.683869439349078,11.055305496876834,11.210319231518337,,,,,,,,,,,5.879994070481703,11.210319231518337,"rgba(38, 166, 154, 1.0)"
2024-09-17 00:00:00+00:00,7.18,7.2,6.89,7.0,3179212,0.0,0.0,0.0,0.0,0.0,0.0,0.0,0.0,,,,,,,,,7.003803026657862,8.254955961290598,8.918494609389574,9.66663204539462,10.169150173092117,10.363615766610998,10.68030508728616,11.051460112926991,11.206358607349395,,,,,,,,,,,5.903379391711248,11.206358607349395,"rgba(38, 166, 154, 1.0)"
2024-09-18 00:00:00+00:00,8.02,8.11,7.39,7.48,8165378,0.0,0.0,0.0,0.0,0.0,0.0,0.0,0.0,,,,,,,,,7.020315929349262,8.253729747176056,8.915447379445485,9.66169866153246,10.163057427475172,10.35708861337281,10.67308844404132,11.04348123085294,11.198068138773124,,,,,,,,,,,5.994962995238673,11.198068138773124,"rgba(38, 166, 154, 1.0)"
2024-09-19 00:00:00+00:00,8.18,8.34,7.825,8.2,4700132,0.0,0.0,0.0,0.0,0.0,0.0,0.0,0.0,,,,,,,,,7.032619426695455,8.253494171979861,8.914147664706517,9.65929784671422,10.159978226723345,10.353755569604907,10.669352633375523,11.039299124539077,11.193703780799792,,,,,,,,,,,6.051143600732379,11.193703780799792,"rgba(38, 166, 154, 1.0)"
2024-09-20 00:00:00+00:00,8.03,8.285,8.02,8.19,1989533,0.0,0.0,0.0,0.0,0.0,0.0,0.0,0.0,,,,,,,,,7.037728710950168,8.253392301237968,8.913596485644351,9.658281653572287,10.158675489925075,10.35234560254335,10.667772516438506,11.037530450425967,11.191858102343083,,,,,,,,,,,6.074000488880876,11.191858102343083,"rgba(38, 166, 154, 1.0)"
2024-09-23 00:00:00+00:00,8.01,8.07,7.82,8.03,1560525,0.0,0.0,0.0,0.0,0.0,0.0,0.0,0.0,,,,,,,,,7.041165998990148,8.253230854043249,8.913086613339926,9.657410877911671,10.157582525698999,10.35116942319341,10.66646426025245,11.036075977452937,11.190343881179391,,,,,,,,,,,6.09032615317753,11.190343881179391,"rgba(38, 166, 154, 1.0)"
2024-09-24 00:00:00+00:00,8.08,8.11,7.93,8.05,1851669,0.0,0.0,0.0,0.0,0.0,0.0,0.0,0.0,,,,,,,,,7.045532288524471,8.253088484665502,8.912529150144431,9.656423570136655,10.156330423582059,10.3498181848028,10.664955689111432,11.034393123043678,11.188589828923877,,,,,,,,,,,6.1100789685641095,11.188589828923877,"rgba(38, 166, 154, 1.0)"
2024-09-25 00:00:00+00:00,8.03,8.1,7.935,8.1,1849508,0.0,0.0,0.0,0.0,0.0,0.0,0.0,0.0,,,,,,,,,7.049775840778581,8.252934252780586,8.911961363052436,9.655427445866142,10.155070438734711,10.348459399784918,10.66344009563948,11.032703838929757,11.186829582413663,,,,,,,,,,,6.129229523379254,11.186829582413663,"rgba(38, 166, 154, 1.0)"
2024-09-26 00:00:00+00:00,8.11,8.22,8.025,8.06,2169796,0.0,0.0,0.0,0.0,0.0,0.0,0.0,0.0,,,,,,,,,7.055197986607131,8.25282909506228,8.911368396871149,9.654329418559525,10.153661043232702,10.34693347069811,10.661729234622358,11.030787974134967,11.184829991514858,,,,,,,,,,,6.152335948500699,11.184829991514858,"rgba(38, 166, 154, 1.0)"
2024-09-27 00:00:00+00:00,8.26,8.275,8.1024,8.18,1561022,0.0,0.0,0.0,0.0,0.0,0.0,0.0,0.0,,,,,,,,,7.059407336950886,8.252806421669918,8.910992917762494,9.653588784662611,10.152695123818239,10.345883273806441,10.660545309569889,11.029455694562664,11.183437142600006,,,,,,,,,,,6.169410360849114,11.183437142600006,"rgba(38, 166, 154, 1.0)"
2024-09-30 00:00:00+00:00,8.16,8.27,7.99,8.26,2281677,0.0,0.0,0.0,0.0,0.0,0.0,0.0,0.0,,,,,,,,,7.065121928801787,8.252713874799593,8.910387961062662,9.65245323336594,10.151232343002679,10.344298027403175,10.658765712103412,11.02746058812103,11.181354022865355,,,,,,,,,,,6.192996822185931,11.181354022865355,"rgba(38, 166, 154, 1.0)"
2024-10-01 00:00:00+00:00,8.27,8.325,8.01,8.15,1379583,0.0,0.0,0.0,0.0,0.0,0.0,0.0,0.0,,,,,,,,,7.068744500141027,8.252688565612205,8.91005188540109,9.651795425455894,10.15037601134697,10.343367419561604,10.657717236705864,11.026281346191933,11.180121387657028,,,,,,,,,,,6.207429175095504,11.180121387657028,"rgba(38, 166, 154, 0.75)"
2024-10-02 00:00:00+00:00,8.16,8.25,8.13,8.25,1123295,0.0,0.0,0.0,0.0,0.0,0.0,0.0,0.0,,,,,,,,,7.071621002210477,8.252659233522099,8.90977011611789,9.651252264302641,10.149671571462848,10.342602629969674,10.656856674142851,11.025314541607592,11.179111199132748,,,,,,,,,,,6.218902092006362,11.179111199132748,"rgba(38, 166, 154, 0.75)"
2024-10-03 00:00:00+00:00,8.27,8.29,8.1,8.12,1146327,0.0,0.0,0.0,0.0,0.0,0.0,0.0,0.0,,,,,,,,,7.074646556771086,8.252645789822864,8.909498542255784,9.6507134382261,10.148967795388455,10.341837141898667,10.655993255375247,11.02434245129164,11.178094738932131,,,,,,,,,,,6.2307094885762355,11.178094738932131,"rgba(38, 166, 154, 0.75)"
2024-10-04 00:00:00+00:00,8.32,8.49,8.27,8.3,1155077,0.0,0.0,0.0,0.0,0.0,0.0,0.0,0.0,,,,,,,,,7.078049802561049,8.252690299474695,8.909280630684167,9.650223997675255,10.148310597038542,10.341117225083021,10.655173829835675,11.023412487798849,11.177119666668348,,,,,,,,,,,6.243294357427659,11.177119666668348,"rgba(38, 166, 154, 0.75)"
2024-10-07 00:00:00+00:00,8.16,8.325,8.08,8.3,1166732,0.0,0.0,0.0,0.0,0.0,0.0,0.0,0.0,,,,,,,,,7.081011255821546,8.252663358766227,8.908991959448723,9.649664267310426,10.14758358094396,10.340327609628938,10.654284867015178,11.022413297684794,11.17607546472213,,,,,,,,,,,6.254837318466382,11.17607546472213,"rgba(38, 166, 154, 0.75)"
2024-10-08 00:00:00+00:00,8.06,8.268,8.06,8.15,1087396,0.0,0.0,0.0,0.0,0.0,0.0,0.0,0.0,,,,,,,,,7.083610841022202,8.25261526049291,8.908701116148752,9.649121937121528,10.14688609651794,10.339572046063186,10.653437119826354,11.021463311327361,11.175083718490106,,,,,,,,,,,6.265148171339845,11.175083718490106,"rgba(38, 166, 154, 0.75)"
2024-10-09 00:00:00+00:00,7.93,8.04,7.875,8.04,1743052,0.0,0.0,0.0,0.0,0.0,0.0,0.0,0.0,,,,,,,,,7.087034463063942,8.252425157908249,8.908127191134012,9.648149972770145,10.145668850147484,10.33826289096281,10.651982042121123,11.019846602018243,11.173400942539045,,,,,,,,,,,6.2798595061395535,11.173400942539045,"rgba(38, 166, 154, 0.75)"
2024-10-10 00:00:00+00:00,8.1,8.12,7.85,7.91,759511,0.0,0.0,0.0,0.0,0.0,0.0,0.0,0.0,,,,,,,,,7.088646959243706,8.252362809270732,8.90789685062634,9.64774547144367,10.145156962556458,10.337710780366686,10.651366076107035,11.019159863515963,11.172685284015577,,,,,,,,,,,6.286474181148158,11.172685284015577,"rgba(38, 166, 154, 0.75)"
2024-10-11 00:00:00+00:00,7.95,8.12,7.905,8.1,1238139,0.0,0.0,0.0,0.0,0.0,0.0,0.0,0.0,,,,,,,,,7.091175087986193,8.252247199462847,8.907508178066648,9.647073647141283,10.144310577298873,10.336798998414002,10.650350467846673,11.018029204943693,11.171507605628545,,,,,,,,,,,6.296955696034608,11.171507605628545,"rgba(38, 166, 154, 0.75)"
2024-10-14 00:00:00+00:00,8.24,8.44,8.185,8.37,2653857,0.0,0.0,0.0,0.0,0.0,0.0,0.0,0.0,,,,,,,,,7.098316158168854,8.2522814680286,8.906945699475639,9.645893212843179,10.142748364383218,10.335093976405895,10.648418813059648,11.015845855895522,11.169221506759401,,,,,,,,,,,6.322851405529425,11.169221506759401,"rgba(38, 166, 154, 0.75)"
2024-10-15 00:00:00+00:00,8.39,8.48,8.24,8.3,1839683,0.0,0.0,0.0,0.0,0.0,0.0,0.0,0.0,,,,,,,,,7.103552937318729,8.252358910657478,8.906607778512468,9.645125279204885,10.141714587502504,10.333960794603623,10.647127892934247,11.014379639099234,11.167683747990019,,,,,,,,,,,6.341140476448548,11.167683747990019,"rgba(38, 166, 154, 0.75)"
2024-10-16 00:00:00+00:00,8.46,8.51,8.39,8.45,2291391,0.0,0.0,0.0,0.0,0.0,0.0,0.0,0.0,,,,,,,,,7.110440769898509,8.252523452568017,8.906252751077986,9.644232507194136,10.140489150123102,10.332611013230393,10.645580817102854,11.012613163539886,11.16582775638347,,,,,,,,,,,6.364385292936089,11.16582775638347,"rgba(38, 166, 154, 1.0)"
2024-10-17 00:00:00+00:00,8.36,8.47,8.345,8.42,2123565,0.0,0.0,0.0,0.0,0.0,0.0,0.0,0.0,,,,,,,,,7.116471397551398,8.252628948262197,8.905879492377435,9.643363535476366,10.139313601337289,10.331320830227769,10.64410872280694,11.010938848461405,11.164070913167324,,,,,,,,,,,6.384852849099616,11.164070913167324,"rgba(38, 166, 154, 1.0)"
2024-10-18 00:00:00+00:00,8.16,8.28,8.07,8.22,1481373,0.0,0.0,0.0,0.0,0.0,0.0,0.0,0.0,,,,,,,,,7.119919326739249,8.252585269114295,8.90550732545547,9.642650840440636,10.138390594163889,10.330319090258142,10.642981997417944,11.009673394669838,11.162748794429106,,,,,,,,,,,6.397337513732289,11.162748794429106,"rgba(38, 166, 154, 0.5)"
2024-10-21 00:00:00+00:00,8.17,8.345,8.12,8.12,1559123,0.0,0.0,0.0,0.0,0.0,0.0,0.0,0.0,,,,,,,,,7.123666957024974,8.252562516195317,8.905138198584485,9.641922685913231,10.13744062073535,10.329286091905159,10.641817205279157,11.008362265262816,11.161377900560792,,,,,,,,,,,6.410594655191081,11.161377900560792,"rgba(38, 166, 154, 0.5)"
2024-10-22 00:00:00+00:00,8.11,8.19,8.09,8.14,1144650,0.0,0.0,0.0,0.0,0.0,0.0,0.0,0.0,,,,,,,,,7.126196695075266,8.252512502485098,8.904835564529987,9.641358076091194,10.136714230776759,10.328499121237178,10.640934054648122,11.007372379202618,11.160344409171165,,,,,,,,,,,6.419769123161629,11.160344409171165,"rgba(38, 166, 154, 0.5)"
2024-10-23 00:00:00+00:00,8.07,8.1201,8.0,8.05,872088,0.0,0.0,0.0,0.0,0.0,0.0,0.0,0.0,,,,,,,,,7.127988162037938,8.252453715554283,8.90458533696026,9.64090924024768,10.136142795403838,10.327881759605038,10.640243770250303,11.006601205475645,11.159540180278164,,,,,,,,,,,6.426423750643791,11.159540180278164,"rgba(38, 166, 154, 0.5)"
2024-10-24 00:00:00+00:00,8.12,8.25,8.07,8.11,929368,0.0,0.0,0.0,0.0,0.0,0.0,0.0,0.0,,,,,,,,,7.130059119471864,8.252418688784577,8.904345227377869,9.640456447162995,10.135558632993755,10.327248406640138,10.639532320375634,11.0058030713939,11.158706633989878,,,,,,,,,,,6.433814281027304,11.158706633989878,#000000
2024-10-25 00:00:00+00:00,8.04,8.15,7.985,8.13,612076,0.0,0.0,0.0,0.0,0.0,0.0,0.0,0.0,,,,,,,,,7.131300334028848,8.25237637486128,8.90416874945294,9.640140765084743,10.135157015946877,10.326814596053508,10.639047390401647,11.005261436119858,11.158141825362133,,,,,,,,,,,6.438397822764972,11.158141825362133,#000000
2024-10-28 00:00:00+00:00,8.19,8.23,8.05,8.06,1143423,0.0,0.0,0.0,0.0,0.0,0.0,0.0,0.0,,,,,,,,,7.133855197730134,8.252337410169135,8.90387757136215,9.639588014332988,10.134442672258746,10.326039745896372,10.638176476721249,11.004283882095223,11.157120707470403,,,,,,,,,,,6.447407017917289,11.157120707470403,#000000
2024-10-29 00:00:00+00:00,8.16,8.3,8.09,8.22,1014880,0.0,0.0,0.0,0.0,0.0,0.0,0.0,0.0,,,,,,,,,7.136171047830453,8.25231248484152,8.903628533959436,9.639106564684917,10.133817609679939,10.325360915601635,10.63741228377808,11.003424906002584,11.156223014764542,,,,,,,,,,,6.4554481561554695,11.156223014764542,#000000
2024-10-30 00:00:00+00:00,8.17,8.405,8.09,8.09,2001775,0.0,0.0,0.0,0.0,0.0,0.0,0.0,0.0,,,,,,,,,7.140875180180464,8.252290666155075,8.903163945281653,9.638182854678586,10.13261010091887,10.32404717254314,10.6359298870051,11.001755181600739,11.154476781344766,,,,,,,,,,,6.471439363811367,11.154476781344766,"rgba(38, 166, 154, 0.5)"
2024-10-31 00:00:00+00:00,9.2,9.36,8.46,8.47,7666621,0.0,0.0,0.0,0.0,0.0,0.0,0.0,0.0,,,,,,,,,7.171336891688146,8.25434207098783,8.903433295525733,9.636610604584204,10.129893509494234,10.32090384024383,10.632109795439083,10.997179254755752,11.14959300442127,,,,,,,,,,,6.556404000956524,11.14959300442127,"rgba(38, 166, 154, 0.5)"
2024-11-01 00:00:00+00:00,9.78,9.8,9.23,9.31,3457099,0.0,0.0,0.0,0.0,0.0,0.0,0.0,0.0,,,,,,,,,7.189110531027767,8.255994216335214,8.90425364727643,9.636573287699314,10.129321252190934,10.320132609306548,10.631023238644545,10.995739161691187,11.148009187002632,,,,,,,,,,,6.601764459786653,11.148009187002632,"rgba(38, 166, 154, 1.0)"
2024-11-04 00:00:00+00:00,9.26,9.85,9.26,9.73,2692103,-1.0,9.85,9.26,0.0,0.0,0.0,0.0,0.0,,,,,,,,9.456666666666667,7.20194230617106,8.257138225543539,8.904757393309398,9.636416321697139,10.128752467485988,10.319410535486233,10.63005817887722,10.99450188893723,11.146661193373557,,,,,,,,,,,6.634481977341082,11.146661193373557,"rgba(38, 166, 154, 1.0)"
2024-11-05 00:00:00+00:00,9.69,9.71,9.17,9.26,3346498,0.0,0.0,0.0,0.0,0.0,0.0,0.0,0.0,,,,,,,,9.493612288122144,7.21815785240242,8.258636151763858,8.905457795720785,9.636293808222359,10.12811676401276,10.318583852031562,10.628928774763764,10.993033186143519,11.145054506087625,,,,,,,,,,,6.675058046057738,11.145054506087625,"rgba(38, 166, 154, 1.0)"
2024-11-06 00:00:00+00:00,9.5,9.82,9.49,9.81,2988528,0.0,0.0,0.0,0.0,0.0,0.0,0.0,0.0,,,,,,,,9.529936618460495,7.232944496973813,8.260055282706404,8.906162749142398,9.636261949612502,10.127625134136519,10.317921168105373,10.627994968160843,10.991795324112722,11.143693017461807,,,,,,,,,,,6.711333247445894,11.143693017461807,"rgba(38, 166, 154, 1.0)"
2024-11-07 00:00:00+00:00,9.42,9.5,9.19,9.43,2783454,0.0,0.0,0.0,0.0,0.0,0.0,0.0,0.0,,,,,,,,9.492243625625143,7.24521299559155,8.261145214620306,8.90659872896198,9.63602246457039,10.126964652918467,10.31710388486618,10.626929063536556,10.990450969490642,11.142235357258778,,,,,,,,,,,6.741658639099418,11.142235357258778,"rgba(38, 166, 154, 0.5)"
2024-11-08 00:00:00+00:00,9.34,9.455,9.28,9.4,1069475,0.0,0.0,0.0,0.0,0.0,0.0,0.0,0.0,,,,,,,,9.481124598843682,7.249863815597193,8.261559025474206,8.906761813915836,9.635926532305984,10.1267072785365,10.316786374580177,10.626516198684703,10.989931311574114,11.141672240679808,,,,,,,,,,,6.753076366457682,11.141672240679808,"rgba(38, 166, 154, 0.5)"
2024-11-11 00:00:00+00:00,9.35,9.49,9.31,9.38,1749810,0.0,0.0,0.0,0.0,0.0,0.0,0.0,0.0,,,,,,,,9.469428243531203,7.257518916283212,8.2622508223818,8.907043148047501,9.635783839421604,10.12630023865223,10.316280875237917,10.625854578498759,10.989094808807566,11.140764574998233,,,,,,,,,,,6.771721215276591,11.140764574998233,"rgba(38, 166, 154, 0.5)"
2024-11-12 00:00:00+00:00,9.13,9.31,8.9,9.25,1631181,0.0,0.0,0.0,0.0,0.0,0.0,0.0,0.0,,,,,,,,9.433707592808641,7.263705630377867,8.262739819673548,8.907156608689235,9.635508854783499,10.125783448148338,10.315673905718706,10.625104561568337,10.988184815295616,11.139789424185206,,,,,,,,,,,6.787093078566232,11.139789424185206,"rgba(38, 166, 154, 0.5)"
2024-11-13 00:00:00+00:00,8.78,9.12,8.765,9.12,1403175,0.0,0.0,0.0,0.0,0.0,0.0,0.0,0.0,,,,,,,,9.39038525232319,7.268351268671224,8.263048864952168,8.907147707129266,9.635170712867364,10.125240615326865,10.315054651422978,10.624364041775815,10.987308868466686,11.138858275214742,,,,,,,,,,,6.798892246196796,11.138858275214742,"rgba(38, 166, 154, 0.5)"
2024-11-14 00:00:00+00:00,8.76,8.865,8.72,8.76,859368,0.0,0.0,0.0,0.0,0.0,0.0,0.0,0.0,,,,,,,,9.362144872513568,7.270996894471728,8.263205725331014,8.90711137501993,9.634934214067146,10.12487974543472,10.314647322328916,10.623882978706389,10.986745515444175,11.138261366496538,,,,,,,,,,,6.805687806840188,11.138261366496538,#000000
2024-11-15 00:00:00+00:00,8.48,8.73,8.47,8.72,1027632,0.0,0.0,0.0,0.0,0.0,0.0,0.0,0.0,,,,,,,,9.319983331137392,7.273685978736151,8.26331303102136,8.90699123451664,9.6345781568383,10.124377299863696,10.314090131804425,10.623238874768454,10.986004553984321,11.137480877240407,,,,,,,,,,,6.8128482689237675,11.137480877240407,#000000
2024-11-18 00:00:00+00:00,8.38,8.51,8.3619,8.4,1131018,0.0,0.0,0.0,0.0,0.0,0.0,0.0,0.0,,,,,,,,9.270619674343493,7.276305764604424,8.263374281617555,8.906804764323228,9.634134546815897,10.1237742687863,10.313427437399229,10.622481436732496,10.985141632033773,11.136574883918104,,,,,,,,,,,6.820023668999266,11.136574883918104,"rgba(239, 83, 80, 1.0)"
2024-11-19 00:00:00+00:00,8.19,8.32,8.145,8.28,1131085,0.0,0.0,0.0,0.0,0.0,0.0,0.0,0.0,,,,,,,,9.216055540407323,7.2784589521638,8.263356371976633,8.906542684620904,9.633618746887523,10.123101362901656,10.312695672508632,10.621656175438856,10.984212416894094,11.135603189866105,,,,,,,,,,,6.826249689148559,11.135603189866105,"rgba(239, 83, 80, 1.0)"
2024-11-20 00:00:00+00:00,8.19,8.36,8.16,8.19,902942,0.0,0.0,0.0,0.0,0.0,0.0,0.0,0.0,,,,,,,,9.177126112848901,7.280204174667718,8.263347902629995,8.906339179871802,9.633212585317882,10.12256969210786,10.312116983828613,10.621002800683911,10.983475988827811,11.134832825474819,,,,,,,,,,,6.831245182236358,11.134832825474819,"rgba(239, 83, 80, 1.0)"
2024-11-21 00:00:00+00:00,8.18,8.215,8.11,8.16,579530,0.0,0.0,0.0,0.0,0.0,0.0,0.0,0.0,,,,,,,,9.152030357193015,7.281241167974082,8.263328555169924,8.906195309516097,9.632939276162453,10.12221625216147,10.311733514263407,10.620571624648539,10.982991786169308,11.13432694982617,,,,,,,,,,,6.834277821858551,11.13432694982617,"rgba(239, 83, 80, 1.0)"
2024-11-22 00:00:00+00:00,7.97,8.19,7.96,8.12,1647480,0.0,0.0,0.0,0.0,0.0,0.0,0.0,0.0,,,,,,,,9.078581803261178,7.28375136987241,8.263199352670796,8.905715541869435,9.632094842541715,10.121146248232398,10.31057891632982,10.619282607342052,10.98155349192958,11.132827612204915,,,,,,,,,,,6.8420021555970205,11.132827612204915,"rgba(239, 83, 80, 1.0)"
2024-11-25 00:00:00+00:00,7.95,8.11,7.86,8.03,2739864,0.0,0.0,0.0,0.0,0.0,0.0,0.0,0.0,,,,,,,,8.969192833453437,7.287524629958675,8.26292073082123,8.90485748098914,9.630633754482826,10.11931227137658,10.308605041252251,10.61708640386481,10.979110487101371,11.130283654764778,,,,,,,,,,,6.853928567019321,11.130283654764778,"rgba(239, 83, 80, 1.0)"
2024-11-26 00:00:00+00:00,7.89,8.0,7.74,7.98,2193175,0.0,0.0,0.0,0.0,0.0,0.0,0.0,0.0,,,,,,,,8.88899215156745,7.290093825027992,8.26262376861453,8.904100609206315,9.629397943474816,10.117780458943354,10.306962112728634,10.615266853945226,10.977094996926729,11.128187983520263,,,,,,,,,,,6.86248670603769,11.128187983520263,"rgba(239, 83, 80, 1.0)"
2024-11-27 00:00:00+00:00,8.12,8.14,7.86,7.9,928905,0.0,0.0,0.0,0.0,0.0,0.0,0.0,0.0,,,,,,,,8.863391523565122,7.2914763742256286,8.262551298947328,8.903831284907849,9.628923776069254,10.117179538484,10.306313651324139,10.61454284317712,10.976287067762097,11.127345735482766,,,,,,,,,,,6.866645259108908,11.127345735482766,"rgba(239, 83, 80, 1.0)"
2024-11-29 00:00:00+00:00,8.37,8.49,8.23,8.29,595963,0.0,0.0,0.0,0.0,0.0,0.0,0.0,0.0,,,,,,,,8.853900920910016,7.29274269899472,8.262572342795606,8.90372322454055,9.628681585561878,10.116854169417817,10.305957137336472,10.614136859688317,10.975826006780698,11.126862177810867,,,,,,,,,,,6.870028810731398,11.126862177810867,"rgba(239, 83, 80, 0.75)"
2024-12-02 00:00:00+00:00,7.82,8.39,7.82,8.35,1815557,0.0,0.0,0.0,0.0,0.0,0.0,0.0,0.0,,,,,,,,8.807775079364847,7.295314951252168,8.262411780986456,8.903179221172214,9.627738474507137,10.11566412152049,10.30467445284533,10.612706950953285,10.974232589515392,11.125201883506843,,,,,,,,,,,6.877826128385988,11.125201883506843,"rgba(239, 83, 80, 0.75)"
2024-12-03 00:00:00+00:00,8.09,8.17,7.7,7.78,1601329,0.0,0.0,0.0,0.0,0.0,0.0,0.0,0.0,,,,,,,,8.770011221750973,7.297494852235862,8.262257258556753,8.902687437000504,9.626895573541516,10.114603990657686,10.303532816746989,10.611435773150266,10.972817557457807,11.123728006749475,,,,,,,,,,,6.884475474939931,11.123728006749475,"rgba(239, 83, 80, 0.75)"
2024-12-04 00:00:00+00:00,8.13,8.14,7.97,8.05,763273,0.0,0.0,0.0,0.0,0.0,0.0,0.0,0.0,,,,,,,,8.755209450337905,7.29866913323951,8.262208589617627,8.902477078889047,9.62651695403667,10.114121198182415,10.303010957075326,10.610851829463222,10.972164620694329,11.123046857731191,,,,,,,,,,,6.887882914152748,11.123046857731191,"rgba(239, 83, 80, 0.75)"
2024-12-05 00:00:00+00:00,8.12,8.19,8.08,8.15,634143,0.0,0.0,0.0,0.0,0.0,0.0,0.0,0.0,,,,,,,,8.744261863590884,7.299704334770437,8.262179264640604,8.902313010447909,9.626212695603224,10.11373011378511,10.3025873192437,10.6103764625406,10.97163174590208,11.122490471500418,,,,,,,,,,,6.890817266650617,11.122490471500418,"rgba(239, 83, 80, 0.75)"
2024-12-06 00:00:00+00:00,8.15,8.17,8.04,8.16,847349,0.0,0.0,0.0,0.0,0.0,0.0,0.0,0.0,,,,,,,,8.729989678602674,7.3010669540030495,8.262137137625153,8.90209105189464,9.625803619190782,10.113205149918779,10.302018903043246,10.609738996472435,10.970917519798812,11.12174486145252,,,,,,,,,,,6.89468514285608,11.12174486145252,"rgba(239, 83, 80, 0.75)"
2024-12-09 00:00:00+00:00,8.46,8.5,8.16,8.16,1428341,0.0,0.0,0.0,0.0,0.0,0.0,0.0,0.0,,,,,,,,8.716754778884656,7.304061024344727,8.262192647095528,8.901838290944415,9.625230484934068,10.112433256815933,10.301172581845488,10.60877444616264,10.969821298658466,11.120594856530344,,,,,,,,,,,6.902486910730397,11.120594856530344,#000000
2024-12-10 00:00:00+00:00,8.32,8.515,8.175,8.48,1121289,0.0,0.0,0.0,0.0,0.0,0.0,0.0,0.0,,,,,,,,8.705995827182386,7.306319568168261,8.26222182119412,8.901626280956108,9.624767758251354,10.11181501237751,10.300496088998193,10.608005418660943,10.968949237971538,11.119680703309987,,,,,,,,,,,6.90840283039025,11.119680703309987,#000000
2024-12-11 00:00:00+00:00,7.58,8.135,7.415,8.1,4777755,0.0,0.0,0.0,0.0,0.0,0.0,0.0,0.0,,,,,,,,8.59879600188528,7.310046996522223,8.261301608488761,8.899724639034044,9.621842413756262,10.108257254259824,10.29670064704369,10.603831994073479,10.96435681556574,11.114916681204592,,,,,,,,,,,6.922248508403465,11.114916681204592,"rgba(239, 83, 80, 1.0)"
2024-12-12 00:00:00+00:00,7.75,7.795,7.55,7.6,1637059,0.0,0.0,0.0,0.0,0.0,0.0,0.0,0.0,,,,,,,,8.566769115141373,7.311271591037667,8.260980352568431,8.899068076338859,9.62083601909977,10.107034722128393,10.295396872658838,10.60239901361589,10.962780604596738,11.113281805773124,,,,,,,,,,,6.926814603816778,11.113281805773124,"rgba(239, 83, 80, 1.0)"
2024-12-13 00:00:00+00:00,7.81,7.85,7.66,7.71,876693,0.0,0.0,0.0,0.0,0.0,0.0,0.0,0.0,,,,,,,,8.55193882387734,7.312050686232515,8.260831374170424,8.898738706437333,9.62031850677437,10.10640089988931,10.294719349028673,10.601651995499276,10.961956501687975,11.112426139637039,,,,,,,,,,,6.929473426353228,11.112426139637039,"rgba(239, 83, 80, 1.0)"
2024-12-16 00:00:00+00:00,7.65,7.83,7.615,7.78,1117646,0.0,0.0,0.0,0.0,0.0,0.0,0.0,0.0,,,,,,,,8.532072172937939,7.312879238494636,8.260612383124693,8.898291126573218,9.61963240692839,10.105567415938678,10.293830463766993,10.600674998185136,10.960881820308018,11.111311447826232,,,,,,,,,,,6.932539772783522,11.111311447826232,"rgba(239, 83, 80, 1.0)"
2024-12-17 00:00:00+00:00,7.68,7.7,7.56,7.63,481472,0.0,0.0,0.0,0.0,0.0,0.0,0.0,0.0,,,,,,,,8.523283084606922,7.313187380099326,8.26050943243677,8.898090118423227,9.619329047973794,10.105200833556538,10.293440108557233,10.600246830196895,10.960411747011989,11.110824206754268,,,,,,,,,,,6.933764588224851,11.110824206754268,"rgba(239, 83, 80, 1.0)"
2024-12-18 00:00:00+00:00,7.34,7.79,7.33,7.68,1573924,0.0,0.0,0.0,0.0,0.0,0.0,0.0,0.0,,,,,,,,8.490702160476175,7.3137093339018,8.260085470636064,8.89734952178757,9.618257642477417,10.10392530568236,10.292087755944062,10.598772246178587,10.958801864320801,11.109158857390543,,,,,,,,,,,6.936847265398476,11.109158857390543,"rgba(239, 83, 80, 1.0)"
2024-12-19 00:00:00+00:00,7.39,7.45,7.3327,7.36,828657,0.0,0.0,0.0,0.0,0.0,0.0,0.0,0.0,,,,,,,,8.472799268613933,7.3138314162466465,8.2598348295567,8.896933467430806,9.617668666056284,10.10322969661687,10.291351990625396,10.597972578937798,10.957931513630436,11.10825951741495,,,,,,,,,,,6.938176201789806,11.10825951741495,"rgba(239, 83, 80, 1.0)"
2024-12-20 00:00:00+00:00,7.47,7.595,7.33,7.33,1232922,0.0,0.0,0.0,0.0,0.0,0.0,0.0,0.0,,,,,,,,8.448967826860313,7.314186302893708,8.259493957664441,8.89634530036135,9.616822072206805,10.102223647582113,10.290285918272678,10.596811000384491,10.95666422759324,11.106948890981991,,,,,,,,,,,6.940460416711411,11.106948890981991,"rgba(239, 83, 80, 1.0)"
2024-12-23 00:00:00+00:00,7.48,7.52,7.41,7.41,873825,0.0,0.0,0.0,0.0,0.0,0.0,0.0,0.0,,,,,,,,8.432831107176394,7.314445124546128,8.259254063329724,8.895930188643446,9.616223851006241,10.101512432702847,10.289532169963662,10.59598957450787,10.955767889388355,11.106021838841231,,,,,,,,,,,6.942082698668204,11.106021838841231,"rgba(239, 83, 80, 1.0)"
2024-12-24 00:00:00+00:00,7.53,7.57,7.4,7.48,380508,0.0,0.0,0.0,0.0,0.0,0.0,0.0,0.0,,,,,,,,8.42618322866092,7.314579244268661,8.25915361558911,8.895753304742028,9.615967098917553,10.101206382843083,10.289207566333115,10.59563545007947,10.955381079952998,11.105621630220057,,,,,,,,,,,6.942825988319744,11.105621630220057,"rgba(239, 83, 80, 1.0)"
2024-12-26 00:00:00+00:00,7.61,7.63,7.47,7.5,728668,0.0,0.0,0.0,0.0,0.0,0.0,0.0,0.0,,,,,,,,8.414655975827099,7.314932298686436,8.258979063529273,8.895431681176808,9.615491855576229,10.100636268571716,10.288601760434005,10.59497286174523,10.954655587527435,11.104870357734933,,,,,,,,,,,6.944421998403582,11.104870357734933,"rgba(239, 83, 80, 0.75)"
2024-12-27 00:00:00+00:00,7.65,7.765,7.54,7.58,1427412,0.0,0.0,0.0,0.0,0.0,0.0,0.0,0.0,,,,,,,,8.395049863405301,7.31584162172,8.258677884102836,8.894840886212835,9.614598668775741,10.099556213702106,10.287451434985238,10.593710755232356,10.953269566550908,11.103433569353907,,,,,,,,,,,6.947930141621958,11.103433569353907,"rgba(239, 83, 80, 0.75)"
2024-12-30 00:00:00+00:00,7.73,7.75,7.48,7.58,1431309,0.0,0.0,0.0,0.0,0.0,0.0,0.0,0.0,,,,,,,,8.376418420113387,7.3167530101898075,8.258377010600764,8.894249835062874,9.613704618664766,10.098474903021668,10.286299705040056,10.592447005708427,10.951881630066582,11.101994753454964,,,,,,,,,,,6.951421338619701,11.101994753454964,"rgba(239, 83, 80, 0.75)"
2024-12-31 00:00:00+00:00,8.06,8.26,7.7,7.76,2489100,0.0,0.0,0.0,0.0,0.0,0.0,0.0,0.0,,,,,,,,8.360942413521558,7.3199778587888655,8.258159632350463,8.89351560139991,9.612431653744329,10.096868140988185,10.284567659914817,10.590515775630912,10.949728984915586,11.099751520934342,,,,,,,,,,,6.9604262073959,11.099751520934342,#000000
2025-01-02 00:00:00+00:00,7.94,8.275,7.9,8.05,1052618,0.0,0.0,0.0,0.0,0.0,0.0,0.0,0.0,,,,,,,,8.355331496361064,7.32139503813621,8.258079378747079,8.893216539927346,9.611904539017447,10.09619968117202,10.283846156739012,10.589709941969858,10.948829381887936,11.098813558102785,,,,,,,,,,,6.964302078427447,11.098813558102785,#000000
2025-01-03 00:00:00+00:00,7.8,8.07,7.75,8.02,984955,0.0,0.0,0.0,0.0,0.0,0.0,0.0,0.0,,,,,,,,8.34761291834798,7.322412037230851,8.257947990559844,8.892882917122943,9.61135994193241,10.095524463038785,10.283121874694029,10.588907634242716,10.947940416402385,11.097889118669483,,,,,,,,,,,6.967350349692987,11.097889118669483,#000000
2025-01-06 00:00:00+00:00,7.8,7.95,7.795,7.89,907236,0.0,0.0,0.0,0.0,0.0,0.0,0.0,0.0,,,,,,,,8.34035552780387,7.323303120357655,8.257819187866088,8.892568281857722,9.610851407580585,10.094895893763448,10.282448210864596,10.58816225323215,10.94711539608168,11.097031493876461,,,,,,,,,,,6.970063081473937,11.097031493876461,#000000
2025-01-07 00:00:00+00:00,7.85,7.94,7.785,7.81,817089,0.0,0.0,0.0,0.0,0.0,0.0,0.0,0.0,,,,,,,,8.334126730682417,7.324118317489433,8.257706084123562,8.892287784461896,9.610396251640454,10.094332601375223,10.281844295529407,10.587493732479917,10.946375125895223,11.096261850252148,,,,,,,,,,,6.9725196608612645,11.096261850252148,#000000
2025-01-08 00:00:00+00:00,7.83,7.885,7.72,7.8,991974,0.0,0.0,0.0,0.0,0.0,0.0,0.0,0.0,,,,,,,,8.326056966464302,7.325018499548817,8.257552823536606,8.891932094976303,9.609829284878211,10.093634861819154,10.281097415859909,10.586668694971674,10.945463315100124,11.095314508449706,,,,,,,,,,,6.975327672845625,11.095314508449706,#000000
2025-01-10 00:00:00+00:00,7.88,8.03,7.8,7.96,1468879,0.0,0.0,0.0,0.0,0.0,0.0,0.0,0.0,,,,,,,,8.316604852362817,7.326595300913191,8.25737269002306,8.891450489131133,9.609033162080953,10.092643929259465,10.28003331560013,10.58548823605831,10.944153578227118,11.09395185486106,,,,,,,,,,,6.979903300073047,11.09395185486106,#000000
2025-01-13 00:00:00+00:00,7.4,7.8,7.37,7.8,2816552,0.0,0.0,0.0,0.0,0.0,0.0,0.0,0.0,,,,,,,,8.28399162468223,7.327618518762321,8.256657617837577,8.890173693954836,9.607169058550197,10.090416971585842,10.27766977793753,10.582907351151578,10.94133188423092,11.091031437024725,,,,,,,,,,,6.984992959398627,11.091031437024725,"rgba(239, 83, 80, 0.5)"
2025-01-14 00:00:00+00:00,7.48,7.5,7.3,7.436,3451310,0.0,0.0,0.0,0.0,0.0,0.0,0.0,0.0,,,,,,,,8.242873045370233,7.32824575818916,8.255668035390865,8.888501977610291,9.604783634366537,10.087590829138362,10.274677645042027,10.579651013038887,10.937783006177934,11.087362574922592,,,,,,,,,,,6.99000433555648,11.087362574922592,"rgba(239, 83, 80, 1.0)"
2025-01-15 00:00:00+00:00,7.57,7.64,7.39,7.6,1375991,0.0,0.0,0.0,0.0,0.0,0.0,0.0,0.0,,,,,,,,8.229560075228243,7.328762249310441,8.255324839296142,8.887885105679976,9.603880555220494,10.086510855458473,10.273531085226152,10.578398484611942,10.936413036808128,11.085944458179803,,,,,,,,,,,6.992451086735077,11.085944458179803,"rgba(239, 83, 80, 1.0)"
2025-01-16 00:00:00+00:00,7.65,7.67,7.53,7.56,983141,0.0,0.0,0.0,0.0,0.0,0.0,0.0,0.0,,,,,,,,8.221452332589989,7.329279369260545,8.255108106247205,8.887471790994557,9.603261740174949,10.08576494433104,10.272737354899103,10.577528661825777,10.93545882626958,11.084955662681931,,,,,,,,,,,6.994453098447197,11.084955662681931,"rgba(239, 83, 80, 1.0)"
2025-01-17 00:00:00+00:00,7.44,7.67,7.425,7.5,3766847,0.0,0.0,0.0,0.0,0.0,0.0,0.0,0.0,,,,,,,,8.187212472715395,7.330525952298811,8.254142719594228,8.885760045976644,9.600769222861032,10.082789837367974,10.269580559340769,10.574082692471272,10.931692388042478,11.081057825261919,,,,,,,,,,,7.000731655508589,11.081057825261919,"rgba(239, 83, 80, 1.0)"
2025-01-21 00:00:00+00:00,7.47,7.72,7.42,7.5,17944918,0.0,0.0,0.0,0.0,0.0,0.0,0.0,0.0,,,,,,,,8.065647561186546,7.337026327456932,8.249731617467631,8.87781088796222,9.589117321601401,10.06884749719637,10.254775868938028,10.557905343934472,10.913992929907161,11.062734271324954,,,,,,,,,,,7.0300304445283315,11.062734271324954,"rgba(239, 83, 80, 1.0)"
2025-01-22 00:00:00+00:00,7.72,7.89,7.305,7.46,12861779,0.0,0.0,0.0,0.0,0.0,0.0,0.0,0.0,,,,,,,,8.015175666749432,7.343685757819861,8.247049276737748,8.872598375424868,9.58125626969359,10.059345545672187,10.244656319405664,10.546802681941912,10.901798669343249,11.050092556028416,,,,,,,,,,,7.052966829705203,11.050092556028416,"rgba(239, 83, 80, 0.5)"
2025-01-23 00:00:00+00:00,7.81,7.995,7.73,7.82,1568070,0.0,0.0,0.0,0.0,0.0,0.0,0.0,0.0,,,,,,,,8.012759901014093,7.345032962638618,8.24683434468587,8.872071784164019,9.580403687220043,10.058290630586788,10.24352532959596,10.545550623349914,10.900411942630154,11.048650669928634,,,,,,,,,,,7.056591103622697,11.048650669928634,#000000
2025-01-24 00:00:00+00:00,7.72,8.0199,7.71,7.83,1140374,0.0,0.0,0.0,0.0,0.0,0.0,0.0,0.0,,,,,,,,8.01075582096212,7.345952843624961,8.24666715619584,8.871678593506516,9.579774048526541,10.057514253428202,10.242693770492442,10.544631239399639,10.899394884348068,11.047593599660415,,,,,,,,,,,7.059111996402649,11.047593599660415,#000000
2025-01-27 00:00:00+00:00,7.77,8.005,7.64,7.73,1366439,0.0,0.0,0.0,0.0,0.0,0.0,0.0,0.0,,,,,,,,8.008267029435908,7.347023238172795,8.246461580956533,8.871202652660035,9.579015209512114,10.05657985128379,10.241693340988235,10.543525720144986,10.89817249451096,11.046323331322382,,,,,,,,,,,7.062064637250024,11.046323331322382,#000000
2025-01-28 00:00:00+00:00,7.6,7.84,7.58,7.76,1248560,0.0,0.0,0.0,0.0,0.0,0.0,0.0,0.0,,,,,,,,8.004605683651908,7.347717002449858,8.246217933424832,8.87071448277524,9.578270980638838,10.055676846958798,10.240730577563825,10.54246782097691,10.897008892424868,11.04511640225691,,,,,,,,,,,7.0642676666279325,11.04511640225691,#000000
2025-01-29 00:00:00+00:00,7.47,7.6898,7.44,7.57,1571194,0.0,0.0,0.0,0.0,0.0,0.0,0.0,0.0,,,,,,,,7.998209777015956,7.348212112333711,8.245836728793162,8.870028937539981,9.577266463492458,10.054474721087782,10.239454015488155,10.5410727269088,10.895482232233887,11.043535782156619,,,,,,,,,,,7.066385126702851,11.043535782156619,"rgba(239, 83, 80, 0.5)"
2025-01-30 00:00:00+00:00,7.46,7.555,7.39,7.5,8111974,0.0,0.0,0.0,0.0,0.0,0.0,0.0,0.0,,,,,,,,7.963517544335078,7.349844471377646,8.243696303286129,8.866329276637837,9.571931607880881,10.048127027594397,10.23272462830718,10.533735423813328,10.8874703801849,11.03524718688134,,,,,,,,,,,7.075541067575675,11.03524718688134,"rgba(239, 83, 80, 0.5)"
2025-01-31 00:00:00+00:00,7.43,7.53,7.255,7.5,1455041,0.0,0.0,0.0,0.0,0.0,0.0,0.0,0.0,,,,,,,,7.957034595204368,7.349978586076652,8.243282363821379,8.865637765125237,9.570948826923287,10.046963868184887,10.231493461939909,10.53239592516921,10.886010712518289,11.033738202958315,,,,,,,,,,,7.076881707067705,11.033738202958315,"rgba(239, 83, 80, 0.5)"
2025-02-03 00:00:00+00:00,7.28,7.42,6.95,7.24,8618486,0.0,0.0,0.0,0.0,0.0,0.0,0.0,0.0,,,,,,,,7.90940665482153,7.348085799382879,8.240289906317203,8.861028788100143,9.564641277321146,10.039605552290453,10.223738508724749,10.52400889270244,10.876923433594786,11.024363305948905,,,,,,,,,,,7.080171612292803,11.024363305948905,"rgba(239, 83, 80, 1.0)"
2025-02-04 00:00:00+00:00,7.26,7.37,7.2,7.24,971561,0.0,0.0,0.0,0.0,0.0,0.0,0.0,0.0,,,,,,,,7.9048511084420285,7.347971671489973,8.239973369838797,8.860529733315197,9.563950463037326,10.038796028728953,10.222884188443846,10.52308318773295,10.875918593946244,11.023325969825127,,,,,,,,,,,7.080691563912429,11.023325969825127,"rgba(239, 83, 80, 1.0)"
2025-02-05 00:00:00+00:00,7.34,7.465,7.29,7.29,1124067,0.0,0.0,0.0,0.0,0.0,0.0,0.0,0.0,,,,,,,,7.900391377197945,7.348003096047573,8.239640964156052,8.859984913733863,9.563182578372668,10.037889959421129,10.221925999600987,10.52204195691443,10.87478523897049,11.022154798202811,,,,,,,,,,,7.081559315913333,11.022154798202811,"rgba(239, 83, 80, 1.0)"
2025-02-06 00:00:00+00:00,6.54,7.33,6.54,7.3,3314649,0.0,0.0,0.0,0.0,0.0,0.0,0.0,0.0,,,,,,,,7.874302405147751,7.3450551547549825,8.238033726237871,8.857777938599511,9.5603435856603,10.034661022985313,10.218549474159708,10.518430030295574,10.870913316564456,11.018175881528153,,,,,,,,,,,7.07907756799495,11.018175881528153,"rgba(239, 83, 80, 1.0)"
2025-02-07 00:00:00+00:00,6.45,6.66,6.25,6.48,1790826,0.0,0.0,0.0,0.0,0.0,0.0,0.0,0.0,,,,,,,,7.856277065394367,7.342455218444508,8.236955396995057,8.856384731684932,9.558617763073276,10.032730520014129,10.216541321445678,10.516297939714969,10.868644734365583,11.015851035984912,,,,,,,,,,,7.07607643836895,11.015851035984912,"rgba(239, 83, 80, 1.0)"
2025-02-10 00:00:00+00:00,6.32,6.45,6.19,6.43,6162529,0.0,0.0,0.0,0.0,0.0,0.0,0.0,0.0,,,,,,,,7.792020390981116,7.332298637078951,8.23297797548123,8.85133746239338,9.552439172628628,10.025856345093986,10.209403012242088,10.508737909294076,10.860620734523268,11.007635654473336,,,,,,,,,,,7.063800632120689,11.007635654473336,"rgba(239, 83, 80, 1.0)"
2025-02-11 00:00:00+00:00,6.37,6.41,6.23,6.25,1542595,0.0,0.0,0.0,0.0,0.0,0.0,0.0,0.0,,,,,,,,7.776940894828437,7.329829094712677,8.231993586633399,8.850085477320665,9.550904200032742,10.024147314473458,10.207627891763556,10.506857267533038,10.858623963372526,11.005590984580092,,,,,,,,,,,7.060857361438605,11.005590984580092,"rgba(239, 83, 80, 1.0)"
2025-02-12 00:00:00+00:00,6.36,6.445,6.32,6.33,1870526,0.0,0.0,0.0,0.0,0.0,0.0,0.0,0.0,,,,,,,,7.7595453797064975,7.3269659000928105,8.230825416769788,8.848592139945207,9.549067055875517,10.022098615284701,10.20549888484415,10.504600046015057,10.856225579237696,11.003134387058815,,,,,,,,,,,7.057507437156635,11.003134387058815,"rgba(239, 83, 80, 1.0)"
2025-02-13 00:00:00+00:00,6.38,6.395,6.29,6.33,2091941,0.0,0.0,0.0,0.0,0.0,0.0,0.0,0.0,,,,,,,,7.740321377484219,7.3237172126894405,8.22950664918971,8.846910682473853,9.547002033868798,10.01979758425873,10.203108249257197,10.50206634400014,10.853534377297306,11.000378227537722,,,,,,,,,,,7.053690878490296,11.000378227537722,"rgba(239, 83, 80, 1.0)"
2025-02-14 00:00:00+00:00,6.16,6.42,6.12,6.39,2956597,0.0,0.0,0.0,0.0,0.0,0.0,0.0,0.0,,,,,,,,7.711723112618132,7.318590578965965,8.227525188392693,8.844422255906373,9.543976961359586,10.016442592406763,10.199627890269955,10.49838576307188,10.849633590105189,10.996386565079263,,,,,,,,,,,7.047439943283699,10.996386565079263,"rgba(239, 83, 80, 1.0)"
2025-02-18 00:00:00+00:00,6.36,6.39,6.13,6.19,7594580,0.0,0.0,0.0,0.0,0.0,0.0,0.0,0.0,,,,,,,,7.645795603855206,7.306356149421993,8.22260601102728,8.838198309477761,9.53637211446974,10.00798809694594,10.190850652926638,10.48909311214095,10.8397736447695,10.986292572547985,,,,,,,,,,,7.032963297539225,10.986292572547985,"rgba(239, 83, 80, 1.0)"
2025-02-19 00:00:00+00:00,6.51,6.57,6.315,6.43,2903866,0.0,0.0,0.0,0.0,0.0,0.0,0.0,0.0,,,,,,,,7.62517658579503,7.302534714180513,8.22089849358616,8.835986528361213,9.53362714165687,10.00491449589054,10.187652360675575,10.485695746974244,10.836156787538979,10.98258523396948,,,,,,,,,,,7.0288247102893,10.98258523396948,"rgba(239, 83, 80, 0.75)"
2025-02-20 00:00:00+00:00,7.18,7.49,6.96,6.96,6096711,0.0,0.0,0.0,0.0,0.0,0.0,0.0,0.0,,,,,,,,7.61049381230545,7.30166063947834,8.218840778295835,8.832811152520144,9.52927526134017,9.999833193069534,10.182295581593156,10.47989975621493,10.829873481580684,10.976101715956743,,,,,,,,,,,7.031554668944597,10.976101715956743,"rgba(239, 83, 80, 0.75)"
2025-02-21 00:00:00+00:00,7.31,7.4,7.1,7.17,3004766,0.0,0.0,0.0,0.0,0.0,0.0,0.0,0.0,,,,,,,,7.604660770354519,7.301513928889115,8.217889843688571,8.831308419109194,9.527191758935817,9.997389375721784,10.179715726266219,10.477103016269647,10.82683595202561,10.972965280543077,,,,,,,,,,,7.033312380848797,10.972965280543077,#000000
2025-02-24 00:00:00+00:00,7.17,7.37,7.05,7.27,2440970,0.0,0.0,0.0,0.0,0.0,0.0,0.0,0.0,,,,,,,,7.59906075455102,7.301120724027807,8.217059082270032,8.83003253654486,9.525447121480635,9.995354027111205,10.177570566407491,10.47478275585651,10.824321382325495,10.970370870269994,,,,,,,,,,,7.034284788164839,10.970370870269994,#000000
2025-02-25 00:00:00+00:00,7.54,7.7,7.2,7.2,2919709,0.0,0.0,0.0,0.0,0.0,0.0,0.0,0.0,,,,,,,,7.597137623407382,7.301919555453867,8.216342588031,8.828773309029803,9.52361721839868,9.993169448935962,10.175252233461533,10.472251242066417,10.821552769345102,10.967504948803798,,,,,,,,,,,7.037435951699712,10.967504948803798,"rgba(38, 166, 154, 1.0)"
2025-02-26 00:00:00+00:00,7.7,7.73,7.4149,7.53,1502571,0.0,0.0,0.0,0.0,0.0,0.0,0.0,0.0,,,,,,,,7.597284606898573,7.302637355184726,8.216041887178617,8.828190942381816,9.522738880170742,9.99210697393186,10.174120368028372,10.47100880322987,10.820187219371928,10.966088899375423,,,,,,,,,,,7.039529614527138,10.966088899375423,"rgba(38, 166, 154, 1.0)"
2025-02-27 00:00:00+00:00,7.65,7.885,7.63,7.7,1722152,0.0,0.0,0.0,0.0,0.0,0.0,0.0,0.0,,,,,,,,7.598448868147893,7.303735689697583,8.215758726479201,8.827582799459732,9.52178942609444,9.990945006155835,10.172878362048596,10.469639276859775,10.818675595898394,10.964519012640324,7.721666666666667,,,,,,,,,,7.042352147542822,10.964519012640324,"rgba(38, 166, 154, 1.0)"
2025-02-28 00:00:00+00:00,7.44,7.65,7.405,7.59,1161891,0.0,0.0,0.0,0.0,0.0,0.0,0.0,0.0,,,,,,,,7.5978205869718725,7.304079211556516,8.215481599286887,8.827090097708341,9.521070016715672,9.990084641426323,10.171964841485895,10.468641032283928,10.817583091772558,10.963387824281646,7.631692630218528,,,,,,,,,,7.043621544671374,10.963387824281646,"rgba(38, 166, 154, 1.0)"
2025-03-03 00:00:00+00:00,7.17,7.475,7.03,7.42,2054196,0.0,0.0,0.0,0.0,0.0,0.0,0.0,0.0,,,,,,,,7.593729516396389,7.303833173492294,8.214805627130666,8.826040901940624,9.51962766549228,9.988398290521793,10.170186325879948,10.466715543548235,10.815494416238291,10.961232098865022,7.462517672460433,,,,,,,,,,7.044509887284996,10.961232098865022,"rgba(38, 166, 154, 1.0)"
2025-03-04 00:00:00+00:00,7.01,7.185,6.94,7.12,1422580,0.0,0.0,0.0,0.0,0.0,0.0,0.0,0.0,,,,,,,,7.589591021894972,7.3032766801337115,8.214253008260012,8.825233515621013,9.518551592596435,9.987155665809034,10.168880720328552,10.465309468767543,10.813976938049322,10.959668811082137,7.369140971993282,,,,,,,,,,7.044511544027599,10.959668811082137,"rgba(38, 166, 154, 0.75)"
2025-03-05 00:00:00+00:00,7.15,7.175,7.01,7.03,893428,0.0,0.0,0.0,0.0,0.0,0.0,0.0,0.0,,,,,,,,7.587337956172515,7.303018302397984,8.213925984999486,8.824745798750552,9.517894462393933,9.98639346327062,10.16807880069183,10.464444197835958,10.813041381442863,10.958704360869339,7.337430616161816,,,,,,,,,,7.044653809681667,10.958704360869339,#000000
2025-03-06 00:00:00+00:00,7.21,7.275,7.08,7.08,1026143,0.0,0.0,0.0,0.0,0.0,0.0,0.0,0.0,,,,,,,,7.585189157221988,7.302840957125117,8.213576731034731,8.824211030166504,9.5171641942153,9.985541870721084,10.167181368431805,10.46347365758803,10.81198967970904,10.957619305441433,7.318953813367084,,,,,,,,,,7.045002555255632,10.957619305441433,#000000
2025-03-07 00:00:00+00:00,7.15,7.3307,7.13,7.2,716486,0.0,0.0,0.0,0.0,0.0,0.0,0.0,0.0,,,,,,,,7.583759533840391,7.3027338838558205,8.213336632938967,8.823841319852153,9.51665790246531,9.98495080522802,10.166558275603341,10.462799486432944,10.811258795046289,10.956865115466046,7.3097647042595675,,,,,,,,,,7.045270832065829,10.956865115466046,#000000
2025-03-10 00:00:00+00:00,7.0,7.3,6.97,7.09,1464680,0.0,0.0,0.0,0.0,0.0,0.0,0.0,0.0,,,,,,,,7.580006996652975,7.3022658691683775,8.21279100452127,8.823033125613135,9.515572820864783,9.983693994160934,10.165236540023043,10.461374184227305,10.809718597123883,10.955277679780389,7.2789963398752535,,,,,,,,,,7.045425003741888,10.955277679780389,#000000
2025-03-11 00:00:00+00:00,7.0,7.065,6.93,6.97,694743,0.0,0.0,0.0,0.0,0.0,0.0,0.0,0.0,,,,,,,,7.577917664083187,7.301949037581119,8.212511266934744,8.822629774517466,9.51503903421905,9.983079358691256,10.164591321001888,10.460680169904911,10.808970486736463,10.954507319421115,7.2615184415907095,,,,,,,,,,7.045348138527348,10.954507319421115,#000000
2025-03-12 00:00:00+00:00,6.79,6.99,6.74,6.96,917755,0.0,0.0,0.0,0.0,0.0,0.0,0.0,0.0,,,,,,,,7.574432824171238,7.301313779371627,8.212093768537386,8.822051000237803,9.514289909317187,9.98222476311596,10.163696788037893,10.459721898335959,10.807941639986598,10.953449424026559,7.229478609951554,,,,,,,,,,7.044906320246193,10.953449424026559,"rgba(239, 83, 80, 0.5)"
2025-03-13 00:00:00+00:00,6.89,6.92,6.6659,6.79,1204030,0.0,0.0,0.0,0.0,0.0,0.0,0.0,0.0,,,,,,,,7.5698200533885265,7.300456537300058,8.21154056105524,8.821286573685963,9.513302347471544,9.981099056588922,10.16251876628972,10.45846038002663,10.806587676573702,10.952057407550754,7.192828505031298,,,,,,,,,,7.0442881840966205,10.952057407550754,"rgba(239, 83, 80, 0.5)"
2025-03-14 00:00:00+00:00,7.15,7.24,6.83,6.89,1899119,0.0,0.0,0.0,0.0,0.0,0.0,0.0,0.0,,,,,,,,7.565044453337002,7.299813215226543,8.210824847570278,8.820231714799071,9.511889735749163,9.979464533573456,10.160800333505595,10.456608084167271,10.804586868968805,10.949995535093594,7.177876108929075,,,,,,,,,,7.044416566032007,10.949995535093594,"rgba(239, 83, 80, 0.5)"
2025-03-17 00:00:00+00:00,7.04,7.21,7.03,7.15,1088804,0.0,0.0,0.0,0.0,0.0,0.0,0.0,0.0,,,,,,,,7.562457398984787,7.29947845216434,8.210422127675091,8.819634433892489,9.511087230068004,9.978534699866438,10.159822359041666,10.455553311089131,10.803446875193341,10.948820503070142,7.172217036469574,,,,,,,,,,7.044540213839506,10.948820503070142,#000000
2025-03-18 00:00:00+00:00,7.01,7.1475,6.995,7.01,929139,0.0,0.0,0.0,0.0,0.0,0.0,0.0,0.0,,,,,,,,7.560074072382904,7.299134917740894,8.210065627042896,8.819112526236125,9.51039079625099,9.977730011746559,10.158976730476587,10.454642364618111,10.8024634691939,10.947807299788426,7.165658073111641,,,,,,,,,,7.04455375917751,10.947807299788426,#000000
2025-03-19 00:00:00+00:00,7.0,7.22,6.91,6.97,1831993,0.0,0.0,0.0,0.0,0.0,0.0,0.0,0.0,,,,,,,,7.555371043317587,7.298439965127401,8.209358809282056,8.818080016485636,9.509014601240857,9.976140632774307,10.157306722778698,10.452843714891259,10.800522113342906,10.94580725688246,7.153880261061144,,,,,,,,,,7.04454860167825,10.94580725688246,#000000
2025-03-20 00:00:00+00:00,7.13,7.13,6.95,6.96,1517697,0.0,0.0,0.0,0.0,0.0,0.0,0.0,0.0,,,,,,,,7.551738775764933,7.297926975061629,8.20878727786625,8.817238391484393,9.507887985729221,9.974837190799358,10.155936412336208,10.45136671973276,10.798926737892117,10.944163203334641,7.1476838221812375,,,,,,,,,,7.04463739552953,10.944163203334641,#000000
2025-03-21 00:00:00+00:00,7.16,7.22,6.96,7.04,2541633,0.0,0.0,0.0,0.0,0.0,0.0,0.0,0.0,,,,,,,,7.546312538597224,7.297235381088688,8.207867809475587,8.815865676242435,9.50603710673894,9.972689503264133,10.153676510574048,10.448927796409683,10.796289085550171,10.941443847629902,7.143902111949934,,,,,,,,,,7.045036420508456,10.941443847629902,#000000
2025-03-24 00:00:00+00:00,7.27,7.3,7.095,7.18,1510310,0.0,0.0,0.0,0.0,0.0,0.0,0.0,0.0,,,,,,,,7.5439422377115,7.2970675146220145,8.207376172110873,8.81510285461592,9.504988352737751,9.97146310772058,10.152382996072898,10.447527221577033,10.794769556840837,10.93987543553733,7.1486770698675635,,,,,,,,,,7.0456439829547355,10.93987543553733,"rgba(38, 166, 154, 1.0)"
2025-03-25 00:00:00+00:00,7.0,7.45,6.99,7.3,2220655,0.0,0.0,0.0,0.0,0.0,0.0,0.0,0.0,,,,,,,,7.539722717473433,7.296577881225583,8.206599258694554,8.813929850282896,9.503397492323106,9.969612757454835,10.150434555152033,10.445422293074285,10.792490844785908,10.937525284155535,7.148510595628451,,,,,,,,,,7.04615233995677,10.937525284155535,#000000
2025-03-26 00:00:00+00:00,6.81,7.01,6.585,6.97,2569401,0.0,0.0,0.0,0.0,0.0,0.0,0.0,0.0,,,,,,,,7.530762743017154,7.294720649833693,8.20540962146503,8.81229426779369,9.501290402422194,9.967213558092107,10.147924695284773,10.442735774239079,10.78960865881014,10.934562538622375,7.118184732434325,,,,,,,,,,7.044737091062082,10.934562538622375,#000000
2025-03-27 00:00:00+00:00,6.75,6.86,6.565,6.79,2005484,0.0,0.0,0.0,0.0,0.0,0.0,0.0,0.0,,,,,,,,7.523199359649377,7.293056785985176,8.20443184105102,8.810970891875465,9.499601405328729,9.965298152104811,10.145923474063776,10.440597533372596,10.78731873667831,10.932210143959272,7.093066304899828,,,,,,,,,,7.0432989485439785,10.932210143959272,"rgba(239, 83, 80, 0.5)"
2025-03-28 00:00:00+00:00,6.48,6.75,6.45,6.71,1361131,0.0,0.0,0.0,0.0,0.0,0.0,0.0,0.0,,,,,,,,7.517101915363255,7.291606631794065,8.20369502106404,8.810002695819433,9.498388145278826,9.96393331446778,10.144501121698939,10.439083317003963,10.785702958770528,10.930552503703284,7.070913735547451,,,,,,,,,,7.041828053404831,10.930552503703284,"rgba(239, 83, 80, 1.0)"
2025-03-31 00:00:00+00:00,6.47,6.52,6.32,6.44,2076392,0.0,0.0,0.0,0.0,0.0,0.0,0.0,0.0,,,,,,,,7.5067679744959666,7.289034382967937,8.2024880365149,8.808446453520181,9.496461653315894,9.961778012583743,10.142258927449694,10.436702299352145,10.78316861239135,10.927954919656008,7.033102896788909,,,,,,,,,,7.039031424518647,10.927954919656008,"rgba(239, 83, 80, 1.0)"
2025-04-01 00:00:00+00:00,6.25,6.495,6.25,6.39,1343664,0.0,0.0,0.0,0.0,0.0,0.0,0.0,0.0,,,,,,,,7.49953954192714,7.287174041201937,8.201661465969028,8.807395938008993,9.495173547210797,9.96034318602896,10.140768342271413,10.435122610955263,10.781490592514437,10.926236323849253,7.00704806509217,,,,,,,,,,7.03692235177084,10.926236323849253,"rgba(239, 83, 80, 1.0)"
2025-04-02 00:00:00+00:00,6.11,6.2366,6.055,6.22,1317983,0.0,0.0,0.0,0.0,0.0,0.0,0.0,0.0,,,,,,,,7.491348821910256,7.284979967776858,8.200765717661403,8.806284107725336,9.49383214197057,9.958860226514618,10.139231513344887,10.433499661438645,10.779772762890182,10.924479303977797,6.97635207862332,,,,,,,,,,7.034288971890476,10.924479303977797,"rgba(239, 83, 80, 1.0)"
2025-04-03 00:00:00+00:00,5.67,6.13,5.645,6.07,2054094,0.0,0.0,0.0,0.0,0.0,0.0,0.0,0.0,,,,,,,,7.475824606041809,7.280634442743304,8.199156096217083,8.804346613863006,9.491545478352048,9.956358823847255,10.136648201965007,10.430785311534857,10.776914455795149,10.921561437394658,6.9160286200821295,,,,,,,,,,7.028772684967847,10.921561437394658,"rgba(239, 83, 80, 1.0)"
2025-04-04 00:00:00+00:00,5.33,5.57,5.095,5.55,3167844,0.0,0.0,0.0,0.0,0.0,0.0,0.0,0.0,,,,,,,,7.445632958685042,7.2717893273994765,8.196175592908725,8.800881182517754,9.487561652482622,9.952057514299696,10.13222534316519,10.426167778095499,10.772084032361894,10.916642700728554,6.79852431615551,,,,,,,,,,7.017013614494699,10.916642700728554,"rgba(239, 83, 80, 1.0)"
2025-04-07 00:00:00+00:00,5.26,5.32,4.75,5.13,4044238,0.0,0.0,0.0,0.0,0.0,0.0,0.0,0.0,,,,,,,,7.40438809830587,7.2593362660523475,8.192085761361415,8.79618502571389,9.482216080220274,9.946314956653692,10.126330524977547,10.420028960339287,10.765678942579225,10.91012701149033,6.652477797294482,,,,,,,,,,7.000292472177862,10.91012701149033,"rgba(239, 83, 80, 1.0)"
2025-04-08 00:00:00+00:00,4.81,5.4507,4.76,5.42,3678891,0.0,0.0,0.0,0.0,0.0,0.0,0.0,0.0,,,,,,,,7.366484452626232,7.247594709804619,8.188250662666146,8.791804284071144,9.477250343283352,9.94099187819973,10.120870273641584,10.414348824853741,10.759759063159335,10.904107491198692,6.532447766927887,,,,,,,,,,6.98451872303408,10.904107491198692,"rgba(239, 83, 80, 1.0)"
2025-04-09 00:00:00+00:00,5.02,5.1,4.4,4.68,6878566,0.0,0.0,0.0,0.0,0.0,0.0,0.0,0.0,,,,,,,,7.293945638789815,7.224355299103103,8.18072986116341,8.783280566834144,9.467649675155114,9.930734207203997,10.11036004283708,10.403433561575962,10.748402849889759,10.892567830175919,6.329331848124363,,,,,,,,,,6.9532525656961655,10.892567830175919,"rgba(239, 83, 80, 1.0)"
2025-04-10 00:00:00+00:00,4.37,4.91,4.25,4.89,4206851,0.0,0.0,0.0,0.0,0.0,0.0,0.0,0.0,,,,,,,,7.245904425928755,7.208425460406488,8.175694140748575,8.77765091268168,9.461380268816539,9.924075687676428,10.103551508729053,10.396384230595908,10.741092251751509,10.885148312479808,6.204926572555358,,,,,4.510000000000001,,,,,6.931659368869351,10.885148312479808,"rgba(239, 83, 80, 1.0)"
2025-04-11 00:00:00+00:00,4.32,4.4491,4.25,4.37,2276797,0.0,0.0,0.0,0.0,0.0,0.0,0.0,0.0,,,,,,,,7.219013279782158,7.199342579520028,8.172848159912226,8.774488923045897,9.457877325638355,9.920365697563513,10.099761571865503,10.392465904578586,10.737034871041391,10.881032897179976,6.138361930874738,,,,,4.450197473844971,,,,,6.919320606573109,10.881032897179976,"rgba(239, 83, 80, 1.0)"
2025-04-14 00:00:00+00:00,4.34,4.5,4.305,4.46,3607023,0.0,0.0,0.0,0.0,0.0,0.0,0.0,0.0,,,,,,,,7.178021196918666,7.185279601851328,8.168397308957605,8.769536060890864,9.452382998096397,9.914542337591142,10.09381121543023,10.386311620060724,10.730659569031426,10.874565381364716,6.044357544308296,,,,,4.425700371749312,,,,,6.900325690190185,10.874565381364716,"rgba(239, 83, 80, 1.0)"
2025-04-15 00:00:00+00:00,4.52,4.53,4.28,4.32,2363426,0.0,0.0,0.0,0.0,0.0,0.0,0.0,0.0,,,,,,,,7.152376555868171,7.176342013334327,8.165534045169185,8.766342377560365,9.448833103546157,9.910775792345024,10.089961098860673,10.382327326488056,10.726529723787818,10.870374834601481,5.990122993584032,,,,,4.429046595876575,,,,,6.888334091541614,10.870374834601481,"rgba(239, 83, 80, 1.0)"
2025-04-16 00:00:00+00:00,4.5,4.63,4.45,4.52,2160993,0.0,0.0,0.0,0.0,0.0,0.0,0.0,0.0,,,,,,,,7.130054250660684,7.1684684197965405,8.162978402775254,8.763482575793752,9.445645631158031,9.907388818825156,10.086497228679189,10.37874002151307,10.722808374156797,10.866597613645654,5.9461565045338665,,,,,4.443480738234706,,,,,6.8778418177840726,10.866597613645654,"rgba(239, 83, 80, 0.75)"
2025-04-17 00:00:00+00:00,5.1,5.265,4.51,4.51,9207125,0.0,0.0,0.0,0.0,0.0,0.0,0.0,0.0,,,,,,,,7.054141536869207,7.140836824926102,8.153417764778181,8.752578237165723,9.433298941902802,9.89415977342319,10.072929361659753,10.364628856845583,10.708104235202011,10.85164698585023,5.834062470499453,,,,,4.642467784554599,,,,,6.842182931074927,10.85164698585023,"rgba(239, 83, 80, 0.75)"
2025-04-21 00:00:00+00:00,4.72,5.11,4.59,5.08,3076435,0.0,0.0,0.0,0.0,0.0,0.0,0.0,0.0,,,,,,,,7.028194606475898,7.131126519565377,8.15008487197647,8.748803531983738,9.429049285495928,9.88961987641886,10.068277871146632,10.359798350424343,10.70307859543676,10.846540159826807,5.796530409712954,,,,,4.66124743289719,,,,,6.829625853729742,10.846540159826807,"rgba(239, 83, 80, 0.75)"
2025-04-22 00:00:00+00:00,5.19,5.31,5.0,5.22,3642295,0.0,0.0,0.0,0.0,0.0,0.0,0.0,0.0,,,,,,,,7.003093541031562,7.121498495862365,8.146571471181277,8.744751119449287,9.424419118909501,9.884635342064563,10.063157494126676,10.35446024511749,10.69750222445369,10.840864869968167,5.770417818513319,,,,,4.721523431169751,,,,,6.817568207450798,10.840864869968167,"rgba(239, 83, 80, 0.75)"
2025-04-23 00:00:00+00:00,5.17,5.33,5.145,5.33,2220706,0.0,0.0,0.0,0.0,0.0,0.0,0.0,0.0,,,,,,,,6.988513023901715,7.115818466458849,8.144468088568786,8.742318175748546,9.42163303135439,9.88163251375613,10.060071612742043,10.351241258544112,10.694137485241669,10.837439636850378,5.7567248359496626,,,,,4.7549731000298685,,,,,6.810514820022488,10.837439636850378,"rgba(239, 83, 80, 0.5)"
2025-04-24 00:00:00+00:00,5.48,5.48,5.14,5.21,1994846,0.0,0.0,0.0,0.0,0.0,0.0,0.0,0.0,,,,,,,,6.976719566391071,7.111149731897238,8.142678894392544,8.740229384345087,9.419223569689375,9.879025943029658,10.057389601470698,10.34843838318804,10.69120204922576,10.83444922929061,5.74827374116918,,,,,4.790081196931324,,,,,6.8048288131722705,10.83444922929061,"rgba(239, 83, 80, 0.5)"
2025-04-25 00:00:00+00:00,5.44,5.475,5.3209,5.47,1345757,0.0,0.0,0.0,0.0,0.0,0.0,0.0,0.0,,,,,,,,6.969081046293978,7.108095599797451,8.141492850345665,8.738840611917993,9.41761787426997,9.877286841561776,10.055599458511908,10.346566473481149,10.689240413172188,10.832450394004182,5.7434289508417224,,,,,4.81326276127616,,,,,6.801138195949999,10.832450394004182,#000000
2025-04-28 00:00:00+00:00,5.41,5.495,5.325,5.46,1640634,0.0,0.0,0.0,0.0,0.0,0.0,0.0,0.0,,,,,,,,6.959857450217972,7.1043827768913435,8.14004727706978,8.737148104118837,9.415661124694154,9.875167572840494,10.053418008345844,10.344285408960385,10.686850031663637,10.830014690801148,5.737674203047873,,,,,4.839202148927589,,,,,6.796658943033483,10.830014690801148,#000000
2025-04-29 00:00:00+00:00,5.51,5.54,5.35,5.38,1104269,0.0,0.0,0.0,0.0,0.0,0.0,0.0,0.0,,,,,,,,6.95393523539728,7.101976169580959,8.13909533759119,8.736029274534461,9.414363778326356,9.87376036694348,10.05196878719786,10.342768887520231,10.6852596096578,10.828393639915337,5.734562117682341,,,,,4.857038450707387,,,,,6.793782820276068,10.828393639915337,#000000
2025-04-30 00:00:00+00:00,5.3,5.36,5.12,5.36,2306680,0.0,0.0,0.0,0.0,0.0,0.0,0.0,0.0,,,,,,,,6.940016655934716,7.09633937735191,8.136955434291528,8.7335470680213,9.411514804386794,9.870686077628863,10.048808188346024,10.339469969140934,10.681809099505058,10.82488022888742,5.723445284959293,,,,,4.879624518356979,,,,,6.786885549845954,10.82488022888742,#000000
2025-05-01 00:00:00+00:00,5.3,5.34,5.0,5.2,3177402,0.0,0.0,0.0,0.0,0.0,0.0,0.0,0.0,,,,,,,,6.92069217955856,7.088435181437425,8.133965237702855,8.730087822793246,9.40755275472348,9.866415218848154,10.044418992597604,10.334891101415641,10.677022428513915,10.82000731037599,5.707499502745602,,,,,4.90354279991287,,,,,6.777198367620426,10.82000731037599,#000000
2025-05-02 00:00:00+00:00,5.42,5.595,5.385,5.42,2045299,0.0,0.0,0.0,0.0,0.0,0.0,0.0,0.0,,,,,,,,6.910292158365241,7.0840649182404505,8.132210351533,8.728024840710521,9.405160136101173,9.863819651535133,10.041745807243643,10.33209357939158,10.674088330127134,10.817016606719827,5.70274911916799,,,,,4.92837769986913,,,,,6.772025505936319,10.817016606719827,#000000
2025-05-05 00:00:00+00:00,4.93,5.385,4.9212,5.37,2694357,0.0,0.0,0.0,0.0,0.0,0.0,0.0,0.0,,,,,,,,6.893195608653108,7.076971357694619,8.129566152990039,8.724988379710586,9.401702652864978,9.860103827246128,10.037930877694592,10.328119744689728,10.66994059304934,10.81279663715828,5.686945150299843,,,,,4.936633342109071,,,,,6.763266371314514,10.81279663715828,#000000
2025-05-06 00:00:00+00:00,4.74,5.05,4.685,4.9,2079876,0.0,0.0,0.0,0.0,0.0,0.0,0.0,0.0,,,,,,,,6.878399640491385,7.070838837623032,8.12735862639089,8.722485004722952,9.398881036976878,9.857087379049723,10.034839530338738,10.324908226677673,10.666597892005015,10.80939936603393,5.670417014294685,,,,,4.932094143490687,,,,,6.755557437230414,10.80939936603393,"rgba(239, 83, 80, 0.5)"
2025-05-07 00:00:00+00:00,4.7,4.81,4.63,4.78,2901245,0.0,0.0,0.0,0.0,0.0,0.0,0.0,0.0,,,,,,,,6.857007340515412,7.061917515744916,8.124180283937571,8.71889848389671,9.394854986712394,9.852792491262688,10.030441195662721,10.320343868338133,10.661852487246813,10.804578598228568,5.645483858124588,,,,,4.9203521446970635,,,,,6.7442899137553685,10.804578598228568,"rgba(239, 83, 80, 0.5)"
2025-05-08 00:00:00+00:00,4.7,4.8582,4.7,4.72,1935549,0.0,0.0,0.0,0.0,0.0,0.0,0.0,0.0,,,,,,,,6.843227159169821,7.056102380961144,8.122087615623103,8.716532823968798,9.392195448547522,9.849953103204212,10.027532626436495,10.317324278332237,10.658711763772597,10.8013874640287,5.630233007228975,,,,,4.914557386116005,,,,,6.7369862316452025,10.8013874640287,"rgba(239, 83, 80, 0.5)"
2025-05-09 00:00:00+00:00,4.59,4.77,4.52,4.73,1724549,0.0,0.0,0.0,0.0,0.0,0.0,0.0,0.0,,,,,,,,6.8303690546180835,7.05066356155143,8.120155581440457,8.714360466738334,9.38976408141595,9.847363403707098,10.02488195665473,10.3145757314818,10.655856558849264,10.798487838229411,5.615187011261113,,,,,4.9059546575392,,,,,6.730113141394761,10.798487838229411,"rgba(239, 83, 80, 1.0)"
2025-05-12 00:00:00+00:00,4.78,4.945,4.725,4.73,3197260,0.0,0.0,0.0,0.0,0.0,0.0,0.0,0.0,,,,,,,,6.808942651070242,7.041429656720963,8.116773798137093,8.71052600134603,9.385442509831838,9.842743455942017,10.020147298956097,10.309657013310535,10.650736832271106,10.793284494307908,5.593591849147179,,,,,4.901267744787526,,,,,6.7186287471926045,10.793284494307908,"rgba(239, 83, 80, 0.5)"
2025-05-13 00:00:00+00:00,4.67,4.765,4.655,4.76,1272540,0.0,0.0,0.0,0.0,0.0,0.0,0.0,0.0,,,,,,,,6.800035007803242,7.037578586920399,8.115380868413109,8.708954977689023,9.383679637335979,9.840863187024082,10.018221851301385,10.30765904979066,10.648659767325649,10.791174500240173,5.584040372307924,,,,,4.897080626070789,,,,,6.713810134177035,10.791174500240173,"rgba(239, 83, 80, 0.5)"
2025-05-14 00:00:00+00:00,4.56,4.71,4.53,4.68,1295147,0.0,0.0,0.0,0.0,0.0,0.0,0.0,0.0,,,,,,,,6.790632810419377,7.033510751902934,8.113924304589833,8.70731881451996,9.381849831594188,9.838914990889286,10.01622805584525,10.305592044461228,10.646512981401997,10.788994482742027,5.5734893837884645,,,,,4.891019175279712,,,,,6.708695547474727,10.788994482742027,"rgba(239, 83, 80, 0.5)"
2025-05-15 00:00:00+00:00,4.6,4.64,4.465,4.52,1344792,0.0,0.0,0.0,0.0,0.0,0.0,0.0,0.0,,,,,,,,6.780814980538945,7.029246556895771,8.112399567316915,8.705608225578372,9.379938795186845,9.836881431515668,10.014147292578839,10.3034354882382,10.64427385222467,10.78672095227958,5.562422089749099,,,,,4.884324745566899,,,,,6.703331678444198,10.78672095227958,"rgba(239, 83, 80, 0.5)"
2025-05-16 00:00:00+00:00,4.67,4.745,4.595,4.64,1151823,0.0,0.0,0.0,0.0,0.0,0.0,0.0,0.0,,,,,,,,6.772857905101605,7.02575636039823,8.111132095363677,8.704180194432679,9.378337745778106,9.835174508480728,10.012399616403664,10.301622393457535,10.642389403335288,10.784806795078909,5.554084655161724,,,,,4.880582886898708,,,,,6.698976574225798,10.784806795078909,"rgba(239, 83, 80, 0.5)"
2025-05-19 00:00:00+00:00,4.64,4.6788,4.55,4.66,783924,0.0,0.0,0.0,0.0,0.0,0.0,0.0,0.0,,,,,,,,6.767356141324336,7.023339511502864,8.110258203490197,8.703197530129696,9.377237816715269,9.834002851390942,10.011200338398226,10.300378771544498,10.641097436168787,10.783494693569631,5.548201396883462,,,,,4.877557348703368,,,,,6.6959546587735925,10.783494693569631,"rgba(239, 83, 80, 0.5)"
2025-05-20 00:00:00+00:00,4.68,4.79,4.63,4.7,1142044,0.0,0.0,0.0,0.0,0.0,0.0,0.0,0.0,,,,,,,,6.7596774571055995,7.019940024800215,8.109013992203323,8.701793824955496,9.37566227744908,9.83232211809401,10.009479124267104,10.298592580051679,10.639240341670325,10.781608084295996,5.540465222093163,,,,,4.874570907349676,,,,,6.691731032524882,10.781608084295996,"rgba(239, 83, 80, 0.5)"
2025-05-21 00:00:00+00:00,4.48,4.67,4.47,4.65,1164835,0.0,0.0,0.0,0.0,0.0,0.0,0.0,0.0,,,,,,,,6.751300220273565,7.016244503005098,8.10768636813093,8.700305918176923,9.374001436175346,9.83055556964097,10.007671840965942,10.29671988402716,10.637296386659422,10.779634436960448,5.53124397991677,,,,,4.868928065928072,,,,,6.687096904478689,10.779634436960448,"rgba(239, 83, 80, 0.5)"
2025-05-22 00:00:00+00:00,4.5,4.555,4.445,4.49,1047755,0.0,0.0,0.0,0.0,0.0,0.0,0.0,0.0,,,,,,,,6.743683502787604,7.012876278530919,8.106479650427046,8.698955613489792,9.372496150246132,9.828955581679828,10.006035346306593,10.295024759680429,10.635537416782242,10.777848857246333,5.522764709294709,,,,,4.8634148166181665,,,,,6.682868243194536,10.777848857246333,"rgba(239, 83, 80, 0.5)"
2025-05-23 00:00:00+00:00,4.45,4.48,4.41,4.42,930148,1.0,4.48,4.41,0.0,1.0,4.48,4.41,0.0,,4.446666666666667,,,,,,6.736805086112428,7.009830370071289,8.105393226863095,8.69774238665367,9.371145987931488,9.82752178406719,10.004569292923422,10.293506895933563,10.633963163716691,10.776251094125978,5.51496671999948,,,,,4.857958391210287,,,,,6.679036526963953,10.776251094125978,"rgba(239, 83, 80, 0.5)"
2025-05-27 00:00:00+00:00,4.59,4.69,4.55,4.58,814197,0.0,0.0,0.0,0.0,0.0,0.0,0.0,0.0,,4.522904744569834,,,,,,6.731244858806216,7.007339610990782,8.10448519533253,8.696721748613394,9.370003921517874,9.8263054263914,10.003324324642033,10.29221599174157,10.63262217169289,10.774889240909346,5.509262520218728,,,,,4.855148808830249,,,,,6.675937844447274,10.774889240909346,"rgba(239, 83, 80, 0.5)"
2025-05-28 00:00:00+00:00,4.55,4.59,4.5,4.56,899134,0.0,0.0,0.0,0.0,0.0,0.0,0.0,0.0,,4.530986954438955,,,,,,6.724955949476088,7.004522509411728,8.103464822160074,8.695577771634582,9.368726578947518,9.824946536194156,10.00193401199819,10.290775220002509,10.631126415422258,10.773370575039888,5.502608433157723,,,,,4.8513365063872484,,,,,6.672422101253789,10.773370575039888,"rgba(239, 83, 80, 0.5)"
2025-05-29 00:00:00+00:00,4.61,4.61,4.555,4.58,1171873,0.0,0.0,0.0,0.0,0.0,0.0,0.0,0.0,,4.549624531366962,,,,,,6.716981748240613,7.00092759480812,8.102152626469051,8.69410389377104,9.367078315229326,9.82319158685758,10.000137970271705,10.288913198189965,10.629192456764201,10.77140665212009,5.494474586508329,,,,,4.84722031525282,,,,,6.667953930753305,10.77140665212009,"rgba(239, 83, 80, 0.5)"
2025-05-30 00:00:00+00:00,4.53,4.56,4.46,4.55,914021,0.0,0.0,0.0,0.0,0.0,0.0,0.0,0.0,,4.54325493851581,,,,,,6.710585377948488,6.99804405700626,8.10110798764639,8.692934051060053,9.365773336675785,9.821803991371462,9.998718532159582,10.287442621511817,10.627666167080601,10.769857145190286,5.4877118815029595,,,,,4.8431833498729295,,,,,6.664356802293666,10.769857145190286,"rgba(239, 83, 80, 0.5)"
2025-06-02 00:00:00+00:00,4.48,4.57,4.4119,4.52,1188309,0.0,0.0,0.0,0.0,0.0,0.0,0.0,0.0,,4.532018823254331,,,,,,6.702214348475637,6.994260944813858,8.099739654179986,8.691403442469069,9.364067529086446,9.819991097794887,9.996864354434049,10.285522136753036,10.625673463118098,10.767834339952955,5.478796675805565,,,,,4.837621073734098,,,,,6.659634460194295,10.767834339952955,"rgba(239, 83, 80, 0.5)"
2025-06-03 00:00:00+00:00,4.58,4.605,4.425,4.5,1923680,0.0,0.0,0.0,0.0,0.0,0.0,0.0,0.0,,4.533159054175368,,,,,,6.6890948938621,6.98828092861937,8.097556979979275,8.688957062970415,9.361336557675342,9.817086071100615,9.99389225511961,10.282442324087723,10.622476259335615,10.764588222729365,5.465398480843886,,,,,4.830194348047352,,,,,6.65220577104868,10.764588222729365,"rgba(239, 83, 80, 0.5)"
2025-06-04 00:00:00+00:00,4.64,4.71,4.54,4.62,1469775,0.0,0.0,0.0,0.0,0.0,0.0,0.0,0.0,,4.54844552253572,,,,,,6.6796077211800515,6.983904709321531,8.095934786655842,8.687131833549051,9.359292383106721,9.814907850225213,9.99166242157898,10.280129623834501,10.620073147339989,10.762147461043156,5.456418947902987,,,,,4.826489636900034,,,,,6.646813737359827,10.762147461043156,"rgba(239, 83, 80, 0.5)"
2025-06-05 00:00:00+00:00,4.63,4.715,4.605,4.68,723520,0.0,0.0,0.0,0.0,0.0,0.0,0.0,0.0,,4.555767815219461,,,,,,6.675014806988383,6.981774659307159,8.095141398451574,8.686238364537878,9.358291007238952,9.813840391831992,9.99056952351684,10.278995882908978,10.618894832626125,10.760950587085189,5.4521744280938185,,,,,4.824896390044208,,,,,6.644196188374024,10.760950587085189,"rgba(239, 83, 80, 0.5)"
2025-06-06 00:00:00+00:00,4.76,4.795,4.67,4.68,991693,0.0,0.0,0.0,0.0,0.0,0.0,0.0,0.0,,4.572487272672583,,,,,,6.669036640287026,6.978975939571356,8.094083452700664,8.685042171132203,9.35694587137434,9.812403956110618,9.989097967881541,10.27746795582351,10.617305322002276,10.759335449285198,5.447085322183912,,,,,4.823879138694771,,,,,6.64078397829168,10.759335449285198,#000000
2025-06-09 00:00:00+00:00,4.86,4.91,4.76,4.82,1578845,0.0,0.0,0.0,0.0,0.0,0.0,0.0,0.0,,4.606411694202272,,,,,,6.660092931131006,6.974736403934599,8.09245154301192,8.68318830393695,9.354853076197271,9.810164545525598,9.98680220771939,10.275081770438968,10.614820239297766,10.756809237060956,5.440278113416882,,,,,4.824250465007804,,,,,6.63566615526932,10.756809237060956,"rgba(38, 166, 154, 1.0)"
2025-06-10 00:00:00+00:00,5.1,5.1,4.795,4.88,2752755,0.0,0.0,0.0,0.0,0.0,0.0,0.0,0.0,,4.6766596277953765,,,,,,6.646019820245944,6.967919412570119,8.089745731488037,8.68009061794619,9.35133407628572,9.806386598257937,9.982924864582486,10.27104498307486,10.6106087741065,10.752525193146102,5.431757869022134,,,,,4.829857186132886,,,,,6.627578126355151,10.752525193146102,"rgba(38, 166, 154, 1.0)"
2025-06-11 00:00:00+00:00,5.33,5.355,5.03,5.14,4143371,0.0,0.0,0.0,0.0,0.0,0.0,0.0,0.0,,4.795996289295821,,,,,,6.628301883392654,6.958986423459967,8.085997420117053,8.67574116820731,9.346339519901935,9.800994596858002,9.977380595857364,10.265256590195287,10.604552254702996,10.74635741913376,5.426303320405587,,,,,4.848743483217095,,,,,6.617325062768305,10.74635741913376,"rgba(38, 166, 154, 1.0)"
2025-06-12 00:00:00+00:00,5.51,5.57,5.18,5.24,4208753,0.0,0.0,0.0,0.0,0.0,0.0,0.0,0.0,,4.906762602780854,,,,,,6.613048543781529,6.950954555878027,8.082442290439527,8.671567226007625,9.341502362382288,9.79574808371435,9.971977469011987,10.259602467104713,10.598621927383382,10.740312599494102,5.426127790633333,,,,,4.874369345872057,,,,,6.6084157768084255,10.740312599494102,"rgba(38, 166, 154, 1.0)"
2025-06-13 00:00:00+00:00,5.98,6.04,5.555,5.81,11500118,0.0,0.0,0.0,0.0,0.0,0.0,0.0,0.0,,5.217558286221027,,,,,,6.587883734372742,6.935592448850885,8.07436768948597,8.661746749420862,9.329816351629749,9.782905888488829,9.95869432700934,10.245613273458313,10.58385242754321,10.72522037815578,5.456689089684054,,,,,4.981808021501834,,,,,6.593469012569897,10.72522037815578,"rgba(38, 166, 154, 1.0)"
2025-06-16 00:00:00+00:00,5.91,6.07,5.675,6.04,5110534,0.0,0.0,0.0,0.0,0.0,0.0,0.0,0.0,,5.302154569811895,,,,,,6.57762083479008,6.929069043593057,8.070841159390692,8.657445904431878,9.324688035693057,9.777264390700571,9.952857137757205,10.239462732438847,10.577355382351005,10.718580040931936,5.469737807998107,,,,,5.023605264957431,,,,,6.587250390574233,10.718580040931936,"rgba(38, 166, 154, 1.0)"
2025-06-17 00:00:00+00:00,5.73,5.975,5.71,5.91,2231188,0.0,0.0,0.0,0.0,0.0,0.0,0.0,0.0,,5.328521014566661,,,,,,6.572726843459151,6.926030067881141,8.069248866586404,8.655518329634399,9.322401907513372,9.774755990832364,9.950263929434417,10.23673369630467,10.574476229947997,10.715638784617509,5.474138538626309,,,,,5.039079917604608,,,,,6.584264128849965,10.715638784617509,"rgba(38, 166, 154, 1.0)"
2025-06-18 00:00:00+00:00,6.18,6.31,5.775,5.87,4649649,0.0,0.0,0.0,0.0,0.0,0.0,0.0,0.0,,5.403367277351246,,,,,,6.566416051990033,6.921336910568668,8.06635213742924,8.651908191413339,9.318030289737338,9.76991118234341,9.945238922920128,10.231420249648686,10.568843183688477,10.7098737012445,5.490492016786559,,,,,5.080666331308272,,,,,6.580349903615834,10.7098737012445,"rgba(38, 166, 154, 1.0)"
2025-06-20 00:00:00+00:00,6.18,6.3,6.045,6.23,2797755,0.0,0.0,0.0,0.0,0.0,0.0,0.0,0.0,,5.446544652449726,,,,,,6.56337150707517,6.918829409389898,8.064689406892205,8.649814084963964,9.315475954217817,9.767070609936809,9.942289407574421,10.228296375474134,10.565525948420023,10.706476614176898,5.5012856905302,,,,,5.106156614651298,,,,,6.578433942545028,10.706476614176898,"rgba(38, 166, 154, 1.0)"
2025-06-23 00:00:00+00:00,6.1,6.215,5.925,6.1,2306621,0.0,0.0,0.0,0.0,0.0,0.0,0.0,0.0,,5.4744791745165555,,,,,,6.560291475329445,6.91651230755276,8.063251952977181,8.648024078919383,9.313309531407478,9.764670213995759,9.93979990179289,10.225664221594151,10.562735709340853,10.703621060842007,5.50871266492147,,,,,5.124505913193406,,,,,6.576499117730113,10.703621060842007,"rgba(38, 166, 154, 1.0)"
2025-06-24 00:00:00+00:00,6.2,6.28,6.13,6.2,1464761,0.0,0.0,0.0,0.0,0.0,0.0,0.0,0.0,,5.494333800670254,,,,,,6.558852914607623,6.915263488866415,8.062396913536926,8.64694320462175,9.311987724517959,9.763198492939031,9.938271131530927,10.224044147555006,10.561014340228871,10.701857865115432,5.514327809406705,,,,,5.137261700287951,,,,,6.575581509828123,10.701857865115432,"rgba(38, 166, 154, 1.0)"
2025-06-25 00:00:00+00:00,6.38,6.43,6.2,6.21,3070952,0.0,0.0,0.0,0.0,0.0,0.0,0.0,0.0,,5.539842045214192,,,,,,6.556991340618511,6.9131471183489595,8.060735212104147,8.644803671051314,9.309338832693765,9.760232313866238,9.935184313543665,10.220764301444888,10.55752009339346,10.698275142530557,5.528032572816405,,,,,5.166274715929793,,,,,6.5743561277771,10.698275142530557,"rgba(38, 166, 154, 1.0)"
2025-06-26 00:00:00+00:00,6.41,6.55,6.385,6.5,2318548,0.0,0.0,0.0,0.0,0.0,0.0,0.0,0.0,,5.575446736528387,,,,,,6.556308326977794,6.9118670297418605,8.059563877880237,8.643268983420171,9.307417067494166,9.758069201918463,9.932929500575877,10.218362790560949,10.554955481014803,10.695643257426813,5.539468284465337,,,,,5.189268902325817,,,,,6.573870009364929,10.695643257426813,"rgba(38, 166, 154, 1.0)"
2025-06-27 00:00:00+00:00,6.46,6.81,6.375,6.43,2706069,0.0,0.0,0.0,0.0,0.0,0.0,0.0,0.0,,5.618001400041866,,,,,,6.556250244360233,6.91070227422993,8.058283633245058,8.641561981165067,9.305255698368688,9.755624290947821,9.930376922044827,10.215638000641723,10.55203905624832,10.692647825725757,5.5538906319370245,,,,,5.217134971739805,,,,,6.573755555818236,10.692647825725757,"rgba(38, 166, 154, 1.0)"
2025-06-30 00:00:00+00:00,6.66,6.795,6.4,6.5,2306958,0.0,0.0,0.0,0.0,0.0,0.0,0.0,0.0,,5.653962249512038,,,,,,6.556633335234749,6.9099058627197385,8.057244438294418,8.640157526844806,9.303462492856546,9.753588339366203,9.928248832087927,10.213362553663174,10.549599529052433,10.690140671943501,5.566707005285574,,,,,5.241206868621218,,,,,6.573925234737202,10.690140671943501,"rgba(38, 166, 154, 1.0)"
2025-07-01 00:00:00+00:00,6.79,6.975,6.59,6.64,2332660,0.0,0.0,0.0,0.0,0.0,0.0,0.0,0.0,,5.693632820615815,,,,,,6.5580493626142395,6.90956277409461,8.056316722310848,8.638856307605725,9.301764134949002,9.751641682094247,9.926208022947554,10.21117121089505,10.547240343570998,10.68771235862108,5.581360827874672,,,,,5.267566069432083,,,,,6.574734496940579,10.68771235862108,"rgba(38, 166, 154, 1.0)"
2025-07-02 00:00:00+00:00,7.12,7.235,6.815,6.85,2971344,0.0,0.0,0.0,0.0,0.0,0.0,0.0,0.0,,5.751925910049103,,,,,,6.561956790877776,6.9100756735937745,8.055389058196134,8.637443959135892,9.299837242292133,9.749392455857272,9.923836766205742,10.208604938410781,10.544456177975729,10.684838553029833,5.603623595944466,7.056666666666667,,,,5.305649411358992,,,,,6.577076699886711,10.684838553029833,"rgba(38, 166, 154, 1.0)"
2025-07-03 00:00:00+00:00,7.06,7.22,7.05,7.12,1177315,0.0,0.0,0.0,0.0,0.0,0.0,0.0,0.0,,5.774555465933737,,,,,,6.563653204731852,6.910351486087678,8.055041575309595,8.63690390813295,9.299092808225486,9.748519929570868,9.922915759992636,10.207606462492013,10.543371105507061,10.6837178625631,,7.071801709901922,,,,5.3207402517779165,,,,,6.578100953632184,10.6837178625631,"rgba(38, 166, 154, 1.0)"
2025-07-07 00:00:00+00:00,6.87,7.08,6.85,6.98,1539458,0.0,0.0,0.0,0.0,0.0,0.0,0.0,0.0,,5.799265133764202,,,,,,6.565143471452773,6.9103928694389145,8.054502723620148,8.636116673753994,9.298041652286905,9.747303549733587,9.921636780669722,10.206227417279557,10.541880343555107,10.682181116111757,,7.034325995169696,,,,5.33818516041323,,,,,6.578991467091532,10.682181116111757,"rgba(38, 166, 154, 0.75)"
2025-07-08 00:00:00+00:00,6.7,6.94,6.69,6.88,1298830,0.0,0.0,0.0,0.0,0.0,0.0,0.0,0.0,,5.816538633286341,,,,,,6.56586044936813,6.910190015984605,8.053985029824581,8.635391998208915,9.297096817895673,9.74622102513787,9.920502038345381,10.205009178916976,10.540568991307088,10.680831410597639,,6.986428728217536,,,,5.351195445919082,,,,,6.579408669712291,10.680831410597639,"rgba(38, 166, 154, 0.75)"
2025-07-09 00:00:00+00:00,6.59,6.85,6.58,6.72,1048580,0.0,0.0,0.0,0.0,0.0,0.0,0.0,0.0,,5.828591232484087,,,,,,6.566153747376592,6.909900302133835,8.053533601102451,8.634774858170218,9.296303292503639,9.745317258300847,9.919556436406715,10.203996668879062,10.539481921239835,10.679713615497093,,6.945571971819645,,,,5.36077949281422,,,,,6.579568435720499,10.679713615497093,"rgba(38, 166, 154, 0.75)"
2025-07-10 00:00:00+00:00,6.62,6.7365,6.485,6.59,2265484,0.0,0.0,0.0,0.0,0.0,0.0,0.0,0.0,,5.851752608114703,,,,,,6.566433226236717,6.909119956832973,8.05251728247767,8.633402429188246,9.294551644836679,9.743328676537658,9.917477906644226,10.201774263824113,10.537099250263143,10.677264883496635,,6.872613251780174,,,,5.3801015061435296,,,,,6.5796939001083885,10.677264883496635,"rgba(38, 166, 154, 0.75)"
2025-07-11 00:00:00+00:00,6.42,6.575,6.4,6.5,1540104,0.0,0.0,0.0,0.0,0.0,0.0,0.0,0.0,,5.863807501564642,,,,,,6.566030640260355,6.908325612622558,8.05175580520743,8.632401819701245,9.29329611853525,9.74191403188207,9.91600279756725,10.200202409842708,10.535419746812506,10.675540977352147,,6.819597399850718,,,,5.391356154591151,,,,,6.579409112754173,10.675540977352147,"rgba(38, 166, 154, 0.75)"
2025-07-14 00:00:00+00:00,6.34,6.41,6.23,6.37,1564722,0.0,0.0,0.0,0.0,0.0,0.0,0.0,0.0,,5.872870576196053,,,,,,6.565069301188256,6.907270556585805,8.050915522223857,8.631321337216876,9.291959329444069,9.740417404049492,9.914445376605425,10.198547689980593,10.533656873160528,10.673733464484206,,6.762062792896358,,,,5.401111269404717,,,,,6.578773121000885,10.673733464484206,"rgba(38, 166, 154, 0.5)"
2025-07-15 00:00:00+00:00,6.42,6.46,6.34,6.42,1100890,0.0,0.0,0.0,0.0,0.0,0.0,0.0,0.0,,5.880124394447593,,,,,,6.564622965621577,6.906632507360463,8.05035222254352,8.630588116897469,9.291044882456008,9.739389866656326,9.913374848066162,10.197408364415306,10.532441023298547,10.67248604149902,,6.735092405888661,,,,5.408436377723713,,,,,6.578468956178498,10.67248604149902,"rgba(38, 166, 154, 0.5)"
2025-07-16 00:00:00+00:00,6.44,6.51,6.33,6.42,1119884,0.0,0.0,0.0,0.0,0.0,0.0,0.0,0.0,,5.887576547503766,,,,,,6.564228665703956,6.906011013720181,8.049786567489042,8.629849445084007,9.290121698724233,9.738351519386805,9.912292726708444,10.196256195070914,10.531210922877142,10.671223790286787,,6.712989017601663,,,,5.415926290799343,,,,,6.5781965360524834,10.671223790286787,"rgba(38, 166, 154, 0.5)"
2025-07-17 00:00:00+00:00,6.48,6.525,6.38,6.42,785526,0.0,0.0,0.0,0.0,0.0,0.0,0.0,0.0,,5.893015204784668,,,,,,6.564023460038036,6.905607796318704,8.0493985829279,8.629339836491335,9.289482410929171,9.737631267838243,9.911541707133285,10.195455942900347,10.530355880712875,10.670346147760345,,6.7009601001583965,,,,5.421294224338953,,,,,6.578050035481872,10.670346147760345,"rgba(38, 166, 154, 0.5)"
2025-07-18 00:00:00+00:00,6.31,6.5293,6.3,6.5,902988,0.0,0.0,0.0,0.0,0.0,0.0,0.0,0.0,,5.89825888675145,,,,,,6.5636006453438105,6.905059843983889,8.048929822048144,8.628732198295449,9.288726611968054,9.736783016803084,9.910658303536898,10.194516281389708,10.529353649225735,10.669318097030835,,6.684209784112637,,,,5.4269167206887845,,,,,6.577763892843437,10.669318097030835,#000000
2025-07-21 00:00:00+00:00,6.32,6.43,6.295,6.32,1011258,0.0,0.0,0.0,0.0,0.0,0.0,0.0,0.0,,5.903624078378428,,,,,,6.563048860197197,6.904410905394796,8.048395288013646,8.628042586953807,9.287871516068641,9.735824677270434,9.909660699912434,10.193455835266832,10.528223324746792,10.668158933259129,,6.66567597152877,,,,5.432930421703115,,,,,6.577393701521065,10.668158933259129,#000000
2025-07-22 00:00:00+00:00,6.51,6.53,6.29,6.3,1124745,0.0,0.0,0.0,0.0,0.0,0.0,0.0,0.0,,5.910686158023286,,,,,,6.562708531849361,6.9038139180533,8.047834361220374,8.627308016797784,9.286951759658894,9.734789300270958,9.908581378206051,10.19230619208581,10.52699542543842,10.66689875091531,,6.652819196816418,,,,5.440212097178093,,,,,6.577153548091287,10.66689875091531,#000000
2025-07-23 00:00:00+00:00,6.65,6.695,6.47,6.47,1230210,0.0,0.0,0.0,0.0,0.0,0.0,0.0,0.0,,5.920482912439294,,,,,,6.56283962418446,6.903391344291477,8.04728305858521,8.626564565660631,9.286003595284443,9.733713170110958,9.907456660210356,10.19110374591328,10.525706369127356,10.665573990890234,,6.649974716729321,,,,5.449321688114006,,,,,6.577208002535382,10.665573990890234,"rgba(38, 166, 154, 0.5)"
2025-07-24 00:00:00+00:00,6.78,6.895,6.62,6.67,1305688,0.0,0.0,0.0,0.0,0.0,0.0,0.0,0.0,,5.932943524138481,,,,,,6.563502533751414,6.903183939190063,8.046763252250324,8.625838503222043,9.285058004200891,9.732630192090808,9.906321567876677,10.18988530804145,10.524394945754342,10.664224262152072,,6.656805432809937,,,,5.460152770308898,,,,,6.577596958340116,10.664224262152072,"rgba(38, 166, 154, 0.5)"
2025-07-25 00:00:00+00:00,6.77,6.84,6.63,6.78,754258,0.0,0.0,0.0,0.0,0.0,0.0,0.0,0.0,,5.939820573384524,,,,,,6.563848837593897,6.903048552034633,8.046458875058986,8.62541520637386,9.284508115365742,9.732001084531484,9.905662406963826,10.189178081125153,10.523634098904976,10.663441324691268,,6.659785851792713,,,,5.466241920795115,,,,,6.5777990043042385,10.663441324691268,"rgba(38, 166, 154, 0.5)"
2025-07-28 00:00:00+00:00,6.89,7.1,6.78,6.8,974404,0.0,0.0,0.0,0.0,0.0,0.0,0.0,0.0,,5.950442630994859,,,,,,6.564724741975495,6.903071194286471,8.046119286858785,8.624920039302234,9.283847510039633,9.731236823502176,9.904858863337802,10.188311730635432,10.522697590968862,10.662475934583956,,6.67061419968644,,,,5.475097169164739,,,,,6.578331633225452,10.662475934583956,"rgba(38, 166, 154, 1.0)"
2025-07-29 00:00:00+00:00,6.82,6.94,6.72,6.92,1240723,0.0,0.0,0.0,0.0,0.0,0.0,0.0,0.0,,5.962328963811588,,,,,,6.565534904237125,6.902962754829716,8.045649979004558,8.624254157536884,9.28297246150386,9.730230799030702,9.903803173269601,10.187176617757974,10.521473819764573,10.661215649585277,,6.678372442047055,,,,5.485475805827906,,,,,6.578818102846703,10.661215649585277,"rgba(38, 166, 154, 1.0)"
2025-07-30 00:00:00+00:00,6.39,6.88,6.34,6.85,2049772,0.0,0.0,0.0,0.0,0.0,0.0,0.0,0.0,,5.974918369028012,,,,,,6.565388145315151,6.902105886450359,8.04469117020103,8.622977847902376,9.281357659788638,9.728404446537914,9.901896456654882,10.185141313928737,10.519295281628988,10.658978045331022,,6.667616959474305,,,,5.4986443971711765,,,,,6.578682128307221,10.658978045331022,"rgba(38, 166, 154, 0.5)"
2025-07-31 00:00:00+00:00,5.89,6.01,5.5,5.77,4958728,0.0,0.0,0.0,0.0,0.0,0.0,0.0,0.0,,5.966109944278437,,,,,,6.556089447182698,6.895904067197238,8.041246070083778,8.618808753744721,9.276412659038773,9.722977076154294,9.896284939220392,10.17923469892011,10.513061871106673,10.65260940270683,,6.533023232302028,,,,5.507508518595355,,,,,6.572652450081619,10.65260940270683,#000000
2025-08-01 00:00:00+00:00,5.71,5.85,5.63,5.78,1336651,0.0,0.0,0.0,0.0,0.0,0.0,0.0,0.0,,5.962947889779582,,,,,,6.553392978887611,6.894138240496651,8.040290286554356,8.617659203623349,9.275055319574653,9.721490606256017,9.894749147888174,10.177619855298053,10.511359525555733,10.650870834838,,6.5007916569038615,,,,5.509258718783234,5.73,,,,6.57089725817872,10.650870834838,"rgba(239, 83, 80, 1.0)"
2025-08-04 00:00:00+00:00,5.78,5.79,5.645,5.71,1353240,0.0,0.0,0.0,0.0,0.0,0.0,0.0,0.0,,5.959943190964559,,,,,,6.550708366372838,6.89236869726096,8.039326933306073,8.616499674105102,9.273685420165513,9.71998995455593,9.893198557873335,10.17598922473301,10.50964028804823,10.64911491902629,,6.471018319812263,,,,,5.7341923631849765,,,,6.569145251990007,10.64911491902629,"rgba(239, 83, 80, 1.0)"
2025-08-05 00:00:00+00:00,5.94,6.1052,5.785,5.8,2143282,0.0,0.0,0.0,0.0,0.0,0.0,0.0,0.0,,5.9595999638545685,,,,,,6.547556656197434,6.890073176598506,8.037938639983361,8.614795814836562,9.271643647628435,9.71773780251038,9.890866169320773,10.17352828810096,10.507036787807172,10.646452464955887,,6.440287511987489,,,,,5.826965984623353,,,,6.567066632256431,10.646452464955887,"rgba(239, 83, 80, 1.0)"
2025-08-06 00:00:00+00:00,5.76,5.95,5.7,5.95,1543011,0.0,0.0,0.0,0.0,0.0,0.0,0.0,0.0,,5.957300220693366,,,,,,6.544786460715534,6.888183928662433,8.03687354441562,8.613506255535027,9.270113469792769,9.71605796659123,9.889129199293302,10.171699753955888,10.505106819093628,10.644480521291005,,6.414653729119281,,,,,5.821246977627999,,,,6.565244535029446,10.644480521291005,"rgba(239, 83, 80, 1.0)"
2025-08-07 00:00:00+00:00,5.76,5.86,5.68,5.86,875756,0.0,0.0,0.0,0.0,0.0,0.0,0.0,0.0,,5.955721104583638,,,,,,6.543146055384635,6.887078437872434,8.036259570648197,8.612765332534034,9.26923641878542,9.715096266487146,9.88813517464132,10.170653920776312,10.504003607774418,10.643353561752125,,6.400183455668074,,,,,5.814655771025868,,,,6.564164659949679,10.643353561752125,"rgba(239, 83, 80, 1.0)"
2025-08-08 00:00:00+00:00,5.75,5.81,5.745,5.81,843013,0.0,0.0,0.0,0.0,0.0,0.0,0.0,0.0,,5.954238730314958,,,,,,6.5415768775604075,6.8860179161290525,8.035669299700343,8.612052893024337,9.26839297543323,9.714171355578374,9.887179154319956,10.169648039291014,10.502942502203501,10.642269599653053,,6.38688690860092,,,,,5.809831726072612,,,,6.563130081373359,10.642269599653053,"rgba(239, 83, 80, 1.0)"
2025-08-11 00:00:00+00:00,6.66,6.975,5.75,5.75,9496605,0.0,0.0,0.0,0.0,0.0,0.0,0.0,0.0,,5.995758158694452,,,,,,6.5397944374189265,6.881534233541542,8.031067893498761,8.606002558913678,9.260796136472313,9.705607567787663,9.878247813977966,10.160128402449569,10.492767490879064,10.631824219725099,,6.401217102795062,,,,,6.1617174974193105,,,,6.561665639653697,10.631824219725099,"rgba(239, 83, 80, 0.75)"
2025-08-12 00:00:00+00:00,7.0,7.015,6.6682,6.69,3804766,0.0,0.0,0.0,0.0,0.0,0.0,0.0,0.0,,6.024282426791727,,,,,,6.542935336067931,6.881588467342192,8.02973814372357,8.60407531755221,9.258232778951639,9.70264517552487,9.875134134511432,10.156772757549657,10.489141358680316,10.628086706214074,,6.436382059510678,,,,,6.292005554125402,,,,6.563578643022745,10.628086706214074,#000000
2025-08-13 00:00:00+00:00,7.17,7.18,6.985,7.05,1920184,0.0,0.0,0.0,0.0,0.0,0.0,0.0,0.0,,6.041426888623077,,,,,,6.5454663433018085,6.882076896749553,8.029196428067536,8.603227721138827,9.257059926063132,9.701267974136957,9.873679553784454,10.155194462841186,10.487424540504122,10.626312897077588,,6.45983787380711,,,,,6.359507092251263,,,,6.565164357457226,10.626312897077588,"rgba(38, 166, 154, 0.5)"
2025-08-14 00:00:00+00:00,7.51,7.77,7.215,7.35,37481053,0.0,0.0,0.0,0.0,0.0,0.0,0.0,0.0,,6.384284616379452,,,,,,6.621623552606087,6.906597065757785,8.02315175384909,8.59111329042588,9.238500726718145,9.678646471495073,9.849522719388323,10.128584041223599,10.458058022756543,10.595814031427558,,6.879446175737245,,,,,7.061581418880712,,,,6.61504652845713,10.595814031427558,"rgba(38, 166, 154, 0.5)"
2025-08-15 00:00:00+00:00,8.34,8.685,7.65,7.95,9182279,0.0,0.0,0.0,0.0,0.0,0.0,0.0,0.0,,6.484622391366068,,,,,,6.652415101889772,6.919324357351859,8.02371324673803,8.590132510773525,9.235887347891437,9.674998712348915,9.845485364588454,10.123924648326744,10.452696255475976,10.590164403916965,,7.000641730218491,8.225000000000001,,,,7.21423729813996,,,,6.635857227706754,10.590164403916965,"rgba(38, 166, 154, 1.0)"
2025-08-18 00:00:00+00:00,8.02,8.4376,7.91,8.2,3474494,0.0,0.0,0.0,0.0,0.0,0.0,0.0,0.0,,6.517723495749107,,,,,,6.663020937970184,6.9237034735231795,8.023817154668997,8.589658999019658,9.234802099558978,9.67352599913914,9.84386662429645,10.122072702327396,10.450581106691304,10.58794133866978,,,8.196871201408658,,,,7.257200986633864,,,,6.643093447551351,10.58794133866978,"rgba(38, 166, 154, 1.0)"
2025-08-19 00:00:00+00:00,7.79,8.02,7.64,8.01,2811724,0.0,0.0,0.0,0.0,0.0,0.0,0.0,0.0,,6.538625037483983,,,,,,6.669716979464599,6.926325776359931,8.023641037717082,8.58902606624721,9.233684330114569,9.672101628162078,9.842326514681986,10.120347659947056,10.448647720932302,10.585922432338345,,,8.127761047057987,,,,7.277826978339434,,,,6.6476979150861215,10.585922432338345,"rgba(38, 166, 154, 1.0)"
2025-08-20 00:00:00+00:00,7.58,7.8341,7.445,7.8,2242366,0.0,0.0,0.0,0.0,0.0,0.0,0.0,0.0,,6.5523224970614535,,,,,,6.67409411156455,6.927945850431662,8.02336733908715,8.588393504977992,9.232670431001672,9.670846827691962,9.840980678207128,10.118856309958659,10.44699263165406,10.584200080488591,,,8.063435620462613,,,,7.287591592135386,,,,6.6507298051880115,10.584200080488591,"rgba(38, 166, 154, 1.0)"
2025-08-21 00:00:00+00:00,7.5,7.72,7.48,7.61,1988847,0.0,0.0,0.0,0.0,0.0,0.0,0.0,0.0,,6.563594761270142,,,,,,6.677726907612604,6.929266762923114,8.023093042594253,8.58780247285537,9.231742695080623,9.669706434326258,9.839759896742319,10.117507020198222,10.445498779158982,10.582646829937481,,,8.01328272768144,,,,7.294486703210099,,,,6.653256814400647,10.582646829937481,"rgba(38, 166, 154, 0.5)"
2025-08-22 00:00:00+00:00,7.49,7.72,7.45,7.54,1885876,0.0,0.0,0.0,0.0,0.0,0.0,0.0,0.0,,6.57391537782804,,,,,,6.681093149634023,6.930488154282375,8.022825662628152,8.587235362691503,9.230856909134427,9.66861937655906,9.838596747276219,10.116222225249645,10.444077146338467,10.581168969294064,,,7.973098156180087,,,,7.300412097725924,,,,6.655605353571526,10.581168969294064,"rgba(38, 166, 154, 0.5)"
2025-08-25 00:00:00+00:00,7.3,7.55,7.25,7.47,1980983,0.0,0.0,0.0,0.0,0.0,0.0,0.0,0.0,,6.582504693029441,,,,,,6.683850600250707,6.931383032378414,8.022433586664308,8.586532889568065,9.229824033469678,9.667378038289739,9.83727651589338,10.114775826705799,10.442488990308878,10.57952252091027,,,7.922122111623462,,,,7.301967843926874,,,,6.65754894212124,10.57952252091027,"rgba(38, 166, 154, 0.5)"
2025-08-26 00:00:00+00:00,7.17,7.265,7.02,7.25,2833121,0.0,0.0,0.0,0.0,0.0,0.0,0.0,0.0,,6.591189573107613,,,,,,6.68652620651003,6.932027489154428,8.021690094401594,8.585352824506726,9.228178614031167,9.665439367230423,9.83522672498041,10.112548259113606,10.440061954794889,10.577013390164371,,,7.839439568734837,,,,7.29708441679199,,,,6.659472997991466,10.577013390164371,"rgba(38, 166, 154, 0.5)"
2025-08-27 00:00:00+00:00,7.27,7.291,7.17,7.19,1117260,0.0,0.0,0.0,0.0,0.0,0.0,0.0,0.0,,6.595092377677483,,,,,,6.68777998975823,6.932386619391659,8.021428209703199,8.584917819980742,9.227559165175364,9.664703611152742,9.834446919383511,10.11169799028598,10.439132571179503,10.576051456747738,,,7.815249633710618,,,,7.296408632995768,,,,6.660368706770299,10.576051456747738,"rgba(38, 166, 154, 0.5)"
2025-08-28 00:00:00+00:00,7.15,7.33,7.07,7.29,2048611,0.0,0.0,0.0,0.0,0.0,0.0,0.0,0.0,,6.601474053662429,,,,,,6.689816399067091,6.932915758642162,8.020911260437394,8.58408508030123,9.226389834441868,9.663322096670706,9.83298501453679,10.110107474102312,10.437397705243571,10.574257186692076,,,7.771463869454962,,,,7.293845117065931,,,,6.661834822681981,10.574257186692076,"rgba(38, 166, 154, 0.5)"
2025-08-29 00:00:00+00:00,7.42,7.435,7.08,7.14,2189738,0.0,0.0,0.0,0.0,0.0,0.0,0.0,0.0,,6.609615117278825,,,,,,6.6925359030645835,6.9337674790976305,8.020443958924407,8.583277516475778,9.225219845698813,9.661923437706152,9.831499779437584,10.108483759651929,10.435618421235409,10.572413913013701,,,7.739757809712327,,,,7.294266762862502,,,,6.66377629041388,10.572413913013701,"rgba(38, 166, 154, 0.5)"
2025-09-02 00:00:00+00:00,7.68,7.735,7.28,7.35,5687211,0.0,0.0,0.0,0.0,0.0,0.0,0.0,0.0,,6.6372367501955365,,,,,,6.702334267963938,6.937432790053454,8.019665921042918,8.581601782926786,9.222589215570489,9.658689307011777,9.828037465453548,10.104656607613421,10.431380677175651,10.568007442723841,,,7.713213527885818,,,,7.309939767051537,,,,6.670715532855577,10.568007442723841,"rgba(38, 166, 154, 0.5)"
2025-09-03 00:00:00+00:00,7.35,7.67,7.335,7.64,2664454,0.0,0.0,0.0,0.0,0.0,0.0,0.0,0.0,,6.64812080051836,,,,,,6.706256293009981,6.9388279088329226,8.01921169189068,8.580731287498693,9.221275563461289,9.657095715644246,9.826337957677108,10.102787711377646,10.429321268862127,10.565869709769858,,,7.695838002264812,,,,7.313682164179784,,,,6.673522571323354,10.565869709769858,"rgba(38, 166, 154, 0.5)"
2025-09-04 00:00:00+00:00,7.21,7.31,7.12,7.3,1232818,0.0,0.0,0.0,0.0,0.0,0.0,0.0,0.0,,6.651594259675134,,,,,,6.707481332431299,6.93917205849851,8.018913616030535,8.580244046442653,9.220586635644349,9.656279556544707,9.825473594649443,10.101846223709522,10.428293171675884,10.56480597114784,,,7.6814489461990885,,,,7.312470933876421,,,,6.67441883359082,10.56480597114784,"rgba(38, 166, 154, 0.5)"
2025-09-05 00:00:00+00:00,7.35,7.37,7.18,7.22,1006004,0.0,0.0,0.0,0.0,0.0,0.0,0.0,0.0,,6.654829641638983,,,,,,6.708647131130537,6.939540826512371,8.018696693980278,8.579871898010033,9.220049064963092,9.655637571272505,9.824792068754428,10.101101443081145,10.427477313502918,10.563960873070336,,,7.672386907164742,,,,7.312349299183266,,,,6.675265261492088,10.563960873070336,"rgba(38, 166, 154, 0.5)"
2025-09-08 00:00:00+00:00,7.33,7.365,7.17,7.31,792662,0.0,0.0,0.0,0.0,0.0,0.0,0.0,0.0,,6.65731055772431,,,,,,6.709544415426984,6.939821472590492,8.018523093444607,8.579576151465211,9.219623135727781,9.655129473333506,9.824252852062937,10.10051244295837,10.426832376116204,10.563292922977743,,,7.6653299849050365,,,,7.312166142799779,,,,6.675918152345253,10.563292922977743,#000000
2025-09-09 00:00:00+00:00,7.21,7.34,7.18,7.29,1579586,0.0,0.0,0.0,0.0,0.0,0.0,0.0,0.0,,6.6618484749766305,,,,,,6.711185852927579,6.940307350257198,8.018156090382735,8.578966678015936,9.218755156527063,9.654098366942803,9.823159949907966,10.099320671526604,10.425529543839454,10.56194439148305,,,7.650423694461464,,,,7.311135704198035,,,,6.677119773010444,10.56194439148305,#000000
2025-09-10 00:00:00+00:00,7.15,7.3206,7.15,7.19,1544827,0.0,0.0,0.0,0.0,0.0,0.0,0.0,0.0,,6.665944975829464,,,,,,6.712672094294083,6.940724029916736,8.017780622312731,8.578354894083866,9.21789135758689,9.65307556157342,9.822076896179016,10.098141216424724,10.424241821988955,10.56061211314177,,,7.63561226996748,,,,7.3096311554447855,,,,6.678214669064556,10.56061211314177,#000000
2025-09-11 00:00:00+00:00,7.25,7.325,7.17,7.2,1045891,0.0,0.0,0.0,0.0,0.0,0.0,0.0,0.0,,6.66889358295573,,,,,,6.713757278120108,6.94104923333215,8.017539605916983,8.577953522636975,9.217319012587302,9.652395309078049,9.8213557659139,10.097354682915382,10.423381811972847,10.55972186905534,,,7.627050396377681,,,,7.309038120323275,,,,6.679011321744788,10.55972186905534,#000000
2025-09-12 00:00:00+00:00,7.26,7.305,7.11,7.19,3075378,0.0,0.0,0.0,0.0,0.0,0.0,0.0,0.0,,6.677051069894207,,,,,,6.7167846997108045,6.941929193050809,8.016810314762509,8.576754030119362,9.215618072044396,9.650377904008488,9.819218458108018,10.095025522059668,10.420837137425897,10.557088505498605,,,7.602509793137907,,,,7.306713556053034,,,,6.681245504526791,10.557088505498605,#000000
2025-09-15 00:00:00+00:00,7.18,7.3001,7.03,7.29,1787357,0.0,0.0,0.0,0.0,0.0,0.0,0.0,0.0,,6.681218379491253,,,,,,6.718339243556517,6.942339287812833,8.016357699058597,8.576029574763618,9.214603588296464,9.64918042558543,9.817951622529073,10.093647696282721,10.419334671158193,10.55553473452671,,,7.5876934658255015,,,,7.3045510490906,,,,6.6824051804404485,10.55553473452671,#000000
2025-09-16 00:00:00+00:00,6.78,7.155,6.76,7.15,3165390,0.0,0.0,0.0,0.0,0.0,0.0,0.0,0.0,,6.684420787394022,,,,,,6.719425946056466,6.942199619514404,8.01530035374393,8.574500822603849,9.212570990288308,9.646830430886972,9.815481137088186,10.090984292840602,10.416455014248488,10.552565962534086,,,7.54826056342681,,,,7.293479074942149,,,,6.683308664432238,10.552565962534086,"rgba(239, 83, 80, 1.0)"
2025-09-17 00:00:00+00:00,6.83,7.02,6.73,6.81,3777987,0.0,0.0,0.0,0.0,0.0,0.0,0.0,0.0,,6.68745827339493,,,,,,6.720431655622551,6.94188941550878,8.013997775615803,8.572638209670243,9.210109582264426,9.643991847711156,9.812499331910622,10.087773150160412,10.412986836166219,10.548991844465677,,,7.504274342613731,,,,7.279821788719279,,,,6.6841866678984685,10.548991844465677,"rgba(239, 83, 80, 1.0)"
2025-09-18 00:00:00+00:00,6.89,6.96,6.82,6.89,2032829,0.0,0.0,0.0,0.0,0.0,0.0,0.0,0.0,,6.689326253026254,,,,,,6.721081911010833,6.941784263931819,8.013316298425885,8.571655189889746,9.208804177068142,9.6424833100292,9.810913671502474,10.086063998458608,10.411139237428063,10.547087189400758,,,7.4838530538233075,,,,7.273323454336045,,,,6.68473549458742,10.547087189400758,"rgba(239, 83, 80, 1.0)"
2025-09-19 00:00:00+00:00,6.73,6.91,6.72,6.91,1404825,0.0,0.0,0.0,0.0,0.0,0.0,0.0,0.0,,6.689942724516412,,,,,,6.72125525710767,6.94156733789059,8.012802555498457,8.570934824208113,9.207862746748475,9.641402670512852,9.809780145228196,10.084845770463362,10.40982611426268,10.545734940965028,,,7.4681954128896955,,,,7.267780955885455,,,,6.684922989948011,10.545734940965028,"rgba(239, 83, 80, 1.0)"
2025-09-22 00:00:00+00:00,6.81,6.9,6.69,6.73,1245918,0.0,0.0,0.0,0.0,0.0,0.0,0.0,0.0,,6.690557438779716,,,,,,6.721439411940657,6.941391973015825,8.0123522353552,8.570301199676392,9.207033013170975,9.640449424893427,9.808779979438569,10.08377045972876,10.408666603887648,10.544540716775442,,,7.455146242022297,,,,7.263103303898008,,,,6.685110416620704,10.544540716775442,"rgba(239, 83, 80, 1.0)"
2025-09-23 00:00:00+00:00,6.71,6.88,6.71,6.8,1381720,0.0,0.0,0.0,0.0,0.0,0.0,0.0,0.0,,6.691025972253221,,,,,,6.721556406983984,6.94115227207846,8.011839502093382,8.569585820587056,9.206100775575042,9.639380628443186,9.807659295432854,10.08256666896559,10.407369710735207,10.54320543367514,,,7.44055152397866,,,,7.257658401047489,,,,6.685257460492516,10.54320543367514,"rgba(239, 83, 80, 1.0)"
2025-09-24 00:00:00+00:00,6.65,6.73,6.6,6.73,1422687,0.0,0.0,0.0,0.0,0.0,0.0,0.0,0.0,,6.6908305500524445,,,,,,6.721392885582284,6.940755691164328,8.011266820149151,8.56880627974494,9.205099702673145,9.638240142071462,9.806465801756774,10.081288256691792,10.405996235228654,10.54179274149772,,,7.423878354246331,,,,7.250984318305874,,,,6.6852106586240465,10.54179274149772,"rgba(239, 83, 80, 1.0)"
2025-09-25 00:00:00+00:00,6.46,6.61,6.4,6.6,2236125,0.0,0.0,0.0,0.0,0.0,0.0,0.0,0.0,,6.68886181796636,,,,,,6.720430767186216,6.939758550667248,8.01025456175436,8.56747330519198,9.203422852312327,9.636347112241301,9.80449048887779,10.0791810792973,10.40374161582107,10.539477251809538,,,7.3935427929275,,,,7.237857955914825,,,,6.684643766109523,10.539477251809538,"rgba(239, 83, 80, 1.0)"
2025-09-26 00:00:00+00:00,6.48,6.51,6.4,6.5,847920,0.0,0.0,0.0,0.0,0.0,0.0,0.0,0.0,,6.688026588744947,,,,,,6.720026050727604,6.939359245865932,8.009864347230598,8.566961816916344,9.202781302496318,9.63562380742893,9.803736060521507,10.078376769877236,10.402881541073253,10.538594151900092,,,7.382224405385513,,,,7.232824904673759,,,,6.684400332849859,10.538594151900092,"rgba(239, 83, 80, 1.0)"
2025-09-29 00:00:00+00:00,6.47,6.57,6.41,6.49,1608364,0.0,0.0,0.0,0.0,0.0,0.0,0.0,0.0,,6.686598690987712,,,,,,6.719321402060055,6.938635412015602,8.009134280471022,8.566001508794455,9.201574091957694,9.634261367555334,9.80231453272326,10.076860545682328,10.40125942966847,10.536928323929592,,,7.361946140008035,,,,7.223699084469995,,,,6.683981690557315,10.536928323929592,"rgba(239, 83, 80, 1.0)"
2025-09-30 00:00:00+00:00,6.45,6.55,6.4,6.42,1673986,0.0,0.0,0.0,0.0,0.0,0.0,0.0,0.0,,6.6850134044775995,,,,,,6.718540962874285,6.937856993402501,8.008366875952092,8.564994968344974,9.200311067496283,9.632837095734123,9.800828874889353,10.075276503702367,10.39956538480482,10.535188859607143,,,7.341407549424687,,,,7.2142254207625385,,,,6.683511775445817,10.535188859607143,"rgba(239, 83, 80, 1.0)"
2025-10-01 00:00:00+00:00,6.62,6.75,6.42,6.47,1785080,0.0,0.0,0.0,0.0,0.0,0.0,0.0,0.0,,6.684339512542198,,,,,,6.718140832598771,6.937257976058683,8.007618316510662,8.56398912364747,9.199029495995445,9.63138201497481,9.79930779249754,10.073649664642476,10.397820180036799,10.533394809848035,,,7.323623666291759,,,,7.206092801805914,,,,6.683311982288521,10.533394809848035,"rgba(239, 83, 80, 0.75)"
2025-10-02 00:00:00+00:00,6.55,6.66,6.535,6.6,1159356,0.0,0.0,0.0,0.0,0.0,0.0,0.0,0.0,,6.683833375324212,,,,,,6.717850447845123,6.936852973253565,8.007127410663754,8.56333143141774,9.198193035533066,9.630433063007139,9.798316045031815,10.072589341527024,10.396683110104151,10.532226067142576,,,7.312292475823263,,,,7.200797463889243,,,,6.6831603354614355,10.532226067142576,"rgba(239, 83, 80, 0.75)"
2025-10-03 00:00:00+00:00,6.68,6.805,6.6,6.62,1463028,0.0,0.0,0.0,0.0,0.0,0.0,0.0,0.0,,6.683902411561424,,,,,,6.71778925659245,6.936505860643568,8.006557618328182,8.562549522149801,9.19718393010633,9.629280877435253,9.79710946415506,10.071295615255272,10.395291770547304,10.530794462806156,,,7.300620794904131,,,,7.1954419379328725,,,,6.683182584144108,10.530794462806156,"rgba(239, 83, 80, 0.75)"
2025-10-06 00:00:00+00:00,6.47,6.69,6.47,6.69,1331508,0.0,0.0,0.0,0.0,0.0,0.0,0.0,0.0,,6.683115910381917,,,,,,6.717365111615792,6.9359929681289305,8.005979560838444,8.561780726322013,9.196210621633979,9.628178894625835,9.795958516444484,10.070066198127826,10.393974551225009,10.529441001679942,,,7.287809751261019,,,,7.189217909939843,,,,6.682943817267032,10.529441001679942,"rgba(239, 83, 80, 0.75)"
2025-10-07 00:00:00+00:00,6.39,6.51,6.36,6.48,858859,0.0,0.0,0.0,0.0,0.0,0.0,0.0,0.0,,6.682169738075878,,,,,,6.7168995081790035,6.93555915789495,8.005575520101033,8.561254860856323,9.19555402022673,9.627440101364035,9.795188421915682,10.069245928655612,10.393098188515848,10.52854147284354,,,7.278442481302158,,,,7.18451124185036,,,,6.682654564861762,10.52854147284354,"rgba(239, 83, 80, 0.75)"
2025-10-08 00:00:00+00:00,6.34,6.43,6.33,6.4,902953,0.0,0.0,0.0,0.0,0.0,0.0,0.0,0.0,,6.680981424199519,,,,,,6.716323919849634,6.935056762342662,8.005136676934693,8.560688512210165,9.194850785431141,9.62665083587466,9.79436638186155,10.068371346020694,10.392164887537838,10.52758391571561,,,7.26821145754088,,,,7.17928374947728,,,,6.682289537217947,10.52758391571561,"rgba(239, 83, 80, 1.0)"
2025-10-09 00:00:00+00:00,6.39,6.455,6.34,6.37,1162264,0.0,0.0,0.0,0.0,0.0,0.0,0.0,0.0,,6.6796016607123105,,,,,,6.715645622581098,6.934443563620821,8.004581914222088,8.559969357676147,9.193955172653682,9.625644295329202,9.793317589118038,10.06725481977541,10.390972647914284,10.52636040323136,,,7.255778849179436,,,,7.172883793379578,,,,6.681862987692454,10.52636040323136,"rgba(239, 83, 80, 1.0)"
2025-10-10 00:00:00+00:00,6.05,6.36,5.9,6.36,2916497,0.0,0.0,0.0,0.0,0.0,0.0,0.0,0.0,,6.672708442154299,,,,,,6.712419266262345,6.932082315700285,8.002939567476322,8.557924033921047,9.191476383702234,9.622893539834035,9.790463044322241,10.064233791582074,10.38776592415433,10.523076876608258,,,7.216025421981927,,,,7.151422361174077,,,,6.679715567722258,10.523076876608258,"rgba(239, 83, 80, 1.0)"
2025-10-13 00:00:00+00:00,6.11,6.19,6.06,6.12,903146,0.0,0.0,0.0,0.0,0.0,0.0,0.0,0.0,,6.670668658600685,,,,,,6.711454200513104,6.931368481219754,8.002436017472103,8.557295648807202,9.190713726384528,9.622046619331122,9.789583969972092,10.063303141697094,10.3867777357482,10.52206489221787,,,7.204441470778656,,,,7.145052937391437,,,,6.679072944719312,10.52206489221787,"rgba(239, 83, 80, 1.0)"
2025-10-14 00:00:00+00:00,6.11,6.145,6.04,6.11,836294,0.0,0.0,0.0,0.0,0.0,0.0,0.0,0.0,,6.668719451641496,,,,,,6.710530735960835,6.930690982526488,8.001964616934295,8.556708896281334,9.190002879036701,9.621257904384361,9.788765537217378,10.062437038375451,10.385858457764908,10.52112362071444,,,7.193721217579136,,,,7.139101544260499,,,,6.678456193696126,10.52112362071444,"rgba(239, 83, 80, 1.0)"
2025-10-15 00:00:00+00:00,6.02,6.19,5.975,6.19,1051500,0.0,0.0,0.0,0.0,0.0,0.0,0.0,0.0,,6.666131069305344,,,,,,6.70930426722132,6.9298032472284365,8.001360830621751,8.555960552743,9.18909897640454,9.620256411826983,9.78772679060204,10.061338527203334,10.38469329852934,10.51993089043272,,,7.180092191525499,,,,7.131453754702066,,,,6.677633693160295,10.51993089043272,"rgba(239, 83, 80, 1.0)"
2025-10-16 00:00:00+00:00,6.01,6.12,5.89,6.02,1401653,0.0,0.0,0.0,0.0,0.0,0.0,0.0,0.0,,6.662404037145289,,,,,,6.7075383412253045,6.928547917607917,8.000533760601808,8.554941725264122,9.18787370753927,9.618901675338174,9.786322612452684,10.059855022686175,10.38312136562376,10.51832236677425,,,7.1615581605995535,,,,7.120910940717063,,,,6.676443108451329,10.51832236677425,"rgba(239, 83, 80, 1.0)"
2025-10-17 00:00:00+00:00,6.05,6.08,5.95,6.0,1117147,0.0,0.0,0.0,0.0,0.0,0.0,0.0,0.0,,6.659553232404682,,,,,,6.706177187703248,6.927571488899304,7.999881666634455,8.554136649848994,9.186903953206695,9.6178286232905,9.78521011758695,10.058679245982374,10.38187503187118,10.517046839886685,,,7.147448863167939,,,,7.112796886006716,,,,6.675525454105337,10.517046839886685,"rgba(239, 83, 80, 1.0)"
2025-10-20 00:00:00+00:00,6.31,6.39,6.04,6.08,2264034,0.0,0.0,0.0,0.0,0.0,0.0,0.0,0.0,,6.655834763822571,,,,,,6.704322998957001,6.9260807610861095,7.998708635871699,8.552648520264738,9.185077141136516,9.615789021188554,9.78308938112074,10.056428394800294,10.379478851840863,10.514590590555656,,,7.125310946181185,,,,7.09997353554989,,,,6.674301512011996,10.514590590555656,"rgba(239, 83, 80, 0.75)"
2025-10-21 00:00:00+00:00,6.16,6.31,6.075,6.3,1726850,0.0,0.0,0.0,0.0,0.0,0.0,0.0,0.0,,6.652599838074318,,,,,,6.702719340861951,6.924839755918175,7.997781828928683,8.551482808943815,9.183654510715218,9.614205029481077,9.78144383726937,10.05468412531995,10.377624360465802,10.51269052687732,,,7.107947681178566,,,,7.089719353156019,,,,6.673231474478977,10.51269052687732,"rgba(239, 83, 80, 0.75)"
2025-10-22 00:00:00+00:00,6.24,6.43,6.2,6.23,1493733,0.0,0.0,0.0,0.0,0.0,0.0,0.0,0.0,,6.650472568308209,,,,,,6.70162685048253,6.923925609713486,7.997028675430858,8.550521440693057,9.18246938469922,9.612879253764579,9.780064446967925,10.05321875832302,10.376062920738866,10.511089384317506,,,7.095132963269655,,,,7.082068771463371,,,,6.672512790098787,10.511089384317506,"rgba(239, 83, 80, 0.75)"
2025-10-23 00:00:00+00:00,6.38,6.425,6.19,6.21,1620809,0.0,0.0,0.0,0.0,0.0,0.0,0.0,0.0,,6.648455947224526,,,,,,6.700567277105259,6.92300166923317,7.996232129446673,8.549498421113096,9.18120304295278,9.611459910018448,9.778586794880454,10.051647609073616,10.374387257136329,10.509370537145049,,,7.082371178529114,,,,7.074359296033823,,,,6.671820622245147,10.509370537145049,"rgba(239, 83, 80, 0.75)"
2025-10-24 00:00:00+00:00,6.2,6.45,6.15,6.45,3479725,0.0,0.0,0.0,0.0,0.0,0.0,0.0,0.0,,6.643340582761266,,,,,,6.697915621057745,6.920810787702195,7.994457913196752,8.54724100103249,9.178426193412173,9.608356547953777,9.7753589459569,10.048220115360543,10.370736684600619,10.50562776421525,,,7.05411228207994,,,,7.056928592065793,,,,6.67006190138852,10.50562776421525,"rgba(239, 83, 80, 0.75)"
2025-10-27 00:00:00+00:00,6.2,6.27,6.16,6.23,1273574,0.0,0.0,0.0,0.0,0.0,0.0,0.0,0.0,,6.641225940096892,,,,,,6.69682673957009,6.91994343380107,7.993788195006947,8.546395402767937,9.177391439756901,9.607202924916399,9.774159985055828,10.046948434328991,10.369383776361119,10.504241275106391,,,7.043543381754032,,,,7.050291497013664,,,,6.669332136569287,10.504241275106391,"rgba(239, 83, 80, 0.75)"
2025-10-28 00:00:00+00:00,6.19,6.21,6.015,6.21,4252094,0.0,0.0,0.0,0.0,0.0,0.0,0.0,0.0,,6.633163939002019,,,,,,6.692696181978251,6.91677207456185,7.991466148016696,8.543490158464198,9.173858605691207,9.60327584550035,9.770082463412908,10.042629568119818,10.364795455681243,10.499541519087604,,,7.007221195138687,,,,7.027039090413319,,,,6.66653479868476,10.499541519087604,"rgba(239, 83, 80, 0.5)"
2025-10-29 00:00:00+00:00,5.9,6.205,5.875,6.19,3712191,0.0,0.0,0.0,0.0,0.0,0.0,0.0,0.0,,6.624332653002142,,,,,,6.6882094977683,6.913512543301078,7.989285436673628,8.54080696408606,9.170634049028216,9.599711494770167,9.766388320461344,10.038727138253767,10.360660710354429,10.495310631407367,,,6.972905980055003,,,,7.004530094629469,5.993333333333333,,,6.6634528097018295,10.495310631407367,"rgba(239, 83, 80, 1.0)"
2025-10-30 00:00:00+00:00,6.61,6.925,6.12,6.3,4644647,0.0,0.0,0.0,0.0,0.0,0.0,0.0,0.0,,6.623099047036655,,,,,,6.687122215899757,6.911921509936193,7.987325024759612,8.538191783364338,9.167316074150486,9.595950630110764,9.762458884999184,10.034527478803481,10.356158341385868,10.490683301563578,,,6.955792595236135,,,,,6.303649417199823,,,6.662816137588111,10.490683301563578,#000000
2025-10-31 00:00:00+00:00,7.02,7.175,6.58,6.58,3265117,0.0,0.0,0.0,0.0,0.0,0.0,0.0,0.0,,6.626659486098375,,,,,,6.688446401427708,6.9119618112272745,7.986307626666213,8.536702192080185,9.165320815265684,9.593635892792271,9.760022817157186,10.03189704429376,10.353309574869392,10.487744545909582,,,6.9549375878610595,,,,,6.478214053774373,,,6.663861686817443,10.487744545909582,"rgba(38, 166, 154, 1.0)"
2025-11-03 00:00:00+00:00,6.81,7.11,6.81,6.97,7366069,0.0,0.0,0.0,0.0,0.0,0.0,0.0,0.0,,6.634002613733619,,,,,,6.691194237015644,6.911948267228293,7.983987190405525,8.533320590380365,9.160802496718267,9.588399307140621,9.754513410598348,10.025950554379977,10.346872085881555,10.481104664480421,,,6.95228857737473,,,,,6.645717795771342,,,6.666056335993655,10.481104664480421,"rgba(38, 166, 154, 1.0)"
2025-11-04 00:00:00+00:00,6.74,6.92,6.7201,6.75,1803580,0.0,0.0,0.0,0.0,0.0,0.0,0.0,0.0,,6.635007496147989,,,,,,6.691503571566991,6.911748155233359,7.983359020646901,8.532435412038497,9.159641760920568,9.587064545596323,9.753112499646145,10.02444363838689,10.34524616922234,10.479429670009301,,,6.9500274047599815,,,,,6.658525684502263,,,6.666333669319474,10.479429670009301,"rgba(38, 166, 154, 1.0)"
2025-11-05 00:00:00+00:00,6.78,6.995,6.72,6.76,1532782,0.0,0.0,0.0,0.0,0.0,0.0,0.0,0.0,,6.636055741554228,,,,,,6.6918632855880675,6.911633469201702,7.982842853405794,8.531700398140424,9.158672149884605,9.58594673072958,9.751938362465859,10.023179249179522,10.343880431766065,10.478022141159398,,,6.948613296590515,,,,,6.670413464122446,,,6.666639189326635,10.478022141159398,"rgba(38, 166, 154, 1.0)"
2025-11-06 00:00:00+00:00,6.69,6.91,6.64,6.78,1652482,0.0,0.0,0.0,0.0,0.0,0.0,0.0,0.0,,6.6366877379414895,,,,,,6.69201449799732,6.91137916046716,7.982245844401414,8.530869111577127,9.157589572652224,9.584705477939359,9.75063677620672,10.021780966413976,10.342373623230438,10.476470565223133,,,6.946045209603524,,,,,6.6756688229393975,,,6.666798304369995,10.476470565223133,"rgba(38, 166, 154, 1.0)"
2025-11-07 00:00:00+00:00,6.65,6.77,6.5607,6.65,1971549,0.0,0.0,0.0,0.0,0.0,0.0,0.0,0.0,,6.636847159329323,,,,,,6.691910219826079,6.910918094048956,7.981484542799185,8.529830332548002,9.156252978873038,9.583180920223485,9.749040710091439,10.020070272922293,10.340534351039224,10.474578233767692,,,6.941773668583421,,,,,6.67449604141298,,,6.666782768099534,10.474578233767692,"rgba(38, 166, 154, 1.0)"
2025-11-10 00:00:00+00:00,6.4,6.76,6.385,6.7,1919941,0.0,0.0,0.0,0.0,0.0,0.0,0.0,0.0,,6.636049020397197,,,,,,6.691346749093169,6.910211536653916,7.980662611543698,8.5287413574863,9.154877091284535,9.581624104411533,9.747414999932136,10.018334092731887,10.338674377002652,10.472667142547724,,,6.935651475329698,,,,,6.663507845077679,,,6.666433774859653,10.472667142547724,"rgba(38, 166, 154, 0.75)"
2025-11-11 00:00:00+00:00,6.81,6.88,6.375,6.42,3291557,0.0,0.0,0.0,0.0,0.0,0.0,0.0,0.0,,6.636629648536375,,,,,,6.6913303837173705,6.909534762877076,7.979422023532681,8.527037611531902,9.152676255738866,9.579109415776637,9.744780925226946,10.01550864518543,10.335634193051268,10.469538354008753,,,6.929715019613941,,,,,6.666130269100541,,,6.666519762258616,10.469538354008753,"rgba(38, 166, 154, 0.75)"
2025-11-12 00:00:00+00:00,6.94,6.97,6.72,6.84,5646789,0.0,0.0,0.0,0.0,0.0,0.0,0.0,0.0,,6.641117195304775,,,,,,6.693041186904077,6.909363668007482,7.977608934537785,8.524420734642316,9.149197621600644,9.57508593670459,9.740550416632516,10.010946376614047,10.330699126485007,10.464449580619794,,,6.927616958599625,,,,,6.6984302167914835,,,6.667925832599576,10.464449580619794,"rgba(38, 166, 154, 1.0)"
2025-11-13 00:00:00+00:00,6.62,6.96,6.58,6.96,3400484,0.0,0.0,0.0,0.0,0.0,0.0,0.0,0.0,,6.641995388801872,,,,,,6.693190216350032,6.908771917008977,7.97636500736959,8.522699404342227,9.14696385829776,9.572528443998195,9.737869793216749,10.008068372496279,10.32759953807312,10.461258569597254,,,6.922787194574944,,,,,6.7002544603243575,,,6.668134809941049,10.461258569597254,"rgba(38, 166, 154, 1.0)"
2025-11-14 00:00:00+00:00,6.28,6.525,6.25,6.51,2255767,0.0,0.0,0.0,0.0,0.0,0.0,0.0,0.0,,6.639866976210692,,,,,,6.691942385316773,6.907619436091197,7.97529966129352,8.521326401181094,9.145259774455894,9.570615673701017,9.735877466181748,10.005948419959227,10.325336676280953,10.458936650562563,,,6.914107716685587,,,,,6.681736369872673,,,6.667294565298106,10.458936650562563,#000000
2025-11-17 00:00:00+00:00,6.13,6.335,6.03,6.19,1894272,0.0,0.0,0.0,0.0,0.0,0.0,0.0,0.0,,6.63696147894505,,,,,,6.690330567695551,6.906331610320544,7.9743033903332705,8.520075686825885,9.143734868992475,9.568918141818013,9.734114044615062,10.004079255934396,10.323349263628087,10.45690033020273,,,6.904668175943448,,,,,6.659669182561089,,,6.666177148707756,10.45690033020273,"rgba(239, 83, 80, 0.5)"
2025-11-18 00:00:00+00:00,6.18,6.285,6.075,6.08,1600999,0.0,0.0,0.0,0.0,0.0,0.0,0.0,0.0,,6.6346105649151585,,,,,,6.689014640806089,6.905268597763276,7.973469191375666,8.51902637027229,9.142453751092635,9.567491058983125,9.732631253233642,10.002507062580825,10.321677077839336,10.455186790048337,,,6.897031688107236,,,,,6.642959445296401,,,6.66526475117399,10.455186790048337,"rgba(239, 83, 80, 0.5)"
2025-11-19 00:00:00+00:00,6.05,6.2,6.0,6.2,1686430,0.0,0.0,0.0,0.0,0.0,0.0,0.0,0.0,,6.63163919103978,,,,,,6.6873739619230275,6.904003426510393,7.97254400034719,8.517876440423256,9.141061473357336,9.565946264994928,9.731028212876984,10.00081052764669,10.319876044168005,10.453342518930896,,,6.888098613424542,,,,,6.623150922300708,,,6.664116647914272,10.453342518930896,"rgba(239, 83, 80, 0.5)"
2025-11-20 00:00:00+00:00,6.0,6.1,5.91,6.03,1297486,0.0,0.0,0.0,0.0,0.0,0.0,0.0,0.0,,6.6290444413374825,,,,,,6.685951333389822,6.902938063061329,7.971802687697944,8.516963411536087,9.139963158308301,9.564731401048887,9.729768814573783,9.999479631915692,10.318465281051102,10.45189869742562,,,6.880688119802233,,,,,6.606719180423964,,,6.663115164276819,10.45189869742562,"rgba(239, 83, 80, 0.5)"
2025-11-21 00:00:00+00:00,6.03,6.15,5.9506,6.0,1306922,0.0,0.0,0.0,0.0,0.0,0.0,0.0,0.0,,6.626618928025395,,,,,,6.684608365994554,6.901915336247814,7.971071785496833,8.516059110040098,9.138871801517809,9.563522342591673,9.728514792901729,9.998153429561633,10.317058419695543,10.450458456132006,,,6.8736844892067355,,,,,6.592071345916014,,,6.66217073823576,10.450458456132006,"rgba(239, 83, 80, 0.5)"
2025-11-24 00:00:00+00:00,6.11,6.11,5.97,6.03,2536461,0.0,0.0,0.0,0.0,0.0,0.0,0.0,0.0,,6.62212632551718,,,,,,6.682097915076349,6.899982993941146,7.969669393082444,8.514319975916804,9.136769436013907,9.561191367977285,9.72609649763775,9.995594959540217,10.314343276519446,10.44767848085865,,,6.86073733273828,,,,,6.566664317225222,,,6.660404400176854,10.44767848085865,"rgba(239, 83, 80, 0.5)"
2025-11-25 00:00:00+00:00,6.32,6.32,6.13,6.13,7228846,0.0,0.0,0.0,0.0,0.0,0.0,0.0,0.0,,6.614003851225786,,,,,,6.677254349678868,6.895785779928448,7.966088093536304,8.509766894918044,9.131169403240632,9.554931396686445,9.71958476069775,9.988679208828623,10.306975232503389,10.440123437144562,,,6.834429126112313,,,,,6.52932450612815,,,6.657038746119628,10.440123437144562,"rgba(239, 83, 80, 0.5)"
2025-11-26 00:00:00+00:00,6.25,6.38,6.24,6.32,2065326,0.0,0.0,0.0,0.0,0.0,0.0,0.0,0.0,,6.611959433232347,,,,,,6.675998778461078,6.894658669510943,7.96508754135869,8.508488617933736,9.129591943955399,9.553165269204673,9.717746669326267,9.98672563848847,10.30489233296881,10.437987073738537,,,6.827738081426737,,,,,6.521362432393421,,,6.656166641574185,10.437987073738537,"rgba(239, 83, 80, 0.5)"
2025-11-28 00:00:00+00:00,6.35,6.36,6.14,6.26,1886368,0.0,0.0,0.0,0.0,0.0,0.0,0.0,0.0,,6.610076375312486,,,,,,6.674839410317688,6.893621570555529,7.964171096149219,8.507318883246581,9.128149320404463,9.551550551117579,9.716066305261803,9.984939930441513,10.302988644888094,10.436034611622603,,,6.821694916473765,,,,,6.514342921727324,,,6.655359280741024,10.436034611622603,#000000
2025-12-01 00:00:00+00:00,7.05,7.33,6.53,6.6,7366908,0.0,0.0,0.0,0.0,0.0,0.0,0.0,0.0,,6.61795443610307,,,,,,6.67820403622181,6.894124271269951,7.962059841213987,8.504169256093814,9.12388588020922,9.546581494011992,9.710829196163369,9.979273217911794,10.296838407506627,10.429685058321214,,,6.827856990027459,,,,,6.561400875910498,,,6.657997855342142,10.429685058321214,"rgba(38, 166, 154, 1.0)"
2025-12-02 00:00:00+00:00,6.9,7.0971,6.83,7.07,3862392,0.0,0.0,0.0,0.0,0.0,0.0,0.0,0.0,,6.62163506330757,,,,,,6.679773434049088,6.894290169860214,7.960925778984704,8.502493440695288,9.121628736306693,9.543956047300483,9.708063806564873,9.976283520090433,10.293596255825692,10.42633882625624,,,6.830298311332793,,,,,6.5809690929474165,,,6.6592426629819945,10.42633882625624,"rgba(38, 166, 154, 1.0)"
2025-12-03 00:00:00+00:00,7.05,7.065,6.83,6.95,3230753,0.0,0.0,0.0,0.0,0.0,0.0,0.0,0.0,,6.625019688392723,,,,,,6.681266261416148,6.894540785645429,7.960015638204315,8.501129681854314,9.11977828361586,9.541797130502676,9.7057877058092,9.973819597492298,10.29092086811543,10.423576268773184,,,6.832950403570314,,,,,6.597475773647667,,,6.6604189349832925,10.423576268773184,"rgba(38, 166, 154, 1.0)"
2025-12-04 00:00:00+00:00,7.38,7.55,7.065,7.07,4729563,0.0,0.0,0.0,0.0,0.0,0.0,0.0,0.0,,6.634612670278086,,,,,,6.68594061731228,6.896368540095569,7.959161872660943,8.499596506453768,9.117517628138478,9.539074381902095,9.70288974813733,9.970640980373837,10.287425508304445,10.419950518422297,,,6.845422100588634,,,,,6.639233619182713,,,6.663984819062376,10.419950518422297,"rgba(38, 166, 154, 1.0)"
2025-12-05 00:00:00+00:00,6.93,7.44,6.92,7.44,2157583,0.0,0.0,0.0,0.0,0.0,0.0,0.0,0.0,,6.637456535927379,,,,,,6.687282820207744,6.896749875473691,7.958627589128358,8.498757958044445,9.116352777794862,9.537702520340378,9.701439289006348,9.9690645624537,10.285707140435248,10.418173660194702,,,6.848256027917145,,,,,6.650802157539065,,,6.665030859206833,10.418173660194702,"rgba(38, 166, 154, 1.0)"
2025-12-08 00:00:00+00:00,6.82,7.02,6.8,7.0,1837334,0.0,0.0,0.0,0.0,0.0,0.0,0.0,0.0,,6.6387211447531635,,,,,,6.687817630881736,6.8967227636418,7.958058895730104,8.497934438887306,9.115255583260922,9.536431912842678,9.70010275675519,9.967622336671303,10.284145967777734,10.416563432126873,,,6.848558038570229,,,,,6.655634172445952,,,6.665472514276014,10.416563432126873,"rgba(38, 166, 154, 0.75)"
2025-12-09 00:00:00+00:00,6.8,6.9,6.66,6.8,5365428,0.0,0.0,0.0,0.0,0.0,0.0,0.0,0.0,,6.640939964532921,,,,,,6.688612257341674,6.896205002232825,7.956258130436882,8.495395914717594,9.111924153715009,9.532598275547398,9.696078088091783,9.963291334181536,10.279470402992258,10.411745707338952,,,6.846884999881706,,,,,6.663233346813879,,,6.666195296078426,10.411745707338952,"rgba(38, 166, 154, 0.75)"
2025-12-10 00:00:00+00:00,6.82,6.9673,6.745,6.82,1073356,0.0,0.0,0.0,0.0,0.0,0.0,0.0,0.0,,6.641547675191787,,,,,,6.688861905464785,6.89615601015421,7.955916208321955,8.494906024470605,9.111275276803767,9.531848651564937,9.695290153375181,9.962441969939222,10.278551910136159,10.410798699543692,,,6.8468700203495,,,,,6.665307666605811,,,6.666407295442697,10.410798699543692,"rgba(38, 166, 154, 0.75)"
2025-12-11 00:00:00+00:00,7.01,7.195,6.77,6.81,2041578,0.0,0.0,0.0,0.0,0.0,0.0,0.0,0.0,,6.64352843802222,,,,,,6.689783824465171,6.896326518036504,7.955352676567586,8.494058252178645,9.110122369154547,9.530502200831998,9.693870166623446,9.960904101890147,10.276881249869621,10.409073296018686,,,6.848336355690579,,,,,6.672274943255823,,,6.6671428516907305,10.409073296018686,"rgba(38, 166, 154, 0.75)"
2025-12-12 00:00:00+00:00,6.92,7.1,6.91,7.05,1541457,0.0,0.0,0.0,0.0,0.0,0.0,0.0,0.0,,6.6449453914377195,,,,,,6.690441789599366,6.896434662852573,7.954921012225541,8.493412405692494,9.109246559773066,9.529480531816562,9.69279307289564,9.959738156075629,10.275615218163948,10.407766001205916,,,6.84931013703982,,,,,6.677103543462337,,,6.6676704515459875,10.407766001205916,"rgba(38, 166, 154, 0.75)"
2025-12-15 00:00:00+00:00,6.91,6.986,6.77,6.9,1463917,0.0,0.0,0.0,0.0,0.0,0.0,0.0,0.0,,6.645925916794715,,,,,,6.69087261031998,6.896424745122535,7.954474568452054,8.492763999153237,9.108381177242292,9.52847759134024,9.69173783471674,9.958599063960593,10.274381721874208,10.406493569999554,,,6.849591725966912,,,,,6.680243470100647,,,6.668027624036786,10.406493569999554,"rgba(38, 166, 154, 0.75)"
2025-12-16 00:00:00+00:00,6.93,7.0,6.855,6.89,1334518,0.0,0.0,0.0,0.0,0.0,0.0,0.0,0.0,,6.646957869024773,,,,,,6.691342156794867,6.896461839977187,7.954083047198601,8.492187968601398,9.10760696244726,9.527577695053829,9.690790166335471,9.957574802587947,10.273271204684827,10.405347483951537,,,6.850101981349013,,,,,6.6835552392961475,,,6.668410577015703,10.405347483951537,"rgba(38, 166, 154, 0.75)"
2025-12-17 00:00:00+00:00,6.82,6.94,6.7,6.94,1522907,0.0,0.0,0.0,0.0,0.0,0.0,0.0,0.0,,6.647676452242467,,,,,,6.691631819865303,6.8963605365815654,7.953589472426763,8.491485639288724,9.106680239691569,9.526508754880448,9.689667133638752,9.956365024735765,10.271963805383807,10.403999810835774,,,6.849881014257085,,,,,6.685602583716499,,,6.6686646456794305,10.403999810835774,"rgba(38, 166, 154, 0.75)"
2025-12-18 00:00:00+00:00,6.82,6.94,6.79,6.85,1302586,0.0,0.0,0.0,0.0,0.0,0.0,0.0,0.0,,6.648392537679789,,,,,,6.691936204197192,6.896308059597806,7.953178808052593,8.490896158274909,9.105898574072032,9.525605256173895,9.688717303121335,9.955340897662273,10.270856046138482,10.402857553040404,,,6.849881756664351,,,,,6.68768574895829,,,6.668924228275575,10.402857553040404,"rgba(38, 166, 154, 0.75)"
2025-12-19 00:00:00+00:00,6.88,7.07,6.79,6.8,2474318,0.0,0.0,0.0,0.0,0.0,0.0,0.0,0.0,,6.650161857466642,,,,,,6.692741569229998,6.896344588012565,7.952444310216269,8.489820752530816,9.104456900415025,9.523931285026649,9.686955022695978,9.953437020764877,10.268792704868785,10.400728448463635,,,6.850624984152346,,,,,6.692989447669446,,,6.669587024829704,10.400728448463635,"rgba(38, 166, 154, 0.75)"
2025-12-22 00:00:00+00:00,6.99,7.01,6.74,6.91,3312095,0.0,0.0,0.0,0.0,0.0,0.0,0.0,0.0,,6.652493588939266,,,,,,6.693810495531553,6.896393239911244,7.951462742017959,8.488383518953052,9.102530056667852,9.521693880673029,9.684599553330496,9.95089223894461,10.266034704955633,10.39788251563252,,,6.851593028789432,,,,,6.699710587336832,,,6.6704686308180285,10.39788251563252,"rgba(38, 166, 154, 0.75)"
2025-12-23 00:00:00+00:00,7.32,7.35,6.95,6.99,8098256,0.0,0.0,0.0,0.0,0.0,0.0,0.0,0.0,,6.664244349704536,,,,,,6.699815695434188,6.89855069328089,7.949746483410235,8.485532824589455,9.098462415916044,9.51685282385904,9.679464941218326,9.945287147201167,10.259898628251623,10.391527703806107,,,6.864507794658395,,,,,6.7348959184410795,,,6.675168941992153,10.391527703806107,"rgba(38, 166, 154, 1.0)"
2025-12-24 00:00:00+00:00,7.18,7.34,7.15,7.32,979737,0.0,0.0,0.0,0.0,0.0,0.0,0.0,0.0,,6.6656749121962156,,,,,,6.700556265953265,6.898823680593658,7.949544029579669,8.485193287103646,9.09797581601949,9.516272734813661,9.678849369180176,9.944614705906769,10.259161989911634,10.390764620899354,,,6.866079831105139,,,,,6.738963036859814,,,6.675749666140461,10.390764620899354,"rgba(38, 166, 154, 1.0)"
2025-12-26 00:00:00+00:00,7.2,7.24,7.155,7.175,1016877,0.0,0.0,0.0,0.0,0.0,0.0,0.0,0.0,,6.66708576520571,,,,,,6.701286045562457,6.899084740806057,7.949326790792644,8.484834093421144,9.09746430537703,9.515664404821612,9.678204286700508,9.943910716333088,10.25839151182187,10.389966751468611,,,6.867583795056157,,,,,6.742899103807218,,,6.676323645853614,10.389966751468611,"rgba(38, 166, 154, 1.0)"
2025-12-29 00:00:00+00:00,7.13,7.25,7.1,7.18,1158366,0.0,0.0,0.0,0.0,0.0,0.0,0.0,0.0,,6.668568533563859,,,,,,6.702050851890353,6.899343547628582,7.949066854581526,8.484412980846788,9.096870203812392,9.514960363531637,9.677458502968864,9.943098022290917,10.257503312512418,10.389047441285955,,,6.869083870278719,,,,,6.746930909949864,,,6.676928053438021,10.389047441285955,"rgba(38, 166, 154, 1.0)"
2025-12-30 00:00:00+00:00,6.99,7.13,6.99,7.13,1351982,0.0,0.0,0.0,0.0,0.0,0.0,0.0,0.0,,6.669856393247646,,,,,,6.702700737306939,6.899502344708024,7.9487163017153035,8.483876081098147,9.096133137063267,9.514096169777096,9.676546006628012,9.94210808199254,10.256426047234772,10.387934177138947,,,6.870081280030784,,,,,6.750163223424902,,,6.67745196051534,10.387934177138947,"rgba(38, 166, 154, 0.75)"
2025-12-31 00:00:00+00:00,6.95,7.02,6.87,6.95,1389439,1.0,7.02,6.87,1149.0,1.0,7.02,6.87,1149.0,6.946666666666667,6.670848131252745,,,,,,6.703186721450171,6.899558328873335,7.948320794403553,8.483290432842676,9.09534312032835,9.513176419673663,9.675576937420269,9.941059924977575,10.255288761206094,10.386760134961271,,,6.870546877199691,,,,,6.75239062842993,,,6.6778542929453755,10.386760134961271,"rgba(38, 166, 154, 0.75)"
2026-01-02 00:00:00+00:00,7.21,7.25,6.925,7.02,2343117,0.0,0.0,0.0,0.0,0.0,0.0,0.0,0.0,7.0607081586094536,6.673595584115654,,,,,,6.70461013028154,6.90001536044513,7.947775365674627,8.482420461557533,9.094124698897021,9.511736549521785,9.674052967466924,9.93940113529278,10.253477846993423,10.38488653041265,,,6.873162946138844,,,,,6.7594421333249395,,,6.678986751177435,10.38488653041265,"rgba(38, 166, 154, 0.75)"
2026-01-05 00:00:00+00:00,7.4,7.64,7.16,7.25,2478017,0.0,0.0,0.0,0.0,0.0,0.0,0.0,0.0,7.196085514439114,6.678180088199107,,,,,,6.7070636783252455,6.901069475488048,7.947390296991794,8.481685963124118,9.093015620412876,9.510389026027323,9.672615023033854,9.93781830395945,10.251731240436397,10.383072502029133,,,6.878757165506829,,,,,6.7719015631658905,,,6.680898575837902,10.383072502029133,"rgba(38, 166, 154, 1.0)"
2026-01-06 00:00:00+00:00,7.63,7.91,7.375,7.42,2109747,0.0,0.0,0.0,0.0,0.0,0.0,0.0,0.0,7.308224351547377,6.683311692936981,,,,,,6.709852784923231,6.902390471609808,7.947205438040063,8.48119901875257,9.092205276902734,9.509372530220165,9.671520449423634,9.936598669762633,10.250370027865266,10.381653056359438,,,6.885562540127341,,,,,6.786016117092347,,,6.683055132027668,10.381653056359438,"rgba(38, 166, 154, 1.0)"
2026-01-07 00:00:00+00:00,7.9,8.0,7.64,7.71,2142905,-1.0,8.0,7.64,0.0,0.0,0.0,0.0,0.0,7.418499217019609,6.689592944887886,,,,,7.846666666666666,6.713300508525678,6.904105852307789,7.947144393855695,8.480827105347124,9.091500932476555,9.50845602416109,9.670523674257161,9.935473365900652,10.249099032044652,10.380322179724928,,,6.8942299508329965,7.846666666666666,,,,6.803280474338398,,,6.6857112030803965,10.380322179724928,"rgba(38, 166, 154, 1.0)"
2026-01-08 00:00:00+00:00,7.77,7.95,7.77,7.9,1768827,0.0,0.0,0.0,0.0,0.0,0.0,0.0,0.0,7.478004661850685,6.6946528813781,,,,,7.839130248016309,6.7160890428231985,6.905492143692626,7.947085712915037,8.48051238409366,9.090912366392734,9.50769268988324,9.669694210872127,9.934538010048943,10.248043649690116,10.379217461563526,,,,7.839130248016309,,,,6.816892292935957,,,6.687863153466182,10.379217461563526,"rgba(38, 166, 154, 1.0)"
2026-01-09 00:00:00+00:00,7.41,7.89,7.41,7.77,1682784,0.0,0.0,0.0,0.0,0.0,0.0,0.0,0.0,7.489130073829112,6.698332299468028,,,,,7.758178102150987,6.718112829651556,6.906437331575463,7.946906094139185,8.480093697011066,9.090237586492938,9.506854688274702,9.668794363782906,9.933539084963895,10.246932591943942,10.378060268329316,,,,7.758178102150987,,,,6.8262726868816,,,6.68943858406119,10.378060268329316,"rgba(38, 166, 154, 0.75)"
2026-01-12 00:00:00+00:00,7.49,7.5854,7.35,7.43,1297327,0.0,0.0,0.0,0.0,0.0,0.0,0.0,0.0,7.4879364007559825,6.700841437936806,,,,,7.704897488997743,6.719493493992695,6.907060267398901,7.946732910786048,8.47973755780369,9.089685342413725,9.50617751407266,9.668069828059858,9.932738661442995,10.246046328263008,10.377138673951785,,,,7.704897488997743,,,,6.832444120738272,,,6.690518874921802,10.377138673951785,"rgba(38, 166, 154, 0.75)"
2026-01-13 00:00:00+00:00,7.5,7.6675,7.23,7.53,1913718,0.0,0.0,0.0,0.0,0.0,0.0,0.0,0.0,7.4854665110036285,6.704469174544565,,,,,7.652941528684733,6.721496022650793,6.907961684738123,7.946472642618721,8.479207809833543,9.088866714696874,9.505174851727654,9.66699739256171,9.931554424203318,10.244735629345781,10.375775922613002,,,,7.652941528684733,,,,6.841207728112397,,,6.692088201268132,10.375775922613002,"rgba(38, 166, 154, 0.75)"
2026-01-14 00:00:00+00:00,7.45,7.73,7.42,7.55,1297985,0.0,0.0,0.0,0.0,0.0,0.0,0.0,0.0,7.488838790056332,6.707126589536745,,,,,7.637575671643732,6.722970755060318,6.908645195622375,7.946321043904178,8.47887273351828,9.088335019675174,9.504517844296977,9.666292891619026,9.930773829141458,10.243868923516274,10.374873781584444,,,,7.637575671643732,,,,6.847642487806296,,,6.693241531991084,10.374873781584444,"rgba(38, 166, 154, 0.75)"
2026-01-15 00:00:00+00:00,7.26,7.45,7.195,7.39,1810786,0.0,0.0,0.0,0.0,0.0,0.0,0.0,0.0,7.4720888770544045,6.709773970585084,,,,,7.586522929157926,6.724433581790353,6.909243551115145,7.9459912055719935,8.478291239043237,9.087483455045303,9.503494365005317,9.665204173402143,9.92958054144193,10.242557466347622,10.373513653630733,,,,7.586522929157926,,,,6.853455847650959,,,6.694402996788152,10.373513653630733,"rgba(38, 166, 154, 0.5)"
2026-01-16 00:00:00+00:00,6.98,7.295,6.97,7.27,1533139,0.0,0.0,0.0,0.0,0.0,0.0,0.0,0.0,7.444590840289367,6.711170767057529,,,,,7.528964535805034,6.725196503654682,6.909465520687756,7.945616942187493,8.477707383255963,9.086674351480868,9.502542049753622,9.664197443665161,9.928486556686153,10.24136501240685,10.372280607646786,,,,7.528964535805034,,,,6.855903310346569,,,6.695027908544153,10.372280607646786,#000000
2026-01-20 00:00:00+00:00,6.79,6.94,6.71,6.94,1968011,0.0,0.0,0.0,0.0,0.0,0.0,0.0,0.0,,6.711660957054671,,,,,7.437603780532671,6.725437462487572,6.9093069234246,7.94498792809034,8.476814715505343,9.085497833381067,9.501185334087516,9.662772152959587,9.926951247931276,10.239705759155553,10.370570204808768,,,,7.437603780532671,,,,6.85532522589288,,,6.695272456441401,10.370570204808768,"rgba(239, 83, 80, 1.0)"
2026-01-21 00:00:00+00:00,6.65,6.87,6.56,6.85,2210275,0.0,0.0,0.0,0.0,0.0,0.0,0.0,0.0,,6.7115627226627,,,,,7.34427205227365,6.725339189611373,6.908907491885314,7.94420749159713,8.475741060493716,9.084108227954411,9.499595282088759,9.661105764219087,9.925162358573203,10.237778966599166,10.36858647325346,,,,7.34427205227365,,,,6.852891753674678,,,6.695267965096804,10.36858647325346,"rgba(239, 83, 80, 1.0)"
2026-01-22 00:00:00+00:00,6.57,6.8,6.53,6.67,1935567,0.0,0.0,0.0,0.0,0.0,0.0,0.0,0.0,,6.711197249457808,,,,,7.273925611337283,6.725093216563306,6.908461897934517,7.943492108131388,8.474770293662736,9.082862150865195,9.498174591268087,9.659618549433103,9.923568375888507,10.236064834006175,10.366822718837351,,,,7.273925611337283,,,,6.850040937841212,,,6.695142597164149,10.366822718837351,"rgba(239, 83, 80, 1.0)"
2026-01-23 00:00:00+00:00,5.91,6.24,5.86,6.22,7975163,0.0,0.0,0.0,0.0,0.0,0.0,0.0,0.0,,6.697828638807807,,,,,6.905934570082717,6.717229309999028,6.902471460051787,7.939139284448126,8.46941641843166,9.076424191253132,9.49105169756456,9.652233662947875,9.915762454541685,10.227787168727186,10.358349679491567,,,,6.905934570082717,,,,6.807042813164317,,,6.689420391136454,10.358349679491567,"rgba(239, 83, 80, 1.0)"
2026-01-26 00:00:00+00:00,5.8,5.92,5.77,5.88,2685031,0.0,0.0,0.0,0.0,0.0,0.0,0.0,0.0,,6.692345521356143,,,,,6.810343154898219,6.713986652726752,6.900087070823594,7.93754736575116,8.467492796468783,9.074140836392791,9.488541275724966,9.64963628287807,9.91302527132427,10.224893523827667,10.355391182297971,,,,6.810343154898219,,,,6.790618889690184,,,6.6870337628443375,10.355391182297971,"rgba(239, 83, 80, 1.0)"
2026-01-27 00:00:00+00:00,5.72,5.93,5.7,5.825,2736241,0.0,0.0,0.0,0.0,0.0,0.0,0.0,0.0,,6.686530102661602,,,,,6.725078062051083,6.710533278783323,6.897562596200717,7.935891688817034,8.465500735001715,9.071783809742302,9.485953926226998,9.646960699149794,9.910207815876163,10.221917334794098,10.352349184379474,,,,6.725078062051083,,,,6.773654262599242,,,6.684483521100512,10.352349184379474,"rgba(239, 83, 80, 1.0)"
2026-01-28 00:00:00+00:00,5.66,5.735,5.63,5.73,1830379,0.0,0.0,0.0,0.0,0.0,0.0,0.0,0.0,,6.68221965721172,,,,,6.669828171035387,6.70796920964226,6.895716666544389,7.934729892602725,8.464116060526846,9.070157105617279,9.484174581618781,9.645122835501816,9.908275835782009,10.219880132895964,10.350268336097182,,,,6.669828171035387,,,,6.761414473569359,,,6.682581463305736,10.350268336097182,"rgba(239, 83, 80, 1.0)"
2026-01-29 00:00:00+00:00,5.59,5.695,5.56,5.64,1916371,0.0,0.0,0.0,0.0,0.0,0.0,0.0,0.0,,6.67747939436982,,,,,6.614754770735842,6.705143108173016,6.893695278606386,7.933482530362176,8.46263665006772,9.068425578377195,9.482284106297435,9.643171397077726,9.906226335845554,10.217721045441564,10.348063778014307,,,,6.614754770735842,,,,6.748196746745432,,,6.680479582072835,10.348063778014307,"rgba(239, 83, 80, 1.0)"
2026-01-30 00:00:00+00:00,5.74,5.74,5.545,5.59,2243737,0.0,0.0,0.0,0.0,0.0,0.0,0.0,0.0,,6.6722930213773495,,,,,6.5606172224101345,6.702033848886399,6.891447351184493,7.932061540647703,8.460942924208787,9.066435649890126,9.480107339230408,9.640922998996215,9.90386272994938,10.215228621090255,10.345517918977606,,,,6.5606172224101345,,,,6.733902429526499,,,6.678167129677598,10.345517918977606,"rgba(239, 83, 80, 1.0)"
2026-02-02 00:00:00+00:00,5.76,5.85,5.64,5.7,2114174,0.0,0.0,0.0,0.0,0.0,0.0,0.0,0.0,,6.66781883535864,,,,,6.518881108085364,6.699333952050135,6.889466929560062,7.930768677437097,8.459391796550353,9.06460418080636,9.47809892690295,9.638846783661483,9.901677479623181,10.212921374937613,10.343160086176692,,,,6.518881108085364,,,,6.721707247470502,,,6.676160097252664,10.343160086176692,"rgba(239, 83, 80, 1.0)"
2026-02-03 00:00:00+00:00,5.7,5.8,5.585,5.78,1392433,0.0,0.0,0.0,0.0,0.0,0.0,0.0,0.0,,6.664720522422206,,,,,6.491859480122723,6.697461563013148,6.888103560303656,7.929896556749045,8.458350446570654,9.063379049735586,9.476757834062875,9.637461238232396,9.900220439874941,10.211384371968956,10.341589916931499,,,,6.491859480122723,,,,6.713393715989888,,,6.67476474585116,10.341589916931499,"rgba(239, 83, 80, 1.0)"
2026-02-04 00:00:00+00:00,5.66,5.79,5.65,5.77,1361769,0.0,0.0,0.0,0.0,0.0,0.0,0.0,0.0,,6.661724994659047,,,,,6.467249420214699,6.695646247401851,6.886778797025688,7.929046206332975,8.457334628981137,9.062183536965948,9.47544892678791,9.63610886373276,9.898798155899492,10.209883890850726,10.340057002751745,,,,6.467249420214699,,,,6.705431743971358,,,6.673410900503937,10.340057002751745,"rgba(239, 83, 80, 1.0)"
2026-02-05 00:00:00+00:00,5.73,5.805,5.62,5.67,2304463,0.0,0.0,0.0,0.0,0.0,0.0,0.0,0.0,,6.6567937778211475,,,,,6.429829454653982,6.692645562293655,6.884578202511314,7.927620494754708,8.455628726310668,9.060173378202576,9.473246730816093,9.63383306329767,9.896403978603573,10.207357276713067,10.337475463723019,,,,6.429829454653982,,,,6.692479857722473,,,6.6711713821284615,10.337475463723019,"rgba(239, 83, 80, 0.75)"
2026-02-06 00:00:00+00:00,5.88,5.895,5.765,5.78,1364092,0.0,0.0,0.0,0.0,0.0,0.0,0.0,0.0,,6.654294885892491,,,,,6.413077117523783,6.691110833476333,6.883422404483343,7.9268264043561905,8.454667238869163,9.059030283619972,9.471988900830215,9.63253129518275,9.895031564072806,10.205905742623985,10.335991136551648,,,,6.413077117523783,,,,6.6859611596718755,,,6.670028554664902,10.335991136551648,"rgba(239, 83, 80, 0.75)"
2026-02-09 00:00:00+00:00,5.98,6.04,5.85,5.9,1638718,0.0,0.0,0.0,0.0,0.0,0.0,0.0,0.0,,6.65171932052805,,,,,6.397851777163299,6.689513682376975,6.882184272743143,7.92592364820418,8.453561794945692,9.057705116448473,9.47052480514633,9.631014035154783,9.893428842082669,10.204207224983856,10.334252934139366,,,,6.397851777163299,,,,6.679270831314494,,,6.668842689164342,10.334252934139366,"rgba(239, 83, 80, 0.75)"
2026-02-10 00:00:00+00:00,6.16,6.305,5.98,5.99,1763648,0.0,0.0,0.0,0.0,0.0,0.0,0.0,0.0,,6.649727110315274,,,,,6.389204028058497,6.6882500472883,6.881130630635098,7.925047466338756,8.452464409866925,9.05636825846448,9.469036328451455,9.629467609774142,9.89178929965831,10.202463153695538,10.332465597677544,,,,6.389204028058497,,,,6.674080097084535,,,6.667913111974702,10.332465597677544,"rgba(239, 83, 80, 0.75)"
2026-02-11 00:00:00+00:00,6.08,6.2,5.97,6.11,2549902,0.0,0.0,0.0,0.0,0.0,0.0,0.0,0.0,,6.646504660556156,,,,,6.374608639071971,6.686214772039962,6.879477950501648,7.923735909860799,8.450834937728235,9.054394430880794,9.46684455036661,9.627192494831228,9.889380251520748,10.199903819938651,10.329844041097136,,,,6.374608639071971,,,,6.665846254929211,,,6.666407571791965,10.329844041097136,"rgba(239, 83, 80, 0.75)"
2026-02-12 00:00:00+00:00,5.84,6.07,5.83,6.07,2122806,0.0,0.0,0.0,0.0,0.0,0.0,0.0,0.0,,6.643048389408755,,,,,6.356984564863346,6.684055971593446,6.8778146264353115,7.922544730319119,8.44938281811945,9.052659299230093,9.464930478510471,9.62520992491329,9.887287555173037,10.197687698031306,10.32757677714442,,,,6.356984564863346,,,,6.65721464804119,,,6.664796395667104,10.32757677714442,"rgba(239, 83, 80, 0.75)"
2026-02-13 00:00:00+00:00,5.99,6.11,5.84,5.84,1664574,0.0,0.0,0.0,0.0,0.0,0.0,0.0,0.0,,6.640606432857516,,,,,6.346018717347468,6.68251728759305,6.87660422810583,7.921642626976531,8.448275219392476,9.051328920853447,9.463459168900423,9.623684690237742,9.885675634413188,10.195978568916457,10.325827381391681,,,,6.346018717347468,,,,6.651177829883213,,,6.663649479922933,10.325827381391681,"rgba(239, 83, 80, 0.75)"
2026-02-17 00:00:00+00:00,5.99,6.12,5.96,6.05,1971907,0.0,0.0,0.0,0.0,0.0,0.0,0.0,0.0,,6.637925026001315,,,,,6.335269719116702,6.680815092704772,6.875243664510956,7.920598876455338,8.446987420688778,9.049776617373306,9.461739477779167,9.621900968447912,9.883788989345627,10.193976464122592,10.32377745890846,,,,6.335269719116702,,,,6.644617056326834,,,6.662381574048177,10.32377745890846,"rgba(239, 83, 80, 0.75)"
2026-02-18 00:00:00+00:00,6.19,6.25,5.89,5.99,2806768,0.0,0.0,0.0,0.0,0.0,0.0,0.0,0.0,,6.6346808777775905,,,,,6.325072232862124,6.67872471461865,6.873510789732417,7.919182977334752,8.445222216497486,9.047633040685904,9.459356293875942,9.619426177998738,9.88116697361118,10.191189174118287,10.320921746825153,,,,6.325072232862124,,,,6.636781789375694,,,6.660829081552056,10.320921746825153,#000000
2026-02-19 00:00:00+00:00,5.93,6.305,5.51,5.71,4807638,0.0,0.0,0.0,0.0,0.0,0.0,0.0,0.0,,6.627184589943416,,,,,6.295563996534031,6.673963960052078,6.869807323219693,7.916502011132655,8.441952869933726,9.04372537518082,9.455044864157705,9.614960180624472,9.876452454819468,10.186196034911733,10.315813157439612,,,,6.295563996534031,,,,6.619106180356209,,,6.65725578418139,10.315813157439612,"rgba(239, 83, 80, 0.5)"
2026-02-20 00:00:00+00:00,6.13,6.33,5.89,5.95,3067092,-1.0,6.33,5.89,0.0,0.0,0.0,0.0,0.0,,6.623814543038095,,,,6.116666666666666,6.287711843306086,6.6717564776634575,6.867955441009346,7.914967354134205,8.440037662130043,9.041397879622433,9.452456188603295,9.612271650464976,9.873603436071724,10.183166802467769,10.312709318657296,,,,6.287711843306086,,,,6.611377332054188,,,6.6556085065884005,10.312709318657296,#000000
2026-02-23 00:00:00+00:00,5.98,6.235,5.9,6.1,1909799,0.0,0.0,0.0,0.0,0.0,0.0,0.0,0.0,,6.621417823042342,,,,6.08660755513164,6.28107755015719,6.670198019113865,6.866687164318902,7.913971516644532,8.438806551131837,9.039911711388351,9.450808510210694,9.610562191025327,9.871794662723563,10.18124656425209,10.310742918642411,,,,6.28107755015719,,,,6.605940576784497,,,6.65443950282758,10.310742918642411,#000000
2026-02-24 00:00:00+00:00,6.02,6.19,5.97,6.0,1414042,0.0,0.0,0.0,0.0,0.0,0.0,0.0,0.0,,6.619721334830042,,,,6.080720433411939,6.276807002385674,6.669088444949172,6.865775106883866,7.91324337479873,8.437904052307612,9.038820215139683,9.449597309671848,9.609305207048143,9.870464083569612,10.179833368508438,10.30929551143893,,,,6.276807002385674,,,,6.602132271780158,,,6.653607143473692,10.30929551143893,#000000
2026-02-25 00:00:00+00:00,6.11,6.25,5.98,6.1,1778921,0.0,0.0,0.0,0.0,0.0,0.0,0.0,0.0,,6.617803573511008,,,,6.0878216340626565,6.272928596204754,6.667820001808333,6.86470637933177,7.912354493933595,8.436795088430108,9.037472769413808,9.448098755546972,9.607748877657134,9.868814891628164,10.17807988556059,10.307498851815284,,,,6.272928596204754,,,,6.597880045637237,,,6.6526570920620625,10.307498851815284,#000000
2026-02-26 00:00:00+00:00,6.04,6.095,5.96,6.09,1331448,0.0,0.0,0.0,0.0,0.0,0.0,0.0,0.0,,6.61614685589161,,,,6.0799524579192745,6.268719220727314,6.666735136959418,6.863821740659779,7.911659603196338,8.435936617856136,9.036436931157638,9.446950585036912,9.606557734528907,9.867554665844706,10.176742117711086,10.30612896942735,,,,6.268719220727314,,,,6.59421722873329,,,6.651840858535888,10.30612896942735,#000000
2026-02-27 00:00:00+00:00,5.93,6.04,5.91,5.95,1371225,0.0,0.0,0.0,0.0,0.0,0.0,0.0,0.0,,6.614242392550631,,,,6.064824253674727,6.263269896040563,6.665496075226734,6.862834341398001,7.910917228490725,8.435026806061094,9.035345467180361,9.445744123133625,9.605307259254747,9.866233423482864,10.17534148118038,10.304695440433026,,,,6.263269896040563,,,,6.590019891562135,,,6.650905597698475,10.304695440433026,#000000
2026-03-02 00:00:00+00:00,5.95,6.0,5.72,5.78,7412799,0.0,0.0,0.0,0.0,0.0,0.0,0.0,0.0,,6.603054005278549,,,,5.993951191153678,6.230754153528634,6.658215049376176,6.857122645604923,7.906770085729933,8.429981168646789,9.029324433004128,9.439105771337502,9.598432525271274,9.858978552710616,10.167660296592079,10.296837578072244,,,,6.230754153528634,,,,6.565840060918341,,,6.645385223351065,10.296837578072244,#000000
2026-03-03 00:00:00+00:00,5.73,5.88,5.63,5.77,8071546,0.0,0.0,0.0,0.0,0.0,0.0,0.0,0.0,,6.588886816597239,,,,5.918222614011252,6.188815569477835,6.648990400350063,6.850068662053272,7.90195415569145,8.424201096712627,9.022496353713175,9.431614842879721,9.590687525677941,9.850824821339055,10.159048567417848,10.288035910016308,,,,6.188815569477835,,,,6.536146754735695,,,6.638341234951013,10.288035910016308,"rgba(239, 83, 80, 0.5)"
2026-03-04 00:00:00+00:00,5.63,5.77,5.565,5.75,2137641,0.0,0.0,0.0,0.0,0.0,0.0,0.0,0.0,,6.584813134248317,,,,5.89847581392249,6.1768424489358615,6.64633354461638,6.848061539061439,7.900628222851047,8.422622226178673,9.02064231434463,9.429586834370477,9.588592791282624,9.848622717697651,10.15672621781827,10.285663670372777,,,,6.1768424489358615,,,,6.527768380283954,,,6.636304302296835,10.285663670372777,"rgba(239, 83, 80, 1.0)"
2026-03-05 00:00:00+00:00,5.57,5.76,5.53,5.57,1928577,0.0,0.0,0.0,0.0,0.0,0.0,0.0,0.0,,6.581031038291087,,,,5.880822707358127,6.165797844975605,6.643864491250787,6.846203538225284,7.8994146862760175,8.421181320812074,9.018953976660752,9.427742087365154,9.586688038517961,9.84662140031564,10.154616777047165,10.283509361558735,,,,6.165797844975605,,,,6.520047282411977,,,6.634408524110412,10.283509361558735,"rgba(239, 83, 80, 1.0)"
2026-03-06 00:00:00+00:00,5.38,5.51,5.355,5.5,1765435,0.0,0.0,0.0,0.0,0.0,0.0,0.0,0.0,,6.576861782391025,,,,5.855273860016884,6.1524090641123355,6.641164232725224,6.844224104996818,7.8982051309953025,8.419767167577,9.017316802006526,9.425964125410315,9.58485598617049,9.844702261831266,10.152600278426654,10.28145242091247,,,,6.1524090641123355,,,,6.511509771694353,,,6.632329848225757,10.28145242091247,"rgba(239, 83, 80, 1.0)"
2026-03-09 00:00:00+00:00,5.35,5.39,5.14,5.36,2405875,0.0,0.0,0.0,0.0,0.0,0.0,0.0,0.0,,6.5706378592757275,,,,5.816193585040739,6.132027250016661,6.637140218200881,6.841306515313215,7.896478015948216,8.417764201719848,9.015012835964173,9.423470294535958,9.582289145254768,9.84201783972836,10.14978452217989,10.2785820771632,,,,6.132027250016661,,,,6.498817677037773,,,6.629226499314495,10.2785820771632,"rgba(239, 83, 80, 1.0)"
2026-03-10 00:00:00+00:00,5.4,5.42,5.265,5.34,1833146,0.0,0.0,0.0,0.0,0.0,0.0,0.0,0.0,,6.566187479996196,,,,5.793320394452777,6.118348429566704,6.634245323558666,6.839188637276335,7.895198088934243,8.41627311272657,9.013291449151996,9.421603555244046,9.58036653979995,9.840005275776297,10.147671415514807,10.276427195353943,,,,6.118348429566704,,,,6.48986132526875,,,6.626992014723442,10.276427195353943,"rgba(239, 83, 80, 1.0)"
2026-03-11 00:00:00+00:00,5.43,5.45,5.275,5.36,1276682,0.0,0.0,0.0,0.0,0.0,0.0,0.0,0.0,,6.563167016355119,,,,5.7794944835275945,6.109390390422909,6.632273769117798,6.837740470290081,7.894315658376696,8.415243439185193,9.012101213374827,9.42031195672124,9.579035988893613,9.838612004471582,10.146208027731397,10.274934677772926,,,,6.109390390422909,,,,6.483833915243576,,,6.625469082696676,10.274934677772926,"rgba(239, 83, 80, 1.0)"
2026-03-12 00:00:00+00:00,5.05,5.3605,5.03,5.35,2604540,0.0,0.0,0.0,0.0,0.0,0.0,0.0,0.0,,6.555816651030982,,,,5.738615256652514,6.085986539065234,6.627506512312233,6.834312125318916,7.892346664355842,8.412980053982672,9.009516167936722,9.417524180740832,9.576170171002396,9.835620454362427,10.143076179983064,10.271744473460648,,,,6.085986539065234,,,,6.469117700243943,,,6.621779424295731,10.271744473460648,"rgba(239, 83, 80, 1.0)"
2026-03-13 00:00:00+00:00,4.96,5.1,4.93,5.1,2067077,0.0,0.0,0.0,0.0,0.0,0.0,0.0,0.0,,6.549421191316815,,,,5.702423297163749,6.065364043672372,6.62336322094274,6.831359870544232,7.890700630601545,8.411103475940584,9.007387359291958,9.415236561775847,9.573821348534997,9.833172991287764,10.140518777688873,10.269141306515792,,,,6.065364043672372,,,,6.4563664230595545,4.996666666666666,,6.618567429308414,10.269141306515792,"rgba(239, 83, 80, 1.0)"
2026-03-16 00:00:00+00:00,5.03,5.08,4.98,5.0,1268190,0.0,0.0,0.0,0.0,0.0,0.0,0.0,0.0,,6.54560703791607,,,,5.682884304006262,6.053476521423462,6.620883514829279,6.8295861205272255,7.889703305344445,8.409964410371403,9.006093258852129,9.4138448156777,9.572391980469957,9.831682992799289,10.13896118112037,10.267555575703364,,,,6.053476521423462,,,,,5.0093412141616644,,6.6166434589602865,10.267555575703364,"rgba(239, 83, 80, 1.0)"
2026-03-17 00:00:00+00:00,5.18,5.29,5.06,5.07,1743022,0.0,0.0,0.0,0.0,0.0,0.0,0.0,0.0,,6.540900221620647,,,,5.663443773225187,6.039855100270849,6.617800976916894,6.827352163529697,7.888403942148867,8.408467990518899,9.00438155660191,9.411997364983685,9.570492284120602,9.829699127294644,10.13688335506977,10.26543867303262,,,,6.039855100270849,,,,,5.066772357776408,,6.614250449420956,10.26543867303262,"rgba(239, 83, 80, 0.75)"
2026-03-18 00:00:00+00:00,5.09,5.19,5.05,5.11,1373667,0.0,0.0,0.0,0.0,0.0,0.0,0.0,0.0,,6.5370333883392036,,,,5.647185525221265,6.028608377327945,6.6152689476649,6.825524910279961,7.887355643577046,8.407265337749685,9.003010174086683,9.410519633032388,9.568973601090994,9.828114460030083,10.135225063991056,10.263749752583392,,,,6.028608377327945,,,,,5.075975828105461,,6.612282928922132,10.263749752583392,"rgba(239, 83, 80, 0.75)"
2026-03-19 00:00:00+00:00,5.03,5.095,4.945,5.01,1495394,0.0,0.0,0.0,0.0,0.0,0.0,0.0,0.0,,6.532593374340479,,,,5.627853161506553,6.015543998099685,6.612364047851154,6.8234398829015905,7.886179766758268,8.405922722942403,9.001485153767648,9.408879710246405,9.5672894050569,9.826358911495731,10.13338995510839,10.261881529724747,,,,6.015543998099685,,,,,5.0660704796777125,,6.610023672830003,10.261881529724747,"rgba(239, 83, 80, 0.75)"
2026-03-20 00:00:00+00:00,5.01,5.12,4.94,5.03,1866345,0.0,0.0,0.0,0.0,0.0,0.0,0.0,0.0,,6.527088367022924,,,,5.605343442486721,5.999707596951537,6.608753390286099,6.82084439701043,7.884713552979566,8.404248549769225,8.999583472127991,9.406834703411906,9.565189173324262,9.824169676273138,10.131101472274937,10.259551738905195,,,,5.999707596951537,,,,,5.057942831590616,,6.607212977239668,10.259551738905195,"rgba(239, 83, 80, 0.75)"
2026-03-23 00:00:00+00:00,5.1,5.19,5.005,5.14,1910682,0.0,0.0,0.0,0.0,0.0,0.0,0.0,0.0,,6.52177304733798,,,,5.586725788501412,5.9852160325507615,6.605247977647658,6.818305539227944,7.8832533660463415,8.402574303681357,8.99767518265025,9.404778876721117,9.563076530588665,9.821965480923849,10.12879511658717,10.257202879531956,,,,5.9852160325507615,,,,,5.064525134825217,,6.604481573886576,10.257202879531956,"rgba(239, 83, 80, 0.75)"
2026-03-24 00:00:00+00:00,4.99,5.05,4.93,5.05,1157745,0.0,0.0,0.0,0.0,0.0,0.0,0.0,0.0,,6.518327861537238,,,,5.573737543747309,5.975614474937039,6.602979707330686,6.816674133680399,7.882334946398477,8.401527413929047,8.996487695897024,9.403502825299897,9.561766345500594,9.82060027863481,10.12736857450004,10.255750802743243,,,,5.975614474937039,,,,,5.057827394948338,,6.602712635407605,10.255750802743243,"rgba(239, 83, 80, 0.75)"
2026-03-25 00:00:00+00:00,5.08,5.215,5.0481,5.07,1114489,0.0,0.0,0.0,0.0,0.0,0.0,0.0,0.0,,6.515294690361497,,,,5.564310046897932,5.967689451724958,6.60097008890449,6.815213164171707,7.881489383359386,8.400556961138182,8.995380704248921,9.402309741076044,9.560540111213058,9.819320627944908,10.126029304972851,10.25438673096646,,,,5.967689451724958,,,,,5.062329370204926,,6.601144481874846,10.25438673096646,"rgba(239, 83, 80, 0.75)"
2026-03-26 00:00:00+00:00,5.12,5.255,5.01,5.01,1358110,0.0,0.0,0.0,0.0,0.0,0.0,0.0,0.0,,6.5116528284534665,,,,5.55367283487446,5.95838190806574,6.59855144065234,6.8134508128358275,7.880464880366753,8.399380169986259,8.994037435094253,9.400861484985546,9.559051433881711,9.817766819437857,10.124402791198184,10.252729972996455,,,,5.95838190806574,,,,,5.068167355953044,,6.599255909383156,10.252729972996455,"rgba(239, 83, 80, 0.5)"
2026-03-27 00:00:00+00:00,5.02,5.14,4.9901,5.13,1190614,0.0,0.0,0.0,0.0,0.0,0.0,0.0,0.0,,6.508295986421498,,,,5.543125834572866,5.949636584632809,6.596325033749774,6.811837190336385,7.87954182140675,8.39832453037736,8.992836762180065,9.399569396616803,9.557724128920574,9.816382758684714,10.122955412614505,10.25125624461455,,,,5.949636584632809,,,,,5.066862418869126,,6.597516312921499,10.25125624461455,"rgba(239, 83, 80, 0.5)"
2026-03-30 00:00:00+00:00,5.03,5.1,4.995,5.06,1801476,0.0,0.0,0.0,0.0,0.0,0.0,0.0,0.0,,6.503217107245095,,,,5.52772462856034,5.936599772520016,6.592950319825031,6.809389713899203,7.878142191150017,8.39672455585082,8.991017603521348,9.397612083926326,9.555713590836632,9.81428643898719,10.120763395012165,10.249024400522103,,,,5.936599772520016,,,,,5.064388444351446,,6.594877415058311,10.249024400522103,"rgba(239, 83, 80, 0.5)"
2026-03-31 00:00:00+00:00,5.4,5.41,5.1,5.1,1827144,0.0,0.0,0.0,0.0,0.0,0.0,0.0,0.0,,6.499017503700263,,,,5.520945912451175,5.927510025648709,6.590117284914193,6.807280695607465,7.876854854491894,8.3952297829101,8.989296368702869,9.395747823465554,9.553794333648122,9.81227859843831,10.118656514537332,10.246876357591326,,,,5.927510025648709,,,,,5.086029551424102,,6.592659412622661,10.246876357591326,"rgba(239, 83, 80, 0.5)"
2026-04-01 00:00:00+00:00,5.58,5.62,5.4,5.42,1339134,0.0,0.0,0.0,0.0,0.0,0.0,0.0,0.0,,6.496546673717465,,,,5.5212142385300185,5.923406448563474,6.588418532946062,6.805974535678006,7.8759964178707005,8.394216590855855,8.988114530022926,9.394459293829758,9.552464845223259,9.810883171035718,10.11718722797346,10.245376408618943,,,,5.923406448563474,,,,,5.113873051847645,,6.5913277707893165,10.245376408618943,#000000
2026-04-02 00:00:00+00:00,5.35,5.595,5.35,5.46,1624939,0.0,0.0,0.0,0.0,0.0,0.0,0.0,0.0,,6.493250764960209,,,,5.518920831280958,5.917272103230961,6.586166624600284,6.804266873506672,7.874910444646529,8.392944465129354,8.986639372469831,9.392855774735708,9.5508120127042,9.809150930747638,10.115366107822727,10.243518371998842,,,,5.917272103230961,,,,,5.1361910833873425,,6.589561570571989,10.243518371998842,#000000
2026-04-06 00:00:00+00:00,5.41,5.435,5.33,5.38,735274,0.0,0.0,0.0,0.0,0.0,0.0,0.0,0.0,,6.491710141513097,,,,5.517462999231717,5.9143218433078335,6.585115325266541,6.803473084237997,7.874411326308075,8.392361425164983,8.985964769573538,9.39212329687466,9.55005729431112,9.808360395661682,10.11453549471085,10.242671109100685,,,,5.9143218433078335,,,,,5.144059477714198,,6.58873659609739,10.242671109100685,"rgba(38, 166, 154, 1.0)"
2026-04-07 00:00:00+00:00,5.26,5.355,5.19,5.35,1203109,0.0,0.0,0.0,0.0,0.0,0.0,0.0,0.0,,6.488916940797938,,,,5.512878930673775,5.908442749185666,6.583221739794341,6.80206285244759,7.873554516285418,8.391368709673914,8.984823623151582,9.390888408626655,9.548786350538101,9.80703137052575,10.113141539301845,10.241250162907463,,,,5.908442749185666,,,,,5.150021853835729,,6.587250335284856,10.241250162907463,#000000
2026-04-08 00:00:00+00:00,5.35,5.51,5.265,5.45,1183925,0.0,0.0,0.0,0.0,0.0,0.0,0.0,0.0,,6.486419821706428,,,,5.5104267673849625,5.903707743480476,6.581514389020126,6.800773972457635,7.87274641706165,8.390425783419582,8.983733566483533,9.389705356138078,9.54756755665754,9.80575501487147,10.111800777311533,10.23988264209545,,,,5.903707743480476,,,,,5.160164802947177,,6.585909056111312,10.23988264209545,#000000
2026-04-09 00:00:00+00:00,5.39,5.39,5.225,5.31,897886,0.0,0.0,0.0,0.0,0.0,0.0,0.0,0.0,,6.4844655748409705,,,,5.508092096185607,5.899904929659876,6.580179930033237,6.799770660424158,7.8721240958866625,8.389701582453577,8.98289815044979,9.388799661768472,9.546634844217182,9.804778785388581,10.110775869967398,10.238837506611587,,,,5.899904929659876,,,,,5.165945081042738,,6.5848602738301745,10.238837506611587,"rgba(38, 166, 154, 1.0)"
2026-04-10 00:00:00+00:00,5.6,5.63,5.41,5.46,1699730,0.0,0.0,0.0,0.0,0.0,0.0,0.0,0.0,,6.48146212036427,,,,5.509040042751293,5.895489433772616,6.5780896547702845,6.798149027744035,7.871045069844528,8.38842651407942,8.981409428434006,9.387175722063693,9.54495899795784,9.803019374011598,10.108922825325322,10.236945592648189,,,,5.895489433772616,,,,,5.188369537938796,,6.583215114555456,10.236945592648189,"rgba(38, 166, 154, 1.0)"
2026-04-13 00:00:00+00:00,5.72,5.75,5.54,5.56,803667,0.0,0.0,0.0,0.0,0.0,0.0,0.0,0.0,,6.480235193627847,,,,5.510888799225402,5.89416455881767,6.57722209931816,6.79745916547684,7.870562285260068,8.38785018173978,8.980731238528909,9.38643301079797,9.544191539418897,9.802212084884971,10.108070863209285,10.236075096583095,,,,5.89416455881767,,,,,5.201419078779886,,6.58253140190712,10.236075096583095,"rgba(38, 166, 154, 1.0)"
2026-04-14 00:00:00+00:00,5.68,5.85,5.68,5.76,985827,0.0,0.0,0.0,0.0,0.0,0.0,0.0,0.0,,6.478858646107291,,,,5.514025633974308,5.893037545252616,6.576238199698219,6.79666405900672,7.869988293883434,8.387160884044947,8.979916452805304,9.38553869660187,9.543266735556465,9.80123821484055,10.107041932826615,10.235023329841079,,,,5.893037545252616,,,,,5.218636223850431,,6.581755284635027,10.235023329841079,"rgba(38, 166, 154, 1.0)"
2026-04-15 00:00:00+00:00,5.74,5.82,5.695,5.71,635123,0.0,0.0,0.0,0.0,0.0,0.0,0.0,0.0,,6.477992365182156,,,,5.5161338679022025,5.89238880037634,6.57561684081,6.796159679400399,7.869621260157028,8.386719503186374,8.979394167370003,9.384965130772915,9.542673511729477,9.80061335677378,10.106381571112495,10.234348243939554,,,,5.89238880037634,,,,,5.2294582216835614,,6.581264883607984,10.234348243939554,"rgba(38, 166, 154, 1.0)"
2026-04-16 00:00:00+00:00,5.82,5.86,5.73,5.77,840098,0.0,0.0,0.0,0.0,0.0,0.0,0.0,0.0,,6.476930957251012,,,,5.519464958836819,5.891851498327549,6.57484783365428,6.795526232031664,7.869147806474272,8.386147344268252,8.978714637145945,9.38421751918184,9.541899810509463,9.799797675753153,10.105518756402724,10.233465886442517,,,,5.891851498327549,,,,,5.244466668321779,,6.580657446718801,10.233465886442517,"rgba(38, 166, 154, 1.0)"
2026-04-17 00:00:00+00:00,5.9,5.95,5.83,5.9,1603561,0.0,0.0,0.0,0.0,0.0,0.0,0.0,0.0,,6.475183667970156,,,,5.5275627609151226,5.891868369311197,6.573554949585325,6.794428835458768,7.868284035800811,8.385093954261725,8.977455111490093,9.38282720464561,9.540459405522606,9.798276686810723,10.103907227296052,10.231816832534367,,,,5.891868369311197,,,,,5.275317947575795,,6.579634554009371,10.231816832534367,"rgba(38, 166, 154, 1.0)"
2026-04-20 00:00:00+00:00,5.91,5.97,5.8,5.85,1268923,0.0,0.0,0.0,0.0,0.0,0.0,0.0,0.0,,6.473808408456214,,,,5.533726247467059,5.8918814497446235,6.572535341598214,6.793562338623267,7.867601055587719,8.384261020969767,8.976459157656398,9.38172781157059,9.53932039624892,9.797073943558933,10.102632872701976,10.230512798169542,,,,5.8918814497446235,,,,,5.297727164708237,,6.5788272782539945,10.230512798169542,"rgba(38, 166, 154, 1.0)"
2026-04-21 00:00:00+00:00,5.73,5.915,5.71,5.89,1503516,0.0,0.0,0.0,0.0,0.0,0.0,0.0,0.0,,6.471884740888252,,,,5.538644965392131,5.8907625278222175,6.571139117942449,6.792414509748682,7.866748048159438,8.383231928019907,8.975238472615422,9.38038563757191,9.537931659510164,9.795610279400794,10.101085083624175,10.228930125536321,,,,5.8907625278222175,,,,,5.317799747200813,,6.577722433972994,10.228930125536321,"rgba(38, 166, 154, 0.75)"
2026-04-22 00:00:00+00:00,5.68,5.79,5.56,5.78,870562,0.0,0.0,0.0,0.0,0.0,0.0,0.0,0.0,,6.470600910150885,,,,5.540191818464373,5.889472578089462,6.570221846298285,6.791679748888643,7.866228775269112,8.38261160868675,8.974508114674196,9.379585550784045,9.537104828332698,9.794740401535261,10.10016691219646,10.227991918355144,,,,5.889472578089462,,,,,5.326159992019994,,6.576996881993789,10.227991918355144,"rgba(38, 166, 154, 0.75)"
2026-04-23 00:00:00+00:00,5.54,5.73,5.505,5.69,1437533,0.0,0.0,0.0,0.0,0.0,0.0,0.0,0.0,,6.468264011946795,,,,5.541127118941546,5.8865388728857955,6.56856760201992,6.790376245841887,7.865338588136869,8.381555759549775,8.973271737962548,9.378234838126598,9.535710236692696,9.793275170416258,10.098622479456445,10.226414613639307,,,,5.8865388728857955,,,,,5.335995252342018,,6.5756884844957595,10.226414613639307,"rgba(38, 166, 154, 0.75)"
2026-04-24 00:00:00+00:00,5.63,5.63,5.49,5.62,1335657,0.0,0.0,0.0,0.0,0.0,0.0,0.0,0.0,,6.4660833003092995,,,,5.541827829866991,5.883788823941899,6.5670225278101455,6.78915925360874,7.86450908242744,8.380572524558035,8.972120962355902,9.376977951615789,9.534412625200002,9.79191199515752,10.097185795033283,10.22494741857557,,,,5.883788823941899,,,,,5.344224921790753,,6.574465652865489,10.22494741857557,"rgba(38, 166, 154, 0.75)"
2026-04-27 00:00:00+00:00,5.58,5.78,5.57,5.62,1469430,0.0,0.0,0.0,0.0,0.0,0.0,0.0,0.0,,6.4638587870159325,,,,5.543648558731356,5.881413187941605,6.565431634653095,6.787889684830206,7.863621178496947,8.379514796689511,8.97087823252862,9.375617997440271,9.533007698930826,9.790434676422986,10.095627270645108,10.223355198557343,,,,5.881413187941605,,,,,5.354787270826794,,6.573205055097878,10.223355198557343,"rgba(38, 166, 154, 0.75)"
2026-04-28 00:00:00+00:00,5.67,5.79,5.6,5.62,2609502,0.0,0.0,0.0,0.0,0.0,0.0,0.0,0.0,,6.4601449402312285,,,,5.5480636245458665,5.878055270564454,6.562752032559535,6.785727126119912,7.862076873953638,8.377668149767167,8.968702313856658,9.373233361286669,9.530543012964038,9.787841142971883,10.09288914779234,10.220557091503732,,,,5.878055270564454,,,,,5.374371474556863,,6.571078735584465,10.220557091503732,"rgba(38, 166, 154, 0.75)"
2026-04-29 00:00:00+00:00,5.59,5.66,5.465,5.59,1604629,0.0,0.0,0.0,0.0,0.0,0.0,0.0,0.0,,6.4575418744420805,,,,5.548503332407731,5.874840800061574,6.560897168549439,6.784262840415511,7.8610781982977,8.376485397450509,8.967318901211202,9.371722842197459,9.52898370587897,9.786203286328305,10.091163215424222,10.218794600154654,,,,5.874840800061574,,,,,5.381279904814546,,6.569606922960083,10.218794600154654,#000000
2026-04-30 00:00:00+00:00,5.72,6.29,5.71,5.85,6284313,0.0,0.0,0.0,0.0,0.0,0.0,0.0,0.0,,6.451292739091866,,,,5.5728577293606145,5.876096866489291,6.556136769651215,6.7801369582848725,7.857746471380989,8.372414990525357,8.962445224842496,9.366339130937206,9.52340465997938,9.780309965163923,10.084916589779034,10.212401549575784,,,,5.876096866489291,5.906666666666666,,,,5.444639649453387,,6.565805310181788,10.212401549575784,"rgba(38, 166, 154, 0.75)"
2026-05-01 00:00:00+00:00,5.65,5.72,5.38,5.72,3147954,0.0,0.0,0.0,0.0,0.0,0.0,0.0,0.0,,6.446388452887085,,,,5.5732027931823565,5.870421188337857,6.552603895633768,6.777325096325809,7.855805931350419,8.3701143637807,8.959752018887638,9.36339714101546,9.520367181608083,9.777118743085698,10.081552918957238,10.20896630041078,,,,,5.798756398647324,,,,5.45254075672059,,6.562991216866672,10.20896630041078,"rgba(38, 166, 154, 0.75)"
2026-05-04 00:00:00+00:00,5.53,5.83,5.52,5.65,2572329,0.0,0.0,0.0,0.0,0.0,0.0,0.0,0.0,,6.4426210643082005,,,,5.574604134037213,5.866619945580798,6.549864240826657,6.775120227913912,7.8542528796682385,8.368266426936678,8.957582672958166,9.361024029285629,9.517915882580905,9.774541565991441,10.078834490773334,10.206189254857303,,,,,5.761881237819248,,,,5.460285952407482,,6.560804827165814,10.206189254857303,#000000
2026-05-05 00:00:00+00:00,5.64,5.73,5.55,5.55,1290594,0.0,0.0,0.0,0.0,0.0,0.0,0.0,0.0,,6.440774572687047,,,,5.575452968039667,5.864860606979987,6.548515558096538,6.774029983381727,7.853479153526383,8.367344718419368,8.956499680421308,9.359838769208597,9.516691384510262,9.773253897494094,10.077475925896952,10.204801270656084,,,,,5.750049951899896,,,,5.464209045802599,,6.559727312044627,10.204801270656084,#000000
2026-05-06 00:00:00+00:00,5.65,5.72,5.595,5.69,1227154,0.0,0.0,0.0,0.0,0.0,0.0,0.0,0.0,,6.439059449939057,,,,5.576422760197564,5.863322815105684,6.547257985490117,6.773008957471666,7.852748943893104,8.36647371141852,8.955475233141936,9.358717013201511,9.515532296705556,9.772034709541629,10.076189277260486,10.203486630290115,,,,,5.742018126688088,,,,5.468088687639996,,6.558721770643926,10.203486630290115,#000000
2026-05-07 00:00:00+00:00,5.73,5.89,5.645,5.66,2125071,-1.0,5.89,5.645,0.0,0.0,0.0,0.0,0.0,,6.436483561808472,,,5.754999999999999,5.580114931119908,5.861965487477399,6.54533172621389,6.7714029951442285,7.851543065894786,8.365022283895835,8.953756399287867,9.356828471864057,9.513578691526865,9.769976379956319,10.074013304743266,10.201261866281378,,,,,5.7436752850217285,,,,5.477848152600532,,6.557177841752985,10.201261866281378,"rgba(38, 166, 154, 0.75)"
2026-05-08 00:00:00+00:00,5.75,5.8,5.64,5.7,1250645,0.0,0.0,0.0,0.0,0.0,0.0,0.0,0.0,,6.434921369720204,,,5.745737927894408,5.581916795508396,5.860999448112526,6.544166736531091,6.770437032876506,7.850825576610987,8.364160670260052,8.95273779615601,9.355710246044962,9.512422264873546,9.768758462599921,10.072726320637193,10.199946233863411,,,,,5.742719710683727,,,,5.48279687285102,,6.556243748243049,10.199946233863411,"rgba(38, 166, 154, 1.0)"
2026-05-11 00:00:00+00:00,5.37,5.76,5.3201,5.73,2037499,0.0,0.0,0.0,0.0,0.0,0.0,0.0,0.0,,6.43150576361581,,,5.646983087678333,5.580023751218772,5.856548846634946,6.54170311017479,6.768495024048296,7.849521899161709,8.36262685682775,8.950952815957923,9.35376613242271,9.51041702775249,9.766654782808589,10.070512268134532,10.197686346246574,,,,,5.7162127254604025,,,,5.482814526852846,,6.554273565404119,10.197686346246574,#000000
2026-05-12 00:00:00+00:00,5.41,5.43,5.31,5.38,982107,0.0,0.0,0.0,0.0,0.0,0.0,0.0,0.0,,6.42969535173863,,,5.606495326578813,5.578219298343584,5.853875783403603,6.540407829085082,6.767488335710254,7.848867473793415,8.36186245171218,8.950068281243713,9.352805533873005,9.509427192355163,9.765617848906759,10.069422566058368,10.196574720180658,,,,,5.700583678645918,,,,5.481350699471827,,6.553238021664793,10.196574720180658,"rgba(239, 83, 80, 0.5)"
2026-05-13 00:00:00+00:00,5.29,5.41,5.25,5.41,2102528,0.0,0.0,0.0,0.0,0.0,0.0,0.0,0.0,,6.42559490587551,,,5.5347862622075,5.57318130627929,5.84745694853614,6.537485353059204,6.765234530421741,7.84742977362833,8.360190706798969,8.948140746188425,9.350716101715934,9.507275501816293,9.763365848393581,10.06705823310127,10.194163700332906,,,,,5.665518975569883,,,,5.476321330808206,,6.55090126001968,10.194163700332906,"rgba(239, 83, 80, 0.5)"
2026-05-14 00:00:00+00:00,5.45,5.51,5.3,5.33,1474832,0.0,0.0,0.0,0.0,0.0,0.0,0.0,0.0,,6.423002949431043,,,5.517810843492252,5.571139209616393,5.843904063357533,6.535616491726968,6.763770236897241,7.8464634008479415,8.359058922024504,8.946828322791553,9.349289256251966,9.505804686585265,9.761824205290822,10.065437205221551,10.192509695669504,,,,,5.650736413519218,,,,5.475140111913833,,6.54940417871169,10.192509695669504,"rgba(239, 83, 80, 0.5)"
2026-05-15 00:00:00+00:00,5.42,5.49,5.295,5.44,1037202,0.0,0.0,0.0,0.0,0.0,0.0,0.0,0.0,,6.421154925220568,,,5.506869313818383,5.5695650892561135,5.841334059102991,6.534284383890549,6.7627283304382155,7.845779111168364,8.358258534117901,8.945901127324968,9.348281742865495,9.504766304795789,9.760736097269264,10.064293369093864,10.19134270775932,,,,,5.640618391716539,,,,5.474072164630779,,6.54833664908385,10.19134270775932,"rgba(239, 83, 80, 0.5)"
2026-05-18 00:00:00+00:00,5.34,5.48,5.32,5.42,781620,0.0,0.0,0.0,0.0,0.0,0.0,0.0,0.0,,6.419737191095801,,,5.4984595644711645,5.5682474395002695,5.839322520207836,6.533263429400805,6.761931735564262,7.845259124599322,8.357651241874187,8.945198457531996,9.347518669145803,9.503980012581414,9.759912400100433,10.063427758070443,10.190459682122974,,,,,5.632877047792477,,,,5.4730529123348255,,6.547518309838647,10.190459682122974,"rgba(239, 83, 80, 0.5)"
2026-05-19 00:00:00+00:00,5.32,5.43,5.3,5.43,1768959,0.0,0.0,0.0,0.0,0.0,0.0,0.0,0.0,,6.416450625595981,,,5.479093051490941,5.564867304350896,5.834541004848697,6.53089953203187,6.760093206202125,7.84406879155849,8.356263896647093,8.943595827337578,9.345779716965522,9.50218864872257,9.75803659472167,10.061457350534239,10.188449962940872,,,,,5.615058391004147,,,,5.470107720489763,,6.54562299334842,10.188449962940872,"rgba(239, 83, 80, 1.0)"
2026-05-20 00:00:00+00:00,5.5,5.61,5.24,5.31,1854721,0.0,0.0,0.0,0.0,0.0,0.0,0.0,0.0,,6.413347431339211,,,5.475592639588344,5.563031837614697,5.830641163624966,6.528640176432752,6.758307017396536,7.842871959760997,8.354859004617303,8.941963748999122,9.344003670525842,9.500357289405176,9.756116138660683,10.059436994496087,10.186388113851363,,,,,5.6048325211854495,,,,5.469615475444106,,6.543807889604891,10.186388113851363,"rgba(239, 83, 80, 0.5)"
2026-05-21 00:00:00+00:00,5.45,5.47,5.32,5.45,1221228,0.0,0.0,0.0,0.0,0.0,0.0,0.0,0.0,,6.4112376552854276,,,5.471022374794517,5.561473217582453,5.827873020456846,6.527107274128053,6.757100683815952,7.842072501978958,8.353923037700921,8.940878675619023,9.342824125931536,9.499141439301166,9.75484180308383,10.058097097209115,10.185020980911233,,,,,5.597326952921355,,,,5.468722657836137,,6.542576073761481,10.185020980911233,"rgba(239, 83, 80, 0.5)"
2026-05-22 00:00:00+00:00,5.47,5.565,5.38,5.48,1622366,0.0,0.0,0.0,0.0,0.0,0.0,0.0,0.0,,6.408611645094787,,,5.471079622723565,5.560247989235866,5.824761480118173,6.5251836786552335,6.755570870860446,7.841036747763689,8.352705201147527,8.939462038941763,9.341281475365825,9.497550380748844,9.753172772291949,10.056340617444754,10.183228183247428,,,,,5.591107916978355,,,,5.468783419010494,,6.541028107122746,10.183228183247428,"rgba(239, 83, 80, 0.5)"
2026-05-26 00:00:00+00:00,5.4,5.595,5.33,5.53,1296707,0.0,0.0,0.0,0.0,0.0,0.0,0.0,0.0,,6.406456420619741,,,5.469129275493125,5.5589688782236735,5.822105337145791,6.523607604963079,6.754322244919656,7.840199078437979,8.351722433778225,8.938320808526807,9.340039814046202,9.496270130880719,9.75183036191752,10.054928504401575,10.181787118194045,,,,,5.58542147740593,,,,5.468343358855396,,6.53975945975278,10.181787118194045,"rgba(239, 83, 80, 0.5)"
2026-05-27 00:00:00+00:00,5.39,5.61,5.375,5.42,1806823,0.0,0.0,0.0,0.0,0.0,0.0,0.0,0.0,,6.403520917736747,,,5.468216155216,5.557478700291924,5.818624588585701,6.521452856230626,6.752608409972867,7.83904095409446,8.350361994627665,8.936739440409296,9.338318400364855,9.494494913489211,9.749968476963614,10.05296941923104,10.179787662683903,,,,,5.579022480371274,,,,5.468122012576446,,6.53802336561669,10.179787662683903,"rgba(239, 83, 80, 0.5)"
2026-05-28 00:00:00+00:00,5.41,5.47,5.33,5.4,1535302,0.0,0.0,0.0,0.0,0.0,0.0,0.0,0.0,,6.40089647929335,,,5.463865713130468,5.555563275898102,5.815275261338903,6.519534382629165,6.751093946948507,7.838035037721679,8.349185035541781,8.935375613055525,9.336836154562866,9.492967155174005,9.7483673968381,10.051286136858142,10.178070229992178,,,,,5.571814136426606,,,,5.466927117113812,,6.536477613574558,10.178070229992178,"rgba(239, 83, 80, 0.5)"
2026-05-29 00:00:00+00:00,5.36,5.41,5.285,5.39,2526462,0.0,0.0,0.0,0.0,0.0,0.0,0.0,0.0,,6.396385474385434,,,5.452716176292818,5.551477518606457,5.80920301540079,6.516246201701734,6.748513909285008,7.836346440378774,8.34721636750233,8.933100820663642,9.334367423555383,9.490423859062917,9.74570395895363,10.04848805115854,10.175216191719224,,,,,5.557890629077545,,,,5.463532072067412,,6.5338275388213924,10.175216191719224,"rgba(239, 83, 80, 0.75)"
2026-06-01 00:00:00+00:00,5.31,5.425,5.22,5.32,1536023,0.0,0.0,0.0,0.0,0.0,0.0,0.0,0.0,,6.393574909121432,,,5.445059855438194,5.548671354019114,5.805325045862873,6.514199146982084,6.746912637642546,7.835307180215655,8.34600742760389,8.931706358347055,9.332855444490601,9.488866686544196,9.744073962820774,10.046776454480055,10.17347068056554,,,,,5.549020236570468,,,,5.460977580704253,,6.532176882234202,10.17347068056554,"rgba(239, 83, 80, 1.0)"
2026-06-02 00:00:00+00:00,5.01,5.31,4.99,5.31,3975013,0.0,0.0,0.0,0.0,0.0,0.0,0.0,0.0,,6.384928305754848,,,5.401149636414178,5.535219003335562,5.791260634390133,6.507987390325052,6.742164217794233,7.832392304455685,8.342661488838722,8.927888250853986,9.328738665071253,9.484634868502647,9.73965667959389,10.042151686210481,10.168759585904457,,,,,5.5100472815025645,,,,5.445403664369966,,6.527173015169463,10.168759585904457,"rgba(239, 83, 80, 1.0)"
2026-06-03 00:00:00+00:00,4.95,5.03,4.94,5.0,2580167,0.0,0.0,0.0,0.0,0.0,0.0,0.0,0.0,,6.378814539770486,,,5.368214280601904,5.524413806289938,5.780760324772257,6.503614091994008,6.738853361284142,7.830413626024499,8.340406333397652,8.925329902227489,9.32598868313274,9.4818110046535,9.736713664619282,10.039075498876763,10.165627954088551,,,,,5.481219632540489,,,,5.432427171855335,,6.523648897060486,10.165627954088551,"rgba(239, 83, 80, 1.0)"
2026-06-04 00:00:00+00:00,5.26,5.28,5.0,5.06,3176702,0.0,0.0,0.0,0.0,0.0,0.0,0.0,0.0,,6.372455820290402,,,5.351919146610715,5.516447971244716,5.771412584812213,6.498986366611273,6.735269193957594,7.828157182200954,8.33780409539789,8.922349086900121,9.32276820349622,9.478498264946813,9.733252204462287,10.035447526458645,10.161930729294196,,,,,5.462535698233703,,,,5.424163740132394,,6.519907380375493,10.161930729294196,"rgba(239, 83, 80, 0.75)"
2026-06-05 00:00:00+00:00,5.37,5.385,5.16,5.27,1840600,0.0,0.0,0.0,0.0,0.0,0.0,0.0,0.0,,6.36918529239122,,,5.349677942207188,5.513651850392722,5.767245227333825,6.4965725202886855,6.733366339547403,7.826913172000623,8.336357909080373,8.92068177007175,9.32096075951077,9.47663692614299,9.731304012360107,10.033401987939225,10.159844729429322,,,,,5.457070414322169,,,,5.421945589024652,,6.517950393706166,10.159844729429322,"rgba(239, 83, 80, 0.75)"
2026-06-08 00:00:00+00:00,5.11,5.39,5.09,5.37,1855383,-1.0,5.39,5.09,0.0,-1.0,5.39,5.09,0.0,,6.365575164229915,,5.196666666666667,5.342648755304799,5.5094820556158215,5.762152082108627,6.493928820398714,6.73130822810345,7.825606596671788,8.334849454347966,8.91895230592171,9.319091339644602,9.474713635592805,9.729293884936151,10.031294608949539,10.157696906887288,,,,,5.448271543229846,,,,5.417796352362306,,6.515808438791213,10.157696906887288,"rgba(239, 83, 80, 0.75)"
2026-06-09 00:00:00+00:00,5.17,5.255,5.085,5.17,1807485,0.0,0.0,0.0,0.0,0.0,0.0,0.0,0.0,,6.361999800902972,,5.183507688510751,5.335253169466514,5.505186656064782,5.757047211147407,6.491310960383335,6.72927379507551,7.824322100680767,8.333368859260464,8.917256974015038,9.317260039105097,9.472829988836056,9.727325852558126,10.02923208455201,10.155595081315544,,,,,5.439403573423851,,,,5.413428576588923,,6.513686400142511,10.155595081315544,"rgba(239, 83, 80, 0.75)"
2026-06-10 00:00:00+00:00,5.15,5.325,5.1,5.1,1933467,0.0,0.0,0.0,0.0,0.0,0.0,0.0,0.0,,6.358267919813686,,5.186326518158759,5.32896206116072,5.500999921597398,5.7518810514589385,6.488567803054726,6.727133580712551,7.822960654587692,8.331797436480798,8.915455649559748,9.315313110113635,9.470827012498432,9.725232527637939,10.027037567257175,10.153358480572777,,,,,5.431236806562165,,,,5.409324626761118,,6.511460333588792,10.153358480572777,"rgba(239, 83, 80, 0.75)"
2026-06-11 00:00:00+00:00,5.16,5.25,5.13,5.17,1441217,0.0,0.0,0.0,0.0,0.0,0.0,0.0,0.0,,6.355473935829357,,5.185030913448312,5.32425093438511,5.497836143055748,5.7480122425871025,6.486512232893747,6.725530032760605,7.821942245279957,8.330622763314528,8.914109861863206,9.313858950904878,9.469331134378777,9.72366939595456,10.025399112987165,10.15168869965061,,,,,5.425211313874534,,,,5.40620423988569,,6.509791256897971,10.15168869965061,"rgba(239, 83, 80, 0.75)"
2026-06-12 00:00:00+00:00,5.06,5.22,5.045,5.2,1853529,0.0,0.0,0.0,0.0,0.0,0.0,0.0,0.0,,6.351682158233704,,5.16904172282313,5.315811907282648,5.492960730462268,5.742494754607332,6.483733574363433,6.723377209024435,7.820598138537679,8.329078984104012,8.912347297111744,9.311957883618788,9.467376721100319,9.721628970392166,10.023262404856228,10.149511933259172,,,,,5.415729789523786,,,,5.401081272363843,,6.507535467622914,10.149511933259172,"rgba(239, 83, 80, 0.75)"
2026-06-15 00:00:00+00:00,4.99,5.166,4.965,5.13,2308572,0.0,0.0,0.0,0.0,0.0,0.0,0.0,0.0,,6.346735086239466,,5.142511205838252,5.303024181447323,5.48601261126372,5.735031647960903,6.4801180509254594,6.720591308335084,7.818883988391601,8.32711772083232,8.91011510119142,9.309554241132233,9.46490701083518,9.719052717672634,10.02056694456685,10.14676685977831,,,,,5.402242348961803,,,,5.393515789080542,,6.504599963680316,10.14676685977831,"rgba(239, 83, 80, 0.75)"
2026-06-16 00:00:00+00:00,4.96,5.05,4.89,5.04,2142593,0.0,0.0,0.0,0.0,0.0,0.0,0.0,0.0,,6.3419199459348174,,5.11427283587286,5.289131560422545,5.478717436444261,5.72752608346798,6.476607779685302,6.717900946456591,7.817252841284536,8.325258807535846,8.908006300605466,9.307287380113152,9.462579207208117,9.716626618218775,10.018030921630025,10.144185070464538,,,,,5.3881866075797085,,,,5.385366276558495,,6.501749465415481,10.144185070464538,"rgba(239, 83, 80, 1.0)"
2026-06-17 00:00:00+00:00,4.76,4.9907,4.745,4.97,1822867,0.0,0.0,0.0,0.0,0.0,0.0,0.0,0.0,,6.337450856357539,,5.0803312408310655,5.2736099928680975,5.47107878641579,5.720144262471812,6.473368711346566,6.715442897165488,7.815801029783177,8.323615511857717,8.90615267249252,9.305300830468319,9.460541355786862,9.714505993259914,10.015817827334722,10.141933449949493,,,,,5.3733224036202225,,,,5.376519887493539,4.8319,6.4991204591965515,10.141933449949493,"rgba(239, 83, 80, 1.0)"
