date,Close,High,Low,Open,Volume,OB_c0,OB_High_c0,OB_Low_c0,OB_Mitigated_Index_c0,OB,OB_High,OB_Low,OB_Mitigated_Index,aVWAP_OB_bull_c0_994,aVWAP_OB_bull_c0_957,aVWAP_OB_bull_c0_811,aVWAP_OB_bull_c0_748,aVWAP_OB_bull_c0_330,aVWAP_OB_bear_c0_913,aVWAP_QQEMOD_bull_dot_c0_1052,aVWAP_QQEMOD_bull_dot_c0_1076,aVWAP_QQEMOD_bull_dot_c0_1148,aVWAP_QQEMOD_bull_dot_c0_1215,aVWAP_QQEMOD_bull_dot_c0_1245,aVWAP_QQEMOD_bear_dot_c0_1038,aVWAP_QQEMOD_bear_dot_c0_1064,aVWAP_QQEMOD_bear_dot_c0_1096,aVWAP_QQEMOD_bear_dot_c0_1183,aVWAP_QQEMOD_bear_dot_c0_1234,aVWAP_price_maxima_minima_valley_c0_1,aVWAP_price_maxima_minima_peak_c0_1,color
2021-06-21 00:00:00+00:00,57.5922259381,57.6922786138,55.8389219055,56.4868820915,982110,0.0,0.0,0.0,0.0,0.0,0.0,0.0,0.0,,,,,,,,,,,,,,,,,,,#000000
2021-06-22 00:00:00+00:00,58.0400807725,58.564166217,56.9252080996,57.3635341077,713764,0.0,0.0,0.0,0.0,0.0,0.0,0.0,0.0,,,,,,,,,,,,,,,,,,,"rgba(38, 166, 154, 0.5)"
2021-06-23 00:00:00+00:00,58.1067825563,58.8214445261,57.5350529805,57.7923312896,1193487,0.0,0.0,0.0,0.0,0.0,0.0,0.0,0.0,,,,,,,,,,,,,,,,,,,"rgba(38, 166, 154, 0.5)"
2021-06-24 00:00:00+00:00,58.5736950432,59.8124424575,58.5451085644,59.0215498776,1324205,0.0,0.0,0.0,0.0,0.0,0.0,0.0,0.0,,,,,,,,,,,,,,,,,,,"rgba(38, 166, 154, 0.5)"
2021-06-25 00:00:00+00:00,58.1830131664,59.035843117,58.1639555139,58.4498203018,11424316,0.0,0.0,0.0,0.0,0.0,0.0,0.0,0.0,,,,,,,,,,,,,,,,,,,"rgba(38, 166, 154, 0.5)"
2021-06-28 00:00:00+00:00,57.2110728875,58.745213916,56.4773532652,58.745213916,726902,0.0,0.0,0.0,0.0,0.0,0.0,0.0,0.0,,,,,,,,,,,,,,,,,,,"rgba(38, 166, 154, 0.5)"
2021-06-29 00:00:00+00:00,57.6017547643,58.4498203018,57.1538999299,57.2491881926,1430219,0.0,0.0,0.0,0.0,0.0,0.0,0.0,0.0,,,,,,,,,,,,,,,,,,,"rgba(38, 166, 154, 0.5)"
2021-06-30 00:00:00+00:00,58.5927526958,58.7261562635,57.4324275216,57.8209177684,1114204,0.0,0.0,0.0,0.0,0.0,0.0,0.0,0.0,,,,,,,,,,,,,,,,,,,"rgba(38, 166, 154, 0.5)"
2021-07-01 00:00:00+00:00,59.2788281868,60.1078360717,58.9929633988,59.1549534453,691392,0.0,0.0,0.0,0.0,0.0,0.0,0.0,0.0,,,,,,,,,,,,,,,,,,,"rgba(38, 166, 154, 0.5)"
2021-07-02 00:00:00+00:00,58.6880409584,59.6980965424,58.4688779543,59.5551641484,592858,0.0,0.0,0.0,0.0,0.0,0.0,0.0,0.0,,,,,,,,,,,,,,,,,,,"rgba(38, 166, 154, 0.5)"
2021-07-06 00:00:00+00:00,56.4392379602,58.9119683756,56.2867767399,58.8786174837,1208696,0.0,0.0,0.0,0.0,0.0,0.0,0.0,0.0,,,,,,,,,,,,,,,,,,,"rgba(38, 166, 154, 0.5)"
2021-07-07 00:00:00+00:00,54.0093872629,57.0681404936,53.4376576871,56.3058343925,1465082,0.0,0.0,0.0,0.0,0.0,0.0,0.0,0.0,,,,,,,,,,,,,,,,,,,"rgba(239, 83, 80, 0.5)"
2021-07-08 00:00:00+00:00,52.7229957173,53.9808007841,51.8654013536,52.5610056708,1456480,0.0,0.0,0.0,0.0,0.0,0.0,0.0,0.0,,,,,,,,,,,,,,,,,,,"rgba(239, 83, 80, 0.5)"
2021-07-09 00:00:00+00:00,54.4953574024,54.590645665,53.037446984,53.5138882972,1366873,0.0,0.0,0.0,0.0,0.0,0.0,0.0,0.0,,,,,,,,,,,,,,,,,,,"rgba(239, 83, 80, 0.5)"
2021-07-12 00:00:00+00:00,55.4863553338,55.7435383546,53.8188107376,54.1046755255,1001629,0.0,0.0,0.0,0.0,0.0,0.0,0.0,0.0,,,,,,,,,,,,,,,,,,,"rgba(239, 83, 80, 0.5)"
2021-07-13 00:00:00+00:00,53.6854071699,54.9050969317,53.6187053861,54.8955681054,702632,0.0,0.0,0.0,0.0,0.0,0.0,0.0,0.0,,,,,,,,,,,,,,,,,,,"rgba(239, 83, 80, 0.5)"
2021-07-14 00:00:00+00:00,52.6467651072,54.8574528004,52.2465544041,54.3143097033,1046830,0.0,0.0,0.0,0.0,0.0,0.0,0.0,0.0,,,,,,,,,,,,,,,,,,,"rgba(239, 83, 80, 0.5)"
2021-07-15 00:00:00+00:00,52.3037273617,52.8373416325,51.2936717777,52.0845643576,1105725,0.0,0.0,0.0,0.0,0.0,0.0,0.0,0.0,,,,,,,,,,,,,,,,,,,"rgba(239, 83, 80, 0.5)"
2021-07-16 00:00:00+00:00,50.6552404181,53.2851964669,50.2883806069,52.9326298951,1461848,0.0,0.0,0.0,0.0,0.0,0.0,0.0,0.0,,,,,,,,,,,,,,,,,,,"rgba(239, 83, 80, 0.5)"
2021-07-19 00:00:00+00:00,49.206858826,50.4074909352,48.0062267167,48.6351292502,1981019,0.0,0.0,0.0,0.0,0.0,0.0,0.0,0.0,,,,,,,,,,,,,,,,,,,"rgba(239, 83, 80, 0.5)"
2021-07-20 00:00:00+00:00,51.6462383495,52.1036220102,49.0353399532,49.5403677452,1481726,0.0,0.0,0.0,0.0,0.0,0.0,0.0,0.0,,,,,,,,,,,,,,,,,,,"rgba(239, 83, 80, 0.5)"
2021-07-21 00:00:00+00:00,54.6382897963,54.8860392792,52.532419192,52.6467651072,1588965,0.0,0.0,0.0,0.0,0.0,0.0,0.0,0.0,,,,,,,,,,,,,,,,,,,"rgba(239, 83, 80, 0.5)"
2021-07-22 00:00:00+00:00,53.580590081,54.4191267922,52.9040434163,54.2476079195,1005271,0.0,0.0,0.0,0.0,0.0,0.0,0.0,0.0,,,,,,,,,,,,,,,,,,,"rgba(239, 83, 80, 0.5)"
2021-07-23 00:00:00+00:00,53.5329459497,54.1713773094,52.7011747052,53.9426854791,701085,0.0,0.0,0.0,0.0,0.0,0.0,0.0,0.0,,,,,,,,,,,,,,,,,,,"rgba(239, 83, 80, 0.5)"
2021-07-26 00:00:00+00:00,54.8765104529,54.9432122367,53.542474776,53.9236278265,1239888,0.0,0.0,0.0,0.0,0.0,0.0,0.0,0.0,,,,,,,,,,,,,,,,,,,#000000
2021-07-27 00:00:00+00:00,54.2190214407,55.1147311095,52.5610056708,54.62876097,1356539,0.0,0.0,0.0,0.0,0.0,0.0,0.0,0.0,,,,,,,,,,,,,,,,,,,#000000
2021-07-28 00:00:00+00:00,55.7436336429,57.8018601159,52.5514768445,56.4678244389,2487323,0.0,0.0,0.0,0.0,0.0,0.0,0.0,0.0,,,,,,,,,,,,,,,,,,,#000000
2021-07-29 00:00:00+00:00,55.1147311095,56.324892045,54.7907510165,56.0771425621,1112434,0.0,0.0,0.0,0.0,0.0,0.0,0.0,0.0,,,,,,,,,,,,,,,,,,,#000000
2021-07-30 00:00:00+00:00,54.3143097033,56.0676137359,54.1332620043,54.6859339276,1158656,0.0,0.0,0.0,0.0,0.0,0.0,0.0,0.0,,,,,,,,,,,,,,,,,,,#000000
2021-08-02 00:00:00+00:00,54.9813275418,56.8775639683,54.4286556185,54.7431068852,1216235,0.0,0.0,0.0,0.0,0.0,0.0,0.0,0.0,,,,,,,,,,,,,,,,,,,#000000
2021-08-03 00:00:00+00:00,53.723522475,55.6769318591,52.7325245436,55.6769318591,1181832,0.0,0.0,0.0,0.0,0.0,0.0,0.0,0.0,,,,,,,,,,,,,,,,,,,#000000
2021-08-04 00:00:00+00:00,52.6944092385,54.5525303599,52.5133615395,53.4090712083,1600806,0.0,0.0,0.0,0.0,0.0,0.0,0.0,0.0,,,,,,,,,,,,,,,,,,,#000000
2021-08-05 00:00:00+00:00,55.7245759904,56.0390272571,52.6277074547,52.7039380648,1849895,0.0,0.0,0.0,0.0,0.0,0.0,0.0,0.0,,,,,,,,,,,,,,,,,,,#000000
2021-08-06 00:00:00+00:00,56.3153632187,56.6965162693,55.3434229398,56.2772479137,933532,0.0,0.0,0.0,0.0,0.0,0.0,0.0,0.0,,,,,,,,,,,,,,,,,,,"rgba(38, 166, 154, 0.5)"
2021-08-09 00:00:00+00:00,56.4392379602,56.868035142,54.9050969317,56.1247866935,790280,0.0,0.0,0.0,0.0,0.0,0.0,0.0,0.0,,,,,,,,,,,,,,,,,,,"rgba(38, 166, 154, 0.5)"
2021-08-10 00:00:00+00:00,56.7251027481,57.4969376754,56.2205513974,56.505939744,666016,0.0,0.0,0.0,0.0,0.0,0.0,0.0,0.0,,,,,,,,,,,,,,,,,,,"rgba(38, 166, 154, 0.5)"
2021-08-11 00:00:00+00:00,57.8018601159,57.8971483785,55.3434229398,56.2296037824,979809,0.0,0.0,0.0,0.0,0.0,0.0,0.0,0.0,,,,,,,,,,,,,,,,,,,"rgba(38, 166, 154, 0.5)"
2021-08-12 00:00:00+00:00,57.9733789886,58.1258402088,56.4773532652,57.8685618997,656606,0.0,0.0,0.0,0.0,0.0,0.0,0.0,0.0,,,,,,,,,,,,,,,,,,,"rgba(38, 166, 154, 0.5)"
2021-08-13 00:00:00+00:00,57.2968323239,57.9638501624,56.8775639683,57.9638501624,758204,0.0,0.0,0.0,0.0,0.0,0.0,0.0,0.0,,,,,,,,,,,,,,,,,,,"rgba(38, 166, 154, 0.5)"
2021-08-16 00:00:00+00:00,56.4964109177,57.23013054,55.2957788085,56.5821703541,834485,0.0,0.0,0.0,0.0,0.0,0.0,0.0,0.0,,,,,,,,,,,,,,,,,,,"rgba(38, 166, 154, 0.5)"
2021-08-17 00:00:00+00:00,54.7812221903,55.9913831258,54.1332620043,55.49588416,1380373,0.0,0.0,0.0,0.0,0.0,0.0,0.0,0.0,,,,,,,,,,,,,,,,,,,"rgba(38, 166, 154, 0.5)"
2021-08-18 00:00:00+00:00,54.8860392792,55.5816435964,54.1142043518,54.3905403135,1012754,0.0,0.0,0.0,0.0,0.0,0.0,0.0,0.0,,,,,,,,,,,,,,,,,,,#000000
2021-08-19 00:00:00+00:00,53.0279181577,54.7145204064,52.5895921496,54.0189160892,1268517,0.0,0.0,0.0,0.0,0.0,0.0,0.0,0.0,,,,,,,,,,,,,,,,,,,"rgba(239, 83, 80, 0.5)"
2021-08-20 00:00:00+00:00,53.399542382,53.542474776,52.0845643576,52.8754569375,790233,0.0,0.0,0.0,0.0,0.0,0.0,0.0,0.0,,,,,,,,,,,,,,,,,,,"rgba(239, 83, 80, 0.5)"
2021-08-23 00:00:00+00:00,55.5054129863,55.9056236894,53.7425801275,54.1046755255,782301,0.0,0.0,0.0,0.0,0.0,0.0,0.0,0.0,,,,,,,,,,,,,,,,,,,"rgba(239, 83, 80, 0.5)"
2021-08-24 00:00:00+00:00,57.3444764552,57.7732736371,55.4005958974,55.4005958974,930995,0.0,0.0,0.0,0.0,0.0,0.0,0.0,0.0,,,,,,,,,,,,,,,,,,,#000000
2021-08-25 00:00:00+00:00,59.0215498776,59.1168381403,57.2396593663,57.6112835906,990009,0.0,0.0,0.0,0.0,0.0,0.0,0.0,0.0,,,,,,,,,,,,,,,,,,,"rgba(38, 166, 154, 0.5)"
2021-08-26 00:00:00+00:00,58.09725373,60.3079414232,57.8209177684,58.96437692,927667,0.0,0.0,0.0,0.0,0.0,0.0,0.0,0.0,,,,,,,,,,,,,,,,,,,"rgba(38, 166, 154, 0.5)"
2021-08-27 00:00:00+00:00,60.2602972919,60.6890944738,58.3545320392,58.3545320392,1074294,0.0,0.0,0.0,0.0,0.0,0.0,0.0,0.0,,,,,,,,,,,,,,,,,,,"rgba(38, 166, 154, 0.5)"
2021-08-30 00:00:00+00:00,59.1454246191,60.3889364465,59.1168381403,60.3269990758,816942,0.0,0.0,0.0,0.0,0.0,0.0,0.0,0.0,,,,,,,,,,,,,,,,,,,"rgba(38, 166, 154, 0.5)"
2021-08-31 00:00:00+00:00,58.4784067806,59.793384805,57.8876195522,59.5551641484,1711143,0.0,0.0,0.0,0.0,0.0,0.0,0.0,0.0,,,,,,,,,,,,,,,,,,,"rgba(38, 166, 154, 0.5)"
2021-09-01 00:00:00+00:00,58.2306572977,59.0596651827,57.7065718532,58.9072039625,848955,0.0,0.0,0.0,0.0,0.0,0.0,0.0,0.0,,,,,,,,,,,,,,,,,,,"rgba(38, 166, 154, 1.0)"
2021-09-02 00:00:00+00:00,58.5069932594,59.2121264029,57.9066772048,58.7356850897,852080,0.0,0.0,0.0,0.0,0.0,0.0,0.0,0.0,,,,,,,,,,,,,,,,,,,"rgba(38, 166, 154, 1.0)"
2021-09-03 00:00:00+00:00,57.8018601159,58.6880409584,56.9061504471,58.1448978614,1268173,0.0,0.0,0.0,0.0,0.0,0.0,0.0,0.0,,,,,,,,,,,,,,,,,,,"rgba(38, 166, 154, 1.0)"
2021-09-07 00:00:00+00:00,59.431289407,59.7076253686,57.4226128306,57.7446871583,1685980,0.0,0.0,0.0,0.0,0.0,0.0,0.0,0.0,,,,,,,,,,,,,,,,,,,"rgba(38, 166, 154, 1.0)"
2021-09-08 00:00:00+00:00,57.9352636836,59.8029136313,57.7256295058,59.4979911908,823685,0.0,0.0,0.0,0.0,0.0,0.0,0.0,0.0,,,,,,,,,,,,,,,,,,,"rgba(38, 166, 154, 0.75)"
2021-09-09 00:00:00+00:00,58.602281522,59.097494623,56.5249973965,57.5636394593,1095063,0.0,0.0,0.0,0.0,0.0,0.0,0.0,0.0,,,,,,,,,,,,,,,,,,,"rgba(38, 166, 154, 0.75)"
2021-09-10 00:00:00+00:00,56.4582956127,59.0406075302,56.3534785238,59.0406075302,1529069,0.0,0.0,0.0,0.0,0.0,0.0,0.0,0.0,,,,,,,,,,,,,,,,,,,#000000
2021-09-13 00:00:00+00:00,55.7531624692,57.3540052815,55.0575581519,57.1062557986,1479475,0.0,0.0,0.0,0.0,0.0,0.0,0.0,0.0,,,,,,,,,,,,,,,,,,,#000000
2021-09-14 00:00:00+00:00,55.819864253,55.9818542995,54.6573474488,55.1909617196,2264571,0.0,0.0,0.0,0.0,0.0,0.0,0.0,0.0,,,,,,,,,,,,,,,,,,,"rgba(239, 83, 80, 0.5)"
2021-09-15 00:00:00+00:00,56.7822757057,57.3778273471,55.4196535499,56.4678244389,1993386,0.0,0.0,0.0,0.0,0.0,0.0,0.0,0.0,,,,,,,,,,,,,,,,,,,"rgba(239, 83, 80, 0.5)"
2021-09-16 00:00:00+00:00,58.4784067806,58.8214445261,56.8870927946,56.9252080996,1228802,0.0,0.0,0.0,0.0,0.0,0.0,0.0,0.0,,,,,,,,,,,,,,,,,,,#000000
2021-09-17 00:00:00+00:00,58.5927526958,59.9267883727,57.9352636836,58.6118103483,1785725,0.0,0.0,0.0,0.0,0.0,0.0,0.0,0.0,,,,,,,,,,,,,,,,,,,#000000
2021-09-20 00:00:00+00:00,58.0210231199,58.4974644331,56.6965162693,56.829919837,1043446,0.0,0.0,0.0,0.0,0.0,0.0,0.0,0.0,,,,,,,,,,,,,,,,,,,#000000
2021-09-21 00:00:00+00:00,57.6112835906,59.2216552292,57.301596737,58.6499256533,703401,0.0,0.0,0.0,0.0,0.0,0.0,0.0,0.0,,,,,,,,,,,,,,,,,,,#000000
2021-09-22 00:00:00+00:00,59.936317199,60.5938062111,57.8971483785,58.09725373,1881490,0.0,0.0,0.0,0.0,0.0,0.0,0.0,0.0,,,,,,,,,,,,,,,,,,,"rgba(38, 166, 154, 1.0)"
2021-09-23 00:00:00+00:00,61.1178916557,62.1278519513,60.2745905313,60.336527902,1357766,0.0,0.0,0.0,0.0,0.0,0.0,0.0,0.0,,,,,,,,,,,,,,,,,,,"rgba(38, 166, 154, 1.0)"
2021-09-24 00:00:00+00:00,61.2608240496,61.9373707143,60.2793549444,60.8796709991,874403,0.0,0.0,0.0,0.0,0.0,0.0,0.0,0.0,,,,,,,,,,,,,,,,,,,"rgba(38, 166, 154, 1.0)"
2021-09-27 00:00:00+00:00,63.261877565,63.9098377509,61.1560069607,61.4609294012,1325658,0.0,0.0,0.0,0.0,0.0,0.0,0.0,0.0,,,,,,,,,,,,,,,,,,,"rgba(38, 166, 154, 1.0)"
2021-09-28 00:00:00+00:00,62.4709849851,63.8336071408,62.1374760659,63.0998875185,787868,0.0,0.0,0.0,0.0,0.0,0.0,0.0,0.0,,,,,,,,,,,,,,,,,,,"rgba(38, 166, 154, 1.0)"
2021-09-29 00:00:00+00:00,61.5085735325,63.2714063913,61.0607186981,63.1475316498,729332,0.0,0.0,0.0,0.0,0.0,0.0,0.0,0.0,,,,,,,,,,,,,,,,,,,"rgba(38, 166, 154, 1.0)"
2021-09-30 00:00:00+00:00,60.2793549444,61.527631185,59.431289407,61.527631185,1905213,0.0,0.0,0.0,0.0,0.0,0.0,0.0,0.0,,,,,,,,,,,,,,,,,,,"rgba(38, 166, 154, 0.75)"
2021-10-01 00:00:00+00:00,63.2714063913,63.7954918358,60.9082574779,61.0797763506,1308043,0.0,0.0,0.0,0.0,0.0,0.0,0.0,0.0,,,,,,,,,,,,,,,,,,,"rgba(38, 166, 154, 0.75)"
2021-10-04 00:00:00+00:00,62.899782167,64.2242890176,62.1470048921,63.0331857347,860601,0.0,0.0,0.0,0.0,0.0,0.0,0.0,0.0,,,,,,,,,,,,,,,,,,,"rgba(38, 166, 154, 0.75)"
2021-10-05 00:00:00+00:00,61.8039671466,63.5096270479,61.7182077103,63.4524540903,1157704,0.0,0.0,0.0,0.0,0.0,0.0,0.0,0.0,,,,,,,,,,,,,,,,,,,"rgba(38, 166, 154, 0.75)"
2021-10-06 00:00:00+00:00,61.346583486,61.8420824517,60.6128638637,60.6890944738,1365371,0.0,0.0,0.0,0.0,0.0,0.0,0.0,0.0,,,,,,,,,,,,,,,,,,,"rgba(38, 166, 154, 0.75)"
2021-10-07 00:00:00+00:00,61.5752753163,62.8902533407,61.4428246312,62.1184184133,1127677,0.0,0.0,0.0,0.0,0.0,0.0,0.0,0.0,,,,,,,,,,,,,,,,,,,"rgba(38, 166, 154, 0.75)"
2021-10-08 00:00:00+00:00,61.1750646132,62.2661152204,61.0321322193,61.5848041426,679018,0.0,0.0,0.0,0.0,0.0,0.0,0.0,0.0,,,,,,,,,,,,,,,,,,,"rgba(38, 166, 154, 0.75)"
2021-10-11 00:00:00+00:00,60.984488088,62.1994134366,60.9559016092,61.4609294012,511803,0.0,0.0,0.0,0.0,0.0,0.0,0.0,0.0,,,,,,,,,,,,,,,,,,,"rgba(38, 166, 154, 0.75)"
2021-10-12 00:00:00+00:00,63.6049153105,64.1194719287,61.4418717486,61.5466888375,1529970,0.0,0.0,0.0,0.0,0.0,0.0,0.0,0.0,,,,,,,,,,,,,,,,,,,"rgba(38, 166, 154, 1.0)"
2021-10-13 00:00:00+00:00,63.7954918358,64.8913068561,62.5853309003,63.8431359671,1558712,0.0,0.0,0.0,0.0,0.0,0.0,0.0,0.0,,,,,,,,,,,,,,,,,,,"rgba(38, 166, 154, 1.0)"
2021-10-14 00:00:00+00:00,64.1480584075,65.3391616905,64.0241836661,64.3958078904,1037170,0.0,0.0,0.0,0.0,0.0,0.0,0.0,0.0,,,,,,,,,,,,,,,,,,,"rgba(38, 166, 154, 1.0)"
2021-10-15 00:00:00+00:00,63.2237622599,65.9680642239,63.1380028236,65.1104698602,837762,0.0,0.0,0.0,0.0,0.0,0.0,0.0,0.0,,,,,,,,,,,,,,,,,,,"rgba(38, 166, 154, 1.0)"
2021-10-18 00:00:00+00:00,63.4715117428,63.6335017893,62.3471102437,62.937897472,612243,0.0,0.0,0.0,0.0,0.0,0.0,0.0,0.0,,,,,,,,,,,,,,,,,,,"rgba(38, 166, 154, 1.0)"
2021-10-19 00:00:00+00:00,62.6806191629,64.2814619752,62.4328696801,64.0337124924,612390,0.0,0.0,0.0,0.0,0.0,0.0,0.0,0.0,,,,,,,,,,,,,,,,,,,"rgba(38, 166, 154, 0.75)"
2021-10-20 00:00:00+00:00,63.1856469549,63.8431359671,62.5329223558,62.7759074255,633665,0.0,0.0,0.0,0.0,0.0,0.0,0.0,0.0,,,,,,,,,,,,,,,,,,,"rgba(38, 166, 154, 0.75)"
2021-10-21 00:00:00+00:00,63.1856469549,63.8812512721,62.9283686458,63.0617722135,628643,0.0,0.0,0.0,0.0,0.0,0.0,0.0,0.0,,,,,,,,,,,,,,,,,,,"rgba(38, 166, 154, 0.75)"
2021-10-22 00:00:00+00:00,62.937897472,63.2523487387,61.9462325228,63.1856469549,1097978,0.0,0.0,0.0,0.0,0.0,0.0,0.0,0.0,,,,,,,,,,,,,,,,,,,"rgba(38, 166, 154, 0.75)"
2021-10-25 00:00:00+00:00,63.2142334337,63.8621936196,62.5948597265,63.3095216963,1179147,0.0,0.0,0.0,0.0,0.0,0.0,0.0,0.0,,,,,,,,,,,,,,,,,,,"rgba(38, 166, 154, 0.75)"
2021-10-26 00:00:00+00:00,63.4619829165,64.2242890176,62.9855416033,63.7002035731,1149889,0.0,0.0,0.0,0.0,0.0,0.0,0.0,0.0,,,,,,,,,,,,,,,,,,,"rgba(38, 166, 154, 0.75)"
2021-10-27 00:00:00+00:00,64.0432413186,64.4625096742,62.0040724982,63.4810405691,1977877,0.0,0.0,0.0,0.0,0.0,0.0,0.0,0.0,,,,,,,,,,,,,,,,,,,"rgba(38, 166, 154, 1.0)"
2021-10-28 00:00:00+00:00,61.851611278,64.0908854499,61.4323429224,64.0908854499,1799841,0.0,0.0,0.0,0.0,0.0,0.0,0.0,0.0,,,,,,,,,,,,,,,,,,,"rgba(38, 166, 154, 0.5)"
2021-10-29 00:00:00+00:00,60.7748539102,62.4138120275,60.2221819869,61.5181023587,1405812,0.0,0.0,0.0,0.0,0.0,0.0,0.0,0.0,,,,,,,,,,,,,,,,,,,#000000
2021-11-01 00:00:00+00:00,62.3566390699,63.0045992559,60.7653250839,61.0988340031,1400001,0.0,0.0,0.0,0.0,0.0,0.0,0.0,0.0,,,,,,,,,,,,,,,,,,,#000000
2021-11-02 00:00:00+00:00,62.2232355022,63.3190505226,61.7658518416,62.7759074255,1273531,0.0,0.0,0.0,0.0,0.0,0.0,0.0,0.0,,,,,,,,,,,,,,,,,,,#000000
2021-11-03 00:00:00+00:00,64.2814619752,64.6483217864,61.708678884,62.032658977,1688018,0.0,0.0,0.0,0.0,0.0,0.0,0.0,0.0,,,,,,,,,,,,,,,,,,,#000000
2021-11-04 00:00:00+00:00,61.0893051769,64.8341338985,60.6700368213,64.5101538055,1763658,0.0,0.0,0.0,0.0,0.0,0.0,0.0,0.0,,,,,,,,,,,,,,,,,,,#000000
2021-11-05 00:00:00+00:00,64.2528754964,65.0627304406,62.8902533407,62.899782167,1527902,0.0,0.0,0.0,0.0,0.0,0.0,0.0,0.0,,,,,,,,,,,,,,,,,,,#000000
2021-11-08 00:00:00+00:00,61.3370546597,64.3386349328,61.203651092,64.2147601914,1028569,0.0,0.0,0.0,0.0,0.0,0.0,0.0,0.0,,,,,,,,,,,,,,,,,,,#000000
2021-11-09 00:00:00+00:00,60.8320268677,62.1470048921,60.1078360717,61.2512952233,898137,0.0,0.0,0.0,0.0,0.0,0.0,0.0,0.0,,,,,,,,,,,,,,,,,,,#000000
2021-11-10 00:00:00+00:00,60.1459513768,61.9373707143,59.8029136313,60.3651143808,841237,0.0,0.0,0.0,0.0,0.0,0.0,0.0,0.0,,,,,,,,,,,,,,,,,,,"rgba(239, 83, 80, 1.0)"
2021-11-11 00:00:00+00:00,59.469404712,60.2698261182,59.0024922251,60.2698261182,850142,0.0,0.0,0.0,0.0,0.0,0.0,0.0,0.0,,,,,,,,,,,,,,,,,,,"rgba(239, 83, 80, 1.0)"
2021-11-12 00:00:00+00:00,59.2692993605,60.0220766353,58.9739057463,59.7457406737,507122,0.0,0.0,0.0,0.0,0.0,0.0,0.0,0.0,,,,,,,,,,,,,,,,,,,"rgba(239, 83, 80, 1.0)"
2021-11-15 00:00:00+00:00,59.069194009,60.0316054616,59.0310787039,59.9649036777,1043837,0.0,0.0,0.0,0.0,0.0,0.0,0.0,0.0,,,,,,,,,,,,,,,,,,,"rgba(239, 83, 80, 1.0)"
2021-11-16 00:00:00+00:00,57.916206031,59.0406075302,56.9442657521,59.0024922251,1969374,0.0,0.0,0.0,0.0,0.0,0.0,0.0,0.0,,,,,,,,,,,,,,,,,,,"rgba(239, 83, 80, 1.0)"
2021-11-17 00:00:00+00:00,58.0877249038,58.4593491281,57.4874088492,57.6017547643,771463,0.0,0.0,0.0,0.0,0.0,0.0,0.0,0.0,,,,,,,,,,,,,,,,,,,"rgba(239, 83, 80, 1.0)"
2021-11-18 00:00:00+00:00,56.5249973965,58.4593491281,56.4106514814,58.1163113826,1297113,0.0,0.0,0.0,0.0,0.0,0.0,0.0,0.0,,,,,,,,,,,,,,,,,,,"rgba(239, 83, 80, 1.0)"
2021-11-19 00:00:00+00:00,56.9156792733,57.5350529805,55.4196535499,55.7436336429,1158933,0.0,0.0,0.0,0.0,0.0,0.0,0.0,0.0,,,,,,,,,,,,,,,,,,,"rgba(239, 83, 80, 1.0)"
2021-11-22 00:00:00+00:00,57.5445818068,58.2735370159,56.4011226551,57.2968323239,1035602,0.0,0.0,0.0,0.0,0.0,0.0,0.0,0.0,,,,,,,,,,,,,,,,,,,"rgba(239, 83, 80, 1.0)"
2021-11-23 00:00:00+00:00,57.6017547643,58.4164694099,56.8203910107,57.9543213361,936080,0.0,0.0,0.0,0.0,0.0,0.0,0.0,0.0,,,,,,,,,,,,,,,,,,,"rgba(239, 83, 80, 1.0)"
2021-11-24 00:00:00+00:00,58.9739057463,59.0024922251,56.5916991804,56.7632180531,992116,0.0,0.0,0.0,0.0,0.0,0.0,0.0,0.0,,,,,,,,,,,,,,,,,,,"rgba(239, 83, 80, 0.75)"
2021-11-26 00:00:00+00:00,58.1544266876,58.4593491281,55.3529517661,56.1914884773,1247602,0.0,0.0,0.0,0.0,0.0,0.0,0.0,0.0,,,,,,,,,,,,,,,,,,,"rgba(239, 83, 80, 0.75)"
2021-11-29 00:00:00+00:00,57.2491881926,59.5551641484,57.1358904483,58.5451085644,973838,0.0,0.0,0.0,0.0,0.0,0.0,0.0,0.0,,,,,,,,,,,,,,,,,,,"rgba(239, 83, 80, 0.75)"
2021-11-30 00:00:00+00:00,55.8484507318,57.4969376754,55.133788762,56.6012280066,1828765,0.0,0.0,0.0,0.0,0.0,0.0,0.0,0.0,,,,,,,,,,,,,,,,,,,"rgba(239, 83, 80, 1.0)"
2021-12-01 00:00:00+00:00,54.0284449154,58.1448978614,53.8950413477,56.8870927946,1524132,0.0,0.0,0.0,0.0,0.0,0.0,0.0,0.0,,,,,,,,,,,,,,,,,,,"rgba(239, 83, 80, 1.0)"
2021-12-02 00:00:00+00:00,57.1729575825,57.4302358916,53.7902242588,54.4572420973,1838798,0.0,0.0,0.0,0.0,0.0,0.0,0.0,0.0,,,,,,,,,,,,,,,,,,,"rgba(239, 83, 80, 0.75)"
2021-12-03 00:00:00+00:00,56.868035142,57.2587170188,55.457768855,57.2396593663,1456455,0.0,0.0,0.0,0.0,0.0,0.0,0.0,0.0,,,,,,,,,,,,,,,,,,,"rgba(239, 83, 80, 0.75)"
2021-12-06 00:00:00+00:00,58.383118518,59.3931741019,56.4392379602,57.6589277219,2419975,0.0,0.0,0.0,0.0,0.0,0.0,0.0,0.0,,,,,,,,,,,,,,,,,,,"rgba(239, 83, 80, 0.75)"
2021-12-07 00:00:00+00:00,59.5361064959,60.5747485586,59.0406075302,59.5265776696,1281940,0.0,0.0,0.0,0.0,0.0,0.0,0.0,0.0,,,,,,,,,,,,,,,,,,,#000000
2021-12-08 00:00:00+00:00,61.4418717486,62.0040724982,59.3741164494,59.83150011,1165419,0.0,0.0,0.0,0.0,0.0,0.0,0.0,0.0,,,,,,,,,,,,,,,,,,,"rgba(38, 166, 154, 0.5)"
2021-12-09 00:00:00+00:00,60.2793549444,61.7753806679,60.2317108131,60.7653250839,708093,0.0,0.0,0.0,0.0,0.0,0.0,0.0,0.0,,,,,,,,,,,,,,,,,,,"rgba(38, 166, 154, 0.5)"
2021-12-10 00:00:00+00:00,59.6313947585,60.9273151304,59.0215498776,60.5652197324,814028,0.0,0.0,0.0,0.0,0.0,0.0,0.0,0.0,,,,,,,,,,,,,,,,,,,"rgba(38, 166, 154, 0.5)"
2021-12-13 00:00:00+00:00,57.9924366411,60.0697207666,57.515995328,59.0024922251,1349566,0.0,0.0,0.0,0.0,0.0,0.0,0.0,0.0,,,,,,,,,,,,,,,,,,,#000000
2021-12-14 00:00:00+00:00,57.7256295058,58.6785121321,56.8870927946,57.5350529805,1291827,0.0,0.0,0.0,0.0,0.0,0.0,0.0,0.0,,,,,,,,,,,,,,,,,,,#000000
2021-12-15 00:00:00+00:00,57.5922259381,58.1258402088,56.2581902611,57.735158332,988770,0.0,0.0,0.0,0.0,0.0,0.0,0.0,0.0,,,,,,,,,,,,,,,,,,,#000000
2021-12-16 00:00:00+00:00,56.0580849096,58.8405021786,56.0342628439,58.0210231199,919289,0.0,0.0,0.0,0.0,0.0,0.0,0.0,0.0,,,,,,,,,,,,,,,,,,,"rgba(239, 83, 80, 1.0)"
2021-12-17 00:00:00+00:00,57.2396593663,57.6017547643,54.6573474488,55.3529517661,1530411,0.0,0.0,0.0,0.0,0.0,0.0,0.0,0.0,,,,,,,,,,,,,,,,,,,"rgba(239, 83, 80, 1.0)"
2021-12-20 00:00:00+00:00,56.4011226551,57.1634287562,55.1814328933,56.0485560833,609501,0.0,0.0,0.0,0.0,0.0,0.0,0.0,0.0,,,,,,,,,,,,,,,,,,,"rgba(239, 83, 80, 1.0)"
2021-12-21 00:00:00+00:00,60.298412597,60.3552044015,57.010967536,57.010967536,796574,0.0,0.0,0.0,0.0,0.0,0.0,0.0,0.0,,,,,,,,,,,,,,,,,,,#000000
2021-12-22 00:00:00+00:00,60.8891998253,61.6515059264,59.8982018939,60.0601919404,749249,0.0,0.0,0.0,0.0,0.0,0.0,0.0,0.0,,,,,,,,,,,,,,,,,,,"rgba(38, 166, 154, 1.0)"
2021-12-23 00:00:00+00:00,61.6324482739,61.9373707143,60.9559016092,61.5752753163,693958,0.0,0.0,0.0,0.0,0.0,0.0,0.0,0.0,,,,,,,,,,,,,,,,,,,"rgba(38, 166, 154, 1.0)"
2021-12-27 00:00:00+00:00,62.1470048921,62.2994661124,60.660507995,61.2798817021,751930,0.0,0.0,0.0,0.0,0.0,0.0,0.0,0.0,,,,,,,,,,,,,,,,,,,"rgba(38, 166, 154, 1.0)"
2021-12-28 00:00:00+00:00,61.5562176638,62.6996768154,61.4609294012,61.6991500577,562905,0.0,0.0,0.0,0.0,0.0,0.0,0.0,0.0,,,,,,,,,,,,,,,,,,,"rgba(38, 166, 154, 1.0)"
2021-12-29 00:00:00+00:00,61.9564283669,62.6139173791,60.8753830272,61.203651092,657290,0.0,0.0,0.0,0.0,0.0,0.0,0.0,0.0,,,,,,,,,,,,,,,,,,,"rgba(38, 166, 154, 1.0)"
2021-12-30 00:00:00+00:00,62.3089949386,62.7949650781,61.8230247992,61.8230247992,701749,0.0,0.0,0.0,0.0,0.0,0.0,0.0,0.0,,,,,,,,,,,,,,,,,,,"rgba(38, 166, 154, 1.0)"
2021-12-31 00:00:00+00:00,62.4805138114,62.9474262983,62.0183657376,62.2994661124,441562,0.0,0.0,0.0,0.0,0.0,0.0,0.0,0.0,,,,,,,,,,,,,,,,,,,"rgba(38, 166, 154, 1.0)"
2022-01-03 00:00:00+00:00,61.8706689305,63.8336071408,61.7467941891,62.8521380357,954036,0.0,0.0,0.0,0.0,0.0,0.0,0.0,0.0,,,,,,,,,,,,,,,,,,,"rgba(38, 166, 154, 1.0)"
2022-01-04 00:00:00+00:00,61.9278418881,62.8902533407,61.2312846882,62.4042832013,853792,0.0,0.0,0.0,0.0,0.0,0.0,0.0,0.0,,,,,,,,,,,,,,,,,,,"rgba(38, 166, 154, 1.0)"
2022-01-05 00:00:00+00:00,59.4408182332,62.0612454558,59.3264723181,61.851611278,990832,0.0,0.0,0.0,0.0,0.0,0.0,0.0,0.0,,,,,,,,,,,,,,,,,,,"rgba(38, 166, 154, 0.75)"
2022-01-06 00:00:00+00:00,60.298412597,60.8796709991,58.8976751362,59.7266830211,519528,0.0,0.0,0.0,0.0,0.0,0.0,0.0,0.0,,,,,,,,,,,,,,,,,,,"rgba(38, 166, 154, 0.75)"
2022-01-07 00:00:00+00:00,60.5271044273,61.6419771002,60.0887784192,60.2888837707,616016,0.0,0.0,0.0,0.0,0.0,0.0,0.0,0.0,,,,,,,,,,,,,,,,,,,#000000
2022-01-10 00:00:00+00:00,59.5932794535,60.2317108131,58.0400807725,59.9458460252,890443,0.0,0.0,0.0,0.0,0.0,0.0,0.0,0.0,,,,,,,,,,,,,,,,,,,#000000
2022-01-11 00:00:00+00:00,60.6890944738,60.8320268677,59.4217605807,59.5170488433,724178,0.0,0.0,0.0,0.0,0.0,0.0,0.0,0.0,,,,,,,,,,,,,,,,,,,#000000
2022-01-12 00:00:00+00:00,60.5080467748,61.4704582274,59.9077307202,61.165535787,739357,0.0,0.0,0.0,0.0,0.0,0.0,0.0,0.0,,,,,,,,,,,,,,,,,,,#000000
2022-01-13 00:00:00+00:00,59.4598758858,61.165535787,59.288357013,60.3746432071,773761,0.0,0.0,0.0,0.0,0.0,0.0,0.0,0.0,,,,,,,,,,,,,,,,,,,#000000
2022-01-14 00:00:00+00:00,57.8304465947,59.7362118474,56.8203910107,59.6885677161,901778,0.0,0.0,0.0,0.0,0.0,0.0,0.0,0.0,,,,,,,,,,,,,,,,,,,"rgba(239, 83, 80, 1.0)"
2022-01-18 00:00:00+00:00,56.7822757057,58.0305519462,56.6965162693,57.2491881926,580816,0.0,0.0,0.0,0.0,0.0,0.0,0.0,0.0,,,,,,,,,,,,,,,,,,,"rgba(239, 83, 80, 1.0)"
2022-01-19 00:00:00+00:00,54.9813275418,57.049082841,54.914625758,57.0014387097,825898,0.0,0.0,0.0,0.0,0.0,0.0,0.0,0.0,,,,,,,,,,,,,,,,,,,"rgba(239, 83, 80, 1.0)"
2022-01-20 00:00:00+00:00,55.0003851943,56.8775639683,54.8955681054,55.3053076348,1027729,0.0,0.0,0.0,0.0,0.0,0.0,0.0,0.0,,,,,,,,,,,,,,,,,,,"rgba(239, 83, 80, 1.0)"
2022-01-21 00:00:00+00:00,53.7806954326,55.0766158044,53.3812470356,54.3714826609,1259087,0.0,0.0,0.0,0.0,0.0,0.0,0.0,0.0,,,,,,,,,,,,,,,,,,,"rgba(239, 83, 80, 1.0)"
2022-01-24 00:00:00+00:00,56.143844346,56.4106514814,52.0273914,52.5610056708,1271912,0.0,0.0,0.0,0.0,0.0,0.0,0.0,0.0,,,,,,,,,,,,,,,,,,,"rgba(239, 83, 80, 1.0)"
2022-01-25 00:00:00+00:00,57.3540052815,58.1163113826,55.0670869782,55.4291823762,1587980,0.0,0.0,0.0,0.0,0.0,0.0,0.0,0.0,,,,,,,,,,,,,,,,,,,"rgba(239, 83, 80, 0.75)"
2022-01-26 00:00:00+00:00,56.648872138,59.0024922251,56.2677190874,58.2497149503,952300,0.0,0.0,0.0,0.0,0.0,0.0,0.0,0.0,,,,,,,,,,,,,,,,,,,"rgba(239, 83, 80, 0.75)"
2022-01-27 00:00:00+00:00,55.0194428469,57.4397647179,54.9622698893,56.8870927946,1330671,0.0,0.0,0.0,0.0,0.0,0.0,0.0,0.0,,,,,,,,,,,,,,,,,,,"rgba(239, 83, 80, 0.75)"
2022-01-28 00:00:00+00:00,56.1057290409,56.1057290409,53.3709559032,55.1766684802,868506,0.0,0.0,0.0,0.0,0.0,0.0,0.0,0.0,,,,,,,,,,,,,,,,,,,"rgba(239, 83, 80, 0.75)"
2022-01-31 00:00:00+00:00,56.6584009642,56.6774586168,55.0099140206,55.781748948,2285385,0.0,0.0,0.0,0.0,0.0,0.0,0.0,0.0,,,,,,,,,,,,,,,,,,,"rgba(239, 83, 80, 0.75)"
2022-02-01 00:00:00+00:00,58.2687726028,58.5355797382,56.686987443,57.1824864087,1070528,0.0,0.0,0.0,0.0,0.0,0.0,0.0,0.0,,,,,,,,,,,,,,,,,,,"rgba(239, 83, 80, 0.5)"
2022-02-02 00:00:00+00:00,57.373062934,58.4498203018,56.9299725127,58.2020708189,731755,0.0,0.0,0.0,0.0,0.0,0.0,0.0,0.0,,,,,,,,,,,,,,,,,,,#000000
2022-02-03 00:00:00+00:00,56.7441604006,58.1258402088,56.648872138,56.9442657521,1056806,0.0,0.0,0.0,0.0,0.0,0.0,0.0,0.0,,,,,,,,,,,,,,,,,,,#000000
2022-02-04 00:00:00+00:00,60.4318161647,60.9273151304,57.192015235,58.2973590816,2079325,0.0,0.0,0.0,0.0,0.0,0.0,0.0,0.0,,,,,,,,,,,,,,,,,,,#000000
2022-02-07 00:00:00+00:00,61.7849094941,62.537686769,60.6986233001,60.6986233001,1704561,0.0,0.0,0.0,0.0,0.0,0.0,0.0,0.0,,,,,,,,,,,,,,,,,,,"rgba(38, 166, 154, 1.0)"
2022-02-08 00:00:00+00:00,62.3471102437,62.8807245144,61.670563579,62.1946490235,1268268,0.0,0.0,0.0,0.0,0.0,0.0,0.0,0.0,,,,,,,,,,,,,,,,,,,"rgba(38, 166, 154, 1.0)"
2022-02-09 00:00:00+00:00,66.225342533,66.2729866643,62.9474262983,63.0236569084,2316383,0.0,0.0,0.0,0.0,0.0,0.0,0.0,0.0,,,,,,,,,,,,,,,,,,,"rgba(38, 166, 154, 1.0)"
2022-02-10 00:00:00+00:00,67.3878593372,69.2936245899,65.5678535208,65.5678535208,2305542,0.0,0.0,0.0,0.0,0.0,0.0,0.0,0.0,,,,,,,,,,,,,,,,,,,"rgba(38, 166, 154, 1.0)"
2022-02-11 00:00:00+00:00,66.2920443169,68.4550878787,65.7393723936,67.3688016847,1105548,0.0,0.0,0.0,0.0,0.0,0.0,0.0,0.0,,,,,,,,,,,,,,,,,,,"rgba(38, 166, 154, 1.0)"
2022-02-14 00:00:00+00:00,65.1199986864,67.5117340786,64.8913068561,66.6446108886,1612367,0.0,0.0,0.0,0.0,0.0,0.0,0.0,0.0,,,,,,,,,,,,,,,,,,,"rgba(38, 166, 154, 1.0)"
2022-02-15 00:00:00+00:00,66.6064955836,67.0591148311,65.5869111734,66.368274927,930774,0.0,0.0,0.0,0.0,0.0,0.0,0.0,0.0,,,,,,,,,,,,,,,,,,,"rgba(38, 166, 154, 1.0)"
2022-02-16 00:00:00+00:00,67.8166565191,68.1168145464,65.8060741774,65.9966507027,1576196,0.0,0.0,0.0,0.0,0.0,0.0,0.0,0.0,,,,,,,,,,,,,,,,,,,"rgba(38, 166, 154, 1.0)"
2022-02-17 00:00:00+00:00,65.9966507027,67.5022052524,65.7774876986,67.092465723,1107623,0.0,0.0,0.0,0.0,0.0,0.0,0.0,0.0,,,,,,,,,,,,,,,,,,,"rgba(38, 166, 154, 1.0)"
2022-02-18 00:00:00+00:00,65.1867004703,66.4349767108,64.5101538055,65.7489012198,919878,0.0,0.0,0.0,0.0,0.0,0.0,0.0,0.0,,,,,,,,,,,,,,,,,,,"rgba(38, 166, 154, 0.75)"
2022-02-22 00:00:00+00:00,63.6811459206,64.8913068561,62.8044939043,64.1480584075,1267569,0.0,0.0,0.0,0.0,0.0,0.0,0.0,0.0,,,,,,,,,,,,,,,,,,,"rgba(38, 166, 154, 0.75)"
2022-02-23 00:00:00+00:00,63.4333964377,65.6059688259,63.2856996307,64.9580086399,1136282,0.0,0.0,0.0,0.0,0.0,0.0,0.0,0.0,,,,,,,,,,,,,,,,,,,"rgba(38, 166, 154, 0.75)"
2022-02-24 00:00:00+00:00,65.3868058218,65.5916755865,60.5080467748,61.2703528759,1282863,0.0,0.0,0.0,0.0,0.0,0.0,0.0,0.0,,,,,,,,,,,,,,,,,,,"rgba(38, 166, 154, 0.75)"
2022-02-25 00:00:00+00:00,67.1591675069,67.2163404645,64.5816200025,65.539267042,1179384,0.0,0.0,0.0,0.0,0.0,0.0,0.0,0.0,,,,,,,,,,,,,,,,,,,"rgba(38, 166, 154, 0.75)"
2022-02-28 00:00:00+00:00,67.597493515,67.8071276928,66.1132835362,66.1681695754,912961,0.0,0.0,0.0,0.0,0.0,0.0,0.0,0.0,,,,,,,,,,,,,,,,,,,"rgba(38, 166, 154, 1.0)"
2022-03-01 00:00:00+00:00,64.9389509874,67.6451376463,64.4815673268,67.5022052524,1239210,0.0,0.0,0.0,0.0,0.0,0.0,0.0,0.0,,,,,,,,,,,,,,,,,,,"rgba(38, 166, 154, 1.0)"
2022-03-02 00:00:00+00:00,66.7780144563,66.7875432826,65.3391616905,65.9204200926,1089393,0.0,0.0,0.0,0.0,0.0,0.0,0.0,0.0,,,,,,,,,,,,,,,,,,,"rgba(38, 166, 154, 1.0)"
2022-03-03 00:00:00+00:00,65.8441894825,68.607549099,65.7107859148,67.1782251594,2427850,0.0,0.0,0.0,0.0,0.0,0.0,0.0,0.0,,,,,,,,,,,,,,,,,,,"rgba(38, 166, 154, 0.75)"
2022-03-04 00:00:00+00:00,63.8907800984,65.4820940845,62.4614561588,64.996123945,1432047,0.0,0.0,0.0,0.0,0.0,0.0,0.0,0.0,,,,,,,,,,,,,,,,,,,"rgba(38, 166, 154, 0.5)"
2022-03-07 00:00:00+00:00,57.2206017138,64.129000755,57.0014387097,64.129000755,2777940,0.0,0.0,0.0,0.0,0.0,0.0,0.0,0.0,,,,,,,,,,,,,,,,,,,"rgba(239, 83, 80, 1.0)"
2022-03-08 00:00:00+00:00,58.5165220857,60.4699314697,56.5154685703,57.5636394593,1607405,0.0,0.0,0.0,0.0,0.0,0.0,0.0,0.0,,,,,,,,,,,,,,,,,,,"rgba(239, 83, 80, 1.0)"
2022-03-09 00:00:00+00:00,61.4418717486,62.718734468,60.3746432071,60.3746432071,1294168,0.0,0.0,0.0,0.0,0.0,0.0,0.0,0.0,,,,,,,,,,,,,,,,,,,"rgba(239, 83, 80, 1.0)"
2022-03-10 00:00:00+00:00,61.6324482739,62.6901479892,60.1268937242,60.1268937242,1227081,0.0,0.0,0.0,0.0,0.0,0.0,0.0,0.0,,,,,,,,,,,,,,,,,,,"rgba(239, 83, 80, 1.0)"
2022-03-11 00:00:00+00:00,61.1941222658,62.6949124023,61.1274204819,62.1374760659,687200,0.0,0.0,0.0,0.0,0.0,0.0,0.0,0.0,,,,,,,,,,,,,,,,,,,"rgba(239, 83, 80, 1.0)"
2022-03-14 00:00:00+00:00,59.793384805,61.9904573885,59.124768681,61.3503052081,1302939,0.0,0.0,0.0,0.0,0.0,0.0,0.0,0.0,,,,,,,,,,,,,,,,,,,"rgba(239, 83, 80, 1.0)"
2022-03-15 00:00:00+00:00,63.0600521538,63.2128786964,59.7838331461,60.0226246189,1049144,0.0,0.0,0.0,0.0,0.0,0.0,0.0,0.0,,,,,,,,,,,,,,,,,,,"rgba(239, 83, 80, 1.0)"
2022-03-16 00:00:00+00:00,65.2760370219,65.6485517196,63.4230151925,63.9865630685,1212067,0.0,0.0,0.0,0.0,0.0,0.0,0.0,0.0,,,,,,,,,,,,,,,,,,,#000000
2022-03-17 00:00:00+00:00,65.0754521847,65.8586882157,64.2731128359,64.5405592855,615239,0.0,0.0,0.0,0.0,0.0,0.0,0.0,0.0,,,,,,,,,,,,,,,,,,,#000000
2022-03-18 00:00:00+00:00,65.7918266033,65.944653146,64.0247697041,64.7315924638,1146713,0.0,0.0,0.0,0.0,0.0,0.0,0.0,0.0,,,,,,,,,,,,,,,,,,,"rgba(38, 166, 154, 0.5)"
2022-03-21 00:00:00+00:00,65.046797208,65.6581033785,64.2731128359,65.4384152235,615410,0.0,0.0,0.0,0.0,0.0,0.0,0.0,0.0,,,,,,,,,,,,,,,,,,,"rgba(38, 166, 154, 0.5)"
2022-03-22 00:00:00+00:00,65.9733081227,66.61326927,64.9608322778,65.2760370219,1278549,0.0,0.0,0.0,0.0,0.0,0.0,0.0,0.0,,,,,,,,,,,,,,,,,,,"rgba(38, 166, 154, 1.0)"
2022-03-23 00:00:00+00:00,64.9990389134,65.8873431925,64.659955022,65.2187270685,705226,0.0,0.0,0.0,0.0,0.0,0.0,0.0,0.0,,,,,,,,,,,,,,,,,,,"rgba(38, 166, 154, 1.0)"
2022-03-24 00:00:00+00:00,65.9064465103,66.0688247118,65.0085905723,65.6198967429,794011,0.0,0.0,0.0,0.0,0.0,0.0,0.0,0.0,,,,,,,,,,,,,,,,,,,"rgba(38, 166, 154, 1.0)"
2022-03-25 00:00:00+00:00,65.9159981692,66.4890977041,65.3333469754,66.0879280297,1027935,0.0,0.0,0.0,0.0,0.0,0.0,0.0,0.0,,,,,,,,,,,,,,,,,,,"rgba(38, 166, 154, 1.0)"
2022-03-28 00:00:00+00:00,64.6074208979,66.4508910684,64.0247697041,66.0019630994,1180326,0.0,0.0,0.0,0.0,0.0,0.0,0.0,0.0,,,,,,,,,,,,,,,,,,,"rgba(38, 166, 154, 1.0)"
2022-03-29 00:00:00+00:00,65.2091754095,67.3009887118,64.8844190064,65.8204815801,1504841,0.0,0.0,0.0,0.0,0.0,0.0,0.0,0.0,,,,,,,,,,,,,,,,,,,"rgba(38, 166, 154, 0.5)"
2022-03-30 00:00:00+00:00,64.105003639,65.4881861126,63.9901372744,64.6601910679,898286,0.0,0.0,0.0,0.0,0.0,0.0,0.0,0.0,,,,,,,,,,,,,,,,,,,#000000
2022-03-31 00:00:00+00:00,62.9659121902,64.6027578856,62.736179461,63.7699767423,2146458,0.0,0.0,0.0,0.0,0.0,0.0,0.0,0.0,,,,,,,,,,,,,,,,,,,#000000
2022-04-01 00:00:00+00:00,62.554307717,63.8465543187,61.4152162682,63.5976771954,1424338,0.0,0.0,0.0,0.0,0.0,0.0,0.0,0.0,,,,,,,,,,,,,,,,,,,"rgba(239, 83, 80, 1.0)"
2022-04-04 00:00:00+00:00,63.7891211364,63.9901372744,61.9895480911,62.4777301406,1159161,0.0,0.0,0.0,0.0,0.0,0.0,0.0,0.0,,,,,,,,,,,,,,,,,,,#000000
2022-04-05 00:00:00+00:00,62.4873023377,64.2677309889,61.778959756,63.8752709098,727432,0.0,0.0,0.0,0.0,0.0,0.0,0.0,0.0,,,,,,,,,,,,,,,,,,,"rgba(239, 83, 80, 1.0)"
2022-04-06 00:00:00+00:00,59.9315257255,61.6640933915,58.8402952619,61.5970880121,1338536,0.0,0.0,0.0,0.0,0.0,0.0,0.0,0.0,,,,,,,,,,,,,,,,,,,"rgba(239, 83, 80, 1.0)"
2022-04-07 00:00:00+00:00,59.0317392029,60.4579965632,57.3757491134,59.9410979226,1887959,0.0,0.0,0.0,0.0,0.0,0.0,0.0,0.0,,,,,,,,,,,,,,,,,,,"rgba(239, 83, 80, 1.0)"
2022-04-08 00:00:00+00:00,59.3189051144,60.1229696665,58.4191185917,58.9551616265,1080855,0.0,0.0,0.0,0.0,0.0,0.0,0.0,0.0,,,,,,,,,,,,,,,,,,,"rgba(239, 83, 80, 1.0)"
2022-04-11 00:00:00+00:00,58.5052683652,60.2569804252,58.1798136655,58.6488513209,1038659,0.0,0.0,0.0,0.0,0.0,0.0,0.0,0.0,,,,,,,,,,,,,,,,,,,"rgba(239, 83, 80, 1.0)"
2022-04-12 00:00:00+00:00,58.4382629858,60.1469001591,58.2276746508,59.1944665527,798802,0.0,0.0,0.0,0.0,0.0,0.0,0.0,0.0,,,,,,,,,,,,,,,,,,,"rgba(239, 83, 80, 1.0)"
2022-04-13 00:00:00+00:00,60.1516862577,60.7260180806,58.4956961681,58.5244127593,927365,0.0,0.0,0.0,0.0,0.0,0.0,0.0,0.0,,,,,,,,,,,,,,,,,,,"rgba(239, 83, 80, 1.0)"
2022-04-14 00:00:00+00:00,59.634787617,60.8121678541,59.62521542,60.2569804252,606090,0.0,0.0,0.0,0.0,0.0,0.0,0.0,0.0,,,,,,,,,,,,,,,,,,,"rgba(239, 83, 80, 0.75)"
2022-04-18 00:00:00+00:00,60.4579965632,60.8504566423,59.060455794,59.2997607203,1132313,0.0,0.0,0.0,0.0,0.0,0.0,0.0,0.0,,,,,,,,,,,,,,,,,,,"rgba(239, 83, 80, 0.75)"
2022-04-19 00:00:00+00:00,62.3245749879,62.7553238551,60.1899750459,60.3814189868,959257,0.0,0.0,0.0,0.0,0.0,0.0,0.0,0.0,,,,,,,,,,,,,,,,,,,"rgba(239, 83, 80, 0.75)"
2022-04-20 00:00:00+00:00,63.4349498456,64.1815812154,62.4681579436,62.6021687023,769574,0.0,0.0,0.0,0.0,0.0,0.0,0.0,0.0,,,,,,,,,,,,,,,,,,,#000000
2022-04-21 00:00:00+00:00,61.3482108888,65.1388009203,61.0419005832,64.4591749298,795214,0.0,0.0,0.0,0.0,0.0,0.0,0.0,0.0,,,,,,,,,,,,,,,,,,,#000000
2022-04-22 00:00:00+00:00,60.1133974695,61.6640933915,59.6635042082,61.3673552829,984091,0.0,0.0,0.0,0.0,0.0,0.0,0.0,0.0,,,,,,,,,,,,,,,,,,,#000000
2022-04-25 00:00:00+00:00,61.4535050564,61.5587992239,58.8785840501,59.0556696955,1261629,0.0,0.0,0.0,0.0,0.0,0.0,0.0,0.0,,,,,,,,,,,,,,,,,,,#000000
2022-04-26 00:00:00+00:00,59.6539320111,62.152275441,59.1848943557,61.9799758941,1067683,0.0,0.0,0.0,0.0,0.0,0.0,0.0,0.0,,,,,,,,,,,,,,,,,,,"rgba(239, 83, 80, 0.75)"
2022-04-27 00:00:00+00:00,57.5863374485,62.0948422587,57.0311500196,60.7068736865,1685842,0.0,0.0,0.0,0.0,0.0,0.0,0.0,0.0,,,,,,,,,,,,,,,,,,,"rgba(239, 83, 80, 1.0)"
2022-04-28 00:00:00+00:00,59.1083167793,59.6443598141,57.3853213104,58.1223804832,956869,0.0,0.0,0.0,0.0,0.0,0.0,0.0,0.0,,,,,,,,,,,,,,,,,,,"rgba(239, 83, 80, 1.0)"
2022-04-29 00:00:00+00:00,57.9883697245,60.4579965632,57.8447867688,58.7445732914,960266,0.0,0.0,0.0,0.0,0.0,0.0,0.0,0.0,,,,,,,,,,,,,,,,,,,"rgba(239, 83, 80, 1.0)"
2022-05-02 00:00:00+00:00,58.3616854094,58.5052683652,56.1600800881,58.275535636,1370401,0.0,0.0,0.0,0.0,0.0,0.0,0.0,0.0,,,,,,,,,,,,,,,,,,,"rgba(239, 83, 80, 1.0)"
2022-05-03 00:00:00+00:00,58.5722737445,59.3284773114,57.3518186208,58.7541454885,881352,0.0,0.0,0.0,0.0,0.0,0.0,0.0,0.0,,,,,,,,,,,,,,,,,,,"rgba(239, 83, 80, 1.0)"
2022-05-04 00:00:00+00:00,57.0694388078,58.9982365132,54.580667575,58.7158567003,1813093,0.0,0.0,0.0,0.0,0.0,0.0,0.0,0.0,,,,,,,,,,,,,,,,,,,"rgba(239, 83, 80, 1.0)"
2022-05-05 00:00:00+00:00,55.8920585707,57.0694388078,54.8869778806,56.2175132704,1250077,0.0,0.0,0.0,0.0,0.0,0.0,0.0,0.0,,,,,,,,,,,,,,,,,,,"rgba(239, 83, 80, 1.0)"
2022-05-06 00:00:00+00:00,55.8537697825,56.7535563052,54.0829133284,55.748475615,918856,0.0,0.0,0.0,0.0,0.0,0.0,0.0,0.0,,,,,,,,,,,,,,,,,,,"rgba(239, 83, 80, 1.0)"
2022-05-09 00:00:00+00:00,52.6758003622,55.7341173194,52.3886344507,54.7529671219,1047068,0.0,0.0,0.0,0.0,0.0,0.0,0.0,0.0,,,,,,,,,,,,,,,,,,,"rgba(239, 83, 80, 1.0)"
2022-05-10 00:00:00+00:00,52.1876183127,53.8340362051,51.1155322431,53.0969770323,1126454,0.0,0.0,0.0,0.0,0.0,0.0,0.0,0.0,,,,,,,,,,,,,,,,,,,"rgba(239, 83, 80, 1.0)"
2022-05-11 00:00:00+00:00,51.0485268638,53.9776191609,50.7134999671,52.1206129333,1081998,0.0,0.0,0.0,0.0,0.0,0.0,0.0,0.0,,,,,,,,,,,,,,,,,,,"rgba(239, 83, 80, 1.0)"
2022-05-12 00:00:00+00:00,51.6994362632,52.3312012684,50.3497564792,50.9432326963,1121785,0.0,0.0,0.0,0.0,0.0,0.0,0.0,0.0,,,,,,,,,,,,,,,,,,,"rgba(239, 83, 80, 1.0)"
2022-05-13 00:00:00+00:00,54.0829133284,54.8391168953,52.5705061946,52.5705061946,904981,0.0,0.0,0.0,0.0,0.0,0.0,0.0,0.0,,,,,,,,,,,,,,,,,,,"rgba(239, 83, 80, 0.75)"
2022-05-16 00:00:00+00:00,52.7332335445,54.7146783337,52.5992227858,53.5372980966,902072,0.0,0.0,0.0,0.0,0.0,0.0,0.0,0.0,,,,,,,,,,,,,,,,,,,"rgba(239, 83, 80, 0.75)"
2022-05-17 00:00:00+00:00,54.0254801461,54.580667575,53.2118433969,53.9871913579,772700,0.0,0.0,0.0,0.0,0.0,0.0,0.0,0.0,,,,,,,,,,,,,,,,,,,"rgba(239, 83, 80, 0.75)"
2022-05-18 00:00:00+00:00,51.7568694454,53.4415761261,51.0293824697,53.2692765792,1246620,0.0,0.0,0.0,0.0,0.0,0.0,0.0,0.0,,,,,,,,,,,,,,,,,,,"rgba(239, 83, 80, 0.75)"
2022-05-19 00:00:00+00:00,52.1684739186,52.9629662737,51.1442488343,51.1442488343,1031292,0.0,0.0,0.0,0.0,0.0,0.0,0.0,0.0,,,,,,,,,,,,,,,,,,,"rgba(239, 83, 80, 0.75)"
2022-05-20 00:00:00+00:00,52.6566559681,53.2022711999,51.0293824697,52.9533940766,1123655,0.0,0.0,0.0,0.0,0.0,0.0,0.0,0.0,,,,,,,,,,,,,,,,,,,"rgba(239, 83, 80, 0.75)"
2022-05-23 00:00:00+00:00,52.4077788448,53.5947312789,51.2208264107,53.221415594,1205905,0.0,0.0,0.0,0.0,0.0,0.0,0.0,0.0,,,,,,,,,,,,,,,,,,,"rgba(239, 83, 80, 0.75)"
2022-05-24 00:00:00+00:00,50.2444623117,51.9004524012,49.5744085182,51.9004524012,1132987,0.0,0.0,0.0,0.0,0.0,0.0,0.0,0.0,,,,,,,,,,,,,,,,,,,"rgba(239, 83, 80, 0.75)"
2022-05-25 00:00:00+00:00,53.1735546087,53.7622447273,49.8807188238,49.8807188238,1259419,0.0,0.0,0.0,0.0,0.0,0.0,0.0,0.0,,,,,,,,,,,,,,,,,,,"rgba(239, 83, 80, 0.75)"
2022-05-26 00:00:00+00:00,56.9737168373,57.1460163842,53.7861752199,53.7861752199,1422878,0.0,0.0,0.0,0.0,0.0,0.0,0.0,0.0,,,,,,,,,,,,,,,,,,,"rgba(239, 83, 80, 0.5)"
2022-05-27 00:00:00+00:00,56.7918450934,58.1223804832,56.1983688763,57.490615478,910352,0.0,0.0,0.0,0.0,0.0,0.0,0.0,0.0,,,,,,,,,,,,,,,,,,,#000000
2022-05-31 00:00:00+00:00,56.2558020586,57.0311500196,55.2985823537,56.533395773,1057614,0.0,0.0,0.0,0.0,0.0,0.0,0.0,0.0,,,,,,,,,,,,,,,,,,,"rgba(38, 166, 154, 1.0)"
2022-06-01 00:00:00+00:00,55.2507213684,57.299171537,54.0733411314,56.9450002462,1325280,0.0,0.0,0.0,0.0,0.0,0.0,0.0,0.0,,,,,,,,,,,,,,,,,,,"rgba(38, 166, 154, 1.0)"
2022-06-02 00:00:00+00:00,57.3566047193,57.691631616,56.3419518321,56.906711458,1576104,0.0,0.0,0.0,0.0,0.0,0.0,0.0,0.0,,,,,,,,,,,,,,,,,,,"rgba(38, 166, 154, 1.0)"
2022-06-03 00:00:00+00:00,56.8492782757,57.5097598721,56.4644759543,56.5046791819,881813,0.0,0.0,0.0,0.0,0.0,0.0,0.0,0.0,,,,,,,,,,,,,,,,,,,"rgba(38, 166, 154, 1.0)"
2022-06-06 00:00:00+00:00,57.5959096455,57.7777813894,56.6769787288,57.3470325222,1087130,0.0,0.0,0.0,0.0,0.0,0.0,0.0,0.0,,,,,,,,,,,,,,,,,,,"rgba(38, 166, 154, 1.0)"
2022-06-07 00:00:00+00:00,57.8447867688,58.0649473009,56.423315507,56.6865509258,621972,0.0,0.0,0.0,0.0,0.0,0.0,0.0,0.0,,,,,,,,,,,,,,,,,,,"rgba(38, 166, 154, 1.0)"
2022-06-08 00:00:00+00:00,57.2513105517,58.5339849563,57.1843051724,57.5576208573,739122,0.0,0.0,0.0,0.0,0.0,0.0,0.0,0.0,,,,,,,,,,,,,,,,,,,"rgba(38, 166, 154, 1.0)"
2022-06-09 00:00:00+00:00,56.5046791819,57.1412302857,55.5283150829,56.533395773,809342,0.0,0.0,0.0,0.0,0.0,0.0,0.0,0.0,,,,,,,,,,,,,,,,,,,"rgba(38, 166, 154, 1.0)"
2022-06-10 00:00:00+00:00,53.1639824117,55.8729141766,52.939035781,55.3943043242,1521176,0.0,0.0,0.0,0.0,0.0,0.0,0.0,0.0,,,,,,,,,,,,,,,,,,,#000000
2022-06-13 00:00:00+00:00,49.2010928333,51.6324308838,48.6171888133,50.9815214845,1430581,0.0,0.0,0.0,0.0,0.0,0.0,0.0,0.0,,,,,,,,,,,,,,,,,,,"rgba(239, 83, 80, 0.5)"
2022-06-14 00:00:00+00:00,49.8615744297,50.5316282231,48.9234991189,49.3638201831,1308704,0.0,0.0,0.0,0.0,0.0,0.0,0.0,0.0,,,,,,,,,,,,,,,,,,,"rgba(239, 83, 80, 0.5)"
2022-06-15 00:00:00+00:00,50.9240883022,51.7472972484,50.1892307347,50.3784730704,1207624,0.0,0.0,0.0,0.0,0.0,0.0,0.0,0.0,,,,,,,,,,,,,,,,,,,"rgba(239, 83, 80, 1.0)"
2022-06-16 00:00:00+00:00,47.975851611,49.6701304887,47.6216803202,49.4691143507,1629867,0.0,0.0,0.0,0.0,0.0,0.0,0.0,0.0,,,,,,,,,,,,,,,,,,,"rgba(239, 83, 80, 1.0)"
2022-06-17 00:00:00+00:00,49.4499699566,49.8424300356,47.7891937685,48.4257448723,2084445,0.0,0.0,0.0,0.0,0.0,0.0,0.0,0.0,,,,,,,,,,,,,,,,,,,"rgba(239, 83, 80, 1.0)"
2022-06-21 00:00:00+00:00,48.6554776015,50.7996497405,48.5310390398,50.5412004202,1407953,0.0,0.0,0.0,0.0,0.0,0.0,0.0,0.0,,,,,,,,,,,,,,,,,,,"rgba(239, 83, 80, 1.0)"
2022-06-22 00:00:00+00:00,47.6216803202,49.0479376805,47.4685251674,48.1385789608,1292785,0.0,0.0,0.0,0.0,0.0,0.0,0.0,0.0,,,,,,,,,,,,,,,,,,,"rgba(239, 83, 80, 1.0)"
2022-06-23 00:00:00+00:00,46.9516265267,48.0907179756,45.6210911369,47.975851611,1348337,0.0,0.0,0.0,0.0,0.0,0.0,0.0,0.0,,,,,,,,,,,,,,,,,,,"rgba(239, 83, 80, 1.0)"
2022-06-24 00:00:00+00:00,51.096387849,51.096387849,47.2483646352,47.5451027438,2775664,0.0,0.0,0.0,0.0,0.0,0.0,0.0,0.0,,,,,,,,,,,,,,,,,,,"rgba(239, 83, 80, 0.75)"
2022-06-27 00:00:00+00:00,50.1966013264,51.3931259576,49.7945690503,51.1729654254,911123,0.0,0.0,0.0,0.0,0.0,0.0,0.0,0.0,,,,,,,,,,,,,,,,,,,"rgba(239, 83, 80, 0.5)"
2022-06-28 00:00:00+00:00,49.6031251094,52.245051495,49.5648363212,51.1825376225,1497209,0.0,0.0,0.0,0.0,0.0,0.0,0.0,0.0,,,,,,,,,,,,,,,,,,,"rgba(239, 83, 80, 0.5)"
2022-06-29 00:00:00+00:00,48.559755631,49.5870181562,47.9549188171,49.5006128971,794220,0.0,0.0,0.0,0.0,0.0,0.0,0.0,0.0,,,,,,,,,,,,,,,,,,,"rgba(239, 83, 80, 0.5)"
2022-06-30 00:00:00+00:00,47.7629071301,48.588557384,46.6396387614,47.7437059614,1077329,0.0,0.0,0.0,0.0,0.0,0.0,0.0,0.0,,,,,,,,,,,,,,,,,,,"rgba(239, 83, 80, 0.5)"
2022-07-01 00:00:00+00:00,49.0685866014,49.1645924449,47.5900966119,47.5900966119,729349,0.0,0.0,0.0,0.0,0.0,0.0,0.0,0.0,,,,,,,,,,,,,,,,,,,"rgba(239, 83, 80, 0.5)"
2022-07-05 00:00:00+00:00,49.7982310119,49.9422397771,47.1484697319,47.7917088832,940893,0.0,0.0,0.0,0.0,0.0,0.0,0.0,0.0,,,,,,,,,,,,,,,,,,,"rgba(239, 83, 80, 0.5)"
2022-07-06 00:00:00+00:00,48.4445486188,50.3358637353,47.5708954432,49.4814117284,1012212,0.0,0.0,0.0,0.0,0.0,0.0,0.0,0.0,,,,,,,,,,,,,,,,,,,"rgba(239, 83, 80, 0.5)"
2022-07-07 00:00:00+00:00,48.9629801736,50.0958491266,48.5693562153,48.9245778362,804787,0.0,0.0,0.0,0.0,0.0,0.0,0.0,0.0,,,,,,,,,,,,,,,,,,,"rgba(239, 83, 80, 0.5)"
2022-07-08 00:00:00+00:00,47.6380995336,48.5789567997,47.1580703162,48.4733503719,649760,0.0,0.0,0.0,0.0,0.0,0.0,0.0,0.0,,,,,,,,,,,,,,,,,,,"rgba(239, 83, 80, 0.5)"
2022-07-11 00:00:00+00:00,47.0524638884,47.3884843406,46.102006038,47.3884843406,784326,0.0,0.0,0.0,0.0,0.0,0.0,0.0,0.0,,,,,,,,,,,,,,,,,,,"rgba(239, 83, 80, 0.5)"
2022-07-12 00:00:00+00:00,47.926117064,49.0973883545,46.9564580449,46.9564580449,688631,0.0,0.0,0.0,0.0,0.0,0.0,0.0,0.0,,,,,,,,,,,,,,,,,,,"rgba(239, 83, 80, 0.5)"
2022-07-13 00:00:00+00:00,48.3005398536,48.5789567997,46.4476270745,46.793248111,1140998,0.0,0.0,0.0,0.0,0.0,0.0,0.0,0.0,,,,,,,,,,,,,,,,,,,"rgba(239, 83, 80, 0.5)"
2022-07-14 00:00:00+00:00,47.705303624,48.2717381006,47.0044609667,47.5228925214,1257199,0.0,0.0,0.0,0.0,0.0,0.0,0.0,0.0,,,,,,,,,,,,,,,,,,,"rgba(239, 83, 80, 0.5)"
2022-07-15 00:00:00+00:00,50.0574467892,50.3646654884,48.4829509562,48.6653620588,838967,0.0,0.0,0.0,0.0,0.0,0.0,0.0,0.0,,,,,,,,,,,,,,,,,,,"rgba(239, 83, 80, 0.5)"
2022-07-18 00:00:00+00:00,50.6334818501,51.6415432066,50.4126684101,50.6622836031,920139,0.0,0.0,0.0,0.0,0.0,0.0,0.0,0.0,,,,,,,,,,,,,,,,,,,#000000
2022-07-19 00:00:00+00:00,52.3231846953,52.7936133284,51.5311364866,51.6223420379,905369,0.0,0.0,0.0,0.0,0.0,0.0,0.0,0.0,,,,,,,,,,,,,,,,,,,"rgba(38, 166, 154, 1.0)"
2022-07-20 00:00:00+00:00,52.7168086536,53.3696483892,51.9391613214,52.0447677492,574974,0.0,0.0,0.0,0.0,0.0,0.0,0.0,0.0,,,,,,,,,,,,,,,,,,,"rgba(38, 166, 154, 1.0)"
2022-07-21 00:00:00+00:00,53.446453064,53.5424589075,51.9646988758,52.3903887857,687698,0.0,0.0,0.0,0.0,0.0,0.0,0.0,0.0,,,,,,,,,,,,,,,,,,,"rgba(38, 166, 154, 1.0)"
2022-07-22 00:00:00+00:00,52.4575928762,53.7631763416,51.8527560623,53.5616600762,849893,0.0,0.0,0.0,0.0,0.0,0.0,0.0,0.0,,,,,,,,,,,,,,,,,,,"rgba(38, 166, 154, 1.0)"
2022-07-25 00:00:00+00:00,52.9952255997,53.254441377,51.8863581075,52.7072080692,1080143,0.0,0.0,0.0,0.0,0.0,0.0,0.0,0.0,,,,,,,,,,,,,,,,,,,"rgba(38, 166, 154, 1.0)"
2022-07-26 00:00:00+00:00,52.1119718397,52.6544048553,51.238318664,52.5151963823,1514767,0.0,0.0,0.0,0.0,0.0,0.0,0.0,0.0,,,,,,,,,,,,,,,,,,,"rgba(38, 166, 154, 1.0)"
2022-07-27 00:00:00+00:00,53.417651311,54.137695137,52.0447677492,52.8032139127,1682142,0.0,0.0,0.0,0.0,0.0,0.0,0.0,0.0,,,,,,,,,,,,,,,,,,,"rgba(38, 166, 154, 1.0)"
2022-07-28 00:00:00+00:00,53.4848554014,53.8496776066,51.9199601527,53.3120448831,921364,0.0,0.0,0.0,0.0,0.0,0.0,0.0,0.0,,,,,,,,,,,,,,,,,,,"rgba(38, 166, 154, 1.0)"
2022-07-29 00:00:00+00:00,53.2928437144,53.3504472205,51.7087472971,53.196837871,985140,0.0,0.0,0.0,0.0,0.0,0.0,0.0,0.0,,,,,,,,,,,,,,,,,,,"rgba(38, 166, 154, 1.0)"
2022-08-01 00:00:00+00:00,52.8320156657,53.5424589075,52.1986651163,52.6880069005,1444089,0.0,0.0,0.0,0.0,0.0,0.0,0.0,0.0,,,,,,,,,,,,,,,,,,,"rgba(38, 166, 154, 1.0)"
2022-08-02 00:00:00+00:00,52.7744121597,53.0432285214,51.4783332727,52.2847823579,1634640,0.0,0.0,0.0,0.0,0.0,0.0,0.0,0.0,,,,,,,,,,,,,,,,,,,"rgba(38, 166, 154, 1.0)"
2022-08-03 00:00:00+00:00,53.0624296901,53.6864676727,52.1119718397,53.1584355336,1330436,0.0,0.0,0.0,0.0,0.0,0.0,0.0,0.0,,,,,,,,,,,,,,,,,,,"rgba(38, 166, 154, 1.0)"
2022-08-04 00:00:00+00:00,53.2832431301,54.2721033179,53.1104326118,53.3024442988,941046,0.0,0.0,0.0,0.0,0.0,0.0,0.0,0.0,,,,,,,,,,,,,,,,,,,"rgba(38, 166, 154, 1.0)"
2022-08-05 00:00:00+00:00,52.0543683336,53.1488349492,51.6223420379,52.5151963823,944004,0.0,0.0,0.0,0.0,0.0,0.0,0.0,0.0,,,,,,,,,,,,,,,,,,,"rgba(38, 166, 154, 0.75)"
2022-08-08 00:00:00+00:00,53.0240273527,54.3777097457,52.592001057,52.6784063162,964972,0.0,0.0,0.0,0.0,0.0,0.0,0.0,0.0,,,,,,,,,,,,,,,,,,,"rgba(38, 166, 154, 0.75)"
2022-08-09 00:00:00+00:00,52.8320156657,53.0960317353,51.7855519718,52.5151963823,1358024,0.0,0.0,0.0,0.0,0.0,0.0,0.0,0.0,,,,,,,,,,,,,,,,,,,"rgba(38, 166, 154, 0.75)"
2022-08-10 00:00:00+00:00,53.9840857875,54.6465261075,53.1104326118,54.0608904623,949476,0.0,0.0,0.0,0.0,0.0,0.0,0.0,0.0,,,,,,,,,,,,,,,,,,,"rgba(38, 166, 154, 1.0)"
2022-08-11 00:00:00+00:00,54.329706824,55.4145728553,54.3105056553,54.9153424692,770806,0.0,0.0,0.0,0.0,0.0,0.0,0.0,0.0,,,,,,,,,,,,,,,,,,,"rgba(38, 166, 154, 1.0)"
2022-08-12 00:00:00+00:00,55.4241734396,55.4817769457,54.329706824,54.358508577,661955,0.0,0.0,0.0,0.0,0.0,0.0,0.0,0.0,,,,,,,,,,,,,,,,,,,"rgba(38, 166, 154, 1.0)"
2022-08-15 00:00:00+00:00,55.462575777,56.0098090849,55.0689518188,55.0689518188,620012,0.0,0.0,0.0,0.0,0.0,0.0,0.0,0.0,,,,,,,,,,,,,,,,,,,"rgba(38, 166, 154, 1.0)"
2022-08-16 00:00:00+00:00,55.9810073318,56.2594242779,55.1239631671,55.2609635057,731561,0.0,0.0,0.0,0.0,0.0,0.0,0.0,0.0,,,,,,,,,,,,,,,,,,,"rgba(38, 166, 154, 1.0)"
2022-08-17 00:00:00+00:00,54.7233307823,55.5201792831,54.3057053631,55.1553570779,547956,0.0,0.0,0.0,0.0,0.0,0.0,0.0,0.0,,,,,,,,,,,,,,,,,,,"rgba(38, 166, 154, 0.75)"
2022-08-18 00:00:00+00:00,55.0977535718,55.2225611683,54.3008090651,54.6369255231,419294,0.0,0.0,0.0,0.0,0.0,0.0,0.0,0.0,,,,,,,,,,,,,,,,,,,"rgba(38, 166, 154, 0.75)"
2022-08-19 00:00:00+00:00,53.6192635823,54.6561266918,53.3696483892,54.5697214327,741701,0.0,0.0,0.0,0.0,0.0,0.0,0.0,0.0,,,,,,,,,,,,,,,,,,,"rgba(38, 166, 154, 0.75)"
2022-08-22 00:00:00+00:00,52.8608174188,53.2736425457,52.2271788518,52.6112022257,631758,0.0,0.0,0.0,0.0,0.0,0.0,0.0,0.0,,,,,,,,,,,,,,,,,,,"rgba(38, 166, 154, 0.75)"
2022-08-23 00:00:00+00:00,53.3312460518,53.8016746849,52.8032139127,53.0432285214,518483,0.0,0.0,0.0,0.0,0.0,0.0,0.0,0.0,,,,,,,,,,,,,,,,,,,#000000
2022-08-24 00:00:00+00:00,53.7248700101,54.2817039023,52.7936133284,52.9472226779,537356,0.0,0.0,0.0,0.0,0.0,0.0,0.0,0.0,,,,,,,,,,,,,,,,,,,#000000
2022-08-25 00:00:00+00:00,54.9441442223,55.2801646744,54.2048992275,54.3681091614,681421,0.0,0.0,0.0,0.0,0.0,0.0,0.0,0.0,,,,,,,,,,,,,,,,,,,"rgba(38, 166, 154, 0.75)"
2022-08-26 00:00:00+00:00,53.7920741005,55.1745582466,53.7056688414,55.1649576622,839249,0.0,0.0,0.0,0.0,0.0,0.0,0.0,0.0,,,,,,,,,,,,,,,,,,,#000000
2022-08-29 00:00:00+00:00,53.667266504,54.0224881249,52.7360098223,52.8896191718,848346,0.0,0.0,0.0,0.0,0.0,0.0,0.0,0.0,,,,,,,,,,,,,,,,,,,#000000
2022-08-30 00:00:00+00:00,52.5055957979,54.6177243544,52.2079776831,54.2625027336,1423632,0.0,0.0,0.0,0.0,0.0,0.0,0.0,0.0,,,,,,,,,,,,,,,,,,,#000000
2022-08-31 00:00:00+00:00,52.2559806049,53.417651311,52.1311730084,52.9856250153,1170129,0.0,0.0,0.0,0.0,0.0,0.0,0.0,0.0,,,,,,,,,,,,,,,,,,,"rgba(239, 83, 80, 1.0)"
2022-09-01 00:00:00+00:00,51.3919280136,51.6895461284,50.4030678258,51.6895461284,904840,0.0,0.0,0.0,0.0,0.0,0.0,0.0,0.0,,,,,,,,,,,,,,,,,,,"rgba(239, 83, 80, 1.0)"
2022-09-02 00:00:00+00:00,51.1135110675,52.1695753457,50.8830970431,52.0351671649,878017,0.0,0.0,0.0,0.0,0.0,0.0,0.0,0.0,,,,,,,,,,,,,,,,,,,"rgba(239, 83, 80, 1.0)"
2022-09-06 00:00:00+00:00,50.9983040553,52.0159659962,50.3646654884,51.6703449597,1048441,0.0,0.0,0.0,0.0,0.0,0.0,0.0,0.0,,,,,,,,,,,,,,,,,,,"rgba(239, 83, 80, 1.0)"
2022-09-07 00:00:00+00:00,52.6496045631,52.8608174188,50.6142806814,50.9118987962,1289152,0.0,0.0,0.0,0.0,0.0,0.0,0.0,0.0,,,,,,,,,,,,,,,,,,,"rgba(239, 83, 80, 0.75)"
2022-09-08 00:00:00+00:00,52.8896191718,52.9184209249,51.3631262605,51.9871642431,837482,0.0,0.0,0.0,0.0,0.0,0.0,0.0,0.0,,,,,,,,,,,,,,,,,,,"rgba(239, 83, 80, 0.75)"
2022-09-09 00:00:00+00:00,54.5121179266,54.6321252309,53.475254817,53.6480653353,802687,0.0,0.0,0.0,0.0,0.0,0.0,0.0,0.0,,,,,,,,,,,,,,,,,,,#000000
2022-09-12 00:00:00+00:00,54.9729459753,55.8081968136,54.6081237701,54.9153424692,915192,0.0,0.0,0.0,0.0,0.0,0.0,0.0,0.0,,,,,,,,,,,,,,,,,,,"rgba(38, 166, 154, 1.0)"
2022-09-13 00:00:00+00:00,52.2271788518,54.2721033179,52.1695753457,53.2832431301,1142651,0.0,0.0,0.0,0.0,0.0,0.0,0.0,0.0,,,,,,,,,,,,,,,,,,,#000000
2022-09-14 00:00:00+00:00,52.3903887857,52.6016016414,50.7294876936,52.5055957979,1336964,0.0,0.0,0.0,0.0,0.0,0.0,0.0,0.0,,,,,,,,,,,,,,,,,,,#000000
2022-09-15 00:00:00+00:00,51.6127414536,53.5760609527,51.4111291823,52.2559806049,1320001,0.0,0.0,0.0,0.0,0.0,0.0,0.0,0.0,,,,,,,,,,,,,,,,,,,"rgba(239, 83, 80, 1.0)"
2022-09-16 00:00:00+00:00,49.7790298432,51.5167356101,49.5870181562,50.9022982118,2026183,0.0,0.0,0.0,0.0,0.0,0.0,0.0,0.0,,,,,,,,,,,,,,,,,,,"rgba(239, 83, 80, 1.0)"
2022-09-19 00:00:00+00:00,50.6046800971,51.0655081458,49.1069889388,49.1069889388,1096792,0.0,0.0,0.0,0.0,0.0,0.0,0.0,0.0,,,,,,,,,,,,,,,,,,,"rgba(239, 83, 80, 1.0)"
2022-09-20 00:00:00+00:00,50.134251464,50.8302938292,49.7214263371,50.6238812658,920627,0.0,0.0,0.0,0.0,0.0,0.0,0.0,0.0,,,,,,,,,,,,,,,,,,,"rgba(239, 83, 80, 1.0)"
2022-09-21 00:00:00+00:00,48.9149772519,50.7390882779,48.4253474501,50.1438520484,982011,0.0,0.0,0.0,0.0,0.0,0.0,0.0,0.0,,,,,,,,,,,,,,,,,,,"rgba(239, 83, 80, 1.0)"
2022-09-22 00:00:00+00:00,46.4956299962,48.9437790049,46.0540031162,48.9437790049,1958418,0.0,0.0,0.0,0.0,0.0,0.0,0.0,0.0,,,,,,,,,,,,,,,,,,,"rgba(239, 83, 80, 1.0)"
2022-09-23 00:00:00+00:00,45.1419476032,46.1404083754,44.3364585764,45.909994351,2236128,0.0,0.0,0.0,0.0,0.0,0.0,0.0,0.0,,,,,,,,,,,,,,,,,,,"rgba(239, 83, 80, 1.0)"
2022-09-26 00:00:00+00:00,44.3739008554,46.130807791,44.2586938432,45.2571546154,1607791,0.0,0.0,0.0,0.0,0.0,0.0,0.0,0.0,,,,,,,,,,,,,,,,,44.921134163199994,,"rgba(239, 83, 80, 1.0)"
2022-09-27 00:00:00+00:00,45.0747435128,46.4476270745,44.6523178014,45.1707493562,978437,0.0,0.0,0.0,0.0,0.0,0.0,0.0,0.0,,,,,,,,,,,,,,,,,45.09910949268341,,"rgba(239, 83, 80, 1.0)"
2022-09-28 00:00:00+00:00,46.322819478,46.572434671,45.1803499406,45.3627610432,763528,0.0,0.0,0.0,0.0,0.0,0.0,0.0,0.0,,,,,,,,,,,,,,,,,45.31019862088015,,"rgba(239, 83, 80, 1.0)"
2022-09-29 00:00:00+00:00,46.2076124658,46.2268736631,44.6570860783,45.4853175648,928024,0.0,0.0,0.0,0.0,0.0,0.0,0.0,0.0,,,,,,,,,,,,,,,,,45.394152908009104,,"rgba(239, 83, 80, 0.75)"
2022-09-30 00:00:00+00:00,45.8898027094,47.0165827549,45.4371645714,45.7646049265,1495890,0.0,0.0,0.0,0.0,0.0,0.0,0.0,0.0,,,,,,,,,,,,,,,,,45.58079068965221,,"rgba(239, 83, 80, 0.75)"
2022-10-03 00:00:00+00:00,46.9491685641,47.6810940638,45.7935930285,46.5254222222,957855,0.0,0.0,0.0,0.0,0.0,0.0,0.0,0.0,,,,,,,,,,,,,,,,,45.75540825212385,,"rgba(239, 83, 80, 0.75)"
2022-10-04 00:00:00+00:00,50.5413818717,50.6087960625,47.6907246625,48.2589299846,1491090,0.0,0.0,0.0,0.0,0.0,0.0,0.0,0.0,,,,,,,,,,,,,,,,,46.455059412609714,,"rgba(239, 83, 80, 0.75)"
2022-10-05 00:00:00+00:00,50.6954714506,50.9458670163,49.4916466156,49.6361055958,856736,0.0,0.0,0.0,0.0,0.0,0.0,0.0,0.0,,,,,,,,,,,,,,,,,46.82519981012182,,#000000
2022-10-06 00:00:00+00:00,50.3584004968,51.494811141,50.290986306,50.4065534902,684327,0.0,0.0,0.0,0.0,0.0,0.0,0.0,0.0,,,,,,,,,,,,,,,,,47.09781350531958,,#000000
2022-10-07 00:00:00+00:00,49.2894040433,49.9539153522,48.9234412935,49.75167278,595001,0.0,0.0,0.0,0.0,0.0,0.0,0.0,0.0,,,,,,,,,,,,,,,,,47.229414338987006,,#000000
2022-10-10 00:00:00+00:00,48.4033889648,49.4242324248,48.1048404057,49.2316204513,635620,0.0,0.0,0.0,0.0,0.0,0.0,0.0,0.0,,,,,,,,,,,,,,,,,47.31120552730766,,#000000
2022-10-11 00:00:00+00:00,48.6345233331,49.2797734446,47.0551051496,48.4322807608,1148982,1.0,49.279774,47.055103,0.0,0.0,0.0,0.0,0.0,,,,,48.323133975766666,,,,,,,,,,,,47.40695292643046,,#000000
2022-10-12 00:00:00+00:00,48.9908554843,49.3471876354,47.7388776559,48.7019375239,660090,0.0,0.0,0.0,0.0,0.0,0.0,0.0,0.0,,,,,48.4578369462352,,,,,,,,,,,,47.47322057743017,,#000000
2022-10-13 00:00:00+00:00,49.9635459509,50.7484397433,47.3343925113,47.825553044,931467,0.0,0.0,0.0,0.0,0.0,0.0,0.0,0.0,,,,,48.760659097588864,,,,,,,,,,,,47.60041782366273,,#000000
2022-10-14 00:00:00+00:00,48.7308293199,50.9169752202,48.6441539318,50.5221206743,749474,0.0,0.0,0.0,0.0,0.0,0.0,0.0,0.0,,,,,48.90453904247253,,,,,,,,,,,,47.69512122045629,,#000000
2022-10-17 00:00:00+00:00,50.7628856413,50.9940200097,49.6794432899,49.9635459509,765621,0.0,0.0,0.0,0.0,0.0,0.0,0.0,0.0,,,,,49.18775752834876,,,,,,,,,,,,47.83487461479798,,"rgba(38, 166, 154, 1.0)"
2022-10-18 00:00:00+00:00,51.5622253318,52.6793747786,51.2058931806,52.1978448446,843008,0.0,0.0,0.0,0.0,0.0,0.0,0.0,0.0,,,,,49.62228245537081,,,,,,,,,,,,48.04341189596667,,"rgba(38, 166, 154, 1.0)"
2022-10-19 00:00:00+00:00,50.0887437338,51.5911171278,49.4627548196,50.8302998321,562226,0.0,0.0,0.0,0.0,0.0,0.0,0.0,0.0,,,,,49.697624029414364,,,,,,,,,,,,48.12231718612103,,"rgba(38, 166, 154, 1.0)"
2022-10-20 00:00:00+00:00,50.0887437338,51.5718559304,49.8768705628,50.0598519377,561739,0.0,0.0,0.0,0.0,0.0,0.0,0.0,0.0,,,,,49.771185165117735,,,,,,,,,,,,48.20030177457151,,"rgba(38, 166, 154, 1.0)"
2022-10-21 00:00:00+00:00,51.4755499436,51.6777925159,49.8768705628,50.1946803192,866595,0.0,0.0,0.0,0.0,0.0,0.0,0.0,0.0,,,,,49.922628483635314,,,,,,,,,,,,48.33495114187886,,"rgba(38, 166, 154, 1.0)"
2022-10-24 00:00:00+00:00,51.7933597001,52.3326732262,51.1673707859,51.3696133582,808087,0.0,0.0,0.0,0.0,0.0,0.0,0.0,0.0,,,,,50.1110939800529,,,,,,,,,,,,48.48164859853556,,"rgba(38, 166, 154, 1.0)"
2022-10-25 00:00:00+00:00,52.7564195681,52.9586621403,51.6007477265,51.8704044895,904245,0.0,0.0,0.0,0.0,0.0,0.0,0.0,0.0,,,,,50.35021645042311,,,,,,,,,,,,48.66239685965382,,"rgba(38, 166, 154, 1.0)"
2022-10-26 00:00:00+00:00,53.931352607,55.3374200143,53.5846510545,54.0758115872,1616118,0.0,0.0,0.0,0.0,0.0,0.0,0.0,0.0,,,,,50.96054835105395,,,,,,,,,,,,49.08673656446005,,"rgba(38, 166, 154, 1.0)"
2022-10-27 00:00:00+00:00,54.5091885278,55.2218528301,54.20100937,54.7499534948,825123,0.0,0.0,0.0,0.0,0.0,0.0,0.0,0.0,,,,,51.230883266338274,,,,,,,,,,,,49.29294354249931,,"rgba(38, 166, 154, 1.0)"
2022-10-28 00:00:00+00:00,55.5300319879,55.5492931852,53.7965242255,54.4321437384,1047949,0.0,0.0,0.0,0.0,0.0,0.0,0.0,0.0,,,,,51.548722498515474,,,,,,,,,,,,49.547928743704354,,"rgba(38, 166, 154, 1.0)"
2022-10-31 00:00:00+00:00,55.6263379747,56.3101104809,55.2988976195,55.7322745601,899465,0.0,0.0,0.0,0.0,0.0,0.0,0.0,0.0,,,,,51.83488280324546,,,,,,,,,,,,49.77841336088365,,"rgba(38, 166, 154, 1.0)"
2022-11-01 00:00:00+00:00,56.2619574875,56.7145956255,55.5830002806,56.5219836519,808359,0.0,0.0,0.0,0.0,0.0,0.0,0.0,0.0,,,,,52.08617195927914,,,,,,,,,,,,49.98567461825761,,"rgba(38, 166, 154, 1.0)"
2022-11-02 00:00:00+00:00,53.5364980611,56.1078679086,53.4690838704,55.8093193496,1072123,0.0,0.0,0.0,0.0,0.0,0.0,0.0,0.0,,,,,52.24872460572784,,,,,,,,,,,,50.16606112802746,,"rgba(38, 166, 154, 0.75)"
2022-11-03 00:00:00+00:00,52.5830687918,53.7387406334,52.0148634697,52.5445463971,982793,0.0,0.0,0.0,0.0,0.0,0.0,0.0,0.0,,,,,52.281181388058144,,,,,,,,,,,,50.26099951069278,,"rgba(38, 166, 154, 0.75)"
2022-11-04 00:00:00+00:00,54.0854421859,54.2973153568,52.9201397456,53.7002182387,795218,0.0,0.0,0.0,0.0,0.0,0.0,0.0,0.0,,,,,52.35133836675952,,,,,,,,,,,,50.3611517758678,,"rgba(38, 166, 154, 0.75)"
2022-11-07 00:00:00+00:00,55.9634089284,55.9634089284,53.7649358618,54.6054945146,990435,0.0,0.0,0.0,0.0,0.0,0.0,0.0,0.0,,,,,52.51119528210716,,,,,,,,,,,,50.52841800170436,,"rgba(38, 166, 154, 0.75)"
2022-11-08 00:00:00+00:00,56.0693455139,56.4449388624,55.2314834288,56.4353082638,590549,0.0,0.0,0.0,0.0,0.0,0.0,0.0,0.0,,,,,52.620272929771794,,,,,,,,,,,,50.63653367390182,,"rgba(38, 166, 154, 0.75)"
2022-11-09 00:00:00+00:00,55.2122222314,56.2234350928,54.9425654684,55.1159162446,595724,0.0,0.0,0.0,0.0,0.0,0.0,0.0,0.0,,,,,52.70917206197448,,,,,,,,,,,,50.73224091941265,,"rgba(38, 166, 154, 0.75)"
2022-11-10 00:00:00+00:00,56.9842523885,58.082140638,56.5027224545,57.6102413027,1398886,0.0,0.0,0.0,0.0,0.0,0.0,0.0,0.0,,,,,53.01604977082599,,,,,,,,,,,,51.01975416029403,,"rgba(38, 166, 154, 0.75)"
2022-11-11 00:00:00+00:00,57.0805583753,58.4288421905,56.9746217898,57.8317450723,1289630,0.0,0.0,0.0,0.0,0.0,0.0,0.0,0.0,,,,,53.28204375263349,,,,,,,,,,,,51.27504946083847,,"rgba(38, 166, 154, 0.75)"
2022-11-14 00:00:00+00:00,57.0420359806,58.0725100393,56.339002277,56.7049650268,794427,0.0,0.0,0.0,0.0,0.0,0.0,0.0,0.0,,,,,53.41860422109112,,,,,,,,,,,,51.41438654196475,,"rgba(38, 166, 154, 1.0)"
2022-11-15 00:00:00+00:00,58.0436182433,58.7273907496,57.6102413027,57.8317450723,854354,0.0,0.0,0.0,0.0,0.0,0.0,0.0,0.0,,,,,53.59078938316785,,,,,,,,,,,,51.58131094676194,,"rgba(38, 166, 154, 1.0)"
2022-11-16 00:00:00+00:00,57.8221144737,57.9376816578,56.8879464017,57.0805583753,641884,0.0,0.0,0.0,0.0,0.0,0.0,0.0,0.0,,,,,53.69663884562932,,,,,,,,,,,,51.69076370891232,,"rgba(38, 166, 154, 1.0)"
2022-11-17 00:00:00+00:00,57.1864949608,57.6343177994,56.5123530532,56.9072075991,579493,0.0,0.0,0.0,0.0,0.0,0.0,0.0,0.0,,,,,53.777123114530696,,,,,,,,,,,,51.77904829407624,,"rgba(38, 166, 154, 1.0)"
2022-11-18 00:00:00+00:00,58.0436182433,58.1880772235,57.2539091515,58.0628794406,840587,0.0,0.0,0.0,0.0,0.0,0.0,0.0,0.0,,,,,53.91107044209166,,,,,,,,,,,,51.918676695628776,,"rgba(38, 166, 154, 1.0)"
2022-11-21 00:00:00+00:00,57.1094501713,58.1591854274,56.7434874215,57.5139353159,1001219,0.0,0.0,0.0,0.0,0.0,0.0,0.0,0.0,,,,,54.040885678540896,,,,,,,,,,,,52.06366008779,,"rgba(38, 166, 154, 0.75)"
2022-11-22 00:00:00+00:00,58.563670572,58.6984989535,57.0950042733,57.5235659146,964117,0.0,0.0,0.0,0.0,0.0,0.0,0.0,0.0,,,,,54.1844357722079,,,,,,,,,,,,52.21575649526951,,"rgba(38, 166, 154, 0.75)"
2022-11-23 00:00:00+00:00,57.5235659146,58.775543743,57.5043047172,58.3999503944,737435,0.0,0.0,0.0,0.0,0.0,0.0,0.0,0.0,,,,,54.282752907925094,,,,,,,,,,,,52.32355289228225,,"rgba(38, 166, 154, 0.75)"
2022-11-25 00:00:00+00:00,58.0339876446,58.2554914142,57.3405845397,57.5620883093,273579,0.0,0.0,0.0,0.0,0.0,0.0,0.0,0.0,,,,,54.3173722909511,,,,,,,,,,,,52.3621164039961,,"rgba(38, 166, 154, 0.75)"
2022-11-28 00:00:00+00:00,57.1961255595,57.8510062697,56.9168381977,57.6198719014,866756,0.0,0.0,0.0,0.0,0.0,0.0,0.0,0.0,,,,,54.40633341624208,,,,,,,,,,,,52.468877528391154,,"rgba(38, 166, 154, 0.75)"
2022-11-29 00:00:00+00:00,57.841375671,58.0243570459,57.1287113687,57.1287113687,1023795,0.0,0.0,0.0,0.0,0.0,0.0,0.0,0.0,,,,,54.51646368757947,,,,,,,,,,,,52.59772492678178,,"rgba(38, 166, 154, 0.75)"
2022-11-30 00:00:00+00:00,59.0644617033,59.1222452954,56.9553605925,57.8702674671,1474935,0.0,0.0,0.0,0.0,0.0,0.0,0.0,0.0,,,,,54.695881746990175,,,,,,,,,,,,52.79719498343586,,"rgba(38, 166, 154, 0.75)"
2022-12-01 00:00:00+00:00,58.6214541641,59.5363610387,58.5588552727,59.1703982888,889780,0.0,0.0,0.0,0.0,0.0,0.0,0.0,0.0,,,,,54.810582079733656,,,,,,,,,,,,52.92170879156231,,"rgba(38, 166, 154, 0.75)"
2022-12-02 00:00:00+00:00,57.6102413027,58.294013809,57.4754129212,57.4754129212,847013,0.0,0.0,0.0,0.0,0.0,0.0,0.0,0.0,,,,,54.88598769257959,,,,,,,,,,,,53.014438231768096,,"rgba(38, 166, 154, 0.5)"
2022-12-05 00:00:00+00:00,56.7338568228,57.5428271119,56.396785869,57.2731703489,673063,0.0,0.0,0.0,0.0,0.0,0.0,0.0,0.0,,,,,54.92547714296242,,,,,,,,,,,,53.072203089214824,,"rgba(38, 166, 154, 0.5)"
2022-12-06 00:00:00+00:00,56.1752820994,57.1094501713,55.5204013892,56.7820098162,892412,0.0,0.0,0.0,0.0,0.0,0.0,0.0,0.0,,,,,54.9596506041663,,,,,,,,,,,,53.13412483550881,,#000000
2022-12-07 00:00:00+00:00,56.4064164677,56.7290415235,55.375942409,55.7515357575,709745,0.0,0.0,0.0,0.0,0.0,0.0,0.0,0.0,,,,,54.98366979840193,,,,,,,,,,,,53.180199232887404,,#000000
2022-12-08 00:00:00+00:00,56.7434874215,56.9457299938,56.1945432968,56.8301628096,734692,0.0,0.0,0.0,0.0,0.0,0.0,0.0,0.0,,,,,55.01675421467273,,,,,,,,,,,,53.23351741465,,#000000
2022-12-09 00:00:00+00:00,56.4738306585,56.849424007,56.2908492836,56.5990284413,744030,0.0,0.0,0.0,0.0,0.0,0.0,0.0,0.0,,,,,55.04713431875224,,,,,,,,,,,,53.28447249145254,,#000000
2022-12-12 00:00:00+00:00,56.5990284413,56.849424007,55.5781849813,55.616707376,827220,0.0,0.0,0.0,0.0,0.0,0.0,0.0,0.0,,,,,55.07526429775206,,,,,,,,,,,,53.336010563108836,,#000000
2022-12-13 00:00:00+00:00,57.2828009476,58.4721798845,56.6327355367,58.3325362037,1265233,0.0,0.0,0.0,0.0,0.0,0.0,0.0,0.0,,,,,55.15202479555991,,,,,,,,,,,,53.43971834473969,,#000000
2022-12-14 00:00:00+00:00,56.5701366453,57.6102413027,56.0356384185,56.9649911911,1506118,0.0,0.0,0.0,0.0,0.0,0.0,0.0,0.0,,,,,55.21051535278039,,,,,,,,,,,,53.53554486063769,,#000000
2022-12-15 00:00:00+00:00,55.5974461786,56.1078679086,54.9281195704,55.5878155799,968439,0.0,0.0,0.0,0.0,0.0,0.0,0.0,0.0,,,,,55.218248246514804,,,,,,,,,,,,53.57237907494061,,"rgba(239, 83, 80, 1.0)"
2022-12-16 00:00:00+00:00,55.1544386393,55.6372330952,54.8937296332,55.0192561917,2253650,0.0,0.0,0.0,0.0,0.0,0.0,0.0,0.0,,,,,55.21877072556709,,,,,,,,,,,,53.64014909531683,,"rgba(239, 83, 80, 1.0)"
2022-12-19 00:00:00+00:00,53.3391314852,55.1544386393,52.7984016947,55.1544386393,1402222,0.0,0.0,0.0,0.0,0.0,0.0,0.0,0.0,,,,,55.1739176027981,,,,,,,,,,,,53.64322399796527,,"rgba(239, 83, 80, 1.0)"
2022-12-20 00:00:00+00:00,53.8702053867,54.0729790582,52.9336807012,53.1073901464,1045098,0.0,0.0,0.0,0.0,0.0,0.0,0.0,0.0,,,,,55.13913815282682,,,,,,,,,,,,53.64290417407912,,"rgba(239, 83, 80, 1.0)"
2022-12-21 00:00:00+00:00,53.8315818302,54.8744178549,53.6577758261,54.5557735141,1000771,0.0,0.0,0.0,0.0,0.0,0.0,0.0,0.0,,,,,55.117704305816396,,,,,,,,,,,,53.65108464085553,,"rgba(239, 83, 80, 1.0)"
2022-12-22 00:00:00+00:00,52.7211545817,53.4453462655,51.7941892264,53.3777550417,966212,0.0,0.0,0.0,0.0,0.0,0.0,0.0,0.0,,,,,55.068606032484304,,,,,,,,,,,,53.634882354738245,,"rgba(239, 83, 80, 1.0)"
2022-12-23 00:00:00+00:00,53.232916705,53.3391314852,52.3542307953,52.576316245,879157,0.0,0.0,0.0,0.0,0.0,0.0,0.0,0.0,,,,,55.031332717349066,,,,,,,,,,,,53.625278126702966,,"rgba(239, 83, 80, 1.0)"
2022-12-27 00:00:00+00:00,52.9722076988,53.4646580438,52.7694340273,53.319819707,708294,0.0,0.0,0.0,0.0,0.0,0.0,0.0,0.0,,,,,55.00357545065032,,,,,,,,,,,,53.61882408403483,,"rgba(239, 83, 80, 1.0)"
2022-12-28 00:00:00+00:00,51.1762123229,52.8756488076,51.021718097,52.8756488076,891486,0.0,0.0,0.0,0.0,0.0,0.0,0.0,0.0,,,,,54.9456418129761,,,,,,,,,,,,53.591091583726666,,"rgba(239, 83, 80, 1.0)"
2022-12-29 00:00:00+00:00,52.3831984626,52.8032296392,50.978266596,51.2920829923,680766,0.0,0.0,0.0,0.0,0.0,0.0,0.0,0.0,,,,,54.907542141881045,,,,,,,,,,,,53.574398018595986,,"rgba(239, 83, 80, 1.0)"
2022-12-30 00:00:00+00:00,52.6535633579,52.7308104708,51.350018327,51.5238243311,841490,0.0,0.0,0.0,0.0,0.0,0.0,0.0,0.0,,,,,54.864857270557444,,,,,,,,,,,,53.556774982286626,,"rgba(239, 83, 80, 0.75)"
2023-01-03 00:00:00+00:00,52.5183809103,53.5322492676,52.1755968466,53.3777550417,560168,0.0,0.0,0.0,0.0,0.0,0.0,0.0,0.0,,,,,54.84244379567089,,,,,,,,,,,,53.549649551576856,,"rgba(239, 83, 80, 0.75)"
2023-01-04 00:00:00+00:00,54.2757527296,54.3336880644,52.8177134729,53.0784224791,911067,0.0,0.0,0.0,0.0,0.0,0.0,0.0,0.0,,,,,54.82499736852001,,,,,,,,,,,,53.55328773572862,,"rgba(239, 83, 80, 0.75)"
2023-01-05 00:00:00+00:00,53.4260344873,54.3626557317,53.2039490376,53.5998404914,720730,0.0,0.0,0.0,0.0,0.0,0.0,0.0,0.0,,,,,54.80969871607712,,,,,,,,,,,,53.55450496567887,,"rgba(239, 83, 80, 0.75)"
2023-01-06 00:00:00+00:00,54.2854086188,54.6475044607,53.4936257111,54.0440113908,671628,0.0,0.0,0.0,0.0,0.0,0.0,0.0,0.0,,,,,54.80159992521306,,,,,,,,,,,,53.5604535893781,,"rgba(239, 83, 80, 0.75)"
2023-01-09 00:00:00+00:00,54.0633231691,55.0675356373,53.8412377194,54.4592146229,955355,0.0,0.0,0.0,0.0,0.0,0.0,0.0,0.0,,,,,54.793497849341605,,,,,,,,,,,,53.57129187788122,,#000000
2023-01-10 00:00:00+00:00,54.3819675099,54.4012792882,53.2522284832,53.8219259411,729983,0.0,0.0,0.0,0.0,0.0,0.0,0.0,0.0,,,,,54.78349461081329,,,,,,,,,,,,53.57601847681061,,#000000
2023-01-11 00:00:00+00:00,55.1447827502,55.410319701,54.5917899805,54.6813000726,849729,0.0,0.0,0.0,0.0,0.0,0.0,0.0,0.0,,,,,54.78739112523347,,,,,,,,,,,,53.594187604438204,,#000000
2023-01-12 00:00:00+00:00,56.3324571117,56.7283485655,55.1544386393,55.3572123108,892160,0.0,0.0,0.0,0.0,0.0,0.0,0.0,0.0,,,,,54.8068836412922,,,,,,,,,,,,53.62586470371174,,"rgba(38, 166, 154, 0.5)"
2023-01-13 00:00:00+00:00,56.4097042246,56.5448866723,55.8400067667,55.8400067667,422782,0.0,0.0,0.0,0.0,0.0,0.0,0.0,0.0,,,,,54.817294722049425,,,,,,,,,,,,53.6417578927609,,"rgba(38, 166, 154, 0.5)"
2023-01-17 00:00:00+00:00,57.3849490255,57.5413744292,56.6511014526,56.9021545696,642228,0.0,0.0,0.0,0.0,0.0,0.0,0.0,0.0,,,,,54.842782231586774,,,,,,,,,,,,53.673946727321315,,"rgba(38, 166, 154, 1.0)"
2023-01-18 00:00:00+00:00,57.1725194649,58.3215702699,57.0083693499,57.9932700399,588204,0.0,0.0,0.0,0.0,0.0,0.0,0.0,0.0,,,,,54.86865144431995,,,,,,,,,,,,53.70545909004523,,"rgba(38, 166, 154, 1.0)"
2023-01-19 00:00:00+00:00,56.4483277811,57.0566487955,56.0138127708,56.5835102287,524634,0.0,0.0,0.0,0.0,0.0,0.0,0.0,0.0,,,,,54.88274458616849,,,,,,,,,,,,53.72587976343057,,"rgba(38, 166, 154, 1.0)"
2023-01-20 00:00:00+00:00,58.0608612637,58.1284524875,56.6511014526,56.6511014526,709929,0.0,0.0,0.0,0.0,0.0,0.0,0.0,0.0,,,,,54.914179000158946,,,,,,,,,,,,53.763860440415606,,"rgba(38, 166, 154, 1.0)"
2023-01-23 00:00:00+00:00,58.2926026025,58.7174617237,57.7904963684,58.3215702699,874325,0.0,0.0,0.0,0.0,0.0,0.0,0.0,0.0,,,,,54.961045516464274,,,,,,,,,,,,53.817396575789424,,"rgba(38, 166, 154, 1.0)"
2023-01-24 00:00:00+00:00,58.8623000605,59.0650737319,57.9208508715,58.6112469434,710039,0.0,0.0,0.0,0.0,0.0,0.0,0.0,0.0,,,,,55.00207244658604,,,,,,,,,,,,53.86328505354365,,"rgba(38, 166, 154, 1.0)"
2023-01-25 00:00:00+00:00,58.6305587217,58.8043647258,58.1477642658,58.4664086067,345346,0.0,0.0,0.0,0.0,0.0,0.0,0.0,0.0,,,,,55.02121523993406,,,,,,,,,,,,53.884878569671514,,"rgba(38, 166, 154, 1.0)"
2023-01-26 00:00:00+00:00,59.1230090666,59.2871591816,58.6546984444,59.2871591816,580057,0.0,0.0,0.0,0.0,0.0,0.0,0.0,0.0,,,,,55.0573698223064,,,,,,,,,,,,53.924513592722036,,"rgba(38, 166, 154, 1.0)"
2023-01-27 00:00:00+00:00,59.0650737319,59.6637388572,58.8912677278,58.8912677278,481429,0.0,0.0,0.0,0.0,0.0,0.0,0.0,0.0,,,,,55.088262286881715,,,,,,,,,,,,53.95812553561674,,"rgba(38, 166, 154, 1.0)"
2023-01-30 00:00:00+00:00,58.2926026025,59.2968150708,58.2153554896,58.5533116087,595169,0.0,0.0,0.0,0.0,0.0,0.0,0.0,0.0,,,,,55.12030454185136,,,,,,,,,,,,53.99436882851168,,"rgba(38, 166, 154, 1.0)"
2023-01-31 00:00:00+00:00,60.1658450913,60.2334363152,58.2829467134,58.3408820481,968563,0.0,0.0,0.0,0.0,0.0,0.0,0.0,0.0,,,,,55.18524558416759,,,,,,,,,,,,54.06418623154194,,"rgba(38, 166, 154, 1.0)"
2023-02-01 00:00:00+00:00,60.2044686478,60.6438116027,59.4030298511,60.0789420893,794570,0.0,0.0,0.0,0.0,0.0,0.0,0.0,0.0,,,,,55.24331981616779,,,,,,,,,,,,54.12549410018436,,"rgba(38, 166, 154, 1.0)"
2023-02-02 00:00:00+00:00,60.0016949763,60.5810483234,58.9202353952,60.5810483234,1447969,0.0,0.0,0.0,0.0,0.0,0.0,0.0,0.0,,,,,55.340408893779895,,,,,,,,,,,,54.229519053559535,,"rgba(38, 166, 154, 1.0)"
2023-02-03 00:00:00+00:00,64.1923508534,64.5399628616,62.2529655241,62.7246557075,2781000,0.0,0.0,0.0,0.0,0.0,0.0,0.0,0.0,,,,,55.665202341672384,,,,,,,,,,,,54.5484581255021,,"rgba(38, 166, 154, 1.0)"
2023-02-06 00:00:00+00:00,62.7536233748,64.1730390751,62.2515171407,63.9219859581,1016836,0.0,0.0,0.0,0.0,0.0,0.0,0.0,0.0,,,,,55.769242228887066,,,,,,,,,,,,54.652398328006626,,"rgba(38, 166, 154, 1.0)"
2023-02-07 00:00:00+00:00,64.163383186,64.2213185207,62.1259905822,62.5798173707,1257799,0.0,0.0,0.0,0.0,0.0,0.0,0.0,0.0,,,,,55.90155385245068,,,,,,,,,,,,54.78411945491359,,"rgba(38, 166, 154, 1.0)"
2023-02-08 00:00:00+00:00,63.014332381,64.2502861881,62.4301510894,63.9702654036,827539,0.0,0.0,0.0,0.0,0.0,0.0,0.0,0.0,,,,,55.98313659984595,,,,,,,,,,,,54.86602764378262,,"rgba(38, 166, 154, 0.75)"
2023-02-09 00:00:00+00:00,62.6184409272,64.5495221918,62.5508497034,64.2116626316,1079155,0.0,0.0,0.0,0.0,0.0,0.0,0.0,0.0,,,,,56.086950328056645,,,,,,,,,,,,54.970583908906406,,"rgba(38, 166, 154, 0.75)"
2023-02-10 00:00:00+00:00,63.3812561675,63.4777184998,62.1694420832,62.1742700278,1542060,0.0,0.0,0.0,0.0,0.0,0.0,0.0,0.0,,,,,56.2256330987662,,,,,,,,,,,,55.11150367332022,,"rgba(38, 166, 154, 0.75)"
2023-02-13 00:00:00+00:00,63.7095563975,63.8061152886,63.0819236048,63.2460737198,882712,0.0,0.0,0.0,0.0,0.0,0.0,0.0,0.0,,,,,56.30847632408462,,,,,,,,,,,,55.19516458615273,,"rgba(38, 166, 154, 0.75)"
2023-02-14 00:00:00+00:00,64.8296395351,64.9648219828,63.1591707178,63.6805887301,1341658,0.0,0.0,0.0,0.0,0.0,0.0,0.0,0.0,,,,,56.444159671799504,,,,,,,,,,,,55.33086944680485,,"rgba(38, 166, 154, 0.75)"
2023-02-15 00:00:00+00:00,65.0131014283,65.1772515433,64.4868554714,64.9455102045,1050665,0.0,0.0,0.0,0.0,0.0,0.0,0.0,0.0,,,,,56.554769002794295,,,,,,,,,,,,55.44097049881893,,"rgba(38, 166, 154, 0.75)"
2023-02-16 00:00:00+00:00,63.6419651737,64.8779189807,63.5647180607,64.2309744098,1004018,0.0,0.0,0.0,0.0,0.0,0.0,0.0,0.0,,,,,56.647116001631716,,,,,,,,,,,,55.534433881117,,"rgba(38, 166, 154, 0.75)"
2023-02-17 00:00:00+00:00,63.9123300689,64.1682111306,63.0626118266,63.4778150587,627266,0.0,0.0,0.0,0.0,0.0,0.0,0.0,0.0,,,,,56.70125680551166,,,,,,,,,,,,55.58968055941296,,"rgba(38, 166, 154, 0.75)"
2023-02-21 00:00:00+00:00,62.7729351531,63.8495667897,62.4398069785,63.014332381,640155,0.0,0.0,0.0,0.0,0.0,0.0,0.0,0.0,,,,,56.75028071228029,,,,,,,,,,,,55.64055014156572,,"rgba(38, 166, 154, 0.75)"
2023-02-22 00:00:00+00:00,62.9950206028,63.3909120566,62.5025702578,62.8598381551,596003,0.0,0.0,0.0,0.0,0.0,0.0,0.0,0.0,,,,,56.794829136872956,,,,,,,,,,,,55.686922208092675,,"rgba(38, 166, 154, 0.75)"
2023-02-23 00:00:00+00:00,62.6570644837,63.6419651737,61.9135610216,63.255729609,879165,0.0,0.0,0.0,0.0,0.0,0.0,0.0,0.0,,,,,56.85703028434808,,,,,,,,,,,,55.75217815794753,,"rgba(38, 166, 154, 0.5)"
2023-02-24 00:00:00+00:00,61.3824871201,61.9280448553,60.6679513255,61.3535194528,966159,0.0,0.0,0.0,0.0,0.0,0.0,0.0,0.0,,,,,56.90785194182294,,,,,,,,,,,,55.80830135668551,,#000000
2023-02-27 00:00:00+00:00,61.778378574,62.1308185268,61.2666164507,61.8363139087,745165,0.0,0.0,0.0,0.0,0.0,0.0,0.0,0.0,,,,,56.94973627696468,,,,,,,,,,,,55.8538966912125,,#000000
2023-02-28 00:00:00+00:00,62.8888058225,63.3812561675,61.6818196828,61.7494109066,1237651,0.0,0.0,0.0,0.0,0.0,0.0,0.0,0.0,,,,,57.030888248644565,,,,,,,,,,,,55.93978690931959,,#000000
2023-03-01 00:00:00+00:00,62.850182266,63.4971268369,62.6956880401,62.7149998184,1027300,0.0,0.0,0.0,0.0,0.0,0.0,0.0,0.0,,,,,57.10076059171963,,,,,,,,,,,,56.01322300971327,,#000000
2023-03-02 00:00:00+00:00,63.1398589395,63.1495148287,61.9811522454,62.3287642537,900705,0.0,0.0,0.0,0.0,0.0,0.0,0.0,0.0,,,,,57.15808387511014,,,,,,,,,,,,56.0740441661551,,"rgba(38, 166, 154, 0.5)"
2023-03-03 00:00:00+00:00,63.5743739498,63.7964593995,62.6087850381,63.3812561675,923715,0.0,0.0,0.0,0.0,0.0,0.0,0.0,0.0,,,,,57.221537528865994,,,,,,,,,,,,56.140511153480716,,"rgba(38, 166, 154, 0.5)"
2023-03-06 00:00:00+00:00,62.5701614816,63.8930182907,62.5025702578,63.5647180607,810473,0.0,0.0,0.0,0.0,0.0,0.0,0.0,0.0,,,,,57.27312353703085,,,,,,,,,,,,56.19513838047245,,"rgba(38, 166, 154, 0.5)"
2023-03-07 00:00:00+00:00,62.6763762619,63.4295356131,62.4929143687,62.686032151,747609,0.0,0.0,0.0,0.0,0.0,0.0,0.0,0.0,,,,,57.318895799208164,,,,,,,,,,,,56.2438679632135,,#000000
2023-03-08 00:00:00+00:00,62.6377527054,62.7922469313,61.9039051325,62.6763762619,721364,0.0,0.0,0.0,0.0,0.0,0.0,0.0,0.0,,,,,57.35905326888676,,,,,,,,,,,,56.28726578831138,,#000000
2023-03-09 00:00:00+00:00,60.8900367752,62.7729351531,60.8610691078,62.7729351531,1237357,0.0,0.0,0.0,0.0,0.0,0.0,0.0,0.0,,,,,57.41406968461963,,,,,,,,,,,,56.34919751126231,,"rgba(239, 83, 80, 1.0)"
2023-03-10 00:00:00+00:00,59.0071383972,60.6486395472,58.659526389,60.6389836581,978218,0.0,0.0,0.0,0.0,0.0,0.0,0.0,0.0,,,,,57.43507133274521,,,,,,,,,,,,56.37789992370112,,"rgba(239, 83, 80, 1.0)"
2023-03-13 00:00:00+00:00,56.8924986805,58.0125818181,56.2262423314,57.9353347052,1022761,0.0,0.0,0.0,0.0,0.0,0.0,0.0,0.0,,,,,57.430872541609475,,,,,,,,,,,,56.38430610878572,,"rgba(239, 83, 80, 1.0)"
2023-03-14 00:00:00+00:00,58.3505379372,58.9314293055,57.7986911374,57.9632770251,1031530,0.0,0.0,0.0,0.0,0.0,0.0,0.0,0.0,,,,,57.44082266305536,,,,,,,,,,,,56.403294538966975,,"rgba(239, 83, 80, 1.0)"
2023-03-15 00:00:00+00:00,57.2468443376,57.3533410885,55.9011126679,56.8983095167,1064854,0.0,0.0,0.0,0.0,0.0,0.0,0.0,0.0,,,,,57.434186542882365,,,,,,,,,,,,56.407523041733384,,"rgba(239, 83, 80, 1.0)"
2023-03-16 00:00:00+00:00,58.214996618,58.5634346237,56.4626409905,56.4626409905,940111,0.0,0.0,0.0,0.0,0.0,0.0,0.0,0.0,,,,,57.43717689038321,,,,,,,,,,,,56.419039641544906,,"rgba(239, 83, 80, 1.0)"
2023-03-17 00:00:00+00:00,58.0794552987,58.5315824137,57.3242965201,57.8664617971,926366,0.0,0.0,0.0,0.0,0.0,0.0,0.0,0.0,,,,,57.44222753747378,,,,,,,,,,,,56.43213989842357,,"rgba(239, 83, 80, 1.0)"
2023-03-20 00:00:00+00:00,58.9701553967,59.3380532632,58.1762705268,58.5248053477,1046759,0.0,0.0,0.0,0.0,0.0,0.0,0.0,0.0,,,,,57.45668811732321,,,,,,,,,,,,56.45467047095663,,"rgba(239, 83, 80, 0.75)"
2023-03-21 00:00:00+00:00,59.9576707226,60.6160142733,59.8318109262,60.0351229051,1270213,0.0,0.0,0.0,0.0,0.0,0.0,0.0,0.0,,,,,57.49017674671106,,,,,,,,,,,,56.496193626024144,,"rgba(239, 83, 80, 0.75)"
2023-03-22 00:00:00+00:00,58.3892640285,60.0544859507,58.3795825057,59.8511739718,1073482,0.0,0.0,0.0,0.0,0.0,0.0,0.0,0.0,,,,,57.50534761563186,,,,,,,,,,,,56.51928476181156,,"rgba(239, 83, 80, 0.75)"
2023-03-23 00:00:00+00:00,58.0504107303,59.8499153738,57.5276084989,58.805569509,991869,0.0,0.0,0.0,0.0,0.0,0.0,0.0,0.0,,,,,57.514635155966495,,,,,,,,,,,,56.53621215346528,,"rgba(239, 83, 80, 0.75)"
2023-03-24 00:00:00+00:00,58.4957607793,58.7232765652,56.4820040362,57.3727041341,982194,0.0,0.0,0.0,0.0,0.0,0.0,0.0,0.0,,,,,57.51825556093287,,,,,,,,,,,,56.547798938791374,,"rgba(239, 83, 80, 0.75)"
2023-03-27 00:00:00+00:00,58.9798369195,59.4224761421,58.3989455513,59.2896456492,719030,0.0,0.0,0.0,0.0,0.0,0.0,0.0,0.0,,,,,57.52791559863731,,,,,,,,,,,,56.56254327735147,,"rgba(239, 83, 80, 0.75)"
2023-03-28 00:00:00+00:00,59.2412380352,59.7156326526,58.6216205757,58.7958879862,638884,0.0,0.0,0.0,0.0,0.0,0.0,0.0,0.0,,,,,57.53795045757976,,,,,,,,,,,,56.576906876890604,,"rgba(239, 83, 80, 0.75)"
2023-03-29 00:00:00+00:00,60.3255685892,60.3860781067,59.7156326526,59.7834033122,544815,0.0,0.0,0.0,0.0,0.0,0.0,0.0,0.0,,,,,57.551268493587514,,,,,,,,,,,,56.593433809987665,,#000000
2023-03-30 00:00:00+00:00,60.43206534,61.1872241187,60.2577979296,60.7515555925,463168,0.0,0.0,0.0,0.0,0.0,0.0,0.0,0.0,,,,,57.5645757851732,,,,,,,,,,,,56.609260848963736,,#000000
2023-03-31 00:00:00+00:00,62.0779242166,62.1844209675,60.7999632066,61.0129567082,796979,0.0,0.0,0.0,0.0,0.0,0.0,0.0,0.0,,,,,57.595055423193116,,,,,,,,,,,,56.64332861038571,,"rgba(38, 166, 154, 0.5)"
2023-04-03 00:00:00+00:00,62.3490068551,62.6394525392,61.5357589396,62.1747394447,581186,0.0,0.0,0.0,0.0,0.0,0.0,0.0,0.0,,,,,57.619612683518376,,,,,,,,,,,,56.670257634611204,,"rgba(38, 166, 154, 0.5)"
2023-04-04 00:00:00+00:00,61.7971600553,62.624930255,60.8870969118,62.6200894936,608715,0.0,0.0,0.0,0.0,0.0,0.0,0.0,0.0,,,,,57.64279043334854,,,,,,,,,,,,56.69612784084586,,"rgba(38, 166, 154, 0.5)"
2023-04-05 00:00:00+00:00,60.5772881821,61.540599701,60.1997087927,61.2743578239,565320,0.0,0.0,0.0,0.0,0.0,0.0,0.0,0.0,,,,,57.65893971151248,,,,,,,,,,,,56.715243574894856,,"rgba(38, 166, 154, 0.5)"
2023-04-06 00:00:00+00:00,60.8677338662,60.974230617,59.8802185402,60.6063327505,516953,0.0,0.0,0.0,0.0,0.0,0.0,0.0,0.0,,,,,57.67263003024262,,,,,,,,,,,,56.73172012642511,,"rgba(38, 166, 154, 0.5)"
2023-04-10 00:00:00+00:00,61.6713002589,61.7681154869,60.480472954,60.480472954,586992,0.0,0.0,0.0,0.0,0.0,0.0,0.0,0.0,,,,,57.6919058633918,,,,,,,,,,,,56.75379382933411,,"rgba(38, 166, 154, 0.5)"
2023-04-11 00:00:00+00:00,62.4651851288,62.7169047217,61.6616187361,61.7874785325,564233,0.0,0.0,0.0,0.0,0.0,0.0,0.0,0.0,,,,,57.71518651991458,,,,,,,,,,,,56.77931106755061,,"rgba(38, 166, 154, 0.5)"
2023-04-12 00:00:00+00:00,61.516395894,62.9783058374,61.3808545748,62.9783058374,1049446,0.0,0.0,0.0,0.0,0.0,0.0,0.0,0.0,,,,,57.75484866008353,,,,,,,,,,,,56.82340321786258,,"rgba(38, 166, 154, 0.5)"
2023-04-13 00:00:00+00:00,62.7749938585,63.0025096444,61.7100263501,62.1747394447,561096,0.0,0.0,0.0,0.0,0.0,0.0,0.0,0.0,,,,,57.778423605592316,,,,,,,,,,,,56.84910555667401,,"rgba(38, 166, 154, 0.5)"
2023-04-14 00:00:00+00:00,63.2106623846,63.3558852267,62.3586883779,62.600726448,792546,0.0,0.0,0.0,0.0,0.0,0.0,0.0,0.0,,,,,57.814668990909745,,,,,,,,,,,,56.88806335704438,,"rgba(38, 166, 154, 1.0)"
2023-04-17 00:00:00+00:00,63.8399613669,64.3046744615,63.5107895916,63.5107895916,1124630,0.0,0.0,0.0,0.0,0.0,0.0,0.0,0.0,,,,,57.87416109797103,,,,,,,,,,,,56.95064107566332,,"rgba(38, 166, 154, 1.0)"
2023-04-18 00:00:00+00:00,64.2465853246,65.2053465279,64.2126999948,64.4402157807,1164538,0.0,0.0,0.0,0.0,0.0,0.0,0.0,0.0,,,,,57.94127598174623,,,,,,,,,,,,57.02041597046867,,"rgba(38, 166, 154, 1.0)"
2023-04-19 00:00:00+00:00,64.8662027841,65.3502789242,63.9948657317,64.1207255282,1288035,0.0,0.0,0.0,0.0,0.0,0.0,0.0,0.0,,,,,58.015957637211166,,,,,,,,,,,,57.09794490542304,,"rgba(38, 166, 154, 1.0)"
2023-04-20 00:00:00+00:00,65.4180495839,65.7665844048,64.8081136472,65.3405974014,946998,0.0,0.0,0.0,0.0,0.0,0.0,0.0,0.0,,,,,58.07458619424721,,,,,,,,,,,,57.15831390181643,,"rgba(38, 166, 154, 1.0)"
2023-04-21 00:00:00+00:00,65.9989409521,66.1490045555,65.2292598892,65.8343550644,791100,0.0,0.0,0.0,0.0,0.0,0.0,0.0,0.0,,,,,58.12591675042827,,,,,,,,,,,,57.21087979098632,,"rgba(38, 166, 154, 1.0)"
2023-04-24 00:00:00+00:00,65.214737605,66.7056921167,65.166329991,66.1248007485,1093155,0.0,0.0,0.0,0.0,0.0,0.0,0.0,0.0,,,,,58.19485111575325,,,,,,,,,,,,57.28166400618582,,"rgba(38, 166, 154, 1.0)"
2023-04-25 00:00:00+00:00,64.130407051,65.0598332401,64.0432733458,64.8662027841,1290081,0.0,0.0,0.0,0.0,0.0,0.0,0.0,0.0,,,,,58.26094859761041,,,,,,,,,,,,57.35117274733335,,"rgba(38, 166, 154, 0.75)"
2023-04-26 00:00:00+00:00,65.1082408542,66.0812338959,64.4789418719,65.0598332401,1479287,0.0,0.0,0.0,0.0,0.0,0.0,0.0,0.0,,,,,58.34480747719806,,,,,,,,,,,,57.4381993479843,,"rgba(38, 166, 154, 0.75)"
2023-04-27 00:00:00+00:00,66.4055649098,66.7153736395,64.6338462368,65.4567756751,1617279,0.0,0.0,0.0,0.0,0.0,0.0,0.0,0.0,,,,,58.44324677912268,,,,,,,,,,,,57.53947402803775,,"rgba(38, 166, 154, 0.75)"
2023-04-28 00:00:00+00:00,67.1897682569,67.5576661235,66.0667116117,66.2119344538,871508,0.0,0.0,0.0,0.0,0.0,0.0,0.0,0.0,,,,,58.50233255098643,,,,,,,,,,,,57.599572617560284,,"rgba(38, 166, 154, 0.75)"
2023-05-01 00:00:00+00:00,69.009894544,69.0873467264,67.5431438393,67.7222520111,1390646,0.0,0.0,0.0,0.0,0.0,0.0,0.0,0.0,,,,,58.61259001271217,,,,,,,,,,,,57.71014396135962,,"rgba(38, 166, 154, 1.0)"
2023-05-02 00:00:00+00:00,68.8162640879,69.106709772,67.0542269377,69.009894544,1055289,0.0,0.0,0.0,0.0,0.0,0.0,0.0,0.0,,,,,58.69283045301228,,,,,,,,,,,,57.790890061487325,,"rgba(38, 166, 154, 1.0)"
2023-05-03 00:00:00+00:00,67.7803411479,69.0147353054,67.7319335339,68.8259456107,913367,0.0,0.0,0.0,0.0,0.0,0.0,0.0,0.0,,,,,58.76015161986522,,,,,,,,,,,,57.85881024739692,,"rgba(38, 166, 154, 1.0)"
2023-05-04 00:00:00+00:00,65.8246735416,67.4995769866,65.7762659276,67.4995769866,964577,0.0,0.0,0.0,0.0,0.0,0.0,0.0,0.0,,,,,58.81675684025813,,,,,,,,,,,,57.91717258897642,,"rgba(38, 166, 154, 0.75)"
2023-05-05 00:00:00+00:00,68.3515509934,68.7194488599,66.8509149588,67.7416150567,1097961,0.0,0.0,0.0,0.0,0.0,0.0,0.0,0.0,,,,,58.89367185458135,,,,,,,,,,,,57.99509020233372,,"rgba(38, 166, 154, 0.75)"
2023-05-08 00:00:00+00:00,68.0417422636,69.2132065229,67.1316791201,68.7291303827,858547,0.0,0.0,0.0,0.0,0.0,0.0,0.0,0.0,,,,,58.95393174246179,,,,,,,,,,,,58.05611433120046,,"rgba(38, 166, 154, 0.75)"
2023-05-09 00:00:00+00:00,68.6904042915,69.4068369789,67.4608508954,67.8093857164,1013818,0.0,0.0,0.0,0.0,0.0,0.0,0.0,0.0,,,,,59.027070721540625,,,,,,,,,,,,58.12999232237706,,"rgba(38, 166, 154, 0.75)"
2023-05-10 00:00:00+00:00,67.6544813515,69.2519326141,66.7250551624,68.9324423616,896088,0.0,0.0,0.0,0.0,0.0,0.0,0.0,0.0,,,,,59.08648040342105,,,,,,,,,,,,58.19044499572368,,"rgba(38, 166, 154, 0.75)"
2023-05-11 00:00:00+00:00,66.3862018642,67.5867106919,65.9795779065,67.0735899833,1121467,0.0,0.0,0.0,0.0,0.0,0.0,0.0,0.0,,,,,59.14950118743005,,,,,,,,,,,,58.25560862036364,,"rgba(38, 166, 154, 0.75)"
2023-05-12 00:00:00+00:00,66.1441637941,66.865437243,66.1248007485,66.3184312046,503241,0.0,0.0,0.0,0.0,0.0,0.0,0.0,0.0,,,,,59.17642504475832,,,,,,,,,,,,58.28358536954989,,"rgba(38, 166, 154, 0.5)"
2023-05-15 00:00:00+00:00,66.2119344538,66.4830170923,65.8391958258,66.3184312046,722862,0.0,0.0,0.0,0.0,0.0,0.0,0.0,0.0,,,,,59.21368496920531,,,,,,,,,,,,58.3224509194401,,#000000
2023-05-16 00:00:00+00:00,63.9077320265,65.9795779065,63.8786874581,65.85371811,933764,0.0,0.0,0.0,0.0,0.0,0.0,0.0,0.0,,,,,59.250381634408534,,,,,,,,,,,,58.362049173675324,,"rgba(239, 83, 80, 1.0)"
2023-05-17 00:00:00+00:00,64.5079864403,65.5342278575,64.1545140428,64.3337190299,1139015,0.0,0.0,0.0,0.0,0.0,0.0,0.0,0.0,,,,,59.29565764891407,,,,,,,,,,,,58.41077742601425,,"rgba(239, 83, 80, 1.0)"
2023-05-18 00:00:00+00:00,65.4180495839,65.4277311067,64.178814665,64.4692603491,695256,0.0,0.0,0.0,0.0,0.0,0.0,0.0,0.0,,,,,59.324312674689075,,,,,,,,,,,,58.441439011825594,,"rgba(239, 83, 80, 1.0)"
2023-05-19 00:00:00+00:00,64.6628908052,65.7472213592,64.3724451211,65.4180495839,620818,0.0,0.0,0.0,0.0,0.0,0.0,0.0,0.0,,,,,59.34929810072058,,,,,,,,,,,,58.46824449963558,,"rgba(239, 83, 80, 1.0)"
2023-05-22 00:00:00+00:00,63.9851842089,64.9049288753,63.7431461388,64.7016168964,1654808,0.0,0.0,0.0,0.0,0.0,0.0,0.0,0.0,,,,,59.40640622983461,,,,,,,,,,,,58.530818445698415,,"rgba(239, 83, 80, 1.0)"
2023-05-23 00:00:00+00:00,62.5910449252,63.6560124336,62.0391981254,63.6172863424,1080414,0.0,0.0,0.0,0.0,0.0,0.0,0.0,0.0,,,,,59.431945409229826,,,,,,,,,,,,58.560706736137895,,"rgba(239, 83, 80, 1.0)"
2023-05-24 00:00:00+00:00,62.6781786304,62.9395797461,61.6664594975,62.3393253323,820603,0.0,0.0,0.0,0.0,0.0,0.0,0.0,0.0,,,,,59.449165143680496,,,,,,,,,,,,58.58134461458058,,"rgba(239, 83, 80, 1.0)"
2023-05-25 00:00:00+00:00,62.9008536549,63.685057002,62.3877329463,62.8911721321,692774,0.0,0.0,0.0,0.0,0.0,0.0,0.0,0.0,,,,,59.466268335745404,,,,,,,,,,,,58.60112259230517,,"rgba(239, 83, 80, 1.0)"
2023-05-26 00:00:00+00:00,63.1041656338,63.5204711144,62.6394525392,63.0557580198,535627,0.0,0.0,0.0,0.0,0.0,0.0,0.0,0.0,,,,,59.47973918403733,,,,,,,,,,,,58.616627554871044,,"rgba(239, 83, 80, 1.0)"
2023-05-30 00:00:00+00:00,62.1166503078,63.5688787284,61.8746122378,63.1041656338,866154,0.0,0.0,0.0,0.0,0.0,0.0,0.0,0.0,,,,,59.49791613518598,,,,,,,,,,,,58.63831864814544,,"rgba(239, 83, 80, 1.0)"
2023-05-31 00:00:00+00:00,61.7003448273,62.2086247745,61.2065871643,61.9811089886,840485,0.0,0.0,0.0,0.0,0.0,0.0,0.0,0.0,,,,,59.510647688946605,,,,,,,,,,,,58.65476730563721,,"rgba(239, 83, 80, 1.0)"
2023-06-01 00:00:00+00:00,62.2812361955,62.6152487322,61.2840393467,61.6132111221,736283,0.0,0.0,0.0,0.0,0.0,0.0,0.0,0.0,,,,,59.52346543215995,,,,,,,,,,,,58.67069246178792,,"rgba(239, 83, 80, 1.0)"
2023-06-02 00:00:00+00:00,64.1884961878,64.6144831912,63.1622547706,63.1622547706,1123580,0.0,0.0,0.0,0.0,0.0,0.0,0.0,0.0,,,,,59.55745989332385,,,,,,,,,,,,58.708372468158146,,"rgba(239, 83, 80, 0.75)"
2023-06-05 00:00:00+00:00,64.5660755771,64.9436549665,63.5301526372,63.5301526372,826000,0.0,0.0,0.0,0.0,0.0,0.0,0.0,0.0,,,,,59.58411644820776,,,,,,,,,,,,58.73759043314413,,"rgba(239, 83, 80, 0.75)"
2023-06-06 00:00:00+00:00,65.6310430855,66.0086224749,64.4983049175,64.6048016684,762968,0.0,0.0,0.0,0.0,0.0,0.0,0.0,0.0,,,,,59.61375876140647,,,,,,,,,,,,58.769230622067624,,#000000
2023-06-07 00:00:00+00:00,66.250660545,66.6088768887,65.5923169943,65.7665844048,747240,0.0,0.0,0.0,0.0,0.0,0.0,0.0,0.0,,,,,59.64634212288687,,,,,,,,,,,,58.80350960244928,,"rgba(38, 166, 154, 0.5)"
2023-06-08 00:00:00+00:00,66.6863290711,66.7153736395,65.6794506996,65.9795779065,686335,0.0,0.0,0.0,0.0,0.0,0.0,0.0,0.0,,,,,59.67694082944361,,,,,,,,,,,,58.835606246689615,,"rgba(38, 166, 154, 0.5)"
2023-06-09 00:00:00+00:00,66.2312974994,67.1219975973,65.9505333381,66.88964105,514764,0.0,0.0,0.0,0.0,0.0,0.0,0.0,0.0,,,,,59.699960863089395,,,,,,,,,,,,58.85973666015731,,"rgba(38, 166, 154, 0.5)"
2023-06-12 00:00:00+00:00,67.1607236885,67.2962650078,66.2119344538,66.4830170923,633135,0.0,0.0,0.0,0.0,0.0,0.0,0.0,0.0,,,,,59.72995877093186,,,,,,,,,,,,58.89097685643423,,"rgba(38, 166, 154, 1.0)"
2023-06-13 00:00:00+00:00,66.9574117096,67.8093857164,66.6282399343,67.5770291691,923548,0.0,0.0,0.0,0.0,0.0,0.0,0.0,0.0,,,,,59.77473443492264,,,,,,,,,,,,58.93747901310146,,"rgba(38, 166, 154, 1.0)"
2023-06-14 00:00:00+00:00,67.3156280534,67.6358552014,66.8595469638,66.8692508167,928974,0.0,0.0,0.0,0.0,0.0,0.0,0.0,0.0,,,,,59.82006861242102,,,,,,,,,,,,58.98451054527454,,"rgba(38, 166, 154, 1.0)"
2023-06-15 00:00:00+00:00,67.0342163172,67.3932588771,66.1948330353,66.9662893464,661200,0.0,0.0,0.0,0.0,0.0,0.0,0.0,0.0,,,,,59.85030432047361,,,,,,,,,,,,59.01607784973317,,"rgba(38, 166, 154, 1.0)"
2023-06-16 00:00:00+00:00,65.9862001965,67.3156280534,65.5301191069,67.3156280534,1510891,0.0,0.0,0.0,0.0,0.0,0.0,0.0,0.0,,,,,59.912643193074196,,,,,,,,,,,,59.08186502482757,,"rgba(38, 166, 154, 0.5)"
2023-06-20 00:00:00+00:00,66.3355389034,66.4228735801,65.2875227826,65.7436038722,569155,0.0,0.0,0.0,0.0,0.0,0.0,0.0,0.0,,,,,59.93486007627745,,,,,,,,,,,,59.10544793949638,,"rgba(38, 166, 154, 0.5)"
2023-06-21 00:00:00+00:00,66.0638310202,66.6363583455,65.8843097403,66.141461844,559881,0.0,0.0,0.0,0.0,0.0,0.0,0.0,0.0,,,,,59.9571982910616,,,,,,,,,,,,59.12908923961982,,"rgba(38, 166, 154, 0.5)"
2023-06-22 00:00:00+00:00,65.0352226054,66.1026464321,64.831441693,66.0153117554,849566,0.0,0.0,0.0,0.0,0.0,0.0,0.0,0.0,,,,,59.98609678133673,,,,,,,,,,,,59.160274137823066,,#000000
2023-06-23 00:00:00+00:00,63.8416486901,64.3365451916,63.0265250406,64.2298028089,1263249,0.0,0.0,0.0,0.0,0.0,0.0,0.0,0.0,,,,,60.01587874904455,,,,,,,,,,,,59.19426647444208,,"rgba(239, 83, 80, 1.0)"
2023-06-26 00:00:00+00:00,64.7149954574,64.9527398552,63.3855676005,63.5699408069,520618,0.0,0.0,0.0,0.0,0.0,0.0,0.0,0.0,,,,,60.03002632384411,,,,,,,,,,,,59.210010301798086,,"rgba(239, 83, 80, 1.0)"
2023-06-27 00:00:00+00:00,66.0735348732,66.0929425791,64.7538108693,64.9867033406,607017,0.0,0.0,0.0,0.0,0.0,0.0,0.0,0.0,,,,,60.051291609792855,,,,,,,,,,,,59.23281804799547,,#000000
2023-06-28 00:00:00+00:00,66.1899811088,66.8838065962,65.3457459004,65.9182732257,762206,0.0,0.0,0.0,0.0,0.0,0.0,0.0,0.0,,,,,60.08013367635474,,,,,,,,,,,,59.263444609410406,,#000000
2023-06-29 00:00:00+00:00,66.9856970524,67.1700702588,66.0104598289,66.2676119326,573770,0.0,0.0,0.0,0.0,0.0,0.0,0.0,0.0,,,,,60.10373448685521,,,,,,,,,,,,59.28825790816811,,"rgba(38, 166, 154, 0.5)"
2023-06-30 00:00:00+00:00,67.3156280534,67.6261513484,67.0196605378,67.4708897009,717531,0.0,0.0,0.0,0.0,0.0,0.0,0.0,0.0,,,,,60.13566092749811,,,,,,,,,,,,59.32153618679439,,"rgba(38, 166, 154, 0.5)"
2023-07-03 00:00:00+00:00,66.9371777875,67.611595569,66.8595469638,67.4126665831,388989,0.0,0.0,0.0,0.0,0.0,0.0,0.0,0.0,,,,,60.15241001450477,,,,,,,,,,,,59.339048864594815,,"rgba(38, 166, 154, 0.5)"
2023-07-05 00:00:00+00:00,65.0934457232,66.6703218309,64.4578433537,66.5781352276,844206,0.0,0.0,0.0,0.0,0.0,0.0,0.0,0.0,,,,,60.1795545851518,,,,,,,,,,,,59.368419144426554,,#000000
2023-07-06 00:00:00+00:00,64.6858838985,64.7926262812,63.5893485129,64.4141760153,565505,0.0,0.0,0.0,0.0,0.0,0.0,0.0,0.0,,,,,60.19395639386782,,,,,,,,,,,,59.38453745452874,,#000000
2023-07-07 00:00:00+00:00,65.8503462549,66.2385003737,64.850849399,64.8799609579,696990,0.0,0.0,0.0,0.0,0.0,0.0,0.0,0.0,,,,,60.21703277309499,,,,,,,,,,,,59.40938092947335,,#000000
2023-07-10 00:00:00+00:00,67.5970397895,67.6649667603,65.80182699,65.80182699,698953,0.0,0.0,0.0,0.0,0.0,0.0,0.0,0.0,,,,,60.24578856974514,,,,,,,,,,,,59.43954481325504,,"rgba(38, 166, 154, 0.5)"
2023-07-11 00:00:00+00:00,67.9075630845,68.2277902326,67.3738511712,67.5873359365,471106,0.0,0.0,0.0,0.0,0.0,0.0,0.0,0.0,,,,,60.26734901051956,,,,,,,,,,,,59.46191261645058,,"rgba(38, 166, 154, 0.5)"
2023-07-12 00:00:00+00:00,68.0531208791,68.5383135276,67.8687476727,68.5189058217,623274,0.0,0.0,0.0,0.0,0.0,0.0,0.0,0.0,,,,,60.29687275617443,,,,,,,,,,,,59.4924360159166,,"rgba(38, 166, 154, 1.0)"
2023-07-13 00:00:00+00:00,69.3146217652,69.4310680008,68.5189058217,68.5868327924,808200,0.0,0.0,0.0,0.0,0.0,0.0,0.0,0.0,,,,,60.33934480332466,,,,,,,,,,,,59.5359356093596,,"rgba(38, 166, 154, 1.0)"
2023-07-14 00:00:00+00:00,69.7221835899,70.2510435768,68.8391329697,70.2073762385,712949,0.0,0.0,0.0,0.0,0.0,0.0,0.0,0.0,,,,,60.378661443985095,,,,,,,,,,,,59.57603735072161,,"rgba(38, 166, 154, 1.0)"
2023-07-17 00:00:00+00:00,68.9458753523,69.8677413845,68.8779483816,69.4795872657,654831,0.0,0.0,0.0,0.0,0.0,0.0,0.0,0.0,,,,,60.413029689096966,,,,,,,,,,,,59.61122789837289,,"rgba(38, 166, 154, 1.0)"
2023-07-18 00:00:00+00:00,69.9550760612,70.3917494449,68.9361714994,68.9361714994,715190,0.0,0.0,0.0,0.0,0.0,0.0,0.0,0.0,,,,,60.45250218285877,,,,,,,,,,,,59.65147363781083,,"rgba(38, 166, 154, 1.0)"
2023-07-19 00:00:00+00:00,70.6537534751,70.7701997107,69.693072031,70.0618184439,879749,0.0,0.0,0.0,0.0,0.0,0.0,0.0,0.0,,,,,60.50376108849902,,,,,,,,,,,,59.70351130557789,,"rgba(38, 166, 154, 1.0)"
2023-07-20 00:00:00+00:00,70.1879685325,70.6683092545,70.0035953261,70.5373072394,622289,0.0,0.0,0.0,0.0,0.0,0.0,0.0,0.0,,,,,60.53938811011452,,,,,,,,,,,,59.739722771599446,,"rgba(38, 166, 154, 1.0)"
2023-07-21 00:00:00+00:00,70.1200415617,70.8381266815,69.7998144137,70.6440496221,708912,0.0,0.0,0.0,0.0,0.0,0.0,0.0,0.0,,,,,60.57951923048763,,,,,,,,,,,,59.780542247937774,,"rgba(38, 166, 154, 1.0)"
2023-07-24 00:00:00+00:00,69.1690639707,70.1782646795,69.042913882,69.9259645023,682976,0.0,0.0,0.0,0.0,0.0,0.0,0.0,0.0,,,,,60.61474066059048,,,,,,,,,,,,59.81662827545404,,"rgba(38, 166, 154, 0.75)"
2023-07-25 00:00:00+00:00,69.6251450602,69.9987433996,68.9846907642,69.0040984702,711077,0.0,0.0,0.0,0.0,0.0,0.0,0.0,0.0,,,,,60.65141491965802,,,,,,,,,,,,59.85419566680573,,"rgba(38, 166, 154, 0.75)"
2023-07-26 00:00:00+00:00,69.8677413845,70.4305648568,69.5184026776,69.702775884,733248,0.0,0.0,0.0,0.0,0.0,0.0,0.0,0.0,,,,,60.69061809452752,,,,,,,,,,,,59.89423015403839,,"rgba(38, 166, 154, 0.75)"
2023-07-27 00:00:00+00:00,67.8202284078,69.8774452375,67.4902974068,69.8677413845,1218514,0.0,0.0,0.0,0.0,0.0,0.0,0.0,0.0,,,,,60.74429166269994,,,,,,,,,,,,59.94994921657255,,"rgba(38, 166, 154, 0.75)"
2023-07-28 00:00:00+00:00,65.3942651653,66.9080662286,64.7052916044,66.1899811088,1698031,0.0,0.0,0.0,0.0,0.0,0.0,0.0,0.0,,,,,60.79163789500911,,,,,,,,,,,,60.0017100649801,,#000000
2023-07-31 00:00:00+00:00,66.2967234915,66.5344678893,65.3069304886,65.6271576366,1372425,0.0,0.0,0.0,0.0,0.0,0.0,0.0,0.0,,,,,60.832150621062475,,,,,,,,,,,,60.04560229496049,,"rgba(239, 83, 80, 1.0)"
2023-08-01 00:00:00+00:00,65.9570886376,66.7625084341,65.4039690183,66.0347194613,690273,0.0,0.0,0.0,0.0,0.0,0.0,0.0,0.0,,,,,60.852272892374515,,,,,,,,,,,,60.06742055266289,,"rgba(239, 83, 80, 1.0)"
2023-08-02 00:00:00+00:00,65.7921231371,66.1366099175,64.6373646336,65.3166343415,594425,0.0,0.0,0.0,0.0,0.0,0.0,0.0,0.0,,,,,60.867755634084254,,,,,,,,,,,,60.08446055314054,,"rgba(239, 83, 80, 1.0)"
2023-08-03 00:00:00+00:00,65.0837418703,65.3651536064,64.1715796911,64.9187763698,782845,0.0,0.0,0.0,0.0,0.0,0.0,0.0,0.0,,,,,60.88517058179587,,,,,,,,,,,,60.10408281253666,,"rgba(239, 83, 80, 1.0)"
2023-08-04 00:00:00+00:00,64.7538108693,65.8503462549,64.2686182208,65.5301191069,842054,0.0,0.0,0.0,0.0,0.0,0.0,0.0,0.0,,,,,60.9041258759052,,,,,,,,,,,,60.125379473505895,,"rgba(239, 83, 80, 1.0)"
2023-08-07 00:00:00+00:00,65.3457459004,65.5301191069,64.5597338099,64.5791415158,645767,0.0,0.0,0.0,0.0,0.0,0.0,0.0,0.0,,,,,60.91921076384954,,,,,,,,,,,,60.14221477009941,,"rgba(239, 83, 80, 1.0)"
2023-08-08 00:00:00+00:00,65.4621921361,65.5204152539,64.7732185752,64.7732185752,815822,0.0,0.0,0.0,0.0,0.0,0.0,0.0,0.0,,,,,60.93859284661782,,,,,,,,,,,,60.16377303006794,,"rgba(239, 83, 80, 1.0)"
2023-08-09 00:00:00+00:00,65.2487073707,66.2190926678,65.171076547,65.7047884603,660179,0.0,0.0,0.0,0.0,0.0,0.0,0.0,0.0,,,,,60.95521241830355,,,,,,,,,,,,60.18208721715684,,"rgba(239, 83, 80, 1.0)"
2023-08-10 00:00:00+00:00,65.7144923133,66.0492752408,65.420950761,65.5398229598,882683,0.0,0.0,0.0,0.0,0.0,0.0,0.0,0.0,,,,,60.97812021186334,,,,,,,,,,,,60.207204094561604,,"rgba(239, 83, 80, 1.0)"
2023-08-11 00:00:00+00:00,65.3166343415,65.4233767242,64.7052916044,65.2681150767,736159,0.0,0.0,0.0,0.0,0.0,0.0,0.0,0.0,,,,,60.994746300639775,,,,,,,,,,,,60.22579662873245,,"rgba(239, 83, 80, 1.0)"
2023-08-14 00:00:00+00:00,65.4621921361,65.5107114009,64.2492105148,64.841145546,648319,0.0,0.0,0.0,0.0,0.0,0.0,0.0,0.0,,,,,61.009018833804696,,,,,,,,,,,,60.24180945894214,,"rgba(239, 83, 80, 1.0)"
2023-08-15 00:00:00+00:00,64.7246993104,65.1181905483,64.4821029861,65.1128534292,690387,0.0,0.0,0.0,0.0,0.0,0.0,0.0,0.0,,,,,61.02299805355039,,,,,,,,,,,,60.257697365505294,,"rgba(239, 83, 80, 1.0)"
2023-08-16 00:00:00+00:00,64.0454296025,65.0158148995,64.0260218965,64.5694376628,607274,0.0,0.0,0.0,0.0,0.0,0.0,0.0,0.0,,,,,61.03386613821152,,,,,,,,,,,,60.27031280086762,,"rgba(239, 83, 80, 1.0)"
2023-08-17 00:00:00+00:00,62.8324479812,64.2152470294,62.6092593629,64.0842450143,889757,0.0,0.0,0.0,0.0,0.0,0.0,0.0,0.0,,,,,61.044236102054484,,,,,,,,,,,,60.28353123890952,,"rgba(239, 83, 80, 1.0)"
2023-08-18 00:00:00+00:00,62.880967246,63.5990523658,62.0755474495,62.2696245089,690322,0.0,0.0,0.0,0.0,0.0,0.0,0.0,0.0,,,,,61.050867321891175,,,,,,,,,,,,60.292433001166195,,"rgba(239, 83, 80, 1.0)"
2023-08-21 00:00:00+00:00,62.9780057757,63.3758637475,62.6480747748,63.0362288936,657872,0.0,0.0,0.0,0.0,0.0,0.0,0.0,0.0,,,,,61.057660080765764,,,,,,,,,,,,60.30134893453031,,"rgba(239, 83, 80, 1.0)"
2023-08-22 00:00:00+00:00,62.880967246,63.3079367767,62.4442938624,63.0459327465,597661,0.0,0.0,0.0,0.0,0.0,0.0,0.0,0.0,,,,,61.063402438649725,,,,,,,,,,,,60.309031579017315,,"rgba(239, 83, 80, 1.0)"
2023-08-23 00:00:00+00:00,63.6766831896,63.8513525431,62.5558881716,62.890671099,421147,0.0,0.0,0.0,0.0,0.0,0.0,0.0,0.0,,,,,61.06849983102706,,,,,,,,,,,,60.31543174504,,"rgba(239, 83, 80, 0.75)"
2023-08-24 00:00:00+00:00,63.1138597173,63.9872064846,63.0274954259,63.4340868653,481038,0.0,0.0,0.0,0.0,0.0,0.0,0.0,0.0,,,,,61.0743321268925,,,,,,,,,,,,60.322744866395496,,"rgba(239, 83, 80, 0.75)"
2023-08-25 00:00:00+00:00,63.1429712762,63.560236954,62.8033364223,63.2497136589,401125,0.0,0.0,0.0,0.0,0.0,0.0,0.0,0.0,,,,,61.078736988981284,,,,,,,,,,,,60.32840414057323,,"rgba(239, 83, 80, 0.75)"
2023-08-28 00:00:00+00:00,63.4729022772,63.880464102,63.1817866881,63.3079367767,423890,0.0,0.0,0.0,0.0,0.0,0.0,0.0,0.0,,,,,61.084132053154015,,,,,,,,,,,,60.335079141204105,,"rgba(239, 83, 80, 0.75)"
2023-08-29 00:00:00+00:00,64.2298028089,64.3365451916,63.2497136589,63.3176406297,628022,0.0,0.0,0.0,0.0,0.0,0.0,0.0,0.0,,,,,61.09347951311897,,,,,,,,,,,,60.3462396506206,,"rgba(239, 83, 80, 0.75)"
2023-08-30 00:00:00+00:00,64.4918068391,64.8896648109,64.3074336326,64.3559528975,396492,0.0,0.0,0.0,0.0,0.0,0.0,0.0,0.0,,,,,61.100637375353585,,,,,,,,,,,,60.35446839124036,,"rgba(239, 83, 80, 0.75)"
2023-08-31 00:00:00+00:00,64.8896648109,65.3457459004,64.5985492218,64.6761800455,754566,0.0,0.0,0.0,0.0,0.0,0.0,0.0,0.0,,,,,61.115671010064574,,,,,,,,,,,,60.37145242278786,,#000000
2023-09-01 00:00:00+00:00,65.6271576366,65.7436038722,65.161372694,65.2584112237,583077,0.0,0.0,0.0,0.0,0.0,0.0,0.0,0.0,,,,,61.12891320158812,,,,,,,,,,,,60.38610452162099,,"rgba(38, 166, 154, 0.5)"
2023-09-05 00:00:00+00:00,63.8901679549,65.1807804,63.2982329238,65.1807804,802460,0.0,0.0,0.0,0.0,0.0,0.0,0.0,0.0,,,,,61.14127752898983,,,,,,,,,,,,60.400709942669074,,#000000
2023-09-06 00:00:00+00:00,63.3273444827,64.0551334554,63.0022654082,63.6572754837,868474,0.0,0.0,0.0,0.0,0.0,0.0,0.0,0.0,,,,,61.15160131408577,,,,,,,,,,,,60.41360257036444,,#000000
2023-09-07 00:00:00+00:00,62.5898516569,63.3273444827,62.4831092743,63.1138597173,982047,0.0,0.0,0.0,0.0,0.0,0.0,0.0,0.0,,,,,61.15985369265872,,,,,,,,,,,,60.42491535577571,,"rgba(239, 83, 80, 1.0)"
2023-09-08 00:00:00+00:00,62.8615595401,63.6669793366,62.6480747748,62.8033364223,903087,0.0,0.0,0.0,0.0,0.0,0.0,0.0,0.0,,,,,61.16855574454641,,,,,,,,,,,,60.436347429155234,,"rgba(239, 83, 80, 1.0)"
2023-09-11 00:00:00+00:00,61.7650241545,63.5117176891,61.2808018913,63.3079367767,1116918,0.0,0.0,0.0,0.0,0.0,0.0,0.0,0.0,,,,,61.17428866242564,,,,,,,,,,,,60.44568851237954,,"rgba(239, 83, 80, 1.0)"
2023-09-12 00:00:00+00:00,62.0658435966,62.5025169802,61.5321316832,61.5418355362,789992,0.0,0.0,0.0,0.0,0.0,0.0,0.0,0.0,,,,,61.17769982552517,,,,,,,,,,,,60.45166224536769,,"rgba(239, 83, 80, 1.0)"
2023-09-13 00:00:00+00:00,61.6485779188,62.4539977154,61.4739085654,61.8814703901,962786,0.0,0.0,0.0,0.0,0.0,0.0,0.0,0.0,,,,,61.180979596238586,,,,,,,,,,,,60.458084879231336,,"rgba(239, 83, 80, 1.0)"
2023-09-14 00:00:00+00:00,63.1817866881,63.3277030546,61.9463614519,62.5494824334,1103526,0.0,0.0,0.0,0.0,0.0,0.0,0.0,0.0,,,,,61.18996825401836,,,,,,,,,,,,60.470369579262304,,"rgba(239, 83, 80, 1.0)"
2023-09-15 00:00:00+00:00,62.9288649862,63.6389913031,62.5397546756,63.0650535949,2531807,0.0,0.0,0.0,0.0,0.0,0.0,0.0,0.0,,,,,61.212924395491186,,,,,,,,,,,,60.50064011153262,,"rgba(239, 83, 80, 0.75)"
2023-09-18 00:00:00+00:00,62.6370322532,63.3471585701,62.5981212222,62.8413151663,547327,0.0,0.0,0.0,0.0,0.0,0.0,0.0,0.0,,,,,61.21734271568443,,,,,,,,,,,,60.506644846765504,,"rgba(239, 83, 80, 0.75)"
2023-09-19 00:00:00+00:00,61.5961621723,62.5494824334,61.3237849549,62.2090109116,944749,0.0,0.0,0.0,0.0,0.0,0.0,0.0,0.0,,,,,61.22013355162984,,,,,,,,,,,,60.51240116273099,,"rgba(239, 83, 80, 0.75)"
2023-09-20 00:00:00+00:00,61.0416799797,62.3451995203,60.9930411908,61.8296283587,937738,0.0,0.0,0.0,0.0,0.0,0.0,0.0,0.0,,,,,61.22122526858285,,,,,,,,,,,,60.51649585272893,,"rgba(239, 83, 80, 1.0)"
2023-09-21 00:00:00+00:00,60.0008098987,60.7886610002,59.9813543832,60.5358365759,942896,0.0,0.0,0.0,0.0,0.0,0.0,0.0,0.0,,,,,61.21683195452331,,,,,,,,,,,,60.51537296623989,,"rgba(239, 83, 80, 1.0)"
2023-09-22 00:00:00+00:00,59.1350394576,60.4969255448,59.0864006688,60.2148205696,677845,0.0,0.0,0.0,0.0,0.0,0.0,0.0,0.0,,,,,61.21146476091307,,,,,,,,,,,,60.51245052203919,,"rgba(239, 83, 80, 1.0)"
2023-09-25 00:00:00+00:00,58.7653846625,59.3490501284,58.3665465941,58.6389238115,790963,0.0,0.0,0.0,0.0,0.0,0.0,0.0,0.0,,,,,61.20241576224382,,,,,,,,,,,,60.506374756969194,,"rgba(239, 83, 80, 1.0)"
2023-09-26 00:00:00+00:00,58.6000127805,59.0572173955,58.4735519295,58.4735519295,648410,0.0,0.0,0.0,0.0,0.0,0.0,0.0,0.0,,,,,61.19468667725823,,,,,,,,,,,,60.501082641542396,,"rgba(239, 83, 80, 1.0)"
2023-09-27 00:00:00+00:00,58.6097405382,59.1155839421,58.12335265,58.9015732712,763394,0.0,0.0,0.0,0.0,0.0,0.0,0.0,0.0,,,,,61.18530609591305,,,,,,,,,,,,60.4945668242258,,"rgba(239, 83, 80, 1.0)"
2023-09-28 00:00:00+00:00,59.0280341222,59.3393223707,58.1914469543,58.580557265,805676,0.0,0.0,0.0,0.0,0.0,0.0,0.0,0.0,,,,,61.176385079884156,,,,,,,,,,,,60.488599268310786,,"rgba(239, 83, 80, 1.0)"
2023-09-29 00:00:00+00:00,59.1739504887,59.7673437124,59.1204478209,59.5144220105,736195,0.0,0.0,0.0,0.0,0.0,0.0,0.0,0.0,,,,,61.170037700840695,,,,,,,,,,,,60.484842726155016,,"rgba(239, 83, 80, 1.0)"
2023-10-02 00:00:00+00:00,58.3373633208,59.3782334017,58.1330804077,58.8821177557,851632,0.0,0.0,0.0,0.0,0.0,0.0,0.0,0.0,,,,,61.159789784286296,,,,,,,,,,,,60.47771366742833,,"rgba(239, 83, 80, 1.0)"
2023-10-03 00:00:00+00:00,57.500776153,58.2984522897,57.2770377243,58.0552583456,813963,0.0,0.0,0.0,0.0,0.0,0.0,0.0,0.0,,,,,61.14654092344353,,,,,,,,,,,,60.467593061943106,,"rgba(239, 83, 80, 1.0)"
2023-10-04 00:00:00+00:00,56.9268384448,57.9579807679,56.6739167429,57.7245145816,723819,0.0,0.0,0.0,0.0,0.0,0.0,0.0,0.0,,,,,61.13313129383467,,,,,,,,,,,,60.45702584626014,,"rgba(239, 83, 80, 1.0)"
2023-10-05 00:00:00+00:00,56.6155501963,57.1700323889,56.3626284944,57.0241160224,521889,0.0,0.0,0.0,0.0,0.0,0.0,0.0,0.0,,,,,61.122373784226895,,,,,,,,,,,,60.448359585160645,,"rgba(239, 83, 80, 1.0)"
2023-10-06 00:00:00+00:00,57.1992156622,57.9677085257,56.0902512769,56.3626284944,680581,0.0,0.0,0.0,0.0,0.0,0.0,0.0,0.0,,,,,61.109593990464795,,,,,,,,,,,,60.43823165879179,,"rgba(239, 83, 80, 1.0)"
2023-10-09 00:00:00+00:00,58.288724532,58.3762743519,56.29453419,56.8587441404,500785,0.0,0.0,0.0,0.0,0.0,0.0,0.0,0.0,,,,,61.10156076615679,,,,,,,,,,,,60.43207302245031,,"rgba(239, 83, 80, 0.75)"
2023-10-10 00:00:00+00:00,58.8821177557,59.3879611595,58.5708295072,58.6389238115,433565,0.0,0.0,0.0,0.0,0.0,0.0,0.0,0.0,,,,,61.097234047531295,,,,,,,,,,,,60.429235234592944,,"rgba(239, 83, 80, 0.75)"
2023-10-11 00:00:00+00:00,59.3198668551,59.5825163148,59.0183063644,59.0572173955,453374,0.0,0.0,0.0,0.0,0.0,0.0,0.0,0.0,,,,,61.09348241709104,,,,,,,,,,,,60.42699711846111,,"rgba(239, 83, 80, 0.5)"
2023-10-12 00:00:00+00:00,58.0649861034,59.6116995881,57.6272370039,59.3879611595,526549,0.0,0.0,0.0,0.0,0.0,0.0,0.0,0.0,,,,,61.08702730024144,,,,,,,,,,,,60.422393459183425,,"rgba(239, 83, 80, 0.5)"
2023-10-13 00:00:00+00:00,57.4132263331,58.4443686562,57.2867654821,57.9287974947,629092,0.0,0.0,0.0,0.0,0.0,0.0,0.0,0.0,,,,,61.07727408801106,,,,,,,,,,,,60.41493927980282,,"rgba(239, 83, 80, 0.5)"
2023-10-16 00:00:00+00:00,58.1428081655,58.4492325351,57.7342423393,57.9677085257,630522,0.0,0.0,0.0,0.0,0.0,0.0,0.0,0.0,,,,,61.06869389449437,,,,,,,,,,,,60.40859333157759,,"rgba(239, 83, 80, 0.5)"
2023-10-17 00:00:00+00:00,58.9404843023,59.4560554639,57.9385252524,57.9385252524,759131,0.0,0.0,0.0,0.0,0.0,0.0,0.0,0.0,,,,,61.06075124054651,,,,,,,,,,,,60.403210202477446,,"rgba(239, 83, 80, 0.5)"
2023-10-18 00:00:00+00:00,58.4443686562,59.2712280663,58.1476720444,58.4638241718,845822,0.0,0.0,0.0,0.0,0.0,0.0,0.0,0.0,,,,,61.051360866354706,,,,,,,,,,,,60.39667757123143,,"rgba(239, 83, 80, 0.5)"
2023-10-19 00:00:00+00:00,58.1817191966,59.2712280663,57.8801587058,58.4054576252,806802,0.0,0.0,0.0,0.0,0.0,0.0,0.0,0.0,,,,,61.04182435703713,,,,,,,,,,,,60.389875021970504,,"rgba(239, 83, 80, 0.5)"
2023-10-20 00:00:00+00:00,57.9190697369,58.4200492618,57.7439700971,58.1038971344,795880,0.0,0.0,0.0,0.0,0.0,0.0,0.0,0.0,,,,,61.03098689284748,,,,,,,,,,,,60.38178357242579,,"rgba(239, 83, 80, 0.5)"
2023-10-23 00:00:00+00:00,58.7556569047,59.3101390974,57.7001951872,57.8996142214,1069205,0.0,0.0,0.0,0.0,0.0,0.0,0.0,0.0,,,,,61.01924630735011,,,,,,,,,,,,60.373569806033004,,#000000
2023-10-24 00:00:00+00:00,59.368505644,59.5922440726,58.6972903581,58.9793953333,1366856,0.0,0.0,0.0,0.0,0.0,0.0,0.0,0.0,,,,,61.00825280791083,,,,,,,,,,,,60.366850122723534,,#000000
2023-10-25 00:00:00+00:00,52.3839755682,55.8276018173,50.9929062077,52.5104364192,3286172,0.0,0.0,0.0,0.0,0.0,0.0,0.0,0.0,,,,,60.89334494542257,,,,,,,,,,,,60.266102486388334,,"rgba(239, 83, 80, 0.5)"
2023-10-26 00:00:00+00:00,53.7945004442,54.1252442083,51.9121793166,52.6758083012,1924091,0.0,0.0,0.0,0.0,0.0,0.0,0.0,0.0,,,,,60.82935317439791,,,,,,,,,,,,60.210071058866205,,"rgba(239, 83, 80, 0.5)"
2023-10-27 00:00:00+00:00,53.0746463696,54.3392548791,53.0454630963,54.0571499039,1454548,0.0,0.0,0.0,0.0,0.0,0.0,0.0,0.0,,,,,60.78300685792897,,,,,,,,,,,,60.169565880681134,,"rgba(239, 83, 80, 1.0)"
2023-10-30 00:00:00+00:00,54.0376943884,54.2808883325,52.9044106087,53.7458616554,857368,0.0,0.0,0.0,0.0,0.0,0.0,0.0,0.0,,,,,60.75690503996446,,,,,,,,,,,,60.14681901022166,,"rgba(239, 83, 80, 1.0)"
2023-10-31 00:00:00+00:00,53.7458616554,54.3246632425,53.6583118355,54.2127940282,931512,0.0,0.0,0.0,0.0,0.0,0.0,0.0,0.0,,,,,60.72944072242444,,,,,,,,,,,,60.122932520623614,,"rgba(239, 83, 80, 1.0)"
2023-11-01 00:00:00+00:00,53.2789292827,53.9890555995,52.9238661242,53.9404168107,755338,0.0,0.0,0.0,0.0,0.0,0.0,0.0,0.0,,,,,60.705670986982156,,,,,,,,,,,,60.10211146728624,,"rgba(239, 83, 80, 1.0)"
2023-11-02 00:00:00+00:00,54.6310876121,54.7089096742,53.4345734069,53.930689053,813198,0.0,0.0,0.0,0.0,0.0,0.0,0.0,0.0,,,,,60.68324639831367,,,,,,,,,,,,60.08269890901888,,"rgba(239, 83, 80, 0.5)"
2023-11-03 00:00:00+00:00,56.0416124881,56.5085448609,55.4968580532,55.5357690843,934904,0.0,0.0,0.0,0.0,0.0,0.0,0.0,0.0,,,,,60.66465708622445,,,,,,,,,,,,60.06722604203821,,"rgba(239, 83, 80, 0.5)"
2023-11-06 00:00:00+00:00,56.0707957614,56.4696338298,55.671957693,55.9735181837,694147,0.0,0.0,0.0,0.0,0.0,0.0,0.0,0.0,,,,,60.651112927452616,,,,,,,,,,,,60.05596897220727,,"rgba(239, 83, 80, 0.5)"
2023-11-07 00:00:00+00:00,56.0902512769,56.1778010968,55.38012496,55.963790426,590326,0.0,0.0,0.0,0.0,0.0,0.0,0.0,0.0,,,,,60.639186824337635,,,,,,,,,,,,60.045995918189746,,#000000
2023-11-08 00:00:00+00:00,55.214753078,56.5766391652,54.9618313761,56.3042619478,786222,0.0,0.0,0.0,0.0,0.0,0.0,0.0,0.0,,,,,60.62240503557411,,,,,,,,,,,,60.03184068091508,,"rgba(239, 83, 80, 0.5)"
2023-11-09 00:00:00+00:00,54.9131925873,55.8227379384,54.6699986431,55.671957693,639359,0.0,0.0,0.0,0.0,0.0,0.0,0.0,0.0,,,,,60.60763072454522,,,,,,,,,,,,60.01923992134646,,"rgba(239, 83, 80, 0.5)"
2023-11-10 00:00:00+00:00,55.7205964818,55.8733222788,54.1933385126,54.5240822767,728893,0.0,0.0,0.0,0.0,0.0,0.0,0.0,0.0,,,,,60.59127320075883,,,,,,,,,,,,60.005325288471205,,#000000
2023-11-13 00:00:00+00:00,54.7770039786,55.4287637489,54.718637432,55.3023028979,606180,0.0,0.0,0.0,0.0,0.0,0.0,0.0,0.0,,,,,60.57701547834016,,,,,,,,,,,,59.99311711377679,,"rgba(239, 83, 80, 0.5)"
2023-11-14 00:00:00+00:00,56.9365662026,57.4521373641,56.1583455813,56.255623159,794832,0.0,0.0,0.0,0.0,0.0,0.0,0.0,0.0,,,,,60.56464766426408,,,,,,,,,,,,59.98314406432291,,#000000
2023-11-15 00:00:00+00:00,58.1428081655,58.162263681,56.9268384448,56.9268384448,1332323,0.0,0.0,0.0,0.0,0.0,0.0,0.0,0.0,,,,,60.54904867844139,,,,,,,,,,,,59.97130137005682,,"rgba(38, 166, 154, 1.0)"
2023-11-16 00:00:00+00:00,57.8412476748,58.2692690164,57.6077814884,57.8023366437,901512,0.0,0.0,0.0,0.0,0.0,0.0,0.0,0.0,,,,,60.539195606946315,,,,,,,,,,,,59.963936997227,,"rgba(38, 166, 154, 1.0)"
2023-11-17 00:00:00+00:00,57.20894342,58.3762743519,57.1408491156,58.3665465941,1339830,0.0,0.0,0.0,0.0,0.0,0.0,0.0,0.0,,,,,60.52286448174176,,,,,,,,,,,,59.95134496265414,,"rgba(38, 166, 154, 1.0)"
2023-11-20 00:00:00+00:00,57.2283989355,57.4375457275,56.7225555317,57.2964932399,657428,0.0,0.0,0.0,0.0,0.0,0.0,0.0,0.0,,,,,60.513714552491074,,,,,,,,,,,,59.9440643899222,,"rgba(38, 166, 154, 1.0)"
2023-11-21 00:00:00+00:00,57.1797601467,57.4034985753,56.6447334696,57.0338437802,482916,0.0,0.0,0.0,0.0,0.0,0.0,0.0,0.0,,,,,60.5069190522301,,,,,,,,,,,,59.93863910192205,,"rgba(38, 166, 154, 1.0)"
2023-11-22 00:00:00+00:00,57.6272370039,57.9482530102,57.5299594263,57.6272370039,365723,0.0,0.0,0.0,0.0,0.0,0.0,0.0,0.0,,,,,60.50272599249521,,,,,,,,,,,,59.93543929317226,,"rgba(38, 166, 154, 1.0)"
2023-11-24 00:00:00+00:00,57.5883259729,58.12335265,57.4424096064,57.4424096064,272863,0.0,0.0,0.0,0.0,0.0,0.0,0.0,0.0,,,,,60.49962380186872,,,,,,,,,,,,59.933075183842845,,"rgba(38, 166, 154, 1.0)"
2023-11-27 00:00:00+00:00,57.0532992957,57.6321008828,56.9365662026,57.2770377243,631199,0.0,0.0,0.0,0.0,0.0,0.0,0.0,0.0,,,,,60.491161390306374,,,,,,,,,,,,59.92636923921699,,"rgba(38, 166, 154, 1.0)"
2023-11-28 00:00:00+00:00,56.878199656,57.2867654821,56.625277954,56.8976551715,530913,0.0,0.0,0.0,0.0,0.0,0.0,0.0,0.0,,,,,60.4834790165994,,,,,,,,,,,,59.92018172334158,,"rgba(38, 166, 154, 0.75)"
2023-11-29 00:00:00+00:00,57.3159487554,57.7245145816,57.1359852367,57.20894342,873287,0.0,0.0,0.0,0.0,0.0,0.0,0.0,0.0,,,,,60.47254815959016,,,,,,,,,,,,59.9116236445967,,"rgba(38, 166, 154, 0.75)"
2023-11-30 00:00:00+00:00,57.4424096064,58.0844416189,56.999796628,57.4229540908,1118486,0.0,0.0,0.0,0.0,0.0,0.0,0.0,0.0,,,,,60.45918684238858,,,,,,,,,,,,59.901250862290276,,"rgba(38, 166, 154, 0.75)"
2023-12-01 00:00:00+00:00,59.368505644,59.368505644,57.4715928797,57.6175092461,1128412,0.0,0.0,0.0,0.0,0.0,0.0,0.0,0.0,,,,,60.45138552444079,,,,,,,,,,,,59.896198640552704,,"rgba(38, 166, 154, 1.0)"
2023-12-04 00:00:00+00:00,58.7264736314,59.9132600789,58.5134357364,59.0572173955,847020,0.0,0.0,0.0,0.0,0.0,0.0,0.0,0.0,,,,,60.4466423521506,,,,,,,,,,,,59.89345654619211,,"rgba(38, 166, 154, 1.0)"
2023-12-05 00:00:00+00:00,57.3548597865,58.3519549575,57.2186711778,58.3373633208,837717,0.0,0.0,0.0,0.0,0.0,0.0,0.0,0.0,,,,,60.4372776484139,,,,,,,,,,,,59.88625440653052,,"rgba(38, 166, 154, 0.75)"
2023-12-06 00:00:00+00:00,57.4715928797,58.4151853829,57.2381266933,57.3937708175,848737,0.0,0.0,0.0,0.0,0.0,0.0,0.0,0.0,,,,,60.428077413294574,,,,,,,,,,,,59.87921908373167,,"rgba(38, 166, 154, 0.75)"
2023-12-07 00:00:00+00:00,57.4229540908,58.2011747121,57.1700323889,57.5883259729,907972,0.0,0.0,0.0,0.0,0.0,0.0,0.0,0.0,,,,,60.4179073164061,,,,,,,,,,,,59.87136322868585,,"rgba(38, 166, 154, 0.75)"
2023-12-08 00:00:00+00:00,58.0941693767,58.1817191966,57.1213936001,57.374315302,899449,0.0,0.0,0.0,0.0,0.0,0.0,0.0,0.0,,,,,60.40861764538062,,,,,,,,,,,,59.86431779243847,,"rgba(38, 166, 154, 0.75)"
2023-12-11 00:00:00+00:00,58.8334789669,59.2712280663,58.0649861034,58.0649861034,777150,0.0,0.0,0.0,0.0,0.0,0.0,0.0,0.0,,,,,60.4034677952452,,,,,,,,,,,,59.86097557433585,,"rgba(38, 166, 154, 1.0)"
2023-12-12 00:00:00+00:00,58.8432067246,59.0183063644,58.4054576252,58.8626622402,749692,0.0,0.0,0.0,0.0,0.0,0.0,0.0,0.0,,,,,60.39862493215541,,,,,,,,,,,,59.85786130412803,,"rgba(38, 166, 154, 1.0)"
2023-12-13 00:00:00+00:00,59.3879611595,59.3976889173,57.5688704573,58.8432067246,881211,0.0,0.0,0.0,0.0,0.0,0.0,0.0,0.0,,,,,60.39306921974751,,,,,,,,,,,,59.854319388874636,,"rgba(38, 166, 154, 1.0)"
2023-12-14 00:00:00+00:00,60.7109362156,61.9852724829,60.2333033093,60.5747476069,1297292,0.0,0.0,0.0,0.0,0.0,0.0,0.0,0.0,,,,,60.39601126109475,,,,,,,,,,,,59.85974622502135,,"rgba(38, 166, 154, 1.0)"
2023-12-15 00:00:00+00:00,59.6214273459,60.4580145137,59.3879611595,59.533877526,3665126,0.0,0.0,0.0,0.0,0.0,0.0,0.0,0.0,,,,,60.38795505545194,,,,,,,,,,,,59.859243767701486,,"rgba(38, 166, 154, 1.0)"
2023-12-18 00:00:00+00:00,59.9132600789,60.1272707497,59.4949664949,59.8840768056,844459,0.0,0.0,0.0,0.0,0.0,0.0,0.0,0.0,,,,,60.38620407304539,,,,,,,,,,,,59.85920018401651,,"rgba(38, 166, 154, 1.0)"
2023-12-19 00:00:00+00:00,61.3335127126,61.4405180481,60.1369985075,60.4288312404,831960,0.0,0.0,0.0,0.0,0.0,0.0,0.0,0.0,,,,,60.38805467300394,,,,,,,,,,,,59.86257892100848,,"rgba(38, 166, 154, 1.0)"
2023-12-20 00:00:00+00:00,59.6408828614,61.3918792592,59.5046942527,61.3140571971,915729,0.0,0.0,0.0,0.0,0.0,0.0,0.0,0.0,,,,,60.387328746235006,,,,,,,,,,,,59.86363494067831,,"rgba(38, 166, 154, 0.75)"
2023-12-21 00:00:00+00:00,60.321825905,60.448613898,59.6293684047,60.2340496022,626416,0.0,0.0,0.0,0.0,0.0,0.0,0.0,0.0,,,,,60.38672625742021,,,,,,,,,,,,59.86424881469027,,"rgba(38, 166, 154, 0.75)"
2023-12-22 00:00:00+00:00,60.6046606586,60.9947775602,60.321825905,60.321825905,409319,0.0,0.0,0.0,0.0,0.0,0.0,0.0,0.0,,,,,60.38711876905661,,,,,,,,,,,,59.865401778288685,,"rgba(38, 166, 154, 0.75)"
2023-12-26 00:00:00+00:00,60.7119428066,60.9752717151,60.448613898,60.6631781939,347865,0.0,0.0,0.0,0.0,0.0,0.0,0.0,0.0,,,,,60.3875453159119,,,,,,,,,,,,59.86646912676295,,"rgba(38, 166, 154, 0.75)"
2023-12-27 00:00:00+00:00,61.443411997,61.4726707646,60.3705905177,60.8679895672,663251,0.0,0.0,0.0,0.0,0.0,0.0,0.0,0.0,,,,,60.389313553672565,,,,,,,,,,,,59.86941670834158,,"rgba(38, 166, 154, 0.75)"
2023-12-28 00:00:00+00:00,61.5019295323,61.6677292154,61.0581715567,61.2873652364,559987,0.0,0.0,0.0,0.0,0.0,0.0,0.0,0.0,,,,,60.391459750306744,,,,,,,,,,,,59.872528320402466,,"rgba(38, 166, 154, 0.75)"
2023-12-29 00:00:00+00:00,61.063048018,61.6677292154,60.7119428066,61.4921766097,1057594,0.0,0.0,0.0,0.0,0.0,0.0,0.0,0.0,,,,,60.39445263939258,,,,,,,,,,,,59.877375805610235,,"rgba(38, 166, 154, 0.75)"
2024-01-02 00:00:00+00:00,62.2431516452,62.5016040925,60.5071314333,60.5949077361,769911,0.0,0.0,0.0,0.0,0.0,0.0,0.0,0.0,,,,,60.39834929183205,,,,,,,,,,,,59.88254602168741,,"rgba(38, 166, 154, 1.0)"
2024-01-03 00:00:00+00:00,59.9902265387,61.5214353773,59.9024502358,61.4336590745,1074362,0.0,0.0,0.0,0.0,0.0,0.0,0.0,0.0,,,,,60.39864089893597,,,,,,,,,,,,59.884805139532894,,"rgba(38, 166, 154, 0.75)"
2024-01-04 00:00:00+00:00,60.321825905,60.6241665037,59.6196154822,59.6196154822,751712,0.0,0.0,0.0,0.0,0.0,0.0,0.0,0.0,,,,,60.39805547145826,,,,,,,,,,,,59.88561830383931,,"rgba(38, 166, 154, 0.75)"
2024-01-05 00:00:00+00:00,60.7412015742,61.1020597081,59.07345182,59.3465336511,922780,0.0,0.0,0.0,0.0,0.0,0.0,0.0,0.0,,,,,60.397740211184214,,,,,,,,,,,,59.88699396526983,,"rgba(38, 166, 154, 0.75)"
2024-01-08 00:00:00+00:00,61.9700698141,62.1992634938,60.4973785107,60.9167541799,757017,0.0,0.0,0.0,0.0,0.0,0.0,0.0,0.0,,,,,60.400969004197655,,,,,,,,,,,,59.89146593906276,,"rgba(38, 166, 154, 0.75)"
2024-01-09 00:00:00+00:00,61.0435421729,61.3458827716,60.5071314333,61.2190947786,747335,0.0,0.0,0.0,0.0,0.0,0.0,0.0,0.0,,,,,60.402518938288345,,,,,,,,,,,,59.89430020683922,,"rgba(38, 166, 154, 0.75)"
2024-01-10 00:00:00+00:00,61.0142834053,61.1508243208,60.4388609755,60.9752717151,625644,0.0,0.0,0.0,0.0,0.0,0.0,0.0,0.0,,,,,60.403586316159874,,,,,,,,,,,,59.89644650100202,,"rgba(38, 166, 154, 0.75)"
2024-01-11 00:00:00+00:00,61.0532950954,61.1703301659,60.2925671374,60.7119428066,662973,0.0,0.0,0.0,0.0,0.0,0.0,0.0,0.0,,,,,60.40464112540047,,,,,,,,,,,,59.89864236827542,,"rgba(38, 166, 154, 0.75)"
2024-01-12 00:00:00+00:00,60.7704603418,61.6579762929,60.5656489685,61.2873652364,615682,0.0,0.0,0.0,0.0,0.0,0.0,0.0,0.0,,,,,60.40597391878934,,,,,,,,,,,,59.901016452691614,,"rgba(38, 166, 154, 0.5)"
2024-01-16 00:00:00+00:00,61.3751415392,61.4239061519,60.4583668206,60.4583668206,782629,0.0,0.0,0.0,0.0,0.0,0.0,0.0,0.0,,,,,60.40790938992921,,,,,,,,,,,,59.904259816330075,,"rgba(38, 166, 154, 0.5)"
2024-01-17 00:00:00+00:00,60.4876255882,60.9265071024,60.1755320669,60.5266372783,740135,0.0,0.0,0.0,0.0,0.0,0.0,0.0,0.0,,,,,60.408236924877144,,,,,,,,,,,,59.905875303313785,,#000000
2024-01-18 00:00:00+00:00,62.1456224198,62.1651282649,61.1605772434,61.1605772434,748306,0.0,0.0,0.0,0.0,0.0,0.0,0.0,0.0,,,,,60.41206945672515,,,,,,,,,,,,59.91086930919382,,"rgba(38, 166, 154, 0.5)"
2024-01-19 00:00:00+00:00,62.5942568566,62.79906823,61.9017993564,62.3601867157,696987,0.0,0.0,0.0,0.0,0.0,0.0,0.0,0.0,,,,,60.417149755194075,,,,,,,,,,,,59.91696834865632,,"rgba(38, 166, 154, 1.0)"
2024-01-22 00:00:00+00:00,62.6040097792,63.2477026668,62.438210096,62.8575857652,509132,0.0,0.0,0.0,0.0,0.0,0.0,0.0,0.0,,,,,60.42145285283712,,,,,,,,,,,,59.92198994564282,,"rgba(38, 166, 154, 1.0)"
2024-01-23 00:00:00+00:00,62.8868445328,63.6622018747,62.7112919271,63.1891851315,564632,0.0,0.0,0.0,0.0,0.0,0.0,0.0,0.0,,,,,60.42686322376906,,,,,,,,,,,,59.928169913857396,,"rgba(38, 166, 154, 1.0)"
2024-01-24 00:00:00+00:00,61.7164938281,63.7255958712,61.7018644443,63.5402903429,507530,0.0,0.0,0.0,0.0,0.0,0.0,0.0,0.0,,,,,60.43042286947804,,,,,,,,,,,,59.932468244226826,,"rgba(38, 166, 154, 0.75)"
2024-01-25 00:00:00+00:00,62.3894454833,62.5503687052,62.0285873494,62.5259863989,485898,0.0,0.0,0.0,0.0,0.0,0.0,0.0,0.0,,,,,60.43371680984745,,,,,,,,,,,,59.93647128277498,,"rgba(38, 166, 154, 0.75)"
2024-01-26 00:00:00+00:00,62.8673386877,62.925856223,62.4187042509,62.7015390046,646482,0.0,0.0,0.0,0.0,0.0,0.0,0.0,0.0,,,,,60.43903934427986,,,,,,,,,,,,59.942698051535416,,"rgba(38, 166, 154, 0.75)"
2024-01-29 00:00:00+00:00,63.0038796033,63.1501734414,62.4772217862,62.9941266808,424574,0.0,0.0,0.0,0.0,0.0,0.0,0.0,0.0,,,,,60.44273333742246,,,,,,,,,,,,59.94697622029604,,"rgba(38, 166, 154, 0.75)"
2024-01-30 00:00:00+00:00,62.9356091455,63.179432209,62.7015390046,62.8770916103,664427,0.0,0.0,0.0,0.0,0.0,0.0,0.0,0.0,,,,,60.44863786371036,,,,,,,,,,,,59.95378686808347,,"rgba(38, 166, 154, 0.75)"
2024-01-31 00:00:00+00:00,61.9213052014,63.1404205188,61.9017993564,62.7015390046,512718,0.0,0.0,0.0,0.0,0.0,0.0,0.0,0.0,,,,,60.4520496996102,,,,,,,,,,,,59.95793815003693,,"rgba(38, 166, 154, 0.5)"
2024-02-01 00:00:00+00:00,62.8965974554,63.0233854484,61.8871699726,62.3991984059,518141,0.0,0.0,0.0,0.0,0.0,0.0,0.0,0.0,,,,,60.45600185661719,,,,,,,,,,,,59.962616018009584,,"rgba(38, 166, 154, 0.5)"
2024-02-02 00:00:00+00:00,62.5357393214,62.925856223,61.823775976,62.4284571735,451866,0.0,0.0,0.0,0.0,0.0,0.0,0.0,0.0,,,,,60.45915832526947,,,,,,,,,,,,59.96641415457861,,"rgba(38, 166, 154, 0.5)"
2024-02-05 00:00:00+00:00,61.8920464338,62.3211750255,61.316624004,61.9700698141,781596,0.0,0.0,0.0,0.0,0.0,0.0,0.0,0.0,,,,,60.46297901122892,,,,,,,,,,,,59.97140134851539,,"rgba(38, 166, 154, 0.5)"
2024-02-06 00:00:00+00:00,62.3796925608,63.0038796033,61.7164938281,61.8335288986,699135,0.0,0.0,0.0,0.0,0.0,0.0,0.0,0.0,,,,,60.46766795385405,,,,,,,,,,,,59.977081081356204,,"rgba(38, 166, 154, 0.5)"
2024-02-07 00:00:00+00:00,62.4187042509,62.7112919271,62.0237108881,62.5064805538,570096,0.0,0.0,0.0,0.0,0.0,0.0,0.0,0.0,,,,,60.471510237934154,,,,,,,,,,,,59.98172711596544,,"rgba(38, 166, 154, 0.5)"
2024-02-08 00:00:00+00:00,63.8816426318,64.1936386238,62.8624622265,63.1014088287,884753,0.0,0.0,0.0,0.0,0.0,0.0,0.0,0.0,,,,,60.481354364168524,,,,,,,,,,,,59.992668475517775,,"rgba(38, 166, 154, 0.5)"
2024-02-09 00:00:00+00:00,65.1007579492,66.3198732666,62.6332685468,65.1787813295,1656560,0.0,0.0,0.0,0.0,0.0,0.0,0.0,0.0,,,,,60.50561900792954,,,,,,,,,,,,60.01875475647599,,"rgba(38, 166, 154, 1.0)"
2024-02-12 00:00:00+00:00,64.9252053435,65.2958164,63.5207844979,63.5890549556,785958,0.0,0.0,0.0,0.0,0.0,0.0,0.0,0.0,,,,,60.51674953736562,,,,,,,,,,,,60.03075655258798,,"rgba(38, 166, 154, 1.0)"
2024-02-13 00:00:00+00:00,63.2672085119,63.813372174,62.6625273144,63.3939965049,885464,0.0,0.0,0.0,0.0,0.0,0.0,0.0,0.0,,,,,60.525127558530386,,,,,,,,,,,,60.04026337788694,,"rgba(38, 166, 154, 0.75)"
2024-02-14 00:00:00+00:00,63.1696792865,63.7060900261,62.9063503779,63.7060900261,718064,0.0,0.0,0.0,0.0,0.0,0.0,0.0,0.0,,,,,60.53191630527702,,,,,,,,,,,,60.047962834155925,,"rgba(38, 166, 154, 0.5)"
2024-02-15 00:00:00+00:00,63.0819029836,63.5402903429,62.7893153074,63.1599263639,883548,0.0,0.0,0.0,0.0,0.0,0.0,0.0,0.0,,,,,60.53984740038938,,,,,,,,,,,,60.05702397021438,,"rgba(38, 166, 154, 0.5)"
2024-02-16 00:00:00+00:00,61.804270131,62.7844388462,61.7847642859,62.3016691805,693362,0.0,0.0,0.0,0.0,0.0,0.0,0.0,0.0,,,,,60.5436240651997,,,,,,,,,,,,60.06177191517106,,#000000
2024-02-20 00:00:00+00:00,60.7216957291,61.2772221969,60.2535554472,61.1313184758,920869,0.0,0.0,0.0,0.0,0.0,0.0,0.0,0.0,,,,,60.54427784681981,,,,,,,,,,,,60.06386715925687,,"rgba(239, 83, 80, 1.0)"
2024-02-21 00:00:00+00:00,61.1118126307,61.1313184758,60.3120729825,60.4096022079,741439,0.0,0.0,0.0,0.0,0.0,0.0,0.0,0.0,,,,,60.545056962512334,,,,,,,,,,,,60.06579136316075,,"rgba(239, 83, 80, 1.0)"
2024-02-22 00:00:00+00:00,62.2138928776,62.4772217862,61.4775472259,61.6872350605,843145,0.0,0.0,0.0,0.0,0.0,0.0,0.0,0.0,,,,,60.54939912859099,,,,,,,,,,,,60.07130409639126,,"rgba(239, 83, 80, 1.0)"
2024-02-23 00:00:00+00:00,62.7503036173,63.1696792865,62.0871048846,62.18463411,599878,0.0,0.0,0.0,0.0,0.0,0.0,0.0,0.0,,,,,60.55372355721816,,,,,,,,,,,,60.07641289933855,,#000000
2024-02-26 00:00:00+00:00,61.6872350605,62.7794648557,61.4921766097,62.5259863989,606965,0.0,0.0,0.0,0.0,0.0,0.0,0.0,0.0,,,,,60.55667469314129,,,,,,,,,,,,60.08020578058407,,"rgba(239, 83, 80, 0.75)"
2024-02-27 00:00:00+00:00,61.8920464338,62.7210448497,61.8384053599,62.18463411,473552,0.0,0.0,0.0,0.0,0.0,0.0,0.0,0.0,,,,,60.55923222333073,,,,,,,,,,,,60.08340855838219,,"rgba(239, 83, 80, 0.75)"
2024-02-28 00:00:00+00:00,62.3796925608,62.6966625433,61.4921766097,61.4921766097,845795,0.0,0.0,0.0,0.0,0.0,0.0,0.0,0.0,,,,,60.5638912655081,,,,,,,,,,,,60.08921183782221,,#000000
2024-02-29 00:00:00+00:00,64.4960767518,64.7203939702,62.8380799201,63.2574555893,1121210,0.0,0.0,0.0,0.0,0.0,0.0,0.0,0.0,,,,,60.57692814457014,,,,,,,,,,,,60.1035110255081,,"rgba(38, 166, 154, 0.5)"
2024-03-01 00:00:00+00:00,63.2769614344,64.0864540051,62.3601867157,63.7646075613,996445,0.0,0.0,0.0,0.0,0.0,0.0,0.0,0.0,,,,,60.58583460888799,,,,,,,,,,,,60.11362696898258,,"rgba(38, 166, 154, 0.5)"
2024-03-04 00:00:00+00:00,62.0480931944,63.2281968217,61.8345041908,63.0136325258,565603,0.0,0.0,0.0,0.0,0.0,0.0,0.0,0.0,,,,,60.58921417773391,,,,,,,,,,,,60.11774910755982,,#000000
2024-03-05 00:00:00+00:00,61.9213052014,62.7551800785,61.5799529126,61.7652584408,754773,0.0,0.0,0.0,0.0,0.0,0.0,0.0,0.0,,,,,60.59298623912019,,,,,,,,,,,,60.122534015681325,,#000000
2024-03-06 00:00:00+00:00,61.4824236872,62.3406808706,61.0923067856,62.3406808706,846150,0.0,0.0,0.0,0.0,0.0,0.0,0.0,0.0,,,,,60.595932647791486,,,,,,,,,,,,60.12665534874544,,#000000
2024-03-07 00:00:00+00:00,62.3309279481,62.4670787467,61.7555055183,61.7555055183,832142,0.0,0.0,0.0,0.0,0.0,0.0,0.0,0.0,,,,,60.60032331300879,,,,,,,,,,,,60.13214267325204,,#000000
2024-03-08 00:00:00+00:00,61.5994587576,62.9746208357,61.4629178421,62.4967276313,925366,0.0,0.0,0.0,0.0,0.0,0.0,0.0,0.0,,,,,60.604649889770336,,,,,,,,,,,,60.13770144825911,,"rgba(239, 83, 80, 1.0)"
2024-03-11 00:00:00+00:00,61.8140230535,62.3991984059,61.3361298491,61.3361298491,484088,0.0,0.0,0.0,0.0,0.0,0.0,0.0,0.0,,,,,60.60664257240042,,,,,,,,,,,,60.14034532769804,,"rgba(239, 83, 80, 1.0)"
2024-03-12 00:00:00+00:00,61.7457525957,62.0968578071,61.3946473843,61.7457525957,775658,0.0,0.0,0.0,0.0,0.0,0.0,0.0,0.0,,,,,60.60955611574388,,,,,,,,,,,,60.14430787915166,,"rgba(239, 83, 80, 1.0)"
2024-03-13 00:00:00+00:00,61.3653886167,62.2236458002,61.1800830885,61.804270131,860699,0.0,0.0,0.0,0.0,0.0,0.0,0.0,0.0,,,,,60.612330064288706,,,,,,,,,,,,60.148255816936455,,"rgba(239, 83, 80, 1.0)"
2024-03-14 00:00:00+00:00,60.4681197431,61.4949922278,60.2236262944,61.0549040201,793936,0.0,0.0,0.0,0.0,0.0,0.0,0.0,0.0,,,,,60.61263362248316,,,,,,,,,,,,60.14971511445658,,"rgba(239, 83, 80, 1.0)"
2024-03-15 00:00:00+00:00,60.3409831498,60.9962255924,60.0084720595,60.1453883908,1505256,0.0,0.0,0.0,0.0,0.0,0.0,0.0,0.0,,,,,60.61182762788664,,,,,,,,,,,,60.15113231359588,,"rgba(239, 83, 80, 1.0)"
2024-03-18 00:00:00+00:00,60.7615118816,61.2504987791,60.2627452462,60.2725249841,703462,0.0,0.0,0.0,0.0,0.0,0.0,0.0,0.0,,,,,60.61216301142045,,,,,,,,,,,,60.15247485534816,,"rgba(239, 83, 80, 1.0)"
2024-03-19 00:00:00+00:00,61.3091772068,61.7590451525,60.6344730856,60.7028334539,750543,0.0,0.0,0.0,0.0,0.0,0.0,0.0,0.0,,,,,60.613679509232504,,,,,,,,,,,,60.155021068196966,,"rgba(239, 83, 80, 1.0)"
2024-03-20 00:00:00+00:00,62.3164902156,62.3262699535,61.1233621857,61.2211595652,618656,0.0,0.0,0.0,0.0,0.0,0.0,0.0,0.0,,,,,60.61630332224057,,,,,,,,,,,,60.158442739336515,,#000000
2024-03-21 00:00:00+00:00,62.2969307397,62.9717326582,62.238252312,62.7370189474,621903,0.0,0.0,0.0,0.0,0.0,0.0,0.0,0.0,,,,,60.62009774851281,,,,,,,,,,,,60.162996370605036,,#000000
2024-03-22 00:00:00+00:00,61.7786046284,62.3751686433,61.3091772068,62.3262699535,659953,0.0,0.0,0.0,0.0,0.0,0.0,0.0,0.0,,,,,60.6226561565551,,,,,,,,,,,,60.16640753614014,,#000000
2024-03-25 00:00:00+00:00,61.8959614838,62.428957202,61.8372830561,61.9546399115,400979,0.0,0.0,0.0,0.0,0.0,0.0,0.0,0.0,,,,,60.62450661494227,,,,,,,,,,,,60.16876427474232,,#000000
2024-03-26 00:00:00+00:00,64.2039796399,64.2235391158,62.7614682923,62.9032744926,621539,0.0,0.0,0.0,0.0,0.0,0.0,0.0,0.0,,,,,60.630716387658396,,,,,,,,,,,,60.175642150979364,,"rgba(38, 166, 154, 1.0)"
2024-03-27 00:00:00+00:00,64.957019462,65.0352573656,64.370235185,64.5462704681,629692,0.0,0.0,0.0,0.0,0.0,0.0,0.0,0.0,,,,,60.63912125627401,,,,,,,,,,,,60.18464918662818,,"rgba(38, 166, 154, 1.0)"
2024-03-28 00:00:00+00:00,65.8371958775,66.2577246093,65.0645965795,65.1037155313,967677,0.0,0.0,0.0,0.0,0.0,0.0,0.0,0.0,,,,,60.65485938307935,,,,,,,,,,,,60.20121218136278,,"rgba(38, 166, 154, 1.0)"
2024-04-01 00:00:00+00:00,66.1794867057,66.9520860038,66.1403677539,66.1403677539,777073,0.0,0.0,0.0,0.0,0.0,0.0,0.0,0.0,,,,,60.66917433995408,,,,,,,,,,,,60.216129096973745,,"rgba(38, 166, 154, 1.0)"
2024-04-02 00:00:00+00:00,65.1917331728,65.6318213805,64.8690018205,65.3677684559,870527,0.0,0.0,0.0,0.0,0.0,0.0,0.0,0.0,,,,,60.681819371102335,,,,,,,,,,,,60.22955977978843,,"rgba(38, 166, 154, 1.0)"
2024-04-03 00:00:00+00:00,65.3873279318,66.0132311606,65.0352573656,65.0352573656,804553,0.0,0.0,0.0,0.0,0.0,0.0,0.0,0.0,,,,,60.69407701088566,,,,,,,,,,,,60.24252053292548,,"rgba(38, 166, 154, 1.0)"
2024-04-04 00:00:00+00:00,64.2137593778,66.0816893262,63.9008077634,65.925213519,740048,0.0,0.0,0.0,0.0,0.0,0.0,0.0,0.0,,,,,60.70354612483652,,,,,,,,,,,,60.252694120405586,,"rgba(38, 166, 154, 0.75)"
2024-04-05 00:00:00+00:00,64.6734070615,64.9423498551,64.2528783296,64.2724378055,643061,0.0,0.0,0.0,0.0,0.0,0.0,0.0,0.0,,,,,60.71151620032259,,,,,,,,,,,,60.261282427817676,,"rgba(38, 166, 154, 0.75)"
2024-04-08 00:00:00+00:00,64.5364907302,65.3971076698,64.3897946609,65.0939357933,684375,0.0,0.0,0.0,0.0,0.0,0.0,0.0,0.0,,,,,60.72029014155005,,,,,,,,,,,,60.27070187191545,,"rgba(38, 166, 154, 0.75)"
2024-04-09 00:00:00+00:00,65.1819534349,65.5242442631,64.5071515163,64.7320854892,621935,0.0,0.0,0.0,0.0,0.0,0.0,0.0,0.0,,,,,60.728811809075786,,,,,,,,,,,,60.2797894697622,,"rgba(38, 166, 154, 0.75)"
2024-04-10 00:00:00+00:00,63.6465345768,64.3741470802,63.3433627003,64.1941999019,475580,0.0,0.0,0.0,0.0,0.0,0.0,0.0,0.0,,,,,60.733386794939264,,,,,,,,,,,,60.28486064000495,,"rgba(38, 166, 154, 0.75)"
2024-04-11 00:00:00+00:00,63.9986051429,64.2039796399,63.0401908239,63.6269751009,668559,0.0,0.0,0.0,0.0,0.0,0.0,0.0,0.0,,,,,60.73971030700846,,,,,,,,,,,,60.29188285359836,,"rgba(38, 166, 154, 0.5)"
2024-04-12 00:00:00+00:00,62.9815123962,63.6367548388,62.815256851,63.4411600798,702846,0.0,0.0,0.0,0.0,0.0,0.0,0.0,0.0,,,,,60.745002403639276,,,,,,,,,,,,60.2979515511569,,#000000
2024-04-15 00:00:00+00:00,63.1379882034,64.3311162332,63.015741479,63.5682966732,538391,0.0,0.0,0.0,0.0,0.0,0.0,0.0,0.0,,,,,60.74963025653454,,,,,,,,,,,,60.303152989753386,,#000000
2024-04-16 00:00:00+00:00,63.2357855829,63.6367548388,62.6587810438,62.8641555408,562254,0.0,0.0,0.0,0.0,0.0,0.0,0.0,0.0,,,,,60.75388901115062,,,,,,,,,,,,60.30802780944489,,#000000
2024-04-17 00:00:00+00:00,62.2871510017,63.9203672393,62.2675915258,63.9008077634,918216,0.0,0.0,0.0,0.0,0.0,0.0,0.0,0.0,,,,,60.75980610341519,,,,,,,,,,,,60.31498084400679,,"rgba(239, 83, 80, 1.0)"
2024-04-18 00:00:00+00:00,61.5438909176,62.4925254987,61.450983407,62.3164902156,733905,0.0,0.0,0.0,0.0,0.0,0.0,0.0,0.0,,,,,60.76224229998579,,,,,,,,,,,,60.318316616420326,,"rgba(239, 83, 80, 1.0)"
2024-04-19 00:00:00+00:00,61.2798379929,61.9644196494,61.1341198975,61.5243314417,1018647,0.0,0.0,0.0,0.0,0.0,0.0,0.0,0.0,,,,,60.764440070461994,,,,,,,,,,,,60.32179537763099,,"rgba(239, 83, 80, 1.0)"
2024-04-22 00:00:00+00:00,61.847062794,62.3458294294,61.4167543242,61.7003667248,650310,0.0,0.0,0.0,0.0,0.0,0.0,0.0,0.0,,,,,60.766660178346605,,,,,,,,,,,,60.32480237019734,,"rgba(239, 83, 80, 1.0)"
2024-04-23 00:00:00+00:00,62.1991333602,62.6392215679,61.7199262007,62.3556091674,712980,0.0,0.0,0.0,0.0,0.0,0.0,0.0,0.0,,,,,60.76977874358456,,,,,,,,,,,,60.3287577157943,,"rgba(239, 83, 80, 1.0)"
2024-04-24 00:00:00+00:00,62.1893536222,62.5267545815,61.6905869868,62.2675915258,649065,0.0,0.0,0.0,0.0,0.0,0.0,0.0,0.0,,,,,60.77250499316921,,,,,,,,,,,,60.33224633378519,,"rgba(239, 83, 80, 1.0)"
2024-04-25 00:00:00+00:00,61.5047719658,62.238252312,61.3776353724,62.0328778151,956218,0.0,0.0,0.0,0.0,0.0,0.0,0.0,0.0,,,,,60.775244677823814,,,,,,,,,,,,60.33614544594311,,"rgba(239, 83, 80, 1.0)"
2024-04-26 00:00:00+00:00,52.0086464166,54.0037129583,51.3240647601,52.9475012598,6825350,0.0,0.0,0.0,0.0,0.0,0.0,0.0,0.0,,,,,60.604486353497464,,,,,,,,,,,,60.1795592020569,,"rgba(239, 83, 80, 1.0)"
2024-04-29 00:00:00+00:00,52.7616862387,53.680981606,52.0575451063,52.0575451063,1745338,0.0,0.0,0.0,0.0,0.0,0.0,0.0,0.0,,,,,60.563962164862154,,,,,,,,,,,,60.142469262645506,,"rgba(239, 83, 80, 1.0)"
2024-04-30 00:00:00+00:00,52.3313777689,53.0844175911,51.4120824017,52.4291751484,1791268,0.0,0.0,0.0,0.0,0.0,0.0,0.0,0.0,,,,,60.51984113729956,,,,,,,,,,,,60.10191704885642,,"rgba(239, 83, 80, 1.0)"
2024-05-01 00:00:00+00:00,52.1749019617,53.0159594254,51.3729634499,51.5783379468,1549212,0.0,0.0,0.0,0.0,0.0,0.0,0.0,0.0,,,,,60.481655936356184,,,,,,,,,,,,60.06678969145468,,"rgba(239, 83, 80, 1.0)"
2024-05-02 00:00:00+00:00,52.9670607357,53.2213339224,52.0819944512,53.2213339224,1330703,0.0,0.0,0.0,0.0,0.0,0.0,0.0,0.0,,,,,60.451365491940514,,,,,,,,,,,,60.039025476167986,,"rgba(239, 83, 80, 1.0)"
2024-05-03 00:00:00+00:00,52.9279417839,53.7885587234,52.6345496454,53.7298802957,973128,0.0,0.0,0.0,0.0,0.0,0.0,0.0,0.0,,,,,60.43039435941047,,,,,,,,,,,,60.01985270844996,,"rgba(239, 83, 80, 1.0)"
2024-05-06 00:00:00+00:00,53.7103208198,53.9792636135,53.0619241938,53.4951665849,1003127,0.0,0.0,0.0,0.0,0.0,0.0,0.0,0.0,,,,,60.41027378380426,,,,,,,,,,,,60.00152882462885,,"rgba(239, 83, 80, 1.0)"
2024-05-07 00:00:00+00:00,53.2311136603,54.0330521722,53.103977067,53.6907613439,917099,0.0,0.0,0.0,0.0,0.0,0.0,0.0,0.0,,,,,60.39163953326561,,,,,,,,,,,,59.98453569794165,,"rgba(239, 83, 80, 0.75)"
2024-05-08 00:00:00+00:00,52.0771045822,53.1235365429,51.920628775,52.9279417839,1319133,0.0,0.0,0.0,0.0,0.0,0.0,0.0,0.0,,,,,60.36085556875839,,,,,,,,,,,,59.956220835919574,,"rgba(239, 83, 80, 0.75)"
2024-05-09 00:00:00+00:00,52.9279417839,53.2506731362,51.8521706094,52.2629196033,1442822,0.0,0.0,0.0,0.0,0.0,0.0,0.0,0.0,,,,,60.32872249433267,,,,,,,,,,,,59.92671995267022,,"rgba(239, 83, 80, 0.75)"
2024-05-10 00:00:00+00:00,52.712787549,53.2506731362,52.6736685972,52.9866202116,585752,0.0,0.0,0.0,0.0,0.0,0.0,0.0,0.0,,,,,60.31609634383015,,,,,,,,,,,,59.915143409237864,,"rgba(239, 83, 80, 0.75)"
2024-05-13 00:00:00+00:00,53.3778097296,54.2188671932,53.2457832672,53.9450345306,799393,0.0,0.0,0.0,0.0,0.0,0.0,0.0,0.0,,,,,60.300630369223484,,,,,,,,,,,,59.901050008480425,,"rgba(239, 83, 80, 0.75)"
2024-05-14 00:00:00+00:00,53.7689992475,53.9841534824,52.89860257,53.8276776752,844416,0.0,0.0,0.0,0.0,0.0,0.0,0.0,0.0,,,,,60.2842160833985,,,,,,,,,,,,59.88608131968776,,"rgba(239, 83, 80, 0.75)"
2024-05-15 00:00:00+00:00,54.1797482414,54.5856073663,53.7885587234,54.1210698137,1056555,0.0,0.0,0.0,0.0,0.0,0.0,0.0,0.0,,,,,60.26571354335861,,,,,,,,,,,,59.869315695279866,,"rgba(239, 83, 80, 0.75)"
2024-05-16 00:00:00+00:00,53.8570168891,54.8349906841,53.7689992475,54.2090874553,724165,0.0,0.0,0.0,0.0,0.0,0.0,0.0,0.0,,,,,60.25303231001927,,,,,,,,,,,,59.85781904563479,,"rgba(239, 83, 80, 0.75)"
2024-05-17 00:00:00+00:00,53.7983384614,54.0428319101,53.5049463229,53.7787789855,1161084,0.0,0.0,0.0,0.0,0.0,0.0,0.0,0.0,,,,,60.231577250773014,,,,,,,,,,,,59.83828754001049,,"rgba(239, 83, 80, 0.75)"
2024-05-20 00:00:00+00:00,53.9156953168,54.062391386,53.2506731362,53.9352547927,732104,0.0,0.0,0.0,0.0,0.0,0.0,0.0,0.0,,,,,60.218040458782,,,,,,,,,,,,59.82595753333344,,"rgba(239, 83, 80, 0.75)"
2024-05-21 00:00:00+00:00,53.8570168891,54.1895279794,53.4951665849,53.8276776752,878062,0.0,0.0,0.0,0.0,0.0,0.0,0.0,0.0,,,,,60.20213954052895,,,,,,,,,,,,59.81148742867457,,"rgba(239, 83, 80, 0.75)"
2024-05-22 00:00:00+00:00,52.2042411756,53.8961358409,52.1064437961,53.8276776752,1486014,0.0,0.0,0.0,0.0,0.0,0.0,0.0,0.0,,,,,60.17073343481234,,,,,,,,,,,,59.782622772038536,,"rgba(239, 83, 80, 1.0)"
2024-05-23 00:00:00+00:00,50.375430179,52.3851663277,50.3167517513,52.2922588171,1375725,0.0,0.0,0.0,0.0,0.0,0.0,0.0,0.0,,,,,60.13526048296669,,,,,,,,,,,,59.749676596570076,,"rgba(239, 83, 80, 1.0)"
2024-05-24 00:00:00+00:00,50.6199236277,50.9084258972,50.365650441,50.8350778626,966480,0.0,0.0,0.0,0.0,0.0,0.0,0.0,0.0,,,,,60.10943202783307,,,,,,,,,,,,59.725639146891645,,"rgba(239, 83, 80, 1.0)"
2024-05-28 00:00:00+00:00,49.2507603148,50.6199236277,49.0649452937,50.6199236277,1278864,0.0,0.0,0.0,0.0,0.0,0.0,0.0,0.0,,,,,60.071936900613125,,,,,,,,,,,,59.69059861462441,,"rgba(239, 83, 80, 1.0)"
2024-05-29 00:00:00+00:00,49.4659145497,49.52449518,48.2532270439,48.6444165619,1240580,0.0,0.0,0.0,0.0,0.0,0.0,0.0,0.0,,,,,60.03386648084078,,,,,,,,,,,,59.65494362224833,,"rgba(239, 83, 80, 1.0)"
2024-05-30 00:00:00+00:00,50.1407164682,50.3167517513,49.5245929774,49.8766635436,1152395,0.0,0.0,0.0,0.0,0.0,0.0,0.0,0.0,,,,,60.001665446552614,,,,,,,,,,,,59.62487790078614,,"rgba(239, 83, 80, 1.0)"
2024-05-31 00:00:00+00:00,52.1455627479,52.2726993412,50.4438883446,50.5319059862,1454868,0.0,0.0,0.0,0.0,0.0,0.0,0.0,0.0,,,,,59.96786649765813,,,,,,,,,,,,59.59355311766482,,"rgba(239, 83, 80, 0.75)"
2024-06-03 00:00:00+00:00,52.7519065008,52.8497038803,51.6272366366,52.5367522659,847934,0.0,0.0,0.0,0.0,0.0,0.0,0.0,0.0,,,,,59.9501429690746,,,,,,,,,,,,59.57720439645728,,"rgba(239, 83, 80, 0.5)"
2024-06-04 00:00:00+00:00,52.7616862387,52.9181620459,52.2238006515,52.5269725279,1551227,0.0,0.0,0.0,0.0,0.0,0.0,0.0,0.0,,,,,59.9188942171368,,,,,,,,,,,,59.54842008875057,,"rgba(239, 83, 80, 0.5)"
2024-06-05 00:00:00+00:00,52.1553424858,52.9082845106,51.8326111335,52.8399241423,1041680,0.0,0.0,0.0,0.0,0.0,0.0,0.0,0.0,,,,,59.89709898220786,,,,,,,,,,,,59.528292107481455,,"rgba(239, 83, 80, 0.5)"
2024-06-06 00:00:00+00:00,52.1749019617,52.4731839692,51.7934921817,52.0673248443,739524,0.0,0.0,0.0,0.0,0.0,0.0,0.0,0.0,,,,,59.88139421264458,,,,,,,,,,,,59.51377214271637,,"rgba(239, 83, 80, 0.5)"
2024-06-07 00:00:00+00:00,51.8423908714,52.2629196033,51.5587784709,51.8032719196,902846,0.0,0.0,0.0,0.0,0.0,0.0,0.0,0.0,,,,,59.861667576490596,,,,,,,,,,,,59.49550181716351,,"rgba(239, 83, 80, 0.5)"
2024-06-10 00:00:00+00:00,51.2458268565,51.6076771607,51.0208928837,51.1969281668,1049012,0.0,0.0,0.0,0.0,0.0,0.0,0.0,0.0,,,,,59.83716353453084,,,,,,,,,,,,59.47272719369353,,"rgba(239, 83, 80, 0.5)"
2024-06-11 00:00:00+00:00,51.6467961125,51.8912895612,50.5221262482,51.0208928837,744853,1.0,51.89129,50.522125,0.0,0.0,0.0,0.0,0.0,,,,51.353403973966664,59.81997478307342,,,,,,,,,,,,59.456754492082915,,"rgba(239, 83, 80, 0.5)"
2024-06-12 00:00:00+00:00,53.2408933983,53.4487128297,52.3607169828,52.3998359346,1263189,0.0,0.0,0.0,0.0,0.0,0.0,0.0,0.0,,,,52.39977214238052,59.79667899929015,,,,,,,,,,,,59.43534066256637,,#000000
2024-06-13 00:00:00+00:00,53.3191313019,53.5245057988,52.7519065008,53.1724352326,897384,0.0,0.0,0.0,0.0,0.0,0.0,0.0,0.0,,,,52.646475600741354,59.78066713142668,,,,,,,,,,,,59.42064264534596,,#000000
2024-06-14 00:00:00+00:00,52.6541091213,53.1348341719,52.1733840706,52.8797555736,835818,0.0,0.0,0.0,0.0,0.0,0.0,0.0,0.0,,,,52.64818097838003,59.76459581002214,,,,,,,,,,,,59.405822838882415,,#000000
2024-06-17 00:00:00+00:00,53.4291556315,53.6744235145,52.3156394427,52.4186519536,790138,0.0,0.0,0.0,0.0,0.0,0.0,0.0,0.0,,,,52.73389414282247,59.75050244912726,,,,,,,,,,,,59.39287594981888,,"rgba(38, 166, 154, 1.0)"
2024-06-18 00:00:00+00:00,52.7325948438,53.8559217479,52.6050555447,53.4683984928,934385,0.0,0.0,0.0,0.0,0.0,0.0,0.0,0.0,,,,52.79041605851741,59.733724657257355,,,,,,,,,,,,59.37745102920714,,"rgba(38, 166, 154, 1.0)"
2024-06-20 00:00:00+00:00,51.6828483046,54.6751164771,50.6430105879,52.6246769753,3692714,0.0,0.0,0.0,0.0,0.0,0.0,0.0,0.0,,,,52.606250672199195,59.66105728118324,,,,,,,,,,,,59.31024701075599,,#000000
2024-06-21 00:00:00+00:00,52.8110805664,52.9974841575,51.8054822461,51.8594411804,2999376,0.0,0.0,0.0,0.0,0.0,0.0,0.0,0.0,,,,52.58941691046406,59.604692948182965,,,,,,,,,,,,59.258169152383665,,#000000
2024-06-24 00:00:00+00:00,53.5566949307,54.6456843312,52.6688251943,52.8405127123,1645413,0.0,0.0,0.0,0.0,0.0,0.0,0.0,0.0,,,,52.712712342082725,59.57884223663503,,,,,,,,,,,,59.23449974330826,,"rgba(38, 166, 154, 0.75)"
2024-06-25 00:00:00+00:00,52.9189984349,53.6351806533,52.4677055302,53.4978306388,1166193,0.0,0.0,0.0,0.0,0.0,0.0,0.0,0.0,,,,52.73566173480609,59.55877273798388,,,,,,,,,,,,59.21601409781455,,"rgba(38, 166, 154, 0.75)"
2024-06-26 00:00:00+00:00,53.5076413541,53.811773529,52.5525682177,52.5952448294,966266,0.0,0.0,0.0,0.0,0.0,0.0,0.0,0.0,,,,52.769314224281054,59.54295172412497,,,,,,,,,,,,59.20147574914868,,"rgba(38, 166, 154, 1.0)"
2024-06-27 00:00:00+00:00,54.272877149,54.3906057329,53.5272627847,53.6744235145,1071955,0.0,0.0,0.0,0.0,0.0,0.0,0.0,0.0,,,,52.85088892277562,59.52765164507658,,,,,,,,,,,,59.18752860440845,,"rgba(38, 166, 154, 1.0)"
2024-06-28 00:00:00+00:00,54.057041412,54.8517093529,53.0367270187,54.6849271925,1797949,0.0,0.0,0.0,0.0,0.0,0.0,0.0,0.0,,,,52.959014347607976,59.5017992459187,,,,,,,,,,,,59.16393428341833,,"rgba(38, 166, 154, 1.0)"
2024-07-01 00:00:00+00:00,52.7522162745,54.4887128861,52.3352608734,54.0668521273,864562,0.0,0.0,0.0,0.0,0.0,0.0,0.0,0.0,,,,52.96925752552234,59.487687128626696,,,,,,,,,,,,59.15094719436345,,"rgba(38, 166, 154, 0.75)"
2024-07-02 00:00:00+00:00,52.7031626979,53.3801020549,52.6737305519,53.3801020549,597986,0.0,0.0,0.0,0.0,0.0,0.0,0.0,0.0,,,,52.96777469721303,59.477541400117445,,,,,,,,,,,,59.141587376636544,,#000000
2024-07-03 00:00:00+00:00,52.9386198655,53.7627199524,52.9288091502,53.0367270187,307289,0.0,0.0,0.0,0.0,0.0,0.0,0.0,0.0,,,,52.97139300725994,59.47257078932045,,,,,,,,,,,,59.13701300171898,,#000000
2024-07-05 00:00:00+00:00,53.0269163034,53.3016163324,52.6933519826,52.7325948438,1052321,0.0,0.0,0.0,0.0,0.0,0.0,0.0,0.0,,,,52.9731398471035,59.45505916771424,,,,,,,,,,,,59.12086715836114,,#000000
2024-07-08 00:00:00+00:00,53.4880199235,54.2238235724,53.3310484783,53.3310484783,767124,0.0,0.0,0.0,0.0,0.0,0.0,0.0,0.0,,,,52.99738592657599,59.443680696800676,,,,,,,,,,,,59.11044168898258,,#000000
2024-07-09 00:00:00+00:00,53.350669909,54.0766628426,53.3114270477,53.3899127703,672712,0.0,0.0,0.0,0.0,0.0,0.0,0.0,0.0,,,,53.0143644124542,59.43356456094344,,,,,,,,,,,,59.101162050364216,,#000000
2024-07-10 00:00:00+00:00,54.057041412,54.1649592805,53.1838877485,53.5861270767,1117724,0.0,0.0,0.0,0.0,0.0,0.0,0.0,0.0,,,,53.05076320755115,59.41746892914214,,,,,,,,,,,,59.0864306022597,,"rgba(38, 166, 154, 1.0)"
2024-07-11 00:00:00+00:00,55.7542951623,55.9701308994,54.3807950176,54.3807950176,918429,0.0,0.0,0.0,0.0,0.0,0.0,0.0,0.0,,,,53.135554872190184,59.40798206272286,,,,,,,,,,,,59.077957012550655,,"rgba(38, 166, 154, 1.0)"
2024-07-12 00:00:00+00:00,56.235020213,56.5097202419,55.773916593,55.8131594542,870604,0.0,0.0,0.0,0.0,0.0,0.0,0.0,0.0,,,,53.23735949450173,59.40081292084005,,,,,,,,,,,,59.07169448091222,,"rgba(38, 166, 154, 1.0)"
2024-07-15 00:00:00+00:00,56.6274488258,57.0983631611,56.2136328536,56.4900988113,728482,0.0,0.0,0.0,0.0,0.0,0.0,0.0,0.0,,,,53.33036389708129,59.39571503935992,,,,,,,,,,,,59.06732772935756,,"rgba(38, 166, 154, 1.0)"
2024-07-16 00:00:00+00:00,57.7360596569,57.9813275399,56.9217702854,56.9217702854,988651,0.0,0.0,0.0,0.0,0.0,0.0,0.0,0.0,,,,53.48088560007905,59.39108139769408,,,,,,,,,,,,59.063620192516105,,"rgba(38, 166, 154, 1.0)"
2024-07-17 00:00:00+00:00,57.7458703722,58.3933775833,57.3681578324,57.4907917739,918406,0.0,0.0,0.0,0.0,0.0,0.0,0.0,0.0,,,,53.620682595906494,59.3874698056546,,,,,,,,,,,,59.06084612957052,,"rgba(38, 166, 154, 1.0)"
2024-07-18 00:00:00+00:00,57.431927482,58.4914847365,57.3289149712,57.4711703433,852199,0.0,0.0,0.0,0.0,0.0,0.0,0.0,0.0,,,,53.740146538072516,59.3839507245347,,,,,,,,,,,,59.05810535300497,,"rgba(38, 166, 154, 1.0)"
2024-07-19 00:00:00+00:00,58.0009489706,58.1333936274,57.1277953071,57.8832203867,743915,0.0,0.0,0.0,0.0,0.0,0.0,0.0,0.0,,,,53.839000949019805,59.380897266740824,,,,,,,,,,,,59.055728150092555,,"rgba(38, 166, 154, 1.0)"
2024-07-22 00:00:00+00:00,58.4816740212,58.6386454663,57.9322739633,58.3443240067,1092258,0.0,0.0,0.0,0.0,0.0,0.0,0.0,0.0,,,,53.99645741879088,59.37807180313091,,,,,,,,,,,,59.0538466030455,,"rgba(38, 166, 154, 1.0)"
2024-07-23 00:00:00+00:00,58.7171311889,58.7290021544,58.0156650435,58.2167847076,837924,0.0,0.0,0.0,0.0,0.0,0.0,0.0,0.0,,,,54.11355135562388,59.37620117227575,,,,,,,,,,,,59.05268872581458,,"rgba(38, 166, 154, 1.0)"
2024-07-24 00:00:00+00:00,56.6765024024,58.4424311599,56.4125941603,58.2265954229,941890,0.0,0.0,0.0,0.0,0.0,0.0,0.0,0.0,,,,54.200787216936206,59.371022636774306,,,,,,,,,,,,59.04839019552269,,"rgba(38, 166, 154, 0.75)"
2024-07-25 00:00:00+00:00,57.4221167667,58.0990561238,56.8334738475,56.8727167088,1323450,0.0,0.0,0.0,0.0,0.0,0.0,0.0,0.0,,,,54.32584610064013,59.36469223030875,,,,,,,,,,,,59.04326426503738,,"rgba(38, 166, 154, 0.75)"
2024-07-26 00:00:00+00:00,59.8944170273,62.7473730423,58.7367526195,62.2980422806,2229355,0.0,0.0,0.0,0.0,0.0,0.0,0.0,0.0,,,,54.69914073674613,59.370740882300986,,,,,,,,,,,,59.0508812047599,,"rgba(38, 166, 154, 0.75)"
2024-07-29 00:00:00+00:00,60.3260885013,60.590977815,59.705953186,59.884606312,1036339,0.0,0.0,0.0,0.0,0.0,0.0,0.0,0.0,,,,54.85069697023855,59.37288482941161,,,,,,,,,,,,59.05376612653388,,"rgba(38, 166, 154, 0.75)"
2024-07-30 00:00:00+00:00,59.8355527354,60.8852992746,59.5755687794,60.6007885303,1072570,0.0,0.0,0.0,0.0,0.0,0.0,0.0,0.0,,,,54.99599875180133,59.37480432746845,,,,,,,,,,,,59.056456523240186,,"rgba(38, 166, 154, 0.75)"
2024-07-31 00:00:00+00:00,59.7178241515,60.6105992456,59.639338429,59.6982027209,931939,0.0,0.0,0.0,0.0,0.0,0.0,0.0,0.0,,,,55.11329652266237,59.37621280239215,,,,,,,,,,,,59.05853843283633,,"rgba(38, 166, 154, 0.75)"
2024-08-01 00:00:00+00:00,56.6863131177,60.0219563264,56.5587738185,59.8159313047,1314753,0.0,0.0,0.0,0.0,0.0,0.0,0.0,0.0,,,,55.198058133495046,59.37098914258255,,,,,,,,,,,,59.0544490029501,,"rgba(38, 166, 154, 0.75)"
2024-08-02 00:00:00+00:00,54.2434450031,55.7346737317,53.8804485362,55.3618665495,1422300,0.0,0.0,0.0,0.0,0.0,0.0,0.0,0.0,,,,55.17865529613473,59.3544778798436,,,,,,,,,,,,59.039440851809864,,#000000
2024-08-05 00:00:00+00:00,53.1348341719,53.7725306677,51.7564286695,52.2028162166,1863212,0.0,0.0,0.0,0.0,0.0,0.0,0.0,0.0,,,,55.08224894272645,59.32517410569092,,,,,,,,,,,,59.01229068515568,,"rgba(239, 83, 80, 0.5)"
2024-08-06 00:00:00+00:00,53.9295021128,54.5868200393,53.3702913396,53.3702913396,1128423,0.0,0.0,0.0,0.0,0.0,0.0,0.0,0.0,,,,55.054410365943255,59.3104958026248,,,,,,,,,,,,58.99882774514793,,"rgba(239, 83, 80, 1.0)"
2024-08-07 00:00:00+00:00,53.6744235145,55.1067879512,53.5321681424,54.6064414699,907677,0.0,0.0,0.0,0.0,0.0,0.0,0.0,0.0,,,,55.03579056262274,59.299059595717374,,,,,,,,,,,,58.98835484800685,,"rgba(239, 83, 80, 1.0)"
2024-08-08 00:00:00+00:00,55.4697844181,55.6414719361,53.7921520984,54.0177985507,1113701,0.0,0.0,0.0,0.0,0.0,0.0,0.0,0.0,,,,55.034193871333365,59.28741680581786,,,,,,,,,,,,58.97782663991051,,"rgba(239, 83, 80, 1.0)"
2024-08-09 00:00:00+00:00,54.8713307835,55.8425916002,54.6751164771,55.3716772649,752109,0.0,0.0,0.0,0.0,0.0,0.0,0.0,0.0,,,,55.035684629523715,59.27988282229594,,,,,,,,,,,,58.971033582626816,,"rgba(239, 83, 80, 1.0)"
2024-08-12 00:00:00+00:00,54.763412915,55.4109201261,54.4985236014,54.9596272214,604924,0.0,0.0,0.0,0.0,0.0,0.0,0.0,0.0,,,,55.03388975137707,59.273495572761085,,,,,,,,,,,,58.96524881002624,,"rgba(239, 83, 80, 1.0)"
2024-08-13 00:00:00+00:00,55.2441379657,55.5875130019,55.008680798,55.008680798,831810,0.0,0.0,0.0,0.0,0.0,0.0,0.0,0.0,,,,55.038018075998096,59.26552019149632,,,,,,,,,,,,58.95807832217909,,"rgba(239, 83, 80, 1.0)"
2024-08-14 00:00:00+00:00,55.2343272504,55.8033487389,54.8517093529,55.499216564,858590,0.0,0.0,0.0,0.0,0.0,0.0,0.0,0.0,,,,55.04241475579986,59.257355023979926,,,,,,,,,,,,58.950738963758376,,"rgba(239, 83, 80, 1.0)"
2024-08-15 00:00:00+00:00,56.4999095266,56.985539935,55.9799416147,56.3135059356,930361,0.0,0.0,0.0,0.0,0.0,0.0,0.0,0.0,,,,55.06858902483292,59.25119642178417,,,,,,,,,,,,58.945402601980156,,#000000
2024-08-16 00:00:00+00:00,57.0493095845,57.6085203578,56.1123862715,56.2252094977,1138110,0.0,0.0,0.0,0.0,0.0,0.0,0.0,0.0,,,,55.10876938644382,59.24487997394993,,,,,,,,,,,,58.940056071118484,,#000000
2024-08-19 00:00:00+00:00,57.6968167956,57.922463248,57.1179845918,57.1179845918,887002,0.0,0.0,0.0,0.0,0.0,0.0,0.0,0.0,,,,55.14978368028623,59.24136459199147,,,,,,,,,,,,58.93725718200737,,"rgba(38, 166, 154, 0.5)"
2024-08-20 00:00:00+00:00,57.402495336,58.1922579193,57.2945774675,57.5300346352,667252,0.0,0.0,0.0,0.0,0.0,0.0,0.0,0.0,,,,55.1803756508031,59.23881023182323,,,,,,,,,,,,58.93523757485536,,"rgba(38, 166, 154, 0.5)"
2024-08-21 00:00:00+00:00,58.0107596859,58.0745293355,57.3877792631,57.706627511,683769,0.0,0.0,0.0,0.0,0.0,0.0,0.0,0.0,,,,55.21338061557692,59.23651655743788,,,,,,,,,,,,58.93348194844121,,"rgba(38, 166, 154, 0.5)"
2024-08-22 00:00:00+00:00,57.706627511,58.4816740212,57.3583471171,58.1284882697,534634,0.0,0.0,0.0,0.0,0.0,0.0,0.0,0.0,,,,55.23885556060569,59.23475938415158,,,,,,,,,,,,58.93214336808301,,"rgba(38, 166, 154, 0.5)"
2024-08-23 00:00:00+00:00,58.8937240647,59.0850330134,57.8341668101,57.8341668101,785376,0.0,0.0,0.0,0.0,0.0,0.0,0.0,0.0,,,,55.28597401145083,59.23358879278945,,,,,,,,,,,,58.9315500802147,,"rgba(38, 166, 154, 1.0)"
2024-08-26 00:00:00+00:00,58.7858061961,59.7374455822,58.6680776123,59.335206254,583132,0.0,0.0,0.0,0.0,0.0,0.0,0.0,0.0,,,,55.324841343316656,59.23335500929697,,,,,,,,,,,,58.93172751297802,,"rgba(38, 166, 154, 1.0)"
2024-08-27 00:00:00+00:00,58.7858061961,58.9820205025,58.2658382842,58.5307275978,554043,0.0,0.0,0.0,0.0,0.0,0.0,0.0,0.0,,,,55.35730048678043,59.23262938547625,,,,,,,,,,,,58.93140429343629,,"rgba(38, 166, 154, 1.0)"
2024-08-28 00:00:00+00:00,58.2952704301,58.4473365176,57.9126525327,58.4326204446,529476,0.0,0.0,0.0,0.0,0.0,0.0,0.0,0.0,,,,55.38352677938696,59.231364817483026,,,,,,,,,,,,58.93053774336076,,"rgba(38, 166, 154, 1.0)"
2024-08-29 00:00:00+00:00,58.7956169115,59.4823669838,58.4865793789,58.6484561817,487475,0.0,0.0,0.0,0.0,0.0,0.0,0.0,0.0,,,,55.41313513998026,59.231009542193675,,,,,,,,,,,,58.93052766524647,,"rgba(38, 166, 154, 1.0)"
2024-08-30 00:00:00+00:00,58.8839133493,59.0997490864,58.0696239778,58.8642919187,688593,0.0,0.0,0.0,0.0,0.0,0.0,0.0,0.0,,,,55.451354479288895,59.23012568109713,,,,,,,,,,,,58.93013972156651,,"rgba(38, 166, 154, 1.0)"
2024-09-03 00:00:00+00:00,58.2560275689,58.8250490574,57.7949239488,58.3247025761,586646,0.0,0.0,0.0,0.0,0.0,0.0,0.0,0.0,,,,55.479350276099474,59.22883503776295,,,,,,,,,,,,58.92928385635357,,"rgba(38, 166, 154, 1.0)"
2024-09-04 00:00:00+00:00,60.4143849392,61.2384850261,59.0359794368,59.2174776702,1608801,0.0,0.0,0.0,0.0,0.0,0.0,0.0,0.0,,,,55.60435831784926,59.23259666110021,,,,,,,,,,,,58.93404899975131,,"rgba(38, 166, 154, 1.0)"
2024-09-05 00:00:00+00:00,58.7563740502,60.7577599754,58.3737561527,60.7577599754,1092719,0.0,0.0,0.0,0.0,0.0,0.0,0.0,0.0,,,,55.669184031685035,59.232758021226005,,,,,,,,,,,,58.934947573898135,,"rgba(38, 166, 154, 0.75)"
2024-09-06 00:00:00+00:00,58.5895918897,59.609906283,58.5405383131,58.9820205025,971250,0.0,0.0,0.0,0.0,0.0,0.0,0.0,0.0,,,,55.71904157159544,59.23203670195688,,,,,,,,,,,,58.934900006567325,,"rgba(38, 166, 154, 0.5)"
2024-09-09 00:00:00+00:00,59.1880455242,59.8453634507,58.8642919187,58.8642919187,714768,0.0,0.0,0.0,0.0,0.0,0.0,0.0,0.0,,,,55.759080687441134,59.232148192472565,,,,,,,,,,,,58.93548945166683,,"rgba(38, 166, 154, 0.5)"
2024-09-10 00:00:00+00:00,58.2069739923,59.8355527354,57.5594667812,59.3842598306,816378,0.0,0.0,0.0,0.0,0.0,0.0,0.0,0.0,,,,55.794078597222644,59.230827683267115,,,,,,,,,,,,58.93474891766925,,"rgba(38, 166, 154, 0.5)"
2024-09-11 00:00:00+00:00,57.7458703722,58.1186775544,56.5783952492,57.8537882408,1363953,1.0,58.11868,56.578396,0.0,0.0,0.0,0.0,0.0,,,57.4809810586,55.828890993508416,59.22531541536414,,,,,,,,,,,,58.93028274579768,,#000000
2024-09-12 00:00:00+00:00,58.8839133493,58.90353478,57.5987096424,58.0696239778,605922,0.0,0.0,0.0,0.0,0.0,0.0,0.0,0.0,,,57.78275290950033,55.852811778392066,59.22424878381845,,,,,,,,,,,,58.929644592879775,,"rgba(38, 166, 154, 0.5)"
2024-09-13 00:00:00+00:00,60.2672242094,60.7689591808,59.2194835339,59.2440783854,872287,0.0,0.0,0.0,0.0,0.0,0.0,0.0,0.0,,,58.489403031568735,55.90744860956533,59.22597740550305,,,,,,,,,,,,58.931907443823974,,"rgba(38, 166, 154, 0.5)"
2024-09-16 00:00:00+00:00,60.4541450811,61.0148093168,60.0704653971,60.6213900716,666231,0.0,0.0,0.0,0.0,0.0,0.0,0.0,0.0,,,58.873703267799144,55.952415923406264,59.22794820987102,,,,,,,,,,,,58.93426884023688,,"rgba(38, 166, 154, 0.5)"
2024-09-17 00:00:00+00:00,61.55599443,61.9593499953,60.9657179931,61.428101202,952918,0.0,0.0,0.0,0.0,0.0,0.0,0.0,0.0,,,59.43332130578417,56.02873258993691,59.23289929843972,,,,,,,,,,,,58.93972413877781,,"rgba(38, 166, 154, 1.0)"
2024-09-18 00:00:00+00:00,61.9593499953,62.962819938,61.4772909051,61.7724291236,850540,0.0,0.0,0.0,0.0,0.0,0.0,0.0,0.0,,,59.86562171677259,56.102861484328216,59.238545024781864,,,,,,,,,,,,58.945787986576164,,"rgba(38, 166, 154, 1.0)"
2024-09-19 00:00:00+00:00,63.1005511066,63.4252031469,62.643086868,63.2284443346,862382,0.0,0.0,0.0,0.0,0.0,0.0,0.0,0.0,,,60.31127490057588,56.187434488191265,59.24606537670286,,,,,,,,,,,,58.953686664633985,,"rgba(38, 166, 154, 1.0)"
2024-09-20 00:00:00+00:00,62.9923337599,63.2382822753,62.4768256716,63.1399028691,1100949,0.0,0.0,0.0,0.0,0.0,0.0,0.0,0.0,,,60.703400525662985,56.29010794880453,59.25523738806785,,,,,,,,,,,,58.96335003123424,,"rgba(38, 166, 154, 1.0)"
2024-09-23 00:00:00+00:00,63.1890925722,63.5481774046,62.8152508288,63.1497408097,1146557,0.0,0.0,0.0,0.0,0.0,0.0,0.0,0.0,,,61.041139291484726,56.39816474181062,59.26547454687418,,,,,,,,,,,,58.974079648354625,,"rgba(38, 166, 154, 1.0)"
2024-09-24 00:00:00+00:00,63.0218475817,64.3106178023,62.8939543537,63.8088828309,799303,0.0,0.0,0.0,0.0,0.0,0.0,0.0,0.0,,,61.24637461804536,56.473940541463186,59.27298700111916,,,,,,,,,,,,58.98192478917731,,"rgba(38, 166, 154, 1.0)"
2024-09-25 00:00:00+00:00,62.9234681756,63.4153652063,62.8841164131,63.1694166909,723101,0.0,0.0,0.0,0.0,0.0,0.0,0.0,0.0,,,61.37929574296162,56.537855563588444,59.27921205858546,,,,,,,,,,,,58.98846368033643,,"rgba(38, 166, 154, 1.0)"
2024-09-26 00:00:00+00:00,63.8383966528,64.0449934057,63.2481202159,63.4350410876,593240,0.0,0.0,0.0,0.0,0.0,0.0,0.0,0.0,,,61.51053949154453,56.59438942169383,59.285157533122025,,,,,,,,,,,,58.99464553904717,,"rgba(38, 166, 154, 1.0)"
2024-09-27 00:00:00+00:00,64.2909419211,64.7926768925,63.8039638606,64.4581869115,596568,0.0,0.0,0.0,0.0,0.0,0.0,0.0,0.0,,,61.6597797402998,56.65495190424036,59.29190901131508,,,,,,,,,,,,59.00161538278387,,"rgba(38, 166, 154, 1.0)"
2024-09-30 00:00:00+00:00,63.602286078,64.0253175245,63.2382822753,63.9466139996,561384,0.0,0.0,0.0,0.0,0.0,0.0,0.0,0.0,,,61.75396581558644,56.70612887056386,59.297392325711925,,,,,,,,,,,,59.00732471399271,,"rgba(38, 166, 154, 1.0)"
2024-10-01 00:00:00+00:00,62.8644405319,63.6219619592,62.3138109956,63.6219619592,621873,0.0,0.0,0.0,0.0,0.0,0.0,0.0,0.0,,,61.81351348825993,56.756391853819956,59.30248572993535,,,,,,,,,,,,59.012691538607406,,"rgba(38, 166, 154, 0.75)"
2024-10-02 00:00:00+00:00,63.0120096411,63.0710372848,62.2938399762,62.5889781946,591805,0.0,0.0,0.0,0.0,0.0,0.0,0.0,0.0,,,61.858385096010224,56.80240122193991,59.30713176996227,,,,,,,,,,,,59.01760193923688,,"rgba(38, 166, 154, 0.75)"
2024-10-03 00:00:00+00:00,63.0218475817,63.0316855223,62.1069191045,62.4414090854,425789,0.0,0.0,0.0,0.0,0.0,0.0,0.0,0.0,,,61.88590183980264,56.83467880897243,59.31039779790413,,,,,,,,,,,,59.021059592626386,,"rgba(38, 166, 154, 0.75)"
2024-10-04 00:00:00+00:00,63.7498551872,63.9662898808,63.2333633049,63.9466139996,582037,0.0,0.0,0.0,0.0,0.0,0.0,0.0,0.0,,,61.95967398153296,56.88511595159396,59.31606675468537,,,,,,,,,,,,59.02696091026608,,"rgba(38, 166, 154, 0.75)"
2024-10-07 00:00:00+00:00,63.5039066719,63.9662898808,63.0808752254,63.7695310685,625288,0.0,0.0,0.0,0.0,0.0,0.0,0.0,0.0,,,62.026637516653835,56.93742818965711,59.32195435464751,,,,,,,,,,,,59.03310235128724,,"rgba(38, 166, 154, 0.75)"
2024-10-08 00:00:00+00:00,62.1856226294,63.1595787503,61.4526960536,62.962819938,642050,0.0,0.0,0.0,0.0,0.0,0.0,0.0,0.0,,,62.036757309873394,56.980239472338674,59.32618487477228,,,,,,,,,,,,59.03763638192682,,"rgba(38, 166, 154, 0.5)"
2024-10-09 00:00:00+00:00,62.1757846888,62.8693595022,61.8806464703,61.8806464703,662713,0.0,0.0,0.0,0.0,0.0,0.0,0.0,0.0,,,62.04812557340917,57.024063620126526,59.330601950695765,,,,,,,,,,,,59.042364635838226,,"rgba(38, 166, 154, 0.5)"
2024-10-10 00:00:00+00:00,61.4871288457,62.2151364513,61.0936112211,61.9790258765,803515,0.0,0.0,0.0,0.0,0.0,0.0,0.0,0.0,,,62.026433605758086,57.069231399566995,59.33466735850464,,,,,,,,,,,,59.04683701549226,,#000000
2024-10-11 00:00:00+00:00,62.3036779168,62.7267093633,61.6051841331,61.6051841331,703587,0.0,0.0,0.0,0.0,0.0,0.0,0.0,0.0,,,62.03395127584759,57.11331218292249,59.33917622900805,,,,,,,,,,,,59.05167839309343,,#000000
2024-10-14 00:00:00+00:00,63.090713166,63.1300649285,61.811780886,62.0380535202,664835,0.0,0.0,0.0,0.0,0.0,0.0,0.0,0.0,,,62.05769681637522,57.15801762058533,59.34411232626648,,,,,,,,,,,,59.05691162595734,,#000000
2024-10-15 00:00:00+00:00,63.1202269879,63.8925053262,62.9333061162,63.0611993442,735043,0.0,0.0,0.0,0.0,0.0,0.0,0.0,0.0,,,62.106989380219844,57.212231122536075,59.350593708607846,,,,,,,,,,,,59.06369612291049,,"rgba(38, 166, 154, 0.5)"
2024-10-16 00:00:00+00:00,64.3007798617,64.5860801395,63.9466139996,64.0646692869,876685,0.0,0.0,0.0,0.0,0.0,0.0,0.0,0.0,,,62.203937160521136,57.28565844797434,59.36016634062435,,,,,,,,,,,,59.07358520040125,,"rgba(38, 166, 154, 0.5)"
2024-10-17 00:00:00+00:00,65.009111586,65.0386254079,64.1728866337,64.2614280992,607924,0.0,0.0,0.0,0.0,0.0,0.0,0.0,0.0,,,62.28012173142469,57.338994113646635,59.36740461590386,,,,,,,,,,,,59.08102794749357,,"rgba(38, 166, 154, 1.0)"
2024-10-18 00:00:00+00:00,63.9171001777,65.1861945171,63.5235825531,65.1763565765,618208,0.0,0.0,0.0,0.0,0.0,0.0,0.0,0.0,,,62.33729393145895,57.38861765666808,59.37401955493253,,,,,,,,,,,,59.087867958522914,,"rgba(38, 166, 154, 1.0)"
2024-10-21 00:00:00+00:00,62.7267093633,63.8679104746,62.5102746697,63.6514757811,785582,0.0,0.0,0.0,0.0,0.0,0.0,0.0,0.0,,,62.362618341964456,57.43997346512982,59.38036464511769,,,,,,,,,,,,59.0945469947279,,"rgba(38, 166, 154, 0.5)"
2024-10-22 00:00:00+00:00,63.3563375626,63.3956893251,62.2446502731,62.9333061162,542954,0.0,0.0,0.0,0.0,0.0,0.0,0.0,0.0,,,62.37819030794433,57.47470006755075,59.384694048544375,,,,,,,,,,,,59.09910786937023,,"rgba(38, 166, 154, 0.5)"
2024-10-23 00:00:00+00:00,62.962819938,63.3907703548,62.3331917386,62.9824958193,686731,0.0,0.0,0.0,0.0,0.0,0.0,0.0,0.0,,,62.3937253672592,57.51719611118396,59.38999900114035,,,,,,,,,,,,59.104708851014756,,"rgba(38, 166, 154, 0.5)"
2024-10-24 00:00:00+00:00,63.2677960971,64.0351554651,62.7316283336,63.2874719783,933465,0.0,0.0,0.0,0.0,0.0,0.0,0.0,0.0,,,62.43102153320902,57.578640208006036,59.39810515021457,,,,,,,,,,,,59.11319488963864,,#000000
2024-10-25 00:00:00+00:00,68.2359561078,69.8493783687,66.4356129752,68.8262325447,2402960,0.0,0.0,0.0,0.0,0.0,0.0,0.0,0.0,,,62.957544156352014,57.85860615919297,59.44416478185939,,,,,,,,,,,,59.15963469835267,,"rgba(38, 166, 154, 0.5)"
2024-10-28 00:00:00+00:00,70.4888445087,71.0151743317,68.3736872764,68.3736872764,1771562,0.0,0.0,0.0,0.0,0.0,0.0,0.0,0.0,,,63.400859247468475,58.08983525125469,59.48469613982702,,,,,,,,,,,,59.20029025918615,,"rgba(38, 166, 154, 1.0)"
2024-10-29 00:00:00+00:00,70.4691686275,70.8430103709,69.8297024875,70.2133821715,1376603,0.0,0.0,0.0,0.0,0.0,0.0,0.0,0.0,,,63.728158314088915,58.26966662624699,59.51723458464092,,,,,,,,,,,,59.23290026942063,,"rgba(38, 166, 154, 1.0)"
2024-10-30 00:00:00+00:00,69.2492639912,71.0496071238,69.1803984069,69.9280818937,1039003,0.0,0.0,0.0,0.0,0.0,0.0,0.0,0.0,,,63.936613700142914,58.39589586250086,59.540418525098644,,,,,,,,,,,,59.25616990210349,,"rgba(38, 166, 154, 1.0)"
2024-10-31 00:00:00+00:00,68.1670905235,69.3476433974,67.9113040675,69.2099122287,901685,0.0,0.0,0.0,0.0,0.0,0.0,0.0,0.0,,,64.06737628100981,58.490541715521886,59.557822365047215,,,,,,,,,,,,59.27371081420175,,"rgba(38, 166, 154, 1.0)"
2024-11-01 00:00:00+00:00,67.5473002648,68.9492068024,67.3161086603,68.3146596328,742280,0.0,0.0,0.0,0.0,0.0,0.0,0.0,0.0,,,64.15703882231824,58.56300654267651,59.57123766674508,,,,,,,,,,,,59.287259684504264,,"rgba(38, 166, 154, 0.75)"
2024-11-04 00:00:00+00:00,67.2029723432,67.9309799488,66.6343393757,66.8979961841,571327,0.0,0.0,0.0,0.0,0.0,0.0,0.0,0.0,,,64.211332909589,58.61402979402789,59.58069544746915,,,,,,,,,,,,59.296840065967054,,"rgba(38, 166, 154, 0.75)"
2024-11-05 00:00:00+00:00,67.8030867208,67.8129246614,66.543830322,66.8979961841,815988,0.0,0.0,0.0,0.0,0.0,0.0,0.0,0.0,,,64.28884523781404,58.6869579147997,59.59439207471699,,,,,,,,,,,,59.310706926895136,,"rgba(38, 166, 154, 0.5)"
2024-11-06 00:00:00+00:00,70.4494927463,72.1612944133,69.741161022,70.50852039,1308799,0.0,0.0,0.0,0.0,0.0,0.0,0.0,0.0,,,64.53357465339938,58.84613577824698,59.62579517067278,,,,,,,,,,,,59.342164557183686,,"rgba(38, 166, 154, 0.75)"
2024-11-07 00:00:00+00:00,71.2070141737,72.1121047103,70.2428959934,70.429816865,898474,0.0,0.0,0.0,0.0,0.0,0.0,0.0,0.0,,,64.70134186603691,58.95661706574828,59.64802677091933,,,,,,,,,,,,59.36441793258037,,"rgba(38, 166, 154, 1.0)"
2024-11-08 00:00:00+00:00,72.476108513,72.554812038,70.9758225692,71.0594450644,961315,0.0,0.0,0.0,0.0,0.0,0.0,0.0,0.0,,,64.8931273751847,59.08038738039756,59.67339194795477,,,,,,,,,,,,59.389770098724554,,"rgba(38, 166, 154, 1.0)"
2024-11-11 00:00:00+00:00,72.938491722,73.5681199213,72.6630293847,73.2926575841,756476,0.0,0.0,0.0,0.0,0.0,0.0,0.0,0.0,,,65.05845852351028,59.183958425513055,59.694979796867365,,,,,,,,,,,,59.41131046455746,,"rgba(38, 166, 154, 1.0)"
2024-11-12 00:00:00+00:00,72.6728673253,73.1647643561,72.0727529478,72.8007605533,754178,0.0,0.0,0.0,0.0,0.0,0.0,0.0,0.0,,,65.20844551256312,59.2826196006268,59.71575890489729,,,,,,,,,,,,59.43205937906945,,"rgba(38, 166, 154, 1.0)"
2024-11-13 00:00:00+00:00,72.3580532256,73.06638495,72.0137253041,72.5843258598,649221,0.0,0.0,0.0,0.0,0.0,0.0,0.0,0.0,,,65.33024690896706,59.36541105869262,59.73337561229193,,,,,,,,,,,,59.44965635170615,,"rgba(38, 166, 154, 1.0)"
2024-11-14 00:00:00+00:00,71.8268044324,72.476108513,71.659559442,72.3974049881,1055965,0.0,0.0,0.0,0.0,0.0,0.0,0.0,0.0,,,65.50682553079045,59.49290709899573,59.760823922648775,,,,,,,,,,,,59.47710014875652,,"rgba(38, 166, 154, 1.0)"
2024-11-15 00:00:00+00:00,71.2562038767,72.0038873635,70.2822477558,71.2955556392,903102,0.0,0.0,0.0,0.0,0.0,0.0,0.0,0.0,,,65.63268185530059,59.59301142785928,59.78265897256547,,,,,,,,,,,,59.498968655268406,,"rgba(38, 166, 154, 0.75)"
2024-11-18 00:00:00+00:00,70.7839827272,71.5021523921,70.7052792023,71.1578244706,663472,0.0,0.0,0.0,0.0,0.0,0.0,0.0,0.0,,,65.71869812547175,59.66431989619553,59.79838956419071,,,,,,,,,,,,59.514730804928114,,"rgba(38, 166, 154, 0.75)"
2024-11-19 00:00:00+00:00,70.3314374589,70.764306846,69.9379198343,69.9379198343,632959,0.0,0.0,0.0,0.0,0.0,0.0,0.0,0.0,,,65.78839397501943,59.72765286661641,59.81248351384756,,,,,,,,,,,,59.52887549774018,,"rgba(38, 166, 154, 0.5)"
2024-11-20 00:00:00+00:00,70.5970618555,70.6167377367,69.4755366254,70.1150027654,979102,0.0,0.0,0.0,0.0,0.0,0.0,0.0,0.0,,,65.88954726258027,59.82311103607046,59.833974117518245,,,,,,,,,,,,59.55045137103211,,"rgba(38, 166, 154, 0.5)"
2024-11-21 00:00:00+00:00,70.3609512807,70.9315518364,70.0166233592,70.5970618555,810043,0.0,0.0,0.0,0.0,0.0,0.0,0.0,0.0,,,65.97363703457889,59.902326750241656,59.85203909451492,,,,,,,,,,,,59.568580190797384,,"rgba(38, 166, 154, 0.5)"
2024-11-22 00:00:00+00:00,71.1578244706,71.3447453423,70.0658130623,70.0658130623,1027357,0.0,0.0,0.0,0.0,0.0,0.0,0.0,0.0,,,66.08553451679501,60.005045263987476,59.87576720076762,,,,,,,,,,,,59.59237053991997,,"rgba(38, 166, 154, 0.5)"
2024-11-25 00:00:00+00:00,71.8071285512,72.9975193656,71.5267472437,71.659559442,815438,0.0,0.0,0.0,0.0,0.0,0.0,0.0,0.0,,,66.19317394857897,60.09448134845524,59.896671188909096,,,,,,,,,,,,59.61327712447563,,"rgba(38, 166, 154, 0.5)"
2024-11-26 00:00:00+00:00,71.8661561949,72.0825908884,71.2660418173,71.8415613433,478846,0.0,0.0,0.0,0.0,0.0,0.0,0.0,0.0,,,66.25074448370535,60.14477947265923,59.908540223234084,,,,,,,,,,,,59.62515681983709,,"rgba(38, 166, 154, 0.5)"
2024-11-27 00:00:00+00:00,71.915345898,72.7011022149,71.8956700167,71.9448597198,490614,0.0,0.0,0.0,0.0,0.0,0.0,0.0,0.0,,,66.31305471081913,60.197770514041785,59.921119937835854,,,,,,,,,,,,59.63773801989696,,"rgba(38, 166, 154, 0.5)"
2024-11-29 00:00:00+00:00,72.6531914441,73.3418472872,72.3678911663,72.476108513,486368,0.0,0.0,0.0,0.0,0.0,0.0,0.0,0.0,,,66.37991520443073,60.25252722112714,59.93419212965326,,,,,,,,,,,,59.65079818074269,,"rgba(38, 166, 154, 0.5)"
2024-12-02 00:00:00+00:00,73.8337443179,73.9813134272,72.8499502564,72.8499502564,938778,0.0,0.0,0.0,0.0,0.0,0.0,0.0,0.0,,,66.52013560588125,60.363270079896594,59.96085072294428,,,,,,,,,,,,59.677401645936456,,"rgba(38, 166, 154, 1.0)"
2024-12-03 00:00:00+00:00,72.810598494,74.1190445958,71.8169664918,73.8337443179,745779,0.0,0.0,0.0,0.0,0.0,0.0,0.0,0.0,,,66.61790623613398,60.445738925536325,59.980961723612026,,,,,,,,,,,,59.69749287434072,,"rgba(38, 166, 154, 1.0)"
2024-12-04 00:00:00+00:00,73.5090922776,73.6861752087,72.5744879192,72.682705266,448742,0.0,0.0,0.0,0.0,0.0,0.0,0.0,0.0,,,66.6784169369091,60.49618398782837,59.99335091050523,,,,,,,,,,,,59.709863750433996,,"rgba(38, 166, 154, 1.0)"
2024-12-05 00:00:00+00:00,73.6173096244,74.0452600412,73.4549836043,73.6861752087,596999,0.0,0.0,0.0,0.0,0.0,0.0,0.0,0.0,,,66.76261255501305,60.56502391986544,60.01035457574733,,,,,,,,,,,,59.72683146852898,,"rgba(38, 166, 154, 1.0)"
2024-12-06 00:00:00+00:00,74.3256413487,75.4865183413,73.8239063773,75.289759529,528162,0.0,0.0,0.0,0.0,0.0,0.0,0.0,0.0,,,66.8442406841129,60.629183555563536,60.026282468885384,,,,,,,,,,,,59.74270789816915,,"rgba(38, 166, 154, 1.0)"
2024-12-09 00:00:00+00:00,73.4697405152,74.8372142607,73.2828196435,74.5420760422,596234,0.0,0.0,0.0,0.0,0.0,0.0,0.0,0.0,,,66.92637434298008,60.69739282784196,60.0433785716088,,,,,,,,,,,,59.759765742768465,,"rgba(38, 166, 154, 1.0)"
2024-12-10 00:00:00+00:00,73.6960131493,74.4633725173,72.9188158407,73.4697405152,670413,0.0,0.0,0.0,0.0,0.0,0.0,0.0,0.0,,,67.01424597205525,60.77227071960765,60.062314684831954,,,,,,,,,,,,59.77866533175838,,"rgba(38, 166, 154, 0.75)"
2024-12-11 00:00:00+00:00,74.4141828142,74.6306175078,73.7353649118,74.0009893084,577537,0.0,0.0,0.0,0.0,0.0,0.0,0.0,0.0,,,67.09441123365042,60.83888902224043,60.079262612065754,,,,,,,,,,,,59.79556776181837,,"rgba(38, 166, 154, 0.75)"
2024-12-12 00:00:00+00:00,73.2336299404,74.778186617,73.2237919998,74.2764516456,548781,0.0,0.0,0.0,0.0,0.0,0.0,0.0,0.0,,,67.16360231213307,60.89917842019424,60.09474592184922,,,,,,,,,,,,59.81102171568319,,"rgba(38, 166, 154, 0.5)"
2024-12-13 00:00:00+00:00,73.7353649118,73.8140684367,72.97194072,73.371361109,508034,0.0,0.0,0.0,0.0,0.0,0.0,0.0,0.0,,,67.22411386231876,60.95346628295387,60.108798905173195,,,,,,,,,,,,59.825053804083836,,"rgba(38, 166, 154, 0.5)"
2024-12-16 00:00:00+00:00,72.731894969,74.0827992004,72.6234282059,73.5010229256,672578,0.0,0.0,0.0,0.0,0.0,0.0,0.0,0.0,,,67.29796726441938,61.022575353629435,60.126858014400526,,,,,,,,,,,,59.84309739290957,,"rgba(38, 166, 154, 0.5)"
2024-12-17 00:00:00+00:00,72.850222347,73.6341412258,71.8345790197,73.4615804663,1039725,0.0,0.0,0.0,0.0,0.0,0.0,0.0,0.0,,,67.40152330560869,61.12464097838449,60.15387985000426,,,,,,,,,,,,59.870115102302144,,"rgba(38, 166, 154, 0.5)"
2024-12-18 00:00:00+00:00,69.8230135949,73.1854832511,69.7145468318,73.1854832511,833903,0.0,0.0,0.0,0.0,0.0,0.0,0.0,0.0,,,67.45391711302753,61.19232442225523,60.17227794530862,,,,,,,,,,,,59.888582132246206,,#000000
2024-12-19 00:00:00+00:00,70.1681351138,71.2922452042,69.9610622024,70.7203295442,763933,0.0,0.0,0.0,0.0,0.0,0.0,0.0,0.0,,,67.49469975940967,61.25077949220007,60.188398220366615,,,,,,,,,,,,59.90478152403711,,"rgba(239, 83, 80, 1.0)"
2024-12-20 00:00:00+00:00,70.2075775731,71.0851722928,69.5173345352,69.8230135949,2258179,0.0,0.0,0.0,0.0,0.0,0.0,0.0,0.0,,,67.60123688204362,61.41562118539752,60.234817674820924,,,,,,,,,,,,59.95146044811448,,"rgba(239, 83, 80, 1.0)"
2024-12-23 00:00:00+00:00,70.09911081,70.3061837214,69.3497040831,69.9018985135,830402,0.0,0.0,0.0,0.0,0.0,0.0,0.0,0.0,,,67.63349009107084,61.47238546128821,60.251185750763945,,,,,,,,,,,,59.96793871394059,,"rgba(239, 83, 80, 1.0)"
2024-12-24 00:00:00+00:00,70.6808870849,70.6808870849,69.7145468318,70.1188320397,348987,0.0,0.0,0.0,0.0,0.0,0.0,0.0,0.0,,,67.64934005516898,61.49724808788817,60.25836079499467,,,,,,,,,,,,59.975153480146645,,"rgba(239, 83, 80, 1.0)"
2024-12-26 00:00:00+00:00,71.1443359818,71.3809907376,70.1188320397,70.2075775731,576272,0.0,0.0,0.0,0.0,0.0,0.0,0.0,0.0,,,67.68008413610062,61.540403232628044,60.27079834305728,,,,,,,,,,,,59.98764361696422,,"rgba(239, 83, 80, 1.0)"
2024-12-27 00:00:00+00:00,71.4007119673,71.4795968859,70.5724203218,70.6315840107,526192,0.0,0.0,0.0,0.0,0.0,0.0,0.0,0.0,,,67.70997081377543,61.58058984156612,60.282417445302514,,,,,,,,,,,,59.99930490510113,,"rgba(239, 83, 80, 0.75)"
2024-12-30 00:00:00+00:00,71.0851722928,71.4697362711,69.8920378987,70.7400507738,588289,0.0,0.0,0.0,0.0,0.0,0.0,0.0,0.0,,,67.73958411354845,61.62356283917689,60.29497858735439,,,,,,,,,,,,60.01192246315001,,"rgba(239, 83, 80, 0.75)"
2024-12-31 00:00:00+00:00,71.5288999601,71.6570879528,70.789353848,71.2528027449,785327,0.0,0.0,0.0,0.0,0.0,0.0,0.0,0.0,,,67.78465024922978,61.68345466542967,60.31251001658829,,,,,,,,,,,,60.02951238818502,,"rgba(239, 83, 80, 0.75)"
2025-01-02 00:00:00+00:00,70.8287963073,72.0810943904,70.4393020216,71.8148577901,781618,0.0,0.0,0.0,0.0,0.0,0.0,0.0,0.0,,,67.82581390557003,61.74105929013944,60.32957375131091,,,,,,,,,,,,60.04664252713553,,"rgba(239, 83, 80, 0.75)"
2025-01-03 00:00:00+00:00,71.9036033235,72.2290036128,70.2667412621,71.9824882421,756880,0.0,0.0,0.0,0.0,0.0,0.0,0.0,0.0,,,67.86885531888144,61.79823203310582,60.346580691019916,,,,,,,,,,,,60.063703086851184,,#000000
2025-01-06 00:00:00+00:00,72.4557977539,73.7869807556,72.2092823832,73.7869807556,867616,0.0,0.0,0.0,0.0,0.0,0.0,0.0,0.0,,,67.93502166503872,61.8719906373554,60.36837269284019,,,,,,,,,,,,60.08550659873532,,#000000
2025-01-07 00:00:00+00:00,71.3514088932,73.0868771028,70.9471236852,72.4952402132,741956,0.0,0.0,0.0,0.0,0.0,0.0,0.0,0.0,,,67.97866086956593,61.92846960917748,60.38542287800067,,,,,,,,,,,,60.102600895532134,,#000000
2025-01-08 00:00:00+00:00,70.8682387666,71.3908513525,70.38506864,70.8287963073,803540,0.0,0.0,0.0,0.0,0.0,0.0,0.0,0.0,,,68.01377055134219,61.98331782374817,60.40235674948372,,,,,,,,,,,,60.119615472513146,,#000000
2025-01-10 00:00:00+00:00,70.0892501952,70.3752080252,69.0243037938,70.1188320397,1021397,0.0,0.0,0.0,0.0,0.0,0.0,0.0,0.0,,,68.04126554904518,62.04394668150933,60.42165044523173,,,,,,,,,,,,60.13905948287511,,"rgba(239, 83, 80, 1.0)"
2025-01-13 00:00:00+00:00,70.8287963073,70.8682387666,69.5764982242,69.6159406835,1264783,0.0,0.0,0.0,0.0,0.0,0.0,0.0,0.0,,,68.08512914557049,62.12337495867249,60.4469363052487,,,,,,,,,,,,60.16450065503447,,"rgba(239, 83, 80, 1.0)"
2025-01-14 00:00:00+00:00,71.6768091825,71.9726276273,70.974240376,71.1837784411,1108551,0.0,0.0,0.0,0.0,0.0,0.0,0.0,0.0,,,68.13999612553891,62.200964034116495,60.47146257484942,,,,,,,,,,,,60.18911170569192,,#000000
2025-01-15 00:00:00+00:00,72.5445432873,73.3728349328,71.8247184049,73.2742287846,952689,0.0,0.0,0.0,0.0,0.0,0.0,0.0,0.0,,,68.19976666711268,62.2739377490351,60.494425113812056,,,,,,,,,,,,60.21210645305437,,#000000
2025-01-16 00:00:00+00:00,73.0375740287,73.2545075549,72.2980279166,72.3177491463,710733,0.0,0.0,0.0,0.0,0.0,0.0,0.0,0.0,,,68.2461298523246,62.329188263464346,60.511898504063,,,,,,,,,,,,60.229596465479,,"rgba(38, 166, 154, 0.5)"
2025-01-17 00:00:00+00:00,73.8461444446,75.1871880611,73.017852799,73.0572952583,1002902,0.0,0.0,0.0,0.0,0.0,0.0,0.0,0.0,,,68.32596600258319,62.41460942385746,60.53876626766615,,,,,,,,,,,,60.25644040690512,,"rgba(38, 166, 154, 0.5)"
2025-01-21 00:00:00+00:00,75.0984425277,75.4337034318,73.994053667,73.994053667,850202,0.0,0.0,0.0,0.0,0.0,0.0,0.0,0.0,,,68.40149980465073,62.491132670131385,60.56284866540733,,,,,,,,,,,,60.28047486439937,,"rgba(38, 166, 154, 1.0)"
2025-01-22 00:00:00+00:00,74.5856905566,75.6309157284,74.5166662528,75.0195576091,1061756,0.0,0.0,0.0,0.0,0.0,0.0,0.0,0.0,,,68.49438959670333,62.585910551128435,60.59295463094629,,,,,,,,,,,,60.310520518867705,,"rgba(38, 166, 154, 1.0)"
2025-01-23 00:00:00+00:00,74.3983388749,75.0688606832,74.0236355115,74.280011497,613675,0.0,0.0,0.0,0.0,0.0,0.0,0.0,0.0,,,68.54349134678571,62.63821501443906,60.609796126739525,,,,,,,,,,,,60.32733914572322,,"rgba(38, 166, 154, 1.0)"
2025-01-24 00:00:00+00:00,74.3786176453,74.9603939201,73.9072802565,73.9644718225,626256,0.0,0.0,0.0,0.0,0.0,0.0,0.0,0.0,,,68.59210356537734,62.69075664084398,60.626840245051326,,,,,,,,,,,,60.34436300818731,,"rgba(38, 166, 154, 1.0)"
2025-01-27 00:00:00+00:00,75.0096969942,75.0737909906,74.0039142818,74.0039142818,776572,0.0,0.0,0.0,0.0,0.0,0.0,0.0,0.0,,,68.65412631769003,62.7568044675519,60.648345552366585,,,,,,,,,,,,60.3658354239208,,"rgba(38, 166, 154, 1.0)"
2025-01-28 00:00:00+00:00,76.054922166,76.2126920032,74.7533210087,74.7533210087,841890,0.0,0.0,0.0,0.0,0.0,0.0,0.0,0.0,,,68.73061213343831,62.83338917776014,60.67320327373585,,,,,,,,,,,,60.39062495452519,,"rgba(38, 166, 154, 1.0)"
2025-01-29 00:00:00+00:00,75.6309157284,76.4296255294,75.2167699056,76.0746433956,901968,0.0,0.0,0.0,0.0,0.0,0.0,0.0,0.0,,,68.81171402881841,62.91497714804647,60.69989496608611,,,,,,,,,,,,60.417242565754414,,"rgba(38, 166, 154, 1.0)"
2025-01-30 00:00:00+00:00,76.7254439742,77.484711316,76.0943646253,76.2718556922,916266,0.0,0.0,0.0,0.0,0.0,0.0,0.0,0.0,,,68.90389854788961,63.00323962948319,60.72872364740492,,,,,,,,,,,,60.44596013541036,,"rgba(38, 166, 154, 1.0)"
2025-01-31 00:00:00+00:00,75.5816126542,77.080426108,75.2266305204,76.7155833594,1087308,0.0,0.0,0.0,0.0,0.0,0.0,0.0,0.0,,,68.99963589543052,63.100487310850866,60.76108908453915,,,,,,,,,,,,60.478233021022035,,"rgba(38, 166, 154, 1.0)"
2025-02-03 00:00:00+00:00,75.7492431063,75.9464554029,73.851074752,74.0236355115,1049800,0.0,0.0,0.0,0.0,0.0,0.0,0.0,0.0,,,69.07954852336483,63.18739043940189,60.79060982871282,,,,,,,,,,,,60.50770104293661,,"rgba(38, 166, 154, 0.75)"
2025-02-04 00:00:00+00:00,75.6013338839,75.9562174115,75.1280243722,75.8084067953,728387,0.0,0.0,0.0,0.0,0.0,0.0,0.0,0.0,,,69.13716553465417,63.24884087312933,60.81155979263366,,,,,,,,,,,,60.528604752701945,,"rgba(38, 166, 154, 0.75)"
2025-02-05 00:00:00+00:00,75.423842817,75.9661766325,74.9702545349,75.9661766325,884377,0.0,0.0,0.0,0.0,0.0,0.0,0.0,0.0,,,69.20460193588266,63.32198609609551,60.83673021423409,,,,,,,,,,,,60.55372475563488,,"rgba(38, 166, 154, 0.75)"
2025-02-06 00:00:00+00:00,77.4748507011,77.5340143901,75.4632852763,75.5224489653,1897118,0.0,0.0,0.0,0.0,0.0,0.0,0.0,0.0,,,69.37520249223432,63.49337084789892,60.895469421503044,,,,,,,,,,,,60.612257452259136,,"rgba(38, 166, 154, 0.75)"
2025-02-07 00:00:00+00:00,76.1436676994,79.3779493629,75.3153760539,78.8849186215,1853694,-1.0,79.37795,75.31538,1011.0,-1.0,79.37795,75.31538,1011.0,,,69.53728050378922,63.658171438188695,60.952883724370196,76.94566437206666,,,,,,,,,,,60.66947099430798,,"rgba(38, 166, 154, 0.75)"
2025-02-10 00:00:00+00:00,76.5972559815,77.3169822578,76.054922166,76.3014375367,1249303,0.0,0.0,0.0,0.0,0.0,0.0,0.0,0.0,,,69.63853990408599,63.76461144553628,60.99065140452653,76.8291978281388,,,,,,,,,,,60.70712337346551,,"rgba(38, 166, 154, 0.75)"
2025-02-11 00:00:00+00:00,76.626837826,77.0853564155,75.5323095801,75.9760372473,1279633,0.0,0.0,0.0,0.0,0.0,0.0,0.0,0.0,,,69.73584559726315,63.86983415902047,61.02855453214264,76.70821274577968,,,,,,,,,,,60.74492512053902,,"rgba(38, 166, 154, 0.75)"
2025-02-12 00:00:00+00:00,75.9070129435,77.5833174643,75.5717520394,76.4690679887,1174465,0.0,0.0,0.0,0.0,0.0,0.0,0.0,0.0,,,69.82193563451538,63.96441943281439,61.06304213370767,76.63335741302843,,,,,,,,,,,60.7793263000784,,"rgba(38, 166, 154, 0.75)"
2025-02-13 00:00:00+00:00,76.9818199598,77.0508442636,75.5027277356,76.4197649146,898459,0.0,0.0,0.0,0.0,0.0,0.0,0.0,0.0,,,69.88785137892505,64.03672376834204,61.08959147720367,76.61643915009985,,,,,,,,,,,60.80580635812627,,"rgba(38, 166, 154, 0.75)"
2025-02-14 00:00:00+00:00,77.4354082418,77.8791359091,76.912795656,77.2973596342,951794,0.0,0.0,0.0,0.0,0.0,0.0,0.0,0.0,,,69.965547219228,64.11786132980458,61.11924815391505,76.71829240045244,,,,,,,,,,,60.83535840743166,,"rgba(38, 166, 154, 0.75)"
2025-02-18 00:00:00+00:00,78.283421117,78.7370093991,77.2480565601,77.4156870122,654403,0.0,0.0,0.0,0.0,0.0,0.0,0.0,0.0,,,70.02284039226186,64.17590494803066,61.14042509663303,76.82959818844343,,,,,,,,,,,60.856447477452456,,"rgba(38, 166, 154, 1.0)"
2025-02-19 00:00:00+00:00,78.4116091098,78.9046398512,77.1593110267,77.7608085312,631445,0.0,0.0,0.0,0.0,0.0,0.0,0.0,0.0,,,70.07782921856777,64.23173248422295,61.16089207120977,76.9261266724106,,,,,,,,,,,60.876829189301986,,"rgba(38, 166, 154, 1.0)"
2025-02-20 00:00:00+00:00,78.3130029615,78.6936226939,77.5833174643,77.9284389832,640444,0.0,0.0,0.0,0.0,0.0,0.0,0.0,0.0,,,70.13310718002083,64.28805588314243,61.181646955390136,77.01330569079988,,,,,,,,,,,60.897497877904854,,"rgba(38, 166, 154, 1.0)"
2025-02-21 00:00:00+00:00,75.7886855656,78.8158943177,75.5323095801,78.8158943177,711695,0.0,0.0,0.0,0.0,0.0,0.0,0.0,0.0,,,70.18251216560479,64.3434917748301,61.20264475137377,76.99197969771663,,,,,,,,,,,60.91844240022904,,"rgba(38, 166, 154, 0.5)"
2025-02-24 00:00:00+00:00,75.423842817,76.3507406108,75.0984425277,75.4731458911,791775,0.0,0.0,0.0,0.0,0.0,0.0,0.0,0.0,,,70.2275977908977,64.39921296651606,61.22430460821735,76.89205809962874,,,,,,,,,,,60.94007789597267,,"rgba(38, 166, 154, 0.5)"
2025-02-25 00:00:00+00:00,74.3588964156,76.2422738477,74.220847808,75.5914732691,842176,0.0,0.0,0.0,0.0,0.0,0.0,0.0,0.0,,,70.26876848100554,64.45430700876108,61.2461815284918,76.75134659051983,,,,,,,,,,,60.9619526781351,,#000000
2025-02-26 00:00:00+00:00,74.8815090015,75.936594788,74.6547148604,75.0195576091,680863,0.0,0.0,0.0,0.0,0.0,0.0,0.0,0.0,,,70.3030523637841,64.49934170638835,61.26409649067217,76.6635548614569,,,,,,,,,,,60.979861263565866,,"rgba(239, 83, 80, 1.0)"
2025-02-27 00:00:00+00:00,74.7829028532,75.8182674101,74.2405690377,75.0885819128,589835,0.0,0.0,0.0,0.0,0.0,0.0,0.0,0.0,,,70.33109605215505,64.5372862608946,61.279344633171924,76.58538188599178,,,,,,,,,,,60.99510942318109,,"rgba(239, 83, 80, 1.0)"
2025-02-28 00:00:00+00:00,75.197048676,75.6210551135,74.0334961263,74.8124846977,1284750,0.0,0.0,0.0,0.0,0.0,0.0,0.0,0.0,,,70.39106508609632,64.61901456912761,61.31244801359698,76.43782930692099,,,,,,,,,,,61.02821506131868,,"rgba(239, 83, 80, 1.0)"
2025-03-03 00:00:00+00:00,73.2939500142,76.1880404661,72.7220343542,75.7985461804,819854,0.0,0.0,0.0,0.0,0.0,0.0,0.0,0.0,,,70.42127571656908,64.6661036347706,61.3321274631969,76.30877182293615,,,,,,,,,,,61.047925240797476,,"rgba(239, 83, 80, 1.0)"
2025-03-04 00:00:00+00:00,71.2922452042,72.7220343542,70.242089725,72.4360765242,951668,0.0,0.0,0.0,0.0,0.0,0.0,0.0,0.0,,,70.43069935248393,64.70494146718403,61.35015900113042,76.01803303625226,,,,,,,,,,,61.0660896991751,,"rgba(239, 83, 80, 1.0)"
2025-03-05 00:00:00+00:00,72.278306687,72.6628706652,71.1640572114,71.4500150414,778626,0.0,0.0,0.0,0.0,0.0,0.0,0.0,0.0,,,70.44300504139996,64.73927314871376,61.36576405335625,75.83326961630215,,,,,,,,,,,61.08178593816348,,"rgba(239, 83, 80, 1.0)"
2025-03-06 00:00:00+00:00,70.8090750776,72.7614768135,70.5132566328,71.4302938118,899539,0.0,0.0,0.0,0.0,0.0,0.0,0.0,0.0,,,70.45107045204406,64.77491164893817,61.382600780945936,75.60579603910944,,,,,,,,,,,61.09875172632466,,"rgba(239, 83, 80, 1.0)"
2025-03-07 00:00:00+00:00,68.0579635407,70.5428384773,66.4211014793,70.3061837214,1826999,0.0,0.0,0.0,0.0,0.0,0.0,0.0,0.0,,,70.41408167328353,64.8134661408352,61.40632404912961,74.92550506754327,,,,,,,,,,,61.12294636655155,,"rgba(239, 83, 80, 1.0)"
2025-03-10 00:00:00+00:00,65.4153187669,67.6240964883,64.6264695807,67.3282780435,1281726,0.0,0.0,0.0,0.0,0.0,0.0,0.0,0.0,,,70.35911374265476,64.82156038567331,61.41701973529203,74.36845612751551,,,,,,,,,,,61.13409015596647,,"rgba(239, 83, 80, 1.0)"
2025-03-11 00:00:00+00:00,65.8787676638,66.95357468,64.5377240472,65.1688033962,1434546,0.0,0.0,0.0,0.0,0.0,0.0,0.0,0.0,,,70.29783185259443,64.82965246429436,61.428667644925284,73.81481528271158,,,,,,,,,,,61.1462435794421,,"rgba(239, 83, 80, 1.0)"
2025-03-12 00:00:00+00:00,66.2731922569,68.0185210814,65.7998827452,67.4170235769,1182215,0.0,0.0,0.0,0.0,0.0,0.0,0.0,0.0,,,70.25846876274319,64.8424242234322,61.440207159544315,73.45537117664006,,,,,,,,,,,61.158158975165435,,"rgba(239, 83, 80, 1.0)"
2025-03-13 00:00:00+00:00,65.0701972479,66.6922683871,64.5426543546,66.440822709,847957,0.0,0.0,0.0,0.0,0.0,0.0,0.0,0.0,,,70.2209411109475,64.84531693302287,61.44647318613022,73.17501277548446,,,,,,,,,,,61.164733693414554,,"rgba(239, 83, 80, 1.0)"
2025-03-14 00:00:00+00:00,67.5353509548,67.6931207921,65.6914159821,65.6914159821,1272418,0.0,0.0,0.0,0.0,0.0,0.0,0.0,0.0,,,70.18346287705691,64.86079032294082,61.45945107756608,72.86592194088381,,,,,,,,,,,61.17810192406251,,"rgba(239, 83, 80, 0.75)"
2025-03-17 00:00:00+00:00,68.6101579711,69.1736707959,67.5127908911,67.5127908911,1316098,0.0,0.0,0.0,0.0,0.0,0.0,0.0,0.0,,,70.16280595954102,64.88745049298814,61.47634528952312,72.64856660452345,,,,,,,,,,,61.19532913319789,,"rgba(239, 83, 80, 0.75)"
2025-03-18 00:00:00+00:00,67.0481399654,69.9447936088,67.0085952057,68.5706132114,899353,0.0,0.0,0.0,0.0,0.0,0.0,0.0,0.0,,,70.14551630117798,64.90324994486109,61.48712933957701,72.49790401373102,,,,,,,,,,,61.20635489232973,,"rgba(239, 83, 80, 0.75)"
2025-03-19 00:00:00+00:00,68.4223203628,68.7090198702,67.2508068585,67.3546118526,1068174,0.0,0.0,0.0,0.0,0.0,0.0,0.0,0.0,,,70.12653054086776,64.9225682629412,61.50014006971815,72.33588233465578,,,,,,,,,,,61.21964768764713,,"rgba(239, 83, 80, 0.75)"
2025-03-20 00:00:00+00:00,66.9690504461,68.2048241848,66.8504161672,67.2557499535,1011917,0.0,0.0,0.0,0.0,0.0,0.0,0.0,0.0,,,70.101928655227,64.93622076472887,61.51096246348627,72.16643283498985,,,,,,,,,,,61.23076595364951,,"rgba(239, 83, 80, 0.75)"
2025-03-21 00:00:00+00:00,67.1865466241,67.3447256627,65.7530490872,66.0397485946,1488549,0.0,0.0,0.0,0.0,0.0,0.0,0.0,0.0,,,70.0590788518522,64.95125023273911,61.52523330594177,71.9095030220322,,,,,,,,,,,61.24550253589546,,"rgba(239, 83, 80, 0.75)"
2025-03-24 00:00:00+00:00,68.3926617931,68.6595889206,67.7204008792,68.4816375022,757555,0.0,0.0,0.0,0.0,0.0,0.0,0.0,0.0,,,70.04739448739218,64.96504789871165,61.53453294408431,71.82324207540718,,,,,,,,,,,61.254998215841724,,"rgba(239, 83, 80, 0.75)"
2025-03-25 00:00:00+00:00,67.522677081,68.9759469977,67.0382537755,68.7090198702,558467,0.0,0.0,0.0,0.0,0.0,0.0,0.0,0.0,,,70.03691723372458,64.97388260875006,61.54095312666983,71.75516544489365,,,,,,,,,,,61.261571130191776,,"rgba(239, 83, 80, 0.75)"
2025-03-26 00:00:00+00:00,67.5819942205,68.1993867803,67.0975709149,67.5918804104,726168,0.0,0.0,0.0,0.0,0.0,0.0,0.0,0.0,,,70.02209336332139,64.98441843097393,61.5489919942409,71.66528096261408,,,,,,,,,,,61.26981420129906,,"rgba(239, 83, 80, 0.75)"
2025-03-27 00:00:00+00:00,66.978936636,67.7244542171,66.5983183245,67.305180903,624369,0.0,0.0,0.0,0.0,0.0,0.0,0.0,0.0,,,70.0067273973072,64.99162110827325,61.55529047703099,71.5814085076097,,,,,,,,,,,61.27629985375799,,"rgba(239, 83, 80, 0.75)"
2025-03-28 00:00:00+00:00,65.4960081496,66.9687538604,64.9522677046,66.5933752295,946319,0.0,0.0,0.0,0.0,0.0,0.0,0.0,0.0,,,69.973503060397,64.99579905418895,61.56258669803511,71.42492081637926,,,,,,,,,,,61.283922959819236,,"rgba(239, 83, 80, 0.75)"
2025-03-31 00:00:00+00:00,65.0807881734,65.4366910101,63.5632580223,64.3887548798,788076,0.0,0.0,0.0,0.0,0.0,0.0,0.0,0.0,,,69.93895643220942,64.99451284887078,61.56705622689727,71.27639049831097,,,,,,,,,,,61.28869524467804,,"rgba(239, 83, 80, 1.0)"
2025-04-01 00:00:00+00:00,64.9621538945,65.0461865087,63.3408187494,64.8731781853,876438,0.0,0.0,0.0,0.0,0.0,0.0,0.0,0.0,,,69.89930176692953,64.99194646771883,61.571625402569246,71.11287956393097,,,,,,,,,,,61.293607956065095,,"rgba(239, 83, 80, 1.0)"
2025-04-02 00:00:00+00:00,66.8108714076,67.2260913837,63.7758111054,64.2404620311,914119,0.0,0.0,0.0,0.0,0.0,0.0,0.0,0.0,,,69.86967484029812,64.99656996429248,61.57883130538962,70.98674390656207,,,,,,,,,,,61.301123530395856,,"rgba(239, 83, 80, 0.75)"
2025-04-03 00:00:00+00:00,62.6388992658,64.0822829926,62.2904110715,63.7955834852,982908,0.0,0.0,0.0,0.0,0.0,0.0,0.0,0.0,,,69.8149067521202,64.9861487443339,61.58135579223569,70.78288102389546,,,,,,,,,,,61.3040813736414,,"rgba(239, 83, 80, 0.75)"
2025-04-04 00:00:00+00:00,61.0669950702,61.966638352,59.0551554236,60.1179208389,1415219,0.0,0.0,0.0,0.0,0.0,0.0,0.0,0.0,,,69.71136460088344,64.95408796840653,61.57910393208765,70.42515323693435,,,,,,,,,,,61.302564929732206,,"rgba(239, 83, 80, 1.0)"
2025-04-07 00:00:00+00:00,60.543027005,63.6769492063,58.2692033259,59.0502123287,2092645,0.0,0.0,0.0,0.0,0.0,0.0,0.0,0.0,,,69.56470161801558,64.90900797133364,61.576295303406745,69.94702417451654,,,,,,,,,,,61.300826977112806,,"rgba(239, 83, 80, 1.0)"
2025-04-08 00:00:00+00:00,60.108034649,63.4989977879,59.4258875452,62.4609478474,1279640,0.0,0.0,0.0,0.0,0.0,0.0,0.0,0.0,,,69.47919262650107,64.88312750793204,61.57500263349405,69.68279342551605,,,,,,,,,,,61.30017696540916,,"rgba(239, 83, 80, 1.0)"
2025-04-09 00:00:00+00:00,66.7812128378,68.2442700825,59.7027008627,59.7027008627,2599095,0.0,0.0,0.0,0.0,0.0,0.0,0.0,0.0,,,69.38825200524516,64.88347701434422,61.590417168113646,69.41235394228346,,,,,,,,,,,61.31654197080305,,"rgba(239, 83, 80, 0.75)"
2025-04-10 00:00:00+00:00,63.5682011173,65.9310005056,62.6487854557,65.2093086422,1157875,0.0,0.0,0.0,0.0,0.0,0.0,0.0,0.0,,,69.34133601976943,64.8785616113674,61.595470790173636,69.28032584806797,,,,,,,,,,,61.322050961330646,,"rgba(239, 83, 80, 0.75)"
2025-04-11 00:00:00+00:00,63.8450144347,64.4184134495,62.0852726309,63.4495668384,945411,1.0,64.41841,62.085274,0.0,0.0,0.0,0.0,0.0,,63.44956683836667,69.29936331868745,64.87171901275241,61.598576943003955,69.16543181490985,,,,,,,,,,,61.32554706066838,,"rgba(239, 83, 80, 0.5)"
2025-04-14 00:00:00+00:00,63.924103954,64.8286903307,62.6438423607,64.6556820073,587368,0.0,0.0,0.0,0.0,0.0,0.0,0.0,0.0,,63.583424828544864,69.27512548383844,64.8685368310137,61.600864704322206,69.10052759091519,,,,,,,,,,,61.32806961081119,,"rgba(239, 83, 80, 0.5)"
2025-04-15 00:00:00+00:00,64.4876167788,64.7792593812,63.6472906366,64.0723968027,520043,0.0,0.0,0.0,0.0,0.0,0.0,0.0,0.0,,63.76615167140985,69.25580925192487,64.86706004963838,61.60335150855563,69.04971838833976,,,,,,,,,,,61.33075509478837,,"rgba(239, 83, 80, 0.5)"
2025-04-16 00:00:00+00:00,64.0822829926,64.5716493931,62.9849159126,64.1218277522,792482,0.0,0.0,0.0,0.0,0.0,0.0,0.0,0.0,,63.797754100130625,69.22415796127882,64.86313439121339,61.606537337287584,68.96757463397557,,,,,,,,,,,61.33425449847899,,"rgba(239, 83, 80, 0.5)"
2025-04-17 00:00:00+00:00,63.9438763338,64.8583489004,63.6374044466,63.9043315742,661039,0.0,0.0,0.0,0.0,0.0,0.0,0.0,0.0,,63.863510135861446,69.1993445508681,64.86076590224945,61.609499202981546,68.90451736378023,,,,,,,,,,,61.337471478772265,,"rgba(239, 83, 80, 0.5)"
2025-04-21 00:00:00+00:00,63.0145744824,63.8005265801,62.6092406961,63.4693392182,1141407,0.0,0.0,0.0,0.0,0.0,0.0,0.0,0.0,,63.68618398254201,69.14865565157652,64.85100930820079,61.61257752867552,68.77723641856647,,,,,,,,,,,61.34102759289424,,"rgba(239, 83, 80, 0.5)"
2025-04-22 00:00:00+00:00,65.0412434138,65.3279429211,63.4297944585,63.6967215861,952774,0.0,0.0,0.0,0.0,0.0,0.0,0.0,0.0,,63.841586664690055,69.11710320820148,64.84982431427044,61.61757947813656,68.70161416254717,,,,,,,,,,,61.34638082067966,,#000000
2025-04-23 00:00:00+00:00,65.6937319478,68.2542551343,65.2883981615,66.761440458,778312,0.0,0.0,0.0,0.0,0.0,0.0,0.0,0.0,,64.15523064149147,69.10186300502633,64.85581806838054,61.62412900555918,68.6682521684525,,,,,,,,,,,61.35316981226959,,#000000
2025-04-24 00:00:00+00:00,65.2883981615,66.0100900249,64.5469339183,65.6937319478,1679923,0.0,0.0,0.0,0.0,0.0,0.0,0.0,0.0,,64.39007600099637,69.05596610575128,64.85931660335345,61.63488188430356,68.56498919149497,,,,,,,,,,,61.3645012465613,,#000000
2025-04-25 00:00:00+00:00,68.0861899059,71.3288601961,67.7204008792,67.7500594489,2173296,0.0,0.0,0.0,0.0,0.0,0.0,0.0,0.0,,65.37881720816846,69.05580056591917,64.90332231962283,61.66295781143334,68.58321195279397,,,,,,,,,,,61.39305431824902,,"rgba(38, 166, 154, 1.0)"
2025-04-28 00:00:00+00:00,68.4915236921,69.5790045822,68.0303329329,68.1356208554,937526,0.0,0.0,0.0,0.0,0.0,0.0,0.0,0.0,,65.65760692756872,69.053468680312,64.92046437877627,61.67444101952477,68.58509778778514,,,,,,,,,,,61.40475406278823,,"rgba(38, 166, 154, 1.0)"
2025-04-29 00:00:00+00:00,68.4420927426,68.72879225,67.6511975498,68.0565313361,831940,0.0,0.0,0.0,0.0,0.0,0.0,0.0,0.0,,65.8389760176021,69.0489582010223,64.9338458908942,61.68398330438634,68.58071407071573,,,,,,,,,,,61.41450006088288,,"rgba(38, 166, 154, 1.0)"
2025-04-30 00:00:00+00:00,68.3531170334,68.6793613004,66.8998471167,67.5325632709,926964,0.0,0.0,0.0,0.0,0.0,0.0,0.0,0.0,,65.99230263020355,69.0420935607206,64.94731782552766,61.69410601414373,68.57138793109802,,,,,,,,,,,61.424858609857566,,"rgba(38, 166, 154, 1.0)"
2025-05-01 00:00:00+00:00,68.3827756031,69.3911669739,68.2789706091,68.7881093894,770122,0.0,0.0,0.0,0.0,0.0,0.0,0.0,0.0,,66.14364428000714,69.04019931020423,64.96100982996708,61.7034345527644,68.57281978967573,,,,,,,,,,,61.4343653449243,,"rgba(38, 166, 154, 1.0)"
2025-05-02 00:00:00+00:00,70.0733140776,70.468761674,68.4420927426,68.8078817692,878583,0.0,0.0,0.0,0.0,0.0,0.0,0.0,0.0,,66.355662587165,69.04392874358925,64.98057529446601,61.71553184463563,68.58834310993986,,,,,,,,,,,61.446638200125626,,"rgba(38, 166, 154, 1.0)"
2025-05-05 00:00:00+00:00,69.2824188849,70.1890813615,69.272532695,69.3318498344,844713,0.0,0.0,0.0,0.0,0.0,0.0,0.0,0.0,,66.53234475721567,69.04701303388903,64.99891445416034,61.72701132883201,68.6017735599626,,,,,,,,,,,61.45828880949127,,"rgba(38, 166, 154, 1.0)"
2025-05-06 00:00:00+00:00,68.293799894,69.2231017454,68.1949379949,68.5310684518,516361,0.0,0.0,0.0,0.0,0.0,0.0,0.0,0.0,,66.59837969911953,69.04534755202995,65.00759628147586,61.73311119784112,68.601518047849,,,,,,,,,,,61.46451012936919,,"rgba(38, 166, 154, 1.0)"
2025-05-07 00:00:00+00:00,70.1029726474,70.3797859648,68.2245965646,68.7683370096,1171864,0.0,0.0,0.0,0.0,0.0,0.0,0.0,0.0,,66.80184408745761,69.04947043794174,65.03262166272043,61.74893011532211,68.61919556597364,,,,,,,,,,,61.480567169558775,,"rgba(38, 166, 154, 1.0)"
2025-05-08 00:00:00+00:00,70.7554611814,71.3585187659,69.6778664813,70.5676235731,663897,0.0,0.0,0.0,0.0,0.0,0.0,0.0,0.0,,66.9436116352512,69.05634221722822,65.04986357167522,61.75903825906669,68.63945942400375,,,,,,,,,,,61.49078851692255,,"rgba(38, 166, 154, 1.0)"
2025-05-09 00:00:00+00:00,71.0520468787,71.338746386,70.3303550153,70.9334125998,820398,0.0,0.0,0.0,0.0,0.0,0.0,0.0,0.0,,67.11848108063283,69.06644024466658,65.0722044316206,61.771934019063295,68.6678060918714,,,,,,,,,,,61.503816310246,,"rgba(38, 166, 154, 1.0)"
2025-05-12 00:00:00+00:00,73.9289281423,75.2339052103,73.5137081661,73.8004076735,1217524,0.0,0.0,0.0,0.0,0.0,0.0,0.0,0.0,,67.55523689028588,69.10788035914673,65.12372617128125,61.797933206994216,68.76903462064885,,,,,,,,,,,61.52988382163533,,"rgba(38, 166, 154, 1.0)"
2025-05-13 00:00:00+00:00,74.502327157,75.0411245071,73.9446471843,74.1167657506,824188,0.0,0.0,0.0,0.0,0.0,0.0,0.0,0.0,,67.83244581639651,69.13701990598294,65.15930207757745,61.815853278489406,68.8387873187499,,,,,,,,,,,61.547844067953875,,"rgba(38, 166, 154, 1.0)"
2025-05-14 00:00:00+00:00,75.2141328305,75.2932223498,74.1211156741,74.4430100176,1173085,0.0,0.0,0.0,0.0,0.0,0.0,0.0,0.0,,68.21131639851195,69.18085909824394,65.21151744410402,61.84203426476901,68.94166488995783,,,,,,,,,,,61.57406959750989,,"rgba(38, 166, 154, 1.0)"
2025-05-15 00:00:00+00:00,74.5616442965,75.1894173557,74.2947171689,74.9274333231,491058,0.0,0.0,0.0,0.0,0.0,0.0,0.0,0.0,,68.35380093364152,69.19839304714894,65.23277282174874,61.85279973800905,68.98232055404127,,,,,,,,,,,61.584857239197135,,"rgba(38, 166, 154, 1.0)"
2025-05-16 00:00:00+00:00,75.0460676021,75.1152709314,74.1167657506,74.3836928781,784805,0.0,0.0,0.0,0.0,0.0,0.0,0.0,0.0,,68.57156584857965,69.22657726652642,65.26682240218533,61.870071233818685,69.04698060180061,,,,,,,,,,,61.60216287055509,,"rgba(38, 166, 154, 1.0)"
2025-05-19 00:00:00+00:00,73.8201800533,74.9274333231,73.5532529257,74.4232376378,850878,0.0,0.0,0.0,0.0,0.0,0.0,0.0,0.0,,68.76810145873091,69.2532115206308,65.3009205723495,61.88778982705811,69.10756670266514,,,,,,,,,,,61.61993687616167,,"rgba(38, 166, 154, 0.75)"
2025-05-20 00:00:00+00:00,73.2072362789,73.8300662432,72.9353660564,73.6422286349,488707,0.0,0.0,0.0,0.0,0.0,0.0,0.0,0.0,,68.85926373866059,69.26594958017506,65.31866951697744,61.897298188579086,69.13640477935007,,,,,,,,,,,61.629489265508475,,"rgba(38, 166, 154, 0.75)"
2025-05-21 00:00:00+00:00,72.1790725283,73.2566672285,72.0208934898,72.5349753651,907074,0.0,0.0,0.0,0.0,0.0,0.0,0.0,0.0,,68.98911287886949,69.28453966793204,65.34797600801677,61.913612307323746,69.17838525541596,,,,,,,,,,,61.645909369761064,,"rgba(38, 166, 154, 0.75)"
2025-05-22 00:00:00+00:00,72.4954306054,73.0688296202,71.8173368396,72.0703244393,896172,0.0,0.0,0.0,0.0,0.0,0.0,0.0,0.0,,69.10772654119972,69.30255481891564,65.37659519882453,61.929643036868804,69.21853432659647,,,,,,,,,,,61.66204609488764,,"rgba(38, 166, 154, 0.75)"
2025-05-23 00:00:00+00:00,72.2087310981,72.544861555,71.1904535374,71.1904535374,948362,0.0,0.0,0.0,0.0,0.0,0.0,0.0,0.0,,69.20800643555954,69.31853866817035,65.40459956076161,61.94578484521244,69.25384175637954,,,,,,,,,,,61.67831476011138,,"rgba(38, 166, 154, 0.75)"
2025-05-27 00:00:00+00:00,74.4825547772,74.502327157,72.871105822,73.2962119881,988296,0.0,0.0,0.0,0.0,0.0,0.0,0.0,0.0,,69.37447322334751,69.34717174494786,65.442200705678,61.96584365252161,69.31558777314717,,,,,,,,,,,61.69844627152222,,"rgba(38, 166, 154, 0.75)"
2025-05-28 00:00:00+00:00,73.9487005221,74.8582299938,73.8251231483,74.5517581066,690175,0.0,0.0,0.0,0.0,0.0,0.0,0.0,0.0,,69.49015027834434,69.3680702358024,65.46905611368489,61.98011345807059,69.36010697041792,,,,,,,,,,,61.71276193768048,,"rgba(38, 166, 154, 0.75)"
2025-05-29 00:00:00+00:00,74.2650585992,74.8582299938,73.8844402877,74.393579068,705986,0.0,0.0,0.0,0.0,0.0,0.0,0.0,0.0,,69.60587942008956,69.38981048628598,65.49674816835866,61.99482489545083,69.40597018503135,,,,,,,,,,,61.727518089245976,,"rgba(38, 166, 154, 0.75)"
2025-05-30 00:00:00+00:00,74.1167657506,74.4726685873,73.7064888693,73.9388143322,1000680,0.0,0.0,0.0,0.0,0.0,0.0,0.0,0.0,,69.75298703997933,69.4188389211328,65.53465875800275,62.01521753774288,69.46648801899568,,,,,,,,,,,61.74798228579601,,"rgba(38, 166, 154, 0.75)"
2025-06-02 00:00:00+00:00,73.5038219762,73.7658060088,72.544861555,73.7509767239,1141738,0.0,0.0,0.0,0.0,0.0,0.0,0.0,0.0,,69.87970050038864,69.44574796168408,65.57336873024823,62.036814030140114,69.52166353947062,,,,,,,,,,,61.769690437654695,,"rgba(38, 166, 154, 0.75)"
2025-06-03 00:00:00+00:00,73.8004076735,74.284830979,72.9007643917,73.3654153175,792913,0.0,0.0,0.0,0.0,0.0,0.0,0.0,0.0,,69.97198968494128,69.46610066251537,65.60137705375475,62.052283275086324,69.56294299459144,,,,,,,,,,,61.78522844889261,,"rgba(38, 166, 154, 0.75)"
2025-06-04 00:00:00+00:00,72.8612196321,73.8696110028,72.8612196321,73.8004076735,563107,0.0,0.0,0.0,0.0,0.0,0.0,0.0,0.0,,70.02692823802987,69.47884827245029,65.62001054176123,62.0628054863301,69.58849547061,,,,,,,,,,,61.795807779267264,,"rgba(38, 166, 154, 0.75)"
2025-06-05 00:00:00+00:00,72.436113466,72.8908782018,71.8824868311,72.2482758577,933047,1.0,72.89088,71.882484,0.0,1.0,72.89088,71.882484,0.0,72.40315949963335,70.09215303300927,69.49530938167202,65.6474700664087,62.07895626553221,69.62090766611492,,,,,,,,,,,61.812076176455896,,#000000
2025-06-06 00:00:00+00:00,73.2368948486,73.414846267,72.3471377568,73.0589434303,680213,0.0,0.0,0.0,0.0,0.0,0.0,0.0,0.0,72.654653037823,70.1491926189299,69.50963131716514,65.66910412387061,62.09137720729473,69.64903603924235,,,,,,,,,,,61.82457096430081,,#000000
2025-06-09 00:00:00+00:00,73.088602,73.7015457744,72.3570239467,73.4642772166,725340,0.0,0.0,0.0,0.0,0.0,0.0,0.0,0.0,72.7769814156016,70.20861409505937,69.52498948076693,65.69218822541879,62.10465097298068,69.67895403454821,,,,,,,,,,,61.83792277463318,,#000000
2025-06-10 00:00:00+00:00,74.1661967001,74.3441481185,72.6696252716,73.0391710505,687677,0.0,0.0,0.0,0.0,0.0,0.0,0.0,0.0,72.9927811749438,70.27565710314927,69.54220372753844,65.7159442293342,62.117983147866546,69.71244242590642,,,,,,,,,,,61.85131530549654,,"rgba(38, 166, 154, 0.5)"
2025-06-11 00:00:00+00:00,74.3639204983,75.0757261718,74.0772209909,74.1661967001,681481,0.0,0.0,0.0,0.0,0.0,0.0,0.0,0.0,73.27083941272886,70.35406019972511,69.5622741652549,65.74162380228455,62.13204959095059,69.75142158564043,,,,,,,,,,,61.86542605644177,,"rgba(38, 166, 154, 1.0)"
2025-06-12 00:00:00+00:00,74.4430100176,74.6703923855,73.1232036647,73.5137081661,679080,0.0,0.0,0.0,0.0,0.0,0.0,0.0,0.0,73.39592188012595,70.42160926614439,69.58040040714125,65.76582528931407,62.1455523985057,69.78620742843005,,,,,,,,,,,61.878982155419955,,"rgba(38, 166, 154, 1.0)"
2025-06-13 00:00:00+00:00,72.436113466,73.8696110028,72.1691863384,73.4049600771,612584,0.0,0.0,0.0,0.0,0.0,0.0,0.0,0.0,73.32596262849462,70.46029331567334,69.59210426614055,65.7842618777124,62.15642970867019,69.80808375735087,,,,,,,,,,,61.88993083376884,,"rgba(38, 166, 154, 0.5)"
2025-06-16 00:00:00+00:00,74.0772209909,74.4092058609,73.2348713208,73.333971282,712448,0.0,0.0,0.0,0.0,0.0,0.0,0.0,0.0,73.39844847359937,70.52363105516451,69.6101311895413,65.80886026175158,62.17033275353557,69.84211859303886,,,,,,,,,,,61.903894243314916,,"rgba(38, 166, 154, 0.5)"
2025-06-17 00:00:00+00:00,74.5727207969,74.8601106844,73.2745113053,73.7006411384,937943,0.0,0.0,0.0,0.0,0.0,0.0,0.0,0.0,73.51655256390849,70.61131360551609,69.63543321205962,65.84232311728914,62.18909730060008,69.88962721579483,,,,,,,,,,,61.9227297922354,,"rgba(38, 166, 154, 0.5)"
2025-06-18 00:00:00+00:00,75.3754304826,75.9006602769,74.4587558415,74.4835308318,885493,0.0,0.0,0.0,0.0,0.0,0.0,0.0,0.0,73.71966081559906,70.71238773903914,69.66425225754597,65.87744088088601,62.20823859606248,69.94374363683389,,,,,,,,,,,61.94191242542942,,"rgba(38, 166, 154, 0.5)"
2025-06-20 00:00:00+00:00,75.7222803467,75.9403002613,74.6965957484,75.831290304,2502150,0.0,0.0,0.0,0.0,0.0,0.0,0.0,0.0,74.1517645010652,70.98762668195731,69.74708691177271,65.97744394546747,62.26288290258753,70.0966910379714,,,,,,,,,,,61.99666299140414,,"rgba(38, 166, 154, 1.0)"
2025-06-23 00:00:00+00:00,76.3069701178,76.4159800751,74.4510260446,75.3556104903,890364,0.0,0.0,0.0,0.0,0.0,0.0,0.0,0.0,74.27991891899565,71.08351145881147,69.77736973233544,66.01353257153434,62.2826170487641,70.15174405589731,,,,,,,,,,,62.01642959352947,,"rgba(38, 166, 154, 1.0)"
2025-06-24 00:00:00+00:00,77.2979697297,77.4862596559,76.4506650615,76.911479881,1207094,0.0,0.0,0.0,0.0,0.0,0.0,0.0,0.0,74.55828156567803,71.24362690411911,69.8271721550363,66.06879513485924,62.31196394516714,70.2424004804378,,,,,,,,,,,62.04577433476699,,"rgba(38, 166, 154, 1.0)"
2025-06-25 00:00:00+00:00,77.406979687,78.1403193998,77.0105798422,77.4763496598,1028410,0.0,0.0,0.0,0.0,0.0,0.0,0.0,0.0,74.78961627603174,71.3832549736408,69.87161757619064,66.11731217670348,62.33761894870153,70.32264891690387,,,,,,,,,,,62.07141595325866,,"rgba(38, 166, 154, 1.0)"
2025-06-26 00:00:00+00:00,77.0700398189,78.0808594231,76.9164348791,77.4961696521,929471,0.0,0.0,0.0,0.0,0.0,0.0,0.0,0.0,74.95886396190656,71.50098679817073,69.91049804712684,66.16018544419752,62.36048250160733,70.39205565319044,,,,,,,,,,,62.09427316569428,,"rgba(38, 166, 154, 1.0)"
2025-06-27 00:00:00+00:00,78.3087893338,78.323654328,76.490305046,77.0502198267,1858623,0.0,0.0,0.0,0.0,0.0,0.0,0.0,0.0,75.2791384505889,71.73635883729074,69.9906636102188,66.24760703778033,62.40706134673101,70.53362438971064,,,,,,,,,,,62.140824228720874,,"rgba(38, 166, 154, 1.0)"
2025-06-30 00:00:00+00:00,77.5258996404,78.2493293571,76.9412098694,78.2493293571,794719,0.0,0.0,0.0,0.0,0.0,0.0,0.0,0.0,75.38795739171591,71.82947765040616,70.02384747462064,66.2841474841495,62.426716040713416,70.59138698217978,,,,,,,,,,,62.16047170381641,,"rgba(38, 166, 154, 1.0)"
2025-07-01 00:00:00+00:00,79.7060987866,80.1718686042,77.3921146928,77.5258996404,1185627,0.0,0.0,0.0,0.0,0.0,0.0,0.0,0.0,75.63273387392422,71.99829792742128,70.08266475559827,66.34549706860969,62.45887324701508,70.69418014339776,,,,,,,,,,,62.19256833842495,,"rgba(38, 166, 154, 1.0)"
2025-07-02 00:00:00+00:00,80.6574584141,80.82097335,79.2997889458,79.8051987478,887022,0.0,0.0,0.0,0.0,0.0,0.0,0.0,0.0,75.85081174376465,72.1395483896552,70.13182034257018,66.39518877322485,62.484536385045715,,,,,,,,,,,,62.21815813563071,,"rgba(38, 166, 154, 1.0)"
2025-07-03 00:00:00+00:00,80.8358383442,81.4700780959,80.5583584529,80.9448483015,451233,0.0,0.0,0.0,0.0,0.0,0.0,0.0,0.0,75.97032740772725,72.21556167425642,70.15834867379144,66.42159226759115,62.498072589832596,,,,,,,,,,,,62.231648669059794,,"rgba(38, 166, 154, 1.0)"
2025-07-07 00:00:00+00:00,80.1024986314,81.1901207055,79.6961887905,80.3898885189,784194,0.0,0.0,0.0,0.0,0.0,0.0,0.0,0.0,76.14079121678876,72.33536165339736,70.20149222152968,66.4652874904157,62.52075469146777,,,,,,,,,,,,62.254266314084276,,"rgba(38, 166, 154, 1.0)"
2025-07-08 00:00:00+00:00,80.5979984374,81.3065631599,80.2710676654,80.736738383,898144,0.0,0.0,0.0,0.0,0.0,0.0,0.0,0.0,76.33730695976196,72.47487430952286,70.25237001511682,66.51641429739155,62.54723741073835,,,,,,,,,,,,62.28066657772637,,"rgba(38, 166, 154, 1.0)"
2025-07-09 00:00:00+00:00,83.3529773585,83.8385671683,80.4493484956,80.7664683714,2494909,0.0,0.0,0.0,0.0,0.0,0.0,0.0,0.0,76.99804625818882,72.91958378691999,70.41529525854611,66.67449712229426,62.627731914902796,,,,,,,,,,,,62.360812504959064,,"rgba(38, 166, 154, 1.0)"
2025-07-10 00:00:00+00:00,84.6016368695,86.970125942,83.3529773585,83.6304572498,2906268,0.0,0.0,0.0,0.0,0.0,0.0,0.0,0.0,77.87773524735569,73.50928961928166,70.63663135403036,66.88233167778662,62.73201514842706,,,,,,,,,,,,62.46451071328714,,"rgba(38, 166, 154, 1.0)"
2025-07-11 00:00:00+00:00,78.9430290855,83.2439674012,78.4475292795,83.2439674012,3782300,0.0,0.0,0.0,0.0,0.0,0.0,0.0,0.0,78.17064338154215,73.91042579781598,70.82238931227046,67.07646875871507,62.83752945313007,,,,,,,,,,,,62.56979245715013,,"rgba(38, 166, 154, 0.75)"
2025-07-14 00:00:00+00:00,81.6088180415,81.6583680221,78.8141991359,78.9430290855,1634702,0.0,0.0,0.0,0.0,0.0,0.0,0.0,0.0,78.30046810674364,74.08147064474481,70.90447161173188,67.161652039701,62.88399426490255,,,,,,,,,,,,62.61614278628045,,"rgba(38, 166, 154, 0.75)"
2025-07-15 00:00:00+00:00,80.8457483403,81.9160279212,80.3601585305,81.5394480687,1728944,0.0,0.0,0.0,0.0,0.0,0.0,0.0,0.0,78.44189156402301,74.26224387926543,70.99283739901583,67.25287389792913,62.93382737623326,,,,,,,,,,,,62.665843621931714,,"rgba(38, 166, 154, 0.5)"
2025-07-16 00:00:00+00:00,80.9547582977,81.6781880144,80.6278275257,81.232238189,1095054,0.0,0.0,0.0,0.0,0.0,0.0,0.0,0.0,78.52561733468887,74.37270928446033,71.04826682508784,67.31022486742174,62.96532902671658,,,,,,,,,,,,62.6972629055501,,"rgba(38, 166, 154, 0.5)"
2025-07-17 00:00:00+00:00,81.6980080066,82.5990248538,80.7763783675,81.0934982433,1208137,0.0,0.0,0.0,0.0,0.0,0.0,0.0,0.0,78.63243566463046,74.50110642197441,71.11235672277158,67.37570004133946,63.001111727284766,,,,,,,,,,,,62.732937488676434,,"rgba(38, 166, 154, 0.5)"
2025-07-18 00:00:00+00:00,81.400708123,82.1043178475,80.4790784839,82.1043178475,924288,0.0,0.0,0.0,0.0,0.0,0.0,0.0,0.0,78.70027438632786,74.59152622306424,71.15920492423075,67.424130449281,63.02786511562346,,,,,,,,,,,,62.75961905565559,,"rgba(38, 166, 154, 0.5)"
2025-07-21 00:00:00+00:00,81.81692796,82.233147797,81.232238189,81.7376479911,826327,0.0,0.0,0.0,0.0,0.0,0.0,0.0,0.0,78.76761792707299,74.675422762585,71.202492521198,67.4684829017605,63.0522810083582,,,,,,,,,,,,62.78396242500902,,"rgba(38, 166, 154, 0.5)"
2025-07-22 00:00:00+00:00,81.5196280765,82.3282837598,80.8061083559,82.064677863,1299533,0.0,0.0,0.0,0.0,0.0,0.0,0.0,0.0,78.86072671230306,74.79967855690451,71.26852246702839,67.53666785489487,63.09012205757606,,,,,,,,,,,,62.82169926824902,,"rgba(38, 166, 154, 0.5)"
2025-07-23 00:00:00+00:00,82.728647603,83.1151374516,81.9160279212,82.064677863,1485233,0.0,0.0,0.0,0.0,0.0,0.0,0.0,0.0,78.99791222598961,74.95725126397711,71.35045824965978,67.61948936487003,63.13559603350247,,,,,,,,,,,,62.86701688655857,,"rgba(38, 166, 154, 0.5)"
2025-07-24 00:00:00+00:00,81.5790880532,83.2142374128,81.2272831909,82.7682875875,2048918,0.0,0.0,0.0,0.0,0.0,0.0,0.0,0.0,79.14336038675951,75.148700284598,71.45583043726394,67.72789094383322,63.196122135871605,,,,,,,,,,,,62.92736579334123,,"rgba(38, 166, 154, 0.5)"
2025-07-25 00:00:00+00:00,85.1665066483,85.2457866173,82.2826977776,84.3340669743,2762175,0.0,0.0,0.0,0.0,0.0,0.0,0.0,0.0,79.45465718212412,75.46949397640489,71.62389641931397,67.89383996922317,63.286684560822145,,,,,,,,,,,,63.017540040467885,,"rgba(38, 166, 154, 0.5)"
2025-07-28 00:00:00+00:00,85.5827264853,86.1079562796,84.5223569006,85.1665066483,1460921,0.0,0.0,0.0,0.0,0.0,0.0,0.0,0.0,79.64114106628243,75.65167263545516,71.71911425341288,67.98647220928021,63.33693285515678,,,,,,,,,,,,63.067544855984366,,"rgba(38, 166, 154, 0.5)"
2025-07-29 00:00:00+00:00,84.9683067259,86.0484963029,84.2151470209,85.8304763883,1070559,0.0,0.0,0.0,0.0,0.0,0.0,0.0,0.0,79.76319791290109,75.77665075734868,71.78641088845434,68.05247017296945,63.373066416752934,,,,,,,,,,,,63.10351223685531,,"rgba(38, 166, 154, 0.5)"
2025-07-30 00:00:00+00:00,85.9493963417,86.6926460507,85.2061466328,85.4340765435,940925,0.0,0.0,0.0,0.0,0.0,0.0,0.0,0.0,79.88291332215171,75.89383619011423,71.84884555645635,68.1130068200024,63.40599760164696,,,,,,,,,,,,63.13627815370634,,"rgba(38, 166, 154, 0.5)"
2025-07-31 00:00:00+00:00,84.1358670519,86.1673171564,83.7592871994,85.5331765047,1158364,0.0,0.0,0.0,0.0,0.0,0.0,0.0,0.0,79.99471442334288,76.01680051963787,71.91814498908543,68.1817398106267,63.44414517937331,,,,,,,,,,,,63.17426296469064,,"rgba(38, 166, 154, 0.5)"
2025-08-01 00:00:00+00:00,82.897117537,83.2439674012,81.4502581036,83.2439674012,1372240,0.0,0.0,0.0,0.0,0.0,0.0,0.0,0.0,80.06273960572207,76.12294167321976,71.98557247370769,68.25188449472074,63.48458884029389,,,,,,,,,,,,63.214593798271096,,"rgba(38, 166, 154, 0.5)"
2025-08-04 00:00:00+00:00,82.7484675952,83.3827073469,82.2826977776,82.9466675176,1363851,0.0,0.0,0.0,0.0,0.0,0.0,0.0,0.0,80.13394689005774,76.22943072619289,72.05346461272883,68.32224980282339,63.5251919924061,,,,,,,,,,,,63.255078501744556,,"rgba(38, 166, 154, 0.5)"
2025-08-05 00:00:00+00:00,82.5007176923,82.8475675564,81.4304381114,82.7682875875,1116350,0.0,0.0,0.0,0.0,0.0,0.0,0.0,0.0,80.17819153175398,76.30708250209808,72.10561997368823,68.37719266317842,63.557364004418126,,,,,,,,,,,,63.28717159956103,,"rgba(38, 166, 154, 0.5)"
2025-08-06 00:00:00+00:00,82.5502676728,83.065587471,82.0052178863,82.4709877039,1167256,0.0,0.0,0.0,0.0,0.0,0.0,0.0,0.0,80.22850671748925,76.3898952577678,72.16107892224967,68.43533218593039,63.59138838052723,,,,,,,,,,,,63.321107350670744,,#000000
2025-08-07 00:00:00+00:00,81.3907981269,83.2340574051,80.4691684878,83.1547774361,1479189,0.0,0.0,0.0,0.0,0.0,0.0,0.0,0.0,80.26712996713812,76.47778288159611,72.22488190276229,68.50396732527224,63.63242155203548,,,,,,,,,,,,63.36206317814447,,#000000
2025-08-08 00:00:00+00:00,81.232238189,81.81692796,80.1700848049,81.3907981269,1166983,0.0,0.0,0.0,0.0,0.0,0.0,0.0,0.0,80.2835025222516,76.53703530526047,72.27133793264349,68.55507562722711,63.663547727598775,,,,,,,81.0730836513,,,,,63.39314918576615,,"rgba(239, 83, 80, 1.0)"
2025-08-11 00:00:00+00:00,80.7070083947,81.4205281153,80.3502485344,81.3709781347,1270915,0.0,0.0,0.0,0.0,0.0,0.0,0.0,0.0,80.29524325601187,76.5964280253837,72.31997440623086,68.60917528005561,63.69684042697356,,,,,,,80.94423766097387,,,,,63.42640829465342,,"rgba(239, 83, 80, 1.0)"
2025-08-12 00:00:00+00:00,82.649367634,82.728647603,80.7169183908,80.7664683714,1287035,0.0,0.0,0.0,0.0,0.0,0.0,0.0,0.0,80.3324877592811,76.67159561192534,72.37556961135739,68.6688363887733,63.73278797600487,,,,,,,81.31995736274936,,,,,63.462285181694085,,"rgba(239, 83, 80, 1.0)"
2025-08-13 00:00:00+00:00,83.5709972731,83.6948722246,82.4313477194,82.6691876263,1163109,0.0,0.0,0.0,0.0,0.0,0.0,0.0,0.0,80.38763071895052,76.75258107510237,72.43144695881676,68.72710246517643,63.767276956015486,,,,,,,81.77502422152251,,,,,63.496677604963814,,#000000
2025-08-14 00:00:00+00:00,83.1944174206,83.3430673624,82.5304476806,82.8178375681,951616,0.0,0.0,0.0,0.0,0.0,0.0,0.0,0.0,80.42799747991415,76.81527114639418,72.47585830585636,68.77374376182387,63.79510094338512,,,,,,,81.9783332321139,,,,,63.524429307391934,,#000000
2025-08-15 00:00:00+00:00,81.9754878979,83.2340574051,81.8615229426,82.9863075021,979244,0.0,0.0,0.0,0.0,0.0,0.0,0.0,0.0,80.4579349635351,76.87170733068946,72.51831207608001,68.81919525535562,63.822660637308495,,,,,,,82.03271580526375,,,,,63.55193241049875,,#000000
2025-08-18 00:00:00+00:00,82.3421577543,82.6890076185,81.569178057,82.143957832,934598,0.0,0.0,0.0,0.0,0.0,0.0,0.0,0.0,80.4833633409095,76.92299833092319,72.55785065683179,68.86179222180067,63.848665570248876,,,,,,,82.05289384917083,,,,,63.57788837010114,,#000000
2025-08-19 00:00:00+00:00,83.1349574439,83.561087277,82.228192799,82.5799976612,720744,0.0,0.0,0.0,0.0,0.0,0.0,0.0,0.0,80.5110940679453,76.96759154156317,72.5905541201791,68.89635446688281,63.8695142660232,,,,,,,82.13129839962443,,,,,63.59868640177814,,#000000
2025-08-20 00:00:00+00:00,82.8178375681,83.2439674012,81.896207929,83.1052274555,772423,0.0,0.0,0.0,0.0,0.0,0.0,0.0,0.0,80.53633926386894,77.01213485169167,72.62429529571568,68.93236437462673,63.89143164427495,,,,,,,82.17485140763421,,,,,63.62055656688076,,#000000
2025-08-21 00:00:00+00:00,82.5502676728,82.6741426243,82.0456506705,82.312427766,497607,0.0,0.0,0.0,0.0,0.0,0.0,0.0,0.0,80.55056143671959,77.03931086446256,72.64541798995889,68.95507678200538,63.90535184274807,,,,,,,82.1875415740064,,,,,63.63444966119438,,#000000
2025-08-22 00:00:00+00:00,84.889026757,84.9088467492,82.7484675952,82.8178375681,704901,0.0,0.0,0.0,0.0,0.0,0.0,0.0,0.0,80.58892442948638,77.08976795301285,72.68053875177364,68.99130457890277,63.92690462491384,,,,,,,82.32209534370726,,,,,63.65593421271161,,"rgba(38, 166, 154, 0.5)"
2025-08-25 00:00:00+00:00,85.473716528,85.7908364038,84.5465372911,84.6313668579,930765,0.0,0.0,0.0,0.0,0.0,0.0,0.0,0.0,80.65332585863648,77.16536733600958,72.73094354660488,69.04228524806211,63.956818477217084,,,,,,,82.56323411285017,,,,,63.6857344923905,,"rgba(38, 166, 154, 0.5)"
2025-08-26 00:00:00+00:00,86.0286763107,86.0484963029,84.978216722,85.2061466328,967610,0.0,0.0,0.0,0.0,0.0,0.0,0.0,0.0,80.72427271492319,77.24643893062736,72.78463668438401,69.09629255090485,63.988431171073756,,,,,,,82.80788001143505,,,,,63.717221079418714,,"rgba(38, 166, 154, 0.5)"
2025-08-27 00:00:00+00:00,86.4944461283,86.8611159847,85.6917364426,85.6917364426,833759,0.0,0.0,0.0,0.0,0.0,0.0,0.0,0.0,80.79178988468391,77.32046817848311,72.832909554616,69.14439998703399,64.01642848625073,,,,,,,83.03187321537395,,,,,63.745097715465306,,"rgba(38, 166, 154, 1.0)"
2025-08-28 00:00:00+00:00,86.0782262913,87.0394959148,85.8007463999,86.9304859575,629071,0.0,0.0,0.0,0.0,0.0,0.0,0.0,0.0,80.84128294386367,77.37526920725226,72.86898962308854,69.18042968181095,64.03746556428806,,86.306156202,,,,,83.1810187474071,,,,,63.766045347704576,,"rgba(38, 166, 154, 1.0)"
2025-08-29 00:00:00+00:00,85.0872266794,86.385436171,84.4034369471,85.9295763495,1047319,0.0,0.0,0.0,0.0,0.0,0.0,0.0,0.0,80.9068098596099,77.45484427421108,72.92413009604343,69.23654760872252,64.0708105377257,,85.67258631707875,,,,,83.3298241320379,,,,,63.799268976268856,,"rgba(38, 166, 154, 0.5)"
2025-09-02 00:00:00+00:00,84.8592967686,84.9435317356,83.7890171877,84.0466770868,803471,0.0,0.0,0.0,0.0,0.0,0.0,0.0,0.0,80.94728280566842,77.50898925779839,72.96351756756589,69.2773061044348,64.09540562794636,,85.3025895104846,,,,,83.3914287774622,,,,,63.82378718688603,,"rgba(38, 166, 154, 0.5)"
2025-09-03 00:00:00+00:00,84.5719068812,85.4390315416,83.7592871994,85.0277667026,908783,0.0,0.0,0.0,0.0,0.0,0.0,0.0,0.0,80.99272638117097,77.56975119410579,73.00797401205305,69.32332452854385,64.12323399638612,,85.11150396538157,,,,,83.45716882503736,,,,,63.85152866325585,,"rgba(38, 166, 154, 0.5)"
2025-09-04 00:00:00+00:00,85.6917364426,86.3358861904,84.3836169549,84.7205568229,880464,0.0,0.0,0.0,0.0,0.0,0.0,0.0,0.0,81.04619829100696,77.63489168923908,73.05397129162647,69.37020165691911,64.1512797929835,,85.18552567127374,,,,,83.55874744013899,,,,,63.879472990629054,,"rgba(38, 166, 154, 0.5)"
2025-09-05 00:00:00+00:00,85.6818264465,86.5638161011,84.889026757,85.8602063767,592449,0.0,0.0,0.0,0.0,0.0,0.0,0.0,0.0,81.08338780673944,77.67945282403339,73.08532883818287,69.40206172086545,64.17032287426416,,85.24962990780945,,,,,83.62943629500924,,,,,63.8984451760455,,"rgba(38, 166, 154, 0.5)"
2025-09-08 00:00:00+00:00,85.5629064931,86.0286763107,84.9980367143,85.7313764271,882811,0.0,0.0,0.0,0.0,0.0,0.0,0.0,0.0,81.1355842496774,77.74346726993888,73.13109944999907,69.44878043768207,64.19839792493505,,85.29269849897932,,,,,83.7180844622812,,,,,63.92641966269114,,"rgba(38, 166, 154, 0.5)"
2025-09-09 00:00:00+00:00,84.5719068812,85.6702317511,84.5421768928,85.2755166056,713667,0.0,0.0,0.0,0.0,0.0,0.0,0.0,0.0,81.17123576707007,77.79051778664333,73.16607125317816,69.48494469347708,64.22040124774578,,85.25240788059143,,,,,83.76205496618437,,,,,63.94835302275154,,"rgba(38, 166, 154, 0.5)"
2025-09-10 00:00:00+00:00,84.5025369083,84.9683067259,84.0664970791,84.2349670131,577277,0.0,0.0,0.0,0.0,0.0,0.0,0.0,0.0,81.19645040497295,77.82593770838729,73.1932138799656,69.51329012056665,64.23780876571885,,85.19169096392397,,,,,83.78348208830019,,,,,63.96571033631711,,"rgba(38, 166, 154, 0.5)"
2025-09-11 00:00:00+00:00,85.2160566289,85.5133565125,84.2201020189,84.5818168773,789944,0.0,0.0,0.0,0.0,0.0,0.0,0.0,0.0,81.23515498743248,77.87717553373959,73.23168188786734,69.55311694891921,64.26213274356955,,85.17064136177123,,,,,83.82859596705678,,,,,63.98995766589133,,"rgba(38, 166, 154, 0.5)"
2025-09-12 00:00:00+00:00,83.9178471373,85.1912816386,83.8583871606,84.9980367143,540479,0.0,0.0,0.0,0.0,0.0,0.0,0.0,0.0,81.25659578306538,77.90859154963059,73.25638577652163,69.57908679920178,64.27821277205872,,85.1158464484786,,,,,83.84098502742792,,,,,64.00599437690745,,#000000
2025-09-15 00:00:00+00:00,82.897117537,84.8386997197,82.8683165737,84.2378520365,841887,0.0,0.0,0.0,0.0,0.0,0.0,0.0,0.0,81.28097573904344,77.95098561027274,73.29192391425805,69.61720595819608,64.30222642321324,,84.9712774005443,,,,,83.82946826992418,,,,,64.0299572540611,,"rgba(239, 83, 80, 1.0)"
2025-09-16 00:00:00+00:00,81.5861771375,83.0957448703,80.156060338,82.897117537,1157046,0.0,0.0,0.0,0.0,0.0,0.0,0.0,0.0,81.28578345497526,77.98851731150866,73.33127639041987,69.6620681306775,64.33184348542308,,84.59634267768608,,,,,83.7205346615736,81.61266078193333,,,,64.05955890594254,,"rgba(239, 83, 80, 1.0)"
2025-09-17 00:00:00+00:00,82.2714414372,83.1831408969,81.4223095875,81.983431804,753344,0.0,0.0,0.0,0.0,0.0,0.0,0.0,0.0,81.295193592145,78.0170486745851,73.35878541583192,69.69274854930718,64.35182877757505,,84.44022315239835,,,,,,81.880668936546,,,,64.07952297707006,,"rgba(239, 83, 80, 1.0)"
2025-09-18 00:00:00+00:00,82.7282843037,83.1900928536,81.8245299374,82.2515787039,956477,0.0,0.0,0.0,0.0,0.0,0.0,0.0,0.0,81.3102769391552,78.05514223664679,73.39459038082681,69.73237515284492,64.37754620066443,,84.29294289865587,,,,,,82.11431107410769,,,,64.10520804628729,,"rgba(239, 83, 80, 1.0)"
2025-09-19 00:00:00+00:00,82.7282843037,83.2248526369,82.2913041706,82.8871861704,1326478,0.0,0.0,0.0,0.0,0.0,0.0,0.0,0.0,81.333295021273,78.10884439638814,73.44468368284784,69.78763904105614,64.41341866923906,,84.14003320752022,,,,,,82.3148119774376,,,,64.14103250340509,,"rgba(239, 83, 80, 1.0)"
2025-09-22 00:00:00+00:00,82.8871861704,83.046088037,81.9933631707,82.7084215704,942003,0.0,0.0,0.0,0.0,0.0,0.0,0.0,0.0,81.34800813406254,78.14538696094966,73.47953166778456,69.82628231155287,64.43866197571352,,84.04166085937872,,,,,,82.37486871286792,,,,64.16624551076418,,"rgba(239, 83, 80, 1.0)"
2025-09-23 00:00:00+00:00,84.5159303031,84.9131849696,82.7829068204,83.2149212702,847297,0.0,0.0,0.0,0.0,0.0,0.0,0.0,0.0,81.37526030653376,78.1880383693237,73.51550288858513,69.8646946519376,64.46308480033487,,84.04327918335574,,,,,,82.61503853050972,,,,64.19061387066857,,"rgba(239, 83, 80, 0.75)"
2025-09-24 00:00:00+00:00,83.8306660034,84.784077203,83.4929995368,84.3570284365,508484,0.0,0.0,0.0,0.0,0.0,0.0,0.0,0.0,81.39114708518059,78.21319148084996,73.53690232932315,69.88759138102058,64.47768645933373,,84.04304063240828,,,,,,82.72634313841333,,,,64.20518378245177,,#000000
2025-09-25 00:00:00+00:00,83.9101169367,84.2378520365,83.2298183202,83.4234799702,498120,0.0,0.0,0.0,0.0,0.0,0.0,0.0,0.0,81.40511220064609,78.23660205168085,73.55729747882687,69.90956528297315,64.49179170580825,,84.03533842883951,,,,,,82.8023343869852,,,,64.21926112744909,,#000000
2025-09-26 00:00:00+00:00,85.3501651028,86.0850862359,83.9250139867,84.3967539031,741840,0.0,0.0,0.0,0.0,0.0,0.0,0.0,0.0,81.43700983506676,78.27934884074784,73.59144164129286,69.94527904204546,64.51420241328914,,84.08284564173277,,,,,,83.02473548313398,,,,64.24160810786255,,"rgba(38, 166, 154, 0.5)"
2025-09-29 00:00:00+00:00,86.7802819023,87.0484288022,85.3600964695,86.1843999025,875925,0.0,0.0,0.0,0.0,0.0,0.0,0.0,0.0,81.48678298690866,78.33843287605255,73.63593268437938,69.99076085587903,64.54223611611924,,84.19659398920919,,,,,,83.36785221868995,,,,64.2695418569513,,"rgba(38, 166, 154, 0.5)"
2025-09-30 00:00:00+00:00,85.8566648026,86.700830969,84.9727731696,86.700830969,755860,0.0,0.0,0.0,0.0,0.0,0.0,0.0,0.0,81.52419054426306,78.38528011623798,73.67242483812014,70.02849091705546,64.56575899738637,,84.26362354842406,,,,,,83.56770377238449,,,,64.29298925069182,,"rgba(38, 166, 154, 1.0)"
2025-10-01 00:00:00+00:00,86.4326840691,86.8398701023,85.1465720862,85.5289297027,695137,0.0,0.0,0.0,0.0,0.0,0.0,0.0,0.0,81.56035161103377,78.42954167644412,73.70660559594297,70.06367880131143,64.58764692182075,,84.3313159123619,,,,,,83.7454621607861,,,,64.3148038729299,,"rgba(38, 166, 154, 1.0)"
2025-10-02 00:00:00+00:00,86.4128213358,87.8826636019,85.8566648026,86.4326840691,743824,0.0,0.0,0.0,0.0,0.0,0.0,0.0,0.0,81.60322567504139,78.47985391844661,73.74466313201474,70.10250828752693,64.61164517988813,,84.42001467859761,86.71738324676667,,,,,83.95011129955358,,,,64.33871474901996,,"rgba(38, 166, 154, 1.0)"
2025-10-03 00:00:00+00:00,85.8864589026,86.6015173024,84.4315136865,86.4028899691,566223,0.0,0.0,0.0,0.0,0.0,0.0,0.0,0.0,81.62861133796052,78.51278900463005,73.77109082887492,70.13003625408295,64.62898977709573,,,86.25164770252866,,,,,84.03427321808395,,,,64.35600751287512,,"rgba(38, 166, 154, 1.0)"
2025-10-06 00:00:00+00:00,84.903253603,86.4525468024,84.8535967697,85.7474197693,726910,0.0,0.0,0.0,0.0,0.0,0.0,0.0,0.0,81.65884112541067,78.55323952852777,73.80417352716985,70.16469648919444,64.65096427941623,,,85.9488458934603,,,,,84.11654192866618,,,,64.37792019779134,,"rgba(38, 166, 154, 0.5)"
2025-10-07 00:00:00+00:00,82.9964312036,85.3005082695,82.9020832204,84.873459503,956347,0.0,0.0,0.0,0.0,0.0,0.0,0.0,0.0,81.68046828942985,78.59293921122077,73.84118667989473,70.20508616308068,64.67748294737044,,,85.24089563568954,,,,,84.08843809862552,,,,64.4043953426945,,#000000
2025-10-08 00:00:00+00:00,83.0262253036,83.7313523367,82.2615100706,83.2347840036,759546,0.0,0.0,0.0,0.0,0.0,0.0,0.0,0.0,81.69135813621145,78.61964191786925,73.86824203827236,70.23527948282536,64.69769089680577,,,84.78864450609888,,,,,84.02892796821168,,,,64.42458221858517,,"rgba(239, 83, 80, 1.0)"
2025-10-09 00:00:00+00:00,82.8077352371,83.8977027283,82.072814104,83.1056762369,740908,0.0,0.0,0.0,0.0,0.0,0.0,0.0,0.0,81.70117172979892,78.64490887215423,73.894249541452,70.26441071791795,64.71727384609295,,,84.48155499164059,,,,,83.97277631395849,,,,64.44414668171032,,"rgba(239, 83, 80, 1.0)"
2025-10-10 00:00:00+00:00,80.980363771,83.7214209701,80.7966334878,82.8176666037,1001972,0.0,0.0,0.0,0.0,0.0,0.0,0.0,0.0,81.70257155859201,78.67000446927055,73.92495557159717,70.30021113469584,64.74210408599933,,,83.99863966497759,,,,,83.83491943059087,,,,64.46897788318452,,"rgba(239, 83, 80, 1.0)"
2025-10-13 00:00:00+00:00,81.5464516708,82.5296569705,81.3726527542,81.6656280708,851944,0.0,0.0,0.0,0.0,0.0,0.0,0.0,0.0,81.70359025452481,78.69092364604906,73.95082340678026,70.33043377692705,64.7631394327267,,,83.7057338628475,,,,,83.73009052077906,,,,64.4900152503007,,"rgba(239, 83, 80, 1.0)"
2025-10-14 00:00:00+00:00,82.7878725037,83.075882137,80.7519423378,80.9406383044,774083,0.0,0.0,0.0,0.0,0.0,0.0,0.0,0.0,81.70764161323311,78.71202702732508,73.9753356182308,70.35868241631262,64.78264235934742,,,83.54264029885499,,,,,83.66138372532873,,,,64.50951391089153,,"rgba(239, 83, 80, 1.0)"
2025-10-15 00:00:00+00:00,82.6686961038,83.9200483033,82.4402746705,83.1851271702,781372,0.0,0.0,0.0,0.0,0.0,0.0,0.0,0.0,81.71817025626106,78.73792039572965,74.00233558701612,70.38898813043828,64.80319168273255,,,83.48994652351242,,,,,83.63303204538747,,,,64.53004546529182,,"rgba(239, 83, 80, 1.0)"
2025-10-16 00:00:00+00:00,81.5365203042,82.867323437,81.129334271,82.6190392705,744124,0.0,0.0,0.0,0.0,0.0,0.0,0.0,0.0,81.71913484739792,78.75564302233362,74.02459174116072,70.41506216565638,64.82146861202058,,,83.34834130909977,,,,,83.56187723645105,,,,64.54832567580483,,"rgba(239, 83, 80, 1.0)"
2025-10-17 00:00:00+00:00,81.8046672041,82.6140735871,81.5265889375,81.8841181374,757449,0.0,0.0,0.0,0.0,0.0,0.0,0.0,0.0,81.72116212564875,78.77426973782681,74.04751280865591,70.441799054141,64.8401824267668,,,83.23827901362833,,,,,83.5003829491448,,,,64.56704111558908,,"rgba(239, 83, 80, 1.0)"
2025-10-20 00:00:00+00:00,82.1423336706,83.0560194036,81.8046672041,82.3508923705,832011,0.0,0.0,0.0,0.0,0.0,0.0,0.0,0.0,81.72631732125903,78.79670559008699,74.0736505086031,70.47191870068416,64.8611132367654,,,83.1648094218282,,,,,83.45257936812651,,,,64.58796787261187,,"rgba(239, 83, 80, 1.0)"
2025-10-21 00:00:00+00:00,82.8077352371,83.3043035702,81.7649417374,82.132402304,668105,0.0,0.0,0.0,0.0,0.0,0.0,0.0,0.0,81.73234815619247,78.81598472863118,74.0952560096938,70.496585825118,64.87816407532667,,,83.1317773892748,,,,,83.42622467892227,,,,64.6050116789533,,"rgba(239, 83, 80, 0.75)"
2025-10-22 00:00:00+00:00,82.4204119372,83.7412837034,82.4005492039,82.986499837,1076041,0.0,0.0,0.0,0.0,0.0,0.0,0.0,0.0,81.74433377759745,78.84846805935592,74.13075063598099,70.53684879241608,64.90590979042318,,,83.10683660340746,,,,,83.39828997107085,,,,64.63274168882253,,"rgba(239, 83, 80, 0.75)"
2025-10-23 00:00:00+00:00,84.3967539031,84.5854498697,82.4005492039,82.6289706371,1636621,0.0,0.0,0.0,0.0,0.0,0.0,0.0,0.0,81.77711501602411,78.90824818605861,74.18994793397754,70.60222296010565,64.95014821165921,,,83.1894537120395,,,,,83.42566165778332,,,,64.67692474370654,,#000000
2025-10-24 00:00:00+00:00,78.2293752054,82.9070489037,78.209512472,82.3806864705,2581371,0.0,0.0,0.0,0.0,0.0,0.0,0.0,0.0,81.72803036898368,78.9245937542551,74.24346142110255,70.67306914132094,65.00473675384032,,,82.6464549051897,,,,,83.06744302882262,,,,64.73166086377111,,"rgba(239, 83, 80, 1.0)"
2025-10-27 00:00:00+00:00,79.0536786384,79.5601783382,78.179718372,79.1033354717,1720049,0.0,0.0,0.0,0.0,0.0,0.0,0.0,0.0,81.68292074769384,78.92467498992269,74.27316345607208,70.7153194016919,65.03880689536551,,,82.28982393909867,,,,,82.81314208690108,,,,64.76586422112915,,"rgba(239, 83, 80, 1.0)"
2025-10-28 00:00:00+00:00,78.4577966386,78.8351885718,77.1170621391,78.5571103052,1393008,0.0,0.0,0.0,0.0,0.0,0.0,0.0,0.0,81.63719651804958,78.91689536806796,74.29288752820453,70.74594247512714,65.06470615799238,,,81.99024922490271,,,,,82.59133876200555,,,,64.79189691613423,,"rgba(239, 83, 80, 1.0)"
2025-10-29 00:00:00+00:00,76.2828273394,78.0307478721,76.1735823061,77.7030127722,1681654,0.0,0.0,0.0,0.0,0.0,0.0,0.0,0.0,81.56350269831239,78.89230462145441,74.30842232925644,70.77609445237134,65.09272188579347,,,81.5768202361797,,,,,82.27927174589075,,,,64.82012286042827,,"rgba(239, 83, 80, 1.0)"
2025-10-30 00:00:00+00:00,76.8687779725,77.4199688223,75.8061217396,75.8259844729,1157817,0.0,0.0,0.0,0.0,0.0,0.0,0.0,0.0,81.51269847030261,78.87465606348962,74.31845871977463,70.79623617134037,65.11171920350439,,,81.32182727126789,,,,,82.07865459332393,76.69828951146667,,,64.83926880118413,,"rgba(239, 83, 80, 1.0)"
2025-10-31 00:00:00+00:00,77.3355522057,77.7228755055,76.352346906,76.4814546726,853966,0.0,0.0,0.0,0.0,0.0,0.0,0.0,0.0,81.47925422504696,78.86440700823667,74.32716182312384,70.81210200328404,65.12622010655942,,,81.1664823128701,,,,,,76.88448239839074,,,64.85387153914708,,"rgba(239, 83, 80, 1.0)"
2025-11-03 00:00:00+00:00,78.9047081384,79.212580505,76.9581602725,77.325620839,1095684,0.0,0.0,0.0,0.0,0.0,0.0,0.0,0.0,81.44894777295804,78.86060723929282,74.34307057879903,70.83625204136148,65.14666147534277,,,81.03882469502157,,,,,,77.40421079597564,,,64.87441518955453,,"rgba(239, 83, 80, 1.0)"
2025-11-04 00:00:00+00:00,78.8351885718,78.9593306551,77.7550531335,78.358482972,994113,0.0,0.0,0.0,0.0,0.0,0.0,0.0,0.0,81.42333594872743,78.85827841730377,74.35796016517091,70.85848754461371,65.1653745413058,,,80.938906878601,,,,,,77.67380571686428,,,64.89321824662294,,"rgba(239, 83, 80, 0.75)"
2025-11-05 00:00:00+00:00,79.6892861048,80.7618737044,78.7458062718,78.7458062718,805434,0.0,0.0,0.0,0.0,0.0,0.0,0.0,0.0,81.41145385977265,78.86304519869506,74.3734502793467,70.8792538087642,65.18187471641005,,,80.90138553299987,,,,,,78.01168920888975,,,64.90977076648348,,"rgba(239, 83, 80, 0.75)"
2025-11-06 00:00:00+00:00,79.4906587716,81.7848044707,79.1281638884,80.156060338,851376,0.0,0.0,0.0,0.0,0.0,0.0,0.0,0.0,81.40203964519158,78.87033310113996,74.39094886128888,70.90209167328717,65.19975648392182,,,80.87698088922407,,,,,,78.32555232666536,,,64.92770103960288,,"rgba(239, 83, 80, 0.75)"
2025-11-07 00:00:00+00:00,80.7122168711,80.8413246378,79.152992305,79.152992305,906105,0.0,0.0,0.0,0.0,0.0,0.0,0.0,0.0,81.39295764923247,78.87861047120208,74.4097812545775,70.92653860766517,65.21886916957693,,,80.85596571711167,,,,,,78.58523041923324,,,64.94686398682207,,#000000
2025-11-10 00:00:00+00:00,82.0231572707,82.9070489037,80.8711187377,80.8711187377,1290992,0.0,0.0,0.0,0.0,0.0,0.0,0.0,0.0,81.3988908727338,78.90477705552856,74.44416535922943,70.96746365692552,65.24908674415234,,,80.90403096180792,,,,,,79.12862194606083,,,64.9771076753595,,#000000
2025-11-11 00:00:00+00:00,80.7718050711,82.2515787039,80.6675257211,81.9437063374,685461,0.0,0.0,0.0,0.0,0.0,0.0,0.0,0.0,81.3979145289315,78.91530448603379,74.46059161795752,70.98768365721683,65.26441201054955,,,80.9115778006429,,,,,,79.29534213813542,,,64.99245766016963,,#000000
2025-11-12 00:00:00+00:00,80.3348249379,81.4967948375,80.1461289713,80.7320796045,772781,0.0,0.0,0.0,0.0,0.0,0.0,0.0,0.0,81.3931230263415,78.9241596546953,74.47746117990599,71.00911851062695,65.28103762586987,,,80.90516504743346,,,,,,79.40730645732896,,,65.00912095152744,,#000000
2025-11-13 00:00:00+00:00,80.2553740046,81.174025421,80.0567466714,80.0567466714,529847,0.0,0.0,0.0,0.0,0.0,0.0,0.0,0.0,81.38914798101038,78.92961078279156,74.48866940981667,71.02351158318129,65.29229477575552,,,80.8981468707294,,,,,,79.4652849531125,,,65.02040603408803,,#000000
2025-11-14 00:00:00+00:00,79.2324432383,79.9971584714,78.9841590718,79.5403156049,647946,0.0,0.0,0.0,0.0,0.0,0.0,0.0,0.0,81.37845992874321,78.9316174261955,74.49984049728994,71.03903335689975,65.30505235620498,,,80.86750752871622,,,,,,79.46157169612079,,,65.0332129567856,,#000000
2025-11-17 00:00:00+00:00,76.9780230058,79.0834727384,76.7992584059,79.0338159051,846157,0.0,0.0,0.0,0.0,0.0,0.0,0.0,0.0,81.35221270477486,78.92442219062568,74.50907317958,71.05491191009877,65.31957387121936,,,80.7827840203503,,,,,,79.32535122063103,,,65.04783104851961,,"rgba(239, 83, 80, 1.0)"
2025-11-18 00:00:00+00:00,78.4875907386,78.6464926052,76.6701506392,76.7198074726,890604,0.0,0.0,0.0,0.0,0.0,0.0,0.0,0.0,81.32727480321964,78.91873958351069,74.51970836632702,71.07233859395024,65.33521105902597,,,80.70666352805479,,,,,,79.2248928060705,,,65.06356432555215,,"rgba(239, 83, 80, 1.0)"
2025-11-19 00:00:00+00:00,78.0903360721,78.8153258385,77.6930814055,78.6762867052,650788,0.0,0.0,0.0,0.0,0.0,0.0,0.0,0.0,81.31068562242373,78.91573478714804,74.52803756049425,71.08550630215831,65.34685274128128,,,80.65863724891133,,,,,,79.17348230441921,,,65.0752728344496,,"rgba(239, 83, 80, 1.0)"
2025-11-20 00:00:00+00:00,77.4646599723,79.4112078383,77.370311989,78.6663553385,623134,0.0,0.0,0.0,0.0,0.0,0.0,0.0,0.0,81.29437162775612,78.91241282214291,74.53572341294797,71.09786142717567,65.35787825897881,,,80.6122283073478,,,,,,79.12348288242349,,,65.08636405515047,,"rgba(239, 83, 80, 1.0)"
2025-11-21 00:00:00+00:00,80.1659917047,81.0796774377,77.325620839,77.7824637055,983086,0.0,0.0,0.0,0.0,0.0,0.0,0.0,0.0,81.28036844282296,78.91623206298739,74.55268367937767,71.12127033754076,65.37720034344721,,,80.58215272611592,,,,,,79.1504628104392,,,65.10576060478265,,"rgba(239, 83, 80, 0.5)"
2025-11-24 00:00:00+00:00,80.5831091045,81.039951971,79.7737027215,80.1461289713,751658,0.0,0.0,0.0,0.0,0.0,0.0,0.0,0.0,81.27547115640775,78.92359747810363,74.56801589003798,71.14107737932164,65.39291949788418,,,80.57974106557624,,,,,,79.21491658927569,,,65.1215223656087,,#000000
2025-11-25 00:00:00+00:00,82.1522650373,82.7183529371,80.7618737044,81.0896088043,1402915,0.0,0.0,0.0,0.0,0.0,0.0,0.0,0.0,81.28214992408553,78.94957612288626,74.60322092651874,71.18338589630086,65.4249107770244,,,80.62799116574406,,,,,,79.43805904218596,,,65.15355319467052,,"rgba(38, 166, 154, 1.0)"
2025-11-26 00:00:00+00:00,82.8077352371,83.3539604035,81.894049504,81.923843604,798410,0.0,0.0,0.0,0.0,0.0,0.0,0.0,0.0,81.2909529192157,78.9681805301402,74.6253134021456,71.20912291351713,65.44395302775858,,,80.6706191561066,,,,,,79.585883647984,,,65.17260537938077,,"rgba(38, 166, 154, 1.0)"
2025-11-28 00:00:00+00:00,82.7282843037,83.5227936368,82.5693824371,83.3142349369,525332,0.0,0.0,0.0,0.0,0.0,0.0,0.0,0.0,81.2977329950339,78.981153531172,74.6402415330723,71.22636918237625,65.45664430954038,,,80.70114515314029,,,,,,79.68343367583923,,,65.18530076315741,,"rgba(38, 166, 154, 1.0)"
2025-12-01 00:00:00+00:00,81.6755594375,83.0659507703,81.5911428208,82.2813728039,872371,0.0,0.0,0.0,0.0,0.0,0.0,0.0,0.0,81.30324671859772,78.99803691026497,74.66244823159224,71.25287715267727,65.47668123605435,,,80.73194479715022,,,,,,79.79526511531792,,,65.20535999712632,,"rgba(38, 166, 154, 1.0)"
2025-12-02 00:00:00+00:00,81.099540171,82.2813728039,81.0598147043,82.2019218706,654488,0.0,0.0,0.0,0.0,0.0,0.0,0.0,0.0,81.30414256471182,79.00804235718795,74.67761883802719,71.27152972971037,65.49111340368175,,,80.74401239965891,,,,,,79.85155767997324,,,65.21981782486544,,"rgba(38, 166, 154, 1.0)"
2025-12-03 00:00:00+00:00,81.983431804,82.3210982706,81.4372066375,81.4471380042,628173,0.0,0.0,0.0,0.0,0.0,0.0,0.0,0.0,81.30709043997201,79.01924126106205,74.69304032547832,71.29012626162762,65.50531587547783,,,80.76184448556435,,,,,,79.91563298758702,,,65.23403965505345,,"rgba(38, 166, 154, 1.0)"
2025-12-04 00:00:00+00:00,80.8115305378,81.6854908041,80.5036581712,81.6854908041,630080,0.0,0.0,0.0,0.0,0.0,0.0,0.0,0.0,81.30560961162229,79.02686945023537,74.70649381113253,71.30711545316669,65.51874493847303,,,80.76543414995183,,,,,,79.9484110549508,,,65.24750026618075,,"rgba(38, 166, 154, 0.75)"
2025-12-05 00:00:00+00:00,80.3248935713,81.4620350542,80.205816485,80.7420109711,429378,0.0,0.0,0.0,0.0,0.0,0.0,0.0,0.0,81.30350738358469,79.03115488959081,74.71514140015087,71.31825887015964,65.52768474295242,,,80.76440634669527,,,,,,79.96285618174845,,,65.25646468988681,,#000000
2025-12-08 00:00:00+00:00,79.123198205,80.5235209045,78.9891247551,80.2653053713,604343,0.0,0.0,0.0,0.0,0.0,0.0,0.0,0.0,81.29543323799253,79.03304185039144,74.72498898011808,71.33202572165932,65.5393206680002,,,80.74722261504954,,,,,,79.95132371665662,,,65.2681493014818,,#000000
2025-12-09 00:00:00+00:00,79.6495606382,80.3546876713,78.8649826718,78.9642963384,579356,0.0,0.0,0.0,0.0,0.0,0.0,0.0,0.0,81.28810322158654,79.03511059792208,74.73454353396671,71.34530478465257,65.55051923394883,,,80.73223526813707,,,,,,79.94285726469289,,,65.27939381615862,,#000000
2025-12-10 00:00:00+00:00,81.4074125376,81.8841181374,79.9157212648,80.0269525714,844003,0.0,0.0,0.0,0.0,0.0,0.0,0.0,0.0,81.28671361245087,79.04544679415143,74.75249355767369,71.3679397208316,65.56847447196175,,,80.73865299794856,,,,,,79.98364276907009,,,65.29739149460897,,#000000
2025-12-11 00:00:00+00:00,83.81080327,84.1584011032,81.2981675043,81.8443926707,703369,0.0,0.0,0.0,0.0,0.0,0.0,0.0,0.0,81.2961937145838,79.06249959932197,74.77213418313099,71.3906338348134,65.58535206427929,,,80.77538962362122,,,,,,80.07462048600617,,,65.31427598698711,,"rgba(38, 166, 154, 1.0)"
2025-12-12 00:00:00+00:00,84.5159303031,85.1118123029,84.1186756366,84.3669598032,1045978,0.0,0.0,0.0,0.0,0.0,0.0,0.0,0.0,81.3216957807135,79.09689927332224,74.8063836987054,71.42850657957389,65.61252634702888,,,80.86185842571918,,,,,,80.26279603372198,,,65.34142975989836,,"rgba(38, 166, 154, 1.0)"
2025-12-15 00:00:00+00:00,84.7046262697,85.0927687235,83.7491986911,84.7245310109,1246602,0.0,0.0,0.0,0.0,0.0,0.0,0.0,0.0,81.35096655628178,79.13684999820413,74.84661538568382,71.47313331629307,65.64469806648339,,,80.95816133438171,,,,,,80.46435938230039,,,65.37358028647233,,"rgba(38, 166, 154, 1.0)"
2025-12-16 00:00:00+00:00,84.6051025636,85.4659826214,84.4757217457,85.1226258354,812570,0.0,0.0,0.0,0.0,0.0,0.0,0.0,0.0,81.3717388249719,79.16416998852398,74.87355860139186,71.50279820804901,65.66597906174877,,,81.02387877082106,,,,,,80.59575768131036,,,65.39484291811553,,"rgba(38, 166, 154, 1.0)"
2025-12-17 00:00:00+00:00,84.8340070876,85.7745061104,84.465769375,84.6747691579,808092,0.0,0.0,0.0,0.0,0.0,0.0,0.0,0.0,81.39318565105465,79.19191382022332,74.90067951537324,71.53255635365369,65.68728960737037,,,81.08997335590705,,,,,,80.72393580644233,,,65.41613307445267,,"rgba(38, 166, 154, 1.0)"
2025-12-18 00:00:00+00:00,85.2321019121,86.4562434972,85.0430068705,85.1126734648,1138724,0.0,0.0,0.0,0.0,0.0,0.0,0.0,0.0,81.427515731217,79.23422644346597,74.94072365014047,71.57597609566139,65.71809537741973,,,81.19205406271698,,,,,,80.91410163332982,,,65.4468987549631,,"rgba(38, 166, 154, 1.0)"
2025-12-19 00:00:00+00:00,85.9586249667,86.4164340148,85.1226258354,85.1226258354,3012910,0.0,0.0,0.0,0.0,0.0,0.0,0.0,0.0,81.5211167854716,79.34792334769611,75.04775050495938,71.69164703200018,65.80018743743587,,,81.45551859218139,,,,,,81.37612250282709,,,65.528876759304,,"rgba(38, 166, 154, 1.0)"
2025-12-22 00:00:00+00:00,86.2870531968,87.0533857339,85.5207206598,85.5207206598,749133,0.0,0.0,0.0,0.0,0.0,0.0,0.0,0.0,81.546164197595,79.37752632199431,75.07514377897105,71.7210318118127,65.82095571358239,,,81.52277391362036,,,,,,81.48820611848917,,,65.5496115879303,,"rgba(38, 166, 154, 1.0)"
2025-12-23 00:00:00+00:00,85.2818637651,86.4861006091,85.2221495415,86.0581486728,581331,0.0,0.0,0.0,0.0,0.0,0.0,0.0,0.0,81.5628872020229,79.3982670116368,75.09513189084623,71.74278027053025,65.83655276536567,,,81.56702286705772,,,,,,81.56086556390997,,,65.56519033612969,,"rgba(38, 166, 154, 1.0)"
2025-12-24 00:00:00+00:00,85.003197388,85.5331611231,84.3961027808,85.0529592411,413039,0.0,0.0,0.0,0.0,0.0,0.0,0.0,0.0,81.57271299188903,79.41131620420589,75.10836903896612,71.75743216117954,65.84723682250933,,,81.59272303599418,,,,,,81.60259531986358,,,65.57586722861184,,"rgba(38, 166, 154, 0.75)"
2025-12-26 00:00:00+00:00,86.1875294907,86.417727823,84.9136260525,84.9136260525,459777,0.0,0.0,0.0,0.0,0.0,0.0,0.0,0.0,81.58633712549147,79.42800918940482,75.12434598423386,71.77476505286803,65.85965117938736,,,81.62805138520552,,,,,,81.65942852347868,,,65.58826599169808,,"rgba(38, 166, 154, 0.75)"
2025-12-29 00:00:00+00:00,85.719768072,86.2372913438,85.2121971709,86.1178628965,496313,0.0,0.0,0.0,0.0,0.0,0.0,0.0,0.0,81.60054627654301,79.44560587246134,75.14135222413174,71.79327283316742,65.87295668028591,,,81.66449608305388,,,,,,81.71742780199335,,,65.6015560753306,,"rgba(38, 166, 154, 0.75)"
2025-12-30 00:00:00+00:00,85.4510540655,85.7147918867,85.2321019121,85.5605301422,377513,0.0,0.0,0.0,0.0,0.0,0.0,0.0,0.0,81.61061908601279,79.45837929622598,75.1539378591025,71.80705841733068,65.88293444921771,,,81.69005700521382,,,,,,81.75768617805814,,,65.61152421874733,,"rgba(38, 166, 154, 0.75)"
2025-12-31 00:00:00+00:00,84.8340070876,85.7595775545,84.7643404934,85.2321019121,471086,0.0,0.0,0.0,0.0,0.0,0.0,0.0,0.0,81.62199157054414,79.47332757999487,75.16907354946005,71.82378642642826,65.89515096973837,,,81.71859095506593,,,,,,81.8021419275617,,,65.62373216497369,,"rgba(38, 166, 154, 0.75)"
2026-01-02 00:00:00+00:00,85.7794822957,85.9387202255,83.8686271384,84.9335307938,516056,0.0,0.0,0.0,0.0,0.0,0.0,0.0,0.0,81.63463532196262,79.4898325626413,75.18572815549688,71.84216799831849,65.90856893165497,,,81.74999789160793,,,,,,81.850600763123,,,65.63714023194117,,"rgba(38, 166, 154, 0.75)"
2026-01-05 00:00:00+00:00,87.9789562007,89.0239551149,85.4709588067,85.5903872541,928704,0.0,0.0,0.0,0.0,0.0,0.0,0.0,0.0,81.67168986111938,79.53115128791008,75.22240306760445,71.88078596683103,65.93553779154513,,,81.84183237029012,,,,,,81.99192677821821,,,65.66405018757376,,"rgba(38, 166, 154, 1.0)"
2026-01-06 00:00:00+00:00,87.3917663347,88.3073844309,87.0142729174,87.9988609419,659567,0.0,0.0,0.0,0.0,0.0,0.0,0.0,0.0,81.69807977319383,79.56052948218505,75.24848582723229,71.9082366622347,65.95472102290755,,,81.90618616925576,,,,,,82.08946722562976,,,65.68319123750322,,"rgba(38, 166, 154, 1.0)"
2026-01-07 00:00:00+00:00,85.6600538484,87.2822902579,85.2171733562,87.2623855167,587777,0.0,0.0,0.0,0.0,0.0,0.0,0.0,0.0,81.71537194596253,79.58160279891939,75.26878508259132,71.93025571554817,65.97058916201738,,,81.94728529999686,,,,,,82.15027408928741,,,65.69903970654211,,"rgba(38, 166, 154, 0.75)"
2026-01-08 00:00:00+00:00,87.9092896064,89.0737169679,85.3316256182,85.3316256182,831570,0.0,0.0,0.0,0.0,0.0,0.0,0.0,0.0,81.74734006633417,79.61751507914424,75.3010456064958,71.96433441465705,65.9945415449192,,,82.02321029209598,,,,,,82.26260484326251,,,65.72294246982888,,"rgba(38, 166, 154, 0.75)"
2026-01-09 00:00:00+00:00,87.5012424114,88.5760984374,86.7548146156,88.1780036129,580879,0.0,0.0,0.0,0.0,0.0,0.0,0.0,0.0,81.77013031363136,79.64295590165362,75.32379821726774,71.98831518795625,66.01137573372941,,,82.0766629842067,,,,,,82.34080414057088,,,65.73974057114748,,"rgba(38, 166, 154, 0.75)"
2026-01-12 00:00:00+00:00,87.3718615934,88.1282417599,86.0880057846,86.5955766858,1107777,0.0,0.0,0.0,0.0,0.0,0.0,0.0,0.0,81.81005418927555,79.68852526226267,75.36550011551668,72.03263648416544,66.04279217282114,,,82.16838700006596,,,,,,82.47251889261298,,,65.77109831466134,,"rgba(38, 166, 154, 0.75)"
2026-01-13 00:00:00+00:00,87.6107184881,88.5263365843,86.9240049159,88.0088133125,647332,0.0,0.0,0.0,0.0,0.0,0.0,0.0,0.0,81.83521502136222,79.71662507307303,75.39073909161915,72.05925108911917,66.06153245329654,,,82.22556765614708,,,,,,82.55389206193362,,,65.78979883938068,,"rgba(38, 166, 154, 0.75)"
2026-01-14 00:00:00+00:00,87.0533857339,87.9391467183,86.2173866026,87.7301469354,604803,0.0,0.0,0.0,0.0,0.0,0.0,0.0,0.0,81.85607056895176,79.74068221037483,75.4130479996795,72.08305691164671,66.07851346208712,,,82.27201500438774,,,,,,82.61878998243186,,,65.806750412181,,"rgba(38, 166, 154, 0.75)"
2026-01-15 00:00:00+00:00,89.1334311916,89.531526016,86.8642906923,87.1827665518,812405,0.0,0.0,0.0,0.0,0.0,0.0,0.0,0.0,81.89148885109013,79.7790499764181,75.44656550174705,72.11797626516584,66.1028416770768,,,82.35132874676759,88.50974929996666,,,,,82.73035046380699,,,65.83101719718893,,"rgba(38, 166, 154, 0.75)"
2026-01-16 00:00:00+00:00,88.227765466,88.9144790381,87.4614329289,88.8249077026,686287,0.0,0.0,0.0,0.0,0.0,0.0,0.0,0.0,81.91973515118394,79.81006473201441,75.47408077943327,72.1468062135267,66.12306968096662,,,,88.36846899709424,,,,,82.81649378974974,,,65.85119808488294,,"rgba(38, 166, 154, 0.75)"
2026-01-20 00:00:00+00:00,85.2818637651,87.4315758171,85.0430068705,87.0533857339,812426,0.0,0.0,0.0,0.0,0.0,0.0,0.0,0.0,81.9408162406599,79.83657935018041,75.5006863624674,72.17596871739885,66.14449720896229,,,,87.50734368681604,,,,,82.87326249863004,,,65.87260630347868,,"rgba(38, 166, 154, 0.5)"
2026-01-21 00:00:00+00:00,84.7543881228,85.9586249667,84.2070077392,85.4012922125,904201,0.0,0.0,0.0,0.0,0.0,0.0,0.0,0.0,81.95850420262812,79.8612744382638,75.52746563124772,72.20605767511141,66.16715315101715,,,,86.79473992406271,,,,,82.91517878555285,,,65.89525799325526,,#000000
2026-01-22 00:00:00+00:00,84.6847215285,85.9287678549,84.2667219628,85.1723876884,738073,0.0,0.0,0.0,0.0,0.0,0.0,0.0,0.0,81.97272726114564,79.88120512478275,75.54918223932314,72.23048831529528,66.18559314095396,,,,86.45221886779893,,,,,82.9479606341321,,,65.91369528887108,,#000000
2026-01-23 00:00:00+00:00,83.4904370552,84.6349596754,83.1819135662,84.0776269212,483323,0.0,0.0,0.0,0.0,0.0,0.0,0.0,0.0,81.9782841915787,79.8911316536392,75.56155628981347,72.24494389144996,66.19688411051008,,,,86.15992797202406,,,,,82.95649133207469,,,65.92499578888628,,"rgba(239, 83, 80, 1.0)"
2026-01-26 00:00:00+00:00,83.0823898601,84.0974321387,82.6942474063,83.4705323139,642746,0.0,0.0,0.0,0.0,0.0,0.0,0.0,0.0,81.9836637336135,79.90263753737875,75.57699979451462,72.26331697084426,66.2114693167133,,,,85.79694401374783,,,,,82.96105462962379,,,65.9395998367032,,"rgba(239, 83, 80, 1.0)"
2026-01-27 00:00:00+00:00,81.8383435338,83.0823898601,81.614415195,83.0823898601,638281,0.0,0.0,0.0,0.0,0.0,0.0,0.0,0.0,81.98445272907455,79.91025923309539,75.59007125947848,72.27966675768633,66.22498638680706,,,,85.39299804523758,,,,,82.95060446020452,,,65.95314948168307,,"rgba(239, 83, 80, 1.0)"
2026-01-28 00:00:00+00:00,83.1022946013,84.1871029979,81.8184387925,81.858248275,1253661,0.0,0.0,0.0,0.0,0.0,0.0,0.0,0.0,81.9927550150127,79.93068573864844,75.61891738243722,72.3143917704472,66.25289259010376,,,,84.9691314438989,,,,,82.95278531681109,,,65.98110003589967,,"rgba(239, 83, 80, 1.0)"
2026-01-29 00:00:00+00:00,83.7790558029,83.7890081735,82.3160573231,83.6098655025,771120,0.0,0.0,0.0,0.0,0.0,0.0,0.0,0.0,81.99904752871073,79.94415386156862,75.63716486713034,72.33615260217485,66.27027551024696,,,,84.80236641133835,,,,,82.95807664405744,,,65.99850703957908,,"rgba(239, 83, 80, 1.0)"
2026-01-30 00:00:00+00:00,84.1373411449,84.4060551514,83.0262584899,83.5501512788,1047959,0.0,0.0,0.0,0.0,0.0,0.0,0.0,0.0,82.01116851686376,79.96532562840602,75.66363406906014,72.3670970270294,66.29462004648502,,,,84.68961091639552,,,,,82.9765832687273,,,66.0228739070961,,"rgba(239, 83, 80, 0.75)"
2026-02-02 00:00:00+00:00,84.1671982567,85.0131497586,83.9283413621,84.1871029979,877127,0.0,0.0,0.0,0.0,0.0,0.0,0.0,0.0,82.0239793504713,79.9851838525261,75.6870367564443,72.39402032698824,66.31553803155302,,,,84.66057348238039,,,,,83.00019135599003,,,66.04380278722212,,"rgba(239, 83, 80, 0.75)"
2026-02-03 00:00:00+00:00,82.6046760708,84.122412589,82.1468670227,83.4008657197,1059327,0.0,0.0,0.0,0.0,0.0,0.0,0.0,0.0,82.03006684045145,80.00128454670056,75.71056565373438,72.4225618639404,66.338766526707,,,,84.49243621482536,,,,,82.99934479258593,,,66.06707346010609,,"rgba(239, 83, 80, 0.75)"
2026-02-04 00:00:00+00:00,84.3761980395,86.3567197911,82.9380804863,83.3710086078,941914,0.0,0.0,0.0,0.0,0.0,0.0,0.0,0.0,82.04462659158969,80.02311838253146,75.73594685240644,72.45164285505129,66.36134802249846,,,,84.49764778277797,,,,,83.02663828541768,,,66.08966487118897,,"rgba(239, 83, 80, 0.75)"
2026-02-05 00:00:00+00:00,83.2416277899,84.5404121546,82.9345971566,83.7193415792,1348684,0.0,0.0,0.0,0.0,0.0,0.0,0.0,0.0,82.05712620492748,80.04730749079455,75.76800744278005,72.48967298316742,66.39183946673216,,,,84.40176787662614,,,,,83.03999128901245,,,66.12019669400173,,"rgba(239, 83, 80, 0.75)"
2026-02-06 00:00:00+00:00,82.8435329655,84.3562932983,80.8928683257,80.8928683257,2173396,0.0,0.0,0.0,0.0,0.0,0.0,0.0,0.0,82.06546124907904,80.07609970771831,75.81339560208957,72.54562022209092,66.4382595545779,,,,84.15794422576074,,,,,83.02699794022641,,,66.16672012351526,,"rgba(239, 83, 80, 0.75)"
2026-02-09 00:00:00+00:00,82.4155810292,83.4904370552,81.7089627158,82.4255333998,1210664,0.0,0.0,0.0,0.0,0.0,0.0,0.0,0.0,82.06886467120533,80.09091054746482,75.83784274013378,72.57603513799957,66.46375074577168,,,,84.03839411681166,,,,,83.01688281538095,,,66.19227382454918,,"rgba(239, 83, 80, 0.75)"
2026-02-10 00:00:00+00:00,84.0278650682,84.2468172216,82.0075338341,82.6146284414,1279315,0.0,0.0,0.0,0.0,0.0,0.0,0.0,0.0,82.07911915911382,80.11198440777119,75.86688602026321,72.61082457027547,66.49208486523099,,,,83.99418558303661,,,,,83.02566997746885,,,66.22065401139189,,"rgba(239, 83, 80, 0.75)"
2026-02-11 00:00:00+00:00,83.0127232658,85.7745061104,82.9430566716,83.9482461033,1087224,0.0,0.0,0.0,0.0,0.0,0.0,0.0,0.0,82.0907896344413,80.13226300271626,75.89295894349007,72.64152702088064,66.51677448184584,,,,83.98931429827321,,,,,83.04147099840712,,,66.24537404042594,,"rgba(239, 83, 80, 0.75)"
2026-02-12 00:00:00+00:00,81.7786293101,85.3316256182,81.499962933,83.9980079563,837553,0.0,0.0,0.0,0.0,0.0,0.0,0.0,0.0,82.09459737242443,80.14347761123081,75.91033880261874,72.66289294356893,66.53461224712414,,,,83.94150040260031,,,,,83.03914404633127,,,66.26325186309562,,"rgba(239, 83, 80, 0.75)"
2026-02-13 00:00:00+00:00,81.5994866391,82.3757715467,80.9127730669,81.7487721983,949796,0.0,0.0,0.0,0.0,0.0,0.0,0.0,0.0,82.09203359765685,80.15034775631068,75.9264483706519,72.68408235241591,66.55326065033188,,,,83.83466383515041,,,,,83.01776831134491,,,66.28196786208147,,"rgba(239, 83, 80, 1.0)"
2026-02-17 00:00:00+00:00,82.8236282242,83.6496749849,82.1120337256,82.7340568887,799488,0.0,0.0,0.0,0.0,0.0,0.0,0.0,0.0,82.09558752889556,80.16085961355311,75.94285365187964,72.704287700748,66.57020250620837,,,,83.7982409430327,,,,,83.01580254342059,,,66.29894895917566,,"rgba(239, 83, 80, 1.0)"
2026-02-18 00:00:00+00:00,84.3463409277,84.8937213113,82.933104301,82.933104301,605054,0.0,0.0,0.0,0.0,0.0,0.0,0.0,0.0,82.10241968954776,80.17225963779909,75.95735483417292,72.72132003890019,66.58394025514158,,,,83.80539030499843,,,,,83.02564563303422,,,66.31270345941819,,#000000
2026-02-19 00:00:00+00:00,84.6548644167,84.8638641995,83.7591510617,83.9283413621,580362,0.0,0.0,0.0,0.0,0.0,0.0,0.0,0.0,82.11015426001603,80.18416233691377,75.97184571767714,72.73813846737559,66.59737437070565,,,,83.82136851437865,,,,,83.03822068839612,,,66.32615000410601,,#000000
2026-02-20 00:00:00+00:00,85.7894346663,86.8841954335,84.7842452346,85.0430068705,765626,0.0,0.0,0.0,0.0,0.0,0.0,0.0,0.0,82.12637137741503,80.20488759517713,75.99402487527479,72.76288809285445,66.6164486573755,,,,83.8870023086432,,,,,83.07078181438447,,,66.34522166858653,,"rgba(38, 166, 154, 0.5)"
2026-02-23 00:00:00+00:00,83.2217230487,85.5903872541,81.3009155208,85.5903872541,808508,0.0,0.0,0.0,0.0,0.0,0.0,0.0,0.0,82.13209156932349,80.21713679559694,76.0115288307813,72.7840405997227,66.63398735797237,,,,83.86970214944337,,,,,83.07444845020093,,,66.36279415142253,,#000000
2026-02-24 00:00:00+00:00,84.7941976052,85.2868399504,83.3909133491,83.6297702437,681274,0.0,0.0,0.0,0.0,0.0,0.0,0.0,0.0,82.1411901445359,80.23102318396074,76.0284479703681,72.80367704824195,66.64972426122172,,,,83.88676293932531,,,,,83.08887407105303,,,66.37854602931985,,"rgba(38, 166, 154, 0.5)"
2026-02-25 00:00:00+00:00,84.5254835987,85.0479830558,83.4676461265,84.8041499758,865514,0.0,0.0,0.0,0.0,0.0,0.0,0.0,0.0,82.15194813612078,80.24794489397574,76.04948235692747,72.82822367667997,66.66951639522021,,,,83.90228725153798,,,,,83.10494772657825,,,66.39835995958198,,"rgba(38, 166, 154, 0.5)"
2026-02-26 00:00:00+00:00,87.2922426285,87.6704327118,84.9832926468,85.1027210941,1238375,0.0,0.0,0.0,0.0,0.0,0.0,0.0,0.0,82.18310892730258,80.2853754699715,76.08769101913923,72.87014547835304,66.70143513657439,,,,84.02872124682158,,,,,83.16856085625594,,,66.43025945393171,,"rgba(38, 166, 154, 0.5)"
2026-02-27 00:00:00+00:00,82.8335805948,86.142743823,82.7041997769,85.540625401,1594592,0.0,0.0,0.0,0.0,0.0,0.0,0.0,0.0,82.19823585221222,80.3123416970161,76.12375671786847,72.91303357991086,66.73672923835073,,,,84.02115446864642,,,,,83.18493913693747,,,66.46560989534463,,#000000
2026-03-02 00:00:00+00:00,82.0971051696,82.395676288,79.8081594528,80.8729635845,1011506,0.0,0.0,0.0,0.0,0.0,0.0,0.0,0.0,82.19397034767397,80.31763255839374,76.13927377702187,72.9340105115524,66.75584333793933,,,,83.93245051738376,,,,,83.16019572101261,,,66.48480525395568,,#000000
2026-03-03 00:00:00+00:00,80.9923920318,81.8383435338,78.0713712575,80.1464405299,2037592,0.0,0.0,0.0,0.0,0.0,0.0,0.0,0.0,82.17293014593919,80.31747315151443,76.16362753585861,72.97036381601279,66.79123610623508,,,,83.69785223374471,,,,,83.08106391068645,,,66.52040433202896,,"rgba(239, 83, 80, 1.0)"
2026-03-04 00:00:00+00:00,81.8084864219,82.7241045181,81.2760345942,81.9677243517,722545,0.0,0.0,0.0,0.0,0.0,0.0,0.0,0.0,82.17200093288176,80.32285980123119,76.17558229784107,72.98602595098704,66.80525629882524,,,,83.65840296522053,,,,,83.0699384175064,,,66.53447701437405,,"rgba(239, 83, 80, 1.0)"
2026-03-05 00:00:00+00:00,81.6392961215,82.0772004284,80.3156308303,81.320820262,772800,0.0,0.0,0.0,0.0,0.0,0.0,0.0,0.0,82.1685393987851,80.32648144354278,76.18700511931802,73.00161266347533,66.81963719876455,,,,83.60426836476833,,,,,83.05218447441474,,,66.54892247532206,,"rgba(239, 83, 80, 1.0)"
2026-03-06 00:00:00+00:00,79.7483457055,80.5743924662,78.3251567081,80.4151545364,743274,0.0,0.0,0.0,0.0,0.0,0.0,0.0,0.0,82.15804942176382,80.32383947000721,76.19413705536124,73.01333576918465,66.83173603548725,,,,83.51505059972578,,,,,83.01786723294435,,,66.56110730837554,,"rgba(239, 83, 80, 1.0)"
2026-03-09 00:00:00+00:00,80.1165834181,80.2658689772,76.4939205157,78.2654424844,1101560,0.0,0.0,0.0,0.0,0.0,0.0,0.0,0.0,82.13917222683516,80.31699673264154,76.2028008616135,73.02907010183544,66.84879411054351,,,,83.37117209339267,,,,,82.95977575043443,78.95879097033333,,66.57830462145614,,"rgba(239, 83, 80, 1.0)"
2026-03-10 00:00:00+00:00,79.8478694116,80.7236780253,78.5739659734,79.5194411814,866355,0.0,0.0,0.0,0.0,0.0,0.0,0.0,0.0,82.12797532318552,80.31463336469142,76.21143635015675,73.04295750005032,66.86301211007475,,,,83.28257340951978,,,,,,79.29177981339329,,66.59262076434307,,"rgba(239, 83, 80, 1.0)"
2026-03-11 00:00:00+00:00,82.3160573231,82.3757715467,79.4398222165,79.9374407471,913355,0.0,0.0,0.0,0.0,0.0,0.0,0.0,0.0,82.12433701728796,80.31901436478174,76.22479129455748,73.0611674498321,66.87990148350693,,,,83.23510718086989,,,,,,79.95285791709317,,66.60958712761095,,"rgba(239, 83, 80, 0.75)"
2026-03-12 00:00:00+00:00,80.9127730669,82.0174862048,80.0369644532,81.0919157379,1203397,0.0,0.0,0.0,0.0,0.0,0.0,0.0,0.0,82.11713423225982,80.32263463060666,76.24096450408143,73.08392477138881,66.9015000947177,,,,83.16372858631668,,,,,,80.25814106929015,,66.63129592970708,,"rgba(239, 83, 80, 0.75)"
2026-03-13 00:00:00+00:00,81.2511536677,81.8482959044,80.5146782425,81.3108678914,1002870,0.0,0.0,0.0,0.0,0.0,0.0,0.0,0.0,82.11233527559261,80.32658844813847,76.25496736920839,73.10330498738541,66.9197239299461,,,,83.11318406594914,,,,,,80.44473132956415,,66.6496082507253,,"rgba(239, 83, 80, 0.75)"
2026-03-16 00:00:00+00:00,79.8578217822,81.5639296688,79.4786866963,81.3144986912,1032221,0.0,0.0,0.0,0.0,0.0,0.0,0.0,0.0,82.10257782063042,80.32646701390351,76.26667891004183,73.12093956743597,66.93724800059587,,,,83.04041340013148,,,,,,80.42034409680332,,66.66724012978004,,"rgba(239, 83, 80, 0.75)"
2026-03-17 00:00:00+00:00,81.6437475817,82.0827461022,80.4913764652,80.8655229316,781018,0.0,0.0,0.0,0.0,0.0,0.0,0.0,0.0,82.09975129929123,80.33020502577463,76.27791244512505,73.13627162830699,66.951571632585,,,,83.009035493637,,,,,,80.53189404378118,,66.68163052160199,,"rgba(239, 83, 80, 0.75)"
2026-03-18 00:00:00+00:00,81.5439751906,82.5865966769,80.9652953226,80.9652953226,765537,0.0,0.0,0.0,0.0,0.0,0.0,0.0,0.0,82.0981623100558,80.3348338889289,76.28950145109603,73.15177471694265,66.9658675649698,,,,82.98483258085227,,,,,,80.64840033867266,,66.69598824600875,,"rgba(239, 83, 80, 0.75)"
2026-03-19 00:00:00+00:00,82.8709479914,83.1902196427,80.9652953226,80.9652953226,904156,0.0,0.0,0.0,0.0,0.0,0.0,0.0,0.0,82.09929853061023,80.34282152071061,76.30474611100851,73.17138609513883,66.98345242856328,,,,82.9711124476441,,,,,,80.82708575527546,,66.71363633344207,,#000000
2026-03-20 00:00:00+00:00,80.8755001707,82.7013349266,80.2968203027,82.5816080574,2330660,0.0,0.0,0.0,0.0,0.0,0.0,0.0,0.0,82.08971347147867,80.35245082689401,76.33691162003666,73.2158057262586,67.02550731982433,,,,82.8834896133818,,,,,,80.92631727020671,,66.75589831604573,,#000000
2026-03-23 00:00:00+00:00,81.7534972118,84.3675338568,81.673679299,82.5716308183,1207859,0.0,0.0,0.0,0.0,0.0,0.0,0.0,0.0,82.09282036999373,80.36420606170735,76.35777339086385,73.24233046200965,67.04919299059821,,,,82.87598170679617,,,,,,81.09308950900088,,66.7796650199829,,#000000
2026-03-24 00:00:00+00:00,84.2777387049,84.4174200524,80.9952270399,80.9952270399,1022634,0.0,0.0,0.0,0.0,0.0,0.0,0.0,0.0,82.09867308889102,80.37685083321864,76.3771051385596,73.26617951681297,67.07000287523728,,,,82.8837014841092,,,,,,81.25951288250572,,66.80053300566921,,#000000
2026-03-25 00:00:00+00:00,84.676828269,85.8042562877,83.3598327074,85.3053943325,838750,0.0,0.0,0.0,0.0,0.0,0.0,0.0,0.0,82.10924356886098,80.39212743774297,76.3960644030407,73.2883595734153,67.08848875400302,,,,82.91408710366285,,,,,,81.46088714475773,,66.81904711093863,,"rgba(38, 166, 154, 1.0)"
2026-03-26 00:00:00+00:00,82.7512211221,84.9387307955,82.6714032093,84.2478069876,566685,0.0,0.0,0.0,0.0,0.0,0.0,0.0,0.0,82.11305084572838,80.39956788722913,76.40702352474935,73.30176638781197,67.10013120642802,,,,82.9204166720771,,,,,,81.53857448856253,,66.83072013441917,,"rgba(38, 166, 154, 1.0)"
2026-03-27 00:00:00+00:00,79.9775486514,83.1802424036,79.292112325,82.162564015,788580,0.0,0.0,0.0,0.0,0.0,0.0,0.0,0.0,82.10796245019148,80.40097356495035,76.41653128424376,73.31553306452024,67.1136967850588,,,,82.886633722043,,,,,,81.50142709509863,,66.84436403102661,,#000000
2026-03-30 00:00:00+00:00,79.9875258905,81.1748173438,79.6582770001,80.3167747809,606147,0.0,0.0,0.0,0.0,0.0,0.0,0.0,0.0,82.10244473070233,80.40064427954174,76.42291306044336,73.32531700288116,67.12369328130042,,,,82.85477295827855,,,,,,81.45471041656015,,66.8544264775978,,#000000
2026-03-31 00:00:00+00:00,81.9929509503,82.6714032093,80.1770934335,81.1847945829,738846,0.0,0.0,0.0,0.0,0.0,0.0,0.0,0.0,82.10065978095498,80.40445337083949,76.43336109963913,73.33949898590224,67.13709755168718,,,,82.83659994469348,,,,,,81.4617620051138,,66.86789444640416,,#000000
2026-04-01 00:00:00+00:00,84.1181028793,84.3974655741,82.1426095368,82.1426095368,652334,0.0,0.0,0.0,0.0,0.0,0.0,0.0,0.0,82.10532799682072,80.41315669810568,76.44599036662505,73.35490479671815,67.15049401498112,,,,82.8457410027942,,,,,,81.54050181572065,,66.88132586470475,,#000000
2026-04-02 00:00:00+00:00,83.5494002504,84.4074428132,81.7934061682,83.3598327074,604405,0.0,0.0,0.0,0.0,0.0,0.0,0.0,0.0,82.10872771897141,80.4204045300879,76.45715519185754,73.36871489249494,67.16265803748095,,,,82.85046715617912,,,,,,81.59813879872605,,66.89352558816773,,#000000
2026-04-06 00:00:00+00:00,84.098148401,84.4573290088,82.412094765,82.9806976215,721155,0.0,0.0,0.0,0.0,0.0,0.0,0.0,0.0,82.11419060239238,80.43023725397137,76.47122172349319,73.38581684893299,67.17751317118751,,,,82.86154488799517,,,,,,81.6777126058458,,66.90841862447994,,"rgba(38, 166, 154, 1.0)"
2026-04-07 00:00:00+00:00,83.2001968818,84.577055878,82.7661869808,83.5992864459,639695,0.0,0.0,0.0,0.0,0.0,0.0,0.0,0.0,82.11856279401498,80.43852931443902,76.48340877505977,73.4007313088593,67.19055506262526,,,,82.86941520287222,,,,,,81.73862910948417,,66.9214959112377,,"rgba(38, 166, 154, 1.0)"
2026-04-08 00:00:00+00:00,86.0137783089,87.0713656538,84.7865778992,86.123527939,925375,0.0,0.0,0.0,0.0,0.0,0.0,0.0,0.0,82.13582318784287,80.45990945847603,76.50706305948808,73.42742109102471,67.21220219122303,,,,82.92233427751584,,,,,,81.93175644879501,,66.94315654835289,,"rgba(38, 166, 154, 1.0)"
2026-04-09 00:00:00+00:00,86.6323671333,86.9217070673,85.0060771594,85.7044838967,647462,0.0,0.0,0.0,0.0,0.0,0.0,0.0,0.0,82.14852753238549,80.4753907237775,76.52394344932148,73.44636867908149,67.22750353459276,,,,82.96101374217456,,,,,,82.06381713383894,,66.9584652260509,,"rgba(38, 166, 154, 1.0)"
2026-04-10 00:00:00+00:00,86.3031182429,86.9815705019,85.978857972,86.9815705019,580243,0.0,0.0,0.0,0.0,0.0,0.0,0.0,0.0,82.1605025429022,80.48976044325468,76.53938724690035,73.463613011401,67.24136467542574,,,,82.99737047703603,,,,,,82.18173585698511,,66.9723309270258,,"rgba(38, 166, 154, 1.0)"
2026-04-13 00:00:00+00:00,85.9638921133,86.023755548,84.477283487,85.7044838967,496036,0.0,0.0,0.0,0.0,0.0,0.0,0.0,0.0,82.16845681278193,80.50006643012077,76.5513088640481,73.47725977101186,67.25262280351299,,,,83.01954583222434,,,,,,82.25650245928529,,66.98360092711326,,"rgba(38, 166, 154, 1.0)"
2026-04-14 00:00:00+00:00,87.5502731308,87.8994764994,85.8940514396,86.1335051781,675151,0.0,0.0,0.0,0.0,0.0,0.0,0.0,0.0,82.18449613088376,80.51857681567205,76.57042783944674,73.49829283079565,67.2692884303654,,,,83.06857155699808,,,,,,82.4015528378005,,67.00026459659912,,"rgba(38, 166, 154, 1.0)"
2026-04-15 00:00:00+00:00,85.7843018095,87.9992488904,85.4151439627,87.4305462615,953136,0.0,0.0,0.0,0.0,0.0,0.0,0.0,0.0,82.20370466197613,80.54171919997802,76.59547891742905,73.52632228757152,67.29192237411651,,,,83.1239337497319,,,,,,82.56325657780931,,67.02290781302956,,"rgba(38, 166, 154, 1.0)"
2026-04-16 00:00:00+00:00,85.055963355,85.9239831569,83.7190133151,84.7865778992,1097299,0.0,0.0,0.0,0.0,0.0,0.0,0.0,0.0,82.21777481092037,80.5613729543399,76.61977326172618,73.55469853910652,67.31587324659509,,,,83.15727275496046,,,,,,82.66720719096507,,67.04689765694152,,"rgba(38, 166, 154, 0.75)"
2026-04-17 00:00:00+00:00,87.3207966314,87.6650113804,85.9040286787,86.1634368954,598560,0.0,0.0,0.0,0.0,0.0,0.0,0.0,0.0,82.23124635927837,80.5770834461669,76.63625362081092,73.57292247552463,67.33044070346381,,,,83.19585658007318,,,,,,82.7690007746534,,67.06146613919132,,"rgba(38, 166, 154, 0.75)"
2026-04-20 00:00:00+00:00,87.9194309776,87.9992488904,86.7421167634,86.9316843064,762177,0.0,0.0,0.0,0.0,0.0,0.0,0.0,0.0,82.2504162613056,80.59881607244805,76.65835828328963,73.59707623654772,67.34951575955473,,,,83.25139265318244,,,,,,82.90913136766818,,67.08053544390164,,"rgba(38, 166, 154, 0.75)"
2026-04-21 00:00:00+00:00,87.2010697621,88.8173824969,86.5625264595,87.9892716513,790303,0.0,0.0,0.0,0.0,0.0,0.0,0.0,0.0,82.27004929299261,80.62112249212774,76.68112858586981,73.62198576975001,67.36923076733186,,,,83.30715577826662,,,,,,83.04523620601937,,67.1002453570747,,"rgba(38, 166, 154, 0.75)"
2026-04-22 00:00:00+00:00,85.9539148742,87.6151251849,84.966168203,87.4505007397,864293,0.0,0.0,0.0,0.0,0.0,0.0,0.0,0.0,82.2858884730687,80.64062156944547,76.70283890663059,73.6464934203397,67.38930797498897,,,,83.34753307617763,,,,,,83.14307380499807,,67.12033687858427,,"rgba(38, 166, 154, 0.75)"
2026-04-23 00:00:00+00:00,88.9470866052,89.216472061,86.5375833618,86.6523216115,1443401,0.0,0.0,0.0,0.0,0.0,0.0,0.0,0.0,82.32587315604353,80.68485585660218,76.7466920493253,73.69388718311444,67.42639958369071,,,,83.4596524648213,88.23371400933334,,,,,83.39538896914576,,67.15740469207027,,"rgba(38, 166, 154, 0.75)"
2026-04-24 00:00:00+00:00,83.6890815978,85.4949618755,79.9176852168,82.3621087971,3309740,0.0,0.0,0.0,0.0,0.0,0.0,0.0,0.0,82.33662181655498,80.71582129209574,76.8010462277095,73.76295566939832,67.48982425033009,,,,,84.6129502308143,,,,,83.35849870129009,,67.22106316160163,,"rgba(38, 166, 154, 0.75)"
2026-04-27 00:00:00+00:00,87.3307738705,87.5402958917,83.5794317401,83.8088084671,1299683,0.0,0.0,0.0,0.0,0.0,0.0,0.0,0.0,82.35922085444015,80.74380677456193,76.83267751949612,73.79882223815393,67.51955427528652,,,,,84.94302669096511,,,,,83.46606372032335,,67.25082033303453,,"rgba(38, 166, 154, 0.75)"
2026-04-28 00:00:00+00:00,86.6622988506,88.5779287584,85.8840742005,87.7498179128,992325,0.0,0.0,0.0,0.0,0.0,0.0,0.0,0.0,82.38031044452829,80.76847141052764,76.85898111102671,73.82803330213031,67.54327269802161,,,,,85.23859204663403,,,,,83.56824060804854,,67.27454588837038,,"rgba(38, 166, 154, 0.75)"
2026-04-29 00:00:00+00:00,86.0935962217,87.2110470013,85.2754626152,86.2931410038,772849,0.0,0.0,0.0,0.0,0.0,0.0,0.0,0.0,82.393639834654,80.78496849864554,76.87767493401961,73.8492400895228,67.56090362733276,,,,,85.33297658271772,,,,,83.62539671436907,,67.29219352888457,,#000000
2026-04-30 00:00:00+00:00,86.7520940025,86.8518663935,85.5697911688,85.8541424832,824834,0.0,0.0,0.0,0.0,0.0,0.0,0.0,0.0,82.40849891650699,80.80310507828521,76.8979658060289,73.87215477238179,67.57988319884558,,,,,85.43397360847317,,,,,83.68820789405774,,67.31118874427337,,#000000
2026-05-01 00:00:00+00:00,84.3076704222,86.602435416,84.0931597815,86.4228451121,831737,0.0,0.0,0.0,0.0,0.0,0.0,0.0,0.0,82.4181799113299,80.8167548762012,76.91535565441775,73.89262017735224,67.59757143689211,,,,,85.39597224627084,,,,,83.71759923828294,,67.32891193078979,,#000000
2026-05-04 00:00:00+00:00,82.7013349266,84.098148401,81.5888727666,83.5394230113,1380230,0.0,0.0,0.0,0.0,0.0,0.0,0.0,0.0,82.42050741449815,80.82737768898149,76.93622450809806,73.91970772124958,67.62313625875755,,,,,85.06539073455075,,,,,83.6845923782757,,67.3545846764884,,"rgba(239, 83, 80, 1.0)"
2026-05-05 00:00:00+00:00,83.8786491408,84.2478069876,82.6813804484,82.841016274,1250510,0.0,0.0,0.0,0.0,0.0,0.0,0.0,0.0,82.42706651118367,80.84080665889813,76.95758922321689,73.94632445998174,67.64745144402202,,,,,84.91428189503978,,,,,83.68201550896899,,67.37898211146482,,"rgba(239, 83, 80, 1.0)"
2026-05-06 00:00:00+00:00,84.9561909639,86.0038010698,83.8786491408,83.898603619,923322,0.0,0.0,0.0,0.0,0.0,0.0,0.0,0.0,82.43734506469457,80.85542224956927,76.97644819882483,73.96860485886636,67.66686514925587,,,,,84.91654486195844,,,,,83.71069031484195,,67.39843712935969,,"rgba(239, 83, 80, 1.0)"
2026-05-07 00:00:00+00:00,85.0459861159,86.2632092864,84.1779663139,85.3852122454,858864,0.0,0.0,0.0,0.0,0.0,0.0,0.0,0.0,82.44764839745169,80.8696379050998,76.99438451209357,73.98965549554919,67.68510991929216,,,,,84.93174883985989,,,,,83.74068641155229,,67.41671779101314,,#000000
2026-05-08 00:00:00+00:00,85.44507568,85.6845294185,84.6169648344,85.4051667236,1067728,0.0,0.0,0.0,0.0,0.0,0.0,0.0,0.0,82.46075377460869,80.8875336603857,77.01680829186662,74.015916905411,67.70785053499652,,,,,84.95438874846033,,,,,83.77845756463631,,67.43950214802058,,#000000
2026-05-11 00:00:00+00:00,82.5616535792,85.0060771594,82.1525867759,84.7965551383,745220,0.0,0.0,0.0,0.0,0.0,0.0,0.0,0.0,82.4632903389325,80.89422454124595,77.02858547145209,74.03090878535517,67.72187386528306,,,,,84.87302047685111,,,,,83.76920900482827,,67.4535802390169,,"rgba(239, 83, 80, 1.0)"
2026-05-12 00:00:00+00:00,82.0228826676,83.2101741209,81.8931785592,82.9008797087,932761,0.0,0.0,0.0,0.0,0.0,0.0,0.0,0.0,82.46293379310914,80.89947857576335,77.04122047001646,74.04784949789239,67.7384145890757,,,,,84.73295894791842,,,,,83.73986942203155,,67.47020265089094,,"rgba(239, 83, 80, 1.0)"
2026-05-13 00:00:00+00:00,80.3866154546,82.2473705474,79.6582770001,82.0029281894,1031951,0.0,0.0,0.0,0.0,0.0,0.0,0.0,0.0,82.45534224895209,80.89894932663094,77.05092806021959,74.06290071530717,67.75466105371417,,,,,84.50110812708856,,,,,83.67214489436077,,67.48656620418849,,"rgba(239, 83, 80, 1.0)"
2026-05-14 00:00:00+00:00,79.2093012405,81.963019233,79.0895743712,81.1249311483,1043366,0.0,0.0,0.0,0.0,0.0,0.0,0.0,0.0,82.44469136415361,80.89575407889062,77.05891210106758,74.07651998607373,67.77019368129118,,,,,84.2549518904046,,,,,83.59151184601876,,67.5022286263247,,"rgba(239, 83, 80, 1.0)"
2026-05-15 00:00:00+00:00,78.9099840674,79.603402185,78.3313041994,79.5984135655,797503,0.0,0.0,0.0,0.0,0.0,0.0,0.0,0.0,82.43271210966905,80.88991144362457,77.06270173058628,74.08492362759023,67.78094427011963,,,,,84.03798678733389,,,,,83.51303165645346,,67.51309288693064,,"rgba(239, 83, 80, 1.0)"
2026-05-18 00:00:00+00:00,78.9099840674,80.2369568681,78.8301661545,79.2791419142,851055,0.0,0.0,0.0,0.0,0.0,0.0,0.0,0.0,82.42139373581067,80.8849196351676,77.06753535655207,74.0945532327133,67.79278098981125,,,,,83.84098341467578,,,,,83.43884360967638,,67.52504591238802,,"rgba(239, 83, 80, 1.0)"
2026-05-19 00:00:00+00:00,77.9122601571,79.1693922841,77.3934437237,78.8600978719,1009689,0.0,0.0,0.0,0.0,0.0,0.0,0.0,0.0,82.40304877794472,80.87463554043458,77.07029260759053,74.1033927912325,67.80537437132413,,,,,83.5724506673537,,,,,83.3301344979777,,67.53779590109357,,"rgba(239, 83, 80, 1.0)"
2026-05-20 00:00:00+00:00,79.0895743712,79.4188232616,77.1440127461,77.9821008308,1261475,0.0,0.0,0.0,0.0,0.0,0.0,0.0,0.0,82.38244841927964,80.8637360567446,77.07495332215363,74.11544638532496,67.82166000432146,,,,,83.29250483102169,,,,,83.21028901118906,78.55080345963334,67.55426947321851,,"rgba(239, 83, 80, 1.0)"
2026-05-21 00:00:00+00:00,79.4687094572,79.7730152498,77.2238306589,78.2215545693,883298,0.0,0.0,0.0,0.0,0.0,0.0,0.0,0.0,82.36916563684733,80.85705204919839,77.07879553053074,74.12436102641077,67.83332136143365,,,,,83.12454821384226,,,,,,78.66243133209771,67.56605873314874,,"rgba(239, 83, 80, 0.75)"
2026-05-22 00:00:00+00:00,79.1294833276,79.6782314783,78.8600978719,79.6083908046,871641,0.0,0.0,0.0,0.0,0.0,0.0,0.0,0.0,82.35762480583548,80.85178937295045,77.08343841741055,74.1338726460556,67.84522340501894,,,,,82.98506295881833,,,,,,78.8243022362096,67.5780815960849,,"rgba(239, 83, 80, 0.75)"
2026-05-26 00:00:00+00:00,80.4963650848,80.6659781495,79.2192784796,79.2192784796,651540,0.0,0.0,0.0,0.0,0.0,0.0,0.0,0.0,82.35152660887904,80.85004963977148,77.08835784626646,74.14221907413935,67.85480985917093,,,,,82.91068596688035,,,,,,79.05573772445312,67.58774923078217,,"rgba(239, 83, 80, 0.75)"
2026-05-27 00:00:00+00:00,82.0328599067,82.741243883,81.1648401047,81.1648401047,738434,0.0,0.0,0.0,0.0,0.0,0.0,0.0,0.0,82.3503778115353,80.85311519718358,77.09730123771175,74.15456976977296,67.86729402531012,,,,,82.88401053310622,,,,,,79.54573423279972,67.60030422252346,,"rgba(239, 83, 80, 0.75)"
2026-05-28 00:00:00+00:00,83.0206065779,83.2101741209,81.1698287243,81.4940889951,919457,0.0,0.0,0.0,0.0,0.0,0.0,0.0,0.0,82.35082417713305,80.8585499223231,77.10949816206667,74.17084800908631,67.88334340869868,,,,,82.8696416528486,,,,,,80.05004078927875,67.6164350721618,,#000000
2026-05-29 00:00:00+00:00,82.4918129054,83.631712473,82.1775298737,83.0605155343,1482999,0.0,0.0,0.0,0.0,0.0,0.0,0.0,0.0,82.35338055089922,80.86886047321157,77.1301499792073,74.19791444456327,67.90968659919358,,,,,82.86424016749325,,,,,,80.64181159581754,67.64290336914254,,#000000
2026-06-01 00:00:00+00:00,86.6423443724,87.4978926255,82.0827461022,82.2822908843,1690357,0.0,0.0,0.0,0.0,0.0,0.0,0.0,0.0,82.37461518781708,80.89663901221114,77.16444777948162,74.23800144534367,67.94491624518663,,,,,83.0081929474809,,,,,,81.58966386542585,67.67820782839873,,"rgba(38, 166, 154, 1.0)"
2026-06-02 00:00:00+00:00,84.766623421,86.4378109708,84.6319306931,86.0836189826,1307582,0.0,0.0,0.0,0.0,0.0,0.0,0.0,0.0,82.39015048342537,80.91728780802224,77.19037287985269,74.26845924793555,67.97187071078189,,,,,83.10343361136383,,,,,,82.08155124449807,67.70522380271424,,"rgba(38, 166, 154, 1.0)"
2026-06-03 00:00:00+00:00,86.7421167634,87.1601630818,84.2577842267,84.6169648344,1234493,0.0,0.0,0.0,0.0,0.0,0.0,0.0,0.0,82.40855778146921,80.94003512547877,77.2170266557754,74.2990728433003,67.99837717427482,,,,,83.21580253195992,,,,,,82.5256270516448,67.73177452055813,,"rgba(38, 166, 154, 1.0)"
2026-06-04 00:00:00+00:00,88.1788391943,88.2586571071,87.1412063275,87.4006145442,966614,0.0,0.0,0.0,0.0,0.0,0.0,0.0,0.0,82.42992091377491,80.96394830037707,77.24202822175222,74.32659903463653,68.02114854766589,,,,,83.3502976411637,,,,,,82.95499986852425,67.7545544957349,,"rgba(38, 166, 154, 1.0)"
2026-06-05 00:00:00+00:00,87.67,89.7203226357,86.7670598612,88.4382474109,1192960,0.0,0.0,0.0,0.0,0.0,0.0,0.0,0.0,82.45698527457165,80.99405339639578,77.27328040963407,74.36089921292066,68.04945282431136,,,,,83.51257357815473,88.05246083230001,,,,,83.41565710130442,67.78286678198712,88.05246083230001,"rgba(38, 166, 154, 1.0)"
2026-06-08 00:00:00+00:00,86.3829361557,87.7703710254,85.9738693525,86.9815705019,1520158,0.0,0.0,0.0,0.0,0.0,0.0,0.0,0.0,82.48290754965039,81.02481580886204,77.3079126833166,74.40009515376971,68.0829900172673,,,,,,87.29975369648085,,,,,83.75574869062923,67.81644661673354,87.29975369648085,"rgba(38, 166, 154, 1.0)"
2026-06-09 00:00:00+00:00,87.570227609,88.5479970411,86.1285165586,86.9516387846,1808063,0.0,0.0,0.0,0.0,0.0,0.0,0.0,0.0,82.51841682301475,81.06547042070983,77.3518453227122,74.449049076897,68.12422935794702,,,,,,87.34607389075937,,,,,84.1560861509247,67.85771918562945,87.34607389075937,"rgba(38, 166, 154, 1.0)"
2026-06-10 00:00:00+00:00,86.6223898942,88.9770183225,86.3530044384,87.0813428929,1140158,0.0,0.0,0.0,0.0,0.0,0.0,0.0,0.0,82.54010382717861,81.09045021088384,77.37908510736568,74.47949821919805,68.15001260859131,,,,,,87.34031342564633,,,,,84.360083625612,67.88352615859203,87.34031342564633,"rgba(38, 166, 154, 1.0)"
2026-06-11 00:00:00+00:00,86.3530044384,87.6600227609,85.055963355,86.7321395243,916657,0.0,0.0,0.0,0.0,0.0,0.0,0.0,0.0,82.55391863542954,81.10731145930191,77.39876989187638,74.50204927142717,68.16965455326529,,,,,,87.20319337789395,,,,,84.45853862432314,67.90320101694711,87.20319337789395,"rgba(38, 166, 154, 0.75)"
2026-06-12 00:00:00+00:00,87.2609331968,87.4205690224,85.7144611358,86.8518663935,912322,0.0,0.0,0.0,0.0,0.0,0.0,0.0,0.0,82.56915708499079,81.12539123312347,77.41923926923005,74.5252431178235,68.18963600895216,,,,,,87.15392046821862,,,,,84.56803274562053,67.92320964332588,87.15392046821862,"rgba(38, 166, 154, 0.75)"
2026-06-15 00:00:00+00:00,87.67,88.27,86.73,87.78,820675,0.0,0.0,0.0,0.0,0.0,0.0,0.0,0.0,82.58521158158364,81.14371687223786,77.43905832829076,74.54731636425902,68.20830431242723,,,,,,87.19368993215768,,,,,84.68874298068387,67.94189349036034,87.19368993215768,"rgba(38, 166, 154, 0.75)"
2026-06-16 00:00:00+00:00,86.47,88.61,86.45,87.92,740445,0.0,0.0,0.0,0.0,0.0,0.0,0.0,0.0,82.59850771662114,81.15918715463481,77.45620436685458,74.56658778599875,68.22478653270853,,,,,,87.19229735875481,,,,,84.7762182625954,67.95839430826896,87.19229735875481,"rgba(38, 166, 154, 0.75)"
2026-06-17 00:00:00+00:00,83.88,86.34,83.73,85.86,689582,0.0,0.0,0.0,0.0,0.0,0.0,0.0,0.0,82.60402554762739,81.16750387852733,77.46798181243172,74.58089702838252,68.23806777511344,,,,,,87.01232416321216,,,,,84.7722163221783,67.97171917261815,87.01232416321216,"rgba(38, 166, 154, 0.75)"
