date,Close,High,Low,Open,Volume,OB_c0,OB_High_c0,OB_Low_c0,OB_Mitigated_Index_c0,OB,OB_High,OB_Low,OB_Mitigated_Index,aVWAP_OB_bull_c0_1220,aVWAP_OB_bull_c0_1203,aVWAP_OB_bear_c0_1245,aVWAP_OB_bear_c0_1240,aVWAP_OB_bear_c0_1152,aVWAP_OB_bear_c0_1024,aVWAP_OB_bear_c0_69,aVWAP_QQEMOD_bull_dot_c0_1074,aVWAP_QQEMOD_bull_dot_c0_1085,aVWAP_QQEMOD_bull_dot_c0_1125,aVWAP_QQEMOD_bull_dot_c0_1141,aVWAP_QQEMOD_bull_dot_c0_1222,aVWAP_QQEMOD_bear_dot_c0_1084,aVWAP_QQEMOD_bear_dot_c0_1120,aVWAP_QQEMOD_bear_dot_c0_1135,aVWAP_QQEMOD_bear_dot_c0_1173,aVWAP_QQEMOD_bear_dot_c0_1251,aVWAP_price_maxima_minima_valley_c0_1,aVWAP_price_maxima_minima_peak_c0_1,color
2021-06-21 00:00:00+00:00,29.506,30.1,28.5,30.1,3660,0.0,0.0,0.0,0.0,0.0,0.0,0.0,0.0,,,,,,,,,,,,,,,,,,,,#000000
2021-06-22 00:00:00+00:00,29.503,30.1,28.904,30.1,1390,0.0,0.0,0.0,0.0,0.0,0.0,0.0,0.0,,,,,,,,,,,,,,,,,,,,"rgba(239, 83, 80, 0.5)"
2021-06-23 00:00:00+00:00,29.603,30.0,28.8,28.8,1270,0.0,0.0,0.0,0.0,0.0,0.0,0.0,0.0,,,,,,,,,,,,,,,,,,,,"rgba(239, 83, 80, 0.5)"
2021-06-24 00:00:00+00:00,29.8,30.2,28.6,30.2,3269,0.0,0.0,0.0,0.0,0.0,0.0,0.0,0.0,,,,,,,,,,,,,,,,,,,,"rgba(38, 166, 154, 0.5)"
2021-06-25 00:00:00+00:00,29.9,30.0,28.961,29.814,2597,0.0,0.0,0.0,0.0,0.0,0.0,0.0,0.0,,,,,,,,,,,,,,,,,,,,"rgba(38, 166, 154, 0.5)"
2021-06-28 00:00:00+00:00,29.8,29.9,28.9,28.9,1333,0.0,0.0,0.0,0.0,0.0,0.0,0.0,0.0,,,,,,,,,,,,,,,,,,,,"rgba(38, 166, 154, 0.5)"
2021-06-29 00:00:00+00:00,29.6,29.9,29.0,29.6,2377,0.0,0.0,0.0,0.0,0.0,0.0,0.0,0.0,,,,,,,,,,,,,,,,,,,,"rgba(38, 166, 154, 0.5)"
2021-06-30 00:00:00+00:00,28.7,29.9,28.5,29.899,2140,0.0,0.0,0.0,0.0,0.0,0.0,0.0,0.0,,,,,,,,,,,,,,,,,,,,#000000
2021-07-01 00:00:00+00:00,29.6,29.9,28.65,28.65,821,0.0,0.0,0.0,0.0,0.0,0.0,0.0,0.0,,,,,,,,,,,,,,,,,,,,#000000
2021-07-02 00:00:00+00:00,29.5,29.542,28.85,29.044,1388,0.0,0.0,0.0,0.0,0.0,0.0,0.0,0.0,,,,,,,,,,,,,,,,,,,,#000000
2021-07-06 00:00:00+00:00,28.5,29.6,28.4,28.4,1858,0.0,0.0,0.0,0.0,0.0,0.0,0.0,0.0,,,,,,,,,,,,,,,,,,,,"rgba(239, 83, 80, 0.5)"
2021-07-07 00:00:00+00:00,29.221,29.6,28.6,28.6,616,0.0,0.0,0.0,0.0,0.0,0.0,0.0,0.0,,,,,,,,,,,,,,,,,,,,"rgba(239, 83, 80, 0.5)"
2021-07-08 00:00:00+00:00,29.481,29.5,28.5,29.5,677,0.0,0.0,0.0,0.0,0.0,0.0,0.0,0.0,,,,,,,,,,,,,,,,,,,,#000000
2021-07-09 00:00:00+00:00,28.0,29.5,28.0,29.5,1472,0.0,0.0,0.0,0.0,0.0,0.0,0.0,0.0,,,,,,,,,,,,,,,,,,,,"rgba(239, 83, 80, 0.5)"
2021-07-12 00:00:00+00:00,28.0,29.5,27.6,27.6,2002,0.0,0.0,0.0,0.0,0.0,0.0,0.0,0.0,,,,,,,,,,,,,,,,,,,,"rgba(239, 83, 80, 0.5)"
2021-07-13 00:00:00+00:00,28.3,29.2,27.0,27.0,3898,0.0,0.0,0.0,0.0,0.0,0.0,0.0,0.0,,,,,,,,,,,,,,,,,,,,"rgba(239, 83, 80, 0.5)"
2021-07-14 00:00:00+00:00,26.5,27.446,26.5,27.4,862,0.0,0.0,0.0,0.0,0.0,0.0,0.0,0.0,,,,,,,,,,,,,,,,,,,,"rgba(239, 83, 80, 0.5)"
2021-07-15 00:00:00+00:00,26.6,26.6,25.3,25.3,301,0.0,0.0,0.0,0.0,0.0,0.0,0.0,0.0,,,,,,,,,,,,,,,,,,,,"rgba(239, 83, 80, 0.5)"
2021-07-16 00:00:00+00:00,25.597,25.6,25.597,25.6,69,0.0,0.0,0.0,0.0,0.0,0.0,0.0,0.0,,,,,,,,,,,,,,,,,,,,"rgba(239, 83, 80, 0.5)"
2021-07-19 00:00:00+00:00,24.35,25.7,24.2,25.4,2025,0.0,0.0,0.0,0.0,0.0,0.0,0.0,0.0,,,,,,,,,,,,,,,,,,,,"rgba(239, 83, 80, 0.5)"
2021-07-20 00:00:00+00:00,24.9,25.4,24.3,25.4,655,0.0,0.0,0.0,0.0,0.0,0.0,0.0,0.0,,,,,,,,,,,,,,,,,,,,"rgba(239, 83, 80, 0.5)"
2021-07-21 00:00:00+00:00,25.6,25.6,24.999,25.0,1152,0.0,0.0,0.0,0.0,0.0,0.0,0.0,0.0,,,,,,,,,,,,,,,,,,,,"rgba(239, 83, 80, 0.5)"
2021-07-22 00:00:00+00:00,26.501,26.6,25.5,25.5,728,0.0,0.0,0.0,0.0,0.0,0.0,0.0,0.0,,,,,,,,,,,,,,,,,,,,"rgba(239, 83, 80, 0.5)"
2021-07-23 00:00:00+00:00,27.2,28.5,26.6,27.6,656,0.0,0.0,0.0,0.0,0.0,0.0,0.0,0.0,,,,,,,,,,,,,,,,,,,,"rgba(239, 83, 80, 0.5)"
2021-07-26 00:00:00+00:00,28.9,29.6,26.1,26.3,1930,0.0,0.0,0.0,0.0,0.0,0.0,0.0,0.0,,,,,,,,,,,,,,,,,,,,"rgba(239, 83, 80, 0.5)"
2021-07-27 00:00:00+00:00,28.6,29.8,27.7,27.7,509,0.0,0.0,0.0,0.0,0.0,0.0,0.0,0.0,,,,,,,,,,,,,,,,,,,,#000000
2021-07-28 00:00:00+00:00,28.5,29.0,28.0,28.0,389,0.0,0.0,0.0,0.0,0.0,0.0,0.0,0.0,,,,,,,,,,,,,,,,,,,,"rgba(38, 166, 154, 0.5)"
2021-07-29 00:00:00+00:00,29.5,29.6,28.4,28.4,426,0.0,0.0,0.0,0.0,0.0,0.0,0.0,0.0,,,,,,,,,,,,,,,,,,,,"rgba(38, 166, 154, 0.5)"
2021-07-30 00:00:00+00:00,29.8,30.0,29.1,29.6,915,0.0,0.0,0.0,0.0,0.0,0.0,0.0,0.0,,,,,,,,,,,,,,,,,,,,"rgba(38, 166, 154, 0.5)"
2021-08-02 00:00:00+00:00,29.5,30.0,29.5,29.9,529,0.0,0.0,0.0,0.0,0.0,0.0,0.0,0.0,,,,,,,,,,,,,,,,,,,,"rgba(38, 166, 154, 0.5)"
2021-08-03 00:00:00+00:00,29.1,30.0,29.1,29.5,432,0.0,0.0,0.0,0.0,0.0,0.0,0.0,0.0,,,,,,,,,,,,,,,,,,,,"rgba(38, 166, 154, 0.5)"
2021-08-04 00:00:00+00:00,28.1,29.342,25.1,29.342,1201,0.0,0.0,0.0,0.0,0.0,0.0,0.0,0.0,,,,,,,,,,,,,,,,,,,,"rgba(38, 166, 154, 0.5)"
2021-08-05 00:00:00+00:00,28.9,30.771,25.6,28.152,3352,0.0,0.0,0.0,0.0,0.0,0.0,0.0,0.0,,,,,,,,,,,,,,,,,,,,"rgba(38, 166, 154, 0.5)"
2021-08-06 00:00:00+00:00,30.393,31.3,28.8,28.8,987,0.0,0.0,0.0,0.0,0.0,0.0,0.0,0.0,,,,,,,,,,,,,,,,,,,,"rgba(38, 166, 154, 0.5)"
2021-08-09 00:00:00+00:00,29.719,31.1,28.439,29.7,1828,0.0,0.0,0.0,0.0,0.0,0.0,0.0,0.0,,,,,,,,,,,,,,,,,,,,"rgba(38, 166, 154, 0.5)"
2021-08-10 00:00:00+00:00,29.7,29.7,29.6,29.7,251,0.0,0.0,0.0,0.0,0.0,0.0,0.0,0.0,,,,,,,,,,,,,,,,,,,,"rgba(38, 166, 154, 0.5)"
2021-08-11 00:00:00+00:00,27.35,28.9,27.35,28.9,128,0.0,0.0,0.0,0.0,0.0,0.0,0.0,0.0,,,,,,,,,,,,,,,,,,,,#000000
2021-08-12 00:00:00+00:00,26.7,28.067,25.45,27.254,918,0.0,0.0,0.0,0.0,0.0,0.0,0.0,0.0,,,,,,,,,,,,,,,,,,,,#000000
2021-08-13 00:00:00+00:00,26.5,27.011,25.0,25.1,321,0.0,0.0,0.0,0.0,0.0,0.0,0.0,0.0,,,,,,,,,,,,,,,,,,,,"rgba(239, 83, 80, 0.5)"
2021-08-16 00:00:00+00:00,26.3,26.548,25.101,25.7,657,0.0,0.0,0.0,0.0,0.0,0.0,0.0,0.0,,,,,,,,,,,,,,,,,,,,"rgba(239, 83, 80, 0.5)"
2021-08-17 00:00:00+00:00,26.1,28.093,26.0,27.3,709,0.0,0.0,0.0,0.0,0.0,0.0,0.0,0.0,,,,,,,,,,,,,,,,,,,,"rgba(239, 83, 80, 0.5)"
2021-08-18 00:00:00+00:00,26.3,27.2,26.201,27.2,86,0.0,0.0,0.0,0.0,0.0,0.0,0.0,0.0,,,,,,,,,,,,,,,,,,,,"rgba(239, 83, 80, 0.5)"
2021-08-19 00:00:00+00:00,25.1,25.5,25.1,25.5,61,0.0,0.0,0.0,0.0,0.0,0.0,0.0,0.0,,,,,,,,,,,,,,,,,,,,"rgba(239, 83, 80, 0.5)"
2021-08-20 00:00:00+00:00,25.8,28.537,25.2,27.05,484,0.0,0.0,0.0,0.0,0.0,0.0,0.0,0.0,,,,,,,,,,,,,,,,,,,,"rgba(239, 83, 80, 0.5)"
2021-08-23 00:00:00+00:00,25.9,28.9,24.6,24.8,810,0.0,0.0,0.0,0.0,0.0,0.0,0.0,0.0,,,,,,,,,,,,,,,,,,,,"rgba(239, 83, 80, 0.5)"
2021-08-24 00:00:00+00:00,26.4,26.492,25.7,25.7,74,0.0,0.0,0.0,0.0,0.0,0.0,0.0,0.0,,,,,,,,,,,,,,,,,,,,"rgba(239, 83, 80, 0.5)"
2021-08-25 00:00:00+00:00,25.6,26.5,25.251,25.5,478,0.0,0.0,0.0,0.0,0.0,0.0,0.0,0.0,,,,,,,,,,,,,,,,,,,,"rgba(239, 83, 80, 0.5)"
2021-08-26 00:00:00+00:00,26.7,26.7,25.3,25.3,58,0.0,0.0,0.0,0.0,0.0,0.0,0.0,0.0,,,,,,,,,,,,,,,,,,,,"rgba(239, 83, 80, 0.5)"
2021-08-27 00:00:00+00:00,25.8,26.55,25.3,25.3,709,0.0,0.0,0.0,0.0,0.0,0.0,0.0,0.0,,,,,,,,,,,,,,,,,,,,"rgba(239, 83, 80, 0.5)"
2021-08-30 00:00:00+00:00,25.1,26.068,25.1,25.2,898,0.0,0.0,0.0,0.0,0.0,0.0,0.0,0.0,,,,,,,,,,,,,,,,,,,,"rgba(239, 83, 80, 0.5)"
2021-08-31 00:00:00+00:00,25.3,26.545,24.7,26.545,916,0.0,0.0,0.0,0.0,0.0,0.0,0.0,0.0,,,,,,,,,,,,,,,,,,,,"rgba(239, 83, 80, 0.5)"
2021-09-01 00:00:00+00:00,25.775,25.999,24.7,24.7,995,0.0,0.0,0.0,0.0,0.0,0.0,0.0,0.0,,,,,,,,,,,,,,,,,,,,"rgba(239, 83, 80, 0.5)"
2021-09-02 00:00:00+00:00,25.599,25.7,24.501,24.501,417,0.0,0.0,0.0,0.0,0.0,0.0,0.0,0.0,,,,,,,,,,,,,,,,,,,,"rgba(239, 83, 80, 0.5)"
2021-09-03 00:00:00+00:00,25.6,26.0,24.6,25.5,168,0.0,0.0,0.0,0.0,0.0,0.0,0.0,0.0,,,,,,,,,,,,,,,,,,,,"rgba(239, 83, 80, 0.5)"
2021-09-07 00:00:00+00:00,26.962,28.0,24.7,24.7,1232,0.0,0.0,0.0,0.0,0.0,0.0,0.0,0.0,,,,,,,,,,,,,,,,,,,,#000000
2021-09-08 00:00:00+00:00,27.5,30.0,25.3,25.3,2012,0.0,0.0,0.0,0.0,0.0,0.0,0.0,0.0,,,,,,,,,,,,,,,,,,,,#000000
2021-09-09 00:00:00+00:00,28.8,28.9,25.792,26.7,674,0.0,0.0,0.0,0.0,0.0,0.0,0.0,0.0,,,,,,,,,,,,,,,,,,,,"rgba(38, 166, 154, 1.0)"
2021-09-10 00:00:00+00:00,29.9,31.3,27.2,31.3,2605,0.0,0.0,0.0,0.0,0.0,0.0,0.0,0.0,,,,,,,,,,,,,,,,,,,,"rgba(38, 166, 154, 1.0)"
2021-09-13 00:00:00+00:00,29.7,30.4,25.901,28.5,1624,0.0,0.0,0.0,0.0,0.0,0.0,0.0,0.0,,,,,,,,,,,,,,,,,,,,"rgba(38, 166, 154, 1.0)"
2021-09-14 00:00:00+00:00,28.735,30.0,26.901,28.3,690,0.0,0.0,0.0,0.0,0.0,0.0,0.0,0.0,,,,,,,,,,,,,,,,,,,,"rgba(38, 166, 154, 1.0)"
2021-09-15 00:00:00+00:00,29.0,30.6,28.683,29.3,379,0.0,0.0,0.0,0.0,0.0,0.0,0.0,0.0,,,,,,,,,,,,,,,,,,,,"rgba(38, 166, 154, 1.0)"
2021-09-16 00:00:00+00:00,30.0,31.0,26.7,27.5,1740,0.0,0.0,0.0,0.0,0.0,0.0,0.0,0.0,,,,,,,,,,,,,,,,,,,,"rgba(38, 166, 154, 1.0)"
2021-09-17 00:00:00+00:00,30.5,30.9,30.0,30.0,127,0.0,0.0,0.0,0.0,0.0,0.0,0.0,0.0,,,,,,,,,,,,,,,,,,,,"rgba(38, 166, 154, 1.0)"
2021-09-20 00:00:00+00:00,29.85,33.972,29.4,29.4,1316,0.0,0.0,0.0,0.0,0.0,0.0,0.0,0.0,,,,,,,,,,,,,,,,,,,31.074000000000005,"rgba(38, 166, 154, 1.0)"
2021-09-21 00:00:00+00:00,29.8,31.2,26.5,28.9,631,0.0,0.0,0.0,0.0,0.0,0.0,0.0,0.0,,,,,,,,,,,,,,,,,,,30.455855504194492,"rgba(38, 166, 154, 1.0)"
2021-09-22 00:00:00+00:00,30.1,30.9,28.8,28.8,384,0.0,0.0,0.0,0.0,0.0,0.0,0.0,0.0,,,,,,,,,,,,,,,,,,,30.369777205777208,"rgba(38, 166, 154, 1.0)"
2021-09-23 00:00:00+00:00,30.65,30.8,29.0,29.9,1278,0.0,0.0,0.0,0.0,0.0,0.0,0.0,0.0,,,,,,,,,,,,,,,,,,,30.291950863581786,"rgba(38, 166, 154, 1.0)"
2021-09-24 00:00:00+00:00,29.5,30.5,28.51,30.5,712,0.0,0.0,0.0,0.0,0.0,0.0,0.0,0.0,,,,,,,,,,,,,,,,,,,30.162005091414027,"rgba(38, 166, 154, 0.75)"
2021-09-27 00:00:00+00:00,30.9,31.185,29.8,29.8,625,0.0,0.0,0.0,0.0,0.0,0.0,0.0,0.0,,,,,,,,,,,,,,,,,,,30.22093253807791,"rgba(38, 166, 154, 0.75)"
2021-09-28 00:00:00+00:00,31.0,31.8,29.8,29.8,890,-1.0,31.8,29.8,0.0,0.0,0.0,0.0,0.0,,,,,,,30.866666666666664,,,,,,,,,,,,30.319408099154675,"rgba(38, 166, 154, 0.75)"
2021-09-29 00:00:00+00:00,29.8,31.3,29.8,31.1,346,0.0,0.0,0.0,0.0,0.0,0.0,0.0,0.0,,,,,,,30.708036677454153,,,,,,,,,,,,30.31832184837701,"rgba(38, 166, 154, 0.75)"
2021-09-30 00:00:00+00:00,30.9,31.5,30.0,30.0,258,0.0,0.0,0.0,0.0,0.0,0.0,0.0,0.0,,,,,,,30.723917893797413,,,,,,,,,,,,30.337618892339545,"rgba(38, 166, 154, 0.75)"
2021-10-01 00:00:00+00:00,31.2,31.547,30.9,30.9,173,0.0,0.0,0.0,0.0,0.0,0.0,0.0,0.0,,,,,,,30.77495120975805,,,,,,,,,,,,30.360589142597913,"rgba(38, 166, 154, 0.75)"
2021-10-04 00:00:00+00:00,30.8,31.14,30.187,30.3,357,0.0,0.0,0.0,0.0,0.0,0.0,0.0,0.0,,,,,,,30.763318511198946,,,,,,,,,,,,30.378434576757535,"rgba(38, 166, 154, 0.75)"
2021-10-05 00:00:00+00:00,30.7,31.1,30.0,31.1,150,0.0,0.0,0.0,0.0,0.0,0.0,0.0,0.0,,,,,,,30.75204998466728,,,,,,,,,,,,30.383102387640452,"rgba(38, 166, 154, 0.75)"
2021-10-06 00:00:00+00:00,28.3,30.9,27.0,30.9,604,0.0,0.0,0.0,0.0,0.0,0.0,0.0,0.0,,,,,,,30.313135349172065,,,,,,,,,,,,30.254094035905407,#000000
2021-10-07 00:00:00+00:00,28.5,28.5,28.1,28.1,74,0.0,0.0,0.0,0.0,0.0,0.0,0.0,0.0,,,,,,,30.262630902290788,,,,,,,,,,,,30.236183081131916,#000000
2021-10-08 00:00:00+00:00,29.0,29.7,26.653,27.8,342,0.0,0.0,0.0,0.0,0.0,0.0,0.0,0.0,,,,,,,30.068649133792526,,,,,,,,,,,,30.161179074529077,#000000
2021-10-11 00:00:00+00:00,29.0,29.0,29.0,29.0,74,0.0,0.0,0.0,0.0,0.0,0.0,0.0,0.0,,,,,,,30.044450836393306,,,,,,,,,,,,30.150718001785574,"rgba(239, 83, 80, 1.0)"
2021-10-12 00:00:00+00:00,30.564,30.564,29.6,29.6,91,0.0,0.0,0.0,0.0,0.0,0.0,0.0,0.0,,,,,,,30.049820779994047,,,,,,,,,,,,30.15172550672286,#000000
2021-10-13 00:00:00+00:00,29.4,29.6,29.4,29.6,24,0.0,0.0,0.0,0.0,0.0,0.0,0.0,0.0,,,,,,,30.04568371268105,,,,,,,,,,,,30.149751510785613,#000000
2021-10-14 00:00:00+00:00,28.6,29.6,27.1,28.0,677,0.0,0.0,0.0,0.0,0.0,0.0,0.0,0.0,,,,,,,29.776826272577996,,,,,,,,,,,,30.020724739062846,#000000
2021-10-15 00:00:00+00:00,27.507,27.863,26.6,26.6,80,0.0,0.0,0.0,0.0,0.0,0.0,0.0,0.0,,,,,,,29.72941578099839,,,,,,,,,,,,29.996974869763,"rgba(239, 83, 80, 1.0)"
2021-10-18 00:00:00+00:00,26.8,26.8,26.5,26.5,105,0.0,0.0,0.0,0.0,0.0,0.0,0.0,0.0,,,,,,,29.654483235178642,,,,,,,,,,,,29.95930950567584,"rgba(239, 83, 80, 1.0)"
2021-10-19 00:00:00+00:00,25.1,26.5,24.6,26.5,1760,0.0,0.0,0.0,0.0,0.0,0.0,0.0,0.0,,,,,,,28.40754060505135,,,,,,,,,,,,29.226555900526584,"rgba(239, 83, 80, 1.0)"
2021-10-20 00:00:00+00:00,25.0,25.0,24.6,24.6,64,0.0,0.0,0.0,0.0,0.0,0.0,0.0,0.0,,,,,,,28.370200692041525,,,,,,,,,,,,29.201223816008472,"rgba(239, 83, 80, 1.0)"
2021-10-21 00:00:00+00:00,25.0,26.196,25.0,25.0,366,0.0,0.0,0.0,0.0,0.0,0.0,0.0,0.0,,,,,,,28.20119036519037,,,,,,,,,,,,29.07893790820959,"rgba(239, 83, 80, 1.0)"
2021-10-22 00:00:00+00:00,25.0,26.5,25.0,26.5,316,0.0,0.0,0.0,0.0,0.0,0.0,0.0,0.0,,,,,,,28.074753369871136,,,,,,,,,,,,28.982251204012424,"rgba(239, 83, 80, 1.0)"
2021-10-25 00:00:00+00:00,26.108,26.108,24.4,24.4,125,0.0,0.0,0.0,0.0,0.0,0.0,0.0,0.0,,,,,,,28.02864940857088,,,,,,,,,,,,28.94584043873005,"rgba(239, 83, 80, 1.0)"
2021-10-26 00:00:00+00:00,26.1,26.1,26.1,26.1,27,0.0,0.0,0.0,0.0,0.0,0.0,0.0,0.0,,,,,,,28.021105799410893,,,,,,,,,,,,28.93935569808985,"rgba(239, 83, 80, 0.75)"
2021-10-27 00:00:00+00:00,26.0,26.0,26.0,26.0,40,0.0,0.0,0.0,0.0,0.0,0.0,0.0,0.0,,,,,,,28.009461808056084,,,,,,,,,,,,28.929466369473182,"rgba(239, 83, 80, 0.75)"
2021-10-28 00:00:00+00:00,26.0,26.0,25.9,25.9,170,0.0,0.0,0.0,0.0,0.0,0.0,0.0,0.0,,,,,,,27.960639205211123,,,,,,,,,,,,28.887698731238075,"rgba(239, 83, 80, 0.75)"
2021-10-29 00:00:00+00:00,24.65,26.0,24.3,25.6,415,0.0,0.0,0.0,0.0,0.0,0.0,0.0,0.0,,,,,,,27.796507704569617,,,,,,,,,,,,28.7578036181925,"rgba(239, 83, 80, 0.75)"
2021-11-01 00:00:00+00:00,24.8,24.8,24.8,24.8,47,0.0,0.0,0.0,0.0,0.0,0.0,0.0,0.0,,,,,,,27.777915511551164,,,,,,,,,,,,28.742947235311338,"rgba(239, 83, 80, 0.75)"
2021-11-02 00:00:00+00:00,24.8,26.0,24.7,24.7,171,0.0,0.0,0.0,0.0,0.0,0.0,0.0,0.0,,,,,,,27.720269816679586,,,,,,,,,,,,28.694763814476303,"rgba(239, 83, 80, 1.0)"
2021-11-03 00:00:00+00:00,25.0,25.0,24.5,24.5,149,0.0,0.0,0.0,0.0,0.0,0.0,0.0,0.0,,,,,,,27.66578551826051,,,,,,,,,,,,28.649957869324815,"rgba(239, 83, 80, 1.0)"
2021-11-04 00:00:00+00:00,25.1,26.0,25.0,26.0,599,0.0,0.0,0.0,0.0,0.0,0.0,0.0,0.0,,,,,,,27.50365081233813,,,,,,,,,,,,28.503626661706342,"rgba(239, 83, 80, 1.0)"
2021-11-05 00:00:00+00:00,25.3,25.3,25.1,25.2,145,0.0,0.0,0.0,0.0,0.0,0.0,0.0,0.0,,,,,,,27.465545009067416,,,,,,,,,,,,28.468721064900006,"rgba(239, 83, 80, 0.75)"
2021-11-08 00:00:00+00:00,25.1,25.2,25.0,25.1,151,0.0,0.0,0.0,0.0,0.0,0.0,0.0,0.0,,,,,,,27.42490822904817,,,,,,,,,,,,28.431688676955922,"rgba(239, 83, 80, 0.75)"
2021-11-09 00:00:00+00:00,25.1,25.2,25.0,25.2,146,0.0,0.0,0.0,0.0,0.0,0.0,0.0,0.0,,,,,,,27.38692293345271,,,,,,,,,,,,28.396648585698497,"rgba(239, 83, 80, 0.75)"
2021-11-10 00:00:00+00:00,25.0,25.0,25.0,25.0,154,0.0,0.0,0.0,0.0,0.0,0.0,0.0,0.0,,,,,,,27.346484415108186,,,,,,,,,,,,28.359381281466693,"rgba(239, 83, 80, 0.75)"
2021-11-11 00:00:00+00:00,25.0,25.7,24.9,25.1,184,0.0,0.0,0.0,0.0,0.0,0.0,0.0,0.0,,,,,,,27.303897275537352,,,,,,,,,,,,28.318500398499754,"rgba(239, 83, 80, 0.75)"
2021-11-12 00:00:00+00:00,24.9,25.999,24.8,25.999,126,0.0,0.0,0.0,0.0,0.0,0.0,0.0,0.0,,,,,,,27.27613843971632,,,,,,,,,,,,28.291400645940787,"rgba(239, 83, 80, 0.75)"
2021-11-15 00:00:00+00:00,24.8,24.8,24.6,24.6,642,0.0,0.0,0.0,0.0,0.0,0.0,0.0,0.0,,,,,,,27.11357312620329,,,,,,,,,,,,28.13899343919579,"rgba(239, 83, 80, 0.75)"
2021-11-16 00:00:00+00:00,23.6,24.4,23.6,24.4,392,0.0,0.0,0.0,0.0,0.0,0.0,0.0,0.0,,,,,,,26.99158852469492,,,,,,,,,,,,28.03010188556566,"rgba(239, 83, 80, 1.0)"
2021-11-17 00:00:00+00:00,23.4,23.6,23.1,23.5,301,0.0,0.0,0.0,0.0,0.0,0.0,0.0,0.0,,,,,,,26.889948889923932,,,,,,,,,,,,27.94058629339114,"rgba(239, 83, 80, 1.0)"
2021-11-18 00:00:00+00:00,23.401,23.633,23.4,23.4,344,0.0,0.0,0.0,0.0,0.0,0.0,0.0,0.0,,,,,,,26.78400878538978,,,,,,,,,,,,27.844790369214756,"rgba(239, 83, 80, 1.0)"
2021-11-19 00:00:00+00:00,24.6,24.602,22.401,23.6,753,0.0,0.0,0.0,0.0,0.0,0.0,0.0,0.0,,,,,,,26.59840993351364,,,,,,,,,,,,27.66629626097666,"rgba(239, 83, 80, 0.75)"
2021-11-22 00:00:00+00:00,24.5,24.8,24.001,24.4,1649,0.0,0.0,0.0,0.0,0.0,0.0,0.0,0.0,,,,,,,26.333617881957323,,,,,,,,,,,,27.3770138926575,"rgba(239, 83, 80, 0.75)"
2021-11-23 00:00:00+00:00,24.5,24.5,24.5,24.5,2,0.0,0.0,0.0,0.0,0.0,0.0,0.0,0.0,,,,,,,26.33334589235828,,,,,,,,,,,,27.376701665852718,"rgba(239, 83, 80, 0.75)"
2021-11-24 00:00:00+00:00,23.6,23.6,22.0,22.1,141,0.0,0.0,0.0,0.0,0.0,0.0,0.0,0.0,,,,,,,26.299537776472896,,,,,,,,,,,,27.34397603661819,"rgba(239, 83, 80, 0.75)"
2021-11-26 00:00:00+00:00,23.6,23.6,23.6,23.6,0,0.0,0.0,0.0,0.0,0.0,0.0,0.0,0.0,,,,,,,26.299537776472896,,,,,,,,,,,,27.34397603661819,"rgba(239, 83, 80, 0.75)"
2021-11-29 00:00:00+00:00,22.6,22.8,21.5,22.7,1553,0.0,0.0,0.0,0.0,0.0,0.0,0.0,0.0,,,,,,,25.890281522479196,,,,,,,,,,,,26.954705312329164,"rgba(239, 83, 80, 1.0)"
2021-11-30 00:00:00+00:00,22.6,22.6,22.6,22.6,68,0.0,0.0,0.0,0.0,0.0,0.0,0.0,0.0,,,,,,,25.87560529135236,,,,,,,,,,,,26.940039373978497,"rgba(239, 83, 80, 1.0)"
2021-12-01 00:00:00+00:00,24.0,24.0,24.0,24.0,20,0.0,0.0,0.0,0.0,0.0,0.0,0.0,0.0,,,,,,,25.87314789824217,,,,,,,,,,,,26.937130028202457,"rgba(239, 83, 80, 0.75)"
2021-12-02 00:00:00+00:00,20.3,24.0,20.3,24.0,1021,0.0,0.0,0.0,0.0,0.0,0.0,0.0,0.0,,,,,,,25.601076753039425,,,,,,,,,,,,26.677273376664147,"rgba(239, 83, 80, 0.75)"
2021-12-03 00:00:00+00:00,21.6,22.0,21.0,21.0,818,0.0,0.0,0.0,0.0,0.0,0.0,0.0,0.0,,,,,,,25.406536638603058,,,,,,,,,,,,26.486446031746027,"rgba(239, 83, 80, 0.75)"
2021-12-06 00:00:00+00:00,22.7,22.7,22.7,22.7,30,0.0,0.0,0.0,0.0,0.0,0.0,0.0,0.0,,,,,,,25.401797751060272,,,,,,,,,,,,26.4813014039855,"rgba(239, 83, 80, 0.75)"
2021-12-07 00:00:00+00:00,23.4,23.55,21.812,21.9,310,0.0,0.0,0.0,0.0,0.0,0.0,0.0,0.0,,,,,,,25.35770518994115,,,,,,,,,,,,26.43200275420574,"rgba(239, 83, 80, 0.5)"
2021-12-08 00:00:00+00:00,23.4,23.4,21.0,22.3,711,0.0,0.0,0.0,0.0,0.0,0.0,0.0,0.0,,,,,,,25.249705829431747,,,,,,,,,,,,26.314061801076424,"rgba(239, 83, 80, 0.5)"
2021-12-09 00:00:00+00:00,20.8,21.0,20.8,21.0,103,0.0,0.0,0.0,0.0,0.0,0.0,0.0,0.0,,,,,,,25.22497951582868,,,,,,,,,,,,26.289881414123997,"rgba(239, 83, 80, 0.5)"
2021-12-10 00:00:00+00:00,21.901,22.1,20.2,20.2,347,0.0,0.0,0.0,0.0,0.0,0.0,0.0,0.0,,,,,,,25.153646421212937,,,,,,,,,,,,26.217838902806673,"rgba(239, 83, 80, 0.5)"
2021-12-13 00:00:00+00:00,22.0,22.0,20.5,20.5,194,0.0,0.0,0.0,0.0,0.0,0.0,0.0,0.0,,,,,,,25.11594189407238,,,,,,,,,,,,26.17929349336702,"rgba(239, 83, 80, 0.5)"
2021-12-14 00:00:00+00:00,20.9,21.6,20.6,21.6,157,0.0,0.0,0.0,0.0,0.0,0.0,0.0,0.0,,,,,,,25.082128349862842,,,,,,,,,,,,26.14549231584525,"rgba(239, 83, 80, 0.5)"
2021-12-15 00:00:00+00:00,20.2,20.699,20.2,20.2,201,0.0,0.0,0.0,0.0,0.0,0.0,0.0,0.0,,,,,,,25.032649057785665,,,,,,,,,,,,26.09729869034283,"rgba(239, 83, 80, 0.5)"
2021-12-16 00:00:00+00:00,20.2,20.425,20.2,20.2,163,0.0,0.0,0.0,0.0,0.0,0.0,0.0,0.0,,,,,,,24.99250947204969,,,,,,,,,,,,26.058189043655037,"rgba(239, 83, 80, 0.5)"
2021-12-17 00:00:00+00:00,20.05,20.05,19.4,20.0,1654,0.0,0.0,0.0,0.0,0.0,0.0,0.0,0.0,,,,,,,24.585659212993864,,,,,,,,,,,,25.660970241769544,"rgba(239, 83, 80, 0.5)"
2021-12-20 00:00:00+00:00,20.7,21.4,20.7,20.9,49,0.0,0.0,0.0,0.0,0.0,0.0,0.0,0.0,,,,,,,24.577146442784887,,,,,,,,,,,,25.652049828641836,"rgba(239, 83, 80, 0.5)"
2021-12-21 00:00:00+00:00,20.2,20.273,18.5,19.7,836,0.0,0.0,0.0,0.0,0.0,0.0,0.0,0.0,,,,,,,24.389000365981975,,,,,,,,,,,,25.46509574084436,"rgba(239, 83, 80, 0.5)"
2021-12-22 00:00:00+00:00,20.5,21.1,20.2,20.2,468,0.0,0.0,0.0,0.0,0.0,0.0,0.0,0.0,,,,,,,24.309578492408296,,,,,,,,,,,,25.381611532773555,"rgba(239, 83, 80, 0.5)"
2021-12-23 00:00:00+00:00,20.5,21.2,20.5,20.5,170,0.0,0.0,0.0,0.0,0.0,0.0,0.0,0.0,,,,,,,24.282554370212324,,,,,,,,,,,,25.352817038953457,"rgba(239, 83, 80, 0.5)"
2021-12-27 00:00:00+00:00,20.5,21.5,20.5,21.5,625,0.0,0.0,0.0,0.0,0.0,0.0,0.0,0.0,,,,,,,24.189320084767754,,,,,,,,,,,,25.252180110208535,"rgba(239, 83, 80, 0.5)"
2021-12-28 00:00:00+00:00,20.5,20.5,20.5,20.5,55,0.0,0.0,0.0,0.0,0.0,0.0,0.0,0.0,,,,,,,24.18056517236916,,,,,,,,,,,,25.242886297099638,"rgba(239, 83, 80, 0.5)"
2021-12-29 00:00:00+00:00,20.869,20.869,20.1,20.5,680,0.0,0.0,0.0,0.0,0.0,0.0,0.0,0.0,,,,,,,24.07886877366531,,,,,,,,,,,,25.13357305373282,"rgba(239, 83, 80, 0.5)"
2021-12-30 00:00:00+00:00,21.4,21.4,20.9,20.9,451,0.0,0.0,0.0,0.0,0.0,0.0,0.0,0.0,,,,,,,24.026073953705225,,,,,,,,,,,,25.07344424694058,"rgba(239, 83, 80, 0.5)"
2021-12-31 00:00:00+00:00,20.0,21.2,20.0,21.2,43,0.0,0.0,0.0,0.0,0.0,0.0,0.0,0.0,,,,,,,24.01967088278373,,,,,,,,,,,,25.06658490630439,"rgba(239, 83, 80, 0.5)"
2022-01-03 00:00:00+00:00,20.3,20.8,20.3,20.3,114,0.0,0.0,0.0,0.0,0.0,0.0,0.0,0.0,,,,,,,24.003114885210156,,,,,,,,,,,,25.048755159634137,"rgba(239, 83, 80, 0.5)"
2022-01-04 00:00:00+00:00,20.1,20.1,19.0,19.0,359,0.0,0.0,0.0,0.0,0.0,0.0,0.0,0.0,,,,,,,23.94136611075303,,,,,,,,,,,,24.98465585040868,"rgba(239, 83, 80, 0.5)"
2022-01-05 00:00:00+00:00,20.39,20.6,18.9,20.6,30,0.0,0.0,0.0,0.0,0.0,0.0,0.0,0.0,,,,,,,23.936564429602207,,,,,,,,,,,,24.97960082774048,"rgba(239, 83, 80, 0.5)"
2022-01-06 00:00:00+00:00,18.802,19.613,18.8,19.1,146,0.0,0.0,0.0,0.0,0.0,0.0,0.0,0.0,,,,,,,23.908153426666665,,,,,,,,,,,,24.950797034662383,"rgba(239, 83, 80, 0.5)"
2022-01-07 00:00:00+00:00,20.0,20.4,19.5,19.7,465,0.0,0.0,0.0,0.0,0.0,0.0,0.0,0.0,,,,,,,23.836180469926042,,,,,,,,,,,,24.87458709019762,"rgba(239, 83, 80, 0.5)"
2022-01-10 00:00:00+00:00,21.0,21.0,20.5,20.5,301,0.0,0.0,0.0,0.0,0.0,0.0,0.0,0.0,,,,,,,23.80110102460607,,,,,,,,,,,,24.834979855865235,"rgba(239, 83, 80, 0.5)"
2022-01-11 00:00:00+00:00,19.94,21.0,19.7,21.0,131,0.0,0.0,0.0,0.0,0.0,0.0,0.0,0.0,,,,,,,23.782952298207,,,,,,,,,,,,24.81535025775702,"rgba(239, 83, 80, 0.5)"
2022-01-12 00:00:00+00:00,18.8,20.625,18.1,19.0,140,0.0,0.0,0.0,0.0,0.0,0.0,0.0,0.0,,,,,,,23.75817550665079,,,,,,,,,,,,24.78986373172384,"rgba(239, 83, 80, 0.5)"
2022-01-13 00:00:00+00:00,20.0,20.2,20.0,20.1,236,0.0,0.0,0.0,0.0,0.0,0.0,0.0,0.0,,,,,,,23.725016138240775,,,,,,,,,,,,24.754158728124956,"rgba(239, 83, 80, 0.5)"
2022-01-14 00:00:00+00:00,20.2,20.2,18.812,19.4,151,0.0,0.0,0.0,0.0,0.0,0.0,0.0,0.0,,,,,,,23.70222851700474,,,,,,,,,,,,24.730010158325353,"rgba(239, 83, 80, 0.5)"
2022-01-18 00:00:00+00:00,19.1,20.4,19.1,20.4,35,0.0,0.0,0.0,0.0,0.0,0.0,0.0,0.0,,,,,,,23.69671389697267,,,,,,,,,,,,24.724218606379015,"rgba(239, 83, 80, 0.5)"
2022-01-19 00:00:00+00:00,18.4,18.4,17.7,17.7,63,0.0,0.0,0.0,0.0,0.0,0.0,0.0,0.0,,,,,,,23.683577897594446,,,,,,,,,,,,24.711090165670935,"rgba(239, 83, 80, 0.5)"
2022-01-20 00:00:00+00:00,20.25,20.9,18.0,18.0,623,0.0,0.0,0.0,0.0,0.0,0.0,0.0,0.0,,,,,,,23.592534033278067,,,,,,,,,,,,24.614130711622145,"rgba(239, 83, 80, 0.5)"
2022-01-21 00:00:00+00:00,20.9,21.6,19.8,20.2,722,0.0,0.0,0.0,0.0,0.0,0.0,0.0,0.0,,,,,,,23.519319254554365,,,,,,,,,,,,24.529473135647446,#000000
2022-01-24 00:00:00+00:00,20.3,21.58,20.3,20.9,220,0.0,0.0,0.0,0.0,0.0,0.0,0.0,0.0,,,,,,,23.497444950807605,,,,,,,,,,,,24.50414641923732,#000000
2022-01-25 00:00:00+00:00,20.1,20.7,20.1,20.7,45,0.0,0.0,0.0,0.0,0.0,0.0,0.0,0.0,,,,,,,23.492330311863117,,,,,,,,,,,,24.49842701090351,#000000
2022-01-26 00:00:00+00:00,20.898,20.9,19.3,19.3,133,0.0,0.0,0.0,0.0,0.0,0.0,0.0,0.0,,,,,,,23.47761947048764,,,,,,,,,,,,24.481877891863125,#000000
2022-01-27 00:00:00+00:00,20.6,21.9,19.2,20.9,660,0.0,0.0,0.0,0.0,0.0,0.0,0.0,0.0,,,,,,,23.411198421204258,,,,,,,,,,,,24.405587277218455,#000000
2022-01-28 00:00:00+00:00,18.4,20.773,18.3,20.773,246,0.0,0.0,0.0,0.0,0.0,0.0,0.0,0.0,,,,,,,23.37532824837452,,,,,,,,,,,,24.367747242332744,#000000
2022-01-31 00:00:00+00:00,19.4,19.4,18.6,18.6,136,0.0,0.0,0.0,0.0,0.0,0.0,0.0,0.0,,,,,,,23.35564314555111,,,,,,,,,,,,24.34696423670918,#000000
2022-02-01 00:00:00+00:00,19.3,19.3,17.2,18.7,612,0.0,0.0,0.0,0.0,0.0,0.0,0.0,0.0,,,,,,,23.258365375402466,,,,,,,,,,,,24.246085357808674,"rgba(239, 83, 80, 0.5)"
2022-02-02 00:00:00+00:00,20.2,20.2,20.2,20.2,12,0.0,0.0,0.0,0.0,0.0,0.0,0.0,0.0,,,,,,,23.25713920906974,,,,,,,,,,,,24.244693236230166,#000000
2022-02-03 00:00:00+00:00,21.0,21.0,21.0,21.0,20,0.0,0.0,0.0,0.0,0.0,0.0,0.0,0.0,,,,,,,23.25563198780229,,,,,,,,,,,,24.24283365332262,#000000
2022-02-04 00:00:00+00:00,19.2,21.1,19.2,21.1,89,0.0,0.0,0.0,0.0,0.0,0.0,0.0,0.0,,,,,,,23.24549268752773,,,,,,,,,,,,24.231616437050995,#000000
2022-02-07 00:00:00+00:00,19.6,19.9,19.6,19.9,65,0.0,0.0,0.0,0.0,0.0,0.0,0.0,0.0,,,,,,,23.23783757958256,,,,,,,,,,,,24.223212823219484,#000000
2022-02-08 00:00:00+00:00,19.4,19.6,18.2,18.9,157,0.0,0.0,0.0,0.0,0.0,0.0,0.0,0.0,,,,,,,23.216197442336913,,,,,,,,,,,,24.200218681360283,#000000
2022-02-09 00:00:00+00:00,20.5,20.9,18.8,18.8,536,0.0,0.0,0.0,0.0,0.0,0.0,0.0,0.0,,,,,,,23.161383866917753,,,,,,,,,,,,24.138233904058474,#000000
2022-02-10 00:00:00+00:00,19.2,20.7,19.2,20.7,114,0.0,0.0,0.0,0.0,0.0,0.0,0.0,0.0,,,,,,,23.14861867020358,,,,,,,,,,,,24.12412384033315,#000000
2022-02-11 00:00:00+00:00,19.5,20.2,19.401,20.2,87,0.0,0.0,0.0,0.0,0.0,0.0,0.0,0.0,,,,,,,23.13894091207242,,,,,,,,,,,,24.113416655074868,#000000
2022-02-14 00:00:00+00:00,20.0,20.0,18.1,18.9,429,0.0,0.0,0.0,0.0,0.0,0.0,0.0,0.0,,,,,,,23.087448432395732,,,,,,,,,,,,24.057432827477488,#000000
2022-02-15 00:00:00+00:00,19.1,20.7,19.1,20.7,80,0.0,0.0,0.0,0.0,0.0,0.0,0.0,0.0,,,,,,,23.078678303922803,,,,,,,,,,,,24.04772393518771,#000000
2022-02-16 00:00:00+00:00,20.5,20.9,19.2,20.9,213,0.0,0.0,0.0,0.0,0.0,0.0,0.0,0.0,,,,,,,23.05934857034771,,,,,,,,,,,,24.025372360251257,#000000
2022-02-17 00:00:00+00:00,19.8,19.8,19.7,19.7,208,0.0,0.0,0.0,0.0,0.0,0.0,0.0,0.0,,,,,,,23.037898545731665,,,,,,,,,,,,24.00135037288134,#000000
2022-02-18 00:00:00+00:00,19.8,19.8,19.8,19.8,62,0.0,0.0,0.0,0.0,0.0,0.0,0.0,0.0,,,,,,,23.031623352401187,,,,,,,,,,,,23.994298264612702,#000000
2022-02-22 00:00:00+00:00,19.5,21.1,18.4,21.1,782,0.0,0.0,0.0,0.0,0.0,0.0,0.0,0.0,,,,,,,22.951331767003317,,,,,,,,,,,,23.904576694327336,#000000
2022-02-23 00:00:00+00:00,18.2,18.7,18.2,18.7,43,0.0,0.0,0.0,0.0,0.0,0.0,0.0,0.0,,,,,,,22.945324313343075,,,,,,,,,,,,23.898270615963124,"rgba(239, 83, 80, 0.5)"
2022-02-24 00:00:00+00:00,18.8,18.8,16.662,16.662,351,0.0,0.0,0.0,0.0,0.0,0.0,0.0,0.0,,,,,,,22.893913126501232,,,,,,,,,,,,23.844755044210626,"rgba(239, 83, 80, 0.5)"
2022-02-25 00:00:00+00:00,18.699,19.6,18.1,18.1,194,0.0,0.0,0.0,0.0,0.0,0.0,0.0,0.0,,,,,,,22.870104373370093,,,,,,,,,,,,23.819204958188653,"rgba(239, 83, 80, 0.5)"
2022-02-28 00:00:00+00:00,21.1,21.1,17.6,17.6,976,0.0,0.0,0.0,0.0,0.0,0.0,0.0,0.0,,,,,,,22.786629156109534,,,,,,,,,,,,23.722659106144288,#000000
2022-03-01 00:00:00+00:00,22.0,23.6,21.5,22.6,2147,0.0,0.0,0.0,0.0,0.0,0.0,0.0,0.0,,,,,,,22.76191532361217,,,,,,,,,,,,23.652388390055503,"rgba(38, 166, 154, 1.0)"
2022-03-02 00:00:00+00:00,20.1,23.8,20.1,23.8,653,0.0,0.0,0.0,0.0,0.0,0.0,0.0,0.0,,,,,,,22.736795792156958,,,,,,,,,,,,23.616403718049238,"rgba(38, 166, 154, 1.0)"
2022-03-03 00:00:00+00:00,19.101,20.1,19.1,20.1,162,0.0,0.0,0.0,0.0,0.0,0.0,0.0,0.0,,,,,,,22.722449377552557,,,,,,,,,,,,23.600363869491442,#000000
2022-03-04 00:00:00+00:00,19.88,21.399,18.8,19.0,630,0.0,0.0,0.0,0.0,0.0,0.0,0.0,0.0,,,,,,,22.67766693910551,,,,,,,,,,,,23.547847502429526,#000000
2022-03-07 00:00:00+00:00,20.429,23.5,20.4,20.5,349,0.0,0.0,0.0,0.0,0.0,0.0,0.0,0.0,,,,,,,22.6664098524827,,,,,,,,,,,,23.530852504781276,#000000
2022-03-08 00:00:00+00:00,20.0,20.0,19.0,19.2,71,0.0,0.0,0.0,0.0,0.0,0.0,0.0,0.0,,,,,,,22.66085607621232,,,,,,,,,,,,23.52451557916617,#000000
2022-03-09 00:00:00+00:00,19.1,20.1,19.015,19.1,146,0.0,0.0,0.0,0.0,0.0,0.0,0.0,0.0,,,,,,,22.648507589730254,,,,,,,,,,,,23.510670380516085,#000000
2022-03-10 00:00:00+00:00,18.8,20.3,18.8,20.3,37,0.0,0.0,0.0,0.0,0.0,0.0,0.0,0.0,,,,,,,22.64529221599362,,,,,,,,,,,,23.507087078522456,#000000
2022-03-11 00:00:00+00:00,18.8,18.8,18.8,18.8,1,0.0,0.0,0.0,0.0,0.0,0.0,0.0,0.0,,,,,,,22.64519242380988,,,,,,,,,,,,23.50697881736009,"rgba(239, 83, 80, 0.5)"
2022-03-14 00:00:00+00:00,18.4,18.9,18.2,18.9,650,0.0,0.0,0.0,0.0,0.0,0.0,0.0,0.0,,,,,,,22.57642854469199,,,,,,,,,,,,23.433228307915414,"rgba(239, 83, 80, 0.5)"
2022-03-15 00:00:00+00:00,16.1,19.4,16.1,19.4,912,0.0,0.0,0.0,0.0,0.0,0.0,0.0,0.0,,,,,,,22.45413641767468,,,,,,,,,,,,23.307016540485318,"rgba(239, 83, 80, 1.0)"
2022-03-16 00:00:00+00:00,18.9,19.15,15.4,15.4,981,0.0,0.0,0.0,0.0,0.0,0.0,0.0,0.0,,,,,,,22.34338177199986,,,,,,,,,,,,23.189984833340556,"rgba(239, 83, 80, 0.75)"
2022-03-17 00:00:00+00:00,18.5,18.5,18.5,18.5,51,0.0,0.0,0.0,0.0,0.0,0.0,0.0,0.0,,,,,,,22.338615743104683,,,,,,,,,,,,23.184793306274806,"rgba(239, 83, 80, 0.75)"
2022-03-18 00:00:00+00:00,17.55,18.698,17.55,18.698,66,0.0,0.0,0.0,0.0,0.0,0.0,0.0,0.0,,,,,,,22.331556469950385,,,,,,,,,,,,23.177280348512088,"rgba(239, 83, 80, 0.75)"
2022-03-21 00:00:00+00:00,19.0,20.1,19.0,19.0,718,0.0,0.0,0.0,0.0,0.0,0.0,0.0,0.0,,,,,,,22.280763339775547,,,,,,,,,,,,23.118889486451668,"rgba(239, 83, 80, 0.5)"
2022-03-22 00:00:00+00:00,19.0,19.8,17.7,19.8,710,0.0,0.0,0.0,0.0,0.0,0.0,0.0,0.0,,,,,,,22.223334483001327,,,,,,,,,,,,23.054921927666925,#000000
2022-03-23 00:00:00+00:00,18.8,19.3,16.4,16.4,63,0.0,0.0,0.0,0.0,0.0,0.0,0.0,0.0,,,,,,,22.21734699184705,,,,,,,,,,,,23.04845625306178,#000000
2022-03-24 00:00:00+00:00,17.6,17.6,17.6,17.6,47,0.0,0.0,0.0,0.0,0.0,0.0,0.0,0.0,,,,,,,22.2122683531862,,,,,,,,,,,,23.043085163356178,"rgba(239, 83, 80, 0.5)"
2022-03-25 00:00:00+00:00,18.5,18.65,16.9,16.9,495,0.0,0.0,0.0,0.0,0.0,0.0,0.0,0.0,,,,,,,22.16422266691342,,,,,,,,,,,,22.991435301281502,"rgba(239, 83, 80, 0.5)"
2022-03-28 00:00:00+00:00,20.3,20.4,18.3,19.6,636,0.0,0.0,0.0,0.0,0.0,0.0,0.0,0.0,,,,,,,22.128008047968617,,,,,,,,,,,,22.948111402502306,#000000
2022-03-29 00:00:00+00:00,20.0,20.1,18.9,20.1,99,0.0,0.0,0.0,0.0,0.0,0.0,0.0,0.0,,,,,,,22.12246511680807,,,,,,,,,,,,22.94146893764354,#000000
2022-03-30 00:00:00+00:00,17.0,18.35,17.0,18.35,100,0.0,0.0,0.0,0.0,0.0,0.0,0.0,0.0,,,,,,,22.111860579650926,,,,,,,,,,,,22.93026345896163,#000000
2022-03-31 00:00:00+00:00,17.1,18.7,16.6,16.6,676,0.0,0.0,0.0,0.0,0.0,0.0,0.0,0.0,,,,,,,22.041669214892956,,,,,,,,,,,,22.855924320189988,"rgba(239, 83, 80, 0.5)"
2022-04-01 00:00:00+00:00,16.5,17.3,16.5,17.3,65,0.0,0.0,0.0,0.0,0.0,0.0,0.0,0.0,,,,,,,22.034016093031553,,,,,,,,,,,,22.84796818632573,"rgba(239, 83, 80, 1.0)"
2022-04-04 00:00:00+00:00,17.8,18.3,17.6,18.3,178,0.0,0.0,0.0,0.0,0.0,0.0,0.0,0.0,,,,,,,22.01765649177411,,,,,,,,,,,,22.830327311087053,"rgba(239, 83, 80, 1.0)"
2022-04-05 00:00:00+00:00,16.5,16.9,16.5,16.9,176,0.0,0.0,0.0,0.0,0.0,0.0,0.0,0.0,,,,,,,21.996670556884272,,,,,,,,,,,,22.808558301065805,"rgba(239, 83, 80, 1.0)"
2022-04-06 00:00:00+00:00,18.962,22.0,17.6,17.6,5206,0.0,0.0,0.0,0.0,0.0,0.0,0.0,0.0,,,,,,,21.740722098672272,,,,,,,,,,,,22.499077505363882,"rgba(239, 83, 80, 0.5)"
2022-04-07 00:00:00+00:00,17.4,21.5,17.4,21.5,1100,0.0,0.0,0.0,0.0,0.0,0.0,0.0,0.0,,,,,,,21.677151678260973,,,,,,,,,,,,22.426292582612373,"rgba(239, 83, 80, 0.5)"
2022-04-08 00:00:00+00:00,18.284,19.3,17.2,17.2,362,0.0,0.0,0.0,0.0,0.0,0.0,0.0,0.0,,,,,,,21.653291570186266,,,,,,,,,,,,22.399734272796643,#000000
2022-04-11 00:00:00+00:00,17.6,18.965,17.2,17.2,1218,0.0,0.0,0.0,0.0,0.0,0.0,0.0,0.0,,,,,,,21.567602509960654,,,,,,,,,,,,22.305675392609945,#000000
2022-04-12 00:00:00+00:00,18.8,18.8,17.1,17.1,134,0.0,0.0,0.0,0.0,0.0,0.0,0.0,0.0,,,,,,,21.55920037234842,,,,,,,,,,,,22.29628662698001,#000000
2022-04-13 00:00:00+00:00,17.1,18.3,17.1,18.3,96,0.0,0.0,0.0,0.0,0.0,0.0,0.0,0.0,,,,,,,21.551885399459373,,,,,,,,,,,,22.288377672426606,#000000
2022-04-14 00:00:00+00:00,17.0,18.2,17.0,18.2,210,0.0,0.0,0.0,0.0,0.0,0.0,0.0,0.0,,,,,,,21.53558279421113,,,,,,,,,,,,22.270808025832345,#000000
2022-04-18 00:00:00+00:00,19.0,19.0,16.8,16.8,566,0.0,0.0,0.0,0.0,0.0,0.0,0.0,0.0,,,,,,,21.50135013938227,,,,,,,,,,,,22.23239150874098,#000000
2022-04-19 00:00:00+00:00,19.0,19.0,17.034,17.5,406,0.0,0.0,0.0,0.0,0.0,0.0,0.0,0.0,,,,,,,21.477814430528515,,,,,,,,,,,,22.20581884399549,#000000
2022-04-20 00:00:00+00:00,18.1,18.1,17.9,17.9,51,0.0,0.0,0.0,0.0,0.0,0.0,0.0,0.0,,,,,,,21.47459145032565,,,,,,,,,,,,22.20223948013208,#000000
2022-04-21 00:00:00+00:00,18.1,18.1,18.1,18.1,8,0.0,0.0,0.0,0.0,0.0,0.0,0.0,0.0,,,,,,,21.474096215581596,,,,,,,,,,,,22.201687538191564,#000000
2022-04-22 00:00:00+00:00,16.9,17.9,16.81,17.9,167,0.0,0.0,0.0,0.0,0.0,0.0,0.0,0.0,,,,,,,21.46105273713728,,,,,,,,,,,,22.187688189715878,#000000
2022-04-25 00:00:00+00:00,17.0,17.35,16.3,16.6,1759,0.0,0.0,0.0,0.0,0.0,0.0,0.0,0.0,,,,,,,21.31838173957724,,,,,,,,,,,,22.0356907930819,"rgba(239, 83, 80, 0.5)"
2022-04-26 00:00:00+00:00,16.2,17.0,15.1,17.0,3196,0.0,0.0,0.0,0.0,0.0,0.0,0.0,0.0,,,,,,,21.038714630669908,,,,,,,,,,,,21.741943905070105,"rgba(239, 83, 80, 1.0)"
2022-04-27 00:00:00+00:00,16.3,16.6,15.201,16.0,474,0.0,0.0,0.0,0.0,0.0,0.0,0.0,0.0,,,,,,,20.999246452278364,,,,,,,,,,,,21.700352583711208,"rgba(239, 83, 80, 1.0)"
2022-04-28 00:00:00+00:00,15.5,15.5,15.1,15.1,56,0.0,0.0,0.0,0.0,0.0,0.0,0.0,0.0,,,,,,,20.99400379511898,,,,,,,,,,,,21.694905172193117,"rgba(239, 83, 80, 1.0)"
2022-04-29 00:00:00+00:00,14.9,15.6,14.8,15.2,341,0.0,0.0,0.0,0.0,0.0,0.0,0.0,0.0,,,,,,,20.96078634074858,,,,,,,,,,,,21.66054621198231,"rgba(239, 83, 80, 1.0)"
2022-05-02 00:00:00+00:00,15.0,15.0,12.7,12.7,466,0.0,0.0,0.0,0.0,0.0,0.0,0.0,0.0,,,,,,,20.909369410002412,,,,,,,,,,,,21.608040353166047,"rgba(239, 83, 80, 1.0)"
2022-05-03 00:00:00+00:00,13.79,16.008,13.5,15.0,189,0.0,0.0,0.0,0.0,0.0,0.0,0.0,0.0,,,,,,,20.889355073767057,,,,,,,,,,,,21.587525950353207,"rgba(239, 83, 80, 1.0)"
2022-05-04 00:00:00+00:00,13.7,15.35,11.5,13.284,4564,0.0,0.0,0.0,0.0,0.0,0.0,0.0,0.0,,,,,,,20.377389308989482,,,,,,,,,,,,21.06630222675024,"rgba(239, 83, 80, 1.0)"
2022-05-05 00:00:00+00:00,13.1,13.3,11.6,13.3,1255,0.0,0.0,0.0,0.0,0.0,0.0,0.0,0.0,,,,,,,20.232913989250527,,,,,,,,,,,,20.919741280390024,"rgba(239, 83, 80, 1.0)"
2022-05-06 00:00:00+00:00,14.0,14.7,14.0,14.7,242,0.0,0.0,0.0,0.0,0.0,0.0,0.0,0.0,,,,,,,20.21131542748902,,,,,,,,,,,,20.897319837046883,"rgba(239, 83, 80, 1.0)"
2022-05-09 00:00:00+00:00,15.6,15.75,14.1,14.3,456,0.0,0.0,0.0,0.0,0.0,0.0,0.0,0.0,,,,,,,20.177213358353775,,,,,,,,,,,,20.86123289821546,"rgba(239, 83, 80, 0.75)"
2022-05-10 00:00:00+00:00,16.7,16.7,13.601,13.601,121,0.0,0.0,0.0,0.0,0.0,0.0,0.0,0.0,,,,,,,20.169164038800968,,,,,,,,,,,,20.852593099182066,"rgba(239, 83, 80, 0.75)"
2022-05-11 00:00:00+00:00,16.0,16.336,16.0,16.3,82,0.0,0.0,0.0,0.0,0.0,0.0,0.0,0.0,,,,,,,20.16426299946475,,,,,,,,,,,,20.847255399783037,"rgba(239, 83, 80, 0.5)"
2022-05-12 00:00:00+00:00,14.76,14.76,14.76,14.76,41,0.0,0.0,0.0,0.0,0.0,0.0,0.0,0.0,,,,,,,20.16100080484477,,,,,,,,,,,,20.8438303370478,"rgba(239, 83, 80, 0.5)"
2022-05-13 00:00:00+00:00,14.9,14.9,14.4,14.4,79,0.0,0.0,0.0,0.0,0.0,0.0,0.0,0.0,,,,,,,20.154695225070217,,,,,,,,,,,,20.837212802902553,"rgba(239, 83, 80, 0.5)"
2022-05-16 00:00:00+00:00,16.9,17.5,15.9,17.5,160,0.0,0.0,0.0,0.0,0.0,0.0,0.0,0.0,,,,,,,20.14674222306989,,,,,,,,,,,,20.828304115884926,#000000
2022-05-17 00:00:00+00:00,16.641,16.641,16.0,16.0,69,0.0,0.0,0.0,0.0,0.0,0.0,0.0,0.0,,,,,,,20.142980839317993,,,,,,,,,,,,20.82415429922378,#000000
2022-05-18 00:00:00+00:00,15.3,15.3,15.3,15.3,53,0.0,0.0,0.0,0.0,0.0,0.0,0.0,0.0,,,,,,,20.139221807282436,,,,,,,,,,,,20.8201561539827,#000000
2022-05-19 00:00:00+00:00,15.3,15.3,15.3,15.3,2,0.0,0.0,0.0,0.0,0.0,0.0,0.0,0.0,,,,,,,20.139080071269923,,,,,,,,,,,,20.820005393890554,#000000
2022-05-20 00:00:00+00:00,14.2,14.5,14.2,14.5,65,0.0,0.0,0.0,0.0,0.0,0.0,0.0,0.0,,,,,,,20.133527178736895,,,,,,,,,,,,20.814223354616885,"rgba(239, 83, 80, 0.5)"
2022-05-23 00:00:00+00:00,13.9,14.327,13.4,14.32,111,0.0,0.0,0.0,0.0,0.0,0.0,0.0,0.0,,,,,,,20.123380927340627,,,,,,,,,,,,20.803731442505473,"rgba(239, 83, 80, 0.5)"
2022-05-24 00:00:00+00:00,13.0,13.357,12.2,12.3,335,0.0,0.0,0.0,0.0,0.0,0.0,0.0,0.0,,,,,,,20.08797478535574,,,,,,,,,,,,20.767609309032384,"rgba(239, 83, 80, 1.0)"
2022-05-25 00:00:00+00:00,13.0,13.0,13.0,13.0,7,0.0,0.0,0.0,0.0,0.0,0.0,0.0,0.0,,,,,,,20.087253656575054,,,,,,,,,,,,20.766872034423056,"rgba(239, 83, 80, 1.0)"
2022-05-26 00:00:00+00:00,14.5,14.5,13.627,13.627,45,0.0,0.0,0.0,0.0,0.0,0.0,0.0,0.0,,,,,,,20.083411549113023,,,,,,,,,,,,20.76287300683885,"rgba(239, 83, 80, 1.0)"
2022-05-27 00:00:00+00:00,16.4,16.4,14.9,15.4,351,0.0,0.0,0.0,0.0,0.0,0.0,0.0,0.0,,,,,,,20.062191915104748,,,,,,,,,,,,20.73985232539842,#000000
2022-05-31 00:00:00+00:00,16.2,17.9,15.0,17.9,310,0.0,0.0,0.0,0.0,0.0,0.0,0.0,0.0,,,,,,,20.045710411601377,,,,,,,,,,,,20.721644178810458,#000000
2022-06-01 00:00:00+00:00,16.2,16.6,15.5,15.5,424,0.0,0.0,0.0,0.0,0.0,0.0,0.0,0.0,,,,,,,20.02178778259191,,,,,,,,,,,,20.695474262921948,"rgba(38, 166, 154, 1.0)"
2022-06-02 00:00:00+00:00,17.2,17.2,15.8,15.8,77,0.0,0.0,0.0,0.0,0.0,0.0,0.0,0.0,,,,,,,20.01817099938104,,,,,,,,,,,,20.69140407705853,"rgba(38, 166, 154, 1.0)"
2022-06-03 00:00:00+00:00,17.1,17.1,15.7,16.6,123,0.0,0.0,0.0,0.0,0.0,0.0,0.0,0.0,,,,,,,20.012234635145603,,,,,,,,,,,,20.68475584384447,"rgba(38, 166, 154, 1.0)"
2022-06-06 00:00:00+00:00,17.3,18.0,17.0,17.0,720,0.0,0.0,0.0,0.0,0.0,0.0,0.0,0.0,,,,,,,19.986028138069898,,,,,,,,,,,,20.653871212021254,"rgba(38, 166, 154, 1.0)"
2022-06-07 00:00:00+00:00,18.5,19.0,17.0,17.0,378,0.0,0.0,0.0,0.0,0.0,0.0,0.0,0.0,,,,,,,19.976373372080506,,,,,,,,,,,,20.64152938551005,"rgba(38, 166, 154, 1.0)"
2022-06-08 00:00:00+00:00,18.6,18.7,17.5,18.7,131,0.0,0.0,0.0,0.0,0.0,0.0,0.0,0.0,,,,,,,19.97323484487542,,,,,,,,,,,,20.63745239468119,"rgba(38, 166, 154, 1.0)"
2022-06-09 00:00:00+00:00,17.4,19.0,17.4,17.5,387,0.0,0.0,0.0,0.0,0.0,0.0,0.0,0.0,,,,,,,19.96223201717097,,,,,,,,,,,,20.623807514614153,"rgba(38, 166, 154, 1.0)"
2022-06-10 00:00:00+00:00,17.4,17.4,17.4,17.4,0,0.0,0.0,0.0,0.0,0.0,0.0,0.0,0.0,,,,,,,19.96223201717097,,,,,,,,,,,,20.623807514614153,"rgba(38, 166, 154, 0.75)"
2022-06-13 00:00:00+00:00,17.5,17.5,17.4,17.4,78,0.0,0.0,0.0,0.0,0.0,0.0,0.0,0.0,,,,,,,19.95952197641555,,,,,,,,,,,,20.620599915768985,"rgba(38, 166, 154, 0.75)"
2022-06-14 00:00:00+00:00,16.2,17.796,16.2,17.0,78,0.0,0.0,0.0,0.0,0.0,0.0,0.0,0.0,,,,,,,19.95602087476531,,,,,,,,,,,,20.616653177360504,"rgba(38, 166, 154, 0.75)"
2022-06-15 00:00:00+00:00,16.7,16.7,15.578,16.2,119,0.0,0.0,0.0,0.0,0.0,0.0,0.0,0.0,,,,,,,19.950023256136838,,,,,,,,,,,,20.61001958338745,"rgba(38, 166, 154, 0.75)"
2022-06-16 00:00:00+00:00,18.0,19.0,17.5,17.5,505,0.0,0.0,0.0,0.0,0.0,0.0,0.0,0.0,,,,,,,19.93760622187906,,,,,,,,,,,,20.594093242981593,"rgba(38, 166, 154, 0.75)"
2022-06-17 00:00:00+00:00,18.0,18.2,17.6,18.2,227,0.0,0.0,0.0,0.0,0.0,0.0,0.0,0.0,,,,,,,19.931352855205525,,,,,,,,,,,,20.586320051821904,"rgba(38, 166, 154, 0.75)"
2022-06-21 00:00:00+00:00,18.5,19.0,18.5,18.5,717,0.0,0.0,0.0,0.0,0.0,0.0,0.0,0.0,,,,,,,19.919011178709635,,,,,,,,,,,,20.568768291698003,"rgba(38, 166, 154, 1.0)"
2022-06-22 00:00:00+00:00,18.5,18.5,18.5,18.5,5,0.0,0.0,0.0,0.0,0.0,0.0,0.0,0.0,,,,,,,19.91891461843454,,,,,,,,,,,,20.568636395321146,"rgba(38, 166, 154, 1.0)"
2022-06-23 00:00:00+00:00,18.5,18.5,18.5,18.5,53,0.0,0.0,0.0,0.0,0.0,0.0,0.0,0.0,,,,,,,19.917891886868574,,,,,,,,,,,,20.567239327021493,"rgba(38, 166, 154, 1.0)"
2022-06-24 00:00:00+00:00,19.9,19.901,18.5,18.5,360,0.0,0.0,0.0,0.0,0.0,0.0,0.0,0.0,,,,,,,19.915532721621485,,,,,,,,,,,,20.562062999183958,"rgba(38, 166, 154, 1.0)"
2022-06-27 00:00:00+00:00,19.1,20.0,18.7,19.1,590,0.0,0.0,0.0,0.0,0.0,0.0,0.0,0.0,,,,,,,19.9103927399829,,,,,,,,,,,,20.55244053029825,"rgba(38, 166, 154, 1.0)"
2022-06-28 00:00:00+00:00,20.1,20.1,18.9,18.9,306,0.0,0.0,0.0,0.0,0.0,0.0,0.0,0.0,,,,,,,19.909531892797766,,,,,,,,,,,,20.549169026626352,"rgba(38, 166, 154, 1.0)"
2022-06-29 00:00:00+00:00,20.4,20.4,18.8,18.8,155,0.0,0.0,0.0,0.0,0.0,0.0,0.0,0.0,,,,,,,19.909443236102582,,,,,,,,,,,,20.547844824420842,"rgba(38, 166, 154, 1.0)"
2022-06-30 00:00:00+00:00,18.8,19.799,18.7,19.6,80,0.0,0.0,0.0,0.0,0.0,0.0,0.0,0.0,,,,,,,19.90857972772431,,,,,,,,,,,,20.546396066760025,"rgba(38, 166, 154, 0.75)"
2022-07-01 00:00:00+00:00,19.5,19.5,18.5,18.5,53,0.0,0.0,0.0,0.0,0.0,0.0,0.0,0.0,,,,,,,19.90805596625596,,,,,,,,,,,,20.54548223591306,"rgba(38, 166, 154, 0.75)"
2022-07-05 00:00:00+00:00,18.7,18.7,18.5,18.5,71,0.0,0.0,0.0,0.0,0.0,0.0,0.0,0.0,,,,,,,19.906851573381587,,,,,,,,,,,,20.543787153107242,"rgba(38, 166, 154, 0.75)"
2022-07-06 00:00:00+00:00,19.0,19.0,18.5,18.5,54,0.0,0.0,0.0,0.0,0.0,0.0,0.0,0.0,,,,,,,19.90608069592198,,,,,,,,,,,,20.542634700005806,"rgba(38, 166, 154, 0.75)"
2022-07-07 00:00:00+00:00,18.8,18.8,18.7,18.7,49,0.0,0.0,0.0,0.0,0.0,0.0,0.0,0.0,,,,,,,19.905338742043078,,,,,,,,,,,,20.54154956460293,"rgba(38, 166, 154, 0.75)"
2022-07-08 00:00:00+00:00,18.6,18.9,18.6,18.6,113,0.0,0.0,0.0,0.0,0.0,0.0,0.0,0.0,,,,,,,19.903531421671396,,,,,,,,,,,,20.538958352011406,"rgba(38, 166, 154, 0.75)"
2022-07-11 00:00:00+00:00,18.5,18.5,18.5,18.5,65,0.0,0.0,0.0,0.0,0.0,0.0,0.0,0.0,,,,,,,19.902321913903503,,,,,,,,,,,,20.53730938665139,#000000
2022-07-12 00:00:00+00:00,18.7,18.7,18.5,18.5,63,0.0,0.0,0.0,0.0,0.0,0.0,0.0,0.0,,,,,,,19.901262882500987,,,,,,,,,,,,20.535818132842657,#000000
2022-07-13 00:00:00+00:00,18.5,18.6,18.5,18.5,118,0.0,0.0,0.0,0.0,0.0,0.0,0.0,0.0,,,,,,,19.899127980284266,,,,,,,,,,,,20.532884781223345,#000000
2022-07-14 00:00:00+00:00,18.8,18.8,18.8,18.8,17,0.0,0.0,0.0,0.0,0.0,0.0,0.0,0.0,,,,,,,19.89888090358126,,,,,,,,,,,,20.53251915287964,#000000
2022-07-15 00:00:00+00:00,18.5,19.05,18.5,18.7,68,0.0,0.0,0.0,0.0,0.0,0.0,0.0,0.0,,,,,,,19.897788897256014,,,,,,,,,,,,20.530959800262057,#000000
2022-07-18 00:00:00+00:00,19.5,19.5,19.5,19.5,190,0.0,0.0,0.0,0.0,0.0,0.0,0.0,0.0,,,,,,,19.896792891688513,,,,,,,,,,,,20.52853638339373,"rgba(38, 166, 154, 0.5)"
2022-07-19 00:00:00+00:00,19.5,20.7,19.5,20.7,142,0.0,0.0,0.0,0.0,0.0,0.0,0.0,0.0,,,,,,,19.896798881946722,,,,,,,,,,,,20.527434110154648,"rgba(38, 166, 154, 1.0)"
2022-07-20 00:00:00+00:00,19.8,19.8,19.5,19.5,273,0.0,0.0,0.0,0.0,0.0,0.0,0.0,0.0,,,,,,,19.896094720700408,,,,,,,,,,,,20.52465372622387,"rgba(38, 166, 154, 1.0)"
2022-07-21 00:00:00+00:00,19.5,19.5,19.5,19.5,132,0.0,0.0,0.0,0.0,0.0,0.0,0.0,0.0,,,,,,,19.895410637184348,,,,,,,,,,,,20.522991635535444,"rgba(38, 166, 154, 1.0)"
2022-07-22 00:00:00+00:00,19.95,19.95,19.5,19.5,64,0.0,0.0,0.0,0.0,0.0,0.0,0.0,0.0,,,,,,,19.895330810259622,,,,,,,,,,,,20.52242346922068,"rgba(38, 166, 154, 1.0)"
2022-07-25 00:00:00+00:00,19.5,19.5,19.5,19.5,52,0.0,0.0,0.0,0.0,0.0,0.0,0.0,0.0,,,,,,,19.895062250150232,,,,,,,,,,,,20.521771061372064,"rgba(38, 166, 154, 1.0)"
2022-07-26 00:00:00+00:00,19.5,19.5,19.5,19.5,56,0.0,0.0,0.0,0.0,0.0,0.0,0.0,0.0,,,,,,,19.894773439335783,,,,,,,,,,,,20.521069398799874,"rgba(38, 166, 154, 1.0)"
2022-07-27 00:00:00+00:00,20.4,20.4,19.5,19.6,56,0.0,0.0,0.0,0.0,0.0,0.0,0.0,0.0,,,,,,,19.894923360901664,,,,,,,,,,,,20.520780443769084,"rgba(38, 166, 154, 1.0)"
2022-07-28 00:00:00+00:00,21.0,21.0,19.6,20.799,276,0.0,0.0,0.0,0.0,0.0,0.0,0.0,0.0,,,,,,,19.8972136506616,,,,,,,,,,,,20.520822756879973,"rgba(38, 166, 154, 1.0)"
2022-07-29 00:00:00+00:00,19.7,19.7,19.6,19.6,71,0.0,0.0,0.0,0.0,0.0,0.0,0.0,0.0,,,,,,,19.897001082180804,,,,,,,,,,,,20.52008274049939,"rgba(38, 166, 154, 0.75)"
2022-08-01 00:00:00+00:00,19.5,19.6,19.5,19.6,57,0.0,0.0,0.0,0.0,0.0,0.0,0.0,0.0,,,,,,,19.896732090178464,,,,,,,,,,,,20.519396896237748,"rgba(38, 166, 154, 0.5)"
2022-08-02 00:00:00+00:00,16.0,16.0,16.0,16.0,11,0.0,0.0,0.0,0.0,0.0,0.0,0.0,0.0,,,,,,,19.896175941423493,,,,,,,,,,,,20.518790776120962,"rgba(239, 83, 80, 1.0)"
2022-08-03 00:00:00+00:00,18.5,18.51,16.7,16.7,322,0.0,0.0,0.0,0.0,0.0,0.0,0.0,0.0,,,,,,,19.88788476861123,,,,,,,,,,,,20.508562854471023,"rgba(239, 83, 80, 1.0)"
2022-08-04 00:00:00+00:00,20.6,20.6,18.7,19.7,82,0.0,0.0,0.0,0.0,0.0,0.0,0.0,0.0,,,,,,,19.887968149687428,,,,,,,,,,,,20.508023739328408,#000000
2022-08-05 00:00:00+00:00,20.5,20.6,20.5,20.6,64,0.0,0.0,0.0,0.0,0.0,0.0,0.0,0.0,,,,,,,19.888500814622795,,,,,,,,,,,,20.508043376532044,#000000
2022-08-08 00:00:00+00:00,19.2,19.2,19.2,19.2,10,0.0,0.0,0.0,0.0,0.0,0.0,0.0,0.0,,,,,,,19.88841203423123,,,,,,,,,,,,20.507884820054045,#000000
2022-08-09 00:00:00+00:00,19.5,19.6,19.5,19.6,82,0.0,0.0,0.0,0.0,0.0,0.0,0.0,0.0,,,,,,,19.88803698169592,,,,,,,,,,,,20.5069171016037,#000000
2022-08-10 00:00:00+00:00,19.5,20.7,19.5,20.7,59,0.0,0.0,0.0,0.0,0.0,0.0,0.0,0.0,,,,,,,19.88804606651907,,,,,,,,,,,,20.506483788733174,#000000
2022-08-11 00:00:00+00:00,19.5,20.6,19.5,20.6,55,0.0,0.0,0.0,0.0,0.0,0.0,0.0,0.0,,,,,,,19.88803094224428,,,,,,,,,,,,20.5060582395124,#000000
2022-08-12 00:00:00+00:00,19.5,20.7,19.5,20.7,311,0.0,0.0,0.0,0.0,0.0,0.0,0.0,0.0,,,,,,,19.888078629566042,,,,,,,,,,,,20.5037874560262,#000000
2022-08-15 00:00:00+00:00,19.5,19.5,19.5,19.5,87,0.0,0.0,0.0,0.0,0.0,0.0,0.0,0.0,,,,,,,19.88764657580992,,,,,,,,,,,,20.502736445583743,#000000
2022-08-16 00:00:00+00:00,19.6,20.6,19.6,20.6,75,0.0,0.0,0.0,0.0,0.0,0.0,0.0,0.0,,,,,,,19.88769038182902,,,,,,,,,,,,20.50222295168697,#000000
2022-08-17 00:00:00+00:00,19.5,19.601,19.5,19.6,94,0.0,0.0,0.0,0.0,0.0,0.0,0.0,0.0,,,,,,,19.887265448493665,,,,,,,,,,,,20.501129457922957,#000000
2022-08-18 00:00:00+00:00,19.5,19.5,19.5,19.5,118,0.0,0.0,0.0,0.0,0.0,0.0,0.0,0.0,,,,,,,19.886682812287496,,,,,,,,,,,,20.499712618036718,#000000
2022-08-19 00:00:00+00:00,19.5,19.5,19.5,19.5,54,0.0,0.0,0.0,0.0,0.0,0.0,0.0,0.0,,,,,,,19.886416766472145,,,,,,,,,,,,20.49906557036467,#000000
2022-08-22 00:00:00+00:00,19.7,19.75,19.5,19.5,150,0.0,0.0,0.0,0.0,0.0,0.0,0.0,0.0,,,,,,,19.88596579598826,,,,,,,,,,,,20.49754179927096,#000000
2022-08-23 00:00:00+00:00,19.8,19.8,19.5,19.5,63,0.0,0.0,0.0,0.0,0.0,0.0,0.0,0.0,,,,,,,19.88581692694104,,,,,,,,,,,,20.496941104270014,#000000
2022-08-24 00:00:00+00:00,20.2,20.2,20.2,20.2,10,0.0,0.0,0.0,0.0,0.0,0.0,0.0,0.0,,,,,,,19.885856843986492,,,,,,,,,,,,20.496905608351746,"rgba(38, 166, 154, 0.5)"
2022-08-25 00:00:00+00:00,19.9,19.9,19.5,19.6,64,0.0,0.0,0.0,0.0,0.0,0.0,0.0,0.0,,,,,,,19.88576000660124,,,,,,,,,,,,20.496347368379126,"rgba(38, 166, 154, 0.5)"
2022-08-26 00:00:00+00:00,19.5,19.6,19.5,19.6,45,0.0,0.0,0.0,0.0,0.0,0.0,0.0,0.0,,,,,,,19.885558793676566,,,,,,,,,,,,20.495830014485126,#000000
2022-08-29 00:00:00+00:00,19.5,19.5,19.5,19.5,58,0.0,0.0,0.0,0.0,0.0,0.0,0.0,0.0,,,,,,,19.885275280186615,,,,,,,,,,,,20.49514095742564,#000000
2022-08-30 00:00:00+00:00,19.5,19.789,19.5,19.701,179,0.0,0.0,0.0,0.0,0.0,0.0,0.0,0.0,,,,,,,19.884621044420545,,,,,,,,,,,,20.493225663980173,#000000
2022-08-31 00:00:00+00:00,19.5,19.5,19.5,19.5,3,0.0,0.0,0.0,0.0,0.0,0.0,0.0,0.0,,,,,,,19.884606449273523,,,,,,,,,,,,20.49319019332411,#000000
2022-09-01 00:00:00+00:00,19.5,19.6,19.5,19.5,46,0.0,0.0,0.0,0.0,0.0,0.0,0.0,0.0,,,,,,,19.884402179409378,,,,,,,,,,,,20.49266487011698,#000000
2022-09-02 00:00:00+00:00,19.5,20.8,19.5,20.6,351,0.0,0.0,0.0,0.0,0.0,0.0,0.0,0.0,,,,,,,19.884618337423696,,,,,,,,,,,,20.49033876770811,#000000
2022-09-06 00:00:00+00:00,19.5,19.5,19.5,19.5,32,0.0,0.0,0.0,0.0,0.0,0.0,0.0,0.0,,,,,,,19.884463497175634,,,,,,,,,,,,20.48996343057018,#000000
2022-09-07 00:00:00+00:00,19.5,19.5,19.5,19.5,1,0.0,0.0,0.0,0.0,0.0,0.0,0.0,0.0,,,,,,,19.884458660426727,,,,,,,,,,,,20.48995170586887,#000000
2022-09-08 00:00:00+00:00,19.5,19.5,19.5,19.5,98,0.0,0.0,0.0,0.0,0.0,0.0,0.0,0.0,,,,,,,19.88398524866182,,,,,,,,,,,,20.48880403082066,#000000
2022-09-09 00:00:00+00:00,19.8,19.8,19.8,19.8,145,0.0,0.0,0.0,0.0,0.0,0.0,0.0,0.0,,,,,,,19.883832511820994,,,,,,,,,,,,20.487624530077024,#000000
2022-09-12 00:00:00+00:00,19.2,19.2,19.2,19.2,17,0.0,0.0,0.0,0.0,0.0,0.0,0.0,0.0,,,,,,,19.883686738225403,,,,,,,,,,,,20.487366074731764,#000000
2022-09-13 00:00:00+00:00,19.2,19.2,19.2,19.2,2,0.0,0.0,0.0,0.0,0.0,0.0,0.0,0.0,,,,,,,19.883669592476483,,,,,,,,,,,,20.487335675041702,"rgba(239, 83, 80, 1.0)"
2022-09-14 00:00:00+00:00,20.0,20.0,20.0,20.0,31,0.0,0.0,0.0,0.0,0.0,0.0,0.0,0.0,,,,,,,19.88371479424925,,,,,,,,,,,,20.487157368174632,#000000
2022-09-15 00:00:00+00:00,17.0,18.9,16.7,18.9,77,0.0,0.0,0.0,0.0,0.0,0.0,0.0,0.0,,,,,,,19.88144852947314,,,,,,,,,,,,20.484475366727967,"rgba(239, 83, 80, 1.0)"
2022-09-16 00:00:00+00:00,16.2,16.2,16.2,16.2,13,0.0,0.0,0.0,0.0,0.0,0.0,0.0,0.0,,,,,,,19.880849327874525,,,,,,,,,,,,20.483818680217393,"rgba(239, 83, 80, 1.0)"
2022-09-19 00:00:00+00:00,16.2,16.2,16.2,16.2,23,0.0,0.0,0.0,0.0,0.0,0.0,0.0,0.0,,,,,,,19.879789679658877,,,,,,,,,,,,20.482657343234308,"rgba(239, 83, 80, 1.0)"
2022-09-20 00:00:00+00:00,16.2,16.2,16.2,16.2,36,0.0,0.0,0.0,0.0,0.0,0.0,0.0,0.0,,,,,,,19.87813232411693,,,,,,,,,,,,20.48084086196332,"rgba(239, 83, 80, 1.0)"
2022-09-21 00:00:00+00:00,16.2,16.2,16.2,16.2,20,0.0,0.0,0.0,0.0,0.0,0.0,0.0,0.0,,,,,,,19.877212215968306,,,,,,,,,,,,20.479832371372016,"rgba(239, 83, 80, 1.0)"
2022-09-22 00:00:00+00:00,16.2,16.2,16.2,16.2,5,0.0,0.0,0.0,0.0,0.0,0.0,0.0,0.0,,,,,,,19.87698226085506,,,,,,,,,,,,20.47958032296438,"rgba(239, 83, 80, 1.0)"
2022-09-23 00:00:00+00:00,17.9,19.6,16.1,16.473,589,0.0,0.0,0.0,0.0,0.0,0.0,0.0,0.0,,,,,,,19.862281278969665,,,,,,,,,,,,20.46157814559206,"rgba(239, 83, 80, 0.75)"
2022-09-26 00:00:00+00:00,19.1,19.2,18.8,18.8,335,0.0,0.0,0.0,0.0,0.0,0.0,0.0,0.0,,,,,,,19.858847784962716,,,,,,,,,,,,20.456003289639757,"rgba(239, 83, 80, 0.75)"
2022-09-27 00:00:00+00:00,18.45,19.0,18.45,19.0,463,0.0,0.0,0.0,0.0,0.0,0.0,0.0,0.0,,,,,,,19.851872136575604,,,,,,,,,,,,20.446223294857518,"rgba(239, 83, 80, 0.75)"
2022-09-28 00:00:00+00:00,17.0,17.009,16.9,16.9,115,0.0,0.0,0.0,0.0,0.0,0.0,0.0,0.0,,,,,,,19.847803074014507,,,,,,,,,,,,20.441596094271404,"rgba(239, 83, 80, 0.75)"
2022-09-29 00:00:00+00:00,17.75,17.9,16.5,16.5,391,0.0,0.0,0.0,0.0,0.0,0.0,0.0,0.0,,,,,,,19.83602993760792,,,,,,,,,,,,20.427818866127446,"rgba(239, 83, 80, 0.75)"
2022-09-30 00:00:00+00:00,18.5,18.5,17.5,17.5,659,0.0,0.0,0.0,0.0,0.0,0.0,0.0,0.0,,,,,,,19.82269639747738,,,,,,,,,,,,20.410780007546897,#000000
2022-10-03 00:00:00+00:00,18.5,18.5,18.5,18.5,14,0.0,0.0,0.0,0.0,0.0,0.0,0.0,0.0,,,,,,,19.822471997027012,,,,,,,,,,,,20.410474167400263,#000000
2022-10-04 00:00:00+00:00,17.9,18.0,17.725,18.0,265,0.0,0.0,0.0,0.0,0.0,0.0,0.0,0.0,,,,,,,19.81623809178685,,,,,,,,,,,,20.402815608899818,#000000
2022-10-05 00:00:00+00:00,16.1,19.2,16.1,18.0,948,0.0,0.0,0.0,0.0,0.0,0.0,0.0,0.0,,,,,,,19.785863408730815,,,,,,,,,,,,20.367864445196197,"rgba(239, 83, 80, 0.75)"
2022-10-06 00:00:00+00:00,16.3,17.1,16.3,17.1,40,0.0,0.0,0.0,0.0,0.0,0.0,0.0,0.0,,,,,,,19.784326322407104,,,,,,,,,,,,20.366150649984956,"rgba(239, 83, 80, 1.0)"
2022-10-07 00:00:00+00:00,13.5,16.9,13.2,16.9,100,0.0,0.0,0.0,0.0,0.0,0.0,0.0,0.0,,,,,,,19.77806574941777,,,,,,,,,,,,20.359583641071815,"rgba(239, 83, 80, 1.0)"
2022-10-10 00:00:00+00:00,16.5,16.95,15.0,15.0,370,0.0,0.0,0.0,0.0,0.0,0.0,0.0,0.0,,,,,,,19.76213126948704,,,,,,,,,,,,20.342120405875082,"rgba(239, 83, 80, 1.0)"
2022-10-11 00:00:00+00:00,16.7,17.0,16.644,17.0,151,0.0,0.0,0.0,0.0,0.0,0.0,0.0,0.0,,,,,,,19.756798009360736,,,,,,,,,,,,20.336102129294858,"rgba(239, 83, 80, 0.75)"
2022-10-12 00:00:00+00:00,16.9,16.9,16.9,16.9,68,0.0,0.0,0.0,0.0,0.0,0.0,0.0,0.0,,,,,,,19.754498040562133,,,,,,,,,,,,20.33348880239497,"rgba(239, 83, 80, 0.75)"
2022-10-13 00:00:00+00:00,16.6,17.0,15.7,17.0,252,0.0,0.0,0.0,0.0,0.0,0.0,0.0,0.0,,,,,,,19.744618638965935,,,,,,,,,,,,20.322527077919407,"rgba(239, 83, 80, 0.5)"
2022-10-14 00:00:00+00:00,16.2,16.5,15.4,15.8,274,0.0,0.0,0.0,0.0,0.0,0.0,0.0,0.0,,,,,,,19.73265365321786,,,,,,,,,,,,20.309459428105466,"rgba(239, 83, 80, 0.5)"
2022-10-17 00:00:00+00:00,17.0,17.4,15.691,16.0,193,0.0,0.0,0.0,0.0,0.0,0.0,0.0,0.0,,,,,,,19.725775660742087,,,,,,,,,,,,20.3017237114622,#000000
2022-10-18 00:00:00+00:00,16.8,17.0,16.61,17.0,181,0.0,0.0,0.0,0.0,0.0,0.0,0.0,0.0,,,,,,,19.71957904088031,,,,,,,,,,,,20.29471213278852,#000000
2022-10-19 00:00:00+00:00,15.8,16.1,15.1,15.9,269,0.0,0.0,0.0,0.0,0.0,0.0,0.0,0.0,,,,,,,19.70684742853138,,,,,,,,,,,,20.28096768898995,"rgba(239, 83, 80, 0.5)"
2022-10-20 00:00:00+00:00,14.7,14.7,13.0,13.0,282,0.0,0.0,0.0,0.0,0.0,0.0,0.0,0.0,,,,,,,19.688553192727603,,,,,,,,,,,,20.261887423875542,"rgba(239, 83, 80, 1.0)"
2022-10-21 00:00:00+00:00,15.0,15.5,15.0,15.4,240,0.0,0.0,0.0,0.0,0.0,0.0,0.0,0.0,,,,,,,19.675956531327614,,,,,,,,,,,,20.2484642297841,"rgba(239, 83, 80, 1.0)"
2022-10-24 00:00:00+00:00,15.1,15.2,13.7,14.1,181,0.0,0.0,0.0,0.0,0.0,0.0,0.0,0.0,,,,,,,19.66545463214995,,,,,,,,,,,,20.237396150348907,"rgba(239, 83, 80, 1.0)"
2022-10-25 00:00:00+00:00,15.4,15.4,13.047,13.047,94,0.0,0.0,0.0,0.0,0.0,0.0,0.0,0.0,,,,,,,19.659962493298924,,,,,,,,,,,,20.231612921112617,"rgba(239, 83, 80, 1.0)"
2022-10-26 00:00:00+00:00,15.3,16.1,14.7,15.5,225,0.0,0.0,0.0,0.0,0.0,0.0,0.0,0.0,,,,,,,19.64881480754879,,,,,,,,,,,,20.21966299854438,"rgba(239, 83, 80, 1.0)"
2022-10-27 00:00:00+00:00,15.3,15.3,15.3,15.3,14,0.0,0.0,0.0,0.0,0.0,0.0,0.0,0.0,,,,,,,19.6481123175028,,,,,,,,,,,,20.218911199889376,"rgba(239, 83, 80, 1.0)"
2022-10-28 00:00:00+00:00,12.8,12.9,12.8,12.9,52,0.0,0.0,0.0,0.0,0.0,0.0,0.0,0.0,,,,,,,19.644025964790888,,,,,,,,,,,,20.21472153252022,"rgba(239, 83, 80, 1.0)"
2022-10-31 00:00:00+00:00,12.8,12.8,12.2,12.7,424,0.0,0.0,0.0,0.0,0.0,0.0,0.0,0.0,,,,,,,19.609753186297002,,,,,,,,,,,,20.179661895971314,"rgba(239, 83, 80, 1.0)"
2022-11-01 00:00:00+00:00,14.35,14.35,14.088,14.35,164,0.0,0.0,0.0,0.0,0.0,0.0,0.0,0.0,,,,,,,19.59970917899848,,,,,,,,,,,,20.169143249434516,"rgba(239, 83, 80, 0.75)"
2022-11-02 00:00:00+00:00,15.063,15.063,13.8,14.5,305,0.0,0.0,0.0,0.0,0.0,0.0,0.0,0.0,,,,,,,19.582450309885512,,,,,,,,,,,,20.150930231888115,"rgba(239, 83, 80, 0.75)"
2022-11-03 00:00:00+00:00,17.5,17.5,15.4,15.6,226,0.0,0.0,0.0,0.0,0.0,0.0,0.0,0.0,,,,,,,19.575291373991046,,,,,,,,,,,,20.142768241993124,#000000
2022-11-04 00:00:00+00:00,15.0,18.599,15.0,17.9,838,0.0,0.0,0.0,0.0,0.0,0.0,0.0,0.0,,,,,,,19.543391631050508,,,,,,,,,,,,20.107474359932908,#000000
2022-11-07 00:00:00+00:00,16.3,16.5,16.3,16.4,181,0.0,0.0,0.0,0.0,0.0,0.0,0.0,0.0,,,,,,,19.53692077621973,,,,,,,,,,,,20.100256264835885,#000000
2022-11-08 00:00:00+00:00,16.2,17.239,16.2,16.2,225,0.0,0.0,0.0,0.0,0.0,0.0,0.0,0.0,,,,,,,19.52936734655695,,,,,,,,,,,,20.091752158022157,#000000
2022-11-09 00:00:00+00:00,17.5,17.5,17.5,17.5,16,0.0,0.0,0.0,0.0,0.0,0.0,0.0,0.0,,,,,,,19.529002921843485,,,,,,,,,,,,20.091311219806105,"rgba(38, 166, 154, 1.0)"
2022-11-10 00:00:00+00:00,16.7,16.7,14.5,14.5,67,0.0,0.0,0.0,0.0,0.0,0.0,0.0,0.0,,,,,,,19.52632615570957,,,,,,,,,,,,20.08837481228039,"rgba(38, 166, 154, 1.0)"
2022-11-11 00:00:00+00:00,16.2,16.2,16.2,16.2,90,0.0,0.0,0.0,0.0,0.0,0.0,0.0,0.0,,,,,,,19.522972102715777,,,,,,,,,,,,20.08465988337118,"rgba(38, 166, 154, 1.0)"
2022-11-14 00:00:00+00:00,16.0,16.0,14.6,14.6,120,0.0,0.0,0.0,0.0,0.0,0.0,0.0,0.0,,,,,,,19.517615444862148,,,,,,,,,,,,20.0788695143586,#000000
2022-11-15 00:00:00+00:00,16.0,16.0,16.0,16.0,10,0.0,0.0,0.0,0.0,0.0,0.0,0.0,0.0,,,,,,,19.517221913946248,,,,,,,,,,,,20.078437119252552,#000000
2022-11-16 00:00:00+00:00,16.0,16.0,16.0,16.0,30,0.0,0.0,0.0,0.0,0.0,0.0,0.0,0.0,,,,,,,19.516041849333444,,,,,,,,,,,,20.07714048381056,#000000
2022-11-17 00:00:00+00:00,15.6,16.1,15.6,15.809,204,0.0,0.0,0.0,0.0,0.0,0.0,0.0,0.0,,,,,,,19.50750723052889,,,,,,,,,,,,20.06784182828217,#000000
2022-11-18 00:00:00+00:00,15.1,15.1,12.2,13.5,330,0.0,0.0,0.0,0.0,0.0,0.0,0.0,0.0,,,,,,,19.48779097276264,,,,,,,,,,,,20.047204627522042,#000000
2022-11-21 00:00:00+00:00,15.82,16.0,14.9,15.1,492,0.0,0.0,0.0,0.0,0.0,0.0,0.0,0.0,,,,,,,19.46649651710488,,,,,,,,,,,,20.02412892956485,#000000
2022-11-22 00:00:00+00:00,15.82,15.82,15.82,15.82,1,0.0,0.0,0.0,0.0,0.0,0.0,0.0,0.0,,,,,,,19.46645619893192,,,,,,,,,,,,20.02408485604558,#000000
2022-11-23 00:00:00+00:00,15.6,15.6,14.6,14.6,61,0.0,0.0,0.0,0.0,0.0,0.0,0.0,0.0,,,,,,,19.463625526680215,,,,,,,,,,,,20.021044494499723,#000000
2022-11-25 00:00:00+00:00,15.6,15.6,15.6,15.6,0,0.0,0.0,0.0,0.0,0.0,0.0,0.0,0.0,,,,,,,19.463625526680215,,,,,,,,,,,,20.021044494499723,#000000
2022-11-28 00:00:00+00:00,15.6,15.6,15.6,15.6,7,0.0,0.0,0.0,0.0,0.0,0.0,0.0,0.0,,,,,,,19.463326719035983,,,,,,,,,,,,20.020720292906738,#000000
2022-11-29 00:00:00+00:00,16.0,16.0,16.0,16.0,16,0.0,0.0,0.0,0.0,0.0,0.0,0.0,0.0,,,,,,,19.46271460080049,,,,,,,,,,,,20.020046473872178,#000000
2022-11-30 00:00:00+00:00,15.1,15.1,13.9,13.9,884,0.0,0.0,0.0,0.0,0.0,0.0,0.0,0.0,,,,,,,19.416656252165122,,,,,,,,,,,,19.971239214587403,#000000
2022-12-01 00:00:00+00:00,15.1,15.1,15.1,15.1,0,0.0,0.0,0.0,0.0,0.0,0.0,0.0,0.0,,,,,,,19.416656252165122,,,,,,,,,,,,19.971239214587403,"rgba(239, 83, 80, 0.5)"
2022-12-02 00:00:00+00:00,15.2,15.2,14.0,14.3,142,0.0,0.0,0.0,0.0,0.0,0.0,0.0,0.0,,,,,,,19.409495752915426,,,,,,,,,,,,19.96362964383049,"rgba(239, 83, 80, 0.5)"
2022-12-05 00:00:00+00:00,16.3,17.572,16.3,16.75,192,0.0,0.0,0.0,0.0,0.0,0.0,0.0,0.0,,,,,,,19.403875662615576,,,,,,,,,,,,19.957196688419796,#000000
2022-12-06 00:00:00+00:00,16.3,16.3,16.3,16.3,4,0.0,0.0,0.0,0.0,0.0,0.0,0.0,0.0,,,,,,,19.403740342310716,,,,,,,,,,,,19.95704540048605,#000000
2022-12-07 00:00:00+00:00,16.3,16.3,16.3,16.3,0,0.0,0.0,0.0,0.0,0.0,0.0,0.0,0.0,,,,,,,19.403740342310716,,,,,,,,,,,,19.95704540048605,"rgba(38, 166, 154, 1.0)"
2022-12-08 00:00:00+00:00,16.047,16.047,16.047,16.047,45,0.0,0.0,0.0,0.0,0.0,0.0,0.0,0.0,,,,,,,19.402094773805107,,,,,,,,,,,,19.955226586727296,"rgba(38, 166, 154, 1.0)"
2022-12-09 00:00:00+00:00,16.047,16.047,16.047,16.047,11,0.0,0.0,0.0,0.0,0.0,0.0,0.0,0.0,,,,,,,19.401692769093906,,,,,,,,,,,,19.954782245144738,"rgba(38, 166, 154, 1.0)"
2022-12-12 00:00:00+00:00,14.8,15.9,14.7,14.7,250,0.0,0.0,0.0,0.0,0.0,0.0,0.0,0.0,,,,,,,19.390100896203347,,,,,,,,,,,,19.94235595852962,#000000
2022-12-13 00:00:00+00:00,15.0,15.0,14.9,14.9,221,0.0,0.0,0.0,0.0,0.0,0.0,0.0,0.0,,,,,,,19.379506820119342,,,,,,,,,,,,19.931045480103936,"rgba(239, 83, 80, 0.5)"
2022-12-14 00:00:00+00:00,15.0,15.0,15.0,15.0,0,0.0,0.0,0.0,0.0,0.0,0.0,0.0,0.0,,,,,,,19.379506820119342,,,,,,,,,,,,19.931045480103936,"rgba(239, 83, 80, 0.5)"
2022-12-15 00:00:00+00:00,14.6,17.299,14.559,17.299,202,0.0,0.0,0.0,0.0,0.0,0.0,0.0,0.0,,,,,,,19.371002220347894,,,,,,,,,,,,19.921829073602655,"rgba(239, 83, 80, 1.0)"
2022-12-16 00:00:00+00:00,13.4,13.9,13.4,13.9,34,0.0,0.0,0.0,0.0,0.0,0.0,0.0,0.0,,,,,,,19.368869011587677,,,,,,,,,,,,19.919611959339733,"rgba(239, 83, 80, 1.0)"
2022-12-19 00:00:00+00:00,14.8,14.9,14.8,14.8,31,0.0,0.0,0.0,0.0,0.0,0.0,0.0,0.0,,,,,,,19.367349700499577,,,,,,,,,,,,19.917994601100276,"rgba(239, 83, 80, 1.0)"
2022-12-20 00:00:00+00:00,15.223,16.2,15.223,16.2,168,0.0,0.0,0.0,0.0,0.0,0.0,0.0,0.0,,,,,,,19.360429931004223,,,,,,,,,,,,19.91047801659548,"rgba(239, 83, 80, 0.75)"
2022-12-21 00:00:00+00:00,14.7,15.1,13.801,14.282,285,0.0,0.0,0.0,0.0,0.0,0.0,0.0,0.0,,,,,,,19.345637600900385,,,,,,,,,,,,19.894832111521765,"rgba(239, 83, 80, 0.5)"
2022-12-22 00:00:00+00:00,13.6,13.8,13.6,13.8,30,0.0,0.0,0.0,0.0,0.0,0.0,0.0,0.0,,,,,,,19.343806186800812,,,,,,,,,,,,19.89292498536995,"rgba(239, 83, 80, 0.75)"
2022-12-23 00:00:00+00:00,16.6,17.0,16.0,16.0,360,0.0,0.0,0.0,0.0,0.0,0.0,0.0,0.0,,,,,,,19.33297190513923,,,,,,,,,,,,19.880625296614173,#000000
2022-12-27 00:00:00+00:00,16.3,17.5,16.2,17.5,176,0.0,0.0,0.0,0.0,0.0,0.0,0.0,0.0,,,,,,,19.32795630348502,,,,,,,,,,,,19.874883055183318,#000000
2022-12-28 00:00:00+00:00,13.5,15.279,13.5,15.279,210,0.0,0.0,0.0,0.0,0.0,0.0,0.0,0.0,,,,,,,19.31623275249185,,,,,,,,,,,,19.862583419437165,#000000
2022-12-29 00:00:00+00:00,13.4,14.299,13.4,13.5,379,0.0,0.0,0.0,0.0,0.0,0.0,0.0,0.0,,,,,,,19.293623555069328,,,,,,,,,,,,19.839013125187087,"rgba(239, 83, 80, 0.5)"
2022-12-30 00:00:00+00:00,16.4,16.599,15.8,15.8,404,0.0,0.0,0.0,0.0,0.0,0.0,0.0,0.0,,,,,,,19.28068901697424,,,,,,,,,,,,19.824507113831334,#000000
2023-01-03 00:00:00+00:00,18.2,19.9,18.2,19.3,1098,0.0,0.0,0.0,0.0,0.0,0.0,0.0,0.0,,,,,,,19.274788558644257,,,,,,,,,,,,19.812961185830194,"rgba(38, 166, 154, 1.0)"
2023-01-04 00:00:00+00:00,16.4,16.4,14.7,15.0,523,0.0,0.0,0.0,0.0,0.0,0.0,0.0,0.0,,,,,,,19.25607410719236,,,,,,,,,,,,19.79237866801156,"rgba(38, 166, 154, 1.0)"
2023-01-05 00:00:00+00:00,15.8,17.4,15.0,17.4,418,0.0,0.0,0.0,0.0,0.0,0.0,0.0,0.0,,,,,,,19.242272294345394,,,,,,,,,,,,19.777041385989083,"rgba(38, 166, 154, 1.0)"
2023-01-06 00:00:00+00:00,17.3,18.1,16.7,16.9,351,0.0,0.0,0.0,0.0,0.0,0.0,0.0,0.0,,,,,,,19.23548145855897,,,,,,,,,,,,19.768737987980604,"rgba(38, 166, 154, 1.0)"
2023-01-09 00:00:00+00:00,15.4,16.1,15.101,16.1,269,0.0,0.0,0.0,0.0,0.0,0.0,0.0,0.0,,,,,,,19.22523819957344,,,,,,,,,,,,19.75758651788043,#000000
2023-01-10 00:00:00+00:00,15.2,15.2,15.0,15.0,34,0.0,0.0,0.0,0.0,0.0,0.0,0.0,0.0,,,,,,,19.223807581304147,,,,,,,,,,,,19.756048026302896,#000000
2023-01-11 00:00:00+00:00,15.2,15.2,15.2,15.2,31,0.0,0.0,0.0,0.0,0.0,0.0,0.0,0.0,,,,,,,19.222525310361597,,,,,,,,,,,,19.75466639276105,#000000
2023-01-12 00:00:00+00:00,14.2,15.5,14.2,14.3,45,0.0,0.0,0.0,0.0,0.0,0.0,0.0,0.0,,,,,,,19.220403391421087,,,,,,,,,,,,19.75241294612299,#000000
2023-01-13 00:00:00+00:00,14.1,14.1,13.3,13.3,52,0.0,0.0,0.0,0.0,0.0,0.0,0.0,0.0,,,,,,,19.217526628738078,,,,,,,,,,,,19.749404872200813,"rgba(239, 83, 80, 0.5)"
2023-01-17 00:00:00+00:00,12.7,14.0,12.2,13.3,141,0.0,0.0,0.0,0.0,0.0,0.0,0.0,0.0,,,,,,,19.208488499441113,,,,,,,,,,,,19.740071102088866,"rgba(239, 83, 80, 1.0)"
2023-01-18 00:00:00+00:00,15.25,15.53,14.9,15.0,463,0.0,0.0,0.0,0.0,0.0,0.0,0.0,0.0,,,,,,,19.189672582840025,,,,,,,,,,,,19.719768105240643,"rgba(239, 83, 80, 0.5)"
2023-01-19 00:00:00+00:00,15.9,16.8,15.9,16.8,233,0.0,0.0,0.0,0.0,0.0,0.0,0.0,0.0,,,,,,,19.18257989947019,,,,,,,,,,,,19.71181818358067,#000000
2023-01-20 00:00:00+00:00,14.5,15.1,13.7,15.1,332,0.0,0.0,0.0,0.0,0.0,0.0,0.0,0.0,,,,,,,19.166579596461844,,,,,,,,,,,,19.69488475970534,#000000
2023-01-23 00:00:00+00:00,15.5,15.679,14.601,14.601,67,0.0,0.0,0.0,0.0,0.0,0.0,0.0,0.0,,,,,,,19.163925347151793,,,,,,,,,,,,19.69201547602952,#000000
2023-01-24 00:00:00+00:00,14.6,14.7,13.7,13.8,198,0.0,0.0,0.0,0.0,0.0,0.0,0.0,0.0,,,,,,,19.154245585804397,,,,,,,,,,,,19.681789377642403,#000000
2023-01-25 00:00:00+00:00,14.1,14.103,14.1,14.103,40,0.0,0.0,0.0,0.0,0.0,0.0,0.0,0.0,,,,,,,19.152200772213785,,,,,,,,,,,,19.6796387015556,#000000
2023-01-26 00:00:00+00:00,15.297,15.4,14.0,14.7,408,0.0,0.0,0.0,0.0,0.0,0.0,0.0,0.0,,,,,,,19.134717990825248,,,,,,,,,,,,19.660920604455345,#000000
2023-01-27 00:00:00+00:00,13.8,14.6,13.8,13.8,165,0.0,0.0,0.0,0.0,0.0,0.0,0.0,0.0,,,,,,,19.126307175737328,,,,,,,,,,,,19.65207648503545,#000000
2023-01-30 00:00:00+00:00,13.9,13.9,13.9,13.9,105,0.0,0.0,0.0,0.0,0.0,0.0,0.0,0.0,,,,,,,19.12079352878921,,,,,,,,,,,,19.646295448309292,"rgba(239, 83, 80, 0.5)"
2023-01-31 00:00:00+00:00,13.4,13.8,13.2,13.2,114,0.0,0.0,0.0,0.0,0.0,0.0,0.0,0.0,,,,,,,19.114324665636303,,,,,,,,,,,,19.639559707295913,"rgba(239, 83, 80, 1.0)"
2023-02-01 00:00:00+00:00,13.3,13.3,13.3,13.3,36,0.0,0.0,0.0,0.0,0.0,0.0,0.0,0.0,,,,,,,19.112224747018725,,,,,,,,,,,,19.637378332568673,"rgba(239, 83, 80, 1.0)"
2023-02-02 00:00:00+00:00,13.3,13.758,13.3,13.3,60,0.0,0.0,0.0,0.0,0.0,0.0,0.0,0.0,,,,,,,19.108820091974295,,,,,,,,,,,,19.633833543489597,"rgba(239, 83, 80, 1.0)"
2023-02-03 00:00:00+00:00,13.8,15.0,13.8,14.5,200,0.0,0.0,0.0,0.0,0.0,0.0,0.0,0.0,,,,,,,19.09899636107719,,,,,,,,,,,,19.623471937251296,"rgba(239, 83, 80, 1.0)"
2023-02-06 00:00:00+00:00,13.7,13.9,13.7,13.9,69,0.0,0.0,0.0,0.0,0.0,0.0,0.0,0.0,,,,,,,19.095317311121544,,,,,,,,,,,,19.619621455953283,"rgba(239, 83, 80, 1.0)"
2023-02-07 00:00:00+00:00,14.4,14.4,14.4,14.4,36,0.0,0.0,0.0,0.0,0.0,0.0,0.0,0.0,,,,,,,19.093627723412254,,,,,,,,,,,,19.617831683954172,"rgba(239, 83, 80, 0.5)"
2023-02-08 00:00:00+00:00,13.7,13.9,13.7,13.9,44,0.0,0.0,0.0,0.0,0.0,0.0,0.0,0.0,,,,,,,19.091285897935453,,,,,,,,,,,,19.615380537545324,"rgba(239, 83, 80, 0.5)"
2023-02-09 00:00:00+00:00,14.4,14.4,13.7,13.8,40,0.0,0.0,0.0,0.0,0.0,0.0,0.0,0.0,,,,,,,19.089318548776376,,,,,,,,,,,,19.613306279126558,#000000
2023-02-10 00:00:00+00:00,13.7,14.0,13.7,14.0,61,0.0,0.0,0.0,0.0,0.0,0.0,0.0,0.0,,,,,,,19.08609811886985,,,,,,,,,,,,19.609933329528648,#000000
2023-02-13 00:00:00+00:00,13.7,13.7,13.7,13.7,35,0.0,0.0,0.0,0.0,0.0,0.0,0.0,0.0,,,,,,,19.0842171790241,,,,,,,,,,,,19.607966517383115,"rgba(239, 83, 80, 0.5)"
2023-02-14 00:00:00+00:00,13.0,13.66,13.0,13.633,435,0.0,0.0,0.0,0.0,0.0,0.0,0.0,0.0,,,,,,,19.058874588540725,,,,,,,,,,,,19.58165344747041,"rgba(239, 83, 80, 1.0)"
2023-02-15 00:00:00+00:00,12.9,12.9,12.2,12.2,67,0.0,0.0,0.0,0.0,0.0,0.0,0.0,0.0,,,,,,,19.05462263588979,,,,,,,,,,,,19.577269045748896,"rgba(239, 83, 80, 1.0)"
2023-02-16 00:00:00+00:00,12.0,12.0,12.0,12.0,36,0.0,0.0,0.0,0.0,0.0,0.0,0.0,0.0,,,,,,,19.052102152618563,,,,,,,,,,,,19.574688500603855,"rgba(239, 83, 80, 1.0)"
2023-02-17 00:00:00+00:00,12.0,12.0,12.0,12.0,0,0.0,0.0,0.0,0.0,0.0,0.0,0.0,0.0,,,,,,,19.052102152618563,,,,,,,,,,,,19.574688500603855,"rgba(239, 83, 80, 1.0)"
2023-02-21 00:00:00+00:00,11.8,11.8,11.8,11.8,38,0.0,0.0,0.0,0.0,0.0,0.0,0.0,0.0,,,,,,,19.04936819809719,,,,,,,,,,,,19.571894627011503,"rgba(239, 83, 80, 1.0)"
2023-02-22 00:00:00+00:00,12.1,13.0,12.1,12.8,355,0.0,0.0,0.0,0.0,0.0,0.0,0.0,0.0,,,,,,,19.026032237973773,,,,,,,,,,,,19.54789818410303,"rgba(239, 83, 80, 1.0)"
2023-02-23 00:00:00+00:00,11.7,12.4,11.7,12.4,65,0.0,0.0,0.0,0.0,0.0,0.0,0.0,0.0,,,,,,,19.021477505870102,,,,,,,,,,,,19.543236132435343,"rgba(239, 83, 80, 1.0)"
2023-02-24 00:00:00+00:00,10.3,10.3,10.3,10.3,31,0.0,0.0,0.0,0.0,0.0,0.0,0.0,0.0,,,,,,,19.01880722633744,,,,,,,,,,,,19.540537911032416,"rgba(239, 83, 80, 1.0)"
2023-02-27 00:00:00+00:00,14.6,15.4,11.7,12.2,2582,0.0,0.0,0.0,0.0,0.0,0.0,0.0,0.0,,,,,,,18.89151737100957,,,,,,,,,,,,19.406651749434612,"rgba(239, 83, 80, 0.75)"
2023-02-28 00:00:00+00:00,14.2,17.0,13.6,17.0,1132,0.0,0.0,0.0,0.0,0.0,0.0,0.0,0.0,,,,,,,18.848829741625693,,,,,,,,,,,,19.360579540836422,"rgba(239, 83, 80, 0.5)"
2023-03-01 00:00:00+00:00,13.5,14.2,12.0,12.0,327,0.0,0.0,0.0,0.0,0.0,0.0,0.0,0.0,,,,,,,18.831389814893953,,,,,,,,,,,,19.3424040688093,#000000
2023-03-02 00:00:00+00:00,14.08,14.08,13.9,13.9,80,0.0,0.0,0.0,0.0,0.0,0.0,0.0,0.0,,,,,,,18.827736901044872,,,,,,,,,,,,19.338544352487208,#000000
2023-03-03 00:00:00+00:00,14.499,14.9,14.0,14.9,149,0.0,0.0,0.0,0.0,0.0,0.0,0.0,0.0,,,,,,,18.821578361132165,,,,,,,,,,,,19.331972561693174,"rgba(38, 166, 154, 1.0)"
2023-03-06 00:00:00+00:00,14.6,14.6,14.6,14.6,40,0.0,0.0,0.0,0.0,0.0,0.0,0.0,0.0,,,,,,,18.819978672476942,,,,,,,,,,,,19.330259723453914,"rgba(38, 166, 154, 1.0)"
2023-03-07 00:00:00+00:00,14.1,14.6,14.1,14.6,51,0.0,0.0,0.0,0.0,0.0,0.0,0.0,0.0,,,,,,,18.817779858789955,,,,,,,,,,,,19.327923885416556,"rgba(38, 166, 154, 1.0)"
2023-03-08 00:00:00+00:00,13.4,13.9,12.7,13.3,322,0.0,0.0,0.0,0.0,0.0,0.0,0.0,0.0,,,,,,,18.80110902174015,,,,,,,,,,,,19.310515195242846,"rgba(38, 166, 154, 1.0)"
2023-03-09 00:00:00+00:00,12.6,14.2,12.45,14.2,202,0.0,0.0,0.0,0.0,0.0,0.0,0.0,0.0,,,,,,,18.79022674267049,,,,,,,,,,,,19.29919110979074,#000000
2023-03-10 00:00:00+00:00,13.416,13.5,11.201,11.201,113,0.0,0.0,0.0,0.0,0.0,0.0,0.0,0.0,,,,,,,18.783755512260615,,,,,,,,,,,,19.292490494091393,#000000
2023-03-13 00:00:00+00:00,12.1,12.1,11.6,11.6,161,0.0,0.0,0.0,0.0,0.0,0.0,0.0,0.0,,,,,,,18.77339061858802,,,,,,,,,,,,19.281850430305465,"rgba(239, 83, 80, 0.5)"
2023-03-14 00:00:00+00:00,12.4,12.449,11.2,11.2,192,0.0,0.0,0.0,0.0,0.0,0.0,0.0,0.0,,,,,,,18.761220423198022,,,,,,,,,,,,19.26934467683277,"rgba(239, 83, 80, 0.5)"
2023-03-15 00:00:00+00:00,12.0,12.0,11.7,11.7,40,0.0,0.0,0.0,0.0,0.0,0.0,0.0,0.0,,,,,,,18.758646846272377,,,,,,,,,,,,19.266703026935616,"rgba(239, 83, 80, 1.0)"
2023-03-16 00:00:00+00:00,12.1,12.1,12.1,12.1,23,0.0,0.0,0.0,0.0,0.0,0.0,0.0,0.0,,,,,,,18.757211039650983,,,,,,,,,,,,19.26522615058386,"rgba(239, 83, 80, 1.0)"
2023-03-17 00:00:00+00:00,12.2,12.2,12.1,12.1,55,0.0,0.0,0.0,0.0,0.0,0.0,0.0,0.0,,,,,,,18.753814456657196,,,,,,,,,,,,19.261729792981964,"rgba(239, 83, 80, 1.0)"
2023-03-20 00:00:00+00:00,12.06,12.06,12.0,12.0,75,0.0,0.0,0.0,0.0,0.0,0.0,0.0,0.0,,,,,,,18.749099434425148,,,,,,,,,,,,19.25688256070638,"rgba(239, 83, 80, 1.0)"
2023-03-21 00:00:00+00:00,12.0,12.0,12.0,12.0,36,0.0,0.0,0.0,0.0,0.0,0.0,0.0,0.0,,,,,,,18.746825095946825,,,,,,,,,,,,19.254545316824103,"rgba(239, 83, 80, 1.0)"
2023-03-22 00:00:00+00:00,11.9,11.9,11.9,11.9,31,0.0,0.0,0.0,0.0,0.0,0.0,0.0,0.0,,,,,,,18.744838856084066,,,,,,,,,,,,19.252506169858158,"rgba(239, 83, 80, 1.0)"
2023-03-23 00:00:00+00:00,11.0,11.5,11.0,11.5,47,0.0,0.0,0.0,0.0,0.0,0.0,0.0,0.0,,,,,,,18.741507261695407,,,,,,,,,,,,19.24910857606044,"rgba(239, 83, 80, 1.0)"
2023-03-24 00:00:00+00:00,13.6,14.499,12.0,13.0,1375,0.0,0.0,0.0,0.0,0.0,0.0,0.0,0.0,,,,,,,18.673252187939617,,,,,,,,,,,,19.17767090586332,"rgba(239, 83, 80, 0.75)"
2023-03-27 00:00:00+00:00,12.9,13.8,12.4,12.4,315,0.0,0.0,0.0,0.0,0.0,0.0,0.0,0.0,,,,,,,18.656893006009923,,,,,,,,,,,,19.160624947157032,#000000
2023-03-28 00:00:00+00:00,12.7,13.5,12.7,13.5,52,0.0,0.0,0.0,0.0,0.0,0.0,0.0,0.0,,,,,,,18.654169657922985,,,,,,,,,,,,19.157789584727144,#000000
2023-03-29 00:00:00+00:00,11.7,12.9,11.2,12.9,96,0.0,0.0,0.0,0.0,0.0,0.0,0.0,0.0,,,,,,,18.64823656349045,,,,,,,,,,,,19.151689350760517,"rgba(239, 83, 80, 0.5)"
2023-03-30 00:00:00+00:00,10.6,11.3,10.6,10.9,200,0.0,0.0,0.0,0.0,0.0,0.0,0.0,0.0,,,,,,,18.633890184127907,,,,,,,,,,,,19.137081905079647,"rgba(239, 83, 80, 1.0)"
2023-03-31 00:00:00+00:00,12.472,13.2,11.0,11.0,471,0.0,0.0,0.0,0.0,0.0,0.0,0.0,0.0,,,,,,,18.606297961011535,,,,,,,,,,,,19.108610619984884,"rgba(239, 83, 80, 0.5)"
2023-04-03 00:00:00+00:00,12.6,12.6,11.8,11.9,110,0.0,0.0,0.0,0.0,0.0,0.0,0.0,0.0,,,,,,,18.599997906147944,,,,,,,,,,,,19.10210008473612,#000000
2023-04-04 00:00:00+00:00,11.0,12.0,11.0,12.0,40,0.0,0.0,0.0,0.0,0.0,0.0,0.0,0.0,,,,,,,18.597345040021168,,,,,,,,,,,,19.099386413187425,"rgba(239, 83, 80, 0.5)"
2023-04-05 00:00:00+00:00,13.25,13.5,12.5,12.5,125,0.0,0.0,0.0,0.0,0.0,0.0,0.0,0.0,,,,,,,18.591061523781732,,,,,,,,,,,,19.092826575829985,#000000
2023-04-06 00:00:00+00:00,11.9,13.8,11.5,13.6,261,0.0,0.0,0.0,0.0,0.0,0.0,0.0,0.0,,,,,,,18.57636554406579,,,,,,,,,,,,19.07762341708803,#000000
2023-04-10 00:00:00+00:00,12.6,13.6,12.6,13.6,110,0.0,0.0,0.0,0.0,0.0,0.0,0.0,0.0,,,,,,,18.570725741923557,,,,,,,,,,,,19.07174672996604,#000000
2023-04-11 00:00:00+00:00,12.6,12.6,11.35,11.8,208,0.0,0.0,0.0,0.0,0.0,0.0,0.0,0.0,,,,,,,18.55867744617049,,,,,,,,,,,,19.059311152000117,#000000
2023-04-12 00:00:00+00:00,12.31,12.7,12.3,12.7,133,0.0,0.0,0.0,0.0,0.0,0.0,0.0,0.0,,,,,,,18.55130246488653,,,,,,,,,,,,19.051675159658988,#000000
2023-04-13 00:00:00+00:00,11.5,12.2,11.5,11.5,364,0.0,0.0,0.0,0.0,0.0,0.0,0.0,0.0,,,,,,,18.528897611825307,,,,,,,,,,,,19.028653948528245,#000000
2023-04-14 00:00:00+00:00,12.665,13.101,12.6,12.6,680,0.0,0.0,0.0,0.0,0.0,0.0,0.0,0.0,,,,,,,18.493873591271257,,,,,,,,,,,,18.992198535434223,#000000
2023-04-17 00:00:00+00:00,12.6,13.5,12.2,13.5,101,0.0,0.0,0.0,0.0,0.0,0.0,0.0,0.0,,,,,,,18.488687996605368,,,,,,,,,,,,18.98680106156199,#000000
2023-04-18 00:00:00+00:00,13.4,14.0,12.7,12.7,342,0.0,0.0,0.0,0.0,0.0,0.0,0.0,0.0,,,,,,,18.473032302270354,,,,,,,,,,,,18.970350057487472,#000000
2023-04-19 00:00:00+00:00,12.9,12.901,12.9,12.901,49,0.0,0.0,0.0,0.0,0.0,0.0,0.0,0.0,,,,,,,18.470592939670052,,,,,,,,,,,,18.967805434354815,"rgba(38, 166, 154, 1.0)"
2023-04-20 00:00:00+00:00,13.601,13.808,13.6,13.6,187,0.0,0.0,0.0,0.0,0.0,0.0,0.0,0.0,,,,,,,18.46258618649685,,,,,,,,,,,,18.95934274911093,"rgba(38, 166, 154, 1.0)"
2023-04-21 00:00:00+00:00,14.1,14.201,13.6,13.6,557,0.0,0.0,0.0,0.0,0.0,0.0,0.0,0.0,,,,,,,18.440364384769197,,,,,,,,,,,,18.935703074612462,"rgba(38, 166, 154, 1.0)"
2023-04-24 00:00:00+00:00,14.1,14.227,13.7,13.7,709,0.0,0.0,0.0,0.0,0.0,0.0,0.0,0.0,,,,,,,18.412656877702613,,,,,,,,,,,,18.906185903773597,"rgba(38, 166, 154, 1.0)"
2023-04-25 00:00:00+00:00,14.2,14.3,14.2,14.3,33,0.0,0.0,0.0,0.0,0.0,0.0,0.0,0.0,,,,,,,18.411440951222225,,,,,,,,,,,,18.904883195913428,"rgba(38, 166, 154, 1.0)"
2023-04-26 00:00:00+00:00,13.3,14.4,13.21,13.9,97,0.0,0.0,0.0,0.0,0.0,0.0,0.0,0.0,,,,,,,18.407361133867134,,,,,,,,,,,,18.900569687710124,"rgba(38, 166, 154, 0.75)"
2023-04-27 00:00:00+00:00,13.7,13.7,13.419,13.419,89,0.0,0.0,0.0,0.0,0.0,0.0,0.0,0.0,,,,,,,18.403600162541505,,,,,,,,,,,,18.896595371042,"rgba(38, 166, 154, 0.75)"
2023-04-28 00:00:00+00:00,13.3,13.3,13.3,13.3,23,0.0,0.0,0.0,0.0,0.0,0.0,0.0,0.0,,,,,,,18.402567181472833,,,,,,,,,,,,18.89550985402381,"rgba(38, 166, 154, 0.75)"
2023-05-01 00:00:00+00:00,13.9,15.76,13.3,13.3,508,0.0,0.0,0.0,0.0,0.0,0.0,0.0,0.0,,,,,,,18.384397480937643,,,,,,,,,,,,18.875992022772863,"rgba(38, 166, 154, 0.75)"
2023-05-02 00:00:00+00:00,14.0,14.0,14.0,14.0,40,0.0,0.0,0.0,0.0,0.0,0.0,0.0,0.0,,,,,,,18.38286156141164,,,,,,,,,,,,18.874354808652786,"rgba(38, 166, 154, 0.75)"
2023-05-03 00:00:00+00:00,13.9,14.001,13.9,14.001,75,0.0,0.0,0.0,0.0,0.0,0.0,0.0,0.0,,,,,,,18.379941069042562,,,,,,,,,,,,18.871246258514795,"rgba(38, 166, 154, 0.75)"
2023-05-04 00:00:00+00:00,13.9,13.9,12.7,12.706,267,0.0,0.0,0.0,0.0,0.0,0.0,0.0,0.0,,,,,,,18.368564127192013,,,,,,,,,,,,18.859242318219465,"rgba(38, 166, 154, 0.75)"
2023-05-05 00:00:00+00:00,13.9,13.9,13.7,13.7,162,0.0,0.0,0.0,0.0,0.0,0.0,0.0,0.0,,,,,,,18.362157931297055,,,,,,,,,,,,18.852436526710836,"rgba(38, 166, 154, 0.75)"
2023-05-08 00:00:00+00:00,13.3,13.357,13.3,13.357,33,0.0,0.0,0.0,0.0,0.0,0.0,0.0,0.0,,,,,,,18.360707232101333,,,,,,,,,,,,18.85091058446006,"rgba(38, 166, 154, 0.75)"
2023-05-09 00:00:00+00:00,14.0,14.0,12.0,12.0,338,0.0,0.0,0.0,0.0,0.0,0.0,0.0,0.0,,,,,,,18.34593857300954,,,,,,,,,,,,18.83536992655798,"rgba(38, 166, 154, 0.75)"
2023-05-10 00:00:00+00:00,13.7,14.0,13.3,14.0,384,0.0,0.0,0.0,0.0,0.0,0.0,0.0,0.0,,,,,,,18.33037369703688,,,,,,,,,,,,18.8188833826184,"rgba(38, 166, 154, 0.75)"
2023-05-11 00:00:00+00:00,13.6,13.7,13.6,13.7,64,0.0,0.0,0.0,0.0,0.0,0.0,0.0,0.0,,,,,,,18.32777114320178,,,,,,,,,,,,18.816128134028467,#000000
2023-05-12 00:00:00+00:00,13.6,13.6,13.6,13.6,66,0.0,0.0,0.0,0.0,0.0,0.0,0.0,0.0,,,,,,,18.32507124274621,,,,,,,,,,,,18.813271594284647,#000000
2023-05-15 00:00:00+00:00,13.6,13.6,13.3,13.3,48,0.0,0.0,0.0,0.0,0.0,0.0,0.0,0.0,,,,,,,18.323068099521404,,,,,,,,,,,,18.81115626295968,#000000
2023-05-16 00:00:00+00:00,14.0,14.0,13.6,13.7,224,0.0,0.0,0.0,0.0,0.0,0.0,0.0,0.0,,,,,,,18.314451046234574,,,,,,,,,,,,18.80198691392773,"rgba(38, 166, 154, 1.0)"
2023-05-17 00:00:00+00:00,13.5,14.0,13.5,13.601,150,0.0,0.0,0.0,0.0,0.0,0.0,0.0,0.0,,,,,,,18.30844066934495,,,,,,,,,,,,18.795617656138006,#000000
2023-05-18 00:00:00+00:00,13.6,13.844,13.6,13.7,60,0.0,0.0,0.0,0.0,0.0,0.0,0.0,0.0,,,,,,,18.306048451582868,,,,,,,,,,,,18.793081647382895,#000000
2023-05-19 00:00:00+00:00,13.8,13.8,13.8,13.8,20,0.0,0.0,0.0,0.0,0.0,0.0,0.0,0.0,,,,,,,18.305272041973208,,,,,,,,,,,,18.792256481022395,#000000
2023-05-22 00:00:00+00:00,13.7,13.7,13.6,13.7,131,0.0,0.0,0.0,0.0,0.0,0.0,0.0,0.0,,,,,,,18.300042858167302,,,,,,,,,,,,18.786714205137915,#000000
2023-05-23 00:00:00+00:00,13.7,13.7,13.7,13.7,35,0.0,0.0,0.0,0.0,0.0,0.0,0.0,0.0,,,,,,,18.298657779880692,,,,,,,,,,,,18.785245099818987,#000000
2023-05-24 00:00:00+00:00,13.8,13.8,13.8,13.8,40,0.0,0.0,0.0,0.0,0.0,0.0,0.0,0.0,,,,,,,18.29711025398462,,,,,,,,,,,,18.783600157281967,#000000
2023-05-25 00:00:00+00:00,13.6,13.6,13.6,13.6,31,0.0,0.0,0.0,0.0,0.0,0.0,0.0,0.0,,,,,,,18.295858348164245,,,,,,,,,,,,18.782274942202626,#000000
2023-05-26 00:00:00+00:00,13.6,13.6,13.6,13.6,43,0.0,0.0,0.0,0.0,0.0,0.0,0.0,0.0,,,,,,,18.294122938045373,,,,,,,,,,,,18.78043786204999,#000000
2023-05-30 00:00:00+00:00,13.6,13.609,13.6,13.609,62,0.0,0.0,0.0,0.0,0.0,0.0,0.0,0.0,,,,,,,18.29162457336905,,,,,,,,,,,,18.77779287311237,#000000
2023-05-31 00:00:00+00:00,13.6,13.6,13.6,13.6,0,0.0,0.0,0.0,0.0,0.0,0.0,0.0,0.0,,,,,,,18.29162457336905,,,,,,,,,,,,18.77779287311237,#000000
2023-06-01 00:00:00+00:00,13.6,13.601,13.6,13.601,51,0.0,0.0,0.0,0.0,0.0,0.0,0.0,0.0,,,,,,,18.289570293158846,,,,,,,,,,,,18.775618061218022,#000000
2023-06-02 00:00:00+00:00,13.6,13.73,13.6,13.6,48,0.0,0.0,0.0,0.0,0.0,0.0,0.0,0.0,,,,,,,18.28765621021612,,,,,,,,,,,,18.77358984090913,#000000
2023-06-05 00:00:00+00:00,13.3,13.6,12.8,13.1,380,0.0,0.0,0.0,0.0,0.0,0.0,0.0,0.0,,,,,,,18.271225715385583,,,,,,,,,,,,18.756310784820627,"rgba(239, 83, 80, 1.0)"
2023-06-06 00:00:00+00:00,14.1,14.15,12.4,12.4,103,0.0,0.0,0.0,0.0,0.0,0.0,0.0,0.0,,,,,,,18.26706935161283,,,,,,,,,,,,18.75191327439915,#000000
2023-06-07 00:00:00+00:00,13.9,15.3,13.9,15.2,169,0.0,0.0,0.0,0.0,0.0,0.0,0.0,0.0,,,,,,,18.26144346673265,,,,,,,,,,,,18.74584425081684,#000000
2023-06-08 00:00:00+00:00,14.1,14.9,14.1,14.9,37,0.0,0.0,0.0,0.0,0.0,0.0,0.0,0.0,,,,,,,18.26021392898989,,,,,,,,,,,,18.744517770500725,"rgba(38, 166, 154, 1.0)"
2023-06-09 00:00:00+00:00,13.9,14.201,13.9,14.201,95,0.0,0.0,0.0,0.0,0.0,0.0,0.0,0.0,,,,,,,18.256763868404658,,,,,,,,,,,,18.74083093241712,"rgba(38, 166, 154, 1.0)"
2023-06-12 00:00:00+00:00,14.4,15.7,14.4,15.7,125,0.0,0.0,0.0,0.0,0.0,0.0,0.0,0.0,,,,,,,18.253119563859727,,,,,,,,,,,,18.736839454114545,"rgba(38, 166, 154, 1.0)"
2023-06-13 00:00:00+00:00,13.1,13.8,13.1,13.8,329,0.0,0.0,0.0,0.0,0.0,0.0,0.0,0.0,,,,,,,18.23937375976265,,,,,,,,,,,,18.722350717338067,#000000
2023-06-14 00:00:00+00:00,13.9,13.9,13.5,13.6,181,0.0,0.0,0.0,0.0,0.0,0.0,0.0,0.0,,,,,,,18.232509242457628,,,,,,,,,,,,18.71505108506942,#000000
2023-06-15 00:00:00+00:00,13.6,13.8,13.2,13.6,475,0.0,0.0,0.0,0.0,0.0,0.0,0.0,0.0,,,,,,,18.213658407159347,,,,,,,,,,,,18.6950979746801,#000000
2023-06-16 00:00:00+00:00,13.7,13.7,13.7,13.7,12,0.0,0.0,0.0,0.0,0.0,0.0,0.0,0.0,,,,,,,18.21320102290414,,,,,,,,,,,,18.694612097778688,#000000
2023-06-20 00:00:00+00:00,13.6,13.7,13.6,13.7,49,0.0,0.0,0.0,0.0,0.0,0.0,0.0,0.0,,,,,,,18.211306758391697,,,,,,,,,,,,18.692602612303077,#000000
2023-06-21 00:00:00+00:00,13.6,13.6,13.6,13.6,20,0.0,0.0,0.0,0.0,0.0,0.0,0.0,0.0,,,,,,,18.21052841308688,,,,,,,,,,,,18.691777471726212,#000000
2023-06-22 00:00:00+00:00,13.6,13.6,13.3,13.3,64,0.0,0.0,0.0,0.0,0.0,0.0,0.0,0.0,,,,,,,18.207985489031703,,,,,,,,,,,,18.68908699595139,#000000
2023-06-23 00:00:00+00:00,13.6,13.6,13.2,13.2,77,0.0,0.0,0.0,0.0,0.0,0.0,0.0,0.0,,,,,,,18.20490803415631,,,,,,,,,,,,18.68583294086545,#000000
2023-06-26 00:00:00+00:00,14.1,15.563,12.3,13.2,1755,0.0,0.0,0.0,0.0,0.0,0.0,0.0,0.0,,,,,,,18.14342863788146,,,,,,,,,,,,18.620045418036334,#000000
2023-06-27 00:00:00+00:00,14.2,15.0,14.2,15.0,43,0.0,0.0,0.0,0.0,0.0,0.0,0.0,0.0,,,,,,,18.142115824815157,,,,,,,,,,,,18.618620929212337,"rgba(38, 166, 154, 0.5)"
2023-06-28 00:00:00+00:00,14.35,15.3,14.35,14.8,153,0.0,0.0,0.0,0.0,0.0,0.0,0.0,0.0,,,,,,,18.13770601471749,,,,,,,,,,,,18.613804083551052,"rgba(38, 166, 154, 1.0)"
2023-06-29 00:00:00+00:00,13.9,13.9,13.9,13.9,27,0.0,0.0,0.0,0.0,0.0,0.0,0.0,0.0,,,,,,,18.13675734536116,,,,,,,,,,,,18.612790402612372,"rgba(38, 166, 154, 1.0)"
2023-06-30 00:00:00+00:00,13.8,13.8,13.8,13.8,20,0.0,0.0,0.0,0.0,0.0,0.0,0.0,0.0,,,,,,,18.136038321354434,,,,,,,,,,,,18.61202388214212,"rgba(38, 166, 154, 0.5)"
2023-07-03 00:00:00+00:00,13.7,14.733,13.7,14.733,32,0.0,0.0,0.0,0.0,0.0,0.0,0.0,0.0,,,,,,,18.13495317735914,,,,,,,,,,,,18.6108602041818,#000000
2023-07-05 00:00:00+00:00,13.7,13.7,13.7,13.7,21,0.0,0.0,0.0,0.0,0.0,0.0,0.0,0.0,,,,,,,18.134181446556497,,,,,,,,,,,,18.61003930387066,#000000
2023-07-06 00:00:00+00:00,13.7,13.7,13.7,13.7,22,0.0,0.0,0.0,0.0,0.0,0.0,0.0,0.0,,,,,,,18.133373254683615,,,,,,,,,,,,18.60917960737496,#000000
2023-07-07 00:00:00+00:00,13.5,13.5,13.0,13.3,267,0.0,0.0,0.0,0.0,0.0,0.0,0.0,0.0,,,,,,,18.122778891910716,,,,,,,,,,,,18.597992468583776,"rgba(239, 83, 80, 1.0)"
2023-07-10 00:00:00+00:00,14.0,14.001,12.5,13.4,102,0.0,0.0,0.0,0.0,0.0,0.0,0.0,0.0,,,,,,,18.118884634339043,,,,,,,,,,,,18.59386641432374,#000000
2023-07-11 00:00:00+00:00,13.7,14.6,13.7,14.6,46,0.0,0.0,0.0,0.0,0.0,0.0,0.0,0.0,,,,,,,18.11732031583262,,,,,,,,,,,,18.592190153227808,#000000
2023-07-12 00:00:00+00:00,14.0,14.8,14.0,14.8,88,0.0,0.0,0.0,0.0,0.0,0.0,0.0,0.0,,,,,,,18.114524623165313,,,,,,,,,,,,18.589172816606265,#000000
2023-07-13 00:00:00+00:00,13.8,13.8,13.8,13.8,41,0.0,0.0,0.0,0.0,0.0,0.0,0.0,0.0,,,,,,,18.113065667062532,,,,,,,,,,,,18.587616830699794,#000000
2023-07-14 00:00:00+00:00,14.0,14.9,13.9,14.9,46,0.0,0.0,0.0,0.0,0.0,0.0,0.0,0.0,,,,,,,18.111606944009303,,,,,,,,,,,,18.586042339987298,#000000
2023-07-17 00:00:00+00:00,13.6,14.222,13.5,13.6,153,0.0,0.0,0.0,0.0,0.0,0.0,0.0,0.0,,,,,,,18.106142388586495,,,,,,,,,,,,18.58021731424997,#000000
2023-07-18 00:00:00+00:00,13.9,13.9,12.5,13.3,97,0.0,0.0,0.0,0.0,0.0,0.0,0.0,0.0,,,,,,,18.102413183703,,,,,,,,,,,,18.576270379740134,#000000
2023-07-19 00:00:00+00:00,13.874,13.874,13.2,13.2,85,0.0,0.0,0.0,0.0,0.0,0.0,0.0,0.0,,,,,,,18.099301164470074,,,,,,,,,,,,18.572961751267336,#000000
2023-07-20 00:00:00+00:00,13.7,13.7,13.4,13.4,45,0.0,0.0,0.0,0.0,0.0,0.0,0.0,0.0,,,,,,,18.09763713967923,,,,,,,,,,,,18.571194390038407,#000000
2023-07-21 00:00:00+00:00,14.05,14.2,13.6,13.6,61,0.0,0.0,0.0,0.0,0.0,0.0,0.0,0.0,,,,,,,18.09555880669759,,,,,,,,,,,,18.568969171909465,#000000
2023-07-24 00:00:00+00:00,13.7,13.7,13.6,13.6,25,0.0,0.0,0.0,0.0,0.0,0.0,0.0,0.0,,,,,,,18.094649457950045,,,,,,,,,,,,18.568001912563965,#000000
2023-07-25 00:00:00+00:00,13.7,14.6,13.7,14.0,148,0.0,0.0,0.0,0.0,0.0,0.0,0.0,0.0,,,,,,,18.08967842963544,,,,,,,,,,,,18.562672444962946,#000000
2023-07-26 00:00:00+00:00,13.7,13.7,13.6,13.6,23,0.0,0.0,0.0,0.0,0.0,0.0,0.0,0.0,,,,,,,18.088844111286964,,,,,,,,,,,,18.561784907167283,#000000
2023-07-27 00:00:00+00:00,14.1,15.1,13.6,13.6,611,0.0,0.0,0.0,0.0,0.0,0.0,0.0,0.0,,,,,,,18.069786560254148,,,,,,,,,,,,18.54120008942015,#000000
2023-07-28 00:00:00+00:00,14.9,14.9,14.0,14.9,130,0.0,0.0,0.0,0.0,0.0,0.0,0.0,0.0,,,,,,,18.06610950067386,,,,,,,,,,,,18.537185326521307,"rgba(38, 166, 154, 1.0)"
2023-07-31 00:00:00+00:00,14.192,16.0,14.192,16.0,274,0.0,0.0,0.0,0.0,0.0,0.0,0.0,0.0,,,,,,,18.058818695470617,,,,,,,,,,,,18.529167232248014,"rgba(38, 166, 154, 1.0)"
2023-08-01 00:00:00+00:00,13.8,14.2,13.8,14.2,46,0.0,0.0,0.0,0.0,0.0,0.0,0.0,0.0,,,,,,,18.057275730670806,,,,,,,,,,,,18.52751480404568,"rgba(38, 166, 154, 0.75)"
2023-08-02 00:00:00+00:00,15.799,15.8,13.7,13.769,1089,0.0,0.0,0.0,0.0,0.0,0.0,0.0,0.0,,,,,,,18.03131820074519,,,,,,,,,,,,18.498583443775303,"rgba(38, 166, 154, 1.0)"
2023-08-03 00:00:00+00:00,15.8,15.9,14.2,14.2,128,0.0,0.0,0.0,0.0,0.0,0.0,0.0,0.0,,,,,,,18.028503519605373,,,,,,,,,,,,18.495413464441917,"rgba(38, 166, 154, 1.0)"
2023-08-04 00:00:00+00:00,15.0,16.0,15.0,16.0,87,0.0,0.0,0.0,0.0,0.0,0.0,0.0,0.0,,,,,,,18.02661705659606,,,,,,,,,,,,18.49328489190817,"rgba(38, 166, 154, 1.0)"
2023-08-07 00:00:00+00:00,13.9,13.9,13.9,13.9,50,0.0,0.0,0.0,0.0,0.0,0.0,0.0,0.0,,,,,,,18.02495772816708,,,,,,,,,,,,18.491508569749065,"rgba(38, 166, 154, 0.75)"
2023-08-08 00:00:00+00:00,13.4,13.4,13.4,13.4,43,0.0,0.0,0.0,0.0,0.0,0.0,0.0,0.0,,,,,,,18.02335892777226,,,,,,,,,,,,18.489815796188164,#000000
2023-08-09 00:00:00+00:00,13.9,15.1,13.8,15.1,99,0.0,0.0,0.0,0.0,0.0,0.0,0.0,0.0,,,,,,,18.020371390549,,,,,,,,,,,,18.486585642103282,#000000
2023-08-10 00:00:00+00:00,14.3,15.1,14.3,14.3,45,0.0,0.0,0.0,0.0,0.0,0.0,0.0,0.0,,,,,,,18.019123394334542,,,,,,,,,,,,18.48522328717395,#000000
2023-08-11 00:00:00+00:00,13.61,13.8,13.61,13.8,153,0.0,0.0,0.0,0.0,0.0,0.0,0.0,0.0,,,,,,,18.013790751701585,,,,,,,,,,,,18.479543986052796,#000000
2023-08-14 00:00:00+00:00,10.701,12.5,10.701,11.7,768,0.0,0.0,0.0,0.0,0.0,0.0,0.0,0.0,,,,,,,17.97269457862375,,,,,,,,,,,,18.43726348159506,"rgba(239, 83, 80, 1.0)"
2023-08-15 00:00:00+00:00,11.5,11.5,10.6,10.6,156,0.0,0.0,0.0,0.0,0.0,0.0,0.0,0.0,,,,,,,17.964283302815574,,,,,,,,,,,,18.428615751095286,"rgba(239, 83, 80, 1.0)"
2023-08-16 00:00:00+00:00,11.5,11.5,11.5,11.5,23,0.0,0.0,0.0,0.0,0.0,0.0,0.0,0.0,,,,,,,17.963099867603766,,,,,,,,,,,,18.427395354536305,"rgba(239, 83, 80, 1.0)"
2023-08-17 00:00:00+00:00,12.5,13.299,11.7,11.7,289,0.0,0.0,0.0,0.0,0.0,0.0,0.0,0.0,,,,,,,17.950560897486785,,,,,,,,,,,,18.414304961233174,"rgba(239, 83, 80, 1.0)"
2023-08-18 00:00:00+00:00,12.6,12.837,12.4,12.4,455,0.0,0.0,0.0,0.0,0.0,0.0,0.0,0.0,,,,,,,17.93134147036247,,,,,,,,,,,,18.394202640309235,"rgba(239, 83, 80, 1.0)"
2023-08-21 00:00:00+00:00,12.68,13.8,11.7,12.0,627,0.0,0.0,0.0,0.0,0.0,0.0,0.0,0.0,,,,,,,17.90564675915717,,,,,,,,,,,,18.367271643299205,"rgba(239, 83, 80, 0.75)"
2023-08-22 00:00:00+00:00,13.0,13.0,12.9,12.9,20,0.0,0.0,0.0,0.0,0.0,0.0,0.0,0.0,,,,,,,17.904869113973195,,,,,,,,,,,,18.366453183804374,"rgba(239, 83, 80, 0.75)"
2023-08-23 00:00:00+00:00,13.4,13.4,13.3,13.3,21,0.0,0.0,0.0,0.0,0.0,0.0,0.0,0.0,,,,,,,17.904118968344534,,,,,,,,,,,,18.365657708985186,#000000
2023-08-24 00:00:00+00:00,12.8,13.3,12.8,13.0,326,0.0,0.0,0.0,0.0,0.0,0.0,0.0,0.0,,,,,,,17.89148179465235,,,,,,,,,,,,18.352355781947875,#000000
2023-08-25 00:00:00+00:00,12.6,12.627,11.3,11.3,307,0.0,0.0,0.0,0.0,0.0,0.0,0.0,0.0,,,,,,,17.87773819556487,,,,,,,,,,,,18.338057890477316,"rgba(239, 83, 80, 0.75)"
2023-08-28 00:00:00+00:00,12.8,12.8,12.8,12.8,27,0.0,0.0,0.0,0.0,0.0,0.0,0.0,0.0,,,,,,,17.876664635944806,,,,,,,,,,,,18.336930665179032,"rgba(239, 83, 80, 0.75)"
2023-08-29 00:00:00+00:00,13.799,13.799,12.9,12.9,93,0.0,0.0,0.0,0.0,0.0,0.0,0.0,0.0,,,,,,,17.87347920416072,,,,,,,,,,,,18.33354146075652,#000000
2023-08-30 00:00:00+00:00,13.9,13.931,13.0,13.931,297,0.0,0.0,0.0,0.0,0.0,0.0,0.0,0.0,,,,,,,17.86359470965558,,,,,,,,,,,,18.322997396792445,"rgba(38, 166, 154, 1.0)"
2023-08-31 00:00:00+00:00,13.8,14.7,13.7,14.7,196,0.0,0.0,0.0,0.0,0.0,0.0,0.0,0.0,,,,,,,17.857793851478267,,,,,,,,,,,,18.316736066808247,"rgba(38, 166, 154, 1.0)"
2023-09-01 00:00:00+00:00,13.5,14.5,13.319,14.5,46,0.0,0.0,0.0,0.0,0.0,0.0,0.0,0.0,,,,,,,17.856329733436176,,,,,,,,,,,,18.3151678858769,"rgba(38, 166, 154, 1.0)"
2023-09-05 00:00:00+00:00,13.4,13.4,13.4,13.4,22,0.0,0.0,0.0,0.0,0.0,0.0,0.0,0.0,,,,,,,17.85556594395405,,,,,,,,,,,,18.314356710801025,"rgba(38, 166, 154, 1.0)"
2023-09-06 00:00:00+00:00,13.5,14.4,13.5,14.4,31,0.0,0.0,0.0,0.0,0.0,0.0,0.0,0.0,,,,,,,17.85458672014953,,,,,,,,,,,,18.313307143857102,"rgba(38, 166, 154, 1.0)"
2023-09-07 00:00:00+00:00,12.8,12.9,12.8,12.9,23,0.0,0.0,0.0,0.0,0.0,0.0,0.0,0.0,,,,,,,17.853687365505554,,,,,,,,,,,,18.312362030309142,#000000
2023-09-08 00:00:00+00:00,12.8,12.868,12.8,12.8,184,0.0,0.0,0.0,0.0,0.0,0.0,0.0,0.0,,,,,,,17.846488847588446,,,,,,,,,,,,18.304798144917097,#000000
2023-09-11 00:00:00+00:00,13.31,13.8,12.8,12.8,587,0.0,0.0,0.0,0.0,0.0,0.0,0.0,0.0,,,,,,,17.82584517432498,,,,,,,,,,,,18.28290997788213,#000000
2023-09-12 00:00:00+00:00,12.9,14.2,12.8,14.2,64,0.0,0.0,0.0,0.0,0.0,0.0,0.0,0.0,,,,,,,17.823604102191123,,,,,,,,,,,,18.280533521121143,#000000
2023-09-13 00:00:00+00:00,12.9,12.9,12.9,12.9,0,0.0,0.0,0.0,0.0,0.0,0.0,0.0,0.0,,,,,,,17.823604102191123,,,,,,,,,,,,18.280533521121143,"rgba(239, 83, 80, 1.0)"
2023-09-14 00:00:00+00:00,12.8,12.81,12.5,12.5,42,0.0,0.0,0.0,0.0,0.0,0.0,0.0,0.0,,,,,,,17.821940776548832,,,,,,,,,,,,18.27878851674164,"rgba(239, 83, 80, 1.0)"
2023-09-15 00:00:00+00:00,13.4,13.7,12.5,12.5,200,0.0,0.0,0.0,0.0,0.0,0.0,0.0,0.0,,,,,,,17.814802092825687,,,,,,,,,,,,18.271232819582035,#000000
2023-09-18 00:00:00+00:00,13.0,13.0,12.9,12.9,21,0.0,0.0,0.0,0.0,0.0,0.0,0.0,0.0,,,,,,,17.814015975476973,,,,,,,,,,,,18.270404332487935,#000000
2023-09-19 00:00:00+00:00,13.0,13.0,13.0,13.0,20,0.0,0.0,0.0,0.0,0.0,0.0,0.0,0.0,,,,,,,17.813272676038928,,,,,,,,,,,,18.269620495202382,#000000
2023-09-20 00:00:00+00:00,12.9,13.8,12.9,13.8,30,0.0,0.0,0.0,0.0,0.0,0.0,0.0,0.0,,,,,,,17.812204467393723,,,,,,,,,,,,18.268489783679144,#000000
2023-09-21 00:00:00+00:00,12.8,12.8,12.5,12.5,40,0.0,0.0,0.0,0.0,0.0,0.0,0.0,0.0,,,,,,,17.81062663868333,,,,,,,,,,,,18.266834305732054,"rgba(239, 83, 80, 0.75)"
2023-09-22 00:00:00+00:00,12.8,12.8,12.6,12.6,41,0.0,0.0,0.0,0.0,0.0,0.0,0.0,0.0,,,,,,,17.809020916575378,,,,,,,,,,,,18.26514861651854,"rgba(239, 83, 80, 1.0)"
2023-09-25 00:00:00+00:00,12.81,12.81,12.5,12.5,55,0.0,0.0,0.0,0.0,0.0,0.0,0.0,0.0,,,,,,,17.806857185080084,,,,,,,,,,,,18.26287804539905,"rgba(239, 83, 80, 1.0)"
2023-09-26 00:00:00+00:00,12.81,12.81,12.81,12.81,0,0.0,0.0,0.0,0.0,0.0,0.0,0.0,0.0,,,,,,,17.806857185080084,,,,,,,,,,,,18.26287804539905,"rgba(239, 83, 80, 1.0)"
2023-09-27 00:00:00+00:00,13.8,13.8,13.8,13.8,44,0.0,0.0,0.0,0.0,0.0,0.0,0.0,0.0,,,,,,,17.805498310737022,,,,,,,,,,,,18.261420097460515,#000000
2023-09-28 00:00:00+00:00,12.9,12.9,12.6,12.6,39,0.0,0.0,0.0,0.0,0.0,0.0,0.0,0.0,,,,,,,17.80399411568294,,,,,,,,,,,,18.25983914512911,#000000
2023-09-29 00:00:00+00:00,12.8,12.8,12.8,12.8,34,0.0,0.0,0.0,0.0,0.0,0.0,0.0,0.0,,,,,,,17.802683503576905,,,,,,,,,,,,18.258461625606,#000000
2023-10-02 00:00:00+00:00,12.8,12.8,12.8,12.8,30,0.0,0.0,0.0,0.0,0.0,0.0,0.0,0.0,,,,,,,17.801527651130066,,,,,,,,,,,,18.25724674431831,#000000
2023-10-03 00:00:00+00:00,12.9,12.9,12.8,12.8,30,0.0,0.0,0.0,0.0,0.0,0.0,0.0,0.0,,,,,,,17.80038773221224,,,,,,,,,,,,18.256047238293018,#000000
2023-10-04 00:00:00+00:00,12.8,12.8,12.8,12.8,30,0.0,0.0,0.0,0.0,0.0,0.0,0.0,0.0,,,,,,,17.79923294381491,,,,,,,,,,,,18.254833434680496,#000000
2023-10-05 00:00:00+00:00,12.8,12.8,12.8,12.8,20,0.0,0.0,0.0,0.0,0.0,0.0,0.0,0.0,,,,,,,17.798463381156154,,,,,,,,,,,,18.254024532265625,"rgba(239, 83, 80, 1.0)"
2023-10-06 00:00:00+00:00,12.8,13.8,12.8,13.8,30,0.0,0.0,0.0,0.0,0.0,0.0,0.0,0.0,,,,,,,17.797386431609127,,,,,,,,,,,,18.25288575735111,"rgba(239, 83, 80, 1.0)"
2023-10-09 00:00:00+00:00,12.8,12.8,11.5,11.5,69,0.0,0.0,0.0,0.0,0.0,0.0,0.0,0.0,,,,,,,17.79450448254026,,,,,,,,,,,,18.24987655436926,"rgba(239, 83, 80, 1.0)"
2023-10-10 00:00:00+00:00,12.8,12.8,12.8,12.8,40,0.0,0.0,0.0,0.0,0.0,0.0,0.0,0.0,,,,,,,17.792968456312188,,,,,,,,,,,,18.248261883775633,"rgba(239, 83, 80, 1.0)"
2023-10-11 00:00:00+00:00,12.81,12.81,12.6,12.6,58,0.0,0.0,0.0,0.0,0.0,0.0,0.0,0.0,,,,,,,17.79071615137704,,,,,,,,,,,,18.24589654517139,"rgba(239, 83, 80, 1.0)"
2023-10-12 00:00:00+00:00,12.5,13.15,12.5,12.7,187,0.0,0.0,0.0,0.0,0.0,0.0,0.0,0.0,,,,,,,17.783434578076548,,,,,,,,,,,,18.23825192107687,"rgba(239, 83, 80, 1.0)"
2023-10-13 00:00:00+00:00,12.8,12.8,12.8,12.8,89,0.0,0.0,0.0,0.0,0.0,0.0,0.0,0.0,,,,,,,17.780033229292076,,,,,,,,,,,,18.234675789167753,"rgba(239, 83, 80, 0.75)"
2023-10-16 00:00:00+00:00,12.1,12.8,11.5,11.5,630,0.0,0.0,0.0,0.0,0.0,0.0,0.0,0.0,,,,,,,17.752882940157363,,,,,,,,,,,,18.206406605232885,"rgba(239, 83, 80, 1.0)"
2023-10-17 00:00:00+00:00,10.4,12.0,10.35,12.0,974,0.0,0.0,0.0,0.0,0.0,0.0,0.0,0.0,,,,,,,17.702440332522727,,,,,,,,,,,,18.154560221594227,"rgba(239, 83, 80, 1.0)"
2023-10-18 00:00:00+00:00,11.0,11.1,9.7,10.4,120,0.0,0.0,0.0,0.0,0.0,0.0,0.0,0.0,,,,,,,17.69598948186384,,,,,,,,,,,,18.14794632308772,"rgba(239, 83, 80, 1.0)"
2023-10-19 00:00:00+00:00,11.1,11.1,11.1,11.1,23,0.0,0.0,0.0,0.0,0.0,0.0,0.0,0.0,,,,,,,17.69484143308309,,,,,,,,,,,,18.14676386801856,"rgba(239, 83, 80, 1.0)"
2023-10-20 00:00:00+00:00,11.1,11.1,11.1,11.1,0,0.0,0.0,0.0,0.0,0.0,0.0,0.0,0.0,,,,,,,17.69484143308309,,,,,,,,,,,,18.14676386801856,"rgba(239, 83, 80, 1.0)"
2023-10-23 00:00:00+00:00,11.2,12.2,11.2,12.2,33,0.0,0.0,0.0,0.0,0.0,0.0,0.0,0.0,,,,,,,17.693303118797765,,,,,,,,,,,,18.145172280847593,"rgba(239, 83, 80, 1.0)"
2023-10-24 00:00:00+00:00,11.2,11.2,11.2,11.2,21,0.0,0.0,0.0,0.0,0.0,0.0,0.0,0.0,,,,,,,17.692271640519014,,,,,,,,,,,,18.144108810204344,"rgba(239, 83, 80, 1.0)"
2023-10-25 00:00:00+00:00,11.2,11.2,11.1,11.1,61,0.0,0.0,0.0,0.0,0.0,0.0,0.0,0.0,,,,,,,17.68926192546442,,,,,,,,,,,,18.141006707724436,"rgba(239, 83, 80, 1.0)"
2023-10-26 00:00:00+00:00,11.1,11.1,11.1,11.1,22,0.0,0.0,0.0,0.0,0.0,0.0,0.0,0.0,,,,,,,17.688166048034102,,,,,,,,,,,,18.139877905465625,"rgba(239, 83, 80, 1.0)"
2023-10-27 00:00:00+00:00,11.1,11.1,11.1,11.1,29,0.0,0.0,0.0,0.0,0.0,0.0,0.0,0.0,,,,,,,17.68672203915047,,,,,,,,,,,,18.138390491733194,"rgba(239, 83, 80, 1.0)"
2023-10-30 00:00:00+00:00,11.1,11.1,11.0,11.0,41,0.0,0.0,0.0,0.0,0.0,0.0,0.0,0.0,,,,,,,17.68467126303037,,,,,,,,,,,,18.136278714514262,"rgba(239, 83, 80, 1.0)"
2023-10-31 00:00:00+00:00,11.2,11.2,11.1,11.1,91,0.0,0.0,0.0,0.0,0.0,0.0,0.0,0.0,,,,,,,17.680192786276248,,,,,,,,,,,,18.13166233829251,"rgba(239, 83, 80, 1.0)"
2023-11-01 00:00:00+00:00,11.2,11.2,11.2,11.2,0,0.0,0.0,0.0,0.0,0.0,0.0,0.0,0.0,,,,,,,17.680192786276248,,,,,,,,,,,,18.13166233829251,"rgba(239, 83, 80, 0.75)"
2023-11-02 00:00:00+00:00,11.101,12.2,11.1,12.2,222,0.0,0.0,0.0,0.0,0.0,0.0,0.0,0.0,,,,,,,17.669795626545252,,,,,,,,,,,,18.120910539447216,"rgba(239, 83, 80, 0.75)"
2023-11-03 00:00:00+00:00,11.1,11.1,11.1,11.1,32,0.0,0.0,0.0,0.0,0.0,0.0,0.0,0.0,,,,,,,17.668211302526068,,,,,,,,,,,,18.11927826777678,"rgba(239, 83, 80, 0.75)"
2023-11-06 00:00:00+00:00,11.1,11.1,11.1,11.1,40,0.0,0.0,0.0,0.0,0.0,0.0,0.0,0.0,,,,,,,17.66623197173336,,,,,,,,,,,,18.11723899517244,"rgba(239, 83, 80, 0.75)"
2023-11-07 00:00:00+00:00,11.6,12.2,11.6,12.2,30,0.0,0.0,0.0,0.0,0.0,0.0,0.0,0.0,,,,,,,17.664906429356908,,,,,,,,,,,,18.115862810309427,"rgba(239, 83, 80, 0.75)"
2023-11-08 00:00:00+00:00,11.206,11.206,11.2,11.2,40,0.0,0.0,0.0,0.0,0.0,0.0,0.0,0.0,,,,,,,17.66296046112374,,,,,,,,,,,,18.11385576494956,"rgba(239, 83, 80, 0.75)"
2023-11-09 00:00:00+00:00,11.1,11.1,11.1,11.1,31,0.0,0.0,0.0,0.0,0.0,0.0,0.0,0.0,,,,,,,17.661428871474058,,,,,,,,,,,,18.112277707215924,"rgba(239, 83, 80, 0.75)"
2023-11-10 00:00:00+00:00,11.1,11.1,11.1,11.1,0,0.0,0.0,0.0,0.0,0.0,0.0,0.0,0.0,,,,,,,17.661428871474058,,,,,,,,,,,,18.112277707215924,"rgba(239, 83, 80, 0.75)"
2023-11-13 00:00:00+00:00,11.1,11.1,11.1,11.1,65,0.0,0.0,0.0,0.0,0.0,0.0,0.0,0.0,,,,,,,17.658219793532073,,,,,,,,,,,,18.10897118081751,"rgba(239, 83, 80, 0.75)"
2023-11-14 00:00:00+00:00,11.1,11.1,11.1,11.1,0,0.0,0.0,0.0,0.0,0.0,0.0,0.0,0.0,,,,,,,17.658219793532073,,,,,,,,,,,,18.10897118081751,"rgba(239, 83, 80, 0.75)"
2023-11-15 00:00:00+00:00,11.1,11.1,11.1,11.1,0,0.0,0.0,0.0,0.0,0.0,0.0,0.0,0.0,,,,,,,17.658219793532073,,,,,,,,,,,,18.10897118081751,"rgba(239, 83, 80, 0.75)"
2023-11-16 00:00:00+00:00,11.1,11.1,11.1,11.1,26,0.0,0.0,0.0,0.0,0.0,0.0,0.0,0.0,,,,,,,17.656937041104957,,,,,,,,,,,,18.107649443211425,"rgba(239, 83, 80, 0.75)"
2023-11-17 00:00:00+00:00,11.1,11.1,11.1,11.1,30,0.0,0.0,0.0,0.0,0.0,0.0,0.0,0.0,,,,,,,17.65545756554701,,,,,,,,,,,,18.106124980662866,"rgba(239, 83, 80, 0.75)"
2023-11-20 00:00:00+00:00,10.5,12.1,10.5,12.1,738,0.0,0.0,0.0,0.0,0.0,0.0,0.0,0.0,,,,,,,17.61890353488511,,,,,,,,,,,,18.068476070262488,"rgba(239, 83, 80, 1.0)"
2023-11-21 00:00:00+00:00,11.039,11.039,10.5,10.5,320,0.0,0.0,0.0,0.0,0.0,0.0,0.0,0.0,,,,,,,17.602763204890955,,,,,,,,,,,,18.05187494422935,"rgba(239, 83, 80, 0.75)"
2023-11-22 00:00:00+00:00,10.1,11.2,10.1,11.2,195,0.0,0.0,0.0,0.0,0.0,0.0,0.0,0.0,,,,,,,17.592394912985274,,,,,,,,,,,,18.041245830249277,"rgba(239, 83, 80, 1.0)"
2023-11-24 00:00:00+00:00,10.1,10.1,10.1,10.1,0,0.0,0.0,0.0,0.0,0.0,0.0,0.0,0.0,,,,,,,17.592394912985274,,,,,,,,,,,,18.041245830249277,"rgba(239, 83, 80, 1.0)"
2023-11-27 00:00:00+00:00,10.548,11.1,10.1,11.1,745,0.0,0.0,0.0,0.0,0.0,0.0,0.0,0.0,,,,,,,17.553698985842296,,,,,,,,,,,,18.001527731316674,"rgba(239, 83, 80, 0.75)"
2023-11-28 00:00:00+00:00,10.5,11.1,10.5,11.1,163,0.0,0.0,0.0,0.0,0.0,0.0,0.0,0.0,,,,,,,17.545431066936057,,,,,,,,,,,,17.993030611977762,"rgba(239, 83, 80, 0.75)"
2023-11-29 00:00:00+00:00,10.1,11.1,10.1,11.1,630,0.0,0.0,0.0,0.0,0.0,0.0,0.0,0.0,,,,,,,17.512424403371906,,,,,,,,,,,,17.959180018242762,"rgba(239, 83, 80, 0.75)"
2023-11-30 00:00:00+00:00,10.1,11.1,10.1,11.1,257,0.0,0.0,0.0,0.0,0.0,0.0,0.0,0.0,,,,,,,17.49904759348852,,,,,,,,,,,,17.94545802353519,"rgba(239, 83, 80, 0.75)"
2023-12-01 00:00:00+00:00,10.9,11.0,10.5,10.9,158,0.0,0.0,0.0,0.0,0.0,0.0,0.0,0.0,,,,,,,17.49127425016891,,,,,,,,,,,,17.93745729808895,"rgba(239, 83, 80, 0.5)"
2023-12-04 00:00:00+00:00,10.5,11.101,10.5,11.1,360,0.0,0.0,0.0,0.0,0.0,0.0,0.0,0.0,,,,,,,17.47336722481029,,,,,,,,,,,,17.91904092269267,"rgba(239, 83, 80, 0.5)"
2023-12-05 00:00:00+00:00,11.001,11.9,11.0,11.1,348,0.0,0.0,0.0,0.0,0.0,0.0,0.0,0.0,,,,,,,17.457672153544916,,,,,,,,,,,,17.902799611708893,#000000
2023-12-06 00:00:00+00:00,11.101,11.2,11.1,11.1,82,0.0,0.0,0.0,0.0,0.0,0.0,0.0,0.0,,,,,,,17.45388571101732,,,,,,,,,,,,17.898887921071168,#000000
2023-12-07 00:00:00+00:00,11.1,11.1,9.309,9.309,103,0.0,0.0,0.0,0.0,0.0,0.0,0.0,0.0,,,,,,,17.448662035989887,,,,,,,,,,,,17.89352341147721,#000000
2023-12-08 00:00:00+00:00,10.5,11.101,10.5,11.1,282,0.0,0.0,0.0,0.0,0.0,0.0,0.0,0.0,,,,,,,17.43480560268144,,,,,,,,,,,,17.879266957163427,#000000
2023-12-11 00:00:00+00:00,9.221,10.2,9.221,10.2,743,0.0,0.0,0.0,0.0,0.0,0.0,0.0,0.0,,,,,,,17.39236421353495,,,,,,,,,,,,17.835984336400323,"rgba(239, 83, 80, 0.5)"
2023-12-12 00:00:00+00:00,10.8,11.1,10.0545,10.0545,651,0.0,0.0,0.0,0.0,0.0,0.0,0.0,0.0,,,,,,,17.360732931842698,,,,,,,,,,,,17.803431915357603,"rgba(239, 83, 80, 0.5)"
2023-12-13 00:00:00+00:00,10.1,11.0,9.9,9.9,458,0.0,0.0,0.0,0.0,0.0,0.0,0.0,0.0,,,,,,,17.337609676631388,,,,,,,,,,,,17.779695434436206,"rgba(239, 83, 80, 0.5)"
2023-12-14 00:00:00+00:00,10.1,11.108,10.1,11.108,241,0.0,0.0,0.0,0.0,0.0,0.0,0.0,0.0,,,,,,,17.32568065078317,,,,,,,,,,,,17.76743712223006,"rgba(239, 83, 80, 0.5)"
2023-12-15 00:00:00+00:00,10.5,11.0,10.5,11.0,171,0.0,0.0,0.0,0.0,0.0,0.0,0.0,0.0,,,,,,,17.317524010945316,,,,,,,,,,,,17.75903698284548,"rgba(239, 83, 80, 0.5)"
2023-12-18 00:00:00+00:00,10.5,11.0,10.5,11.0,199,0.0,0.0,0.0,0.0,0.0,0.0,0.0,0.0,,,,,,,17.308056903096276,,,,,,,,,,,,17.749286370105274,#000000
2023-12-19 00:00:00+00:00,10.5,10.9,10.5,10.9,135,0.0,0.0,0.0,0.0,0.0,0.0,0.0,0.0,,,,,,,17.30161766485394,,,,,,,,,,,,17.742655822284174,#000000
2023-12-20 00:00:00+00:00,10.7,11.0,10.7,11.0,232,0.0,0.0,0.0,0.0,0.0,0.0,0.0,0.0,,,,,,,17.290856545788767,,,,,,,,,,,,17.73155637597766,#000000
2023-12-21 00:00:00+00:00,10.5,11.1,10.5,11.1,134,0.0,0.0,0.0,0.0,0.0,0.0,0.0,0.0,,,,,,,17.28456177819908,,,,,,,,,,,,17.725069387741037,#000000
2023-12-22 00:00:00+00:00,10.7,11.1,10.5,11.1,218,0.0,0.0,0.0,0.0,0.0,0.0,0.0,0.0,,,,,,,17.274450114217796,,,,,,,,,,,,17.714641374561456,#000000
2023-12-26 00:00:00+00:00,10.5,11.1,10.5,11.1,152,0.0,0.0,0.0,0.0,0.0,0.0,0.0,0.0,,,,,,,17.267346288911153,,,,,,,,,,,,17.70731935278591,#000000
2023-12-27 00:00:00+00:00,10.5,11.1,10.5,11.1,110,0.0,0.0,0.0,0.0,0.0,0.0,0.0,0.0,,,,,,,17.262214930069675,,,,,,,,,,,,17.702030047782742,#000000
2023-12-28 00:00:00+00:00,11.0,11.1,10.5,11.1,172,0.0,0.0,0.0,0.0,0.0,0.0,0.0,0.0,,,,,,,17.254410777671353,,,,,,,,,,,,17.693971963865895,#000000
2023-12-29 00:00:00+00:00,11.0,11.1,11.0,11.1,79,0.0,0.0,0.0,0.0,0.0,0.0,0.0,0.0,,,,,,,17.250926049746862,,,,,,,,,,,,17.690367425903077,"rgba(38, 166, 154, 1.0)"
2024-01-02 00:00:00+00:00,11.5,11.5,11.1,11.2,391,0.0,0.0,0.0,0.0,0.0,0.0,0.0,0.0,,,,,,,17.234657742030514,,,,,,,,,,,,17.67347496088705,"rgba(38, 166, 154, 1.0)"
2024-01-03 00:00:00+00:00,11.0,11.2,11.0,11.1,91,0.0,0.0,0.0,0.0,0.0,0.0,0.0,0.0,,,,,,,17.23069149660344,,,,,,,,,,,,17.66937000837531,"rgba(38, 166, 154, 1.0)"
2024-01-04 00:00:00+00:00,11.0,11.1,11.0,11.1,72,0.0,0.0,0.0,0.0,0.0,0.0,0.0,0.0,,,,,,,17.22754003046397,,,,,,,,,,,,17.66610936824672,"rgba(38, 166, 154, 1.0)"
2024-01-05 00:00:00+00:00,10.5,11.0,10.5,11.0,179,0.0,0.0,0.0,0.0,0.0,0.0,0.0,0.0,,,,,,,17.21925604101565,,,,,,,,,,,,17.6575695643876,#000000
2024-01-08 00:00:00+00:00,10.5,11.0,10.5,11.0,128,0.0,0.0,0.0,0.0,0.0,0.0,0.0,0.0,,,,,,,17.21334511082138,,,,,,,,,,,,17.651475656208632,#000000
2024-01-09 00:00:00+00:00,10.5,11.0,10.5,11.0,127,0.0,0.0,0.0,0.0,0.0,0.0,0.0,0.0,,,,,,,17.20749088990907,,,,,,,,,,,,17.645439847449772,#000000
2024-01-10 00:00:00+00:00,10.1,11.0,10.1,11.0,33,0.0,0.0,0.0,0.0,0.0,0.0,0.0,0.0,,,,,,,17.20590947989628,,,,,,,,,,,,17.64381333120182,"rgba(239, 83, 80, 0.5)"
2024-01-11 00:00:00+00:00,10.503,11.0,10.0,10.0,185,0.0,0.0,0.0,0.0,0.0,0.0,0.0,0.0,,,,,,,17.19718894942819,,,,,,,,,,,,17.634835436114837,"rgba(239, 83, 80, 0.5)"
2024-01-12 00:00:00+00:00,10.1,11.0,10.1,10.2,421,0.0,0.0,0.0,0.0,0.0,0.0,0.0,0.0,,,,,,,17.177130092784054,,,,,,,,,,,,17.614200468134968,"rgba(239, 83, 80, 0.5)"
2024-01-16 00:00:00+00:00,10.5,11.0,10.5,11.0,137,0.0,0.0,0.0,0.0,0.0,0.0,0.0,0.0,,,,,,,17.170883972464598,,,,,,,,,,,,17.607758161639943,"rgba(239, 83, 80, 0.5)"
2024-01-17 00:00:00+00:00,10.5,11.0,10.5,11.0,153,0.0,0.0,0.0,0.0,0.0,0.0,0.0,0.0,,,,,,,17.16392252939818,,,,,,,,,,,,17.600577576511572,"rgba(239, 83, 80, 0.5)"
2024-01-18 00:00:00+00:00,10.9,11.0,10.3,10.3,145,0.0,0.0,0.0,0.0,0.0,0.0,0.0,0.0,,,,,,,17.157406376372037,,,,,,,,,,,,17.593851441933136,#000000
2024-01-19 00:00:00+00:00,9.9,10.9,9.9,10.9,475,0.0,0.0,0.0,0.0,0.0,0.0,0.0,0.0,,,,,,,17.134498305135903,,,,,,,,,,,,17.57031039207632,"rgba(239, 83, 80, 0.5)"
2024-01-22 00:00:00+00:00,9.991,9.991,9.266,9.8,55,0.0,0.0,0.0,0.0,0.0,0.0,0.0,0.0,,,,,,,17.131670237282943,,,,,,,,,,,,17.56741513766613,"rgba(239, 83, 80, 0.5)"
2024-01-23 00:00:00+00:00,9.242,9.30563,9.241,9.3,87,0.0,0.0,0.0,0.0,0.0,0.0,0.0,0.0,,,,,,,17.126906680467318,,,,,,,,,,,,17.562555056224863,"rgba(239, 83, 80, 1.0)"
2024-01-24 00:00:00+00:00,9.245,9.245,9.232,9.232,36,0.0,0.0,0.0,0.0,0.0,0.0,0.0,0.0,,,,,,,17.124931677924714,,,,,,,,,,,,17.560540274409576,"rgba(239, 83, 80, 1.0)"
2024-01-25 00:00:00+00:00,7.799,8.6,7.799,8.6,390,0.0,0.0,0.0,0.0,0.0,0.0,0.0,0.0,,,,,,,17.10042073116922,,,,,,,,,,,,17.53570296209097,"rgba(239, 83, 80, 1.0)"
2024-01-26 00:00:00+00:00,7.402,7.8,7.402,7.8,20,0.0,0.0,0.0,0.0,0.0,0.0,0.0,0.0,,,,,,,17.099093619568208,,,,,,,,,,,,17.534361486446905,"rgba(239, 83, 80, 1.0)"
2024-01-29 00:00:00+00:00,6.906,7.469,6.906,7.305,295,0.0,0.0,0.0,0.0,0.0,0.0,0.0,0.0,,,,,,,17.07866081084636,,,,,,,,,,,,17.513745656648812,"rgba(239, 83, 80, 1.0)"
2024-01-30 00:00:00+00:00,7.751,8.797,7.702,7.702,136,0.0,0.0,0.0,0.0,0.0,0.0,0.0,0.0,,,,,,,17.070199890056944,,,,,,,,,,,,17.505168885329727,"rgba(239, 83, 80, 1.0)"
2024-01-31 00:00:00+00:00,7.761,8.594,7.761,8.594,72,0.0,0.0,0.0,0.0,0.0,0.0,0.0,0.0,,,,,,,17.065704788426356,,,,,,,,,,,,17.500613058370313,"rgba(239, 83, 80, 1.0)"
2024-02-01 00:00:00+00:00,8.0,8.001,8.0,8.0,110,0.0,0.0,0.0,0.0,0.0,0.0,0.0,0.0,,,,,,,17.058816779280527,,,,,,,,,,,,17.49363306418288,"rgba(239, 83, 80, 0.75)"
2024-02-02 00:00:00+00:00,7.75,7.9975,7.75,7.75,67,0.0,0.0,0.0,0.0,0.0,0.0,0.0,0.0,,,,,,,17.05454884575287,,,,,,,,,,,,17.489311563930517,"rgba(239, 83, 80, 0.75)"
2024-02-05 00:00:00+00:00,7.7754,7.7754,7.76,7.76,76,0.0,0.0,0.0,0.0,0.0,0.0,0.0,0.0,,,,,,,17.049679747001115,,,,,,,,,,,,17.48438268041718,"rgba(239, 83, 80, 0.75)"
2024-02-06 00:00:00+00:00,7.76,7.76,7.76,7.76,55,0.0,0.0,0.0,0.0,0.0,0.0,0.0,0.0,,,,,,,17.046155346186566,,,,,,,,,,,,17.48081507557565,"rgba(239, 83, 80, 0.75)"
2024-02-07 00:00:00+00:00,7.76,7.76,7.76,7.76,28,0.0,0.0,0.0,0.0,0.0,0.0,0.0,0.0,,,,,,,17.044362132834014,,,,,,,,,,,,17.4789998457424,"rgba(239, 83, 80, 0.75)"
2024-02-08 00:00:00+00:00,7.76,7.76,7.76,7.76,0,0.0,0.0,0.0,0.0,0.0,0.0,0.0,0.0,,,,,,,17.044362132834014,,,,,,,,,,,,17.4789998457424,"rgba(239, 83, 80, 0.75)"
2024-02-09 00:00:00+00:00,7.76,7.76,7.76,7.76,20,0.0,0.0,0.0,0.0,0.0,0.0,0.0,0.0,,,,,,,17.04308169011203,,,,,,,,,,,,17.477703668013646,"rgba(239, 83, 80, 0.75)"
2024-02-12 00:00:00+00:00,8.695,8.7,7.76,8.7,908,0.0,0.0,0.0,0.0,0.0,0.0,0.0,0.0,,,,,,,16.989208232505973,,,,,,,,,,,,17.422980625099413,"rgba(239, 83, 80, 0.75)"
2024-02-13 00:00:00+00:00,8.46,8.46,7.761,7.982,60,0.0,0.0,0.0,0.0,0.0,0.0,0.0,0.0,,,,,,,16.98560697968755,,,,,,,,,,,,17.419324946797225,"rgba(239, 83, 80, 0.5)"
2024-02-14 00:00:00+00:00,8.603,10.0,8.603,10.0,598,0.0,0.0,0.0,0.0,0.0,0.0,0.0,0.0,,,,,,,16.953309250691298,,,,,,,,,,,,17.386369798301757,#000000
2024-02-15 00:00:00+00:00,8.1625,8.1625,7.761,7.964,95,0.0,0.0,0.0,0.0,0.0,0.0,0.0,0.0,,,,,,,16.947529002356617,,,,,,,,,,,,17.380506769134367,#000000
2024-02-16 00:00:00+00:00,7.764,7.86,7.764,7.86,25,0.0,0.0,0.0,0.0,0.0,0.0,0.0,0.0,,,,,,,16.945969479609733,,,,,,,,,,,,17.37892673175073,"rgba(239, 83, 80, 0.5)"
2024-02-20 00:00:00+00:00,7.763,8.223,7.763,8.223,86,0.0,0.0,0.0,0.0,0.0,0.0,0.0,0.0,,,,,,,16.94067927790267,,,,,,,,,,,,17.37356358106623,"rgba(239, 83, 80, 0.5)"
2024-02-21 00:00:00+00:00,7.262,7.761,7.16201,7.76,160,0.0,0.0,0.0,0.0,0.0,0.0,0.0,0.0,,,,,,,16.930285891368943,,,,,,,,,,,,17.36305264174171,"rgba(239, 83, 80, 1.0)"
2024-02-22 00:00:00+00:00,6.402,6.9,6.402,6.9,157,0.0,0.0,0.0,0.0,0.0,0.0,0.0,0.0,,,,,,,16.919226737929986,,,,,,,,,,,,17.351906375211264,"rgba(239, 83, 80, 1.0)"
2024-02-23 00:00:00+00:00,5.35,7.368,4.9,7.368,479,0.0,0.0,0.0,0.0,0.0,0.0,0.0,0.0,,,,,,,16.883374405905705,,,,,,,,,,,,17.315857835754674,"rgba(239, 83, 80, 1.0)"
2024-02-26 00:00:00+00:00,4.576,5.404,4.035,4.5,450,0.0,0.0,0.0,0.0,0.0,0.0,0.0,0.0,,,,,,,16.846253242927393,,,,,,,,,,,,17.278664662531092,"rgba(239, 83, 80, 1.0)"
2024-02-27 00:00:00+00:00,4.705,4.935,4.31,4.835,281,0.0,0.0,0.0,0.0,0.0,0.0,0.0,0.0,,,,,,,16.823146335686396,,,,,,,,,,,,17.255510641207152,"rgba(239, 83, 80, 1.0)"
2024-02-28 00:00:00+00:00,5.009,5.009,4.468,4.468,759,0.0,0.0,0.0,0.0,0.0,0.0,0.0,0.0,,,,,,,16.762078088156372,,,,,,,,,,,,17.194272801309758,"rgba(239, 83, 80, 1.0)"
2024-02-29 00:00:00+00:00,4.897,6.7,4.5,6.601,693,0.0,0.0,0.0,0.0,0.0,0.0,0.0,0.0,,,,,,,16.70934545914041,,,,,,,,,,,,17.141290064979685,"rgba(239, 83, 80, 1.0)"
2024-03-01 00:00:00+00:00,5.248,5.499,4.897,4.897,1574,0.0,0.0,0.0,0.0,0.0,0.0,0.0,0.0,,,,,,,16.589798308500114,,,,,,,,,,,,17.021176011982064,"rgba(239, 83, 80, 1.0)"
2024-03-04 00:00:00+00:00,5.075,5.6,4.3,4.3,3229,0.0,0.0,0.0,0.0,0.0,0.0,0.0,0.0,,,,,,,16.347514019809534,,,,,,,,,,,,16.77767192043112,"rgba(239, 83, 80, 0.75)"
2024-03-05 00:00:00+00:00,4.675,5.02,4.312,4.312,5722,0.0,0.0,0.0,0.0,0.0,0.0,0.0,0.0,,,,,,,15.930627191722708,,,,,,,,,,,,16.358367752380367,"rgba(239, 83, 80, 0.75)"
2024-03-06 00:00:00+00:00,4.791,5.08001,4.604,4.918,1987,0.0,0.0,0.0,0.0,0.0,0.0,0.0,0.0,,,,,,,15.794647781892722,,,,,,,,,,,,16.221327710397635,"rgba(239, 83, 80, 0.75)"
2024-03-07 00:00:00+00:00,4.3,4.58351,4.3,4.309,485,0.0,0.0,0.0,0.0,0.0,0.0,0.0,0.0,,,,,,,15.760678340746836,,,,,,,,,,,,16.18712616356213,"rgba(239, 83, 80, 0.75)"
2024-03-08 00:00:00+00:00,4.449,4.449,4.449,4.449,125,0.0,0.0,0.0,0.0,0.0,0.0,0.0,0.0,,,,,,,15.751997936104509,,,,,,,,,,,,16.17838395671593,"rgba(239, 83, 80, 0.75)"
2024-03-11 00:00:00+00:00,4.2,4.3,4.0,4.2,581,0.0,0.0,0.0,0.0,0.0,0.0,0.0,0.0,,,,,,,15.710822215078625,,,,,,,,,,,,16.13694653467364,"rgba(239, 83, 80, 0.75)"
2024-03-12 00:00:00+00:00,4.103,4.21511,4.102,4.10401,425,0.0,0.0,0.0,0.0,0.0,0.0,0.0,0.0,,,,,,,15.680818103605718,,,,,,,,,,,,16.106748737347708,"rgba(239, 83, 80, 0.75)"
2024-03-13 00:00:00+00:00,4.42,4.42,4.106,4.106,756,0.0,0.0,0.0,0.0,0.0,0.0,0.0,0.0,,,,,,,15.628633773612789,,,,,,,,,,,,16.054187637073326,"rgba(239, 83, 80, 0.75)"
2024-03-14 00:00:00+00:00,4.0,4.106,4.0,4.106,888,0.0,0.0,0.0,0.0,0.0,0.0,0.0,0.0,,,,,,,15.566444643482079,,,,,,,,,,,,15.991586133018934,"rgba(239, 83, 80, 0.75)"
2024-03-15 00:00:00+00:00,4.799,4.799,4.41,4.41,111,0.0,0.0,0.0,0.0,0.0,0.0,0.0,0.0,,,,,,,15.55914271319795,,,,,,,,,,,,15.98421928193765,"rgba(239, 83, 80, 0.75)"
2024-03-18 00:00:00+00:00,4.499,4.8,4.499,4.8,881,0.0,0.0,0.0,0.0,0.0,0.0,0.0,0.0,,,,,,,15.501162660813975,,,,,,,,,,,,15.92572766185169,"rgba(239, 83, 80, 0.5)"
2024-03-19 00:00:00+00:00,4.01,4.35001,4.01,4.2,763,0.0,0.0,0.0,0.0,0.0,0.0,0.0,0.0,,,,,,,15.449270916638772,,,,,,,,,,,,15.873445266562932,"rgba(239, 83, 80, 0.5)"
2024-03-20 00:00:00+00:00,4.001,4.001,4.001,4.001,14,0.0,0.0,0.0,0.0,0.0,0.0,0.0,0.0,,,,,,,15.44831295959596,,,,,,,,,,,,15.872480340907327,"rgba(239, 83, 80, 0.5)"
2024-03-21 00:00:00+00:00,4.3,4.3,3.818,4.0,220,0.0,0.0,0.0,0.0,0.0,0.0,0.0,0.0,,,,,,,15.433462034282417,,,,,,,,,,,,15.857514245093032,"rgba(239, 83, 80, 0.5)"
2024-03-22 00:00:00+00:00,4.515,4.665,4.515,4.515,117,0.0,0.0,0.0,0.0,0.0,0.0,0.0,0.0,,,,,,,15.425876989169705,,,,,,,,,,,,15.849859101682373,"rgba(239, 83, 80, 0.5)"
2024-03-25 00:00:00+00:00,4.11,4.209,4.1,4.101,2869,0.0,0.0,0.0,0.0,0.0,0.0,0.0,0.0,,,,,,,15.23598197981421,,,,,,,,,,,,15.658384354466108,"rgba(239, 83, 80, 0.5)"
2024-03-26 00:00:00+00:00,6.069,7.4,4.0,4.1,19494,0.0,0.0,0.0,0.0,0.0,0.0,0.0,0.0,,,,,,,14.270260856112836,,,,,,,,,,,,14.674926637822546,#000000
2024-03-27 00:00:00+00:00,5.871,8.0,5.477,8.0,7103,0.0,0.0,0.0,0.0,0.0,0.0,0.0,0.0,,,,,,,13.988432421690435,,,,,,,,,,,,14.385771543311602,"rgba(38, 166, 154, 1.0)"
2024-03-28 00:00:00+00:00,5.53,6.1,5.53,5.53101,1140,0.0,0.0,0.0,0.0,0.0,0.0,0.0,0.0,,,,,,,13.940887048048031,,,,,,,,,,,,14.337154278662783,"rgba(38, 166, 154, 1.0)"
2024-04-01 00:00:00+00:00,5.2,5.452,5.001,5.401,1007,0.0,0.0,0.0,0.0,0.0,0.0,0.0,0.0,,,,,,,13.896802520676502,,,,,,,,,,,,14.292183396194686,"rgba(38, 166, 154, 1.0)"
2024-04-02 00:00:00+00:00,5.569,6.2,5.473,5.724,989,0.0,0.0,0.0,0.0,0.0,0.0,0.0,0.0,,,,,,,13.856553505568899,,,,,,,,,,,,14.250998880430803,"rgba(38, 166, 154, 1.0)"
2024-04-03 00:00:00+00:00,6.0,6.5,5.84701,6.01,2402,0.0,0.0,0.0,0.0,0.0,0.0,0.0,0.0,,,,,,,13.764801665309651,,,,,,,,,,,,14.156869100276008,"rgba(38, 166, 154, 1.0)"
2024-04-04 00:00:00+00:00,6.17,6.905,5.70101,5.70101,746,0.0,0.0,0.0,0.0,0.0,0.0,0.0,0.0,,,,,,,13.737271395825239,,,,,,,,,,,,14.128588541155683,"rgba(38, 166, 154, 1.0)"
2024-04-05 00:00:00+00:00,5.78,6.187,5.725,5.725,1151,0.0,0.0,0.0,0.0,0.0,0.0,0.0,0.0,,,,,,,13.693155742238169,,,,,,,,,,,,14.083364454813337,"rgba(38, 166, 154, 1.0)"
2024-04-08 00:00:00+00:00,6.25,6.25,6.144,6.144,168,0.0,0.0,0.0,0.0,0.0,0.0,0.0,0.0,,,,,,,13.687018526951157,,,,,,,,,,,,14.077059348363868,"rgba(38, 166, 154, 1.0)"
2024-04-09 00:00:00+00:00,6.4,6.6,6.2,6.2,107,0.0,0.0,0.0,0.0,0.0,0.0,0.0,0.0,,,,,,,13.683211771936417,,,,,,,,,,,,14.073143396291467,"rgba(38, 166, 154, 1.0)"
2024-04-10 00:00:00+00:00,6.399,7.49,6.399,6.8,351,0.0,0.0,0.0,0.0,0.0,0.0,0.0,0.0,,,,,,,13.671372497311221,,,,,,,,,,,,14.060931434878475,"rgba(38, 166, 154, 1.0)"
2024-04-11 00:00:00+00:00,6.3,6.3,6.3,6.3,47,0.0,0.0,0.0,0.0,0.0,0.0,0.0,0.0,,,,,,,13.669684295288166,,,,,,,,,,,,14.059195844717129,"rgba(38, 166, 154, 1.0)"
2024-04-12 00:00:00+00:00,6.3,6.615,6.3,6.615,183,0.0,0.0,0.0,0.0,0.0,0.0,0.0,0.0,,,,,,,13.663211990824584,,,,,,,,,,,,14.0525368580778,"rgba(38, 166, 154, 1.0)"
2024-04-15 00:00:00+00:00,6.3,6.3,6.3,6.3,6,0.0,0.0,0.0,0.0,0.0,0.0,0.0,0.0,,,,,,,13.662996912337922,,,,,,,,,,,,14.052315731886255,"rgba(38, 166, 154, 1.0)"
2024-04-16 00:00:00+00:00,6.332,6.6,6.332,6.6,464,0.0,0.0,0.0,0.0,0.0,0.0,0.0,0.0,,,,,,,13.64667560949901,,,,,,,,,,,,14.035520476061718,"rgba(38, 166, 154, 1.0)"
2024-04-17 00:00:00+00:00,6.332,6.332,6.332,6.332,0,0.0,0.0,0.0,0.0,0.0,0.0,0.0,0.0,,,,,,,13.64667560949901,,,,,,,,,,,,14.035520476061718,"rgba(38, 166, 154, 1.0)"
2024-04-18 00:00:00+00:00,5.832,6.331,5.832,6.331,80,0.0,0.0,0.0,0.0,0.0,0.0,0.0,0.0,,,,,,,13.643704716085466,,,,,,,,,,,,14.032471756424837,"rgba(38, 166, 154, 0.75)"
2024-04-19 00:00:00+00:00,5.5,5.5,5.0,5.2,99,0.0,0.0,0.0,0.0,0.0,0.0,0.0,0.0,,,,,,,13.63971192410043,,,,,,,,,,,,14.028390150806393,#000000
2024-04-22 00:00:00+00:00,5.002,5.002,5.0,5.0,46,0.0,0.0,0.0,0.0,0.0,0.0,0.0,0.0,,,,,,,13.637783892352699,,,,,,,,,,,,14.026422586478388,"rgba(239, 83, 80, 0.5)"
2024-04-23 00:00:00+00:00,5.799,5.799,4.999,5.002,1125,0.0,0.0,0.0,0.0,0.0,0.0,0.0,0.0,,,,,,,13.593780148197116,,,,,,,,,,,,13.981383936293215,"rgba(239, 83, 80, 0.5)"
2024-04-24 00:00:00+00:00,5.701,5.701,5.701,5.701,25,0.0,0.0,0.0,0.0,0.0,0.0,0.0,0.0,,,,,,,13.592828059146239,,,,,,,,,,,,13.980408373257292,#000000
2024-04-25 00:00:00+00:00,5.039,6.103,5.039,6.102,805,0.0,0.0,0.0,0.0,0.0,0.0,0.0,0.0,,,,,,,13.561103963858738,,,,,,,,,,,,13.94795613347417,"rgba(239, 83, 80, 0.5)"
2024-04-26 00:00:00+00:00,5.902,6.502,5.737,6.5,939,0.0,0.0,0.0,0.0,0.0,0.0,0.0,0.0,,,,,,,13.52734329425706,,,,,,,,,,,,13.9132780345332,#000000
2024-04-29 00:00:00+00:00,6.8,7.2,5.40101,5.402,1480,0.0,0.0,0.0,0.0,0.0,0.0,0.0,0.0,,,,,,,13.477696531289043,,,,,,,,,,,,13.862119656870245,#000000
2024-04-30 00:00:00+00:00,8.5,8.5,6.5,6.8,5552,0.0,0.0,0.0,0.0,0.0,0.0,0.0,0.0,,,,,,,13.33263228189638,,,,,,,,,,,,13.71064357327431,"rgba(38, 166, 154, 1.0)"
2024-05-01 00:00:00+00:00,7.633,9.0,5.51,8.5,5410,0.0,0.0,0.0,0.0,0.0,0.0,0.0,0.0,,,,,,,13.187224687590785,,,,,,,,,,,,13.559379236905913,"rgba(38, 166, 154, 1.0)"
2024-05-02 00:00:00+00:00,7.0,8.31114,6.951,7.505,6207,0.0,0.0,0.0,0.0,0.0,0.0,0.0,0.0,,,,,,,13.029992120771498,,,,,,,,,,,,13.39555866463445,"rgba(38, 166, 154, 1.0)"
2024-05-03 00:00:00+00:00,6.3,7.245,6.23,7.2,564,0.0,0.0,0.0,0.0,0.0,0.0,0.0,0.0,,,,,,,13.014080113391696,,,,,,,,,,,,13.379099894875436,"rgba(38, 166, 154, 0.75)"
2024-05-06 00:00:00+00:00,5.8,6.39899,5.398,5.9,858,0.0,0.0,0.0,0.0,0.0,0.0,0.0,0.0,,,,,,,12.98730444546793,,,,,,,,,,,,13.351551804751926,#000000
2024-05-07 00:00:00+00:00,6.32151,6.396,5.41,5.9045,915,0.0,0.0,0.0,0.0,0.0,0.0,0.0,0.0,,,,,,,12.9596736921487,,,,,,,,,,,,13.323084083771409,#000000
2024-05-08 00:00:00+00:00,6.151,6.22,5.63398,5.803,775,0.0,0.0,0.0,0.0,0.0,0.0,0.0,0.0,,,,,,,12.936304820487038,,,,,,,,,,,,13.299010669834527,#000000
2024-05-09 00:00:00+00:00,5.6,5.6,5.413,5.413,80,0.0,0.0,0.0,0.0,0.0,0.0,0.0,0.0,,,,,,,12.933740678929443,,,,,,,,,,,,13.296377250883584,#000000
2024-05-10 00:00:00+00:00,5.411,5.5045,5.41,5.41,52,0.0,0.0,0.0,0.0,0.0,0.0,0.0,0.0,,,,,,,12.932053356259507,,,,,,,,,,,,13.294645355789989,"rgba(239, 83, 80, 0.5)"
2024-05-13 00:00:00+00:00,5.41,5.655,5.41,5.41,465,0.0,0.0,0.0,0.0,0.0,0.0,0.0,0.0,,,,,,,12.917098677824312,,,,,,,,,,,,13.27929016680984,"rgba(239, 83, 80, 0.5)"
2024-05-14 00:00:00+00:00,5.2,5.63,5.101,5.557,565,0.0,0.0,0.0,0.0,0.0,0.0,0.0,0.0,,,,,,,12.898566871395962,,,,,,,,,,,,13.260281374302329,"rgba(239, 83, 80, 0.5)"
2024-05-15 00:00:00+00:00,5.796,5.796,5.4,5.4,413,0.0,0.0,0.0,0.0,0.0,0.0,0.0,0.0,,,,,,,12.885706332600174,,,,,,,,,,,,13.247059314634908,"rgba(239, 83, 80, 0.5)"
2024-05-16 00:00:00+00:00,5.209,6.243,5.096,5.096,5808,0.0,0.0,0.0,0.0,0.0,0.0,0.0,0.0,,,,,,,12.705964190976898,,,,,,,,,,,,13.062340545739513,"rgba(239, 83, 80, 0.5)"
2024-05-17 00:00:00+00:00,5.032,6.315,4.6,6.009,1848,0.0,0.0,0.0,0.0,0.0,0.0,0.0,0.0,,,,,,,12.649055343236725,,,,,,,,,,,,13.003892030326899,"rgba(239, 83, 80, 1.0)"
2024-05-20 00:00:00+00:00,6.0,6.2,5.8,5.8,572,0.0,0.0,0.0,0.0,0.0,0.0,0.0,0.0,,,,,,,12.633245120893033,,,,,,,,,,,,12.987573589243299,"rgba(239, 83, 80, 0.5)"
2024-05-21 00:00:00+00:00,6.50101,6.999,6.4995,6.7495,1127,0.0,0.0,0.0,0.0,0.0,0.0,0.0,0.0,,,,,,,12.605421524814767,,,,,,,,,,,,12.958688838084031,#000000
2024-05-22 00:00:00+00:00,5.1085,6.121,4.8,6.12,482,0.0,0.0,0.0,0.0,0.0,0.0,0.0,0.0,,,,,,,12.590966948856014,,,,,,,,,,,,12.94383451418789,#000000
2024-05-23 00:00:00+00:00,5.9,5.9,5.1,5.1,609,0.0,0.0,0.0,0.0,0.0,0.0,0.0,0.0,,,,,,,12.573513756097892,,,,,,,,,,,,12.925862298593975,#000000
2024-05-24 00:00:00+00:00,6.69203,7.22799,6.00001,6.345,1508,0.0,0.0,0.0,0.0,0.0,0.0,0.0,0.0,,,,,,,12.536885240547504,,,,,,,,,,,,12.887828742040444,#000000
2024-05-28 00:00:00+00:00,6.557,6.557,6.1,6.1,183,0.0,0.0,0.0,0.0,0.0,0.0,0.0,0.0,,,,,,,12.532294843522886,,,,,,,,,,,,12.883071879260012,"rgba(38, 166, 154, 1.0)"
2024-05-29 00:00:00+00:00,6.09101,6.629,6.09101,6.629,70,0.0,0.0,0.0,0.0,0.0,0.0,0.0,0.0,,,,,,,12.530502318745157,,,,,,,,,,,,12.881216469925677,#000000
2024-05-30 00:00:00+00:00,6.034,6.034,5.543,6.0,254,0.0,0.0,0.0,0.0,0.0,0.0,0.0,0.0,,,,,,,12.523591566989387,,,,,,,,,,,,12.874085882758852,#000000
2024-05-31 00:00:00+00:00,5.001,5.001,5.001,5.001,123,0.0,0.0,0.0,0.0,0.0,0.0,0.0,0.0,,,,,,,12.519813577406394,,,,,,,,,,,,12.87021013858482,#000000
2024-06-03 00:00:00+00:00,7.901,13.0,5.8825,6.501,279927,0.0,0.0,0.0,0.0,0.0,0.0,0.0,0.0,,,,,,,10.6040063718149,,,,,,,,,,,,10.787146954650868,"rgba(38, 166, 154, 1.0)"
2024-06-04 00:00:00+00:00,21.0,22.1,7.901,7.901,410839,0.0,0.0,0.0,0.0,0.0,0.0,0.0,0.0,,,,,,,13.412512892259702,,,,,,,,,,,,13.50089502495681,"rgba(38, 166, 154, 1.0)"
2024-06-05 00:00:00+00:00,11.3,26.7,10.8,26.6,889351,0.0,0.0,0.0,0.0,0.0,0.0,0.0,0.0,,,,,,,14.803363734943169,,,,,,,,,,,,14.845033841709762,"rgba(38, 166, 154, 1.0)"
2024-06-06 00:00:00+00:00,9.703,11.3,9.5,10.5,140838,0.0,0.0,0.0,0.0,0.0,0.0,0.0,0.0,,,,,,,14.47125481221696,,,,,,,,,,,,14.510780564536615,"rgba(38, 166, 154, 0.75)"
2024-06-07 00:00:00+00:00,6.914,9.604,6.634,8.9,52130,0.0,0.0,0.0,0.0,0.0,0.0,0.0,0.0,,,,,,,14.296783912496444,,,,,,,,,,,,14.33571768382285,"rgba(38, 166, 154, 0.75)"
2024-06-10 00:00:00+00:00,7.203,8.5,6.914,7.283,28975,0.0,0.0,0.0,0.0,0.0,0.0,0.0,0.0,,,,,,,14.2011271603729,,,,,,,,,,,,14.239741724299707,#000000
2024-06-11 00:00:00+00:00,6.98,8.28,6.23,7.45,40568,0.0,0.0,0.0,0.0,0.0,0.0,0.0,0.0,,,,,,,14.064358962778053,,,,,,,,,,,,14.10254816677475,#000000
2024-06-12 00:00:00+00:00,6.35,6.93501,6.231,6.88,24117,0.0,0.0,0.0,0.0,0.0,0.0,0.0,0.0,,,,,,,13.978028249795498,,,,,,,,,,,,14.015984052869594,#000000
2024-06-13 00:00:00+00:00,6.123,6.545,5.8,6.159,32174,0.0,0.0,0.0,0.0,0.0,0.0,0.0,0.0,,,,,,,13.860637550846645,,,,,,,,,,,,13.898295242337737,#000000
2024-06-14 00:00:00+00:00,5.956,6.272,5.8,6.2,24199,0.0,0.0,0.0,0.0,0.0,0.0,0.0,0.0,,,,,,,13.77300332847639,,,,,,,,,,,,13.810441119060776,"rgba(239, 83, 80, 1.0)"
2024-06-17 00:00:00+00:00,5.8,6.014,5.208,5.777,22030,0.0,0.0,0.0,0.0,0.0,0.0,0.0,0.0,,,,,,,13.691534801651642,,,,,,,,,,,,13.728780423740483,"rgba(239, 83, 80, 1.0)"
2024-06-18 00:00:00+00:00,5.613,5.915,5.41,5.626,11395,0.0,0.0,0.0,0.0,0.0,0.0,0.0,0.0,,,,,,,13.649890149628245,,,,,,,,,,,,13.687036769171407,"rgba(239, 83, 80, 1.0)"
2024-06-20 00:00:00+00:00,5.6,5.799,5.01,5.618,23148,0.0,0.0,0.0,0.0,0.0,0.0,0.0,0.0,,,,,,,13.564771264117118,,,,,,,,,,,,13.601721040377354,"rgba(239, 83, 80, 1.0)"
2024-06-21 00:00:00+00:00,5.6,5.78,5.3,5.432,16596,0.0,0.0,0.0,0.0,0.0,0.0,0.0,0.0,,,,,,,13.50549624006782,,,,,,,,,,,,13.54230353039087,"rgba(239, 83, 80, 1.0)"
2024-06-24 00:00:00+00:00,11.699,12.7,5.501,5.83,174374,0.0,0.0,0.0,0.0,0.0,0.0,0.0,0.0,,,,,,,13.250037343742452,,,,,,,,,,,,13.284715035986755,#000000
2024-06-25 00:00:00+00:00,8.295,10.5,7.003,10.5,69391,0.0,0.0,0.0,0.0,0.0,0.0,0.0,0.0,,,,,,,13.120169517842973,,,,,,,,,,,,13.154138753650228,#000000
2024-06-26 00:00:00+00:00,7.567,8.582,7.311,7.779,24251,0.0,0.0,0.0,0.0,0.0,0.0,0.0,0.0,,,,,,,13.068944589029666,,,,,,,,,,,,13.102686938327759,#000000
2024-06-27 00:00:00+00:00,8.25,8.27,7.5,7.86,11580,0.0,0.0,0.0,0.0,0.0,0.0,0.0,0.0,,,,,,,13.045689562307565,,,,,,,,,,,,13.07932274881599,#000000
2024-06-28 00:00:00+00:00,9.5,9.5,7.531,8.002,12382,0.0,0.0,0.0,0.0,0.0,0.0,0.0,0.0,,,,,,,13.025150363130159,,,,,,,,,,,,13.058659497686742,"rgba(38, 166, 154, 0.5)"
2024-07-01 00:00:00+00:00,10.0,10.8,8.31701,8.8,22180,0.0,0.0,0.0,0.0,0.0,0.0,0.0,0.0,,,,,,,12.996337932756713,,,,,,,,,,,,13.02961243645546,"rgba(38, 166, 154, 1.0)"
2024-07-02 00:00:00+00:00,10.6,10.6,8.856,10.0,10437,0.0,0.0,0.0,0.0,0.0,0.0,0.0,0.0,,,,,,,12.984225525099758,,,,,,,,,,,,13.017388240786087,"rgba(38, 166, 154, 1.0)"
2024-07-03 00:00:00+00:00,10.5,10.8,9.6,10.8,6399,0.0,0.0,0.0,0.0,0.0,0.0,0.0,0.0,,,,,,,12.977547817611475,,,,,,,,,,,,13.010641006505919,"rgba(38, 166, 154, 1.0)"
2024-07-05 00:00:00+00:00,10.499,10.5,8.8,10.0,12050,0.0,0.0,0.0,0.0,0.0,0.0,0.0,0.0,,,,,,,12.963351479648722,,,,,,,,,,,,12.996317772549201,"rgba(38, 166, 154, 1.0)"
2024-07-08 00:00:00+00:00,9.306,10.9,9.123,10.9,6004,0.0,0.0,0.0,0.0,0.0,0.0,0.0,0.0,,,,,,,12.955964211344497,,,,,,,,,,,,12.988868315370643,"rgba(38, 166, 154, 1.0)"
2024-07-09 00:00:00+00:00,9.3,10.0,9.191,10.0,6420,0.0,0.0,0.0,0.0,0.0,0.0,0.0,0.0,,,,,,,12.947412270843506,,,,,,,,,,,,12.980251435777946,"rgba(38, 166, 154, 0.75)"
2024-07-10 00:00:00+00:00,9.194,10.0,8.51,10.0,3686,0.0,0.0,0.0,0.0,0.0,0.0,0.0,0.0,,,,,,,12.942149456512457,,,,,,,,,,,,12.97495215145025,"rgba(38, 166, 154, 0.75)"
2024-07-11 00:00:00+00:00,9.3,9.8,8.5,9.8,1173,0.0,0.0,0.0,0.0,0.0,0.0,0.0,0.0,,,,,,,12.940462162353109,,,,,,,,,,,,12.973253296762842,"rgba(38, 166, 154, 0.5)"
2024-07-12 00:00:00+00:00,8.649,9.4,8.586,8.649,2118,0.0,0.0,0.0,0.0,0.0,0.0,0.0,0.0,,,,,,,12.937157722285487,,,,,,,,,,,,12.969928497864686,#000000
2024-07-15 00:00:00+00:00,9.298,9.4,8.75,8.75,1362,0.0,0.0,0.0,0.0,0.0,0.0,0.0,0.0,,,,,,,12.935177298886336,,,,,,,,,,,,12.967934726094047,#000000
2024-07-16 00:00:00+00:00,8.901,9.019,8.75,9.0,587,0.0,0.0,0.0,0.0,0.0,0.0,0.0,0.0,,,,,,,12.934265983050311,,,,,,,,,,,,12.967017771102276,#000000
2024-07-17 00:00:00+00:00,8.47055,8.899,8.0,8.899,1726,0.0,0.0,0.0,0.0,0.0,0.0,0.0,0.0,,,,,,,12.931301791727392,,,,,,,,,,,,12.964037552048682,#000000
2024-07-18 00:00:00+00:00,8.1,8.1,7.569,7.57,709,0.0,0.0,0.0,0.0,0.0,0.0,0.0,0.0,,,,,,,12.929940270835433,,,,,,,,,,,,12.962669725864197,#000000
2024-07-19 00:00:00+00:00,8.418,8.575,8.10801,8.10801,218,0.0,0.0,0.0,0.0,0.0,0.0,0.0,0.0,,,,,,,12.929558895815209,,,,,,,,,,,,12.962286342289556,#000000
2024-07-22 00:00:00+00:00,7.152,8.86,7.01,8.86,4670,0.0,0.0,0.0,0.0,0.0,0.0,0.0,0.0,,,,,,,12.920165769266045,,,,,,,,,,,,12.952852580011509,"rgba(239, 83, 80, 1.0)"
2024-07-23 00:00:00+00:00,7.296,7.309,6.615,7.3,1736,0.0,0.0,0.0,0.0,0.0,0.0,0.0,0.0,,,,,,,12.916283762319509,,,,,,,,,,,,12.948956241139706,"rgba(239, 83, 80, 1.0)"
2024-07-24 00:00:00+00:00,7.498,7.498,6.6,6.75,2625,0.0,0.0,0.0,0.0,0.0,0.0,0.0,0.0,,,,,,,12.91054927600354,,,,,,,,,,,,12.943199864059414,"rgba(239, 83, 80, 1.0)"
2024-07-25 00:00:00+00:00,7.04,7.563,7.005,7.563,918,0.0,0.0,0.0,0.0,0.0,0.0,0.0,0.0,,,,,,,12.9085479605041,,,,,,,,,,,,12.941190895625677,"rgba(239, 83, 80, 1.0)"
2024-07-26 00:00:00+00:00,6.915,7.2,6.612,7.2,408,0.0,0.0,0.0,0.0,0.0,0.0,0.0,0.0,,,,,,,12.907613181680007,,,,,,,,,,,,12.940252802627484,"rgba(239, 83, 80, 1.0)"
2024-07-29 00:00:00+00:00,6.5,7.001,6.5,6.6,1226,0.0,0.0,0.0,0.0,0.0,0.0,0.0,0.0,,,,,,,12.90469276632453,,,,,,,,,,,,12.937322644802197,"rgba(239, 83, 80, 1.0)"
2024-07-30 00:00:00+00:00,6.1999,6.2944,5.5734,6.29,15160,0.0,0.0,0.0,0.0,0.0,0.0,0.0,0.0,,,,,,,12.865097537625061,,,,,,,,,,,,12.89761421981442,"rgba(239, 83, 80, 1.0)"
2024-07-31 00:00:00+00:00,7.875,10.4999,6.46,7.0,213981,0.0,0.0,0.0,0.0,0.0,0.0,0.0,0.0,,,,,,,12.520591565504409,,,,,,,,,,,,12.551267260155079,"rgba(239, 83, 80, 0.75)"
2024-08-01 00:00:00+00:00,8.9,9.8013,8.03,8.03,61504,0.0,0.0,0.0,0.0,0.0,0.0,0.0,0.0,,,,,,,12.444301897353522,,,,,,,,,,,,12.474459879733779,"rgba(239, 83, 80, 0.75)"
2024-08-02 00:00:00+00:00,8.82,9.24,8.17,9.24,24668,0.0,0.0,0.0,0.0,0.0,0.0,0.0,0.0,,,,,,,12.413197623204955,,,,,,,,,,,,12.443154898950338,#000000
2024-08-05 00:00:00+00:00,6.81,8.8,6.01,8.8,16283,0.0,0.0,0.0,0.0,0.0,0.0,0.0,0.0,,,,,,,12.384473222333881,,,,,,,,,,,,12.414313556289038,#000000
2024-08-06 00:00:00+00:00,7.14,7.6062,6.9,7.11,8887,0.0,0.0,0.0,0.0,0.0,0.0,0.0,0.0,,,,,,,12.36895541941004,,,,,,,,,,,,12.398732204112132,"rgba(239, 83, 80, 1.0)"
2024-08-07 00:00:00+00:00,7.45,8.4999,7.0,7.03,16722,0.0,0.0,0.0,0.0,0.0,0.0,0.0,0.0,,,,,,,12.342448868454687,,,,,,,,,,,,12.372102638961596,#000000
2024-08-08 00:00:00+00:00,7.9961,8.55,7.6,7.95,4150,0.0,0.0,0.0,0.0,0.0,0.0,0.0,0.0,,,,,,,12.336471695684768,,,,,,,,,,,,12.366094154755212,#000000
2024-08-09 00:00:00+00:00,8.11,8.37,7.5799,7.82,14782,0.0,0.0,0.0,0.0,0.0,0.0,0.0,0.0,,,,,,,12.31517420564601,,,,,,,,,,,,12.344685851172626,#000000
2024-08-12 00:00:00+00:00,7.3,8.55,7.29,7.77,12794,0.0,0.0,0.0,0.0,0.0,0.0,0.0,0.0,,,,,,,12.2956060338569,,,,,,,,,,,,12.32502450913996,#000000
2024-08-13 00:00:00+00:00,7.7501,8.255,6.6778,6.97,17946,0.0,0.0,0.0,0.0,0.0,0.0,0.0,0.0,,,,,,,12.267533333696761,,,,,,,,,,,,12.296823464349865,#000000
2024-08-14 00:00:00+00:00,7.85,7.85,7.425,7.59,5644,0.0,0.0,0.0,0.0,0.0,0.0,0.0,0.0,,,,,,,12.259047467515026,,,,,,,,,,,,12.288296988901644,#000000
2024-08-15 00:00:00+00:00,7.586,7.61,7.49,7.61,3358,0.0,0.0,0.0,0.0,0.0,0.0,0.0,0.0,,,,,,,12.253851750337947,,,,,,,,,,,,12.283077420983307,#000000
2024-08-16 00:00:00+00:00,7.39,7.65,7.02,7.3,9238,0.0,0.0,0.0,0.0,0.0,0.0,0.0,0.0,,,,,,,12.238984171645678,,,,,,,,,,,,12.268145429637476,#000000
2024-08-19 00:00:00+00:00,7.46,7.46,7.0,7.17,1383,0.0,0.0,0.0,0.0,0.0,0.0,0.0,0.0,,,,,,,12.23674495425643,,,,,,,,,,,,12.26589662450507,#000000
2024-08-20 00:00:00+00:00,7.2,7.74,6.94,7.18,9788,0.0,0.0,0.0,0.0,0.0,0.0,0.0,0.0,,,,,,,12.220912413449566,,,,,,,,,,,,12.249996450743923,"rgba(239, 83, 80, 1.0)"
2024-08-21 00:00:00+00:00,7.17,7.895,7.01,7.01,35511,0.0,0.0,0.0,0.0,0.0,0.0,0.0,0.0,,,,,,,12.165059966175326,,,,,,,,,,,,12.193899682875434,"rgba(239, 83, 80, 1.0)"
2024-08-22 00:00:00+00:00,7.01,7.5117,7.01,7.05,12992,0.0,0.0,0.0,0.0,0.0,0.0,0.0,0.0,,,,,,,12.144187259453997,,,,,,,,,,,,12.172939681301823,"rgba(239, 83, 80, 1.0)"
2024-08-23 00:00:00+00:00,6.94,7.2,6.81,7.2,5358,0.0,0.0,0.0,0.0,0.0,0.0,0.0,0.0,,,,,,,12.135295927603797,,,,,,,,,,,,12.164013010254395,"rgba(239, 83, 80, 1.0)"
2024-08-26 00:00:00+00:00,7.105,7.105,6.83,6.83,524,0.0,0.0,0.0,0.0,0.0,0.0,0.0,0.0,,,,,,,12.13443307410409,,,,,,,,,,,,12.16314669655428,"rgba(239, 83, 80, 1.0)"
2024-08-27 00:00:00+00:00,7.14,7.14,6.8,7.03,1099,0.0,0.0,0.0,0.0,0.0,0.0,0.0,0.0,,,,,,,12.132629040271429,,,,,,,,,,,,12.161335400353211,"rgba(239, 83, 80, 1.0)"
2024-08-28 00:00:00+00:00,6.52,7.206,6.35,6.65,11212,0.0,0.0,0.0,0.0,0.0,0.0,0.0,0.0,,,,,,,12.113095269512261,,,,,,,,,,,,12.141729615859274,"rgba(239, 83, 80, 1.0)"
2024-08-29 00:00:00+00:00,6.54,6.6,6.235,6.32,9431,0.0,0.0,0.0,0.0,0.0,0.0,0.0,0.0,,,,,,,12.096069123786078,,,,,,,,,,,,12.124644232680339,"rgba(239, 83, 80, 1.0)"
2024-08-30 00:00:00+00:00,6.49,7.76,6.4445,6.96,32202,0.0,0.0,0.0,0.0,0.0,0.0,0.0,0.0,,,,,,,12.043174303640834,,,,,,,,,,,,12.071541625783443,"rgba(239, 83, 80, 1.0)"
2024-09-03 00:00:00+00:00,6.3,6.98,6.3,6.5,1038,0.0,0.0,0.0,0.0,0.0,0.0,0.0,0.0,,,,,,,12.041365375490114,,,,,,,,,,,,12.069726232164227,"rgba(239, 83, 80, 1.0)"
2024-09-04 00:00:00+00:00,5.86,6.0,5.402,5.77,10355,0.0,0.0,0.0,0.0,0.0,0.0,0.0,0.0,,,,,,,12.020865076840561,,,,,,,,,,,,12.049165482357715,"rgba(239, 83, 80, 1.0)"
2024-09-05 00:00:00+00:00,5.611,6.6,5.49,6.11,24794,0.0,0.0,0.0,0.0,0.0,0.0,0.0,0.0,,,,,,,11.973451825575804,,,,,,,,,,,,12.00160649325031,"rgba(239, 83, 80, 1.0)"
2024-09-06 00:00:00+00:00,5.845,6.04,5.51,5.51,11323,0.0,0.0,0.0,0.0,0.0,0.0,0.0,0.0,,,,,,,11.95168289570294,,,,,,,,,,,,11.97977193311911,"rgba(239, 83, 80, 1.0)"
2024-09-09 00:00:00+00:00,5.25,5.67,5.13,5.67,3836,0.0,0.0,0.0,0.0,0.0,0.0,0.0,0.0,,,,,,,11.943807993435312,,,,,,,,,,,,11.971875669207181,"rgba(239, 83, 80, 1.0)"
2024-09-10 00:00:00+00:00,5.24,5.73,5.24,5.73,1708,0.0,0.0,0.0,0.0,0.0,0.0,0.0,0.0,,,,,,,11.94033600361481,,,,,,,,,,,,11.968394131633506,"rgba(239, 83, 80, 1.0)"
2024-09-11 00:00:00+00:00,5.4015,5.4015,4.825,5.15,6284,0.0,0.0,0.0,0.0,0.0,0.0,0.0,0.0,,,,,,,11.92721551922145,,,,,,,,,,,,11.95523913728541,"rgba(239, 83, 80, 1.0)"
2024-09-12 00:00:00+00:00,4.96,5.21,4.8773,5.19,8116,0.0,0.0,0.0,0.0,0.0,0.0,0.0,0.0,,,,,,,11.909859381490953,,,,,,,,,,,,11.937839254445246,"rgba(239, 83, 80, 1.0)"
2024-09-13 00:00:00+00:00,5.07,5.39,5.062,5.16,4509,0.0,0.0,0.0,0.0,0.0,0.0,0.0,0.0,,,,,,,11.900474912294793,,,,,,,,,,,,11.928430182686915,"rgba(239, 83, 80, 1.0)"
2024-09-16 00:00:00+00:00,5.67,6.17,5.0,5.0,13598,0.0,0.0,0.0,0.0,0.0,0.0,0.0,0.0,,,,,,,11.874169576680014,,,,,,,,,,,,11.902048031984476,"rgba(239, 83, 80, 0.75)"
2024-09-17 00:00:00+00:00,5.77,5.99,5.77,5.99,574,0.0,0.0,0.0,0.0,0.0,0.0,0.0,0.0,,,,,,,11.87310462892491,,,,,,,,,,,,11.90097978676065,"rgba(239, 83, 80, 0.75)"
2024-09-18 00:00:00+00:00,5.46,6.0,5.46,5.62,7577,0.0,0.0,0.0,0.0,0.0,0.0,0.0,0.0,,,,,,,11.858609254766263,,,,,,,,,,,,11.886441657020946,"rgba(239, 83, 80, 0.75)"
2024-09-19 00:00:00+00:00,5.53,5.75,5.155,5.31,19938,0.0,0.0,0.0,0.0,0.0,0.0,0.0,0.0,,,,,,,11.819803221472698,,,,,,,,,,,,11.847525059292044,"rgba(239, 83, 80, 0.75)"
2024-09-20 00:00:00+00:00,5.7,5.92,5.46,5.66,22464,0.0,0.0,0.0,0.0,0.0,0.0,0.0,0.0,,,,,,,11.778105758657388,,,,,,,,,,,,11.805701592292296,"rgba(239, 83, 80, 0.75)"
2024-09-23 00:00:00+00:00,5.48,5.63,5.32,5.53,10283,0.0,0.0,0.0,0.0,0.0,0.0,0.0,0.0,,,,,,,11.758534405194967,,,,,,,,,,,,11.786073851651238,"rgba(239, 83, 80, 0.5)"
2024-09-24 00:00:00+00:00,6.05,6.23,5.1555,5.5,20782,0.0,0.0,0.0,0.0,0.0,0.0,0.0,0.0,,,,,,,11.72144010299075,,,,,,,,,,,,11.74886300577359,"rgba(239, 83, 80, 0.5)"
2024-09-25 00:00:00+00:00,6.4994,6.99,5.83,5.83,11760,0.0,0.0,0.0,0.0,0.0,0.0,0.0,0.0,,,,,,,11.70286250303335,,,,,,,,,,,,11.730216533157403,#000000
2024-09-26 00:00:00+00:00,6.495,7.0984,6.12,7.0984,3152,0.0,0.0,0.0,0.0,0.0,0.0,0.0,0.0,,,,,,,11.698029087024658,,,,,,,,,,,,11.725364524242593,"rgba(38, 166, 154, 1.0)"
2024-09-27 00:00:00+00:00,6.5,6.81,6.15,6.15,10612,0.0,0.0,0.0,0.0,0.0,0.0,0.0,0.0,,,,,,,11.681555894583202,,,,,,,,,,,,11.708829285015458,"rgba(38, 166, 154, 1.0)"
2024-09-30 00:00:00+00:00,7.01,7.5,6.6,6.6,8300,0.0,0.0,0.0,0.0,0.0,0.0,0.0,0.0,,,,,,,11.670100493198035,,,,,,,,,,,,11.697323530281507,"rgba(38, 166, 154, 1.0)"
2024-10-01 00:00:00+00:00,6.4915,7.3,6.4915,7.0,2735,0.0,0.0,0.0,0.0,0.0,0.0,0.0,0.0,,,,,,,11.666114254363501,,,,,,,,,,,,11.693321063476832,"rgba(38, 166, 154, 1.0)"
2024-10-02 00:00:00+00:00,6.91,7.31,6.5,6.5,6432,0.0,0.0,0.0,0.0,0.0,0.0,0.0,0.0,,,,,,,11.657042775471506,,,,,,,,,,,,11.684211080594347,"rgba(38, 166, 154, 1.0)"
2024-10-03 00:00:00+00:00,6.7561,7.24,6.5545,6.8,3063,0.0,0.0,0.0,0.0,0.0,0.0,0.0,0.0,,,,,,,11.65268375998713,,,,,,,,,,,,11.679833837606248,"rgba(38, 166, 154, 1.0)"
2024-10-04 00:00:00+00:00,6.9582,6.98,6.84,6.95,2748,0.0,0.0,0.0,0.0,0.0,0.0,0.0,0.0,,,,,,,11.648841422930273,,,,,,,,,,,,11.675975075712957,"rgba(38, 166, 154, 1.0)"
2024-10-07 00:00:00+00:00,6.9724,7.145,6.58,6.71,10940,0.0,0.0,0.0,0.0,0.0,0.0,0.0,0.0,,,,,,,11.633519639360873,,,,,,,,,,,,11.660588203750697,"rgba(38, 166, 154, 1.0)"
2024-10-08 00:00:00+00:00,7.1,7.1,6.66,6.89,9099,0.0,0.0,0.0,0.0,0.0,0.0,0.0,0.0,,,,,,,11.620996355000655,,,,,,,,,,,,11.648010783019078,"rgba(38, 166, 154, 1.0)"
2024-10-09 00:00:00+00:00,7.18,7.2407,6.8,6.8,2985,0.0,0.0,0.0,0.0,0.0,0.0,0.0,0.0,,,,,,,11.617008028554542,,,,,,,,,,,,11.644004585477797,"rgba(38, 166, 154, 1.0)"
2024-10-10 00:00:00+00:00,7.18,7.18,7.18,7.18,746,0.0,0.0,0.0,0.0,0.0,0.0,0.0,0.0,,,,,,,11.616035697336057,,,,,,,,,,,,11.643027757446841,"rgba(38, 166, 154, 1.0)"
2024-10-11 00:00:00+00:00,7.18,7.18,7.18,7.18,419,0.0,0.0,0.0,0.0,0.0,0.0,0.0,0.0,,,,,,,11.615489762519548,,,,,,,,,,,,11.642479297532661,"rgba(38, 166, 154, 1.0)"
2024-10-14 00:00:00+00:00,7.085,7.35,7.04,7.35,1263,0.0,0.0,0.0,0.0,0.0,0.0,0.0,0.0,,,,,,,11.613836918446925,,,,,,,,,,,,11.640818856234048,"rgba(38, 166, 154, 1.0)"
2024-10-15 00:00:00+00:00,7.4001,7.64,7.0,7.11,15120,0.0,0.0,0.0,0.0,0.0,0.0,0.0,0.0,,,,,,,11.594977196083022,,,,,,,,,,,,11.621867279908486,"rgba(38, 166, 154, 1.0)"
2024-10-16 00:00:00+00:00,8.56,9.2,7.01,7.01,29562,0.0,0.0,0.0,0.0,0.0,0.0,0.0,0.0,,,,,,,11.566376888112723,,,,,,,,,,,,11.593077862975099,"rgba(38, 166, 154, 1.0)"
2024-10-17 00:00:00+00:00,7.9,8.4,7.7942,8.23,6867,0.0,0.0,0.0,0.0,0.0,0.0,0.0,0.0,,,,,,,11.559355865760372,,,,,,,,,,,,11.58601391355164,"rgba(38, 166, 154, 1.0)"
2024-10-18 00:00:00+00:00,8.0,8.25,7.66,7.71,8443,0.0,0.0,0.0,0.0,0.0,0.0,0.0,0.0,,,,,,,11.550612054224743,,,,,,,,,,,,11.577217714652097,"rgba(38, 166, 154, 0.75)"
2024-10-21 00:00:00+00:00,7.9,8.0,7.75,7.75,2345,0.0,0.0,0.0,0.0,0.0,0.0,0.0,0.0,,,,,,,11.54813246064669,,,,,,,,,,,,11.574723688637713,"rgba(38, 166, 154, 0.75)"
2024-10-22 00:00:00+00:00,7.9974,7.9974,7.67,7.87,1390,0.0,0.0,0.0,0.0,0.0,0.0,0.0,0.0,,,,,,,11.546666238837238,,,,,,,,,,,,11.573248916124374,"rgba(38, 166, 154, 0.75)"
2024-10-23 00:00:00+00:00,8.0,8.0,7.6401,7.84,1946,0.0,0.0,0.0,0.0,0.0,0.0,0.0,0.0,,,,,,,11.544610885618056,,,,,,,,,,,,11.57118160716668,"rgba(38, 166, 154, 0.75)"
2024-10-24 00:00:00+00:00,7.725,8.16,7.52,8.16,1123,0.0,0.0,0.0,0.0,0.0,0.0,0.0,0.0,,,,,,,11.543400485811716,,,,,,,,,,,,11.569964348569231,"rgba(38, 166, 154, 0.75)"
2024-10-25 00:00:00+00:00,7.66,7.66,7.3097,7.3097,4664,0.0,0.0,0.0,0.0,0.0,0.0,0.0,0.0,,,,,,,11.538035241228453,,,,,,,,,,,,11.564571146099627,"rgba(38, 166, 154, 0.75)"
2024-10-28 00:00:00+00:00,7.45,8.07,7.205,7.25,7670,0.0,0.0,0.0,0.0,0.0,0.0,0.0,0.0,,,,,,,11.529313177217094,,,,,,,,,,,,11.555803124184571,"rgba(38, 166, 154, 0.75)"
2024-10-29 00:00:00+00:00,7.43,7.43,7.3,7.3,902,0.0,0.0,0.0,0.0,0.0,0.0,0.0,0.0,,,,,,,11.528241243343688,,,,,,,,,,,,11.554725864357708,"rgba(38, 166, 154, 0.75)"
2024-10-30 00:00:00+00:00,7.55,7.95,7.55,7.95,473,0.0,0.0,0.0,0.0,0.0,0.0,0.0,0.0,,,,,,,11.527719602319696,,,,,,,,,,,,11.554201374222808,"rgba(38, 166, 154, 0.75)"
2024-10-31 00:00:00+00:00,7.7278,7.8122,7.2394,7.2394,866,0.0,0.0,0.0,0.0,0.0,0.0,0.0,0.0,,,,,,,11.526742514146534,,,,,,,,,,,,11.553219102912395,"rgba(38, 166, 154, 0.75)"
2024-11-01 00:00:00+00:00,7.8939,7.8939,7.8815,7.8815,530,0.0,0.0,0.0,0.0,0.0,0.0,0.0,0.0,,,,,,,11.526189842634428,,,,,,,,,,,,11.552663196369682,"rgba(38, 166, 154, 1.0)"
2024-11-04 00:00:00+00:00,7.8,9.07,7.471,7.89,24251,0.0,0.0,0.0,0.0,0.0,0.0,0.0,0.0,,,,,,,11.502625962937321,,,,,,,,,,,,11.52894991046291,"rgba(38, 166, 154, 1.0)"
2024-11-05 00:00:00+00:00,7.9,8.08,7.31,7.79,9684,0.0,0.0,0.0,0.0,0.0,0.0,0.0,0.0,,,,,,,11.492343671626752,,,,,,,,,,,,11.518609755683993,"rgba(38, 166, 154, 1.0)"
2024-11-06 00:00:00+00:00,5.89,7.89,5.51,7.89,27149,0.0,0.0,0.0,0.0,0.0,0.0,0.0,0.0,,,,,,,11.453616481851714,,,,,,,,,,,,11.479735807053336,"rgba(239, 83, 80, 0.5)"
2024-11-07 00:00:00+00:00,5.53,6.4339,5.0601,6.21,16464,0.0,0.0,0.0,0.0,0.0,0.0,0.0,0.0,,,,,,,11.426930408909438,,,,,,,,,,,,11.452966256156744,"rgba(239, 83, 80, 1.0)"
2024-11-08 00:00:00+00:00,5.48,5.7,5.48,5.7,846,0.0,0.0,0.0,0.0,0.0,0.0,0.0,0.0,,,,,,,11.425537021561386,,,,,,,,,,,,11.451568630746484,"rgba(239, 83, 80, 1.0)"
2024-11-11 00:00:00+00:00,5.13,5.5,5.13,5.5,940,0.0,0.0,0.0,0.0,0.0,0.0,0.0,0.0,,,,,,,11.423910533077855,,,,,,,,,,,,11.449937544049037,"rgba(239, 83, 80, 1.0)"
2024-11-12 00:00:00+00:00,5.07,5.13,4.465,5.13,10248,0.0,0.0,0.0,0.0,0.0,0.0,0.0,0.0,,,,,,,11.405188196221633,,,,,,,,,,,,11.43116660051753,"rgba(239, 83, 80, 1.0)"
2024-11-13 00:00:00+00:00,5.453,5.501,5.11,5.501,1716,0.0,0.0,0.0,0.0,0.0,0.0,0.0,0.0,,,,,,,11.40228725579961,,,,,,,,,,,,11.428257225196072,"rgba(239, 83, 80, 1.0)"
2024-11-14 00:00:00+00:00,5.0781,5.4203,5.0781,5.4203,674,0.0,0.0,0.0,0.0,0.0,0.0,0.0,0.0,,,,,,,11.401118007173498,,,,,,,,,,,,11.42708470693542,"rgba(239, 83, 80, 1.0)"
2024-11-15 00:00:00+00:00,5.0,5.37,4.86,5.11,8948,0.0,0.0,0.0,0.0,0.0,0.0,0.0,0.0,,,,,,,11.385348738406092,,,,,,,,,,,,11.411272485917516,"rgba(239, 83, 80, 1.0)"
2024-11-18 00:00:00+00:00,4.875,5.04,4.81,4.9,1802,0.0,0.0,0.0,0.0,0.0,0.0,0.0,0.0,,,,,,,11.382098056883216,,,,,,,,,,,,11.408013283422097,"rgba(239, 83, 80, 1.0)"
2024-11-19 00:00:00+00:00,4.5,4.79,4.5,4.79,1222,0.0,0.0,0.0,0.0,0.0,0.0,0.0,0.0,,,,,,,11.379789473358906,,,,,,,,,,,,11.40569906964895,"rgba(239, 83, 80, 1.0)"
2024-11-20 00:00:00+00:00,4.2,5.08,4.2,4.93,11523,0.0,0.0,0.0,0.0,0.0,0.0,0.0,0.0,,,,,,,11.35776694421256,,,,,,,,,,,,11.383623984334921,"rgba(239, 83, 80, 1.0)"
2024-11-21 00:00:00+00:00,4.45,5.21,4.2476,4.2476,6122,0.0,0.0,0.0,0.0,0.0,0.0,0.0,0.0,,,,,,,11.346365654375516,,,,,,,,,,,,11.37219449939261,"rgba(239, 83, 80, 1.0)"
2024-11-22 00:00:00+00:00,4.44,4.6596,4.3,4.49,1676,0.0,0.0,0.0,0.0,0.0,0.0,0.0,0.0,,,,,,,11.343172507855071,,,,,,,,,,,,11.368993748916857,"rgba(239, 83, 80, 1.0)"
2024-11-25 00:00:00+00:00,5.0,5.29,4.4682,4.94,8237,0.0,0.0,0.0,0.0,0.0,0.0,0.0,0.0,,,,,,,11.328552867957555,,,,,,,,,,,,11.354335375036557,"rgba(239, 83, 80, 0.75)"
2024-11-26 00:00:00+00:00,4.95,6.0,4.6,4.6,24238,0.0,0.0,0.0,0.0,0.0,0.0,0.0,0.0,,,,,,,11.287672677866645,,,,,,,,,,,,11.313339321766293,"rgba(239, 83, 80, 0.75)"
2024-11-27 00:00:00+00:00,4.93,4.94,4.93,4.94,498,0.0,0.0,0.0,0.0,0.0,0.0,0.0,0.0,,,,,,,11.286804279267852,,,,,,,,,,,,11.31246859733286,"rgba(239, 83, 80, 0.75)"
2024-11-29 00:00:00+00:00,5.09,5.46,4.87,5.22,3990,0.0,0.0,0.0,0.0,0.0,0.0,0.0,0.0,,,,,,,11.280081228673875,,,,,,,,,,,,11.305726617291123,"rgba(239, 83, 80, 0.75)"
2024-12-02 00:00:00+00:00,4.68,5.3,4.66,5.03,16749,0.0,0.0,0.0,0.0,0.0,0.0,0.0,0.0,,,,,,,11.250831013380244,,,,,,,,,,,,11.276398776377249,"rgba(239, 83, 80, 0.75)"
2024-12-03 00:00:00+00:00,4.99,5.21,4.68,4.68,7239,0.0,0.0,0.0,0.0,0.0,0.0,0.0,0.0,,,,,,,11.238429226095052,,,,,,,,,,,,11.263963334559902,"rgba(239, 83, 80, 0.75)"
2024-12-04 00:00:00+00:00,5.0919,5.0919,4.84,4.94,2787,0.0,0.0,0.0,0.0,0.0,0.0,0.0,0.0,,,,,,,11.233703943723864,,,,,,,,,,,,11.259225064194029,"rgba(239, 83, 80, 0.75)"
2024-12-05 00:00:00+00:00,4.7766,4.9,4.71,4.71,2303,0.0,0.0,0.0,0.0,0.0,0.0,0.0,0.0,,,,,,,11.229671646713832,,,,,,,,,,,,11.255182220999476,"rgba(239, 83, 80, 0.75)"
2024-12-06 00:00:00+00:00,4.7492,4.7492,4.4289,4.7415,3200,0.0,0.0,0.0,0.0,0.0,0.0,0.0,0.0,,,,,,,11.22394406008735,,,,,,,,,,,,11.249440169834589,"rgba(239, 83, 80, 0.75)"
2024-12-09 00:00:00+00:00,4.6914,5.52,4.24,4.33,8987,0.0,0.0,0.0,0.0,0.0,0.0,0.0,0.0,,,,,,,11.208337193261698,,,,,,,,,,,,11.233792173359111,"rgba(239, 83, 80, 0.75)"
2024-12-10 00:00:00+00:00,4.9899,4.99,4.5,4.69,2312,0.0,0.0,0.0,0.0,0.0,0.0,0.0,0.0,,,,,,,11.204340401821879,,,,,,,,,,,,11.229784808824425,"rgba(239, 83, 80, 0.75)"
2024-12-11 00:00:00+00:00,4.9899,4.9899,4.9899,4.9899,434,0.0,0.0,0.0,0.0,0.0,0.0,0.0,0.0,,,,,,,11.203609889220543,,,,,,,,,,,,11.229052286532623,"rgba(239, 83, 80, 0.5)"
2024-12-12 00:00:00+00:00,4.55,4.58,4.55,4.58,698,0.0,0.0,0.0,0.0,0.0,0.0,0.0,0.0,,,,,,,11.202354109682902,,,,,,,,,,,,11.2277933840212,"rgba(239, 83, 80, 0.75)"
2024-12-13 00:00:00+00:00,4.95,5.25,4.55,4.55,2339,0.0,0.0,0.0,0.0,0.0,0.0,0.0,0.0,,,,,,,11.19837522033716,,,,,,,,,,,,11.223803731744733,"rgba(239, 83, 80, 0.5)"
2024-12-16 00:00:00+00:00,4.8911,5.17,4.71,4.73,3568,0.0,0.0,0.0,0.0,0.0,0.0,0.0,0.0,,,,,,,11.192322148942747,,,,,,,,,,,,11.217734246344058,"rgba(239, 83, 80, 0.5)"
2024-12-17 00:00:00+00:00,4.41,4.73,4.41,4.73,1051,0.0,0.0,0.0,0.0,0.0,0.0,0.0,0.0,,,,,,,11.190425735875259,,,,,,,,,,,,11.215833155753373,"rgba(239, 83, 80, 0.5)"
2024-12-18 00:00:00+00:00,4.38,4.87,4.38,4.8,1613,0.0,0.0,0.0,0.0,0.0,0.0,0.0,0.0,,,,,,,11.187528972059923,,,,,,,,,,,,11.212929200064227,"rgba(239, 83, 80, 1.0)"
2024-12-19 00:00:00+00:00,4.38,4.38,4.38,4.38,192,0.0,0.0,0.0,0.0,0.0,0.0,0.0,0.0,,,,,,,11.187175857843577,,,,,,,,,,,,11.212575241276852,"rgba(239, 83, 80, 1.0)"
2024-12-20 00:00:00+00:00,4.415,4.94,4.415,4.43,1785,0.0,0.0,0.0,0.0,0.0,0.0,0.0,0.0,,,,,,,11.183995973140116,,,,,,,,,,,,11.209387371541876,"rgba(239, 83, 80, 1.0)"
2024-12-23 00:00:00+00:00,4.5,4.76,4.5,4.7,3292,0.0,0.0,0.0,0.0,0.0,0.0,0.0,0.0,,,,,,,11.178136518606578,,,,,,,,,,,,11.203513203937462,"rgba(239, 83, 80, 1.0)"
2024-12-24 00:00:00+00:00,4.5158,4.97,4.46,4.46,3384,0.0,0.0,0.0,0.0,0.0,0.0,0.0,0.0,,,,,,,11.172180643399106,,,,,,,,,,,,11.197542142015239,"rgba(239, 83, 80, 0.5)"
2024-12-26 00:00:00+00:00,4.9,4.94,4.17,4.25,12363,0.0,0.0,0.0,0.0,0.0,0.0,0.0,0.0,,,,,,,11.150584761467254,,,,,,,,,,,,11.175890795352046,"rgba(239, 83, 80, 0.5)"
2024-12-27 00:00:00+00:00,5.02,5.2,4.97,4.97,2840,0.0,0.0,0.0,0.0,0.0,0.0,0.0,0.0,,,,,,,11.145943923578823,,,,,,,,,,,,11.171236843694532,#000000
2024-12-30 00:00:00+00:00,5.6,5.85,4.966,5.18,9981,0.0,0.0,0.0,0.0,0.0,0.0,0.0,0.0,,,,,,,11.130782016242566,,,,,,,,,,,,11.156027488650853,"rgba(38, 166, 154, 1.0)"
2024-12-31 00:00:00+00:00,5.38,5.43,5.38,5.43,575,0.0,0.0,0.0,0.0,0.0,0.0,0.0,0.0,,,,,,,11.129899419823312,,,,,,,,,,,,11.155142178576783,"rgba(38, 166, 154, 1.0)"
2025-01-02 00:00:00+00:00,6.45,7.2,5.5,5.54,28603,0.0,0.0,0.0,0.0,0.0,0.0,0.0,0.0,,,,,,,11.093832718044744,,,,,,,,,,,,11.118931248444662,"rgba(38, 166, 154, 1.0)"
2025-01-03 00:00:00+00:00,4.5,10.0,4.0,6.86,123262,0.0,0.0,0.0,0.0,0.0,0.0,0.0,0.0,,,,,,,10.937608401383633,,,,,,,,,,,,10.962110656272019,"rgba(38, 166, 154, 0.75)"
2025-01-06 00:00:00+00:00,4.75,5.92,4.64,5.27,32298,0.0,0.0,0.0,0.0,0.0,0.0,0.0,0.0,,,,,,,10.889536474360684,,,,,,,,,,,,10.913897675267519,"rgba(38, 166, 154, 0.75)"
2025-01-07 00:00:00+00:00,4.7934,5.8,4.75,5.14,26980,0.0,0.0,0.0,0.0,0.0,0.0,0.0,0.0,,,,,,,10.850059012517352,,,,,,,,,,,,10.874303301929853,#000000
2025-01-08 00:00:00+00:00,5.3,5.74,4.65,4.65,17196,0.0,0.0,0.0,0.0,0.0,0.0,0.0,0.0,,,,,,,10.825679204347088,,,,,,,,,,,,10.849848834320245,#000000
2025-01-10 00:00:00+00:00,4.62,5.1,4.62,5.1,5267,0.0,0.0,0.0,0.0,0.0,0.0,0.0,0.0,,,,,,,10.817656999874293,,,,,,,,,,,,10.841804582026702,#000000
2025-01-13 00:00:00+00:00,4.5114,4.5136,4.5,4.5,1015,0.0,0.0,0.0,0.0,0.0,0.0,0.0,0.0,,,,,,,10.816044041650366,,,,,,,,,,,,10.840187465063162,#000000
2025-01-14 00:00:00+00:00,4.7701,5.0917,4.38,4.5,14281,0.0,0.0,0.0,0.0,0.0,0.0,0.0,0.0,,,,,,,10.794293265050504,,,,,,,,,,,,10.818377229890741,#000000
2025-01-15 00:00:00+00:00,4.701,5.0,4.591,4.68,4756,0.0,0.0,0.0,0.0,0.0,0.0,0.0,0.0,,,,,,,10.787104121439066,,,,,,,,,,,,10.811168311667078,#000000
2025-01-16 00:00:00+00:00,4.5,5.0,4.42,4.53,10954,0.0,0.0,0.0,0.0,0.0,0.0,0.0,0.0,,,,,,,10.770271593947783,,,,,,,,,,,,10.794290757010565,"rgba(239, 83, 80, 0.5)"
2025-01-17 00:00:00+00:00,4.7001,4.96,4.5,4.5,12864,0.0,0.0,0.0,0.0,0.0,0.0,0.0,0.0,,,,,,,10.750877915327441,,,,,,,,,,,,10.774844053288906,"rgba(239, 83, 80, 0.5)"
2025-01-21 00:00:00+00:00,4.6092,4.8908,4.6092,4.78,5007,0.0,0.0,0.0,0.0,0.0,0.0,0.0,0.0,,,,,,,10.74334182665603,,,,,,,,,,,,10.767287402279662,"rgba(239, 83, 80, 0.5)"
2025-01-22 00:00:00+00:00,4.58,4.79,4.57,4.7,5837,0.0,0.0,0.0,0.0,0.0,0.0,0.0,0.0,,,,,,,10.73449836065303,,,,,,,,,,,,10.758420101248461,"rgba(239, 83, 80, 0.5)"
2025-01-23 00:00:00+00:00,4.5301,4.9199,4.437,4.55,9988,0.0,0.0,0.0,0.0,0.0,0.0,0.0,0.0,,,,,,,10.719381458924204,,,,,,,,,,,,10.743262554811011,"rgba(239, 83, 80, 0.5)"
2025-01-24 00:00:00+00:00,4.782,5.07,4.601,4.65,12614,0.0,0.0,0.0,0.0,0.0,0.0,0.0,0.0,,,,,,,10.700984827859353,,,,,,,,,,,,10.724814031156827,#000000
2025-01-27 00:00:00+00:00,4.35,4.8,4.14,4.8,10040,0.0,0.0,0.0,0.0,0.0,0.0,0.0,0.0,,,,,,,10.685464512843858,,,,,,,,,,,,10.709253711866415,"rgba(239, 83, 80, 0.5)"
2025-01-28 00:00:00+00:00,4.3309,4.57,4.3309,4.57,2880,0.0,0.0,0.0,0.0,0.0,0.0,0.0,0.0,,,,,,,10.681012876342656,,,,,,,,,,,,10.70479063601846,"rgba(239, 83, 80, 0.5)"
2025-01-29 00:00:00+00:00,4.34,4.34,4.34,4.34,406,0.0,0.0,0.0,0.0,0.0,0.0,0.0,0.0,,,,,,,10.68037876708961,,,,,,,,,,,,10.704154923411314,"rgba(239, 83, 80, 0.5)"
2025-01-30 00:00:00+00:00,5.48,5.81,4.35,4.35,45052,0.0,0.0,0.0,0.0,0.0,0.0,0.0,0.0,,,,,,,10.62037845749612,,,,,,,,,,,,10.643966192443203,#000000
2025-01-31 00:00:00+00:00,5.2001,5.5,5.2001,5.5,9881,0.0,0.0,0.0,0.0,0.0,0.0,0.0,0.0,,,,,,,10.607602878316648,,,,,,,,,,,,10.631149377951386,"rgba(38, 166, 154, 1.0)"
2025-02-03 00:00:00+00:00,5.04,5.04,5.04,5.04,3157,0.0,0.0,0.0,0.0,0.0,0.0,0.0,0.0,,,,,,,10.603334603468634,,,,,,,,,,,,10.626868193667137,"rgba(38, 166, 154, 1.0)"
2025-02-04 00:00:00+00:00,4.9,5.16,4.9,5.16,1024,0.0,0.0,0.0,0.0,0.0,0.0,0.0,0.0,,,,,,,10.601938298540233,,,,,,,,,,,,10.62546771991365,"rgba(38, 166, 154, 1.0)"
2025-02-05 00:00:00+00:00,4.65,4.68,4.65,4.65,3247,0.0,0.0,0.0,0.0,0.0,0.0,0.0,0.0,,,,,,,10.597258040710193,,,,,,,,,,,,10.620774559691323,#000000
2025-02-06 00:00:00+00:00,5.0,5.0,4.88,4.88,1062,0.0,0.0,0.0,0.0,0.0,0.0,0.0,0.0,,,,,,,10.595806129982945,,,,,,,,,,,,10.619318338881204,#000000
2025-02-07 00:00:00+00:00,5.16,5.16,5.0001,5.01,1225,0.0,0.0,0.0,0.0,0.0,0.0,0.0,0.0,,,,,,,10.594175872527677,,,,,,,,,,,,10.617683059271542,"rgba(38, 166, 154, 1.0)"
2025-02-10 00:00:00+00:00,4.85,4.85,4.85,4.85,576,0.0,0.0,0.0,0.0,0.0,0.0,0.0,0.0,,,,,,,10.593373810334752,,,,,,,,,,,,10.616878679193839,#000000
2025-02-11 00:00:00+00:00,4.77,4.77,4.77,4.77,489,0.0,0.0,0.0,0.0,0.0,0.0,0.0,0.0,,,,,,,10.59268358660987,,,,,,,,,,,,10.616186499332152,#000000
2025-02-12 00:00:00+00:00,4.77,4.77,4.77,4.77,287,0.0,0.0,0.0,0.0,0.0,0.0,0.0,0.0,,,,,,,10.592278562168374,,,,,,,,,,,,10.615780326934813,#000000
2025-02-13 00:00:00+00:00,4.77,4.77,4.77,4.77,120,0.0,0.0,0.0,0.0,0.0,0.0,0.0,0.0,,,,,,,10.592109230674534,,,,,,,,,,,,10.615610515486722,#000000
2025-02-14 00:00:00+00:00,4.77,4.77,4.77,4.77,1159,0.0,0.0,0.0,0.0,0.0,0.0,0.0,0.0,,,,,,,10.590474277481167,,,,,,,,,,,,10.613970927563404,#000000
2025-02-18 00:00:00+00:00,4.7145,4.7145,4.63,4.63,596,0.0,0.0,0.0,0.0,0.0,0.0,0.0,0.0,,,,,,,10.589621802181176,,,,,,,,,,,,10.613116083958229,#000000
2025-02-19 00:00:00+00:00,4.6,4.6,4.6,4.6,424,0.0,0.0,0.0,0.0,0.0,0.0,0.0,0.0,,,,,,,10.589006626047347,,,,,,,,,,,,10.612499233837088,"rgba(239, 83, 80, 0.5)"
2025-02-20 00:00:00+00:00,4.6,4.6,4.6,4.6,1147,0.0,0.0,0.0,0.0,0.0,0.0,0.0,0.0,,,,,,,10.587343091655487,,,,,,,,,,,,10.610831171957043,"rgba(239, 83, 80, 0.5)"
2025-02-21 00:00:00+00:00,4.779,4.779,4.5,4.5,424,0.0,0.0,0.0,0.0,0.0,0.0,0.0,0.0,,,,,,,10.586737212930327,,,,,,,,,,,,10.610223609394984,"rgba(239, 83, 80, 0.5)"
2025-02-24 00:00:00+00:00,4.779,4.779,4.779,4.779,360,0.0,0.0,0.0,0.0,0.0,0.0,0.0,0.0,,,,,,,10.586230991433231,,,,,,,,,,,,10.609715948683547,#000000
2025-02-25 00:00:00+00:00,5.35,5.8,5.16,5.175,75580,0.0,0.0,0.0,0.0,0.0,0.0,0.0,0.0,,,,,,,10.493690246310685,,,,,,,,,,,,10.516862361283138,"rgba(38, 166, 154, 1.0)"
2025-02-26 00:00:00+00:00,5.56,5.7997,5.44,5.79,2458,0.0,0.0,0.0,0.0,0.0,0.0,0.0,0.0,,,,,,,10.490831806162415,,,,,,,,,,,,10.513993757935953,"rgba(38, 166, 154, 1.0)"
2025-02-27 00:00:00+00:00,5.19,5.19,5.19,5.19,974,0.0,0.0,0.0,0.0,0.0,0.0,0.0,0.0,,,,,,,10.489605202242753,,,,,,,,,,,,10.512763240294921,"rgba(38, 166, 154, 1.0)"
2025-02-28 00:00:00+00:00,5.19,5.19,5.19,5.19,7,0.0,0.0,0.0,0.0,0.0,0.0,0.0,0.0,,,,,,,10.489596388868705,,,,,,,,,,,,10.512754398797648,"rgba(38, 166, 154, 1.0)"
2025-03-03 00:00:00+00:00,5.13,5.16,5.13,5.16,613,0.0,0.0,0.0,0.0,0.0,0.0,0.0,0.0,,,,,,,10.488817422167736,,,,,,,,,,,,10.511972978078385,"rgba(38, 166, 154, 1.0)"
2025-03-04 00:00:00+00:00,5.13,5.13,5.13,5.13,414,0.0,0.0,0.0,0.0,0.0,0.0,0.0,0.0,,,,,,,10.488290478735312,,,,,,,,,,,,10.511444378689909,"rgba(38, 166, 154, 0.75)"
2025-03-05 00:00:00+00:00,4.592013,5.63,4.59,5.63,12066,0.0,0.0,0.0,0.0,0.0,0.0,0.0,0.0,,,,,,,10.472427574773832,,,,,,,,,,,,10.495533945566033,#000000
2025-03-06 00:00:00+00:00,4.59,5.0,4.59,4.68,7059,0.0,0.0,0.0,0.0,0.0,0.0,0.0,0.0,,,,,,,10.462837607934878,,,,,,,,,,,,10.485916659924747,"rgba(239, 83, 80, 1.0)"
2025-03-07 00:00:00+00:00,4.31,4.66,4.25,4.4836,11761,0.0,0.0,0.0,0.0,0.0,0.0,0.0,0.0,,,,,,,10.446043275874185,,,,,,,,,,,,10.469077964831698,"rgba(239, 83, 80, 1.0)"
2025-03-10 00:00:00+00:00,4.31,4.31,4.31,4.31,1162,0.0,0.0,0.0,0.0,0.0,0.0,0.0,0.0,,,,,,,10.444362553703177,,,,,,,,,,,,10.467392897827821,"rgba(239, 83, 80, 1.0)"
2025-03-11 00:00:00+00:00,4.3,4.5,4.13,4.13,5509,0.0,0.0,0.0,0.0,0.0,0.0,0.0,0.0,,,,,,,10.436406824499478,,,,,,,,,,,,10.459416587686627,"rgba(239, 83, 80, 1.0)"
2025-03-12 00:00:00+00:00,4.59,4.6,4.12,4.49,12391,0.0,0.0,0.0,0.0,0.0,0.0,0.0,0.0,,,,,,,10.418956176299108,,,,,,,,,,,,10.441919328109261,"rgba(239, 83, 80, 1.0)"
2025-03-13 00:00:00+00:00,4.19,5.1,4.15,4.54,24849,0.0,0.0,0.0,0.0,0.0,0.0,0.0,0.0,,,,,,,10.384515951248957,,,,,,,,,,,,10.407385799331381,"rgba(239, 83, 80, 1.0)"
2025-03-14 00:00:00+00:00,4.44,4.66,4.19,4.27,8590,0.0,0.0,0.0,0.0,0.0,0.0,0.0,0.0,,,,,,,10.372603069502487,,,,,,,,,,,,10.395440922929515,"rgba(239, 83, 80, 1.0)"
2025-03-17 00:00:00+00:00,4.8,4.87,4.3,4.42,9195,0.0,0.0,0.0,0.0,0.0,0.0,0.0,0.0,,,,,,,10.360388244337408,,,,,,,,,,,,10.383191374432574,"rgba(239, 83, 80, 0.75)"
2025-03-18 00:00:00+00:00,4.36,4.84,4.36,4.84,4981,0.0,0.0,0.0,0.0,0.0,0.0,0.0,0.0,,,,,,,10.353635132567504,,,,,,,,,,,,10.37641967085984,"rgba(239, 83, 80, 0.75)"
2025-03-19 00:00:00+00:00,3.85,4.56,3.83,4.08,43891,0.0,0.0,0.0,0.0,0.0,0.0,0.0,0.0,,,,,,,10.290359298204832,,,,,,,,,,,,10.312986128662908,"rgba(239, 83, 80, 0.75)"
2025-03-20 00:00:00+00:00,3.91,4.38,3.8,4.0,11468,0.0,0.0,0.0,0.0,0.0,0.0,0.0,0.0,,,,,,,10.273904706958694,,,,,,,,,,,,10.296490764456262,"rgba(239, 83, 80, 1.0)"
2025-03-21 00:00:00+00:00,3.83,4.18,3.8,3.99,8193,0.0,0.0,0.0,0.0,0.0,0.0,0.0,0.0,,,,,,,10.262027115358839,,,,,,,,,,,,10.284584312539456,"rgba(239, 83, 80, 1.0)"
2025-03-24 00:00:00+00:00,3.9,4.09,3.83,3.83,2638,0.0,0.0,0.0,0.0,0.0,0.0,0.0,0.0,,,,,,,10.258214222945956,,,,,,,,,,,,10.280762137636104,"rgba(239, 83, 80, 1.0)"
2025-03-25 00:00:00+00:00,4.04,4.3,3.9,4.08,8129,0.0,0.0,0.0,0.0,0.0,0.0,0.0,0.0,,,,,,,10.246753365550568,,,,,,,,,,,,10.269272421095902,"rgba(239, 83, 80, 1.0)"
2025-03-26 00:00:00+00:00,4.28,4.34,4.03,4.28,9181,0.0,0.0,0.0,0.0,0.0,0.0,0.0,0.0,,,,,,,10.23414607903635,,,,,,,,,,,,10.256632290149412,"rgba(239, 83, 80, 0.75)"
2025-03-27 00:00:00+00:00,4.4,4.47,4.0,4.11,7626,0.0,0.0,0.0,0.0,0.0,0.0,0.0,0.0,,,,,,,10.223841249708308,,,,,,,,,,,,10.246300095700752,"rgba(239, 83, 80, 0.75)"
2025-03-28 00:00:00+00:00,4.37,4.46,4.37,4.4,1985,0.0,0.0,0.0,0.0,0.0,0.0,0.0,0.0,,,,,,,10.221214439849533,,,,,,,,,,,,10.243666116137247,#000000
2025-03-31 00:00:00+00:00,4.0,4.37,4.0,4.08,3645,0.0,0.0,0.0,0.0,0.0,0.0,0.0,0.0,,,,,,,10.21616811118685,,,,,,,,,,,,10.238606888654404,"rgba(239, 83, 80, 0.75)"
2025-04-01 00:00:00+00:00,4.4,4.4,3.9,3.9,5921,0.0,0.0,0.0,0.0,0.0,0.0,0.0,0.0,,,,,,,10.208136222322599,,,,,,,,,,,,10.230553906786792,#000000
2025-04-02 00:00:00+00:00,4.13,4.47,4.1,4.37,3947,0.0,0.0,0.0,0.0,0.0,0.0,0.0,0.0,,,,,,,10.20279405058991,,,,,,,,,,,,10.22519769224083,#000000
2025-04-03 00:00:00+00:00,4.5,4.5,3.92,3.93,6982,0.0,0.0,0.0,0.0,0.0,0.0,0.0,0.0,,,,,,,10.193483240154434,,,,,,,,,,,,10.215861946767017,#000000
2025-04-04 00:00:00+00:00,4.44,4.62,4.16,4.59,7494,0.0,0.0,0.0,0.0,0.0,0.0,0.0,0.0,,,,,,,10.18369152643268,,,,,,,,,,,,10.206043331674735,#000000
2025-04-07 00:00:00+00:00,4.39,4.39,4.06,4.18835,3280,0.0,0.0,0.0,0.0,0.0,0.0,0.0,0.0,,,,,,,10.179322534055428,,,,,,,,,,,,10.201662686478805,#000000
2025-04-08 00:00:00+00:00,4.23,4.55,4.23,4.49,2373,0.0,0.0,0.0,0.0,0.0,0.0,0.0,0.0,,,,,,,10.1761960273046,,,,,,,,,,,,10.198527721660794,#000000
2025-04-09 00:00:00+00:00,4.2013,4.24,4.02,4.24,2398,0.0,0.0,0.0,0.0,0.0,0.0,0.0,0.0,,,,,,,10.172941128914786,,,,,,,,,,,,10.195264391563352,#000000
2025-04-10 00:00:00+00:00,4.1,4.39,3.8797,4.07,185302,0.0,0.0,0.0,0.0,0.0,0.0,0.0,0.0,,,,,,,9.930413109727377,,,,,,,,,,,,9.952101645136175,#000000
2025-04-11 00:00:00+00:00,4.02,4.32,3.94,3.96,32728,0.0,0.0,0.0,0.0,0.0,0.0,0.0,0.0,,,,,,,9.889373964907762,,,,,,,,,,,,9.910953733788288,"rgba(239, 83, 80, 0.5)"
2025-04-14 00:00:00+00:00,4.215,4.3066,3.88,3.88,98733,0.0,0.0,0.0,0.0,0.0,0.0,0.0,0.0,,,,,,,9.769833761908659,,,,,,,,,,,,9.791090037755692,"rgba(239, 83, 80, 0.5)"
2025-04-15 00:00:00+00:00,4.02,4.19,4.0,4.1,80538,0.0,0.0,0.0,0.0,0.0,0.0,0.0,0.0,,,,,,,9.674875048332874,,,,,,,,,,,,9.69587461320686,"rgba(239, 83, 80, 0.5)"
2025-04-16 00:00:00+00:00,4.3,4.5495,4.02,4.02,114114,0.0,0.0,0.0,0.0,0.0,0.0,0.0,0.0,,,,,,,9.550690592195448,,,,,,,,,,,,9.571330371062938,#000000
2025-04-17 00:00:00+00:00,4.13,4.17,4.08,4.17,2539,0.0,0.0,0.0,0.0,0.0,0.0,0.0,0.0,,,,,,,9.547908953257398,,,,,,,,,,,,9.568540933967531,#000000
2025-04-21 00:00:00+00:00,4.26,4.41,4.08,4.08,9185,0.0,0.0,0.0,0.0,0.0,0.0,0.0,0.0,,,,,,,9.538098362832072,,,,,,,,,,,,9.558701948601401,#000000
2025-04-22 00:00:00+00:00,4.6,4.8198,4.11,4.11,9962,0.0,0.0,0.0,0.0,0.0,0.0,0.0,0.0,,,,,,,9.528019856416858,,,,,,,,,,,,9.548592204986985,#000000
2025-04-23 00:00:00+00:00,4.73,4.89,4.51,4.78,42510,0.0,0.0,0.0,0.0,0.0,0.0,0.0,0.0,,,,,,,9.487159610814066,,,,,,,,,,,,9.507597941188072,"rgba(38, 166, 154, 1.0)"
2025-04-24 00:00:00+00:00,4.56,4.99,4.55,4.84,11438,0.0,0.0,0.0,0.0,0.0,0.0,0.0,0.0,,,,,,,9.476260792658351,,,,,,,,,,,,9.496663356393102,"rgba(38, 166, 154, 1.0)"
2025-04-25 00:00:00+00:00,5.317,5.4663,4.61,4.61,51423,0.0,0.0,0.0,0.0,0.0,0.0,0.0,0.0,,,,,,,9.432236534634544,,,,,,,,,,,,9.452475445095567,"rgba(38, 166, 154, 1.0)"
2025-04-28 00:00:00+00:00,6.01,6.06,4.97,5.4,78306,0.0,0.0,0.0,0.0,0.0,0.0,0.0,0.0,,,,,,,9.37522474409946,,,,,,,,,,,,9.395211099236253,"rgba(38, 166, 154, 1.0)"
2025-04-29 00:00:00+00:00,7.85,8.48,5.78,6.0,267827,0.0,0.0,0.0,0.0,0.0,0.0,0.0,0.0,,,,,,,9.276165633348368,,,,,,,,,,,,9.295255840298127,"rgba(38, 166, 154, 1.0)"
2025-04-30 00:00:00+00:00,8.51,10.0,7.86,7.86,230848,0.0,0.0,0.0,0.0,0.0,0.0,0.0,0.0,,,,,,,9.256310258114803,,,,,,,,,,,,9.274638846895728,"rgba(38, 166, 154, 1.0)"
2025-05-01 00:00:00+00:00,6.83,9.64,6.4,8.2,80190,0.0,0.0,0.0,0.0,0.0,0.0,0.0,0.0,,,,,,,9.233467424013481,,,,,,,,,,,,9.25155953658429,"rgba(38, 166, 154, 0.75)"
2025-05-02 00:00:00+00:00,6.9,7.7,6.67,7.01,21709,0.0,0.0,0.0,0.0,0.0,0.0,0.0,0.0,,,,,,,9.225380844049432,,,,,,,,,,,,9.243411704505196,"rgba(38, 166, 154, 0.75)"
2025-05-05 00:00:00+00:00,6.75,7.28,6.75,6.88,11262,0.0,0.0,0.0,0.0,0.0,0.0,0.0,0.0,,,,,,,9.22089070770593,,,,,,,,,,,,9.238890226793105,"rgba(38, 166, 154, 0.75)"
2025-05-06 00:00:00+00:00,6.99,7.28,6.18,6.53,49905,0.0,0.0,0.0,0.0,0.0,0.0,0.0,0.0,,,,,,,9.200259004963332,,,,,,,,,,,,9.218121725711718,"rgba(38, 166, 154, 0.75)"
2025-05-07 00:00:00+00:00,7.18,7.45,6.78,6.78,20091,0.0,0.0,0.0,0.0,0.0,0.0,0.0,0.0,,,,,,,9.193154337747151,,,,,,,,,,,,9.210961628221476,"rgba(38, 166, 154, 0.75)"
2025-05-08 00:00:00+00:00,7.4532,7.93,6.7,6.82,34345,0.0,0.0,0.0,0.0,0.0,0.0,0.0,0.0,,,,,,,9.182434714690372,,,,,,,,,,,,9.200146926467115,"rgba(38, 166, 154, 0.75)"
2025-05-09 00:00:00+00:00,7.52,8.21,7.38,7.6,52715,0.0,0.0,0.0,0.0,0.0,0.0,0.0,0.0,,,,,,,9.169269768411082,,,,,,,,,,,,9.18683544668126,"rgba(38, 166, 154, 0.75)"
2025-05-12 00:00:00+00:00,8.2,9.37,7.82,7.82,116731,0.0,0.0,0.0,0.0,0.0,0.0,0.0,0.0,,,,,,,9.155625120816634,,,,,,,,,,,,9.172862725140083,"rgba(38, 166, 154, 0.75)"
2025-05-13 00:00:00+00:00,8.71,9.46,8.13,8.4,61830,0.0,0.0,0.0,0.0,0.0,0.0,0.0,0.0,,,,,,,9.151683368460922,,,,,,,,,,,,9.168749619150056,"rgba(38, 166, 154, 1.0)"
2025-05-14 00:00:00+00:00,8.2,8.6,8.2,8.28,6000,0.0,0.0,0.0,0.0,0.0,0.0,0.0,0.0,,,,,,,9.150879379017242,,,,,,,,,,,,9.167929527104206,"rgba(38, 166, 154, 1.0)"
2025-05-15 00:00:00+00:00,7.81,8.29,7.44,7.985,46348,0.0,0.0,0.0,0.0,0.0,0.0,0.0,0.0,,,,,,,9.14105611193782,,,,,,,,,,,,9.157985831556818,"rgba(38, 166, 154, 0.75)"
2025-05-16 00:00:00+00:00,8.41,8.55,7.66,7.665,32727,0.0,0.0,0.0,0.0,0.0,0.0,0.0,0.0,,,,,,,9.13611292533991,,,,,,,,,,,,9.152957102462631,"rgba(38, 166, 154, 0.75)"
2025-05-19 00:00:00+00:00,8.45,9.62,8.19,8.19,60291,0.0,0.0,0.0,0.0,0.0,0.0,0.0,0.0,,,,,,,9.13241837136925,,,,,,,,,,,,9.149103021675936,"rgba(38, 166, 154, 0.75)"
2025-05-20 00:00:00+00:00,8.4628,8.54,8.15,8.47,6187,0.0,0.0,0.0,0.0,0.0,0.0,0.0,0.0,,,,,,,9.131678083562322,,,,,,,,,,,,9.148346822757706,"rgba(38, 166, 154, 0.75)"
2025-05-21 00:00:00+00:00,7.81,8.6,7.81,8.5,15166,0.0,0.0,0.0,0.0,0.0,0.0,0.0,0.0,,,,,,,9.129117276170556,,,,,,,,,,,,9.145747734055291,"rgba(38, 166, 154, 0.75)"
2025-05-22 00:00:00+00:00,7.88,7.88,7.88,7.88,368,0.0,0.0,0.0,0.0,0.0,0.0,0.0,0.0,,,,,,,9.12904394236219,,,,,,,,,,,,9.145673482486176,"rgba(38, 166, 154, 0.75)"
2025-05-23 00:00:00+00:00,7.02,7.95,7.02,7.69,24925,0.0,0.0,0.0,0.0,0.0,0.0,0.0,0.0,,,,,,,9.121918585068633,,,,,,,,,,,,9.138487909002917,"rgba(38, 166, 154, 0.5)"
2025-05-27 00:00:00+00:00,7.05,7.16,6.87,7.1,9267,0.0,0.0,0.0,0.0,0.0,0.0,0.0,0.0,,,,,,,9.118837766877508,,,,,,,,,,,,9.13538516255169,#000000
2025-05-28 00:00:00+00:00,7.3,7.45,7.08,7.45,10184,0.0,0.0,0.0,0.0,0.0,0.0,0.0,0.0,,,,,,,9.115865842090411,,,,,,,,,,,,9.132388889903245,#000000
2025-05-29 00:00:00+00:00,7.32,7.5,6.94,7.17,12119,0.0,0.0,0.0,0.0,0.0,0.0,0.0,0.0,,,,,,,9.112297001529766,,,,,,,,,,,,9.12879120257439,#000000
2025-05-30 00:00:00+00:00,7.3,7.3,6.94,7.08,8658,0.0,0.0,0.0,0.0,0.0,0.0,0.0,0.0,,,,,,,9.109655481805124,,,,,,,,,,,,9.12612921352993,#000000
2025-06-02 00:00:00+00:00,7.67,7.67,6.695,6.695,9815,0.0,0.0,0.0,0.0,0.0,0.0,0.0,0.0,,,,,,,9.106924994780949,,,,,,,,,,,,9.12337538361092,#000000
2025-06-03 00:00:00+00:00,7.2,7.42,7.0335,7.2,8020,0.0,0.0,0.0,0.0,0.0,0.0,0.0,0.0,,,,,,,9.10453955458382,,,,,,,,,,,,9.120971043142985,#000000
2025-06-04 00:00:00+00:00,7.2,7.2,7.2,7.2,284,0.0,0.0,0.0,0.0,0.0,0.0,0.0,0.0,,,,,,,9.10445439568216,,,,,,,,,,,,9.120885216363794,#000000
2025-06-05 00:00:00+00:00,7.05,7.4971,6.68,6.68,10187,0.0,0.0,0.0,0.0,0.0,0.0,0.0,0.0,,,,,,,9.101205756316805,,,,,,,,,,,,9.11761281054123,"rgba(239, 83, 80, 1.0)"
2025-06-06 00:00:00+00:00,7.14,7.26,6.81,7.1,4719,0.0,0.0,0.0,0.0,0.0,0.0,0.0,0.0,,,,,,,9.099700163317888,,,,,,,,,,,,9.11609623433068,"rgba(239, 83, 80, 1.0)"
2025-06-09 00:00:00+00:00,7.1,7.1,6.74,6.74,1783,0.0,0.0,0.0,0.0,0.0,0.0,0.0,0.0,,,,,,,9.099106680903938,,,,,,,,,,,,9.11549862542154,"rgba(239, 83, 80, 1.0)"
2025-06-10 00:00:00+00:00,6.951,6.951,6.7768,6.7768,7979,0.0,0.0,0.0,0.0,0.0,0.0,0.0,0.0,,,,,,,9.096345935409364,,,,,,,,,,,,9.112719523234743,"rgba(239, 83, 80, 1.0)"
2025-06-11 00:00:00+00:00,6.66,7.14,6.51,7.0,2192,0.0,0.0,0.0,0.0,0.0,0.0,0.0,0.0,,,,,,,9.095546462330752,,,,,,,,,,,,9.111915047017385,"rgba(239, 83, 80, 1.0)"
2025-06-12 00:00:00+00:00,6.85,6.85,6.59,6.59,971,0.0,0.0,0.0,0.0,0.0,0.0,0.0,0.0,,,,,,,9.095191477042533,,,,,,,,,,,,9.11155784721462,"rgba(239, 83, 80, 1.0)"
2025-06-13 00:00:00+00:00,6.625,6.8,6.625,6.8,502,0.0,0.0,0.0,0.0,0.0,0.0,0.0,0.0,,,,,,,9.095001699773347,,,,,,,,,,,,9.111366930164966,"rgba(239, 83, 80, 1.0)"
2025-06-16 00:00:00+00:00,6.1664,6.23,6.0481,6.0481,2318,0.0,0.0,0.0,0.0,0.0,0.0,0.0,0.0,,,,,,,9.093931412879725,,,,,,,,,,,,9.1102915328406,"rgba(239, 83, 80, 1.0)"
2025-06-17 00:00:00+00:00,5.6044,6.05,5.6044,6.05,3999,0.0,0.0,0.0,0.0,0.0,0.0,0.0,0.0,,,,,,,9.091839293112942,,,,,,,,,,,,9.108190795421159,"rgba(239, 83, 80, 1.0)"
2025-06-18 00:00:00+00:00,5.875,6.0,5.7192,5.7192,1554,0.0,0.0,0.0,0.0,0.0,0.0,0.0,0.0,,,,,,,9.091054206657153,,,,,,,,,,,,9.107402341488763,"rgba(239, 83, 80, 1.0)"
2025-06-20 00:00:00+00:00,5.875,5.875,5.875,5.875,61,0.0,0.0,0.0,0.0,0.0,0.0,0.0,0.0,,,,,,,9.091023495067736,,,,,,,,,,,,9.107371497665484,"rgba(239, 83, 80, 1.0)"
2025-06-23 00:00:00+00:00,5.8,6.4693,5.62,5.825,4297,0.0,0.0,0.0,0.0,0.0,0.0,0.0,0.0,,,,,,,9.08892078919914,,,,,,,,,,,,9.10525943631185,"rgba(239, 83, 80, 1.0)"
2025-06-24 00:00:00+00:00,5.84,5.84,5.81,5.81,2600,0.0,0.0,0.0,0.0,0.0,0.0,0.0,0.0,,,,,,,9.087595753469984,,,,,,,,,,,,9.103928786693066,"rgba(239, 83, 80, 1.0)"
2025-06-25 00:00:00+00:00,5.19,5.33,4.91,5.3,5113,0.0,0.0,0.0,0.0,0.0,0.0,0.0,0.0,,,,,,,9.084444561065629,,,,,,,,,,,,9.10076698887847,"rgba(239, 83, 80, 1.0)"
2025-06-26 00:00:00+00:00,5.49,5.5766,5.49,5.5766,1857,0.0,0.0,0.0,0.0,0.0,0.0,0.0,0.0,,,,,,,9.083410254789507,,,,,,,,,,,,9.099728749932591,"rgba(239, 83, 80, 1.0)"
2025-06-27 00:00:00+00:00,5.51,5.84,5.51,5.66,4680,0.0,0.0,0.0,0.0,0.0,0.0,0.0,0.0,,,,,,,9.080880142828185,,,,,,,,,,,,9.097188677939295,"rgba(239, 83, 80, 0.75)"
2025-06-30 00:00:00+00:00,5.73,5.95,5.51,5.51,1639,0.0,0.0,0.0,0.0,0.0,0.0,0.0,0.0,,,,,,,9.080023072026764,,,,,,,,,,,,9.096328100062186,"rgba(239, 83, 80, 0.75)"
2025-07-01 00:00:00+00:00,5.73,5.73,5.73,5.73,156,0.0,0.0,0.0,0.0,0.0,0.0,0.0,0.0,,,,,,,9.079941518888809,,,,,,,,,,,,9.096246213196618,"rgba(239, 83, 80, 0.75)"
2025-07-02 00:00:00+00:00,5.62,5.6201,5.570172,5.6201,1664,0.0,0.0,0.0,0.0,0.0,0.0,0.0,0.0,,,,,,,9.07903900630629,,,,,,,,,,,,9.095340167008233,"rgba(239, 83, 80, 0.75)"
2025-07-03 00:00:00+00:00,5.62,5.62,5.62,5.62,232,0.0,0.0,0.0,0.0,0.0,0.0,0.0,0.0,,,,,,,9.078913812383785,,,,,,,,,,,,9.095214480073883,"rgba(239, 83, 80, 0.75)"
2025-07-07 00:00:00+00:00,5.6617,5.6617,5.5,5.6,2300,0.0,0.0,0.0,0.0,0.0,0.0,0.0,0.0,,,,,,,9.077668779879467,,,,,,,,,,,,9.093964564875543,"rgba(239, 83, 80, 0.75)"
2025-07-08 00:00:00+00:00,5.6617,5.6617,5.6617,5.6617,194,0.0,0.0,0.0,0.0,0.0,0.0,0.0,0.0,,,,,,,9.077565435589978,,,,,,,,,,,,9.093860807613247,"rgba(239, 83, 80, 0.75)"
2025-07-09 00:00:00+00:00,5.6763,5.6763,5.53,5.53,1671,0.0,0.0,0.0,0.0,0.0,0.0,0.0,0.0,,,,,,,9.076666647535468,,,,,,,,,,,,9.092958470150204,"rgba(239, 83, 80, 0.75)"
2025-07-10 00:00:00+00:00,5.5001,5.5001,5.5001,5.5001,383,0.0,0.0,0.0,0.0,0.0,0.0,0.0,0.0,,,,,,,9.076453098865718,,,,,,,,,,,,9.092744114013307,"rgba(239, 83, 80, 0.75)"
2025-07-11 00:00:00+00:00,5.25,5.25,5.2001,5.22,657,0.0,0.0,0.0,0.0,0.0,0.0,0.0,0.0,,,,,,,9.076059519051606,,,,,,,,,,,,9.092349170289289,"rgba(239, 83, 80, 1.0)"
2025-07-14 00:00:00+00:00,5.2185,5.24,5.2185,5.24,716,0.0,0.0,0.0,0.0,0.0,0.0,0.0,0.0,,,,,,,9.075629827424764,,,,,,,,,,,,9.091917993179573,"rgba(239, 83, 80, 1.0)"
2025-07-15 00:00:00+00:00,5.5,5.5,5.5,5.5,343,0.0,0.0,0.0,0.0,0.0,0.0,0.0,0.0,,,,,,,9.075438682715914,,,,,,,,,,,,9.091726125644964,"rgba(239, 83, 80, 0.75)"
2025-07-16 00:00:00+00:00,6.05,7.15,5.53,5.53,6405,0.0,0.0,0.0,0.0,0.0,0.0,0.0,0.0,,,,,,,9.072614382664769,,,,,,,,,,,,9.088887768803845,"rgba(239, 83, 80, 0.75)"
2025-07-17 00:00:00+00:00,5.4,5.8996,5.4,5.77,1631,0.0,0.0,0.0,0.0,0.0,0.0,0.0,0.0,,,,,,,9.071724263942471,,,,,,,,,,,,9.087994206558713,"rgba(239, 83, 80, 0.75)"
2025-07-18 00:00:00+00:00,5.4,5.4,5.4,5.4,544,0.0,0.0,0.0,0.0,0.0,0.0,0.0,0.0,,,,,,,9.071413375763527,,,,,,,,,,,,9.087682180992784,"rgba(239, 83, 80, 0.75)"
2025-07-21 00:00:00+00:00,5.74,10.77,5.1092,5.1092,232410,-1.0,10.77,5.1092,0.0,-1.0,10.77,5.1092,0.0,,,,,,7.2063999999999995,9.006304597402314,,,,,,,,,,,,9.02205420651148,"rgba(239, 83, 80, 0.75)"
2025-07-22 00:00:00+00:00,5.66,5.85,5.5,5.5,14988,0.0,0.0,0.0,0.0,0.0,0.0,0.0,0.0,,,,,,7.113320980767831,8.998810220926488,,,,,,,,,,,,9.014530029017374,#000000
2025-07-23 00:00:00+00:00,5.58,5.9558,5.5,5.53,6843,0.0,0.0,0.0,0.0,0.0,0.0,0.0,0.0,,,,,,7.074704881588728,8.995408543947061,,,,,,,,,,,,9.011114775572192,#000000
2025-07-24 00:00:00+00:00,5.4846,6.8499,5.035,5.72,46591,0.0,0.0,0.0,0.0,0.0,0.0,0.0,0.0,,,,,,6.8757119210500655,8.973202561374267,,,,,,,,,,,,8.988816389163478,"rgba(239, 83, 80, 0.5)"
2025-07-25 00:00:00+00:00,5.25,5.9678,5.074,5.25,4071,0.0,0.0,0.0,0.0,0.0,0.0,0.0,0.0,,,,,,6.856417094070354,8.971059558605921,,,,,,,,,,,,8.986665521990686,"rgba(239, 83, 80, 0.5)"
2025-07-28 00:00:00+00:00,5.46,5.46,5.25,5.25,843,0.0,0.0,0.0,0.0,0.0,0.0,0.0,0.0,,,,,,6.852373902629415,8.970611036432501,,,,,,,,,,,,8.986215375984434,"rgba(239, 83, 80, 0.5)"
2025-07-29 00:00:00+00:00,5.22,5.77,5.06,5.155,16449,0.0,0.0,0.0,0.0,0.0,0.0,0.0,0.0,,,,,,6.775673307262165,8.96178417942473,,,,,,,,,,,,8.977356970159986,"rgba(239, 83, 80, 0.5)"
2025-07-30 00:00:00+00:00,4.96,5.3608,4.9456,5.2,24796,0.0,0.0,0.0,0.0,0.0,0.0,0.0,0.0,,,,,,6.655129228231664,8.947602785178061,,,,,,,,,,,,8.963128946067824,"rgba(239, 83, 80, 1.0)"
2025-07-31 00:00:00+00:00,4.98,5.18,4.97,4.97,2832,0.0,0.0,0.0,0.0,0.0,0.0,0.0,0.0,,,,,,6.642080898149446,8.945970699223006,,,,,,,,,,,,8.96149156517616,"rgba(239, 83, 80, 1.0)"
2025-08-01 00:00:00+00:00,6.0,6.5,5.01,5.01,24239,0.0,0.0,0.0,0.0,0.0,0.0,0.0,0.0,,,,,,6.589890524476336,8.934885670878117,,,,,,,,,,,,8.95035930149927,"rgba(239, 83, 80, 0.5)"
2025-08-04 00:00:00+00:00,5.34,6.3,5.34,6.2,34571,0.0,0.0,0.0,0.0,0.0,0.0,0.0,0.0,,,,,,6.511220311053358,8.918317891055493,,,,,,,,,,,,8.93372527942672,"rgba(239, 83, 80, 0.5)"
2025-08-05 00:00:00+00:00,5.05,5.61,5.05,5.18,9448,0.0,0.0,0.0,0.0,0.0,0.0,0.0,0.0,,,,,,6.482417321125173,8.913234673264116,,,,,,,,,,,,8.928624475607894,"rgba(239, 83, 80, 0.5)"
2025-08-06 00:00:00+00:00,5.27,5.35,5.27,5.35,2653,0.0,0.0,0.0,0.0,0.0,0.0,0.0,0.0,,,,,,6.474940396307407,8.911833080868185,,,,,,,,,,,,8.927217935165466,"rgba(239, 83, 80, 0.5)"
2025-08-07 00:00:00+00:00,5.0,5.2,4.98,5.2,5367,0.0,0.0,0.0,0.0,0.0,0.0,0.0,0.0,,,,,,6.457118365598768,8.908815585970009,,,,,,,,,,,,8.924190573472805,"rgba(239, 83, 80, 0.5)"
2025-08-08 00:00:00+00:00,5.1,5.41,5.1,5.41,4610,0.0,0.0,0.0,0.0,0.0,0.0,0.0,0.0,,,,,,6.443698812815709,8.90632385576738,,,,,,,,,,,,8.921690308278096,"rgba(239, 83, 80, 0.5)"
2025-08-11 00:00:00+00:00,4.9,5.54,4.9,5.04,6013,0.0,0.0,0.0,0.0,0.0,0.0,0.0,0.0,,,,,,6.425381780483784,8.90299995871547,,,,,,,,,,,,8.918355349116629,"rgba(239, 83, 80, 0.5)"
2025-08-12 00:00:00+00:00,5.0001,5.0001,4.97,4.97,1287,0.0,0.0,0.0,0.0,0.0,0.0,0.0,0.0,,,,,,6.421164419386728,8.90226616473826,,,,,,,,,,,,8.917619206066222,"rgba(239, 83, 80, 0.5)"
2025-08-13 00:00:00+00:00,5.5,5.5,5.32,5.34,4874,0.0,0.0,0.0,0.0,0.0,0.0,0.0,0.0,,,,,,6.410366592907866,8.899809019638578,,,,,,,,,,,,8.915152941170836,#000000
2025-08-14 00:00:00+00:00,5.29,5.44,5.17,5.24,9392,0.0,0.0,0.0,0.0,0.0,0.0,0.0,0.0,,,,,,6.387308681405423,8.894892827383957,,,,,,,,,,,,8.910219342217454,#000000
2025-08-15 00:00:00+00:00,5.19,5.19,5.19,5.19,2269,0.0,0.0,0.0,0.0,0.0,0.0,0.0,0.0,,,,,,6.381331963101645,8.893670863994398,,,,,,,,,,,,8.908993205310262,#000000
2025-08-18 00:00:00+00:00,5.315,5.315,5.15,5.2947,2539,0.0,0.0,0.0,0.0,0.0,0.0,0.0,0.0,,,,,,6.375103226970914,8.892330273670844,,,,,,,,,,,,8.907647928867835,#000000
2025-08-19 00:00:00+00:00,5.47,5.62,5.25,5.25,7216,0.0,0.0,0.0,0.0,0.0,0.0,0.0,0.0,,,,,,6.3606737981754655,8.888721147560693,,,,,,,,,,,,8.904025359211326,#000000
2025-08-20 00:00:00+00:00,5.43,5.43,5.3,5.3,588,0.0,0.0,0.0,0.0,0.0,0.0,0.0,0.0,,,,,,6.359441856371449,8.88842226827602,,,,,,,,,,,,8.90372538914569,#000000
2025-08-21 00:00:00+00:00,5.43,5.52,5.2965,5.52,1869,0.0,0.0,0.0,0.0,0.0,0.0,0.0,0.0,,,,,,6.355662108987241,8.887480417371082,,,,,,,,,,,,8.902780066499927,#000000
2025-08-22 00:00:00+00:00,5.47,5.51,5.27,5.51,1979,0.0,0.0,0.0,0.0,0.0,0.0,0.0,0.0,,,,,,6.3516976854824785,8.886484025433697,,,,,,,,,,,,8.901779999903662,"rgba(38, 166, 154, 1.0)"
2025-08-25 00:00:00+00:00,5.5411,5.87,5.43,5.43,1732,0.0,0.0,0.0,0.0,0.0,0.0,0.0,0.0,,,,,,6.348980796609342,8.88566195461171,,,,,,,,,,,,8.900954678977365,"rgba(38, 166, 154, 1.0)"
2025-08-26 00:00:00+00:00,5.5411,5.5411,5.5411,5.5411,118,0.0,0.0,0.0,0.0,0.0,0.0,0.0,0.0,,,,,,6.348778219967828,8.885604720121343,,,,,,,,,,,,8.900897223998665,"rgba(38, 166, 154, 1.0)"
2025-08-27 00:00:00+00:00,5.5411,5.5411,5.5411,5.5411,165,0.0,0.0,0.0,0.0,0.0,0.0,0.0,0.0,,,,,,6.348495126308546,8.885524692126964,,,,,,,,,,,,8.900816887704616,"rgba(38, 166, 154, 1.0)"
2025-08-28 00:00:00+00:00,5.45,5.45,5.4401,5.4401,573,0.0,0.0,0.0,0.0,0.0,0.0,0.0,0.0,,,,,,6.347398794462421,8.885238962846655,,,,,,,,,,,,8.900530093498285,"rgba(38, 166, 154, 1.0)"
2025-08-29 00:00:00+00:00,5.2247,5.2247,5.2247,5.2247,611,0.0,0.0,0.0,0.0,0.0,0.0,0.0,0.0,,,,,,6.345945273299771,8.884914669636068,,,,,,,,,,,,8.900204678989816,#000000
2025-09-02 00:00:00+00:00,5.235,5.42,5.235,5.42,1216,0.0,0.0,0.0,0.0,0.0,0.0,0.0,0.0,,,,,,6.34324862870001,8.884282125150657,,,,,,,,,,,,8.899569894298033,#000000
2025-09-03 00:00:00+00:00,5.235,5.235,5.235,5.235,160,0.0,0.0,0.0,0.0,0.0,0.0,0.0,0.0,,,,,,6.3428739925602295,8.884197481887814,,,,,,,,,,,,8.899484957342864,"rgba(239, 83, 80, 0.5)"
2025-09-04 00:00:00+00:00,5.235,5.235,5.235,5.235,31,0.0,0.0,0.0,0.0,0.0,0.0,0.0,0.0,,,,,,6.342801436097433,8.884181082709716,,,,,,,,,,,,8.899468501263126,"rgba(239, 83, 80, 0.5)"
2025-09-05 00:00:00+00:00,5.5,5.5,5.0958,5.2,2974,0.0,0.0,0.0,0.0,0.0,0.0,0.0,0.0,,,,,,6.336697962141461,8.882664641788079,,,,,,,,,,,,8.89794656313589,#000000
2025-09-08 00:00:00+00:00,5.775,5.99,5.4898,5.5,14303,0.0,0.0,0.0,0.0,0.0,0.0,0.0,0.0,,,,,,6.319640654749774,8.876188805843485,,,,,,,,,,,,8.891443771133222,"rgba(38, 166, 154, 1.0)"
2025-09-09 00:00:00+00:00,5.64,5.64,5.64,5.64,234,0.0,0.0,0.0,0.0,0.0,0.0,0.0,0.0,,,,,,6.3193166563445216,8.876079306458667,,,,,,,,,,,,8.89133383420763,"rgba(38, 166, 154, 1.0)"
2025-09-10 00:00:00+00:00,5.64,5.64,5.64,5.64,93,0.0,0.0,0.0,0.0,0.0,0.0,0.0,0.0,,,,,,6.319187973515133,8.876035789530096,,,,,,,,,,,,8.891290143391396,"rgba(38, 166, 154, 1.0)"
2025-09-11 00:00:00+00:00,5.71,5.71,5.46,5.47,1336,0.0,0.0,0.0,0.0,0.0,0.0,0.0,0.0,,,,,,6.317308549553815,8.875408197024539,,,,,,,,,,,,8.890660055150189,"rgba(38, 166, 154, 1.0)"
2025-09-12 00:00:00+00:00,5.71,5.71,5.71,5.71,305,0.0,0.0,0.0,0.0,0.0,0.0,0.0,0.0,,,,,,6.31693251703249,8.875268630053162,,,,,,,,,,,,8.890519915904346,"rgba(38, 166, 154, 1.0)"
2025-09-15 00:00:00+00:00,5.71,5.71,5.71,5.71,79,0.0,0.0,0.0,0.0,0.0,0.0,0.0,0.0,,,,,,6.3168351943604915,8.875232481926323,,,,,,,,,,,,8.890483619555827,"rgba(38, 166, 154, 1.0)"
2025-09-16 00:00:00+00:00,5.75,5.75,5.525,5.525,725,0.0,0.0,0.0,0.0,0.0,0.0,0.0,0.0,,,,,,6.315892068983689,8.874897113514837,,,,,,,,,,,,8.890146893632842,"rgba(38, 166, 154, 1.0)"
2025-09-17 00:00:00+00:00,5.65,5.6884,5.5001,5.6884,1069,0.0,0.0,0.0,0.0,0.0,0.0,0.0,0.0,,,,,,6.314372091091782,8.874393142371213,,,,,,,,,,,,8.889640928149346,"rgba(38, 166, 154, 1.0)"
2025-09-18 00:00:00+00:00,5.1401,5.63,5.1159,5.42,2526,0.0,0.0,0.0,0.0,0.0,0.0,0.0,0.0,,,,,,6.3091926962542955,8.873087033729995,,,,,,,,,,,,8.888330191707139,#000000
2025-09-19 00:00:00+00:00,6.11,6.449,5.21,5.65,16817,0.0,0.0,0.0,0.0,0.0,0.0,0.0,0.0,,,,,,6.296552462677078,8.865937026286758,,,,,,,,,,,,8.881148359357018,"rgba(38, 166, 154, 1.0)"
2025-09-22 00:00:00+00:00,6.0385,6.2,6.0385,6.2,1216,0.0,0.0,0.0,0.0,0.0,0.0,0.0,0.0,,,,,,6.296070286331922,8.865451038875616,,,,,,,,,,,,8.880660054645169,"rgba(38, 166, 154, 1.0)"
2025-09-23 00:00:00+00:00,6.15,6.15,5.86,5.86,1097,0.0,0.0,0.0,0.0,0.0,0.0,0.0,0.0,,,,,,6.295554352081667,8.865006593372938,,,,,,,,,,,,8.880213523598282,"rgba(38, 166, 154, 1.0)"
2025-09-24 00:00:00+00:00,6.24,6.24,6.16,6.16,1381,0.0,0.0,0.0,0.0,0.0,0.0,0.0,0.0,,,,,,6.295334936302492,8.86447911375687,,,,,,,,,,,,8.879683396651092,"rgba(38, 166, 154, 1.0)"
2025-09-25 00:00:00+00:00,6.57,6.57,6.12,6.12,694,0.0,0.0,0.0,0.0,0.0,0.0,0.0,0.0,,,,,,6.295501896722965,8.864234773862036,,,,,,,,,,,,8.879437712016998,"rgba(38, 166, 154, 1.0)"
2025-09-26 00:00:00+00:00,6.57,6.57,6.57,6.57,338,0.0,0.0,0.0,0.0,0.0,0.0,0.0,0.0,,,,,,6.295680826310275,8.864123092166688,,,,,,,,,,,,8.879325370278027,"rgba(38, 166, 154, 1.0)"
2025-09-29 00:00:00+00:00,6.57,6.57,6.57,6.57,398,0.0,0.0,0.0,0.0,0.0,0.0,0.0,0.0,,,,,,6.2958912197196275,8.863991599257227,,,,,,,,,,,,8.879193100229834,"rgba(38, 166, 154, 1.0)"
2025-09-30 00:00:00+00:00,6.14,6.98,6.14,6.98,1075,0.0,0.0,0.0,0.0,0.0,0.0,0.0,0.0,,,,,,6.296147789275575,8.863613293030554,6.42,,,,,,,,,,,8.878812711862826,"rgba(38, 166, 154, 0.75)"
2025-10-01 00:00:00+00:00,6.14,6.14,6.14,6.14,141,0.0,0.0,0.0,0.0,0.0,0.0,0.0,0.0,,,,,,6.296105460923642,8.863557997369156,6.387532894736842,,,,,,,,,,,8.87875714718922,"rgba(38, 166, 154, 0.75)"
2025-10-02 00:00:00+00:00,5.98,5.98,5.98,5.98,145,0.0,0.0,0.0,0.0,0.0,0.0,0.0,0.0,,,,,,6.296017365092607,8.863497794924777,6.344114621601763,,,,,,,,,,,8.878696670488006,"rgba(38, 166, 154, 0.75)"
2025-10-03 00:00:00+00:00,5.98,5.98,5.98,5.98,184,0.0,0.0,0.0,0.0,0.0,0.0,0.0,0.0,,,,,,6.295905645185566,8.863421403717615,6.300750809061489,,,,,,,,,,,8.87861993127228,"rgba(38, 166, 154, 0.75)"
2025-10-06 00:00:00+00:00,5.7,5.8,5.5101,5.5101,2177,0.0,0.0,0.0,0.0,0.0,0.0,0.0,0.0,,,,,,6.293298692113907,8.862420758908337,5.931843784703565,,,,,,,,,,,8.877615239268671,#000000
2025-10-07 00:00:00+00:00,5.7,5.7,5.4857,5.52,4055,0.0,0.0,0.0,0.0,0.0,0.0,0.0,0.0,,,,,,6.288181048721137,8.860534385384955,5.773712279799409,,,,,,,,,,,8.8757213499814,"rgba(239, 83, 80, 0.5)"
2025-10-08 00:00:00+00:00,5.48,5.48,5.48,5.48,5286,0.0,0.0,0.0,0.0,0.0,0.0,0.0,0.0,,,,,,6.280150753051586,8.857965771559057,5.654860323049836,,,,,,,,,,,8.873143029785785,"rgba(239, 83, 80, 1.0)"
2025-10-09 00:00:00+00:00,5.955,6.15,5.7851,5.87,3012,0.0,0.0,0.0,0.0,0.0,0.0,0.0,0.0,,,,,,6.27836729825191,8.856713087064982,5.712665679626751,,,,,,,,,,,8.871884671333747,"rgba(239, 83, 80, 1.0)"
2025-10-10 00:00:00+00:00,5.97,6.12,5.8,5.8001,2683,0.0,0.0,0.0,0.0,0.0,0.0,0.0,0.0,,,,,,6.276795309902062,8.85559813284565,5.74851925223016,,,,,,,,,,,8.87076466641379,#000000
2025-10-13 00:00:00+00:00,5.9,6.09,5.9,6.09,2074,0.0,0.0,0.0,0.0,0.0,0.0,0.0,0.0,,,,,,6.275590848401759,8.854736844876804,5.769905792370713,,,,,,,,,,,8.869899476423226,#000000
2025-10-14 00:00:00+00:00,6.01,6.45,5.33,5.8,65658,0.0,0.0,0.0,0.0,0.0,0.0,0.0,0.0,,,,,,6.238111282342667,8.827421860359667,5.891439674721547,,,,,5.929999999999999,,,,,,8.842462186462543,#000000
2025-10-15 00:00:00+00:00,6.9,6.9644,5.85,5.85,9303,0.0,0.0,0.0,0.0,0.0,0.0,0.0,0.0,,,,,,6.24315618098834,8.824440560270055,5.957480941892065,6.571466666666666,,,,6.009608921972759,,,,,,8.839463117350371,"rgba(38, 166, 154, 1.0)"
2025-10-16 00:00:00+00:00,5.86,6.3,5.62,5.62,92566,0.0,0.0,0.0,0.0,0.0,0.0,0.0,0.0,,,,,,6.201735699086792,8.786831305092448,,5.9855518466527275,,,,5.9637796956112545,,,,,,8.801685087583138,"rgba(38, 166, 154, 1.0)"
2025-10-17 00:00:00+00:00,5.31,5.96,5.31,5.96,539763,0.0,0.0,0.0,0.0,0.0,0.0,0.0,0.0,,,,,,5.909544298464375,8.55746044753587,,5.59952178361844,,,,5.630200202274408,,,,,,8.57141763386903,#000000
2025-10-20 00:00:00+00:00,5.49,5.565,4.42,4.98,47147,0.0,0.0,0.0,0.0,0.0,0.0,0.0,0.0,,,,,,5.8821780293623505,8.53669906258028,,5.569322384586831,,,,5.6007118456986245,,,,,,8.550584349342238,"rgba(239, 83, 80, 1.0)"
2025-10-21 00:00:00+00:00,5.29,5.48,4.71,5.0,18524,0.0,0.0,0.0,0.0,0.0,0.0,0.0,0.0,,,,,,5.871987268480253,8.528615160894105,,5.558602385022166,,,,5.5901501922261705,,,,,,8.542472391231419,"rgba(239, 83, 80, 1.0)"
2025-10-22 00:00:00+00:00,5.4,5.4,5.01,5.29,3132,0.0,0.0,0.0,0.0,0.0,0.0,0.0,0.0,,,,,,5.870554415323494,8.527296682662415,,5.557330062191943,,,,5.588858194486141,,,,,,8.541149151677818,"rgba(239, 83, 80, 1.0)"
2025-10-23 00:00:00+00:00,5.2466,5.4,5.004,5.004,1967,0.0,0.0,0.0,0.0,0.0,0.0,0.0,0.0,,,,,,5.869578710142507,8.5264556815639,,5.556390015000893,,,,5.587917769152335,,,,,,8.540305170548073,"rgba(239, 83, 80, 1.0)"
2025-10-24 00:00:00+00:00,5.09,5.2575,4.91,4.91,955,0.0,0.0,0.0,0.0,0.0,0.0,0.0,0.0,,,,,,5.869011155529436,8.526031360485566,,5.555760061652159,,,,5.587302260290237,,,,,,8.539879413394289,"rgba(239, 83, 80, 1.0)"
2025-10-27 00:00:00+00:00,5.52,5.57,4.95,4.95,8102,0.0,0.0,0.0,0.0,0.0,0.0,0.0,0.0,,,,,,5.865821685029332,8.522708342743732,,5.553411938354547,,,,5.5848253355388495,,,,,,8.536544050029798,"rgba(239, 83, 80, 1.0)"
2025-10-28 00:00:00+00:00,5.24,5.61,5.155,5.3,3533,0.0,0.0,0.0,0.0,0.0,0.0,0.0,0.0,,,,,,5.8644120496438426,8.521256149546097,,5.552347582639992,,,,5.583708997196398,,,,,,8.535086483409527,"rgba(239, 83, 80, 1.0)"
2025-10-29 00:00:00+00:00,5.3,5.6,5.18,5.18,1853,0.0,0.0,0.0,0.0,0.0,0.0,0.0,0.0,,,,,,5.863710479812668,8.520500999013779,,5.551857216646373,,,,5.5831859294328625,,,,,,8.53432851241929,"rgba(239, 83, 80, 1.0)"
2025-10-30 00:00:00+00:00,5.49,5.91,5.49,5.5,3771,0.0,0.0,0.0,0.0,0.0,0.0,0.0,0.0,,,,,,5.863050824280419,8.519096514324835,,5.552260542656242,,,,5.5834076318369465,,,,,,8.53291820777028,"rgba(239, 83, 80, 1.0)"
2025-10-31 00:00:00+00:00,5.46,5.98,5.46,5.49,5230,0.0,0.0,0.0,0.0,0.0,0.0,0.0,0.0,,,,,,5.862155085277767,8.517153136863627,,5.552836764712544,,,,5.58373340865007,,,,,,8.5309667650899,"rgba(239, 83, 80, 0.75)"
2025-11-03 00:00:00+00:00,5.5,5.68,5.35,5.35,5261,0.0,0.0,0.0,0.0,0.0,0.0,0.0,0.0,,,,,,5.8607791821911945,8.515117386468937,,5.55253267337465,,,,5.583252585284025,,,,,,8.528922964041524,"rgba(239, 83, 80, 0.75)"
2025-11-04 00:00:00+00:00,5.26,5.77,5.1801,5.46,20929,0.0,0.0,0.0,0.0,0.0,0.0,0.0,0.0,,,,,,5.853778444661879,8.50675970259072,,5.548435891392708,,,,5.578704005264425,,,,,,8.52053352550584,"rgba(239, 83, 80, 0.75)"
2025-11-05 00:00:00+00:00,5.68,5.74,5.38,5.38,7931,0.0,0.0,0.0,0.0,0.0,0.0,0.0,0.0,,,,,,5.852315060340679,8.503804223126476,,5.548967024474209,,,,5.578906127668909,,,,,,8.517565923059065,#000000
2025-11-06 00:00:00+00:00,5.57,5.57,5.5,5.5,941,0.0,0.0,0.0,0.0,0.0,0.0,0.0,0.0,,,,,,5.852106087220614,8.503447525986646,,5.5489642165688595,,,,5.578869863545333,,,,,,8.517207793005642,#000000
2025-11-07 00:00:00+00:00,4.9301,5.5,4.79,5.5,9653,0.0,0.0,0.0,0.0,0.0,0.0,0.0,0.0,,,,,,5.846682360290691,8.499208480384722,,5.543082622242207,,,,5.573103481131952,,,,,,8.512954435174173,"rgba(239, 83, 80, 1.0)"
2025-11-10 00:00:00+00:00,5.2,5.37,5.13,5.27,4577,0.0,0.0,0.0,0.0,0.0,0.0,0.0,0.0,,,,,,5.844663528617329,8.497295865631239,,5.541276923759475,,,,5.571275630546766,,,,,,8.511034985016762,"rgba(239, 83, 80, 1.0)"
2025-11-11 00:00:00+00:00,4.96,5.17,4.86,5.17,4970,0.0,0.0,0.0,0.0,0.0,0.0,0.0,0.0,,,,,,5.841643488572289,8.495071155556378,,5.537851173130762,,,,5.567938495686905,,,,,,8.508802955138703,"rgba(239, 83, 80, 1.0)"
2025-11-12 00:00:00+00:00,4.79,4.91,4.79,4.85,1891,0.0,0.0,0.0,0.0,0.0,0.0,0.0,0.0,,,,,,5.840274521516006,8.49418514303356,,5.5361610869458175,,,,5.566311456328113,,,,,,8.507914184987674,"rgba(239, 83, 80, 1.0)"
2025-11-13 00:00:00+00:00,4.6,4.83,4.2501,4.83,3662,0.0,0.0,0.0,0.0,0.0,0.0,0.0,0.0,,,,,,5.8369283552890305,8.492344234936448,,5.531668495460589,,,,5.56203314540451,,,,,,8.506068019434215,"rgba(239, 83, 80, 1.0)"
2025-11-14 00:00:00+00:00,4.65,4.835,4.52,4.65,6021,0.0,0.0,0.0,0.0,0.0,0.0,0.0,0.0,,,,,,5.831927921327553,8.489404444309082,,5.525184451898219,,,,5.555829157846596,,,,,,8.503119540357222,"rgba(239, 83, 80, 1.0)"
2025-11-17 00:00:00+00:00,4.3,4.3,3.97,4.27,4473,0.0,0.0,0.0,0.0,0.0,0.0,0.0,0.0,,,,,,5.826724971432579,8.486950368990096,,5.517776099840189,,,,5.548821515355549,,,,,,8.50065918939875,"rgba(239, 83, 80, 1.0)"
2025-11-18 00:00:00+00:00,4.08,4.3,3.9,4.3,3821,0.0,0.0,0.0,0.0,0.0,0.0,0.0,0.0,,,,,,5.822045504479083,8.48480911483772,,5.511056399736948,,,,5.542470208367119,,,,,,8.49851260833635,"rgba(239, 83, 80, 1.0)"
2025-11-19 00:00:00+00:00,3.79,4.08,3.79,4.08,2253,0.0,0.0,0.0,0.0,0.0,0.0,0.0,0.0,,,,,,5.818969697510499,8.483488160479572,,5.506550589099053,,,,5.538220771504003,,,,,,8.497188552273615,"rgba(239, 83, 80, 1.0)"
2025-11-20 00:00:00+00:00,3.9686,4.0,3.9686,4.0,467,0.0,0.0,0.0,0.0,0.0,0.0,0.0,0.0,,,,,,5.818363797903412,8.483219950927142,,5.5056728500776035,,,,5.537391806226951,,,,,,8.496919696497958,"rgba(239, 83, 80, 1.0)"
2025-11-21 00:00:00+00:00,3.6001,3.610041,3.6001,3.610041,674,0.0,0.0,0.0,0.0,0.0,0.0,0.0,0.0,,,,,,5.817311578411527,8.4828006329355,,5.504096540784638,,,,5.535908916869543,,,,,,8.496499466283423,"rgba(239, 83, 80, 1.0)"
2025-11-24 00:00:00+00:00,4.0,4.0,3.83,3.83,2279,0.0,0.0,0.0,0.0,0.0,0.0,0.0,0.0,,,,,,5.814306233540009,8.481482060269883,,5.499735621627278,,,,5.531790624657091,,,,,,8.49517774773448,"rgba(239, 83, 80, 0.75)"
2025-11-25 00:00:00+00:00,3.98,3.98,3.71,3.835,1380,0.0,0.0,0.0,0.0,0.0,0.0,0.0,0.0,,,,,,5.812439350202855,8.480674619918165,,5.497016703256149,,,,5.529223835906349,,,,,,8.494368409020808,"rgba(239, 83, 80, 0.75)"
2025-11-26 00:00:00+00:00,3.99,3.99,3.88,3.88,946,0.0,0.0,0.0,0.0,0.0,0.0,0.0,0.0,,,,,,5.811203771348695,8.480128911704403,,5.495231410957549,,,,5.527536718725988,,,,,,8.493821394940383,"rgba(239, 83, 80, 0.75)"
2025-11-28 00:00:00+00:00,3.87,3.99,3.87,3.99,972,0.0,0.0,0.0,0.0,0.0,0.0,0.0,0.0,,,,,,5.809906372110612,8.479562976055062,,5.4933499156575465,,,,5.525759376646074,,,,,,8.493254121154328,"rgba(239, 83, 80, 0.75)"
2025-12-01 00:00:00+00:00,3.87,3.9489,3.87,3.9489,2473,0.0,0.0,0.0,0.0,0.0,0.0,0.0,0.0,,,,,,5.806589703674372,8.478119417446104,,5.488541773122155,,,,5.521216762537229,,,,,,8.491807161817713,"rgba(239, 83, 80, 0.75)"
2025-12-02 00:00:00+00:00,3.74,3.81,3.74,3.81,883,0.0,0.0,0.0,0.0,0.0,0.0,0.0,0.0,,,,,,5.80532601463778,8.47758925448062,,5.486689221140303,,,,5.519468700327304,,,,,,8.491275794392735,"rgba(239, 83, 80, 0.75)"
2025-12-03 00:00:00+00:00,3.775,3.775,3.68,3.68,1498,0.0,0.0,0.0,0.0,0.0,0.0,0.0,0.0,,,,,,5.803164788795839,8.476686296804417,,5.483519102240308,,,,5.516477386753821,,,,,,8.490370796212083,"rgba(239, 83, 80, 0.75)"
2025-12-04 00:00:00+00:00,3.5401,3.5401,3.5401,3.5401,39993,0.0,0.0,0.0,0.0,0.0,0.0,0.0,0.0,,,,,,5.741562548888792,8.45167658120863,,5.393540287666582,,,,5.43143667370092,3.5401,,,,,8.465307455561454,"rgba(239, 83, 80, 0.75)"
2025-12-05 00:00:00+00:00,3.99,3.99,3.65,3.7,15145,0.0,0.0,0.0,0.0,0.0,0.0,0.0,0.0,,,,,,5.722534883619417,8.4429161204717,,5.367403034694483,,,,,3.6325462651287075,,,,,8.4565263849352,"rgba(239, 83, 80, 0.75)"
2025-12-08 00:00:00+00:00,4.32,4.43,3.99,3.99,12209,0.0,0.0,0.0,0.0,0.0,0.0,0.0,0.0,,,,,,5.71049473633505,8.436448609937443,,5.352048603873507,,,,,3.743877073960236,,,,,8.450041946209726,"rgba(239, 83, 80, 0.75)"
2025-12-09 00:00:00+00:00,4.39,4.99,4.39,4.445,2077,0.0,0.0,0.0,0.0,0.0,0.0,0.0,0.0,,,,,,5.708941819751602,8.435440336496963,,5.350276625984122,,,,,3.769191047764462,,,,,8.44903074074659,#000000
2025-12-10 00:00:00+00:00,4.585,4.745,4.26,4.26,6784,0.0,0.0,0.0,0.0,0.0,0.0,0.0,0.0,,,,,,5.7036290803725445,8.43209941657968,,5.344093624891159,,,,,3.8369178996955697,,,,,8.445680284504421,#000000
2025-12-11 00:00:00+00:00,4.46,4.64,4.35,4.64,5139,0.0,0.0,0.0,0.0,0.0,0.0,0.0,0.0,,,,,,5.699477590239685,8.429542191802307,,5.339206637195979,4.483333333333333,,,,3.877754426100532,,,,,8.443115863095533,"rgba(38, 166, 154, 1.0)"
2025-12-12 00:00:00+00:00,4.285,4.285,4.12,4.12,370,0.0,0.0,0.0,0.0,0.0,0.0,0.0,0.0,,,,,,5.699117742629733,8.429346391976031,,,4.466318751134508,,,,3.8793493312285077,,,,,8.442919552759752,"rgba(38, 166, 154, 1.0)"
2025-12-15 00:00:00+00:00,4.55,4.55,4.3,4.3,1434,0.0,0.0,0.0,0.0,0.0,0.0,0.0,0.0,,,,,,5.697949156342692,8.428630465730821,,,4.466390609246724,,,,3.889478049572464,,,,,8.442201621659791,"rgba(38, 166, 154, 1.0)"
2025-12-16 00:00:00+00:00,4.33,4.55,4.12,4.55,2910,0.0,0.0,0.0,0.0,0.0,0.0,0.0,0.0,,,,,,5.695328497424897,8.427129573978155,,,4.427093271084949,,,,3.904486228372898,,,,,8.440696693627524,"rgba(38, 166, 154, 1.0)"
2025-12-17 00:00:00+00:00,4.25,4.47,4.25,4.47,2246,0.0,0.0,0.0,0.0,0.0,0.0,0.0,0.0,,,,,,5.693297888961813,8.42596907790197,,,4.407831776730859,,,,3.9151391845116086,,,,,8.439533085577741,#000000
2025-12-18 00:00:00+00:00,4.15,4.335,4.15,4.335,798,0.0,0.0,0.0,0.0,0.0,0.0,0.0,0.0,,,,,,5.692519173934328,8.425545695219402,,,4.39569408906464,,,,3.917794803508968,,,,,8.439108604522373,#000000
2025-12-19 00:00:00+00:00,4.15,4.51,4.13,4.13,5928,0.0,0.0,0.0,0.0,0.0,0.0,0.0,0.0,,,,,,5.686960897702391,8.42244175792197,,,4.3540136343514835,,,,3.939348920550404,,,,,8.435996489170215,#000000
2025-12-22 00:00:00+00:00,3.88,4.2032,3.88,4.14,2830,0.0,0.0,0.0,0.0,0.0,0.0,0.0,0.0,,,,,,5.683811876230613,8.420863501995369,,,4.306146017086124,,,,3.9407480998947504,,,,,8.434414393328538,"rgba(239, 83, 80, 0.5)"
2025-12-23 00:00:00+00:00,3.85,3.93,3.61,3.81,26693,0.0,0.0,0.0,0.0,0.0,0.0,0.0,0.0,,,,,,5.65139175936756,8.405393006278056,,,4.024861738506936,,,,3.909870697785199,,,,,8.418908174757162,"rgba(239, 83, 80, 0.5)"
2025-12-24 00:00:00+00:00,3.93,3.93,3.79,3.91,7620,0.0,0.0,0.0,0.0,0.0,0.0,0.0,0.0,,,,,,5.642763189911157,8.401078339932795,,,4.005592755384029,,,,3.9083408079631194,,,,,8.414583291539543,"rgba(239, 83, 80, 0.5)"
2025-12-26 00:00:00+00:00,3.76,4.03,3.6003,4.03,6380,0.0,0.0,0.0,0.0,0.0,0.0,0.0,0.0,,,,,,5.635250978134403,8.39740302513731,,,3.9842238189944617,,,,3.903203224448357,3.7967666666666666,,,,8.41089947625519,"rgba(239, 83, 80, 1.0)"
2025-12-29 00:00:00+00:00,3.74,3.81,3.62,3.62,5234,0.0,0.0,0.0,0.0,0.0,0.0,0.0,0.0,,,,,,5.62888930000485,8.394344206366235,,,3.964018722934115,,,,,3.763672980885138,,,,8.407833721000324,"rgba(239, 83, 80, 1.0)"
2025-12-30 00:00:00+00:00,3.77,3.95,3.7,3.79,4092,0.0,0.0,0.0,0.0,0.0,0.0,0.0,0.0,,,,,,5.624161299061589,8.391998189064203,,,3.955035205699882,,,,,3.7748744428880676,,,,8.405482258948505,"rgba(239, 83, 80, 1.0)"
2025-12-31 00:00:00+00:00,3.86,3.9001,3.72,3.72,2424,0.0,0.0,0.0,0.0,0.0,0.0,0.0,0.0,,,,,,5.621402845609491,8.390615664274367,,,3.9508369204746874,,,,,3.781803574186431,,,,8.404096507001974,"rgba(239, 83, 80, 1.0)"
2026-01-02 00:00:00+00:00,4.27,4.345,3.76,3.76,4157,0.0,0.0,0.0,0.0,0.0,0.0,0.0,0.0,,,,,,5.617474944282584,8.388401512323867,,,3.960088673354206,,,,,3.845817014403015,,,,8.401876728465693,"rgba(239, 83, 80, 0.5)"
2026-01-05 00:00:00+00:00,4.8,5.16,3.98,4.14,47762,0.0,0.0,0.0,0.0,0.0,0.0,0.0,0.0,,,,,,5.5890536531101676,8.366218587651277,,,4.220310215817443,,,,,4.391865938604882,,,,8.379627575172444,"rgba(38, 166, 154, 1.0)"
2026-01-06 00:00:00+00:00,4.91,5.72,4.6701,4.87,26284,0.0,0.0,0.0,0.0,0.0,0.0,0.0,0.0,,,,,,5.581300022789022,8.355597207063475,,,4.372132215809483,5.100033333333333,,,,4.585086037667951,,,,8.368969111848878,"rgba(38, 166, 154, 1.0)"
2026-01-07 00:00:00+00:00,4.57,4.78,4.57,4.76,1295,0.0,0.0,0.0,0.0,0.0,0.0,0.0,0.0,,,,,,5.5805652629155835,8.355001987060955,,,,5.078432000193383,,,,4.5858144514551835,,,,8.368372114997062,"rgba(38, 166, 154, 1.0)"
2026-01-08 00:00:00+00:00,4.52,5.22,4.28,4.45,21645,0.0,0.0,0.0,0.0,0.0,0.0,0.0,0.0,,,,,,5.568881197344152,8.34517047939041,,,,4.900300181483287,,,,4.601696890886175,,,,8.358510921107529,"rgba(38, 166, 154, 1.0)"
2026-01-09 00:00:00+00:00,4.68,4.91,4.33,4.72,13250,0.0,0.0,0.0,0.0,0.0,0.0,0.0,0.0,,,,,,5.561615393530266,8.339123582665119,,,,4.84509357706139,,,,4.605526537028793,,,,8.352445947375642,"rgba(38, 166, 154, 1.0)"
2026-01-12 00:00:00+00:00,4.87,4.87,4.44,4.58,5049,0.0,0.0,0.0,0.0,0.0,0.0,0.0,0.0,,,,,,5.559134088053505,8.33687842665104,,,,4.836238261530639,,,,4.609972474534547,,,,8.350193882573825,"rgba(38, 166, 154, 1.0)"
2026-01-13 00:00:00+00:00,4.7,4.7,4.41,4.66,3401,0.0,0.0,0.0,0.0,0.0,0.0,0.0,0.0,,,,,,5.557224584134962,8.335316053617527,,,,4.825069832496757,,,,4.609812304010934,,,,8.348626891058874,"rgba(38, 166, 154, 1.0)"
2026-01-14 00:00:00+00:00,4.14,4.64,4.14,4.57,1234,0.0,0.0,0.0,0.0,0.0,0.0,0.0,0.0,,,,,,5.556318745523504,8.334704456545664,,,,4.816204432864915,,,,4.6071817603915415,,,,8.348013646388868,"rgba(38, 166, 154, 0.75)"
2026-01-15 00:00:00+00:00,4.67,5.17,4.14,4.14,35562,0.0,0.0,0.0,0.0,0.0,0.0,0.0,0.0,,,,,,5.537991039091962,8.318697695201566,,,,4.764636088624829,,,,4.61774784467483,,,,8.33195863768976,"rgba(38, 166, 154, 0.75)"
2026-01-16 00:00:00+00:00,4.45,4.74,4.45,4.53,1696,0.0,0.0,0.0,0.0,0.0,0.0,0.0,0.0,,,,,,5.537025260031249,8.317914255151043,,,,4.761257458994418,,,,4.617076105461603,,,,8.331172919290383,"rgba(38, 166, 154, 0.75)"
2026-01-20 00:00:00+00:00,4.05,4.38,3.8,4.15,5866,0.0,0.0,0.0,0.0,0.0,0.0,0.0,0.0,,,,,,5.5321209627867605,8.314869667522565,,,,4.726422796273485,,,,4.599971348200427,,,,8.328120661335328,#000000
2026-01-21 00:00:00+00:00,4.25,4.51,4.18,4.3,9793,0.0,0.0,0.0,0.0,0.0,0.0,0.0,0.0,,,,,,5.5253259396442616,8.31007989202331,,,,4.69407912159371,,,,4.585585388095092,,,,8.323317928062536,#000000
2026-01-22 00:00:00+00:00,4.6,5.4,4.08,4.1,21366,-1.0,5.4,4.08,1222.0,-1.0,5.4,4.08,1222.0,,,,,4.693333333333333,5.515327343544716,8.300659233909176,,,,4.693970309772081,,,,4.596219332378709,,,,8.31386848611109,#000000
2026-01-23 00:00:00+00:00,5.22,5.22,4.6,4.9,7641,0.0,0.0,0.0,0.0,0.0,0.0,0.0,0.0,,,,,4.7776274692315654,5.513179104744484,8.29759988831242,,,,4.7098076747013495,,,,4.61043944508643,,,,8.310798696602188,"rgba(38, 166, 154, 1.0)"
2026-01-26 00:00:00+00:00,4.6,5.22,4.37,5.22,15742,0.0,0.0,0.0,0.0,0.0,0.0,0.0,0.0,,,,,4.760872868667456,5.50633458995441,8.290772733640459,,,,4.711679421832799,,,,4.618285773166078,,,,8.303950401530464,"rgba(38, 166, 154, 1.0)"
2026-01-27 00:00:00+00:00,4.24,4.66,4.13,4.41,7130,0.0,0.0,0.0,0.0,0.0,0.0,0.0,0.0,,,,,4.70348824508311,5.501749206117606,8.2873542584477,,,,4.696837668546628,,,,4.6103489833456806,,,,8.300522573711318,#000000
2026-01-28 00:00:00+00:00,4.24,4.56,4.21,4.56,723,0.0,0.0,0.0,0.0,0.0,0.0,0.0,0.0,,,,,4.698446383534213,5.501283590674514,8.287007361657615,,,,4.695372067290646,,,,4.609550228612794,,,,8.300174729598208,#000000
2026-01-29 00:00:00+00:00,4.37,4.37,4.37,4.37,194,0.0,0.0,0.0,0.0,0.0,0.0,0.0,0.0,,,,,4.697239500467207,5.50116229116802,8.286915075793933,,,,4.695017191110412,,,,4.60936277804668,,,,8.300082189093354,#000000
2026-01-30 00:00:00+00:00,4.06,4.21,4.06,4.21,2412,0.0,0.0,0.0,0.0,0.0,0.0,0.0,0.0,,,,,4.671583405786601,5.49931020007135,8.285691911442948,,,,4.68719026641447,,,,4.604551315586234,,,,8.29885590526733,#000000
2026-02-02 00:00:00+00:00,3.9,3.97,3.88,3.97,657,0.0,0.0,0.0,0.0,0.0,0.0,0.0,0.0,,,,,4.662705211969331,5.498736482359514,8.285343440035486,,,,4.6843924660108325,,,,4.602750678050963,,,,8.298506593647385,"rgba(239, 83, 80, 0.5)"
2026-02-03 00:00:00+00:00,3.9,4.12,3.78,3.91,6430,0.0,0.0,0.0,0.0,0.0,0.0,0.0,0.0,,,,,4.587420499237499,5.493202358337906,8.281948913435615,,,,4.658618274714914,,,,4.586029482154256,,,,8.295103841475532,"rgba(239, 83, 80, 0.5)"
2026-02-04 00:00:00+00:00,3.97,4.05,3.83,3.85,3370,0.0,0.0,0.0,0.0,0.0,0.0,0.0,0.0,,,,,4.554707378359857,5.490348315086731,8.28017874711716,,,,4.646098385935479,,,,4.577810502999231,,,,8.293329363858119,"rgba(239, 83, 80, 0.5)"
2026-02-05 00:00:00+00:00,3.91,4.4497,3.78,4.3,4477,0.0,0.0,0.0,0.0,0.0,0.0,0.0,0.0,,,,,4.522273943809225,5.486809721751691,8.277881734901838,,,,4.632349053105006,,,,4.568844489053753,,,,8.291026596857288,"rgba(239, 83, 80, 1.0)"
2026-02-06 00:00:00+00:00,3.79,3.82,3.77,3.82,4787,0.0,0.0,0.0,0.0,0.0,0.0,0.0,0.0,,,,,4.47570400823891,5.482383349028383,8.275281602785135,,,,4.612267613481063,,,,4.555097661940433,,,,8.288420404631093,"rgba(239, 83, 80, 1.0)"
2026-02-09 00:00:00+00:00,3.77,4.11,3.71,4.11,3817,0.0,0.0,0.0,0.0,0.0,0.0,0.0,0.0,,,,,4.446020991119125,5.479016034820403,8.273242847448573,,,,4.598242159051324,,,,4.545456356057009,,,,8.286376801538815,"rgba(239, 83, 80, 1.0)"
2026-02-10 00:00:00+00:00,3.81,4.03,3.71,3.91,3066,0.0,0.0,0.0,0.0,0.0,0.0,0.0,0.0,,,,,4.4236844101924735,5.476299133912591,8.271601636890702,,,,4.5871534465674495,,,,4.537756854411608,,,,8.284731702412865,"rgba(239, 83, 80, 1.0)"
2026-02-11 00:00:00+00:00,3.83,3.85,3.76,3.76,1516,0.0,0.0,0.0,0.0,0.0,0.0,0.0,0.0,,,,,4.412580192732334,5.474928880759107,8.270783855732375,,,,4.581524394722405,,,,4.533812813578881,,,,8.28391200335024,"rgba(239, 83, 80, 1.0)"
2026-02-12 00:00:00+00:00,3.81,3.83,3.5,3.77,1729,0.0,0.0,0.0,0.0,0.0,0.0,0.0,0.0,,,,,4.398366220691222,5.473274971986676,8.269830625500926,,,,4.5743807785899655,,,,4.528749625777622,,,,8.282956598892559,"rgba(239, 83, 80, 1.0)"
2026-02-13 00:00:00+00:00,3.78,3.79,3.7,3.79,699,0.0,0.0,0.0,0.0,0.0,0.0,0.0,0.0,,,,,4.393135706345133,5.472623652718153,8.269449030728165,,,,4.571669686937247,,,,4.526828214540016,,,,8.2825741231234,"rgba(239, 83, 80, 1.0)"
2026-02-17 00:00:00+00:00,3.59,3.78,3.49,3.49,1830,0.0,0.0,0.0,0.0,0.0,0.0,0.0,0.0,,,,,4.376982002070345,5.470785199222026,8.268420065765463,,,,4.563480336153158,,,,4.520958257224717,,,,8.281542870292027,"rgba(239, 83, 80, 1.0)"
2026-02-18 00:00:00+00:00,3.61,3.61,3.61,3.61,267,0.0,0.0,0.0,0.0,0.0,0.0,0.0,0.0,,,,,4.374651015142718,5.4705158231698015,8.268269653278432,,,,4.562284724257339,,,,4.520098732052428,,,,8.281392124256055,"rgba(239, 83, 80, 1.0)"
2026-02-19 00:00:00+00:00,3.58,3.58,3.19,3.47,2988,0.0,0.0,0.0,0.0,0.0,0.0,0.0,0.0,,,,,4.34423680533386,5.467247753448886,8.266529254464375,,,,4.546892132897361,,,,4.508917451086671,,,,8.279648028298363,"rgba(239, 83, 80, 1.0)"
2026-02-20 00:00:00+00:00,3.48,3.59,3.41,3.41,5934,0.0,0.0,0.0,0.0,0.0,0.0,0.0,0.0,,,,,4.292061541031601,5.46092754296476,8.26310770784284,,,,4.5187117501314695,,,,4.488271692948588,,,,8.276219126493785,"rgba(239, 83, 80, 1.0)"
2026-02-23 00:00:00+00:00,3.43,3.43,3.1802,3.34,2219,0.0,0.0,0.0,0.0,0.0,0.0,0.0,0.0,,,,,4.2708715366587855,5.458399187221,8.26179020515824,,,,4.507105414106071,,,,4.479659252975563,3.3467333333333333,,3.3467333333333333,8.274898898769134,"rgba(239, 83, 80, 1.0)"
2026-02-24 00:00:00+00:00,3.55,3.55,3.3,3.47,3995,0.0,0.0,0.0,0.0,0.0,0.0,0.0,0.0,,,,,4.239675987079525,5.454120113713591,8.259477840287625,,,,4.488880035282494,,,,,3.4238388477631148,,3.4238388477631148,8.272581595951264,"rgba(239, 83, 80, 0.75)"
2026-02-25 00:00:00+00:00,3.63,3.67,3.29,3.67,12731,0.0,0.0,0.0,0.0,0.0,0.0,0.0,0.0,,,,,4.161600589641662,5.441036328380796,8.252220982646783,,,,4.438183377423396,,,,,3.495178917920295,,3.495178917920295,8.26530896734759,"rgba(239, 83, 80, 0.75)"
2026-02-26 00:00:00+00:00,3.5,3.7,3.5,3.62,4719,0.0,0.0,0.0,0.0,0.0,0.0,0.0,0.0,,,,,4.13829009069598,5.436323835914992,8.2495575794979,,,,4.421432042028833,,,,,3.509434778566599,,3.509434778566599,8.262639714879494,"rgba(239, 83, 80, 0.75)"
2026-02-27 00:00:00+00:00,3.64,3.82,3.42,3.65,7914,0.0,0.0,0.0,0.0,0.0,0.0,0.0,0.0,,,,,4.1067443708626445,5.428725639943366,8.24515485167942,,,,4.396613264385414,,,,,3.5388151434543036,,3.5388151434543036,8.258227154332642,"rgba(239, 83, 80, 0.75)"
2026-03-02 00:00:00+00:00,3.52,3.52,3.41,3.41,2303,0.0,0.0,0.0,0.0,0.0,0.0,0.0,0.0,,,,,4.095755854304431,5.426351594885476,8.243835505232104,,,,4.388388670256377,,,,,3.5350438672609035,,3.5350438672609035,8.256904972724332,"rgba(239, 83, 80, 0.75)"
2026-03-03 00:00:00+00:00,3.43,3.455,3.43,3.455,439,0.0,0.0,0.0,0.0,0.0,0.0,0.0,0.0,,,,,4.093554332608666,5.425889243993386,8.243581716601565,,,,4.386760554970007,,,,,3.5338068065268065,,3.5338068065268065,8.256650645194826,"rgba(239, 83, 80, 0.75)"
2026-03-04 00:00:00+00:00,3.84,3.84,3.35,3.68,7378,0.0,0.0,0.0,0.0,0.0,0.0,0.0,0.0,,,,,4.0713420804055644,5.419078785598039,8.239531808689755,,,,4.366881547320919,,,,,3.5590842790221755,,3.5590842790221755,8.252591560896537,"rgba(239, 83, 80, 0.75)"
2026-03-05 00:00:00+00:00,3.7809,3.7809,3.61,3.61,1050,0.0,0.0,0.0,0.0,0.0,0.0,0.0,0.0,,,,,4.068727606917854,5.418140039133099,8.238961994349664,,,,4.364330146234414,,,,,3.563133392595365,,3.563133392595365,8.252020438051035,#000000
2026-03-06 00:00:00+00:00,3.8,3.8,3.66,3.66,689,0.0,0.0,0.0,0.0,0.0,0.0,0.0,0.0,,,,,4.067177763434416,5.417535287157044,8.238590599960641,,,,4.362743273134379,,,,,3.5661503541527577,,3.5661503541527577,8.251648183720203,#000000
2026-03-09 00:00:00+00:00,3.66,3.8,3.65,3.8,1992,0.0,0.0,0.0,0.0,0.0,0.0,0.0,0.0,,,,,4.062081014364339,5.415736873016583,8.237505224214512,,,,4.357828765821482,,,,,3.572165641623926,,3.572165641623926,8.250560329457308,#000000
2026-03-10 00:00:00+00:00,3.856,3.9299,3.77,3.82,1237,0.0,0.0,0.0,0.0,0.0,0.0,0.0,0.0,,,,,4.0602690397678005,5.414718754874488,8.23685357039266,,,,4.355498359377715,,,,,3.579582473321048,,3.579582473321048,8.249907123843899,#000000
2026-03-11 00:00:00+00:00,3.95,3.99,3.77,3.77,1672,0.0,0.0,0.0,0.0,0.0,0.0,0.0,0.0,,,,,4.058460817891342,5.413389877139565,8.235983380171698,,,,4.352700233911202,,,,,3.590780939081744,,3.590780939081744,8.24903483055899,"rgba(38, 166, 154, 1.0)"
2026-03-12 00:00:00+00:00,3.72,4.12,3.72,3.82,2750,0.0,0.0,0.0,0.0,0.0,0.0,0.0,0.0,,,,,4.0546457959958415,5.411137096187283,8.234536398024092,,,,4.347668838588495,,,,,3.604913789931099,,3.604913789931099,8.247584400605827,#000000
2026-03-13 00:00:00+00:00,3.86,3.91,3.85,3.91,1409,0.0,0.0,0.0,0.0,0.0,0.0,0.0,0.0,,,,,4.052934361434159,5.410000158557784,8.233798769798389,,,,4.3452327312977115,,,,,3.6121180708738914,,3.6121180708738914,8.246845004504571,"rgba(38, 166, 154, 1.0)"
2026-03-16 00:00:00+00:00,3.674,3.78,3.674,3.78,1075,0.0,0.0,0.0,0.0,0.0,0.0,0.0,0.0,,,,,4.05047757077516,5.409041403806734,8.233215002280838,,,,4.342750751452922,,,,,3.6140688363324123,,3.6140688363324123,8.246259901038242,#000000
2026-03-17 00:00:00+00:00,3.65,3.65,3.65,3.65,534,0.0,0.0,0.0,0.0,0.0,0.0,0.0,0.0,,,,,4.04906019534158,5.408548938613469,8.23292127259507,,,,4.341410215638242,,,,,3.6144234595054154,,3.6144234595054154,8.24596551007838,#000000
2026-03-18 00:00:00+00:00,3.65,3.65,3.65,3.65,8,0.0,0.0,0.0,0.0,0.0,0.0,0.0,0.0,,,,,4.049039037526479,5.408541562954192,8.23291687243658,,,,4.341390172148058,,,,,3.6144287190006286,,3.6144287190006286,8.245961100013636,#000000
2026-03-19 00:00:00+00:00,3.65,3.65,3.65,3.65,178,0.0,0.0,0.0,0.0,0.0,0.0,0.0,0.0,,,,,4.048568855761569,5.408377470536757,8.232818971095622,,,,4.34094450488034,,,,,3.614545341855154,,3.614545341855154,8.245862978262151,#000000
2026-03-20 00:00:00+00:00,3.65,3.65,3.65,3.65,53,0.0,0.0,0.0,0.0,0.0,0.0,0.0,0.0,,,,,4.048429071819301,5.408328617474967,8.232789821504475,,,,4.340811917184115,,,,,3.6145799190357906,,3.6145799190357906,8.245833763044493,"rgba(239, 83, 80, 0.5)"
2026-03-23 00:00:00+00:00,3.7,3.8,3.65,3.8,663,0.0,0.0,0.0,0.0,0.0,0.0,0.0,0.0,,,,,4.046979907719131,5.4077408845724255,8.232430512048749,,,,4.339317258185303,,,,,3.6158103494037235,,3.6158103494037235,8.245473629543852,#000000
2026-03-24 00:00:00+00:00,3.65,3.65,3.65,3.65,128,0.0,0.0,0.0,0.0,0.0,0.0,0.0,0.0,,,,,4.046645412994009,5.407622991417725,8.232360125685217,,,,4.338998712810996,,,,,3.6158897217788746,,3.6158897217788746,8.245403084707286,#000000
2026-03-25 00:00:00+00:00,3.65,3.65,3.65,3.65,43,0.0,0.0,0.0,0.0,0.0,0.0,0.0,0.0,,,,,4.046533170126043,5.4075833902346675,8.232336480751421,,,,4.338891767528549,,,,,3.615916303303794,,3.615916303303794,8.24537938653726,"rgba(239, 83, 80, 0.5)"
2026-03-26 00:00:00+00:00,3.65,3.65,3.65,3.65,36,0.0,0.0,0.0,0.0,0.0,0.0,0.0,0.0,,,,,4.046439248196149,5.407550237128213,8.232316685180557,,,,4.338802257472674,,,,,3.6159385257629277,,3.6159385257629277,8.245359546396841,"rgba(239, 83, 80, 0.5)"
2026-03-27 00:00:00+00:00,3.86,3.86,3.86,3.86,816,0.0,0.0,0.0,0.0,0.0,0.0,0.0,0.0,,,,,4.045443643137919,5.406888851039675,8.231888592503754,,,,4.337396250433338,,,,,3.619492882511468,,3.619492882511468,8.244930431357874,#000000
2026-03-30 00:00:00+00:00,3.84,3.86,3.65,3.65,1705,0.0,0.0,0.0,0.0,0.0,0.0,0.0,0.0,,,,,4.042551304869337,5.405440332618881,8.230978699000051,,,,4.334017407166309,,,,,3.624331249711331,,3.624331249711331,8.244018411452457,"rgba(38, 166, 154, 1.0)"
2026-03-31 00:00:00+00:00,3.84,3.84,3.84,3.84,29,0.0,0.0,0.0,0.0,0.0,0.0,0.0,0.0,,,,,4.042513295371206,5.405416577324227,8.230963423163294,,,,4.333966170627469,,,,,3.624439522779077,,3.624439522779077,8.244003099336874,"rgba(38, 166, 154, 1.0)"
2026-04-01 00:00:00+00:00,3.92,3.95,3.84,3.84,640,0.0,0.0,0.0,0.0,0.0,0.0,0.0,0.0,,,,,4.041939283412807,5.4049137087888806,8.230631190410936,,,,4.3329827626031046,,,,,3.627495631652542,,3.627495631652542,8.243670063113596,"rgba(38, 166, 154, 1.0)"
2026-04-02 00:00:00+00:00,3.91,3.91,3.91,3.91,194,0.0,0.0,0.0,0.0,0.0,0.0,0.0,0.0,,,,,4.041774544003498,5.4047620197249495,8.230530647568628,,,,4.332690165175604,,,,,3.628430900982384,,3.628430900982384,8.243569276645557,"rgba(38, 166, 154, 1.0)"
2026-04-06 00:00:00+00:00,3.91,3.91,3.91,3.91,14,0.0,0.0,0.0,0.0,0.0,0.0,0.0,0.0,,,,,4.041762671506162,5.404751074282375,8.23052339208062,,,,4.332669065557072,,,,,3.628498155130546,,3.628498155130546,8.243562003576644,"rgba(38, 166, 154, 1.0)"
2026-04-07 00:00:00+00:00,3.65,3.65,3.65,3.65,6805,1.0,3.65,3.65,0.0,0.0,0.0,0.0,0.0,,3.65,,,4.025325803209753,5.3985275863068525,8.226787533876319,,,,4.316497535866623,,,,,3.6307348492260036,,3.6307348492260036,8.239817730697796,"rgba(38, 166, 154, 0.75)"
2026-04-08 00:00:00+00:00,3.67,3.67,3.67,3.67,113,0.0,0.0,0.0,0.0,0.0,0.0,0.0,0.0,,3.6503266840127204,,,4.02507841977499,5.3984257929607935,8.22672582061606,,,,4.3162433290069036,,,,,3.6308025570595093,,3.6308025570595093,8.239755877633032,#000000
2026-04-09 00:00:00+00:00,3.67,3.67,3.67,3.67,6,0.0,0.0,0.0,0.0,0.0,0.0,0.0,0.0,,3.6503437319468515,,,4.0250652940016725,5.398420388339564,8.226722543852516,,,,4.316229836886613,,,,,3.6308061456378335,,3.6308061456378335,8.239752593446317,#000000
2026-04-10 00:00:00+00:00,3.95,3.95,3.95,3.95,125,0.0,0.0,0.0,0.0,0.0,0.0,0.0,0.0,,3.6556575400766067,,,4.0250075290728065,5.398326038834655,8.226658473732458,,,,4.316070613168609,,,,,3.6314137913354254,,3.6314137913354254,8.239688366193636,#000000
2026-04-13 00:00:00+00:00,3.94,4.1,3.87,3.88,6022,0.0,0.0,0.0,0.0,0.0,0.0,0.0,0.0,,3.8004796878586182,,,4.0230411435423425,5.3938577387263615,8.223588528158702,,,,4.308970797704297,,,,,3.65985760234734,,3.65985760234734,8.236610846283979,"rgba(38, 166, 154, 1.0)"
2026-04-14 00:00:00+00:00,4.01,4.16,3.92,4.16,4903,0.0,0.0,0.0,0.0,0.0,0.0,0.0,0.0,,3.8630889061978415,,,4.023237952953931,5.390392761096665,8.221127515282618,,,,4.304387606541191,,,,,3.683553636604995,,3.683553636604995,8.23414365181794,"rgba(38, 166, 154, 1.0)"
2026-04-15 00:00:00+00:00,3.905,3.98,3.85,3.98,2381,0.0,0.0,0.0,0.0,0.0,0.0,0.0,0.0,,3.86877122738066,,,4.021726363686365,5.3885706237101,8.219899723390158,,,,4.30127918697241,,,,,3.6904315760814517,,3.6904315760814517,8.23291287995513,"rgba(38, 166, 154, 1.0)"
2026-04-16 00:00:00+00:00,3.91,3.92,3.91,3.92,771,0.0,0.0,0.0,0.0,0.0,0.0,0.0,0.0,,3.8703975354223865,,,4.021252911006112,5.3879822178469405,8.21950245145447,,,,4.300287419191902,,,,,3.6925868232608896,,3.6925868232608896,8.232514643248832,"rgba(38, 166, 154, 1.0)"
2026-04-17 00:00:00+00:00,3.93,3.93,3.92,3.93,1020,0.0,0.0,0.0,0.0,0.0,0.0,0.0,0.0,,3.872989177880129,,,4.02070947724567,5.387211534798335,8.218978617300541,,,,4.2990280608530025,,,,,3.6955432917693396,,3.6955432917693396,8.231989531989266,"rgba(38, 166, 154, 1.0)"
2026-04-20 00:00:00+00:00,3.92,3.92,3.92,3.92,356,0.0,0.0,0.0,0.0,0.0,0.0,0.0,0.0,,3.873732927443487,,,4.020507933741822,5.386941515734947,8.218795535088633,,,,4.298582682708123,,,,,3.6965283942550715,,3.6965283942550715,8.23180600426587,"rgba(38, 166, 154, 1.0)"
2026-04-21 00:00:00+00:00,3.92,3.92,3.92,3.92,556,0.0,0.0,0.0,0.0,0.0,0.0,0.0,0.0,,3.8748485702720683,,,4.020194772274709,5.386519999334006,8.21850962889526,,,,4.2978891821872836,,,,,3.698049744707425,,3.698049744707425,8.23151940233107,"rgba(38, 166, 154, 1.0)"
2026-04-22 00:00:00+00:00,3.85,3.85,3.85,3.85,102,0.0,0.0,0.0,0.0,0.0,0.0,0.0,0.0,,3.8747391335636157,,,4.020097544264471,5.386439007285703,8.218456328533984,,,,4.297738716983451,,,,,3.6982392806916726,,3.6982392806916726,8.231465974846374,"rgba(38, 166, 154, 1.0)"
2026-04-23 00:00:00+00:00,4.0,4.0,3.92,3.92,5109,0.0,0.0,0.0,0.0,0.0,0.0,0.0,0.0,,3.892557866685533,,,4.018796649914421,5.382717923792132,8.215863597086233,,,,4.292370348608717,,,,,3.714415882461271,,3.714415882461271,8.228866834480334,"rgba(38, 166, 154, 1.0)"
2026-04-24 00:00:00+00:00,4.0,4.0,4.0,4.0,4,0.0,0.0,0.0,0.0,0.0,0.0,0.0,0.0,,3.8925730673551917,,,4.018796240537363,5.3827150730918385,8.215861581145827,,,,4.292366560642964,,,,,3.7144290299933265,,3.7144290299933265,8.228864813516976,"rgba(38, 166, 154, 1.0)"
2026-04-27 00:00:00+00:00,3.85,3.85,3.81,3.81,857,0.0,0.0,0.0,0.0,0.0,0.0,0.0,0.0,,3.890928309875272,,,4.017950333662115,5.382032467101172,8.21541297857947,,,,4.291105114779726,,,,,3.715622944660354,,3.715622944660354,8.228415144753967,"rgba(38, 166, 154, 0.75)"
2026-04-28 00:00:00+00:00,3.81,3.81,3.81,3.81,516,0.0,0.0,0.0,0.0,0.0,0.0,0.0,0.0,,3.889519721603814,,,4.01737042741694,5.38161467332834,8.215141274475252,,,,4.290304589031598,,,,,3.7161747134381025,,3.7161747134381025,8.228142799743177,#000000
2026-04-29 00:00:00+00:00,3.85,3.86,3.73,3.79,3070,0.0,0.0,0.0,0.0,0.0,0.0,0.0,0.0,,3.882370552634797,,,4.014040387232591,5.37913880848781,8.213526655681546,,,,4.28562898257333,,,,,3.719440674557554,,3.719440674557554,8.226524368305407,#000000
2026-04-30 00:00:00+00:00,3.95,3.99,3.71,3.86,2799,1.0,3.99,3.71,0.0,1.0,3.99,3.71,0.0,3.8833333333333337,3.8824464310854574,,,4.012123973955356,5.376988910045172,8.212078999242507,,,,4.282065362567435,,,,,3.7243142037084276,,3.7243142037084276,8.225073223787367,#000000
2026-05-01 00:00:00+00:00,3.95,4.02,3.84,4.02,1914,0.0,0.0,0.0,0.0,0.0,0.0,0.0,0.0,3.9049925737322297,3.8852190814609,,,4.0113749461925,5.375574696808549,8.211101816051475,,,,4.279985747151024,,,,,3.7285461294711357,,3.7285461294711357,8.224093649210742,"rgba(38, 166, 154, 1.0)"
2026-05-04 00:00:00+00:00,4.8999,6.8,3.86,4.09,408993,0.0,0.0,0.0,0.0,0.0,0.0,0.0,0.0,5.1720326920566775,5.07751990694903,,,4.810086256293513,5.342807557417981,8.0702663877366,,,,4.790124924896418,5.186633333333332,,,,4.909350350503759,,4.909350350503759,8.082732854776093,"rgba(38, 166, 154, 1.0)"
2026-05-05 00:00:00+00:00,4.85,5.02,4.5,4.64,266117,0.0,0.0,0.0,0.0,0.0,0.0,0.0,0.0,5.0224858336655265,4.970137805649936,,,,5.286753255383418,7.973802293486744,,,,,5.0302871486128184,,,,4.868163713854941,,4.868163713854941,7.985955049092139,"rgba(38, 166, 154, 1.0)"
2026-05-06 00:00:00+00:00,4.9699,4.99,4.56,4.62,11927,0.0,0.0,0.0,0.0,0.0,0.0,0.0,0.0,5.019338878689314,4.967994777302638,,,,5.284731984628625,7.9696773370352565,,,,,5.026983174608257,,,,4.867734247374785,,4.867734247374785,7.9818163554684975,"rgba(38, 166, 154, 1.0)"
2026-05-07 00:00:00+00:00,5.14,5.38,4.7478,4.86,16953,0.0,0.0,0.0,0.0,0.0,0.0,0.0,0.0,5.021011632705566,4.970767733404908,,,,5.2834830903972305,7.964298342153367,,,,,5.028483042562157,,,,4.87242860848066,,4.87242860848066,7.976417633035013,"rgba(38, 166, 154, 1.0)"
2026-05-08 00:00:00+00:00,5.74,5.7899,5.03,5.29,7492,0.0,0.0,0.0,0.0,0.0,0.0,0.0,0.0,5.026231120574703,4.97626184206134,,,,5.284148951404414,7.962282763275986,,,,,5.033658430431128,,,,4.878436300056303,,4.878436300056303,7.974393162740288,"rgba(38, 166, 154, 1.0)"
2026-05-11 00:00:00+00:00,5.33,5.585,5.0802,5.54,9298,0.0,0.0,0.0,0.0,0.0,0.0,0.0,0.0,5.030146471342015,4.98062102788721,,,,5.284314651914495,7.9595934977329685,,,,,5.037503571038782,,,,4.883596244102141,,4.883596244102141,7.971692984882611,"rgba(38, 166, 154, 1.0)"
2026-05-12 00:00:00+00:00,5.5,6.3,5.09,5.26,30148,0.0,0.0,0.0,0.0,0.0,0.0,0.0,0.0,5.054078979215438,5.005454291562494,,,,5.288174171529644,7.951896894199252,,,,,5.0612909146194225,,,,4.910164576431278,,4.910164576431278,7.963960597684041,"rgba(38, 166, 154, 1.0)"
2026-05-13 00:00:00+00:00,5.35,5.49,5.24,5.33,58682,0.0,0.0,0.0,0.0,0.0,0.0,0.0,0.0,5.076124355978319,5.030016857468586,,,,5.289701886557882,7.935335413200883,,,,,5.082941890457546,,,,4.939311801111242,,4.939311801111242,7.947330989036472,"rgba(38, 166, 154, 0.75)"
2026-05-14 00:00:00+00:00,5.06,5.83,5.06,5.31,117409,0.0,0.0,0.0,0.0,0.0,0.0,0.0,0.0,5.106435467065636,5.064912743455324,,,,5.290802553154249,7.902280081184956,,,,,5.112543648619932,,,,4.98261797484868,,4.98261797484868,7.914141885989634,"rgba(38, 166, 154, 0.75)"
2026-05-15 00:00:00+00:00,5.17,6.04,4.8,5.12,20119,0.0,0.0,0.0,0.0,0.0,0.0,0.0,0.0,5.111301797515226,5.070465861913578,,,,5.29112112673708,7.89674251674561,,,,,5.117304444829229,,,,4.989446236156112,,4.989446236156112,7.908581669593161,"rgba(38, 166, 154, 0.75)"
2026-05-18 00:00:00+00:00,5.17,5.17,4.95,4.95,1206,0.0,0.0,0.0,0.0,0.0,0.0,0.0,0.0,5.111283278194972,5.070497916119296,,,,5.291040195758212,7.896380288674767,,,,,5.117278199964008,,,,4.989570048462285,,4.989570048462285,7.9082181028532625,"rgba(38, 166, 154, 0.75)"
2026-05-19 00:00:00+00:00,4.94,4.94,4.89,4.91,950,0.0,0.0,0.0,0.0,0.0,0.0,0.0,0.0,5.1110961176734895,5.070356228580192,,,,5.290919683130073,7.896077356000346,,,,,5.117084110858526,,,,4.9895098526215484,,4.9895098526215484,7.907914125244648,"rgba(38, 166, 154, 0.75)"
2026-05-20 00:00:00+00:00,4.75,4.91,4.59,4.79,12572,0.0,0.0,0.0,0.0,0.0,0.0,0.0,0.0,5.106399449950115,5.066325868670746,,,,5.288583726279153,7.891840835641407,,,,,5.112286164531581,,,,4.986663557984247,,4.986663557984247,7.903663917089463,"rgba(38, 166, 154, 0.5)"
2026-05-21 00:00:00+00:00,4.75,5.035,4.57,4.81,51173,0.0,0.0,0.0,0.0,0.0,0.0,0.0,0.0,5.090239349992269,5.052621225904391,,,,5.279884662175221,7.8749044219797,,,,,5.095753518801678,,,,4.977358800935188,,4.977358800935188,7.886672004693544,#000000
2026-05-22 00:00:00+00:00,4.91,5.26,4.685,4.82,65341,0.0,0.0,0.0,0.0,0.0,0.0,0.0,0.0,5.081879515978774,5.046709397038382,,,,5.272801404681942,7.854697554046555,,,,,5.087023035108218,,,,4.975929374591642,,4.975929374591642,7.866394403504735,#000000
2026-05-26 00:00:00+00:00,4.89,5.13,4.535,4.74,95484,0.0,0.0,0.0,0.0,0.0,0.0,0.0,0.0,5.063228512519758,5.031334537225923,,,,5.259926267218874,7.824666226138129,,,,,5.067878766705513,,,,4.966586084298102,,4.966586084298102,7.836261712171643,#000000
2026-05-27 00:00:00+00:00,4.87,5.03,4.68,4.9,62855,0.0,0.0,0.0,0.0,0.0,0.0,0.0,0.0,5.052938840468103,5.0228824324960675,,,,5.252036458183549,7.805277459779915,,,,,5.057313537351654,,,,4.961559325315391,,4.961559325315391,7.816807123690681,#000000
2026-05-28 00:00:00+00:00,4.9,5.18,4.7,4.7,13007,0.0,0.0,0.0,0.0,0.0,0.0,0.0,0.0,5.051629552280607,5.021910149852452,,,,5.250713543879838,7.801386943175795,,,,,5.05595378021529,,,,4.961222083821282,,4.961222083821282,7.812903030866995,#000000
2026-05-29 00:00:00+00:00,4.93,5.52,4.93,5.18,8039,-1.0,5.52,4.93,1253.0,-1.0,5.52,4.93,1253.0,5.052107361289991,5.022560351782564,,5.126666666666666,,5.250402604858611,7.7991545794250445,,,,,5.05640574134808,,,,4.962204505245823,,4.962204505245823,7.810662206266464,#000000
2026-06-01 00:00:00+00:00,5.0,5.26,4.905,5.08,76684,0.0,0.0,0.0,0.0,0.0,0.0,0.0,0.0,5.0522730015238375,5.024373634001468,,5.061800140851165,,5.245839500589916,7.777479834599921,,,,,5.056324960539269,,,,4.9671789718588455,,4.9671789718588455,7.788907650968382,"rgba(38, 166, 154, 0.5)"
2026-06-02 00:00:00+00:00,4.83,5.05,4.65,4.99,124685,0.0,0.0,0.0,0.0,0.0,0.0,0.0,0.0,5.034476303830477,5.00929040002548,,4.931721376451711,,5.231115450953455,7.74027540220118,,,,,5.038124534095795,,,,4.957249746202359,,4.957249746202359,7.751577092595616,#000000
2026-06-03 00:00:00+00:00,4.51,4.9,4.43,4.63,31095,0.0,0.0,0.0,0.0,0.0,0.0,0.0,0.0,5.025716471898797,5.001230817979765,,4.890556500334715,,5.225530461297089,7.730418557436084,,,,,5.029260874626204,,,,4.95050809811186,,4.95050809811186,7.741689579856043,"rgba(239, 83, 80, 1.0)"
2026-06-04 00:00:00+00:00,5.06,5.11,4.48,4.53,91342,0.0,0.0,0.0,0.0,0.0,0.0,0.0,0.0,5.017517712633214,4.9945791860819435,,4.888568287403255,,5.2166780700949245,7.7042972108237695,,,,,5.020832980161287,,,,4.946850593452323,,4.946850593452323,7.715477846129539,#000000
2026-06-05 00:00:00+00:00,4.78,5.22,4.59,4.88,65422,-1.0,5.22,4.59,1253.0,-1.0,5.22,4.59,1253.0,5.011410663035672,4.989481671220157,4.863333333333333,4.884412590692574,,5.210250260134151,7.6857503854875775,,,,,5.014576765414303,,,,4.943715908152542,,4.943715908152542,7.6968672149594966,#000000
2026-06-08 00:00:00+00:00,4.78,5.11,4.68,5.0,5611,0.0,0.0,0.0,0.0,0.0,0.0,0.0,0.0,5.010886762922643,4.98904071829761,4.862806723635494,4.884026165075614,,5.209699457638012,7.684167231997346,,,,,5.014040621508037,,,,4.94343658729859,,4.94343658729859,7.695278624114092,#000000
2026-06-09 00:00:00+00:00,4.71,4.85,4.63,4.77,7071,0.0,0.0,0.0,0.0,0.0,0.0,0.0,0.0,5.009693441232852,4.987961422674547,4.850783314554953,4.881369446768582,,5.208759600468011,7.682085395068402,,,,,5.012830474199266,,,,4.94257698970468,,4.94257698970468,7.693189986405794,#000000
2026-06-10 00:00:00+00:00,4.63,4.74,4.6,4.6,2193,0.0,0.0,0.0,0.0,0.0,0.0,0.0,0.0,5.009228904725703,4.987533875636022,4.845481773914344,4.880173807409421,,5.20842432730044,7.681424305950799,,,,,5.012360480655905,,,,4.942220315393468,,4.942220315393468,7.692526797640005,"rgba(239, 83, 80, 1.0)"
2026-06-11 00:00:00+00:00,4.54,4.71,4.38,4.71,14264,0.0,0.0,0.0,0.0,0.0,0.0,0.0,0.0,5.005275218079795,4.983836267826668,4.799904365083562,4.868905925338762,,5.2058076008701,7.676970554951488,,,,,5.008369026981965,,,,4.93900972551228,,4.93900972551228,7.688059487838411,"rgba(239, 83, 80, 1.0)"
2026-06-12 00:00:00+00:00,4.4075,4.6,4.4075,4.59,5638,0.0,0.0,0.0,0.0,0.0,0.0,0.0,0.0,5.003491337060616,4.982156641319591,4.781435077529051,4.863722113179831,,5.204667703938687,7.675173465087748,,,,,5.006569775058421,,,,4.937527633949295,,4.937527633949295,7.686257067353365,"rgba(239, 83, 80, 1.0)"
2026-06-15 00:00:00+00:00,4.37,4.51,4.26,4.32,24521,0.0,0.0,0.0,0.0,0.0,0.0,0.0,0.0,4.994555863457946,4.973688835134081,4.7025095680992095,4.837742570426263,,5.199136046368514,7.667157897954103,,,,,4.997565380465583,,,,4.92994239020573,4.38,4.92994239020573,7.678218483295425,"rgba(239, 83, 80, 1.0)"
2026-06-16 00:00:00+00:00,4.7,4.77,4.27,4.29,43786,0.0,0.0,0.0,0.0,0.0,0.0,0.0,0.0,4.984211752175474,4.964045197946189,4.67067566337895,4.815187371798332,,5.191807994343424,7.653806412657721,,,,,4.9871181157171955,,,,,4.5082035516125725,4.921642504067542,7.664825705409476,"rgba(239, 83, 80, 0.75)"
2026-06-17 00:00:00+00:00,5.47,5.725,4.77,4.77,130645,0.0,0.0,0.0,0.0,0.0,0.0,0.0,0.0,5.0075945775201305,4.98840274684666,4.9549759653151755,4.920051725103382,,5.196237532028146,7.62409560251355,,,,,5.010357645769374,,,,,5.042377064149477,4.948080235998497,7.634988902969628,#000000
