date,Close,High,Low,Open,Volume,OB_c0,OB_High_c0,OB_Low_c0,OB_Mitigated_Index_c0,OB,OB_High,OB_Low,OB_Mitigated_Index,aVWAP_OB_bull_c0_1201,aVWAP_OB_bull_c0_1163,aVWAP_OB_bull_c0_1155,aVWAP_OB_bull_c0_1102,aVWAP_OB_bull_c0_1084,aVWAP_OB_bull_c0_1060,aVWAP_OB_bull_c0_1053,aVWAP_OB_bull_c0_1039,aVWAP_OB_bull_c0_953,aVWAP_OB_bull_c0_158,aVWAP_OB_bull_c0_80,aVWAP_OB_bear_c0_1195,aVWAP_OB_bear_c0_1016,aVWAP_OB_bear_c0_929,aVWAP_OB_bear_c0_209,aVWAP_OB_bear_c0_187,aVWAP_QQEMOD_bull_dot_c0_1016,aVWAP_QQEMOD_bull_dot_c0_1069,aVWAP_QQEMOD_bull_dot_c0_1092,aVWAP_QQEMOD_bull_dot_c0_1139,aVWAP_QQEMOD_bull_dot_c0_1172,aVWAP_QQEMOD_bear_dot_c0_953,aVWAP_QQEMOD_bear_dot_c0_1033,aVWAP_QQEMOD_bear_dot_c0_1084,aVWAP_QQEMOD_bear_dot_c0_1111,aVWAP_QQEMOD_bear_dot_c0_1155,aVWAP_price_maxima_minima_valley_c0_1,aVWAP_price_maxima_minima_peak_c0_1,color
2021-06-21 00:00:00+00:00,2.79,2.82,2.705,2.72,4222568,0.0,0.0,0.0,0.0,0.0,0.0,0.0,0.0,,,,,,,,,,,,,,,,,,,,,,,,,,,,,#000000
2021-06-22 00:00:00+00:00,2.79,2.87,2.725,2.77,2600647,0.0,0.0,0.0,0.0,0.0,0.0,0.0,0.0,,,,,,,,,,,,,,,,,,,,,,,,,,,,,#000000
2021-06-23 00:00:00+00:00,2.79,2.89,2.76,2.84,3531685,0.0,0.0,0.0,0.0,0.0,0.0,0.0,0.0,,,,,,,,,,,,,,,,,,,,,,,,,,,,,#000000
2021-06-24 00:00:00+00:00,2.84,2.84,2.77,2.81,4461076,0.0,0.0,0.0,0.0,0.0,0.0,0.0,0.0,,,,,,,,,,,,,,,,,,,,,,,,,,,,,"rgba(38, 166, 154, 0.5)"
2021-06-25 00:00:00+00:00,2.81,2.93,2.77,2.85,50222446,0.0,0.0,0.0,0.0,0.0,0.0,0.0,0.0,,,,,,,,,,,,,,,,,,,,,,,,,,,,,"rgba(38, 166, 154, 0.5)"
2021-06-28 00:00:00+00:00,2.75,2.84,2.635,2.79,3816760,0.0,0.0,0.0,0.0,0.0,0.0,0.0,0.0,,,,,,,,,,,,,,,,,,,,,,,,,,,,,"rgba(38, 166, 154, 0.5)"
2021-06-29 00:00:00+00:00,2.69,2.79,2.68,2.76,1883565,0.0,0.0,0.0,0.0,0.0,0.0,0.0,0.0,,,,,,,,,,,,,,,,,,,,,,,,,,,,,#000000
2021-06-30 00:00:00+00:00,2.64,2.745,2.63,2.66,4244849,0.0,0.0,0.0,0.0,0.0,0.0,0.0,0.0,,,,,,,,,,,,,,,,,,,,,,,,,,,,,"rgba(239, 83, 80, 0.5)"
2021-07-01 00:00:00+00:00,2.63,2.7,2.61,2.68,3245788,0.0,0.0,0.0,0.0,0.0,0.0,0.0,0.0,,,,,,,,,,,,,,,,,,,,,,,,,,,,,"rgba(239, 83, 80, 0.5)"
2021-07-02 00:00:00+00:00,2.54,2.67,2.49,2.64,1436126,0.0,0.0,0.0,0.0,0.0,0.0,0.0,0.0,,,,,,,,,,,,,,,,,,,,,,,,,,,,,"rgba(239, 83, 80, 0.5)"
2021-07-06 00:00:00+00:00,2.45,2.5442,2.4,2.535,2378498,0.0,0.0,0.0,0.0,0.0,0.0,0.0,0.0,,,,,,,,,,,,,,,,,,,,,,,,,,,,,"rgba(239, 83, 80, 0.5)"
2021-07-07 00:00:00+00:00,2.55,2.57,2.3834,2.46,3987989,0.0,0.0,0.0,0.0,0.0,0.0,0.0,0.0,,,,,,,,,,,,,,,,,,,,,,,,,,,,,"rgba(239, 83, 80, 0.5)"
2021-07-08 00:00:00+00:00,2.51,2.58,2.46,2.5,1969733,0.0,0.0,0.0,0.0,0.0,0.0,0.0,0.0,,,,,,,,,,,,,,,,,,,,,,,,,,,,,"rgba(239, 83, 80, 0.5)"
2021-07-09 00:00:00+00:00,2.56,2.58,2.49,2.55,1665399,0.0,0.0,0.0,0.0,0.0,0.0,0.0,0.0,,,,,,,,,,,,,,,,,,,,,,,,,,,,,"rgba(239, 83, 80, 0.5)"
2021-07-12 00:00:00+00:00,2.63,2.64,2.48,2.54,2629056,0.0,0.0,0.0,0.0,0.0,0.0,0.0,0.0,,,,,,,,,,,,,,,,,,,,,,,,,,,,,"rgba(239, 83, 80, 0.5)"
2021-07-13 00:00:00+00:00,2.52,2.63,2.485,2.63,3192219,0.0,0.0,0.0,0.0,0.0,0.0,0.0,0.0,,,,,,,,,,,,,,,,,,,,,,,,,,,,,"rgba(239, 83, 80, 0.5)"
2021-07-14 00:00:00+00:00,2.5,2.57,2.47,2.57,1981185,0.0,0.0,0.0,0.0,0.0,0.0,0.0,0.0,,,,,,,,,,,,,,,,,,,,,,,,,,,,,"rgba(239, 83, 80, 0.5)"
2021-07-15 00:00:00+00:00,2.52,2.54,2.46,2.49,3123533,0.0,0.0,0.0,0.0,0.0,0.0,0.0,0.0,,,,,,,,,,,,,,,,,,,,,,,,,,,,,"rgba(239, 83, 80, 0.5)"
2021-07-16 00:00:00+00:00,2.39,2.55,2.35,2.55,2931847,0.0,0.0,0.0,0.0,0.0,0.0,0.0,0.0,,,,,,,,,,,,,,,,,,,,,,,,,,,,,"rgba(239, 83, 80, 0.5)"
2021-07-19 00:00:00+00:00,2.3,2.33,2.26,2.3,2133434,0.0,0.0,0.0,0.0,0.0,0.0,0.0,0.0,,,,,,,,,,,,,,,,,,,,,,,,,,,,,"rgba(239, 83, 80, 0.5)"
2021-07-20 00:00:00+00:00,2.36,2.41,2.245,2.37,2219121,0.0,0.0,0.0,0.0,0.0,0.0,0.0,0.0,,,,,,,,,,,,,,,,,,,,,,,,,,,,,"rgba(239, 83, 80, 0.5)"
2021-07-21 00:00:00+00:00,2.44,2.485,2.38,2.39,1340840,0.0,0.0,0.0,0.0,0.0,0.0,0.0,0.0,,,,,,,,,,,,,,,,,,,,,,,,,,,,,"rgba(239, 83, 80, 0.5)"
2021-07-22 00:00:00+00:00,2.34,2.45,2.3,2.42,1330172,0.0,0.0,0.0,0.0,0.0,0.0,0.0,0.0,,,,,,,,,,,,,,,,,,,,,,,,,,,,,"rgba(239, 83, 80, 0.5)"
2021-07-23 00:00:00+00:00,2.33,2.36,2.24,2.36,1187134,0.0,0.0,0.0,0.0,0.0,0.0,0.0,0.0,,,,,,,,,,,,,,,,,,,,,,,,,,,,,"rgba(239, 83, 80, 0.5)"
2021-07-26 00:00:00+00:00,2.42,2.46,2.325,2.34,1440816,0.0,0.0,0.0,0.0,0.0,0.0,0.0,0.0,,,,,,,,,,,,,,,,,,,,,,,,,,,,,"rgba(239, 83, 80, 0.5)"
2021-07-27 00:00:00+00:00,2.35,2.4,2.28,2.375,1308447,0.0,0.0,0.0,0.0,0.0,0.0,0.0,0.0,,,,,,,,,,,,,,,,,,,,,,,,,,,,,"rgba(239, 83, 80, 0.5)"
2021-07-28 00:00:00+00:00,2.39,2.41,2.29,2.39,1190394,0.0,0.0,0.0,0.0,0.0,0.0,0.0,0.0,,,,,,,,,,,,,,,,,,,,,,,,,,,,,"rgba(239, 83, 80, 0.5)"
2021-07-29 00:00:00+00:00,2.67,2.73,2.48,2.505,3366811,0.0,0.0,0.0,0.0,0.0,0.0,0.0,0.0,,,,,,,,,,,,,,,,,,,,,,,,,,,,,#000000
2021-07-30 00:00:00+00:00,2.66,2.785,2.63,2.67,2431380,0.0,0.0,0.0,0.0,0.0,0.0,0.0,0.0,,,,,,,,,,,,,,,,,,,,,,,,,,,,,"rgba(38, 166, 154, 0.5)"
2021-08-02 00:00:00+00:00,2.52,2.73,2.51,2.64,2483221,0.0,0.0,0.0,0.0,0.0,0.0,0.0,0.0,,,,,,,,,,,,,,,,,,,,,,,,,,,,,#000000
2021-08-03 00:00:00+00:00,2.49,2.57,2.39,2.54,1746839,0.0,0.0,0.0,0.0,0.0,0.0,0.0,0.0,,,,,,,,,,,,,,,,,,,,,,,,,,,,,#000000
2021-08-04 00:00:00+00:00,2.41,2.4799,2.395,2.44,1235956,0.0,0.0,0.0,0.0,0.0,0.0,0.0,0.0,,,,,,,,,,,,,,,,,,,,,,,,,,,,,#000000
2021-08-05 00:00:00+00:00,2.47,2.56,2.39,2.41,1392290,0.0,0.0,0.0,0.0,0.0,0.0,0.0,0.0,,,,,,,,,,,,,,,,,,,,,,,,,,,,,#000000
2021-08-06 00:00:00+00:00,2.55,2.59,2.48,2.485,1061440,0.0,0.0,0.0,0.0,0.0,0.0,0.0,0.0,,,,,,,,,,,,,,,,,,,,,,,,,,,,,#000000
2021-08-09 00:00:00+00:00,2.44,2.55,2.44,2.53,659184,0.0,0.0,0.0,0.0,0.0,0.0,0.0,0.0,,,,,,,,,,,,,,,,,,,,,,,,,,,,,#000000
2021-08-10 00:00:00+00:00,2.43,2.47,2.405,2.44,671370,0.0,0.0,0.0,0.0,0.0,0.0,0.0,0.0,,,,,,,,,,,,,,,,,,,,,,,,,,,,,#000000
2021-08-11 00:00:00+00:00,2.49,2.5,2.4,2.44,1095678,0.0,0.0,0.0,0.0,0.0,0.0,0.0,0.0,,,,,,,,,,,,,,,,,,,,,,,,,,,,,#000000
2021-08-12 00:00:00+00:00,2.41,2.48,2.33,2.48,1483108,0.0,0.0,0.0,0.0,0.0,0.0,0.0,0.0,,,,,,,,,,,,,,,,,,,,,,,,,,,,,#000000
2021-08-13 00:00:00+00:00,2.36,2.41,2.34,2.41,1588044,0.0,0.0,0.0,0.0,0.0,0.0,0.0,0.0,,,,,,,,,,,,,,,,,,,,,,,,,,,,,"rgba(239, 83, 80, 0.5)"
2021-08-16 00:00:00+00:00,2.3,2.35,2.27,2.34,1678927,0.0,0.0,0.0,0.0,0.0,0.0,0.0,0.0,,,,,,,,,,,,,,,,,,,,,,,,,,,,,"rgba(239, 83, 80, 0.5)"
2021-08-17 00:00:00+00:00,2.29,2.335,2.25,2.27,1632801,0.0,0.0,0.0,0.0,0.0,0.0,0.0,0.0,,,,,,,,,,,,,,,,,,,,,,,,,,,,,"rgba(239, 83, 80, 0.5)"
2021-08-18 00:00:00+00:00,2.28,2.33,2.24,2.32,1648666,0.0,0.0,0.0,0.0,0.0,0.0,0.0,0.0,,,,,,,,,,,,,,,,,,,,,,,,,,,,,"rgba(239, 83, 80, 0.5)"
2021-08-19 00:00:00+00:00,2.26,2.28,2.205,2.24,1379664,0.0,0.0,0.0,0.0,0.0,0.0,0.0,0.0,,,,,,,,,,,,,,,,,,,,,,,,,,,,,"rgba(239, 83, 80, 0.5)"
2021-08-20 00:00:00+00:00,2.3,2.31,2.24,2.24,1288077,0.0,0.0,0.0,0.0,0.0,0.0,0.0,0.0,,,,,,,,,,,,,,,,,,,,,,,,,,,,,"rgba(239, 83, 80, 0.5)"
2021-08-23 00:00:00+00:00,2.36,2.41,2.33,2.33,1203526,0.0,0.0,0.0,0.0,0.0,0.0,0.0,0.0,,,,,,,,,,,,,,,,,,,,,,,,,,,,,"rgba(239, 83, 80, 0.5)"
2021-08-24 00:00:00+00:00,2.47,2.52,2.38,2.38,2767641,0.0,0.0,0.0,0.0,0.0,0.0,0.0,0.0,,,,,,,,,,,,,,,,,,,,,,,,,,,,,"rgba(239, 83, 80, 0.5)"
2021-08-25 00:00:00+00:00,2.41,2.5199,2.41,2.48,738765,0.0,0.0,0.0,0.0,0.0,0.0,0.0,0.0,,,,,,,,,,,,,,,,,,,,,,,,,,,,,#000000
2021-08-26 00:00:00+00:00,2.3,2.4,2.28,2.4,1522246,0.0,0.0,0.0,0.0,0.0,0.0,0.0,0.0,,,,,,,,,,,,,,,,,,,,,,,,,,,,,"rgba(239, 83, 80, 0.5)"
2021-08-27 00:00:00+00:00,2.54,2.54,2.32,2.32,1152975,0.0,0.0,0.0,0.0,0.0,0.0,0.0,0.0,,,,,,,,,,,,,,,,,,,,,,,,,,,,,#000000
2021-08-30 00:00:00+00:00,2.55,2.58,2.47,2.56,1665581,0.0,0.0,0.0,0.0,0.0,0.0,0.0,0.0,,,,,,,,,,,,,,,,,,,,,,,,,,,,,"rgba(38, 166, 154, 0.5)"
2021-08-31 00:00:00+00:00,2.63,2.63,2.5049,2.54,1465384,0.0,0.0,0.0,0.0,0.0,0.0,0.0,0.0,,,,,,,,,,,,,,,,,,,,,,,,,,,,,"rgba(38, 166, 154, 0.5)"
2021-09-01 00:00:00+00:00,2.64,2.66,2.59,2.64,1361107,0.0,0.0,0.0,0.0,0.0,0.0,0.0,0.0,,,,,,,,,,,,,,,,,,,,,,,,,,,,,"rgba(38, 166, 154, 0.5)"
2021-09-02 00:00:00+00:00,2.6,2.6656,2.58,2.65,2117890,0.0,0.0,0.0,0.0,0.0,0.0,0.0,0.0,,,,,,,,,,,,,,,,,,,,,,,,,,,,,"rgba(38, 166, 154, 0.5)"
2021-09-03 00:00:00+00:00,2.55,2.63,2.49,2.6,1040953,0.0,0.0,0.0,0.0,0.0,0.0,0.0,0.0,,,,,,,,,,,,,,,,,,,,,,,,,,,,,"rgba(38, 166, 154, 1.0)"
2021-09-07 00:00:00+00:00,2.54,2.58,2.515,2.53,1399886,0.0,0.0,0.0,0.0,0.0,0.0,0.0,0.0,,,,,,,,,,,,,,,,,,,,,,,,,,,,,"rgba(38, 166, 154, 1.0)"
2021-09-08 00:00:00+00:00,2.4,2.53,2.39,2.5,1358986,0.0,0.0,0.0,0.0,0.0,0.0,0.0,0.0,,,,,,,,,,,,,,,,,,,,,,,,,,,,,#000000
2021-09-09 00:00:00+00:00,2.4,2.47,2.365,2.38,1598733,0.0,0.0,0.0,0.0,0.0,0.0,0.0,0.0,,,,,,,,,,,,,,,,,,,,,,,,,,,,,#000000
2021-09-10 00:00:00+00:00,2.39,2.47,2.38,2.44,1087124,0.0,0.0,0.0,0.0,0.0,0.0,0.0,0.0,,,,,,,,,,,,,,,,,,,,,,,,,,,,,"rgba(239, 83, 80, 0.5)"
2021-09-13 00:00:00+00:00,2.45,2.56,2.39,2.41,2528516,0.0,0.0,0.0,0.0,0.0,0.0,0.0,0.0,,,,,,,,,,,,,,,,,,,,,,,,,,,,,#000000
2021-09-14 00:00:00+00:00,2.47,2.5,2.3895,2.48,1940355,0.0,0.0,0.0,0.0,0.0,0.0,0.0,0.0,,,,,,,,,,,,,,,,,,,,,,,,,,,,,#000000
2021-09-15 00:00:00+00:00,2.5,2.53,2.39,2.51,2310902,0.0,0.0,0.0,0.0,0.0,0.0,0.0,0.0,,,,,,,,,,,,,,,,,,,,,,,,,,,,,#000000
2021-09-16 00:00:00+00:00,2.49,2.52,2.48,2.5,2385633,0.0,0.0,0.0,0.0,0.0,0.0,0.0,0.0,,,,,,,,,,,,,,,,,,,,,,,,,,,,,#000000
2021-09-17 00:00:00+00:00,2.67,2.67,2.49,2.51,7241377,0.0,0.0,0.0,0.0,0.0,0.0,0.0,0.0,,,,,,,,,,,,,,,,,,,,,,,,,,,,,"rgba(38, 166, 154, 1.0)"
2021-09-20 00:00:00+00:00,2.56,2.61,2.5,2.56,2436922,0.0,0.0,0.0,0.0,0.0,0.0,0.0,0.0,,,,,,,,,,,,,,,,,,,,,,,,,,,,,"rgba(38, 166, 154, 1.0)"
2021-09-21 00:00:00+00:00,2.59,2.63,2.51,2.59,1218467,0.0,0.0,0.0,0.0,0.0,0.0,0.0,0.0,,,,,,,,,,,,,,,,,,,,,,,,,,,,,"rgba(38, 166, 154, 1.0)"
2021-09-22 00:00:00+00:00,2.65,2.7,2.62,2.635,2169545,0.0,0.0,0.0,0.0,0.0,0.0,0.0,0.0,,,,,,,,,,,,,,,,,,,,,,,,,,,,,"rgba(38, 166, 154, 1.0)"
2021-09-23 00:00:00+00:00,2.79,2.82,2.645,2.69,2686776,0.0,0.0,0.0,0.0,0.0,0.0,0.0,0.0,,,,,,,,,,,,,,,,,,,,,,,,,,,,,"rgba(38, 166, 154, 1.0)"
2021-09-24 00:00:00+00:00,2.76,2.8901,2.735,2.76,2556303,0.0,0.0,0.0,0.0,0.0,0.0,0.0,0.0,,,,,,,,,,,,,,,,,,,,,,,,,,,,,"rgba(38, 166, 154, 1.0)"
2021-09-27 00:00:00+00:00,2.85,3.125,2.71,2.78,6631912,0.0,0.0,0.0,0.0,0.0,0.0,0.0,0.0,,,,,,,,,,,,,,,,,,,,,,,,,,,,,"rgba(38, 166, 154, 1.0)"
2021-09-28 00:00:00+00:00,2.73,2.9,2.72,2.82,2703012,0.0,0.0,0.0,0.0,0.0,0.0,0.0,0.0,,,,,,,,,,,,,,,,,,,,,,,,,,,,,"rgba(38, 166, 154, 1.0)"
2021-09-29 00:00:00+00:00,2.7,2.79,2.6,2.78,1290107,0.0,0.0,0.0,0.0,0.0,0.0,0.0,0.0,,,,,,,,,,,,,,,,,,,,,,,,,,,,,"rgba(38, 166, 154, 0.75)"
2021-09-30 00:00:00+00:00,2.71,2.76,2.67,2.73,1164821,0.0,0.0,0.0,0.0,0.0,0.0,0.0,0.0,,,,,,,,,,,,,,,,,,,,,,,,,,,,,"rgba(38, 166, 154, 0.75)"
2021-10-01 00:00:00+00:00,2.88,2.935,2.75,2.75,3049442,0.0,0.0,0.0,0.0,0.0,0.0,0.0,0.0,,,,,,,,,,,,,,,,,,,,,,,,,,,,,"rgba(38, 166, 154, 0.75)"
2021-10-04 00:00:00+00:00,2.85,2.91,2.81,2.86,3563506,0.0,0.0,0.0,0.0,0.0,0.0,0.0,0.0,,,,,,,,,,,,,,,,,,,,,,,,,,,,,"rgba(38, 166, 154, 0.75)"
2021-10-05 00:00:00+00:00,2.76,2.9,2.75,2.9,3354449,0.0,0.0,0.0,0.0,0.0,0.0,0.0,0.0,,,,,,,,,,,,,,,,,,,,,,,,,,,,,"rgba(38, 166, 154, 0.75)"
2021-10-06 00:00:00+00:00,2.73,2.78,2.6823,2.72,1825842,0.0,0.0,0.0,0.0,0.0,0.0,0.0,0.0,,,,,,,,,,,,,,,,,,,,,,,,,,,,,"rgba(38, 166, 154, 0.75)"
2021-10-07 00:00:00+00:00,2.84,2.86,2.75,2.75,1571804,0.0,0.0,0.0,0.0,0.0,0.0,0.0,0.0,,,,,,,,,,,,,,,,,,,,,,,,,,,,,"rgba(38, 166, 154, 0.75)"
2021-10-08 00:00:00+00:00,2.71,2.86,2.71,2.83,1056090,0.0,0.0,0.0,0.0,0.0,0.0,0.0,0.0,,,,,,,,,,,,,,,,,,,,,,,,,,,,,"rgba(38, 166, 154, 0.75)"
2021-10-11 00:00:00+00:00,2.65,2.74,2.63,2.735,902624,0.0,0.0,0.0,0.0,0.0,0.0,0.0,0.0,,,,,,,,,,,,,,,,,,,,,,,,,,,,,#000000
2021-10-12 00:00:00+00:00,2.76,2.76,2.63,2.64,868735,0.0,0.0,0.0,0.0,0.0,0.0,0.0,0.0,,,,,,,,,,,,,,,,,,,,,,,,,,,,,#000000
2021-10-13 00:00:00+00:00,2.72,2.772,2.58,2.77,1345212,1.0,2.772,2.58,216.0,1.0,2.772,2.58,216.0,,,,,,,,,,,2.6906666666666665,,,,,,,,,,,,,,,,,,#000000
2021-10-14 00:00:00+00:00,2.75,2.76,2.695,2.76,990708,0.0,0.0,0.0,0.0,0.0,0.0,0.0,0.0,,,,,,,,,,,2.709469274632693,,,,,,,,,,,,,,,,,,#000000
2021-10-15 00:00:00+00:00,2.69,2.82,2.69,2.81,969303,0.0,0.0,0.0,0.0,0.0,0.0,0.0,0.0,,,,,,,,,,,2.71646774453645,,,,,,,,,,,,,,,,,,#000000
2021-10-18 00:00:00+00:00,2.73,2.74,2.6535,2.7,867993,0.0,0.0,0.0,0.0,0.0,0.0,0.0,0.0,,,,,,,,,,,2.714671861341469,,,,,,,,,,,,,,,,,,#000000
2021-10-19 00:00:00+00:00,2.71,2.785,2.7,2.75,1507435,0.0,0.0,0.0,0.0,0.0,0.0,0.0,0.0,,,,,,,,,,,2.719181655089648,,,,,,,,,,,,,,,,,,#000000
2021-10-20 00:00:00+00:00,2.77,2.79,2.705,2.75,793175,0.0,0.0,0.0,0.0,0.0,0.0,0.0,0.0,,,,,,,,,,,2.7235701288799956,,,,,,,,,,,,,,,,,,#000000
2021-10-21 00:00:00+00:00,2.87,2.995,2.7201,2.76,2727465,0.0,0.0,0.0,0.0,0.0,0.0,0.0,0.0,,,,,,,,,,,2.7645148603241294,,,,,,,,,,,,,,,,,,"rgba(38, 166, 154, 1.0)"
2021-10-22 00:00:00+00:00,2.85,2.911,2.79,2.88,2322782,0.0,0.0,0.0,0.0,0.0,0.0,0.0,0.0,,,,,,,,,,,2.7818123561290644,,,,,,,,,,,,,,,,,,"rgba(38, 166, 154, 1.0)"
2021-10-25 00:00:00+00:00,2.95,2.96,2.8,2.91,1730015,0.0,0.0,0.0,0.0,0.0,0.0,0.0,0.0,,,,,,,,,,,2.7976741123946063,,,,,,,,,,,,,,,,,,"rgba(38, 166, 154, 1.0)"
2021-10-26 00:00:00+00:00,2.9,2.99,2.835,2.99,2187163,0.0,0.0,0.0,0.0,0.0,0.0,0.0,0.0,,,,,,,,,,,2.8133483445954823,,,,,,,,,,,,,,,,,,"rgba(38, 166, 154, 1.0)"
2021-10-27 00:00:00+00:00,2.83,2.96,2.815,2.88,2342956,0.0,0.0,0.0,0.0,0.0,0.0,0.0,0.0,,,,,,,,,,,2.8205922666479686,,,,,,,,,,,,,,,,,,"rgba(38, 166, 154, 1.0)"
2021-10-28 00:00:00+00:00,2.91,2.92,2.8,2.86,983370,0.0,0.0,0.0,0.0,0.0,0.0,0.0,0.0,,,,,,,,,,,2.8235304127254506,,,,,,,,,,,,,,,,,,"rgba(38, 166, 154, 1.0)"
2021-10-29 00:00:00+00:00,2.9,2.93,2.825,2.93,1355236,0.0,0.0,0.0,0.0,0.0,0.0,0.0,0.0,,,,,,,,,,,2.8276702811215646,,,,,,,,,,,,,,,,,,"rgba(38, 166, 154, 1.0)"
2021-11-01 00:00:00+00:00,3.03,3.205,2.9,2.9,4683065,0.0,0.0,0.0,0.0,0.0,0.0,0.0,0.0,,,,,,,,,,,2.8686996371451423,,,,,,,,,,,,,,,,,,"rgba(38, 166, 154, 1.0)"
2021-11-02 00:00:00+00:00,3.03,3.17,2.94,3.08,1912996,0.0,0.0,0.0,0.0,0.0,0.0,0.0,0.0,,,,,,,,,,,2.8814415743842097,,,,,,,,,,,,,,,,,,"rgba(38, 166, 154, 1.0)"
2021-11-03 00:00:00+00:00,3.38,3.415,3.03,3.05,5233835,0.0,0.0,0.0,0.0,0.0,0.0,0.0,0.0,,,,,,,,,,,2.9459062137527474,,,,,,,,,,,,,,,,,,"rgba(38, 166, 154, 1.0)"
2021-11-04 00:00:00+00:00,3.18,3.48,3.13,3.42,2729184,0.0,0.0,0.0,0.0,0.0,0.0,0.0,0.0,,,,,,,,,,,2.9708851563936642,,,,,,,,,,,,,,,,,,"rgba(38, 166, 154, 1.0)"
2021-11-05 00:00:00+00:00,3.3,3.37,3.22,3.25,2816131,0.0,0.0,0.0,0.0,0.0,0.0,0.0,0.0,,,,,,,,,,,2.995351603220479,,,,,,,,,,,,,,,,,,"rgba(38, 166, 154, 1.0)"
2021-11-08 00:00:00+00:00,3.27,3.36,3.21,3.36,1903331,0.0,0.0,0.0,0.0,0.0,0.0,0.0,0.0,,,,,,,,,,,3.0091018947444828,,,,,,,,,,,,,,,,,,"rgba(38, 166, 154, 1.0)"
2021-11-09 00:00:00+00:00,3.49,3.5,3.29,3.48,2913096,0.0,0.0,0.0,0.0,0.0,0.0,0.0,0.0,,,,,,,,,,,3.037848723264778,,,,,,,,,,,,,,,,,,"rgba(38, 166, 154, 1.0)"
2021-11-10 00:00:00+00:00,3.38,3.64,3.38,3.485,3940519,0.0,0.0,0.0,0.0,0.0,0.0,0.0,0.0,,,,,,,,,,,3.074380262546202,,,,,,,,,,,,,,,,,,"rgba(38, 166, 154, 1.0)"
2021-11-11 00:00:00+00:00,3.64,3.7,3.495,3.5,3793173,0.0,0.0,0.0,0.0,0.0,0.0,0.0,0.0,,,,,,,,,,,3.1151014593621724,,,,,,,,,,,,,,,,,,"rgba(38, 166, 154, 1.0)"
2021-11-12 00:00:00+00:00,3.64,3.66,3.52,3.64,2277484,0.0,0.0,0.0,0.0,0.0,0.0,0.0,0.0,,,,,,,,,,,3.1364969391448163,,,,,,,,,,,,,,,,,,"rgba(38, 166, 154, 1.0)"
2021-11-15 00:00:00+00:00,3.64,3.7,3.58,3.67,3423463,0.0,0.0,0.0,0.0,0.0,0.0,0.0,0.0,,,,,,,,,,,3.1674162617602075,,,,,,,,,,,,,,,,,,"rgba(38, 166, 154, 1.0)"
2021-11-16 00:00:00+00:00,3.52,3.6,3.44,3.59,1664655,0.0,0.0,0.0,0.0,0.0,0.0,0.0,0.0,,,,,,,,,,,3.1776390800553656,,,,,,,,,,,,,,,,,,"rgba(38, 166, 154, 1.0)"
2021-11-17 00:00:00+00:00,3.47,3.57,3.44,3.49,2073927,0.0,0.0,0.0,0.0,0.0,0.0,0.0,0.0,,,,,,,,,,,3.1886451728071212,,,,,,,,,,,,,,,,,,"rgba(38, 166, 154, 0.75)"
2021-11-18 00:00:00+00:00,3.31,3.53,3.23,3.51,3835791,0.0,0.0,0.0,0.0,0.0,0.0,0.0,0.0,,,,,,,,,,,3.1988230011099255,,,,,,,,,,,,,,,,,,"rgba(38, 166, 154, 0.75)"
2021-11-19 00:00:00+00:00,3.28,3.355,3.21,3.25,2727313,0.0,0.0,0.0,0.0,0.0,0.0,0.0,0.0,,,,,,,,,,,3.2022437119588116,,,,,,,,,,,,,,,,,,"rgba(38, 166, 154, 0.5)"
2021-11-22 00:00:00+00:00,3.37,3.41,3.28,3.31,1799801,0.0,0.0,0.0,0.0,0.0,0.0,0.0,0.0,,,,,,,,,,,3.2062515076720226,,,,,,,,,,,,,,,,,,"rgba(38, 166, 154, 0.5)"
2021-11-23 00:00:00+00:00,3.39,3.48,3.35,3.39,1484910,0.0,0.0,0.0,0.0,0.0,0.0,0.0,0.0,,,,,,,,,,,3.210543660026022,,,,,,,,,,,,,,,,,,"rgba(38, 166, 154, 0.5)"
2021-11-24 00:00:00+00:00,3.37,3.44,3.3212,3.37,951628,0.0,0.0,0.0,0.0,0.0,0.0,0.0,0.0,,,,,,,,,,,3.212798240481678,,,,,,,,,,,,,,,,,,"rgba(38, 166, 154, 0.5)"
2021-11-26 00:00:00+00:00,3.21,3.24,3.1,3.19,1641874,0.0,0.0,0.0,0.0,0.0,0.0,0.0,0.0,,,,,,,,,,,3.212125665131574,,,,,,,,,,,,,,,,,,#000000
2021-11-29 00:00:00+00:00,3.13,3.3,3.1,3.3,2032615,0.0,0.0,0.0,0.0,0.0,0.0,0.0,0.0,,,,,,,,,,,3.2111511798815684,,,,,,,,,,,,,,,,,,"rgba(239, 83, 80, 1.0)"
2021-11-30 00:00:00+00:00,3.07,3.14,2.98,3.08,1958675,0.0,0.0,0.0,0.0,0.0,0.0,0.0,0.0,,,,,,,,,,,3.2073376122234745,,,,,,,,,,,,,,,,,,"rgba(239, 83, 80, 1.0)"
2021-12-01 00:00:00+00:00,2.92,3.23,2.91,3.19,2137966,0.0,0.0,0.0,0.0,0.0,0.0,0.0,0.0,,,,,,,,,,,3.202206553416618,,,,,,,,,,,,,,,,,,"rgba(239, 83, 80, 1.0)"
2021-12-02 00:00:00+00:00,3.04,3.075,2.91,2.96,1295246,0.0,0.0,0.0,0.0,0.0,0.0,0.0,0.0,,,,,,,,,,,3.1990420610968036,,,,,,,,,,,,,,,,,,"rgba(239, 83, 80, 1.0)"
2021-12-03 00:00:00+00:00,2.93,3.05,2.885,3.05,1548903,0.0,0.0,0.0,0.0,0.0,0.0,0.0,0.0,,,,,,,,,,,3.1943697953964953,,,,,,,,,,,,,,,,,,"rgba(239, 83, 80, 1.0)"
2021-12-06 00:00:00+00:00,3.06,3.06,2.89,2.96,1369460,0.0,0.0,0.0,0.0,0.0,0.0,0.0,0.0,,,,,,,,,,,3.191189889017614,,,,,,,,,,,,,,,,,,"rgba(239, 83, 80, 1.0)"
2021-12-07 00:00:00+00:00,3.12,3.15,3.04,3.05,1366073,0.0,0.0,0.0,0.0,0.0,0.0,0.0,0.0,,,,,,,,,,,3.1897549124119253,,,,,,,,,,,,,,,,,,"rgba(239, 83, 80, 0.75)"
2021-12-08 00:00:00+00:00,3.24,3.25,3.0733,3.12,1733118,0.0,0.0,0.0,0.0,0.0,0.0,0.0,0.0,,,,,,,,,,,3.189714549025375,,,,,,,,,,,,,,,,,,"rgba(239, 83, 80, 0.75)"
2021-12-09 00:00:00+00:00,3.12,3.295,3.1,3.18,1099503,0.0,0.0,0.0,0.0,0.0,0.0,0.0,0.0,,,,,,,,,,,3.18948506394339,,,,,,,,,,,,,,,,,,"rgba(239, 83, 80, 0.75)"
2021-12-10 00:00:00+00:00,3.05,3.165,2.985,3.15,2541692,0.0,0.0,0.0,0.0,0.0,0.0,0.0,0.0,,,,,,,,,,,3.1859780570664586,,,,,,,,,,,,,,,,,,"rgba(239, 83, 80, 0.75)"
2021-12-13 00:00:00+00:00,3.29,3.44,3.245,3.43,4082963,0.0,0.0,0.0,0.0,0.0,0.0,0.0,0.0,,,,,,,,,,,3.192075271862647,,,,,,,,,,,,,,,,,,#000000
2021-12-14 00:00:00+00:00,3.16,3.28,3.115,3.28,1666604,0.0,0.0,0.0,0.0,0.0,0.0,0.0,0.0,,,,,,,,,,,3.1919508369583256,,,,,,,,,,,,,,,,,,#000000
2021-12-15 00:00:00+00:00,3.17,3.22,3.06,3.15,2429597,0.0,0.0,0.0,0.0,0.0,0.0,0.0,0.0,,,,,,,,,,,3.190902147224186,,,,,,,,,,,,,,,,,,#000000
2021-12-16 00:00:00+00:00,3.07,3.23,2.99,3.22,1925654,0.0,0.0,0.0,0.0,0.0,0.0,0.0,0.0,,,,,,,,,,,3.1890713328947546,,,,,,,,,,,,,,,,,,#000000
2021-12-17 00:00:00+00:00,3.25,3.25,2.965,3.06,3639679,0.0,0.0,0.0,0.0,0.0,0.0,0.0,0.0,,,,,,,,,,,3.187864514554084,,,,,,,,,,,,,,,,,,#000000
2021-12-20 00:00:00+00:00,3.17,3.205,3.065,3.08,1853729,0.0,0.0,0.0,0.0,0.0,0.0,0.0,0.0,,,,,,,,,,,3.187134476267413,,,,,,,,,,,,,,,,,,#000000
2021-12-21 00:00:00+00:00,3.36,3.36,3.1802,3.21,1603168,0.0,0.0,0.0,0.0,0.0,0.0,0.0,0.0,,,,,,,,,,,3.1888390528551795,,,,,,,,,,,,,,,,,,"rgba(38, 166, 154, 0.5)"
2021-12-22 00:00:00+00:00,3.4,3.41,3.305,3.33,2479168,0.0,0.0,0.0,0.0,0.0,0.0,0.0,0.0,,,,,,,,,,,3.193009157603034,,,,,,,,,,,,,,,,,,"rgba(38, 166, 154, 0.5)"
2021-12-23 00:00:00+00:00,3.42,3.44,3.3229,3.4,1826248,0.0,0.0,0.0,0.0,0.0,0.0,0.0,0.0,,,,,,,,,,,3.1963353443404854,,,,,,,,,,,,,,,,,,"rgba(38, 166, 154, 0.5)"
2021-12-27 00:00:00+00:00,3.38,3.44,3.35,3.44,1029969,0.0,0.0,0.0,0.0,0.0,0.0,0.0,0.0,,,,,,,,,,,3.1981235141828845,,,,,,,,,,,,,,,,,,"rgba(38, 166, 154, 0.5)"
2021-12-28 00:00:00+00:00,3.34,3.41,3.33,3.35,1374835,0.0,0.0,0.0,0.0,0.0,0.0,0.0,0.0,,,,,,,,,,,3.20009434187336,,,,,,,,,,,,,,,,,,"rgba(38, 166, 154, 0.5)"
2021-12-29 00:00:00+00:00,3.28,3.365,3.21,3.34,888225,0.0,0.0,0.0,0.0,0.0,0.0,0.0,0.0,,,,,,,,,,,3.2007569721394282,,,,,,,,,,,,,,,,,,"rgba(38, 166, 154, 0.5)"
2021-12-30 00:00:00+00:00,3.27,3.35,3.26,3.26,682069,0.0,0.0,0.0,0.0,0.0,0.0,0.0,0.0,,,,,,,,,,,3.2013084716457887,,,,,,,,,,,,,,,,,,"rgba(38, 166, 154, 0.5)"
2021-12-31 00:00:00+00:00,3.31,3.335,3.245,3.25,854942,0.0,0.0,0.0,0.0,0.0,0.0,0.0,0.0,,,,,,,,,,,3.202015245543767,,,,,,,,,,,,,,,,,,"rgba(38, 166, 154, 0.5)"
2022-01-03 00:00:00+00:00,3.39,3.465,3.33,3.33,3446987,0.0,0.0,0.0,0.0,0.0,0.0,0.0,0.0,,,,,,,,,,,3.2076148912274274,,,,,,,,,,,,,,,,,,"rgba(38, 166, 154, 0.5)"
2022-01-04 00:00:00+00:00,3.37,3.48,3.36,3.41,1157184,0.0,0.0,0.0,0.0,0.0,0.0,0.0,0.0,,,,,,,,,,,3.2095029787026803,,,,,,,,,,,,,,,,,,"rgba(38, 166, 154, 0.5)"
2022-01-05 00:00:00+00:00,3.14,3.41,3.09,3.35,3130751,0.0,0.0,0.0,0.0,0.0,0.0,0.0,0.0,,,,,,,,,,,3.2096004071695905,,,,,,,,,,,,,,,,,,#000000
2022-01-06 00:00:00+00:00,3.07,3.15,3.02,3.13,1553451,0.0,0.0,0.0,0.0,0.0,0.0,0.0,0.0,,,,,,,,,,,3.2079850992415238,,,,,,,,,,,,,,,,,,"rgba(239, 83, 80, 1.0)"
2022-01-07 00:00:00+00:00,3.2,3.205,3.025,3.05,1541207,0.0,0.0,0.0,0.0,0.0,0.0,0.0,0.0,,,,,,,,,,,3.207195411458477,,,,,,,,,,,,,,,,,,"rgba(239, 83, 80, 1.0)"
2022-01-10 00:00:00+00:00,3.26,3.26,3.085,3.16,1974959,0.0,0.0,0.0,0.0,0.0,0.0,0.0,0.0,,,,,,,,,,,3.207110208687627,,,,,,,,,,,,,,,,,,#000000
2022-01-11 00:00:00+00:00,3.3,3.3,3.16,3.25,1064965,0.0,0.0,0.0,0.0,0.0,0.0,0.0,0.0,,,,,,,,,,,3.2074911601313354,,,,,,,,,,,,,,,,,,#000000
2022-01-12 00:00:00+00:00,3.29,3.395,3.27,3.31,1625413,0.0,0.0,0.0,0.0,0.0,0.0,0.0,0.0,,,,,,,,,,,3.2088680998429933,,,,,,,,,,,,,,,,,,#000000
2022-01-13 00:00:00+00:00,3.29,3.41,3.26,3.3,1022054,0.0,0.0,0.0,0.0,0.0,0.0,0.0,0.0,,,,,,,,,,,3.2097294496264155,,,,,,,,,,,,,,,,,,#000000
2022-01-14 00:00:00+00:00,3.26,3.28,3.1801,3.22,974848,0.0,0.0,0.0,0.0,0.0,0.0,0.0,0.0,,,,,,,,,,,3.2099518335339505,,,,,,,,,,,,,,,,,,#000000
2022-01-18 00:00:00+00:00,3.18,3.235,3.155,3.2,1493583,0.0,0.0,0.0,0.0,0.0,0.0,0.0,0.0,,,,,,,,,,,3.2097300013079786,,,,,,,,,,,,,,,,,,#000000
2022-01-19 00:00:00+00:00,3.12,3.22,3.11,3.21,1543436,0.0,0.0,0.0,0.0,0.0,0.0,0.0,0.0,,,,,,,,,,,3.2090515288315746,,,,,,,,,,,,,,,,,,"rgba(239, 83, 80, 1.0)"
2022-01-20 00:00:00+00:00,3.09,3.27,3.08,3.12,1121022,0.0,0.0,0.0,0.0,0.0,0.0,0.0,0.0,,,,,,,,,,,3.2085410519048985,,,,,,,,,,,,,,,,,,"rgba(239, 83, 80, 1.0)"
2022-01-21 00:00:00+00:00,3.08,3.115,2.97,3.07,2602231,0.0,0.0,0.0,0.0,0.0,0.0,0.0,0.0,,,,,,,,,,,3.2056789752220407,,,,,,,,,,,,,,,,,,"rgba(239, 83, 80, 1.0)"
2022-01-24 00:00:00+00:00,3.09,3.11,2.81,3.02,2572515,0.0,0.0,0.0,0.0,0.0,0.0,0.0,0.0,,,,,,,,,,,3.20201769881446,,,,,,,,,,,,,,,,,,"rgba(239, 83, 80, 1.0)"
2022-01-25 00:00:00+00:00,2.97,3.1,2.93,3.03,2493986,0.0,0.0,0.0,0.0,0.0,0.0,0.0,0.0,,,,,,,,,,,3.1985350321564328,,,,,,,,,,,,,,,,,,"rgba(239, 83, 80, 1.0)"
2022-01-26 00:00:00+00:00,2.9,3.06,2.865,3.02,1724662,0.0,0.0,0.0,0.0,0.0,0.0,0.0,0.0,,,,,,,,,,,3.1955088417365136,,,,,,,,,,,,,,,,,,"rgba(239, 83, 80, 1.0)"
2022-01-27 00:00:00+00:00,2.75,3.015,2.72,2.95,2242356,0.0,0.0,0.0,0.0,0.0,0.0,0.0,0.0,,,,,,,,,,,3.1899695012977003,,,,,,,,,,,,,,,,,,"rgba(239, 83, 80, 1.0)"
2022-01-28 00:00:00+00:00,2.99,2.99,2.705,2.76,3192575,0.0,0.0,0.0,0.0,0.0,0.0,0.0,0.0,,,,,,,,,,,3.1837669777023483,,,,,,,,,,,,,,,,,,"rgba(239, 83, 80, 0.75)"
2022-01-31 00:00:00+00:00,3.06,3.105,2.92,2.94,2167977,0.0,0.0,0.0,0.0,0.0,0.0,0.0,0.0,,,,,,,,,,,3.181578750717154,,,,,,,,,,,,,,,,,,"rgba(239, 83, 80, 0.75)"
2022-02-01 00:00:00+00:00,3.08,3.15,3.02,3.02,2632903,0.0,0.0,0.0,0.0,0.0,0.0,0.0,0.0,,,,,,,,,,,3.179927255466085,,,,,,,,,,,,,,,,,,"rgba(239, 83, 80, 0.75)"
2022-02-02 00:00:00+00:00,2.94,3.11,2.92,3.1,1744719,0.0,0.0,0.0,0.0,0.0,0.0,0.0,0.0,,,,,,,,,,,3.1778349167791613,,,,,,,,,,,,,,,,,,"rgba(239, 83, 80, 0.75)"
2022-02-03 00:00:00+00:00,2.85,2.95,2.76,2.87,1508467,1.0,2.95,2.76,215.0,1.0,2.95,2.76,215.0,,,,,,,,,,2.8533333333333335,3.174773271642749,,,,,,,,,,,,,,,,,,"rgba(239, 83, 80, 0.75)"
2022-02-04 00:00:00+00:00,2.92,2.945,2.8,2.8,1543805,0.0,0.0,0.0,0.0,0.0,0.0,0.0,0.0,,,,,,,,,,2.871035941423307,3.172033875582597,,,,,,,,,,,,,,,,,,"rgba(239, 83, 80, 0.75)"
2022-02-07 00:00:00+00:00,2.94,2.965,2.88,2.88,3101417,0.0,0.0,0.0,0.0,0.0,0.0,0.0,0.0,,,,,,,,,,2.8999134334976415,3.167439985144121,,,,,,,,,,,,,,,,,,"rgba(239, 83, 80, 0.75)"
2022-02-08 00:00:00+00:00,3.1,3.11,2.93,2.94,1207172,0.0,0.0,0.0,0.0,0.0,0.0,0.0,0.0,,,,,,,,,,2.92398078023753,3.166560295994455,,,,,,,,,,,,,,,,,,"rgba(239, 83, 80, 0.5)"
2022-02-09 00:00:00+00:00,3.32,3.32,3.11,3.14,2145234,0.0,0.0,0.0,0.0,0.0,0.0,0.0,0.0,,,,,,,,,,2.997553316056699,3.167626526571453,,,,,,,,,,,,,,,,,,#000000
2022-02-10 00:00:00+00:00,3.39,3.435,3.21,3.22,3422126,0.0,0.0,0.0,0.0,0.0,0.0,0.0,0.0,,,,,,,,,,3.08952314939542,3.1711699620359495,,,,,,,,,,,,,,,,,,"rgba(38, 166, 154, 1.0)"
2022-02-11 00:00:00+00:00,3.36,3.44,3.31,3.37,2692441,0.0,0.0,0.0,0.0,0.0,0.0,0.0,0.0,,,,,,,,,,3.137867283089539,3.174246732349106,,,,,,,,,,,,,,,,,,"rgba(38, 166, 154, 1.0)"
2022-02-14 00:00:00+00:00,3.24,3.4,3.1917,3.35,988222,0.0,0.0,0.0,0.0,0.0,0.0,0.0,0.0,,,,,,,,,,3.1461595077148674,3.174828356547886,,,,,,,,,,,,,,,,,,"rgba(38, 166, 154, 1.0)"
2022-02-15 00:00:00+00:00,3.5,3.52,3.293,3.3,4964165,0.0,0.0,0.0,0.0,0.0,0.0,0.0,0.0,,,,,,,,,,3.213238094321608,3.1820792723674725,,,,,,,,,,,,,,,,,,"rgba(38, 166, 154, 1.0)"
2022-02-16 00:00:00+00:00,3.66,3.67,3.4601,3.47,5488608,0.0,0.0,0.0,0.0,0.0,0.0,0.0,0.0,,,,,,,,,,3.291011309879017,3.1943514777133566,,,,,,,,,,,,,,,,,,"rgba(38, 166, 154, 1.0)"
2022-02-17 00:00:00+00:00,3.63,3.74,3.56,3.59,2905370,0.0,0.0,0.0,0.0,0.0,0.0,0.0,0.0,,,,,,,,,,3.3251697146244545,3.2012775640441684,,,,,,,,,,,,,,,,,,"rgba(38, 166, 154, 1.0)"
2022-02-18 00:00:00+00:00,3.75,3.75,3.56,3.59,4925696,0.0,0.0,0.0,0.0,0.0,0.0,0.0,0.0,,,,,,,,,,3.376201102764799,3.213648514685897,,,,,,,,,,,,,,,,,,"rgba(38, 166, 154, 1.0)"
2022-02-22 00:00:00+00:00,3.73,3.775,3.68,3.71,5960781,0.0,0.0,0.0,0.0,0.0,0.0,0.0,0.0,,,,,,,,,,3.4275793911353762,3.2290476978602363,,,,,,,,,,,,,,,,,,"rgba(38, 166, 154, 1.0)"
2022-02-23 00:00:00+00:00,3.65,3.79,3.63,3.79,3059951,0.0,0.0,0.0,0.0,0.0,0.0,0.0,0.0,,,,,,,,,,3.4458652264110547,3.2360204451776533,,,,,,,,,,,,,,,,,,"rgba(38, 166, 154, 1.0)"
2022-02-24 00:00:00+00:00,4.01,4.01,3.26,3.3,8389710,0.0,0.0,0.0,0.0,0.0,0.0,0.0,0.0,,,,,,,,,,3.49625413980333,3.256886778775698,,,,,,,,,,,,,,,,,,"rgba(38, 166, 154, 1.0)"
2022-02-25 00:00:00+00:00,3.72,4.1,3.69,4.02,8895534,0.0,0.0,0.0,0.0,0.0,0.0,0.0,0.0,,,,,,,,,,3.545734786552679,3.280375482867872,,,,,,,,,,,,,,,,,3.836666666666667,"rgba(38, 166, 154, 1.0)"
2022-02-28 00:00:00+00:00,3.74,3.9,3.7,3.73,9026504,0.0,0.0,0.0,0.0,0.0,0.0,0.0,0.0,,,,,,,,,,3.5758464244819153,3.300103832124245,,,,,,,,,,,,,,,,,3.8081262800581053,"rgba(38, 166, 154, 0.75)"
2022-03-01 00:00:00+00:00,3.77,3.84,3.6,3.74,7685843,0.0,0.0,0.0,0.0,0.0,0.0,0.0,0.0,,,,,,,,,,3.591711172757198,3.3143043473600176,,,,,,,,,,,,,,,,,3.7866786886167323,"rgba(38, 166, 154, 0.75)"
2022-03-02 00:00:00+00:00,3.77,3.97,3.77,3.84,6283755,0.0,0.0,0.0,0.0,0.0,0.0,0.0,0.0,,,,,,,,,,3.6099930653604138,3.3278362280434384,,,,,,,,,,,,,,,,,3.796528048712626,"rgba(38, 166, 154, 0.75)"
2022-03-03 00:00:00+00:00,3.66,3.8,3.6,3.8,2700904,0.0,0.0,0.0,0.0,0.0,0.0,0.0,0.0,,,,,,,,,,3.6123762445573884,3.331787678208603,,,,,,,,,,,,,,,,,3.7879503309094966,"rgba(38, 166, 154, 0.75)"
2022-03-04 00:00:00+00:00,3.52,3.665,3.46,3.62,2611743,0.0,0.0,0.0,0.0,0.0,0.0,0.0,0.0,,,,,,,,,,3.6105075327481875,3.3340692695603864,,,,,,,,,,,,,,,,,3.771129202651211,"rgba(38, 166, 154, 0.75)"
2022-03-07 00:00:00+00:00,3.36,3.55,3.36,3.54,1661466,0.0,0.0,0.0,0.0,0.0,0.0,0.0,0.0,,,,,,,,,,3.6070964625186464,3.334663595697781,,,,,,,,,,,,,,,,,3.756261329866562,#000000
2022-03-08 00:00:00+00:00,3.43,3.55,3.27,3.35,3952473,0.0,0.0,0.0,0.0,0.0,0.0,0.0,0.0,,,,,,,,,,3.59918374540803,3.3359421845015,,,,,,,,,,,,,,,,,3.7249139577771353,#000000
2022-03-09 00:00:00+00:00,3.55,3.637,3.45,3.51,1790396,0.0,0.0,0.0,0.0,0.0,0.0,0.0,0.0,,,,,,,,,,3.598195044542726,3.337413051879051,,,,,,,,,,,,,,,,,3.7177197507516,#000000
2022-03-10 00:00:00+00:00,3.69,3.72,3.465,3.48,3788457,0.0,0.0,0.0,0.0,0.0,0.0,0.0,0.0,,,,,,,,,,3.5992034773045227,3.34161847007122,,,,,,,,,,,,,,,,,3.7104617751658204,#000000
2022-03-11 00:00:00+00:00,3.64,3.77,3.63,3.7,2008428,0.0,0.0,0.0,0.0,0.0,0.0,0.0,0.0,,,,,,,,,,3.6007834218373858,3.344221545471287,,,,,,,,,,,,,,,,,3.7092480132046957,#000000
2022-03-14 00:00:00+00:00,3.5,3.66,3.47,3.62,1939412,0.0,0.0,0.0,0.0,0.0,0.0,0.0,0.0,,,,,,,,,,3.599718716292422,3.3456897166753237,,,,,,,,,,,,,,,,,3.7031007700365928,#000000
2022-03-15 00:00:00+00:00,3.56,3.605,3.48,3.51,1522028,0.0,0.0,0.0,0.0,0.0,0.0,0.0,0.0,,,,,,,,,,3.5989820683495335,3.346855611367532,,,,,,,,,,,,,,,,,3.698727765759172,#000000
2022-03-16 00:00:00+00:00,3.69,3.77,3.575,3.62,3700016,0.0,0.0,0.0,0.0,0.0,0.0,0.0,0.0,,,,,,,,,,3.6016543230023115,3.3514278569957923,,,,,,,,,,,,,,,,,3.6974169491449658,#000000
2022-03-17 00:00:00+00:00,3.65,3.805,3.64,3.64,1595292,-1.0,3.805,3.64,0.0,0.0,0.0,0.0,0.0,,,,,,,,,,3.6030379921015143,3.3534787724946913,,,,,3.698333333333334,,,,,,,,,,,,3.697441659164276,"rgba(38, 166, 154, 0.5)"
2022-03-18 00:00:00+00:00,3.71,3.71,3.55,3.6,7883170,0.0,0.0,0.0,0.0,0.0,0.0,0.0,0.0,,,,,,,,,,3.6065802540808205,3.3620848114795785,,,,,3.663679460514445,,,,,,,,,,,,3.692647354157117,"rgba(38, 166, 154, 1.0)"
2022-03-21 00:00:00+00:00,3.56,3.7,3.505,3.69,1966464,0.0,0.0,0.0,0.0,0.0,0.0,0.0,0.0,,,,,,,,,,3.606284479461259,3.3636755472071553,,,,,3.6507335099123113,,,,,,,,,,,,3.68967497097058,#000000
2022-03-22 00:00:00+00:00,3.75,3.78,3.545,3.56,2359681,0.0,0.0,0.0,0.0,0.0,0.0,0.0,0.0,,,,,,,,,,3.6079135489021867,3.3664196031715994,,,,,3.6577303909001784,,,,,,,,,,,,3.689740820254199,"rgba(38, 166, 154, 0.5)"
2022-03-23 00:00:00+00:00,3.74,3.78,3.685,3.7,2819953,0.0,0.0,0.0,0.0,0.0,0.0,0.0,0.0,,,,,,,,,,3.6107466941988906,3.3700682439753287,,,,,3.6708373041652433,,,,,,,,,,,,3.6914610810255373,"rgba(38, 166, 154, 1.0)"
2022-03-24 00:00:00+00:00,3.7,3.78,3.66,3.74,1196839,0.0,0.0,0.0,0.0,0.0,0.0,0.0,0.0,,,,,,,,,,3.611708227805119,3.371504399787064,,,,,3.6736912274208477,,,,,,,,,,,,3.6918083171940155,"rgba(38, 166, 154, 0.5)"
2022-03-25 00:00:00+00:00,3.67,3.7,3.62,3.67,1556096,0.0,0.0,0.0,0.0,0.0,0.0,0.0,0.0,,,,,,,,,,3.61232977596851,3.3730832644619664,,,,,3.6728594440784703,,,,,,,,,,,,3.6912324497184255,"rgba(38, 166, 154, 0.5)"
2022-03-28 00:00:00+00:00,3.68,3.68,3.6,3.64,1426166,0.0,0.0,0.0,0.0,0.0,0.0,0.0,0.0,,,,,,,,,,3.6127772863807377,3.3744660277884986,,,,,3.671520858756543,,,,,,,,,,,,3.690542772499865,"rgba(38, 166, 154, 0.5)"
2022-03-29 00:00:00+00:00,3.73,3.785,3.68,3.75,1397986,0.0,0.0,0.0,0.0,0.0,0.0,0.0,0.0,,,,,,,,,,3.614035736145816,3.3761853278373692,,,,,3.6753081001903443,,,,,,,,,,,,3.6912634899749914,"rgba(38, 166, 154, 0.5)"
2022-03-30 00:00:00+00:00,3.53,3.74,3.53,3.7,2001201,0.0,0.0,0.0,0.0,0.0,0.0,0.0,0.0,,,,,,,,,,3.613826235835711,3.377716887105086,,,,,3.669081285667978,,,,,,,,,,,,3.6890299444390284,#000000
2022-03-31 00:00:00+00:00,3.46,3.515,3.425,3.5,1983704,0.0,0.0,0.0,0.0,0.0,0.0,0.0,0.0,,,,,,,,,,3.611680651843942,3.3783161816851153,,,,,3.6537478164364665,,,,,,,,,,,,3.68376326465088,"rgba(239, 83, 80, 1.0)"
2022-04-01 00:00:00+00:00,3.48,3.52,3.44,3.49,1086547,0.0,0.0,0.0,0.0,0.0,0.0,0.0,0.0,,,,,,,,,,3.6106373832515226,3.378690050482315,,,,,3.6468257879311765,,,,,,,,,,,,3.681153667614577,"rgba(239, 83, 80, 1.0)"
2022-04-04 00:00:00+00:00,3.47,3.52,3.395,3.49,1308768,0.0,0.0,0.0,0.0,0.0,0.0,0.0,0.0,,,,,,,,,,3.60922918315707,3.3790559131603297,,,,,3.638347323846969,,,,,,,,,,,,3.6778192337447924,"rgba(239, 83, 80, 1.0)"
2022-04-05 00:00:00+00:00,3.36,3.535,3.36,3.49,2128419,0.0,0.0,0.0,0.0,0.0,0.0,0.0,0.0,,,,,,,,,,3.6063389770907626,3.379335551524721,,,,,3.623098948834276,,,,,,,,,,,,3.6715628681245485,"rgba(239, 83, 80, 1.0)"
2022-04-06 00:00:00+00:00,3.2,3.33,3.2,3.31,1816183,0.0,0.0,0.0,0.0,0.0,0.0,0.0,0.0,,,,,,,,,,3.6017090581776303,3.3785143082013707,,,,,3.601893946383584,,,,,,,,,,,,3.662930238437223,"rgba(239, 83, 80, 1.0)"
2022-04-07 00:00:00+00:00,3.25,3.26,3.07,3.2,5411494,0.0,0.0,0.0,0.0,0.0,0.0,0.0,0.0,,,,,,,,,,3.58675775998012,3.375241388385783,,,,,3.543616613302792,,,,,,,,,,,,3.6363219675630973,"rgba(239, 83, 80, 1.0)"
2022-04-08 00:00:00+00:00,3.18,3.335,3.18,3.23,2087917,0.0,0.0,0.0,0.0,0.0,0.0,0.0,0.0,,,,,,,,,,3.581811659280346,3.374268951258193,,,,,3.5273440017641917,,,,,,,,,,,,3.6276647065330967,"rgba(239, 83, 80, 1.0)"
2022-04-11 00:00:00+00:00,3.1,3.14,3.07,3.14,1533659,0.0,0.0,0.0,0.0,0.0,0.0,0.0,0.0,,,,,,,,,,3.576965695970677,3.37292770062521,,,,,3.5116968653093092,,,,,,,,,,,,3.6195523899909534,"rgba(239, 83, 80, 1.0)"
2022-04-12 00:00:00+00:00,3.08,3.175,3.05,3.1,1272550,0.0,0.0,0.0,0.0,0.0,0.0,0.0,0.0,,,,,,,,,,3.5730047724983964,3.3718180224697107,,,,,3.499514785437307,,,,,,,,,,,,3.612988229370463,"rgba(239, 83, 80, 1.0)"
2022-04-13 00:00:00+00:00,3.21,3.215,3.07,3.1,1320838,0.0,0.0,0.0,0.0,0.0,0.0,0.0,0.0,,,,,,,,,,3.5695058922710645,3.370943577314375,,,,,3.4895077514717574,,,,,,,,,,,,3.6071710789569713,"rgba(239, 83, 80, 1.0)"
2022-04-14 00:00:00+00:00,3.2,3.255,3.1895,3.22,1417112,0.0,0.0,0.0,0.0,0.0,0.0,0.0,0.0,,,,,,,,,,3.56627242461611,3.3702386171183827,,,,,3.4809660775434783,,,,,,,,,,,,3.601780321632658,"rgba(239, 83, 80, 0.75)"
2022-04-18 00:00:00+00:00,3.2,3.22,3.14,3.18,3164528,0.0,0.0,0.0,0.0,0.0,0.0,0.0,0.0,,,,,,,,,,3.5586984175522693,3.368405936697549,,,,,3.4618560539312204,,,,,,,,,,,,3.5894226553436317,"rgba(239, 83, 80, 0.75)"
2022-04-19 00:00:00+00:00,3.24,3.32,3.18,3.2,1429240,-1.0,3.32,3.18,0.0,-1.0,3.32,3.18,0.0,,,,,,,,,,3.5559117069037898,3.3678594828166433,,,,3.246666666666666,3.455724994543045,,,,,,,,,,,,3.5848753882309423,"rgba(239, 83, 80, 0.75)"
2022-04-20 00:00:00+00:00,3.22,3.275,3.19,3.24,3587240,0.0,0.0,0.0,0.0,0.0,0.0,0.0,0.0,,,,,,,,,,3.5487298597282377,3.366305063434532,,,,3.233556663902444,3.4405493187509446,,,,,,,,,,,,3.573385765240292,"rgba(239, 83, 80, 0.75)"
2022-04-21 00:00:00+00:00,3.15,3.28,3.115,3.25,2205663,0.0,0.0,0.0,0.0,0.0,0.0,0.0,0.0,,,,,,,,,,3.5438475515753987,3.3650488930245013,,,,3.2177093112575217,3.4303448609291003,,,,,,,,,,,,3.565775014726959,"rgba(239, 83, 80, 0.75)"
2022-04-22 00:00:00+00:00,2.98,3.2,2.97,3.17,3539637,0.0,0.0,0.0,0.0,0.0,0.0,0.0,0.0,,,,,,,,,,3.533526494192585,3.3616463149222024,,,,3.1625483542995054,3.4077168709702463,,,,,,,,,,,,3.550179552850946,"rgba(239, 83, 80, 1.0)"
2022-04-25 00:00:00+00:00,2.98,3.005,2.87,2.95,1797347,0.0,0.0,0.0,0.0,0.0,0.0,0.0,0.0,,,,,,,,,,3.5274165345781983,3.359410218885731,,,,3.1323689024457404,3.394343872655698,,,,,,,,,,,,3.5411291622187773,"rgba(239, 83, 80, 1.0)"
2022-04-26 00:00:00+00:00,2.84,2.95,2.83,2.93,2199356,0.0,0.0,0.0,0.0,0.0,0.0,0.0,0.0,,,,,,,,,,3.5191185680610584,3.356187608255544,,,,3.093766599408173,3.3762964224903356,,,,,,,,,,,,3.5289969909496164,"rgba(239, 83, 80, 1.0)"
2022-04-27 00:00:00+00:00,2.84,2.88,2.77,2.81,2127585,0.0,0.0,0.0,0.0,0.0,0.0,0.0,0.0,,,,,,,,,,3.5107639496356615,3.3528344162578088,,,,3.0605329383568356,3.358584127050889,,,,,,,,,,,,3.516924545464647,"rgba(239, 83, 80, 1.0)"
2022-04-28 00:00:00+00:00,2.75,2.87,2.71,2.87,2245410,0.0,0.0,0.0,0.0,0.0,0.0,0.0,0.0,,,,,,,,,,,3.3489852701144556,,,,3.0272163192688684,3.339330857102399,,,,,,,,,,,,3.503672989728712,"rgba(239, 83, 80, 1.0)"
2022-04-29 00:00:00+00:00,2.46,2.755,2.42,2.73,4094566,0.0,0.0,0.0,0.0,0.0,0.0,0.0,0.0,,,,,,,,,,,,,,,2.942205434697934,3.2941333514802977,,,,,,,,,,,,3.4733678598720994,"rgba(239, 83, 80, 1.0)"
2022-05-02 00:00:00+00:00,2.39,2.525,2.31,2.46,6589442,0.0,0.0,0.0,0.0,0.0,0.0,0.0,0.0,,,,,,,,,,,,,,,2.824215768275587,3.219824963131045,,,,,,,,,,,,3.4218094019137024,"rgba(239, 83, 80, 1.0)"
2022-05-03 00:00:00+00:00,2.54,2.56,2.37,2.39,6038601,0.0,0.0,0.0,0.0,0.0,0.0,0.0,0.0,,,,,,,,,,,,,,,2.76792662967544,3.1677243380024307,,,,,,,,,,,,3.3822272491765784,"rgba(239, 83, 80, 1.0)"
2022-05-04 00:00:00+00:00,2.59,2.59,2.46,2.54,3252433,0.0,0.0,0.0,0.0,0.0,0.0,0.0,0.0,,,,,,,,,,,,,,,2.7495247569118053,3.1447288522435217,,,,,,,,,,,,3.36353774136176,"rgba(239, 83, 80, 0.75)"
2022-05-05 00:00:00+00:00,2.48,2.56,2.44,2.53,4018674,0.0,0.0,0.0,0.0,0.0,0.0,0.0,0.0,,,,,,,,,,,,,,,2.7256512454568127,3.116231649474173,,,,,,,,,,,,3.340134511810651,"rgba(239, 83, 80, 0.75)"
2022-05-06 00:00:00+00:00,2.44,2.495,2.39,2.47,2553120,0.0,0.0,0.0,0.0,0.0,0.0,0.0,0.0,,,,,,,,,,,,,,,2.709778358646658,3.0979900141097625,,,,,,,,,,,,3.325041087414402,"rgba(239, 83, 80, 0.75)"
2022-05-09 00:00:00+00:00,2.14,2.39,2.09,2.39,5736508,0.0,0.0,0.0,0.0,0.0,0.0,0.0,0.0,,,,,,,,,,,,,,,2.653644657630699,3.046935448882269,,,,,,,,,,,,3.284363225588596,"rgba(239, 83, 80, 0.75)"
2022-05-10 00:00:00+00:00,1.94,2.39,1.8,2.39,5289432,0.0,0.0,0.0,0.0,0.0,0.0,0.0,0.0,,,,,,,,,,,,,,,2.596714180268262,2.996588858367451,,,,,,,,,,,,3.244092609264123,"rgba(239, 83, 80, 1.0)"
2022-05-11 00:00:00+00:00,1.83,1.95,1.82,1.92,4467616,0.0,0.0,0.0,0.0,0.0,0.0,0.0,0.0,,,,,,,,,,,,,,,2.543396013723301,2.9506583505629127,,,,,,,,,,,,3.2073476078075123,"rgba(239, 83, 80, 1.0)"
2022-05-12 00:00:00+00:00,1.75,1.855,1.69,1.8,10053356,0.0,0.0,0.0,0.0,0.0,0.0,0.0,0.0,,,,,,,,,,,,,,,2.433526341495919,2.8512930116065363,,,,,,,,,,,,3.125667332504344,"rgba(239, 83, 80, 1.0)"
2022-05-13 00:00:00+00:00,1.88,1.95,1.79,1.79,5629842,0.0,0.0,0.0,0.0,0.0,0.0,0.0,0.0,,,,,,,,,,,,,,,2.392490685584977,2.80745373720265,,,,,,,,,,,,3.087173263617253,"rgba(239, 83, 80, 1.0)"
2022-05-16 00:00:00+00:00,1.83,1.905,1.8,1.84,2404986,0.0,0.0,0.0,0.0,0.0,0.0,0.0,0.0,,,,,,,,,,,,,,,2.375878188273755,2.789369479086677,,,,,,,,,,,,3.0710739756688863,"rgba(239, 83, 80, 1.0)"
2022-05-17 00:00:00+00:00,1.98,1.98,1.835,1.88,3131769,0.0,0.0,0.0,0.0,0.0,0.0,0.0,0.0,,,,,,,,,,,,,,,2.358993407452582,2.7688844563605137,,,,,,,,,,,,3.0521630786626193,"rgba(239, 83, 80, 0.75)"
2022-05-18 00:00:00+00:00,1.86,2.02,1.85,1.93,3030972,0.0,0.0,0.0,0.0,0.0,0.0,0.0,0.0,,,,,,,,,,,,,,,2.3430622213309693,2.7494799697214285,,,,,,,,,,,,3.03410660939047,"rgba(239, 83, 80, 0.75)"
2022-05-19 00:00:00+00:00,1.73,1.89,1.72,1.88,4087689,0.0,0.0,0.0,0.0,0.0,0.0,0.0,0.0,,,,,,,,,,,,,,,2.3173487725192055,2.7208139698951443,,,,,,,,,,,,3.007926408329091,"rgba(239, 83, 80, 0.75)"
2022-05-20 00:00:00+00:00,1.7,1.78,1.65,1.77,3047638,0.0,0.0,0.0,0.0,0.0,0.0,0.0,0.0,,,,,,,,,,,,,,,2.2973507522656953,2.6990110366550297,,,,,,,,,,,,2.9880349427501756,"rgba(239, 83, 80, 0.75)"
2022-05-23 00:00:00+00:00,1.69,1.75,1.64,1.75,2122993,0.0,0.0,0.0,0.0,0.0,0.0,0.0,0.0,,,,,,,,,,,,,,,2.283807135333517,2.6841239148658795,,,,,,,,,,,,2.974358923566605,"rgba(239, 83, 80, 0.75)"
2022-05-24 00:00:00+00:00,1.45,1.68,1.42,1.66,5159059,0.0,0.0,0.0,0.0,0.0,0.0,0.0,0.0,,,,,,,,,,,,,,,2.244166549980171,2.6435855246731794,,,,,,,,,,,,2.9378776082519944,"rgba(239, 83, 80, 0.75)"
2022-05-25 00:00:00+00:00,1.5,1.525,1.42,1.42,3440193,0.0,0.0,0.0,0.0,0.0,0.0,0.0,0.0,,,,,,,,,,,,,,,2.21876824014384,2.6172905744554464,,,,,,,,,,,,2.913974557200894,"rgba(239, 83, 80, 0.75)"
2022-05-26 00:00:00+00:00,1.57,1.61,1.5,1.5,2865722,0.0,0.0,0.0,0.0,0.0,0.0,0.0,0.0,,,,,,,,,,,,,,,2.200982877946638,2.5977277643675962,,,,,,,,,,,,2.895710691654506,"rgba(239, 83, 80, 0.75)"
2022-05-27 00:00:00+00:00,1.65,1.67,1.56,1.57,2273537,0.0,0.0,0.0,0.0,0.0,0.0,0.0,0.0,,,,,,,,,,,,,,,2.188939586485322,2.583679502003488,,,,,,,,,,,,2.882273643098438,"rgba(239, 83, 80, 0.75)"
2022-05-31 00:00:00+00:00,1.58,1.67,1.56,1.64,2916717,0.0,0.0,0.0,0.0,0.0,0.0,0.0,0.0,,,,,,,,,,,,,,,2.173598255273512,2.565816216687967,,,,,,,,,,,,2.8651336712699274,"rgba(239, 83, 80, 0.75)"
2022-06-01 00:00:00+00:00,1.55,1.65,1.51,1.6,2179081,0.0,0.0,0.0,0.0,0.0,0.0,0.0,0.0,,,,,,,,,,,,,,,2.1620113762102786,2.552442014422054,,,,,,,,,,,,2.8522948015852894,"rgba(239, 83, 80, 0.5)"
2022-06-02 00:00:00+00:00,1.59,1.6,1.545,1.56,1581553,0.0,0.0,0.0,0.0,0.0,0.0,0.0,0.0,,,,,,,,,,,,,,,2.153991028640714,2.5430384254105145,,,,,,,,,,,,2.8431942993023167,"rgba(239, 83, 80, 0.5)"
2022-06-03 00:00:00+00:00,1.47,1.53,1.43,1.51,2092368,0.0,0.0,0.0,0.0,0.0,0.0,0.0,0.0,,,,,,,,,,,,,,,2.1418976781691765,2.5295910439137512,,,,,,,,,,,,2.830400583492589,"rgba(239, 83, 80, 0.5)"
2022-06-06 00:00:00+00:00,1.53,1.54,1.44,1.51,2456214,0.0,0.0,0.0,0.0,0.0,0.0,0.0,0.0,,,,,,,,,,,,,,,2.1287885356586167,2.514620699038635,,,,,,,,,,,,2.8159743687937686,"rgba(239, 83, 80, 0.5)"
2022-06-07 00:00:00+00:00,1.49,1.52,1.44,1.48,2063938,0.0,0.0,0.0,0.0,0.0,0.0,0.0,0.0,,,,,,,,,,,,,,,2.117842968121049,2.502132653793486,,,,,,,,,,,,2.803911406059523,"rgba(239, 83, 80, 0.5)"
2022-06-08 00:00:00+00:00,1.46,1.52,1.44,1.47,1766556,0.0,0.0,0.0,0.0,0.0,0.0,0.0,0.0,,,,,,,,,,,,,,,2.1086220517188052,2.4915791141084487,,,,,,,,,,,,2.793681771436021,"rgba(239, 83, 80, 0.5)"
2022-06-09 00:00:00+00:00,1.45,1.47,1.41,1.47,1867124,0.0,0.0,0.0,0.0,0.0,0.0,0.0,0.0,,,,,,,,,,,,,,,2.0987118470889454,2.4803358338923176,,,,,,,,,,,,2.7827975684109076,"rgba(239, 83, 80, 0.5)"
2022-06-10 00:00:00+00:00,1.32,1.43,1.3125,1.41,3317556,0.0,0.0,0.0,0.0,0.0,0.0,0.0,0.0,,,,,,,,,,,,,,,2.0795135239254905,2.459274795196566,,,,,,,,,,,,2.762625975577069,"rgba(239, 83, 80, 0.5)"
2022-06-13 00:00:00+00:00,1.16,1.26,1.14,1.24,2095436,0.0,0.0,0.0,0.0,0.0,0.0,0.0,0.0,,,,,,,,,,,,,,,2.065205186036002,2.4444179343588335,,,,,,,,,,,,2.748695519236362,"rgba(239, 83, 80, 0.5)"
2022-06-14 00:00:00+00:00,1.17,1.21,1.12,1.21,1978916,0.0,0.0,0.0,0.0,0.0,0.0,0.0,0.0,,,,,,,,,,,,,,,2.051809087690216,2.430484131104192,,,,,,,,,,,,2.7355983530921693,"rgba(239, 83, 80, 1.0)"
2022-06-15 00:00:00+00:00,1.21,1.22,1.16,1.19,1939625,0.0,0.0,0.0,0.0,0.0,0.0,0.0,0.0,,,,,,,,,,,,,,,2.039493073656268,2.4174360277661058,,,,,,,,,,,,2.723211445479076,"rgba(239, 83, 80, 1.0)"
2022-06-16 00:00:00+00:00,1.09,1.2,1.08,1.17,3160983,0.0,0.0,0.0,0.0,0.0,0.0,0.0,0.0,,,,,,,,,,,,,,,2.018482801923204,2.3955105793191978,,,,,,,,,,,,2.702496916431521,"rgba(239, 83, 80, 1.0)"
2022-06-17 00:00:00+00:00,1.38,1.39,1.105,1.12,11278197,0.0,0.0,0.0,0.0,0.0,0.0,0.0,0.0,,,,,,,,,,,,,,,1.9635102198505219,2.3325868179064613,,,,,,,,,,,,2.640199887772894,"rgba(239, 83, 80, 0.5)"
2022-06-21 00:00:00+00:00,1.24,1.42,1.23,1.4,2486262,0.0,0.0,0.0,0.0,0.0,0.0,0.0,0.0,,,,,,,,,,,,,,,1.9525738997719906,2.319730489657828,,,,,,,,,,,,2.627247759584825,"rgba(239, 83, 80, 0.5)"
2022-06-22 00:00:00+00:00,1.19,1.25,1.18,1.22,3065931,0.0,0.0,0.0,0.0,0.0,0.0,0.0,0.0,,,,,,,,,,,,,,,1.9377878518890697,2.302952879164021,,,,,,,,,,,,2.610558318211311,"rgba(239, 83, 80, 0.5)"
2022-06-23 00:00:00+00:00,1.16,1.19,1.12,1.17,3679539,0.0,0.0,0.0,0.0,0.0,0.0,0.0,0.0,,,,,,,,,,,,,,,1.9196366341386222,2.282584900728159,,,,,,,,,,,,2.590344040165764,"rgba(239, 83, 80, 0.5)"
2022-06-24 00:00:00+00:00,1.24,1.29,1.1601,1.18,4821915,0.0,0.0,0.0,0.0,0.0,0.0,0.0,0.0,,,,,,,,,,,,,,,1.8992575283352264,2.258633679408079,,,,,,,,,,,,2.5660024607320766,"rgba(239, 83, 80, 0.5)"
2022-06-27 00:00:00+00:00,1.17,1.26,1.16,1.25,2198272,0.0,0.0,0.0,0.0,0.0,0.0,0.0,0.0,,,,,,,,,,,,,,,1.8899177148151178,2.2477299510137247,,,,,,,,,,,,2.554922098292876,"rgba(239, 83, 80, 0.5)"
2022-06-28 00:00:00+00:00,1.13,1.205,1.1,1.17,2349385,0.0,0.0,0.0,0.0,0.0,0.0,0.0,0.0,,,,,,,,,,,,,,,1.8794827717209286,2.2357607199367617,,,,,,,,,,,,2.5428336030036185,"rgba(239, 83, 80, 0.5)"
2022-06-29 00:00:00+00:00,1.11,1.12,1.04,1.12,1258117,0.0,0.0,0.0,0.0,0.0,0.0,0.0,0.0,,,,,,,,,,,,,,,1.8736045552710583,2.229139457293778,,,,,,,,,,,,2.536193567633767,"rgba(239, 83, 80, 0.5)"
2022-06-30 00:00:00+00:00,1.07,1.12,1.01,1.12,2092666,0.0,0.0,0.0,0.0,0.0,0.0,0.0,0.0,,,,,,,,,,,,,,,1.8637332090617873,2.2180718446273118,,,,,,,,,,,,2.5251063676248346,"rgba(239, 83, 80, 0.5)"
2022-07-01 00:00:00+00:00,1.1,1.12,1.0299,1.06,1848528,0.0,0.0,0.0,0.0,0.0,0.0,0.0,0.0,,,,,,,,,,,,,,,1.8553900533555578,2.20860797676864,,,,,,,,,,,,2.5155610007933262,"rgba(239, 83, 80, 0.5)"
2022-07-05 00:00:00+00:00,1.13,1.14,1.02,1.07,1356390,0.0,0.0,0.0,0.0,0.0,0.0,0.0,0.0,,,,,,,,,,,,,,,1.8494847367249698,2.2018447967994907,,,,,,,,,,,,2.50870154511694,"rgba(239, 83, 80, 0.5)"
2022-07-06 00:00:00+00:00,1.15,1.16,1.09,1.12,2132660,0.0,0.0,0.0,0.0,0.0,0.0,0.0,0.0,,,,,,,,,,,,,,,1.8408267057008376,2.191723136205397,,,,,,,,,,,,2.498326093921768,"rgba(239, 83, 80, 0.5)"
2022-07-07 00:00:00+00:00,1.27,1.3,1.15,1.16,3196184,0.0,0.0,0.0,0.0,0.0,0.0,0.0,0.0,,,,,,,,,,,,,,,1.8301343031716018,2.1784010808661987,,,,,,,,,,,,2.484258853861899,"rgba(239, 83, 80, 0.5)"
2022-07-08 00:00:00+00:00,1.11,1.2099,1.1,1.19,4141558,0.0,0.0,0.0,0.0,0.0,0.0,0.0,0.0,,,,,,,,,,,,,,,1.8145778150931047,2.159901369620461,,,,,,,,,,,,2.465063536409704,"rgba(239, 83, 80, 0.5)"
2022-07-11 00:00:00+00:00,1.01,1.16,1.0,1.16,2487812,0.0,0.0,0.0,0.0,0.0,0.0,0.0,0.0,,,,,,,,,,,,,,,1.804452972311469,2.1482202426499035,,,,,,,,,,,,2.4530858964154887,"rgba(239, 83, 80, 0.5)"
2022-07-12 00:00:00+00:00,1.07,1.08,0.9069,1.0,9849661,0.0,0.0,0.0,0.0,0.0,0.0,0.0,0.0,,,,,,,,,,,,,,,1.7649954939177412,2.1027865867765203,,,,,,,,,,,,2.4063712512039266,"rgba(239, 83, 80, 0.5)"
2022-07-13 00:00:00+00:00,1.09,1.115,0.98985,1.0,2631652,0.0,0.0,0.0,0.0,0.0,0.0,0.0,0.0,,,,,,,,,,,,,,,1.7557243338768271,2.0917488820313106,,,,,,,,,,,,2.3947974294513004,"rgba(239, 83, 80, 0.5)"
2022-07-14 00:00:00+00:00,1.0,1.055,1.0,1.04,2068551,0.0,0.0,0.0,0.0,0.0,0.0,0.0,0.0,,,,,,,,,,,,,,,1.7481272689612433,2.0828499068226916,,,,,,,,,,,,2.385525312883296,"rgba(239, 83, 80, 0.5)"
2022-07-15 00:00:00+00:00,1.06,1.08,1.0,1.06,1831597,0.0,0.0,0.0,0.0,0.0,0.0,0.0,0.0,,,,,,,,,,,,,,,1.7417860739545812,2.075299054091771,,,,,,,,,,,,2.3775869721333294,"rgba(239, 83, 80, 0.5)"
2022-07-18 00:00:00+00:00,1.23,1.25,1.1,1.1,3470227,0.0,0.0,0.0,0.0,0.0,0.0,0.0,0.0,,,,,,,,,,,,,,,1.732550591869718,2.063287920974812,,,,,,,,,,,,2.3644312054665577,"rgba(239, 83, 80, 0.5)"
2022-07-19 00:00:00+00:00,1.27,1.3267,1.24,1.25,1954362,0.0,0.0,0.0,0.0,0.0,0.0,0.0,0.0,,,,,,,,,,,,,,,1.728288824376716,2.0573176768580574,,,,,,,,,,,,2.357682006155704,#000000
2022-07-20 00:00:00+00:00,1.44,1.4499,1.26,1.26,2661080,0.0,0.0,0.0,0.0,0.0,0.0,0.0,0.0,,,,,,,,,,,,,,,1.7239316376270635,2.0504040223573137,,,,,,,,,,,,2.3495024265017563,"rgba(38, 166, 154, 1.0)"
2022-07-21 00:00:00+00:00,1.35,1.44,1.33,1.43,957770,0.0,0.0,0.0,0.0,0.0,0.0,0.0,0.0,,,,,,,,,,,,,,,1.7223451213144743,2.047913598223551,,,,,,,,,,,,2.346561935239782,"rgba(38, 166, 154, 1.0)"
2022-07-22 00:00:00+00:00,1.29,1.365,1.23,1.33,1148149,0.0,0.0,0.0,0.0,0.0,0.0,0.0,0.0,,,,,,,,,,,,,,,1.7200394310042655,2.0446082995321846,,,,,,,,,,,,2.3427783694430815,"rgba(38, 166, 154, 1.0)"
2022-07-25 00:00:00+00:00,1.39,1.4,1.26,1.3,1434349,0.0,0.0,0.0,0.0,0.0,0.0,0.0,0.0,,,,,,,,,,,,,,,1.7175619555484993,2.0408196291485146,,,,,,,,,,,,2.3383358680397226,"rgba(38, 166, 154, 1.0)"
2022-07-26 00:00:00+00:00,1.32,1.42,1.24,1.35,3566327,0.0,0.0,0.0,0.0,0.0,0.0,0.0,0.0,,,,,,,,,,,,,,,1.711161394098908,2.0312641109260308,,,,,,,,,,,,2.327203826533323,"rgba(38, 166, 154, 1.0)"
2022-07-27 00:00:00+00:00,1.43,1.43,1.2941,1.33,888384,0.0,0.0,0.0,0.0,0.0,0.0,0.0,0.0,,,,,,,,,,,,,,,1.7098352179415504,2.0291162357272317,,,,,,,,,,,,2.324627444952844,"rgba(38, 166, 154, 1.0)"
2022-07-28 00:00:00+00:00,1.45,1.47,1.36,1.43,999269,0.0,0.0,0.0,0.0,0.0,0.0,0.0,0.0,,,,,,,,,,,,,,,1.7085472169956382,2.026873489867802,,,,,,,,,,,,2.321874910126301,"rgba(38, 166, 154, 1.0)"
2022-07-29 00:00:00+00:00,1.55,1.575,1.41,1.46,4377852,0.0,0.0,0.0,0.0,0.0,0.0,0.0,0.0,,,,,,,,,,,,,,,1.7047005605922148,2.018605618918639,,,,,,,,,,,,2.3111385441473815,"rgba(38, 166, 154, 1.0)"
2022-08-01 00:00:00+00:00,1.45,1.55,1.39,1.54,1635234,0.0,0.0,0.0,0.0,0.0,0.0,0.0,0.0,,,,,,,,,,,,,,,1.7029518426111332,2.015297040451204,,,,,,,,,,,,2.306962825430181,"rgba(38, 166, 154, 1.0)"
2022-08-02 00:00:00+00:00,1.47,1.52,1.39,1.39,1179125,0.0,0.0,0.0,0.0,0.0,0.0,0.0,0.0,,,,,,,,,,,,,,,1.7016892051603971,2.0129214105253284,,,,,,,,,,,,2.303965459499868,"rgba(38, 166, 154, 1.0)"
2022-08-03 00:00:00+00:00,1.56,1.61,1.45,1.46,2531397,0.0,0.0,0.0,0.0,0.0,0.0,0.0,0.0,,,,,,,,,,,,,,,1.699905096956952,2.008617410530392,,,,,,,,,,,,2.2982049296010176,"rgba(38, 166, 154, 1.0)"
2022-08-04 00:00:00+00:00,1.47,1.53,1.43,1.5,3731268,0.0,0.0,0.0,0.0,0.0,0.0,0.0,0.0,,,,,,,,,,,,,,,1.6963323799164147,2.001575934437522,,,,,,,,,,,,2.2891744169329153,"rgba(38, 166, 154, 1.0)"
2022-08-05 00:00:00+00:00,1.52,1.57,1.38,1.47,4191451,0.0,0.0,0.0,0.0,0.0,0.0,0.0,0.0,,,,,,,,,,,,,,,1.6926884780473475,1.9940804434363648,,,,,,,,,,,,2.2794266675722707,"rgba(38, 166, 154, 1.0)"
2022-08-08 00:00:00+00:00,1.65,1.69,1.51,1.52,2951124,0.0,0.0,0.0,0.0,0.0,0.0,0.0,0.0,,,,,,,,,,,,,,,1.6917548074105426,1.9902267820941253,,,,,,,,,,,,2.2737834292512336,"rgba(38, 166, 154, 1.0)"
2022-08-09 00:00:00+00:00,1.5,1.55,1.28,1.55,3859101,0.0,0.0,0.0,0.0,0.0,0.0,0.0,0.0,,,,,,,,,,,,,,,1.687828142713074,1.9830207404316584,,,,,,,,,,,,2.2646386042592783,"rgba(38, 166, 154, 0.75)"
2022-08-10 00:00:00+00:00,1.6,1.695,1.49,1.52,3311088,0.0,0.0,0.0,0.0,0.0,0.0,0.0,0.0,,,,,,,,,,,,,,,1.686586065303349,1.9786831222411356,,,,,,,,,,,,2.2583709806676766,"rgba(38, 166, 154, 0.75)"
2022-08-11 00:00:00+00:00,1.7,1.71,1.615,1.64,1739234,0.0,0.0,0.0,0.0,0.0,0.0,0.0,0.0,,,,,,,,,,,,,,,1.6865052021729332,1.9769103145565967,,,,,,,,,,,,2.255516910848351,"rgba(38, 166, 154, 0.75)"
2022-08-12 00:00:00+00:00,1.83,1.83,1.59,1.71,3043072,0.0,0.0,0.0,0.0,0.0,0.0,0.0,0.0,,,,,,,,,,,,,,,1.687271214342811,1.9746160893726499,,,,,,,,,,,,2.2512264106200943,"rgba(38, 166, 154, 1.0)"
2022-08-15 00:00:00+00:00,1.79,1.85,1.74,1.81,1660692,0.0,0.0,0.0,0.0,0.0,0.0,0.0,0.0,,,,,,,,,,,,,,,1.6879649352253419,1.9736213130437152,,,,,,,,,,,,2.2491153229637586,"rgba(38, 166, 154, 1.0)"
2022-08-16 00:00:00+00:00,1.99,2.045,1.77,1.79,3345235,0.0,0.0,0.0,0.0,0.0,0.0,0.0,0.0,,,,,,,,,,,,,,,1.6911773824098675,1.9731990731041003,,,,,,,,,,,,2.2462249483724603,"rgba(38, 166, 154, 1.0)"
2022-08-17 00:00:00+00:00,1.85,1.96,1.755,1.9,4081039,0.0,0.0,0.0,0.0,0.0,0.0,0.0,0.0,,,,,,,,,,,,,,,1.6937357306505256,1.971643335606449,,,,,,,,,,,,2.2418819705393616,"rgba(38, 166, 154, 1.0)"
2022-08-18 00:00:00+00:00,1.88,1.91,1.83,1.89,1614757,0.0,0.0,0.0,0.0,0.0,0.0,0.0,0.0,,,,,,,,,,,,,,,1.6948386594867648,1.9711340041337215,,,,,,,,,,,,2.240270253072605,"rgba(38, 166, 154, 1.0)"
2022-08-19 00:00:00+00:00,1.8,1.85,1.75,1.85,1750980,0.0,0.0,0.0,0.0,0.0,0.0,0.0,0.0,,,,,,,,,,,,,,,1.6955343156219955,1.9701779552085947,,,,,,,,,,,,2.2381923137201376,"rgba(38, 166, 154, 0.75)"
2022-08-22 00:00:00+00:00,1.64,1.77,1.64,1.75,1876887,0.0,0.0,0.0,0.0,0.0,0.0,0.0,0.0,,,,,,,,,,,,,,,1.6954484099946967,1.9684704794569177,,,,,,,,,,,,2.23539937440923,"rgba(38, 166, 154, 0.75)"
2022-08-23 00:00:00+00:00,1.65,1.72,1.635,1.66,1692072,0.0,0.0,0.0,0.0,0.0,0.0,0.0,0.0,,,,,,,,,,,,,,,1.6952773807555621,1.9668684005646306,,,,,,,,,,,,2.23283768257249,"rgba(38, 166, 154, 0.75)"
2022-08-24 00:00:00+00:00,1.73,1.78,1.64,1.65,2312337,0.0,0.0,0.0,0.0,0.0,0.0,0.0,0.0,,,,,,,,,,,,,,,1.6954601742177908,1.9650565170017862,,,,,,,,,,,,2.2296706953633816,"rgba(38, 166, 154, 0.75)"
2022-08-25 00:00:00+00:00,1.77,1.825,1.73,1.74,1894565,0.0,0.0,0.0,0.0,0.0,0.0,0.0,0.0,,,,,,,,,,,,,,,1.6960132403342747,1.963935500719621,,,,,,,,,,,,2.227396486749843,"rgba(38, 166, 154, 0.75)"
2022-08-26 00:00:00+00:00,1.7,1.83,1.69,1.75,1808332,0.0,0.0,0.0,0.0,0.0,0.0,0.0,0.0,,,,,,,,,,,,,,,1.6963032484999874,1.9626818325516617,,,,,,,,,,,,2.2250806075250833,"rgba(38, 166, 154, 0.75)"
2022-08-29 00:00:00+00:00,1.72,1.74,1.62,1.67,1392187,0.0,0.0,0.0,0.0,0.0,0.0,0.0,0.0,,,,,,,,,,,,,,,1.6962882498256828,1.9615259177567137,,,,,,,,,,,,2.223142524369514,"rgba(38, 166, 154, 0.75)"
2022-08-30 00:00:00+00:00,1.69,1.835,1.645,1.76,3511875,0.0,0.0,0.0,0.0,0.0,0.0,0.0,0.0,,,,,,,,,,,,,,,1.6966284549958888,1.9589749513825128,,,,,,,,,,,,2.2185890997549285,#000000
2022-08-31 00:00:00+00:00,1.6,1.75,1.6,1.68,1585695,0.0,0.0,0.0,0.0,0.0,0.0,0.0,0.0,,,,,,,,,,,,,,,1.6963651103531883,1.957488039158942,,,,,,,,,,,,2.216259773985326,#000000
2022-09-01 00:00:00+00:00,1.57,1.61,1.52,1.59,1609410,0.0,0.0,0.0,0.0,0.0,0.0,0.0,0.0,,,,,,,,,,,,,,,1.6956258917028741,1.955588399142677,,,,,,,,,,,,2.2135699855649,"rgba(239, 83, 80, 0.5)"
2022-09-02 00:00:00+00:00,1.57,1.625,1.52,1.6,1635549,0.0,0.0,0.0,0.0,0.0,0.0,0.0,0.0,,,,,,,,,,,,,,,1.6949120438569185,1.9537013091378979,,,,,,,,,,,,2.210880188413776,"rgba(239, 83, 80, 0.5)"
2022-09-06 00:00:00+00:00,1.54,1.64,1.52,1.6,1941922,0.0,0.0,0.0,0.0,0.0,0.0,0.0,0.0,,,,,,,,,,,,,,,1.694041125638938,1.9514556657691382,,,,,,,,,,,,2.207690908893405,"rgba(239, 83, 80, 1.0)"
2022-09-07 00:00:00+00:00,1.61,1.65,1.51,1.52,4557575,0.0,0.0,0.0,0.0,0.0,0.0,0.0,0.0,,,,,,,,,,,,,,,1.692408917741381,1.9465997182366115,,,,,,,,,,,,2.20059645341519,"rgba(239, 83, 80, 1.0)"
2022-09-08 00:00:00+00:00,1.65,1.755,1.585,1.59,2119303,0.0,0.0,0.0,0.0,0.0,0.0,0.0,0.0,,,,,,,,,,,,,,,1.692198345362168,1.9448411121264981,,,,,,,,,,,,2.1977422770561126,"rgba(239, 83, 80, 0.5)"
2022-09-09 00:00:00+00:00,1.74,1.76,1.65,1.65,1462209,0.0,0.0,0.0,0.0,0.0,0.0,0.0,0.0,,,,,,,,,,,,,,,1.6923200000532248,1.9438679153731322,,,,,,,,,,,,2.1959854273824937,#000000
2022-09-12 00:00:00+00:00,1.92,1.94,1.76,1.77,2393972,0.0,0.0,0.0,0.0,0.0,0.0,0.0,0.0,,,,,,,,,,,,,,,1.6937815845864357,1.9433787865994434,,,,,,,,,,,,2.194067746070401,"rgba(38, 166, 154, 1.0)"
2022-09-13 00:00:00+00:00,1.83,1.9083,1.81,1.85,1649449,0.0,0.0,0.0,0.0,0.0,0.0,0.0,0.0,,,,,,,,,,,,,,,1.6946427325600903,1.9429320550618352,,,,,,,,,,,,2.192662198406608,"rgba(38, 166, 154, 1.0)"
2022-09-14 00:00:00+00:00,1.83,1.89,1.755,1.84,1563238,0.0,0.0,0.0,0.0,0.0,0.0,0.0,0.0,,,,,,,,,,,,,,,1.6953226779360748,1.9424029570927988,,,,,,,,,,,,2.1912465782939,"rgba(38, 166, 154, 1.0)"
2022-09-15 00:00:00+00:00,1.87,1.985,1.8,1.8,2306874,0.0,0.0,0.0,0.0,0.0,0.0,0.0,0.0,,,,,,,,,,,,,,,1.6967715260787775,1.9420254097541694,,,,,,,,,,,,2.1895163352579132,"rgba(38, 166, 154, 1.0)"
2022-09-16 00:00:00+00:00,1.81,1.9,1.74,1.83,7639409,0.0,0.0,0.0,0.0,0.0,0.0,0.0,0.0,,,,,,,,,,,,,,,1.699729510447687,1.9393532036999268,,,,,,,,,,,,2.1826684735368307,"rgba(38, 166, 154, 1.0)"
2022-09-19 00:00:00+00:00,1.72,1.82,1.65,1.76,1357004,0.0,0.0,0.0,0.0,0.0,0.0,0.0,0.0,,,,,,,,,,,,,,,1.6998615901234602,1.9385634804102443,,,,,,,,,,,,2.181196471938498,"rgba(38, 166, 154, 0.75)"
2022-09-20 00:00:00+00:00,1.66,1.725,1.635,1.67,2122342,0.0,0.0,0.0,0.0,0.0,0.0,0.0,0.0,,,,,,,,,,,,,,,1.6996817834262032,1.9370078809453488,,,,,,,,,,,,2.1786266335434203,#000000
2022-09-21 00:00:00+00:00,1.57,1.68,1.55,1.68,2121226,0.0,0.0,0.0,0.0,0.0,0.0,0.0,0.0,,,,,,,,,,,,,,,1.6990110462566552,1.9350438509159735,,,,,,,,,,,,2.175714989826287,"rgba(239, 83, 80, 1.0)"
2022-09-22 00:00:00+00:00,1.42,1.59,1.41,1.56,1764589,0.0,0.0,0.0,0.0,0.0,0.0,0.0,0.0,,,,,,,,,,,,,,,1.6977548494289527,1.9328162669770546,,,,,,,,,,,,2.1727870951644364,"rgba(239, 83, 80, 1.0)"
2022-09-23 00:00:00+00:00,1.36,1.39,1.305,1.39,2425327,0.0,0.0,0.0,0.0,0.0,0.0,0.0,0.0,,,,,,,,,,,,,,,1.6951271689476137,1.9289879436668875,,,,,,,,,,,,2.168109369664927,"rgba(239, 83, 80, 1.0)"
2022-09-26 00:00:00+00:00,1.3,1.43,1.3,1.35,1521439,0.0,0.0,0.0,0.0,0.0,0.0,0.0,0.0,,,,,,,,,,,,,,,1.6934595582637575,1.9265777303442115,,,,,,,,,,,,2.165172403774817,"rgba(239, 83, 80, 1.0)"
2022-09-27 00:00:00+00:00,1.36,1.455,1.32,1.32,2511189,0.0,0.0,0.0,0.0,0.0,0.0,0.0,0.0,,,,,,,,,,,,,,,1.6910131376309991,1.9228788273597373,,,,,,,,,,,,2.1605748313867683,"rgba(239, 83, 80, 1.0)"
2022-09-28 00:00:00+00:00,1.39,1.43,1.36,1.4,1972412,0.0,0.0,0.0,0.0,0.0,0.0,0.0,0.0,,,,,,,,,,,,,,,1.6892089818154237,1.920087409329333,,,,,,,,,,,,2.1570696994856093,"rgba(239, 83, 80, 1.0)"
2022-09-29 00:00:00+00:00,1.39,1.415,1.315,1.36,1314595,0.0,0.0,0.0,0.0,0.0,0.0,0.0,0.0,,,,,,,,,,,,,,,1.687938160784169,1.9181732202393433,,,,,,,,,,,,2.1546905799384604,"rgba(239, 83, 80, 1.0)"
2022-09-30 00:00:00+00:00,1.37,1.47,1.37,1.41,1607317,0.0,0.0,0.0,0.0,0.0,0.0,0.0,0.0,,,,,,,,,,,,,,,1.6865450392386758,1.9159788015579424,,,,,,,,,,,,2.151912188807082,"rgba(239, 83, 80, 1.0)"
2022-10-03 00:00:00+00:00,1.48,1.52,1.37,1.45,1668747,0.0,0.0,0.0,0.0,0.0,0.0,0.0,0.0,,,,,,,,,,,,,,,1.6853827015505527,1.9139551927085294,,,,,,,,,,,,2.149253240265164,"rgba(239, 83, 80, 0.75)"
2022-10-04 00:00:00+00:00,1.61,1.62,1.51,1.51,1974295,0.0,0.0,0.0,0.0,0.0,0.0,0.0,0.0,,,,,,,,,,,,,,,1.6847560374504693,1.9122235011143425,,,,,,,,,,,,2.146689121390462,"rgba(239, 83, 80, 0.75)"
2022-10-05 00:00:00+00:00,1.63,1.65,1.49,1.57,2507984,0.0,0.0,0.0,0.0,0.0,0.0,0.0,0.0,,,,,,,,,,,,,,,1.6840456148743916,1.910114868543694,,,,,,,,,,,,2.143521887334919,#000000
2022-10-06 00:00:00+00:00,1.6,1.695,1.58,1.6,1081238,0.0,0.0,0.0,0.0,0.0,0.0,0.0,0.0,,,,,,,,,,,,,,,1.683855378937115,1.9093127536526633,,,,,,,,,,,,2.1422531634429562,#000000
2022-10-07 00:00:00+00:00,1.56,1.635,1.53,1.57,2863619,0.0,0.0,0.0,0.0,0.0,0.0,0.0,0.0,,,,,,,,,,,,,,,1.682934381009513,1.9068402343595718,,,,,,,,,,,,2.1386008704074815,#000000
2022-10-10 00:00:00+00:00,1.6,1.635,1.52,1.61,1809802,0.0,0.0,0.0,0.0,0.0,0.0,0.0,0.0,,,,,,,,,,,,,,,1.6824134937832524,1.905342903825717,,,,,,,,,,,,2.1363573105828584,#000000
2022-10-11 00:00:00+00:00,1.61,1.645,1.51,1.6,1870425,0.0,0.0,0.0,0.0,0.0,0.0,0.0,0.0,,,,,,,,,,,,,,,1.6818991718167717,1.9038259381168925,,,,,,,,,,,,2.1340715303284417,"rgba(38, 166, 154, 0.5)"
2022-10-12 00:00:00+00:00,1.62,1.7,1.58,1.61,1919605,0.0,0.0,0.0,0.0,0.0,0.0,0.0,0.0,,,,,,,,,,,,,,,1.681628209029963,1.9025040255383276,,,,,,,,,,,,2.131937197568651,"rgba(38, 166, 154, 0.5)"
2022-10-13 00:00:00+00:00,1.58,1.7,1.535,1.69,2559910,0.0,0.0,0.0,0.0,0.0,0.0,0.0,0.0,,,,,,,,,,,,,,,1.6810622813570533,1.9005776905408,,,,,,,,,,,,2.12895894522123,"rgba(38, 166, 154, 0.5)"
2022-10-14 00:00:00+00:00,1.46,1.64,1.43,1.61,1768609,0.0,0.0,0.0,0.0,0.0,0.0,0.0,0.0,,,,,,,,,,,,,,,1.6801938743598464,1.8988382280923912,,,,,,,,,,,,2.1265513745756572,#000000
2022-10-17 00:00:00+00:00,1.59,1.6,1.49,1.5,1854566,0.0,0.0,0.0,0.0,0.0,0.0,0.0,0.0,,,,,,,,,,,,,,,1.6795574363467107,1.8972632045506832,,,,,,,,,,,,2.124249937114463,#000000
2022-10-18 00:00:00+00:00,1.72,1.72,1.59,1.64,1540955,0.0,0.0,0.0,0.0,0.0,0.0,0.0,0.0,,,,,,,,,,,,,,,1.6795447735870728,1.8964144797906812,,,,,,,,,,,,2.1227443080181034,"rgba(38, 166, 154, 0.5)"
2022-10-19 00:00:00+00:00,1.62,1.74,1.59,1.71,1315237,0.0,0.0,0.0,0.0,0.0,0.0,0.0,0.0,,,,,,,,,,,,,,,1.6794347238777085,1.8956079421365086,,,,,,,,,,,,2.1213908668607173,"rgba(38, 166, 154, 0.5)"
2022-10-20 00:00:00+00:00,1.65,1.69,1.62,1.63,1014672,0.0,0.0,0.0,0.0,0.0,0.0,0.0,0.0,,,,,,,,,,,,,,,1.6793599332242521,1.8949977133031277,,,,,,,,,,,,2.120359351251004,"rgba(38, 166, 154, 0.5)"
2022-10-21 00:00:00+00:00,1.67,1.67,1.59,1.67,1038597,0.0,0.0,0.0,0.0,0.0,0.0,0.0,0.0,,,,,,,,,,,,,,,1.6792545779102188,1.8943505561865306,,,,,,,,,,,,2.119285704418698,"rgba(38, 166, 154, 1.0)"
2022-10-24 00:00:00+00:00,1.62,1.68,1.58,1.67,801894,0.0,0.0,0.0,0.0,0.0,0.0,0.0,0.0,,,,,,,,,,,,,,,1.679136107605199,1.8938201376391646,,,,,,,,,,,,2.1184311368084514,"rgba(38, 166, 154, 1.0)"
2022-10-25 00:00:00+00:00,1.62,1.67,1.58,1.58,1842424,0.0,0.0,0.0,0.0,0.0,0.0,0.0,0.0,,,,,,,,,,,,,,,1.6788487584837026,1.8925942732097663,,,,,,,,,,,,2.1164656446545727,"rgba(38, 166, 154, 0.5)"
2022-10-26 00:00:00+00:00,1.53,1.65,1.515,1.63,1901703,0.0,0.0,0.0,0.0,0.0,0.0,0.0,0.0,,,,,,,,,,,,,,,1.6782468460591298,1.8910689603610382,,,,,,,,,,,,2.1142151605940525,#000000
2022-10-27 00:00:00+00:00,1.55,1.6,1.5,1.58,2456608,0.0,0.0,0.0,0.0,0.0,0.0,0.0,0.0,,,,,,,,,,,,,,,1.6773769069050588,1.8890297893081118,,,,,,,,,,,,2.1112563855647317,#000000
2022-10-28 00:00:00+00:00,1.55,1.56,1.47,1.54,2106236,0.0,0.0,0.0,0.0,0.0,0.0,0.0,0.0,,,,,,,,,,,,,,,1.6765054666046981,1.887181771739895,,,,,,,,,,,,2.108639761866027,#000000
2022-10-31 00:00:00+00:00,1.43,1.59,1.4,1.52,6243954,0.0,0.0,0.0,0.0,0.0,0.0,0.0,0.0,,,,,,,,,,,,,,,1.6730814936180145,1.8810181035201017,,,,,,,,,,,,2.100320185840892,"rgba(239, 83, 80, 1.0)"
2022-11-01 00:00:00+00:00,1.39,1.5,1.36,1.47,2881272,0.0,0.0,0.0,0.0,0.0,0.0,0.0,0.0,,,,,,,,,,,,,,,1.6711028407473814,1.8778485743151774,,,,,,,,,,,,2.0962137780101897,"rgba(239, 83, 80, 1.0)"
2022-11-02 00:00:00+00:00,1.31,1.42,1.295,1.38,3628440,0.0,0.0,0.0,0.0,0.0,0.0,0.0,0.0,,,,,,,,,,,,,,,1.6679322988879335,1.8732789691775087,,,,,,,,,,,,2.0905490983509307,"rgba(239, 83, 80, 1.0)"
2022-11-03 00:00:00+00:00,1.35,1.4,1.295,1.31,765338,0.0,0.0,0.0,0.0,0.0,0.0,0.0,0.0,,,,,,,,,,,,,,,1.667284828100433,1.8723370054488515,,,,,,,,,,,,2.089375646343499,"rgba(239, 83, 80, 1.0)"
2022-11-04 00:00:00+00:00,1.27,1.375,1.23,1.34,1592417,0.0,0.0,0.0,0.0,0.0,0.0,0.0,0.0,,,,,,,,,,,,,,,1.6657081677971448,1.8701771008202668,,,,,,,,,,,,2.0867601334181485,"rgba(239, 83, 80, 1.0)"
2022-11-07 00:00:00+00:00,1.21,1.3,1.19,1.29,1828919,0.0,0.0,0.0,0.0,0.0,0.0,0.0,0.0,,,,,,,,,,,,,,,1.663633727401742,1.8674680066645843,,,,,,,,,,,,2.083558408872513,"rgba(239, 83, 80, 1.0)"
2022-11-08 00:00:00+00:00,1.08,1.25,1.05,1.23,2845487,0.0,0.0,0.0,0.0,0.0,0.0,0.0,0.0,,,,,,,,,,,,,,,1.659655216381945,1.8625973196500045,,,,,,,,,,,,2.0780055698992834,"rgba(239, 83, 80, 1.0)"
2022-11-09 00:00:00+00:00,0.9594,1.09,0.95005,1.09,3063914,0.0,0.0,0.0,0.0,0.0,0.0,0.0,0.0,,,,,,,,,,,,,,,1.6544327034326776,1.8565321209897456,,,,,,,,,,,,2.0713103958456855,"rgba(239, 83, 80, 1.0)"
2022-11-10 00:00:00+00:00,1.15,1.18,1.0101,1.02,3704275,0.0,0.0,0.0,0.0,0.0,0.0,0.0,0.0,,,,,,,,,,,,,,,1.6493042934240278,1.8502691371013056,,,,,,,,,,,,2.0641722504932174,"rgba(239, 83, 80, 0.75)"
2022-11-11 00:00:00+00:00,1.13,1.2198,1.08,1.15,2693038,0.0,0.0,0.0,0.0,0.0,0.0,0.0,0.0,,,,,,,,,,,,,,,1.645841136669554,1.8459638388005908,,,,,,,,,,,,2.0592102889697985,"rgba(239, 83, 80, 0.75)"
2022-11-14 00:00:00+00:00,1.11,1.18,1.1,1.11,2827122,0.0,0.0,0.0,0.0,0.0,0.0,0.0,0.0,,,,,,,,,,,,,,,1.6421615555322995,1.8414159692954637,,,,,,,,,,,,2.053983863742006,"rgba(239, 83, 80, 0.75)"
2022-11-15 00:00:00+00:00,1.33,1.34,1.16,1.17,2753423,0.0,0.0,0.0,0.0,0.0,0.0,0.0,0.0,,,,,,,,,,,,,,,1.639639902093963,1.837943627179116,,,,,,,,,,,,2.0497489473917585,"rgba(239, 83, 80, 0.75)"
2022-11-16 00:00:00+00:00,1.21,1.29,1.2,1.29,923338,0.0,0.0,0.0,0.0,0.0,0.0,0.0,0.0,,,,,,,,,,,,,,,1.6387020333188798,1.836699583605709,,,,,,,,,,,,2.0482600906509045,"rgba(239, 83, 80, 0.75)"
2022-11-17 00:00:00+00:00,1.09,1.23,1.07,1.2,1684916,0.0,0.0,0.0,0.0,0.0,0.0,0.0,0.0,,,,,,,,,,,,,,,1.6365682821496752,1.8340560500052372,,,,,,,,,,,,2.045214426497515,"rgba(239, 83, 80, 0.75)"
2022-11-18 00:00:00+00:00,1.06,1.14,1.04,1.13,3368286,0.0,0.0,0.0,0.0,0.0,0.0,0.0,0.0,,,,,,,,,,,,,,,1.631940179162225,1.8284591338893479,,,,,,,,,,,,2.038856716370973,"rgba(239, 83, 80, 0.75)"
2022-11-21 00:00:00+00:00,1.09,1.125,1.04,1.04,1164428,0.0,0.0,0.0,0.0,0.0,0.0,0.0,0.0,,,,,,,,,,,,,,,1.6303724125657986,1.8265563345232276,,,,,,,,,,,,2.0366896314216243,"rgba(239, 83, 80, 0.75)"
2022-11-22 00:00:00+00:00,1.06,1.1,1.0,1.08,2465479,0.0,0.0,0.0,0.0,0.0,0.0,0.0,0.0,,,,,,,,,,,,,,,1.6268913836895211,1.8223887711583622,,,,,,,,,,,,2.0319819372422065,"rgba(239, 83, 80, 0.75)"
2022-11-23 00:00:00+00:00,1.09,1.12,1.03,1.05,1083835,0.0,0.0,0.0,0.0,0.0,0.0,0.0,0.0,,,,,,,,,,,,,,,1.6254448946587616,1.8206339094287278,,,,,,,,,,,,2.029982651463008,"rgba(239, 83, 80, 0.75)"
2022-11-25 00:00:00+00:00,1.05,1.095,1.05,1.09,498989,0.0,0.0,0.0,0.0,0.0,0.0,0.0,0.0,,,,,,,,,,,,,,,1.6247632684816218,1.81981246465244,,,,,,,,,,,,2.0290505273011274,"rgba(239, 83, 80, 0.75)"
2022-11-28 00:00:00+00:00,1.0,1.08,1.0,1.05,928878,0.0,0.0,0.0,0.0,0.0,0.0,0.0,0.0,,,,,,,,,,,,,,,1.6234122221533185,1.8182106594653324,,,,,,,,,,,,2.02725134234019,"rgba(239, 83, 80, 0.75)"
2022-11-29 00:00:00+00:00,1.02,1.03,0.995,1.0,1226584,0.0,0.0,0.0,0.0,0.0,0.0,0.0,0.0,,,,,,,,,,,,,,,1.6216027915575677,1.8160743306328662,,,,,,,,,,,,2.024857802886045,"rgba(239, 83, 80, 0.75)"
2022-11-30 00:00:00+00:00,1.13,1.13,1.03,1.03,4474587,0.0,0.0,0.0,0.0,0.0,0.0,0.0,0.0,,,,,,,,,,,,,,,1.615968754109659,1.8091611830880732,,,,,,,,,,,,2.0169197285484937,"rgba(239, 83, 80, 0.5)"
2022-12-01 00:00:00+00:00,1.07,1.15,1.05,1.12,2711242,0.0,0.0,0.0,0.0,0.0,0.0,0.0,0.0,,,,,,,,,,,,,,,1.6125703629067245,1.8049980437528972,,,,,,,,,,,,2.012141240358606,"rgba(239, 83, 80, 0.5)"
2022-12-02 00:00:00+00:00,1.09,1.1,1.02,1.05,1526758,0.0,0.0,0.0,0.0,0.0,0.0,0.0,0.0,,,,,,,,,,,,,,,1.6106034092541202,1.8026098509618635,,,,,,,,,,,,2.0094141006521378,"rgba(239, 83, 80, 0.5)"
2022-12-05 00:00:00+00:00,1.02,1.1,0.9999,1.08,1833809,0.0,0.0,0.0,0.0,0.0,0.0,0.0,0.0,,,,,,,,,,,,,,,1.6081294375514215,1.7996450410153344,,,,,,,,,,,,2.006055238256737,"rgba(239, 83, 80, 0.5)"
2022-12-06 00:00:00+00:00,1.01,1.03,0.99,1.0,1697893,0.0,0.0,0.0,0.0,0.0,0.0,0.0,0.0,,,,,,,,,,,,,,,1.6057380687052347,1.7968129761423677,,,,,,,,,,,,2.0028701854702806,"rgba(239, 83, 80, 0.5)"
2022-12-07 00:00:00+00:00,1.02,1.04,0.9798,1.0,1121516,0.0,0.0,0.0,0.0,0.0,0.0,0.0,0.0,,,,,,,,,,,,,,,1.604177551591187,1.7949611360591098,,,,,,,,,,,,2.0007843825935865,"rgba(239, 83, 80, 0.5)"
2022-12-08 00:00:00+00:00,1.01,1.04,0.995,1.0,2813892,0.0,0.0,0.0,0.0,0.0,0.0,0.0,0.0,,,,,,,,,,,,,,,1.6003095317667249,1.7903633787156636,,,,,,,,,,,,1.9955987075482873,"rgba(239, 83, 80, 0.5)"
2022-12-09 00:00:00+00:00,1.02,1.04,0.9901,0.995,1109385,0.0,0.0,0.0,0.0,0.0,0.0,0.0,0.0,,,,,,,,,,,,,,,1.5988028653718023,1.7885695051445871,,,,,,,,,,,,1.9935727226080349,"rgba(239, 83, 80, 0.5)"
2022-12-12 00:00:00+00:00,1.06,1.08,1.02,1.03,976379,0.0,0.0,0.0,0.0,0.0,0.0,0.0,0.0,,,,,,,,,,,,,,,1.5975663038896433,1.787072175434307,,,,,,,,,,,,1.9918631691665125,"rgba(239, 83, 80, 0.5)"
2022-12-13 00:00:00+00:00,1.11,1.23,1.09,1.1,1625971,0.0,0.0,0.0,0.0,0.0,0.0,0.0,0.0,,,,,,,,,,,,,,,1.5958579345175057,1.7848963489314391,,,,,,,,,,,,1.9893016788470699,"rgba(239, 83, 80, 0.5)"
2022-12-14 00:00:00+00:00,1.12,1.175,1.08,1.09,1366286,0.0,0.0,0.0,0.0,0.0,0.0,0.0,0.0,,,,,,,,,,,,,,,1.5943745576905244,1.7830274432808986,,,,,,,,,,,,1.9871148261125857,#000000
2022-12-15 00:00:00+00:00,1.07,1.12,1.06,1.1,2835066,0.0,0.0,0.0,0.0,0.0,0.0,0.0,0.0,,,,,,,,,,,,,,,1.5910555419423296,1.7789395770236645,,,,,,,,,,,,1.9823945759800818,#000000
2022-12-16 00:00:00+00:00,1.02,1.05,0.97,1.05,7099841,0.0,0.0,0.0,0.0,0.0,0.0,0.0,0.0,,,,,,,,,,,,,,,1.5818095999312867,1.7678995216792746,,,,,,,,,,,,1.969883496911304,"rgba(239, 83, 80, 0.5)"
2022-12-19 00:00:00+00:00,1.0,1.02,0.951,1.0,1587113,0.0,0.0,0.0,0.0,0.0,0.0,0.0,0.0,,,,,,,,,,,,,,,1.579701080081587,1.7654011060421726,,,,,,,,,,,,1.9670646086267232,"rgba(239, 83, 80, 0.5)"
2022-12-20 00:00:00+00:00,1.09,1.1,1.0,1.01,1566981,0.0,0.0,0.0,0.0,0.0,0.0,0.0,0.0,,,,,,,,,,,,,,,1.577890034043174,1.763180933734395,,,,,,,,,,,,1.9645041710387576,#000000
2022-12-21 00:00:00+00:00,1.04,1.11,1.03,1.11,1036780,0.0,0.0,0.0,0.0,0.0,0.0,0.0,0.0,,,,,,,,,,,,,,,1.57669102025563,1.7617127180079022,,,,,,,,,,,,1.9628118023166956,"rgba(239, 83, 80, 0.5)"
2022-12-22 00:00:00+00:00,1.03,1.1,0.9853,1.09,1748403,0.0,0.0,0.0,0.0,0.0,0.0,0.0,0.0,,,,,,,,,,,,,,,1.5745976816246663,1.7591749185646322,,,,,,,,,,,,1.9599042937587194,"rgba(239, 83, 80, 0.5)"
2022-12-23 00:00:00+00:00,1.03,1.06,1.01,1.01,620648,0.0,0.0,0.0,0.0,0.0,0.0,0.0,0.0,,,,,,,,,,,,,,,1.5738514677261148,1.758271983989433,,,,,,,,,,,,1.9588708923594986,"rgba(239, 83, 80, 0.5)"
2022-12-27 00:00:00+00:00,1.0,1.04,0.9901,1.04,1023191,0.0,0.0,0.0,0.0,0.0,0.0,0.0,0.0,,,,,,,,,,,,,,,1.5725729158634107,1.756740627927103,,,,,,,,,,,,1.957129503379043,"rgba(239, 83, 80, 0.5)"
2022-12-28 00:00:00+00:00,1.01,1.04,0.995,1.0,1265755,0.0,0.0,0.0,0.0,0.0,0.0,0.0,0.0,,,,,,,,,,,,,,,1.5710131575174884,1.7548674333335317,,,,,,,,,,,,1.9549953649965477,"rgba(239, 83, 80, 0.5)"
2022-12-29 00:00:00+00:00,1.06,1.06,1.01,1.01,1334434,0.0,0.0,0.0,0.0,0.0,0.0,0.0,0.0,,,,,,,,,,,,,,,1.569461504351517,1.752978053605922,,,,,,,,,,,,1.9528233772595591,"rgba(239, 83, 80, 0.5)"
2022-12-30 00:00:00+00:00,1.05,1.05,1.0,1.0,1408066,0.0,0.0,0.0,0.0,0.0,0.0,0.0,0.0,,,,,,,,,,,,,,,1.5678031655116447,1.7509673296589618,,,,,,,,,,,,1.950517660062581,#000000
2023-01-03 00:00:00+00:00,1.03,1.1,1.005,1.05,947346,0.0,0.0,0.0,0.0,0.0,0.0,0.0,0.0,,,,,,,,,,,,,,,1.5667174261034489,1.7496427170397415,,,,,,,,,,,,1.9489925209498653,#000000
2023-01-04 00:00:00+00:00,1.06,1.07,1.02,1.05,1144875,0.0,0.0,0.0,0.0,0.0,0.0,0.0,0.0,,,,,,,,,,,,,,,1.565423822173458,1.74805984289173,,,,,,,,,,,,1.9471663771639691,#000000
2023-01-05 00:00:00+00:00,1.04,1.125,1.02,1.05,792590,0.0,0.0,0.0,0.0,0.0,0.0,0.0,0.0,,,,,,,,,,,,,,,1.5645522408564458,1.7469864619955857,,,,,,,,,,,,1.945922872198072,#000000
2023-01-06 00:00:00+00:00,1.16,1.19,1.052,1.06,3261636,0.0,0.0,0.0,0.0,0.0,0.0,0.0,0.0,,,,,,,,,,,,,,,1.5615084257631409,1.7430669424361456,,,,,,,,,,,,1.9412578012349169,"rgba(38, 166, 154, 1.0)"
2023-01-09 00:00:00+00:00,1.18,1.22,1.15,1.16,2564914,0.0,0.0,0.0,0.0,0.0,0.0,0.0,0.0,,,,,,,,,,,,,,,1.5594176141194576,1.7402665275828524,,,,,,,,,,,,1.9378486297796995,"rgba(38, 166, 154, 1.0)"
2023-01-10 00:00:00+00:00,1.24,1.25,1.16,1.16,1934863,0.0,0.0,0.0,0.0,0.0,0.0,0.0,0.0,,,,,,,,,,,,,,,1.5579940712234615,1.7382978168111227,,,,,,,,,,,,1.9354098417121692,"rgba(38, 166, 154, 1.0)"
2023-01-11 00:00:00+00:00,1.38,1.38,1.23,1.24,1938098,0.0,0.0,0.0,0.0,0.0,0.0,0.0,0.0,,,,,,,,,,,,,,,1.5570494929664689,1.7367658393289471,,,,,,,,,,,,1.9333660549023548,"rgba(38, 166, 154, 1.0)"
2023-01-12 00:00:00+00:00,1.33,1.41,1.285,1.41,4229798,0.0,0.0,0.0,0.0,0.0,0.0,0.0,0.0,,,,,,,,,,,,,,,1.555119480258369,1.7335567376445467,,,,,,,,,,,,1.9290384946611987,"rgba(38, 166, 154, 1.0)"
2023-01-13 00:00:00+00:00,1.41,1.44,1.31,1.32,2611919,0.0,0.0,0.0,0.0,0.0,0.0,0.0,0.0,,,,,,,,,,,,,,,1.554192498989838,1.7318255803551654,,,,,,,,,,,,1.9265999977095347,"rgba(38, 166, 154, 1.0)"
2023-01-17 00:00:00+00:00,1.33,1.43,1.33,1.43,1519092,0.0,0.0,0.0,0.0,0.0,0.0,0.0,0.0,,,,,,,,,,,,,,,1.553583604078256,1.7307591348165388,,,,,,,,,,,,1.925130972071574,"rgba(38, 166, 154, 1.0)"
2023-01-18 00:00:00+00:00,1.33,1.46,1.32,1.38,4785512,0.0,0.0,0.0,0.0,0.0,0.0,0.0,0.0,,,,,,,,,,,,,,,1.5517569151360349,1.727499788939504,,,,,,,,,,,,1.920607191423983,"rgba(38, 166, 154, 0.75)"
2023-01-19 00:00:00+00:00,1.33,1.36,1.28,1.31,1563885,0.0,0.0,0.0,0.0,0.0,0.0,0.0,0.0,,,,,,,,,,,,,,,1.5510165633020654,1.7263100013923556,,,,,,,,,,,,1.9190208342674733,"rgba(38, 166, 154, 0.75)"
2023-01-20 00:00:00+00:00,1.51,1.52,1.3718,1.4,4375307,0.0,0.0,0.0,0.0,0.0,0.0,0.0,0.0,,,,,,,,,,,,,,,1.5502639621523868,1.724193965057249,,,,,,,,,,,,1.915688733254935,"rgba(38, 166, 154, 0.75)"
2023-01-23 00:00:00+00:00,1.69,1.73,1.48,1.53,6133221,0.0,0.0,0.0,0.0,0.0,0.0,0.0,0.0,,,,,,,,,,,,,,,1.551297354038288,1.7231653288000695,,,,,,,,,,,,1.9127992187803684,"rgba(38, 166, 154, 1.0)"
2023-01-24 00:00:00+00:00,1.62,1.8,1.59,1.69,4822457,0.0,0.0,0.0,0.0,0.0,0.0,0.0,0.0,,,,,,,,,,,,,,,1.552447192626739,1.7226962502876157,,,,,,,,,,,,1.91086112301213,"rgba(38, 166, 154, 1.0)"
2023-01-25 00:00:00+00:00,1.63,1.66,1.5,1.6,10006139,0.0,0.0,0.0,0.0,0.0,0.0,0.0,0.0,,,,,,,,,,,,,,,1.553318448852085,1.7204305158241875,,,,,,,,,,,,1.9057420591757286,"rgba(38, 166, 154, 1.0)"
2023-01-26 00:00:00+00:00,1.77,1.79,1.62,1.66,3374954,0.0,0.0,0.0,0.0,0.0,0.0,0.0,0.0,,,,,,,,,,,,,,,1.5544628451204174,1.720468102071482,,,,,,,,,,,,1.904763360028781,"rgba(38, 166, 154, 1.0)"
2023-01-27 00:00:00+00:00,1.79,1.86,1.7201,1.77,2925177,0.0,0.0,0.0,0.0,0.0,0.0,0.0,0.0,,,,,,,,,,,,,,,1.5558030904817026,1.720829616858255,,,,,,,,,,,,1.9042224533841547,"rgba(38, 166, 154, 1.0)"
2023-01-30 00:00:00+00:00,1.82,1.845,1.7,1.74,3083848,0.0,0.0,0.0,0.0,0.0,0.0,0.0,0.0,,,,,,,,,,,,,,,1.557189484212265,1.7211974318875352,,,,,,,,,,,,1.903649293934707,"rgba(38, 166, 154, 1.0)"
2023-01-31 00:00:00+00:00,1.91,1.94,1.86,1.88,2905629,0.0,0.0,0.0,0.0,0.0,0.0,0.0,0.0,,,,,,,,,,,,,,,1.5591231351205437,1.7221277267344612,,,,,,,,,,,,1.9036478284076637,"rgba(38, 166, 154, 1.0)"
2023-02-01 00:00:00+00:00,1.93,1.9399,1.83,1.9,2012965,0.0,0.0,0.0,0.0,0.0,0.0,0.0,0.0,,,,,,,,,,,,,,,1.560437134228788,1.7227547937165346,,,,,,,,,,,,1.9036360374639067,"rgba(38, 166, 154, 1.0)"
2023-02-02 00:00:00+00:00,2.06,2.1,1.94,1.94,3917828,0.0,0.0,0.0,0.0,0.0,0.0,0.0,0.0,,,,,,,,,,,,,,,1.5639589653397061,1.7248716793610044,,,,,,,,,,,,1.9044395722938696,"rgba(38, 166, 154, 1.0)"
2023-02-03 00:00:00+00:00,2.04,2.14,1.97,2.03,3359625,0.0,0.0,0.0,0.0,0.0,0.0,0.0,0.0,,,,,,,,,,,,,,,1.5670432635996947,1.7267609544947895,,,,,,,,,,,,1.9052088114042212,"rgba(38, 166, 154, 1.0)"
2023-02-06 00:00:00+00:00,2.02,2.04,1.97,2.0,1960683,0.0,0.0,0.0,0.0,0.0,0.0,0.0,0.0,,,,,,,,,,,,,,,1.5686776544744843,1.727718236309856,,,,,,,,,,,,1.9055310087911679,"rgba(38, 166, 154, 1.0)"
2023-02-07 00:00:00+00:00,1.9,1.9816,1.86,1.98,3058955,0.0,0.0,0.0,0.0,0.0,0.0,0.0,0.0,,,,,,,,,,,,,,,1.5706533700685044,1.7286946363308184,,,,,,,,,,,,1.9055708034271437,"rgba(38, 166, 154, 0.75)"
2023-02-08 00:00:00+00:00,1.87,1.98,1.83,1.9,1691184,0.0,0.0,0.0,0.0,0.0,0.0,0.0,0.0,,,,,,,,,,,,,,,1.57167122326335,1.7291706950214458,,,,,,,,,,,,1.9055385890816565,"rgba(38, 166, 154, 0.75)"
2023-02-09 00:00:00+00:00,1.83,1.94,1.81,1.87,2549774,0.0,0.0,0.0,0.0,0.0,0.0,0.0,0.0,,,,,,,,,,,,,,,1.5730359680317725,1.7297385732712818,,,,,,,,,,,,1.9053585661569272,"rgba(38, 166, 154, 0.75)"
2023-02-10 00:00:00+00:00,1.79,1.865,1.74,1.82,4375787,0.0,0.0,0.0,0.0,0.0,0.0,0.0,0.0,,,,,,,,,,,,,,,1.5748513186273236,1.730245765403445,,,,,,,,,,,,1.904637371517153,"rgba(38, 166, 154, 0.75)"
2023-02-13 00:00:00+00:00,1.74,1.8,1.71,1.79,1415661,0.0,0.0,0.0,0.0,0.0,0.0,0.0,0.0,,,,,,,,,,,,,,,1.5753067088688788,1.7302929073183744,,,,,,,,,,,,1.904300985370059,"rgba(38, 166, 154, 0.5)"
2023-02-14 00:00:00+00:00,1.74,1.79,1.67,1.71,1675995,0.0,0.0,0.0,0.0,0.0,0.0,0.0,0.0,,,,,,,,,,,,,,,1.5757916463924293,1.7303014731519617,,,,,,,,,,,,1.9038618140033727,"rgba(38, 166, 154, 0.5)"
2023-02-15 00:00:00+00:00,1.8,1.83,1.725,1.73,1667237,0.0,0.0,0.0,0.0,0.0,0.0,0.0,0.0,,,,,,,,,,,,,,,1.5764283472437408,1.7304543423532417,,,,,,,,,,,,1.9035588586017294,"rgba(38, 166, 154, 0.5)"
2023-02-16 00:00:00+00:00,1.75,1.835,1.74,1.77,1699413,0.0,0.0,0.0,0.0,0.0,0.0,0.0,0.0,,,,,,,,,,,,,,,1.577042434534546,1.7305808788842516,,,,,,,,,,,,1.9032257290811072,#000000
2023-02-17 00:00:00+00:00,1.85,1.8675,1.75,1.78,1866054,0.0,0.0,0.0,0.0,0.0,0.0,0.0,0.0,,,,,,,,,,,,,,,1.577873130855148,1.7308666966127615,,,,,,,,,,,,1.9029966874688782,"rgba(38, 166, 154, 0.5)"
2023-02-21 00:00:00+00:00,1.69,1.83,1.67,1.82,2631610,0.0,0.0,0.0,0.0,0.0,0.0,0.0,0.0,,,,,,,,,,,,,,,1.57859573640114,1.73086291264477,,,,,,,,,,,,1.90230723670921,#000000
2023-02-22 00:00:00+00:00,1.73,1.8,1.713,1.74,2962277,0.0,0.0,0.0,0.0,0.0,0.0,0.0,0.0,,,,,,,,,,,,,,,1.5794949285668867,1.7309450917996985,,,,,,,,,,,,1.9016166008671218,#000000
2023-02-23 00:00:00+00:00,1.64,1.77,1.555,1.77,6132117,0.0,0.0,0.0,0.0,0.0,0.0,0.0,0.0,,,,,,,,,,,,,,,1.5803171508005711,1.730183950542354,,,,,,,,,,,,1.8993574974833463,"rgba(239, 83, 80, 1.0)"
2023-02-24 00:00:00+00:00,1.57,1.635,1.54,1.56,2162626,0.0,0.0,0.0,0.0,0.0,0.0,0.0,0.0,,,,,,,,,,,,,,,1.5803223137441211,1.7296608547822936,,,,,,,,,,,,1.8983344667260855,"rgba(239, 83, 80, 1.0)"
2023-02-27 00:00:00+00:00,1.55,1.61,1.54,1.57,3756205,0.0,0.0,0.0,0.0,0.0,0.0,0.0,0.0,,,,,,,,,,,,,,,1.5802321725633306,1.7286698049419775,,,,,,,,,,,,1.8964897363193047,"rgba(239, 83, 80, 1.0)"
2023-02-28 00:00:00+00:00,1.77,1.85,1.64,1.68,4386783,0.0,0.0,0.0,0.0,0.0,0.0,0.0,0.0,,,,,,,,,,,,,,,1.5815564305227852,1.7288437060772446,,,,,,,,,,,,1.895565835585497,"rgba(239, 83, 80, 0.75)"
2023-03-01 00:00:00+00:00,1.63,1.8,1.63,1.79,2508121,0.0,0.0,0.0,0.0,0.0,0.0,0.0,0.0,,,,,,,,,,,,,,,1.5820141764735884,1.72867435874312,,,,,,,,,,,,1.894797848323009,"rgba(239, 83, 80, 0.75)"
2023-03-02 00:00:00+00:00,1.58,1.6,1.52,1.57,1734945,0.0,0.0,0.0,0.0,0.0,0.0,0.0,0.0,,,,,,,,,,,,,,,1.5819680820560162,1.7282256437358057,,,,,,,,,,,,1.8939655116986036,"rgba(239, 83, 80, 0.75)"
2023-03-03 00:00:00+00:00,1.59,1.62,1.55,1.58,1605614,0.0,0.0,0.0,0.0,0.0,0.0,0.0,0.0,,,,,,,,,,,,,,,1.5819811055482103,1.7278637208631655,,,,,,,,,,,,1.8932458149339972,"rgba(239, 83, 80, 0.75)"
2023-03-06 00:00:00+00:00,1.57,1.63,1.55,1.57,1688203,0.0,0.0,0.0,0.0,0.0,0.0,0.0,0.0,,,,,,,,,,,,,,,1.581985034981564,1.7274762354147843,,,,,,,,,,,,1.892484537273226,"rgba(239, 83, 80, 0.75)"
2023-03-07 00:00:00+00:00,1.49,1.56,1.47,1.56,1587637,0.0,0.0,0.0,0.0,0.0,0.0,0.0,0.0,,,,,,,,,,,,,,,1.5817797664853093,1.7269209106263965,,,,,,,,,,,,1.8915953140511363,"rgba(239, 83, 80, 0.75)"
2023-03-08 00:00:00+00:00,1.48,1.53,1.4625,1.5,1247913,0.0,0.0,0.0,0.0,0.0,0.0,0.0,0.0,,,,,,,,,,,,,,,1.5815853599647465,1.7264551339494547,,,,,,,,,,,,1.8908706077906785,"rgba(239, 83, 80, 1.0)"
2023-03-09 00:00:00+00:00,1.36,1.48,1.355,1.47,1722466,0.0,0.0,0.0,0.0,0.0,0.0,0.0,0.0,,,,,,,,,,,,,,,1.581046270549552,1.72556403691605,,,,,,,,,,,,1.8896443033273973,"rgba(239, 83, 80, 1.0)"
2023-03-10 00:00:00+00:00,1.24,1.37,1.175,1.35,3888805,0.0,0.0,0.0,0.0,0.0,0.0,0.0,0.0,,,,,,,,,,,,,,,1.5789390509402386,1.7227370574530854,,,,,,,,,,,,1.8861340820339065,"rgba(239, 83, 80, 1.0)"
2023-03-13 00:00:00+00:00,1.18,1.25,1.14,1.24,3949740,0.0,0.0,0.0,0.0,0.0,0.0,0.0,0.0,,,,,,,,,,,,,,,1.5763500279263967,1.719459983617637,,,,,,,,,,,,1.8822042236090686,"rgba(239, 83, 80, 1.0)"
2023-03-14 00:00:00+00:00,1.16,1.29,1.14,1.23,2598652,0.0,0.0,0.0,0.0,0.0,0.0,0.0,0.0,,,,,,,,,,,,,,,1.574694419372175,1.717352671617934,,,,,,,,,,,,1.879667431870394,"rgba(239, 83, 80, 1.0)"
2023-03-15 00:00:00+00:00,1.11,1.14,1.09,1.12,3443284,0.0,0.0,0.0,0.0,0.0,0.0,0.0,0.0,,,,,,,,,,,,,,,1.5720440906632271,1.7141437362003809,,,,,,,,,,,,1.8759282877080101,"rgba(239, 83, 80, 1.0)"
2023-03-16 00:00:00+00:00,1.09,1.13,1.07,1.11,2446711,0.0,0.0,0.0,0.0,0.0,0.0,0.0,0.0,,,,,,,,,,,,,,,1.5701115083555615,1.7118215105835373,,,,,,,,,,,,1.8732358600237904,"rgba(239, 83, 80, 1.0)"
2023-03-17 00:00:00+00:00,1.09,1.12,1.03,1.08,6153675,0.0,0.0,0.0,0.0,0.0,0.0,0.0,0.0,,,,,,,,,,,,,,,1.5651509765615852,1.7059012438639363,,,,,,,,,,,,1.866402137724863,"rgba(239, 83, 80, 1.0)"
2023-03-20 00:00:00+00:00,1.07,1.1,1.0205,1.1,2260997,0.0,0.0,0.0,0.0,0.0,0.0,0.0,0.0,,,,,,,,,,,,,,,1.5632923660632307,1.7036971704998929,,,,,,,,,,,,1.8638686983676018,"rgba(239, 83, 80, 1.0)"
2023-03-21 00:00:00+00:00,1.12,1.18,1.09,1.11,3035718,0.0,0.0,0.0,0.0,0.0,0.0,0.0,0.0,,,,,,,,,,,,,,,1.561147628465413,1.7010664919069312,,,,,,,,,,,,1.8607727643833316,"rgba(239, 83, 80, 1.0)"
2023-03-22 00:00:00+00:00,1.07,1.1385,1.07,1.11,1562980,0.0,0.0,0.0,0.0,0.0,0.0,0.0,0.0,,,,,,,,,,,,,,,1.5599571620590942,1.6996338981499501,,,,,,,,,,,,1.8591083938684796,"rgba(239, 83, 80, 1.0)"
2023-03-23 00:00:00+00:00,1.08,1.135,1.04,1.08,2203893,0.0,0.0,0.0,0.0,0.0,0.0,0.0,0.0,,,,,,,,,,,,,,,1.5582608046794346,1.6975993565104415,,,,,,,,,,,,1.8567498893839167,"rgba(239, 83, 80, 0.75)"
2023-03-24 00:00:00+00:00,1.1,1.1,1.04,1.08,1333397,0.0,0.0,0.0,0.0,0.0,0.0,0.0,0.0,,,,,,,,,,,,,,,1.557229565934923,1.6963649534809246,,,,,,,,,,,,1.8553207147962008,"rgba(239, 83, 80, 0.75)"
2023-03-27 00:00:00+00:00,1.08,1.09,1.05,1.07,1296363,0.0,0.0,0.0,0.0,0.0,0.0,0.0,0.0,,,,,,,,,,,,,,,1.5562172773256897,1.6951566270247975,,,,,,,,,,,,1.8539243631702558,"rgba(239, 83, 80, 0.75)"
2023-03-28 00:00:00+00:00,1.07,1.08,1.05,1.06,1793261,0.0,0.0,0.0,0.0,0.0,0.0,0.0,0.0,,,,,,,,,,,,,,,1.5548047019403646,1.6934750148452833,,,,,,,,,,,,1.851984561094291,"rgba(239, 83, 80, 0.75)"
2023-03-29 00:00:00+00:00,1.08,1.1,1.04,1.1,1159862,0.0,0.0,0.0,0.0,0.0,0.0,0.0,0.0,,,,,,,,,,,,,,,1.5539078152883792,1.6924036674715957,,,,,,,,,,,,1.8507456084271752,"rgba(239, 83, 80, 0.75)"
2023-03-30 00:00:00+00:00,1.12,1.13,1.07,1.09,990130,0.0,0.0,0.0,0.0,0.0,0.0,0.0,0.0,,,,,,,,,,,,,,,1.5531977395414216,1.6915411102190532,,,,,,,,,,,,1.8497362924438838,"rgba(239, 83, 80, 0.75)"
2023-03-31 00:00:00+00:00,1.2,1.21,1.13,1.16,1979666,0.0,0.0,0.0,0.0,0.0,0.0,0.0,0.0,,,,,,,,,,,,,,,1.5520168067265305,1.6900393911499487,,,,,,,,,,,,1.8479248046418866,"rgba(239, 83, 80, 0.75)"
2023-04-03 00:00:00+00:00,1.18,1.21,1.1,1.2,1930731,0.0,0.0,0.0,0.0,0.0,0.0,0.0,0.0,,,,,,,,,,,,,,,1.5508209645252005,1.6885356791812773,,,,,,,,,,,,1.8461236591935424,"rgba(239, 83, 80, 0.75)"
2023-04-04 00:00:00+00:00,1.1,1.19,1.09,1.18,1323095,0.0,0.0,0.0,0.0,0.0,0.0,0.0,0.0,,,,,,,,,,,,,,,1.549928571348404,1.6874385649626773,,,,,,,,,,,,1.8448288401277586,"rgba(239, 83, 80, 0.75)"
2023-04-05 00:00:00+00:00,1.07,1.1,1.05,1.09,2287667,0.0,0.0,0.0,0.0,0.0,0.0,0.0,0.0,,,,,,,,,,,,,,,1.548201115905878,1.685372244978876,,,,,,,,,,,,1.8424355788931712,"rgba(239, 83, 80, 0.75)"
2023-04-06 00:00:00+00:00,1.04,1.09,1.03,1.09,1437310,0.0,0.0,0.0,0.0,0.0,0.0,0.0,0.0,,,,,,,,,,,,,,,1.547076728185514,1.6840389105612399,,,,,,,,,,,,1.8409006014310931,"rgba(239, 83, 80, 1.0)"
2023-04-10 00:00:00+00:00,1.15,1.16,1.025,1.03,3619757,0.0,0.0,0.0,0.0,0.0,0.0,0.0,0.0,,,,,,,,,,,,,,,1.5445994410513566,1.681014076242574,,,,,,,,,,,,1.8373455802134713,"rgba(239, 83, 80, 0.75)"
2023-04-11 00:00:00+00:00,1.2,1.2099,1.135,1.16,2250883,0.0,0.0,0.0,0.0,0.0,0.0,0.0,0.0,,,,,,,,,,,,,,,1.5433198132533212,1.6793783769153923,,,,,,,,,,,,1.8353638360822637,"rgba(239, 83, 80, 0.5)"
2023-04-12 00:00:00+00:00,1.17,1.23,1.15,1.22,1601432,0.0,0.0,0.0,0.0,0.0,0.0,0.0,0.0,,,,,,,,,,,,,,,1.542419131422563,1.6782250896812456,,,,,,,,,,,,1.8339648128104962,#000000
2023-04-13 00:00:00+00:00,1.21,1.23,1.155,1.16,1639417,0.0,0.0,0.0,0.0,0.0,0.0,0.0,0.0,,,,,,,,,,,,,,,1.541540064496644,1.6770856058934411,,,,,,,,,,,,1.8325716866152464,#000000
2023-04-14 00:00:00+00:00,1.21,1.22,1.09,1.21,2239076,0.0,0.0,0.0,0.0,0.0,0.0,0.0,0.0,,,,,,,,,,,,,,,1.5402597590773897,1.6754572281774818,,,,,,,,,,,,1.830604213288663,#000000
2023-04-17 00:00:00+00:00,1.23,1.23,1.16,1.2,1104472,0.0,0.0,0.0,0.0,0.0,0.0,0.0,0.0,,,,,,,,,,,,,,,1.5396885691593578,1.6747109324823417,,,,,,,,,,,,1.8296870334343776,"rgba(38, 166, 154, 0.5)"
2023-04-18 00:00:00+00:00,1.21,1.25,1.16,1.25,1630276,0.0,0.0,0.0,0.0,0.0,0.0,0.0,0.0,,,,,,,,,,,,,,,1.5388490193537774,1.6736136811794866,,,,,,,,,,,,1.8283381303632187,"rgba(38, 166, 154, 1.0)"
2023-04-19 00:00:00+00:00,1.2,1.22,1.15,1.16,1276753,0.0,0.0,0.0,0.0,0.0,0.0,0.0,0.0,,,,,,,,,,,,,,,1.5381616339094788,1.6727274094688342,,,,,,,,,,,,1.827257594288278,"rgba(38, 166, 154, 1.0)"
2023-04-20 00:00:00+00:00,1.19,1.205,1.15,1.18,1464984,0.0,0.0,0.0,0.0,0.0,0.0,0.0,0.0,,,,,,,,,,,,,,,1.5373574388183784,1.67169698241687,,,,,,,,,,,,1.8260060990880043,"rgba(38, 166, 154, 1.0)"
2023-04-21 00:00:00+00:00,1.26,1.27,1.18,1.18,938560,0.0,0.0,0.0,0.0,0.0,0.0,0.0,0.0,,,,,,,,,,,,,,,1.5369234984312017,1.6711129361296497,,,,,,,,,,,,1.8252750822229908,"rgba(38, 166, 154, 1.0)"
2023-04-24 00:00:00+00:00,1.24,1.325,1.2,1.25,1270004,0.0,0.0,0.0,0.0,0.0,0.0,0.0,0.0,,,,,,,,,,,,,,,1.536374037217262,1.670358376153405,,,,,,,,,,,,1.8243195155059204,"rgba(38, 166, 154, 1.0)"
2023-04-25 00:00:00+00:00,1.2,1.23,1.16,1.2,1784031,0.0,0.0,0.0,0.0,0.0,0.0,0.0,0.0,,,,,,,,,,,,,,,1.5354465228354872,1.6691548077761027,,,,,,,,,,,,1.8228456007066502,"rgba(38, 166, 154, 1.0)"
2023-04-26 00:00:00+00:00,1.2,1.23,1.17,1.2,1409281,0.0,0.0,0.0,0.0,0.0,0.0,0.0,0.0,,,,,,,,,,,,,,,1.5347245871702806,1.6682150508072797,,,,,,,,,,,,1.8216923503463216,"rgba(38, 166, 154, 0.75)"
2023-04-27 00:00:00+00:00,1.27,1.28,1.18,1.2,1375670,0.0,0.0,0.0,0.0,0.0,0.0,0.0,0.0,,,,,,,,,,,,,,,1.5341137056872518,1.6673858957666068,,,,,,,,,,,,1.8206488967676306,"rgba(38, 166, 154, 0.75)"
2023-04-28 00:00:00+00:00,1.27,1.2975,1.25,1.27,1377939,0.0,0.0,0.0,0.0,0.0,0.0,0.0,0.0,,,,,,,,,,,,,,,1.533565497328134,1.6666155122959336,,,,,,,,,,,,1.8196601028865385,"rgba(38, 166, 154, 1.0)"
2023-05-01 00:00:00+00:00,1.3,1.31,1.21,1.26,2507301,0.0,0.0,0.0,0.0,0.0,0.0,0.0,0.0,,,,,,,,,,,,,,,1.5325770129285874,1.6652243521544017,,,,,,,,,,,,1.8178727388288385,"rgba(38, 166, 154, 1.0)"
2023-05-02 00:00:00+00:00,1.3,1.32,1.285,1.29,3905637,0.0,0.0,0.0,0.0,0.0,0.0,0.0,0.0,,,,,,,,,,,,,,,1.5312187759920466,1.663232096076204,,,,,,,,,,,,1.8152553911155058,"rgba(38, 166, 154, 1.0)"
2023-05-03 00:00:00+00:00,1.32,1.39,1.3,1.3,1258607,0.0,0.0,0.0,0.0,0.0,0.0,0.0,0.0,,,,,,,,,,,,,,,1.5308506945549327,1.6626564254716538,,,,,,,,,,,,1.814474680635044,"rgba(38, 166, 154, 1.0)"
2023-05-04 00:00:00+00:00,1.25,1.3,1.18,1.3,2169299,0.0,0.0,0.0,0.0,0.0,0.0,0.0,0.0,,,,,,,,,,,,,,,1.5299161770663983,1.6613862480904713,,,,,,,,,,,,1.8128733498099499,"rgba(38, 166, 154, 0.75)"
2023-05-05 00:00:00+00:00,1.3,1.31,1.23,1.28,1011383,0.0,0.0,0.0,0.0,0.0,0.0,0.0,0.0,,,,,,,,,,,,,,,1.5295380338259672,1.6608483946416723,,,,,,,,,,,,1.8121777004849204,"rgba(38, 166, 154, 0.75)"
2023-05-08 00:00:00+00:00,1.26,1.31,1.1725,1.29,3022019,0.0,0.0,0.0,0.0,0.0,0.0,0.0,0.0,,,,,,,,,,,,,,,1.5282686524235913,1.6591139097868093,,,,,,,,,,,,1.809983593661692,"rgba(38, 166, 154, 0.75)"
2023-05-09 00:00:00+00:00,1.1,1.16,1.0114,1.13,12594157,0.0,0.0,0.0,0.0,0.0,0.0,0.0,0.0,,,,,,,,,,,,,,,1.52020812210969,1.6493406363097647,,,,,,,,,,,,1.7985180716647786,#000000
2023-05-10 00:00:00+00:00,1.05,1.12,1.01,1.11,4156796,0.0,0.0,0.0,0.0,0.0,0.0,0.0,0.0,,,,,,,,,,,,,,,1.5174284175560935,1.6460163649635544,,,,,,,,,,,,1.7946541761257844,"rgba(239, 83, 80, 0.5)"
2023-05-11 00:00:00+00:00,1.05,1.085,0.99,1.02,3812361,0.0,0.0,0.0,0.0,0.0,0.0,0.0,0.0,,,,,,,,,,,,,,,1.5148073995516007,1.6429059898929923,,,,,,,,,,,,1.7910582697250004,"rgba(239, 83, 80, 0.5)"
2023-05-12 00:00:00+00:00,1.08,1.11,1.02,1.04,3022020,0.0,0.0,0.0,0.0,0.0,0.0,0.0,0.0,,,,,,,,,,,,,,,1.5128733688571647,1.640578204455791,,,,,,,,,,,,1.7883389932572957,"rgba(239, 83, 80, 0.5)"
2023-05-15 00:00:00+00:00,1.11,1.13,1.06,1.1,2161429,0.0,0.0,0.0,0.0,0.0,0.0,0.0,0.0,,,,,,,,,,,,,,,1.5115933882530845,1.639011808678558,,,,,,,,,,,,1.7864873420782876,"rgba(239, 83, 80, 0.5)"
2023-05-16 00:00:00+00:00,1.07,1.14,1.05,1.09,4221442,0.0,0.0,0.0,0.0,0.0,0.0,0.0,0.0,,,,,,,,,,,,,,,1.5090359878105235,1.6359035118255953,,,,,,,,,,,,1.782829813858642,"rgba(239, 83, 80, 0.5)"
2023-05-17 00:00:00+00:00,1.24,1.31,1.08,1.1,6113831,0.0,0.0,0.0,0.0,0.0,0.0,0.0,0.0,,,,,,,,,,,,,,,1.506451992801822,1.6324604044748847,,,,,,,,,,,,1.7785264880998441,"rgba(239, 83, 80, 0.5)"
2023-05-18 00:00:00+00:00,1.21,1.28,1.18,1.24,1193018,0.0,0.0,0.0,0.0,0.0,0.0,0.0,0.0,,,,,,,,,,,,,,,1.5059754097490186,1.6318160177860563,,,,,,,,,,,,1.7777138071088128,#000000
2023-05-19 00:00:00+00:00,1.25,1.27,1.2,1.24,1544344,0.0,0.0,0.0,0.0,0.0,0.0,0.0,0.0,,,,,,,,,,,,,,,1.5053970962665315,1.6310187889134211,,,,,,,,,,,,1.7766968512682695,#000000
2023-05-22 00:00:00+00:00,1.31,1.31,1.225,1.26,1692129,0.0,0.0,0.0,0.0,0.0,0.0,0.0,0.0,,,,,,,,,,,,,,,1.5048653519139121,1.6302416717547341,,,,,,,,,,,,1.775673150617691,"rgba(38, 166, 154, 1.0)"
2023-05-23 00:00:00+00:00,1.3,1.325,1.275,1.28,1306354,0.0,0.0,0.0,0.0,0.0,0.0,0.0,0.0,,,,,,,,,,,,,,,1.5044901391437557,1.6296755143189035,,,,,,,,,,,,1.7749149492742546,"rgba(38, 166, 154, 1.0)"
2023-05-24 00:00:00+00:00,1.28,1.32,1.25,1.3,1541645,0.0,0.0,0.0,0.0,0.0,0.0,0.0,0.0,,,,,,,,,,,,,,,1.5040131645582007,1.6289762256815268,,,,,,,,,,,,1.77399199776796,"rgba(38, 166, 154, 1.0)"
2023-05-25 00:00:00+00:00,1.28,1.32,1.225,1.3,1140639,0.0,0.0,0.0,0.0,0.0,0.0,0.0,0.0,,,,,,,,,,,,,,,1.503648304138739,1.6284482174201962,,,,,,,,,,,,1.7732997878934833,"rgba(38, 166, 154, 1.0)"
2023-05-26 00:00:00+00:00,1.27,1.31,1.245,1.25,1099113,0.0,0.0,0.0,0.0,0.0,0.0,0.0,0.0,,,,,,,,,,,,,,,1.503297824972503,1.6279409198704498,,,,,,,,,,,,1.7726345930102045,"rgba(38, 166, 154, 1.0)"
2023-05-30 00:00:00+00:00,1.28,1.32,1.25,1.26,2840689,0.0,0.0,0.0,0.0,0.0,0.0,0.0,0.0,,,,,,,,,,,,,,,1.502429842360604,1.6266673138522796,,,,,,,,,,,,1.7709522286140755,"rgba(38, 166, 154, 1.0)"
2023-05-31 00:00:00+00:00,1.23,1.325,1.18,1.3,3262151,0.0,0.0,0.0,0.0,0.0,0.0,0.0,0.0,,,,,,,,,,,,,,,1.5012685698077426,1.625054306685479,,,,,,,,,,,,1.7688837120567489,"rgba(38, 166, 154, 1.0)"
2023-06-01 00:00:00+00:00,1.25,1.275,1.2,1.24,1583612,0.0,0.0,0.0,0.0,0.0,0.0,0.0,0.0,,,,,,,,,,,,,,,1.500701315432379,1.6242693529373349,,,,,,,,,,,,1.7678790534876778,"rgba(38, 166, 154, 1.0)"
2023-06-02 00:00:00+00:00,1.36,1.37,1.24,1.31,1928375,0.0,0.0,0.0,0.0,0.0,0.0,0.0,0.0,,,,,,,,,,,,,,,1.5002306266168612,1.6235209397584733,,,,,,,,,,,,1.7668498965601973,"rgba(38, 166, 154, 1.0)"
2023-06-05 00:00:00+00:00,1.35,1.4,1.31,1.32,782017,0.0,0.0,0.0,0.0,0.0,0.0,0.0,0.0,,,,,,,,,,,,,,,1.500072709203132,1.6232487200289496,,,,,,,,,,,,1.7664620363402022,"rgba(38, 166, 154, 1.0)"
2023-06-06 00:00:00+00:00,1.4,1.47,1.34,1.35,2116071,0.0,0.0,0.0,0.0,0.0,0.0,0.0,0.0,,,,,,,,,,,,,,,1.4997921192852635,1.6226508022866057,,,,,,,,,,,,1.765542738807731,"rgba(38, 166, 154, 1.0)"
2023-06-07 00:00:00+00:00,1.39,1.48,1.39,1.44,2383113,0.0,0.0,0.0,0.0,0.0,0.0,0.0,0.0,,,,,,,,,,,,,,,1.4995323266300664,1.622032186798287,,,,,,,,,,,,1.7645603684725994,"rgba(38, 166, 154, 1.0)"
2023-06-08 00:00:00+00:00,1.34,1.385,1.33,1.37,1719452,0.0,0.0,0.0,0.0,0.0,0.0,0.0,0.0,,,,,,,,,,,,,,,1.4991857808734923,1.6214380127194041,,,,,,,,,,,,1.7637151534397777,"rgba(38, 166, 154, 1.0)"
2023-06-09 00:00:00+00:00,1.34,1.405,1.33,1.38,1974723,0.0,0.0,0.0,0.0,0.0,0.0,0.0,0.0,,,,,,,,,,,,,,,1.4988076811049171,1.6207756248876957,,,,,,,,,,,,1.762764352635737,"rgba(38, 166, 154, 0.75)"
2023-06-12 00:00:00+00:00,1.32,1.38,1.31,1.33,1293619,0.0,0.0,0.0,0.0,0.0,0.0,0.0,0.0,,,,,,,,,,,,,,,1.4985230567464778,1.6203078324074496,,,,,,,,,,,,1.7621106686006105,"rgba(38, 166, 154, 0.75)"
2023-06-13 00:00:00+00:00,1.28,1.36,1.26,1.32,4806461,0.0,0.0,0.0,0.0,0.0,0.0,0.0,0.0,,,,,,,,,,,,,,,1.4972366278562161,1.618360203912374,,,,,,,,,,,,1.759491549375657,"rgba(38, 166, 154, 0.75)"
2023-06-14 00:00:00+00:00,1.25,1.35,1.235,1.31,2112072,0.0,0.0,0.0,0.0,0.0,0.0,0.0,0.0,,,,,,,,,,,,,,,1.4966150786086363,1.6174541036672934,,,,,,,,,,,,1.7582961853133419,#000000
2023-06-15 00:00:00+00:00,1.27,1.28,1.215,1.26,1659701,0.0,0.0,0.0,0.0,0.0,0.0,0.0,0.0,,,,,,,,,,,,,,,1.4960771799189747,1.6166966977570818,,,,,,,,,,,,1.757315544321478,#000000
2023-06-16 00:00:00+00:00,1.26,1.29,1.2425,1.27,4068961,0.0,0.0,0.0,0.0,0.0,0.0,0.0,0.0,,,,,,,,,,,,,,,1.4948182932184715,1.6148998709300975,,,,,,,,,,,,1.7549710536335978,#000000
2023-06-20 00:00:00+00:00,1.29,1.34,1.26,1.28,2374167,0.0,0.0,0.0,0.0,0.0,0.0,0.0,0.0,,,,,,,,,,,,,,,1.4941926622977217,1.6139562584706855,,,,,,,,,,,,1.7537032582321324,#000000
2023-06-21 00:00:00+00:00,1.29,1.31,1.26,1.27,1778369,0.0,0.0,0.0,0.0,0.0,0.0,0.0,0.0,,,,,,,,,,,,,,,1.49370302128159,1.6132309421274325,,,,,,,,,,,,1.7527375237894052,#000000
2023-06-22 00:00:00+00:00,1.28,1.31,1.25,1.27,2465236,0.0,0.0,0.0,0.0,0.0,0.0,0.0,0.0,,,,,,,,,,,,,,,1.4930063395293642,1.6122103667847723,,,,,,,,,,,,1.7513863213815393,#000000
2023-06-23 00:00:00+00:00,1.27,1.28,1.19,1.26,4256270,0.0,0.0,0.0,0.0,0.0,0.0,0.0,0.0,,,,,,,,,,,,,,,1.4916275714520062,1.6102876322138127,,,,,,,,,,,,1.7489078533143831,#000000
2023-06-26 00:00:00+00:00,1.33,1.34,1.24,1.25,2054676,0.0,0.0,0.0,0.0,0.0,0.0,0.0,0.0,,,,,,,,,,,,,,,1.4911201880858556,1.6095101927653506,,,,,,,,,,,,1.7478540990567184,#000000
2023-06-27 00:00:00+00:00,1.37,1.38,1.325,1.34,2010246,0.0,0.0,0.0,0.0,0.0,0.0,0.0,0.0,,,,,,,,,,,,,,,1.4907710343553957,1.6088893187361437,,,,,,,,,,,,1.7469549084515754,"rgba(38, 166, 154, 1.0)"
2023-06-28 00:00:00+00:00,1.39,1.41,1.34,1.35,1786637,0.0,0.0,0.0,0.0,0.0,0.0,0.0,0.0,,,,,,,,,,,,,,,1.490512771949933,1.6083875732721316,,,,,,,,,,,,1.746203578251217,"rgba(38, 166, 154, 1.0)"
2023-06-29 00:00:00+00:00,1.32,1.4,1.31,1.38,1633970,0.0,0.0,0.0,0.0,0.0,0.0,0.0,0.0,,,,,,,,,,,,,,,1.490199612999217,1.6078572622571115,,,,,,,,,,,,1.7454506065949524,"rgba(38, 166, 154, 1.0)"
2023-06-30 00:00:00+00:00,1.37,1.385,1.3,1.33,1714165,0.0,0.0,0.0,0.0,0.0,0.0,0.0,0.0,,,,,,,,,,,,,,,1.4898910733606234,1.6073206544236307,,,,,,,,,,,,1.7446800061204806,"rgba(38, 166, 154, 1.0)"
2023-07-03 00:00:00+00:00,1.49,1.49,1.35,1.37,773557,0.0,0.0,0.0,0.0,0.0,0.0,0.0,0.0,,,,,,,,,,,,,,,1.4898443264187518,1.6071657964818546,,,,,,,,,,,,1.744414121012942,"rgba(38, 166, 154, 1.0)"
2023-07-05 00:00:00+00:00,1.41,1.49,1.4,1.46,1155329,0.0,0.0,0.0,0.0,0.0,0.0,0.0,0.0,,,,,,,,,,,,,,,1.4897597095736599,1.6069209717088742,,,,,,,,,,,,1.7440047262987801,"rgba(38, 166, 154, 1.0)"
2023-07-06 00:00:00+00:00,1.38,1.415,1.36,1.4,1067607,0.0,0.0,0.0,0.0,0.0,0.0,0.0,0.0,,,,,,,,,,,,,,,1.489614957960539,1.6066325262466434,,,,,,,,,,,,1.7435686654319078,"rgba(38, 166, 154, 1.0)"
2023-07-07 00:00:00+00:00,1.52,1.54,1.39,1.39,3582684,0.0,0.0,0.0,0.0,0.0,0.0,0.0,0.0,,,,,,,,,,,,,,,1.4895859652326198,1.606097059483433,,,,,,,,,,,,1.7425122282621452,"rgba(38, 166, 154, 1.0)"
2023-07-10 00:00:00+00:00,1.53,1.58,1.495,1.51,2062056,0.0,0.0,0.0,0.0,0.0,0.0,0.0,0.0,,,,,,,,,,,,,,,1.4897062877659268,1.6059197909371927,,,,,,,,,,,,1.7420285021809112,"rgba(38, 166, 154, 1.0)"
2023-07-11 00:00:00+00:00,1.58,1.59,1.525,1.53,1674508,0.0,0.0,0.0,0.0,0.0,0.0,0.0,0.0,,,,,,,,,,,,,,,1.489867935259262,1.605837106879344,,,,,,,,,,,,1.7416940265749354,"rgba(38, 166, 154, 1.0)"
2023-07-12 00:00:00+00:00,1.6,1.64,1.55,1.6,1817845,0.0,0.0,0.0,0.0,0.0,0.0,0.0,0.0,,,,,,,,,,,,,,,1.4901162685620033,1.6058170346062675,,,,,,,,,,,,1.741397167081962,"rgba(38, 166, 154, 1.0)"
2023-07-13 00:00:00+00:00,1.68,1.69,1.59,1.64,2628507,0.0,0.0,0.0,0.0,0.0,0.0,0.0,0.0,,,,,,,,,,,,,,,1.4906631950967544,1.60596694403218,,,,,,,,,,,,1.7411372903619757,"rgba(38, 166, 154, 1.0)"
2023-07-14 00:00:00+00:00,1.69,1.71,1.645,1.68,2787603,0.0,0.0,0.0,0.0,0.0,0.0,0.0,0.0,,,,,,,,,,,,,,,1.4913395674455405,1.6062193802974787,,,,,,,,,,,,1.7409517505923515,"rgba(38, 166, 154, 1.0)"
2023-07-17 00:00:00+00:00,1.69,1.755,1.68,1.7,2646976,0.0,0.0,0.0,0.0,0.0,0.0,0.0,0.0,,,,,,,,,,,,,,,1.4920667660738631,1.6065417013079653,,,,,,,,,,,,1.7408554050107248,"rgba(38, 166, 154, 1.0)"
2023-07-18 00:00:00+00:00,1.57,1.71,1.565,1.69,2355653,0.0,0.0,0.0,0.0,0.0,0.0,0.0,0.0,,,,,,,,,,,,,,,1.4924323129678128,1.6065653948286327,,,,,,,,,,,,1.7405254444749503,"rgba(38, 166, 154, 0.75)"
2023-07-19 00:00:00+00:00,1.6,1.63,1.57,1.57,1318766,0.0,0.0,0.0,0.0,0.0,0.0,0.0,0.0,,,,,,,,,,,,,,,1.4926110809290938,1.6065551150603659,,,,,,,,,,,,1.7403194931640242,"rgba(38, 166, 154, 0.75)"
2023-07-20 00:00:00+00:00,1.66,1.675,1.56,1.6,1747390,0.0,0.0,0.0,0.0,0.0,0.0,0.0,0.0,,,,,,,,,,,,,,,1.492916617434563,1.6066071048491322,,,,,,,,,,,,1.7401089068331368,"rgba(38, 166, 154, 0.75)"
2023-07-21 00:00:00+00:00,1.53,1.69,1.53,1.68,2481732,0.0,0.0,0.0,0.0,0.0,0.0,0.0,0.0,,,,,,,,,,,,,,,1.4931978951185694,1.6065388707957187,,,,,,,,,,,,1.7396785400391435,"rgba(38, 166, 154, 0.75)"
2023-07-24 00:00:00+00:00,1.5,1.59,1.46,1.59,1504076,0.0,0.0,0.0,0.0,0.0,0.0,0.0,0.0,,,,,,,,,,,,,,,1.493242059663832,1.6063794651460421,,,,,,,,,,,,1.739308131229046,"rgba(38, 166, 154, 0.5)"
2023-07-25 00:00:00+00:00,1.42,1.497,1.415,1.48,1059613,0.0,0.0,0.0,0.0,0.0,0.0,0.0,0.0,,,,,,,,,,,,,,,1.493176863547126,1.606176816090944,,,,,,,,,,,,1.738962988806184,#000000
2023-07-26 00:00:00+00:00,1.43,1.46,1.38,1.4,2267229,0.0,0.0,0.0,0.0,0.0,0.0,0.0,0.0,,,,,,,,,,,,,,,1.4929795616637402,1.6056898677207012,,,,,,,,,,,,1.7381756454966235,"rgba(239, 83, 80, 1.0)"
2023-07-27 00:00:00+00:00,1.57,1.625,1.44,1.55,3276355,0.0,0.0,0.0,0.0,0.0,0.0,0.0,0.0,,,,,,,,,,,,,,,1.4931910592066395,1.6054571941880391,,,,,,,,,,,,1.7374817859879206,#000000
2023-07-28 00:00:00+00:00,1.68,1.7,1.6001,1.61,2184177,0.0,0.0,0.0,0.0,0.0,0.0,0.0,0.0,,,,,,,,,,,,,,,1.4936420407739053,1.6055963245527214,,,,,,,,,,,,1.737296778154709,"rgba(38, 166, 154, 0.5)"
2023-07-31 00:00:00+00:00,1.8,1.82,1.68,1.68,3985180,0.0,0.0,0.0,0.0,0.0,0.0,0.0,0.0,,,,,,,,,,,,,,,1.4949819580870185,1.606342050809489,,,,,,,,,,,,1.7374242314359145,"rgba(38, 166, 154, 1.0)"
2023-08-01 00:00:00+00:00,1.8,1.875,1.75,1.8,5215212,0.0,0.0,0.0,0.0,0.0,0.0,0.0,0.0,,,,,,,,,,,,,,,1.496981596614349,1.6075585088511257,,,,,,,,,,,,1.7378246510531923,"rgba(38, 166, 154, 1.0)"
2023-08-02 00:00:00+00:00,1.69,1.82,1.69,1.81,2885790,0.0,0.0,0.0,0.0,0.0,0.0,0.0,0.0,,,,,,,,,,,,,,,1.4978132466300171,1.6079762489319642,,,,,,,,,,,,1.737810660819165,"rgba(38, 166, 154, 1.0)"
2023-08-03 00:00:00+00:00,1.66,1.7,1.59,1.7,5290988,0.0,0.0,0.0,0.0,0.0,0.0,0.0,0.0,,,,,,,,,,,,,,,1.49878877049708,1.6082306053265507,,,,,,,,,,,,1.7373120091978356,"rgba(38, 166, 154, 1.0)"
2023-08-04 00:00:00+00:00,1.68,1.725,1.63,1.71,5228058,0.0,0.0,0.0,0.0,0.0,0.0,0.0,0.0,,,,,,,,,,,,,,,1.4999188132217838,1.6086473756036888,,,,,,,,,,,,1.7369829162781873,"rgba(38, 166, 154, 0.5)"
2023-08-07 00:00:00+00:00,1.62,1.64,1.54,1.55,4622808,0.0,0.0,0.0,0.0,0.0,0.0,0.0,0.0,,,,,,,,,,,,,,,1.500472711781788,1.6086021551877652,,,,,,,,,,,,1.736310376621828,"rgba(38, 166, 154, 0.5)"
2023-08-08 00:00:00+00:00,1.56,1.63,1.54,1.58,5087579,0.0,0.0,0.0,0.0,0.0,0.0,0.0,0.0,,,,,,,,,,,,,,,1.5009339936510881,1.6084194138312407,,,,,,,,,,,,1.7354524140994823,#000000
2023-08-09 00:00:00+00:00,1.53,1.59,1.5,1.54,5034471,0.0,0.0,0.0,0.0,0.0,0.0,0.0,0.0,,,,,,,,,,,,,,,1.5011666385482687,1.6080341723325404,,,,,,,,,,,,1.7344184708406185,#000000
2023-08-10 00:00:00+00:00,1.5,1.53,1.49,1.52,5267928,0.0,0.0,0.0,0.0,0.0,0.0,0.0,0.0,,,,,,,,,,,,,,,1.5012006987783888,1.607440444726528,,,,,,,,,,,,1.733164734668641,"rgba(239, 83, 80, 1.0)"
2023-08-11 00:00:00+00:00,1.53,1.545,1.465,1.5,2028267,0.0,0.0,0.0,0.0,0.0,0.0,0.0,0.0,,,,,,,,,,,,,,,1.5012295582786233,1.6072286974043766,,,,,,,,,,,,1.7326997915251736,"rgba(239, 83, 80, 1.0)"
2023-08-14 00:00:00+00:00,1.5,1.515,1.48,1.5,1370083,0.0,0.0,0.0,0.0,0.0,0.0,0.0,0.0,,,,,,,,,,,,,,,1.5012249121580283,1.6070634376733932,,,,,,,,,,,,1.7323654369206885,"rgba(239, 83, 80, 1.0)"
2023-08-15 00:00:00+00:00,1.47,1.51,1.45,1.49,2641744,0.0,0.0,0.0,0.0,0.0,0.0,0.0,0.0,,,,,,,,,,,,,,,1.5011491838752369,1.6066829861126941,,,,,,,,,,,,1.7316639956177369,"rgba(239, 83, 80, 1.0)"
2023-08-16 00:00:00+00:00,1.43,1.5,1.42,1.46,2022428,0.0,0.0,0.0,0.0,0.0,0.0,0.0,0.0,,,,,,,,,,,,,,,1.5010287197352266,1.6063337913408484,,,,,,,,,,,,1.7310737058503505,"rgba(239, 83, 80, 1.0)"
2023-08-17 00:00:00+00:00,1.43,1.5,1.42,1.47,3464429,0.0,0.0,0.0,0.0,0.0,0.0,0.0,0.0,,,,,,,,,,,,,,,1.5008236772973735,1.6057392220288498,,,,,,,,,,,,1.7300682652544659,"rgba(239, 83, 80, 1.0)"
2023-08-18 00:00:00+00:00,1.47,1.48,1.4,1.41,3513984,0.0,0.0,0.0,0.0,0.0,0.0,0.0,0.0,,,,,,,,,,,,,,,1.5006173784283,1.605140750311348,,,,,,,,,,,,1.7290557646072728,"rgba(239, 83, 80, 1.0)"
2023-08-21 00:00:00+00:00,1.38,1.46,1.33,1.46,2734808,0.0,0.0,0.0,0.0,0.0,0.0,0.0,0.0,,,,,,,,,,,,,,,1.500269031980413,1.6044992476452504,,,,,,,,,,,,1.7281044823460998,"rgba(239, 83, 80, 1.0)"
2023-08-22 00:00:00+00:00,1.38,1.405,1.35,1.37,3187849,0.0,0.0,0.0,0.0,0.0,0.0,0.0,0.0,,,,,,,,,,,,,,,1.499823069304134,1.6037158775941385,,,,,,,,,,,,1.7269642978707143,"rgba(239, 83, 80, 1.0)"
2023-08-23 00:00:00+00:00,1.4,1.4,1.355,1.37,1827628,0.0,0.0,0.0,0.0,0.0,0.0,0.0,0.0,,,,,,,,,,,,,,,1.499582811679941,1.6032824179913634,,,,,,,,,,,,1.7263264001046514,"rgba(239, 83, 80, 1.0)"
2023-08-24 00:00:00+00:00,1.38,1.41,1.35,1.35,2613205,0.0,0.0,0.0,0.0,0.0,0.0,0.0,0.0,,,,,,,,,,,,,,,1.4992261100624882,1.602651490282701,,,,,,,,,,,,1.7254051346608197,"rgba(239, 83, 80, 1.0)"
2023-08-25 00:00:00+00:00,1.39,1.42,1.375,1.38,2041847,0.0,0.0,0.0,0.0,0.0,0.0,0.0,0.0,,,,,,,,,,,,,,,1.498983755314924,1.6021940314359107,,,,,,,,,,,,1.7247198138114226,"rgba(239, 83, 80, 1.0)"
2023-08-28 00:00:00+00:00,1.46,1.47,1.37,1.39,2313907,0.0,0.0,0.0,0.0,0.0,0.0,0.0,0.0,,,,,,,,,,,,,,,1.4988112143104215,1.6017735126738883,,,,,,,,,,,,1.724036500904369,"rgba(239, 83, 80, 0.75)"
2023-08-29 00:00:00+00:00,1.47,1.5,1.4,1.42,2632993,0.0,0.0,0.0,0.0,0.0,0.0,0.0,0.0,,,,,,,,,,,,,,,1.498685552550506,1.6013634789617224,,,,,,,,,,,,1.723324944877461,"rgba(239, 83, 80, 0.75)"
2023-08-30 00:00:00+00:00,1.47,1.49,1.44,1.46,1565614,0.0,0.0,0.0,0.0,0.0,0.0,0.0,0.0,,,,,,,,,,,,,,,1.4986288851033875,1.601137538051845,,,,,,,,,,,,1.7229194361047577,"rgba(239, 83, 80, 0.75)"
2023-08-31 00:00:00+00:00,1.45,1.48,1.405,1.48,3093617,0.0,0.0,0.0,0.0,0.0,0.0,0.0,0.0,,,,,,,,,,,,,,,1.4984419925818564,1.600621728192991,,,,,,,,,,,,1.7220544840980718,"rgba(239, 83, 80, 0.75)"
2023-09-01 00:00:00+00:00,1.52,1.54,1.45,1.46,2284842,0.0,0.0,0.0,0.0,0.0,0.0,0.0,0.0,,,,,,,,,,,,,,,1.4984545498257626,1.6003849320451375,,,,,,,,,,,,1.7215528854255666,#000000
2023-09-05 00:00:00+00:00,1.39,1.5,1.34,1.48,4006198,0.0,0.0,0.0,0.0,0.0,0.0,0.0,0.0,,,,,,,,,,,,,,,1.4980581693085109,1.5995758865814875,,,,,,,,,,,,1.7203051262194071,#000000
2023-09-06 00:00:00+00:00,1.46,1.46,1.35,1.38,2789944,0.0,0.0,0.0,0.0,0.0,0.0,0.0,0.0,,,,,,,,,,,,,,,1.4978256992805037,1.59905585364143,,,,,,,,,,,,1.7194791497347863,#000000
2023-09-07 00:00:00+00:00,1.4,1.43,1.37,1.42,5376150,0.0,0.0,0.0,0.0,0.0,0.0,0.0,0.0,,,,,,,,,,,,,,,1.4972427441954153,1.59793044931686,,,,,,,,,,,,1.7177760131203679,"rgba(239, 83, 80, 1.0)"
2023-09-08 00:00:00+00:00,1.43,1.45,1.31,1.37,4082012,0.0,0.0,0.0,0.0,0.0,0.0,0.0,0.0,,,,,,,,,,,,,,,1.496789722366402,1.5970701653576496,,,,,,,,,,,,1.716481494027934,"rgba(239, 83, 80, 1.0)"
2023-09-11 00:00:00+00:00,1.42,1.46,1.4,1.46,2418381,0.0,0.0,0.0,0.0,0.0,0.0,0.0,0.0,,,,,,,,,,,,,,,1.4966030937135695,1.5966397311841518,,,,,,,,,,,,1.7157909513418492,"rgba(239, 83, 80, 1.0)"
2023-09-12 00:00:00+00:00,1.42,1.44,1.39,1.39,1865350,0.0,0.0,0.0,0.0,0.0,0.0,0.0,0.0,,,,,,,,,,,,,,,1.4964393339468118,1.5962897650425871,,,,,,,,,,,,1.7152422199777937,"rgba(239, 83, 80, 1.0)"
2023-09-13 00:00:00+00:00,1.42,1.43,1.38,1.43,3264016,0.0,0.0,0.0,0.0,0.0,0.0,0.0,0.0,,,,,,,,,,,,,,,1.4961305805101037,1.5956580456057825,,,,,,,,,,,,1.7142655387841736,"rgba(239, 83, 80, 1.0)"
2023-09-14 00:00:00+00:00,1.51,1.53,1.42,1.43,2771908,0.0,0.0,0.0,0.0,0.0,0.0,0.0,0.0,,,,,,,,,,,,,,,1.4961019596742449,1.5953450739248392,,,,,,,,,,,,1.71364876435496,#000000
2023-09-15 00:00:00+00:00,1.51,1.55,1.48,1.5,14026429,0.0,0.0,0.0,0.0,0.0,0.0,0.0,0.0,,,,,,,,,,,,,,,1.49636167885386,1.5941704681996196,,,,,,,,,,,,1.7109390465981869,"rgba(38, 166, 154, 0.5)"
2023-09-18 00:00:00+00:00,1.43,1.53,1.43,1.52,5014479,0.0,0.0,0.0,0.0,0.0,0.0,0.0,0.0,,,,,,,,,,,,,,,1.4961846615366448,1.5935039565153861,,,,,,,,,,,,1.709747382607859,#000000
2023-09-19 00:00:00+00:00,1.46,1.48,1.37,1.42,2689923,0.0,0.0,0.0,0.0,0.0,0.0,0.0,0.0,,,,,,,,,,,,,,,1.4960140358396385,1.5930765364288746,,,,,,,,,,,,1.709044183287964,#000000
2023-09-20 00:00:00+00:00,1.48,1.505,1.44,1.48,2262911,0.0,0.0,0.0,0.0,0.0,0.0,0.0,0.0,,,,,,,,,,,,,,,1.4959634781624667,1.5928064502913182,,,,,,,,,,,,1.7085382734793175,#000000
2023-09-21 00:00:00+00:00,1.5,1.55,1.42,1.45,4819404,0.0,0.0,0.0,0.0,0.0,0.0,0.0,0.0,,,,,,,,,,,,,,,1.4959330774667212,1.5923080544898673,,,,,,,,,,,,1.7075368128758217,"rgba(38, 166, 154, 0.5)"
2023-09-22 00:00:00+00:00,1.5,1.54,1.47,1.52,1316615,0.0,0.0,0.0,0.0,0.0,0.0,0.0,0.0,,,,,,,,,,,,,,,1.4959433692748425,1.592190372145332,,,,,,,,,,,,1.707281488894145,"rgba(38, 166, 154, 0.5)"
2023-09-25 00:00:00+00:00,1.53,1.55,1.45,1.48,2114102,0.0,0.0,0.0,0.0,0.0,0.0,0.0,0.0,,,,,,,,,,,,,,,1.4959746894778696,1.5920161868901854,,,,,,,,,,,,1.7068862033853893,"rgba(38, 166, 154, 1.0)"
2023-09-26 00:00:00+00:00,1.45,1.53,1.445,1.52,2271934,0.0,0.0,0.0,0.0,0.0,0.0,0.0,0.0,,,,,,,,,,,,,,,1.4959245857574106,1.591750286990927,,,,,,,,,,,,1.7063879673887563,"rgba(38, 166, 154, 0.5)"
2023-09-27 00:00:00+00:00,1.53,1.55,1.45,1.46,3046568,0.0,0.0,0.0,0.0,0.0,0.0,0.0,0.0,,,,,,,,,,,,,,,1.49596952873679,1.5915019420294836,,,,,,,,,,,,1.7058237574450046,"rgba(38, 166, 154, 0.75)"
2023-09-28 00:00:00+00:00,1.63,1.71,1.51,1.53,7849129,0.0,0.0,0.0,0.0,0.0,0.0,0.0,0.0,,,,,,,,,,,,,,,1.496954333544363,1.591697368323538,,,,,,,,,,,,1.705168684558475,"rgba(38, 166, 154, 1.0)"
2023-09-29 00:00:00+00:00,1.58,1.64,1.57,1.64,1995955,0.0,0.0,0.0,0.0,0.0,0.0,0.0,0.0,,,,,,,,,,,,,,,1.4971607912951461,1.5917071622845558,,,,,,,,,,,,1.7049663406364934,"rgba(38, 166, 154, 1.0)"
2023-10-02 00:00:00+00:00,1.43,1.59,1.43,1.56,3756788,0.0,0.0,0.0,0.0,0.0,0.0,0.0,0.0,,,,,,,,,,,,,,,1.4971071126708557,1.5913066225794024,,,,,,,,,,,,1.7041911098944864,"rgba(38, 166, 154, 0.75)"
2023-10-03 00:00:00+00:00,1.41,1.45,1.28,1.42,7849984,0.0,0.0,0.0,0.0,0.0,0.0,0.0,0.0,,,,,,,,,,,,,,,1.4961648201629238,1.589687255614739,,,,,,,,,,,,1.7018388403516787,#000000
2023-10-04 00:00:00+00:00,1.35,1.4,1.34,1.38,4902242,0.0,0.0,0.0,0.0,0.0,0.0,0.0,0.0,,,,,,,,,,,,,,,1.4955006908539816,1.5886091218182639,,,,,,,,,,,,1.7003119274206675,"rgba(239, 83, 80, 1.0)"
2023-10-05 00:00:00+00:00,1.22,1.34,1.2,1.34,5281173,0.0,0.0,0.0,0.0,0.0,0.0,0.0,0.0,,,,,,,,,,,,,,,1.494203302730305,1.586897531917452,,,,,,,,,,,,1.6981503758540035,"rgba(239, 83, 80, 1.0)"
2023-10-06 00:00:00+00:00,1.16,1.2209,1.13,1.22,4536070,0.0,0.0,0.0,0.0,0.0,0.0,0.0,0.0,,,,,,,,,,,,,,,1.4927196741069582,1.5850788219366834,,,,,,,,,,,,1.6959669477303398,"rgba(239, 83, 80, 1.0)"
2023-10-09 00:00:00+00:00,1.1,1.16,1.06,1.14,4112562,0.0,0.0,0.0,0.0,0.0,0.0,0.0,0.0,,,,,,,,,,,,,,,1.4911230978455732,1.5831927158608092,,,,,,,,,,,,1.693765178719259,"rgba(239, 83, 80, 1.0)"
2023-10-10 00:00:00+00:00,1.12,1.1775,1.11,1.11,3422431,0.0,0.0,0.0,0.0,0.0,0.0,0.0,0.0,,,,,,,,,,,,,,,1.4899045136281002,1.5817297972005782,,,,,,,,,,,,1.6920357994066426,"rgba(239, 83, 80, 1.0)"
2023-10-11 00:00:00+00:00,1.16,1.18,1.1,1.13,3776624,0.0,0.0,0.0,0.0,0.0,0.0,0.0,0.0,,,,,,,,,,,,,,,1.4886103283401118,1.5801654951841013,,,,,,,,,,,,1.6901767720537257,"rgba(239, 83, 80, 1.0)"
2023-10-12 00:00:00+00:00,1.08,1.16,1.08,1.16,5590547,0.0,0.0,0.0,0.0,0.0,0.0,0.0,0.0,,,,,,,,,,,,,,,1.4864903380535073,1.577658621980131,,,,,,,,,,,,1.6872471727081757,"rgba(239, 83, 80, 1.0)"
2023-10-13 00:00:00+00:00,1.11,1.15,1.05,1.1,7912793,0.0,0.0,0.0,0.0,0.0,0.0,0.0,0.0,,,,,,,,,,,,,,,1.4835036608822285,1.574130667636221,,,,,,,,,,,,1.683127062210088,"rgba(239, 83, 80, 1.0)"
2023-10-16 00:00:00+00:00,1.1,1.145,1.09,1.13,3652200,0.0,0.0,0.0,0.0,0.0,0.0,0.0,0.0,,,,,,,,,,,,,,,1.4821706639247265,1.572548469077195,,,,,,,,,,,,1.6812719982495836,"rgba(239, 83, 80, 1.0)"
2023-10-17 00:00:00+00:00,1.19,1.23,1.09,1.09,6672103,0.0,0.0,0.0,0.0,0.0,0.0,0.0,0.0,,,,,,,,,,,,,,,1.4801395145886553,1.5700481038029268,,,,,,,,,,,,1.6782578470568759,"rgba(239, 83, 80, 0.75)"
2023-10-18 00:00:00+00:00,1.15,1.28,1.15,1.28,4050116,0.0,0.0,0.0,0.0,0.0,0.0,0.0,0.0,,,,,,,,,,,,,,,1.479011197728454,1.5686330653112621,,,,,,,,,,,,1.676528665972125,"rgba(239, 83, 80, 0.75)"
2023-10-19 00:00:00+00:00,1.22,1.22,1.101,1.11,5511414,0.0,0.0,0.0,0.0,0.0,0.0,0.0,0.0,,,,,,,,,,,,,,,1.4774207390687348,1.56665835218748,,,,,,,,,,,,1.6741325254414776,"rgba(239, 83, 80, 0.75)"
2023-10-20 00:00:00+00:00,1.1,1.21,1.09,1.2,4663812,0.0,0.0,0.0,0.0,0.0,0.0,0.0,0.0,,,,,,,,,,,,,,,1.475877214444524,1.5648015581193475,,,,,,,,,,,,1.671931613972291,"rgba(239, 83, 80, 0.75)"
2023-10-23 00:00:00+00:00,1.12,1.15,1.08,1.11,1489092,0.0,0.0,0.0,0.0,0.0,0.0,0.0,0.0,,,,,,,,,,,,,,,1.4753634633282566,1.5641892846236742,,,,,,,,,,,,1.671211032101859,"rgba(239, 83, 80, 0.75)"
2023-10-24 00:00:00+00:00,1.14,1.15,1.08,1.11,2662370,0.0,0.0,0.0,0.0,0.0,0.0,0.0,0.0,,,,,,,,,,,,,,,1.4744655771421153,1.56311499668723,,,,,,,,,,,,1.6699427756420293,"rgba(239, 83, 80, 0.75)"
2023-10-25 00:00:00+00:00,1.17,1.18,1.14,1.14,2737882,0.0,0.0,0.0,0.0,0.0,0.0,0.0,0.0,,,,,,,,,,,,,,,1.473651631963182,1.5621156729036971,,,,,,,,,,,,1.6687396514971276,"rgba(239, 83, 80, 0.75)"
2023-10-26 00:00:00+00:00,1.19,1.21,1.14,1.17,1881863,0.0,0.0,0.0,0.0,0.0,0.0,0.0,0.0,,,,,,,,,,,,,,,1.473124553089736,1.5614602736448338,,,,,,,,,,,,1.6679431626915242,"rgba(239, 83, 80, 0.5)"
2023-10-27 00:00:00+00:00,1.2,1.245,1.17,1.23,2287926,0.0,0.0,0.0,0.0,0.0,0.0,0.0,0.0,,,,,,,,,,,,,,,1.4725407222184481,1.560718499798124,,,,,,,,,,,,1.6670277348473614,"rgba(239, 83, 80, 0.5)"
2023-10-30 00:00:00+00:00,1.2,1.26,1.18,1.2,1875669,0.0,0.0,0.0,0.0,0.0,0.0,0.0,0.0,,,,,,,,,,,,,,,1.472078833343076,1.5601268760340687,,,,,,,,,,,,1.6662934397563192,#000000
2023-10-31 00:00:00+00:00,1.1,1.205,1.08,1.17,7139225,0.0,0.0,0.0,0.0,0.0,0.0,0.0,0.0,,,,,,,,,,,,,,,1.4697631115128813,1.557345887424683,,,,,,,,,,,,1.66299973273586,"rgba(239, 83, 80, 0.5)"
2023-11-01 00:00:00+00:00,1.09,1.115,1.04,1.11,3353062,0.0,0.0,0.0,0.0,0.0,0.0,0.0,0.0,,,,,,,,,,,,,,,1.4685390377257368,1.555911336270029,,,,,,,,,,,,1.6613328564077432,"rgba(239, 83, 80, 0.5)"
2023-11-02 00:00:00+00:00,1.07,1.1686,1.04,1.11,9663466,0.0,0.0,0.0,0.0,0.0,0.0,0.0,0.0,,,,,,,,,,,,,,,1.465154972948476,1.5519214755142197,,,,,,,,,,,,1.6566737756372745,"rgba(239, 83, 80, 1.0)"
2023-11-03 00:00:00+00:00,1.13,1.1699,1.08,1.1,3213898,0.0,0.0,0.0,0.0,0.0,0.0,0.0,0.0,,,,,,,,,,,,,,,1.4641438223288767,1.550706200683932,,,,,,,,,,,,1.6552329163090462,"rgba(239, 83, 80, 1.0)"
2023-11-06 00:00:00+00:00,1.12,1.145,1.09,1.13,3413876,0.0,0.0,0.0,0.0,0.0,0.0,0.0,0.0,,,,,,,,,,,,,,,1.4630500989990085,1.5493977749357681,,,,,,,,,,,,1.65368706022955,"rgba(239, 83, 80, 0.5)"
2023-11-07 00:00:00+00:00,1.13,1.15,1.1,1.12,5117615,0.0,0.0,0.0,0.0,0.0,0.0,0.0,0.0,,,,,,,,,,,,,,,1.4614627604460577,1.5474887612106787,,,,,,,,,,,,1.651422140383561,"rgba(239, 83, 80, 0.5)"
2023-11-08 00:00:00+00:00,1.3,1.31,1.11,1.13,9615223,0.0,0.0,0.0,0.0,0.0,0.0,0.0,0.0,,,,,,,,,,,,,,,1.45951653140391,1.5449017606362112,,,,,,,,,,,,1.6481267096738097,#000000
2023-11-09 00:00:00+00:00,1.29,1.34,1.245,1.3,6603759,0.0,0.0,0.0,0.0,0.0,0.0,0.0,0.0,,,,,,,,,,,,,,,1.458509523885183,1.5434469020945916,,,,,,,,,,,,1.6461764849963374,"rgba(38, 166, 154, 1.0)"
2023-11-10 00:00:00+00:00,1.32,1.34,1.29,1.31,4438813,0.0,0.0,0.0,0.0,0.0,0.0,0.0,0.0,,,,,,,,,,,,,,,1.4579398228623677,1.5425745258103818,,,,,,,,,,,,1.6449691616207915,"rgba(38, 166, 154, 1.0)"
2023-11-13 00:00:00+00:00,1.32,1.3375,1.31,1.31,1354548,0.0,0.0,0.0,0.0,0.0,0.0,0.0,0.0,,,,,,,,,,,,,,,1.4577740240224089,1.542316486150876,,,,,,,,,,,,1.6446090097522081,"rgba(38, 166, 154, 1.0)"
2023-11-14 00:00:00+00:00,1.41,1.42,1.335,1.34,3509070,0.0,0.0,0.0,0.0,0.0,0.0,0.0,0.0,,,,,,,,,,,,,,,1.457554505237336,1.541850180840552,,,,,,,,,,,,1.6438696636799945,"rgba(38, 166, 154, 1.0)"
2023-11-15 00:00:00+00:00,1.41,1.49,1.4,1.43,3011833,0.0,0.0,0.0,0.0,0.0,0.0,0.0,0.0,,,,,,,,,,,,,,,1.4574889639610282,1.541568857455864,,,,,,,,,,,,1.6433496290902074,"rgba(38, 166, 154, 1.0)"
2023-11-16 00:00:00+00:00,1.36,1.43,1.3319,1.41,2746669,0.0,0.0,0.0,0.0,0.0,0.0,0.0,0.0,,,,,,,,,,,,,,,1.457283362017032,1.5411735470487844,,,,,,,,,,,,1.6427441856727518,"rgba(38, 166, 154, 1.0)"
2023-11-17 00:00:00+00:00,1.35,1.3987,1.33,1.38,2961329,0.0,0.0,0.0,0.0,0.0,0.0,0.0,0.0,,,,,,,,,,,,,,,1.4570247058791284,1.5407129001001967,,,,,,,,,,,,1.6420596573101485,"rgba(38, 166, 154, 1.0)"
2023-11-20 00:00:00+00:00,1.39,1.43,1.34,1.35,6536557,0.0,0.0,0.0,0.0,0.0,0.0,0.0,0.0,,,,,,,,,,,,,,,1.456616010193256,1.5398552214247272,,,,,,,,,,,,1.6407041779241296,"rgba(38, 166, 154, 1.0)"
2023-11-21 00:00:00+00:00,1.35,1.38,1.33,1.36,3133149,0.0,0.0,0.0,0.0,0.0,0.0,0.0,0.0,,,,,,,,,,,,,,,1.4563292371832093,1.5393587687508123,,,,,,,,,,,,1.63997496357697,"rgba(38, 166, 154, 0.75)"
2023-11-22 00:00:00+00:00,1.34,1.4,1.32,1.38,2440895,0.0,0.0,0.0,0.0,0.0,0.0,0.0,0.0,,,,,,,,,,,,,,,1.456106926476618,1.5389738324861135,,,,,,,,,,,,1.6394094251577627,"rgba(38, 166, 154, 0.75)"
2023-11-24 00:00:00+00:00,1.34,1.35,1.31,1.32,768195,0.0,0.0,0.0,0.0,0.0,0.0,0.0,0.0,,,,,,,,,,,,,,,1.4560235827618808,1.5388399990004358,,,,,,,,,,,,1.6392194901364998,"rgba(38, 166, 154, 0.75)"
2023-11-27 00:00:00+00:00,1.32,1.34,1.31,1.33,2025883,0.0,0.0,0.0,0.0,0.0,0.0,0.0,0.0,,,,,,,,,,,,,,,1.4557864601410395,1.5384707536964302,,,,,,,,,,,,1.6387033840576968,"rgba(38, 166, 154, 0.75)"
2023-11-28 00:00:00+00:00,1.36,1.385,1.26,1.31,5895023,0.0,0.0,0.0,0.0,0.0,0.0,0.0,0.0,,,,,,,,,,,,,,,1.4551616171763526,1.5374613438607518,,,,,,,,,,,,1.6372663425417386,"rgba(38, 166, 154, 0.75)"
2023-11-29 00:00:00+00:00,1.42,1.44,1.37,1.39,3588384,0.0,0.0,0.0,0.0,0.0,0.0,0.0,0.0,,,,,,,,,,,,,,,1.4550198518246764,1.537077594265374,,,,,,,,,,,,1.6366136342537865,"rgba(38, 166, 154, 0.75)"
2023-11-30 00:00:00+00:00,1.45,1.465,1.395,1.44,8709547,0.0,0.0,0.0,0.0,0.0,0.0,0.0,0.0,,,,,,,,,,,,,,,1.4548810764612403,1.5363491689604116,,,,,,,,,,,,1.6352294987186187,"rgba(38, 166, 154, 1.0)"
2023-12-01 00:00:00+00:00,1.58,1.6,1.42,1.44,3380508,0.0,0.0,0.0,0.0,0.0,0.0,0.0,0.0,,,,,,,,,,,,,,,1.4551106490562062,1.5363407010359038,,,,,,,,,,,,1.6349564483918007,"rgba(38, 166, 154, 1.0)"
2023-12-04 00:00:00+00:00,1.54,1.6,1.52,1.58,2135926,0.0,0.0,0.0,0.0,0.0,0.0,0.0,0.0,,,,,,,,,,,,,,,1.4552919200846828,1.5363707939616287,,,,,,,,,,,,1.6348184838235391,"rgba(38, 166, 154, 1.0)"
2023-12-05 00:00:00+00:00,1.5,1.55,1.49,1.55,1540475,0.0,0.0,0.0,0.0,0.0,0.0,0.0,0.0,,,,,,,,,,,,,,,1.4553690717598506,1.5363414071500925,,,,,,,,,,,,1.6346705672140196,"rgba(38, 166, 154, 1.0)"
2023-12-06 00:00:00+00:00,1.49,1.57,1.49,1.54,1626618,0.0,0.0,0.0,0.0,0.0,0.0,0.0,0.0,,,,,,,,,,,,,,,1.4554549874720146,1.5363149420696856,,,,,,,,,,,,1.6345190496305935,"rgba(38, 166, 154, 1.0)"
2023-12-07 00:00:00+00:00,1.53,1.555,1.46,1.48,2529824,0.0,0.0,0.0,0.0,0.0,0.0,0.0,0.0,,,,,,,,,,,,,,,1.455584506507837,1.5362704435579462,,,,,,,,,,,,1.6342808494261694,"rgba(38, 166, 154, 1.0)"
2023-12-08 00:00:00+00:00,1.65,1.7,1.5,1.5,5246794,0.0,0.0,0.0,0.0,0.0,0.0,0.0,0.0,,,,,,,,,,,,,,,1.4563079166263266,1.5366170401947046,,,,,,,,,,,,1.6342083424517029,"rgba(38, 166, 154, 1.0)"
2023-12-11 00:00:00+00:00,1.66,1.6959,1.615,1.67,3533945,0.0,0.0,0.0,0.0,0.0,0.0,0.0,0.0,,,,,,,,,,,,,,,1.4569130475117187,1.536965489798949,,,,,,,,,,,,1.6342712671136685,"rgba(38, 166, 154, 1.0)"
2023-12-12 00:00:00+00:00,1.6,1.7,1.59,1.68,2552384,0.0,0.0,0.0,0.0,0.0,0.0,0.0,0.0,,,,,,,,,,,,,,,1.4572892285219876,1.5371596312686118,,,,,,,,,,,,1.634262754612756,"rgba(38, 166, 154, 1.0)"
2023-12-13 00:00:00+00:00,1.69,1.705,1.57,1.6,2450564,0.0,0.0,0.0,0.0,0.0,0.0,0.0,0.0,,,,,,,,,,,,,,,1.4577009254447597,1.5373952550478573,,,,,,,,,,,,1.634302358820406,"rgba(38, 166, 154, 1.0)"
2023-12-14 00:00:00+00:00,1.75,1.81,1.73,1.75,4147792,0.0,0.0,0.0,0.0,0.0,0.0,0.0,0.0,,,,,,,,,,,,,,,1.4587743453173623,1.538157330636892,,,,,,,,,,,,1.6347181100654875,"rgba(38, 166, 154, 1.0)"
2023-12-15 00:00:00+00:00,1.66,1.79,1.65,1.78,8964156,0.0,0.0,0.0,0.0,0.0,0.0,0.0,0.0,,,,,,,,,,,,,,,1.4605915429076268,1.539328554083966,,,,,,,,,,,,1.6351695614371324,"rgba(38, 166, 154, 0.75)"
2023-12-18 00:00:00+00:00,1.68,1.695,1.61,1.68,3770581,0.0,0.0,0.0,0.0,0.0,0.0,0.0,0.0,,,,,,,,,,,,,,,1.4612266718596716,1.5396998219679994,,,,,,,,,,,,1.6352464132481135,"rgba(38, 166, 154, 0.75)"
2023-12-19 00:00:00+00:00,1.68,1.72,1.64,1.72,1791616,0.0,0.0,0.0,0.0,0.0,0.0,0.0,0.0,,,,,,,,,,,,,,,1.4615545279609403,1.5399018421180046,,,,,,,,,,,,1.6353080049316355,"rgba(38, 166, 154, 0.75)"
2023-12-20 00:00:00+00:00,1.8,1.95,1.77,1.85,5251276,0.0,0.0,0.0,0.0,0.0,0.0,0.0,0.0,,,,,,,,,,,,,,,1.4632095686461142,1.541163061563658,,,,,,,,,,,,1.6361303738106547,"rgba(38, 166, 154, 0.75)"
2023-12-21 00:00:00+00:00,1.84,1.8887,1.8,1.84,2081789,0.0,0.0,0.0,0.0,0.0,0.0,0.0,0.0,,,,,,,,,,,,,,,1.463866703629437,1.5416649471228272,,,,,,,,,,,,1.6364591749083408,"rgba(38, 166, 154, 1.0)"
2023-12-22 00:00:00+00:00,1.83,1.87,1.81,1.86,1431760,0.0,0.0,0.0,0.0,0.0,0.0,0.0,0.0,,,,,,,,,,,,,,,1.4643099219216338,1.5420020308235003,,,,,,,,,,,,1.6366778934734498,"rgba(38, 166, 154, 1.0)"
2023-12-26 00:00:00+00:00,1.83,1.86,1.8,1.84,1230575,0.0,0.0,0.0,0.0,0.0,0.0,0.0,0.0,,,,,,,,,,,,,,,1.464683214457153,1.5422845931040328,,,,,,,,,,,,1.6368592432875388,"rgba(38, 166, 154, 1.0)"
2023-12-27 00:00:00+00:00,1.87,1.91,1.83,1.85,1101610,0.0,0.0,0.0,0.0,0.0,0.0,0.0,0.0,,,,,,,,,,,,,,,1.465053258842091,1.542572174063272,,,,,,,,,,,,1.637054861384312,"rgba(38, 166, 154, 1.0)"
2023-12-28 00:00:00+00:00,1.88,1.9,1.84,1.85,1519717,0.0,0.0,0.0,0.0,0.0,0.0,0.0,0.0,,,,,,,,,,,,,,,1.465566835907812,1.5429721070165765,,,,,,,,,,,,1.6373280404544772,"rgba(38, 166, 154, 1.0)"
2023-12-29 00:00:00+00:00,1.82,1.89,1.815,1.86,1479736,0.0,0.0,0.0,0.0,0.0,0.0,0.0,0.0,,,,,,,,,,,,,,,1.4660269234662955,1.5433233523095495,,,,,,,,,,,,1.6375578174894652,"rgba(38, 166, 154, 0.75)"
2024-01-02 00:00:00+00:00,1.77,1.88,1.745,1.83,2380816,0.0,0.0,0.0,0.0,0.0,0.0,0.0,0.0,,,,,,,,,,,,,,,1.466679698754583,1.5438049241194571,,,,,,,,,,,,1.6378481747033033,"rgba(38, 166, 154, 0.75)"
2024-01-03 00:00:00+00:00,1.64,1.75,1.605,1.75,3419041,0.0,0.0,0.0,0.0,0.0,0.0,0.0,0.0,,,,,,,,,,,,,,,1.4672375870057308,1.5441327106745741,,,,,,,,,,,,1.637918411600553,"rgba(38, 166, 154, 0.5)"
2024-01-04 00:00:00+00:00,1.65,1.7,1.625,1.63,1229068,0.0,0.0,0.0,0.0,0.0,0.0,0.0,0.0,,,,,,,,,,,,,,,1.4674306342975378,1.5442436343364316,,,,,,,,,,,,1.637937377871273,#000000
2024-01-05 00:00:00+00:00,1.7,1.755,1.65,1.66,2683087,0.0,0.0,0.0,0.0,0.0,0.0,0.0,0.0,,,,,,,,,,,,,,,1.4679460629254035,1.5445767253739817,,,,,,,,,,,,1.6380663667398128,#000000
2024-01-08 00:00:00+00:00,1.67,1.74,1.65,1.74,1032481,0.0,0.0,0.0,0.0,0.0,0.0,0.0,0.0,,,,,,,,,,,,,,,1.4681311108648825,1.544692323782298,,,,,,,,,,,,1.638104190203803,#000000
2024-01-09 00:00:00+00:00,1.75,1.81,1.61,1.66,4216181,0.0,0.0,0.0,0.0,0.0,0.0,0.0,0.0,,,,,,,,,,,,,,,1.4690097657804606,1.5452838397064856,,,,,,,,,,,,1.638374193853277,#000000
2024-01-10 00:00:00+00:00,1.75,1.765,1.7,1.71,1778677,0.0,0.0,0.0,0.0,0.0,0.0,0.0,0.0,,,,,,,,,,,,,,,1.469400386920574,1.5455531330050758,,,,,,,,,,,,1.6385076079834588,#000000
2024-01-11 00:00:00+00:00,1.69,1.735,1.67,1.71,1362986,0.0,0.0,0.0,0.0,0.0,0.0,0.0,0.0,,,,,,,,,,,,,,,1.46965454362785,1.5457162706827263,,,,,,,,,,,,1.6385687328110279,#000000
2024-01-12 00:00:00+00:00,1.67,1.76,1.65,1.72,1519701,0.0,0.0,0.0,0.0,0.0,0.0,0.0,0.0,,,,,,,,,,,,,,,1.469931077023759,1.5458918097412528,,,,,,,,,,,,1.6386310491440927,#000000
2024-01-16 00:00:00+00:00,1.6,1.65,1.57,1.64,1470663,0.0,0.0,0.0,0.0,0.0,0.0,0.0,0.0,,,,,,,,,,,,,,,1.4700944725218386,1.5459616678264727,,,,,,,,,,,,1.638595889430423,"rgba(239, 83, 80, 1.0)"
2024-01-17 00:00:00+00:00,1.53,1.58,1.495,1.57,1214691,0.0,0.0,0.0,0.0,0.0,0.0,0.0,0.0,,,,,,,,,,,,,,,1.4701584702295483,1.5459512707821004,,,,,,,,,,,,1.6385018565373033,"rgba(239, 83, 80, 1.0)"
2024-01-18 00:00:00+00:00,1.5,1.54,1.4525,1.51,1238332,0.0,0.0,0.0,0.0,0.0,0.0,0.0,0.0,,,,,,,,,,,,,,,1.470185926433467,1.545904466027164,,,,,,,,,,,,1.638371500335781,"rgba(239, 83, 80, 1.0)"
2024-01-19 00:00:00+00:00,1.66,1.69,1.51,1.53,7214823,0.0,0.0,0.0,0.0,0.0,0.0,0.0,0.0,,,,,,,,,,,,,,,1.4710573421064714,1.546319160221996,,,,,,,,,,,,1.6382730749587424,"rgba(239, 83, 80, 0.75)"
2024-01-22 00:00:00+00:00,1.75,1.79,1.68,1.68,1667507,0.0,0.0,0.0,0.0,0.0,0.0,0.0,0.0,,,,,,,,,,,,,,,1.4714184117490514,1.5465693693538802,,,,,,,,,,,,1.6383988814169759,"rgba(239, 83, 80, 0.75)"
2024-01-23 00:00:00+00:00,1.77,1.805,1.73,1.73,1325719,0.0,0.0,0.0,0.0,0.0,0.0,0.0,0.0,,,,,,,,,,,,,,,1.4717349919980431,1.5467969029156163,,,,,,,,,,,,1.638526510119837,#000000
2024-01-24 00:00:00+00:00,1.76,1.86,1.75,1.79,1485451,0.0,0.0,0.0,0.0,0.0,0.0,0.0,0.0,,,,,,,,,,,,,,,1.4721147692896936,1.5470761775200996,,,,,,,,,,,,1.638693039089383,"rgba(38, 166, 154, 0.5)"
2024-01-25 00:00:00+00:00,1.81,1.83,1.77,1.78,1251935,0.0,0.0,0.0,0.0,0.0,0.0,0.0,0.0,,,,,,,,,,,,,,,1.4724475373810912,1.5473239435085782,,,,,,,,,,,,1.6388454480604042,"rgba(38, 166, 154, 0.5)"
2024-01-26 00:00:00+00:00,1.91,1.92,1.8,1.85,3895796,0.0,0.0,0.0,0.0,0.0,0.0,0.0,0.0,,,,,,,,,,,,,,,1.4737073403973697,1.5483118673865253,,,,,,,,,,,,1.6395285573269403,"rgba(38, 166, 154, 0.5)"
2024-01-29 00:00:00+00:00,1.82,1.94,1.77,1.94,2306820,0.0,0.0,0.0,0.0,0.0,0.0,0.0,0.0,,,,,,,,,,,,,,,1.4743882117385874,1.5488349566621207,,,,,,,,,,,,1.6398746029873168,"rgba(38, 166, 154, 0.5)"
2024-01-30 00:00:00+00:00,1.8,1.82,1.785,1.79,967724,0.0,0.0,0.0,0.0,0.0,0.0,0.0,0.0,,,,,,,,,,,,,,,1.4746409216630119,1.5490228747714632,,,,,,,,,,,,1.6399897638302263,"rgba(38, 166, 154, 0.5)"
2024-01-31 00:00:00+00:00,1.72,1.84,1.72,1.78,1568873,0.0,0.0,0.0,0.0,0.0,0.0,0.0,0.0,,,,,,,,,,,,,,,1.4749976926540365,1.5492767882448433,,,,,,,,,,,,1.6401280890364347,"rgba(38, 166, 154, 0.5)"
2024-02-01 00:00:00+00:00,1.75,1.78,1.71,1.75,1656224,0.0,0.0,0.0,0.0,0.0,0.0,0.0,0.0,,,,,,,,,,,,,,,1.4753557860706348,1.5495272578957593,,,,,,,,,,,,1.640257566174884,"rgba(38, 166, 154, 0.5)"
2024-02-02 00:00:00+00:00,1.69,1.75,1.66,1.74,964389,0.0,0.0,0.0,0.0,0.0,0.0,0.0,0.0,,,,,,,,,,,,,,,1.4755280726720659,1.5496383544209247,,,,,,,,,,,,1.6402998130959707,#000000
2024-02-05 00:00:00+00:00,1.65,1.66,1.57,1.63,1697947,0.0,0.0,0.0,0.0,0.0,0.0,0.0,0.0,,,,,,,,,,,,,,,1.4757318789216374,1.549738354587981,,,,,,,,,,,,1.6402828603616872,#000000
2024-02-06 00:00:00+00:00,1.65,1.69,1.62,1.64,1687477,0.0,0.0,0.0,0.0,0.0,0.0,0.0,0.0,,,,,,,,,,,,,,,1.4759695742992682,1.5498718427663347,,,,,,,,,,,,1.6402989685707763,"rgba(239, 83, 80, 1.0)"
2024-02-07 00:00:00+00:00,1.64,1.69,1.59,1.68,3038284,0.0,0.0,0.0,0.0,0.0,0.0,0.0,0.0,,,,,,,,,,,,,,,1.476363889818352,1.55008045928092,,,,,,,,,,,,1.6402983056326983,"rgba(239, 83, 80, 1.0)"
2024-02-08 00:00:00+00:00,1.66,1.68,1.61,1.65,677129,0.0,0.0,0.0,0.0,0.0,0.0,0.0,0.0,,,,,,,,,,,,,,,1.4764568656223334,1.550131977126533,,,,,,,,,,,,1.6403030977064887,"rgba(239, 83, 80, 1.0)"
2024-02-09 00:00:00+00:00,1.68,1.7,1.6,1.65,1519282,0.0,0.0,0.0,0.0,0.0,0.0,0.0,0.0,,,,,,,,,,,,,,,1.4766771144255808,1.5502589302621061,,,,,,,,,,,,1.640324902891249,"rgba(239, 83, 80, 1.0)"
2024-02-12 00:00:00+00:00,1.81,1.83,1.68,1.69,1783012,0.0,0.0,0.0,0.0,0.0,0.0,0.0,0.0,,,,,,,,,,,,,,,1.477094304111406,1.5505610291962155,,,,,,,,,,,,1.6404974839031703,#000000
2024-02-13 00:00:00+00:00,1.73,1.77,1.69,1.74,2053019,0.0,0.0,0.0,0.0,0.0,0.0,0.0,0.0,,,,,,,,,,,,,,,1.4775031642282217,1.5508403982163084,,,,,,,,,,,,1.640631001785263,#000000
2024-02-14 00:00:00+00:00,1.79,1.805,1.745,1.77,1055303,0.0,0.0,0.0,0.0,0.0,0.0,0.0,0.0,,,,,,,,,,,,,,,1.4777543299856777,1.551023644981417,,,,,,,,,,,,1.6407377895949036,"rgba(38, 166, 154, 0.5)"
2024-02-15 00:00:00+00:00,1.87,1.87,1.8,1.81,2073205,0.0,0.0,0.0,0.0,0.0,0.0,0.0,0.0,,,,,,,,,,,,,,,1.4783551162670225,1.5514873579521808,,,,,,,,,,,,1.641047306645432,"rgba(38, 166, 154, 0.5)"
2024-02-16 00:00:00+00:00,1.8,1.87,1.79,1.86,976319,0.0,0.0,0.0,0.0,0.0,0.0,0.0,0.0,,,,,,,,,,,,,,,1.4786169275174899,1.5516855449574976,,,,,,,,,,,,1.6411738815971375,"rgba(38, 166, 154, 0.5)"
2024-02-20 00:00:00+00:00,1.7,1.79,1.69,1.79,1300058,0.0,0.0,0.0,0.0,0.0,0.0,0.0,0.0,,,,,,,,,,,,,,,1.4788697875578287,1.5518573539889944,,,,,,,,,,,,1.6412543269825455,"rgba(38, 166, 154, 0.5)"
2024-02-21 00:00:00+00:00,1.61,1.72,1.58,1.69,4824205,0.0,0.0,0.0,0.0,0.0,0.0,0.0,0.0,,,,,,,,,,,,,,,1.479464439919529,1.5521652342815473,,,,,,,,,,,,1.6412383640685106,#000000
2024-02-22 00:00:00+00:00,1.82,1.91,1.58,1.6,11285394,0.0,0.0,0.0,0.0,0.0,0.0,0.0,0.0,,,,,,,,,,,,,,,1.4820033258126541,1.5539995914074602,,,,,,,,,,,,1.6422779912663257,#000000
2024-02-23 00:00:00+00:00,1.88,1.93,1.74,1.83,6022699,0.0,0.0,0.0,0.0,0.0,0.0,0.0,0.0,,,,,,,,,,,,,,,1.4837115369920582,1.5553238600736665,,,,,,,,,,,,1.6431692027737452,"rgba(38, 166, 154, 0.5)"
2024-02-26 00:00:00+00:00,1.98,2.055,1.89,1.99,3504990,0.0,0.0,0.0,0.0,0.0,0.0,0.0,0.0,,,,,,,,,,,,,,,1.4850351414557426,1.5564137042876887,,,,,,,,,,,,1.6439956736733956,"rgba(38, 166, 154, 0.5)"
2024-02-27 00:00:00+00:00,1.94,2.025,1.92,1.98,1403258,0.0,0.0,0.0,0.0,0.0,0.0,0.0,0.0,,,,,,,,,,,,,,,1.4855486964705955,1.556834601250561,,,,,,,,,,,,1.644312124575552,"rgba(38, 166, 154, 0.5)"
2024-02-28 00:00:00+00:00,1.7,1.92,1.65,1.92,2942753,0.0,0.0,0.0,0.0,0.0,0.0,0.0,0.0,,,,,,,,,,,,,,,1.486159917938274,1.557268897594194,,,,,,,,,,,,1.6445463474935749,"rgba(38, 166, 154, 0.5)"
2024-02-29 00:00:00+00:00,1.72,1.73,1.65,1.72,2452469,0.0,0.0,0.0,0.0,0.0,0.0,0.0,0.0,,,,,,,,,,,,,,,1.4865609359857417,1.5575269473431448,,,,,,,,,,,,1.6446425230607886,#000000
2024-03-01 00:00:00+00:00,1.79,1.815,1.67,1.71,2468400,0.0,0.0,0.0,0.0,0.0,0.0,0.0,0.0,,,,,,,,,,,,,,,1.487072939809543,1.5578916885156953,,,,,,,,,,,,1.6448406367684751,#000000
2024-03-04 00:00:00+00:00,1.76,1.82,1.75,1.81,1648265,0.0,0.0,0.0,0.0,0.0,0.0,0.0,0.0,,,,,,,,,,,,,,,1.4874367899195358,1.5581567154354072,,,,,,,,,,,,1.6449938501819268,#000000
2024-03-05 00:00:00+00:00,1.72,1.77,1.7,1.75,1788330,0.0,0.0,0.0,0.0,0.0,0.0,0.0,0.0,,,,,,,,,,,,,,,1.487766997696849,1.5583822821882063,,,,,,,,,,,,1.6451009082211774,#000000
2024-03-06 00:00:00+00:00,1.76,1.82,1.69,1.74,2247714,0.0,0.0,0.0,0.0,0.0,0.0,0.0,0.0,,,,,,,,,,,,,,,1.4882263052315696,1.5587088764186459,,,,,,,,,,,,1.6452772301526144,#000000
2024-03-07 00:00:00+00:00,1.74,1.81,1.73,1.79,1003182,0.0,0.0,0.0,0.0,0.0,0.0,0.0,0.0,,,,,,,,,,,,,,,1.4884333329256885,1.558856740999893,,,,,,,,,,,,1.6453580945749433,#000000
2024-03-08 00:00:00+00:00,1.79,1.82,1.745,1.76,1469521,0.0,0.0,0.0,0.0,0.0,0.0,0.0,0.0,,,,,,,,,,,,,,,1.4887638965629448,1.5590998226474044,,,,,,,,,,,,1.6455021307248734,#000000
2024-03-11 00:00:00+00:00,1.75,1.81,1.73,1.78,599516,0.0,0.0,0.0,0.0,0.0,0.0,0.0,0.0,,,,,,,,,,,,,,,1.4888886959558272,1.5591893447145504,,,,,,,,,,,,1.645551693808068,#000000
2024-03-12 00:00:00+00:00,1.72,1.74,1.7,1.73,623732,0.0,0.0,0.0,0.0,0.0,0.0,0.0,0.0,,,,,,,,,,,,,,,1.4889979338681671,1.5592626469398396,,,,,,,,,,,,1.6455842594812489,#000000
2024-03-13 00:00:00+00:00,1.7,1.785,1.7,1.73,1396914,0.0,0.0,0.0,0.0,0.0,0.0,0.0,0.0,,,,,,,,,,,,,,,1.4892510217167714,1.559435071513869,,,,,,,,,,,,1.6456652463803378,"rgba(239, 83, 80, 1.0)"
2024-03-14 00:00:00+00:00,1.63,1.71,1.595,1.7,2430577,0.0,0.0,0.0,0.0,0.0,0.0,0.0,0.0,,,,,,,,,,,,,,,1.4895370644593777,1.5595866356291395,,,,,,,,,,,,1.6456641154524119,"rgba(239, 83, 80, 1.0)"
2024-03-15 00:00:00+00:00,1.56,1.65,1.54,1.61,4034613,0.0,0.0,0.0,0.0,0.0,0.0,0.0,0.0,,,,,,,,,,,,,,,1.4898221412233057,1.5596562535796068,,,,,,,,,,,,1.6454887178449165,"rgba(239, 83, 80, 1.0)"
2024-03-18 00:00:00+00:00,1.55,1.655,1.53,1.55,4472450,0.0,0.0,0.0,0.0,0.0,0.0,0.0,0.0,,,,,,,,,,,,,,,1.490119347047352,1.5597167544323198,,,,,,,,,,,,1.6452798878251984,"rgba(239, 83, 80, 1.0)"
2024-03-19 00:00:00+00:00,1.56,1.63,1.53,1.55,4597462,0.0,0.0,0.0,0.0,0.0,0.0,0.0,0.0,,,,,,,,,,,,,,,1.490405587913938,1.559761945171888,,,,,,,,,,,,1.6450506381632912,"rgba(239, 83, 80, 1.0)"
2024-03-20 00:00:00+00:00,1.63,1.63,1.55,1.57,1674856,0.0,0.0,0.0,0.0,0.0,0.0,0.0,0.0,,,,,,,,,,,,,,,1.490546923462525,1.55981456112008,,,,,,,,,,,,1.6450022687929493,"rgba(239, 83, 80, 1.0)"
2024-03-21 00:00:00+00:00,1.58,1.64,1.53,1.61,4899571,0.0,0.0,0.0,0.0,0.0,0.0,0.0,0.0,,,,,,,,,,,,,,,1.4908853999772487,1.5598973514741363,,,,,,,,,,,,1.6447938049872857,"rgba(239, 83, 80, 1.0)"
2024-03-22 00:00:00+00:00,1.58,1.6398,1.5325,1.6,3408203,0.0,0.0,0.0,0.0,0.0,0.0,0.0,0.0,,,,,,,,,,,,,,,1.49112133633364,1.559956471312432,,,,,,,,,,,,1.6446514227014601,"rgba(239, 83, 80, 1.0)"
2024-03-25 00:00:00+00:00,1.56,1.66,1.56,1.6,1309526,0.0,0.0,0.0,0.0,0.0,0.0,0.0,0.0,,,,,,,,,,,,,,,1.4912206432088742,1.559987767908211,,,,,,,,,,,,1.6446052080731293,"rgba(239, 83, 80, 1.0)"
2024-03-26 00:00:00+00:00,1.54,1.575,1.52,1.56,3256781,0.0,0.0,0.0,0.0,0.0,0.0,0.0,0.0,,,,,,,,,,,,,,,1.4913502773380347,1.5599528979524115,,,,,,,,,,,,1.6443826241074178,"rgba(239, 83, 80, 1.0)"
2024-03-27 00:00:00+00:00,1.65,1.65,1.57,1.59,4086647,0.0,0.0,0.0,0.0,0.0,0.0,0.0,0.0,,,,,,,,,,,,,,,1.4917482826539374,1.5601373919304224,,,,,,,,,,,,1.6443237652572427,"rgba(239, 83, 80, 0.75)"
2024-03-28 00:00:00+00:00,1.65,1.7,1.63,1.66,1174434,0.0,0.0,0.0,0.0,0.0,0.0,0.0,0.0,,,,,,,,,,,,,,,1.4918939678693126,1.5602208615082545,,,,,,,,,,,,1.6443363524446708,"rgba(239, 83, 80, 0.75)"
2024-04-01 00:00:00+00:00,1.61,1.65,1.61,1.64,1201984,0.0,0.0,0.0,0.0,0.0,0.0,0.0,0.0,,,,,,,,,,,,,,,1.4920103447743276,1.5602748050198547,,,,,,,,,,,,1.6443191066984748,"rgba(239, 83, 80, 0.75)"
2024-04-02 00:00:00+00:00,1.57,1.575,1.54,1.55,1364120,0.0,0.0,0.0,0.0,0.0,0.0,0.0,0.0,,,,,,,,,,,,,,,1.4920802677016514,1.5602761538364942,,,,,,,,,,,,1.6442421572847699,"rgba(239, 83, 80, 0.75)"
2024-04-03 00:00:00+00:00,1.62,1.63,1.54,1.54,1810868,0.0,0.0,0.0,0.0,0.0,0.0,0.0,0.0,,,,,,,,,,,,,,,1.4922194519679537,1.5603229080659828,,,,,,,,,,,,1.6441834312448729,"rgba(239, 83, 80, 0.75)"
2024-04-04 00:00:00+00:00,1.68,1.71,1.65,1.65,5510806,0.0,0.0,0.0,0.0,0.0,0.0,0.0,0.0,,,,,,,,,,,,,,,1.492976875112766,1.5607890062008096,,,,,,,,,,,,1.6443174703143517,#000000
2024-04-05 00:00:00+00:00,1.61,1.68,1.61,1.66,2196405,0.0,0.0,0.0,0.0,0.0,0.0,0.0,0.0,,,,,,,,,,,,,,,1.4932021537698006,1.5609014391186116,,,,,,,,,,,,1.6443011110651498,#000000
2024-04-08 00:00:00+00:00,1.65,1.685,1.6,1.6,1422187,0.0,0.0,0.0,0.0,0.0,0.0,0.0,0.0,,,,,,,,,,,,,,,1.493359750215961,1.5609857507041283,,,,,,,,,,,,1.644301784400253,#000000
2024-04-09 00:00:00+00:00,1.64,1.715,1.62,1.66,1421683,0.0,0.0,0.0,0.0,0.0,0.0,0.0,0.0,,,,,,,,,,,,,,,1.493530787500258,1.5610832126116894,,,,,,,,,,,,1.6443152851133185,#000000
2024-04-10 00:00:00+00:00,1.54,1.6,1.5,1.6,6061411,0.0,0.0,0.0,0.0,0.0,0.0,0.0,0.0,,,,,,,,,,,,,,,1.4937646280138097,1.5610219363792437,,,,,,,,,,,,1.643916342693388,"rgba(239, 83, 80, 1.0)"
2024-04-11 00:00:00+00:00,1.57,1.6,1.5,1.56,4903136,0.0,0.0,0.0,0.0,0.0,0.0,0.0,0.0,,,,,,,,,,,,,,,1.4939877557371197,1.5610070134023482,,,,,,,,,,,,1.6436289503079207,"rgba(239, 83, 80, 1.0)"
2024-04-12 00:00:00+00:00,1.52,1.58,1.51,1.57,1643078,0.0,0.0,0.0,0.0,0.0,0.0,0.0,0.0,,,,,,,,,,,,,,,1.4940384280167394,1.5609790974123419,,,,,,,,,,,,1.6435110140819136,"rgba(239, 83, 80, 1.0)"
2024-04-15 00:00:00+00:00,1.47,1.57,1.46,1.54,2201886,0.0,0.0,0.0,0.0,0.0,0.0,0.0,0.0,,,,,,,,,,,,,,,1.494047898324761,1.560885518728324,,,,,,,,,,,,1.64329927686137,"rgba(239, 83, 80, 1.0)"
2024-04-16 00:00:00+00:00,1.46,1.5,1.4,1.5,1380446,0.0,0.0,0.0,0.0,0.0,0.0,0.0,0.0,,,,,,,,,,,,,,,1.4940073898964594,1.5607821421532988,,,,,,,,,,,,1.6431237228391928,"rgba(239, 83, 80, 1.0)"
2024-04-17 00:00:00+00:00,1.43,1.49,1.42,1.47,1198150,0.0,0.0,0.0,0.0,0.0,0.0,0.0,0.0,,,,,,,,,,,,,,,1.4939665440990495,1.5606870210112733,,,,,,,,,,,,1.642966271546715,"rgba(239, 83, 80, 1.0)"
2024-04-18 00:00:00+00:00,1.44,1.48,1.41,1.42,1311937,0.0,0.0,0.0,0.0,0.0,0.0,0.0,0.0,,,,,,,,,,,,,,,1.4939187538115444,1.560580008431024,,,,,,,,,,,,1.6427912338339723,"rgba(239, 83, 80, 1.0)"
2024-04-19 00:00:00+00:00,1.49,1.515,1.43,1.43,1777437,0.0,0.0,0.0,0.0,0.0,0.0,0.0,0.0,,,,,,,,,,,,,,,1.493898849418638,1.560478523521261,,,,,,,,,,,,1.6425961057341658,"rgba(239, 83, 80, 1.0)"
2024-04-22 00:00:00+00:00,1.47,1.51,1.45,1.5,1383768,0.0,0.0,0.0,0.0,0.0,0.0,0.0,0.0,,,,,,,,,,,,,,,1.4938817331858554,1.5603980893379037,,,,,,,,,,,,1.6424429770291127,"rgba(239, 83, 80, 0.75)"
2024-04-23 00:00:00+00:00,1.5,1.53,1.47,1.47,1135244,0.0,0.0,0.0,0.0,0.0,0.0,0.0,0.0,,,,,,,,,,,,,,,1.493886714781615,1.5603505730478764,,,,,,,,,,,,1.642335213587156,"rgba(239, 83, 80, 0.75)"
2024-04-24 00:00:00+00:00,1.44,1.53,1.43,1.5,1315159,0.0,0.0,0.0,0.0,0.0,0.0,0.0,0.0,,,,,,,,,,,,,,,1.4938610635307585,1.5602652674115896,,,,,,,,,,,,1.6421813864337045,"rgba(239, 83, 80, 0.75)"
2024-04-25 00:00:00+00:00,1.44,1.46,1.33,1.44,1568034,0.0,0.0,0.0,0.0,0.0,0.0,0.0,0.0,,,,,,,,,,,,,,,1.493766946209791,1.560102308797791,,,,,,,,,,,,1.6419392331149387,"rgba(239, 83, 80, 0.75)"
2024-04-26 00:00:00+00:00,1.44,1.48,1.43,1.44,552548,0.0,0.0,0.0,0.0,0.0,0.0,0.0,0.0,,,,,,,,,,,,,,,1.4937496441323546,1.5600602493330542,,,,,,,,,,,,1.6418687180784115,"rgba(239, 83, 80, 0.75)"
2024-04-29 00:00:00+00:00,1.44,1.47,1.41,1.45,616410,0.0,0.0,0.0,0.0,0.0,0.0,0.0,0.0,,,,,,,,,,,,,,,1.4937259502746303,1.5600091069237585,,,,,,,,,,,,1.6417860174683363,"rgba(239, 83, 80, 0.75)"
2024-04-30 00:00:00+00:00,1.39,1.44,1.38,1.44,4162558,0.0,0.0,0.0,0.0,0.0,0.0,0.0,0.0,,,,,,,,,,,,,,,1.4934576674474638,1.5595597132707777,,,,,,,,,,,,1.6411281586357003,"rgba(239, 83, 80, 1.0)"
2024-05-01 00:00:00+00:00,1.45,1.51,1.39,1.41,996399,0.0,0.0,0.0,0.0,0.0,0.0,0.0,0.0,,,,,,,,,,,,,,,1.493426814910782,1.559484542175461,,,,,,,,,,,,1.6410020219416033,"rgba(239, 83, 80, 0.75)"
2024-05-02 00:00:00+00:00,1.55,1.57,1.47,1.49,2465112,0.0,0.0,0.0,0.0,0.0,0.0,0.0,0.0,,,,,,,,,,,,,,,1.493490940074708,1.559434577718249,,,,,,,,,,,,1.6408210786383604,"rgba(239, 83, 80, 0.5)"
2024-05-03 00:00:00+00:00,1.5,1.6,1.5,1.6,1472156,0.0,0.0,0.0,0.0,0.0,0.0,0.0,0.0,,,,,,,,,,,,,,,1.4935326149005377,1.5594081897539145,,,,,,,,,,,,1.6407165428058503,#000000
2024-05-06 00:00:00+00:00,1.53,1.54,1.51,1.52,845283,0.0,0.0,0.0,0.0,0.0,0.0,0.0,0.0,,,,,,,,,,,,,,,1.4935525028711556,1.55938919473083,,,,,,,,,,,,1.6406528915611,#000000
2024-05-07 00:00:00+00:00,1.56,1.57,1.52,1.52,1480784,0.0,0.0,0.0,0.0,0.0,0.0,0.0,0.0,,,,,,,,,,,,,,,1.4936117945537628,1.5593796619915736,,,,,,,,,,,,1.640564347604515,"rgba(38, 166, 154, 1.0)"
2024-05-08 00:00:00+00:00,1.54,1.58,1.5201,1.55,1305369,0.0,0.0,0.0,0.0,0.0,0.0,0.0,0.0,,,,,,,,,,,,,,,1.4936609064564499,1.5593683236353035,,,,,,,,,,,,1.6404835970096001,"rgba(38, 166, 154, 1.0)"
2024-05-09 00:00:00+00:00,1.61,1.62,1.46,1.54,1667777,0.0,0.0,0.0,0.0,0.0,0.0,0.0,0.0,,,,,,,,,,,,,,,1.4937431574843691,1.5593728483945286,,,,,,,,,,,,1.6403988918080736,"rgba(38, 166, 154, 1.0)"
2024-05-10 00:00:00+00:00,1.57,1.63,1.57,1.59,1643484,0.0,0.0,0.0,0.0,0.0,0.0,0.0,0.0,,,,,,,,,,,,,,,1.4938550071184158,1.55940725146597,,,,,,,,,,,,1.6403444225412833,"rgba(38, 166, 154, 1.0)"
2024-05-13 00:00:00+00:00,1.54,1.62,1.53,1.6,1273278,0.0,0.0,0.0,0.0,0.0,0.0,0.0,0.0,,,,,,,,,,,,,,,1.4939174983757342,1.559410665201962,,,,,,,,,,,,1.6402799940332817,"rgba(38, 166, 154, 1.0)"
2024-05-14 00:00:00+00:00,1.56,1.59,1.53,1.54,1247138,0.0,0.0,0.0,0.0,0.0,0.0,0.0,0.0,,,,,,,,,,,,,,,1.493975663844908,1.5594111666826718,,,,,,,,,,,,1.6402142634198607,"rgba(38, 166, 154, 1.0)"
2024-05-15 00:00:00+00:00,1.56,1.58,1.55,1.55,769894,0.0,0.0,0.0,0.0,0.0,0.0,0.0,0.0,,,,,,,,,,,,,,,1.4940133302139025,1.5594132259206366,,,,,,,,,,,,1.6401754237126602,"rgba(38, 166, 154, 1.0)"
2024-05-16 00:00:00+00:00,1.57,1.575,1.48,1.51,1218554,0.0,0.0,0.0,0.0,0.0,0.0,0.0,0.0,,,,,,,,,,,,,,,1.4940542556469347,1.559398491001443,,,,,,,,,,,,1.6400967193365472,"rgba(38, 166, 154, 1.0)"
2024-05-17 00:00:00+00:00,1.55,1.575,1.545,1.57,878206,0.0,0.0,0.0,0.0,0.0,0.0,0.0,0.0,,,,,,,,,,,,,,,1.4940929852723879,1.5593968572793413,,,,,,,,,,,,1.6400487075151042,"rgba(38, 166, 154, 1.0)"
2024-05-20 00:00:00+00:00,1.55,1.5775,1.55,1.55,1381499,0.0,0.0,0.0,0.0,0.0,0.0,0.0,0.0,,,,,,,,,,,,,,,1.4941562439391516,1.559396640928383,,,,,,,,,,,,1.6399755533660214,"rgba(38, 166, 154, 1.0)"
2024-05-21 00:00:00+00:00,1.54,1.56,1.46,1.56,3491404,0.0,0.0,0.0,0.0,0.0,0.0,0.0,0.0,,,,,,,,,,,,,,,1.494219580454959,1.5593032833501848,,,,,,,,,,,,1.639701939828748,#000000
2024-05-22 00:00:00+00:00,1.51,1.535,1.5,1.53,1360794,0.0,0.0,0.0,0.0,0.0,0.0,0.0,0.0,,,,,,,,,,,,,,,1.4942394108100538,1.5592624027137159,,,,,,,,,,,,1.639591194746505,#000000
2024-05-23 00:00:00+00:00,1.47,1.54,1.47,1.52,1590571,0.0,0.0,0.0,0.0,0.0,0.0,0.0,0.0,,,,,,,,,,,,,,,1.4942384012828196,1.559191371179207,,,,,,,,,,,,1.6394395314278665,"rgba(239, 83, 80, 0.5)"
2024-05-24 00:00:00+00:00,1.43,1.52,1.43,1.5,896070,0.0,0.0,0.0,0.0,0.0,0.0,0.0,0.0,,,,,,,,,,,,,,,1.4942169238412815,1.559131202081123,,,,,,,,,,,,1.6393347667924505,"rgba(239, 83, 80, 1.0)"
2024-05-28 00:00:00+00:00,1.44,1.47,1.42,1.45,1498093,0.0,0.0,0.0,0.0,0.0,0.0,0.0,0.0,,,,,,,,,,,,,,,1.4941636163269136,1.5590138862017033,,,,,,,,,,,,1.63914363674968,"rgba(239, 83, 80, 1.0)"
2024-05-29 00:00:00+00:00,1.42,1.43,1.34,1.39,1658845,0.0,0.0,0.0,0.0,0.0,0.0,0.0,0.0,,,,,,,,,,,,,,,1.4940506457795668,1.5588319658883925,,,,,,,,,,,,1.6388820964914117,"rgba(239, 83, 80, 1.0)"
2024-05-30 00:00:00+00:00,1.43,1.47,1.43,1.44,885918,0.0,0.0,0.0,0.0,0.0,0.0,0.0,0.0,,,,,,,,,,,,,,,1.4940192804764771,1.558762887678149,,,,,,,,,,,,1.6387695166216416,"rgba(239, 83, 80, 1.0)"
2024-05-31 00:00:00+00:00,1.44,1.48,1.43,1.44,2018581,0.0,0.0,0.0,0.0,0.0,0.0,0.0,0.0,,,,,,,,,,,,,,,1.4939573396048815,1.5586148725223525,,,,,,,,,,,,1.638522218472656,"rgba(239, 83, 80, 1.0)"
2024-06-03 00:00:00+00:00,1.44,1.49,1.43,1.47,1390850,0.0,0.0,0.0,0.0,0.0,0.0,0.0,0.0,,,,,,,,,,,,,,,1.4939179909063525,1.5585162434943325,,,,,,,,,,,,1.6383552070442593,"rgba(239, 83, 80, 1.0)"
2024-06-04 00:00:00+00:00,1.4,1.435,1.36,1.41,1616205,0.0,0.0,0.0,0.0,0.0,0.0,0.0,0.0,,,,,,,,,,,,,,,1.4938105268034476,1.5583420578569254,,,,,,,,,,,,1.638103935471378,"rgba(239, 83, 80, 1.0)"
2024-06-05 00:00:00+00:00,1.44,1.44,1.39,1.4,1409974,0.0,0.0,0.0,0.0,0.0,0.0,0.0,0.0,,,,,,,,,,,,,,,1.4937414690045037,1.55821410179881,,,,,,,,,,,,1.637907967284161,"rgba(239, 83, 80, 1.0)"
2024-06-06 00:00:00+00:00,1.37,1.42,1.36,1.42,6137152,0.0,0.0,0.0,0.0,0.0,0.0,0.0,0.0,,,,,,,,,,,,,,,1.4932725771894901,1.5574956313006412,,,,,,,,,,,,1.636900896001316,"rgba(239, 83, 80, 1.0)"
2024-06-07 00:00:00+00:00,1.38,1.41,1.33,1.35,1821935,0.0,0.0,0.0,0.0,0.0,0.0,0.0,0.0,,,,,,,,,,,,,,,1.4931215512040283,1.557271292574346,,,,,,,,,,,,1.6365917288720837,"rgba(239, 83, 80, 1.0)"
2024-06-10 00:00:00+00:00,1.38,1.4,1.345,1.35,696509,0.0,0.0,0.0,0.0,0.0,0.0,0.0,0.0,,,,,,,,,,,,,,,1.4930647177097538,1.5571864500753998,,,,,,,,,,,,1.6364744757251586,"rgba(239, 83, 80, 1.0)"
2024-06-11 00:00:00+00:00,1.39,1.4,1.35,1.35,903046,0.0,0.0,0.0,0.0,0.0,0.0,0.0,0.0,,,,,,,,,,,,,,,1.4929942298013663,1.557079582290438,,,,,,,,,,,,1.6363255137313795,"rgba(239, 83, 80, 1.0)"
2024-06-12 00:00:00+00:00,1.4,1.47,1.4,1.44,1033151,0.0,0.0,0.0,0.0,0.0,0.0,0.0,0.0,,,,,,,,,,,,,,,1.4929445796179315,1.5569873565259131,,,,,,,,,,,,1.6361840775814023,"rgba(239, 83, 80, 0.75)"
2024-06-13 00:00:00+00:00,1.39,1.43,1.37,1.4,999801,0.0,0.0,0.0,0.0,0.0,0.0,0.0,0.0,,,,,,,,,,,,,,,1.4928782192496386,1.5568804460444874,,,,,,,,,,,,1.6360302604776675,"rgba(239, 83, 80, 0.75)"
2024-06-14 00:00:00+00:00,1.37,1.39,1.35,1.37,1528794,0.0,0.0,0.0,0.0,0.0,0.0,0.0,0.0,,,,,,,,,,,,,,,1.4927488488406824,1.5566900809323376,,,,,,,,,,,,1.63576928017882,"rgba(239, 83, 80, 0.75)"
2024-06-17 00:00:00+00:00,1.38,1.39,1.36,1.36,860494,0.0,0.0,0.0,0.0,0.0,0.0,0.0,0.0,,,,,,,,,,,,,,,1.492680099712139,1.5565869230459723,,,,,,,,,,,,1.6356262895371023,"rgba(239, 83, 80, 0.75)"
2024-06-18 00:00:00+00:00,1.38,1.39,1.36,1.37,1102616,0.0,0.0,0.0,0.0,0.0,0.0,0.0,0.0,,,,,,,,,,,,,,,1.4925921251933467,1.5564549117246482,,,,,,,,,,,,1.6354432953409204,"rgba(239, 83, 80, 0.75)"
2024-06-20 00:00:00+00:00,1.38,1.39,1.36,1.36,1534047,0.0,0.0,0.0,0.0,0.0,0.0,0.0,0.0,,,,,,,,,,,,,,,1.492469949765368,1.5562715690009623,,,,,,,,,,,,1.6351891290674938,"rgba(239, 83, 80, 0.75)"
2024-06-21 00:00:00+00:00,1.33,1.38,1.33,1.38,4994546,0.0,0.0,0.0,0.0,0.0,0.0,0.0,0.0,,,,,,,,,,,,,,,1.4919713615089594,1.555577948961302,,,,,,,,,,,,1.6342694352123377,"rgba(239, 83, 80, 1.0)"
2024-06-24 00:00:00+00:00,1.33,1.36,1.31,1.34,1186877,0.0,0.0,0.0,0.0,0.0,0.0,0.0,0.0,,,,,,,,,,,,,,,1.4918425546556147,1.5554033185984373,,,,,,,,,,,,1.634041653530146,"rgba(239, 83, 80, 1.0)"
2024-06-25 00:00:00+00:00,1.32,1.34,1.31,1.34,1183086,0.0,0.0,0.0,0.0,0.0,0.0,0.0,0.0,,,,,,,,,,,,,,,1.4917062801604122,1.5552216925821643,,,,,,,,,,,,1.6338074030765057,"rgba(239, 83, 80, 1.0)"
2024-06-26 00:00:00+00:00,1.33,1.35,1.29,1.32,1311613,0.0,0.0,0.0,0.0,0.0,0.0,0.0,0.0,,,,,,,,,,,,,,,1.4915554586023434,1.5550206672575495,,,,,,,,,,,,1.6335481168510748,"rgba(239, 83, 80, 1.0)"
2024-06-27 00:00:00+00:00,1.37,1.39,1.32,1.33,3430255,0.0,0.0,0.0,0.0,0.0,0.0,0.0,0.0,,,,,,,,,,,,,,,1.4912479873929387,1.5545795138563108,,,,,,,,,,,,1.6329519593391326,"rgba(239, 83, 80, 0.75)"
2024-06-28 00:00:00+00:00,1.41,1.43,1.385,1.4,7031031,0.0,0.0,0.0,0.0,0.0,0.0,0.0,0.0,,,,,,,,,,,,,,,1.4908526718158304,1.5539045552674309,,,,,,,,,,,,1.631953041029718,"rgba(239, 83, 80, 0.5)"
2024-07-01 00:00:00+00:00,1.43,1.44,1.39,1.41,1238750,0.0,0.0,0.0,0.0,0.0,0.0,0.0,0.0,,,,,,,,,,,,,,,1.4907932057963607,1.5537957626038887,,,,,,,,,,,,1.6317871020674812,#000000
2024-07-02 00:00:00+00:00,1.56,1.57,1.45,1.45,2169974,0.0,0.0,0.0,0.0,0.0,0.0,0.0,0.0,,,,,,,,,,,,,,,1.490845870389739,1.5537572065320495,,,,,,,,,,,,1.6316431322258442,"rgba(38, 166, 154, 1.0)"
2024-07-03 00:00:00+00:00,1.58,1.61,1.55,1.58,744587,0.0,0.0,0.0,0.0,0.0,0.0,0.0,0.0,,,,,,,,,,,,,,,1.4908907582729336,1.5537699978915251,,,,,,,,,,,,1.6316188742910542,"rgba(38, 166, 154, 1.0)"
2024-07-05 00:00:00+00:00,1.57,1.59,1.53,1.57,1125642,0.0,0.0,0.0,0.0,0.0,0.0,0.0,0.0,,,,,,,,,,,,,,,1.4909458562864275,1.5537770396474742,,,,,,,,,,,,1.6315704184032034,"rgba(38, 166, 154, 1.0)"
2024-07-08 00:00:00+00:00,1.57,1.6,1.56,1.6,774452,0.0,0.0,0.0,0.0,0.0,0.0,0.0,0.0,,,,,,,,,,,,,,,1.4909906890331248,1.5537886296773222,,,,,,,,,,,,1.6315436265927439,"rgba(38, 166, 154, 1.0)"
2024-07-09 00:00:00+00:00,1.56,1.57,1.54,1.56,775991,0.0,0.0,0.0,0.0,0.0,0.0,0.0,0.0,,,,,,,,,,,,,,,1.491025088385959,1.5537900891101297,,,,,,,,,,,,1.6315070335833897,"rgba(38, 166, 154, 1.0)"
2024-07-10 00:00:00+00:00,1.57,1.58,1.53,1.58,980550,0.0,0.0,0.0,0.0,0.0,0.0,0.0,0.0,,,,,,,,,,,,,,,1.4910707089444153,1.5537940656740565,,,,,,,,,,,,1.631462902596969,"rgba(38, 166, 154, 1.0)"
2024-07-11 00:00:00+00:00,1.68,1.7,1.58,1.58,2954855,0.0,0.0,0.0,0.0,0.0,0.0,0.0,0.0,,,,,,,,,,,,,,,1.4913934763164824,1.553985776316502,,,,,,,,,,,,1.6315035012568306,"rgba(38, 166, 154, 1.0)"
2024-07-12 00:00:00+00:00,1.72,1.72,1.69,1.7,1948270,0.0,0.0,0.0,0.0,0.0,0.0,0.0,0.0,,,,,,,,,,,,,,,1.4916798136608718,1.5541836453307676,,,,,,,,,,,,1.6315994604046056,"rgba(38, 166, 154, 1.0)"
2024-07-15 00:00:00+00:00,1.8,1.82,1.73,1.75,2295442,0.0,0.0,0.0,0.0,0.0,0.0,0.0,0.0,,,,,,,,,,,,,,,1.4921292100466355,1.5545255472787838,,,,,,,,,,,,1.6318176885466875,"rgba(38, 166, 154, 1.0)"
2024-07-16 00:00:00+00:00,1.84,1.88,1.78,1.83,2811727,0.0,0.0,0.0,0.0,0.0,0.0,0.0,0.0,,,,,,,,,,,,,,,1.4927719932610324,1.5550341761678879,,,,,,,,,,,,1.6321720768499162,"rgba(38, 166, 154, 1.0)"
2024-07-17 00:00:00+00:00,1.75,1.825,1.74,1.82,3155127,0.0,0.0,0.0,0.0,0.0,0.0,0.0,0.0,,,,,,,,,,,,,,,1.4933603179362867,1.5554767393439473,,,,,,,,,,,,1.6324468127913345,"rgba(38, 166, 154, 1.0)"
2024-07-18 00:00:00+00:00,1.67,1.76,1.64,1.74,4281736,0.0,0.0,0.0,0.0,0.0,0.0,0.0,0.0,,,,,,,,,,,,,,,1.493921636697867,1.5558486595214658,,,,,,,,,,,,1.6326002290243689,"rgba(38, 166, 154, 0.75)"
2024-07-19 00:00:00+00:00,1.68,1.71,1.66,1.67,2090155,0.0,0.0,0.0,0.0,0.0,0.0,0.0,0.0,,,,,,,,,,,,,,,1.4941852085582668,1.556020483275148,,,,,,,,,,,,1.632666159653783,"rgba(38, 166, 154, 0.75)"
2024-07-22 00:00:00+00:00,1.69,1.74,1.655,1.71,2738527,0.0,0.0,0.0,0.0,0.0,0.0,0.0,0.0,,,,,,,,,,,,,,,1.4945506648151636,1.5562654732517227,,,,,,,,,,,,1.6327721141436404,"rgba(38, 166, 154, 0.75)"
2024-07-23 00:00:00+00:00,1.67,1.73,1.67,1.69,2905661,0.0,0.0,0.0,0.0,0.0,0.0,0.0,0.0,,,,,,,,,,,,,,,1.4949273374171947,1.5565151381302973,,,,,,,,,,,,1.6328751405477855,"rgba(38, 166, 154, 0.75)"
2024-07-24 00:00:00+00:00,1.68,1.705,1.67,1.68,1664398,0.0,0.0,0.0,0.0,0.0,0.0,0.0,0.0,,,,,,,,,,,,,,,1.495136933213049,1.5566523886314652,,,,,,,,,,,,1.6329288375887019,"rgba(38, 166, 154, 0.75)"
2024-07-25 00:00:00+00:00,1.64,1.71,1.63,1.68,1845355,0.0,0.0,0.0,0.0,0.0,0.0,0.0,0.0,,,,,,,,,,,,,,,1.4953382492526048,1.5567746448906934,,,,,,,,,,,,1.6329597220015735,"rgba(38, 166, 154, 0.75)"
2024-07-26 00:00:00+00:00,1.65,1.67,1.62,1.67,1323467,0.0,0.0,0.0,0.0,0.0,0.0,0.0,0.0,,,,,,,,,,,,,,,1.4954706616079747,1.5568508451934993,,,,,,,,,,,,1.632970928013909,"rgba(38, 166, 154, 0.75)"
2024-07-29 00:00:00+00:00,1.66,1.7,1.63,1.66,1234516,0.0,0.0,0.0,0.0,0.0,0.0,0.0,0.0,,,,,,,,,,,,,,,1.495607557821326,1.5569349758114244,,,,,,,,,,,,1.6329940645933136,"rgba(38, 166, 154, 0.5)"
2024-07-30 00:00:00+00:00,1.68,1.7,1.63,1.68,2587818,0.0,0.0,0.0,0.0,0.0,0.0,0.0,0.0,,,,,,,,,,,,,,,1.495905176489381,1.5571219245291767,,,,,,,,,,,,1.6330530817393942,"rgba(38, 166, 154, 0.75)"
2024-07-31 00:00:00+00:00,1.66,1.74,1.65,1.68,2843936,0.0,0.0,0.0,0.0,0.0,0.0,0.0,0.0,,,,,,,,,,,,,,,1.4962560411870038,1.5573508480789586,,,,,,,,,,,,1.633141050779581,"rgba(38, 166, 154, 0.5)"
2024-08-01 00:00:00+00:00,1.53,1.665,1.52,1.64,3185496,0.0,0.0,0.0,0.0,0.0,0.0,0.0,0.0,,,,,,,,,,,,,,,1.496413833172771,1.5573798738556046,,,,,,,,,,,,1.6330208150373013,#000000
2024-08-02 00:00:00+00:00,1.45,1.505,1.43,1.49,1825539,0.0,0.0,0.0,0.0,0.0,0.0,0.0,0.0,,,,,,,,,,,,,,,1.4963722166891589,1.5572687904325409,,,,,,,,,,,,1.632828965143265,"rgba(239, 83, 80, 1.0)"
2024-08-05 00:00:00+00:00,1.39,1.41,1.35,1.39,4739277,0.0,0.0,0.0,0.0,0.0,0.0,0.0,0.0,,,,,,,,,,,,,,,1.4960218308448303,1.5567462980948088,,,,,,,,,,,,1.6321058784529947,"rgba(239, 83, 80, 1.0)"
2024-08-06 00:00:00+00:00,1.42,1.44,1.38,1.39,1848375,0.0,0.0,0.0,0.0,0.0,0.0,0.0,0.0,,,,,,,,,,,,,,,1.495921987969865,1.5565784757828753,,,,,,,,,,,,1.6318588723895204,"rgba(239, 83, 80, 1.0)"
2024-08-07 00:00:00+00:00,1.39,1.49,1.31,1.31,3765502,0.0,0.0,0.0,0.0,0.0,0.0,0.0,0.0,,,,,,,,,,,,,,,1.4956784360285826,1.556198163351075,,,,,,,,,,,,1.6313191471331605,"rgba(239, 83, 80, 1.0)"
2024-08-08 00:00:00+00:00,1.35,1.4499,1.32,1.39,1606395,0.0,0.0,0.0,0.0,0.0,0.0,0.0,0.0,,,,,,,,,,,,,,,1.4955504631996674,1.556012785269018,,,,,,,,,,,,1.6310667954245028,"rgba(239, 83, 80, 1.0)"
2024-08-09 00:00:00+00:00,1.34,1.35,1.33,1.34,1671786,0.0,0.0,0.0,0.0,0.0,0.0,0.0,0.0,,,,,,,,,,,,,,,1.4953813645486345,1.5557851712657298,,,,,,,,,,,,1.6307708350975927,"rgba(239, 83, 80, 1.0)"
2024-08-12 00:00:00+00:00,1.32,1.38,1.3,1.35,1667748,0.0,0.0,0.0,0.0,0.0,0.0,0.0,0.0,,,,,,,,,,,,,,,1.4952058182759758,1.5555515840932659,,,,,,,,,,,,1.630469433189747,"rgba(239, 83, 80, 1.0)"
2024-08-13 00:00:00+00:00,1.41,1.43,1.335,1.34,1929701,0.0,0.0,0.0,0.0,0.0,0.0,0.0,0.0,,,,,,,,,,,,,,,1.495076199468051,1.5553527072452067,,,,,,,,,,,,1.6301897667775196,"rgba(239, 83, 80, 1.0)"
2024-08-14 00:00:00+00:00,1.4,1.47,1.38,1.42,1970875,0.0,0.0,0.0,0.0,0.0,0.0,0.0,0.0,,,,,,,,,,,,,,,1.4949760735723003,1.5551810314312793,,,,,,,,,,,,1.629934675428807,"rgba(239, 83, 80, 0.75)"
2024-08-15 00:00:00+00:00,1.45,1.4759,1.42,1.45,1091781,0.0,0.0,0.0,0.0,0.0,0.0,0.0,0.0,,,,,,,,,,,,,,,1.494943314725408,1.555108018601281,,,,,,,,,,,,1.6298147694019114,"rgba(239, 83, 80, 0.75)"
2024-08-16 00:00:00+00:00,1.44,1.48,1.39,1.47,937007,0.0,0.0,0.0,0.0,0.0,0.0,0.0,0.0,,,,,,,,,,,,,,,1.49490798133036,1.5550384023826698,,,,,,,,,,,,1.629705199491862,"rgba(239, 83, 80, 0.75)"
2024-08-19 00:00:00+00:00,1.46,1.47,1.43,1.43,544798,0.0,0.0,0.0,0.0,0.0,0.0,0.0,0.0,,,,,,,,,,,,,,,1.4948933306098118,1.5550036572519264,,,,,,,,,,,,1.6296470454885112,"rgba(239, 83, 80, 0.75)"
2024-08-20 00:00:00+00:00,1.45,1.49,1.445,1.47,2031791,0.0,0.0,0.0,0.0,0.0,0.0,0.0,0.0,,,,,,,,,,,,,,,1.4948497201888387,1.5548848902751644,,,,,,,,,,,,1.629440736251111,"rgba(239, 83, 80, 0.75)"
2024-08-21 00:00:00+00:00,1.45,1.47,1.405,1.46,1137000,0.0,0.0,0.0,0.0,0.0,0.0,0.0,0.0,,,,,,,,,,,,,,,1.494810686519926,1.5548043282197566,,,,,,,,,,,,1.629311769195781,"rgba(239, 83, 80, 0.75)"
2024-08-22 00:00:00+00:00,1.39,1.46,1.375,1.45,1038644,0.0,0.0,0.0,0.0,0.0,0.0,0.0,0.0,,,,,,,,,,,,,,,1.4947527458294076,1.5547091823631298,,,,,,,,,,,,1.6291732126913432,"rgba(239, 83, 80, 0.75)"
2024-08-23 00:00:00+00:00,1.48,1.49,1.395,1.42,2054480,0.0,0.0,0.0,0.0,0.0,0.0,0.0,0.0,,,,,,,,,,,,,,,1.494700130969464,1.554581229227507,,,,,,,,,,,,1.6289574604663386,"rgba(239, 83, 80, 0.5)"
2024-08-26 00:00:00+00:00,1.55,1.55,1.45,1.47,1929512,0.0,0.0,0.0,0.0,0.0,0.0,0.0,0.0,,,,,,,,,,,,,,,1.4947274024622497,1.554535589368436,,,,,,,,,,,,1.6288269760386311,#000000
2024-08-27 00:00:00+00:00,1.5,1.53,1.47,1.53,935085,0.0,0.0,0.0,0.0,0.0,0.0,0.0,0.0,,,,,,,,,,,,,,,1.4947305728643756,1.5545037936543329,,,,,,,,,,,,1.6287544689526112,#000000
2024-08-28 00:00:00+00:00,1.46,1.51,1.46,1.5,1468639,0.0,0.0,0.0,0.0,0.0,0.0,0.0,0.0,,,,,,,,,,,,,,,1.49471352949675,1.5544325835150223,,,,,,,,,,,,1.6286201466104784,#000000
2024-08-29 00:00:00+00:00,1.5,1.51,1.47,1.49,580317,0.0,0.0,0.0,0.0,0.0,0.0,0.0,0.0,,,,,,,,,,,,,,,1.4947130151299688,1.5544105042716407,,,,,,,,,,,,1.6285729503010304,#000000
2024-08-30 00:00:00+00:00,1.5,1.5,1.48,1.49,722179,0.0,0.0,0.0,0.0,0.0,0.0,0.0,0.0,,,,,,,,,,,,,,,1.4947123755582907,1.5543830498992173,,,,,,,,,,,,1.6285142625370863,#000000
2024-09-03 00:00:00+00:00,1.49,1.5,1.43,1.49,1343882,0.0,0.0,0.0,0.0,0.0,0.0,0.0,0.0,,,,,,,,,,,,,,,1.4946939491648394,1.5543153111350951,,,,,,,,,,,,1.628389050034732,#000000
2024-09-04 00:00:00+00:00,1.45,1.52,1.43,1.5,968640,0.0,0.0,0.0,0.0,0.0,0.0,0.0,0.0,,,,,,,,,,,,,,,1.494676548548366,1.5542625431279207,,,,,,,,,,,,1.628295049951529,#000000
2024-09-05 00:00:00+00:00,1.55,1.56,1.45,1.45,2481115,0.0,0.0,0.0,0.0,0.0,0.0,0.0,0.0,,,,,,,,,,,,,,,1.4947167554811394,1.5542097885231556,,,,,,,,,,,,1.6281340576533998,"rgba(38, 166, 154, 0.5)"
2024-09-06 00:00:00+00:00,1.5,1.58,1.48,1.57,1497091,0.0,0.0,0.0,0.0,0.0,0.0,0.0,0.0,,,,,,,,,,,,,,,1.4947409544180994,1.5541780352005026,,,,,,,,,,,,1.6280371471372437,"rgba(38, 166, 154, 0.5)"
2024-09-09 00:00:00+00:00,1.55,1.56,1.48,1.49,1085623,0.0,0.0,0.0,0.0,0.0,0.0,0.0,0.0,,,,,,,,,,,,,,,1.4947654091863685,1.554161772284832,,,,,,,,,,,,1.6279734752450652,"rgba(38, 166, 154, 0.5)"
2024-09-10 00:00:00+00:00,1.55,1.56,1.49,1.52,565121,0.0,0.0,0.0,0.0,0.0,0.0,0.0,0.0,,,,,,,,,,,,,,,1.4947793287270559,1.5541544819999433,,,,,,,,,,,,1.6279414901177969,"rgba(38, 166, 154, 0.5)"
2024-09-11 00:00:00+00:00,1.54,1.545,1.495,1.53,1558347,0.0,0.0,0.0,0.0,0.0,0.0,0.0,0.0,,,,,,,,,,,,,,,1.4948110322571422,1.5541279767591722,,,,,,,,,,,,1.6278471943147652,"rgba(38, 166, 154, 0.5)"
2024-09-12 00:00:00+00:00,1.63,1.64,1.53,1.56,2515254,0.0,0.0,0.0,0.0,0.0,0.0,0.0,0.0,,,,,,,,,,,,,,,1.494979563667498,1.5541992590604585,,,,,,,,,,,,1.627805407639888,"rgba(38, 166, 154, 1.0)"
2024-09-13 00:00:00+00:00,1.69,1.72,1.61,1.63,1795545,0.0,0.0,0.0,0.0,0.0,0.0,0.0,0.0,,,,,,,,,,,,,,,1.4951833199305213,1.5543312678234578,,,,,,,,,,,,1.6278541249959424,"rgba(38, 166, 154, 1.0)"
2024-09-16 00:00:00+00:00,1.7,1.72,1.655,1.71,1250120,0.0,0.0,0.0,0.0,0.0,0.0,0.0,0.0,,,,,,,,,,,,,,,1.4953394780357976,1.554437137052639,,,,,,,,,,,,1.6279016304930065,"rgba(38, 166, 154, 1.0)"
2024-09-17 00:00:00+00:00,1.71,1.73,1.66,1.72,1622672,0.0,0.0,0.0,0.0,0.0,0.0,0.0,0.0,,,,,,,,,,,,,,,1.4955503914035915,1.5545826436021366,,,,,,,,,,,,1.627971232673446,"rgba(38, 166, 154, 1.0)"
2024-09-18 00:00:00+00:00,1.71,1.77,1.66,1.72,1480772,0.0,0.0,0.0,0.0,0.0,0.0,0.0,0.0,,,,,,,,,,,,,,,1.4957550090609033,1.5547273237831438,,,,,,,,,,,,1.628046366848215,"rgba(38, 166, 154, 1.0)"
2024-09-19 00:00:00+00:00,1.71,1.73,1.64,1.7,1940556,0.0,0.0,0.0,0.0,0.0,0.0,0.0,0.0,,,,,,,,,,,,,,,1.495997984358206,1.554892670310956,,,,,,,,,,,,1.628121587352589,"rgba(38, 166, 154, 1.0)"
2024-09-20 00:00:00+00:00,1.65,1.73,1.65,1.68,7458295,0.0,0.0,0.0,0.0,0.0,0.0,0.0,0.0,,,,,,,,,,,,,,,1.4968478910288716,1.5554484393187271,,,,,,,,,,,,1.62833560494007,"rgba(38, 166, 154, 0.75)"
2024-09-23 00:00:00+00:00,1.66,1.705,1.66,1.67,1707274,0.0,0.0,0.0,0.0,0.0,0.0,0.0,0.0,,,,,,,,,,,,,,,1.4970395263607492,1.5555732078901117,,,,,,,,,,,,1.6283826501595673,"rgba(38, 166, 154, 0.75)"
2024-09-24 00:00:00+00:00,1.64,1.68,1.62,1.66,1383557,0.0,0.0,0.0,0.0,0.0,0.0,0.0,0.0,,,,,,,,,,,,,,,1.4971698461595802,1.555650185393834,,,,,,,,,,,,1.6283975760626759,"rgba(38, 166, 154, 0.75)"
2024-09-25 00:00:00+00:00,1.58,1.65,1.58,1.65,1117075,0.0,0.0,0.0,0.0,0.0,0.0,0.0,0.0,,,,,,,,,,,,,,,1.497244448969247,1.5556826964155,,,,,,,,,,,,1.6283810669882117,"rgba(38, 166, 154, 0.5)"
2024-09-26 00:00:00+00:00,1.59,1.62,1.56,1.61,1619332,0.0,0.0,0.0,0.0,0.0,0.0,0.0,0.0,,,,,,,,,,,,,,,1.4973388401255774,1.55571658109558,,,,,,,,,,,,1.6283444549191524,#000000
2024-09-27 00:00:00+00:00,1.6,1.62,1.575,1.6,1173010,0.0,0.0,0.0,0.0,0.0,0.0,0.0,0.0,,,,,,,,,,,,,,,1.4974132336071655,1.5557470408138565,,,,,,,,,,,,1.6283237317924986,#000000
2024-09-30 00:00:00+00:00,1.6,1.61,1.59,1.6,1847320,0.0,0.0,0.0,0.0,0.0,0.0,0.0,0.0,,,,,,,,,,,,,,,1.4975321017385994,1.5557967961538544,,,,,,,,,,,,1.628292964312683,#000000
2024-10-01 00:00:00+00:00,1.53,1.6,1.515,1.6,1311317,0.0,0.0,0.0,0.0,0.0,0.0,0.0,0.0,,,,,,,,,,,,,,,1.4975738517724628,1.55579084423725,,,,,,,,,,,,1.6282313554716585,"rgba(239, 83, 80, 0.5)"
2024-10-02 00:00:00+00:00,1.56,1.62,1.5,1.51,1777971,0.0,0.0,0.0,0.0,0.0,0.0,0.0,0.0,,,,,,,,,,,,,,,1.4976433353945617,1.5557953905478978,,,,,,,,,,,,1.6281601489502227,"rgba(239, 83, 80, 0.5)"
2024-10-03 00:00:00+00:00,1.5,1.57,1.5,1.53,883446,0.0,0.0,0.0,0.0,0.0,0.0,0.0,0.0,,,,,,,,,,,,,,,1.4976575356184427,1.5557779779942325,,,,,,,,,,,,1.628105819119129,"rgba(239, 83, 80, 1.0)"
2024-10-04 00:00:00+00:00,1.61,1.62,1.54,1.54,2732779,0.0,0.0,0.0,0.0,0.0,0.0,0.0,0.0,,,,,,,,,,,,,,,1.4978151570056764,1.5558346667067686,,,,,,,,,,,,1.6280448252675739,"rgba(239, 83, 80, 0.5)"
2024-10-07 00:00:00+00:00,1.5,1.625,1.47,1.61,1266357,0.0,0.0,0.0,0.0,0.0,0.0,0.0,0.0,,,,,,,,,,,,,,,1.4978419116996444,1.5558161292546697,,,,,,,,,,,,1.6279733915891024,"rgba(239, 83, 80, 1.0)"
2024-10-08 00:00:00+00:00,1.52,1.54,1.5,1.5,895196,0.0,0.0,0.0,0.0,0.0,0.0,0.0,0.0,,,,,,,,,,,,,,,1.4978542846604452,1.5557967197461682,,,,,,,,,,,,1.6279168490087292,"rgba(239, 83, 80, 1.0)"
2024-10-09 00:00:00+00:00,1.52,1.535,1.505,1.52,665685,0.0,0.0,0.0,0.0,0.0,0.0,0.0,0.0,,,,,,,,,,,,,,,1.4978634764781682,1.5557823000941096,,,,,,,,,,,,1.6278748412328452,"rgba(239, 83, 80, 1.0)"
2024-10-10 00:00:00+00:00,1.5,1.51,1.48,1.49,821357,0.0,0.0,0.0,0.0,0.0,0.0,0.0,0.0,,,,,,,,,,,,,,,1.4978628638772162,1.5557529329787774,,,,,,,,,,,,1.6278118534995398,"rgba(239, 83, 80, 1.0)"
2024-10-11 00:00:00+00:00,1.59,1.61,1.5,1.5,3919777,0.0,0.0,0.0,0.0,0.0,0.0,0.0,0.0,,,,,,,,,,,,,,,1.498030525930361,1.5557787456708028,,,,,,,,,,,,1.6276720902687976,"rgba(239, 83, 80, 0.5)"
2024-10-14 00:00:00+00:00,1.55,1.61,1.55,1.61,531737,0.0,0.0,0.0,0.0,0.0,0.0,0.0,0.0,,,,,,,,,,,,,,,1.4980543087119935,1.5557833070276836,,,,,,,,,,,,1.627654213162396,#000000
2024-10-15 00:00:00+00:00,1.57,1.6,1.53,1.53,752290,0.0,0.0,0.0,0.0,0.0,0.0,0.0,0.0,,,,,,,,,,,,,,,1.4980863715585617,1.5557882434295618,,,,,,,,,,,,1.6276274787474554,#000000
2024-10-16 00:00:00+00:00,1.59,1.595,1.56,1.59,649813,0.0,0.0,0.0,0.0,0.0,0.0,0.0,0.0,,,,,,,,,,,,,,,1.4981200949677524,1.5557983783029703,,,,,,,,,,,,1.627610082486653,#000000
2024-10-17 00:00:00+00:00,1.58,1.6,1.545,1.6,438802,0.0,0.0,0.0,0.0,0.0,0.0,0.0,0.0,,,,,,,,,,,,,,,1.498141036203209,1.5558034550297435,,,,,,,,,,,,1.6275966391704593,#000000
2024-10-18 00:00:00+00:00,1.58,1.61,1.55,1.6,701203,0.0,0.0,0.0,0.0,0.0,0.0,0.0,0.0,,,,,,,,,,,,,,,1.4981766519352255,1.555813673619351,,,,,,,,,,,,1.627577211908952,#000000
2024-10-21 00:00:00+00:00,1.55,1.59,1.54,1.57,1199733,0.0,0.0,0.0,0.0,0.0,0.0,0.0,0.0,,,,,,,,,,,,,,,1.4982226400721748,1.5558166963387292,,,,,,,,,,,,1.6275300519713907,#000000
2024-10-22 00:00:00+00:00,1.53,1.56,1.52,1.56,881802,0.0,0.0,0.0,0.0,0.0,0.0,0.0,0.0,,,,,,,,,,,,,,,1.4982436474215506,1.5558065387587252,,,,,,,,,,,,1.627483469166678,#000000
2024-10-23 00:00:00+00:00,1.59,1.62,1.52,1.52,1591171,0.0,0.0,0.0,0.0,0.0,0.0,0.0,0.0,,,,,,,,,,,,,,,1.4983208983501588,1.5558264853215669,,,,,,,,,,,,1.6274365026603175,#000000
2024-10-24 00:00:00+00:00,1.61,1.62,1.57,1.6,692890,0.0,0.0,0.0,0.0,0.0,0.0,0.0,0.0,,,,,,,,,,,,,,,1.4983644949920516,1.55584487100165,,,,,,,,,,,,1.627425464864464,#000000
2024-10-25 00:00:00+00:00,1.62,1.65,1.6,1.62,781896,0.0,0.0,0.0,0.0,0.0,0.0,0.0,0.0,,,,,,,,,,,,,,,1.4984249312669808,1.5558765541289978,,,,,,,,,,,,1.6274236079548192,"rgba(38, 166, 154, 1.0)"
2024-10-28 00:00:00+00:00,1.57,1.65,1.56,1.64,657682,0.0,0.0,0.0,0.0,0.0,0.0,0.0,0.0,,,,,,,,,,,,,,,1.4984635227042618,1.5558913392350735,,,,,,,,,,,,1.6274106010812592,#000000
2024-10-29 00:00:00+00:00,1.54,1.58,1.51,1.56,705954,0.0,0.0,0.0,0.0,0.0,0.0,0.0,0.0,,,,,,,,,,,,,,,1.4984830981411883,1.555886020710452,,,,,,,,,,,,1.627376181654829,#000000
2024-10-30 00:00:00+00:00,1.5,1.55,1.49,1.53,947586,0.0,0.0,0.0,0.0,0.0,0.0,0.0,0.0,,,,,,,,,,,,,,,1.498491789317185,1.5558618442398793,,,,,,,,,,,,1.6273135495873643,"rgba(239, 83, 80, 1.0)"
2024-10-31 00:00:00+00:00,1.47,1.505,1.35,1.48,3245370,0.0,0.0,0.0,0.0,0.0,0.0,0.0,0.0,,,,,,,,,,,,,,,1.4983781152145328,1.5556400680090068,,,,,,,,,,,,1.6269650150484112,"rgba(239, 83, 80, 1.0)"
2024-11-01 00:00:00+00:00,1.45,1.511,1.37,1.48,2537347,0.0,0.0,0.0,0.0,0.0,0.0,0.0,0.0,,,,,,,,,,,,,,,1.4982926801194785,1.555470306657508,,,,,,,,,,,,1.626696359781723,"rgba(239, 83, 80, 1.0)"
2024-11-04 00:00:00+00:00,1.41,1.47,1.4005,1.43,1428313,0.0,0.0,0.0,0.0,0.0,0.0,0.0,0.0,,,,,,,,,,,,,,,1.4982299206776915,1.5553606177250223,,,,,,,,,,,,1.6265315987038356,"rgba(239, 83, 80, 1.0)"
2024-11-05 00:00:00+00:00,1.46,1.49,1.43,1.49,2289305,0.0,0.0,0.0,0.0,0.0,0.0,0.0,0.0,,,,,,,,,,,,,,,1.4981761812815317,1.5552304650286985,,,,,,,,,,,,1.626311850351075,"rgba(239, 83, 80, 1.0)"
2024-11-06 00:00:00+00:00,1.63,1.65,1.52,1.58,6547151,0.0,0.0,0.0,0.0,0.0,0.0,0.0,0.0,,,,,,,,,,,,,,,1.4985838853582751,1.5554045348616738,,,,,,,,,,,,1.6262129282762698,"rgba(239, 83, 80, 0.75)"
2024-11-07 00:00:00+00:00,1.6,1.69,1.59,1.64,1755295,0.0,0.0,0.0,0.0,0.0,0.0,0.0,0.0,,,,,,,,,,,,,,,1.4987212320572338,1.5554787418866203,,,,,,,,,,,,1.6262133851619889,#000000
2024-11-08 00:00:00+00:00,1.58,1.6,1.53,1.6,925806,0.0,0.0,0.0,0.0,0.0,0.0,0.0,0.0,,,,,,,,,,,,,,,1.4987615234217082,1.5554867130528813,,,,,,,,,,,,1.6261835463806644,#000000
2024-11-11 00:00:00+00:00,1.62,1.63,1.57,1.6,798774,0.0,0.0,0.0,0.0,0.0,0.0,0.0,0.0,,,,,,,,,,,,,,,1.4988141234660577,1.555510940954522,,,,,,,,,,,,1.6261746121573213,"rgba(38, 166, 154, 0.5)"
2024-11-12 00:00:00+00:00,1.63,1.645,1.585,1.6,2416609,0.0,0.0,0.0,0.0,0.0,0.0,0.0,0.0,,,,,,,,,,,,,,,1.498992582453997,1.5556031689731307,,,,,,,,,,,,1.6261660725575138,"rgba(38, 166, 154, 1.0)"
2024-11-13 00:00:00+00:00,1.64,1.6788,1.6101,1.64,945039,0.0,0.0,0.0,0.0,0.0,0.0,0.0,0.0,,,,,,,,,,,,,,,1.4990754461034919,1.5556520012950616,,,,,,,,,,,,1.6261751541287934,"rgba(38, 166, 154, 1.0)"
2024-11-14 00:00:00+00:00,1.64,1.65,1.605,1.62,1327957,0.0,0.0,0.0,0.0,0.0,0.0,0.0,0.0,,,,,,,,,,,,,,,1.499182592529216,1.5557116592076936,,,,,,,,,,,,1.6261793221782448,"rgba(38, 166, 154, 1.0)"
2024-11-15 00:00:00+00:00,1.57,1.65,1.56,1.65,1117954,0.0,0.0,0.0,0.0,0.0,0.0,0.0,0.0,,,,,,,,,,,,,,,1.4992466000831761,1.555736499794844,,,,,,,,,,,,1.6261583479623805,"rgba(38, 166, 154, 1.0)"
2024-11-18 00:00:00+00:00,1.54,1.56,1.52,1.56,759607,0.0,0.0,0.0,0.0,0.0,0.0,0.0,0.0,,,,,,,,,,,,,,,1.4992654164510044,1.555729443087446,,,,,,,,,,,,1.6261209818952995,#000000
2024-11-19 00:00:00+00:00,1.56,1.565,1.52,1.52,604189,0.0,0.0,0.0,0.0,0.0,0.0,0.0,0.0,,,,,,,,,,,,,,,1.4992834297791928,1.5557268059892808,,,,,,,,,,,,1.6260941578212862,#000000
2024-11-20 00:00:00+00:00,1.56,1.565,1.53,1.56,550626,0.0,0.0,0.0,0.0,0.0,0.0,0.0,0.0,,,,,,,,,,,,,,,1.4993009495046665,1.5557254871050117,,,,,,,,,,,,1.626070775107557,#000000
2024-11-21 00:00:00+00:00,1.59,1.63,1.555,1.56,1592790,0.0,0.0,0.0,0.0,0.0,0.0,0.0,0.0,,,,,,,,,,,,,,,1.4993902240434358,1.5557592276419332,,,,,,,,,,,,1.6260395374008016,#000000
2024-11-22 00:00:00+00:00,1.58,1.595,1.55,1.59,737789,0.0,0.0,0.0,0.0,0.0,0.0,0.0,0.0,,,,,,,,,,,,,,,1.4994240596544504,1.5557675907365598,,,,,,,,,,,,1.6260180805191349,#000000
2024-11-25 00:00:00+00:00,1.59,1.62,1.58,1.59,1261606,0.0,0.0,0.0,0.0,0.0,0.0,0.0,0.0,,,,,,,,,,,,,,,1.499498414971702,1.555797966479204,,,,,,,,,,,,1.6259969957726976,#000000
2024-11-26 00:00:00+00:00,1.57,1.59,1.545,1.57,1588354,0.0,0.0,0.0,0.0,0.0,0.0,0.0,0.0,,,,,,,,,,,,,,,1.4995646167890664,1.555809676781687,,,,,,,,,,,,1.6259448915964756,#000000
2024-11-27 00:00:00+00:00,1.56,1.59,1.56,1.59,1351457,0.0,0.0,0.0,0.0,0.0,0.0,0.0,0.0,,,,,,,,,,,,,,,1.4996222073995453,1.5558209470231565,,,,,,,,,,,,1.6259019130313004,#000000
2024-11-29 00:00:00+00:00,1.51,1.57,1.51,1.56,481476,0.0,0.0,0.0,0.0,0.0,0.0,0.0,0.0,,,,,,,,,,,,,,,1.499631053725459,1.555813642991538,,,,,,,,,,,,1.6258756725189147,"rgba(239, 83, 80, 1.0)"
2024-12-02 00:00:00+00:00,1.57,1.58,1.4949,1.5,1100014,0.0,0.0,0.0,0.0,0.0,0.0,0.0,0.0,,,,,,,,,,,,,,,1.4996634125983737,1.555808790285079,,,,,,,,,,,,1.6258272081285738,#000000
2024-12-03 00:00:00+00:00,1.56,1.59,1.545,1.59,662010,0.0,0.0,0.0,0.0,0.0,0.0,0.0,0.0,,,,,,,,,,,,,,,1.499689545671579,1.555812361399016,,,,,,,,,,,,1.6258043469734555,#000000
2024-12-04 00:00:00+00:00,1.57,1.59,1.55,1.55,1086305,0.0,0.0,0.0,0.0,0.0,0.0,0.0,0.0,,,,,,,,,,,,,,,1.4997356621594113,1.5558214010482412,,,,,,,,,,,,1.6257699525692468,#000000
2024-12-05 00:00:00+00:00,1.55,1.57,1.55,1.57,628301,0.0,0.0,0.0,0.0,0.0,0.0,0.0,0.0,,,,,,,,,,,,,,,1.499757251352795,1.5558217124281755,,,,,,,,,,,,1.6257453273763096,#000000
2024-12-06 00:00:00+00:00,1.56,1.57,1.53,1.57,916179,0.0,0.0,0.0,0.0,0.0,0.0,0.0,0.0,,,,,,,,,,,,,,,1.4997868608489708,1.5558203764685972,,,,,,,,,,,,1.6257077195338763,#000000
2024-12-09 00:00:00+00:00,1.55,1.58,1.54,1.55,1163690,0.0,0.0,0.0,0.0,0.0,0.0,0.0,0.0,,,,,,,,,,,,,,,1.4998267606185738,1.5558209531779579,,,,,,,,,,,,1.6256622054410164,#000000
2024-12-10 00:00:00+00:00,1.55,1.56,1.53,1.55,984345,0.0,0.0,0.0,0.0,0.0,0.0,0.0,0.0,,,,,,,,,,,,,,,1.4998545373229366,1.5558156793985622,,,,,,,,,,,,1.625618179466397,#000000
2024-12-11 00:00:00+00:00,1.54,1.58,1.515,1.55,1107123,0.0,0.0,0.0,0.0,0.0,0.0,0.0,0.0,,,,,,,,,,,,,,,1.4998846284028151,1.55580867584452,,,,,,,,,,,,1.6255676766280645,"rgba(239, 83, 80, 0.75)"
2024-12-12 00:00:00+00:00,1.5,1.53,1.5,1.52,770425,0.0,0.0,0.0,0.0,0.0,0.0,0.0,0.0,,,,,,,,,,,,,,,1.499889318033135,1.5557880433728097,,,,,,,,,,,,1.625517319100932,"rgba(239, 83, 80, 1.0)"
2024-12-13 00:00:00+00:00,1.5,1.52,1.475,1.5,727816,0.0,0.0,0.0,0.0,0.0,0.0,0.0,0.0,,,,,,,,,,,,,,,1.4998886368511508,1.5557636070621284,,,,,,,,,,,,1.625464986425388,"rgba(239, 83, 80, 1.0)"
2024-12-16 00:00:00+00:00,1.49,1.515,1.4725,1.5,1872032,0.0,0.0,0.0,0.0,0.0,0.0,0.0,0.0,,,,,,,,,,,,,,,1.4998803263910399,1.5556944747982193,,,,,,,,,,,,1.6253244107834548,"rgba(239, 83, 80, 1.0)"
2024-12-17 00:00:00+00:00,1.45,1.5,1.44,1.48,1481489,0.0,0.0,0.0,0.0,0.0,0.0,0.0,0.0,,,,,,,,,,,,,,,1.4998478243105502,1.555614670575637,,,,,,,,,,,,1.625188989842688,"rgba(239, 83, 80, 1.0)"
2024-12-18 00:00:00+00:00,1.38,1.485,1.37,1.46,2165537,0.0,0.0,0.0,0.0,0.0,0.0,0.0,0.0,,,,,,,,,,,,,,,1.4997333420254777,1.555433093408791,,,,,,,,,,,,1.6249283895955755,"rgba(239, 83, 80, 1.0)"
2024-12-19 00:00:00+00:00,1.4,1.43,1.3825,1.42,2579542,0.0,0.0,0.0,0.0,0.0,0.0,0.0,0.0,,,,,,,,,,,,,,,1.4995857799127337,1.5552061471297116,,,,,,,,,,,,1.62460790926303,"rgba(239, 83, 80, 1.0)"
2024-12-20 00:00:00+00:00,1.38,1.455,1.37,1.39,6664582,0.0,0.0,0.0,0.0,0.0,0.0,0.0,0.0,,,,,,,,,,,,,,,1.4991967015506935,1.5546132890790205,,,,,,,,,,,,1.623774856531289,"rgba(239, 83, 80, 1.0)"
2024-12-23 00:00:00+00:00,1.38,1.415,1.36,1.39,1141401,0.0,0.0,0.0,0.0,0.0,0.0,0.0,0.0,,,,,,,,,,,,,,,1.4991190423245893,1.554501198590629,,,,,,,,,,,,1.6236221498065824,"rgba(239, 83, 80, 1.0)"
2024-12-24 00:00:00+00:00,1.39,1.395,1.36,1.36,451888,0.0,0.0,0.0,0.0,0.0,0.0,0.0,0.0,,,,,,,,,,,,,,,1.499087428506338,1.5544559902725354,,,,,,,,,,,,1.6235609024077549,"rgba(239, 83, 80, 1.0)"
2024-12-26 00:00:00+00:00,1.38,1.39,1.37,1.39,818187,0.0,0.0,0.0,0.0,0.0,0.0,0.0,0.0,,,,,,,,,,,,,,,1.4990294200604424,1.554373407425215,,,,,,,,,,,,1.6234493233939595,"rgba(239, 83, 80, 1.0)"
2024-12-27 00:00:00+00:00,1.35,1.39,1.34,1.38,1053037,0.0,0.0,0.0,0.0,0.0,0.0,0.0,0.0,,,,,,,,,,,,,,,1.4989423134940019,1.5542550576717893,,,,,,,,,,,,1.6232940821556845,"rgba(239, 83, 80, 1.0)"
2024-12-30 00:00:00+00:00,1.4,1.43,1.33,1.34,1173102,0.0,0.0,0.0,0.0,0.0,0.0,0.0,0.0,,,,,,,,,,,,,,,1.4988640031962301,1.554141459301139,,,,,,,,,,,,1.6231388498115533,"rgba(239, 83, 80, 0.75)"
2024-12-31 00:00:00+00:00,1.37,1.43,1.35,1.4,970535,0.0,0.0,0.0,0.0,0.0,0.0,0.0,0.0,,,,,,,,,,,,,,,1.4987973753932258,1.5540457247635955,,,,,,,,,,,,1.6230087681409067,"rgba(239, 83, 80, 0.75)"
2025-01-02 00:00:00+00:00,1.4,1.44,1.38,1.38,1283293,0.0,0.0,0.0,0.0,0.0,0.0,0.0,0.0,,,,,,,,,,,,,,,1.498727173926069,1.5539365835493655,,,,,,,,,,,,1.6228537076275968,"rgba(239, 83, 80, 0.75)"
2025-01-03 00:00:00+00:00,1.47,1.48,1.4,1.41,1057736,0.0,0.0,0.0,0.0,0.0,0.0,0.0,0.0,,,,,,,,,,,,,,,1.4986965901018703,1.5538731808284572,,,,,,,,,,,,1.622751652731516,"rgba(239, 83, 80, 0.75)"
2025-01-06 00:00:00+00:00,1.47,1.51,1.465,1.47,833567,0.0,0.0,0.0,0.0,0.0,0.0,0.0,0.0,,,,,,,,,,,,,,,1.498688170690613,1.5538384855532656,,,,,,,,,,,,1.622686038635637,#000000
2025-01-07 00:00:00+00:00,1.44,1.485,1.425,1.47,1211016,0.0,0.0,0.0,0.0,0.0,0.0,0.0,0.0,,,,,,,,,,,,,,,1.498653225289331,1.553766048861877,,,,,,,,,,,,1.6225694410360207,#000000
2025-01-08 00:00:00+00:00,1.39,1.45,1.37,1.43,1077475,0.0,0.0,0.0,0.0,0.0,0.0,0.0,0.0,,,,,,,,,,,,,,,1.498592393556447,1.5536727383851514,,,,,,,,,,,,1.622437815253744,"rgba(239, 83, 80, 0.5)"
2025-01-10 00:00:00+00:00,1.43,1.455,1.38,1.44,2136599,0.0,0.0,0.0,0.0,0.0,0.0,0.0,0.0,,,,,,,,,,,,,,,1.498495167018555,1.5535105708236152,,,,,,,,,,,,1.6221990730127915,#000000
2025-01-13 00:00:00+00:00,1.45,1.47,1.4,1.41,774083,0.0,0.0,0.0,0.0,0.0,0.0,0.0,0.0,,,,,,,,,,,,,,,1.4984683939046384,1.5534600724205427,,,,,,,,,,,,1.6221206124220664,#000000
2025-01-14 00:00:00+00:00,1.44,1.48,1.43,1.45,854202,0.0,0.0,0.0,0.0,0.0,0.0,0.0,0.0,,,,,,,,,,,,,,,1.4984439263092855,1.5534093062954368,,,,,,,,,,,,1.6220388591735493,#000000
2025-01-15 00:00:00+00:00,1.52,1.54,1.465,1.48,2714480,0.0,0.0,0.0,0.0,0.0,0.0,0.0,0.0,,,,,,,,,,,,,,,1.4984597654945062,1.5533391291424585,,,,,,,,,,,,1.6218674931384498,"rgba(38, 166, 154, 1.0)"
2025-01-16 00:00:00+00:00,1.46,1.515,1.45,1.51,748889,0.0,0.0,0.0,0.0,0.0,0.0,0.0,0.0,,,,,,,,,,,,,,,1.498449403933252,1.5533054955170404,,,,,,,,,,,,1.6218064524915958,"rgba(38, 166, 154, 1.0)"
2025-01-17 00:00:00+00:00,1.49,1.505,1.48,1.49,886503,0.0,0.0,0.0,0.0,0.0,0.0,0.0,0.0,,,,,,,,,,,,,,,1.498445859536906,1.5532741849151575,,,,,,,,,,,,1.621742456514394,"rgba(38, 166, 154, 1.0)"
2025-01-21 00:00:00+00:00,1.45,1.5,1.45,1.49,453197,0.0,0.0,0.0,0.0,0.0,0.0,0.0,0.0,,,,,,,,,,,,,,,1.4984373722093862,1.5532517002365585,,,,,,,,,,,,1.6217034816832814,"rgba(38, 166, 154, 1.0)"
2025-01-22 00:00:00+00:00,1.4,1.475,1.39,1.45,826406,0.0,0.0,0.0,0.0,0.0,0.0,0.0,0.0,,,,,,,,,,,,,,,1.4984000025952586,1.5531894360282748,,,,,,,,,,,,1.6216118474782617,#000000
2025-01-23 00:00:00+00:00,1.42,1.44,1.34,1.34,975687,0.0,0.0,0.0,0.0,0.0,0.0,0.0,0.0,,,,,,,,,,,,,,,1.4983434847323671,1.5531039027155338,,,,,,,,,,,,1.6214920568346394,#000000
2025-01-24 00:00:00+00:00,1.43,1.46,1.42,1.42,1094341,0.0,0.0,0.0,0.0,0.0,0.0,0.0,0.0,,,,,,,,,,,,,,,1.4983037770038727,1.5530310293842697,,,,,,,,,,,,1.6213800690936344,#000000
2025-01-27 00:00:00+00:00,1.44,1.46,1.4,1.4,1286437,0.0,0.0,0.0,0.0,0.0,0.0,0.0,0.0,,,,,,,,,,,,,,,1.4982546436724007,1.552943030133071,,,,,,,,,,,,1.621246224362765,#000000
2025-01-28 00:00:00+00:00,1.42,1.47,1.41,1.45,632652,0.0,0.0,0.0,0.0,0.0,0.0,0.0,0.0,,,,,,,,,,,,,,,1.4982305078261091,1.5528998007590813,,,,,,,,,,,,1.6211804712337077,#000000
2025-01-29 00:00:00+00:00,1.4,1.44,1.38,1.44,945012,0.0,0.0,0.0,0.0,0.0,0.0,0.0,0.0,,,,,,,,,,,,,,,1.4981796883026877,1.5528208972376603,,,,,,,,,,,,1.621068408658521,"rgba(239, 83, 80, 0.5)"
2025-01-30 00:00:00+00:00,1.4,1.42,1.365,1.41,699912,0.0,0.0,0.0,0.0,0.0,0.0,0.0,0.0,,,,,,,,,,,,,,,1.498137291956962,1.5527578526656995,,,,,,,,,,,,1.6209809740549466,"rgba(239, 83, 80, 0.5)"
2025-01-31 00:00:00+00:00,1.36,1.41,1.35,1.41,923627,0.0,0.0,0.0,0.0,0.0,0.0,0.0,0.0,,,,,,,,,,,,,,,1.4980696555810953,1.5526633183934848,,,,,,,,,,,,1.6208546432558626,"rgba(239, 83, 80, 0.5)"
2025-02-03 00:00:00+00:00,1.35,1.405,1.3196,1.35,1376893,0.0,0.0,0.0,0.0,0.0,0.0,0.0,0.0,,,,,,,,,,,,,,,1.4979567466431283,1.5525106996824733,,,,,,,,,,,,1.620655055652461,"rgba(239, 83, 80, 1.0)"
2025-02-04 00:00:00+00:00,1.38,1.385,1.32,1.33,712483,0.0,0.0,0.0,0.0,0.0,0.0,0.0,0.0,,,,,,,,,,,,,,,1.4978998401261878,1.552433227346147,,,,,,,,,,,,1.6205532592677272,"rgba(239, 83, 80, 1.0)"
2025-02-05 00:00:00+00:00,1.36,1.38,1.35,1.38,827680,0.0,0.0,0.0,0.0,0.0,0.0,0.0,0.0,,,,,,,,,,,,,,,1.4978346004061676,1.5523440935196993,,,,,,,,,,,,1.6204358651413395,"rgba(239, 83, 80, 1.0)"
2025-02-06 00:00:00+00:00,1.36,1.385,1.34,1.38,755858,0.0,0.0,0.0,0.0,0.0,0.0,0.0,0.0,,,,,,,,,,,,,,,1.497774339525903,1.5522620505454046,,,,,,,,,,,,1.620328057108848,"rgba(239, 83, 80, 1.0)"
2025-02-07 00:00:00+00:00,1.36,1.37,1.345,1.36,707162,0.0,0.0,0.0,0.0,0.0,0.0,0.0,0.0,,,,,,,,,,,,,,,1.4977166296611513,1.5521840157763356,,,,,,,,,,,,1.620225977137176,"rgba(239, 83, 80, 1.0)"
2025-02-10 00:00:00+00:00,1.37,1.4,1.37,1.37,567943,0.0,0.0,0.0,0.0,0.0,0.0,0.0,0.0,,,,,,,,,,,,,,,1.497677515062954,1.5521283889395625,,,,,,,,,,,,1.6201508290515494,"rgba(239, 83, 80, 1.0)"
2025-02-11 00:00:00+00:00,1.37,1.385,1.34,1.37,590823,0.0,0.0,0.0,0.0,0.0,0.0,0.0,0.0,,,,,,,,,,,,,,,1.497631669117703,1.5520655197417077,,,,,,,,,,,,1.6200678236658494,"rgba(239, 83, 80, 0.5)"
2025-02-12 00:00:00+00:00,1.34,1.36,1.33,1.35,853109,0.0,0.0,0.0,0.0,0.0,0.0,0.0,0.0,,,,,,,,,,,,,,,1.4975547214713247,1.5519643095701523,,,,,,,,,,,,1.6199378917771996,"rgba(239, 83, 80, 1.0)"
2025-02-13 00:00:00+00:00,1.45,1.47,1.325,1.35,1799094,0.0,0.0,0.0,0.0,0.0,0.0,0.0,0.0,,,,,,,,,,,,,,,1.4974679915708622,1.5518243999355155,,,,,,,,,,,,1.619735172871921,"rgba(239, 83, 80, 0.5)"
2025-02-14 00:00:00+00:00,1.39,1.45,1.37,1.44,921148,0.0,0.0,0.0,0.0,0.0,0.0,0.0,0.0,,,,,,,,,,,,,,,1.4974173836500175,1.55174677718798,,,,,,,,,,,,1.6196256288716504,#000000
2025-02-18 00:00:00+00:00,1.42,1.52,1.375,1.39,2531034,0.0,0.0,0.0,0.0,0.0,0.0,0.0,0.0,,,,,,,,,,,,,,,1.4973302337875072,1.5515841105685684,,,,,,,,,,,,1.6193738194817073,#000000
2025-02-19 00:00:00+00:00,1.43,1.45,1.4,1.44,694187,0.0,0.0,0.0,0.0,0.0,0.0,0.0,0.0,,,,,,,,,,,,,,,1.4973016582214749,1.5515349898535522,,,,,,,,,,,,1.6193004351251308,#000000
2025-02-20 00:00:00+00:00,1.4,1.45,1.39,1.44,1113564,0.0,0.0,0.0,0.0,0.0,0.0,0.0,0.0,,,,,,,,,,,,,,,1.4972472240209957,1.5514478694885905,,,,,,,,,,,,1.619174694097304,#000000
2025-02-21 00:00:00+00:00,1.35,1.43,1.35,1.43,1337921,0.0,0.0,0.0,0.0,0.0,0.0,0.0,0.0,,,,,,,,,,,,,,,1.497153379093811,1.5513155914818817,,,,,,,,,,,,1.6189969471620973,#000000
2025-02-24 00:00:00+00:00,1.32,1.41,1.32,1.34,2166600,0.0,0.0,0.0,0.0,0.0,0.0,0.0,0.0,,,,,,,,,,,,,,,1.496968151785473,1.551069165405765,,,,,,,,,,,,1.6186780457434782,"rgba(239, 83, 80, 0.5)"
2025-02-25 00:00:00+00:00,1.32,1.37,1.31,1.33,961440,0.0,0.0,0.0,0.0,0.0,0.0,0.0,0.0,,,,,,,,,,,,,,,1.4968768011807156,1.5509509574348246,,,,,,,,,,,,1.6185280102665636,"rgba(239, 83, 80, 0.5)"
2025-02-26 00:00:00+00:00,1.29,1.34,1.27,1.33,1537150,0.0,0.0,0.0,0.0,0.0,0.0,0.0,0.0,,,,,,,,,,,,,,,1.4967012366173158,1.5507333253208817,,,,,,,,,,,,1.618260462773154,"rgba(239, 83, 80, 1.0)"
2025-02-27 00:00:00+00:00,1.2,1.28,1.19,1.28,1223653,0.0,0.0,0.0,0.0,0.0,0.0,0.0,0.0,,,,,,,,,,,,,,,1.4965073161357931,1.550507457115378,,,,,,,,,,,,1.6179965733616413,"rgba(239, 83, 80, 1.0)"
2025-02-28 00:00:00+00:00,1.25,1.27,1.185,1.21,2882379,0.0,0.0,0.0,0.0,0.0,0.0,0.0,0.0,,,,,,,,,,,,,,,1.4960710738900196,1.5499955705993869,,,,,,,,,,,,1.6173946937127,"rgba(239, 83, 80, 1.0)"
2025-03-03 00:00:00+00:00,1.24,1.27,1.21,1.26,1606580,0.0,0.0,0.0,0.0,0.0,0.0,0.0,0.0,,,,,,,,,,,,,,,1.4958331971126446,1.549715493072259,,,,,,,,,,,,1.6170644142349182,"rgba(239, 83, 80, 1.0)"
2025-03-04 00:00:00+00:00,1.3,1.34,1.2,1.34,3714945,-1.0,1.34,1.2,1057.0,-1.0,1.34,1.2,1057.0,,,,,,,,,,,,,,1.2799999999999998,1.4953705733676887,1.5491531875682312,,,,,,,,,,,,1.6163836907044218,"rgba(239, 83, 80, 0.75)"
2025-03-05 00:00:00+00:00,1.29,1.31,1.25,1.31,954055,0.0,0.0,0.0,0.0,0.0,0.0,0.0,0.0,,,,,,,,,,,,,,1.280681127293496,1.4952539182372908,1.5490109407975725,,,,,,,,,,,,1.616211041891835,"rgba(239, 83, 80, 0.75)"
2025-03-06 00:00:00+00:00,1.27,1.3,1.245,1.26,1468940,0.0,0.0,0.0,0.0,0.0,0.0,0.0,0.0,,,,,,,,,,,,,,1.2785237745345615,1.4950646831526668,1.5487826191065306,,,,,,,,,,,,1.6159362632279015,"rgba(239, 83, 80, 0.5)"
2025-03-07 00:00:00+00:00,1.28,1.32,1.25,1.26,1398057,0.0,0.0,0.0,0.0,0.0,0.0,0.0,0.0,,,,,,,,,,,,,,1.2794160303761621,1.4948942669368148,1.548574797735088,,,,,,,,,,,,1.6156839992627767,"rgba(239, 83, 80, 0.5)"
2025-03-10 00:00:00+00:00,1.24,1.31,1.24,1.29,1093314,0.0,0.0,0.0,0.0,0.0,0.0,0.0,0.0,,,,,,,,,,,,,,1.2773783893831925,1.4947486077761298,1.5484002655530527,,,,,,,,,,,,1.615475133739447,"rgba(239, 83, 80, 0.75)"
2025-03-11 00:00:00+00:00,1.22,1.26,1.19,1.24,3009208,0.0,0.0,0.0,0.0,0.0,0.0,0.0,0.0,,,,,,,,,,,,,,1.2634047201366427,1.4942795105794346,1.5478537378661856,,,,,,,,,,,,1.6148363790445275,"rgba(239, 83, 80, 0.75)"
2025-03-12 00:00:00+00:00,1.19,1.24,1.18,1.22,1880812,0.0,0.0,0.0,0.0,0.0,0.0,0.0,0.0,,,,,,,,,,,,,,1.2550475769350815,1.49396555695812,1.5474920854483036,,,,,,,,,,,,1.6144178599508194,"rgba(239, 83, 80, 1.0)"
2025-03-13 00:00:00+00:00,1.1,1.2,1.09,1.2,3620587,0.0,0.0,0.0,0.0,0.0,0.0,0.0,0.0,,,,,,,,,,,,,,1.2286328863028009,1.4932110807805201,1.5466501446358905,,,,,,,,,,,,1.6134713034892505,"rgba(239, 83, 80, 1.0)"
2025-03-14 00:00:00+00:00,1.15,1.15,1.09,1.11,1207179,0.0,0.0,0.0,0.0,0.0,0.0,0.0,0.0,,,,,,,,,,,,,,1.2221431648469145,1.4929602175820187,1.5463701784272397,,,,,,,,,,,,1.613156523649635,"rgba(239, 83, 80, 1.0)"
2025-03-17 00:00:00+00:00,1.12,1.16,1.11,1.13,1404727,0.0,0.0,0.0,0.0,0.0,0.0,0.0,0.0,,,,,,,,,,,,,,1.2155900489662794,1.4926687379283166,1.5460448706028085,,,,,,,,,,,,1.6127907474825351,"rgba(239, 83, 80, 1.0)"
2025-03-18 00:00:00+00:00,1.14,1.14,1.1,1.1,1643227,0.0,0.0,0.0,0.0,0.0,0.0,0.0,0.0,,,,,,,,,,,,,,1.2087603712652986,1.492325234872508,1.545661931566626,,,,,,,,,,,,1.6123606212926687,"rgba(239, 83, 80, 1.0)"
2025-03-19 00:00:00+00:00,1.15,1.165,1.1,1.13,1934041,0.0,0.0,0.0,0.0,0.0,0.0,0.0,0.0,,,,,,,,,,,,,,1.2029217908838172,1.4919346377545715,1.5452246407965857,,,,,,,,,,,,1.6118674836313565,"rgba(239, 83, 80, 1.0)"
2025-03-20 00:00:00+00:00,1.12,1.155,1.11,1.14,1296888,0.0,0.0,0.0,0.0,0.0,0.0,0.0,0.0,,,,,,,,,,,,,,1.1989937086090923,1.4916658083807244,1.5449247435252904,,,,,,,,,,,,1.6115304091144662,"rgba(239, 83, 80, 1.0)"
2025-03-21 00:00:00+00:00,1.18,1.18,1.1,1.11,5911110,0.0,0.0,0.0,0.0,0.0,0.0,0.0,0.0,,,,,,,,,,,,,,1.1901551617502957,1.49052948884862,1.5436449857970493,,,,,,,,,,,,1.6100791668016001,"rgba(239, 83, 80, 0.75)"
2025-03-24 00:00:00+00:00,1.16,1.18,1.15,1.17,926808,0.0,0.0,0.0,0.0,0.0,0.0,0.0,0.0,,,,,,,,,,,,,,1.189365091646729,1.490357279361515,1.5434502111212292,,,,,,,,,,,,1.6098574221035131,"rgba(239, 83, 80, 0.75)"
2025-03-25 00:00:00+00:00,1.17,1.19,1.14,1.16,908558,0.0,0.0,0.0,0.0,0.0,0.0,0.0,0.0,,,,,,,,,,,,,,1.188728042804867,1.4901903557201461,1.543261138049003,,,,,,,,,,,,1.6096418785485995,"rgba(239, 83, 80, 0.75)"
2025-03-26 00:00:00+00:00,1.14,1.17,1.13,1.15,657765,0.0,0.0,0.0,0.0,0.0,0.0,0.0,0.0,,,,,,,,,,,,,,1.1878904310590799,1.4900621520581219,1.54311711076653,,,,,,,,,,,,1.6094789236934133,"rgba(239, 83, 80, 0.75)"
2025-03-27 00:00:00+00:00,1.12,1.14,1.11,1.14,1076724,0.0,0.0,0.0,0.0,0.0,0.0,0.0,0.0,,,,,,,,,,,,,,1.1858524245330877,1.4898382504679146,1.5428677091320775,,,,,,,,,,,,1.6091989872774612,"rgba(239, 83, 80, 0.75)"
2025-03-28 00:00:00+00:00,1.1,1.13,1.09,1.13,1128797,0.0,0.0,0.0,0.0,0.0,0.0,0.0,0.0,,,,,,,,,,,,,,1.1833156638222635,1.4895931529020536,1.542596189410836,,,,,,,,,,,,1.608895803189345,"rgba(239, 83, 80, 1.0)"
2025-03-31 00:00:00+00:00,1.11,1.13,1.08,1.09,1630555,0.0,0.0,0.0,0.0,0.0,0.0,0.0,0.0,,,,,,,,,,,,,,1.1799255645791242,1.4892396608772784,1.5422045735745653,,,,,,,,,,,,1.608458497026177,"rgba(239, 83, 80, 1.0)"
2025-04-01 00:00:00+00:00,1.1,1.15,1.1,1.1,929943,0.0,0.0,0.0,0.0,0.0,0.0,0.0,0.0,,,,,,,,,,,,,,1.1783691354395749,1.489043610413626,1.5419866618282814,,,,,,,,,,,,1.6082143956292507,"rgba(239, 83, 80, 1.0)"
2025-04-02 00:00:00+00:00,1.11,1.12,1.07,1.07,1298756,0.0,0.0,0.0,0.0,0.0,0.0,0.0,0.0,,,,,,,,,,,,,,1.1757656722018,1.4887579125581816,1.5416707889758718,,,,,,,,,,,,1.6078623441244955,"rgba(239, 83, 80, 1.0)"
2025-04-03 00:00:00+00:00,1.04,1.0796,1.02,1.06,1322920,0.0,0.0,0.0,0.0,0.0,0.0,0.0,0.0,,,,,,,,,,,,,,1.1715357647088982,1.4884273658431553,1.541310609551701,,,,,,,,,,,,1.6074665435585522,"rgba(239, 83, 80, 1.0)"
2025-04-04 00:00:00+00:00,0.93,1.05,0.9249,1.02,7256618,0.0,0.0,0.0,0.0,0.0,0.0,0.0,0.0,,,,,,,,,,,,,,1.1406009199460663,1.4863035182088116,1.5390332741820159,,,,,,,,,,,,1.6050039251056258,"rgba(239, 83, 80, 1.0)"
2025-04-07 00:00:00+00:00,0.9,0.9923,0.8114,0.9128,7683425,1.0,0.9923,0.8114,0.0,0.0,0.0,0.0,0.0,,,,,,,,,0.9012333333333332,,,,,1.1073778219057295,1.483784863718327,1.5363606020702234,,,,,,0.9012333333333332,,,,,0.9012333333333332,1.60214457906107,"rgba(239, 83, 80, 1.0)"
2025-04-08 00:00:00+00:00,0.85,0.989899,0.8188,0.96,5254917,0.0,0.0,0.0,0.0,0.0,0.0,0.0,0.0,,,,,,,,,0.8951409370557423,,,,,1.088205366137513,1.482030698668692,1.534502678174394,,,,,,0.8951409370557423,,,,,0.8951409370557423,1.6001607653862089,"rgba(239, 83, 80, 1.0)"
2025-04-09 00:00:00+00:00,1.04,1.06,0.8625,0.881,4211094,0.0,0.0,0.0,0.0,0.0,0.0,0.0,0.0,,,,,,,,,0.9178199741861871,,,,,1.0816633452907571,1.4808700608566572,1.5332528382501076,,,,,,0.9178199741861871,,,,,0.9178199741861871,1.5988033045416183,"rgba(239, 83, 80, 0.75)"
2025-04-10 00:00:00+00:00,1.02,1.035,0.9299,0.98,2119942,0.0,0.0,0.0,0.0,0.0,0.0,0.0,0.0,,,,,,,,,0.9263073531535025,,,,,1.0789178838322797,1.480296645102819,1.5326343834780136,,,,,,0.9263073531535025,,,,,0.9263073531535025,1.5981305268266313,"rgba(239, 83, 80, 0.75)"
2025-04-11 00:00:00+00:00,1.03,1.04,0.9758,1.0,1264881,0.0,0.0,0.0,0.0,0.0,0.0,0.0,0.0,,,,,,,,,0.931787119695643,,,,,1.0777375196639873,1.4799694395678704,1.5322799602948625,,,,,,0.931787119695643,,,,,0.931787119695643,1.5977433081102632,"rgba(239, 83, 80, 0.5)"
2025-04-14 00:00:00+00:00,0.9603,1.03,0.9274,1.03,3480307,0.0,0.0,0.0,0.0,0.0,0.0,0.0,0.0,,,,,,,,,0.9376970887860727,,,,,1.0726317664060647,1.4789890009087032,1.531226935812884,,,,,,0.9376970887860727,,,,,0.9376970887860727,1.5966026205351178,"rgba(239, 83, 80, 0.5)"
2025-04-15 00:00:00+00:00,0.96,1.01,0.95,0.97,1440236,0.0,0.0,0.0,0.0,0.0,0.0,0.0,0.0,,,,,,,,,0.9397133921264706,,,,,1.0706761465976893,1.478584991531005,1.5307929232060942,,,,,,0.9397133921264706,,,,,0.9397133921264706,1.5961323713968232,"rgba(239, 83, 80, 0.5)"
2025-04-16 00:00:00+00:00,0.94,0.9665,0.89,0.9551,4234767,0.0,0.0,0.0,0.0,0.0,0.0,0.0,0.0,,,,,,,,,0.9386369661286653,,,,,1.0630943954747032,1.477304317501356,1.5294267357251097,,,,,,0.9386369661286653,,,,,0.9386369661286653,1.5946626622499687,"rgba(239, 83, 80, 0.5)"
2025-04-17 00:00:00+00:00,0.9575,0.9729,0.915,0.93,1801310,0.0,0.0,0.0,0.0,0.0,0.0,0.0,0.0,,,,,,,,,0.9391992349010329,,,,,1.0604861848135752,1.476777619219929,1.528863307797438,,,,,,0.9391992349010329,,,,,0.9391992349010329,1.5940548069148264,"rgba(239, 83, 80, 0.5)"
2025-04-21 00:00:00+00:00,0.9512,0.98,0.9203,0.96,1235080,0.0,0.0,0.0,0.0,0.0,0.0,0.0,0.0,,,,,,,,,0.939625726572627,,,,,1.0587966213286903,1.4764184785459133,1.5284789720732341,,,,,,0.939625726572627,,,,,0.939625726572627,1.593639997963647,"rgba(239, 83, 80, 0.5)"
2025-04-22 00:00:00+00:00,0.9788,0.9876,0.904,0.9798,1401217,0.0,0.0,0.0,0.0,0.0,0.0,0.0,0.0,,,,,,,,,0.9403308796708231,,,,,1.057049476926106,1.4760164948105001,1.5280483014471975,,,,,,0.9403308796708231,,,,,0.9403308796708231,1.5931746414953114,"rgba(239, 83, 80, 0.5)"
2025-04-23 00:00:00+00:00,0.9975,1.05,0.9685,0.9685,1737442,0.0,0.0,0.0,0.0,0.0,0.0,0.0,0.0,,,,,,,,,0.9434798883427209,,,,,1.055973887842366,1.4755654277848371,1.5275604839218215,,,,,,0.9434798883427209,,,,,0.9434798883427209,1.5926425000069808,"rgba(239, 83, 80, 0.5)"
2025-04-24 00:00:00+00:00,1.03,1.035,0.9901,1.02,1534870,0.0,0.0,0.0,0.0,0.0,0.0,0.0,0.0,,,,,,,,,0.9465532317383863,,,,,1.05529539405297,1.475178694786065,1.5271410351104013,,,,,,0.9465532317383863,,,,,0.9465532317383863,1.5921836173185904,#000000
2025-04-25 00:00:00+00:00,1.02,1.04,0.9713,1.03,1600535,0.0,0.0,0.0,0.0,0.0,0.0,0.0,0.0,,,,,,,,,0.9491748286129901,,,,,1.0544669698782272,1.4747691212183063,1.5266975679513348,,,,,,0.9491748286129901,,,,,0.9491748286129901,1.5916992781515305,#000000
2025-04-28 00:00:00+00:00,1.02,1.05,0.9873,1.02,1381005,0.0,0.0,0.0,0.0,0.0,0.0,0.0,0.0,,,,,,,,,0.9515662241790296,,,,,1.0539122977924744,1.4744228898466083,1.5263219514659436,,,,,,0.9515662241790296,,,,,0.9515662241790296,1.5912882401364348,#000000
2025-04-29 00:00:00+00:00,1.04,1.08,1.02,1.02,1440724,0.0,0.0,0.0,0.0,0.0,0.0,0.0,0.0,,,,,,,,,0.9548423540241533,,,,,1.0537956565872952,1.474084081134061,1.5259519488922502,,,,,,0.9548423540241533,,,,,0.9548423540241533,1.590880684918442,#000000
2025-04-30 00:00:00+00:00,0.9842,1.0331,0.97,1.02,1948247,0.0,0.0,0.0,0.0,0.0,0.0,0.0,0.0,,,,,,,,,0.9566639366413435,,,,,1.0525593354884069,1.4735723135936287,1.5253994726407776,,,,,,0.9566639366413435,,,,,0.9566639366413435,1.5902790739228205,#000000
2025-05-01 00:00:00+00:00,1.04,1.17,1.0,1.08,1824417,0.0,0.0,0.0,0.0,0.0,0.0,0.0,0.0,,,,,,,,,0.9611989709469613,,,,,1.0529004891609446,1.4731683678014884,1.5249555216994324,,,,,,0.9611989709469613,,,,,0.9611989709469613,1.589787010479633,#000000
2025-05-02 00:00:00+00:00,1.08,1.09,1.04,1.04,2053820,0.0,0.0,0.0,0.0,0.0,0.0,0.0,0.0,,,,,,,,,0.9658887086633735,,,,,1.0532689144317533,1.4727145961476775,1.524456782715979,,,,,,0.9658887086633735,,,,,0.9658887086633735,1.58923418724158,"rgba(38, 166, 154, 1.0)"
2025-05-05 00:00:00+00:00,1.08,1.12,1.05,1.06,864120,0.0,0.0,0.0,0.0,0.0,0.0,0.0,0.0,,,,,,,,,0.9679806756886362,,,,,1.0535390059760503,1.4725302933065865,1.5242534178449216,,,,,,0.9679806756886362,,,,,0.9679806756886362,1.589007908546908,"rgba(38, 166, 154, 1.0)"
2025-05-06 00:00:00+00:00,1.09,1.1,1.05,1.08,1012605,0.0,0.0,0.0,0.0,0.0,0.0,0.0,0.0,,,,,,,,,0.9702710627097246,,,,,1.0538146713470857,1.4723126950791363,1.5240135466923297,,,,,,0.9702710627097246,,,,,0.9702710627097246,1.5887412587709828,"rgba(38, 166, 154, 1.0)"
2025-05-07 00:00:00+00:00,1.1,1.14,1.08,1.11,2018459,0.0,0.0,0.0,0.0,0.0,0.0,0.0,0.0,,,,,,,,,0.9756123639731512,,,,,1.0548898757966834,1.471909102409579,1.523564845620405,,,,,,0.9756123639731512,,,,,0.9756123639731512,1.5882383866802936,"rgba(38, 166, 154, 1.0)"
2025-05-08 00:00:00+00:00,1.08,1.1177,1.07,1.1,2187893,0.0,0.0,0.0,0.0,0.0,0.0,0.0,0.0,,,,,,,,,0.9802389124350575,,,,,1.0556308568403132,1.4714518034372555,1.5230592752648984,,,,,,0.9802389124350575,,,,,0.9802389124350575,1.5876747962643727,"rgba(38, 166, 154, 1.0)"
2025-05-09 00:00:00+00:00,1.12,1.13,1.07,1.09,1842344,0.0,0.0,0.0,0.0,0.0,0.0,0.0,0.0,,,,,,,,,0.9844301682748897,,,,,1.0565415315660207,1.4710851006215313,1.5226515360891768,,,,,,0.9844301682748897,,,,,0.9844301682748897,1.5872177681907402,"rgba(38, 166, 154, 1.0)"
2025-05-12 00:00:00+00:00,1.15,1.175,1.125,1.16,2370171,0.0,0.0,0.0,0.0,0.0,0.0,0.0,0.0,,,,,,,,,0.9912027414233143,,,,,1.0586388236219857,1.470670390222034,1.5221826746274592,,,,,,0.9912027414233143,,,,,0.9912027414233143,1.5866839828041555,"rgba(38, 166, 154, 1.0)"
2025-05-13 00:00:00+00:00,1.17,1.21,1.15,1.17,2021646,0.0,0.0,0.0,0.0,0.0,0.0,0.0,0.0,,,,,,,,,0.9974553794431943,,,,,1.0608555692467156,1.4703468525547416,1.5218122759688832,,,,,,0.9974553794431943,,,,,0.9974553794431943,1.5862574578042725,"rgba(38, 166, 154, 1.0)"
2025-05-14 00:00:00+00:00,1.18,1.19,1.14,1.17,2254382,0.0,0.0,0.0,0.0,0.0,0.0,0.0,0.0,,,,,,,,,1.0037071053677944,,,,,1.063094566524834,1.469978736390663,1.521392211681476,,,,,,1.0037071053677944,,,,,1.0037071053677944,1.5857751511870402,"rgba(38, 166, 154, 1.0)"
2025-05-15 00:00:00+00:00,1.2,1.22,1.16,1.18,2664191,0.0,0.0,0.0,0.0,0.0,0.0,0.0,0.0,,,,,,,,,1.011493310348346,,,,,1.0661772364314694,1.469578612469403,1.5209299562359053,,,,,,1.011493310348346,,,,,1.011493310348346,1.5852385148863433,"rgba(38, 166, 154, 1.0)"
2025-05-16 00:00:00+00:00,1.18,1.215,1.16,1.2,1550399,0.0,0.0,0.0,0.0,0.0,0.0,0.0,0.0,,,,,,,,,1.0155424838468237,,,,,1.0677916816207427,1.4693392885793304,1.520654722842032,,,,,,1.0155424838468237,,,,,1.0155424838468237,1.5849202737532275,"rgba(38, 166, 154, 1.0)"
2025-05-19 00:00:00+00:00,1.16,1.18,1.13,1.16,1468413,0.0,0.0,0.0,0.0,0.0,0.0,0.0,0.0,,,,,,,,,1.0185943227195733,,,,,1.0689208400143417,1.4690904414630443,1.520372490104713,,,,,,1.0185943227195733,,,,,1.0185943227195733,1.5845980064326441,"rgba(38, 166, 154, 0.75)"
2025-05-20 00:00:00+00:00,1.17,1.2,1.13,1.15,1569194,0.0,0.0,0.0,0.0,0.0,0.0,0.0,0.0,,,,,,,,,1.0219388940062129,,,,,1.0702301582679572,1.468833450473164,1.5200796495824695,,,,,,1.0219388940062129,,,,,1.0219388940062129,1.584262191894997,"rgba(38, 166, 154, 0.75)"
2025-05-21 00:00:00+00:00,1.12,1.165,1.11,1.16,1689709,0.0,0.0,0.0,0.0,0.0,0.0,0.0,0.0,,,,,,,,,1.0245443382757677,,,,,1.0711037114218682,1.4685252134395592,1.5197336855301986,,,,,,1.0245443382757677,,,,,1.0245443382757677,1.5838709327626315,"rgba(38, 166, 154, 0.75)"
2025-05-22 00:00:00+00:00,1.11,1.14,1.08,1.12,1277581,0.0,0.0,0.0,0.0,0.0,0.0,0.0,0.0,,,,,,,,,1.0260514823944176,,,,,1.0715174284752103,1.4682775646703923,1.5194579307486384,,,,,,1.0260514823944176,,,,,1.0260514823944176,1.5835613996931837,"rgba(38, 166, 154, 0.75)"
2025-05-23 00:00:00+00:00,1.08,1.105,1.05,1.08,1437143,0.0,0.0,0.0,0.0,0.0,0.0,0.0,0.0,,,,,,,,,1.0270685380256763,,,,,1.0715980154579894,1.4679748083704087,1.519124223583578,,,,,,1.0270685380256763,,,,,1.0270685380256763,1.583190439765906,#000000
2025-05-27 00:00:00+00:00,1.08,1.1,1.04,1.09,2195631,0.0,0.0,0.0,0.0,0.0,0.0,0.0,0.0,,,,,,,,,1.0284038553901995,,,,,1.071628805121315,1.4675072477358893,1.5186095958696515,,,,,,1.0284038553901995,,,,,1.0284038553901995,1.5826191446958828,#000000
2025-05-28 00:00:00+00:00,1.06,1.089,1.04,1.08,1590432,0.0,0.0,0.0,0.0,0.0,0.0,0.0,0.0,,,,,,,,,1.029112341219889,,,,,1.0715193121647355,1.467160395324095,1.518228926806697,,,,,,1.029112341219889,,,,,1.029112341219889,1.5821977388624158,"rgba(239, 83, 80, 0.5)"
2025-05-29 00:00:00+00:00,1.07,1.096,1.05,1.09,1845311,0.0,0.0,0.0,0.0,0.0,0.0,0.0,0.0,,,,,,,,,1.0301077279465747,,,,,1.0715262865463466,1.4667676469195612,1.5177967652822362,,,,,,1.0301077279465747,,,,,1.0301077279465747,1.581718115936701,"rgba(239, 83, 80, 0.5)"
2025-05-30 00:00:00+00:00,1.07,1.08,1.03,1.05,1779192,0.0,0.0,0.0,0.0,0.0,0.0,0.0,0.0,,,,,,,,,1.0307620030124152,,,,,1.0713672665044174,1.4663782211473892,1.517369685510918,,,,,,1.0307620030124152,,,,,1.0307620030124152,1.5812456645731652,"rgba(239, 83, 80, 0.5)"
2025-06-02 00:00:00+00:00,1.05,1.0694,1.03,1.06,1477850,0.0,0.0,0.0,0.0,0.0,0.0,0.0,0.0,,,,,,,,,1.0311019454658976,,,,,1.0711229141384386,1.4660472141572156,1.5170076478387169,,,,,,1.0311019454658976,,,,,1.0311019454658976,1.5808462158412953,"rgba(239, 83, 80, 0.5)"
2025-06-03 00:00:00+00:00,1.1,1.11,1.04,1.06,1604787,0.0,0.0,0.0,0.0,0.0,0.0,0.0,0.0,,,,,,,,,1.0320954332129202,,,,,1.071271312315529,1.465717279986442,1.516643319329236,,,,,,1.0320954332129202,,,,,1.0320954332129202,1.580440483870906,"rgba(239, 83, 80, 0.5)"
2025-06-04 00:00:00+00:00,1.09,1.16,1.08,1.13,2987671,0.0,0.0,0.0,0.0,0.0,0.0,0.0,0.0,,,,,,,,,1.0347598133516667,,,,,1.0721282104425964,1.4651472772423317,1.5160083105150008,,,,,,1.0347598133516667,,,,,1.0347598133516667,1.579727308916234,"rgba(239, 83, 80, 0.5)"
2025-06-05 00:00:00+00:00,1.09,1.1,1.05,1.08,1535172,0.0,0.0,0.0,0.0,0.0,0.0,0.0,0.0,,,,,,,,,1.0355411103431542,,,,,1.0722166984746846,1.4648304185351884,1.5156587383772666,,,,,,1.0355411103431542,,,,,1.0355411103431542,1.5793383438655542,"rgba(239, 83, 80, 0.5)"
2025-06-06 00:00:00+00:00,1.14,1.17,1.087,1.11,1493328,0.0,0.0,0.0,0.0,0.0,0.0,0.0,0.0,,,,,,,,,1.0371402823460922,,,,,1.0728669490751588,1.4645645435923003,1.5153600149806967,,,,,,1.0371402823460922,,,,,1.0371402823460922,1.5790001549575647,#000000
2025-06-09 00:00:00+00:00,1.14,1.16,1.12,1.15,1400113,0.0,0.0,0.0,0.0,0.0,0.0,0.0,0.0,,,,,,,,,1.03870931542551,,,,,1.0735409309740596,1.4643213942801163,1.515085958345331,,,,,,1.03870931542551,,,,,1.03870931542551,1.5786889750352835,"rgba(38, 166, 154, 1.0)"
2025-06-10 00:00:00+00:00,1.18,1.19,1.13,1.15,1965662,0.0,0.0,0.0,0.0,0.0,0.0,0.0,0.0,,,,,,,,,1.041392158268255,,,,,1.0748352721922891,1.464008661089973,1.5147291825993792,,,,,,1.041392158268255,,,,,1.041392158268255,1.5782793548006187,"rgba(38, 166, 154, 1.0)"
2025-06-11 00:00:00+00:00,1.15,1.19,1.14,1.18,1791448,0.0,0.0,0.0,0.0,0.0,0.0,0.0,0.0,,,,,,,,,1.0436160741623512,,,,,1.0759005613969104,1.463717839358079,1.5143984474866579,,,,,,1.0436160741623512,,,,,1.0436160741623512,1.5779007124852156,"rgba(38, 166, 154, 1.0)"
2025-06-12 00:00:00+00:00,1.16,1.16,1.12,1.12,1366839,0.0,0.0,0.0,0.0,0.0,0.0,0.0,0.0,,,,,,,,,1.0450695225389584,,,,,1.0765695535917617,1.4634865974469462,1.5141370394881677,,,,,,1.0450695225389584,,,,,1.0450695225389584,1.577603074017577,"rgba(38, 166, 154, 1.0)"
2025-06-13 00:00:00+00:00,1.1,1.135,1.08,1.12,3572722,0.0,0.0,0.0,0.0,0.0,0.0,0.0,0.0,,,,,,,,,1.0472003874005116,,,,,1.077255136853563,1.462804471120058,1.5133782310481287,,,,,,1.0472003874005116,,,,,1.0472003874005116,1.576751991590275,"rgba(38, 166, 154, 0.75)"
2025-06-16 00:00:00+00:00,1.15,1.15,1.11,1.11,1591947,0.0,0.0,0.0,0.0,0.0,0.0,0.0,0.0,,,,,,,,,1.0485956961985543,,,,,1.0778867265650314,1.4625281880015693,1.5130671719325646,,,,,,1.0485956961985543,,,,,1.0485956961985543,1.5763991392519752,"rgba(38, 166, 154, 0.75)"
2025-06-17 00:00:00+00:00,1.1,1.15,1.1,1.13,3252189,0.0,0.0,0.0,0.0,0.0,0.0,0.0,0.0,,,,,,,,,1.0506975326106778,,,,,1.0787110312152464,1.4619306690580909,1.5123996225922427,,,,,,1.0506975326106778,,,,,1.0506975326106778,1.5756473472687913,#000000
2025-06-18 00:00:00+00:00,1.1,1.125,1.08,1.1,3163301,0.0,0.0,0.0,0.0,0.0,0.0,0.0,0.0,,,,,,,,,1.0521836658243533,,,,,1.0791760250589486,1.461326294930946,1.5117279421976386,,,,,,1.0521836658243533,,,,,1.0521836658243533,1.5748946373172457,#000000
2025-06-20 00:00:00+00:00,1.12,1.17,1.1,1.12,6474082,0.0,0.0,0.0,0.0,0.0,0.0,0.0,0.0,,,,,,,,,1.0565658081828597,,,,,1.081199151088631,1.4601926161212486,1.5104546043643858,,,,,,1.0565658081828597,,,,,1.0565658081828597,1.5734533431531037,#000000
2025-06-23 00:00:00+00:00,1.16,1.185,1.09,1.12,4658253,0.0,0.0,0.0,0.0,0.0,0.0,0.0,0.0,,,,,,,,,1.0600095510289729,,,,,1.0829756359309661,1.4594185338165493,1.50957956640664,,,,,,1.0600095510289729,,,,,1.0600095510289729,1.5724569454635322,"rgba(38, 166, 154, 0.75)"
2025-06-24 00:00:00+00:00,1.16,1.2,1.16,1.19,5547425,0.0,0.0,0.0,0.0,0.0,0.0,0.0,0.0,,,,,,,,,1.065031968394269,,,,,1.0858756582748366,1.4585842639797548,1.508623511898574,,,,,,1.065031968394269,,,,,1.065031968394269,1.5713546351804355,"rgba(38, 166, 154, 1.0)"
2025-06-25 00:00:00+00:00,1.16,1.185,1.145,1.16,2535619,0.0,0.0,0.0,0.0,0.0,0.0,0.0,0.0,,,,,,,,,1.0669837628489889,,,,,1.086995530320072,1.458191242316354,1.5081753468784447,,,,,,1.0669837628489889,,,,,1.0669837628489889,1.570840207966727,"rgba(38, 166, 154, 1.0)"
2025-06-26 00:00:00+00:00,1.19,1.22,1.15,1.16,3010989,0.0,0.0,0.0,0.0,0.0,0.0,0.0,0.0,,,,,,,,,1.0697405995718339,,,,,1.0886778389777751,1.4577627198650283,1.507680577566161,,,,,,1.0697405995718339,,,,,1.0697405995718339,1.5702659011102278,"rgba(38, 166, 154, 1.0)"
2025-06-27 00:00:00+00:00,1.2,1.22,1.17,1.19,52268530,0.0,0.0,0.0,0.0,0.0,0.0,0.0,0.0,,,,,,,,,1.105996247341306,,,,,1.1131486149987133,1.450800339163473,1.499588287500965,,,,,,1.105996247341306,,,,,1.105996247341306,1.5608160016338053,"rgba(38, 166, 154, 1.0)"
2025-06-30 00:00:00+00:00,1.17,1.22,1.15,1.22,1696476,0.0,0.0,0.0,0.0,0.0,0.0,0.0,0.0,,,,,,,,,1.1066760426694044,,,,,1.1136367098858282,1.4505661653220672,1.4993186232917441,,,,,,1.1066760426694044,,,,,1.1066760426694044,1.56050361860152,"rgba(38, 166, 154, 1.0)"
2025-07-01 00:00:00+00:00,1.18,1.19,1.17,1.17,1656135,0.0,0.0,0.0,0.0,0.0,0.0,0.0,0.0,,,,,,,,,1.1073277328199196,,,,,1.1141063717375075,1.450337950310406,1.4990558101199225,,,,,,1.1073277328199196,,,,,1.1073277328199196,1.560199157781145,"rgba(38, 166, 154, 1.0)"
2025-07-02 00:00:00+00:00,1.23,1.24,1.17,1.19,2204952,0.0,0.0,0.0,0.0,0.0,0.0,0.0,0.0,,,,,,,,,1.1085674385032303,,,,,1.1150325989651473,1.4500720961263867,1.4987430617491304,,,,,,1.1085674385032303,,,,,1.1085674385032303,1.5598300313646698,"rgba(38, 166, 154, 1.0)"
2025-07-03 00:00:00+00:00,1.24,1.24,1.21,1.24,618714,0.0,0.0,0.0,0.0,0.0,0.0,0.0,0.0,,,,,,,,,1.1089646235687276,,,,,1.1153329418337816,1.4500028483550969,1.4986605443855716,,,,,,1.1089646235687276,,,,,1.1089646235687276,1.5597315702045806,"rgba(38, 166, 154, 1.0)"
2025-07-07 00:00:00+00:00,1.18,1.24,1.18,1.23,1438859,0.0,0.0,0.0,0.0,0.0,0.0,0.0,0.0,,,,,,,,,1.109651858572214,,,,,1.1158442172009146,1.4498200398538352,1.4984474341902887,,,,,,1.109651858572214,,,,,1.109651858572214,1.5594820072004958,"rgba(38, 166, 154, 0.75)"
2025-07-08 00:00:00+00:00,1.19,1.22,1.19,1.19,1540504,0.0,0.0,0.0,0.0,0.0,0.0,0.0,0.0,,,,,,,,,1.11037623259571,,,,,1.1163848098965945,1.449624613364982,1.4982196061577713,,,,,,1.11037623259571,,,,,1.11037623259571,1.5592151979106665,"rgba(38, 166, 154, 0.75)"
2025-07-09 00:00:00+00:00,1.23,1.28,1.19,1.19,1643223,-1.0,1.28,1.19,1048.0,-1.0,1.28,1.19,1048.0,,,,,,,,,1.11141886821414,,,,1.2333333333333334,1.1171806924280303,1.4494442839372756,1.4980040904422671,1.2333333333333334,,,,,1.11141886821414,,,,,1.11141886821414,1.558957403222925,"rgba(38, 166, 154, 0.75)"
2025-07-10 00:00:00+00:00,1.25,1.27,1.215,1.24,1106203,0.0,0.0,0.0,0.0,0.0,0.0,0.0,0.0,,,,,,,,,1.112177079587763,,,,1.2380272955155003,1.1177636056550027,1.4493296014223336,1.4978655911495873,1.2380272955155003,,,,,1.112177079587763,,,,,1.112177079587763,1.5587902973902046,"rgba(38, 166, 154, 0.75)"
2025-07-11 00:00:00+00:00,1.22,1.2793,1.205,1.23,1027438,0.0,0.0,0.0,0.0,0.0,0.0,0.0,0.0,,,,,,,,,1.112819968615534,,,,1.2371402913810683,1.1182571086543218,1.4492178709801873,1.4977318887749702,1.2371402913810683,,,,,1.112819968615534,,,,,1.112819968615534,1.558630192825969,"rgba(38, 166, 154, 0.75)"
2025-07-14 00:00:00+00:00,1.25,1.25,1.21,1.21,1288978,0.0,0.0,0.0,0.0,0.0,0.0,0.0,0.0,,,,,,,,,1.1136294536007167,,,,1.2370197799562903,1.1188803800325993,1.44907910383959,1.4975655543442346,1.2370197799562903,,,,,1.1136294536007167,,,,,1.1136294536007167,1.558430733451808,"rgba(38, 166, 154, 0.75)"
2025-07-15 00:00:00+00:00,1.19,1.26,1.19,1.24,1048253,0.0,0.0,0.0,0.0,0.0,0.0,0.0,0.0,,,,,,,,,1.1141566284099946,,,,1.2329587719523496,1.1192829779035787,1.4489540039097677,1.4974183562855328,1.2329587719523496,,,,,1.1141566284099946,,,,,1.1141566284099946,1.5582569568398592,"rgba(38, 166, 154, 0.75)"
2025-07-16 00:00:00+00:00,1.23,1.24,1.2,1.21,730979,0.0,0.0,0.0,0.0,0.0,0.0,0.0,0.0,,,,,,,,,1.1145576918100057,,,,1.2319308804355757,1.119591331729758,1.4488705454913058,1.4973194107838148,1.2319308804355757,,,,,1.1145576918100057,,,,,1.1145576918100057,1.5581393908427272,"rgba(38, 166, 154, 0.5)"
2025-07-17 00:00:00+00:00,1.21,1.255,1.2,1.21,1367573,0.0,0.0,0.0,0.0,0.0,0.0,0.0,0.0,,,,,,,,,1.115288797147074,,,,1.2302216797824137,1.1201541536070867,1.448713418000733,1.4971333625859258,1.2302216797824137,,,,,1.115288797147074,,,,,1.115288797147074,1.557918566820981,"rgba(38, 166, 154, 0.5)"
2025-07-18 00:00:00+00:00,1.18,1.22,1.17,1.21,1603012,0.0,0.0,0.0,0.0,0.0,0.0,0.0,0.0,,,,,,,,,1.1158818114167648,,,,1.2236530087078208,1.1206026708755317,1.448503867003034,1.4968905713819354,1.2236530087078208,,,,,1.1158818114167648,,,,,1.1158818114167648,1.5576357531188463,#000000
2025-07-21 00:00:00+00:00,1.15,1.2,1.14,1.17,1994981,0.0,0.0,0.0,0.0,0.0,0.0,0.0,0.0,,,,,,,,,1.1163459658677293,,,,1.2134641784413602,1.1209414551420585,1.4482166964812302,1.4965627394419385,1.2134641784413602,,,,,1.1163459658677293,,,,,1.1163459658677293,1.5572589062528956,#000000
2025-07-22 00:00:00+00:00,1.13,1.17,1.12,1.15,3887080,0.0,0.0,0.0,0.0,0.0,0.0,0.0,0.0,,,,,,,,,1.1167883535592267,,,,1.1952729290920379,1.1212313900000428,1.4476131304448172,1.495881231855221,1.1952729290920379,,,,,1.1167883535592267,,,,,1.1167883535592267,1.5564833419415147,"rgba(239, 83, 80, 1.0)"
2025-07-23 00:00:00+00:00,1.19,1.22,1.14,1.14,4133611,0.0,0.0,0.0,0.0,0.0,0.0,0.0,0.0,,,,,,,,,1.1180860302583797,,,,1.1927842587973545,1.1222200622598368,1.4470639244544452,1.495247251768376,1.1927842587973545,,,,,1.1180860302583797,,,,,1.1180860302583797,1.5557472294223469,"rgba(239, 83, 80, 1.0)"
2025-07-24 00:00:00+00:00,1.15,1.19,1.14,1.17,853062,0.0,0.0,0.0,0.0,0.0,0.0,0.0,0.0,,,,,,,,,1.1182540331379272,,,,1.191432176317671,1.1223437808218972,1.4469408650818727,1.4951069725005846,1.191432176317671,,,,,1.1182540331379272,,,,,1.1182540331379272,1.555586182342783,"rgba(239, 83, 80, 1.0)"
2025-07-25 00:00:00+00:00,1.12,1.149999,1.11,1.14,792537,0.0,0.0,0.0,0.0,0.0,0.0,0.0,0.0,,,,,,,,,1.1182852433975297,,,,1.189042201265311,1.122356891754155,1.4468133608783682,1.494963797912218,1.189042201265311,,,,,1.1182852433975297,,,,,1.1182852433975297,1.555424081265236,"rgba(239, 83, 80, 1.0)"
2025-07-28 00:00:00+00:00,1.11,1.13,1.11,1.12,1296462,0.0,0.0,0.0,0.0,0.0,0.0,0.0,0.0,,,,,,,,,1.1182754793843976,,,,1.1849219485450828,1.1223287977617176,1.446598495443215,1.4947234746975828,1.1849219485450828,,,,,1.1182754793843976,,,,,1.1182754793843976,1.555152995907505,"rgba(239, 83, 80, 1.0)"
2025-07-29 00:00:00+00:00,1.12,1.135,1.06,1.12,3716665,0.0,0.0,0.0,0.0,0.0,0.0,0.0,0.0,,,,,,,,,1.118049799665115,,,,1.1737085672794514,1.1220869499355597,1.445962345269762,1.4940150027587282,1.1737085672794514,,,,,1.118049799665115,,,,,1.118049799665115,1.5543570806919988,"rgba(239, 83, 80, 1.0)"
2025-07-30 00:00:00+00:00,1.08,1.13,1.06,1.13,4438346,0.0,0.0,0.0,0.0,0.0,0.0,0.0,0.0,,,,,,,,,1.1174917001359728,,,,1.1616960626328168,1.1215609430085518,1.4451724841235345,1.493139838561307,1.1616960626328168,,,,,1.1174917001359728,,,,,1.1174917001359728,1.5533786941701577,"rgba(239, 83, 80, 1.0)"
2025-07-31 00:00:00+00:00,1.06,1.095,1.04,1.06,3890239,0.0,0.0,0.0,0.0,0.0,0.0,0.0,0.0,,,,,,,,,1.1165919560226656,,,,1.150892344498128,1.1207597466868515,1.4444345142168626,1.492328487099196,1.150892344498128,,,,,1.1165919560226656,,,,,1.1165919560226656,1.5524784321626561,"rgba(239, 83, 80, 1.0)"
2025-08-01 00:00:00+00:00,1.02,1.11,0.99975,1.1,7041894,0.0,0.0,0.0,0.0,0.0,0.0,0.0,0.0,,,,,,,,,1.1143848460617585,,,,1.1327844545306585,1.1188220025312468,1.4430297869774447,1.4907932636092627,1.1327844545306585,,,,,1.1143848460617585,1.04325,,,,1.1143848460617585,1.550784908255978,"rgba(239, 83, 80, 1.0)"
2025-08-04 00:00:00+00:00,1.1,1.12,1.035,1.06,9368669,0.0,0.0,0.0,0.0,0.0,0.0,0.0,0.0,,,,,,,,,1.1132536585881276,,,,1.1240457528888257,1.1177332779505338,1.441369676471949,1.4889559984927412,1.1240457528888257,,,,,,1.0670847661046121,,,,1.1132536585881276,1.5487331074201116,"rgba(239, 83, 80, 0.75)"
2025-08-05 00:00:00+00:00,1.18,1.25,1.1,1.13,5989777,0.0,0.0,0.0,0.0,0.0,0.0,0.0,0.0,,,,,,,,,1.114776879574071,,,,1.1295541965564446,1.1189216863341829,1.4405872853443464,1.4880546316508974,1.1295541965564446,,,,,,1.0963866047196904,,,,1.114776879574071,1.5476881907614546,"rgba(239, 83, 80, 0.75)"
2025-08-06 00:00:00+00:00,1.1,1.1689,1.1,1.15,1492973,0.0,0.0,0.0,0.0,0.0,0.0,0.0,0.0,,,,,,,,,1.1148256218724257,,,,1.129386683751563,1.1189419158083584,1.4403534580598532,1.4877921669422285,1.129386683751563,,,,,,1.0980474591531113,,,,1.1148256218724257,1.5473910906457153,"rgba(239, 83, 80, 0.75)"
2025-08-07 00:00:00+00:00,1.11,1.14,1.085,1.11,1531720,0.0,0.0,0.0,0.0,0.0,0.0,0.0,0.0,,,,,,,,,1.11480645017679,,,,1.1289361450922053,1.1189047776088605,1.4401053914649242,1.487514954062664,1.1289361450922053,,,,,,1.0988679423569152,,,,1.11480645017679,1.5470786077036958,"rgba(239, 83, 80, 0.75)"
2025-08-08 00:00:00+00:00,1.07,1.1288,1.05,1.12,2195755,0.0,0.0,0.0,0.0,0.0,0.0,0.0,0.0,,,,,,,,,1.1145315442839305,,,,1.1273184028428989,1.1186434598884103,1.4397193816084293,1.4870879493516898,1.1273184028428989,,,,,,1.0976011972721416,,,,1.1145315442839305,1.5466019280788297,"rgba(239, 83, 80, 0.75)"
2025-08-11 00:00:00+00:00,1.02,1.075,1.02,1.07,2753955,1.0,1.075,1.02,0.0,0.0,0.0,0.0,0.0,,,,,,,,1.0383333333333333,1.1137160809530973,,,,1.1235594190579457,1.1179183310902878,1.4391760463730685,1.4864947046118209,1.1235594190579457,,,,,,1.09222761994727,,,,1.1137160809530973,1.5459480754993717,"rgba(239, 83, 80, 0.75)"
2025-08-12 00:00:00+00:00,1.11,1.12,1.05,1.06,3016692,0.0,0.0,0.0,0.0,0.0,0.0,0.0,0.0,,,,,,,,1.067085405674615,1.113479905392105,,,,1.1222226255076797,1.1176775541706394,1.4386639934283885,1.4859261901814,1.1222226255076797,,,,,,1.0923275137291943,,,,1.113479905392105,1.5453111658443146,"rgba(239, 83, 80, 0.75)"
2025-08-13 00:00:00+00:00,1.17,1.17,1.11,1.11,4333813,0.0,0.0,0.0,0.0,0.0,0.0,0.0,0.0,,,,,,,,1.1026475581080037,1.1140778673256193,,,,1.1238820615632963,1.1181260106474609,1.438051297110797,1.4852298002773316,1.1238820615632963,,,,,,1.0989528318912576,,,,1.1140778673256193,1.544513629753019,#000000
2025-08-14 00:00:00+00:00,1.15,1.2,1.115,1.14,9469940,0.0,0.0,0.0,0.0,0.0,0.0,0.0,0.0,,,,,,,,1.1279752556911067,1.1154914141147083,,,,1.1274751751871728,1.1192110417825503,1.4367445688998788,1.4837406481431719,1.1274751751871728,,,,,,1.110198964000313,,,,1.1154914141147083,1.5428040057205428,#000000
2025-08-15 00:00:00+00:00,1.18,1.22,1.135,1.14,5143370,0.0,0.0,0.0,0.0,0.0,0.0,0.0,0.0,,,,,,,,1.1384539609223108,1.1166486707062875,,,,1.1304764455912726,1.120141052585921,1.4360982535496079,1.482994473632217,1.1304764455912726,,,,,,1.11689460645948,,,,1.1166486707062875,1.5419372294299554,#000000
2025-08-18 00:00:00+00:00,1.17,1.19,1.155,1.17,1622855,0.0,0.0,0.0,0.0,0.0,0.0,0.0,0.0,,,,,,,,1.140500207189465,1.116966505020733,,,,1.1312293822302881,1.120395525561799,1.4358897392866656,1.482754658726488,1.1312293822302881,,,,,,1.1185418411560129,,,,1.116966505020733,1.5416595972443803,"rgba(38, 166, 154, 0.5)"
2025-08-19 00:00:00+00:00,1.21,1.22,1.16,1.16,3010308,0.0,0.0,0.0,0.0,0.0,0.0,0.0,0.0,,,,,,,,1.146260785304508,1.117811506268973,,,,1.1333754286604247,1.1210879133996332,1.4355403400603208,1.4823464624842022,1.1333754286604247,,,,,,1.122669850335046,,,,1.117811506268973,1.5411804285731188,"rgba(38, 166, 154, 1.0)"
2025-08-20 00:00:00+00:00,1.21,1.22,1.19,1.22,4576564,0.0,0.0,0.0,0.0,0.0,0.0,0.0,0.0,,,,,,,,1.1544090840732124,1.1192210060686432,,,,1.1368561045708936,1.1222529268392751,1.435033255896722,1.4817497544699836,1.1368561045708936,,,,,,1.1289156264072455,,,,1.1192210060686432,1.540475565535517,"rgba(38, 166, 154, 1.0)"
2025-08-21 00:00:00+00:00,1.2,1.225,1.19,1.19,1335138,0.0,0.0,0.0,0.0,0.0,0.0,0.0,0.0,,,,,,,,1.156324591927593,1.1196161403974418,,,,1.1377873182996456,1.1225802546195298,1.4348846688902537,1.4815751092748806,1.1377873182996456,,,,,,1.1305310463946385,,,,1.1196161403974418,1.540269468677621,"rgba(38, 166, 154, 1.0)"
2025-08-22 00:00:00+00:00,1.28,1.28,1.2,1.2,2995655,0.0,0.0,0.0,0.0,0.0,0.0,0.0,0.0,,,,,,,,1.163920454712778,1.1209840301996181,,,,1.141224695011509,1.1237305521415104,1.4346219288089999,1.4812523968489546,1.141224695011509,,,,,,1.1361151149039053,,,,1.1209840301996181,1.5398744995597802,"rgba(38, 166, 154, 1.0)"
2025-08-25 00:00:00+00:00,1.26,1.3158,1.26,1.26,2557567,0.0,0.0,0.0,0.0,0.0,0.0,0.0,0.0,,,,,,,,1.1711064025810687,1.1223486848710151,,,,,1.1248850934338208,1.434429393012981,1.481008063030004,1.144627392896156,,,,,,1.1414399615576325,,,,1.1223486848710151,1.5395678092464562,"rgba(38, 166, 154, 1.0)"
2025-08-26 00:00:00+00:00,1.26,1.285,1.24,1.26,1897016,0.0,0.0,0.0,0.0,0.0,0.0,0.0,0.0,,,,,,,,1.175128475035305,1.123237668163238,,,,,1.1256372711491816,1.4342714055839456,1.4808120846302235,1.1467388575872435,,,,,,1.144682676069808,,,,1.123237668163238,1.5393260631977899,"rgba(38, 166, 154, 1.0)"
2025-08-27 00:00:00+00:00,1.27,1.28,1.23,1.25,2413825,0.0,0.0,0.0,0.0,0.0,0.0,0.0,0.0,,,,,,,,1.1796682490012156,1.1243391459876455,,,,,1.1265709084281814,1.434068857402398,1.4805613283844525,1.1492804808860246,,,,,,1.1485090054007734,,,,1.1243391459876455,1.539017222269019,"rgba(38, 166, 154, 1.0)"
2025-08-28 00:00:00+00:00,1.26,1.27,1.23,1.27,1078720,0.0,0.0,0.0,0.0,0.0,0.0,0.0,0.0,,,,,,,,1.1813880473108151,1.1248017634510536,,,,,1.1269633240931107,1.4339750314089654,1.4804460697788377,1.150313607583316,,,,,,1.1500406579826141,,,,1.1248017634510536,1.5388761318410595,"rgba(38, 166, 154, 1.0)"
2025-08-29 00:00:00+00:00,1.24,1.26,1.22,1.24,1763833,1.0,1.26,1.22,0.0,0.0,0.0,0.0,0.0,,,,,,,1.24,1.1835432132596775,1.125473357968598,,,,,1.1275326109314672,1.4338105163262822,1.4802468108052664,1.15174639182784,,,,,,1.1521397871563477,,,,1.125473357968598,1.5386349741026104,"rgba(38, 166, 154, 1.0)"
2025-09-02 00:00:00+00:00,1.26,1.28,1.225,1.23,2159349,0.0,0.0,0.0,0.0,0.0,0.0,0.0,0.0,,,,,,,1.2482561132774364,1.1866212992423486,1.1263912617624738,,,,,1.128313711143953,1.4336250489081968,1.4800185224017832,1.1537270658749292,,,,,,1.1549965440190992,,,,1.1263912617624738,1.5383550718874346,"rgba(38, 166, 154, 1.0)"
2025-09-03 00:00:00+00:00,1.28,1.29,1.235,1.26,1634786,0.0,0.0,0.0,0.0,0.0,0.0,0.0,0.0,,,,,,,1.254161501409628,1.1892019204050264,1.127148728333987,,,,,1.1289602944762258,1.433495354029731,1.479856221610129,1.1553676271860729,,,,,,1.1573305280756172,,,,1.127148728333987,1.5381534865180724,"rgba(38, 166, 154, 1.0)"
2025-09-04 00:00:00+00:00,1.29,1.31,1.2707,1.28,900186,0.0,0.0,0.0,0.0,0.0,0.0,0.0,0.0,,,,,,,1.2591894642132515,1.1909288648568437,1.1276265461573745,,,,,1.1293693345033742,1.4334334831122792,1.4797761996926377,1.1564223713582005,,,,,,1.1588206968289552,,,,1.1276265461573745,1.538051612142357,"rgba(38, 166, 154, 1.0)"
2025-09-05 00:00:00+00:00,1.32,1.345,1.27,1.29,2729483,0.0,0.0,0.0,0.0,0.0,0.0,0.0,0.0,,,,,,,1.2747795046103803,1.1968781987128168,1.1292471202451446,,,,,1.1307605850422218,1.4332742386860424,1.4795613655417377,1.160018465125479,,,,,,1.163846249932075,,,,1.1292471202451446,1.5377698983966903,"rgba(38, 166, 154, 1.0)"
2025-09-08 00:00:00+00:00,1.37,1.38,1.32,1.35,3736791,0.0,0.0,0.0,0.0,0.0,0.0,0.0,0.0,,,,,,,1.2984552301579615,1.2069762481640829,1.1319560539696993,,,,,,1.4331373244746435,1.4793467291390423,1.1660630288003115,,,,,,1.172152005920787,,,,1.1319560539696993,1.5374618876596056,"rgba(38, 166, 154, 1.0)"
2025-09-09 00:00:00+00:00,1.34,1.43,1.315,1.35,4814042,0.0,0.0,0.0,0.0,0.0,0.0,0.0,0.0,,,,,,,1.3156101770182735,1.2186221801672952,1.1354278072946902,,,,,,1.4329731457451593,1.4790825441569964,1.1735137283304617,,,,,,1.1821157995615401,,,,1.1354278072946902,1.5370775550184093,"rgba(38, 166, 154, 1.0)"
2025-09-10 00:00:00+00:00,1.27,1.35,1.24,1.35,4980781,1.0,1.35,1.24,0.0,0.0,0.0,0.0,0.0,,,,,,1.2866666666666666,1.3092648407907461,1.2235393555477214,1.1377563286277905,,,,,,1.4326262417724709,1.4786366557841966,1.1778040177599896,,,,,,1.1875095797412822,,,,1.1377563286277905,1.5365124102226453,"rgba(38, 166, 154, 0.75)"
2025-09-11 00:00:00+00:00,1.33,1.35,1.26,1.27,6587958,0.0,0.0,0.0,0.0,0.0,0.0,0.0,0.0,,,,,,1.3018523217324436,1.3101793959090406,1.231373263303368,1.141260477664911,,,,,,1.4322532890101634,1.4781315398160702,1.1842762767330175,,,,,,1.1955469515675403,,,,1.141260477664911,1.5358481796035457,"rgba(38, 166, 154, 0.75)"
2025-09-12 00:00:00+00:00,1.31,1.32,1.29,1.31,5133944,0.0,0.0,0.0,0.0,0.0,0.0,0.0,0.0,,,,,,1.3033321185584377,1.3096557736244583,1.2361664257607847,1.1437936479471171,,,,,,1.4319480598086294,1.4777242045259757,1.1886676595633863,,,,,,1.2008161518129705,,,,1.1437936479471171,1.5353178581593165,"rgba(38, 166, 154, 0.75)"
2025-09-15 00:00:00+00:00,1.34,1.34,1.3,1.33,2173401,0.0,0.0,0.0,0.0,0.0,0.0,0.0,0.0,,,,,,1.3060188691679908,1.3106655221509274,1.2385413760213944,1.1449716455079357,,,,,,1.4318398475542453,1.4775724395825311,1.1907324290441066,,,,,,1.2032928065809523,,,,1.1449716455079357,1.5351136636852944,"rgba(38, 166, 154, 0.75)"
2025-09-16 00:00:00+00:00,1.29,1.35,1.28,1.34,8987395,0.0,0.0,0.0,0.0,0.0,0.0,0.0,0.0,,,,,,1.3062278169451371,1.309877413428097,1.2452104366482923,1.1491669971793914,,,,,,1.4313100766403224,1.4768653422385627,1.1974874917605,,,,,,1.211072058577812,,,,1.1491669971793914,1.534192899202831,"rgba(38, 166, 154, 0.75)"
2025-09-17 00:00:00+00:00,1.39,1.425,1.3,1.31,7459697,0.0,0.0,0.0,0.0,0.0,0.0,0.0,0.0,,,,,,1.3200474686930757,1.318564085285506,1.2547133384335145,1.1538576674038936,,,,,,1.4311012895263657,1.476505318399763,1.2055225671391674,,,,,,1.2205133651906517,,,,1.1538576674038936,1.5336509938271399,"rgba(38, 166, 154, 0.75)"
2025-09-18 00:00:00+00:00,1.46,1.48,1.37,1.39,6302060,0.0,0.0,0.0,0.0,0.0,0.0,0.0,0.0,,,,,,1.3377036132199547,1.3311018731725857,1.2655752339222468,1.158806392586428,,,,,,1.4311176997578339,1.4763904678359125,1.2141928636757846,,,,,,1.2307409496574087,,,,1.158806392586428,1.5333785723908702,"rgba(38, 166, 154, 1.0)"
2025-09-19 00:00:00+00:00,1.4,1.505,1.38,1.46,7073688,0.0,0.0,0.0,0.0,0.0,0.0,0.0,0.0,,,,,,1.3508678951168065,1.3414542511265066,1.275796037134324,1.1639981975880183,,,,,,1.4311085148486207,1.4762354624874645,1.222844585593596,,,,,,1.2407058077766913,,,,1.1639981975880183,1.533048421593111,"rgba(38, 166, 154, 1.0)"
2025-09-22 00:00:00+00:00,1.51,1.57,1.42,1.43,8250167,0.0,0.0,0.0,0.0,0.0,0.0,0.0,0.0,,,,,,1.3724725379432894,1.3589675945512085,1.2910965132331356,1.1713810740544468,,,,,,1.4313725508673236,1.4763245269224343,1.235316894588385,,,,,,1.255109996904642,,,,1.1713810740544468,1.532927719591756,"rgba(38, 166, 154, 1.0)"
2025-09-23 00:00:00+00:00,1.52,1.6055,1.51,1.51,3371447,0.0,0.0,0.0,0.0,0.0,0.0,0.0,0.0,,,,,,1.3821247910813839,1.367009719594438,1.2979897495691972,1.1747075005909713,,,,,,1.431550498151796,1.4764298002321796,1.240912076749615,1.5451666666666666,,,,,1.2615484820168212,,,,1.1747075005909713,1.5329459591240246,"rgba(38, 166, 154, 1.0)"
2025-09-24 00:00:00+00:00,1.52,1.5499,1.5,1.53,1708511,0.0,0.0,0.0,0.0,0.0,0.0,0.0,0.0,,,,,,1.3860132820586477,1.3703572433310856,1.301045525281355,1.1762725234436833,,,,,,1.4316231476627927,1.4764660934724514,,1.5378123852861252,,,,,1.2644600941138713,,,,1.1762725234436833,1.5329386798404583,"rgba(38, 166, 154, 1.0)"
2025-09-25 00:00:00+00:00,1.49,1.56,1.47,1.52,2966212,0.0,0.0,0.0,0.0,0.0,0.0,0.0,0.0,,,,,,1.3915195837760133,1.375244278429395,1.3057757868175996,1.1788278559471628,,,,,,1.4317261696582904,1.4765066391983703,,1.5263305492923964,,,,,1.269048982278696,,,,1.1788278559471628,1.5329043040767953,"rgba(38, 166, 154, 1.0)"
2025-09-26 00:00:00+00:00,1.48,1.505,1.46,1.48,1981901,0.0,0.0,0.0,0.0,0.0,0.0,0.0,0.0,,,,,,1.3941870989168919,1.377734003556746,1.308438447334482,1.1803847815781419,,,,,,1.4317719365284889,1.476511263778133,,1.5175033886510512,,,,,1.2717068750256326,,,,1.1803847815781419,1.5328595483774097,"rgba(38, 166, 154, 1.0)"
2025-09-29 00:00:00+00:00,1.57,1.58,1.5,1.51,3913598,0.0,0.0,0.0,0.0,0.0,0.0,0.0,0.0,,,,,,1.4027889118760568,1.3853407475073403,1.3154498114268083,1.184099395820309,,,,,,1.4319855004954338,1.4766410914826615,,1.5266255872330161,,,,,1.27841103614286,,,,1.184099395820309,1.5328890623261124,"rgba(38, 166, 154, 1.0)"
2025-09-30 00:00:00+00:00,1.58,1.59,1.51,1.57,2153870,0.0,0.0,0.0,0.0,0.0,0.0,0.0,0.0,,,,,,1.4074246016779974,1.3894846170619861,1.319294873205359,1.1861670823062993,,,,,,1.4321126393520727,1.4767220606817688,,1.5310916785162234,,,,,1.2820955545721096,,,,1.1861670823062993,1.5329147297040415,"rgba(38, 166, 154, 1.0)"
2025-10-01 00:00:00+00:00,1.56,1.58,1.51,1.58,1642920,0.0,0.0,0.0,0.0,0.0,0.0,0.0,0.0,,,,,,1.4105608670048313,1.3923378604769523,1.3220289577130409,1.1876872524867226,,,,,,1.432201878298399,1.476776312756052,,1.532842950119474,,,,,1.28474301128335,,,,1.1876872524867226,1.532927059112275,"rgba(38, 166, 154, 1.0)"
2025-10-02 00:00:00+00:00,1.51,1.57,1.51,1.57,1990776,0.0,0.0,0.0,0.0,0.0,0.0,0.0,0.0,,,,,,1.4136618287997926,1.3952404635632838,1.3249731850004869,1.1894116049665653,,,,,,1.4322915025421363,1.476824017832915,,1.5325560825918156,,,,,1.2876450739020935,,,,1.1894116049665653,1.5329245018324265,"rgba(38, 166, 154, 0.75)"
2025-10-03 00:00:00+00:00,1.48,1.55,1.48,1.52,2717246,0.0,0.0,0.0,0.0,0.0,0.0,0.0,0.0,,,,,,1.4167307598606804,1.398264273876986,1.3283543083814235,1.191555261011129,,,,,,1.4323802534498657,1.476856409531965,,1.5290185392890763,,,,,1.2910732279147534,,,,1.191555261011129,1.5328892568045587,"rgba(38, 166, 154, 0.75)"
2025-10-06 00:00:00+00:00,1.48,1.511,1.465,1.49,1003996,0.0,0.0,0.0,0.0,0.0,0.0,0.0,0.0,,,,,,1.417587439953243,1.39915502927825,1.3294461924023773,1.1922946308547264,,,,,,1.4324046850822907,1.476860234963976,,1.5271482245812456,,,,,1.292207396066592,,,,1.1922946308547264,1.532868337256309,"rgba(38, 166, 154, 0.75)"
2025-10-07 00:00:00+00:00,1.43,1.4995,1.41,1.48,1819643,0.0,0.0,0.0,0.0,0.0,0.0,0.0,0.0,,,,,,1.4182273212761272,1.4000169034603753,1.3309034421670278,1.193448893935296,,,,,,1.432416461880756,1.476835423837414,,1.5213409321219422,,,,,1.2938229512342538,,,,1.193448893935296,1.5327995337865195,"rgba(38, 166, 154, 0.5)"
2025-10-08 00:00:00+00:00,1.43,1.48,1.43,1.43,1212784,0.0,0.0,0.0,0.0,0.0,0.0,0.0,0.0,,,,,,1.4186407212321048,1.4005761189035424,1.3318560796244168,1.1942129042131298,,,,,,1.432424392900974,1.476819000570271,,1.5179212257953283,,,,,1.2948822080276416,,,,1.1942129042131298,1.532753825869936,#000000
2025-10-09 00:00:00+00:00,1.36,1.4499,1.34,1.44,3000114,0.0,0.0,0.0,0.0,0.0,0.0,0.0,0.0,,,,,,1.417414022106453,1.4000785664594095,1.3328824244454835,1.1956137546236691,,,,,,1.4323568527646386,1.4766932320816233,,1.5042225256077923,,,,,1.2963724790768933,,,,1.1956137546236691,1.5325578899236436,"rgba(239, 83, 80, 1.0)"
2025-10-10 00:00:00+00:00,1.3,1.3899,1.29,1.36,2265838,0.0,0.0,0.0,0.0,0.0,0.0,0.0,0.0,,,,,,1.4150949793185934,1.3985150508429838,1.3327896620117288,1.196342765396048,,,,,,1.4322471855738454,1.4765409717238296,,1.491548420429175,,,,,1.2967528474103038,,,,1.196342765396048,1.532354196729509,"rgba(239, 83, 80, 1.0)"
2025-10-13 00:00:00+00:00,1.3,1.35,1.29,1.32,1454635,0.0,0.0,0.0,0.0,0.0,0.0,0.0,0.0,,,,,,1.4134530290979357,1.3973665931594896,1.3326059987735825,1.1967591792756802,,,,,,1.4321680496607725,1.4764347275686802,,1.4837408708188746,,,,,1.2968855731371065,,,,1.1967591792756802,1.5322152003972747,"rgba(239, 83, 80, 1.0)"
2025-10-14 00:00:00+00:00,1.35,1.36,1.27,1.27,1879686,1.0,1.36,1.27,0.0,0.0,0.0,0.0,0.0,,,,,1.3266666666666669,1.411680486553912,1.3961559457278436,1.3325344232219276,1.1973539462829017,,,,,,1.4320774018572064,1.4763088495566883,,1.4753251511562555,,,,,1.297190475295893,1.3266666666666669,,,1.1973539462829017,1.5320467750287334,"rgba(239, 83, 80, 1.0)"
2025-10-15 00:00:00+00:00,1.36,1.42,1.36,1.36,1601948,0.0,0.0,0.0,0.0,0.0,0.0,0.0,0.0,,,,,1.3512060716318832,1.411138478576037,1.3959235639305076,1.3330169609848421,1.198063842419446,,,,,,1.432039295831881,1.476239913093421,,1.4711625393280428,,,,,,1.3512060716318832,,,1.198063842419446,1.5319406713914145,"rgba(239, 83, 80, 1.0)"
2025-10-16 00:00:00+00:00,1.42,1.43,1.37,1.38,2428818,0.0,0.0,0.0,0.0,0.0,0.0,0.0,0.0,,,,,1.3739968313760098,1.4110254151341923,1.396152849488117,1.3341349234368336,1.1992859220548973,,,,,,1.4320111784531568,1.4761644906551155,,1.4671576059352203,,,,,,1.3739968313760098,,,1.1992859220548973,1.5318082673251425,"rgba(239, 83, 80, 0.75)"
2025-10-17 00:00:00+00:00,1.7,1.92,1.39,1.4,20857081,0.0,0.0,0.0,0.0,0.0,0.0,0.0,0.0,,,,,1.604640501984251,1.4572232305698642,1.4385686538710722,1.3728665946967535,1.221832381482804,,,,,,1.4342546013002129,1.4779523194219482,,1.5377033455451197,,,,,,1.604640501984251,,,1.221832381482804,1.5330512270660235,"rgba(38, 166, 154, 0.5)"
2025-10-20 00:00:00+00:00,1.88,1.95,1.79,1.81,15844552,0.0,0.0,0.0,0.0,0.0,0.0,0.0,0.0,,,,,1.7045491907596948,1.506883116064558,1.4843394710700726,1.413178370992389,1.2447063043298456,,,,,,1.4373765406743821,1.4807033944200239,,1.607846013778224,,,,,,1.7045491907596948,,,1.2447063043298456,1.5353605420579048,"rgba(38, 166, 154, 1.0)"
2025-10-21 00:00:00+00:00,1.85,1.895,1.85,1.86,3534577,0.0,0.0,0.0,0.0,0.0,0.0,0.0,0.0,,,,,1.71683882808974,1.5161699738938637,1.493074175808443,1.4211536674334817,1.2495268058380147,,,,,,1.4380537341514221,1.481298970253142,,1.6193006932059728,,,,,,1.71683882808974,,,1.2495268058380147,1.5358588338679058,"rgba(38, 166, 154, 1.0)"
2025-10-22 00:00:00+00:00,1.92,1.94,1.85,1.87,4439343,0.0,0.0,0.0,0.0,0.0,0.0,0.0,0.0,,,,,1.733205273243723,1.5283823385780713,1.5045665719547445,1.4316116263992156,1.2558466583831587,,,,,,1.4389773333758384,1.4821188592520862,,1.6343493374026263,,,,,,1.733205273243723,,,1.2558466583831587,1.5365551865681368,"rgba(38, 166, 154, 1.0)"
2025-10-23 00:00:00+00:00,1.86,1.945,1.845,1.92,2681048,0.0,0.0,0.0,0.0,0.0,0.0,0.0,0.0,,,,,1.7407615488883907,1.5350176968021152,1.5108677869514122,1.4374520344006378,1.259488492574331,,,,,,1.439509400168454,1.4825890352826343,,1.6420691690752711,,,,,,1.7407615488883907,,,1.259488492574331,1.5369515950443553,"rgba(38, 166, 154, 1.0)"
2025-10-24 00:00:00+00:00,1.99,2.03,1.89,1.89,6774766,0.0,0.0,0.0,0.0,0.0,0.0,0.0,0.0,,,,,1.7666274685149028,1.5546382905039184,1.529390148225557,1.454300435812455,1.2697580912071802,,,,,,1.4411096598037776,1.4840281146544159,,1.6658950820750844,1.9700000000000002,,,,,1.7666274685149028,,,1.2697580912071802,1.5381988771397002,"rgba(38, 166, 154, 1.0)"
2025-10-27 00:00:00+00:00,2.0,2.0223,1.982,2.0,4435984,0.0,0.0,0.0,0.0,0.0,0.0,0.0,0.0,,,,,1.7827817884665413,1.567455795040757,1.5415383754470415,1.4654045458523235,1.276617797472883,,,,,,1.442214222658685,1.4850264516059553,,,1.9824378622066618,,,,,1.7827817884665413,,,1.276617797472883,1.5390708570867069,"rgba(38, 166, 154, 1.0)"
2025-10-28 00:00:00+00:00,1.98,2.03,1.95,2.0,2586638,0.0,0.0,0.0,0.0,0.0,0.0,0.0,0.0,,,,,1.7906455142460171,1.5743529283782884,1.548119396329557,1.4715010861657198,1.2804783845178027,,,,,,1.4428393351474689,1.4855902138898682,,,1.9832306489508498,,,,,1.7906455142460171,,,1.2804783845178027,1.5395616077647338,"rgba(38, 166, 154, 1.0)"
2025-10-29 00:00:00+00:00,1.94,2.025,1.93,1.99,3615986,0.0,0.0,0.0,0.0,0.0,0.0,0.0,0.0,,,,,1.7995654289421124,1.583135791738913,1.5565610267342862,1.4794400033198256,1.2856420117457703,,,,,,1.4436760875281858,1.4863422174281384,,,1.979444951166079,,,,,1.7995654289421124,,,1.2856420117457703,1.540212692502261,"rgba(38, 166, 154, 1.0)"
2025-10-30 00:00:00+00:00,1.82,1.94,1.75,1.92,3831664,0.0,0.0,0.0,0.0,0.0,0.0,0.0,0.0,,,,,1.8014733002021555,1.5890353274963438,1.5624450848654878,1.4854274105271448,1.2900116125386631,,,,,,1.4443422785697972,1.486923547576097,,,1.9536940717043356,,,,,1.8014733002021555,,,1.2900116125386631,1.5406926635938571,"rgba(38, 166, 154, 0.75)"
2025-10-31 00:00:00+00:00,1.81,1.84,1.78,1.82,2365449,0.0,0.0,0.0,0.0,0.0,0.0,0.0,0.0,,,,,1.801735658668752,1.5921645874007886,1.5656143384713712,1.4887514204761254,1.292544813504309,,,,,,1.4447245424928719,1.4872541752496522,,,1.939297884187367,,,,,1.801735658668752,,,1.292544813504309,1.540961568234523,"rgba(38, 166, 154, 0.75)"
2025-11-03 00:00:00+00:00,1.8,1.815,1.7402,1.8,1905556,0.0,0.0,0.0,0.0,0.0,0.0,0.0,0.0,,,,,1.8013324795689676,1.5943404789525872,1.5678544917287283,1.4911760440915347,1.294470158586331,,,,,,1.4450109252085195,1.4874994919105604,,,1.9277797886137753,,,,,1.8013324795689676,,,1.294470158586331,1.5411577623129737,"rgba(38, 166, 154, 0.75)"
2025-11-04 00:00:00+00:00,1.74,1.82,1.74,1.78,1453981,0.0,0.0,0.0,0.0,0.0,0.0,0.0,0.0,,,,,1.8007042982443975,1.5958109848753597,1.5693910462379608,1.4928853944429055,1.2958744246092688,,,,,,1.4452173114167044,1.4876748446775216,,,1.919094018880616,,,,,1.8007042982443975,,,1.2958744246092688,1.5412959735965956,"rgba(38, 166, 154, 0.5)"
2025-11-05 00:00:00+00:00,1.81,1.81,1.75,1.76,1986225,0.0,0.0,0.0,0.0,0.0,0.0,0.0,0.0,,,,,1.8004457201495834,1.5980485547001848,1.5716958644169499,1.4953825890382972,1.297873701302793,,,,,,1.445519253766174,1.4879340355942547,,,1.9102389434994385,,,,,1.8004457201495834,,,1.297873701302793,1.5415040241513758,"rgba(38, 166, 154, 0.5)"
2025-11-06 00:00:00+00:00,1.78,2.0197,1.76,1.87,3045417,0.0,0.0,0.0,0.0,0.0,0.0,0.0,0.0,,,,,1.8023310574275977,1.6024787126032471,1.5761346716775724,1.4999354847400144,1.3012977684551512,,,,,,1.4460659799215096,1.4884135947033719,,,1.9048140429865954,,,,,1.8023310574275977,,,1.3012977684551512,1.5419033480814566,"rgba(38, 166, 154, 0.5)"
2025-11-07 00:00:00+00:00,1.88,1.89,1.7,1.74,2589151,1.0,1.89,1.7,0.0,0.0,0.0,0.0,0.0,,,,1.8233333333333333,1.8029499896150454,1.60569102938405,1.57940434312958,1.5033961619201932,1.304019893920745,,,,,,1.4464955946308498,1.4887869825826414,,,1.8987151450947226,,,,,1.8029499896150454,,,1.304019893920745,1.5422095133739786,"rgba(38, 166, 154, 0.5)"
2025-11-10 00:00:00+00:00,1.95,1.97,1.86,1.91,2776855,0.0,0.0,0.0,0.0,0.0,0.0,0.0,0.0,,,,1.8768073106888064,1.8067404051898064,1.6106211476432175,1.5842616323642447,1.5081988223144178,1.3074826635357097,,,,,,1.4470813167815815,1.489309921693736,,,1.9007922700072581,,,,,1.8067404051898064,,,1.3074826635357097,1.5426575597160868,"rgba(38, 166, 154, 0.5)"
2025-11-11 00:00:00+00:00,1.96,1.98,1.91,1.95,3019834,0.0,0.0,0.0,0.0,0.0,0.0,0.0,0.0,,,,1.9031648099653702,1.8113597232438698,1.6161969255572433,1.5897416284416137,1.5135839309979218,1.3113452469656846,,,,,,1.4477475826405557,1.4899074677444228,,,1.9044716052971098,,,,,1.8113597232438698,,,1.3113452469656846,1.5431731615503583,"rgba(38, 166, 154, 0.5)"
2025-11-12 00:00:00+00:00,1.94,1.98,1.9105,1.97,3978263,0.0,0.0,0.0,0.0,0.0,0.0,0.0,0.0,,,,1.9161430255393377,1.8167440680068296,1.623130892112183,1.5965892214395494,1.5203782105862362,1.3163123247195798,,,,,,1.4486112922554324,1.490681211896138,,,1.9079712678093474,,,,,1.8167440680068296,,,1.3163123247195798,1.5438395943107692,"rgba(38, 166, 154, 0.5)"
2025-11-13 00:00:00+00:00,1.9,1.94,1.845,1.94,2396759,0.0,0.0,0.0,0.0,0.0,0.0,0.0,0.0,,,,1.912709978285821,1.8186191194409451,1.626557105805799,1.600029085530439,1.523911410515328,1.3190388005647042,,,,,,1.449079341321245,1.4910962999087078,,,1.9073064405599855,,,,,1.8186191194409451,,,1.3190388005647042,1.544191432274782,"rgba(38, 166, 154, 0.5)"
2025-11-14 00:00:00+00:00,1.9,1.9,1.82,1.88,2620760,0.0,0.0,0.0,0.0,0.0,0.0,0.0,0.0,,,,1.906772860563109,1.8200160249144557,1.629911522097792,1.6034310998814694,1.5274781578290637,1.3218797875210686,,,,,,1.4495651993276457,1.4915249122346794,,,1.905503495391666,,,,,1.8200160249144557,,,1.3218797875210686,1.5445516355648374,"rgba(38, 166, 154, 0.5)"
2025-11-17 00:00:00+00:00,1.79,1.9,1.77,1.9,4033042,0.0,0.0,0.0,0.0,0.0,0.0,0.0,0.0,,,,1.8904308534640872,1.8200154191110847,1.6338063124380413,1.6075016289268882,1.532002099620659,1.325777917216802,,,,,,1.4502168817392276,1.4920907488626676,,,1.899047806877285,,,,,1.8200154191110847,,,1.325777917216802,1.5450147405003436,"rgba(38, 166, 154, 0.5)"
2025-11-18 00:00:00+00:00,1.79,1.82,1.74,1.75,3353200,0.0,0.0,0.0,0.0,0.0,0.0,0.0,0.0,,,,1.87593144388632,1.818897587507481,1.6363109135560192,1.610207108987807,1.5351927790275461,1.32873576581443,,,,,,1.4507034146718327,1.4925072811204534,,,1.8922129119488331,,,,,1.818897587507481,,,1.32873576581443,1.5453474132195404,#000000
2025-11-19 00:00:00+00:00,1.77,1.8,1.75,1.77,1866619,0.0,0.0,0.0,0.0,0.0,0.0,0.0,0.0,,,,1.8687410815833496,1.8181375457835427,1.6375767454323407,1.6115924705439904,1.5368639001984687,1.3303299390666852,,,,,,1.4509655128898133,1.4927306803965308,,,1.8884285078919485,,,,,1.8181375457835427,,,1.3303299390666852,1.5455244347825547,#000000
2025-11-20 00:00:00+00:00,1.72,1.85,1.72,1.79,2603858,0.0,0.0,0.0,0.0,0.0,0.0,0.0,0.0,,,,1.85935385921862,1.816891313568497,1.6391767301399203,1.613369066828679,1.539059307850869,1.3324849748847885,,,,,,1.451319099207231,1.4930306355730685,,,1.883109598130298,,,,,1.816891313568497,1.7633333333333332,,1.3324849748847885,1.5457600944364631,"rgba(239, 83, 80, 1.0)"
2025-11-21 00:00:00+00:00,1.83,1.83,1.73,1.75,1662001,0.0,0.0,0.0,0.0,0.0,0.0,0.0,0.0,,,,1.8559821756072044,1.8166019647256455,1.64044537277087,1.6147287054995225,1.5406434672750289,1.3339548747283254,,,,,,1.4515684357198686,1.4932453120396014,,,1.8808255972994266,,,,,,1.776320174514285,,1.3339548747283254,1.5459332497488074,"rgba(239, 83, 80, 1.0)"
2025-11-24 00:00:00+00:00,1.87,1.89,1.81,1.82,2969972,0.0,0.0,0.0,0.0,0.0,0.0,0.0,0.0,,,,1.856042196287286,1.8176007225630806,1.6435136810195035,1.617893699999716,1.5440785262012606,1.3368961283163339,,,,,,1.452090412210493,1.493703891177783,,,1.8797363428466345,,,,,,1.8092986716614399,,1.3368961283163339,1.5463159842047605,#000000
2025-11-25 00:00:00+00:00,1.92,1.92,1.8305,1.87,1165831,0.0,0.0,0.0,0.0,0.0,0.0,0.0,0.0,,,,1.8571776912290627,1.8183039329268795,1.6448800175515452,1.6192847164147615,1.545548928247072,1.3381154905958481,,,,,,1.4523118766216578,1.493900170455027,,,1.8799177329407923,,,,,,1.8205200723182313,,1.3381154905958481,1.5464821542763747,"rgba(38, 166, 154, 0.5)"
2025-11-26 00:00:00+00:00,1.95,1.99,1.92,1.92,1933380,0.0,0.0,0.0,0.0,0.0,0.0,0.0,0.0,,,,1.8622063031825988,1.820439624128054,1.6476878482045803,1.622091151432831,1.5484019979960493,1.3403558688179016,,,,,,1.452731566246858,1.4942770647623151,,,1.8819756973086532,,,,,,1.8453654965149957,,1.3403558688179016,1.5468079551176321,"rgba(38, 166, 154, 0.5)"
2025-11-28 00:00:00+00:00,1.99,2.0,1.9508,1.97,981578,0.0,0.0,0.0,0.0,0.0,0.0,0.0,0.0,,,,1.8652598496228159,1.8217128178903448,1.649217811992533,1.623612400519069,1.5499306094407184,1.3415367800457356,,,,,,1.4529558233483009,1.494479390423079,,,1.8833549172380386,,,,,,1.8570665186218738,,1.3415367800457356,1.546984110298968,"rgba(38, 166, 154, 0.5)"
2025-12-01 00:00:00+00:00,2.0,2.035,1.93,1.93,1980108,0.0,0.0,0.0,0.0,0.0,0.0,0.0,0.0,,,,1.8713628147866588,1.8243480159738643,1.6523358873309393,1.6267107050121745,1.5530387223301132,1.3439357003051629,,,,,,1.453414542380986,1.4948937925734118,,,1.8862446751652466,,,,,,1.8766143705403815,,1.3439357003051629,1.5473456352058645,"rgba(38, 166, 154, 0.5)"
2025-12-02 00:00:00+00:00,1.98,2.07,1.98,2.03,3077356,0.0,0.0,0.0,0.0,0.0,0.0,0.0,0.0,,,,1.8812826052725726,1.8288017837824126,1.6573748493244833,1.631705098509861,1.5580187620814174,1.3477530062818877,,,,,,1.4541547088873048,1.4955646699140241,,,1.8913218383226011,,,,,,1.9016829525222092,,1.3477530062818877,1.5479338674893417,"rgba(38, 166, 154, 1.0)"
2025-12-03 00:00:00+00:00,1.99,2.0,1.96,1.98,953909,0.0,0.0,0.0,0.0,0.0,0.0,0.0,0.0,,,,1.8834969279588951,1.8299424451830952,1.6587921589167163,1.6331196487770578,1.5594507133077415,1.348880124890559,,,,,,1.4543727558723916,1.4957615102719264,,,1.8924772596948876,,,,,,1.906177820052982,,1.348880124890559,1.5481053967290848,"rgba(38, 166, 154, 1.0)"
2025-12-04 00:00:00+00:00,2.0,2.02,1.96,1.96,609964,0.0,0.0,0.0,0.0,0.0,0.0,0.0,0.0,,,,1.885000014915046,1.8307100181196527,1.6597197220009399,1.6340438709468785,1.5603827939881831,1.3496100791202783,,,,,,1.4545147229485405,1.4958898736781436,,,1.8932806458173557,,,,,,1.9091414644358142,,1.3496100791202783,1.54821752639946,"rgba(38, 166, 154, 1.0)"
2025-12-05 00:00:00+00:00,1.99,2.01,1.97,2.0,1029464,0.0,0.0,0.0,0.0,0.0,0.0,0.0,0.0,,,,1.8873703919204776,1.831963036544624,1.6612580747549415,1.6355786399605385,1.5619348168646272,1.3508319526475197,,,,,,1.4547526764517682,1.496104917572581,,,1.894563693662117,,,,,,1.9135300922548546,,1.3508319526475197,1.5484052284518937,"rgba(38, 166, 154, 1.0)"
2025-12-08 00:00:00+00:00,2.04,2.08,1.99,2.0,1926251,0.0,0.0,0.0,0.0,0.0,0.0,0.0,0.0,,,,1.8934211653731,1.8349323125550385,1.6645015506016758,1.6387885899790977,1.5651222477323612,1.3532717582239207,,,,,,1.455236118172989,1.496544759744919,,,1.8980054968802207,,,,,,1.9248824265691544,,1.3532717582239207,1.5487930835952248,"rgba(38, 166, 154, 1.0)"
2025-12-09 00:00:00+00:00,2.06,2.08,2.05,2.05,2281710,0.0,0.0,0.0,0.0,0.0,0.0,0.0,0.0,,,,1.9012045691778792,1.838790399290091,1.668541926021908,1.6427754584714176,1.5690533379159792,1.3562513249215096,,,,,,1.455833949597012,1.497090519903179,,,1.9026164627563322,,,,,,1.9385134777627395,,1.3562513249215096,1.5492767830467995,"rgba(38, 166, 154, 1.0)"
2025-12-10 00:00:00+00:00,2.04,2.07,2.0,2.06,7848359,0.0,0.0,0.0,0.0,0.0,0.0,0.0,0.0,,,,1.9196434855757378,1.8496561181766367,1.6809375884953148,1.6551007288686235,1.5814092570677816,1.3659324531939128,,,,,,1.4577914825040685,1.4988717329309968,,,1.9143505182443716,,,,,,1.963344186074572,,1.3659324531939128,1.5508476852027113,"rgba(38, 166, 154, 1.0)"
2025-12-11 00:00:00+00:00,2.05,2.09,2.02,2.04,3192406,0.0,0.0,0.0,0.0,0.0,0.0,0.0,0.0,,,,1.9266572547367218,1.8541060446797277,1.6859692416636098,1.6601057213842203,1.5864275577610392,1.369887894863068,,,,,,1.4586067771487425,1.4996152502433733,,,1.9191289630637316,,,,,,1.9717402773598869,,1.369887894863068,1.5515055952912027,"rgba(38, 166, 154, 1.0)"
2025-12-12 00:00:00+00:00,2.04,2.08,2.03,2.05,1153909,0.0,0.0,0.0,0.0,0.0,0.0,0.0,0.0,,,,1.9289526722358181,1.8556409044442184,1.6877384609209627,1.661868908865821,1.5882025217456486,1.371299510644913,,,,,,1.4588992713363986,1.4998818925107469,,,1.9207353811439007,,,,,,1.9742934143493205,,1.371299510644913,1.5517413992707918,"rgba(38, 166, 154, 1.0)"
2025-12-15 00:00:00+00:00,2.0,2.07,1.96,2.05,1428155,0.0,0.0,0.0,0.0,0.0,0.0,0.0,0.0,,,,1.9307774117996628,1.8571233968406657,1.6896653260267502,1.663806554066972,1.5901919417891048,1.3729360363216685,,,,,,1.459236411041253,1.500187579389729,,,1.9220712072734252,,,,,,1.9756792028820822,,1.3729360363216685,1.5520095327631924,"rgba(38, 166, 154, 0.75)"
2025-12-16 00:00:00+00:00,1.99,1.995,1.96,1.99,1777325,0.0,0.0,0.0,0.0,0.0,0.0,0.0,0.0,,,,1.9321644186782607,1.858594394471198,1.6918220747108068,1.6659931128152925,1.5924763621789384,1.3748709410802908,,,,,,1.4596338479797824,1.5005463783981043,,,1.9231607933645016,,,,,,1.9759550686295064,,1.3748709410802908,1.5523221679441814,"rgba(38, 166, 154, 0.5)"
2025-12-17 00:00:00+00:00,2.01,2.06,1.97,1.97,3374947,0.0,0.0,0.0,0.0,0.0,0.0,0.0,0.0,,,,1.9361585999250428,1.86198876047222,1.696269023844922,1.670471731368057,1.59708869943276,1.3787014495934784,,,,,,1.460432554477276,1.501270975786206,,,1.9261863200890685,,,,,,1.9789621773278112,,1.3787014495934784,1.5529582713463423,"rgba(38, 166, 154, 0.5)"
2025-12-18 00:00:00+00:00,2.06,2.08,2.02,2.05,1455202,0.0,0.0,0.0,0.0,0.0,0.0,0.0,0.0,,,,1.9385931016013556,1.8637816070407274,1.698385855865088,1.6725885288529647,1.5992345191114457,1.3804421429802893,,,,,,1.4608010917436511,1.501607130907078,,,1.9279995429675116,,,,,,1.9814555155843447,,1.3804421429802893,1.5532557870920956,"rgba(38, 166, 154, 0.5)"
2025-12-19 00:00:00+00:00,2.04,2.11,2.04,2.09,4095321,0.0,0.0,0.0,0.0,0.0,0.0,0.0,0.0,,,,1.9454838808684465,1.8689083749317754,1.704374781545582,1.6785752620386911,1.6052971331768544,1.385365138075259,,,,,,1.461853260250572,1.502568073319694,,,1.933221421335127,,,,,,1.9885146491627284,,1.385365138075259,1.5541078841460219,"rgba(38, 166, 154, 0.5)"
2025-12-22 00:00:00+00:00,2.16,2.165,2.037,2.04,4244707,0.0,0.0,0.0,0.0,0.0,0.0,0.0,0.0,,,,1.9549709660647785,1.8754384529542,1.7113370615151784,1.6854860254912924,1.612181867840714,1.3908185730619045,,,,,,1.4630435203284005,1.5036620821806086,,,1.9404295815397041,,,,,,1.9993550948971044,,1.3908185730619045,1.555087162803011,"rgba(38, 166, 154, 1.0)"
2025-12-23 00:00:00+00:00,2.24,2.25,2.15,2.15,4167444,0.0,0.0,0.0,0.0,0.0,0.0,0.0,0.0,,,,1.9680144727876738,1.8838295180461722,1.719446725193687,1.6934646797030304,1.6199643009787188,1.3967644994270254,,,,,,1.4643720182541324,1.5048931679617512,,,1.950358154157943,,,,,,2.0153037977382198,,1.3967644994270254,1.5562023180544335,"rgba(38, 166, 154, 1.0)"
2025-12-24 00:00:00+00:00,2.25,2.25,2.23,2.25,814629,0.0,0.0,0.0,0.0,0.0,0.0,0.0,0.0,,,,1.970704931321707,1.8855662227705943,1.721095876350007,1.6950845829535568,1.6215378097672335,1.397959078597111,,,,,,1.4646415360984573,1.5051434843394915,,,1.9524269642868315,,,,,,2.0185783741962595,,1.397959078597111,1.5564297926185202,"rgba(38, 166, 154, 1.0)"
2025-12-26 00:00:00+00:00,2.25,2.255,2.21,2.24,1406051,0.0,0.0,0.0,0.0,0.0,0.0,0.0,0.0,,,,1.9751440800777147,1.8884832845560198,1.7238910003093477,1.6978329033769148,1.624213392323882,1.4000008642869604,,,,,,1.465103301675458,1.5055722081289395,,,1.9558696206566302,,,,,,2.0238934659912435,,1.4000008642869604,1.5568192046454028,"rgba(38, 166, 154, 1.0)"
2025-12-29 00:00:00+00:00,2.15,2.24,2.14,2.24,1088279,0.0,0.0,0.0,0.0,0.0,0.0,0.0,0.0,,,,1.977698488260252,1.8903159994725818,1.7257769089507127,1.6997005526803561,1.6260620485921036,1.401458653877834,,,,,,1.465431854906707,1.5058757981249205,,,1.9579084152073116,,,,,,2.026700860885034,,1.401458653877834,1.5570930582743647,"rgba(38, 166, 154, 0.75)"
2025-12-30 00:00:00+00:00,2.15,2.16,2.025,2.15,3744911,0.0,0.0,0.0,0.0,0.0,0.0,0.0,0.0,,,,1.983297712034094,1.8950563063457002,1.7312297331548065,1.7051566618988407,1.63159010380683,1.4060164134892046,,,,,,1.46645702107566,1.5068173673117342,,,1.962643579091772,,,,,,2.0317541307606386,,1.4060164134892046,1.5579349075800972,"rgba(38, 166, 154, 0.75)"
2025-12-31 00:00:00+00:00,2.21,2.22,2.12,2.16,2085295,0.0,0.0,0.0,0.0,0.0,0.0,0.0,0.0,,,,1.9878472574230648,1.898453446086826,1.7347592755226982,1.7086572812008574,1.6350655318926535,1.4087842522810556,,,,,,1.4670897106611873,1.5074023699938361,,,1.966364243090207,,,,,,2.036613101870522,,1.4087842522810556,1.5584630985825028,"rgba(38, 166, 154, 0.75)"
2026-01-02 00:00:00+00:00,2.12,2.2622,2.11,2.24,1774605,0.0,0.0,0.0,0.0,0.0,0.0,0.0,0.0,,,,1.9911932356694955,1.9010907101672827,1.737592670946404,1.711476932455084,1.6378861239414746,1.4110660241226654,,,,,,1.4676127965574481,1.5078852485653695,,,1.969160633236029,2.1640666666666664,,,,,2.0399976617105255,,1.4110660241226654,1.558898054064689,"rgba(38, 166, 154, 0.5)"
2026-01-05 00:00:00+00:00,2.12,2.16,2.1,2.14,1317164,0.0,0.0,0.0,0.0,0.0,0.0,0.0,0.0,,,,1.9930759473282083,1.9027409461925837,1.73948931971613,1.7133762035336653,1.6398128519132849,1.4126670522882048,,,,,,1.4679797169096276,1.5082227945697175,,,,2.1481334149910074,,,,,2.041672895638645,,1.4126670522882048,1.5592005603915724,"rgba(38, 166, 154, 0.5)"
2026-01-06 00:00:00+00:00,2.15,2.17,2.1,2.12,2273815,0.0,0.0,0.0,0.0,0.0,0.0,0.0,0.0,,,,1.9965181924730022,1.9056999189706185,1.7428316137647397,1.716718804986899,1.6431935701471188,1.4154654062763525,,,,,,1.468624971860485,1.5088171772611074,,,,2.1446866548605583,,,,,2.044847906903584,,1.4154654062763525,1.559734270316384,"rgba(38, 166, 154, 0.5)"
2026-01-07 00:00:00+00:00,2.09,2.16,2.035,2.15,2929894,0.0,0.0,0.0,0.0,0.0,0.0,0.0,0.0,,,,1.9994041163419591,1.9086938524210164,1.7465781737289716,1.7204996470341534,1.647094424160221,1.4188176071064995,,,,,,1.4693989758451587,1.5095269280893215,,,,2.1271377406260776,,,,,2.0468512432906416,,1.4188176071064995,1.5603673106493126,"rgba(38, 166, 154, 0.5)"
2026-01-08 00:00:00+00:00,2.08,2.11,2.07,2.08,1304147,0.0,0.0,0.0,0.0,0.0,0.0,0.0,0.0,,,,2.0005276942311028,1.9099380030811517,1.7481810396344393,1.7221214564463003,1.6487772778129675,1.4202808581300963,,,,,,1.4697383026263344,1.5098378092733733,,,,2.121639585261577,,,,,2.047546806729189,,1.4202808581300963,1.5606442220625214,#000000
2026-01-09 00:00:00+00:00,2.06,2.1034,2.06,2.09,760198,0.0,0.0,0.0,0.0,0.0,0.0,0.0,0.0,,,,2.001078503797957,1.910605723921988,1.749074986844816,1.723028794922114,1.6497251308336136,1.4211152835168313,,,,,,1.4699320188367588,1.5100150405490613,,,,2.1181780629585405,,,,,2.0478181744735324,,1.4211152835168313,1.560801761064004,#000000
2026-01-12 00:00:00+00:00,2.05,2.08,2.01,2.05,1214100,0.0,0.0,0.0,0.0,0.0,0.0,0.0,0.0,,,,2.001614511916541,1.9114819350031478,1.7503714682138094,1.7243543737582965,1.6511316990315907,1.4223870088134976,,,,,,1.4702269273264357,1.5102839337481426,,,,2.1106765454317724,,,,,2.0477999294762954,,1.4223870088134976,1.5610395576833134,"rgba(239, 83, 80, 1.0)"
2026-01-13 00:00:00+00:00,2.06,2.105,2.05,2.05,1065215,0.0,0.0,0.0,0.0,0.0,0.0,0.0,0.0,,,,2.002329776057716,1.9123819138165754,1.7515948885411246,1.725598004113233,1.6524350790546438,1.4235430438235477,,,,,,1.4704966337997336,1.510530616255295,,,,2.1073888284997495,,,,,2.0481271624367294,,1.4235430438235477,1.5612587323609592,"rgba(239, 83, 80, 1.0)"
2026-01-14 00:00:00+00:00,2.0,2.08,1.96,2.08,5026873,0.0,0.0,0.0,0.0,0.0,0.0,0.0,0.0,,,,2.0028356019431026,1.91498938459354,1.7562151325964785,1.7303793223781907,1.6576375339441776,1.4284573657948214,,,,,,1.4716429673455311,1.5115711062477095,,,,2.080625286398837,,,,,2.046012707832253,,1.4284573657948214,1.5621725898021164,"rgba(239, 83, 80, 1.0)"
2026-01-15 00:00:00+00:00,2.09,2.1,1.993,2.01,1527974,0.0,0.0,0.0,0.0,0.0,0.0,0.0,0.0,,,,2.003637126607173,1.9161267844534857,1.7578417478662427,1.7320408763419346,1.6593972325493378,1.4300553603489794,,,,,,1.4720210263986246,1.51191648589936,,,,2.0790629778235212,,,,,2.046284532124358,,1.4300553603489794,1.5624789059806758,"rgba(239, 83, 80, 1.0)"
2026-01-16 00:00:00+00:00,2.14,2.17,2.07,2.09,1653497,0.0,0.0,0.0,0.0,0.0,0.0,0.0,0.0,,,,2.00544483322551,1.9178867529729724,1.7599596122945647,1.7341754044537783,1.661592827201217,1.4319545913331786,,,,,,1.472475149429136,1.5123343894233112,,,,2.082838616372631,,,,,2.0478318187551783,,1.4319545913331786,1.5628535702108677,#000000
2026-01-20 00:00:00+00:00,2.11,2.15,2.065,2.09,1060887,0.0,0.0,0.0,0.0,0.0,0.0,0.0,0.0,,,,2.0064057285555696,1.918902735805506,1.7612383807515934,1.7354693991852903,1.6629355875930658,1.433135683817384,,,,,,1.4727580279539745,1.5125942253475786,,,,2.0840731680543327,,,,,2.0485699139745033,,1.433135683817384,1.56308588557328,#000000
2026-01-21 00:00:00+00:00,2.08,2.135,2.05,2.12,2669673,0.0,0.0,0.0,0.0,0.0,0.0,0.0,0.0,,,,2.008286949922763,1.9211471474961814,1.7642321347208214,1.7385138606239363,1.6661289986132295,1.4360021776980552,,,,,,1.4734464010974884,1.5132251713280522,,,,2.0845359082604435,,,,,2.0497542818863637,,1.4360021776980552,1.563648210037903,#000000
2026-01-22 00:00:00+00:00,2.11,2.13,2.07,2.1,1581681,0.0,0.0,0.0,0.0,0.0,0.0,0.0,0.0,,,,2.009562618042228,1.9225658515711201,1.7660610087734288,1.7403692186352366,1.668064875171681,1.4377274461116485,,,,,,1.4738634418729066,1.5136080639635303,,,,2.0856724466743524,,,,,2.0506833803148847,,1.4377274461116485,1.563990306768746,#000000
2026-01-23 00:00:00+00:00,2.05,2.13,2.04,2.1,1112319,0.0,0.0,0.0,0.0,0.0,0.0,0.0,0.0,,,,2.010158903060541,1.9233870019076338,1.7672220410206922,1.74155582619319,1.6693229202951563,1.4388809651078036,,,,,,1.4741424337684796,1.513863353278431,,,,2.085169182921225,,,,,2.05095626573754,,1.4388809651078036,1.564217259672633,#000000
2026-01-26 00:00:00+00:00,1.98,2.07,1.98,2.06,2160692,0.0,0.0,0.0,0.0,0.0,0.0,0.0,0.0,,,,2.0101560683356525,1.9242937589774776,1.7689909993663384,1.7434013984607089,1.6713648881887355,1.4408872778993735,,,,,,1.4746264329703775,1.5143025286077756,,,,2.0796509238228884,,,,,2.050019674497874,,1.4408872778993735,1.5646027703393646,"rgba(239, 83, 80, 1.0)"
2026-01-27 00:00:00+00:00,2.03,2.04,1.9537,2.03,1301868,1.0,2.04,1.9537,0.0,0.0,0.0,0.0,0.0,,,2.0079,2.010132076590712,1.924817829581525,1.7700352686214949,1.7444925353516065,1.6725758901931975,1.4420849022751956,,,,,,1.4749164898289921,1.5145656475258398,,,,2.0766116708110727,,,,,2.049447213726514,2.0079,1.4420849022751956,1.5648336342354712,"rgba(239, 83, 80, 1.0)"
2026-01-28 00:00:00+00:00,2.24,2.28,2.03,2.04,4829523,0.0,0.0,0.0,0.0,0.0,0.0,0.0,0.0,,,2.1460838669724374,2.0167055409502055,1.9306926114057033,1.7766299684483888,1.7511071450402858,1.6793042217946414,1.4478477780476506,,,,,,1.476343029409369,1.5158855253922667,,,,2.091104216986453,,,,,,2.1460838669724374,1.4478477780476506,1.5660262472716042,#000000
2026-01-29 00:00:00+00:00,2.24,2.295,2.22,2.24,2626131,0.0,0.0,0.0,0.0,0.0,0.0,0.0,0.0,,,2.1777451363753357,2.0214564853532275,1.9346105126386093,1.7807161633141466,1.7551764484350398,1.6833749876934903,1.4512316482702634,,,,,,1.4771910664756664,1.5166743009448984,,,,2.1021452015386686,,,,,,2.1777451363753357,1.4512316482702634,1.5667443945118744,"rgba(38, 166, 154, 0.5)"
2026-01-30 00:00:00+00:00,2.09,2.2799,2.055,2.21,5092298,0.0,0.0,0.0,0.0,0.0,0.0,0.0,0.0,,,2.1644675585868023,2.025990672424646,1.9393972502697745,1.7866374039309045,1.7611739458899405,1.6896089515887625,1.4568218049255768,,,,,,1.4785973288175647,1.5179707394165713,,,,2.1067910765154942,,,,,,2.1644675585868023,1.4568218049255768,1.5679096396350631,"rgba(38, 166, 154, 0.5)"
2026-02-02 00:00:00+00:00,2.19,2.2699,2.08,2.08,2903130,0.0,0.0,0.0,0.0,0.0,0.0,0.0,0.0,,,2.167153409475147,2.0292328879776256,1.9425271261725003,1.7902821808750184,1.7648467290545435,1.6933826260555374,1.460144572636503,,,,,,1.4794425781619938,1.5187527183271032,,,,2.1113907323533416,,,,,,2.167153409475147,1.460144572636503,1.5686160813673031,"rgba(38, 166, 154, 0.5)"
2026-02-03 00:00:00+00:00,2.16,2.2367,2.1,2.21,1927789,0.0,0.0,0.0,0.0,0.0,0.0,0.0,0.0,,,2.166989662991027,2.0311128753613787,1.944437532218917,1.7925772943817615,1.767166837698597,1.695783348902657,1.462290394451246,,,,,,1.479991216735381,1.5192596758717625,,,,2.1135614293270137,,,,,,2.166989662991027,1.462290394451246,1.569073257050167,"rgba(38, 166, 154, 0.5)"
2026-02-04 00:00:00+00:00,2.14,2.19,2.085,2.18,1541491,0.0,0.0,0.0,0.0,0.0,0.0,0.0,0.0,,,2.1648052612578668,2.032282235078248,1.9457564854368088,1.7942598763261768,1.7688772926415621,1.6975752437018323,1.4639307776078627,,,,,,1.480411884479232,1.5196474188467757,,,,2.1143304494612063,,,,,,2.1648052612578668,1.4639307776078627,1.5694216513871366,"rgba(38, 166, 154, 0.5)"
2026-02-05 00:00:00+00:00,2.07,2.14,2.055,2.11,2503474,0.0,0.0,0.0,0.0,0.0,0.0,0.0,0.0,,,2.156381078522364,2.033257745037608,1.9473143888862323,1.7965658030433451,1.771250402413795,1.7001280257661844,1.466381700928859,,,,,,1.4810420964947575,1.520225294822854,,,,2.113082653192823,,,,,,2.156381078522364,1.466381700928859,1.5699369090385353,#000000
2026-02-06 00:00:00+00:00,2.17,2.19,2.055,2.1,2415464,1.0,2.19,2.055,0.0,0.0,0.0,0.0,0.0,,2.138333333333333,2.1546471225349064,2.0349930456936285,1.9493072214673919,1.7991320863456561,1.7738627244807346,1.7028728340272907,1.4689169397695638,,,,,,1.4816988771678967,1.5208307171793396,,,,2.1142002589827644,,,,,,2.1546471225349064,1.4689169397695638,1.5704809404123916,#000000
2026-02-09 00:00:00+00:00,2.19,2.24,2.16,2.17,2186215,0.0,0.0,0.0,0.0,0.0,0.0,0.0,0.0,,2.1660469588020663,2.158008723522239,2.037374053602136,1.9516210628824229,1.8018155730257202,1.776568585751626,1.7056565002749486,1.4713936470961109,,,,,,1.4823449012477374,1.521429325589469,,,,2.1173765966473725,,,,,,2.158008723522239,1.4713936470961109,1.5710229313307362,"rgba(38, 166, 154, 0.5)"
2026-02-10 00:00:00+00:00,2.36,2.38,2.36,2.37,64356703,0.0,0.0,0.0,0.0,0.0,0.0,0.0,0.0,,2.3532790628701235,2.3044740247691404,2.1369597016336854,2.041233424417709,1.895451894750914,1.870115854565781,1.7997373692807717,1.5529174002152093,,,,,,1.505257411922172,1.5429077572783934,,,,2.2498395113530334,,,,,,2.3044740247691404,1.5529174002152093,1.59079178360082,"rgba(38, 166, 154, 0.5)"
2026-02-11 00:00:00+00:00,2.37,2.39,2.36,2.37,14763707,0.0,0.0,0.0,0.0,0.0,0.0,0.0,0.0,,2.3568154697700705,2.314024421514936,2.1522947280202476,2.056906252834652,1.9129593402772234,1.887774225896812,1.8178736146027261,1.5697048838410146,,,,,,1.5103865925043467,1.5477206025898955,,,,2.2632573766224793,,,,,,2.314024421514936,1.5697048838410146,1.595226883983173,"rgba(38, 166, 154, 1.0)"
2026-02-12 00:00:00+00:00,2.38,2.39,2.37,2.39,10953887,0.0,0.0,0.0,0.0,0.0,0.0,0.0,0.0,,2.3594978896934387,2.320180117340456,2.1627519017217223,2.0678365875409015,1.9253183282135404,1.9002644342518609,1.8307584106594494,1.581822682621058,,,,,,1.5141822725086589,1.5512841265504282,,,,2.27196640790285,,,,,,2.320180117340456,1.581822682621058,1.598513058414115,"rgba(38, 166, 154, 1.0)"
2026-02-13 00:00:00+00:00,2.39,2.39,2.37,2.38,8977031,0.0,0.0,0.0,0.0,0.0,0.0,0.0,0.0,,2.361562195618052,2.3246660657508476,2.1707526304121343,2.076347720950233,1.9350403069910729,1.910105454443322,1.8409470627809863,1.5915269771151441,,,,,,1.5172802079759373,1.5541935221390244,,,,2.2783827808590487,,,,,,2.3246660657508476,1.5915269771151441,1.6011971254296362,"rgba(38, 166, 154, 1.0)"
2026-02-17 00:00:00+00:00,2.38,2.39,2.38,2.38,5861320,0.0,0.0,0.0,0.0,0.0,0.0,0.0,0.0,,2.3627274094161823,2.3272663950628285,2.1756705560529386,2.0816613375854143,1.9411683529438517,1.916317369082638,1.8473991426435166,1.5977373351673683,,,,,,1.5192910354618114,1.5560821824441013,,,,2.2821876812838577,,,,,,2.3272663950628285,1.5977373351673683,1.602939732805576,"rgba(38, 166, 154, 1.0)"
2026-02-18 00:00:00+00:00,2.39,2.41,2.38,2.38,16546708,0.0,0.0,0.0,0.0,0.0,0.0,0.0,0.0,,2.3667447275837454,2.3346137591045664,2.1890144561830707,2.096181350393123,1.9579691132181902,1.9333625484665289,1.8651370569503487,1.6149716986422988,,,,,,1.5249827296905978,1.5614316952845173,,,,2.292506950098732,,,,,,2.3346137591045664,1.6149716986422988,1.6078800370307278,"rgba(38, 166, 154, 1.0)"
2026-02-19 00:00:00+00:00,2.41,2.42,2.39,2.4,13384737,0.0,0.0,0.0,0.0,0.0,0.0,0.0,0.0,,2.3705766448049785,2.340560607721792,2.1992979365638075,2.107457037662539,1.9710616301094332,1.9466588874154287,1.8790051242349102,1.628605428271261,,,,,,1.5296026940098317,1.565777751581221,,,,2.3004817111034948,,,,,,2.340560607721792,1.628605428271261,1.6118983988296696,"rgba(38, 166, 154, 1.0)"
2026-02-20 00:00:00+00:00,2.4,2.43,2.39,2.4,7413690,0.0,0.0,0.0,0.0,0.0,0.0,0.0,0.0,,2.3723985242435384,2.343450541079165,2.2045863527959297,2.113357048920919,1.9779898869796884,1.9537070491262238,1.8863851304280386,1.6359568655254655,,,,,,1.5321408767959146,1.5681658156709217,,,,2.3044372464759872,2.4066666666666667,,,,,2.343450541079165,1.6359568655254655,1.614106784473526,"rgba(38, 166, 154, 1.0)"
2026-02-23 00:00:00+00:00,2.38,2.43,2.38,2.42,7693982,0.0,0.0,0.0,0.0,0.0,0.0,0.0,0.0,,2.3736066412944723,2.3457601410349365,2.209538996831779,2.1190384778493976,1.9847884427356977,1.9606403512973425,1.8936859126671797,1.6433436673075377,,,,,,1.534729589940279,1.5706004791444936,,,,,2.4015739018780216,,,,,2.3457601410349365,1.6433436673075377,1.6163569690535513,"rgba(38, 166, 154, 1.0)"
2026-02-24 00:00:00+00:00,2.37,2.4,2.361,2.39,9460772,0.0,0.0,0.0,0.0,0.0,0.0,0.0,0.0,,2.373802379162873,2.3473428405615326,2.2146852098960523,2.1252464153171613,1.9924664312387834,1.9685024920506544,1.9020417577508315,1.6520003330965127,,,,,,1.5378194357152035,1.5735038678448472,,,,,2.39211102816822,,,,,2.3473428405615326,1.6520003330965127,1.6190369026694313,"rgba(38, 166, 154, 1.0)"
2026-02-25 00:00:00+00:00,2.4,2.4,2.38,2.39,6822216,0.0,0.0,0.0,0.0,0.0,0.0,0.0,0.0,,2.3745823321651516,2.3489638036389167,2.2185582542545577,2.1298193495833058,1.9980464842628642,1.9742095641801949,1.9080912410443678,1.6582548044407575,,,,,,1.5400766036426434,1.5756268739297772,,,,,2.392376675015222,,,,,2.3489638036389167,1.6582548044407575,1.6209991209094101,"rgba(38, 166, 154, 1.0)"
2026-02-26 00:00:00+00:00,2.38,2.41,2.38,2.4,4531510,0.0,0.0,0.0,0.0,0.0,0.0,0.0,0.0,,2.374980724911132,2.3499025310434907,2.220992019593113,2.1327342172387196,2.0016372999588365,1.9778868826173956,1.9120007628983144,1.6623326207399423,,,,,,1.541563475820044,1.5770252444279151,,,,,2.3920768622088624,,,,,2.3499025310434907,1.6623326207399423,1.6222913929198082,"rgba(38, 166, 154, 0.75)"
2026-02-27 00:00:00+00:00,2.4,2.4,2.38,2.38,5353306,0.0,0.0,0.0,0.0,0.0,0.0,0.0,0.0,,2.3755243639677976,2.351045327100141,2.223834567466897,2.1361381873656007,2.00583113980691,1.9821826121187442,1.9165699698229994,1.6671135791087508,,,,,,1.5433201799515133,1.5786777843702582,,,,,2.3922398227622295,,,,,2.351045327100141,1.6671135791087508,1.6238190395943461,"rgba(38, 166, 154, 0.75)"
2026-03-02 00:00:00+00:00,2.39,2.4,2.38,2.39,5032898,0.0,0.0,0.0,0.0,0.0,0.0,0.0,0.0,,2.3759165727082436,2.3519857292317057,2.226371870935821,2.1392178663875514,2.0096596615415905,1.986108900690776,1.920757796524608,1.6715313283146245,,,,,,1.5449586946935019,1.580218993281961,,,,,2.39199639379838,,,,,2.3519857292317057,1.6715313283146245,1.6252435450879554,"rgba(38, 166, 154, 0.75)"
2026-03-03 00:00:00+00:00,2.39,2.4,2.38,2.38,8165075,0.0,0.0,0.0,0.0,0.0,0.0,0.0,0.0,,2.376509563127147,2.35341843933047,2.230327396422714,2.14405827846843,2.0157110908696003,1.9923203352049532,1.9273965089259302,1.6785846914957376,,,,,,1.5476034759596557,1.5827069419237414,,,,,2.391697152509412,,,,,2.35341843933047,1.6785846914957376,1.627543344624073,"rgba(38, 166, 154, 0.75)"
2026-03-04 00:00:00+00:00,2.39,2.4099,2.38,2.4,16677897,0.0,0.0,0.0,0.0,0.0,0.0,0.0,0.0,,2.377839254527532,2.356269170156302,2.237995893745143,2.1535118218265055,2.02759601407994,2.0045326644815424,1.9404820455380425,1.69263481235277,,,,,,1.5529755247012484,1.5877621713911059,,,,,2.3920728604454884,,,,,2.356269170156302,1.69263481235277,1.6322183187190265,"rgba(38, 166, 154, 0.75)"
2026-03-05 00:00:00+00:00,2.39,2.4,2.38,2.39,7352315,0.0,0.0,0.0,0.0,0.0,0.0,0.0,0.0,,2.378249485607823,2.357299603500243,2.2410848890914403,2.157401059011106,2.0325558596091424,2.0096395291769475,1.9459797472173785,1.6986264091519072,,,,,,1.5553129186153742,1.5899617099758983,,,,,2.3918787252580063,,,,,2.357299603500243,1.6986264091519072,1.6342523052744051,"rgba(38, 166, 154, 0.75)"
2026-03-06 00:00:00+00:00,2.37,2.385,2.36,2.37,11535265,0.0,0.0,0.0,0.0,0.0,0.0,0.0,0.0,,2.377918593998949,2.357956705188287,2.2451196455978875,2.162790543936101,2.039684286343113,2.0170113823274516,1.953994192220199,1.707578236569651,,,,,,1.5588739599935888,1.5933099040363283,,,,,2.389289273535241,,,,,2.357956705188287,1.707578236569651,1.6373446932082916,"rgba(38, 166, 154, 0.75)"
2026-03-09 00:00:00+00:00,2.37,2.38,2.36,2.37,13377343,0.0,0.0,0.0,0.0,0.0,0.0,0.0,0.0,,2.3774824214807344,2.3585633118129503,2.2494396245688515,2.1686635373700702,2.0475450262481614,2.0251547141014936,1.9628830231793308,1.7176405970565636,,,,,,1.5629565693112284,1.5971487963538942,,,,,2.386794122329373,,,,,2.3585633118129503,1.7176405970565636,1.6408905191321839,"rgba(38, 166, 154, 0.5)"
2026-03-10 00:00:00+00:00,2.37,2.38,2.37,2.37,7427563,0.0,0.0,0.0,0.0,0.0,0.0,0.0,0.0,,2.377359293659543,2.3589651400699725,2.2517744303698515,2.171834556343497,2.0517936208494763,2.029558157535735,1.9676954073368564,1.7231245609350443,,,,,,1.565214969677826,1.5992730649098186,,,,,2.3858921248389056,,,,,2.3589651400699725,1.7231245609350443,1.6428534384989344,"rgba(38, 166, 154, 0.5)"
2026-03-11 00:00:00+00:00,2.36,2.38,2.36,2.37,20159681,0.0,0.0,0.0,0.0,0.0,0.0,0.0,0.0,,2.3765622497730026,2.3594947224873946,2.2573651168901434,2.179696930559893,2.062557686942016,2.040745830448171,1.9800001786223986,1.737408898669732,,,,,,1.571231636739684,1.6049313630831687,,,,,2.3829335850642415,,,,,2.3594947224873946,1.737408898669732,1.6480803481481954,"rgba(38, 166, 154, 0.5)"
2026-03-12 00:00:00+00:00,2.37,2.38,2.36,2.37,17393333,0.0,0.0,0.0,0.0,0.0,0.0,0.0,0.0,,2.376165715735326,2.3600830690027683,2.2619033404686513,2.186099798393965,2.071365734759466,2.0499109886713414,1.9901087635743056,1.7492957550171995,,,,,,1.576372011220507,1.6097676621718673,,,,,2.3814176623342784,,,,,2.3600830690027683,1.7492957550171995,1.6525503638933732,"rgba(38, 166, 154, 0.5)"
2026-03-13 00:00:00+00:00,2.38,2.39,2.37,2.38,11448233,0.0,0.0,0.0,0.0,0.0,0.0,0.0,0.0,,2.37631238169422,2.360791149575524,2.2649543175683333,2.190300772026529,2.0770779241356148,2.0558499490202826,1.9966487743119254,1.7570010084504757,,,,,,1.579761614965657,1.6129591039043243,,,,,2.3813161282187485,,,,,2.360791149575524,1.7570010084504757,1.6555030169414098,"rgba(38, 166, 154, 0.5)"
2026-03-16 00:00:00+00:00,2.38,2.39,2.38,2.39,2792750,0.0,0.0,0.0,0.0,0.0,0.0,0.0,0.0,,2.376377290092509,2.3609849700194596,2.265695698173616,2.191315633018257,2.0784544343061193,2.057281016950573,1.9982246136600073,1.7588620977536242,,,,,,1.5805875872797315,1.6137370003046216,,,,,2.3813507668364573,,,,,2.3609849700194596,1.7588620977536242,1.6562229687435748,"rgba(38, 166, 154, 0.5)"
2026-03-17 00:00:00+00:00,2.39,2.39,2.38,2.38,4587583,0.0,0.0,0.0,0.0,0.0,0.0,0.0,0.0,,2.376531211854692,2.36134264466437,2.2669275386244685,2.1929882980551443,2.080713363803926,2.0596286010491878,2.0008076802579997,1.7619115656932973,,,,,,1.5819463314609898,1.6150169476150804,,,,,2.381496600722582,,,,,2.36134264466437,1.7619115656932973,1.657407937207757,"rgba(38, 166, 154, 1.0)"
2026-03-18 00:00:00+00:00,2.38,2.42,2.38,2.39,9685658,0.0,0.0,0.0,0.0,0.0,0.0,0.0,0.0,,2.377045629691486,2.3622564365220966,2.269587942252949,2.196545726756136,2.0854770810860845,2.0645755533088033,2.0062422815797225,1.7683211998741994,,,,,,1.584823666666618,1.6177286233108525,,,,,2.382144646907059,,,,,2.3622564365220966,1.7683211998741994,1.6599199051849005,"rgba(38, 166, 154, 1.0)"
2026-03-19 00:00:00+00:00,2.36,2.4,2.36,2.38,8651810,0.0,0.0,0.0,0.0,0.0,0.0,0.0,0.0,,2.3769468074522724,2.3625320354238064,2.2715023668137246,2.1993060053367546,2.089342630492949,2.0686106870016387,2.010726772472758,1.7737578998534287,,,,,,1.587313519913392,1.6200728768883592,,,,,2.38173382222655,,,,,2.3625320354238064,1.7737578998534287,1.6620884943311016,"rgba(38, 166, 154, 0.5)"
2026-03-20 00:00:00+00:00,2.39,2.39,2.36,2.37,8249164,0.0,0.0,0.0,0.0,0.0,0.0,0.0,0.0,,2.3770223834323114,2.3629368185006614,2.273378302741784,2.2019565195590247,2.093017099150138,2.072443066473988,2.0149784548371685,1.7789079943680512,,,,,,1.589692909579673,1.622314187517102,,,,,2.3816600260702407,,,,,2.3629368185006614,1.7789079943680512,1.664163183290164,"rgba(38, 166, 154, 0.5)"
2026-03-23 00:00:00+00:00,2.38,2.39,2.37,2.39,10920882,0.0,0.0,0.0,0.0,0.0,0.0,0.0,0.0,,2.3771168640011724,2.3634447028178927,2.275764257357066,2.2053481412845937,2.0977410856946057,2.0773738845780465,2.0204588188648533,1.7855929851040486,,,,,,1.5928210437505446,1.625261149869528,,,,,2.3815714768115344,,,,,2.3634447028178927,1.7855929851040486,1.6668914417307357,"rgba(38, 166, 154, 0.5)"
2026-03-24 00:00:00+00:00,2.4,2.4,2.38,2.38,4682252,0.0,0.0,0.0,0.0,0.0,0.0,0.0,0.0,,2.377334514030399,2.363821320488365,2.2768815318077404,2.20687103444685,2.0998126025908865,2.0795308683598708,2.0228436852645606,1.7884770770655767,,,,,,1.5941772264063059,1.6265398270892133,,,,,2.381834456681231,,,,,2.363821320488365,1.7884770770655767,1.6680765563111568,"rgba(38, 166, 154, 0.5)"
2026-03-25 00:00:00+00:00,2.38,2.4,2.37,2.4,10478801,-1.0,2.4,2.37,1209.0,-1.0,2.4,2.37,1209.0,,2.3775094471780274,2.364356470937159,2.2790983849682664,2.2100133602970975,2.1041906305265465,2.0841025772801878,2.0279308825626763,1.794728397237198,,,2.3833333333333333,,,1.597157982321744,1.6293489971019615,,,,,2.381905883967382,,,,,2.364356470937159,1.794728397237198,1.6706784857407773,"rgba(38, 166, 154, 0.5)"
2026-03-26 00:00:00+00:00,2.37,2.38,2.37,2.38,11953673,0.0,0.0,0.0,0.0,0.0,0.0,0.0,0.0,,2.3773749985288366,2.3646288091817373,2.281285085035819,2.213264941802532,2.10884952187382,2.088983810520183,2.0334031249072018,1.8015825886161387,,,2.3780045974123647,,,1.60048799481618,1.6324860302626392,,,,,2.381463897748538,,,,,2.3646288091817373,1.8015825886161387,1.673582286850783,#000000
2026-03-27 00:00:00+00:00,2.35,2.36,2.33,2.35,19423406,0.0,0.0,0.0,0.0,0.0,0.0,0.0,0.0,,2.375848418787335,2.363784953124344,2.2836607361885677,2.217445301824298,2.115355616419454,2.095861546533522,2.0412651621493945,1.811876525507863,,,2.363462092223761,,,1.6056537735211447,1.6373458708861157,,,,,2.3787740505677335,,,,,2.363784953124344,1.811876525507863,1.6780719296623308,#000000
2026-03-30 00:00:00+00:00,2.36,2.38,2.358,2.36,5386787,0.0,0.0,0.0,0.0,0.0,0.0,0.0,0.0,,2.37571448581622,2.363813442022126,2.284482191901779,2.2187252282751855,2.117242986036894,2.097846488802376,2.0435097994752907,1.8147636153312439,,,2.3637514740365244,,,1.6071108278242692,1.63871839812627,,,,,2.378505946198917,,,,,2.363813442022126,1.8147636153312439,1.6793421734170548,#000000
2026-03-31 00:00:00+00:00,2.37,2.37,2.36,2.37,9354028,0.0,0.0,0.0,0.0,0.0,0.0,0.0,0.0,,2.375505749947733,2.3638757731316327,2.2858817037101278,2.2209059882427113,2.1204623019199382,2.1012332604335504,2.0473426139028743,1.8197121184407303,,,2.3642332829740913,,,1.6096299553051534,1.641091687542355,,,,,2.3780896303743804,,,,,2.3638757731316327,1.8197121184407303,1.6815389426708394,#000000
2026-04-01 00:00:00+00:00,2.37,2.39,2.37,2.38,7892737,0.0,0.0,0.0,0.0,0.0,0.0,0.0,0.0,,2.375527917122944,2.364107281260393,2.287167682644673,2.2228195233380412,2.12322248066743,2.1041304521483046,2.050605727139874,1.823894141920966,,,2.365754980785069,,,1.611770488150209,1.643109649742145,,,,,2.3780486267625554,,,,,2.364107281260393,1.823894141920966,1.6834085334623956,#000000
2026-04-02 00:00:00+00:00,2.38,2.38,2.36,2.37,6096149,1.0,2.38,2.36,0.0,1.0,2.38,2.36,0.0,2.3733333333333335,2.3754960214967187,2.364234479179363,2.288100198739396,2.224234278973317,2.125286493172378,2.1062999247150285,2.0530568309917805,1.8270622708639295,,,2.366409487918881,,,1.6134084521482082,1.6446536617529903,,,,,2.3779459658575424,,,,,2.364234479179363,1.8270622708639295,1.6848387783434782,#000000
2026-04-06 00:00:00+00:00,2.38,2.38,2.37,2.37,5251116,0.0,0.0,0.0,0.0,0.0,0.0,0.0,0.0,2.374875883013807,2.375510495778895,2.364380387653929,2.288918207028615,2.2254585462376424,2.1270608076717683,2.1081638109756673,2.055160180159885,1.829778570802172,,,2.3671197197402556,,,1.614819891678066,1.6459844817485785,,,,,2.3779224156233854,,,,,2.364380387653929,1.829778570802172,1.6860719624769112,#000000
2026-04-07 00:00:00+00:00,2.37,2.38,2.37,2.38,6272823,0.0,0.0,0.0,0.0,0.0,0.0,0.0,0.0,2.374326729053037,2.375478806937979,2.3645041714696053,2.289839408613499,2.2268638094443562,2.129119922237446,2.1103297153741782,2.057611532025676,1.8329688284673449,,,2.3675944137618474,,,1.616491779671812,1.6475606861587937,,,,,2.377823670984816,,,,,2.3645041714696053,1.8329688284673449,1.6875322536127046,#000000
2026-04-08 00:00:00+00:00,2.38,2.39,2.37,2.38,7157888,0.0,0.0,0.0,0.0,0.0,0.0,0.0,0.0,2.37596562958438,2.3755526715782684,2.3647448494070122,2.290948323887404,2.228506588488623,2.131490906638468,2.1128199573944637,2.0604211162975354,1.8366081251469895,,,2.36858915303855,,,1.618407307789331,1.649367405480452,,,,,2.3778758264169437,,,,,2.3647448494070122,1.8366081251469895,1.6892071471850871,#000000
2026-04-09 00:00:00+00:00,2.37,2.38,2.37,2.38,4951283,0.0,0.0,0.0,0.0,0.0,0.0,0.0,0.0,2.3755272317192073,2.375527871134496,2.3648361407906697,2.2916433216764647,2.2295733618058557,2.1330616238789215,2.1144734644097487,2.0622961441979393,1.839066772439457,,,2.3688384642844738,,,1.6197151610741618,1.6506005944215534,,,,,2.3778017530968083,,,,,2.3648361407906697,1.839066772439457,1.6903498432268258,#000000
2026-04-10 00:00:00+00:00,2.37,2.395,2.37,2.38,3100084,0.0,0.0,0.0,0.0,0.0,0.0,0.0,0.0,2.375792212675918,2.3755473636573248,2.3649253750542516,2.2920988046351063,2.230256277130626,2.1340549828290216,2.115517902225195,2.0634774239915012,1.840609039586569,,,2.3691409227938465,,,1.6205371439283496,1.6513759058467976,,,,,2.3778071256464393,,,,,2.3649253750542516,1.840609039586569,1.691068587318114,#000000
2026-04-13 00:00:00+00:00,2.38,2.39,2.37,2.37,5520250,0.0,0.0,0.0,0.0,0.0,0.0,0.0,0.0,2.376397904579239,2.3756017795686177,2.365100778077402,2.2929135816814954,2.2314704455564547,2.1358159905350362,2.117369047229479,2.065570203929997,1.8433420354864636,,,2.3697238223394934,,,1.6219996383373798,1.652755559151681,,,,,2.3778458928256603,,,,,2.365100778077402,1.8433420354864636,1.6923478224511372,#000000
2026-04-14 00:00:00+00:00,2.38,2.39,2.38,2.39,5300260,0.0,0.0,0.0,0.0,0.0,0.0,0.0,0.0,2.3772400511864262,2.3756914496432007,2.3653022207667886,2.2937112047151,2.232643592523953,2.137506010392681,2.1191444509422888,2.067574733591903,1.8459563198738786,,,2.370390868979761,,,1.6234047113944723,1.6540813727536237,,,,,2.377937482977316,,,,,2.3653022207667886,1.8459563198738786,1.6935775479277266,#000000
2026-04-15 00:00:00+00:00,2.41,2.41,2.38,2.38,4115645,0.0,0.0,0.0,0.0,0.0,0.0,0.0,0.0,2.3792011292334894,2.3759084132483865,2.365597366422587,2.294434303989151,2.2336414913682727,2.1388903727804447,2.1205927299497564,2.0691951312582098,1.8480313348003712,,,2.3714764397608197,,,1.6245160270041776,1.6551310037454985,,,,,2.3782197643755985,,,,,2.365597366422587,1.8480313348003712,1.6945524134580572,"rgba(38, 166, 154, 0.5)"
2026-04-16 00:00:00+00:00,2.39,2.4,2.39,2.4,4964511,0.0,0.0,0.0,0.0,0.0,0.0,0.0,0.0,2.380531671064194,2.376094016867647,2.365879064040994,2.2952392960926122,2.2347818802431605,2.1404988146298263,2.1222787570114043,2.071089874055545,1.8504837573062158,,,,,,1.6258408424058395,1.6563819038494751,,,,,2.3784494751134546,,,,,2.365879064040994,1.8504837573062158,1.6957136949080762,"rgba(38, 166, 154, 0.5)"
2026-04-17 00:00:00+00:00,2.38,2.405,2.38,2.4,4450425,0.0,0.0,0.0,0.0,0.0,0.0,0.0,0.0,2.3811388842379193,2.3762097800825726,2.3660816585072877,2.2959136518469063,2.2357586176492084,2.1418953360589446,2.123745015094129,2.0727436165982227,1.8526434732711345,,,,,,1.6270168833459016,1.657492088644699,,,,,2.3785823333337683,,,,,2.3660816585072877,1.8526434732711345,1.6967440092387478,"rgba(38, 166, 154, 0.5)"
2026-04-20 00:00:00+00:00,2.39,2.39,2.38,2.38,4056321,0.0,0.0,0.0,0.0,0.0,0.0,0.0,0.0,2.3815050443969477,2.3762991556373203,2.366249559663256,2.29650890424916,2.2366284919312984,2.1431460339045363,2.125059092140481,2.0742280841537335,1.8545908061361664,,,,,,1.628083285522612,1.6584987314457091,,,,,2.378680180554356,,,,,2.366249559663256,1.8545908061361664,1.6976781616621015,"rgba(38, 166, 154, 0.5)"
2026-04-21 00:00:00+00:00,2.39,2.39,2.38,2.39,3016513,0.0,0.0,0.0,0.0,0.0,0.0,0.0,0.0,2.3817473682687496,2.3763646361498703,2.3663726555164293,2.2969465300385803,2.237268906287613,2.144067869305115,2.1260278304860587,2.0753229489631733,1.8560297717050793,,,,,,1.6288743842173674,1.6592455286362309,,,,,2.378751423428615,,,,,2.3663726555164293,1.8560297717050793,1.6983712125492232,"rgba(38, 166, 154, 0.5)"
2026-04-22 00:00:00+00:00,2.38,2.39,2.38,2.39,1769056,0.0,0.0,0.0,0.0,0.0,0.0,0.0,0.0,2.381789863910274,2.3763903531241795,2.3664324135006383,2.2971917461671185,2.237633621902914,2.1445978632976868,2.126585400630973,2.0759546418337247,1.8568647701550594,,,,,,1.6293355252914563,1.6596807774582745,,,,,2.3787752687153447,,,,,2.3664324135006383,1.8568647701550594,1.6987750438341953,"rgba(38, 166, 154, 0.5)"
2026-04-23 00:00:00+00:00,2.39,2.39,2.38,2.39,1919273,0.0,0.0,0.0,0.0,0.0,0.0,0.0,0.0,2.3819276280528605,2.3764313325129542,2.366509464479377,2.297466448733289,2.2380362580330684,2.145178203279213,2.1271954077017288,2.0766444504362793,1.857773402460246,,,,,,1.6298373953493273,1.6601545658290124,,,,,2.378819574449064,,,,,2.366509464479377,1.857773402460246,1.6992147584489323,"rgba(38, 166, 154, 0.5)"
2026-04-24 00:00:00+00:00,2.39,2.39,2.38,2.38,2478762,0.0,0.0,0.0,0.0,0.0,0.0,0.0,0.0,2.3820944398811332,2.376483776687865,2.3666081125692138,2.2978187439524067,2.238553058866941,2.145923613782143,2.127979016979776,2.0775308264184575,1.8589423092480832,,,,,,1.6304845825655532,1.6607655556181988,,,,,2.378876064903578,,,,,2.3666081125692138,1.8589423092480832,1.6997818235092232,"rgba(38, 166, 154, 0.5)"
2026-04-27 00:00:00+00:00,2.38,2.39,2.38,2.38,4044830,0.0,0.0,0.0,0.0,0.0,0.0,0.0,0.0,2.382161734592522,2.376540571291919,2.366740620317394,2.298366335268663,2.2393698917223537,2.147113433179804,2.1292312466382013,2.0789508978626903,1.8608266919254703,,,,,,1.6315336407998717,1.6617557935320943,,,,,2.378927817073584,,,,,2.366740620317394,1.8608266919254703,1.7007006702428478,#000000
2026-04-28 00:00:00+00:00,2.39,2.39,2.38,2.38,5202381,0.0,0.0,0.0,0.0,0.0,0.0,0.0,0.0,2.3824559116714616,2.3766474229916756,2.3669416172346156,2.2990876392629356,2.240431046794544,2.148647682813421,2.1308447889047932,2.0807778812134443,1.8632458637443226,,,,,,1.6328845916535666,1.6630312998836139,,,,,2.379041684754251,,,,,2.3669416172346156,1.8632458637443226,1.701884600414744,#000000
2026-04-29 00:00:00+00:00,2.4,2.4,2.38,2.39,11639972,0.0,0.0,0.0,0.0,0.0,0.0,0.0,0.0,2.383842575695079,2.3770322847365026,2.367524113201709,2.3007792535771334,2.242856566725199,2.1521044731279106,2.1344749348569594,2.0848754894754546,1.8686467232287094,,,,,,1.6359163939664847,1.6658951079696156,,,,,2.379497185449897,,,,,2.367524113201709,1.8686467232287094,1.7045444642300325,"rgba(38, 166, 154, 0.5)"
2026-04-30 00:00:00+00:00,2.4,2.4,2.39,2.39,4112242,0.0,0.0,0.0,0.0,0.0,0.0,0.0,0.0,2.3843952468843703,2.3771909837629255,2.3677495923429595,2.3013834566681735,2.2437137532792963,2.153319031506466,2.1357497368103586,2.0863129207121314,1.8705405138397204,,,,,,1.6369864056142671,1.6669061018363305,,,,,2.379688359016888,,,,,2.3677495923429595,1.8705405138397204,1.7054837962169367,"rgba(38, 166, 154, 0.5)"
2026-05-01 00:00:00+00:00,2.4,2.4,2.38,2.4,3972300,0.0,0.0,0.0,0.0,0.0,0.0,0.0,0.0,2.3847524660850583,2.3773160411932155,2.367939381951436,2.301939745630136,2.2445148973220204,2.1544649431488736,2.1369538584400787,2.0876741275208572,1.8723454946725504,,,,,,1.6380126272224294,1.6678755897095796,,,,,2.379833557011803,,,,,2.367939381951436,1.8723454946725504,1.7063843801039378,"rgba(38, 166, 154, 0.5)"
2026-05-04 00:00:00+00:00,2.39,2.4,2.39,2.39,3725835,0.0,0.0,0.0,0.0,0.0,0.0,0.0,0.0,2.3850625081789447,2.377431590952117,2.3681148543639066,2.302455436139492,2.245258575069,2.1555298553203204,2.138073082209645,2.0889399524484853,1.8740271927060652,,,,,,1.6389726482196754,1.6687825758643633,,,,,2.37996696532362,,,,,2.3681148543639066,1.8740271927060652,1.7072269457806053,"rgba(38, 166, 154, 0.5)"
2026-05-05 00:00:00+00:00,2.39,2.4,2.38,2.39,5607288,0.0,0.0,0.0,0.0,0.0,0.0,0.0,0.0,2.385317149576301,2.3775665803879726,2.368340104039486,2.3031925922079184,2.2463390039088824,2.157092527124159,2.139717429408348,2.090804700553234,1.8765216256457802,,,,,,1.6404065004553423,1.670137040309234,,,,,2.380113995462007,,,,,2.368340104039486,1.8765216256457802,1.708484955479508,"rgba(38, 166, 154, 0.5)"
2026-05-06 00:00:00+00:00,2.38,2.39,2.38,2.38,5819053,0.0,0.0,0.0,0.0,0.0,0.0,0.0,0.0,2.385216368167786,2.37763014807432,2.3684985551329403,2.303886824053431,2.2473920662643274,2.158646549267584,2.1413564794955438,2.0926730247089664,1.8790516091978258,,,,,,1.6418755435163674,1.6715243209668142,,,,,2.380162221880321,,,,,2.3684985551329403,1.8790516091978258,1.709772859976438,#000000
2026-05-07 00:00:00+00:00,2.39,2.39,2.38,2.38,4041733,0.0,0.0,0.0,0.0,0.0,0.0,0.0,0.0,2.3852657982830507,2.377698808908804,2.368630943227807,2.3043819159776757,2.248131716089235,2.159729248131256,2.142497498085839,2.093971443493146,1.880805561001655,,,,,,1.642897052572114,1.6724892085101517,,,,,2.380229202411673,,,,,2.368630943227807,1.880805561001655,1.7106689218643685,#000000
2026-05-08 00:00:00+00:00,2.39,2.4,2.38,2.38,7360527,0.0,0.0,0.0,0.0,0.0,0.0,0.0,0.0,2.3855424730142065,2.377866700192479,2.368910803001519,2.3053044095227557,2.249490657487764,2.161703376070591,2.144576403557394,2.09633340431734,1.88398964017082,,,,,,1.6447584797994428,1.6742478937939507,,,,,2.380409064900646,,,,,2.368910803001519,1.88398964017082,1.7123027053700524,#000000
2026-05-11 00:00:00+00:00,2.38,2.39,2.38,2.38,4075171,0.0,0.0,0.0,0.0,0.0,0.0,0.0,0.0,2.3854732336288915,2.3779076987383196,2.369014626545336,2.3057671178976333,2.250196730823016,2.1627503729900073,2.145681583747382,2.097595648943606,1.8857124436329833,,,,,,1.6457758953852875,1.6752088558194942,,,,,2.380438567544776,,,,,2.369014626545336,1.8857124436329833,1.7131950125837994,#000000
2026-05-12 00:00:00+00:00,2.39,2.4,2.38,2.38,5131011,0.0,0.0,0.0,0.0,0.0,0.0,0.0,0.0,2.3856450902599535,2.3780208170280774,2.3692031257671835,2.306391369921902,2.2511192056011513,2.1640940710157395,2.1470972686904406,2.099205939999766,1.8878936111578044,,,,,,1.6470644775085612,1.676426452650338,,,,,2.3805585013869646,,,,,2.3692031257671835,1.8878936111578044,1.714326282388962,#000000
2026-05-13 00:00:00+00:00,2.39,2.39,2.38,2.39,6774389,0.0,0.0,0.0,0.0,0.0,0.0,0.0,0.0,2.3856938516058217,2.3781262964532934,2.3694078042604483,2.3071692249032867,2.2522898599304155,2.165818161872654,2.148916127984478,2.10128094893093,1.890725706923521,,,,,,1.6487513493183126,1.67802020615777,,,,,2.3806580106056736,,,,,2.3694078042604483,1.890725706923521,1.7158067594011643,#000000
2026-05-14 00:00:00+00:00,2.39,2.4,2.38,2.39,4927287,0.0,0.0,0.0,0.0,0.0,0.0,0.0,0.0,2.3858383323444396,2.3782307317407185,2.369581862170671,2.3077489152656114,2.253149509352152,2.167074153116049,2.150240109803352,2.102788876340885,1.8927791939905116,,,,,,1.6499789741940953,1.6791803532243805,,,,,2.380767409725382,,,,,2.369581862170671,1.8927791939905116,1.7168848111020687,#000000
2026-05-15 00:00:00+00:00,2.39,2.39,2.38,2.39,4790991,0.0,0.0,0.0,0.0,0.0,0.0,0.0,0.0,2.385864502232178,2.3783022658863033,2.3697211341742377,2.308282313079653,2.2539550397323596,2.1682639197294593,2.151495893113129,2.1042232225442055,1.8947464682855206,,,,,,1.651163389121637,1.6802995162859113,,,,,2.3808338256302277,,,,,2.3697211341742377,1.8947464682855206,1.7179245669106746,#000000
2026-05-18 00:00:00+00:00,2.39,2.4,2.38,2.38,4821191,0.0,0.0,0.0,0.0,0.0,0.0,0.0,0.0,2.3859919289783065,2.378401239795769,2.3698861320626925,2.3088343621933682,2.254776010275311,2.1694663174923345,2.152763919152836,2.105668914939898,1.8967236935197678,,,,,,1.6523568158877335,1.6814274631024795,,,,,2.380936508803397,,,,,2.3698861320626925,1.8967236935197678,1.7189728222164997,#000000
2026-05-19 00:00:00+00:00,2.39,2.4,2.39,2.39,4915166,0.0,0.0,0.0,0.0,0.0,0.0,0.0,0.0,2.386215524437176,2.378528940540939,2.3700790275009407,2.309412346552887,2.255623227508513,2.1706971286823977,2.1540608265362122,2.107144909907923,1.8987367849368084,,,,,,1.653575022835008,1.6825791033318631,,,,,2.381076491259537,,,,,2.3700790275009407,1.8987367849368084,1.7200434413385053,#000000
2026-05-20 00:00:00+00:00,2.4,2.4,2.39,2.4,4479300,0.0,0.0,0.0,0.0,0.0,0.0,0.0,0.0,2.3864977715841853,2.378669207661912,2.3702768787544035,2.309952882727397,2.256404813612907,2.171823684263689,2.155246904752671,2.1084924009468313,1.9005694668244801,,,,,,1.6546867053216119,1.683630285301652,,,,,2.38123528737043,,,,,2.3702768787544035,1.9005694668244801,1.7210209797549725,"rgba(38, 166, 154, 0.5)"
2026-05-21 00:00:00+00:00,2.4,2.4,2.39,2.39,8347485,0.0,0.0,0.0,0.0,0.0,0.0,0.0,0.0,2.3869850307811116,2.3789248986587976,2.370637838804573,2.3109425435388395,2.257838476685299,2.1738934028075065,2.1574265786789653,2.1109703638351642,1.903949044944887,,,,,,1.6567495520290736,1.685581000444367,,,,,2.381522744267289,,,,,2.370637838804573,1.903949044944887,1.7228351737900949,"rgba(38, 166, 154, 1.0)"
2026-05-22 00:00:00+00:00,2.4,2.4,2.39,2.39,5276345,0.0,0.0,0.0,0.0,0.0,0.0,0.0,0.0,2.3872696433787146,2.379082803727389,2.370860947625123,2.3115565275659864,2.2587296575831783,2.1751821061299794,2.1587841379364168,2.112514791832026,1.9060615866540724,,,,,,1.6580475465608588,1.6868085280538736,,,,,2.3816989825022383,,,,,2.370860947625123,1.9060615866540724,1.7239768871751076,"rgba(38, 166, 154, 1.0)"
2026-05-26 00:00:00+00:00,2.39,2.4,2.39,2.39,6813775,0.0,0.0,0.0,0.0,0.0,0.0,0.0,0.0,2.3874914196676693,2.3792447316223084,2.3711069759031784,2.3123059735102163,2.2598363179775265,2.1767997013124902,2.160490387413595,2.1144615954847272,1.9087446754530222,,,,,,1.659709496079344,1.688380063849317,,,,,2.3818712408476204,,,,,2.3711069759031784,1.9087446754530222,1.7254382855329704,"rgba(38, 166, 154, 0.5)"
2026-05-27 00:00:00+00:00,2.4,2.4,2.39,2.39,4030767,0.0,0.0,0.0,0.0,0.0,0.0,0.0,0.0,2.3876857316510467,2.379361057799165,2.3712714462992577,2.3127608590158646,2.2604985843062457,2.177759922384176,2.16150238586267,2.115614208890273,1.91032884538648,,,,,,1.6606935604491697,1.6893108174360487,,,,,2.3819997038923666,,,,,2.3712714462992577,1.91032884538648,1.7263040920110997,"rgba(38, 166, 154, 0.75)"
2026-05-28 00:00:00+00:00,2.4,2.4,2.39,2.39,4448963,0.0,0.0,0.0,0.0,0.0,0.0,0.0,0.0,2.387890866592037,2.379487662592032,2.371450540536175,2.313257277563146,2.261222157956496,2.1788100765303264,2.162609358475244,2.116875524913324,1.9120654739982688,,,,,,1.6617766757490533,1.690335301677732,,,,,2.382138929720363,,,,,2.371450540536175,1.9120654739982688,1.7272571372362955,"rgba(38, 166, 154, 0.75)"
2026-05-29 00:00:00+00:00,2.41,2.42,2.39,2.4,6437670,0.0,0.0,0.0,0.0,0.0,0.0,0.0,0.0,2.3884915762087893,2.3797723664994694,2.3718062797531823,2.3140501699418334,2.2623319665737562,2.180380877307518,2.164260480363359,2.1187452613668007,1.9146079435413044,,,,,,1.6633595665088325,1.6918334058102051,,,,,2.382471269473009,,,,,2.3718062797531823,1.9146079435413044,1.72865193998084,"rgba(38, 166, 154, 1.0)"
2026-06-01 00:00:00+00:00,2.41,2.41,2.4,2.41,4215612,0.0,0.0,0.0,0.0,0.0,0.0,0.0,0.0,2.38886454275044,2.3799555908497836,2.372035361740435,2.31456213067465,2.2630495771097854,2.1813978108870544,2.1653296415741283,2.119956612732532,1.916258726642166,,,,,,1.6643924589440857,1.6928110264260599,,,,,2.3826840604023745,,,,,2.372035361740435,1.916258726642166,1.7295622068896734,"rgba(38, 166, 154, 1.0)"
2026-06-02 00:00:00+00:00,2.41,2.41,2.4,2.4,3885748,0.0,0.0,0.0,0.0,0.0,0.0,0.0,0.0,2.3891950196738945,2.380122280879257,2.3722438679132583,2.315029043837312,2.263704744737337,2.1823271092362173,2.1663068234587066,2.1210641852130934,1.9177705590777796,,,,,,1.6653419902156847,1.6937097846246019,,,,,2.3828769124747833,,,,,2.3722438679132583,1.9177705590777796,1.7303990849782904,"rgba(38, 166, 154, 1.0)"
2026-06-03 00:00:00+00:00,2.41,2.41,2.4,2.41,6185087,0.0,0.0,0.0,0.0,0.0,0.0,0.0,0.0,2.389696469391255,2.3803833583838685,2.372570625140762,2.3157625601582037,2.264735357929067,2.183790595453665,2.167846021493497,2.122809605889023,1.9201578648500668,,,,,,1.666848393094761,1.6951357121382609,,,,,2.383177565454671,,,,,2.372570625140762,1.9201578648500668,1.7317269156935542,"rgba(38, 166, 154, 1.0)"
2026-06-04 00:00:00+00:00,2.41,2.41,2.4,2.41,4123167,0.0,0.0,0.0,0.0,0.0,0.0,0.0,0.0,2.3900150613179374,2.3805545662412593,2.372785027004603,2.316245055716185,2.2654141809010544,2.184755638699894,2.1688611932973516,2.1239613532434083,1.9217364058520774,,,,,,1.667849210710078,1.6960831144641204,,,,,2.383373803650801,,,,,2.372785027004603,1.9217364058520774,1.7326091951781286,"rgba(38, 166, 154, 1.0)"
2026-06-05 00:00:00+00:00,2.4,2.41,2.4,2.4,4069738,0.0,0.0,0.0,0.0,0.0,0.0,0.0,0.0,2.390257363492388,2.3807000873625364,2.372973461347316,2.3166989301610714,2.2660622078158195,2.185685830585359,2.169840854931856,2.125075750555427,1.9232738372850189,,,,,,1.668829962717168,1.697011394200476,,,,,2.383537047335596,,,,,2.372973461347316,1.9232738372850189,1.7334734874804065,"rgba(38, 166, 154, 0.75)"
2026-06-08 00:00:00+00:00,2.4,2.41,2.4,2.41,4731259,0.0,0.0,0.0,0.0,0.0,0.0,0.0,0.0,2.390528197925062,2.380866942430097,2.3731896236165135,2.31722066919131,2.2668079558583245,2.1867573186432283,2.170969516213919,2.1263601649988715,1.9250488790880802,,,,,,1.669966849541907,1.6980875039792875,,,,,2.3837235007085855,,,,,2.3731896236165135,1.9250488790880802,1.7344754715499293,"rgba(38, 166, 154, 0.75)"
2026-06-09 00:00:00+00:00,2.4,2.41,2.39,2.41,53782352,0.0,0.0,0.0,0.0,0.0,0.0,0.0,0.0,2.392333299123462,2.3823463572328687,2.375197078790035,2.3225245083733976,2.2745548877825446,2.198058461749776,2.182898843059786,2.1400025508147458,1.944206632946586,,,,,,1.68258960513465,1.71003681507257,,,,,2.3852976186728325,,,,,2.375197078790035,1.944206632946586,1.7456025597684024,"rgba(38, 166, 154, 0.5)"
2026-06-10 00:00:00+00:00,2.41,2.41,2.39,2.39,5381578,0.0,0.0,0.0,0.0,0.0,0.0,0.0,0.0,2.3925391387714425,2.3825074878505395,2.375406315248256,2.3230392883214535,2.275300038673667,2.199141283366979,2.18404175939635,2.141309688511773,1.9460522803149949,,,,,,1.6838344395045481,1.7112158036330902,,,,,2.385470479648924,,,,,2.375406315248256,1.9460522803149949,1.7467010836987877,"rgba(38, 166, 154, 0.75)"
2026-06-11 00:00:00+00:00,2.4,2.41,2.4,2.41,5594275,0.0,0.0,0.0,0.0,0.0,0.0,0.0,0.0,2.392745103347718,2.382672384803948,2.375620547784277,2.3235675071404986,2.276065553640571,2.2002548576562733,2.18521735121278,2.142654802677485,1.947955209005449,,,,,,1.6851239235162792,1.712437146330393,,,,,2.3856466947320327,,,,,2.375620547784277,1.947955209005449,1.7478391416569523,"rgba(38, 166, 154, 0.5)"
2026-06-12 00:00:00+00:00,2.41,2.41,2.39,2.4,6476572,0.0,0.0,0.0,0.0,0.0,0.0,0.0,0.0,2.392973946400265,2.3828600564814035,2.375864498717469,2.3241704188164833,2.2769404463256366,2.201528983356714,2.1865627047750986,2.1441949130874214,1.9501385701447773,,,,,,1.686611016570379,1.7138457393563373,,,,,2.3858464080737365,,,,,2.375864498717469,1.9501385701447773,1.749151770243352,"rgba(38, 166, 154, 0.5)"
2026-06-15 00:00:00+00:00,2.4,2.4,2.39,2.39,11416914,0.0,0.0,0.0,0.0,0.0,0.0,0.0,0.0,2.3931094732603357,2.3830776470846646,2.376182366826725,2.3251236702867164,2.2783739468853375,2.2036635816786836,2.1888226092782608,2.1467972482485163,1.953880972903117,,,,,,1.6891932808810401,1.7162909993526199,,,,,2.386057583396524,,,,,2.376182366826725,1.953880972903117,1.7514294671899793,"rgba(38, 166, 154, 0.5)"
2026-06-16 00:00:00+00:00,2.41,2.41,2.39,2.39,5612954,0.0,0.0,0.0,0.0,0.0,0.0,0.0,0.0,2.3932906782970638,2.383233383722695,2.376384815991664,2.3256260090161422,2.279105205990046,2.2047316540689916,2.189950993674005,2.1480906886504054,1.9557253186616856,,,,,,1.6904678360953977,1.7174984809605558,,,,,2.3862217700937283,,,,,2.376384815991664,1.9557253186616856,1.752554906490415,"rgba(38, 166, 154, 0.5)"
2026-06-17 00:00:00+00:00,2.4,2.42,2.4,2.4,6784801,0.0,0.0,0.0,0.0,0.0,0.0,0.0,0.0,2.3935712351067715,2.383449160663434,2.3766553126576926,2.3262503560082752,2.280001202365483,2.206028972446488,2.1913202706385424,2.1496570536077457,1.957951064027811,,,,,,1.692009602524724,1.7189594675453665,,,,,2.386453974708269,,,,,2.3766553126576926,1.957951064027811,1.7539170747618356,#000000
