date,Close,High,Low,Open,Volume,OB_c0,OB_High_c0,OB_Low_c0,OB_Mitigated_Index_c0,OB,OB_High,OB_Low,OB_Mitigated_Index,aVWAP_OB_bull_c0_1241,aVWAP_OB_bull_c0_1082,aVWAP_OB_bull_c0_1003,aVWAP_OB_bull_c0_597,aVWAP_OB_bear_c0_1212,aVWAP_OB_bear_c0_1165,aVWAP_OB_bear_c0_1152,aVWAP_OB_bear_c0_1092,aVWAP_QQEMOD_bull_dot_c0_1050,aVWAP_QQEMOD_bull_dot_c0_1092,aVWAP_QQEMOD_bull_dot_c0_1136,aVWAP_QQEMOD_bull_dot_c0_1212,aVWAP_QQEMOD_bull_dot_c0_1249,aVWAP_QQEMOD_bear_dot_c0_1082,aVWAP_QQEMOD_bear_dot_c0_1111,aVWAP_QQEMOD_bear_dot_c0_1197,aVWAP_QQEMOD_bear_dot_c0_1231,aVWAP_QQEMOD_bear_dot_c0_1253,aVWAP_price_maxima_minima_valley_c0_1,aVWAP_price_maxima_minima_peak_c0_1,color
2021-06-21 00:00:00+00:00,114.7499642348,116.9730162505,111.9728787167,112.2495989819,39035,0.0,0.0,0.0,0.0,0.0,0.0,0.0,0.0,,,,,,,,,,,,,,,,,,,,,#000000
2021-06-22 00:00:00+00:00,114.6116041022,116.7852417849,112.4274905809,112.4274905809,86518,0.0,0.0,0.0,0.0,0.0,0.0,0.0,0.0,,,,,,,,,,,,,,,,,,,,,"rgba(239, 83, 80, 0.5)"
2021-06-23 00:00:00+00:00,116.1928627602,117.2799780875,114.8290271677,115.2638732986,84260,0.0,0.0,0.0,0.0,0.0,0.0,0.0,0.0,,,,,,,,,,,,,,,,,,,,,"rgba(239, 83, 80, 0.5)"
2021-06-24 00:00:00+00:00,115.5900078968,117.2997438207,115.3429362315,116.4498172921,26074,0.0,0.0,0.0,0.0,0.0,0.0,0.0,0.0,,,,,,,,,,,,,,,,,,,,,"rgba(239, 83, 80, 0.5)"
2021-06-25 00:00:00+00:00,114.7598471014,117.5369326194,113.6134345744,116.578294558,46233,0.0,0.0,0.0,0.0,0.0,0.0,0.0,0.0,,,,,,,,,,,,,,,,,,,,,"rgba(239, 83, 80, 0.5)"
2021-06-28 00:00:00+00:00,113.3861286423,114.7647885347,111.8543831461,114.7647885347,36012,0.0,0.0,0.0,0.0,0.0,0.0,0.0,0.0,,,,,,,,,,,,,,,,,,,,,"rgba(239, 83, 80, 0.5)"
2021-06-29 00:00:00+00:00,112.5658507135,113.8314131984,112.3285577475,113.7424283362,51325,0.0,0.0,0.0,0.0,0.0,0.0,0.0,0.0,,,,,,,,,,,,,,,,,,,,,"rgba(239, 83, 80, 0.5)"
2021-06-30 00:00:00+00:00,110.7169430206,112.6746099895,110.094048985,111.8440846088,82433,0.0,0.0,0.0,0.0,0.0,0.0,0.0,0.0,,,,,,,,,,,,,,,,,,,,,"rgba(239, 83, 80, 0.5)"
2021-07-01 00:00:00+00:00,111.1816417455,111.5079195737,110.5389732962,110.9937848142,32436,0.0,0.0,0.0,0.0,0.0,0.0,0.0,0.0,,,,,,,,,,,,,,,,,,,,,"rgba(239, 83, 80, 0.5)"
2021-07-02 00:00:00+00:00,112.1308136093,112.4175426098,110.4697628478,112.2197984715,23720,0.0,0.0,0.0,0.0,0.0,0.0,0.0,0.0,,,,,,,,,,,,,,,,,,,,,"rgba(239, 83, 80, 0.5)"
2021-07-06 00:00:00+00:00,110.5488605031,112.1308136093,109.5502526048,112.1308136093,68066,0.0,0.0,0.0,0.0,0.0,0.0,0.0,0.0,,,,,,,,,,,,,,,,,,,,,"rgba(239, 83, 80, 0.5)"
2021-07-07 00:00:00+00:00,109.7875455707,110.3412291579,109.1943131559,110.3412291579,22310,0.0,0.0,0.0,0.0,0.0,0.0,0.0,0.0,,,,,,,,,,,,,,,,,,,,,"rgba(239, 83, 80, 0.5)"
2021-07-08 00:00:00+00:00,108.6900656033,109.2437491904,106.4061208062,108.8284865001,55578,0.0,0.0,0.0,0.0,0.0,0.0,0.0,0.0,,,,,,,,,,,,,,,,,,,,,"rgba(239, 83, 80, 0.5)"
2021-07-09 00:00:00+00:00,110.55874771,110.8652511243,108.5615319134,108.9273585692,28188,0.0,0.0,0.0,0.0,0.0,0.0,0.0,0.0,,,,,,,,,,,,,,,,,,,,,"rgba(239, 83, 80, 0.5)"
2021-07-12 00:00:00+00:00,111.4980323668,112.2494600922,110.3412291579,110.3412291579,24091,0.0,0.0,0.0,0.0,0.0,0.0,0.0,0.0,,,,,,,,,,,,,,,,,,,,,"rgba(239, 83, 80, 0.5)"
2021-07-13 00:00:00+00:00,108.8976969485,110.8553639174,108.4626598443,110.7268302275,23207,0.0,0.0,0.0,0.0,0.0,0.0,0.0,0.0,,,,,,,,,,,,,,,,,,,,,"rgba(239, 83, 80, 0.5)"
2021-07-14 00:00:00+00:00,107.8101041879,108.9174713623,107.0883380832,108.8976969485,45338,0.0,0.0,0.0,0.0,0.0,0.0,0.0,0.0,,,,,,,,,,,,,,,,,,,,,"rgba(239, 83, 80, 0.5)"
2021-07-15 00:00:00+00:00,107.9682994986,108.3143517405,106.9103683588,107.7705553603,53329,0.0,0.0,0.0,0.0,0.0,0.0,0.0,0.0,,,,,,,,,,,,,,,,,,,,,"rgba(239, 83, 80, 0.5)"
2021-07-16 00:00:00+00:00,110.9937848142,112.0912647816,108.9372457761,108.9372457761,96294,0.0,0.0,0.0,0.0,0.0,0.0,0.0,0.0,,,,,,,,,,,,,,,,,,,,,"rgba(239, 83, 80, 0.5)"
2021-07-19 00:00:00+00:00,109.6293502601,110.7564918483,108.2055924645,109.985289709,93162,0.0,0.0,0.0,0.0,0.0,0.0,0.0,0.0,,,,,,,,,,,,,,,,,,,,,"rgba(239, 83, 80, 0.5)"
2021-07-20 00:00:00+00:00,112.0121671263,113.0503238523,109.4513805356,109.4513805356,72977,0.0,0.0,0.0,0.0,0.0,0.0,0.0,0.0,,,,,,,,,,,,,,,,,,,,,"rgba(239, 83, 80, 0.5)"
2021-07-21 00:00:00+00:00,116.0856963748,117.6478750672,112.0616031609,112.0616031609,69588,0.0,0.0,0.0,0.0,0.0,0.0,0.0,0.0,,,,,,,,,,,,,,,,,,,,,#000000
2021-07-22 00:00:00+00:00,116.4614102375,117.4896797565,115.6803208913,116.4515230306,75279,0.0,0.0,0.0,0.0,0.0,0.0,0.0,0.0,,,,,,,,,,,,,,,,,,,,,"rgba(38, 166, 154, 0.5)"
2021-07-23 00:00:00+00:00,116.6888159965,117.4303565151,115.7989673743,117.4303565151,30817,0.0,0.0,0.0,0.0,0.0,0.0,0.0,0.0,,,,,,,,,,,,,,,,,,,,,"rgba(38, 166, 154, 0.5)"
2021-07-26 00:00:00+00:00,117.3413716528,117.3413716528,116.3724253753,116.8173496864,27734,0.0,0.0,0.0,0.0,0.0,0.0,0.0,0.0,,,,,,,,,,,,,,,,,,,,,"rgba(38, 166, 154, 0.5)"
2021-07-27 00:00:00+00:00,119.5462187946,119.8823838297,116.6690415827,116.7876880657,52611,0.0,0.0,0.0,0.0,0.0,0.0,0.0,0.0,,,,,,,,,,,,,,,,,,,,,"rgba(38, 166, 154, 0.5)"
2021-07-28 00:00:00+00:00,121.4643369359,122.9671923868,119.9463540584,120.1196767956,71599,0.0,0.0,0.0,0.0,0.0,0.0,0.0,0.0,,,,,,,,,,,,,,,,,,,,,"rgba(38, 166, 154, 0.5)"
2021-07-29 00:00:00+00:00,127.9305702575,128.8599677074,122.8485459038,122.8584331107,115859,0.0,0.0,0.0,0.0,0.0,0.0,0.0,0.0,,,,,,,,,,,,,,,,,,,,,"rgba(38, 166, 154, 0.5)"
2021-07-30 00:00:00+00:00,127.1395937044,130.6594393657,125.923467254,128.098652775,46996,0.0,0.0,0.0,0.0,0.0,0.0,0.0,0.0,,,,,,,,,,,,,,,,,,,,,"rgba(38, 166, 154, 0.5)"
2021-08-02 00:00:00+00:00,126.7935414624,127.4065482911,119.0320840351,127.2186913597,33937,0.0,0.0,0.0,0.0,0.0,0.0,0.0,0.0,,,,,,,,,,,,,,,,,,,,,"rgba(38, 166, 154, 0.5)"
2021-08-03 00:00:00+00:00,127.525194774,127.8613598091,124.5293710792,126.3387299444,60568,0.0,0.0,0.0,0.0,0.0,0.0,0.0,0.0,,,,,,,,,,,,,,,,,,,,,"rgba(38, 166, 154, 0.5)"
2021-08-04 00:00:00+00:00,130.511131262,140.437293771,122.8436023004,133.3092108186,205797,0.0,0.0,0.0,0.0,0.0,0.0,0.0,0.0,,,,,,,,,,,,,,,,,,,,,"rgba(38, 166, 154, 0.5)"
2021-08-05 00:00:00+00:00,128.6029003276,132.686316783,126.724331014,132.686316783,64456,0.0,0.0,0.0,0.0,0.0,0.0,0.0,0.0,,,,,,,,,,,,,,,,,,,,,"rgba(38, 166, 154, 0.5)"
2021-08-06 00:00:00+00:00,128.6127875346,129.7893651573,126.8627519108,129.3741024669,39861,0.0,0.0,0.0,0.0,0.0,0.0,0.0,0.0,,,,,,,,,,,,,,,,,,,,,"rgba(38, 166, 154, 0.5)"
2021-08-09 00:00:00+00:00,128.9192909489,131.430641505,127.1000448767,128.3458329479,63185,0.0,0.0,0.0,0.0,0.0,0.0,0.0,0.0,,,,,,,,,,,,,,,,,,,,,"rgba(38, 166, 154, 0.5)"
2021-08-10 00:00:00+00:00,131.4603031257,132.6962039899,129.5224105706,130.7583114348,76357,0.0,0.0,0.0,0.0,0.0,0.0,0.0,0.0,,,,,,,,,,,,,,,,,,,,,"rgba(38, 166, 154, 0.5)"
2021-08-11 00:00:00+00:00,132.9433841628,133.3487596463,130.8176346763,131.658047264,60566,0.0,0.0,0.0,0.0,0.0,0.0,0.0,0.0,,,,,,,,,,,,,,,,,,,,,"rgba(38, 166, 154, 0.5)"
2021-08-12 00:00:00+00:00,133.3487596463,133.7739095436,132.4885726448,133.7739095436,85088,0.0,0.0,0.0,0.0,0.0,0.0,0.0,0.0,,,,,,,,,,,,,,,,,,,,,"rgba(38, 166, 154, 0.5)"
2021-08-13 00:00:00+00:00,132.6072191277,133.8530071989,131.8360169885,133.8530071989,41365,0.0,0.0,0.0,0.0,0.0,0.0,0.0,0.0,,,,,,,,,,,,,,,,,,,,,"rgba(38, 166, 154, 0.5)"
2021-08-16 00:00:00+00:00,131.7272577124,133.724473509,131.5295135741,132.0139867129,30974,0.0,0.0,0.0,0.0,0.0,0.0,0.0,0.0,,,,,,,,,,,,,,,,,,,,,"rgba(38, 166, 154, 0.5)"
2021-08-17 00:00:00+00:00,129.5817338121,132.1122655496,127.189029739,131.7074832986,38746,0.0,0.0,0.0,0.0,0.0,0.0,0.0,0.0,,,,,,,,,,,,,,,,,,,,,"rgba(38, 166, 154, 0.5)"
2021-08-18 00:00:00+00:00,128.0689911543,129.8684628126,127.5449691879,129.6212826398,43885,0.0,0.0,0.0,0.0,0.0,0.0,0.0,0.0,,,,,,,,,,,,,,,,,,,,,"rgba(38, 166, 154, 0.5)"
2021-08-19 00:00:00+00:00,126.378278772,127.7328261192,124.9446337695,127.7328261192,28110,0.0,0.0,0.0,0.0,0.0,0.0,0.0,0.0,,,,,,,,,,,,,,,,,,,,,"rgba(38, 166, 154, 0.5)"
2021-08-20 00:00:00+00:00,129.7498163296,130.3282179341,125.2709115977,126.378278772,25437,0.0,0.0,0.0,0.0,0.0,0.0,0.0,0.0,,,,,,,,,,,,,,,,,,,,,"rgba(38, 166, 154, 0.5)"
2021-08-23 00:00:00+00:00,130.8275218832,131.7074832986,129.4334257084,131.658047264,23862,0.0,0.0,0.0,0.0,0.0,0.0,0.0,0.0,,,,,,,,,,,,,,,,,,,,,"rgba(38, 166, 154, 0.5)"
2021-08-24 00:00:00+00:00,131.6382728502,133.2795491979,130.8769579178,131.6975960917,36037,0.0,0.0,0.0,0.0,0.0,0.0,0.0,0.0,,,,,,,,,,,,,,,,,,,,,"rgba(38, 166, 154, 0.5)"
2021-08-25 00:00:00+00:00,133.4575189223,133.9321048542,131.3268258324,132.3204901272,87380,0.0,0.0,0.0,0.0,0.0,0.0,0.0,0.0,,,,,,,,,,,,,,,,,,,,,"rgba(38, 166, 154, 0.5)"
2021-08-26 00:00:00+00:00,132.4687982309,135.0394720285,131.6382728502,133.7837967505,46476,0.0,0.0,0.0,0.0,0.0,0.0,0.0,0.0,,,,,,,,,,,,,,,,,,,,,"rgba(38, 166, 154, 0.5)"
2021-08-27 00:00:00+00:00,134.871389511,135.3163138221,132.1524076097,132.2216180581,34224,0.0,0.0,0.0,0.0,0.0,0.0,0.0,0.0,,,,,,,,,,,,,,,,,,,,,"rgba(38, 166, 154, 0.5)"
2021-08-30 00:00:00+00:00,136.0380799268,136.5225530656,134.7033069934,136.245711272,34307,0.0,0.0,0.0,0.0,0.0,0.0,0.0,0.0,,,,,,,,,,,,,,,,,,,,,"rgba(38, 166, 154, 0.5)"
2021-08-31 00:00:00+00:00,138.1737166202,139.9336394508,135.3163138221,135.553606788,80300,0.0,0.0,0.0,0.0,0.0,0.0,0.0,0.0,,,,,,,,,,,,,,,,,,,,,"rgba(38, 166, 154, 0.5)"
2021-09-01 00:00:00+00:00,139.3799558637,139.805105761,137.5508225846,138.0550701372,95065,0.0,0.0,0.0,0.0,0.0,0.0,0.0,0.0,,,,,,,,,,,,,,,,,,,,,"rgba(38, 166, 154, 1.0)"
2021-09-02 00:00:00+00:00,139.6765720711,140.0522859338,138.4999944483,139.8446545886,84672,0.0,0.0,0.0,0.0,0.0,0.0,0.0,0.0,,,,,,,,,,,,,,,,,,,,,"rgba(38, 166, 154, 1.0)"
2021-09-03 00:00:00+00:00,138.6779641728,141.7627727299,136.7598460315,139.795218554,72841,0.0,0.0,0.0,0.0,0.0,0.0,0.0,0.0,,,,,,,,,,,,,,,,,,,,,"rgba(38, 166, 154, 1.0)"
2021-09-07 00:00:00+00:00,137.2838679979,140.2302556583,135.8206602468,138.0748445511,97098,0.0,0.0,0.0,0.0,0.0,0.0,0.0,0.0,,,,,,,,,,,,,,,,,,,,,"rgba(38, 166, 154, 0.75)"
2021-09-08 00:00:00+00:00,135.1778929253,137.3333040325,133.3487596463,137.2344319634,46661,0.0,0.0,0.0,0.0,0.0,0.0,0.0,0.0,,,,,,,,,,,,,,,,,,,,,"rgba(38, 166, 154, 0.75)"
2021-09-09 00:00:00+00:00,134.1891722339,136.8389436868,133.8826688196,135.5437195811,148600,0.0,0.0,0.0,0.0,0.0,0.0,0.0,0.0,,,,,,,,,,,,,,,,,,,,,"rgba(38, 166, 154, 0.75)"
2021-09-10 00:00:00+00:00,130.629777745,135.7019148917,130.5704545035,135.1976673391,66301,0.0,0.0,0.0,0.0,0.0,0.0,0.0,0.0,,,,,,,,,,,,,,,,,,,,,#000000
2021-09-13 00:00:00+00:00,131.5591751949,132.1919564373,129.6015082259,131.1636869183,101038,0.0,0.0,0.0,0.0,0.0,0.0,0.0,0.0,,,,,,,,,,,,,,,,,,,,,#000000
2021-09-14 00:00:00+00:00,131.0054916077,132.5577830932,130.7879730556,132.1721820235,98531,0.0,0.0,0.0,0.0,0.0,0.0,0.0,0.0,,,,,,,,,,,,,,,,,,,,,"rgba(239, 83, 80, 0.5)"
2021-09-15 00:00:00+00:00,130.3529359514,132.0634227475,129.3543280531,131.4899647465,72378,0.0,0.0,0.0,0.0,0.0,0.0,0.0,0.0,,,,,,,,,,,,,,,,,,,,,"rgba(239, 83, 80, 0.5)"
2021-09-16 00:00:00+00:00,130.2244022615,130.96594278,129.3048920185,130.0365453301,133723,0.0,0.0,0.0,0.0,0.0,0.0,0.0,0.0,,,,,,,,,,,,,,,,,,,,,"rgba(239, 83, 80, 0.5)"
2021-09-17 00:00:00+00:00,128.6325619484,130.629777745,127.9009086368,130.6100033311,81137,0.0,0.0,0.0,0.0,0.0,0.0,0.0,0.0,,,,,,,,,,,,,,,,,,,,,"rgba(239, 83, 80, 1.0)"
2021-09-20 00:00:00+00:00,124.5886943206,126.7836542555,122.4332832134,126.7836542555,109064,0.0,0.0,0.0,0.0,0.0,0.0,0.0,0.0,,,,,,,,,,,,,,,,,,,,,"rgba(239, 83, 80, 1.0)"
2021-09-21 00:00:00+00:00,126.4178275997,127.3274506358,125.0731674594,125.0731674594,83460,0.0,0.0,0.0,0.0,0.0,0.0,0.0,0.0,,,,,,,,,,,,,,,,,,,,,"rgba(239, 83, 80, 1.0)"
2021-09-22 00:00:00+00:00,128.0492167405,128.6424491553,126.5760229103,127.535081981,71885,0.0,0.0,0.0,0.0,0.0,0.0,0.0,0.0,,,,,,,,,,,,,,,,,,,,,"rgba(239, 83, 80, 1.0)"
2021-09-23 00:00:00+00:00,127.0604960491,131.6106875429,126.9121879454,129.0379374318,99892,0.0,0.0,0.0,0.0,0.0,0.0,0.0,0.0,,,,,,,,,,,,,,,,,,,,,"rgba(239, 83, 80, 1.0)"
2021-09-24 00:00:00+00:00,128.8797421212,129.4235385015,125.7850463572,125.7850463572,117438,0.0,0.0,0.0,0.0,0.0,0.0,0.0,0.0,,,,,,,,,,,,,,,,,,,,,"rgba(239, 83, 80, 0.75)"
2021-09-27 00:00:00+00:00,126.4771508412,133.1707899218,125.3302348392,129.5224105706,135651,0.0,0.0,0.0,0.0,0.0,0.0,0.0,0.0,,,,,,,,,,,,,,,,,,,,,"rgba(239, 83, 80, 0.75)"
2021-09-28 00:00:00+00:00,127.297789015,127.3768866703,123.6889584915,125.5675278051,101096,0.0,0.0,0.0,0.0,0.0,0.0,0.0,0.0,,,,,,,,,,,,,,,,,,,,,"rgba(239, 83, 80, 0.75)"
2021-09-29 00:00:00+00:00,126.2794067029,129.6707186743,125.3697836668,128.0195551197,82798,0.0,0.0,0.0,0.0,0.0,0.0,0.0,0.0,,,,,,,,,,,,,,,,,,,,,"rgba(239, 83, 80, 0.75)"
2021-09-30 00:00:00+00:00,126.269519496,127.8119237745,125.9630160817,126.5661357034,84976,0.0,0.0,0.0,0.0,0.0,0.0,0.0,0.0,,,,,,,,,,,,,,,,,,,,,"rgba(239, 83, 80, 0.75)"
2021-10-01 00:00:00+00:00,128.9588397765,128.9786141904,124.43049901,126.3980531859,99685,0.0,0.0,0.0,0.0,0.0,0.0,0.0,0.0,,,,,,,,,,,,,,,,,,,,,"rgba(239, 83, 80, 0.75)"
2021-10-04 00:00:00+00:00,126.7638798417,130.1057557785,125.4389941152,128.909403742,98227,0.0,0.0,0.0,0.0,0.0,0.0,0.0,0.0,,,,,,,,,,,,,,,,,,,,,"rgba(239, 83, 80, 0.75)"
2021-10-05 00:00:00+00:00,128.8006444659,129.0082758111,126.5166996688,127.0011728076,50104,0.0,0.0,0.0,0.0,0.0,0.0,0.0,0.0,,,,,,,,,,,,,,,,,,,,,"rgba(239, 83, 80, 0.75)"
2021-10-06 00:00:00+00:00,127.070383256,132.8148504729,125.7454975296,128.0887655681,40428,0.0,0.0,0.0,0.0,0.0,0.0,0.0,0.0,,,,,,,,,,,,,,,,,,,,,"rgba(239, 83, 80, 0.75)"
2021-10-07 00:00:00+00:00,131.1636869183,132.6072191277,127.8811342229,128.4842538447,89207,0.0,0.0,0.0,0.0,0.0,0.0,0.0,0.0,,,,,,,,,,,,,,,,,,,,,#000000
2021-10-08 00:00:00+00:00,131.5690624018,133.1658463184,130.857183504,132.2710540927,39241,0.0,0.0,0.0,0.0,0.0,0.0,0.0,0.0,,,,,,,,,,,,,,,,,,,,,#000000
2021-10-11 00:00:00+00:00,131.1537997114,133.032369025,130.8769579178,131.6184984363,12798,0.0,0.0,0.0,0.0,0.0,0.0,0.0,0.0,,,,,,,,,,,,,,,,,,,,,"rgba(38, 166, 154, 0.5)"
2021-10-12 00:00:00+00:00,134.4462396137,135.5801045026,131.1982921425,132.3995877825,105845,0.0,0.0,0.0,0.0,0.0,0.0,0.0,0.0,,,,,,,,,,,,,,,,,,,,,"rgba(38, 166, 154, 0.5)"
2021-10-13 00:00:00+00:00,136.5225530656,136.9773645836,133.2795491979,135.0691336493,58041,0.0,0.0,0.0,0.0,0.0,0.0,0.0,0.0,,,,,,,,,,,,,,,,,,,,,"rgba(38, 166, 154, 0.5)"
2021-10-14 00:00:00+00:00,137.8177771713,138.4307839999,135.326201029,138.2676450859,49653,0.0,0.0,0.0,0.0,0.0,0.0,0.0,0.0,,,,,,,,,,,,,,,,,,,,,"rgba(38, 166, 154, 1.0)"
2021-10-15 00:00:00+00:00,138.6285281382,139.2810837945,136.4434554103,138.0254085165,35943,0.0,0.0,0.0,0.0,0.0,0.0,0.0,0.0,,,,,,,,,,,,,,,,,,,,,"rgba(38, 166, 154, 1.0)"
2021-10-18 00:00:00+00:00,139.3601814498,140.5861951072,137.5953150157,138.5593176898,41263,0.0,0.0,0.0,0.0,0.0,0.0,0.0,0.0,,,,,,,,,,,,,,,,,,,,,"rgba(38, 166, 154, 1.0)"
2021-10-19 00:00:00+00:00,139.3700686568,141.1893147289,139.2514221738,139.3898430706,35167,0.0,0.0,0.0,0.0,0.0,0.0,0.0,0.0,,,,,,,,,,,,,,,,,,,,,"rgba(38, 166, 154, 1.0)"
2021-10-20 00:00:00+00:00,141.3277356257,141.5946902124,138.5593176898,139.805105761,51844,0.0,0.0,0.0,0.0,0.0,0.0,0.0,0.0,,,,,,,,,,,,,,,,,,,,,"rgba(38, 166, 154, 1.0)"
2021-10-21 00:00:00+00:00,142.2867946963,143.1865305255,139.6469104503,140.942134556,51673,0.0,0.0,0.0,0.0,0.0,0.0,0.0,0.0,,,,,,,,,,,,,,,,,,,,,"rgba(38, 166, 154, 1.0)"
2021-10-22 00:00:00+00:00,143.4139362845,144.1307587857,141.5848030054,142.2175842479,45141,0.0,0.0,0.0,0.0,0.0,0.0,0.0,0.0,,,,,,,,,,,,,,,,,,,,,"rgba(38, 166, 154, 1.0)"
2021-10-25 00:00:00+00:00,142.8108166628,147.0919772564,141.861644799,143.4139362845,118052,0.0,0.0,0.0,0.0,0.0,0.0,0.0,0.0,,,,,,,,,,,,,,,,,,,,,"rgba(38, 166, 154, 1.0)"
2021-10-26 00:00:00+00:00,144.7981452524,144.9118481319,142.8305910766,143.809424561,47985,0.0,0.0,0.0,0.0,0.0,0.0,0.0,0.0,,,,,,,,,,,,,,,,,,,,,"rgba(38, 166, 154, 1.0)"
2021-10-27 00:00:00+00:00,145.8363019784,147.6753224643,142.608128921,145.3221672189,86016,0.0,0.0,0.0,0.0,0.0,0.0,0.0,0.0,,,,,,,,,,,,,,,,,,,,,"rgba(38, 166, 154, 1.0)"
2021-10-28 00:00:00+00:00,145.9351740475,146.221903048,141.4266076948,146.2120158411,63641,0.0,0.0,0.0,0.0,0.0,0.0,0.0,0.0,,,,,,,,,,,,,,,,,,,,,"rgba(38, 166, 154, 1.0)"
2021-10-29 00:00:00+00:00,143.7303269057,145.7473171162,143.3348386292,145.193633529,56990,0.0,0.0,0.0,0.0,0.0,0.0,0.0,0.0,,,,,,,,,,,,,,,,,,,,,"rgba(38, 166, 154, 0.75)"
2021-11-01 00:00:00+00:00,142.6526213521,144.6399499418,140.6158567279,143.819311768,98215,0.0,0.0,0.0,0.0,0.0,0.0,0.0,0.0,,,,,,,,,,,,,,,,,,,,,"rgba(38, 166, 154, 0.75)"
2021-11-02 00:00:00+00:00,139.7062336918,148.9408849493,139.5777000019,143.2260793531,60579,0.0,0.0,0.0,0.0,0.0,0.0,0.0,0.0,,,,,,,,,,,,,,,,,,,,,"rgba(38, 166, 154, 0.75)"
2021-11-03 00:00:00+00:00,141.8913064198,142.4252155931,136.8686053076,139.1031140701,68885,0.0,0.0,0.0,0.0,0.0,0.0,0.0,0.0,,,,,,,,,,,,,,,,,,,,,"rgba(38, 166, 154, 0.75)"
2021-11-04 00:00:00+00:00,141.7825471437,142.4351028,140.6949543832,141.3875532275,52217,0.0,0.0,0.0,0.0,0.0,0.0,0.0,0.0,,,,,,,,,,,,,,,,,,,,,"rgba(38, 166, 154, 0.5)"
2021-11-05 00:00:00+00:00,144.8970173216,145.1837463221,141.807265161,141.807265161,66555,0.0,0.0,0.0,0.0,0.0,0.0,0.0,0.0,,,,,,,,,,,,,,,,,,,,,"rgba(38, 166, 154, 0.5)"
2021-11-08 00:00:00+00:00,145.8066403576,146.686601773,142.9887863872,145.9153996337,55337,0.0,0.0,0.0,0.0,0.0,0.0,0.0,0.0,,,,,,,,,,,,,,,,,,,,,"rgba(38, 166, 154, 0.75)"
2021-11-09 00:00:00+00:00,145.7572043231,147.2205109463,144.6300627349,145.8165275645,61933,0.0,0.0,0.0,0.0,0.0,0.0,0.0,0.0,,,,,,,,,,,,,,,,,,,,,"rgba(38, 166, 154, 1.0)"
2021-11-10 00:00:00+00:00,140.2796916928,146.3158315137,139.1624373116,145.5990090124,49789,0.0,0.0,0.0,0.0,0.0,0.0,0.0,0.0,,,,,,,,,,,,,,,,,,,,,"rgba(38, 166, 154, 0.5)"
2021-11-11 00:00:00+00:00,141.288186798,141.5353669709,138.5692048967,140.0621731407,29173,0.0,0.0,0.0,0.0,0.0,0.0,0.0,0.0,,,,,,,,,,,,,,,,,,,,,"rgba(38, 166, 154, 0.5)"
2021-11-12 00:00:00+00:00,142.899801525,143.3051770084,140.6554055555,142.1384865926,27453,0.0,0.0,0.0,0.0,0.0,0.0,0.0,0.0,,,,,,,,,,,,,,,,,,,,,"rgba(38, 166, 154, 0.5)"
2021-11-15 00:00:00+00:00,144.2246872514,144.3729953551,142.3312871274,142.7218318005,27887,0.0,0.0,0.0,0.0,0.0,0.0,0.0,0.0,,,,,,,,,,,,,,,,,,,,,"rgba(38, 166, 154, 0.5)"
2021-11-16 00:00:00+00:00,140.9717961768,144.382882562,140.9223601422,143.7599885265,64908,0.0,0.0,0.0,0.0,0.0,0.0,0.0,0.0,,,,,,,,,,,,,,,,,,,,,#000000
2021-11-17 00:00:00+00:00,140.5763079002,141.2090891427,138.7175130004,140.5664206933,47974,0.0,0.0,0.0,0.0,0.0,0.0,0.0,0.0,,,,,,,,,,,,,,,,,,,,,#000000
2021-11-18 00:00:00+00:00,140.8136008662,141.4661565225,139.4392791052,139.4513414976,39286,0.0,0.0,0.0,0.0,0.0,0.0,0.0,0.0,,,,,,,,,,,,,,,,,,,,,#000000
2021-11-19 00:00:00+00:00,143.473259526,144.8376940801,140.8828113146,140.8828113146,94530,0.0,0.0,0.0,0.0,0.0,0.0,0.0,0.0,,,,,,,,,,,,,,,,,,,,,#000000
2021-11-22 00:00:00+00:00,142.553749283,144.1258151823,141.7825471437,143.0184480079,52510,0.0,0.0,0.0,0.0,0.0,0.0,0.0,0.0,,,,,,,,,,,,,,,,,,,,,#000000
2021-11-23 00:00:00+00:00,140.9816833837,144.6696115625,140.0028498992,142.6130725245,95667,0.0,0.0,0.0,0.0,0.0,0.0,0.0,0.0,,,,,,,,,,,,,,,,,,,,,#000000
2021-11-24 00:00:00+00:00,143.1469816978,144.8278068732,139.9830754854,140.2005940375,64536,0.0,0.0,0.0,0.0,0.0,0.0,0.0,0.0,,,,,,,,,,,,,,,,,,,,,#000000
2021-11-26 00:00:00+00:00,139.3305198291,140.7839392454,137.0366878251,140.6554055555,58350,0.0,0.0,0.0,0.0,0.0,0.0,0.0,0.0,,,,,,,,,,,,,,,,,,,,,#000000
2021-11-29 00:00:00+00:00,139.3700686568,141.2782995911,137.9166492404,141.2782995911,36551,0.0,0.0,0.0,0.0,0.0,0.0,0.0,0.0,,,,,,,,,,,,,,,,,,,,,"rgba(239, 83, 80, 1.0)"
2021-11-30 00:00:00+00:00,133.8233455781,138.994354794,132.7060911969,138.994354794,73279,0.0,0.0,0.0,0.0,0.0,0.0,0.0,0.0,,,,,,,,,,,,,,,,,,,,,"rgba(239, 83, 80, 1.0)"
2021-12-01 00:00:00+00:00,133.0224818181,137.7485667229,132.8543993006,135.5041707535,70537,0.0,0.0,0.0,0.0,0.0,0.0,0.0,0.0,,,,,,,,,,,,,,,,,,,,,"rgba(239, 83, 80, 1.0)"
2021-12-02 00:00:00+00:00,137.8177771713,138.9646931733,132.8939481282,132.8939481282,54978,0.0,0.0,0.0,0.0,0.0,0.0,0.0,0.0,,,,,,,,,,,,,,,,,,,,,"rgba(239, 83, 80, 1.0)"
2021-12-03 00:00:00+00:00,134.6143221312,137.8672132059,133.6651502675,136.3791885653,40142,0.0,0.0,0.0,0.0,0.0,0.0,0.0,0.0,,,,,,,,,,,,,,,,,,,,,"rgba(239, 83, 80, 1.0)"
2021-12-06 00:00:00+00:00,136.5621018932,137.2937552049,134.0458077337,134.9999232009,36312,0.0,0.0,0.0,0.0,0.0,0.0,0.0,0.0,,,,,,,,,,,,,,,,,,,,,"rgba(239, 83, 80, 0.75)"
2021-12-07 00:00:00+00:00,140.5664206933,140.9223601422,137.3184732221,137.8869876197,61933,0.0,0.0,0.0,0.0,0.0,0.0,0.0,0.0,,,,,,,,,,,,,,,,,,,,,"rgba(239, 83, 80, 0.75)"
2021-12-08 00:00:00+00:00,141.4760437294,143.2557409739,140.7884873606,141.4364949017,83488,0.0,0.0,0.0,0.0,0.0,0.0,0.0,0.0,,,,,,,,,,,,,,,,,,,,,#000000
2021-12-09 00:00:00+00:00,141.5650285916,142.2917382998,139.0833396563,141.4760437294,50901,0.0,0.0,0.0,0.0,0.0,0.0,0.0,0.0,,,,,,,,,,,,,,,,,,,,,#000000
2021-12-10 00:00:00+00:00,140.5861951072,143.0382224218,138.9251443456,143.0382224218,47394,0.0,0.0,0.0,0.0,0.0,0.0,0.0,0.0,,,,,,,,,,,,,,,,,,,,,#000000
2021-12-13 00:00:00+00:00,139.9039778301,141.3672844533,139.0240164148,141.3672844533,41291,0.0,0.0,0.0,0.0,0.0,0.0,0.0,0.0,,,,,,,,,,,,,,,,,,,,,#000000
2021-12-14 00:00:00+00:00,141.8517575921,142.781155042,138.8361594834,138.8361594834,71662,0.0,0.0,0.0,0.0,0.0,0.0,0.0,0.0,,,,,,,,,,,,,,,,,,,,,"rgba(38, 166, 154, 0.5)"
2021-12-15 00:00:00+00:00,141.4266076948,142.5043132484,139.6469104503,141.7924343506,58011,0.0,0.0,0.0,0.0,0.0,0.0,0.0,0.0,,,,,,,,,,,,,,,,,,,,,"rgba(38, 166, 154, 0.5)"
2021-12-16 00:00:00+00:00,142.5240876623,143.7797629403,141.4562693156,141.6441262469,39118,0.0,0.0,0.0,0.0,0.0,0.0,0.0,0.0,,,,,,,,,,,,,,,,,,,,,"rgba(38, 166, 154, 0.5)"
2021-12-17 00:00:00+00:00,141.7627727299,143.354613043,139.2810837945,141.6144646262,71609,0.0,0.0,0.0,0.0,0.0,0.0,0.0,0.0,,,,,,,,,,,,,,,,,,,,,"rgba(38, 166, 154, 0.5)"
2021-12-20 00:00:00+00:00,135.89965903,138.994354794,134.4165779929,138.9745803802,46934,0.0,0.0,0.0,0.0,0.0,0.0,0.0,0.0,,,,,,,,,,,,,,,,,,,,,#000000
2021-12-21 00:00:00+00:00,141.2585251773,141.8665884025,135.4151858912,135.4151858912,85433,0.0,0.0,0.0,0.0,0.0,0.0,0.0,0.0,,,,,,,,,,,,,,,,,,,,,#000000
2021-12-22 00:00:00+00:00,144.0664919408,144.4520930104,140.7938264523,141.4661565225,44372,0.0,0.0,0.0,0.0,0.0,0.0,0.0,0.0,,,,,,,,,,,,,,,,,,,,,"rgba(38, 166, 154, 0.5)"
2021-12-23 00:00:00+00:00,143.9478454578,146.113143772,143.473259526,144.847581287,43716,0.0,0.0,0.0,0.0,0.0,0.0,0.0,0.0,,,,,,,,,,,,,,,,,,,,,"rgba(38, 166, 154, 0.5)"
2021-12-27 00:00:00+00:00,146.1922414273,146.3702111517,142.2966819032,142.4944260415,17971,0.0,0.0,0.0,0.0,0.0,0.0,0.0,0.0,,,,,,,,,,,,,,,,,,,,,"rgba(38, 166, 154, 0.5)"
2021-12-28 00:00:00+00:00,145.7275427023,146.3702111517,140.3192405205,140.3192405205,34234,0.0,0.0,0.0,0.0,0.0,0.0,0.0,0.0,,,,,,,,,,,,,,,,,,,,,"rgba(38, 166, 154, 0.5)"
2021-12-29 00:00:00+00:00,145.5100241502,146.6470529453,143.8588605956,145.0008329942,49056,0.0,0.0,0.0,0.0,0.0,0.0,0.0,0.0,,,,,,,,,,,,,,,,,,,,,"rgba(38, 166, 154, 0.5)"
2021-12-30 00:00:00+00:00,146.5185192554,147.7754668335,145.538693978,145.6574606783,23062,0.0,0.0,0.0,0.0,0.0,0.0,0.0,0.0,,,,,,,,,,,,,,,,,,,,,"rgba(38, 166, 154, 0.5)"
2021-12-31 00:00:00+00:00,147.1222499819,147.993205784,145.4001328277,146.6867720808,30654,0.0,0.0,0.0,0.0,0.0,0.0,0.0,0.0,,,,,,,,,,,,,,,,,,,,,"rgba(38, 166, 154, 1.0)"
2022-01-03 00:00:00+00:00,145.6871523534,147.3004000323,143.6286285207,145.4743620154,22490,0.0,0.0,0.0,0.0,0.0,0.0,0.0,0.0,,,,,,,,,,,,,,,,,,,,,"rgba(38, 166, 154, 0.5)"
2022-01-04 00:00:00+00:00,144.3411297501,146.4591359053,142.1043568947,145.9741718791,72675,0.0,0.0,0.0,0.0,0.0,0.0,0.0,0.0,,,,,,,,,,,,,,,,,,,,,"rgba(38, 166, 154, 0.5)"
2022-01-05 00:00:00+00:00,139.738920114,145.4793106279,139.5805645136,144.900322964,56811,0.0,0.0,0.0,0.0,0.0,0.0,0.0,0.0,,,,,,,,,,,,,,,,,,,,,#000000
2022-01-06 00:00:00+00:00,140.8573065417,143.0149015969,139.7079417997,140.2040896901,47279,0.0,0.0,0.0,0.0,0.0,0.0,0.0,0.0,,,,,,,,,,,,,,,,,,,,,#000000
2022-01-07 00:00:00+00:00,140.4911092158,141.5600095184,139.4618967856,140.570287016,70450,0.0,0.0,0.0,0.0,0.0,0.0,0.0,0.0,,,,,,,,,,,,,,,,,,,,,"rgba(239, 83, 80, 1.0)"
2022-01-10 00:00:00+00:00,137.264613858,139.6003589636,134.2262647479,139.6003589636,73870,0.0,0.0,0.0,0.0,0.0,0.0,0.0,0.0,,,,,,,,,,,,,,,,,,,,,"rgba(239, 83, 80, 1.0)"
2022-01-11 00:00:00+00:00,142.2924041702,142.5695264708,137.1161554826,137.264613858,40256,0.0,0.0,0.0,0.0,0.0,0.0,0.0,0.0,,,,,,,,,,,,,,,,,,,,,"rgba(239, 83, 80, 1.0)"
2022-01-12 00:00:00+00:00,141.4214483681,144.078853287,140.6692592662,143.0940793971,34056,0.0,0.0,0.0,0.0,0.0,0.0,0.0,0.0,,,,,,,,,,,,,,,,,,,,,"rgba(239, 83, 80, 0.75)"
2022-01-13 00:00:00+00:00,139.9566590645,142.2627124951,138.9471421121,141.6193928685,40560,0.0,0.0,0.0,0.0,0.0,0.0,0.0,0.0,,,,,,,,,,,,,,,,,,,,,"rgba(239, 83, 80, 0.75)"
2022-01-14 00:00:00+00:00,137.3140999831,139.9071729394,136.8291359569,138.5710475611,53169,0.0,0.0,0.0,0.0,0.0,0.0,0.0,0.0,,,,,,,,,,,,,,,,,,,,,"rgba(239, 83, 80, 0.75)"
2022-01-18 00:00:00+00:00,137.700091759,137.9376251596,135.5721883789,137.6039897041,50303,0.0,0.0,0.0,0.0,0.0,0.0,0.0,0.0,,,,,,,,,,,,,,,,,,,,,"rgba(239, 83, 80, 1.0)"
2022-01-19 00:00:00+00:00,138.1454668851,139.758714564,137.8584473594,138.7986837367,81427,0.0,0.0,0.0,0.0,0.0,0.0,0.0,0.0,,,,,,,,,,,,,,,,,,,,,"rgba(239, 83, 80, 1.0)"
2022-01-20 00:00:00+00:00,138.2048502353,141.3719622429,138.1949530102,138.5611503361,73657,0.0,0.0,0.0,0.0,0.0,0.0,0.0,0.0,,,,,,,,,,,,,,,,,,,,,"rgba(239, 83, 80, 1.0)"
2022-01-21 00:00:00+00:00,136.1660218803,138.8580670868,136.1660218803,137.1557443827,40024,0.0,0.0,0.0,0.0,0.0,0.0,0.0,0.0,,,,,,,,,,,,,,,,,,,,,"rgba(239, 83, 80, 1.0)"
2022-01-24 00:00:00+00:00,137.7792695592,138.5413558861,133.4442849987,134.810102052,116902,0.0,0.0,0.0,0.0,0.0,0.0,0.0,0.0,,,,,,,,,,,,,,,,,,,,,"rgba(239, 83, 80, 1.0)"
2022-01-25 00:00:00+00:00,136.9973887823,138.9817823996,135.1268132528,136.2155080054,120018,0.0,0.0,0.0,0.0,0.0,0.0,0.0,0.0,,,,,,,,,,,,,,,,,,,,,"rgba(239, 83, 80, 1.0)"
2022-01-26 00:00:00+00:00,138.5512531111,141.7480567939,138.1355696601,138.5710475611,84504,0.0,0.0,0.0,0.0,0.0,0.0,0.0,0.0,,,,,,,,,,,,,,,,,,,,,"rgba(239, 83, 80, 0.75)"
2022-01-27 00:00:00+00:00,139.3628255631,142.7476765213,139.2341616378,139.6498450888,93354,0.0,0.0,0.0,0.0,0.0,0.0,0.0,0.0,,,,,,,,,,,,,,,,,,,,,"rgba(239, 83, 80, 0.75)"
2022-01-28 00:00:00+00:00,138.7887865117,139.5211811635,136.2847885806,138.8679643119,72270,0.0,0.0,0.0,0.0,0.0,0.0,0.0,0.0,,,,,,,,,,,,,,,,,,,,,"rgba(239, 83, 80, 0.75)"
2022-01-31 00:00:00+00:00,144.6578409509,145.1329077521,138.9768337871,138.9768337871,85740,0.0,0.0,0.0,0.0,0.0,0.0,0.0,0.0,,,,,,,,,,,,,,,,,,,,,#000000
2022-02-01 00:00:00+00:00,146.2710886298,146.4690331303,141.9064123942,141.9064123942,55358,0.0,0.0,0.0,0.0,0.0,0.0,0.0,0.0,,,,,,,,,,,,,,,,,,,,,"rgba(38, 166, 154, 1.0)"
2022-02-02 00:00:00+00:00,148.6464226356,149.5866590129,147.2806055823,147.2806055823,83404,0.0,0.0,0.0,0.0,0.0,0.0,0.0,0.0,,,,,,,,,,,,,,,,,,,,,"rgba(38, 166, 154, 1.0)"
2022-02-03 00:00:00+00:00,147.8348501836,148.2901225347,146.4393414552,147.4884473078,298297,0.0,0.0,0.0,0.0,0.0,0.0,0.0,0.0,,,,,,,,,,,,,,,,,,,,,"rgba(38, 166, 154, 1.0)"
2022-02-04 00:00:00+00:00,147.5577278829,148.6167309605,146.6570804058,147.8843363087,54916,0.0,0.0,0.0,0.0,0.0,0.0,0.0,0.0,,,,,,,,,,,,,,,,,,,,,"rgba(38, 166, 154, 1.0)"
2022-02-07 00:00:00+00:00,149.3590228373,149.9132674387,147.2261708446,147.4389611827,52645,0.0,0.0,0.0,0.0,0.0,0.0,0.0,0.0,,,,,,,,,,,,,,,,,,,,,"rgba(38, 166, 154, 1.0)"
2022-02-08 00:00:00+00:00,151.9224041185,152.2292180943,148.5870392854,149.655939588,78293,0.0,0.0,0.0,0.0,0.0,0.0,0.0,0.0,,,,,,,,,,,,,,,,,,,,,"rgba(38, 166, 154, 1.0)"
2022-02-09 00:00:00+00:00,154.188868649,155.1587967014,152.7537710206,153.1496600215,71852,0.0,0.0,0.0,0.0,0.0,0.0,0.0,0.0,,,,,,,,,,,,,,,,,,,,,"rgba(38, 166, 154, 1.0)"
2022-02-10 00:00:00+00:00,152.9616127461,156.7918388303,152.6350043203,154.2482519992,65225,0.0,0.0,0.0,0.0,0.0,0.0,0.0,0.0,,,,,,,,,,,,,,,,,,,,,"rgba(38, 166, 154, 1.0)"
2022-02-11 00:00:00+00:00,148.6959087607,154.4362992746,148.205996122,153.7929796481,73822,0.0,0.0,0.0,0.0,0.0,0.0,0.0,0.0,,,,,,,,,,,,,,,,,,,,,"rgba(38, 166, 154, 0.75)"
2022-02-14 00:00:00+00:00,148.5969365105,149.6163506879,147.8942335338,148.9730310614,92804,0.0,0.0,0.0,0.0,0.0,0.0,0.0,0.0,,,,,,,,,,,,,,,,,,,,,"rgba(38, 166, 154, 0.75)"
2022-02-15 00:00:00+00:00,149.3986117374,151.1405233416,147.6567001332,150.1310063892,68819,0.0,0.0,0.0,0.0,0.0,0.0,0.0,0.0,,,,,,,,,,,,,,,,,,,,,"rgba(38, 166, 154, 0.75)"
2022-02-16 00:00:00+00:00,154.9014688508,155.2973578517,148.3791975599,149.3788172874,75413,0.0,0.0,0.0,0.0,0.0,0.0,0.0,0.0,,,,,,,,,,,,,,,,,,,,,"rgba(38, 166, 154, 0.75)"
2022-02-17 00:00:00+00:00,148.9829282864,154.6144493251,148.6761143107,154.6144493251,85841,0.0,0.0,0.0,0.0,0.0,0.0,0.0,0.0,,,,,,,,,,,,,,,,,,,,,"rgba(38, 166, 154, 0.75)"
2022-02-18 00:00:00+00:00,146.6669776308,149.3788172874,146.4393414552,148.2505336346,81213,0.0,0.0,0.0,0.0,0.0,0.0,0.0,0.0,,,,,,,,,,,,,,,,,,,,,"rgba(38, 166, 154, 0.75)"
2022-02-22 00:00:00+00:00,142.9258265717,146.1424247045,142.0449735446,145.0339355018,110150,0.0,0.0,0.0,0.0,0.0,0.0,0.0,0.0,,,,,,,,,,,,,,,,,,,,,#000000
2022-02-23 00:00:00+00:00,139.4321061382,145.0834216269,139.0164226872,144.0936991245,103581,0.0,0.0,0.0,0.0,0.0,0.0,0.0,0.0,,,,,,,,,,,,,,,,,,,,,"rgba(239, 83, 80, 1.0)"
2022-02-24 00:00:00+00:00,136.878622082,137.9762243372,134.1469879754,135.0476354526,157803,0.0,0.0,0.0,0.0,0.0,0.0,0.0,0.0,,,,,,,,,,,,,,,,,,,,,"rgba(239, 83, 80, 1.0)"
2022-02-25 00:00:00+00:00,138.2939252605,138.8481698618,135.9581801548,138.2642335854,93939,0.0,0.0,0.0,0.0,0.0,0.0,0.0,0.0,,,,,,,,,,,,,,,,,,,,,"rgba(239, 83, 80, 1.0)"
2022-02-28 00:00:00+00:00,135.9284884797,136.9627484947,131.9498040201,136.04725518,117742,0.0,0.0,0.0,0.0,0.0,0.0,0.0,0.0,,,,,,,,,,,,,,,,,,,,,"rgba(239, 83, 80, 1.0)"
2022-03-01 00:00:00+00:00,129.8219006399,135.7800301044,129.2082726884,135.2950660782,148179,0.0,0.0,0.0,0.0,0.0,0.0,0.0,0.0,,,,,,,,,,,,,,,,,,,,,"rgba(239, 83, 80, 1.0)"
2022-03-02 00:00:00+00:00,129.8021061899,131.0095676428,127.397080509,131.0095676428,120303,0.0,0.0,0.0,0.0,0.0,0.0,0.0,0.0,,,,,,,,,,,,,,,,,,,,,"rgba(239, 83, 80, 1.0)"
2022-03-03 00:00:00+00:00,126.961602608,130.3167618911,125.6947578049,130.3167618911,125989,0.0,0.0,0.0,0.0,0.0,0.0,0.0,0.0,,,,,,,,,,,,,,,,,,,,,"rgba(239, 83, 80, 1.0)"
2022-03-04 00:00:00+00:00,123.1412737487,126.0114690057,119.8850867158,125.0415409533,163234,0.0,0.0,0.0,0.0,0.0,0.0,0.0,0.0,,,,,,,,,,,,,,,,,,,,,"rgba(239, 83, 80, 1.0)"
2022-03-07 00:00:00+00:00,120.2512840417,124.0221267759,119.9048811659,122.8740486731,145116,0.0,0.0,0.0,0.0,0.0,0.0,0.0,0.0,,,,,,,,,,,,,,,,,,,,,"rgba(239, 83, 80, 1.0)"
2022-03-08 00:00:00+00:00,118.0442028614,121.62699832,117.8462583609,121.0925481687,191241,0.0,0.0,0.0,0.0,0.0,0.0,0.0,0.0,,,,,,,,,,,,,,,,,,,,,"rgba(239, 83, 80, 1.0)"
2022-03-09 00:00:00+00:00,124.4675019019,124.7743158777,120.1820034665,120.5482007924,98950,0.0,0.0,0.0,0.0,0.0,0.0,0.0,0.0,,,,,,,,,,,,,,,,,,,,,"rgba(239, 83, 80, 1.0)"
2022-03-10 00:00:00+00:00,123.0917876236,124.2002768263,121.8546344956,123.2897321241,79614,0.0,0.0,0.0,0.0,0.0,0.0,0.0,0.0,,,,,,,,,,,,,,,,,,,,,"rgba(239, 83, 80, 0.75)"
2022-03-11 00:00:00+00:00,123.8142850503,124.7644186527,123.2897321241,124.7644186527,103342,0.0,0.0,0.0,0.0,0.0,0.0,0.0,0.0,,,,,,,,,,,,,,,,,,,,,"rgba(239, 83, 80, 0.75)"
2022-03-14 00:00:00+00:00,122.3297012967,126.2885913064,122.0525789961,124.6159602773,60035,0.0,0.0,0.0,0.0,0.0,0.0,0.0,0.0,,,,,,,,,,,,,,,,,,,,,"rgba(239, 83, 80, 0.75)"
2022-03-15 00:00:00+00:00,121.8348400455,122.7849736479,120.5185091174,121.9635039709,101837,0.0,0.0,0.0,0.0,0.0,0.0,0.0,0.0,,,,,,,,,,,,,,,,,,,,,"rgba(239, 83, 80, 0.75)"
2022-03-16 00:00:00+00:00,128.9707392879,129.9307701152,123.2996293491,123.2996293491,148893,0.0,0.0,0.0,0.0,0.0,0.0,0.0,0.0,,,,,,,,,,,,,,,,,,,,,"rgba(239, 83, 80, 0.75)"
2022-03-17 00:00:00+00:00,129.9505645652,131.0689509929,128.3076252112,128.3076252112,74400,0.0,0.0,0.0,0.0,0.0,0.0,0.0,0.0,,,,,,,,,,,,,,,,,,,,,"rgba(239, 83, 80, 0.75)"
2022-03-18 00:00:00+00:00,128.8519725876,131.8211400948,128.634233637,129.4161144139,110240,0.0,0.0,0.0,0.0,0.0,0.0,0.0,0.0,,,,,,,,,,,,,,,,,,,,,"rgba(239, 83, 80, 0.75)"
2022-03-21 00:00:00+00:00,128.0898862607,130.1683035158,126.8428359077,128.7826920124,71383,0.0,0.0,0.0,0.0,0.0,0.0,0.0,0.0,,,,,,,,,,,,,,,,,,,,,"rgba(239, 83, 80, 0.75)"
2022-03-22 00:00:00+00:00,132.0091873702,132.8801431723,129.1290948882,129.1290948882,157781,0.0,0.0,0.0,0.0,0.0,0.0,0.0,0.0,,,,,,,,,,,,,,,,,,,,,#000000
2022-03-23 00:00:00+00:00,128.9014587127,132.4842541714,128.8099093812,130.2870702161,82366,0.0,0.0,0.0,0.0,0.0,0.0,0.0,0.0,,,,,,,,,,,,,,,,,,,,,#000000
2022-03-24 00:00:00+00:00,127.5356416594,128.4164946865,126.0312634557,128.4164946865,104094,0.0,0.0,0.0,0.0,0.0,0.0,0.0,0.0,,,,,,,,,,,,,,,,,,,,,#000000
2022-03-25 00:00:00+00:00,127.5257444344,128.2680363112,125.9817773306,127.7632778349,70672,0.0,0.0,0.0,0.0,0.0,0.0,0.0,0.0,,,,,,,,,,,,,,,,,,,,,#000000
2022-03-28 00:00:00+00:00,127.2189304586,128.1591668359,126.2490024063,126.4766385818,90607,0.0,0.0,0.0,0.0,0.0,0.0,0.0,0.0,,,,,,,,,,,,,,,,,,,,,"rgba(239, 83, 80, 0.5)"
2022-03-29 00:00:00+00:00,130.7126508921,131.2866899435,128.7332058873,128.9509448378,69784,0.0,0.0,0.0,0.0,0.0,0.0,0.0,0.0,,,,,,,,,,,,,,,,,,,,,#000000
2022-03-30 00:00:00+00:00,128.7530003373,130.8314175924,128.5154669368,130.277172991,63254,0.0,0.0,0.0,0.0,0.0,0.0,0.0,0.0,,,,,,,,,,,,,,,,,,,,,#000000
2022-03-31 00:00:00+00:00,129.0598143131,132.0685707204,127.9364792728,128.2482418611,86500,0.0,0.0,0.0,0.0,0.0,0.0,0.0,0.0,,,,,,,,,,,,,,,,,,,,,#000000
2022-04-01 00:00:00+00:00,129.3171421637,130.2870702161,128.4362891366,129.426011639,80439,0.0,0.0,0.0,0.0,0.0,0.0,0.0,0.0,,,,,,,,,,,,,,,,,,,,,#000000
2022-04-04 00:00:00+00:00,130.8017259173,131.1976149183,128.8222809125,129.3171421637,34502,0.0,0.0,0.0,0.0,0.0,0.0,0.0,0.0,,,,,,,,,,,,,,,,,,,,,#000000
2022-04-05 00:00:00+00:00,128.3868030114,130.7522397922,127.9414278854,130.1880979658,57116,0.0,0.0,0.0,0.0,0.0,0.0,0.0,0.0,,,,,,,,,,,,,,,,,,,,,#000000
2022-04-06 00:00:00+00:00,124.1507907012,127.2981082588,123.7845933753,127.2981082588,80064,0.0,0.0,0.0,0.0,0.0,0.0,0.0,0.0,,,,,,,,,,,,,,,,,,,,,"rgba(239, 83, 80, 0.5)"
2022-04-07 00:00:00+00:00,122.003092871,123.7450044752,120.9638842434,123.6064433248,92027,0.0,0.0,0.0,0.0,0.0,0.0,0.0,0.0,,,,,,,,,,,,,,,,,,,,,"rgba(239, 83, 80, 1.0)"
2022-04-08 00:00:00+00:00,121.8150455955,122.9532264733,120.9143981183,120.9836786935,76155,0.0,0.0,0.0,0.0,0.0,0.0,0.0,0.0,,,,,,,,,,,,,,,,,,,,,"rgba(239, 83, 80, 1.0)"
2022-04-11 00:00:00+00:00,122.4880568971,123.6361349999,120.4492285422,120.4492285422,85595,0.0,0.0,0.0,0.0,0.0,0.0,0.0,0.0,,,,,,,,,,,,,,,,,,,,,"rgba(239, 83, 80, 1.0)"
2022-04-12 00:00:00+00:00,122.1119623462,126.130235706,122.1119623462,123.0126098234,84839,0.0,0.0,0.0,0.0,0.0,0.0,0.0,0.0,,,,,,,,,,,,,,,,,,,,,"rgba(239, 83, 80, 1.0)"
2022-04-13 00:00:00+00:00,124.7446242026,125.2394854538,119.8356005907,121.7457650203,64294,0.0,0.0,0.0,0.0,0.0,0.0,0.0,0.0,,,,,,,,,,,,,,,,,,,,,"rgba(239, 83, 80, 1.0)"
2022-04-14 00:00:00+00:00,121.0529592687,125.74424393,120.9935759185,124.9821576032,69347,0.0,0.0,0.0,0.0,0.0,0.0,0.0,0.0,,,,,,,,,,,,,,,,,,,,,"rgba(239, 83, 80, 1.0)"
2022-04-18 00:00:00+00:00,120.5877896925,121.7853539204,118.737008613,120.9935759185,59693,0.0,0.0,0.0,0.0,0.0,0.0,0.0,0.0,,,,,,,,,,,,,,,,,,,,,"rgba(239, 83, 80, 1.0)"
2022-04-19 00:00:00+00:00,123.0620959485,123.5173682996,121.1024453938,121.1024453938,71502,0.0,0.0,0.0,0.0,0.0,0.0,0.0,0.0,,,,,,,,,,,,,,,,,,,,,"rgba(239, 83, 80, 1.0)"
2022-04-20 00:00:00+00:00,124.2497629514,126.7042747574,123.240245999,123.240245999,71296,0.0,0.0,0.0,0.0,0.0,0.0,0.0,0.0,,,,,,,,,,,,,,,,,,,,,"rgba(239, 83, 80, 0.5)"
2022-04-21 00:00:00+00:00,121.6368955451,126.8527331327,120.9638842434,126.8527331327,73775,0.0,0.0,0.0,0.0,0.0,0.0,0.0,0.0,,,,,,,,,,,,,,,,,,,,,"rgba(239, 83, 80, 0.5)"
2022-04-22 00:00:00+00:00,117.9254361611,120.8253230931,117.8561555859,120.6174813676,73692,0.0,0.0,0.0,0.0,0.0,0.0,0.0,0.0,,,,,,,,,,,,,,,,,,,,,"rgba(239, 83, 80, 1.0)"
2022-04-25 00:00:00+00:00,118.6578308128,119.1724865141,116.3072398696,117.4107804598,64045,0.0,0.0,0.0,0.0,0.0,0.0,0.0,0.0,,,,,,,,,,,,,,,,,,,,,"rgba(239, 83, 80, 1.0)"
2022-04-26 00:00:00+00:00,114.8968853037,117.7175944356,114.7908860237,117.3118082096,72971,0.0,0.0,0.0,0.0,0.0,0.0,0.0,0.0,,,,,,,,,,,,,,,,,,,,,"rgba(239, 83, 80, 1.0)"
2022-04-27 00:00:00+00:00,112.0068955967,116.2033190069,111.0666592194,114.6296602281,132652,0.0,0.0,0.0,0.0,0.0,0.0,0.0,0.0,,,,,,,,,,,,,,,,,,,,,"rgba(239, 83, 80, 1.0)"
2022-04-28 00:00:00+00:00,112.8283652737,113.2044598246,110.8291258189,112.0959706219,132032,0.0,0.0,0.0,0.0,0.0,0.0,0.0,0.0,,,,,,,,,,,,,,,,,,,,,"rgba(239, 83, 80, 1.0)"
2022-04-29 00:00:00+00:00,109.1169058897,112.8877486238,108.7902974639,112.551242973,111223,0.0,0.0,0.0,0.0,0.0,0.0,0.0,0.0,,,,,,,,,,,,,,,,,,,,,"rgba(239, 83, 80, 1.0)"
2022-05-02 00:00:00+00:00,104.9501741546,109.5424865657,103.455693176,109.5424865657,206630,0.0,0.0,0.0,0.0,0.0,0.0,0.0,0.0,,,,,,,,,,,,,,,,,,,,,"rgba(239, 83, 80, 1.0)"
2022-05-03 00:00:00+00:00,107.6917054862,109.9086838916,103.9406572021,105.0293519548,179685,0.0,0.0,0.0,0.0,0.0,0.0,0.0,0.0,,,,,,,,,,,,,,,,,,,,,"rgba(239, 83, 80, 1.0)"
2022-05-04 00:00:00+00:00,112.3335040225,112.3928873726,105.2569881303,108.404305688,174818,0.0,0.0,0.0,0.0,0.0,0.0,0.0,0.0,,,,,,,,,,,,,,,,,,,,,"rgba(239, 83, 80, 0.75)"
2022-05-05 00:00:00+00:00,110.1363200672,112.6997013484,108.7705030139,111.3536787451,317206,0.0,0.0,0.0,0.0,0.0,0.0,0.0,0.0,,,,,,,,,,,,,,,,,,,,,"rgba(239, 83, 80, 0.75)"
2022-05-06 00:00:00+00:00,108.5032779382,110.0967311671,106.3060939829,110.0967311671,154428,0.0,0.0,0.0,0.0,0.0,0.0,0.0,0.0,,,,,,,,,,,,,,,,,,,,,"rgba(239, 83, 80, 0.75)"
2022-05-09 00:00:00+00:00,104.0297322274,109.0377280895,103.5051793011,107.2463303602,113768,0.0,0.0,0.0,0.0,0.0,0.0,0.0,0.0,,,,,,,,,,,,,,,,,,,,,"rgba(239, 83, 80, 0.75)"
2022-05-10 00:00:00+00:00,107.2463303602,108.9189613892,103.2775431255,104.9006880295,206275,0.0,0.0,0.0,0.0,0.0,0.0,0.0,0.0,,,,,,,,,,,,,,,,,,,,,"rgba(239, 83, 80, 0.75)"
2022-05-11 00:00:00+00:00,104.9996602797,107.9490333369,103.5150765261,107.6422193611,134559,0.0,0.0,0.0,0.0,0.0,0.0,0.0,0.0,,,,,,,,,,,,,,,,,,,,,"rgba(239, 83, 80, 0.75)"
2022-05-12 00:00:00+00:00,105.3460631555,106.5436273835,104.0693211275,104.3563406531,103186,0.0,0.0,0.0,0.0,0.0,0.0,0.0,0.0,,,,,,,,,,,,,,,,,,,,,"rgba(239, 83, 80, 0.75)"
2022-05-13 00:00:00+00:00,110.5421062932,110.6806674435,106.0543085783,106.0543085783,132352,0.0,0.0,0.0,0.0,0.0,0.0,0.0,0.0,,,,,,,,,,,,,,,,,,,,,"rgba(239, 83, 80, 0.5)"
2022-05-16 00:00:00+00:00,110.9577897442,112.4126818227,109.8394033164,110.7202563436,64113,0.0,0.0,0.0,0.0,0.0,0.0,0.0,0.0,,,,,,,,,,,,,,,,,,,,,"rgba(239, 83, 80, 0.5)"
2022-05-17 00:00:00+00:00,112.7293930235,113.5013765753,110.908303619,112.1949428722,111685,0.0,0.0,0.0,0.0,0.0,0.0,0.0,0.0,,,,,,,,,,,,,,,,,,,,,"rgba(239, 83, 80, 0.5)"
2022-05-18 00:00:00+00:00,108.6517363136,111.8881288964,108.2855389877,111.7891566462,82771,0.0,0.0,0.0,0.0,0.0,0.0,0.0,0.0,,,,,,,,,,,,,,,,,,,,,"rgba(239, 83, 80, 0.5)"
2022-05-19 00:00:00+00:00,110.2748812175,112.4324762727,108.2261556375,108.7606057888,70599,0.0,0.0,0.0,0.0,0.0,0.0,0.0,0.0,,,,,,,,,,,,,,,,,,,,,"rgba(239, 83, 80, 0.5)"
2022-05-20 00:00:00+00:00,110.9577897442,112.0563817218,109.8196088664,111.0369675444,86514,0.0,0.0,0.0,0.0,0.0,0.0,0.0,0.0,,,,,,,,,,,,,,,,,,,,,#000000
2022-05-23 00:00:00+00:00,112.4324762727,112.6106263232,110.9453192406,112.0563817218,65885,0.0,0.0,0.0,0.0,0.0,0.0,0.0,0.0,,,,,,,,,,,,,,,,,,,,,#000000
2022-05-24 00:00:00+00:00,109.4534115405,112.6997013484,108.2063611875,112.3236067975,50211,0.0,0.0,0.0,0.0,0.0,0.0,0.0,0.0,,,,,,,,,,,,,,,,,,,,,#000000
2022-05-25 00:00:00+00:00,109.5820754658,111.2052203698,108.6467877011,108.6467877011,71313,0.0,0.0,0.0,0.0,0.0,0.0,0.0,0.0,,,,,,,,,,,,,,,,,,,,,#000000
2022-05-26 00:00:00+00:00,113.1945625996,114.2139767771,109.5325893407,109.7008421661,81999,0.0,0.0,0.0,0.0,0.0,0.0,0.0,0.0,,,,,,,,,,,,,,,,,,,,,#000000
2022-05-27 00:00:00+00:00,116.4210579574,116.8664330835,114.174387877,114.7979130535,76905,0.0,0.0,0.0,0.0,0.0,0.0,0.0,0.0,,,,,,,,,,,,,,,,,,,,,"rgba(38, 166, 154, 1.0)"
2022-05-31 00:00:00+00:00,120.4987146673,120.6669674927,115.5599993803,116.4210579574,188918,0.0,0.0,0.0,0.0,0.0,0.0,0.0,0.0,,,,,,,,,,,,,,,,,,,,,"rgba(38, 166, 154, 1.0)"
2022-06-01 00:00:00+00:00,114.4812018527,121.1222398438,114.3822296025,120.6867619428,91185,0.0,0.0,0.0,0.0,0.0,0.0,0.0,0.0,,,,,,,,,,,,,,,,,,,,,"rgba(38, 166, 154, 1.0)"
2022-06-02 00:00:00+00:00,117.094069259,117.2623220845,113.7191155259,114.3129490273,85165,0.0,0.0,0.0,0.0,0.0,0.0,0.0,0.0,,,,,,,,,,,,,,,,,,,,,"rgba(38, 166, 154, 1.0)"
2022-06-03 00:00:00+00:00,116.3022912571,117.1831442843,114.3921268275,115.2828770797,91499,0.0,0.0,0.0,0.0,0.0,0.0,0.0,0.0,,,,,,,,,,,,,,,,,,,,,"rgba(38, 166, 154, 1.0)"
2022-06-06 00:00:00+00:00,116.5992080078,118.9844392386,116.4408524075,117.885847261,51413,0.0,0.0,0.0,0.0,0.0,0.0,0.0,0.0,,,,,,,,,,,,,,,,,,,,,"rgba(38, 166, 154, 1.0)"
2022-06-07 00:00:00+00:00,117.9551278361,118.1629695616,115.6787660806,115.6787660806,57846,0.0,0.0,0.0,0.0,0.0,0.0,0.0,0.0,,,,,,,,,,,,,,,,,,,,,"rgba(38, 166, 154, 1.0)"
2022-06-08 00:00:00+00:00,116.3220857072,117.7076972105,115.1839048294,117.094069259,95623,0.0,0.0,0.0,0.0,0.0,0.0,0.0,0.0,,,,,,,,,,,,,,,,,,,,,"rgba(38, 166, 154, 1.0)"
2022-06-09 00:00:00+00:00,111.6011093707,115.2333909545,111.4031648702,115.1839048294,48065,0.0,0.0,0.0,0.0,0.0,0.0,0.0,0.0,,,,,,,,,,,,,,,,,,,,,#000000
2022-06-10 00:00:00+00:00,108.1865667374,115.6688688556,106.0190744572,109.7305338412,82955,0.0,0.0,0.0,0.0,0.0,0.0,0.0,0.0,,,,,,,,,,,,,,,,,,,,,#000000
2022-06-13 00:00:00+00:00,103.0103180499,106.2961967579,102.4065873234,105.8310271817,89936,0.0,0.0,0.0,0.0,0.0,0.0,0.0,0.0,,,,,,,,,,,,,,,,,,,,,"rgba(239, 83, 80, 0.5)"
2022-06-14 00:00:00+00:00,101.4366592711,104.277162853,101.2733550582,103.5348709762,82969,0.0,0.0,0.0,0.0,0.0,0.0,0.0,0.0,,,,,,,,,,,,,,,,,,,,,"rgba(239, 83, 80, 1.0)"
2022-06-15 00:00:00+00:00,102.3571011983,103.1884681003,100.3281700684,102.7826818743,175978,0.0,0.0,0.0,0.0,0.0,0.0,0.0,0.0,,,,,,,,,,,,,,,,,,,,,"rgba(239, 83, 80, 1.0)"
2022-06-16 00:00:00+00:00,96.8245524099,100.6844701692,96.3890745088,99.9223838424,59230,0.0,0.0,0.0,0.0,0.0,0.0,0.0,0.0,,,,,,,,,,,,,,,,,,,,,"rgba(239, 83, 80, 1.0)"
2022-06-17 00:00:00+00:00,100.7735451945,101.5455287463,97.0027024603,97.0027024603,55241,0.0,0.0,0.0,0.0,0.0,0.0,0.0,0.0,,,,,,,,,,,,,,,,,,,,,"rgba(239, 83, 80, 1.0)"
2022-06-21 00:00:00+00:00,103.2775431255,105.0095575047,101.6543982216,102.8816541246,55688,0.0,0.0,0.0,0.0,0.0,0.0,0.0,0.0,,,,,,,,,,,,,,,,,,,,,"rgba(239, 83, 80, 1.0)"
2022-06-22 00:00:00+00:00,104.1287044776,104.4751073534,101.5158370713,101.5356315213,46532,0.0,0.0,0.0,0.0,0.0,0.0,0.0,0.0,,,,,,,,,,,,,,,,,,,,,"rgba(239, 83, 80, 0.5)"
2022-06-23 00:00:00+00:00,107.0285914096,107.2958164853,104.0693211275,104.0693211275,67776,0.0,0.0,0.0,0.0,0.0,0.0,0.0,0.0,,,,,,,,,,,,,,,,,,,,,"rgba(239, 83, 80, 0.5)"
2022-06-24 00:00:00+00:00,108.2558473126,109.4138226404,107.8005749615,108.1172861623,35311,0.0,0.0,0.0,0.0,0.0,0.0,0.0,0.0,,,,,,,,,,,,,,,,,,,,,"rgba(239, 83, 80, 0.5)"
2022-06-27 00:00:00+00:00,107.1572553349,108.6814279886,106.9593108345,108.4438945881,49923,0.0,0.0,0.0,0.0,0.0,0.0,0.0,0.0,,,,,,,,,,,,,,,,,,,,,#000000
2022-06-28 00:00:00+00:00,107.4343776356,109.9878616918,106.9494136094,108.6220446385,45701,0.0,0.0,0.0,0.0,0.0,0.0,0.0,0.0,,,,,,,,,,,,,,,,,,,,,#000000
2022-06-29 00:00:00+00:00,106.9988997346,107.1772973073,105.4825203663,107.0980094972,34466,0.0,0.0,0.0,0.0,0.0,0.0,0.0,0.0,,,,,,,,,,,,,,,,,,,,,#000000
2022-06-30 00:00:00+00:00,108.7333205806,108.8720742483,104.451778835,105.8591374643,57190,0.0,0.0,0.0,0.0,0.0,0.0,0.0,0.0,,,,,,,,,,,,,,,,,,,,,#000000
2022-07-01 00:00:00+00:00,111.4191951478,111.4588390529,107.9899973609,107.9899973609,46367,0.0,0.0,0.0,0.0,0.0,0.0,0.0,0.0,,,,,,,,,,,,,,,,,,,,,"rgba(38, 166, 154, 1.0)"
2022-07-05 00:00:00+00:00,111.1714207413,111.9345659135,107.1475643785,109.1495815836,86471,0.0,0.0,0.0,0.0,0.0,0.0,0.0,0.0,,,,,,,,,,,,,,,,,,,,,"rgba(38, 166, 154, 1.0)"
2022-07-06 00:00:00+00:00,109.7442401594,115.9286893475,108.7828754619,115.3934966293,78676,0.0,0.0,0.0,0.0,0.0,0.0,0.0,0.0,,,,,,,,,,,,,,,,,,,,,"rgba(38, 166, 154, 1.0)"
2022-07-07 00:00:00+00:00,114.2636453353,114.3429331454,110.1605011624,110.1605011624,61598,0.0,0.0,0.0,0.0,0.0,0.0,0.0,0.0,,,,,,,,,,,,,,,,,,,,,"rgba(38, 166, 154, 1.0)"
2022-07-08 00:00:00+00:00,113.5797879731,114.0753367863,112.0039427473,113.4806782105,43125,0.0,0.0,0.0,0.0,0.0,0.0,0.0,0.0,,,,,,,,,,,,,,,,,,,,,"rgba(38, 166, 154, 1.0)"
2022-07-11 00:00:00+00:00,110.6164060705,112.8860196347,110.3190767826,112.8860196347,37129,0.0,0.0,0.0,0.0,0.0,0.0,0.0,0.0,,,,,,,,,,,,,,,,,,,,,"rgba(38, 166, 154, 1.0)"
2022-07-12 00:00:00+00:00,113.3914794241,113.9068501898,110.1109462811,110.1109462811,91832,0.0,0.0,0.0,0.0,0.0,0.0,0.0,0.0,,,,,,,,,,,,,,,,,,,,,"rgba(38, 166, 154, 1.0)"
2022-07-13 00:00:00+00:00,113.649164807,114.3528441217,111.4984829579,111.4984829579,55704,0.0,0.0,0.0,0.0,0.0,0.0,0.0,0.0,,,,,,,,,,,,,,,,,,,,,"rgba(38, 166, 154, 1.0)"
2022-07-14 00:00:00+00:00,108.5846559366,112.9653074448,107.5241814765,111.7958122458,59559,0.0,0.0,0.0,0.0,0.0,0.0,0.0,0.0,,,,,,,,,,,,,,,,,,,,,"rgba(38, 166, 154, 0.75)"
2022-07-15 00:00:00+00:00,111.9246549372,112.1724293438,108.713498628,108.8522522957,45483,0.0,0.0,0.0,0.0,0.0,0.0,0.0,0.0,,,,,,,,,,,,,,,,,,,,,"rgba(38, 166, 154, 0.75)"
2022-07-18 00:00:00+00:00,115.9584222762,117.6432882409,113.8176514035,113.9762270237,61075,0.0,0.0,0.0,0.0,0.0,0.0,0.0,0.0,,,,,,,,,,,,,,,,,,,,,"rgba(38, 166, 154, 0.75)"
2022-07-19 00:00:00+00:00,118.4857212233,119.8534359476,116.7711223298,117.4153357869,64394,0.0,0.0,0.0,0.0,0.0,0.0,0.0,0.0,,,,,,,,,,,,,,,,,,,,,"rgba(38, 166, 154, 1.0)"
2022-07-20 00:00:00+00:00,119.4867298258,120.1309432829,117.9703504576,118.8226944162,31837,0.0,0.0,0.0,0.0,0.0,0.0,0.0,0.0,,,,,,,,,,,,,,,,,,,,,"rgba(38, 166, 154, 1.0)"
2022-07-21 00:00:00+00:00,120.9931982178,121.2905275057,118.2676797455,118.8326053925,26783,0.0,0.0,0.0,0.0,0.0,0.0,0.0,0.0,,,,,,,,,,,,,,,,,,,,,"rgba(38, 166, 154, 1.0)"
2022-07-22 00:00:00+00:00,120.5174713572,122.9357495653,120.0912993779,121.5680348411,39697,0.0,0.0,0.0,0.0,0.0,0.0,0.0,0.0,,,,,,,,,,,,,,,,,,,,,"rgba(38, 166, 154, 1.0)"
2022-07-25 00:00:00+00:00,121.0328421229,121.3797262921,119.8137920425,120.8841774789,71707,0.0,0.0,0.0,0.0,0.0,0.0,0.0,0.0,,,,,,,,,,,,,,,,,,,,,"rgba(38, 166, 154, 1.0)"
2022-07-26 00:00:00+00:00,121.0031091941,121.7266104613,120.0615664491,120.5571152622,41411,0.0,0.0,0.0,0.0,0.0,0.0,0.0,0.0,,,,,,,,,,,,,,,,,,,,,"rgba(38, 166, 154, 1.0)"
2022-07-27 00:00:00+00:00,123.0645922568,123.0943251856,120.7702012519,121.7563433901,62761,0.0,0.0,0.0,0.0,0.0,0.0,0.0,0.0,,,,,,,,,,,,,,,,,,,,,"rgba(38, 166, 154, 1.0)"
2022-07-28 00:00:00+00:00,123.411476426,124.2638203846,122.4402007522,123.2429898295,90713,0.0,0.0,0.0,0.0,0.0,0.0,0.0,0.0,,,,,,,,,,,,,,,,,,,,,"rgba(38, 166, 154, 1.0)"
2022-07-29 00:00:00+00:00,123.8574703578,124.3232862422,122.9258385891,123.6196069275,40558,0.0,0.0,0.0,0.0,0.0,0.0,0.0,0.0,,,,,,,,,,,,,,,,,,,,,"rgba(38, 166, 154, 1.0)"
2022-08-01 00:00:00+00:00,122.4501117285,123.857371248,121.5581238648,123.1637020194,54418,0.0,0.0,0.0,0.0,0.0,0.0,0.0,0.0,,,,,,,,,,,,,,,,,,,,,"rgba(38, 166, 154, 1.0)"
2022-08-02 00:00:00+00:00,121.8653641289,123.1438800669,121.67705558,122.2320702507,89611,0.0,0.0,0.0,0.0,0.0,0.0,0.0,0.0,,,,,,,,,,,,,,,,,,,,,"rgba(38, 166, 154, 0.75)"
2022-08-03 00:00:00+00:00,124.6305265063,127.8020389104,120.1408542592,120.1408542592,85867,0.0,0.0,0.0,0.0,0.0,0.0,0.0,0.0,,,,,,,,,,,,,,,,,,,,,"rgba(38, 166, 154, 0.75)"
2022-08-04 00:00:00+00:00,121.3995482446,123.8673813341,118.5005876877,122.3708239184,112063,0.0,0.0,0.0,0.0,0.0,0.0,0.0,0.0,,,,,,,,,,,,,,,,,,,,,"rgba(38, 166, 154, 0.75)"
2022-08-05 00:00:00+00:00,121.2707055532,121.716699485,118.6542078198,119.2686883481,38448,0.0,0.0,0.0,0.0,0.0,0.0,0.0,0.0,,,,,,,,,,,,,,,,,,,,,"rgba(38, 166, 154, 0.75)"
2022-08-08 00:00:00+00:00,122.4302897759,124.0755118356,121.2905275057,122.4798446573,34113,0.0,0.0,0.0,0.0,0.0,0.0,0.0,0.0,,,,,,,,,,,,,,,,,,,,,"rgba(38, 166, 154, 0.75)"
2022-08-09 00:00:00+00:00,118.6839407485,121.7761653426,118.0694602202,121.7464324138,64040,0.0,0.0,0.0,0.0,0.0,0.0,0.0,0.0,,,,,,,,,,,,,,,,,,,,,"rgba(38, 166, 154, 0.75)"
2022-08-10 00:00:00+00:00,122.846550779,124.1151557406,121.1220409092,123.5601410699,49055,0.0,0.0,0.0,0.0,0.0,0.0,0.0,0.0,,,,,,,,,,,,,,,,,,,,,"rgba(38, 166, 154, 0.75)"
2022-08-11 00:00:00+00:00,126.5334339488,126.6820985927,122.8564617552,122.8961056603,85172,0.0,0.0,0.0,0.0,0.0,0.0,0.0,0.0,,,,,,,,,,,,,,,,,,,,,"rgba(38, 166, 154, 1.0)"
2022-08-12 00:00:00+00:00,131.6574086767,131.8407617376,125.8347101223,125.8793095154,88134,0.0,0.0,0.0,0.0,0.0,0.0,0.0,0.0,,,,,,,,,,,,,,,,,,,,,"rgba(38, 166, 154, 1.0)"
2022-08-15 00:00:00+00:00,129.0904658246,131.2114147449,127.7524840291,131.2114147449,49636,0.0,0.0,0.0,0.0,0.0,0.0,0.0,0.0,,,,,,,,,,,,,,,,,,,,,"rgba(38, 166, 154, 1.0)"
2022-08-16 00:00:00+00:00,130.0022756408,130.121207356,128.6642938453,128.6642938453,49367,0.0,0.0,0.0,0.0,0.0,0.0,0.0,0.0,,,,,,,,,,,,,,,,,,,,,"rgba(38, 166, 154, 1.0)"
2022-08-17 00:00:00+00:00,128.6642938453,129.3085073024,127.296579121,129.0508219196,66501,0.0,0.0,0.0,0.0,0.0,0.0,0.0,0.0,,,,,,,,,,,,,,,,,,,,,"rgba(38, 166, 154, 1.0)"
2022-08-18 00:00:00+00:00,128.6642938453,129.6454804953,126.9397839756,128.7634036079,62995,0.0,0.0,0.0,0.0,0.0,0.0,0.0,0.0,,,,,,,,,,,,,,,,,,,,,"rgba(38, 166, 154, 1.0)"
2022-08-19 00:00:00+00:00,124.8783009129,126.766341891,122.9952154229,126.766341891,69531,0.0,0.0,0.0,0.0,0.0,0.0,0.0,0.0,,,,,,,,,,,,,,,,,,,,,"rgba(38, 166, 154, 0.75)"
2022-08-22 00:00:00+00:00,121.1319518855,123.9466691442,121.0923079804,123.2826337345,57942,0.0,0.0,0.0,0.0,0.0,0.0,0.0,0.0,,,,,,,,,,,,,,,,,,,,,"rgba(38, 166, 154, 0.5)"
2022-08-23 00:00:00+00:00,120.9139104077,122.0536726779,119.9426347339,120.8643555264,70084,0.0,0.0,0.0,0.0,0.0,0.0,0.0,0.0,,,,,,,,,,,,,,,,,,,,,#000000
2022-08-24 00:00:00+00:00,122.0140287729,122.7276190638,119.8038810663,121.0625750517,39099,0.0,0.0,0.0,0.0,0.0,0.0,0.0,0.0,,,,,,,,,,,,,,,,,,,,,#000000
2022-08-25 00:00:00+00:00,125.0368765331,125.0616539737,122.7077971113,123.1438800669,31317,0.0,0.0,0.0,0.0,0.0,0.0,0.0,0.0,,,,,,,,,,,,,,,,,,,,,#000000
2022-08-26 00:00:00+00:00,120.0417444966,125.5026924174,119.9921896153,125.5026924174,44975,0.0,0.0,0.0,0.0,0.0,0.0,0.0,0.0,,,,,,,,,,,,,,,,,,,,,"rgba(239, 83, 80, 1.0)"
2022-08-29 00:00:00+00:00,119.0209139415,120.4580054996,117.9108846,118.664118796,46216,0.0,0.0,0.0,0.0,0.0,0.0,0.0,0.0,,,,,,,,,,,,,,,,,,,,,"rgba(239, 83, 80, 1.0)"
2022-08-30 00:00:00+00:00,117.4748016445,119.5858395885,117.4252467632,119.5065517784,22809,0.0,0.0,0.0,0.0,0.0,0.0,0.0,0.0,,,,,,,,,,,,,,,,,,,,,"rgba(239, 83, 80, 1.0)"
2022-08-31 00:00:00+00:00,115.760202751,118.287501698,115.3538527242,117.4450687157,48065,0.0,0.0,0.0,0.0,0.0,0.0,0.0,0.0,,,,,,,,,,,,,,,,,,,,,"rgba(239, 83, 80, 1.0)"
2022-09-01 00:00:00+00:00,113.4707672342,114.8483929348,110.7353377857,114.6501734095,43695,0.0,0.0,0.0,0.0,0.0,0.0,0.0,0.0,,,,,,,,,,,,,,,,,,,,,"rgba(239, 83, 80, 1.0)"
2022-09-02 00:00:00+00:00,113.0743281837,115.3340307717,112.5688683943,114.5312416944,41254,0.0,0.0,0.0,0.0,0.0,0.0,0.0,0.0,,,,,,,,,,,,,,,,,,,,,"rgba(239, 83, 80, 1.0)"
2022-09-06 00:00:00+00:00,110.1109462811,112.519313513,109.5162877053,109.5162877053,44731,0.0,0.0,0.0,0.0,0.0,0.0,0.0,0.0,,,,,,,,,,,,,,,,,,,,,"rgba(239, 83, 80, 1.0)"
2022-09-07 00:00:00+00:00,113.4707672342,113.5996099257,109.6253084442,109.8532608983,55101,0.0,0.0,0.0,0.0,0.0,0.0,0.0,0.0,,,,,,,,,,,,,,,,,,,,,"rgba(239, 83, 80, 1.0)"
2022-09-08 00:00:00+00:00,114.2438233828,114.2438233828,111.5480378392,112.5094025367,53173,0.0,0.0,0.0,0.0,0.0,0.0,0.0,0.0,,,,,,,,,,,,,,,,,,,,,"rgba(239, 83, 80, 0.75)"
2022-09-09 00:00:00+00:00,117.0882735702,117.266671143,115.6313600596,115.6313600596,60648,0.0,0.0,0.0,0.0,0.0,0.0,0.0,0.0,,,,,,,,,,,,,,,,,,,,,"rgba(239, 83, 80, 0.75)"
2022-09-12 00:00:00+00:00,118.5352761046,119.3677981107,117.7473534917,118.7632285587,28975,0.0,0.0,0.0,0.0,0.0,0.0,0.0,0.0,,,,,,,,,,,,,,,,,,,,,"rgba(239, 83, 80, 0.75)"
2022-09-13 00:00:00+00:00,113.7680965221,115.6610929884,113.2824586853,115.2448319853,51795,0.0,0.0,0.0,0.0,0.0,0.0,0.0,0.0,,,,,,,,,,,,,,,,,,,,,"rgba(239, 83, 80, 0.75)"
2022-09-14 00:00:00+00:00,112.8067318246,114.1001142269,111.9345659135,114.1001142269,34945,0.0,0.0,0.0,0.0,0.0,0.0,0.0,0.0,,,,,,,,,,,,,,,,,,,,,"rgba(239, 83, 80, 0.75)"
2022-09-15 00:00:00+00:00,112.0931415337,114.7096392671,111.3795512428,113.3617464954,46526,0.0,0.0,0.0,0.0,0.0,0.0,0.0,0.0,,,,,,,,,,,,,,,,,,,,,"rgba(239, 83, 80, 0.75)"
2022-09-16 00:00:00+00:00,110.2397889725,111.0227560973,109.3775340377,110.2100560437,45626,0.0,0.0,0.0,0.0,0.0,0.0,0.0,0.0,,,,,,,,,,,,,,,,,,,,,"rgba(239, 83, 80, 1.0)"
2022-09-19 00:00:00+00:00,110.9632902397,111.0376225617,108.0395522422,108.6044778892,31195,0.0,0.0,0.0,0.0,0.0,0.0,0.0,0.0,,,,,,,,,,,,,,,,,,,,,"rgba(239, 83, 80, 1.0)"
2022-09-20 00:00:00+00:00,107.9305315033,109.7541511357,107.4845375714,109.5361096579,31740,0.0,0.0,0.0,0.0,0.0,0.0,0.0,0.0,,,,,,,,,,,,,,,,,,,,,"rgba(239, 83, 80, 1.0)"
2022-09-21 00:00:00+00:00,105.8393155118,108.713498628,105.7203837966,108.3963473876,41353,0.0,0.0,0.0,0.0,0.0,0.0,0.0,0.0,,,,,,,,,,,,,,,,,,,,,"rgba(239, 83, 80, 1.0)"
2022-09-22 00:00:00+00:00,101.8055481728,105.6906508679,101.3892871697,105.6906508679,68680,0.0,0.0,0.0,0.0,0.0,0.0,0.0,0.0,,,,,,,,,,,,,,,,,,,,,"rgba(239, 83, 80, 1.0)"
2022-09-23 00:00:00+00:00,98.4259052671,100.7351627364,97.5636503323,100.1008602556,105011,0.0,0.0,0.0,0.0,0.0,0.0,0.0,0.0,,,,,,,,,,,,,,,,,,,,,"rgba(239, 83, 80, 1.0)"
2022-09-26 00:00:00+00:00,94.6200903822,98.4159942909,93.6983695897,98.2574186707,59355,0.0,0.0,0.0,0.0,0.0,0.0,0.0,0.0,,,,,,,,,,,,,,,,,,,,,"rgba(239, 83, 80, 1.0)"
2022-09-27 00:00:00+00:00,92.0333255775,94.6002684296,91.5377767644,94.6002684296,510327,0.0,0.0,0.0,0.0,0.0,0.0,0.0,0.0,,,,,,,,,,,,,,,,,,,,,"rgba(239, 83, 80, 1.0)"
2022-09-28 00:00:00+00:00,94.3524940231,94.7786660024,90.4079254704,92.4694085331,511720,0.0,0.0,0.0,0.0,0.0,0.0,0.0,0.0,,,,,,,,,,,,,,,,,,,,,"rgba(239, 83, 80, 1.0)"
2022-09-29 00:00:00+00:00,89.7438900608,92.8559366074,88.7032375532,92.7469158685,87600,0.0,0.0,0.0,0.0,0.0,0.0,0.0,0.0,,,,,,,,,,,,,,,,,,,,,"rgba(239, 83, 80, 1.0)"
2022-09-30 00:00:00+00:00,90.844008426,92.3207438892,89.4663827254,89.9421095861,98384,0.0,0.0,0.0,0.0,0.0,0.0,0.0,0.0,,,,,,,,,,,,,,,,,,,,,"rgba(239, 83, 80, 1.0)"
2022-10-03 00:00:00+00:00,93.4307732306,93.7677464236,91.0917828326,92.4694085331,142110,0.0,0.0,0.0,0.0,0.0,0.0,0.0,0.0,,,,,,,,,,,,,,,,,,,,,"rgba(239, 83, 80, 0.75)"
2022-10-04 00:00:00+00:00,100.8937383566,101.2307115495,95.8986063201,95.8986063201,228947,0.0,0.0,0.0,0.0,0.0,0.0,0.0,0.0,,,,,,,,,,,,,,,,,,,,,"rgba(239, 83, 80, 0.75)"
2022-10-05 00:00:00+00:00,96.6617514923,99.5557565611,96.1166477979,98.9710089616,145234,0.0,0.0,0.0,0.0,0.0,0.0,0.0,0.0,,,,,,,,,,,,,,,,,,,,,"rgba(239, 83, 80, 0.75)"
2022-10-06 00:00:00+00:00,92.5189634144,96.3247782994,92.4991414619,95.9580721777,100484,0.0,0.0,0.0,0.0,0.0,0.0,0.0,0.0,,,,,,,,,,,,,,,,,,,,,"rgba(239, 83, 80, 0.75)"
2022-10-07 00:00:00+00:00,89.6844242032,91.7260853134,89.2037418545,91.7260853134,131311,0.0,0.0,0.0,0.0,0.0,0.0,0.0,0.0,,,,,,,,,,,,,,,,,,,,,"rgba(239, 83, 80, 0.75)"
2022-10-10 00:00:00+00:00,89.4564717492,92.1720792452,88.7230595057,89.6348693219,79948,0.0,0.0,0.0,0.0,0.0,0.0,0.0,0.0,,,,,,,,,,,,,,,,,,,,,"rgba(239, 83, 80, 0.75)"
2022-10-11 00:00:00+00:00,90.2196169214,91.2503584528,87.0481045173,89.2483412477,96719,0.0,0.0,0.0,0.0,0.0,0.0,0.0,0.0,,,,,,,,,,,,,,,,,,,,,"rgba(239, 83, 80, 0.75)"
2022-10-12 00:00:00+00:00,91.4584889543,91.7558182422,89.9321986098,90.9530291649,73126,0.0,0.0,0.0,0.0,0.0,0.0,0.0,0.0,,,,,,,,,,,,,,,,,,,,,"rgba(239, 83, 80, 0.75)"
2022-10-13 00:00:00+00:00,92.9451353937,93.4406842069,87.5535643067,89.0996766037,126961,0.0,0.0,0.0,0.0,0.0,0.0,0.0,0.0,,,,,,,,,,,,,,,,,,,,,"rgba(239, 83, 80, 0.75)"
2022-10-14 00:00:00+00:00,91.3197352866,95.0859062665,91.2107145477,95.0859062665,63364,0.0,0.0,0.0,0.0,0.0,0.0,0.0,0.0,,,,,,,,,,,,,,,,,,,,,"rgba(239, 83, 80, 0.75)"
2022-10-17 00:00:00+00:00,94.8579538125,96.3346892756,93.5744823864,94.1641854741,54550,0.0,0.0,0.0,0.0,0.0,0.0,0.0,0.0,,,,,,,,,,,,,,,,,,,,,"rgba(239, 83, 80, 0.5)"
2022-10-18 00:00:00+00:00,95.81931851,97.5240064272,94.2434732842,96.9095258989,46585,0.0,0.0,0.0,0.0,0.0,0.0,0.0,0.0,,,,,,,,,,,,,,,,,,,,,"rgba(239, 83, 80, 0.5)"
2022-10-19 00:00:00+00:00,93.519972017,94.8083989312,92.8460256311,94.3326720705,77271,0.0,0.0,0.0,0.0,0.0,0.0,0.0,0.0,,,,,,,,,,,,,,,,,,,,,"rgba(239, 83, 80, 0.5)"
2022-10-20 00:00:00+00:00,93.3019305392,95.5616331271,93.2920195629,93.708280566,54266,0.0,0.0,0.0,0.0,0.0,0.0,0.0,0.0,,,,,,,,,,,,,,,,,,,,,"rgba(239, 83, 80, 0.5)"
2022-10-21 00:00:00+00:00,94.6597342872,95.0859062665,93.1334439427,93.5001500645,41142,0.0,0.0,0.0,0.0,0.0,0.0,0.0,0.0,,,,,,,,,,,,,,,,,,,,,"rgba(239, 83, 80, 0.5)"
2022-10-24 00:00:00+00:00,94.9075086938,95.7400306999,94.0353427827,94.9570635751,40200,0.0,0.0,0.0,0.0,0.0,0.0,0.0,0.0,,,,,,,,,,,,,,,,,,,,,#000000
2022-10-25 00:00:00+00:00,97.4447186171,98.8322552939,93.6785476372,94.5507135483,165575,0.0,0.0,0.0,0.0,0.0,0.0,0.0,0.0,,,,,,,,,,,,,,,,,,,,,#000000
2022-10-26 00:00:00+00:00,98.7727894363,98.8520772464,97.0284576141,98.0691101217,74631,0.0,0.0,0.0,0.0,0.0,0.0,0.0,0.0,,,,,,,,,,,,,,,,,,,,,"rgba(38, 166, 154, 1.0)"
2022-10-27 00:00:00+00:00,95.0264404089,99.2980711783,94.0353427827,99.2980711783,92998,0.0,0.0,0.0,0.0,0.0,0.0,0.0,0.0,,,,,,,,,,,,,,,,,,,,,#000000
2022-10-28 00:00:00+00:00,95.4129684832,96.3743331807,94.7390220973,95.2395263986,59615,0.0,0.0,0.0,0.0,0.0,0.0,0.0,0.0,,,,,,,,,,,,,,,,,,,,,#000000
2022-10-31 00:00:00+00:00,93.1037110139,95.2197044461,92.5486963432,94.5903574534,73733,0.0,0.0,0.0,0.0,0.0,0.0,0.0,0.0,,,,,,,,,,,,,,,,,,,,,#000000
2022-11-01 00:00:00+00:00,89.6844242032,92.9649573463,88.6090832787,92.9649573463,393882,0.0,0.0,0.0,0.0,0.0,0.0,0.0,0.0,,,,,,,,,,,,,,,,,,,,,"rgba(239, 83, 80, 0.5)"
2022-11-02 00:00:00+00:00,85.303772695,89.4465607729,85.303772695,88.9807448886,122623,0.0,0.0,0.0,0.0,0.0,0.0,0.0,0.0,,,,,,,,,,,,,,,,,,,,,"rgba(239, 83, 80, 0.5)"
2022-11-03 00:00:00+00:00,85.7299446743,87.1174813511,83.4107762288,83.9063250419,114661,0.0,0.0,0.0,0.0,0.0,0.0,0.0,0.0,,,,,,,,,,,,,,,,,,,,,"rgba(239, 83, 80, 0.5)"
2022-11-04 00:00:00+00:00,86.5822886329,88.8221692684,86.4088465483,87.5733862592,75565,0.0,0.0,0.0,0.0,0.0,0.0,0.0,0.0,,,,,,,,,,,,,,,,,,,,,"rgba(239, 83, 80, 0.5)"
2022-11-07 00:00:00+00:00,86.7210423006,87.5337423542,85.7002117455,87.1373033037,114193,0.0,0.0,0.0,0.0,0.0,0.0,0.0,0.0,,,,,,,,,,,,,,,,,,,,,"rgba(239, 83, 80, 0.5)"
2022-11-08 00:00:00+00:00,89.6447802982,90.9926730699,86.4633569178,86.9192618259,137866,0.0,0.0,0.0,0.0,0.0,0.0,0.0,0.0,,,,,,,,,,,,,,,,,,,,,"rgba(239, 83, 80, 0.5)"
2022-11-09 00:00:00+00:00,89.4762937017,90.1601510638,88.1581338587,88.2770655739,44741,0.0,0.0,0.0,0.0,0.0,0.0,0.0,0.0,,,,,,,,,,,,,,,,,,,,,"rgba(239, 83, 80, 0.5)"
2022-11-10 00:00:00+00:00,95.442701412,96.3346892756,93.4505951831,93.6983695897,191789,0.0,0.0,0.0,0.0,0.0,0.0,0.0,0.0,,,,,,,,,,,,,,,,,,,,,"rgba(239, 83, 80, 0.5)"
2022-11-11 00:00:00+00:00,100.1504151369,101.0721359293,96.612196611,96.612196611,164636,0.0,0.0,0.0,0.0,0.0,0.0,0.0,0.0,,,,,,,,,,,,,,,,,,,,,"rgba(38, 166, 154, 1.0)"
2022-11-14 00:00:00+00:00,94.461514762,99.8431748727,94.273206213,99.5062016798,58696,0.0,0.0,0.0,0.0,0.0,0.0,0.0,0.0,,,,,,,,,,,,,,,,,,,,,"rgba(38, 166, 154, 1.0)"
2022-11-15 00:00:00+00:00,94.5903574534,96.0968258453,94.3921379281,95.6904758186,70413,0.0,0.0,0.0,0.0,0.0,0.0,0.0,0.0,,,,,,,,,,,,,,,,,,,,,"rgba(38, 166, 154, 1.0)"
2022-11-16 00:00:00+00:00,93.4803281119,94.273206213,93.1334439427,94.1542744978,39200,0.0,0.0,0.0,0.0,0.0,0.0,0.0,0.0,,,,,,,,,,,,,,,,,,,,,"rgba(38, 166, 154, 1.0)"
2022-11-17 00:00:00+00:00,91.9540377674,92.7370048922,91.0570944156,91.6170645745,104082,0.0,0.0,0.0,0.0,0.0,0.0,0.0,0.0,,,,,,,,,,,,,,,,,,,,,#000000
2022-11-18 00:00:00+00:00,91.0917828326,93.2127317528,90.7647206159,92.8262036786,116227,0.0,0.0,0.0,0.0,0.0,0.0,0.0,0.0,,,,,,,,,,,,,,,,,,,,,#000000
2022-11-21 00:00:00+00:00,91.8053731235,92.0531475301,90.051130325,90.0808632537,153591,0.0,0.0,0.0,0.0,0.0,0.0,0.0,0.0,,,,,,,,,,,,,,,,,,,,,#000000
2022-11-22 00:00:00+00:00,92.6973609872,93.2821085867,91.5774206694,92.0630585063,92368,0.0,0.0,0.0,0.0,0.0,0.0,0.0,0.0,,,,,,,,,,,,,,,,,,,,,#000000
2022-11-23 00:00:00+00:00,93.3613963968,93.5298829932,92.144625841,93.1730878478,56977,0.0,0.0,0.0,0.0,0.0,0.0,0.0,0.0,,,,,,,,,,,,,,,,,,,,,#000000
2022-11-25 00:00:00+00:00,93.8569452099,94.1344525453,92.5387853669,93.4109512781,13523,0.0,0.0,0.0,0.0,0.0,0.0,0.0,0.0,,,,,,,,,,,,,,,,,,,,,#000000
2022-11-28 00:00:00+00:00,91.1611596664,93.331663468,90.6755218295,93.3019305392,53522,0.0,0.0,0.0,0.0,0.0,0.0,0.0,0.0,,,,,,,,,,,,,,,,,,,,,#000000
2022-11-29 00:00:00+00:00,90.844008426,91.825195076,90.3484596128,91.1809816189,43569,0.0,0.0,0.0,0.0,0.0,0.0,0.0,0.0,,,,,,,,,,,,,,,,,,,,,#000000
2022-11-30 00:00:00+00:00,93.8272122811,93.8371232574,90.4079254704,90.769676104,86327,0.0,0.0,0.0,0.0,0.0,0.0,0.0,0.0,,,,,,,,,,,,,,,,,,,,,#000000
2022-12-01 00:00:00+00:00,95.670653866,96.0869148691,91.5476877407,94.0749866877,85762,0.0,0.0,0.0,0.0,0.0,0.0,0.0,0.0,,,,,,,,,,,,,,,,,,,,,"rgba(38, 166, 154, 1.0)"
2022-12-02 00:00:00+00:00,95.3435916494,96.9590807802,94.1939184029,94.4020489044,75777,0.0,0.0,0.0,0.0,0.0,0.0,0.0,0.0,,,,,,,,,,,,,,,,,,,,,"rgba(38, 166, 154, 1.0)"
2022-12-05 00:00:00+00:00,92.350476818,95.6508319135,91.7979398913,95.5418111746,189754,0.0,0.0,0.0,0.0,0.0,0.0,0.0,0.0,,,,,,,,,,,,,,,,,,,,,#000000
2022-12-06 00:00:00+00:00,89.2879851527,92.7171829397,88.4257302178,92.7171829397,124014,0.0,0.0,0.0,0.0,0.0,0.0,0.0,0.0,,,,,,,,,,,,,,,,,,,,,#000000
2022-12-07 00:00:00+00:00,91.636886527,92.3603877942,89.337540034,89.337540034,72669,0.0,0.0,0.0,0.0,0.0,0.0,0.0,0.0,,,,,,,,,,,,,,,,,,,,,#000000
2022-12-08 00:00:00+00:00,91.6170645745,93.6587256847,91.1908925952,92.5883402483,41606,0.0,0.0,0.0,0.0,0.0,0.0,0.0,0.0,,,,,,,,,,,,,,,,,,,,,#000000
2022-12-09 00:00:00+00:00,89.486204678,91.4039785848,89.486204678,90.9332072124,88636,0.0,0.0,0.0,0.0,0.0,0.0,0.0,0.0,,,,,,,,,,,,,,,,,,,,,"rgba(239, 83, 80, 0.5)"
2022-12-12 00:00:00+00:00,91.7459072659,92.7915152617,90.7448986634,90.7548096396,101651,0.0,0.0,0.0,0.0,0.0,0.0,0.0,0.0,,,,,,,,,,,,,,,,,,,,,"rgba(239, 83, 80, 0.5)"
2022-12-13 00:00:00+00:00,91.8747499573,95.3039477443,90.844008426,93.6587256847,126276,0.0,0.0,0.0,0.0,0.0,0.0,0.0,0.0,,,,,,,,,,,,,,,,,,,,,#000000
2022-12-14 00:00:00+00:00,91.0818718563,91.9837706962,90.2493498502,91.7260853134,73539,0.0,0.0,0.0,0.0,0.0,0.0,0.0,0.0,,,,,,,,,,,,,,,,,,,,,#000000
2022-12-15 00:00:00+00:00,88.0094692148,89.6546912744,87.5932082117,89.3276290578,113033,0.0,0.0,0.0,0.0,0.0,0.0,0.0,0.0,,,,,,,,,,,,,,,,,,,,,"rgba(239, 83, 80, 0.5)"
2022-12-16 00:00:00+00:00,88.395997289,88.9510119598,86.0470959147,86.6714874193,100674,0.0,0.0,0.0,0.0,0.0,0.0,0.0,0.0,,,,,,,,,,,,,,,,,,,,,"rgba(239, 83, 80, 0.5)"
2022-12-19 00:00:00+00:00,87.1967691612,88.7428814582,86.9589057309,88.7428814582,65551,0.0,0.0,0.0,0.0,0.0,0.0,0.0,0.0,,,,,,,,,,,,,,,,,,,,,"rgba(239, 83, 80, 1.0)"
2022-12-20 00:00:00+00:00,87.1472142799,87.5832972355,86.057006891,86.9093508496,63865,0.0,0.0,0.0,0.0,0.0,0.0,0.0,0.0,,,,,,,,,,,,,,,,,,,,,"rgba(239, 83, 80, 1.0)"
2022-12-21 00:00:00+00:00,89.5060266305,89.7538010371,87.9103594522,87.9103594522,70413,0.0,0.0,0.0,0.0,0.0,0.0,0.0,0.0,,,,,,,,,,,,,,,,,,,,,"rgba(239, 83, 80, 1.0)"
2022-12-22 00:00:00+00:00,88.20768874,88.8717241497,86.9787276834,87.8608045708,84706,0.0,0.0,0.0,0.0,0.0,0.0,0.0,0.0,,,,,,,,,,,,,,,,,,,,,"rgba(239, 83, 80, 0.75)"
2022-12-23 00:00:00+00:00,89.3078071052,89.5456705355,87.9896472623,88.2572436214,29030,0.0,0.0,0.0,0.0,0.0,0.0,0.0,0.0,,,,,,,,,,,,,,,,,,,,,"rgba(239, 83, 80, 0.5)"
2022-12-27 00:00:00+00:00,89.3970058916,90.051130325,88.8122582921,89.2582522239,22290,0.0,0.0,0.0,0.0,0.0,0.0,0.0,0.0,,,,,,,,,,,,,,,,,,,,,"rgba(239, 83, 80, 0.5)"
2022-12-28 00:00:00+00:00,87.8211606658,91.0818718563,87.6526740693,91.0818718563,51917,0.0,0.0,0.0,0.0,0.0,0.0,0.0,0.0,,,,,,,,,,,,,,,,,,,,,"rgba(239, 83, 80, 0.5)"
2022-12-29 00:00:00+00:00,91.4584889543,91.5577600809,87.3585914249,87.3585914249,41372,0.0,0.0,0.0,0.0,0.0,0.0,0.0,0.0,,,,,,,,,,,,,,,,,,,,,#000000
2022-12-30 00:00:00+00:00,91.3691449403,92.8681389523,89.8403695904,89.8403695904,74508,0.0,0.0,0.0,0.0,0.0,0.0,0.0,0.0,,,,,,,,,,,,,,,,,,,,,#000000
2023-01-03 00:00:00+00:00,91.8952819114,93.1063896562,90.2275269842,91.7265209962,34502,0.0,0.0,0.0,0.0,0.0,0.0,0.0,0.0,,,,,,,,,,,,,,,,,,,,,"rgba(38, 166, 154, 1.0)"
2023-01-04 00:00:00+00:00,93.6623079652,94.0196840211,92.5107628965,93.1163167688,47220,0.0,0.0,0.0,0.0,0.0,0.0,0.0,0.0,,,,,,,,,,,,,,,,,,,,,"rgba(38, 166, 154, 1.0)"
2023-01-05 00:00:00+00:00,90.6841741667,92.3618562065,90.2672354349,92.3618562065,63855,0.0,0.0,0.0,0.0,0.0,0.0,0.0,0.0,,,,,,,,,,,,,,,,,,,,,"rgba(38, 166, 154, 1.0)"
2023-01-06 00:00:00+00:00,93.5034741626,93.7020164159,89.7410984638,90.8330808566,145504,0.0,0.0,0.0,0.0,0.0,0.0,0.0,0.0,,,,,,,,,,,,,,,,,,,,,"rgba(38, 166, 154, 1.0)"
2023-01-09 00:00:00+00:00,94.7145819074,95.7271473989,93.9104857818,94.0196840211,20659,0.0,0.0,0.0,0.0,0.0,0.0,0.0,0.0,,,,,,,,,,,,,,,,,,,,,"rgba(38, 166, 154, 1.0)"
2023-01-10 00:00:00+00:00,95.2109375405,95.4194069064,93.7715062045,94.0693195844,30410,0.0,0.0,0.0,0.0,0.0,0.0,0.0,0.0,,,,,,,,,,,,,,,,,,,,,"rgba(38, 166, 154, 1.0)"
2023-01-11 00:00:00+00:00,97.4544650021,98.0004561985,95.5683135963,95.5683135963,59108,0.0,0.0,0.0,0.0,0.0,0.0,0.0,0.0,,,,,,,,,,,,,,,,,,,,,"rgba(38, 166, 154, 1.0)"
2023-01-12 00:00:00+00:00,98.7846980988,98.8144794368,97.3105218685,98.5861558455,46036,0.0,0.0,0.0,0.0,0.0,0.0,0.0,0.0,,,,,,,,,,,,,,,,,,,,,"rgba(38, 166, 154, 1.0)"
2023-01-13 00:00:00+00:00,98.6258642962,99.1619283799,96.8886195804,97.2857040868,66580,0.0,0.0,0.0,0.0,0.0,0.0,0.0,0.0,,,,,,,,,,,,,,,,,,,,,"rgba(38, 166, 154, 1.0)"
2023-01-17 00:00:00+00:00,99.7873364776,100.4921614766,97.9210392972,99.1917097179,58407,0.0,0.0,0.0,0.0,0.0,0.0,0.0,0.0,,,,,,,,,,,,,,,,,,,,,"rgba(38, 166, 154, 1.0)"
2023-01-18 00:00:00+00:00,100.1050040828,100.7006308425,99.5093773231,100.6460317229,40682,0.0,0.0,0.0,0.0,0.0,0.0,0.0,0.0,,,,,,,,,,,,,,,,,,,,,"rgba(38, 166, 154, 1.0)"
2023-01-19 00:00:00+00:00,98.5067389443,99.9759516182,97.9954926422,99.3455799642,72027,0.0,0.0,0.0,0.0,0.0,0.0,0.0,0.0,,,,,,,,,,,,,,,,,,,,,"rgba(38, 166, 154, 1.0)"
2023-01-20 00:00:00+00:00,99.8667533789,100.3234005614,97.0970889463,98.5067389443,29154,0.0,0.0,0.0,0.0,0.0,0.0,0.0,0.0,,,,,,,,,,,,,,,,,,,,,"rgba(38, 166, 154, 1.0)"
2023-01-23 00:00:00+00:00,103.1129192194,103.5298579512,98.8343336621,100.2142023221,82480,0.0,0.0,0.0,0.0,0.0,0.0,0.0,0.0,,,,,,,,,,,,,,,,,,,,,"rgba(38, 166, 154, 1.0)"
2023-01-24 00:00:00+00:00,102.3783128824,103.7532179861,102.3187502064,103.7532179861,72750,0.0,0.0,0.0,0.0,0.0,0.0,0.0,0.0,,,,,,,,,,,,,,,,,,,,,"rgba(38, 166, 154, 1.0)"
2023-01-25 00:00:00+00:00,101.8223945733,102.5172924597,100.1744938715,101.2466220389,52560,0.0,0.0,0.0,0.0,0.0,0.0,0.0,0.0,,,,,,,,,,,,,,,,,,,,,"rgba(38, 166, 154, 1.0)"
2023-01-26 00:00:00+00:00,102.3286773191,102.7952516142,100.7800477438,102.7952516142,35186,0.0,0.0,0.0,0.0,0.0,0.0,0.0,0.0,,,,,,,,,,,,,,,,,,,,,"rgba(38, 166, 154, 1.0)"
2023-01-27 00:00:00+00:00,104.3041727388,105.1777586531,102.1797706292,102.537146685,65960,0.0,0.0,0.0,0.0,0.0,0.0,0.0,0.0,,,,,,,,,,,,,,,,,,,,,"rgba(38, 166, 154, 1.0)"
2023-01-30 00:00:00+00:00,102.8448871775,104.1949744995,102.4378755584,103.6390561905,80250,0.0,0.0,0.0,0.0,0.0,0.0,0.0,0.0,,,,,,,,,,,,,,,,,,,,,"rgba(38, 166, 154, 1.0)"
2023-01-31 00:00:00+00:00,106.4782104118,107.0539829462,102.6761262623,102.6761262623,100900,0.0,0.0,0.0,0.0,0.0,0.0,0.0,0.0,,,,,,,,,,,,,,,,,,,,,"rgba(38, 166, 154, 1.0)"
2023-02-01 00:00:00+00:00,107.7786621705,107.8779332971,104.1602296052,106.0265267857,142112,0.0,0.0,0.0,0.0,0.0,0.0,0.0,0.0,,,,,,,,,,,,,,,,,,,,,"rgba(38, 166, 154, 1.0)"
2023-02-02 00:00:00+00:00,112.0473206151,112.2756442063,109.0394054786,109.1883121685,92148,0.0,0.0,0.0,0.0,0.0,0.0,0.0,0.0,,,,,,,,,,,,,,,,,,,,,"rgba(38, 166, 154, 1.0)"
2023-02-03 00:00:00+00:00,110.7667230817,111.5906734327,109.8435016042,109.9129913928,143094,0.0,0.0,0.0,0.0,0.0,0.0,0.0,0.0,,,,,,,,,,,,,,,,,,,,,"rgba(38, 166, 154, 1.0)"
2023-02-06 00:00:00+00:00,109.1684579432,111.58074632,108.0069857617,110.0221896321,95509,0.0,0.0,0.0,0.0,0.0,0.0,0.0,0.0,,,,,,,,,,,,,,,,,,,,,"rgba(38, 166, 154, 0.75)"
2023-02-07 00:00:00+00:00,111.0843906869,111.1836618135,107.1631811855,108.9699156899,106877,0.0,0.0,0.0,0.0,0.0,0.0,0.0,0.0,,,,,,,,,,,,,,,,,,,,,"rgba(38, 166, 154, 0.75)"
2023-02-08 00:00:00+00:00,109.3868544217,112.1863001924,108.4338516062,110.7766501944,158165,0.0,0.0,0.0,0.0,0.0,0.0,0.0,0.0,,,,,,,,,,,,,,,,,,,,,"rgba(38, 166, 154, 0.75)"
2023-02-09 00:00:00+00:00,116.5343755383,119.6018533508,111.7693614606,111.7693614606,288074,0.0,0.0,0.0,0.0,0.0,0.0,0.0,0.0,,,,,,,,,,,,,,,,,,,,,"rgba(38, 166, 154, 0.75)"
2023-02-10 00:00:00+00:00,114.2412125134,129.0028290417,112.7819269521,118.1028593389,139775,0.0,0.0,0.0,0.0,0.0,0.0,0.0,0.0,,,,,,,,,,,,,,,,,,,,,"rgba(38, 166, 154, 0.75)"
2023-02-13 00:00:00+00:00,117.1399294107,117.2590547626,113.1790114586,114.9162561744,100421,0.0,0.0,0.0,0.0,0.0,0.0,0.0,0.0,,,,,,,,,,,,,,,,,,,,,"rgba(38, 166, 154, 0.75)"
2023-02-14 00:00:00+00:00,117.159783636,118.5857140988,116.4648857497,116.4648857497,55709,0.0,0.0,0.0,0.0,0.0,0.0,0.0,0.0,,,,,,,,,,,,,,,,,,,,,"rgba(38, 166, 154, 0.75)"
2023-02-15 00:00:00+00:00,118.6786318733,118.8473927885,115.750133638,115.750133638,72372,0.0,0.0,0.0,0.0,0.0,0.0,0.0,0.0,,,,,,,,,,,,,,,,,,,,,"rgba(38, 166, 154, 0.75)"
2023-02-16 00:00:00+00:00,117.6462121564,118.9665181405,116.4748128623,116.4748128623,114952,0.0,0.0,0.0,0.0,0.0,0.0,0.0,0.0,,,,,,,,,,,,,,,,,,,,,"rgba(38, 166, 154, 0.75)"
2023-02-17 00:00:00+00:00,117.4774512412,117.8249001844,116.0678012432,117.6660663818,134200,0.0,0.0,0.0,0.0,0.0,0.0,0.0,0.0,,,,,,,,,,,,,,,,,,,,,"rgba(38, 166, 154, 0.75)"
2023-02-21 00:00:00+00:00,115.134652653,118.4403811694,114.459608992,118.4403811694,131037,0.0,0.0,0.0,0.0,0.0,0.0,0.0,0.0,,,,,,,,,,,,,,,,,,,,,"rgba(38, 166, 154, 0.75)"
2023-02-22 00:00:00+00:00,114.1717227248,115.690570962,113.1393030079,114.9162561744,55953,0.0,0.0,0.0,0.0,0.0,0.0,0.0,0.0,,,,,,,,,,,,,,,,,,,,,"rgba(38, 166, 154, 0.75)"
2023-02-23 00:00:00+00:00,114.4794632173,116.0879532819,113.1095216699,116.0879532819,55779,0.0,0.0,0.0,0.0,0.0,0.0,0.0,0.0,,,,,,,,,,,,,,,,,,,,,"rgba(38, 166, 154, 0.5)"
2023-02-24 00:00:00+00:00,114.7177139212,114.9162561744,111.3822040668,112.5238220229,79787,0.0,0.0,0.0,0.0,0.0,0.0,0.0,0.0,,,,,,,,,,,,,,,,,,,,,"rgba(38, 166, 154, 0.5)"
2023-02-27 00:00:00+00:00,115.7600607507,116.429843042,114.9559646251,116.3556875104,68496,0.0,0.0,0.0,0.0,0.0,0.0,0.0,0.0,,,,,,,,,,,,,,,,,,,,,"rgba(38, 166, 154, 0.5)"
2023-02-28 00:00:00+00:00,114.9758188504,115.9089674406,113.5066061764,113.6108408594,48502,0.0,0.0,0.0,0.0,0.0,0.0,0.0,0.0,,,,,,,,,,,,,,,,,,,,,"rgba(38, 166, 154, 0.5)"
2023-03-01 00:00:00+00:00,113.1194487826,114.8467663858,113.049958994,114.5688072312,44312,0.0,0.0,0.0,0.0,0.0,0.0,0.0,0.0,,,,,,,,,,,,,,,,,,,,,"rgba(38, 166, 154, 0.5)"
2023-03-02 00:00:00+00:00,111.7197258973,112.8166718464,110.7468688564,112.1366646291,59763,0.0,0.0,0.0,0.0,0.0,0.0,0.0,0.0,,,,,,,,,,,,,,,,,,,,,#000000
2023-03-03 00:00:00+00:00,112.6826558255,112.9407607547,111.5013294187,112.226008643,39646,0.0,0.0,0.0,0.0,0.0,0.0,0.0,0.0,,,,,,,,,,,,,,,,,,,,,#000000
2023-03-06 00:00:00+00:00,111.9679037138,114.2933298549,111.3524227288,113.1393030079,39456,0.0,0.0,0.0,0.0,0.0,0.0,0.0,0.0,,,,,,,,,,,,,,,,,,,,,#000000
2023-03-07 00:00:00+00:00,111.7495072353,112.6131660368,110.7965044197,112.0373935025,91151,0.0,0.0,0.0,0.0,0.0,0.0,0.0,0.0,,,,,,,,,,,,,,,,,,,,,"rgba(239, 83, 80, 1.0)"
2023-03-08 00:00:00+00:00,112.7918540648,113.8540551196,110.935483997,111.7197258973,112785,0.0,0.0,0.0,0.0,0.0,0.0,0.0,0.0,,,,,,,,,,,,,,,,,,,,,#000000
2023-03-09 00:00:00+00:00,112.0473206151,113.4569706131,111.491402306,112.975505649,194253,0.0,0.0,0.0,0.0,0.0,0.0,0.0,0.0,,,,,,,,,,,,,,,,,,,,,#000000
2023-03-10 00:00:00+00:00,107.7687350578,112.3649882203,107.0242016082,112.3649882203,314407,0.0,0.0,0.0,0.0,0.0,0.0,0.0,0.0,,,,,,,,,,,,,,,,,,,,,"rgba(239, 83, 80, 1.0)"
2023-03-13 00:00:00+00:00,106.1803970319,108.2551635783,105.3961551316,106.8951491436,194860,0.0,0.0,0.0,0.0,0.0,0.0,0.0,0.0,,,,,,,,,,,,,,,,,,,,,"rgba(239, 83, 80, 1.0)"
2023-03-14 00:00:00+00:00,110.6873061804,110.9553382223,106.9298940379,107.8481519591,193659,0.0,0.0,0.0,0.0,0.0,0.0,0.0,0.0,,,,,,,,,,,,,,,,,,,,,"rgba(239, 83, 80, 0.75)"
2023-03-15 00:00:00+00:00,104.8402368226,108.6125396341,104.3041727388,108.4537058315,128778,0.0,0.0,0.0,0.0,0.0,0.0,0.0,0.0,,,,,,,,,,,,,,,,,,,,,"rgba(239, 83, 80, 0.75)"
2023-03-16 00:00:00+00:00,106.766096679,107.322014988,102.3683857697,102.9143769661,132694,0.0,0.0,0.0,0.0,0.0,0.0,0.0,0.0,,,,,,,,,,,,,,,,,,,,,"rgba(239, 83, 80, 0.75)"
2023-03-17 00:00:00+00:00,102.5768551356,106.6568984397,102.2591875305,106.5079917498,99251,0.0,0.0,0.0,0.0,0.0,0.0,0.0,0.0,,,,,,,,,,,,,,,,,,,,,"rgba(239, 83, 80, 0.75)"
2023-03-20 00:00:00+00:00,102.3386044318,104.1155575982,101.5742167568,104.0559949223,60759,0.0,0.0,0.0,0.0,0.0,0.0,0.0,0.0,,,,,,,,,,,,,,,,,,,,,"rgba(239, 83, 80, 1.0)"
2023-03-21 00:00:00+00:00,103.6489833031,104.7508928086,102.6364178116,103.5298579512,41236,0.0,0.0,0.0,0.0,0.0,0.0,0.0,0.0,,,,,,,,,,,,,,,,,,,,,"rgba(239, 83, 80, 1.0)"
2023-03-22 00:00:00+00:00,101.7231234467,103.5695664018,100.8991730958,102.2988959811,63266,0.0,0.0,0.0,0.0,0.0,0.0,0.0,0.0,,,,,,,,,,,,,,,,,,,,,"rgba(239, 83, 80, 1.0)"
2023-03-23 00:00:00+00:00,102.5867822483,104.6119132313,101.3657473909,101.3657473909,125044,0.0,0.0,0.0,0.0,0.0,0.0,0.0,0.0,,,,,,,,,,,,,,,,,,,,,"rgba(239, 83, 80, 1.0)"
2023-03-24 00:00:00+00:00,100.7105579552,102.7654702762,100.2886556671,102.0507181646,138505,0.0,0.0,0.0,0.0,0.0,0.0,0.0,0.0,,,,,,,,,,,,,,,,,,,,,"rgba(239, 83, 80, 1.0)"
2023-03-27 00:00:00+00:00,102.537146685,103.271753022,100.7999019692,101.5444354188,98344,0.0,0.0,0.0,0.0,0.0,0.0,0.0,0.0,,,,,,,,,,,,,,,,,,,,,"rgba(239, 83, 80, 1.0)"
2023-03-28 00:00:00+00:00,100.8892459831,102.2095519672,100.2737649981,102.2095519672,89253,0.0,0.0,0.0,0.0,0.0,0.0,0.0,0.0,,,,,,,,,,,,,,,,,,,,,"rgba(239, 83, 80, 1.0)"
2023-03-29 00:00:00+00:00,102.626490699,103.0285387618,101.7131963341,102.4428391147,45096,0.0,0.0,0.0,0.0,0.0,0.0,0.0,0.0,,,,,,,,,,,,,,,,,,,,,"rgba(239, 83, 80, 0.75)"
2023-03-30 00:00:00+00:00,104.2942456262,104.6416945693,103.4206597119,103.8673797817,37280,0.0,0.0,0.0,0.0,0.0,0.0,0.0,0.0,,,,,,,,,,,,,,,,,,,,,"rgba(239, 83, 80, 0.75)"
2023-03-31 00:00:00+00:00,104.7806741466,105.416009357,104.1155575982,104.1155575982,363280,0.0,0.0,0.0,0.0,0.0,0.0,0.0,0.0,,,,,,,,,,,,,,,,,,,,,"rgba(239, 83, 80, 0.75)"
2023-04-03 00:00:00+00:00,103.271753022,105.1876857657,102.3386044318,104.8303097099,64587,0.0,0.0,0.0,0.0,0.0,0.0,0.0,0.0,,,,,,,,,,,,,,,,,,,,,"rgba(239, 83, 80, 0.75)"
2023-04-04 00:00:00+00:00,100.8197561945,103.271753022,99.5987213371,102.6860533749,136661,0.0,0.0,0.0,0.0,0.0,0.0,0.0,0.0,,,,,,,,,,,,,,,,,,,,,"rgba(239, 83, 80, 0.75)"
2023-04-05 00:00:00+00:00,100.363109012,101.0580068984,99.9660245056,100.5715783779,87485,0.0,0.0,0.0,0.0,0.0,0.0,0.0,0.0,,,,,,,,,,,,,,,,,,,,,"rgba(239, 83, 80, 1.0)"
2023-04-06 00:00:00+00:00,101.7826861227,102.0407910519,99.8477925938,99.8477925938,159184,0.0,0.0,0.0,0.0,0.0,0.0,0.0,0.0,,,,,,,,,,,,,,,,,,,,,"rgba(239, 83, 80, 1.0)"
2023-04-10 00:00:00+00:00,98.1890713391,100.2439836601,95.8760540888,100.2439836601,170899,0.0,0.0,0.0,0.0,0.0,0.0,0.0,0.0,,,,,,,,,,,,,,,,,,,,,"rgba(239, 83, 80, 1.0)"
2023-04-11 00:00:00+00:00,97.9607477478,98.7152083102,97.5140276781,98.3479051417,45394,0.0,0.0,0.0,0.0,0.0,0.0,0.0,0.0,,,,,,,,,,,,,,,,,,,,,"rgba(239, 83, 80, 1.0)"
2023-04-12 00:00:00+00:00,98.0997273251,99.807190703,97.9210392972,98.8839692254,84245,0.0,0.0,0.0,0.0,0.0,0.0,0.0,0.0,,,,,,,,,,,,,,,,,,,,,"rgba(239, 83, 80, 1.0)"
2023-04-13 00:00:00+00:00,99.6285026751,100.333327674,97.7026428186,98.397540705,56136,0.0,0.0,0.0,0.0,0.0,0.0,0.0,0.0,,,,,,,,,,,,,,,,,,,,,"rgba(239, 83, 80, 1.0)"
2023-04-14 00:00:00+00:00,100.6112868286,100.9785899971,99.1867461616,100.8793188705,96380,0.0,0.0,0.0,0.0,0.0,0.0,0.0,0.0,,,,,,,,,,,,,,,,,,,,,"rgba(239, 83, 80, 0.75)"
2023-04-17 00:00:00+00:00,102.5570009103,102.5570009103,100.2390201038,100.5318699273,37913,0.0,0.0,0.0,0.0,0.0,0.0,0.0,0.0,,,,,,,,,,,,,,,,,,,,,"rgba(239, 83, 80, 0.75)"
2023-04-18 00:00:00+00:00,102.7753973889,104.1254847109,102.3981671077,103.3710241486,93634,0.0,0.0,0.0,0.0,0.0,0.0,0.0,0.0,,,,,,,,,,,,,,,,,,,,,#000000
2023-04-19 00:00:00+00:00,101.7529047847,102.4676568964,101.0083713351,101.0083713351,61003,0.0,0.0,0.0,0.0,0.0,0.0,0.0,0.0,,,,,,,,,,,,,,,,,,,,,#000000
2023-04-20 00:00:00+00:00,101.9216657,102.6860533749,100.7800477438,101.1473509123,59662,0.0,0.0,0.0,0.0,0.0,0.0,0.0,0.0,,,,,,,,,,,,,,,,,,,,,#000000
2023-04-21 00:00:00+00:00,101.9415199253,102.507365347,100.422671688,102.4378755584,63868,0.0,0.0,0.0,0.0,0.0,0.0,0.0,0.0,,,,,,,,,,,,,,,,,,,,,#000000
2023-04-24 00:00:00+00:00,101.0282255604,102.46269334,101.0182984477,101.8521759113,38574,0.0,0.0,0.0,0.0,0.0,0.0,0.0,0.0,,,,,,,,,,,,,,,,,,,,,#000000
2023-04-25 00:00:00+00:00,100.3829632374,101.906775031,100.0156600689,100.0156600689,69939,0.0,0.0,0.0,0.0,0.0,0.0,0.0,0.0,,,,,,,,,,,,,,,,,,,,,"rgba(239, 83, 80, 1.0)"
2023-04-26 00:00:00+00:00,99.9064618296,100.9091002084,99.7525915833,100.5219428146,57605,0.0,0.0,0.0,0.0,0.0,0.0,0.0,0.0,,,,,,,,,,,,,,,,,,,,,"rgba(239, 83, 80, 1.0)"
2023-04-27 00:00:00+00:00,104.2843185135,104.6913301326,100.2439836601,100.2439836601,74419,0.0,0.0,0.0,0.0,0.0,0.0,0.0,0.0,,,,,,,,,,,,,,,,,,,,,#000000
2023-04-28 00:00:00+00:00,105.7237498495,105.7237498495,102.7257618256,104.2843185135,73134,0.0,0.0,0.0,0.0,0.0,0.0,0.0,0.0,,,,,,,,,,,,,,,,,,,,,"rgba(38, 166, 154, 1.0)"
2023-05-01 00:00:00+00:00,104.5225692174,106.8256593549,104.1503024926,105.8825836521,81053,0.0,0.0,0.0,0.0,0.0,0.0,0.0,0.0,,,,,,,,,,,,,,,,,,,,,"rgba(38, 166, 154, 1.0)"
2023-05-02 00:00:00+00:00,93.7615790919,95.5087509204,86.8820900171,94.3373516262,812017,0.0,0.0,0.0,0.0,0.0,0.0,0.0,0.0,,,,,,,,,,,,,,,,,,,,,#000000
2023-05-03 00:00:00+00:00,91.5180516303,93.7615790919,91.0514773352,93.7615790919,161152,0.0,0.0,0.0,0.0,0.0,0.0,0.0,0.0,,,,,,,,,,,,,,,,,,,,,"rgba(239, 83, 80, 1.0)"
2023-05-04 00:00:00+00:00,89.5028477599,91.5925049752,89.0064921268,90.9919146592,218044,0.0,0.0,0.0,0.0,0.0,0.0,0.0,0.0,,,,,,,,,,,,,,,,,,,,,"rgba(239, 83, 80, 1.0)"
2023-05-05 00:00:00+00:00,90.1580371956,91.2599467011,86.9217984678,86.9217984678,134510,0.0,0.0,0.0,0.0,0.0,0.0,0.0,0.0,,,,,,,,,,,,,,,,,,,,,"rgba(239, 83, 80, 1.0)"
2023-05-08 00:00:00+00:00,92.1732410659,92.1831681786,89.4234308586,89.9793491677,187454,0.0,0.0,0.0,0.0,0.0,0.0,0.0,0.0,,,,,,,,,,,,,,,,,,,,,"rgba(239, 83, 80, 1.0)"
2023-05-09 00:00:00+00:00,91.1110400111,92.5405442344,90.4459234628,92.5405442344,58912,0.0,0.0,0.0,0.0,0.0,0.0,0.0,0.0,,,,,,,,,,,,,,,,,,,,,"rgba(239, 83, 80, 1.0)"
2023-05-10 00:00:00+00:00,91.2301653631,92.0044801507,90.3764336741,91.6272498695,76430,0.0,0.0,0.0,0.0,0.0,0.0,0.0,0.0,,,,,,,,,,,,,,,,,,,,,"rgba(239, 83, 80, 1.0)"
2023-05-11 00:00:00+00:00,92.024334376,92.024334376,90.1778914209,90.5551217021,53393,0.0,0.0,0.0,0.0,0.0,0.0,0.0,0.0,,,,,,,,,,,,,,,,,,,,,"rgba(239, 83, 80, 1.0)"
2023-05-12 00:00:00+00:00,90.9124977579,93.0418634239,90.8231537439,92.3717833192,90102,0.0,0.0,0.0,0.0,0.0,0.0,0.0,0.0,,,,,,,,,,,,,,,,,,,,,"rgba(239, 83, 80, 1.0)"
2023-05-15 00:00:00+00:00,91.1706026871,91.408853391,90.5799394837,91.1606755744,145622,0.0,0.0,0.0,0.0,0.0,0.0,0.0,0.0,,,,,,,,,,,,,,,,,,,,,"rgba(239, 83, 80, 1.0)"
2023-05-16 00:00:00+00:00,90.5551217021,91.7960107848,89.2447428307,91.1706026871,75594,0.0,0.0,0.0,0.0,0.0,0.0,0.0,0.0,,,,,,,,,,,,,,,,,,,,,"rgba(239, 83, 80, 1.0)"
2023-05-17 00:00:00+00:00,93.0170456422,93.3942759234,90.028984731,90.58490304,97323,0.0,0.0,0.0,0.0,0.0,0.0,0.0,0.0,,,,,,,,,,,,,,,,,,,,,"rgba(239, 83, 80, 0.75)"
2023-05-18 00:00:00+00:00,94.2678618376,94.7245090201,92.773831382,93.0269727549,126550,0.0,0.0,0.0,0.0,0.0,0.0,0.0,0.0,,,,,,,,,,,,,,,,,,,,,"rgba(239, 83, 80, 0.75)"
2023-05-19 00:00:00+00:00,94.4366227529,95.1116664139,93.6722350779,95.0123952873,36365,0.0,0.0,0.0,0.0,0.0,0.0,0.0,0.0,,,,,,,,,,,,,,,,,,,,,"rgba(239, 83, 80, 0.5)"
2023-05-22 00:00:00+00:00,95.0024681746,95.548459371,94.0842102534,94.4961854288,24790,0.0,0.0,0.0,0.0,0.0,0.0,0.0,0.0,,,,,,,,,,,,,,,,,,,,,#000000
2023-05-23 00:00:00+00:00,93.8807044438,96.6205875385,93.2165806067,95.1017393012,84326,0.0,0.0,0.0,0.0,0.0,0.0,0.0,0.0,,,,,,,,,,,,,,,,,,,,,#000000
2023-05-24 00:00:00+00:00,91.289728039,93.49354705,90.614684378,93.49354705,75398,0.0,0.0,0.0,0.0,0.0,0.0,0.0,0.0,,,,,,,,,,,,,,,,,,,,,"rgba(239, 83, 80, 0.5)"
2023-05-25 00:00:00+00:00,92.9872643042,93.3644945854,91.3294364897,91.4485618416,55694,0.0,0.0,0.0,0.0,0.0,0.0,0.0,0.0,,,,,,,,,,,,,,,,,,,,,"rgba(239, 83, 80, 0.5)"
2023-05-26 00:00:00+00:00,93.6523808526,94.3423151826,92.8681389523,92.8681389523,45297,0.0,0.0,0.0,0.0,0.0,0.0,0.0,0.0,,,,,,,,,,,,,,,,,,,,,"rgba(239, 83, 80, 0.5)"
2023-05-30 00:00:00+00:00,92.4809815585,94.5160396542,92.4313459952,94.1884449363,33136,0.0,0.0,0.0,0.0,0.0,0.0,0.0,0.0,,,,,,,,,,,,,,,,,,,,,"rgba(239, 83, 80, 0.5)"
2023-05-31 00:00:00+00:00,92.3221477559,93.089017209,91.1706026871,92.9773371916,84746,0.0,0.0,0.0,0.0,0.0,0.0,0.0,0.0,,,,,,,,,,,,,,,,,,,,,"rgba(239, 83, 80, 0.5)"
2023-06-01 00:00:00+00:00,92.3519290939,92.7986491636,91.0018417718,92.2328037419,66330,0.0,0.0,0.0,0.0,0.0,0.0,0.0,0.0,,,,,,,,,,,,,,,,,,,,,"rgba(239, 83, 80, 0.5)"
2023-06-02 00:00:00+00:00,95.7172202863,95.9256896522,92.8979202903,92.8979202903,62491,0.0,0.0,0.0,0.0,0.0,0.0,0.0,0.0,,,,,,,,,,,,,,,,,,,,,#000000
2023-06-05 00:00:00+00:00,95.6477304976,96.9481822563,95.2307917658,95.7172202863,33634,0.0,0.0,0.0,0.0,0.0,0.0,0.0,0.0,,,,,,,,,,,,,,,,,,,,,"rgba(38, 166, 154, 1.0)"
2023-06-06 00:00:00+00:00,97.6430801427,98.2883424657,95.6973660609,95.7072931736,59982,0.0,0.0,0.0,0.0,0.0,0.0,0.0,0.0,,,,,,,,,,,,,,,,,,,,,"rgba(38, 166, 154, 1.0)"
2023-06-07 00:00:00+00:00,100.4623801387,100.8098290818,97.8614766212,98.2883424657,63319,0.0,0.0,0.0,0.0,0.0,0.0,0.0,0.0,,,,,,,,,,,,,,,,,,,,,"rgba(38, 166, 154, 1.0)"
2023-06-08 00:00:00+00:00,100.1447125335,100.7800477438,98.9137505634,100.4623801387,66772,0.0,0.0,0.0,0.0,0.0,0.0,0.0,0.0,,,,,,,,,,,,,,,,,,,,,"rgba(38, 166, 154, 1.0)"
2023-06-09 00:00:00+00:00,100.0553685195,100.7403392932,99.4597417598,100.7403392932,40659,0.0,0.0,0.0,0.0,0.0,0.0,0.0,0.0,,,,,,,,,,,,,,,,,,,,,"rgba(38, 166, 154, 1.0)"
2023-06-12 00:00:00+00:00,98.4173949303,102.2393333051,97.9806019732,100.3432547867,63167,0.0,0.0,0.0,0.0,0.0,0.0,0.0,0.0,,,,,,,,,,,,,,,,,,,,,"rgba(38, 166, 154, 1.0)"
2023-06-13 00:00:00+00:00,98.6357914089,99.102365704,97.7820597199,98.3776864796,89695,0.0,0.0,0.0,0.0,0.0,0.0,0.0,0.0,,,,,,,,,,,,,,,,,,,,,"rgba(38, 166, 154, 1.0)"
2023-06-14 00:00:00+00:00,98.0401646491,99.2115639433,97.1963600729,98.6457185215,64423,0.0,0.0,0.0,0.0,0.0,0.0,0.0,0.0,,,,,,,,,,,,,,,,,,,,,"rgba(38, 166, 154, 0.75)"
2023-06-15 00:00:00+00:00,96.4220452853,98.2387069024,95.2903544418,98.0699459871,146406,0.0,0.0,0.0,0.0,0.0,0.0,0.0,0.0,,,,,,,,,,,,,,,,,,,,,"rgba(38, 166, 154, 0.75)"
2023-06-16 00:00:00+00:00,95.608022047,97.0772347209,95.4988238077,96.5113892992,83396,0.0,0.0,0.0,0.0,0.0,0.0,0.0,0.0,,,,,,,,,,,,,,,,,,,,,"rgba(38, 166, 154, 0.75)"
2023-06-20 00:00:00+00:00,92.9674100789,94.9925410619,92.8979202903,94.7245090201,43950,0.0,0.0,0.0,0.0,0.0,0.0,0.0,0.0,,,,,,,,,,,,,,,,,,,,,"rgba(239, 83, 80, 0.5)"
2023-06-21 00:00:00+00:00,92.9872643042,93.404203036,91.5081245176,92.9674100789,78695,0.0,0.0,0.0,0.0,0.0,0.0,0.0,0.0,,,,,,,,,,,,,,,,,,,,,"rgba(239, 83, 80, 0.5)"
2023-06-22 00:00:00+00:00,93.3347132474,93.7814333172,92.2625850799,92.818503389,171123,0.0,0.0,0.0,0.0,0.0,0.0,0.0,0.0,,,,,,,,,,,,,,,,,,,,,"rgba(239, 83, 80, 1.0)"
2023-06-23 00:00:00+00:00,92.729159375,93.4240572613,92.3916375445,92.4015646572,45307,0.0,0.0,0.0,0.0,0.0,0.0,0.0,0.0,,,,,,,,,,,,,,,,,,,,,"rgba(239, 83, 80, 1.0)"
2023-06-26 00:00:00+00:00,95.2407188785,95.6874389483,92.9971914169,92.9971914169,75530,0.0,0.0,0.0,0.0,0.0,0.0,0.0,0.0,,,,,,,,,,,,,,,,,,,,,"rgba(239, 83, 80, 0.5)"
2023-06-27 00:00:00+00:00,96.5312435245,97.4147565514,95.1910833152,95.1910833152,101043,0.0,0.0,0.0,0.0,0.0,0.0,0.0,0.0,,,,,,,,,,,,,,,,,,,,,"rgba(239, 83, 80, 0.5)"
2023-06-28 00:00:00+00:00,95.3201357798,96.7694942284,95.0620308506,96.6702231018,51495,0.0,0.0,0.0,0.0,0.0,0.0,0.0,0.0,,,,,,,,,,,,,,,,,,,,,#000000
2023-06-29 00:00:00+00:00,97.2062871855,97.2460565574,95.0786257907,95.0786257907,119423,0.0,0.0,0.0,0.0,0.0,0.0,0.0,0.0,,,,,,,,,,,,,,,,,,,,,#000000
2023-06-30 00:00:00+00:00,97.6238655901,98.6827251161,97.1466331277,97.2808547578,66702,0.0,0.0,0.0,0.0,0.0,0.0,0.0,0.0,,,,,,,,,,,,,,,,,,,,,"rgba(38, 166, 154, 1.0)"
2023-07-03 00:00:00+00:00,99.5129107538,99.9006621295,97.4449034167,97.4449034167,23297,0.0,0.0,0.0,0.0,0.0,0.0,0.0,0.0,,,,,,,,,,,,,,,,,,,,,"rgba(38, 166, 154, 1.0)"
2023-07-05 00:00:00+00:00,99.2245828078,99.6719882413,98.3894259986,99.0356782914,56586,0.0,0.0,0.0,0.0,0.0,0.0,0.0,0.0,,,,,,,,,,,,,,,,,,,,,"rgba(38, 166, 154, 1.0)"
2023-07-06 00:00:00+00:00,97.0869790699,98.3794836556,96.480496149,97.9917322799,84772,0.0,0.0,0.0,0.0,0.0,0.0,0.0,0.0,,,,,,,,,,,,,,,,,,,,,"rgba(38, 166, 154, 1.0)"
2023-07-07 00:00:00+00:00,98.0911557096,99.1251593781,97.0869790699,97.0869790699,121261,0.0,0.0,0.0,0.0,0.0,0.0,0.0,0.0,,,,,,,,,,,,,,,,,,,,,"rgba(38, 166, 154, 1.0)"
2023-07-10 00:00:00+00:00,101.3920135745,101.6107451198,97.4647881027,97.4647881027,85404,0.0,0.0,0.0,0.0,0.0,0.0,0.0,0.0,,,,,,,,,,,,,,,,,,,,,"rgba(38, 166, 154, 1.0)"
2023-07-11 00:00:00+00:00,103.5892713702,104.2951777208,102.1774586689,102.1774586689,102824,0.0,0.0,0.0,0.0,0.0,0.0,0.0,0.0,,,,,,,,,,,,,,,,,,,,,"rgba(38, 166, 154, 1.0)"
2023-07-12 00:00:00+00:00,106.1842228845,106.7012247188,103.9969074318,103.9969074318,129780,0.0,0.0,0.0,0.0,0.0,0.0,0.0,0.0,,,,,,,,,,,,,,,,,,,,,"rgba(38, 166, 154, 1.0)"
2023-07-13 00:00:00+00:00,107.7551130732,108.2969707649,106.5322048883,106.93984095,90590,0.0,0.0,0.0,0.0,0.0,0.0,0.0,0.0,,,,,,,,,,,,,,,,,,,,,"rgba(38, 166, 154, 1.0)"
2023-07-14 00:00:00+00:00,107.0889760945,108.4013653661,106.0450300829,108.11303742,92809,0.0,0.0,0.0,0.0,0.0,0.0,0.0,0.0,,,,,,,,,,,,,,,,,,,,,"rgba(38, 166, 154, 1.0)"
2023-07-17 00:00:00+00:00,105.2297579597,107.3375346686,105.140276873,107.0889760945,142010,0.0,0.0,0.0,0.0,0.0,0.0,0.0,0.0,,,,,,,,,,,,,,,,,,,,,"rgba(38, 166, 154, 1.0)"
2023-07-18 00:00:00+00:00,105.7567021369,106.9895526648,105.2397003026,105.8163561947,148570,0.0,0.0,0.0,0.0,0.0,0.0,0.0,0.0,,,,,,,,,,,,,,,,,,,,,"rgba(38, 166, 154, 1.0)"
2023-07-19 00:00:00+00:00,106.8105904914,106.9597256359,105.2993543604,105.6473363643,61136,0.0,0.0,0.0,0.0,0.0,0.0,0.0,0.0,,,,,,,,,,,,,,,,,,,,,"rgba(38, 166, 154, 1.0)"
2023-07-20 00:00:00+00:00,106.9597256359,107.0989184374,106.1345111696,106.343300372,83253,0.0,0.0,0.0,0.0,0.0,0.0,0.0,0.0,,,,,,,,,,,,,,,,,,,,,"rgba(38, 166, 154, 1.0)"
2023-07-21 00:00:00+00:00,106.929898607,107.5662085569,106.621685975,107.2977652968,159595,0.0,0.0,0.0,0.0,0.0,0.0,0.0,0.0,,,,,,,,,,,,,,,,,,,,,"rgba(38, 166, 154, 1.0)"
2023-07-24 00:00:00+00:00,106.929898607,108.0334986763,106.8205328344,107.2480535819,71509,0.0,0.0,0.0,0.0,0.0,0.0,0.0,0.0,,,,,,,,,,,,,,,,,,,,,"rgba(38, 166, 154, 1.0)"
2023-07-25 00:00:00+00:00,106.8304751773,107.5860932428,106.5819166032,106.929898607,53401,0.0,0.0,0.0,0.0,0.0,0.0,0.0,0.0,,,,,,,,,,,,,,,,,,,,,"rgba(38, 166, 154, 1.0)"
2023-07-26 00:00:00+00:00,106.93984095,107.536381528,106.6117436321,106.9100139211,138171,0.0,0.0,0.0,0.0,0.0,0.0,0.0,0.0,,,,,,,,,,,,,,,,,,,,,"rgba(38, 166, 154, 1.0)"
2023-07-27 00:00:00+00:00,99.5228530968,107.2878229538,97.8028277635,107.2878229538,248196,0.0,0.0,0.0,0.0,0.0,0.0,0.0,0.0,,,,,,,,,,,,,,,,,,,,,"rgba(38, 166, 154, 0.75)"
2023-07-28 00:00:00+00:00,99.174871093,100.9247234551,97.7630583917,100.5568567653,179429,0.0,0.0,0.0,0.0,0.0,0.0,0.0,0.0,,,,,,,,,,,,,,,,,,,,,#000000
2023-07-31 00:00:00+00:00,100.6960495669,101.685312692,99.2196116363,99.3538332664,55235,0.0,0.0,0.0,0.0,0.0,0.0,0.0,0.0,,,,,,,,,,,,,,,,,,,,,"rgba(239, 83, 80, 1.0)"
2023-08-01 00:00:00+00:00,100.2287594474,100.4176639638,98.4490800564,100.3977792779,95310,0.0,0.0,0.0,0.0,0.0,0.0,0.0,0.0,,,,,,,,,,,,,,,,,,,,,"rgba(239, 83, 80, 1.0)"
2023-08-02 00:00:00+00:00,108.6896933121,113.7503458822,99.1798422644,100.8948964262,340957,0.0,0.0,0.0,0.0,0.0,0.0,0.0,0.0,,,,,,,,,,,,,,,,,,,,,#000000
2023-08-03 00:00:00+00:00,109.1768681175,111.1106538245,105.0309111003,108.2721149075,124608,0.0,0.0,0.0,0.0,0.0,0.0,0.0,0.0,,,,,,,,,,,,,,,,,,,,,"rgba(38, 166, 154, 1.0)"
2023-08-04 00:00:00+00:00,109.5447348072,110.6881042484,106.93984095,109.5248501213,103647,0.0,0.0,0.0,0.0,0.0,0.0,0.0,0.0,,,,,,,,,,,,,,,,,,,,,"rgba(38, 166, 154, 1.0)"
2023-08-07 00:00:00+00:00,112.3285908379,112.6666304988,110.220814129,110.5389691039,85724,0.0,0.0,0.0,0.0,0.0,0.0,0.0,0.0,,,,,,,,,,,,,,,,,,,,,"rgba(38, 166, 154, 1.0)"
2023-08-08 00:00:00+00:00,111.0162015663,112.4677836394,110.210871786,111.0360862522,119094,0.0,0.0,0.0,0.0,0.0,0.0,0.0,0.0,,,,,,,,,,,,,,,,,,,,,"rgba(38, 166, 154, 1.0)"
2023-08-09 00:00:00+00:00,106.5719742602,111.0162015663,104.4716543085,111.0162015663,364814,0.0,0.0,0.0,0.0,0.0,0.0,0.0,0.0,,,,,,,,,,,,,,,,,,,,,"rgba(38, 166, 154, 1.0)"
2023-08-10 00:00:00+00:00,107.5960355858,108.3118842794,106.8205328344,106.919956264,75195,0.0,0.0,0.0,0.0,0.0,0.0,0.0,0.0,,,,,,,,,,,,,,,,,,,,,"rgba(38, 166, 154, 0.75)"
2023-08-11 00:00:00+00:00,109.0376753159,109.1967528034,106.2687327997,106.7310517477,85249,0.0,0.0,0.0,0.0,0.0,0.0,0.0,0.0,,,,,,,,,,,,,,,,,,,,,"rgba(38, 166, 154, 0.75)"
2023-08-14 00:00:00+00:00,107.2082842101,109.0376753159,106.0052607111,109.0376753159,64308,0.0,0.0,0.0,0.0,0.0,0.0,0.0,0.0,,,,,,,,,,,,,,,,,,,,,"rgba(38, 166, 154, 0.5)"
2023-08-15 00:00:00+00:00,107.0392643796,107.968873447,105.8262985377,106.7708211195,79771,0.0,0.0,0.0,0.0,0.0,0.0,0.0,0.0,,,,,,,,,,,,,,,,,,,,,"rgba(38, 166, 154, 0.5)"
2023-08-16 00:00:00+00:00,106.9597256359,107.7948824451,106.2438769423,107.0392643796,145603,0.0,0.0,0.0,0.0,0.0,0.0,0.0,0.0,,,,,,,,,,,,,,,,,,,,,"rgba(38, 166, 154, 0.5)"
2023-08-17 00:00:00+00:00,105.5379705916,107.7054013584,105.3391237323,107.536381528,96056,0.0,0.0,0.0,0.0,0.0,0.0,0.0,0.0,,,,,,,,,,,,,,,,,,,,,#000000
2023-08-18 00:00:00+00:00,107.0889760945,107.6656319865,104.842006584,105.2297579597,77900,0.0,0.0,0.0,0.0,0.0,0.0,0.0,0.0,,,,,,,,,,,,,,,,,,,,,#000000
2023-08-21 00:00:00+00:00,107.3176499827,107.7948824451,105.8163561947,107.228168896,60733,0.0,0.0,0.0,0.0,0.0,0.0,0.0,0.0,,,,,,,,,,,,,,,,,,,,,#000000
2023-08-22 00:00:00+00:00,106.7708211195,107.680545501,106.3731274009,107.0989184374,49454,0.0,0.0,0.0,0.0,0.0,0.0,0.0,0.0,,,,,,,,,,,,,,,,,,,,,#000000
2023-08-23 00:00:00+00:00,108.8487707996,109.1768681175,106.1842228845,106.8702445492,58679,0.0,0.0,0.0,0.0,0.0,0.0,0.0,0.0,,,,,,,,,,,,,,,,,,,,,"rgba(38, 166, 154, 0.5)"
2023-08-24 00:00:00+00:00,109.2663492042,110.1164195278,108.6101545684,108.8885401714,74784,0.0,0.0,0.0,0.0,0.0,0.0,0.0,0.0,,,,,,,,,,,,,,,,,,,,,"rgba(38, 166, 154, 0.5)"
2023-08-25 00:00:00+00:00,110.2307564719,110.3600069305,108.3665671657,108.3665671657,75114,0.0,0.0,0.0,0.0,0.0,0.0,0.0,0.0,,,,,,,,,,,,,,,,,,,,,"rgba(38, 166, 154, 0.5)"
2023-08-28 00:00:00+00:00,111.9507818052,112.5473223832,110.6781619054,110.7378159632,108147,0.0,0.0,0.0,0.0,0.0,0.0,0.0,0.0,,,,,,,,,,,,,,,,,,,,,"rgba(38, 166, 154, 1.0)"
2023-08-29 00:00:00+00:00,112.8555350151,112.9748431307,111.4636069998,112.2391097512,67216,0.0,0.0,0.0,0.0,0.0,0.0,0.0,0.0,,,,,,,,,,,,,,,,,,,,,"rgba(38, 166, 154, 1.0)"
2023-08-30 00:00:00+00:00,113.4520755931,114.0386738282,112.7063998706,112.7063998706,38904,0.0,0.0,0.0,0.0,0.0,0.0,0.0,0.0,,,,,,,,,,,,,,,,,,,,,"rgba(38, 166, 154, 1.0)"
2023-08-31 00:00:00+00:00,114.7942918937,115.0527928108,112.9151890729,113.5813260517,97230,0.0,0.0,0.0,0.0,0.0,0.0,0.0,0.0,,,,,,,,,,,,,,,,,,,,,"rgba(38, 166, 154, 1.0)"
2023-09-01 00:00:00+00:00,115.1323315545,116.9915496893,114.530819805,116.2657586527,67626,0.0,0.0,0.0,0.0,0.0,0.0,0.0,0.0,,,,,,,,,,,,,,,,,,,,,"rgba(38, 166, 154, 1.0)"
2023-09-05 00:00:00+00:00,115.0627351538,116.3552397394,113.9491927415,114.7942918937,59751,0.0,0.0,0.0,0.0,0.0,0.0,0.0,0.0,,,,,,,,,,,,,,,,,,,,,"rgba(38, 166, 154, 1.0)"
2023-09-06 00:00:00+00:00,114.9434270382,115.7288721325,113.5117296509,114.6352144062,65770,0.0,0.0,0.0,0.0,0.0,0.0,0.0,0.0,,,,,,,,,,,,,,,,,,,,,"rgba(38, 166, 154, 1.0)"
2023-09-07 00:00:00+00:00,113.1637476471,114.3369441172,112.3136773235,114.3369441172,48074,0.0,0.0,0.0,0.0,0.0,0.0,0.0,0.0,,,,,,,,,,,,,,,,,,,,,"rgba(38, 166, 154, 0.75)"
2023-09-08 00:00:00+00:00,113.3924215353,114.1878089727,112.4777259824,113.8994810267,67636,0.0,0.0,0.0,0.0,0.0,0.0,0.0,0.0,,,,,,,,,,,,,,,,,,,,,"rgba(38, 166, 154, 0.75)"
2023-09-11 00:00:00+00:00,114.9633117241,116.1464505371,113.9293080556,114.4860792617,47906,0.0,0.0,0.0,0.0,0.0,0.0,0.0,0.0,,,,,,,,,,,,,,,,,,,,,"rgba(38, 166, 154, 0.75)"
2023-09-12 00:00:00+00:00,114.5258486336,115.0130234389,113.8249134544,114.4264252039,43729,0.0,0.0,0.0,0.0,0.0,0.0,0.0,0.0,,,,,,,,,,,,,,,,,,,,,"rgba(38, 166, 154, 0.75)"
2023-09-13 00:00:00+00:00,111.2448754545,115.3063225564,110.4793150461,115.1223892116,176952,0.0,0.0,0.0,0.0,0.0,0.0,0.0,0.0,,,,,,,,,,,,,,,,,,,,,"rgba(38, 166, 154, 0.5)"
2023-09-14 00:00:00+00:00,112.1893980364,112.5274376972,109.5944465221,112.3882448957,164875,0.0,0.0,0.0,0.0,0.0,0.0,0.0,0.0,,,,,,,,,,,,,,,,,,,,,"rgba(38, 166, 154, 0.5)"
2023-09-15 00:00:00+00:00,110.5886808187,112.2092827223,108.6300392543,112.1695133504,81743,0.0,0.0,0.0,0.0,0.0,0.0,0.0,0.0,,,,,,,,,,,,,,,,,,,,,#000000
2023-09-18 00:00:00+00:00,110.3500645875,110.6980465914,109.5298212928,110.0617366415,56595,0.0,0.0,0.0,0.0,0.0,0.0,0.0,0.0,,,,,,,,,,,,,,,,,,,,,#000000
2023-09-19 00:00:00+00:00,108.2422878786,111.6226844873,107.6258626147,110.6284501906,132224,0.0,0.0,0.0,0.0,0.0,0.0,0.0,0.0,,,,,,,,,,,,,,,,,,,,,"rgba(239, 83, 80, 1.0)"
2023-09-20 00:00:00+00:00,107.0293220367,109.7386104951,106.919956264,108.4709617668,62436,0.0,0.0,0.0,0.0,0.0,0.0,0.0,0.0,,,,,,,,,,,,,,,,,,,,,"rgba(239, 83, 80, 1.0)"
2023-09-21 00:00:00+00:00,102.2868244415,106.1046841407,102.0283235244,106.1046841407,88119,0.0,0.0,0.0,0.0,0.0,0.0,0.0,0.0,,,,,,,,,,,,,,,,,,,,,"rgba(239, 83, 80, 1.0)"
2023-09-22 00:00:00+00:00,101.839419008,102.3564208423,100.5270297364,102.3564208423,181410,0.0,0.0,0.0,0.0,0.0,0.0,0.0,0.0,,,,,,,,,,,,,,,,,,,,,"rgba(239, 83, 80, 1.0)"
2023-09-25 00:00:00+00:00,102.2669397556,103.032500164,101.1136279715,101.1136279715,140423,0.0,0.0,0.0,0.0,0.0,0.0,0.0,0.0,,,,,,,,,,,,,,,,,,,,,"rgba(239, 83, 80, 1.0)"
2023-09-26 00:00:00+00:00,97.7332313628,101.7797649502,97.7332313628,101.7797649502,121171,0.0,0.0,0.0,0.0,0.0,0.0,0.0,0.0,,,,,,,,,,,,,,,,,,,,,"rgba(239, 83, 80, 1.0)"
2023-09-27 00:00:00+00:00,96.3512456904,98.2651467115,95.4067231086,97.7531160487,124155,0.0,0.0,0.0,0.0,0.0,0.0,0.0,0.0,,,,,,,,,,,,,,,,,,,,,"rgba(239, 83, 80, 1.0)"
2023-09-28 00:00:00+00:00,95.5956276249,97.2858259293,95.0438275903,96.3512456904,85191,0.0,0.0,0.0,0.0,0.0,0.0,0.0,0.0,,,,,,,,,,,,,,,,,,,,,"rgba(239, 83, 80, 1.0)"
2023-09-29 00:00:00+00:00,94.7008167579,97.0273250121,94.3031230393,96.1523988311,87915,0.0,0.0,0.0,0.0,0.0,0.0,0.0,0.0,,,,,,,,,,,,,,,,,,,,,"rgba(239, 83, 80, 1.0)"
2023-10-02 00:00:00+00:00,92.8217139372,94.0495932936,91.1613426618,94.0048527503,106230,0.0,0.0,0.0,0.0,0.0,0.0,0.0,0.0,,,,,,,,,,,,,,,,,,,,,"rgba(239, 83, 80, 1.0)"
2023-10-03 00:00:00+00:00,92.7222905076,92.8316562802,90.7537066001,92.4637895904,138227,0.0,0.0,0.0,0.0,0.0,0.0,0.0,0.0,,,,,,,,,,,,,,,,,,,,,"rgba(239, 83, 80, 1.0)"
2023-10-04 00:00:00+00:00,93.19952297,93.7065824613,91.9070183843,92.9261085384,90082,0.0,0.0,0.0,0.0,0.0,0.0,0.0,0.0,,,,,,,,,,,,,,,,,,,,,"rgba(239, 83, 80, 1.0)"
2023-10-05 00:00:00+00:00,94.1937572666,94.7505284728,92.7521175365,93.6270437175,76190,0.0,0.0,0.0,0.0,0.0,0.0,0.0,0.0,,,,,,,,,,,,,,,,,,,,,"rgba(239, 83, 80, 1.0)"
2023-10-06 00:00:00+00:00,94.4721428697,95.4464924804,92.3096832744,93.3635716289,59482,0.0,0.0,0.0,0.0,0.0,0.0,0.0,0.0,,,,,,,,,,,,,,,,,,,,,"rgba(239, 83, 80, 0.75)"
2023-10-09 00:00:00+00:00,95.7248780835,95.8541285421,93.0901571973,94.094333837,41804,0.0,0.0,0.0,0.0,0.0,0.0,0.0,0.0,,,,,,,,,,,,,,,,,,,,,"rgba(239, 83, 80, 0.75)"
2023-10-10 00:00:00+00:00,94.3130653822,96.6694006653,94.2036996096,95.874013228,143226,0.0,0.0,0.0,0.0,0.0,0.0,0.0,0.0,,,,,,,,,,,,,,,,,,,,,"rgba(239, 83, 80, 0.75)"
2023-10-11 00:00:00+00:00,94.6312203572,95.6851087116,93.4580238871,94.5019698986,61965,0.0,0.0,0.0,0.0,0.0,0.0,0.0,0.0,,,,,,,,,,,,,,,,,,,,,"rgba(239, 83, 80, 0.75)"
2023-10-12 00:00:00+00:00,93.5574473168,94.7008167579,92.1257499296,94.7008167579,65195,0.0,0.0,0.0,0.0,0.0,0.0,0.0,0.0,,,,,,,,,,,,,,,,,,,,,"rgba(239, 83, 80, 0.75)"
2023-10-13 00:00:00+00:00,90.8928994017,94.1440455518,90.7437642572,93.8457752628,85669,0.0,0.0,0.0,0.0,0.0,0.0,0.0,0.0,,,,,,,,,,,,,,,,,,,,,"rgba(239, 83, 80, 0.75)"
2023-10-16 00:00:00+00:00,91.8473643265,92.3196256174,90.9326687735,91.5292093515,50676,0.0,0.0,0.0,0.0,0.0,0.0,0.0,0.0,,,,,,,,,,,,,,,,,,,,,"rgba(239, 83, 80, 0.75)"
2023-10-17 00:00:00+00:00,90.505148026,91.8026237831,90.4554363111,91.399958893,74405,0.0,0.0,0.0,0.0,0.0,0.0,0.0,0.0,,,,,,,,,,,,,,,,,,,,,"rgba(239, 83, 80, 0.75)"
2023-10-18 00:00:00+00:00,88.0593316562,90.5548597408,88.0593316562,90.1074543073,80985,0.0,0.0,0.0,0.0,0.0,0.0,0.0,0.0,,,,,,,,,,,,,,,,,,,,,"rgba(239, 83, 80, 0.75)"
2023-10-19 00:00:00+00:00,87.4429063922,88.9839695521,87.204290161,87.9797929124,57316,0.0,0.0,0.0,0.0,0.0,0.0,0.0,0.0,,,,,,,,,,,,,,,,,,,,,"rgba(239, 83, 80, 1.0)"
2023-10-20 00:00:00+00:00,86.627634269,88.0593316562,86.309479294,88.0295046273,94271,0.0,0.0,0.0,0.0,0.0,0.0,0.0,0.0,,,,,,,,,,,,,,,,,,,,,"rgba(239, 83, 80, 1.0)"
2023-10-23 00:00:00+00:00,87.0153856447,87.9599082265,86.4188450667,86.7270576986,60155,0.0,0.0,0.0,0.0,0.0,0.0,0.0,0.0,,,,,,,,,,,,,,,,,,,,,"rgba(239, 83, 80, 1.0)"
2023-10-24 00:00:00+00:00,88.2184091436,88.5862758334,86.6872883268,87.1844054751,121342,0.0,0.0,0.0,0.0,0.0,0.0,0.0,0.0,,,,,,,,,,,,,,,,,,,,,"rgba(239, 83, 80, 0.75)"
2023-10-25 00:00:00+00:00,87.4329640493,88.6161028623,86.925904558,87.9002541687,139237,0.0,0.0,0.0,0.0,0.0,0.0,0.0,0.0,,,,,,,,,,,,,,,,,,,,,"rgba(239, 83, 80, 0.75)"
2023-10-26 00:00:00+00:00,88.5365641186,88.5465064615,87.5522721649,87.6815226234,107234,0.0,0.0,0.0,0.0,0.0,0.0,0.0,0.0,,,,,,,,,,,,,,,,,,,,,"rgba(239, 83, 80, 0.75)"
2023-10-27 00:00:00+00:00,87.6516955945,89.1529893825,87.0526694308,88.397371317,66359,0.0,0.0,0.0,0.0,0.0,0.0,0.0,0.0,,,,,,,,,,,,,,,,,,,,,"rgba(239, 83, 80, 0.75)"
2023-10-30 00:00:00+00:00,89.4612020145,89.7495299605,87.7610613672,87.7610613672,57811,0.0,0.0,0.0,0.0,0.0,0.0,0.0,0.0,,,,,,,,,,,,,,,,,,,,,"rgba(239, 83, 80, 0.75)"
2023-10-31 00:00:00+00:00,90.206877737,90.8630723728,89.1331046966,89.31206687,77802,0.0,0.0,0.0,0.0,0.0,0.0,0.0,0.0,,,,,,,,,,,,,,,,,,,,,"rgba(239, 83, 80, 0.5)"
2023-11-01 00:00:00+00:00,92.1555769585,92.1754616444,89.1032776677,89.888722762,96778,0.0,0.0,0.0,0.0,0.0,0.0,0.0,0.0,,,,,,,,,,,,,,,,,,,,,"rgba(239, 83, 80, 0.5)"
2023-11-02 00:00:00+00:00,85.9217279183,92.3345391319,82.8992556564,83.933259325,670801,1.0,92.33454,82.899254,0.0,0.0,0.0,0.0,0.0,,,,87.05184090219998,,,,,,,,,,,,,,,87.05184090219998,,"rgba(239, 83, 80, 0.5)"
2023-11-03 00:00:00+00:00,95.3172420219,96.6296312935,85.3898125696,87.0153856447,425946,0.0,0.0,0.0,0.0,0.0,0.0,0.0,0.0,,,,89.14661199379687,,,,,,,,,,,,,,,89.14661199379687,,#000000
2023-11-06 00:00:00+00:00,96.5103231779,96.9179592395,95.1183951625,95.9137825999,203156,0.0,0.0,0.0,0.0,0.0,0.0,0.0,0.0,,,,90.24617647714338,,,,,,,,,,,,,,,90.24617647714338,,"rgba(38, 166, 154, 1.0)"
2023-11-07 00:00:00+00:00,95.8342438561,97.0869790699,94.4721428697,95.6155123109,97168,0.0,0.0,0.0,0.0,0.0,0.0,0.0,0.0,,,,90.6322979030512,,,,,,,,,,,,,,,90.6322979030512,,"rgba(38, 166, 154, 1.0)"
2023-11-08 00:00:00+00:00,95.5558582531,97.6437502761,94.6759609005,95.874013228,176007,0.0,0.0,0.0,0.0,0.0,0.0,0.0,0.0,,,,91.22823334035866,,,,,,,,,,,,,,,91.22823334035866,,"rgba(38, 166, 154, 1.0)"
2023-11-09 00:00:00+00:00,94.7803555017,96.5998042646,94.5715662994,95.4663771664,84303,0.0,0.0,0.0,0.0,0.0,0.0,0.0,0.0,,,,91.43622154517092,,,,,,,,,,,,,,,91.43622154517092,,"rgba(38, 166, 154, 1.0)"
2023-11-10 00:00:00+00:00,95.1183951625,96.0330907155,94.3031230393,95.575742939,109062,0.0,0.0,0.0,0.0,0.0,0.0,0.0,0.0,,,,91.66560888369251,,,,,,,,,,,,,,,91.66560888369251,,"rgba(38, 166, 154, 1.0)"
2023-11-13 00:00:00+00:00,96.2518222607,96.6097466075,94.4323734978,94.8698365884,97516,0.0,0.0,0.0,0.0,0.0,0.0,0.0,0.0,,,,91.88005665070462,,,,,,,,,,,,,,,91.88005665070462,,"rgba(38, 166, 154, 1.0)"
2023-11-14 00:00:00+00:00,102.3067091275,103.0026731351,98.1706944533,99.1848134359,122388,0.0,0.0,0.0,0.0,0.0,0.0,0.0,0.0,,,,92.45183833655076,,,,,,,,,,,,,,,92.45183833655076,,"rgba(38, 166, 154, 1.0)"
2023-11-15 00:00:00+00:00,104.3548317786,104.687900268,102.0581505533,102.0581505533,165569,0.0,0.0,0.0,0.0,0.0,0.0,0.0,0.0,,,,93.3172975779198,,,,,,,,,,,,,,,93.3172975779198,,"rgba(38, 166, 154, 1.0)"
2023-11-16 00:00:00+00:00,102.5353830157,105.9257219673,102.4956136438,105.9257219673,72382,0.0,0.0,0.0,0.0,0.0,0.0,0.0,0.0,,,,93.65361212267206,,,,,,,,,,,,,,,93.65361212267206,,"rgba(38, 166, 154, 1.0)"
2023-11-17 00:00:00+00:00,102.8535379906,104.0665038326,101.1136279715,102.9131920484,56517,0.0,0.0,0.0,0.0,0.0,0.0,0.0,0.0,,,,93.87722741322622,,,,,,,,,,,,,,,93.87722741322622,,"rgba(38, 166, 154, 1.0)"
2023-11-20 00:00:00+00:00,104.4741398942,104.4741398942,102.4956136438,104.2951777208,37976,0.0,0.0,0.0,0.0,0.0,0.0,0.0,0.0,,,,94.03997724453158,,,,,,,,,,,,,,,94.03997724453158,,"rgba(38, 166, 154, 1.0)"
2023-11-21 00:00:00+00:00,105.418662476,105.8660679095,103.8974840021,104.9314876707,112876,0.0,0.0,0.0,0.0,0.0,0.0,0.0,0.0,,,,94.55155198137584,,,,,,,,,,,,,,,94.55155198137584,,"rgba(38, 166, 154, 1.0)"
2023-11-22 00:00:00+00:00,107.0193796937,107.7054013584,105.428604819,106.343300372,72079,0.0,0.0,0.0,0.0,0.0,0.0,0.0,0.0,,,,94.90179943118454,,,,,,,,,,,,,,,94.90179943118454,,"rgba(38, 166, 154, 1.0)"
2023-11-24 00:00:00+00:00,107.7551130732,108.4809041098,106.5819166032,107.2082842101,68893,0.0,0.0,0.0,0.0,0.0,0.0,0.0,0.0,,,,95.24200610970867,,,,,,,,,,,,,,,95.24200610970867,,"rgba(38, 166, 154, 1.0)"
2023-11-27 00:00:00+00:00,106.8901292351,108.421250052,103.7881182295,107.2480535819,67010,0.0,0.0,0.0,0.0,0.0,0.0,0.0,0.0,,,,95.52441194477143,,,,,,,,,,,,,,,95.52441194477143,,"rgba(38, 166, 154, 1.0)"
2023-11-28 00:00:00+00:00,106.1444535126,108.4510770809,105.8561255666,106.1941652274,104530,0.0,0.0,0.0,0.0,0.0,0.0,0.0,0.0,,,,95.95457232870342,,,,,,,,,,,,,,,95.95457232870342,,"rgba(38, 166, 154, 1.0)"
2023-11-29 00:00:00+00:00,106.5123202024,107.4270157553,105.5976246494,106.1842228845,112763,0.0,0.0,0.0,0.0,0.0,0.0,0.0,0.0,,,,96.3712847868065,,,,,,,,,,,,,,,96.3712847868065,,"rgba(38, 166, 154, 1.0)"
2023-11-30 00:00:00+00:00,103.4699632546,107.2679382679,103.2313470234,107.2679382679,180332,0.0,0.0,0.0,0.0,0.0,0.0,0.0,0.0,,,,96.86319770436086,,,,,,,,,,,,,,,96.86319770436086,,"rgba(38, 166, 154, 0.75)"
2023-12-01 00:00:00+00:00,105.7069904221,105.7765868228,102.9032497055,103.8974840021,59669,0.0,0.0,0.0,0.0,0.0,0.0,0.0,0.0,,,,97.0160319827486,,,,,,,,,,,,,,,97.0160319827486,,"rgba(38, 166, 154, 0.75)"
2023-12-04 00:00:00+00:00,106.3631850579,107.1486301523,104.9513723566,104.9513723566,52513,0.0,0.0,0.0,0.0,0.0,0.0,0.0,0.0,,,,97.16840207525189,,,,,,,,,,,,,,,97.16840207525189,,"rgba(38, 166, 154, 0.75)"
2023-12-05 00:00:00+00:00,105.428604819,106.3035310001,104.9066318133,105.2595849886,79252,0.0,0.0,0.0,0.0,0.0,0.0,0.0,0.0,,,,97.3740452209105,,,,,,,,,,,,,,,97.3740452209105,,"rgba(38, 166, 154, 0.75)"
2023-12-06 00:00:00+00:00,107.3077076397,108.5703851965,105.2397003026,106.3830697438,101921,0.0,0.0,0.0,0.0,0.0,0.0,0.0,0.0,,,,97.66981181691169,,,,,,,,,,,,,,,97.66981181691169,,"rgba(38, 166, 154, 0.75)"
2023-12-07 00:00:00+00:00,108.9382518863,109.1470410886,106.0002895396,106.9994950078,73200,0.0,0.0,0.0,0.0,0.0,0.0,0.0,0.0,,,,97.89257799827857,,,,,,,,,,,,,,,97.89257799827857,,"rgba(38, 166, 154, 0.75)"
2023-12-08 00:00:00+00:00,108.8785978285,110.6483348765,108.0136139904,108.9183672003,62476,0.0,0.0,0.0,0.0,0.0,0.0,0.0,0.0,,,,98.09602355834716,,,,,,,,,,,,,,,98.09602355834716,,"rgba(38, 166, 154, 1.0)"
2023-12-11 00:00:00+00:00,108.8686554855,109.92254384,108.3019419364,109.326003262,59628,0.0,0.0,0.0,0.0,0.0,0.0,0.0,0.0,,,,98.28094867830389,,,,,,,,,,,,,,,98.28094867830389,,"rgba(38, 166, 154, 1.0)"
2023-12-12 00:00:00+00:00,108.3516536512,108.7394050269,107.1685148382,108.4809041098,58007,0.0,0.0,0.0,0.0,0.0,0.0,0.0,0.0,,,,98.43965447053375,,,,,,,,,,,,,,,98.43965447053375,,"rgba(38, 166, 154, 1.0)"
2023-12-13 00:00:00+00:00,113.4421332502,113.6012107377,107.2082842101,107.7551130732,95879,0.0,0.0,0.0,0.0,0.0,0.0,0.0,0.0,,,,98.77778930515969,,,,,,,,,,,,,,,98.77778930515969,,"rgba(38, 166, 154, 1.0)"
2023-12-14 00:00:00+00:00,118.7513443944,120.670216587,114.8042342366,115.4902559013,124416,0.0,0.0,0.0,0.0,0.0,0.0,0.0,0.0,,,,99.40890561240415,,,,,,,,,,,,,,,99.40890561240415,,"rgba(38, 166, 154, 1.0)"
2023-12-15 00:00:00+00:00,118.0156110149,119.7008381477,115.6294487029,118.6817479936,132792,0.0,0.0,0.0,0.0,0.0,0.0,0.0,0.0,,,,100.02861064085229,,,,,,,,,,,,,,,100.02861064085229,,"rgba(38, 166, 154, 1.0)"
2023-12-18 00:00:00+00:00,119.5268471458,119.8549444637,117.7322542403,119.2285768568,84824,0.0,0.0,0.0,0.0,0.0,0.0,0.0,0.0,,,,100.42953393199068,,,,,,,,,,,,,,,100.42953393199068,,"rgba(38, 166, 154, 1.0)"
2023-12-19 00:00:00+00:00,121.2866418509,121.8434130571,120.1184165523,120.7298706448,64603,0.0,0.0,0.0,0.0,0.0,0.0,0.0,0.0,,,,100.75604304885374,,,,,,,,,,,,,,,100.75604304885374,,"rgba(38, 166, 154, 1.0)"
2023-12-20 00:00:00+00:00,120.0239642941,122.5692040936,120.0040796082,121.7042202555,98253,0.0,0.0,0.0,0.0,0.0,0.0,0.0,0.0,,,,101.22820011300057,,,,,,,,,,,,,,,101.22820011300057,,"rgba(38, 166, 154, 1.0)"
2023-12-21 00:00:00+00:00,121.8831824289,122.1913950609,120.1134453808,121.2965841939,49703,0.0,0.0,0.0,0.0,0.0,0.0,0.0,0.0,,,,101.46492743432655,,,,,,,,,,,,,,,101.46492743432655,,"rgba(38, 166, 154, 1.0)"
2023-12-22 00:00:00+00:00,123.7722275926,123.941247423,122.6885122092,122.75810861,58583,0.0,0.0,0.0,0.0,0.0,0.0,0.0,0.0,,,,101.76517639706925,,,,,,,,,,,,,,,101.76517639706925,,"rgba(38, 166, 154, 1.0)"
2023-12-26 00:00:00+00:00,124.7167501744,125.1740979509,123.2055140435,124.2693447409,16983,0.0,0.0,0.0,0.0,0.0,0.0,0.0,0.0,,,,101.85423037683297,,,,,,,,,,,,,,,101.85423037683297,,"rgba(38, 166, 154, 1.0)"
2023-12-27 00:00:00+00:00,128.2761089565,128.743399076,124.8261159471,125.3132907524,144067,0.0,0.0,0.0,0.0,0.0,0.0,0.0,0.0,,,,102.67669312111357,,,,,,,,,,,,,,,102.67669312111357,,"rgba(38, 166, 154, 1.0)"
2023-12-28 00:00:00+00:00,127.6497413496,130.4069916891,127.2117665664,128.0379462711,63963,0.0,0.0,0.0,0.0,0.0,0.0,0.0,0.0,,,,103.04119028158095,,,,,,,,,,,,,,,103.04119028158095,,"rgba(38, 166, 154, 1.0)"
2023-12-29 00:00:00+00:00,125.9376581063,128.9636656991,125.9376581063,128.9636656991,40614,0.0,0.0,0.0,0.0,0.0,0.0,0.0,0.0,,,,103.25416772541801,,,,,,,,,,,,,,,103.25416772541801,,"rgba(38, 166, 154, 0.75)"
2024-01-02 00:00:00+00:00,121.8565294449,124.9522148442,121.0900735744,124.9522148442,86924,0.0,0.0,0.0,0.0,0.0,0.0,0.0,0.0,,,,103.61676903525199,,,,,,,,,,,,,,,103.61676903525199,,"rgba(38, 166, 154, 0.75)"
2024-01-03 00:00:00+00:00,115.3267235868,120.2240779804,115.247091808,120.2240779804,96273,0.0,0.0,0.0,0.0,0.0,0.0,0.0,0.0,,,,103.8871206728147,,,,,,,,,,,,,,,103.8871206728147,,"rgba(38, 166, 154, 0.75)"
2024-01-04 00:00:00+00:00,113.1567576156,116.1827652084,112.9178622793,113.5549165094,167457,0.0,0.0,0.0,0.0,0.0,0.0,0.0,0.0,,,,104.23500091184263,,,,,,,,,,,,,,,104.23500091184263,,"rgba(38, 166, 154, 0.5)"
2024-01-05 00:00:00+00:00,114.1422008777,115.5258030337,102.5468184933,113.544962537,60557,0.0,0.0,0.0,0.0,0.0,0.0,0.0,0.0,,,,104.31424278476923,,,,,,,,,,,,,,,104.31424278476923,,#000000
2024-01-08 00:00:00+00:00,114.9484726377,115.2421148218,113.1468036433,113.6445022605,82586,0.0,0.0,0.0,0.0,0.0,0.0,0.0,0.0,,,,104.47985154969282,,,,,,,,,,,,,,,104.47985154969282,,"rgba(239, 83, 80, 1.0)"
2024-01-09 00:00:00+00:00,113.51510062,114.9235877068,113.1069877539,114.1123389607,32173,0.0,0.0,0.0,0.0,0.0,0.0,0.0,0.0,,,,104.53913251727131,,,,,,,,,,,,,,,104.53913251727131,,"rgba(239, 83, 80, 1.0)"
2024-01-10 00:00:00+00:00,113.226435422,114.0824770437,112.390301745,114.0725230713,50440,0.0,0.0,0.0,0.0,0.0,0.0,0.0,0.0,,,,104.62453070918544,,,,,,,,,,,,,,,104.62453070918544,,"rgba(239, 83, 80, 1.0)"
2024-01-11 00:00:00+00:00,112.5296573579,112.9278162517,111.2655028701,112.9278162517,35078,0.0,0.0,0.0,0.0,0.0,0.0,0.0,0.0,,,,104.67620665768945,,,,,,,,,,,,,,,104.67620665768945,,"rgba(239, 83, 80, 1.0)"
2024-01-12 00:00:00+00:00,110.8175741146,114.1123389607,110.5289089166,113.9132595138,50165,0.0,0.0,0.0,0.0,0.0,0.0,0.0,0.0,,,,104.74485224284528,,,,,,,,,,,,,,,104.74485224284528,,"rgba(239, 83, 80, 1.0)"
2024-01-16 00:00:00+00:00,110.9768376721,112.1812683258,107.8363593973,109.5434656544,92501,0.0,0.0,0.0,0.0,0.0,0.0,0.0,0.0,,,,104.84212147304248,,,,,,,,,,,,,,,104.84212147304248,,"rgba(239, 83, 80, 1.0)"
2024-01-17 00:00:00+00:00,109.0656749819,109.8719467418,108.0105539133,109.1453067606,39027,0.0,0.0,0.0,0.0,0.0,0.0,0.0,0.0,,,,104.87231604532447,,,,,,,,,,,,,,,104.87231604532447,,"rgba(239, 83, 80, 1.0)"
2024-01-18 00:00:00+00:00,111.175917119,111.7034776533,109.0457670372,110.1904738568,109094,0.0,0.0,0.0,0.0,0.0,0.0,0.0,0.0,,,,104.98757323683488,,,,,,,,,,,,,,,104.98757323683488,,"rgba(239, 83, 80, 1.0)"
2024-01-19 00:00:00+00:00,115.8045142593,115.9140079551,111.0863313679,112.0817286024,145347,0.0,0.0,0.0,0.0,0.0,0.0,0.0,0.0,,,,105.22818424577002,,,,,,,,,,,,,,,105.22818424577002,,"rgba(239, 83, 80, 0.75)"
2024-01-22 00:00:00+00:00,117.3374260004,118.2233295391,115.5755728954,117.1682084705,50257,0.0,0.0,0.0,0.0,0.0,0.0,0.0,0.0,,,,105.33317851231979,,,,,,,,,,,,,,,105.33317851231979,,#000000
2024-01-23 00:00:00+00:00,116.6107860192,117.8550325623,115.9936397339,117.2876561387,31706,0.0,0.0,0.0,0.0,0.0,0.0,0.0,0.0,,,,105.3972049384427,,,,,,,,,,,,,,,105.3972049384427,,#000000
2024-01-24 00:00:00+00:00,117.2179783323,118.5518106265,116.5709701299,118.452270903,63749,0.0,0.0,0.0,0.0,0.0,0.0,0.0,0.0,,,,105.53075212364175,,,,,,,,,,,,,,,105.53075212364175,,"rgba(38, 166, 154, 0.5)"
2024-01-25 00:00:00+00:00,118.4124550136,118.8354988383,117.4469196962,118.4622248754,45942,0.0,0.0,0.0,0.0,0.0,0.0,0.0,0.0,,,,105.63139268005243,,,,,,,,,,,,,,,105.63139268005243,,"rgba(38, 166, 154, 0.5)"
2024-01-26 00:00:00+00:00,118.8006599351,119.6268396397,118.1486747465,119.2684966353,52774,0.0,0.0,0.0,0.0,0.0,0.0,0.0,0.0,,,,105.75070537824146,,,,,,,,,,,,,,,105.75070537824146,,"rgba(38, 166, 154, 0.5)"
2024-01-29 00:00:00+00:00,119.547207861,119.9055508654,117.5165975026,118.0342040645,56570,0.0,0.0,0.0,0.0,0.0,0.0,0.0,0.0,,,,105.87748789552157,,,,,,,,,,,,,,,105.87748789552157,,"rgba(38, 166, 154, 0.5)"
2024-01-30 00:00:00+00:00,118.0242500922,119.6567015567,117.9147563964,119.6567015567,38751,0.0,0.0,0.0,0.0,0.0,0.0,0.0,0.0,,,,105.95995879522218,,,,,,,,,,,,,,,105.95995879522218,,"rgba(38, 166, 154, 0.5)"
2024-01-31 00:00:00+00:00,116.8994512172,120.2638938698,116.7003717703,117.2080243599,105457,0.0,0.0,0.0,0.0,0.0,0.0,0.0,0.0,,,,106.16898578427875,,,,,,,,,,,,,,,106.16898578427875,,"rgba(38, 166, 154, 0.5)"
2024-02-01 00:00:00+00:00,118.3626851519,118.4124550136,114.5154748407,116.6406479363,80056,0.0,0.0,0.0,0.0,0.0,0.0,0.0,0.0,,,,106.31166575845243,,,,,,,,,,,,,,,106.31166575845243,,"rgba(38, 166, 154, 0.5)"
2024-02-02 00:00:00+00:00,115.9737317892,116.9989909407,114.8588868866,116.9989909407,59510,0.0,0.0,0.0,0.0,0.0,0.0,0.0,0.0,,,,106.40425357473053,,,,,,,,,,,,,,,106.40425357473053,,"rgba(38, 166, 154, 0.5)"
2024-02-05 00:00:00+00:00,112.8382305006,115.3167696144,112.8382305006,115.3167696144,47409,0.0,0.0,0.0,0.0,0.0,0.0,0.0,0.0,,,,106.45942725655587,,,,,,,,,,,,,,,106.45942725655587,,#000000
2024-02-06 00:00:00+00:00,111.4546283446,113.2961132284,111.205779036,113.2065274773,73889,0.0,0.0,0.0,0.0,0.0,0.0,0.0,0.0,,,,106.52411298446876,,,,,,,,,,,,,,,106.52411298446876,,"rgba(239, 83, 80, 1.0)"
2024-02-07 00:00:00+00:00,109.8122229077,111.2455949254,109.5832815438,111.2455949254,156981,0.0,0.0,0.0,0.0,0.0,0.0,0.0,0.0,,,,106.61364286457777,,,,,,,,,,,,,,,106.61364286457777,,"rgba(239, 83, 80, 1.0)"
2024-02-08 00:00:00+00:00,120.3136637315,120.4530193443,109.155260733,113.6544562328,152191,0.0,0.0,0.0,0.0,0.0,0.0,0.0,0.0,,,,106.84410780700841,,,,,,,,,,,,,,,106.84410780700841,,"rgba(239, 83, 80, 0.75)"
2024-02-09 00:00:00+00:00,121.5180943852,122.1501716291,118.2631454285,120.2439859251,154786,0.0,0.0,0.0,0.0,0.0,0.0,0.0,0.0,,,,107.15932543354623,,,,,,,,,,,,,,,107.15932543354623,,#000000
2024-02-12 00:00:00+00:00,123.7179222734,125.3354427795,119.7562412802,122.7125710666,130364,0.0,0.0,0.0,0.0,0.0,0.0,0.0,0.0,,,,107.45712320390015,,,,,,,,,,,,,,,107.45712320390015,,"rgba(38, 166, 154, 0.5)"
2024-02-13 00:00:00+00:00,121.7470357492,123.329717352,117.2577942217,120.6520987912,355506,0.0,0.0,0.0,0.0,0.0,0.0,0.0,0.0,,,,108.10923353021342,,,,,,,,,,,,,,,108.10923353021342,,"rgba(38, 166, 154, 0.5)"
2024-02-14 00:00:00+00:00,123.9269556927,124.4744241716,121.1249124776,122.234780394,144972,0.0,0.0,0.0,0.0,0.0,0.0,0.0,0.0,,,,108.40410915080453,,,,,,,,,,,,,,,108.40410915080453,,"rgba(38, 166, 154, 0.5)"
2024-02-15 00:00:00+00:00,128.2569336626,129.2125150077,123.9568176097,125.2508340145,220444,0.0,0.0,0.0,0.0,0.0,0.0,0.0,0.0,,,,108.94565550942444,,,,,,,,,,,,,,,108.94565550942444,,"rgba(38, 166, 154, 0.5)"
2024-02-16 00:00:00+00:00,128.4460591372,130.4468075785,126.7240219215,127.689557239,170236,0.0,0.0,0.0,0.0,0.0,0.0,0.0,0.0,,,,109.37340304018423,,,,,,,,,,,,,,,109.37340304018423,,"rgba(38, 166, 154, 1.0)"
2024-02-20 00:00:00+00:00,124.3151606141,127.2814443729,124.0762652778,126.3059550831,122333,0.0,0.0,0.0,0.0,0.0,0.0,0.0,0.0,,,,109.6182333383491,,,,,,,,,,,,,,,109.6182333383491,,"rgba(38, 166, 154, 1.0)"
2024-02-21 00:00:00+00:00,123.0510061263,123.7278762458,120.6919146806,123.3396713243,150352,0.0,0.0,0.0,0.0,0.0,0.0,0.0,0.0,,,,109.85803772751572,,,,,,,,,,,,,,,109.85803772751572,,"rgba(38, 166, 154, 0.5)"
2024-02-22 00:00:00+00:00,126.3457709724,126.3457709724,123.9966334991,123.9966334991,84440,0.0,0.0,0.0,0.0,0.0,0.0,0.0,0.0,,,,110.02065174379362,,,,,,,,,,,,,,,110.02065174379362,,"rgba(38, 166, 154, 0.5)"
2024-02-23 00:00:00+00:00,118.8404758245,119.2286807459,117.556413392,118.452270903,621081,0.0,0.0,0.0,0.0,0.0,0.0,0.0,0.0,,,,110.62370093169437,,,,,,,,,,,,,,,110.62370093169437,,"rgba(38, 166, 154, 0.5)"
2024-02-26 00:00:00+00:00,118.0541120092,118.7011202116,117.526551475,117.526551475,277887,0.0,0.0,0.0,0.0,0.0,0.0,0.0,0.0,,,,110.85298139650617,,,,,,,,,,,,,,,110.85298139650617,,#000000
2024-02-27 00:00:00+00:00,117.7156769495,118.8603837692,117.5962292814,118.3328232349,293501,0.0,0.0,0.0,0.0,0.0,0.0,0.0,0.0,,,,111.07919574879502,,,,,,,,,,,,,,,111.07919574879502,,#000000
2024-02-28 00:00:00+00:00,115.2271838633,117.8550325623,115.0181504441,115.8841460381,164739,0.0,0.0,0.0,0.0,0.0,0.0,0.0,0.0,,,,111.16499779801694,,,,,,,,,,,,,,,111.16499779801694,,"rgba(239, 83, 80, 1.0)"
2024-02-29 00:00:00+00:00,115.6950205635,116.7863740914,114.2317866288,115.0778742781,188970,0.0,0.0,0.0,0.0,0.0,0.0,0.0,0.0,,,,111.25082456862056,,,,,,,,,,,,,,,111.25082456862056,,"rgba(239, 83, 80, 1.0)"
2024-03-01 00:00:00+00:00,117.1980703876,117.9446183134,115.4959411166,116.3022128766,129657,0.0,0.0,0.0,0.0,0.0,0.0,0.0,0.0,,,,111.32506128835404,,,,,,,,,,,,,,,111.32506128835404,,"rgba(239, 83, 80, 1.0)"
2024-03-04 00:00:00+00:00,118.0142961199,118.4323629583,116.4644626258,116.6008320469,134822,0.0,0.0,0.0,0.0,0.0,0.0,0.0,0.0,,,,111.4104546305178,,,,,,,,,,,,,,,111.4104546305178,,"rgba(239, 83, 80, 1.0)"
2024-03-05 00:00:00+00:00,116.9094051896,118.0839739263,116.4813843788,117.2727251802,130080,0.0,0.0,0.0,0.0,0.0,0.0,0.0,0.0,,,,111.48451360745904,,,,,,,,,,,,,,,111.48451360745904,,"rgba(239, 83, 80, 1.0)"
2024-03-06 00:00:00+00:00,116.6406479363,118.6712582946,116.4017526,118.0839739263,109273,0.0,0.0,0.0,0.0,0.0,0.0,0.0,0.0,,,,111.54611995620755,,,,,,,,,,,,,,,111.54611995620755,,"rgba(239, 83, 80, 1.0)"
2024-03-07 00:00:00+00:00,117.0885766918,118.0640659816,116.8397273832,117.0537377886,114299,0.0,0.0,0.0,0.0,0.0,0.0,0.0,0.0,,,,111.61019278526389,,,,,,,,,,,,,,,111.61019278526389,,"rgba(239, 83, 80, 1.0)"
2024-03-08 00:00:00+00:00,117.2777021663,118.8404758245,115.8791690519,118.0441580369,101497,0.0,0.0,0.0,0.0,0.0,0.0,0.0,0.0,,,,111.6659270985617,,,,,,,,,,,,,,,111.6659270985617,,"rgba(239, 83, 80, 1.0)"
2024-03-11 00:00:00+00:00,117.1881164152,117.3573339451,116.1230413743,116.1927191808,116124,0.0,0.0,0.0,0.0,0.0,0.0,0.0,0.0,,,,111.72349478077912,,,,,,,,,,,,,,,111.72349478077912,,"rgba(239, 83, 80, 1.0)"
2024-03-12 00:00:00+00:00,119.1191870501,119.1191870501,116.5012923234,116.5012923234,150162,0.0,0.0,0.0,0.0,0.0,0.0,0.0,0.0,,,,111.8151495964432,,,,,,,,,,,,,,,111.8151495964432,,#000000
2024-03-13 00:00:00+00:00,118.6911662393,120.0050905888,118.4622248754,118.4622248754,102646,0.0,0.0,0.0,0.0,0.0,0.0,0.0,0.0,,,,111.88400431504506,,,,,,,,,,,,,,,111.88400431504506,,#000000
2024-03-14 00:00:00+00:00,119.4476681375,119.5671158056,117.3473799728,118.7608440457,82993,0.0,0.0,0.0,0.0,0.0,0.0,0.0,0.0,,,,111.93669916176859,,,,,,,,,,,,,,,111.93669916176859,,#000000
2024-03-15 00:00:00+00:00,118.5020407648,120.0747683952,117.556413392,119.7711722387,74140,0.0,0.0,0.0,0.0,0.0,0.0,0.0,0.0,,,,111.98258039781228,,,,,,,,,,,,,,,111.98258039781228,,#000000
2024-03-18 00:00:00+00:00,117.7355848942,119.4974379992,117.7057229772,118.4622248754,127504,0.0,0.0,0.0,0.0,0.0,0.0,0.0,0.0,,,,112.05546478808472,,,,,,,,,,,,,,,112.05546478808472,,#000000
2024-03-19 00:00:00+00:00,118.8305218521,119.0096933543,116.9691290237,117.8052627006,53381,0.0,0.0,0.0,0.0,0.0,0.0,0.0,0.0,,,,112.08527573198973,,,,,,,,,,,,,,,112.08527573198973,,#000000
2024-03-20 00:00:00+00:00,122.0357009472,122.752386956,118.740936101,119.0495092437,155698,0.0,0.0,0.0,0.0,0.0,0.0,0.0,0.0,,,,112.21072235004526,,,,,,,,,,,,,,,112.21072235004526,,"rgba(38, 166, 154, 1.0)"
2024-03-21 00:00:00+00:00,123.9568176097,124.9123989548,122.6229853155,123.4292570754,173200,0.0,0.0,0.0,0.0,0.0,0.0,0.0,0.0,,,,112.38639323890406,,,,,,,,,,,,,,,112.38639323890406,,"rgba(38, 166, 154, 1.0)"
2024-03-22 00:00:00+00:00,121.0801196021,124.4246543099,121.0701656297,124.3251145865,72033,0.0,0.0,0.0,0.0,0.0,0.0,0.0,0.0,,,,112.44765840241891,,,,,,,,,,,,,,,112.44765840241891,,"rgba(38, 166, 154, 1.0)"
2024-03-25 00:00:00+00:00,120.761592487,122.1899875185,119.9254588101,121.2493371319,43624,0.0,0.0,0.0,0.0,0.0,0.0,0.0,0.0,,,,112.47974378219915,,,,,,,,,,,,,,,112.47974378219915,,"rgba(38, 166, 154, 1.0)"
2024-03-26 00:00:00+00:00,119.8259190866,121.4882324682,119.6666555291,121.1796593255,55681,0.0,0.0,0.0,0.0,0.0,0.0,0.0,0.0,,,,112.51732057204815,,,,,,,,,,,,,,,112.51732057204815,,"rgba(38, 166, 154, 0.75)"
2024-03-27 00:00:00+00:00,122.5333995644,122.5333995644,120.8412242658,120.8412242658,47691,0.0,0.0,0.0,0.0,0.0,0.0,0.0,0.0,,,,112.5559289786827,,,,,,,,,,,,,,,112.5559289786827,,"rgba(38, 166, 154, 0.75)"
2024-03-28 00:00:00+00:00,121.6674039704,123.5088888542,121.597726164,123.0211442093,94244,0.0,0.0,0.0,0.0,0.0,0.0,0.0,0.0,,,,112.63361586882786,,,,,,,,,,,,,,,112.63361586882786,,"rgba(38, 166, 154, 0.75)"
2024-04-01 00:00:00+00:00,118.7608440457,122.1949645047,118.3825930966,122.1949645047,75496,0.0,0.0,0.0,0.0,0.0,0.0,0.0,0.0,,,,112.67915978679737,,,,,,,,,,,,,,,112.67915978679737,,#000000
2024-04-02 00:00:00+00:00,118.2631454285,118.6413963776,116.9591750513,118.2034215944,53007,0.0,0.0,0.0,0.0,0.0,0.0,0.0,0.0,,,,112.7026616892326,,,,,,,,,,,,,,,112.7026616892326,,#000000
2024-04-03 00:00:00+00:00,119.1390949948,119.6965174461,118.2830533732,118.3228692625,33720,0.0,0.0,0.0,0.0,0.0,0.0,0.0,0.0,,,,112.72056973916138,,,,,,,,,,,,,,,112.72056973916138,,#000000
2024-04-04 00:00:00+00:00,117.6459991431,121.1149585053,117.6459991431,120.3335716762,55429,0.0,0.0,0.0,0.0,0.0,0.0,0.0,0.0,,,,112.74869114799661,,,,,,,,,,,,,,,112.74869114799661,,"rgba(239, 83, 80, 1.0)"
2024-04-05 00:00:00+00:00,117.8251706453,118.8653607553,116.6804638257,117.008944913,147866,0.0,0.0,0.0,0.0,0.0,0.0,0.0,0.0,,,,112.81012213193327,,,,,,,,,,,,,,,112.81012213193327,,"rgba(239, 83, 80, 1.0)"
2024-04-08 00:00:00+00:00,117.9247103688,118.2531914561,116.8397273832,118.1237898156,103454,0.0,0.0,0.0,0.0,0.0,0.0,0.0,0.0,,,,112.85122389338318,,,,,,,,,,,,,,,112.85122389338318,,"rgba(239, 83, 80, 1.0)"
2024-04-09 00:00:00+00:00,119.2386347183,121.0602116574,118.3626851519,118.6015804882,87423,0.0,0.0,0.0,0.0,0.0,0.0,0.0,0.0,,,,112.89876176311088,,,,,,,,,,,,,,,112.89876176311088,,"rgba(239, 83, 80, 1.0)"
2024-04-10 00:00:00+00:00,113.7639499286,117.2777021663,113.3956529519,117.2777021663,69921,0.0,0.0,0.0,0.0,0.0,0.0,0.0,0.0,,,,112.90955590803055,,,,,,,,,,,,,,,112.90955590803055,,"rgba(239, 83, 80, 1.0)"
2024-04-11 00:00:00+00:00,113.0074480304,114.2566715597,112.7685526942,114.0028452649,43317,0.0,0.0,0.0,0.0,0.0,0.0,0.0,0.0,,,,112.91106951843757,,,,,,,,,,,,,,,112.91106951843757,,"rgba(239, 83, 80, 1.0)"
2024-04-12 00:00:00+00:00,112.6391510537,112.7088288601,111.4446743723,112.3504858557,53584,0.0,0.0,0.0,0.0,0.0,0.0,0.0,0.0,,,,112.9082951073742,,,,,,,,,,,,,,,112.9082951073742,,"rgba(239, 83, 80, 1.0)"
2024-04-15 00:00:00+00:00,109.414064014,113.7639499286,109.3443862075,112.8282765282,50693,0.0,0.0,0.0,0.0,0.0,0.0,0.0,0.0,,,,112.89993975163765,,,,,,,,,,,,,,,112.89993975163765,,"rgba(239, 83, 80, 1.0)"
2024-04-16 00:00:00+00:00,108.577930337,109.5733275715,107.0549725682,108.000599941,140247,0.0,0.0,0.0,0.0,0.0,0.0,0.0,0.0,,,,112.85020688092969,,,,,,,,,,,,,,,112.85020688092969,,"rgba(239, 83, 80, 1.0)"
2024-04-17 00:00:00+00:00,108.4385747242,109.18512265,107.0052027065,108.9860432031,117356,0.0,0.0,0.0,0.0,0.0,0.0,0.0,0.0,,,,112.80766458278937,,,,,,,,,,,,,,,112.80766458278937,,"rgba(239, 83, 80, 1.0)"
2024-04-18 00:00:00+00:00,106.4477802552,108.7869637562,105.0542241269,108.3489889731,185678,0.0,0.0,0.0,0.0,0.0,0.0,0.0,0.0,,,,112.72124276268889,,,,,,,,,,,,,,,112.72124276268889,,"rgba(239, 83, 80, 1.0)"
2024-04-19 00:00:00+00:00,105.7310942464,107.8114744664,105.2234416568,107.0997654438,131832,0.0,0.0,0.0,0.0,0.0,0.0,0.0,0.0,,,,112.65626662441345,,,,,,,,,,,,,,,112.65626662441345,,"rgba(239, 83, 80, 1.0)"
2024-04-22 00:00:00+00:00,108.0603237751,108.1797714432,105.402613159,105.7111863017,137247,0.0,0.0,0.0,0.0,0.0,0.0,0.0,0.0,,,,112.5999226340217,,,,,,,,,,,,,,,112.5999226340217,,"rgba(239, 83, 80, 1.0)"
2024-04-23 00:00:00+00:00,109.4041100416,109.6728672949,107.3038218769,107.3038218769,93427,0.0,0.0,0.0,0.0,0.0,0.0,0.0,0.0,,,,112.57328401556843,,,,,,,,,,,,,,,112.57328401556843,,"rgba(239, 83, 80, 0.75)"
2024-04-24 00:00:00+00:00,108.4982985582,109.7823609907,106.2885166977,108.7869637562,210498,0.0,0.0,0.0,0.0,0.0,0.0,0.0,0.0,,,,112.50523625271244,,,,,,,,,,,,,,,112.50523625271244,,"rgba(239, 83, 80, 0.75)"
2024-04-25 00:00:00+00:00,106.9852947618,108.8168256733,106.3084246424,106.8658470937,235020,0.0,0.0,0.0,0.0,0.0,0.0,0.0,0.0,,,,112.41775271801053,,,,,,,,,,,,,,,112.41775271801053,,"rgba(239, 83, 80, 0.75)"
2024-04-26 00:00:00+00:00,107.5327632408,108.1947024017,106.845939149,106.845939149,82630,0.0,0.0,0.0,0.0,0.0,0.0,0.0,0.0,,,,112.38861731265244,,,,,,,,,,,,,,,112.38861731265244,,"rgba(239, 83, 80, 0.75)"
2024-04-29 00:00:00+00:00,106.6468597021,109.0905599127,105.7410482187,108.000599941,121435,0.0,0.0,0.0,0.0,0.0,0.0,0.0,0.0,,,,112.34325739135248,,,,,,,,,,,,,,,112.34325739135248,,"rgba(239, 83, 80, 0.75)"
2024-04-30 00:00:00+00:00,103.5611282752,106.2885166977,103.3620488283,105.4921989101,92912,0.0,0.0,0.0,0.0,0.0,0.0,0.0,0.0,,,,112.29091138784197,,,,,,,,,,,,,,,112.29091138784197,,"rgba(239, 83, 80, 0.75)"
2024-05-01 00:00:00+00:00,104.1981825053,105.691278357,103.3321869113,103.5611282752,150003,0.0,0.0,0.0,0.0,0.0,0.0,0.0,0.0,,,,112.20787707157709,,,,,,,,,,,,,,,112.20787707157709,,"rgba(239, 83, 80, 0.75)"
2024-05-02 00:00:00+00:00,104.1285046989,105.5618767165,100.5450746547,104.0787348371,155943,0.0,0.0,0.0,0.0,0.0,0.0,0.0,0.0,,,,112.11260790592644,,,,,,,,,,,,,,,112.11260790592644,,"rgba(239, 83, 80, 0.75)"
2024-05-03 00:00:00+00:00,107.4829933791,108.6426311572,106.2188388913,106.2188388913,183399,0.0,0.0,0.0,0.0,0.0,0.0,0.0,0.0,,,,112.05394020534173,,,,,,,,,,,,,,,112.05394020534173,,"rgba(239, 83, 80, 0.75)"
2024-05-06 00:00:00+00:00,111.0564694508,111.0763773955,108.1598634985,108.4584826689,192131,0.0,0.0,0.0,0.0,0.0,0.0,0.0,0.0,,,,112.02849741679962,,,,,,,,,,,,,,,112.02849741679962,,"rgba(239, 83, 80, 0.75)"
2024-05-07 00:00:00+00:00,111.3451346488,113.0074480304,110.9071598657,111.6885466947,163269,0.0,0.0,0.0,0.0,0.0,0.0,0.0,0.0,,,,112.02548875139694,,,,,,,,,,,,,,,112.02548875139694,,#000000
2024-05-08 00:00:00+00:00,109.3244782629,111.1062393126,108.9362733414,110.5886327506,87285,0.0,0.0,0.0,0.0,0.0,0.0,0.0,0.0,,,,112.01249545218363,,,,,,,,,,,,,,,112.01249545218363,,#000000
2024-05-09 00:00:00+00:00,112.1215444917,112.4798874962,109.876923728,109.99139441,84770,0.0,0.0,0.0,0.0,0.0,0.0,0.0,0.0,,,,112.0095795535133,,,,,,,,,,,,,,,112.0095795535133,,#000000
2024-05-10 00:00:00+00:00,113.6445022605,113.7042260946,111.2754568424,112.8382305006,65252,0.0,0.0,0.0,0.0,0.0,0.0,0.0,0.0,,,,112.01329988863175,,,,,,,,,,,,,,,112.01329988863175,,"rgba(38, 166, 154, 1.0)"
2024-05-13 00:00:00+00:00,112.4201636621,115.0181504441,111.6686387501,113.9630293755,77805,0.0,0.0,0.0,0.0,0.0,0.0,0.0,0.0,,,,112.01851524284994,,,,,,,,,,,,,,,112.01851524284994,,"rgba(38, 166, 154, 1.0)"
2024-05-14 00:00:00+00:00,112.7287368048,114.5901296332,112.330577911,114.5901296332,84711,0.0,0.0,0.0,0.0,0.0,0.0,0.0,0.0,,,,112.02513215200047,,,,,,,,,,,,,,,112.02513215200047,,"rgba(38, 166, 154, 1.0)"
2024-05-15 00:00:00+00:00,116.3022128766,117.9147563964,113.7689269148,114.4905899098,122438,0.0,0.0,0.0,0.0,0.0,0.0,0.0,0.0,,,,112.05657648441041,,,,,,,,,,,,,,,112.05657648441041,,"rgba(38, 166, 154, 1.0)"
2024-05-16 00:00:00+00:00,116.0533635679,117.287556599,115.7049745359,115.7049745359,88323,0.0,0.0,0.0,0.0,0.0,0.0,0.0,0.0,,,,112.0809592130022,,,,,,,,,,,,,,,112.0809592130022,,"rgba(38, 166, 154, 1.0)"
2024-05-17 00:00:00+00:00,115.3565855038,116.3519827383,113.9630293755,116.3519827383,98432,0.0,0.0,0.0,0.0,0.0,0.0,0.0,0.0,,,,112.10073210078228,,,,,,,,,,,,,,,112.10073210078228,,"rgba(38, 166, 154, 1.0)"
2024-05-20 00:00:00+00:00,114.7095773014,116.3022128766,113.9829373202,114.2516945735,43168,0.0,0.0,0.0,0.0,0.0,0.0,0.0,0.0,,,,112.10870456607158,,,,,,,,,,,,,,,112.10870456607158,,"rgba(38, 166, 154, 1.0)"
2024-05-21 00:00:00+00:00,113.485238703,115.0778742781,113.2463433667,114.7493931908,57949,0.0,0.0,0.0,0.0,0.0,0.0,0.0,0.0,,,,112.1154308410992,,,,,,,,,,,,,,,112.1154308410992,,"rgba(38, 166, 154, 1.0)"
2024-05-22 00:00:00+00:00,111.8926031278,113.773903901,111.8726951831,113.6046863711,50792,0.0,0.0,0.0,0.0,0.0,0.0,0.0,0.0,,,,112.1167093024341,,,,,,,,,,,,,,,112.1167093024341,,"rgba(38, 166, 154, 0.75)"
2024-05-23 00:00:00+00:00,110.1207960504,112.1314984641,109.618120447,112.1314984641,62583,0.0,0.0,0.0,0.0,0.0,0.0,0.0,0.0,,,,112.1108171467639,,,,,,,,,,,,,,,112.1108171467639,,#000000
2024-05-24 00:00:00+00:00,111.0962853402,111.6337998468,110.2402437186,110.4741620687,47607,0.0,0.0,0.0,0.0,0.0,0.0,0.0,0.0,,,,112.10746324487121,,,,,,,,,,,,,,,112.10746324487121,,#000000
2024-05-28 00:00:00+00:00,112.1215444917,113.1368496709,111.7233855979,112.7187828324,179830,0.0,0.0,0.0,0.0,0.0,0.0,0.0,0.0,,,,112.10992015121822,,,,,,,,,,,,,,,112.10992015121822,,#000000
2024-05-29 00:00:00+00:00,109.6629133226,111.0166535615,109.5235577097,111.0166535615,90494,0.0,0.0,0.0,0.0,0.0,0.0,0.0,0.0,,,,112.0984968964658,,,,,,,,,,,,,,,112.0984968964658,,"rgba(239, 83, 80, 0.5)"
2024-05-30 00:00:00+00:00,110.5388628889,110.9469757551,110.0013483823,110.6184946677,46634,0.0,0.0,0.0,0.0,0.0,0.0,0.0,0.0,,,,112.09389016917723,,,,,,,,,,,,,,,112.09389016917723,,"rgba(239, 83, 80, 0.5)"
2024-05-31 00:00:00+00:00,111.6437538192,112.3703938004,109.4638338757,111.1460552019,75411,0.0,0.0,0.0,0.0,0.0,0.0,0.0,0.0,,,,112.08956653819942,,,,,,,,,,,,,,,112.08956653819942,,#000000
2024-06-03 00:00:00+00:00,111.0564694508,113.8634896521,110.4890930272,113.8634896521,126789,0.0,0.0,0.0,0.0,0.0,0.0,0.0,0.0,,,,112.08735486460066,,,,,,,,,,,,,,,112.08735486460066,,#000000
2024-06-04 00:00:00+00:00,109.8520387971,111.464582317,109.2896393596,110.6184946677,108059,0.0,0.0,0.0,0.0,0.0,0.0,0.0,0.0,,,,112.07503440576025,,,,,,,,,,,,,,,112.07503440576025,,"rgba(239, 83, 80, 0.5)"
2024-06-05 00:00:00+00:00,109.732591129,111.0928014499,109.2249385394,111.0166535615,126092,0.0,0.0,0.0,0.0,0.0,0.0,0.0,0.0,,,,112.0594575139427,,,,,,,,,,,,,,,112.0594575139427,,"rgba(239, 83, 80, 0.5)"
2024-06-06 00:00:00+00:00,108.0802317198,109.8122229077,107.970738024,108.9959971755,138162,0.0,0.0,0.0,0.0,0.0,0.0,0.0,0.0,,,,112.03117934758862,,,,,,,,,,,,,,,112.03117934758862,,"rgba(239, 83, 80, 0.5)"
2024-06-07 00:00:00+00:00,106.3980103935,106.6369057298,105.5718306889,106.5174580616,75930,0.0,0.0,0.0,0.0,0.0,0.0,0.0,0.0,,,,112.00495221297608,,,,,,,,,,,,,,,112.00495221297608,,"rgba(239, 83, 80, 1.0)"
2024-06-10 00:00:00+00:00,108.9263193691,109.7425451013,106.3631714903,106.527412034,84248,0.0,0.0,0.0,0.0,0.0,0.0,0.0,0.0,,,,111.98676617719701,,,,,,,,,,,,,,,111.98676617719701,,"rgba(239, 83, 80, 0.5)"
2024-06-11 00:00:00+00:00,108.9860432031,109.1751686777,107.3038218769,107.7318426877,61366,0.0,0.0,0.0,0.0,0.0,0.0,0.0,0.0,,,,111.97415321309823,,,,,,,,,,,,,,,111.97415321309823,,"rgba(239, 83, 80, 0.5)"
2024-06-12 00:00:00+00:00,110.9569297274,114.3711422417,110.5786787783,112.3007159939,80110,0.0,0.0,0.0,0.0,0.0,0.0,0.0,0.0,,,,111.97412868358175,,,,,,,,,,,,,,,111.97412868358175,,"rgba(239, 83, 80, 0.5)"
2024-06-13 00:00:00+00:00,110.9469757551,111.0664234232,107.8811522729,108.8466875903,198295,0.0,0.0,0.0,0.0,0.0,0.0,0.0,0.0,,,,111.95109714750026,,,,,,,,,,,,,,,111.95109714750026,,#000000
2024-06-14 00:00:00+00:00,109.9814404376,110.3547144005,108.6973780051,109.1104678574,94792,0.0,0.0,0.0,0.0,0.0,0.0,0.0,0.0,,,,111.93870868896506,,,,,,,,,,,,,,,111.93870868896506,,#000000
2024-06-17 00:00:00+00:00,109.8122229077,110.4642080963,108.319127056,109.9018086588,132904,0.0,0.0,0.0,0.0,0.0,0.0,0.0,0.0,,,,111.9204579574582,,,,,,,,,,,,,,,111.9204579574582,,#000000
2024-06-18 00:00:00+00:00,109.125398816,110.4890930272,108.6277001987,109.99139441,101118,0.0,0.0,0.0,0.0,0.0,0.0,0.0,0.0,,,,111.906080848668,,,,,,,,,,,,,,,111.906080848668,,"rgba(239, 83, 80, 0.5)"
2024-06-20 00:00:00+00:00,108.0901856921,108.9959971755,107.2241900981,108.3688969178,132297,0.0,0.0,0.0,0.0,0.0,0.0,0.0,0.0,,,,111.87775519857964,,,,,,,,,,,,,,,111.87775519857964,,"rgba(239, 83, 80, 0.5)"
2024-06-21 00:00:00+00:00,108.6575621158,109.2050305947,107.5576481717,107.5576481717,163047,0.0,0.0,0.0,0.0,0.0,0.0,0.0,0.0,,,,111.84678644329503,,,,,,,,,,,,,,,111.84678644329503,,"rgba(239, 83, 80, 0.5)"
2024-06-24 00:00:00+00:00,109.6927752396,110.2701056356,108.2295413049,108.4883445859,57983,0.0,0.0,0.0,0.0,0.0,0.0,0.0,0.0,,,,111.83888839143422,,,,,,,,,,,,,,,111.83888839143422,,"rgba(239, 83, 80, 0.5)"
2024-06-25 00:00:00+00:00,108.7969177286,109.7425451013,108.5281604753,109.1502837468,84058,0.0,0.0,0.0,0.0,0.0,0.0,0.0,0.0,,,,111.82578405865004,,,,,,,,,,,,,,,111.82578405865004,,"rgba(239, 83, 80, 0.5)"
2024-06-26 00:00:00+00:00,108.259403222,108.4883445859,107.10474243,107.970738024,74885,0.0,0.0,0.0,0.0,0.0,0.0,0.0,0.0,,,,111.80978794341864,,,,,,,,,,,,,,,111.80978794341864,,"rgba(239, 83, 80, 0.5)"
2024-06-27 00:00:00+00:00,110.2103818015,110.6478588861,108.1698174709,108.1996793879,113779,0.0,0.0,0.0,0.0,0.0,0.0,0.0,0.0,,,,111.79648808190882,,,,,,,,,,,,,,,111.79648808190882,,#000000
2024-06-28 00:00:00+00:00,111.2854108148,112.1725045508,109.9697212288,110.0594273369,133857,0.0,0.0,0.0,0.0,0.0,0.0,0.0,0.0,,,,111.79172766116706,,,,,,,,,,,,,,,111.79172766116706,,#000000
2024-07-01 00:00:00+00:00,106.7901380627,110.9863904543,106.770203372,110.7571415113,76580,0.0,0.0,0.0,0.0,0.0,0.0,0.0,0.0,,,,111.77675771748636,,,,,,,,,,,,,,,111.77675771748636,,#000000
2024-07-02 00:00:00+00:00,108.9630193486,109.1623662556,106.8100727533,106.9695502789,126358,0.0,0.0,0.0,0.0,0.0,0.0,0.0,0.0,,,,111.75320743608168,,,,,,,,,,,,,,,111.75320743608168,,#000000
2024-07-03 00:00:00+00:00,112.4814922566,112.5911330554,109.7055865771,109.8501130846,80366,0.0,0.0,0.0,0.0,0.0,0.0,0.0,0.0,,,,111.75251673347285,,,,,,,,,,,,,,,111.75251673347285,,#000000
2024-07-05 00:00:00+00:00,111.4947250671,113.4184227193,111.2256067427,112.6310024368,107677,0.0,0.0,0.0,0.0,0.0,0.0,0.0,0.0,,,,111.75420097921904,,,,,,,,,,,,,,,111.75420097921904,,"rgba(38, 166, 154, 1.0)"
2024-07-08 00:00:00+00:00,112.4615575659,112.6808391636,110.8867170008,111.4150859778,48325,0.0,0.0,0.0,0.0,0.0,0.0,0.0,0.0,,,,111.7548567919913,,,,,,,,,,,,,,,111.7548567919913,,"rgba(38, 166, 154, 1.0)"
2024-07-09 00:00:00+00:00,113.3386839565,113.6576390077,111.6542025927,112.2323086229,70379,0.0,0.0,0.0,0.0,0.0,0.0,0.0,0.0,,,,111.75906012317039,,,,,,,,,,,,,,,111.75906012317039,,"rgba(38, 166, 154, 1.0)"
2024-07-10 00:00:00+00:00,116.3488222518,116.3488222518,113.4782267914,114.1460389298,99229,0.0,0.0,0.0,0.0,0.0,0.0,0.0,0.0,,,,111.77803626060025,,,,,,,,,,,,,,,111.77803626060025,,"rgba(38, 166, 154, 1.0)"
2024-07-11 00:00:00+00:00,121.5517765236,121.6414826318,117.814022018,118.1529117598,174905,0.0,0.0,0.0,0.0,0.0,0.0,0.0,0.0,,,,111.85610845231311,,,,,,,,,,,,,,,111.85610845231311,,"rgba(38, 166, 154, 1.0)"
2024-07-12 00:00:00+00:00,123.4156701038,124.4722087107,121.2128867818,123.2960619596,117164,0.0,0.0,0.0,0.0,0.0,0.0,0.0,0.0,,,,111.92400191418734,,,,,,,,,,,,,,,111.92400191418734,,"rgba(38, 166, 154, 1.0)"
2024-07-15 00:00:00+00:00,124.5918168549,125.3991718281,123.5352782479,124.3326658758,148413,0.0,0.0,0.0,0.0,0.0,0.0,0.0,0.0,,,,112.02009182232173,,,,,,,,,,,,,,,112.02009182232173,,"rgba(38, 166, 154, 1.0)"
2024-07-16 00:00:00+00:00,129.0771222617,129.0771222617,125.0602820863,125.8776044048,154489,0.0,0.0,0.0,0.0,0.0,0.0,0.0,0.0,,,,112.14403428998124,,,,,,,,,,,,,,,112.14403428998124,,"rgba(38, 166, 154, 1.0)"
2024-07-17 00:00:00+00:00,129.5954242198,130.0140527244,127.8112694024,128.6983631384,186161,0.0,0.0,0.0,0.0,0.0,0.0,0.0,0.0,,,,112.30401098974849,,,,,,,,,,,,,,,112.30401098974849,,"rgba(38, 166, 154, 1.0)"
2024-07-18 00:00:00+00:00,129.5854568744,131.4692851453,128.5787549942,129.2565344779,217633,0.0,0.0,0.0,0.0,0.0,0.0,0.0,0.0,,,,112.49528414309543,,,,,,,,,,,,,,,112.49528414309543,,"rgba(38, 166, 154, 1.0)"
2024-07-19 00:00:00+00:00,130.2931383942,131.2400362023,129.9044119256,130.0738567965,59438,0.0,0.0,0.0,0.0,0.0,0.0,0.0,0.0,,,,112.54858354817449,,,,,,,,,,,,,,,112.54858354817449,,"rgba(38, 166, 154, 1.0)"
2024-07-22 00:00:00+00:00,131.2400362023,131.3496770011,129.4558813849,130.0937914872,100314,0.0,0.0,0.0,0.0,0.0,0.0,0.0,0.0,,,,112.63883310586482,,,,,,,,,,,,,,,112.63883310586482,,"rgba(38, 166, 154, 1.0)"
2024-07-23 00:00:00+00:00,132.5656931336,132.7550726952,130.3928118476,130.6021261,92432,0.0,0.0,0.0,0.0,0.0,0.0,0.0,0.0,,,,112.72678131795442,,,,,,,,,,,,,,,112.72678131795442,,"rgba(38, 166, 154, 1.0)"
2024-07-24 00:00:00+00:00,130.6718975174,133.4129174882,130.2632363581,132.4361176441,160238,0.0,0.0,0.0,0.0,0.0,0.0,0.0,0.0,,,,112.8737847917802,,,,,,,,,,,,,,,112.8737847917802,,"rgba(38, 166, 154, 1.0)"
2024-07-25 00:00:00+00:00,135.6456028462,138.0078636938,131.4294157639,131.4294157639,193934,0.0,0.0,0.0,0.0,0.0,0.0,0.0,0.0,,,,113.08232612333366,,,,,,,,,,,,,,,113.08232612333366,,"rgba(38, 166, 154, 1.0)"
2024-07-26 00:00:00+00:00,138.9746961926,139.8418552379,136.6672557445,137.5792678438,106338,0.0,0.0,0.0,0.0,0.0,0.0,0.0,0.0,,,,113.21281855439499,,,,,,,,,,,,,,,113.21281855439499,,"rgba(38, 166, 154, 1.0)"
2024-07-29 00:00:00+00:00,136.6323700357,139.7920185112,136.383186402,139.0644023007,142992,0.0,0.0,0.0,0.0,0.0,0.0,0.0,0.0,,,,113.38007508078542,,,,,,,,,,,,,,,113.38007508078542,,"rgba(38, 166, 154, 0.75)"
2024-07-30 00:00:00+00:00,133.7418398847,136.6074516724,133.5624276684,136.4629251648,225542,0.0,0.0,0.0,0.0,0.0,0.0,0.0,0.0,,,,113.60754561254052,,,,,,,,,,,,,,,113.60754561254052,,"rgba(38, 166, 154, 0.75)"
2024-07-31 00:00:00+00:00,134.2302398068,136.7270598165,131.8679789592,134.3996846777,284899,0.0,0.0,0.0,0.0,0.0,0.0,0.0,0.0,,,,113.88318492976286,,,,,,,,,,,,,,,113.88318492976286,,"rgba(38, 166, 154, 0.75)"
2024-08-01 00:00:00+00:00,139.8418552379,140.0611368356,134.9678233626,134.9678233626,470589,0.0,0.0,0.0,0.0,0.0,0.0,0.0,0.0,,,,114.40926957003224,,,,,,,,,,,,,,,114.40926957003224,,"rgba(38, 166, 154, 0.75)"
2024-08-02 00:00:00+00:00,135.7751783358,137.2005087206,132.864713494,137.2005087206,308111,0.0,0.0,0.0,0.0,0.0,0.0,0.0,0.0,,,,114.69971154573014,,,,,,,,,,,,,,,114.69971154573014,,"rgba(38, 166, 154, 0.75)"
2024-08-05 00:00:00+00:00,131.4294157639,134.5990315847,128.399342778,128.5289182675,135629,0.0,0.0,0.0,0.0,0.0,0.0,0.0,0.0,,,,114.80185395334848,,,,,,,,,,,,,,,114.80185395334848,,"rgba(38, 166, 154, 0.75)"
2024-08-06 00:00:00+00:00,133.692003158,135.5459293928,130.2433016674,131.4692851453,193561,0.0,0.0,0.0,0.0,0.0,0.0,0.0,0.0,,,,114.96000006470867,,,,,,,,,,,,,,,114.96000006470867,,"rgba(38, 166, 154, 0.75)"
2024-08-07 00:00:00+00:00,131.1104607127,135.1970723056,130.8911791151,134.2003377707,84450,0.0,0.0,0.0,0.0,0.0,0.0,0.0,0.0,,,,115.02529934007546,,,,,,,,,,,,,,,115.02529934007546,,"rgba(38, 166, 154, 0.5)"
2024-08-08 00:00:00+00:00,133.9013174103,134.6189662754,130.7217342441,131.1802321302,115615,0.0,0.0,0.0,0.0,0.0,0.0,0.0,0.0,,,,115.11738097558585,,,,,,,,,,,,,,,115.11738097558585,,"rgba(38, 166, 154, 0.5)"
2024-08-09 00:00:00+00:00,133.2434726173,134.7784438009,132.864713494,134.6289336207,86862,0.0,0.0,0.0,0.0,0.0,0.0,0.0,0.0,,,,115.18803921835234,,,,,,,,,,,,,,,115.18803921835234,,"rgba(38, 166, 154, 0.5)"
2024-08-12 00:00:00+00:00,131.5789259441,133.477705233,130.7815383162,132.6454318964,113569,0.0,0.0,0.0,0.0,0.0,0.0,0.0,0.0,,,,115.27125619653052,,,,,,,,,,,,,,,115.27125619653052,,"rgba(38, 166, 154, 0.5)"
2024-08-13 00:00:00+00:00,135.5658640835,136.7170924712,131.8779463046,131.8779463046,124648,0.0,0.0,0.0,0.0,0.0,0.0,0.0,0.0,,,,115.37668335912174,,,,,,,,,,,,,,,115.37668335912174,,"rgba(38, 166, 154, 0.5)"
2024-08-14 00:00:00+00:00,135.5259947021,136.6224026904,134.5668370592,135.1273008881,83985,0.0,0.0,0.0,0.0,0.0,0.0,0.0,0.0,,,,115.45017408453316,,,,,,,,,,,,,,,115.45017408453316,,"rgba(38, 166, 154, 0.5)"
2024-08-15 00:00:00+00:00,136.153937459,137.9181575857,135.6854722276,137.0310638497,95735,0.0,0.0,0.0,0.0,0.0,0.0,0.0,0.0,,,,115.53748626399705,,,,,,,,,,,,,,,115.53748626399705,,"rgba(38, 166, 154, 0.5)"
2024-08-16 00:00:00+00:00,137.469627045,137.9380922764,136.1439701137,136.1439701137,80377,0.0,0.0,0.0,0.0,0.0,0.0,0.0,0.0,,,,115.61230353055765,,,,,,,,,,,,,,,115.61230353055765,,"rgba(38, 166, 154, 0.5)"
2024-08-19 00:00:00+00:00,140.1807449798,140.2006796705,137.1706066845,137.4795943903,148278,0.0,0.0,0.0,0.0,0.0,0.0,0.0,0.0,,,,115.76164883125325,,,,,,,,,,,,,,,115.76164883125325,,"rgba(38, 166, 154, 0.5)"
2024-08-20 00:00:00+00:00,138.7155452135,140.6193081751,137.668973952,140.3402225053,76490,0.0,0.0,0.0,0.0,0.0,0.0,0.0,0.0,,,,115.83735661122088,,,,,,,,,,,,,,,115.83735661122088,,"rgba(38, 166, 154, 0.5)"
2024-08-21 00:00:00+00:00,140.4498633042,140.5096673763,138.1872759101,138.8849900845,56092,0.0,0.0,0.0,0.0,0.0,0.0,0.0,0.0,,,,115.89426466930364,,,,,,,,,,,,,,,115.89426466930364,,"rgba(38, 166, 154, 0.5)"
2024-08-22 00:00:00+00:00,142.3934956471,142.3934956471,139.8418552379,140.3202878146,87994,0.0,0.0,0.0,0.0,0.0,0.0,0.0,0.0,,,,115.98980085466731,,,,,,,,,,,,,,,115.98980085466731,,"rgba(38, 166, 154, 1.0)"
2024-08-23 00:00:00+00:00,144.9252013656,145.1145809272,142.7124506983,142.9416996413,117517,0.0,0.0,0.0,0.0,0.0,0.0,0.0,0.0,,,,116.12968936706298,,,,,,,,,,,,,,,116.12968936706298,,"rgba(38, 166, 154, 1.0)"
2024-08-26 00:00:00+00:00,144.4966055156,147.0482459248,144.3670300261,145.3537972156,91902,0.0,0.0,0.0,0.0,0.0,0.0,0.0,0.0,,,,116.24218658479963,,,,,,,,,,,,,,,116.24218658479963,,"rgba(38, 166, 154, 1.0)"
2024-08-27 00:00:00+00:00,144.6361483505,145.4534706691,141.2671856227,144.1912060541,90613,0.0,0.0,0.0,0.0,0.0,0.0,0.0,0.0,,,,116.3465088624058,,,,,,,,,,,,,,,116.3465088624058,,"rgba(38, 166, 154, 1.0)"
2024-08-28 00:00:00+00:00,142.4233976831,144.994972783,142.2240507762,144.994972783,85400,0.0,0.0,0.0,0.0,0.0,0.0,0.0,0.0,,,,116.44207598234541,,,,,,,,,,,,,,,116.44207598234541,,"rgba(38, 166, 154, 1.0)"
2024-08-29 00:00:00+00:00,142.0546059053,143.679283197,141.3070550041,142.4333650285,71286,0.0,0.0,0.0,0.0,0.0,0.0,0.0,0.0,,,,116.51876266387107,,,,,,,,,,,,,,,116.51876266387107,,"rgba(38, 166, 154, 0.5)"
2024-08-30 00:00:00+00:00,143.7889239959,144.0381076296,141.446597839,142.562940518,40812,0.0,0.0,0.0,0.0,0.0,0.0,0.0,0.0,,,,116.56372177265575,,,,,,,,,,,,,,,116.56372177265575,,"rgba(38, 166, 154, 0.5)"
2024-09-03 00:00:00+00:00,140.2804184332,144.2374545366,139.443161424,144.2374545366,241698,0.0,0.0,0.0,0.0,0.0,0.0,0.0,0.0,,,,116.80932423392194,,,,,,,,,,,,,,,116.80932423392194,,"rgba(38, 166, 154, 0.5)"
2024-09-04 00:00:00+00:00,140.0013327635,141.9948018332,139.4929981507,140.1408755984,104114,0.0,0.0,0.0,0.0,0.0,0.0,0.0,0.0,,,,116.91011864427364,,,,,,,,,,,,,,,116.91011864427364,,"rgba(38, 166, 154, 0.5)"
2024-09-05 00:00:00+00:00,139.7122797484,141.9549324518,139.5129328414,140.5993734844,79661,0.0,0.0,0.0,0.0,0.0,0.0,0.0,0.0,,,,116.98632808625581,,,,,,,,,,,,,,,116.98632808625581,,"rgba(38, 166, 154, 0.5)"
2024-09-06 00:00:00+00:00,139.2537818624,140.5395694123,137.1905413752,140.4498633042,88897,0.0,0.0,0.0,0.0,0.0,0.0,0.0,0.0,,,,117.06574413489723,,,,,,,,,,,,,,,117.06574413489723,,#000000
2024-09-09 00:00:00+00:00,141.9150630704,142.9018302599,139.5229001868,140.0711041809,102893,0.0,0.0,0.0,0.0,0.0,0.0,0.0,0.0,,,,117.1671491114149,,,,,,,,,,,,,,,117.1671491114149,,"rgba(38, 166, 154, 0.5)"
2024-09-10 00:00:00+00:00,141.1974142053,141.8851610343,139.5029654961,141.416695803,118421,0.0,0.0,0.0,0.0,0.0,0.0,0.0,0.0,,,,117.28003261223994,,,,,,,,,,,,,,,117.28003261223994,,"rgba(38, 166, 154, 0.5)"
2024-09-11 00:00:00+00:00,142.2539528122,142.303789539,139.1441410635,140.4398959588,43999,0.0,0.0,0.0,0.0,0.0,0.0,0.0,0.0,,,,117.32235810953705,,,,,,,,,,,,,,,117.32235810953705,,"rgba(38, 166, 154, 0.5)"
2024-09-12 00:00:00+00:00,143.2606546924,143.3304261099,141.3269896948,141.5363039471,106047,0.0,0.0,0.0,0.0,0.0,0.0,0.0,0.0,,,,117.42971934531633,,,,,,,,,,,,,,,117.42971934531633,,"rgba(38, 166, 154, 0.5)"
2024-09-13 00:00:00+00:00,146.1511848434,146.3704664411,143.3503608005,143.3503608005,119509,0.0,0.0,0.0,0.0,0.0,0.0,0.0,0.0,,,,117.56223369126471,,,,,,,,,,,,,,,117.56223369126471,,"rgba(38, 166, 154, 0.5)"
2024-09-16 00:00:00+00:00,147.3871356666,148.5034783457,145.2142543807,146.5199766213,105015,0.0,0.0,0.0,0.0,0.0,0.0,0.0,0.0,,,,117.68490037105019,,,,,,,,,,,,,,,117.68490037105019,,"rgba(38, 166, 154, 0.5)"
2024-09-17 00:00:00+00:00,144.3969320621,148.0449804596,143.4948873081,147.3073969039,136759,0.0,0.0,0.0,0.0,0.0,0.0,0.0,0.0,,,,117.83383745212649,,,,,,,,,,,,,,,117.83383745212649,,"rgba(38, 166, 154, 0.5)"
2024-09-18 00:00:00+00:00,144.5763442784,147.3871356666,143.0812424761,144.6062463144,92889,0.0,0.0,0.0,0.0,0.0,0.0,0.0,0.0,,,,117.93300075010927,,,,,,,,,,,,,,,117.93300075010927,,"rgba(38, 166, 154, 0.5)"
2024-09-19 00:00:00+00:00,148.3440008201,148.5533150724,145.2640911074,146.3804337865,107081,0.0,0.0,0.0,0.0,0.0,0.0,0.0,0.0,,,,118.05635557959747,,,,,,,,,,,,,,,118.05635557959747,,"rgba(38, 166, 154, 0.5)"
2024-09-20 00:00:00+00:00,148.6031517991,149.8889393491,147.2077234504,148.8822374689,211333,0.0,0.0,0.0,0.0,0.0,0.0,0.0,0.0,,,,118.30646823666979,,,,,,,,,,,,,,,118.30646823666979,,"rgba(38, 166, 154, 0.5)"
2024-09-23 00:00:00+00:00,148.3739028561,149.0118129584,147.0631969428,149.0118129584,57207,0.0,0.0,0.0,0.0,0.0,0.0,0.0,0.0,,,,118.3725458044316,,,,,,,,,,,,,,,118.3725458044316,,"rgba(38, 166, 154, 0.5)"
2024-09-24 00:00:00+00:00,150.48698007,150.8956412293,147.8954702794,148.0649151503,93918,0.0,0.0,0.0,0.0,0.0,0.0,0.0,0.0,,,,118.48622480413312,,,,,,,,,,,,,,,118.48622480413312,,"rgba(38, 166, 154, 0.5)"
2024-09-25 00:00:00+00:00,148.971943577,151.1248901723,148.927090523,150.5766861781,85500,0.0,0.0,0.0,0.0,0.0,0.0,0.0,0.0,,,,118.58872246237055,,,,,,,,,,,,,,,118.58872246237055,,"rgba(38, 166, 154, 0.5)"
2024-09-26 00:00:00+00:00,150.8059351211,152.3409063048,149.1812578294,149.8690046584,74965,0.0,0.0,0.0,0.0,0.0,0.0,0.0,0.0,,,,118.6812025290056,,,,,,,,,,,,,,,118.6812025290056,,"rgba(38, 166, 154, 0.5)"
2024-09-27 00:00:00+00:00,147.825698862,152.2711348874,147.5067438108,151.1149228269,92367,0.0,0.0,0.0,0.0,0.0,0.0,0.0,0.0,,,,118.78886674193194,,,,,,,,,,,,,,,118.78886674193194,,"rgba(38, 166, 154, 0.5)"
2024-09-30 00:00:00+00:00,151.3142697339,151.4538125688,147.2675275225,147.9253723155,96950,0.0,0.0,0.0,0.0,0.0,0.0,0.0,0.0,,,,118.90404951796735,,,,,,,,,,,,,,,118.90404951796735,,"rgba(38, 166, 154, 0.5)"
2024-10-01 00:00:00+00:00,151.5833880583,152.3409063048,148.8224333968,150.516882106,108066,0.0,0.0,0.0,0.0,0.0,0.0,0.0,0.0,,,,119.0351421709272,,,,,,,,,,,,,,,119.0351421709272,,"rgba(38, 166, 154, 0.5)"
2024-10-02 00:00:00+00:00,152.7794695001,153.606759164,151.1248901723,151.1248901723,129792,0.0,0.0,0.0,0.0,0.0,0.0,0.0,0.0,,,,119.19895090931101,,,,,,,,,,,,,,,119.19895090931101,,"rgba(38, 166, 154, 0.5)"
2024-10-03 00:00:00+00:00,148.3340334747,152.6548776833,146.7292908737,152.1614940885,128024,0.0,0.0,0.0,0.0,0.0,0.0,0.0,0.0,,,,119.343281460252,,,,,,,,,,,,,,,119.343281460252,,"rgba(38, 166, 154, 0.5)"
2024-10-04 00:00:00+00:00,146.9186704353,149.7493965142,146.739258219,148.6430211805,88381,0.0,0.0,0.0,0.0,0.0,0.0,0.0,0.0,,,,119.43736276991847,,,,,,,,,,,,,,,119.43736276991847,,"rgba(38, 166, 154, 0.5)"
2024-10-07 00:00:00+00:00,144.9252013656,147.0382785795,144.506572861,146.5698133481,78348,0.0,0.0,0.0,0.0,0.0,0.0,0.0,0.0,,,,119.51348848732326,,,,,,,,,,,,,,,119.51348848732326,,#000000
2024-10-08 00:00:00+00:00,147.2974295585,147.2974295585,144.9252013656,144.9252013656,92552,0.0,0.0,0.0,0.0,0.0,0.0,0.0,0.0,,,,119.6063413214852,,,,,,,,,,,,,,,119.6063413214852,,#000000
2024-10-09 00:00:00+00:00,148.742694634,149.8789720037,146.5299439667,146.5299439667,65579,0.0,0.0,0.0,0.0,0.0,0.0,0.0,0.0,,,,119.6763119950184,,,,,,,,,,,,,,,119.6763119950184,,#000000
2024-10-10 00:00:00+00:00,147.0382785795,148.0051110782,146.3006950237,147.4668744294,44808,0.0,0.0,0.0,0.0,0.0,0.0,0.0,0.0,,,,119.72182032877784,,,,,,,,,,,,,,,119.72182032877784,,#000000
2024-10-11 00:00:00+00:00,149.1812578294,150.0982536014,147.6961233724,147.6961233724,65030,0.0,0.0,0.0,0.0,0.0,0.0,0.0,0.0,,,,119.79210653024668,,,,,,,,,,,,,,,119.79210653024668,,#000000
2024-10-14 00:00:00+00:00,149.2609965921,149.7444128415,148.1446539131,149.3407353549,48720,0.0,0.0,0.0,0.0,0.0,0.0,0.0,0.0,,,,119.84464806742255,,,,,,,,,,,,,,,119.84464806742255,,#000000
2024-10-15 00:00:00+00:00,149.4404088084,150.3374698898,148.6779068893,149.4503761538,107219,0.0,0.0,0.0,0.0,0.0,0.0,0.0,0.0,,,,119.9613285175136,,,,,,,,,,,,,,,119.9613285175136,,"rgba(38, 166, 154, 0.5)"
2024-10-16 00:00:00+00:00,149.2011925201,150.5667188328,148.9769272497,149.6098536793,67518,0.0,0.0,0.0,0.0,0.0,0.0,0.0,0.0,,,,120.03457262706273,,,,,,,,,,,,,,,120.03457262706273,,"rgba(38, 166, 154, 0.5)"
2024-10-17 00:00:00+00:00,149.9188413851,150.4172086526,148.2941640933,148.7028252526,61779,0.0,0.0,0.0,0.0,0.0,0.0,0.0,0.0,,,,120.10118812649759,,,,,,,,,,,,,,,120.10118812649759,,"rgba(38, 166, 154, 0.5)"
2024-10-18 00:00:00+00:00,150.7261963584,151.4218173902,149.9387760758,149.9387760758,39709,0.0,0.0,0.0,0.0,0.0,0.0,0.0,0.0,,,,120.14551669366892,,,,,,,,,,,,,,,120.14551669366892,,"rgba(38, 166, 154, 0.5)"
2024-10-21 00:00:00+00:00,148.7028252526,151.5335513316,148.084849841,150.9654126467,76116,0.0,0.0,0.0,0.0,0.0,0.0,0.0,0.0,,,,120.22665314942354,,,,,,,,,,,,,,,120.22665314942354,,"rgba(38, 166, 154, 0.5)"
2024-10-22 00:00:00+00:00,147.3173642492,148.6928579073,146.9784745074,148.6928579073,82322,0.0,0.0,0.0,0.0,0.0,0.0,0.0,0.0,,,,120.30859198736069,,,,,,,,,,,,,,,120.30859198736069,,#000000
2024-10-23 00:00:00+00:00,147.3073969039,148.2866885843,146.2757766603,147.3173642492,105478,0.0,0.0,0.0,0.0,0.0,0.0,0.0,0.0,,,,120.41144482247743,,,,,,,,,,,,,,,120.41144482247743,,#000000
2024-10-24 00:00:00+00:00,154.4041467919,154.5835590082,147.2276581411,148.0350131143,239275,0.0,0.0,0.0,0.0,0.0,0.0,0.0,0.0,,,,120.68287870633864,,,,,,,,,,,,,,,120.68287870633864,,"rgba(38, 166, 154, 0.5)"
2024-10-25 00:00:00+00:00,154.92244875,155.4806200895,153.821057089,155.4806200895,94449,0.0,0.0,0.0,0.0,0.0,0.0,0.0,0.0,,,,120.7977487333894,,,,,,,,,,,,,,,120.7977487333894,,"rgba(38, 166, 154, 0.5)"
2024-10-28 00:00:00+00:00,153.2080653501,155.7846241227,152.6997307373,154.92244875,93106,0.0,0.0,0.0,0.0,0.0,0.0,0.0,0.0,,,,120.90743301669654,,,,,,,,,,,,,,,120.90743301669654,,"rgba(38, 166, 154, 0.5)"
2024-10-29 00:00:00+00:00,153.4173796024,153.6416448728,150.4172086526,152.6199919745,71430,0.0,0.0,0.0,0.0,0.0,0.0,0.0,0.0,,,,120.98752633763404,,,,,,,,,,,,,,,120.98752633763404,,"rgba(38, 166, 154, 0.5)"
2024-10-30 00:00:00+00:00,154.2147672303,155.2364201285,153.148261278,153.148261278,82053,0.0,0.0,0.0,0.0,0.0,0.0,0.0,0.0,,,,121.0839913217678,,,,,,,,,,,,,,,121.0839913217678,,"rgba(38, 166, 154, 1.0)"
2024-10-31 00:00:00+00:00,152.1415593978,155.2004380118,151.1099391543,153.5270204013,89256,0.0,0.0,0.0,0.0,0.0,0.0,0.0,0.0,,,,121.18393593237202,,,,,,,,,,,,,,,121.18393593237202,,"rgba(38, 166, 154, 0.5)"
2024-11-01 00:00:00+00:00,151.4438452234,154.8626446779,151.1049554816,152.9588817164,81465,0.0,0.0,0.0,0.0,0.0,0.0,0.0,0.0,,,,121.27361446325844,,,,,,,,,,,,,,,121.27361446325844,,"rgba(38, 166, 154, 0.5)"
2024-11-04 00:00:00+00:00,153.5270204013,154.8726120233,151.3641064607,154.8726120233,108439,0.0,0.0,0.0,0.0,0.0,0.0,0.0,0.0,,,,121.39517231078095,,,,,,,,,,,,,,,121.39517231078095,,"rgba(38, 166, 154, 0.5)"
2024-11-05 00:00:00+00:00,148.5333803817,148.5533150724,143.0214384041,144.4268340982,416002,0.0,0.0,0.0,0.0,0.0,0.0,0.0,0.0,,,,121.75888992780838,,,,,,,,,,,,,,,121.75888992780838,,#000000
2024-11-06 00:00:00+00:00,146.8488990178,156.4474525883,140.2305817065,148.9619762317,258472,0.0,0.0,0.0,0.0,0.0,0.0,0.0,0.0,,,,121.98974328439007,,,,,,,,,,,,,,,121.98974328439007,,#000000
2024-11-07 00:00:00+00:00,150.7261963584,151.5534860223,147.0582132701,147.7858294806,126204,0.0,0.0,0.0,0.0,0.0,0.0,0.0,0.0,,,,122.10931820651376,,,,,,,,,,,,,,,122.10931820651376,,#000000
2024-11-08 00:00:00+00:00,151.3541391153,153.4672163292,150.2527474543,151.5036492955,124153,0.0,0.0,0.0,0.0,0.0,0.0,0.0,0.0,,,,122.23400957806747,,,,,,,,,,,,,,,122.23400957806747,,#000000
2024-11-11 00:00:00+00:00,149.8391026223,151.9620475081,148.7775803427,150.7361637037,46436,0.0,0.0,0.0,0.0,0.0,0.0,0.0,0.0,,,,122.27801859557437,,,,,,,,,,,,,,,122.27801859557437,,#000000
2024-11-12 00:00:00+00:00,149.0118129584,150.3374698898,147.3572336306,150.3374698898,62536,0.0,0.0,0.0,0.0,0.0,0.0,0.0,0.0,,,,122.33433735011921,,,,,,,,,,,,,,,122.33433735011921,,#000000
2024-11-13 00:00:00+00:00,148.5333803817,150.1480903281,147.167854069,150.043433202,63002,0.0,0.0,0.0,0.0,0.0,0.0,0.0,0.0,,,,122.39022773087537,,,,,,,,,,,,,,,122.39022773087537,,"rgba(239, 83, 80, 1.0)"
2024-11-14 00:00:00+00:00,146.1113154621,148.7825640154,145.3737319063,148.1346865678,86477,0.0,0.0,0.0,0.0,0.0,0.0,0.0,0.0,,,,122.46114226563294,,,,,,,,,,,,,,,122.46114226563294,,"rgba(239, 83, 80, 1.0)"
2024-11-15 00:00:00+00:00,144.077977011,145.9717726272,143.0114710587,145.9717726272,88103,0.0,0.0,0.0,0.0,0.0,0.0,0.0,0.0,,,,122.52586530815317,,,,,,,,,,,,,,,122.52586530815317,,"rgba(239, 83, 80, 1.0)"
2024-11-18 00:00:00+00:00,144.2075525005,144.7756911854,143.4501339275,143.7789566505,65773,0.0,0.0,0.0,0.0,0.0,0.0,0.0,0.0,,,,122.57347425261545,,,,,,,,,,,,,,,122.57347425261545,,"rgba(239, 83, 80, 1.0)"
2024-11-19 00:00:00+00:00,143.0613077854,145.0298584918,142.6028098994,143.7889239959,122141,0.0,0.0,0.0,0.0,0.0,0.0,0.0,0.0,,,,122.6589689993599,,,,,,,,,,,,,,,122.6589689993599,,"rgba(239, 83, 80, 1.0)"
2024-11-20 00:00:00+00:00,141.5761733285,143.0613077854,139.672410367,143.0613077854,116260,0.0,0.0,0.0,0.0,0.0,0.0,0.0,0.0,,,,122.73148476358475,,,,,,,,,,,,,,,122.73148476358475,,"rgba(239, 83, 80, 1.0)"
2024-11-21 00:00:00+00:00,143.5098383261,143.6244627976,141.6359774006,141.6359774006,91553,0.0,0.0,0.0,0.0,0.0,0.0,0.0,0.0,,,,122.7927046507475,,,,,,,,,,,,,,,122.7927046507475,,"rgba(239, 83, 80, 1.0)"
2024-11-22 00:00:00+00:00,145.2541237621,145.3288788522,142.5828752087,143.5098383261,115876,0.0,0.0,0.0,0.0,0.0,0.0,0.0,0.0,,,,122.875259717516,,,,,,,,,,,,,,,122.875259717516,,"rgba(239, 83, 80, 0.75)"
2024-11-25 00:00:00+00:00,153.6665632361,153.6864979268,146.2408909516,146.2408909516,142256,0.0,0.0,0.0,0.0,0.0,0.0,0.0,0.0,,,,123.00755694729216,,,,,,,,,,,,,,,123.00755694729216,,#000000
2024-11-26 00:00:00+00:00,151.0052820281,152.889110299,150.0833025834,152.889110299,53073,0.0,0.0,0.0,0.0,0.0,0.0,0.0,0.0,,,,123.05682103021171,,,,,,,,,,,,,,,123.05682103021171,,#000000
2024-11-27 00:00:00+00:00,152.5203185211,153.5569224373,151.0152493735,151.0152493735,62226,0.0,0.0,0.0,0.0,0.0,0.0,0.0,0.0,,,,123.11647678689393,,,,,,,,,,,,,,,123.11647678689393,,"rgba(38, 166, 154, 0.5)"
2024-11-29 00:00:00+00:00,153.1283265873,154.005452978,152.1216247071,152.1216247071,35752,0.0,0.0,0.0,0.0,0.0,0.0,0.0,0.0,,,,123.15148452545488,,,,,,,,,,,,,,,123.15148452545488,,"rgba(38, 166, 154, 0.5)"
2024-12-02 00:00:00+00:00,151.1248901723,153.1283265873,150.8408208299,153.1283265873,68359,0.0,0.0,0.0,0.0,0.0,0.0,0.0,0.0,,,,123.21510200907176,,,,,,,,,,,,,,,123.21510200907176,,"rgba(38, 166, 154, 0.5)"
2024-12-03 00:00:00+00:00,152.0418859443,152.6698287013,150.6962943223,152.1614940885,110586,0.0,0.0,0.0,0.0,0.0,0.0,0.0,0.0,,,,123.31779527112168,,,,,,,,,,,,,,,123.31779527112168,,"rgba(38, 166, 154, 0.5)"
2024-12-04 00:00:00+00:00,154.234701921,154.4838855547,150.3574045805,150.3574045805,128778,0.0,0.0,0.0,0.0,0.0,0.0,0.0,0.0,,,,123.44154947270124,,,,,,,,,,,,,,,123.44154947270124,,"rgba(38, 166, 154, 1.0)"
2024-12-05 00:00:00+00:00,151.5335513316,155.1915670744,150.5966208688,154.1549631582,71043,0.0,0.0,0.0,0.0,0.0,0.0,0.0,0.0,,,,123.50803995831828,,,,,,,,,,,,,,,123.50803995831828,,"rgba(38, 166, 154, 1.0)"
2024-12-06 00:00:00+00:00,151.2943350432,152.1415593978,150.6265229049,151.5534860223,103530,0.0,0.0,0.0,0.0,0.0,0.0,0.0,0.0,,,,123.60077344916283,,,,,,,,,,,,,,,123.60077344916283,,"rgba(38, 166, 154, 0.5)"
2024-12-09 00:00:00+00:00,149.0217803038,152.4654981216,148.6430211805,151.5036492955,113753,0.0,0.0,0.0,0.0,0.0,0.0,0.0,0.0,,,,123.69717584298529,,,,,,,,,,,,,,,123.69717584298529,,#000000
2024-12-10 00:00:00+00:00,146.9186704353,148.4636089643,146.495058258,148.0150784236,56867,0.0,0.0,0.0,0.0,0.0,0.0,0.0,0.0,,,,123.74010123677651,,,,,,,,,,,,,,,123.74010123677651,,#000000
2024-12-11 00:00:00+00:00,148.0350131143,148.7476783067,146.9286377806,148.084849841,75532,0.0,0.0,0.0,0.0,0.0,0.0,0.0,0.0,,,,123.79834840942887,,,,,,,,,,,,,,,123.79834840942887,,#000000
2024-12-12 00:00:00+00:00,147.7359927538,149.1214537573,146.7890949457,147.9054376248,55927,0.0,0.0,0.0,0.0,0.0,0.0,0.0,0.0,,,,123.84125791689509,,,,,,,,,,,,,,,123.84125791689509,,"rgba(239, 83, 80, 1.0)"
2024-12-13 00:00:00+00:00,145.0647442005,147.5864825736,143.9882709028,147.1080499969,106853,0.0,0.0,0.0,0.0,0.0,0.0,0.0,0.0,,,,123.91489251377017,,,,,,,,,,,,,,,123.91489251377017,,"rgba(239, 83, 80, 1.0)"
2024-12-16 00:00:00+00:00,144.9451360563,146.4203031679,143.9683362121,144.1776504645,83240,0.0,0.0,0.0,0.0,0.0,0.0,0.0,0.0,,,,123.97076240434536,,,,,,,,,,,,,,,123.97076240434536,,"rgba(239, 83, 80, 1.0)"
2024-12-17 00:00:00+00:00,143.0015037134,144.9451360563,142.6277282628,144.7059197679,104996,0.0,0.0,0.0,0.0,0.0,0.0,0.0,0.0,,,,124.03555893958443,,,,,,,,,,,,,,,124.03555893958443,,"rgba(239, 83, 80, 1.0)"
2024-12-18 00:00:00+00:00,136.9313903962,143.4899036354,136.5625986183,143.1410465482,172896,0.0,0.0,0.0,0.0,0.0,0.0,0.0,0.0,,,,124.11674268013323,,,,,,,,,,,,,,,124.11674268013323,,"rgba(239, 83, 80, 1.0)"
2024-12-19 00:00:00+00:00,134.7286070742,138.4264921984,134.4196193684,137.2304107566,129070,0.0,0.0,0.0,0.0,0.0,0.0,0.0,0.0,,,,124.16412019677843,,,,,,,,,,,,,,,124.16412019677843,,"rgba(239, 83, 80, 1.0)"
2024-12-20 00:00:00+00:00,135.0027090713,136.3632517113,133.5674113411,134.3598152963,124643,0.0,0.0,0.0,0.0,0.0,0.0,0.0,0.0,,,,124.2060937308425,,,,,,,,,,,,,,,124.2060937308425,,"rgba(239, 83, 80, 1.0)"
2024-12-23 00:00:00+00:00,134.594047912,135.7402926271,133.3979664702,134.1006643172,99928,0.0,0.0,0.0,0.0,0.0,0.0,0.0,0.0,,,,124.23826789617988,,,,,,,,,,,,,,,124.23826789617988,,"rgba(239, 83, 80, 1.0)"
2024-12-24 00:00:00+00:00,136.4828598555,136.5326965822,134.5392275126,135.2867784137,52675,0.0,0.0,0.0,0.0,0.0,0.0,0.0,0.0,,,,124.25722782583509,,,,,,,,,,,,,,,124.25722782583509,,"rgba(239, 83, 80, 1.0)"
2024-12-26 00:00:00+00:00,136.2934802939,136.6622720718,134.2950275515,136.2635782578,171991,0.0,0.0,0.0,0.0,0.0,0.0,0.0,0.0,,,,124.31816845670795,,,,,,,,,,,,,,,124.31816845670795,,"rgba(239, 83, 80, 1.0)"
2024-12-27 00:00:00+00:00,134.5192928219,136.4579414921,133.5923297045,135.7402926271,44694,0.0,0.0,0.0,0.0,0.0,0.0,0.0,0.0,,,,124.3326692100293,,,,,,,,,,,,,,,124.3326692100293,,"rgba(239, 83, 80, 1.0)"
2024-12-30 00:00:00+00:00,133.5524603231,134.1903704254,132.3862809173,134.1006643172,55020,0.0,0.0,0.0,0.0,0.0,0.0,0.0,0.0,,,,124.34796248050382,,,,,,,,,,,,,,,124.34796248050382,,"rgba(239, 83, 80, 1.0)"
2024-12-31 00:00:00+00:00,135.6755048823,135.835158341,133.94925186,134.248602095,102017,0.0,0.0,0.0,0.0,0.0,0.0,0.0,0.0,,,,124.38173667974607,,,,,,,,,,,,,,,124.38173667974607,,"rgba(239, 83, 80, 0.75)"
2025-01-02 00:00:00+00:00,134.0789702952,136.8529491403,133.3754972427,136.0746385291,62829,0.0,0.0,0.0,0.0,0.0,0.0,0.0,0.0,,,,124.40169416649938,,,,,,,,,,,,,,,124.40169416649938,,"rgba(239, 83, 80, 0.75)"
2025-01-03 00:00:00+00:00,136.0746385291,136.3340753995,133.6099882602,134.3483855067,61224,0.0,0.0,0.0,0.0,0.0,0.0,0.0,0.0,,,,124.42213417153626,,,,,,,,,,,,,,,124.42213417153626,,"rgba(239, 83, 80, 0.75)"
2025-01-06 00:00:00+00:00,136.8729058226,138.4145595333,135.6655265411,136.1744219408,72962,0.0,0.0,0.0,0.0,0.0,0.0,0.0,0.0,,,,124.45004820654579,,,,,,,,,,,,,,,124.45004820654579,,"rgba(239, 83, 80, 0.75)"
2025-01-07 00:00:00+00:00,135.775288294,138.4794187509,134.8473025652,137.0026242578,73804,0.0,0.0,0.0,0.0,0.0,0.0,0.0,0.0,,,,124.47677473690402,,,,,,,,,,,,,,,124.47677473690402,,"rgba(239, 83, 80, 0.75)"
2025-01-08 00:00:00+00:00,134.5180173066,136.0297359938,133.420399778,135.7453532705,224333,0.0,0.0,0.0,0.0,0.0,0.0,0.0,0.0,,,,124.54569467243456,,,,,,,,,,,,,,,124.54569467243456,,"rgba(239, 83, 80, 0.75)"
2025-01-10 00:00:00+00:00,130.5765725446,133.7696417189,129.5488034042,132.8815693548,81903,0.0,0.0,0.0,0.0,0.0,0.0,0.0,0.0,,,,124.56234551744691,,,,,,,,,,,,,,,124.56234551744691,,"rgba(239, 83, 80, 1.0)"
2025-01-13 00:00:00+00:00,128.2815540757,130.4468541094,127.9123554524,129.3791716043,95374,0.0,0.0,0.0,0.0,0.0,0.0,0.0,0.0,,,,124.57470843068974,,,,,,,,,,,,,,,124.57470843068974,,"rgba(239, 83, 80, 1.0)"
2025-01-14 00:00:00+00:00,127.4533517586,129.2344856573,126.3756909123,128.301510758,115230,0.0,0.0,0.0,0.0,0.0,0.0,0.0,0.0,,,,124.58544043940593,,,,,,,,,,,,,,,124.58544043940593,,"rgba(239, 83, 80, 1.0)"
2025-01-15 00:00:00+00:00,134.7974108594,134.9171509534,130.1574822155,130.7262476622,154441,0.0,0.0,0.0,0.0,0.0,0.0,0.0,0.0,,,,124.62547720592778,,,,,,,,,,,,,,,124.62547720592778,,"rgba(239, 83, 80, 0.75)"
2025-01-16 00:00:00+00:00,136.5535989052,137.1173751813,134.1488186833,135.2663928943,55418,0.0,0.0,0.0,0.0,0.0,0.0,0.0,0.0,,,,124.64411883678129,,,,,,,,,,,,,,,124.64411883678129,,"rgba(239, 83, 80, 0.75)"
2025-01-17 00:00:00+00:00,137.6113030692,139.6468846678,135.8850500468,137.4017579046,51096,0.0,0.0,0.0,0.0,0.0,0.0,0.0,0.0,,,,124.66394380412827,,,,,,,,,,,,,,,124.66394380412827,,"rgba(239, 83, 80, 0.5)"
2025-01-21 00:00:00+00:00,140.0559966557,140.9789932139,139.6019821325,139.6967763736,69920,0.0,0.0,0.0,0.0,0.0,0.0,0.0,0.0,,,,124.69614902759605,,,,,,,,,,,,,,,124.69614902759605,,#000000
2025-01-22 00:00:00+00:00,139.956213244,141.1236791609,138.5093537744,140.0659749969,79477,0.0,0.0,0.0,0.0,0.0,0.0,0.0,0.0,,,,124.73177425761148,,,,,,,,,,,,,,,124.73177425761148,,"rgba(38, 166, 154, 1.0)"
2025-01-23 00:00:00+00:00,141.9219464544,142.2063291778,139.5570795972,139.7067547148,44133,0.0,0.0,0.0,0.0,0.0,0.0,0.0,0.0,,,,124.7532630638297,,,,,,,,,,,,,,,124.7532630638297,,"rgba(38, 166, 154, 1.0)"
2025-01-24 00:00:00+00:00,141.0438524315,142.2487371277,140.4401627907,141.5228128076,51068,0.0,0.0,0.0,0.0,0.0,0.0,0.0,0.0,,,,124.77808260518897,,,,,,,,,,,,,,,124.77808260518897,,"rgba(38, 166, 154, 1.0)"
2025-01-27 00:00:00+00:00,143.9176146883,144.0273764412,139.6967763736,140.3952602555,126577,0.0,0.0,0.0,0.0,0.0,0.0,0.0,0.0,,,,124.84412201515947,,,,,,,,,,,,,,,124.84412201515947,,"rgba(38, 166, 154, 1.0)"
2025-01-28 00:00:00+00:00,143.3887626063,143.7878962531,142.5855061422,143.0395206654,56528,0.0,0.0,0.0,0.0,0.0,0.0,0.0,0.0,,,,124.87462741813404,,,,,,,,,,,,,,,124.87462741813404,,"rgba(38, 166, 154, 1.0)"
2025-01-29 00:00:00+00:00,140.4551303025,143.8577446413,140.1757367498,143.6781345003,124127,0.0,0.0,0.0,0.0,0.0,0.0,0.0,0.0,,,,124.93488644028068,,,,,,,,,,,,,,,124.93488644028068,,"rgba(38, 166, 154, 1.0)"
2025-01-30 00:00:00+00:00,142.8798672067,144.2768349704,141.3681485195,142.2113183483,101013,0.0,0.0,0.0,0.0,0.0,0.0,0.0,0.0,,,,124.98756061954163,,,,,,,,,,,,,,,124.98756061954163,,"rgba(38, 166, 154, 1.0)"
2025-01-31 00:00:00+00:00,142.0416865485,143.0993907124,141.4429860783,142.5505819481,124591,0.0,0.0,0.0,0.0,0.0,0.0,0.0,0.0,,,,125.04976577743982,,,,,,,,,,,,,,,125.04976577743982,,"rgba(38, 166, 154, 1.0)"
2025-02-03 00:00:00+00:00,138.9982924917,139.8165164676,136.6334256346,138.9084874212,113820,0.0,0.0,0.0,0.0,0.0,0.0,0.0,0.0,,,,125.09398288796568,,,,,,,,,,,,,,,125.09398288796568,,"rgba(38, 166, 154, 0.75)"
2025-02-04 00:00:00+00:00,142.9996073007,143.3288925593,138.8785523977,138.8785523977,114647,0.0,0.0,0.0,0.0,0.0,0.0,0.0,0.0,,,,125.14897777182453,,,,,,,,,,,,,,,125.14897777182453,,"rgba(38, 166, 154, 0.75)"
2025-02-05 00:00:00+00:00,145.603954346,145.6239110283,143.2889791946,144.0872464882,162143,0.0,0.0,0.0,0.0,0.0,0.0,0.0,0.0,,,,125.24057453185762,,,,,,,,,,,,,,,125.24057453185762,,"rgba(38, 166, 154, 0.75)"
2025-02-06 00:00:00+00:00,135.775288294,141.4529644195,128.2017273463,141.4529644195,529028,0.0,0.0,0.0,0.0,0.0,0.0,0.0,0.0,,,,125.3886316189639,,,,,,,,,,,,,,,125.3886316189639,,"rgba(38, 166, 154, 0.75)"
2025-02-07 00:00:00+00:00,134.9869993416,135.715418247,132.2728905435,135.1167177768,297805,0.0,0.0,0.0,0.0,0.0,0.0,0.0,0.0,,,,125.46321683811964,,,,,,,,,,,,,,,125.46321683811964,,#000000
2025-02-10 00:00:00+00:00,134.837324224,136.3440537406,131.7041250968,135.0069560239,233964,0.0,0.0,0.0,0.0,0.0,0.0,0.0,0.0,,,,125.52075050404824,,,,,,,,,,,,,,,125.52075050404824,,"rgba(239, 83, 80, 0.5)"
2025-02-11 00:00:00+00:00,133.0013094488,134.7874325182,130.7661610269,133.7895984012,127400,0.0,0.0,0.0,0.0,0.0,0.0,0.0,0.0,,,,125.54666270645313,,,,,,,,,,,,,,,125.54666270645313,,"rgba(239, 83, 80, 0.5)"
2025-02-12 00:00:00+00:00,130.1674605567,132.1032587436,129.6610597423,130.7960960504,97335,0.0,0.0,0.0,0.0,0.0,0.0,0.0,0.0,,,,125.56039090183152,,,,,,,,,,,,,,,125.56039090183152,,"rgba(239, 83, 80, 1.0)"
2025-02-13 00:00:00+00:00,131.8637785555,131.8637785555,129.5088900395,130.3570490389,83527,0.0,0.0,0.0,0.0,0.0,0.0,0.0,0.0,,,,125.57311557859533,,,,,,,,,,,,,,,125.57311557859533,,"rgba(239, 83, 80, 1.0)"
2025-02-14 00:00:00+00:00,131.4147532029,134.0889486363,131.2351430618,132.2130204965,102634,0.0,0.0,0.0,0.0,0.0,0.0,0.0,0.0,,,,125.59196939078345,,,,,,,,,,,,,,,125.59196939078345,,"rgba(239, 83, 80, 1.0)"
2025-02-18 00:00:00+00:00,130.7362260034,132.1531504494,128.6806877224,132.1531504494,176059,0.0,0.0,0.0,0.0,0.0,0.0,0.0,0.0,,,,125.61575440450642,,,,,,,,,,,,,,,125.61575440450642,,"rgba(239, 83, 80, 1.0)"
2025-02-19 00:00:00+00:00,131.6642117321,131.714103438,128.2865432462,129.3292798985,120209,0.0,0.0,0.0,0.0,0.0,0.0,0.0,0.0,,,,125.63196660027802,,,,,,,,,,,,,,,125.63196660027802,,"rgba(239, 83, 80, 1.0)"
2025-02-20 00:00:00+00:00,127.7826370172,132.0334103554,127.5780810232,132.0334103554,115537,0.0,0.0,0.0,0.0,0.0,0.0,0.0,0.0,,,,125.64297175854166,,,,,,,,,,,,,,,125.64297175854166,,"rgba(239, 83, 80, 1.0)"
2025-02-21 00:00:00+00:00,125.2281816778,128.4960884108,123.856159767,128.0420738876,93230,0.0,0.0,0.0,0.0,0.0,0.0,0.0,0.0,,,,125.64352147444518,,,,,,,,,,,,,,,125.64352147444518,,"rgba(239, 83, 80, 1.0)"
2025-02-24 00:00:00+00:00,124.4398927254,125.8318713185,123.9709106904,125.5075752305,130557,0.0,0.0,0.0,0.0,0.0,0.0,0.0,0.0,,,,125.64035676853194,,,,,,,,,,,,,,,125.64035676853194,,"rgba(239, 83, 80, 1.0)"
2025-02-25 00:00:00+00:00,126.9943480648,127.3735250292,124.3800226784,125.4377268423,171897,0.0,0.0,0.0,0.0,0.0,0.0,0.0,0.0,,,,125.64317561908169,,,,,,,,,,,,,,,125.64317561908169,,"rgba(239, 83, 80, 1.0)"
2025-02-26 00:00:00+00:00,127.0741747941,128.9700596164,125.7370770774,127.004326406,125505,0.0,0.0,0.0,0.0,0.0,0.0,0.0,0.0,,,,125.6486232025356,,,,,,,,,,,,,,,125.6486232025356,,"rgba(239, 83, 80, 1.0)"
2025-02-27 00:00:00+00:00,127.5431568291,128.3713591462,125.7969471244,126.4255826181,206705,0.0,0.0,0.0,0.0,0.0,0.0,0.0,0.0,,,,125.65738728883179,,,,,,,,,,,,,,,125.65738728883179,,"rgba(239, 83, 80, 0.75)"
2025-02-28 00:00:00+00:00,127.9422904759,130.4119299154,127.9323121347,127.9422904759,160992,0.0,0.0,0.0,0.0,0.0,0.0,0.0,0.0,,,,125.6706714556534,,,,,,,,,,,,,,,125.6706714556534,,"rgba(239, 83, 80, 0.75)"
2025-03-03 00:00:00+00:00,125.4477051835,130.0177854392,125.0385931956,130.0177854392,85688,0.0,0.0,0.0,0.0,0.0,0.0,0.0,0.0,,,,125.67331624750854,,,,,,,,,,,,,,,125.67331624750854,,"rgba(239, 83, 80, 0.75)"
2025-03-04 00:00:00+00:00,125.2481383601,128.0420738876,123.1077841792,125.4277485012,97119,0.0,0.0,0.0,0.0,0.0,0.0,0.0,0.0,,,,125.67278373115988,,,,,,,,,,,,,,,125.67278373115988,,"rgba(239, 83, 80, 0.75)"
2025-03-05 00:00:00+00:00,127.8125720407,128.3114890992,124.2503042432,125.477640207,99117,0.0,0.0,0.0,0.0,0.0,0.0,0.0,0.0,,,,125.67570860138346,,,,,,,,,,,,,,,125.67570860138346,,"rgba(239, 83, 80, 0.75)"
2025-03-06 00:00:00+00:00,124.2103908785,127.2637632764,124.1854450256,125.886752195,114150,0.0,0.0,0.0,0.0,0.0,0.0,0.0,0.0,,,,125.6743401145892,,,,,,,,,,,,,,,125.6743401145892,,"rgba(239, 83, 80, 0.75)"
2025-03-07 00:00:00+00:00,123.9210189846,125.2231925072,120.6381447398,124.9288314427,134849,0.0,0.0,0.0,0.0,0.0,0.0,0.0,0.0,,,,125.66581073302252,,,,,,,,,,,,,,,125.66581073302252,,"rgba(239, 83, 80, 0.75)"
2025-03-10 00:00:00+00:00,122.5040945385,125.7270987363,121.0472567277,125.2182033366,335137,0.0,0.0,0.0,0.0,0.0,0.0,0.0,0.0,,,,125.64340928241805,,,,,,,,,,,,,,,125.64340928241805,,"rgba(239, 83, 80, 1.0)"
2025-03-11 00:00:00+00:00,121.8355456801,123.5019286554,121.0672134101,122.6837046795,119692,0.0,0.0,0.0,0.0,0.0,0.0,0.0,0.0,,,,125.63253363979547,,,,,,,,,,,,,,,125.63253363979547,,"rgba(239, 83, 80, 1.0)"
2025-03-12 00:00:00+00:00,122.3344627386,124.5396761371,122.00517748,123.8112572317,171037,0.0,0.0,0.0,0.0,0.0,0.0,0.0,0.0,,,,125.6207467972794,,,,,,,,,,,,,,,125.6207467972794,,"rgba(239, 83, 80, 1.0)"
2025-03-13 00:00:00+00:00,118.6424765059,122.389343615,118.353104612,122.0450908447,182961,0.0,0.0,0.0,0.0,0.0,0.0,0.0,0.0,,,,125.59339314869165,,,,,,,,,,,,,,,125.59339314869165,,"rgba(239, 83, 80, 1.0)"
2025-03-14 00:00:00+00:00,122.4841378561,122.6038779502,118.8520216704,119.5006138465,89951,0.0,0.0,0.0,0.0,0.0,0.0,0.0,0.0,,,,125.5835358829833,,,,,,,,,,,,,,,125.5835358829833,,"rgba(239, 83, 80, 0.75)"
2025-03-17 00:00:00+00:00,124.6594162311,125.7969471244,121.825567339,122.534029562,115101,0.0,0.0,0.0,0.0,0.0,0.0,0.0,0.0,,,,125.57915904256082,,,,,,,,,,,,,,,125.57915904256082,,"rgba(239, 83, 80, 0.75)"
2025-03-18 00:00:00+00:00,122.1847876211,127.5232001468,121.6559355391,125.5275319129,145098,0.0,0.0,0.0,0.0,0.0,0.0,0.0,0.0,,,,125.57254876071418,,,,,,,,,,,,,,,125.57254876071418,,"rgba(239, 83, 80, 0.75)"
2025-03-19 00:00:00+00:00,123.7314305023,124.6993295958,120.827733222,122.1847876211,81349,0.0,0.0,0.0,0.0,0.0,0.0,0.0,0.0,,,,125.5674149360496,,,,,,,,,,,,,,,125.5674149360496,,"rgba(239, 83, 80, 0.5)"
2025-03-20 00:00:00+00:00,123.5218853378,124.3900010195,121.8455240213,122.7535530677,82096,0.0,0.0,0.0,0.0,0.0,0.0,0.0,0.0,,,,125.56260123427542,,,,,,,,,,,,,,,125.56260123427542,,"rgba(239, 83, 80, 0.5)"
2025-03-21 00:00:00+00:00,122.4043111268,123.1127733498,120.8576682455,122.5739429267,144903,0.0,0.0,0.0,0.0,0.0,0.0,0.0,0.0,,,,125.5500302644567,,,,,,,,,,,,,,,125.5500302644567,,"rgba(239, 83, 80, 0.5)"
2025-03-24 00:00:00+00:00,126.6850194885,126.7947812414,124.4498710665,124.4498710665,91209,0.0,0.0,0.0,0.0,0.0,0.0,0.0,0.0,,,,125.55100977974743,,,,,,,,,,,,,,,125.55100977974743,,#000000
2025-03-25 00:00:00+00:00,124.4099577019,126.8845863119,123.242491785,126.6351277827,84796,0.0,0.0,0.0,0.0,0.0,0.0,0.0,0.0,,,,125.54950709040658,,,,,,,,,,,,,,,125.54950709040658,,#000000
2025-03-26 00:00:00+00:00,123.9309973257,126.4305717887,122.6338129737,124.6294812076,95831,0.0,0.0,0.0,0.0,0.0,0.0,0.0,0.0,,,,125.54658221523134,,,,,,,,,,,,,,,125.54658221523134,,#000000
2025-03-27 00:00:00+00:00,122.5739429267,123.6815387965,121.3765419863,123.5717770436,164980,0.0,0.0,0.0,0.0,0.0,0.0,0.0,0.0,,,,125.53421735358938,,,,,,,,,,,,,,,125.53421735358938,,"rgba(239, 83, 80, 0.5)"
2025-03-28 00:00:00+00:00,119.9296825167,123.5518203613,119.8498557874,123.1127733498,92426,0.0,0.0,0.0,0.0,0.0,0.0,0.0,0.0,,,,125.52403496744311,,,,,,,,,,,,,,,125.52403496744311,,"rgba(239, 83, 80, 0.5)"
2025-03-31 00:00:00+00:00,121.0372783866,121.7507297802,118.3630829531,119.181306929,80069,0.0,0.0,0.0,0.0,0.0,0.0,0.0,0.0,,,,125.51380546859463,,,,,,,,,,,,,,,125.51380546859463,,"rgba(239, 83, 80, 0.5)"
2025-04-01 00:00:00+00:00,122.6437913149,123.2873943203,119.5505055523,120.7379281515,128804,0.0,0.0,0.0,0.0,0.0,0.0,0.0,0.0,,,,125.50204126248354,,,,,,,,,,,,,,,125.50204126248354,,"rgba(239, 83, 80, 0.5)"
2025-04-02 00:00:00+00:00,123.7913005494,124.0607157609,121.5960654921,121.7856539743,53111,0.0,0.0,0.0,0.0,0.0,0.0,0.0,0.0,,,,125.49894963913607,,,,,,,,,,,,,,,125.49894963913607,,"rgba(239, 83, 80, 0.5)"
2025-04-03 00:00:00+00:00,116.0081944371,124.0507374198,115.9882377548,120.059400952,141939,0.0,0.0,0.0,0.0,0.0,0.0,0.0,0.0,,,,125.47509441052681,,,,,,,,,,,,,,,125.47509441052681,,"rgba(239, 83, 80, 0.5)"
2025-04-04 00:00:00+00:00,111.9270528988,117.5448589772,109.557196871,112.5057966866,175691,0.0,0.0,0.0,0.0,0.0,0.0,0.0,0.0,,,,125.42133000748322,,,,,,,,,,,,,,,125.42133000748322,,"rgba(239, 83, 80, 1.0)"
2025-04-07 00:00:00+00:00,110.3404966528,113.8428944033,100.6394535844,111.647659346,211395,0.0,0.0,0.0,0.0,0.0,0.0,0.0,0.0,,,,125.33280306007276,,,,,,,,,,,,,,,125.33280306007276,,"rgba(239, 83, 80, 1.0)"
2025-04-08 00:00:00+00:00,106.4788786202,114.877748166,104.4832103863,113.9925695209,170031,0.0,0.0,0.0,0.0,0.0,0.0,0.0,0.0,,,,125.26366077850423,,,,,,,,,,,,,,,125.26366077850423,,"rgba(239, 83, 80, 1.0)"
2025-04-09 00:00:00+00:00,114.940511932,115.5342232316,103.1560910107,104.9422140801,285319,0.0,0.0,0.0,0.0,0.0,0.0,0.0,0.0,,,,125.16681069490849,,,,,,,,,,,,,,,125.16681069490849,,"rgba(239, 83, 80, 0.75)"
2025-04-10 00:00:00+00:00,111.2485256992,113.2441939332,108.8437454774,111.8971178753,189554,0.0,0.0,0.0,0.0,0.0,0.0,0.0,0.0,,,,125.1027550152868,,,,,,,,,,,,,,,125.1027550152868,,"rgba(239, 83, 80, 0.75)"
2025-04-11 00:00:00+00:00,111.3083957463,122.1648309387,107.8558897016,111.8172911459,195470,0.0,0.0,0.0,0.0,0.0,0.0,0.0,0.0,,,,125.04977165582417,,,,,,,,,,,,,,,125.04977165582417,,"rgba(239, 83, 80, 0.75)"
2025-04-14 00:00:00+00:00,113.8728294268,114.8507068614,112.0168579693,112.7153418512,121295,0.0,0.0,0.0,0.0,0.0,0.0,0.0,0.0,,,,125.01657441352098,,,,,,,,,,,,,,,125.01657441352098,,"rgba(239, 83, 80, 0.75)"
2025-04-15 00:00:00+00:00,113.6133925564,116.8937722159,113.1194646685,115.3695806023,95310,0.0,0.0,0.0,0.0,0.0,0.0,0.0,0.0,,,,124.99280661945907,,,,,,,,,,,,,,,124.99280661945907,,"rgba(239, 83, 80, 0.5)"
2025-04-16 00:00:00+00:00,113.1543888626,114.7010317439,112.2463598162,113.4038473919,76874,0.0,0.0,0.0,0.0,0.0,0.0,0.0,0.0,,,,124.97156823640594,,,,,,,,,,,,,,,124.97156823640594,,"rgba(239, 83, 80, 0.5)"
2025-04-17 00:00:00+00:00,113.8129593798,114.8257610085,113.3140423213,113.3140423213,85471,0.0,0.0,0.0,0.0,0.0,0.0,0.0,0.0,,,,124.94929631522146,,,,,,,,,,,,,,,124.94929631522146,,"rgba(239, 83, 80, 0.5)"
2025-04-21 00:00:00+00:00,110.9591538053,113.2841072978,109.1929874183,112.8949519922,126598,0.0,0.0,0.0,0.0,0.0,0.0,0.0,0.0,,,,124.90797507052791,,,,,,,,,,,,,,,124.90797507052791,,"rgba(239, 83, 80, 0.5)"
2025-04-22 00:00:00+00:00,112.8650169687,113.8379052327,110.5999335232,112.9149086746,72124,0.0,0.0,0.0,0.0,0.0,0.0,0.0,0.0,,,,124.88673870935702,,,,,,,,,,,,,,,124.88673870935702,,"rgba(239, 83, 80, 0.5)"
2025-04-23 00:00:00+00:00,115.3296672376,118.3930179766,115.1051545613,115.4992990375,80300,0.0,0.0,0.0,0.0,0.0,0.0,0.0,0.0,,,,124.87044794030791,,,,,,,,,,,,,,,124.87044794030791,,"rgba(239, 83, 80, 0.5)"
2025-04-24 00:00:00+00:00,116.2776096487,118.1136244239,114.7609017909,115.0303170025,72326,0.0,0.0,0.0,0.0,0.0,0.0,0.0,0.0,,,,124.85601145090045,,,,,,,,,,,,,,,124.85601145090045,,#000000
2025-04-25 00:00:00+00:00,115.1500570965,116.2875879899,114.5713133087,115.17999212,50628,0.0,0.0,0.0,0.0,0.0,0.0,0.0,0.0,,,,124.84468900278733,,,,,,,,,,,,,,,124.84468900278733,,#000000
2025-04-28 00:00:00+00:00,116.9461585071,117.355270495,114.6311833557,114.6311833557,88214,0.0,0.0,0.0,0.0,0.0,0.0,0.0,0.0,,,,124.8270404746139,,,,,,,,,,,,,,,124.8270404746139,,#000000
2025-04-29 00:00:00+00:00,117.7045124359,118.8021299646,116.3275013545,116.9012559718,57685,0.0,0.0,0.0,0.0,0.0,0.0,0.0,0.0,,,,124.81729552544954,,,,,,,,,,,,,,,124.81729552544954,,"rgba(38, 166, 154, 1.0)"
2025-04-30 00:00:00+00:00,119.1114585408,119.5704622346,115.2124217288,115.9084110254,132064,0.0,0.0,0.0,0.0,0.0,0.0,0.0,0.0,,,,124.7961735581205,,,,,,,,,,,,,,,124.7961735581205,,"rgba(38, 166, 154, 1.0)"
2025-05-01 00:00:00+00:00,118.7522382587,121.1370617983,118.1859673974,120.4784912811,59034,0.0,0.0,0.0,0.0,0.0,0.0,0.0,0.0,,,,124.78869145832071,,,,,,,,,,,,,,,124.78869145832071,,"rgba(38, 166, 154, 1.0)"
2025-05-02 00:00:00+00:00,121.5860871509,122.2446576681,120.2489894342,120.2489894342,66930,0.0,0.0,0.0,0.0,0.0,0.0,0.0,0.0,,,,124.78335091496727,,,,,,,,,,,,,,,124.78335091496727,,"rgba(38, 166, 154, 1.0)"
2025-05-05 00:00:00+00:00,121.8754590448,122.414289468,120.5084263046,121.416455351,127324,0.0,0.0,0.0,0.0,0.0,0.0,0.0,0.0,,,,124.77394463600471,,,,,,,,,,,,,,,124.77394463600471,,"rgba(38, 166, 154, 1.0)"
2025-05-06 00:00:00+00:00,118.1136244239,120.5483396693,114.6661075498,117.4949672714,220719,0.0,0.0,0.0,0.0,0.0,0.0,0.0,0.0,,,,124.73828882348745,,,,,,,,,,,,,,,124.73828882348745,,"rgba(38, 166, 154, 0.75)"
2025-05-07 00:00:00+00:00,120.5283829869,121.9752424565,118.3231695885,119.1613502467,164114,0.0,0.0,0.0,0.0,0.0,0.0,0.0,0.0,,,,124.72144573310891,,,,,,,,,,,,,,,124.72144573310891,,"rgba(38, 166, 154, 0.75)"
2025-05-08 00:00:00+00:00,122.9032281853,122.9830549146,120.9674299984,121.6858705626,153330,0.0,0.0,0.0,0.0,0.0,0.0,0.0,0.0,,,,124.7128830277031,,,,,,,,,,,,,,,124.7128830277031,,"rgba(38, 166, 154, 0.75)"
2025-05-09 00:00:00+00:00,123.3821885614,123.8012788905,122.2745926916,122.8433581383,98825,0.0,0.0,0.0,0.0,0.0,0.0,0.0,0.0,,,,124.7093575799071,,,,,,,,,,,,,,,124.7093575799071,,"rgba(38, 166, 154, 0.75)"
2025-05-12 00:00:00+00:00,128.8104061576,129.6785218394,124.8090913487,128.5110559226,157558,0.0,0.0,0.0,0.0,0.0,0.0,0.0,0.0,,,,124.72032974864877,,,,,,,,,,,,,,,124.72032974864877,,"rgba(38, 166, 154, 1.0)"
2025-05-13 00:00:00+00:00,128.6407743578,130.0626879744,127.7077994584,128.8602978635,146362,0.0,0.0,0.0,0.0,0.0,0.0,0.0,0.0,,,,124.73390080140368,,,,,,,,,,,,,,,124.73390080140368,,"rgba(38, 166, 154, 1.0)"
2025-05-14 00:00:00+00:00,126.655084465,129.4390416513,126.5453227122,128.0021605229,148653,0.0,0.0,0.0,0.0,0.0,0.0,0.0,0.0,,,,124.74336265274265,,,,,,,,,,,,,,,124.74336265274265,,"rgba(38, 166, 154, 1.0)"
2025-05-15 00:00:00+00:00,127.7227669702,128.1668031522,125.3778567953,126.0264489713,108267,0.0,0.0,0.0,0.0,0.0,0.0,0.0,0.0,,,,124.74909612556698,,,,,,,,,,,,,,,124.74909612556698,,"rgba(38, 166, 154, 1.0)"
2025-05-16 00:00:00+00:00,126.9743913824,128.7754819635,126.655084465,127.6429402408,171454,0.0,0.0,0.0,0.0,0.0,0.0,0.0,0.0,,,,124.75958066023837,,,,,,,,,,,,,,,124.75958066023837,,"rgba(38, 166, 154, 1.0)"
2025-05-19 00:00:00+00:00,124.1006291256,125.6173369834,124.1006291256,125.1782899719,95476,0.0,0.0,0.0,0.0,0.0,0.0,0.0,0.0,,,,124.7592520398264,,,,,,,,,,,,,,,124.7592520398264,,"rgba(38, 166, 154, 0.75)"
2025-05-20 00:00:00+00:00,125.3179867483,125.4975968894,123.0329466205,123.0329466205,141943,0.0,0.0,0.0,0.0,0.0,0.0,0.0,0.0,,,,124.75879776078466,,,,,,,,,,,,,,,124.75879776078466,,"rgba(38, 166, 154, 0.75)"
2025-05-21 00:00:00+00:00,119.061566835,124.5197194547,118.8121083058,123.8711272787,640628,0.0,0.0,0.0,0.0,0.0,0.0,0.0,0.0,,,,124.70283804738557,,,,,,,,,,,,,,,124.70283804738557,,"rgba(38, 166, 154, 0.75)"
2025-05-22 00:00:00+00:00,117.8941009182,119.2461661466,117.4301080538,118.412974659,106202,0.0,0.0,0.0,0.0,0.0,0.0,0.0,0.0,,,,124.6876205423652,,,,,,,,,,,,,,,124.6876205423652,,#000000
2025-05-23 00:00:00+00:00,117.7544041418,118.532714753,116.2476746252,116.2476746252,102885,0.0,0.0,0.0,0.0,0.0,0.0,0.0,0.0,,,,124.67141353898755,,,,,,,,,,,,,,,124.67141353898755,,"rgba(239, 83, 80, 0.5)"
2025-05-27 00:00:00+00:00,121.4663470569,122.0251341624,119.3110253642,119.7500723757,102582,0.0,0.0,0.0,0.0,0.0,0.0,0.0,0.0,,,,124.66301676067026,,,,,,,,,,,,,,,124.66301676067026,,"rgba(239, 83, 80, 0.5)"
2025-05-28 00:00:00+00:00,119.8648232991,121.9353290918,119.710159011,121.476325398,82450,0.0,0.0,0.0,0.0,0.0,0.0,0.0,0.0,,,,124.65551874171136,,,,,,,,,,,,,,,124.65551874171136,,"rgba(239, 83, 80, 0.5)"
2025-05-29 00:00:00+00:00,120.059400952,120.7179714691,119.3908520936,120.4884696222,70937,0.0,0.0,0.0,0.0,0.0,0.0,0.0,0.0,,,,124.64839658447345,,,,,,,,,,,,,,,124.64839658447345,,"rgba(239, 83, 80, 0.5)"
2025-05-30 00:00:00+00:00,120.2190544107,120.7379281515,118.7223032352,118.9917184468,73243,0.0,0.0,0.0,0.0,0.0,0.0,0.0,0.0,,,,124.64080585043932,,,,,,,,,,,,,,,124.64080585043932,,"rgba(239, 83, 80, 0.5)"
2025-06-02 00:00:00+00:00,121.4064770098,121.6758922214,118.7322815764,119.5704622346,225954,0.0,0.0,0.0,0.0,0.0,0.0,0.0,0.0,,,,124.62102845888303,,,,,,,,,,,,,,,124.62102845888303,,#000000
2025-06-03 00:00:00+00:00,121.6459571979,122.2546360093,119.8149315933,121.4064770098,168214,0.0,0.0,0.0,0.0,0.0,0.0,0.0,0.0,,,,124.60873349519697,,,,,,,,,,,,,,,124.60873349519697,,#000000
2025-06-04 00:00:00+00:00,124.829048031,124.829048031,121.4064770098,121.4064770098,140262,0.0,0.0,0.0,0.0,0.0,0.0,0.0,0.0,,,,124.60595189774112,,,,,,,,,,,,,,,124.60595189774112,,"rgba(38, 166, 154, 1.0)"
2025-06-05 00:00:00+00:00,125.7370770774,126.9943480648,123.9309973257,125.7270987363,147001,0.0,0.0,0.0,0.0,0.0,0.0,0.0,0.0,,,,124.60894521264304,,,,,,,,,,,,,,,124.60894521264304,,"rgba(38, 166, 154, 1.0)"
2025-06-06 00:00:00+00:00,125.8268821479,126.8346946061,125.2082249954,126.1162540419,128563,0.0,0.0,0.0,0.0,0.0,0.0,0.0,0.0,,,,124.61265573186901,,,,,,,,,,,,,,,124.61265573186901,,"rgba(38, 166, 154, 1.0)"
2025-06-09 00:00:00+00:00,126.3756909123,127.9522688171,125.5474885952,126.6750411474,61287,0.0,0.0,0.0,0.0,0.0,0.0,0.0,0.0,,,,124.61529372151807,,,,,,,,,,,,,,,124.61529372151807,,"rgba(38, 166, 154, 1.0)"
2025-06-10 00:00:00+00:00,129.3392582396,129.5088900395,126.8247162649,127.0242830883,68073,0.0,0.0,0.0,0.0,0.0,0.0,0.0,0.0,,,,124.62102519075219,,,,,,,,,,,,,,,124.62102519075219,,"rgba(38, 166, 154, 1.0)"
2025-06-11 00:00:00+00:00,128.6407743578,131.185251356,128.2117056875,129.7184352041,67551,0.0,0.0,0.0,0.0,0.0,0.0,0.0,0.0,,,,124.62783187017807,,,,,,,,,,,,,,,124.62783187017807,,"rgba(38, 166, 154, 1.0)"
2025-06-12 00:00:00+00:00,129.538825063,129.9030345157,126.8446729472,128.421250852,74473,0.0,0.0,0.0,0.0,0.0,0.0,0.0,0.0,,,,124.634387715048,,,,,,,,,,,,,,,124.634387715048,,"rgba(38, 166, 154, 1.0)"
2025-06-13 00:00:00+00:00,127.0941314765,128.3264566109,126.4056259358,127.4932651233,97887,0.0,0.0,0.0,0.0,0.0,0.0,0.0,0.0,,,,124.6398807835369,,,,,,,,,,,,,,,124.6398807835369,,"rgba(38, 166, 154, 1.0)"
2025-06-16 00:00:00+00:00,127.7427236525,131.0854679443,127.6728752643,128.4910992402,77109,0.0,0.0,0.0,0.0,0.0,0.0,0.0,0.0,,,,124.64674074167318,,,,,,,,,,,,,,,124.64674074167318,,"rgba(38, 166, 154, 0.75)"
2025-06-17 00:00:00+00:00,126.8346946061,127.5631135114,125.9067088773,126.5852360768,222122,0.0,0.0,0.0,0.0,0.0,0.0,0.0,0.0,,,,124.65668991227625,,,,,,,,,,,,,,,124.65668991227625,,"rgba(38, 166, 154, 0.75)"
2025-06-18 00:00:00+00:00,128.6906660636,129.0598646869,125.4077918188,127.1240665,119879,1.0,129.05986,125.40779,1166.0,1.0,129.05986,125.40779,1166.0,,,127.71944085643334,124.66442247071636,,,,,,,,,,,,,,,124.66442247071636,,"rgba(38, 166, 154, 0.75)"
2025-06-20 00:00:00+00:00,128.5958718225,130.7262476622,127.8524854054,130.7262476622,120087,0.0,0.0,0.0,0.0,0.0,0.0,0.0,0.0,,,128.38940145509858,124.67550670389612,,,,,,,,,,,,,,,124.67550670389612,,"rgba(38, 166, 154, 0.75)"
2025-06-23 00:00:00+00:00,131.4347098852,131.7939301673,127.9323121347,127.9323121347,196882,0.0,0.0,0.0,0.0,0.0,0.0,0.0,0.0,,,129.2896872727988,124.69903190694369,,,,,,,,,,,,,,,124.69903190694369,,"rgba(38, 166, 154, 0.75)"
2025-06-24 00:00:00+00:00,132.5622624374,133.1659520781,131.2251647207,132.1830854729,104373,0.0,0.0,0.0,0.0,0.0,0.0,0.0,0.0,,,129.8736492537323,124.71563175667079,,,,,,,,,,,,,,,124.71563175667079,,"rgba(38, 166, 154, 1.0)"
2025-06-25 00:00:00+00:00,127.9023771112,131.953583626,127.8524854054,131.953583626,179561,0.0,0.0,0.0,0.0,0.0,0.0,0.0,0.0,,,129.71483530668735,124.73251309565471,,,,,,,,,,,,,,,124.73251309565471,,"rgba(38, 166, 154, 0.75)"
2025-06-26 00:00:00+00:00,130.1375255332,130.4268974271,127.712788629,128.7804711341,117168,0.0,0.0,0.0,0.0,0.0,0.0,0.0,0.0,,,129.67441159717933,124.7439216361988,,,,,,,,,,,,,,,124.7439216361988,,"rgba(38, 166, 154, 0.75)"
2025-06-27 00:00:00+00:00,130.5167024976,133.2008762722,128.5759151402,130.1375255332,248321,0.0,0.0,0.0,0.0,0.0,0.0,0.0,0.0,,,129.92360478947222,124.77477976733746,,,,,,,,,,,,,,,124.77477976733746,,"rgba(38, 166, 154, 0.75)"
2025-06-30 00:00:00+00:00,130.4069407448,131.0562782006,128.7786022017,130.8664718674,74707,0.0,0.0,0.0,0.0,0.0,0.0,0.0,0.0,,,129.93370762329425,124.78294866304434,,,,,,,,,,,,,,,124.78294866304434,,"rgba(38, 166, 154, 0.75)"
2025-07-01 00:00:00+00:00,130.9164209024,133.4038828486,129.1781944822,129.8924656836,126579,0.0,0.0,0.0,0.0,0.0,0.0,0.0,0.0,,,130.0548699164622,124.79955671939491,,,,,,,,,,,,,,,124.79955671939491,,"rgba(38, 166, 154, 0.75)"
2025-07-02 00:00:00+00:00,130.3769713237,132.3349734982,129.1132607366,130.2271242185,177027,0.0,0.0,0.0,0.0,0.0,0.0,0.0,0.0,,,130.12177635412638,124.82061725355071,,,,,,,,,,,,,,,124.82061725355071,,"rgba(38, 166, 154, 0.75)"
2025-07-03 00:00:00+00:00,133.3439440065,133.3439440065,129.6926695434,131.0163189725,70301,0.0,0.0,0.0,0.0,0.0,0.0,0.0,0.0,,,130.2136131102695,124.83112163255393,,,,,,,,,,,,,,,124.83112163255393,,"rgba(38, 166, 154, 0.75)"
2025-07-07 00:00:00+00:00,130.596747078,133.2040867083,129.837521745,132.3449633052,108547,0.0,0.0,0.0,0.0,0.0,0.0,0.0,0.0,,,130.27960740169027,124.84525689691112,,,,,,,,,,,,,,,124.84525689691112,,"rgba(38, 166, 154, 0.75)"
2025-07-08 00:00:00+00:00,130.7865534113,132.2750346562,128.1542392634,130.8664718674,81972,0.0,0.0,0.0,0.0,0.0,0.0,0.0,0.0,,,130.28557776460713,124.8545416031445,,,,,,,,,,,,,,,124.8545416031445,,"rgba(38, 166, 154, 0.5)"
2025-07-09 00:00:00+00:00,132.115197744,132.2750346562,129.4079600435,131.4658602881,79281,0.0,0.0,0.0,0.0,0.0,0.0,0.0,0.0,,,130.3286511768391,124.86488006205163,,,,,,,,,,,,,,,124.86488006205163,,"rgba(38, 166, 154, 0.5)"
2025-07-10 00:00:00+00:00,134.5926698831,135.6615792335,132.3949123403,132.3949123403,86811,0.0,0.0,0.0,0.0,0.0,0.0,0.0,0.0,,,130.5070804453999,124.88136228373342,,,,,,,,,,,,,,,124.88136228373342,,"rgba(38, 166, 154, 1.0)"
2025-07-11 00:00:00+00:00,134.3928737429,134.9023539005,132.2051060071,133.4138726556,215525,0.0,0.0,0.0,0.0,0.0,0.0,0.0,0.0,,,130.84733079111544,124.92036410292731,,,,,,,,,,,,,,,124.92036410292731,,"rgba(38, 166, 154, 1.0)"
2025-07-14 00:00:00+00:00,135.3219257951,135.6415996195,132.4148919543,133.9433324273,69417,0.0,0.0,0.0,0.0,0.0,0.0,0.0,0.0,,,130.9625392362777,124.93373091311501,,,,,,,,,,,,,,,124.93373091311501,,"rgba(38, 166, 154, 1.0)"
2025-07-15 00:00:00+00:00,133.6736076379,136.1510797771,132.7245759717,136.1510797771,101772,0.0,0.0,0.0,0.0,0.0,0.0,0.0,0.0,,,131.10640730286332,124.952693723841,,,,,,,,,,,,,,,124.952693723841,,"rgba(38, 166, 154, 1.0)"
2025-07-16 00:00:00+00:00,136.071161321,136.5306924436,133.4838013047,135.0571959092,168857,0.0,0.0,0.0,0.0,0.0,0.0,0.0,0.0,,,131.4000515722707,124.98798148769832,,,,,,,,,,,,,,,124.98798148769832,,"rgba(38, 166, 154, 1.0)"
2025-07-17 00:00:00+00:00,138.438745583,139.0581136178,135.8963396983,136.8004172329,130317,0.0,0.0,0.0,0.0,0.0,0.0,0.0,0.0,,,131.72352942665114,125.0214083099522,,,,,,,,,,,,,,,125.0214083099522,,"rgba(38, 166, 154, 1.0)"
2025-07-18 00:00:00+00:00,138.1890004077,139.7274306877,137.7094896711,139.7274306877,73323,0.0,0.0,0.0,0.0,0.0,0.0,0.0,0.0,,,131.91213902450698,125.04123048073788,,,,,,,,,,,,,,,125.04123048073788,,"rgba(38, 166, 154, 1.0)"
2025-07-21 00:00:00+00:00,139.5076549334,140.9961361783,138.1690207937,139.0381340038,151050,0.0,0.0,0.0,0.0,0.0,0.0,0.0,0.0,,,132.3243259057337,125.08494093488127,,,,,,,,,,,,,,,125.08494093488127,,"rgba(38, 166, 154, 1.0)"
2025-07-22 00:00:00+00:00,139.967186056,142.3497550285,137.4947088203,140.1769720033,144571,0.0,0.0,0.0,0.0,0.0,0.0,0.0,0.0,,,132.697876720718,125.12762156521228,,,,,,,,,,,,,,,125.12762156521228,,"rgba(38, 166, 154, 1.0)"
2025-07-23 00:00:00+00:00,139.7474103017,141.3008252922,138.6785009513,141.2558711606,149778,0.0,0.0,0.0,0.0,0.0,0.0,0.0,0.0,,,133.04671957987074,125.17149745829428,,,,,,,,,,,,,,,125.17149745829428,,"rgba(38, 166, 154, 1.0)"
2025-07-24 00:00:00+00:00,141.5855347921,142.2548518619,138.6785009513,139.7474103017,157774,0.0,0.0,0.0,0.0,0.0,0.0,0.0,0.0,,,133.4245818620339,125.22033596778527,,,,,,,,,,,,,,,125.22033596778527,,"rgba(38, 166, 154, 1.0)"
2025-07-25 00:00:00+00:00,142.2248824409,142.6844135635,137.6695304431,141.8852290024,84664,0.0,0.0,0.0,0.0,0.0,0.0,0.0,0.0,,,133.61313085884703,125.2464515233075,,,,,,,,,,,,,,,125.2464515233075,,"rgba(38, 166, 154, 1.0)"
2025-07-28 00:00:00+00:00,139.4577058983,143.5685114841,139.4277364773,142.0450659147,121645,0.0,0.0,0.0,0.0,0.0,0.0,0.0,0.0,,,133.86642177323444,125.28372233278402,,,,,,,,,,,,,,,125.28372233278402,,"rgba(38, 166, 154, 0.75)"
2025-07-29 00:00:00+00:00,148.4585220169,148.4785016309,139.7973593368,140.8263094591,413553,0.0,0.0,0.0,0.0,0.0,0.0,0.0,0.0,,,135.11674022635387,125.447528805869,,,,,,,,,,,,,,,125.447528805869,,"rgba(38, 166, 154, 0.75)"
2025-07-30 00:00:00+00:00,147.6093884208,149.357604648,145.8312027725,148.4085729818,198818,0.0,0.0,0.0,0.0,0.0,0.0,0.0,0.0,,,135.72613018629764,125.53315520072937,,,,,,,,,,,,,,,125.53315520072937,,"rgba(38, 166, 154, 1.0)"
2025-07-31 00:00:00+00:00,150.5563814895,154.792059663,149.1178492797,149.4175434901,267630,0.0,0.0,0.0,0.0,0.0,0.0,0.0,0.0,,,136.69810458089734,125.66751015354741,,,,,,,,,,,,,,,125.66751015354741,,"rgba(38, 166, 154, 1.0)"
2025-08-01 00:00:00+00:00,150.6762591737,152.8290625849,147.2997044034,150.126819788,173444,0.0,0.0,0.0,0.0,0.0,0.0,0.0,0.0,,,137.2195638459341,125.74976136113565,,,,,,,,,,,,,,,125.74976136113565,,"rgba(38, 166, 154, 1.0)"
2025-08-04 00:00:00+00:00,151.9349748573,153.3135682251,149.1078594727,151.8051073661,117278,0.0,0.0,0.0,0.0,0.0,0.0,0.0,0.0,,,137.58000416184353,125.80773656198677,,,,,,,,,,,,,,,125.80773656198677,,"rgba(38, 166, 154, 1.0)"
2025-08-05 00:00:00+00:00,156.5003166621,156.5702453112,152.1647404186,152.1647404186,206074,0.0,0.0,0.0,0.0,0.0,0.0,0.0,0.0,,,138.32550382989888,125.92329212396396,,,,,,,,,,,,,,,125.92329212396396,,"rgba(38, 166, 154, 1.0)"
2025-08-06 00:00:00+00:00,156.5003166621,158.0487367491,154.6472074613,156.2505714868,147358,0.0,0.0,0.0,0.0,0.0,0.0,0.0,0.0,,,138.85982448336577,126.00908165842628,,,,,,,,,,,,,,,126.00908165842628,,"rgba(38, 166, 154, 1.0)"
2025-08-07 00:00:00+00:00,156.7800312585,157.968818293,155.631203452,157.189613346,180921,0.0,0.0,0.0,0.0,0.0,0.0,0.0,0.0,,,139.48797261344757,126.11511188984181,,,,,,,,,,,,,,,126.11511188984181,,"rgba(38, 166, 154, 1.0)"
2025-08-08 00:00:00+00:00,157.0897152759,158.6331404594,156.6601535743,157.7590323457,261119,0.0,0.0,0.0,0.0,0.0,0.0,0.0,0.0,,,140.35283948399223,126.270163904349,,,,,,,,,,,,,,,126.270163904349,,"rgba(38, 166, 154, 1.0)"
2025-08-11 00:00:00+00:00,154.7021513998,158.0187673281,154.4324266105,156.4603574341,181073,0.0,0.0,0.0,0.0,0.0,0.0,0.0,0.0,,,140.84899597636812,126.37082810303673,,,,,,,,,,,,,,,126.37082810303673,,"rgba(38, 166, 154, 0.75)"
2025-08-12 00:00:00+00:00,157.7290629247,158.4483290296,155.5612748029,155.9708568905,165667,0.0,0.0,0.0,0.0,0.0,0.0,0.0,0.0,,,141.3195348536677,126.46709201931523,,,,,,,,,,,,,,,126.46709201931523,,"rgba(38, 166, 154, 0.75)"
2025-08-13 00:00:00+00:00,161.3953220984,161.9997054227,157.8689202229,159.2075543626,129726,0.0,0.0,0.0,0.0,0.0,0.0,0.0,0.0,,,141.73933167214,126.54978656033336,,,,,,,,,,,,,,,126.54978656033336,,"rgba(38, 166, 154, 0.75)"
2025-08-14 00:00:00+00:00,161.9647410981,162.1895117559,159.527228187,160.0067389236,197610,0.0,0.0,0.0,0.0,0.0,0.0,0.0,0.0,,,142.3705938760458,126.67796143630255,,,,,,,,,,,,,,,126.67796143630255,,"rgba(38, 166, 154, 0.75)"
2025-08-15 00:00:00+00:00,162.634058168,163.0136708345,160.0417032482,162.0946085893,127180,0.0,0.0,0.0,0.0,0.0,0.0,0.0,0.0,,,142.7693487605166,126.76154209068665,,,,,,,,,,,,,,,126.76154209068665,,"rgba(38, 166, 154, 0.75)"
2025-08-18 00:00:00+00:00,163.1735077467,163.837829913,161.8148939929,162.7439460451,128175,0.0,0.0,0.0,0.0,0.0,0.0,0.0,0.0,,,143.176163538791,126.84787109158322,,,,,,,,,,,,,,,126.84787109158322,,"rgba(38, 166, 154, 1.0)"
2025-08-19 00:00:00+00:00,164.4422132373,165.2513876053,163.3533242729,163.4831917641,57706,0.0,0.0,0.0,0.0,0.0,0.0,0.0,0.0,,,143.36666704854832,126.88811286789115,,,,,,,,,,,,,,,126.88811286789115,,"rgba(38, 166, 154, 1.0)"
2025-08-20 00:00:00+00:00,162.5641295189,164.9267188774,162.5541397119,164.5321215004,135740,0.0,0.0,0.0,0.0,0.0,0.0,0.0,0.0,,,143.7808070321942,126.97991322092633,,,,,,,,,,,,,,,126.97991322092633,,"rgba(38, 166, 154, 0.75)"
2025-08-21 00:00:00+00:00,162.5940989399,162.9587268959,161.0894342077,161.3753424844,158552,0.0,0.0,0.0,0.0,0.0,0.0,0.0,0.0,,,144.21651288071797,127.0832316295391,,,,,,,,,,,,,,,127.0832316295391,,"rgba(38, 166, 154, 0.75)"
2025-08-22 00:00:00+00:00,167.359236885,169.0924684017,162.9437421854,163.5531204132,152597,0.0,0.0,0.0,0.0,0.0,0.0,0.0,0.0,,,144.71139221736223,127.19406251669713,,,,,,,,,,,,,,,127.19406251669713,,"rgba(38, 166, 154, 0.75)"
2025-08-25 00:00:00+00:00,168.8477181299,168.8477181299,165.7458830525,165.7458830525,164818,0.0,0.0,0.0,0.0,0.0,0.0,0.0,0.0,,,145.25339430085197,127.31715777450667,,,,,,,,,,,,,,,127.31715777450667,,"rgba(38, 166, 154, 1.0)"
2025-08-26 00:00:00+00:00,166.7948127888,170.4710617695,166.570042131,168.8477181299,127104,0.0,0.0,0.0,0.0,0.0,0.0,0.0,0.0,,,145.65665196409756,127.4118844588888,,,,,167.9453055631,,,,,,,,,,127.4118844588888,,"rgba(38, 166, 154, 0.75)"
2025-08-27 00:00:00+00:00,166.1904294645,167.7887985866,165.1814589562,165.4112245175,103359,0.0,0.0,0.0,0.0,0.0,0.0,0.0,0.0,,,145.95195909047675,127.4856405695227,,,,,167.24638344443474,,,,,,,,,,127.4856405695227,,"rgba(38, 166, 154, 0.75)"
2025-08-28 00:00:00+00:00,165.4012347105,166.8048025958,165.0745680212,166.8048025958,115900,0.0,0.0,0.0,0.0,0.0,0.0,0.0,0.0,,,146.26339461738442,127.56668748972027,,,,,166.7490772789641,,,,,,,,,,127.56668748972027,,"rgba(38, 166, 154, 0.75)"
2025-08-29 00:00:00+00:00,165.1814589562,165.4611735526,163.7629063604,165.2214181843,128170,0.0,0.0,0.0,0.0,0.0,0.0,0.0,0.0,,,146.58021449349047,127.65367695487147,,,,,166.2231357830308,,,,,,,,,,127.65367695487147,,"rgba(38, 166, 154, 0.5)"
2025-09-02 00:00:00+00:00,161.095627888,162.8638237293,160.6061273444,162.5940989399,140717,0.0,0.0,0.0,0.0,0.0,0.0,0.0,0.0,,,146.8553993028751,127.74032385369226,,,,,165.1478826776868,,,,,,,,,,127.74032385369226,,"rgba(38, 166, 154, 0.5)"
2025-09-03 00:00:00+00:00,160.6760559935,162.5416524531,159.1725900381,160.9657603968,102901,0.0,0.0,0.0,0.0,0.0,0.0,0.0,0.0,,,147.04066475238056,127.80205133212496,,,,,164.5244285007445,,,,,,,,,,127.80205133212496,,"rgba(38, 166, 154, 0.5)"
2025-09-04 00:00:00+00:00,165.2513876053,165.4411939386,160.9208062653,161.6051080457,146659,0.0,0.0,0.0,0.0,0.0,0.0,0.0,0.0,,,147.35350723750554,127.89779108236064,,,,,164.41363860247685,,,,,,,,,,127.89779108236064,,"rgba(38, 166, 154, 0.5)"
2025-09-05 00:00:00+00:00,165.6909391139,168.3182583582,164.202457869,166.6899198152,109574,0.0,0.0,0.0,0.0,0.0,0.0,0.0,0.0,,,147.60988235154102,127.97334364454112,,,,,164.5999661741058,,,,,,,,,,127.97334364454112,,"rgba(38, 166, 154, 0.5)"
2025-09-08 00:00:00+00:00,166.4401746398,167.7588291655,164.3722845882,165.0416016581,115563,0.0,0.0,0.0,0.0,0.0,0.0,0.0,0.0,,,147.87447600060153,128.0529520421646,,,,,164.76859704260474,,,,,,,,,,128.0529520421646,,"rgba(38, 166, 154, 0.5)"
2025-09-09 00:00:00+00:00,166.1105110084,167.0595426746,164.8118360968,167.0595426746,76204,0.0,0.0,0.0,0.0,0.0,0.0,0.0,0.0,,,148.04304070834002,128.10499632636544,,,,,164.84867055557632,,,,,,,,,,128.10499632636544,,"rgba(38, 166, 154, 0.5)"
2025-09-10 00:00:00+00:00,165.0765659826,167.4791145692,164.6395119258,166.1105110084,107537,0.0,0.0,0.0,0.0,0.0,0.0,0.0,0.0,,,148.27225000135712,128.17769072564607,,,,,164.9232270029058,,,,,,,,,,128.17769072564607,,"rgba(38, 166, 154, 0.5)"
2025-09-11 00:00:00+00:00,168.1234571215,169.0674938842,165.9107148682,165.9107148682,150755,0.0,0.0,0.0,0.0,0.0,0.0,0.0,0.0,,,148.61888055821376,128.28444664816556,,,,,165.21716373896115,,,,,,,,,,128.28444664816556,,"rgba(38, 166, 154, 0.5)"
2025-09-12 00:00:00+00:00,166.6599503941,168.2183602881,165.8607658331,168.0285539549,79861,0.0,0.0,0.0,0.0,0.0,0.0,0.0,0.0,,,148.7901664751437,128.33964096083506,,,,,165.30719422249746,,,,,,,,,,128.33964096083506,,"rgba(38, 166, 154, 0.5)"
2025-09-15 00:00:00+00:00,166.7498586572,167.8437425251,166.3502663767,167.5989922533,80141,0.0,0.0,0.0,0.0,0.0,0.0,0.0,0.0,,,148.95949401699082,128.3949681981246,,,,,165.39186970476206,,,,,,,,,,128.3949681981246,,"rgba(38, 166, 154, 0.5)"
2025-09-16 00:00:00+00:00,165.4811531666,167.5290636042,165.1914487633,167.5290636042,86013,0.0,0.0,0.0,0.0,0.0,0.0,0.0,0.0,,,149.12871436299284,128.4527708027211,,,,,165.42664403827567,,,,,,,,,,128.4527708027211,,"rgba(38, 166, 154, 0.5)"
2025-09-17 00:00:00+00:00,165.0615812721,167.9885947268,164.8218259038,166.4102052188,169111,0.0,0.0,0.0,0.0,0.0,0.0,0.0,0.0,,,149.44974875215584,128.56557090981107,,,,,165.47543019668143,,,,,,,,,,128.56557090981107,,"rgba(38, 166, 154, 0.5)"
2025-09-18 00:00:00+00:00,166.1504702365,167.2043948763,164.5221316934,165.1614793422,169690,0.0,0.0,0.0,0.0,0.0,0.0,0.0,0.0,,,149.75983328308658,128.6780822699528,,,,,165.5162695206676,,,,,,,,,,128.6780822699528,,"rgba(38, 166, 154, 0.5)"
2025-09-19 00:00:00+00:00,164.222437483,167.7738138761,163.9826821147,166.8597465344,91736,0.0,0.0,0.0,0.0,0.0,0.0,0.0,0.0,,,149.91630616505833,128.7375980019387,,,,,165.5079753455916,,,,,,,,,,128.7375980019387,,"rgba(38, 166, 154, 0.5)"
2025-09-22 00:00:00+00:00,164.23242729,164.4621928513,162.2044964664,163.6430286763,102209,0.0,0.0,0.0,0.0,0.0,0.0,0.0,0.0,,,150.06822509700265,128.80062283830318,,,,,165.4209950286023,,,,,,,,,,128.80062283830318,,#000000
2025-09-23 00:00:00+00:00,162.5541397119,165.77085757,161.6250876597,164.6819686056,211365,0.0,0.0,0.0,0.0,0.0,0.0,0.0,0.0,,,150.36486948850097,128.9290595817452,,,,,165.23679015408428,,,,,,,,,,128.9290595817452,,#000000
2025-09-24 00:00:00+00:00,157.9088794509,162.1745270454,157.5792158195,162.0446595542,162382,0.0,0.0,0.0,0.0,0.0,0.0,0.0,0.0,,,150.51463296840274,129.01540877019283,,,,,164.85770786659063,,,,,,,,,,129.01540877019283,,"rgba(239, 83, 80, 1.0)"
2025-09-25 00:00:00+00:00,156.3304899429,157.8289609948,155.1916519435,156.765046548,129726,0.0,0.0,0.0,0.0,0.0,0.0,0.0,0.0,,,150.59375613229815,129.0777447122042,,,,,164.4547596685188,,,,,,,,,,129.0777447122042,,"rgba(239, 83, 80, 1.0)"
2025-09-26 00:00:00+00:00,156.8399701006,157.6391546616,154.9269220576,157.0997050829,125932,0.0,0.0,0.0,0.0,0.0,0.0,0.0,0.0,,,150.66880720068002,129.13802749936028,,,,,164.09971500879382,,,,,,,,,,129.13802749936028,,"rgba(239, 83, 80, 1.0)"
2025-09-29 00:00:00+00:00,157.0097968198,158.6281455559,156.0607651536,157.7090833107,157299,0.0,0.0,0.0,0.0,0.0,0.0,0.0,0.0,,,150.77190371659594,129.21504885338283,,,,,163.73845214074422,,,,,,,,,,129.21504885338283,,"rgba(239, 83, 80, 1.0)"
2025-09-30 00:00:00+00:00,156.0507753466,158.1036806877,154.3425183474,157.4493483284,92737,0.0,0.0,0.0,0.0,0.0,0.0,0.0,0.0,,,150.82138995398526,129.25853774583618,,,,,163.51063537999786,,,,,,,,,,129.25853774583618,,"rgba(239, 83, 80, 1.0)"
2025-10-01 00:00:00+00:00,153.7231503126,160.8408878092,153.6532216635,160.8408878092,84002,0.0,0.0,0.0,0.0,0.0,0.0,0.0,0.0,,,150.86466923477644,129.2976733202778,,,,,163.31332100477312,,,,,,,,,,129.2976733202778,,"rgba(239, 83, 80, 1.0)"
2025-10-02 00:00:00+00:00,153.5533235934,155.641193259,152.8939963305,153.5633134004,114676,0.0,0.0,0.0,0.0,0.0,0.0,0.0,0.0,,,150.89988282240176,129.34685311743945,,,,,162.9888692657573,,,,,,,,,,129.34685311743945,,"rgba(239, 83, 80, 1.0)"
2025-10-03 00:00:00+00:00,155.226616268,155.8010301712,152.7391543218,152.7391543218,76177,0.0,0.0,0.0,0.0,0.0,0.0,0.0,0.0,,,150.92694900578778,129.380152305278,,,,,162.79828642131926,,,,,,,,,,129.380152305278,,"rgba(239, 83, 80, 1.0)"
2025-10-06 00:00:00+00:00,152.2746282957,155.2615805926,151.8450665942,155.2615805926,109240,0.0,0.0,0.0,0.0,0.0,0.0,0.0,0.0,,,150.9498563956925,129.42499102063465,,,,,162.4935386474946,,,,,,,,,,129.42499102063465,,"rgba(239, 83, 80, 1.0)"
2025-10-07 00:00:00+00:00,151.8700411117,152.6167791859,150.7062285947,151.9949136994,97646,0.0,0.0,0.0,0.0,0.0,0.0,0.0,0.0,,,150.95705940986898,129.4625754612966,,,,,162.19870041802278,,,,,,,,,,129.4625754612966,,"rgba(239, 83, 80, 1.0)"
2025-10-08 00:00:00+00:00,151.5253927698,152.9938944007,150.5663712965,152.7241696113,65200,0.0,0.0,0.0,0.0,0.0,0.0,0.0,0.0,,,150.96157643261188,129.48756060304527,,,,,162.01002133545737,,,,,,,,,,129.48756060304527,,"rgba(239, 83, 80, 1.0)"
2025-10-09 00:00:00+00:00,152.4044957869,152.4044957869,150.4764630334,151.1258004893,63449,0.0,0.0,0.0,0.0,0.0,0.0,0.0,0.0,,,150.96631363117206,129.51189364651313,,,,,161.8339498277166,,,,,,,,,,129.51189364651313,,"rgba(239, 83, 80, 1.0)"
2025-10-10 00:00:00+00:00,149.31764542,153.9329362599,149.2976658059,152.3645365588,74613,1.0,153.93294,149.29767,1101.0,1.0,153.93294,149.29767,1101.0,,150.84941582859997,150.96550549664488,129.5392696056685,,,,,161.61641649252283,,,,,150.84941582859997,,,,,129.5392696056685,,"rgba(239, 83, 80, 1.0)"
2025-10-13 00:00:00+00:00,152.9739147866,153.2236599619,149.8570949986,150.7361980158,55916,0.0,0.0,0.0,0.0,0.0,0.0,0.0,0.0,,151.35010943477909,150.97093133261282,129.5608622421351,,,,,161.4760520123146,,,,,151.35010943477909,,,,,129.5608622421351,,"rgba(239, 83, 80, 0.75)"
2025-10-14 00:00:00+00:00,152.4244754009,152.7641288394,151.2256985594,152.0948117695,84220,0.0,0.0,0.0,0.0,0.0,0.0,0.0,0.0,,151.65914297626153,150.97992236123002,129.5934798166487,,,,,161.2748018306566,,,,,151.65914297626153,,,,,129.5934798166487,,"rgba(239, 83, 80, 0.75)"
2025-10-15 00:00:00+00:00,154.9019475401,156.0607651536,153.3335478391,153.3335478391,120837,0.0,0.0,0.0,0.0,0.0,0.0,0.0,0.0,,152.77764380221413,151.02130416404248,129.6455492605664,,,,,161.07955533047442,,,,,152.77764380221413,,,,,129.6455492605664,,"rgba(239, 83, 80, 0.75)"
2025-10-16 00:00:00+00:00,154.4324266105,156.3504695569,154.1826814352,155.2116315575,137759,0.0,0.0,0.0,0.0,0.0,0.0,0.0,0.0,,153.42108337047048,151.07013722669544,129.7051732394327,,,,,160.8781588837304,,,,,153.42108337047048,,,,,129.7051732394327,,"rgba(239, 83, 80, 0.75)"
2025-10-17 00:00:00+00:00,157.4593381354,158.6381353629,153.3735070671,154.03283433,82023,0.0,0.0,0.0,0.0,0.0,0.0,0.0,0.0,,153.87438380971528,151.1095726325459,129.74264164418565,,,,,160.7934439575613,,,,,153.87438380971528,,,,,129.74264164418565,,#000000
2025-10-20 00:00:00+00:00,158.8579111172,159.1975645556,156.7600516445,157.2395623811,111838,0.0,0.0,0.0,0.0,0.0,0.0,0.0,0.0,,154.61149195651421,151.17992668916187,129.79695252643347,,,,,160.72876614029806,,,,,154.61149195651421,,,,,129.79695252643347,,#000000
2025-10-21 00:00:00+00:00,161.05566866,161.894812449,158.8679009242,159.3873708888,72298,0.0,0.0,0.0,0.0,0.0,0.0,0.0,0.0,,155.1975606583378,151.2394055959133,129.83482119837015,,,,,160.72676581053992,,,,,155.1975606583378,,,,,129.83482119837015,,"rgba(38, 166, 154, 0.5)"
2025-10-22 00:00:00+00:00,162.9986861239,163.2584211063,160.6360967654,161.2904291248,96087,0.0,0.0,0.0,0.0,0.0,0.0,0.0,0.0,,156.0140299833992,151.33137158970902,129.8877652264724,,,,,160.76009814673586,,,,,156.0140299833992,,,,,129.8877652264724,,"rgba(38, 166, 154, 0.5)"
2025-10-23 00:00:00+00:00,169.1174429193,169.9765663224,162.654037782,164.6020501495,362964,0.0,0.0,0.0,0.0,0.0,0.0,0.0,0.0,,159.41647403845627,151.81620342616202,130.11652852104473,,,,,161.24161120273024,,,,,159.41647403845627,,,,,130.11652852104473,,"rgba(38, 166, 154, 1.0)"
2025-10-24 00:00:00+00:00,165.8807454471,171.3351800761,165.8807454471,171.0254960587,205289,-1.0,171.33517,165.88075,0.0,0.0,0.0,0.0,0.0,,160.62764063298292,152.08517819353983,130.24623027822574,,,,167.69889032343335,161.50169357341434,167.69889032343335,,,,160.62764063298292,,,,,130.24623027822574,167.69889032343335,"rgba(38, 166, 154, 1.0)"
2025-10-27 00:00:00+00:00,166.1005212014,167.0695324817,165.0416016581,165.8507760261,124981,0.0,0.0,0.0,0.0,0.0,0.0,0.0,0.0,,161.07259703944888,152.2278983222969,130.3213417990683,,,,167.08269333476693,,167.08269333476693,,,,161.07259703944888,,,,,130.3213417990683,167.08269333476693,"rgba(38, 166, 154, 1.0)"
2025-10-28 00:00:00+00:00,164.8817647459,166.0555670699,164.222437483,165.5510818157,73735,0.0,0.0,0.0,0.0,0.0,0.0,0.0,0.0,,161.2557501946372,152.3046527550396,130.36425096965382,,,,166.71230056745785,,166.71230056745785,,,,161.2557501946372,,,,,130.36425096965382,166.71230056745785,"rgba(38, 166, 154, 1.0)"
2025-10-29 00:00:00+00:00,162.8238645012,165.0815608861,162.0346697472,164.7768717722,116137,0.0,0.0,0.0,0.0,0.0,0.0,0.0,0.0,,161.39478878948972,152.40745270126436,130.42824180616742,,,,165.95338824199473,,165.95338824199473,,,,161.39478878948972,,,,,130.42824180616742,165.95338824199473,"rgba(38, 166, 154, 1.0)"
2025-10-30 00:00:00+00:00,159.497258766,162.3643333786,159.1286348872,161.2354851862,139722,0.0,0.0,0.0,0.0,0.0,0.0,0.0,0.0,,161.3147401860983,152.49546993247472,130.49794497284302,,,,164.76268761554908,,164.76268761554908,,,,161.3147401860983,,,,,130.49794497284302,164.76268761554908,"rgba(38, 166, 154, 0.5)"
2025-10-31 00:00:00+00:00,159.3673912748,160.4462904322,157.3594400652,159.6471058712,82359,0.0,0.0,0.0,0.0,0.0,0.0,0.0,0.0,,161.21896056834984,152.53816347488788,130.53713352455452,,,,164.12964811486424,,164.12964811486424,,,,161.21896056834984,,,,,130.53713352455452,164.12964811486424,"rgba(38, 166, 154, 0.5)"
2025-11-03 00:00:00+00:00,158.5382372927,158.8379315031,156.6601535743,158.8379315031,116762,0.0,0.0,0.0,0.0,0.0,0.0,0.0,0.0,,161.0369769456633,152.58819153552756,130.5904778645281,,,,163.2980896099677,,163.2980896099677,,,,161.0369769456633,,,,,130.5904778645281,163.2980896099677,#000000
2025-11-04 00:00:00+00:00,154.8819679261,160.1366064148,152.7429504485,158.8379315031,222974,0.0,0.0,0.0,0.0,0.0,0.0,0.0,0.0,,160.53672152604366,152.64535229688389,130.68404691334555,,,,161.77769112607962,,161.77769112607962,,,,160.53672152604366,,,,,130.68404691334555,161.77769112607962,"rgba(239, 83, 80, 1.0)"
2025-11-05 00:00:00+00:00,153.3285529356,154.5722839087,149.8071459636,154.5722839087,220191,0.0,0.0,0.0,0.0,0.0,0.0,0.0,0.0,,159.83517998660193,152.644085938311,130.76359185861025,,,,160.22057499307562,,160.22057499307562,,,,159.83517998660193,,,,,130.76359185861025,160.22057499307562,"rgba(239, 83, 80, 1.0)"
2025-11-06 00:00:00+00:00,150.4464936124,154.2725896983,150.4464936124,154.2725896983,119055,0.0,0.0,0.0,0.0,0.0,0.0,0.0,0.0,,159.4664700921415,152.63585415379598,130.8046984315932,,,,159.50863362247293,,159.50863362247293,,,,159.4664700921415,,,,,130.8046984315932,159.50863362247293,"rgba(239, 83, 80, 1.0)"
2025-11-07 00:00:00+00:00,151.3605609541,151.7451685241,148.8780939114,150.9909380946,129162,0.0,0.0,0.0,0.0,0.0,0.0,0.0,0.0,,,152.61691621969936,130.8468607272411,,,,158.77155485097558,,158.77155485097558,,,,159.0527454837949,,,,,130.8468607272411,158.77155485097558,"rgba(239, 83, 80, 1.0)"
2025-11-10 00:00:00+00:00,151.0958310682,151.8650462082,149.7272275075,150.3166261212,62628,0.0,0.0,0.0,0.0,0.0,0.0,0.0,0.0,,,152.60895045154436,130.8674814200706,,,,158.46577085180746,,158.46577085180746,,,,158.87105265646105,,,,,130.8674814200706,158.46577085180746,"rgba(239, 83, 80, 1.0)"
2025-11-11 00:00:00+00:00,151.8150971731,153.233649769,150.383258134,152.0548525415,53818,0.0,0.0,0.0,0.0,0.0,0.0,0.0,0.0,,,152.60578767822753,130.8859751654497,,,,158.2508911346622,,158.2508911346622,,,,158.73844289668955,,,,,130.8859751654497,158.2508911346622,"rgba(239, 83, 80, 1.0)"
2025-11-12 00:00:00+00:00,151.7701430416,153.7131605056,151.5054131557,152.3545467518,75727,0.0,0.0,0.0,0.0,0.0,0.0,0.0,0.0,,,152.60425634952801,130.91258631610518,,,,157.99356348860084,,157.99356348860084,,,,158.57342797923508,,,,,130.91258631610518,157.99356348860084,"rgba(239, 83, 80, 1.0)"
2025-11-13 00:00:00+00:00,147.9989908943,152.5593377956,147.4395617015,151.8650462082,124209,0.0,0.0,0.0,0.0,0.0,0.0,0.0,0.0,,,152.57477447295403,130.95000391242652,,,,157.41728576112894,,157.41728576112894,,,,158.19898216244246,,,,,130.95000391242652,157.41728576112894,"rgba(239, 83, 80, 1.0)"
2025-11-14 00:00:00+00:00,146.4206013862,147.000010193,145.2467990622,146.8601528948,200931,0.0,0.0,0.0,0.0,0.0,0.0,0.0,0.0,,,152.48350377828223,131.00002619352597,,,,156.32940684236956,,156.32940684236956,,,,157.46221566451666,,,,,131.00002619352597,156.32940684236956,"rgba(239, 83, 80, 1.0)"
2025-11-17 00:00:00+00:00,139.1080626529,145.6513862463,138.8183582495,145.451590106,115521,0.0,0.0,0.0,0.0,0.0,0.0,0.0,0.0,,,152.39099778803526,131.0191835348031,,,,155.52846419532867,,155.52846419532867,,,,156.90644464026016,,,,,131.0191835348031,155.52846419532867,"rgba(239, 83, 80, 1.0)"
2025-11-18 00:00:00+00:00,136.7204987768,139.4976651264,136.6206007067,139.4976651264,182535,0.0,0.0,0.0,0.0,0.0,0.0,0.0,0.0,,,152.20212987627738,131.0387080510772,,,,154.14614022544995,,154.14614022544995,,,,155.91838186993064,,,,,131.0387080510772,154.14614022544995,"rgba(239, 83, 80, 1.0)"
2025-11-19 00:00:00+00:00,137.4897139168,138.6385417233,136.1560746806,138.418765969,104562,0.0,0.0,0.0,0.0,0.0,0.0,0.0,0.0,,,152.09475595539388,131.04952738487253,,,,153.43850468299485,,153.43850468299485,,,,155.391410689541,,,,,131.04952738487253,153.43850468299485,"rgba(239, 83, 80, 1.0)"
2025-11-20 00:00:00+00:00,136.3308963033,140.1170331612,135.9512836369,138.9182563197,102331,0.0,0.0,0.0,0.0,0.0,0.0,0.0,0.0,,,151.99144394863626,131.06014380844712,,,,152.8031853278051,,152.8031853278051,,,,154.90501601296774,137.46640436713332,,,,131.06014380844712,152.8031853278051,"rgba(239, 83, 80, 1.0)"
2025-11-21 00:00:00+00:00,140.2768700734,140.6065337048,136.6505701278,136.6505701278,128577,0.0,0.0,0.0,0.0,0.0,0.0,0.0,0.0,,,151.87873957074316,131.07698410025694,,,,152.15462813806988,,152.15462813806988,,,,,138.41947101412848,,,,131.07698410025694,152.15462813806988,"rgba(239, 83, 80, 0.75)"
2025-11-24 00:00:00+00:00,139.7973593368,140.8562788801,138.7534245039,140.0670841261,128728,0.0,0.0,0.0,0.0,0.0,0.0,0.0,0.0,,,151.77332185362002,131.0950683818316,,,,151.5927480679635,,151.5927480679635,,,,,138.9144598137323,,,,131.0950683818316,151.5927480679635,"rgba(239, 83, 80, 0.75)"
2025-11-25 00:00:00+00:00,141.4057182658,142.7743218266,140.4317120821,140.8213145556,161621,0.0,0.0,0.0,0.0,0.0,0.0,0.0,0.0,,,151.66235306769644,131.12217059672062,,,,151.04949229091977,,151.04949229091977,,,,,139.7276826382566,,,,131.12217059672062,151.04949229091977,"rgba(239, 83, 80, 0.75)"
2025-11-26 00:00:00+00:00,144.0230477032,145.6014372112,141.4107131693,141.4107131693,209209,0.0,0.0,0.0,0.0,0.0,0.0,0.0,0.0,,,151.5518648314841,131.1642140777425,,,,150.56770138702097,,150.56770138702097,,,,,140.8591870407849,,,,131.1642140777425,150.56770138702097,"rgba(239, 83, 80, 0.75)"
2025-11-28 00:00:00+00:00,143.843231177,144.7323240011,142.9141791248,144.5924667029,76962,0.0,0.0,0.0,0.0,0.0,0.0,0.0,0.0,,,151.51275230679403,131.1797963183521,,,,150.40949603662216,,150.40949603662216,,,,,141.14234899550246,,,,131.1797963183521,150.40949603662216,"rgba(239, 83, 80, 0.75)"
2025-12-01 00:00:00+00:00,142.7143829845,144.5575023784,141.9351780375,142.5245766513,92908,0.0,0.0,0.0,0.0,0.0,0.0,0.0,0.0,,,151.46143635330148,131.19742770950413,,,,150.20716352520077,,150.20716352520077,,,,,141.3411672755601,,,,131.19742770950413,150.20716352520077,"rgba(239, 83, 80, 0.5)"
2025-12-02 00:00:00+00:00,142.6644339494,144.1928744224,141.7953207393,143.883190405,109075,0.0,0.0,0.0,0.0,0.0,0.0,0.0,0.0,,,151.4006719356633,131.2177393328224,,,,149.97761812698494,,149.97761812698494,,,,,141.507905455399,,,,131.2177393328224,149.97761812698494,"rgba(239, 83, 80, 0.5)"
2025-12-03 00:00:00+00:00,144.0630069312,144.8122424572,142.29481109,142.6644339494,112492,0.0,0.0,0.0,0.0,0.0,0.0,0.0,0.0,,,151.3449858277106,131.24011486535105,,,,149.7817619548975,,149.7817619548975,,,,,141.73004603317025,,,,131.24011486535105,149.7817619548975,"rgba(239, 83, 80, 0.5)"
2025-12-04 00:00:00+00:00,144.4526094047,145.8711620005,142.0101015901,143.4736083175,78352,0.0,0.0,0.0,0.0,0.0,0.0,0.0,0.0,,,151.308624695531,131.25613529446935,,,,149.6607195015176,,149.6607195015176,,,,,141.88549242207785,,,,131.25613529446935,149.6607195015176,"rgba(239, 83, 80, 0.5)"
2025-12-05 00:00:00+00:00,145.8611721935,146.9700407719,144.1129559663,144.1129559663,112866,0.0,0.0,0.0,0.0,0.0,0.0,0.0,0.0,,,151.26793195239995,131.28189315296373,,,,149.54101474671515,,149.54101474671515,,,,,142.2088941008555,,,,131.28189315296373,149.54101474671515,#000000
2025-12-08 00:00:00+00:00,142.1449639848,145.7263097989,139.6025581,144.3277368171,187588,0.0,0.0,0.0,0.0,0.0,0.0,0.0,0.0,,,151.1643057421444,131.31513802841863,,,,149.20798935814906,,149.20798935814906,,,,,142.24419188246532,,,,131.31513802841863,149.20798935814906,"rgba(239, 83, 80, 0.5)"
2025-12-09 00:00:00+00:00,140.9162177222,143.9886827671,140.9162177222,142.6544441424,65256,0.0,0.0,0.0,0.0,0.0,0.0,0.0,0.0,,,151.12657528918842,131.32608890918826,,,,149.0904906742876,,149.0904906742876,,,,,142.23153130439007,,,,131.32608890918826,149.0904906742876,"rgba(239, 83, 80, 0.5)"
2025-12-10 00:00:00+00:00,144.4126501767,144.4725890188,141.3357896167,142.0150964936,87128,0.0,0.0,0.0,0.0,0.0,0.0,0.0,0.0,,,151.08464377077658,131.34269053529007,,,,148.9703976880328,,148.9703976880328,,,,,142.2934861207823,,,,131.34269053529007,148.9703976880328,"rgba(239, 83, 80, 0.5)"
2025-12-11 00:00:00+00:00,145.7313047024,147.029979614,144.9870640799,144.9870640799,129071,0.0,0.0,0.0,0.0,0.0,0.0,0.0,0.0,,,151.04338608763598,131.37229791426046,,,,148.87769393789796,,148.87769393789796,,,,,142.55585057107461,,,,131.37229791426046,148.87769393789796,#000000
2025-12-12 00:00:00+00:00,145.3816614569,145.7362996059,142.8442504757,145.6014372112,109790,0.0,0.0,0.0,0.0,0.0,0.0,0.0,0.0,,,151.0002949923242,131.39521073737498,,,,148.7713929686193,,148.7713929686193,,,,,142.67761017379524,,,,131.39521073737498,148.7713929686193,#000000
2025-12-15 00:00:00+00:00,144.8921609133,146.6104077195,143.2788070807,145.441600299,105853,0.0,0.0,0.0,0.0,0.0,0.0,0.0,0.0,,,150.9610599444682,131.4176806013755,,,,148.68031917511917,,148.68031917511917,,,,,142.79679982428382,,,,131.4176806013755,148.68031917511917,#000000
2025-12-16 00:00:00+00:00,146.6903261756,147.5993986138,144.7622934221,144.7622934221,87306,0.0,0.0,0.0,0.0,0.0,0.0,0.0,0.0,,,150.93662400046082,131.4381043082343,,,,148.63567070939084,,148.63567070939084,,,,,142.94560443512847,,,,131.4381043082343,148.63567070939084,"rgba(38, 166, 154, 1.0)"
2025-12-17 00:00:00+00:00,143.133954879,147.1298776842,142.0850251427,146.5904281055,214365,0.0,0.0,0.0,0.0,0.0,0.0,0.0,0.0,,,150.84900625315518,131.48053679780693,,,,148.43255888102752,,148.43255888102752,,,,,143.0547392616581,,,,131.48053679780693,148.43255888102752,#000000
2025-12-18 00:00:00+00:00,146.250774667,147.4895107366,143.6084707122,144.4426195977,129215,0.0,0.0,0.0,0.0,0.0,0.0,0.0,0.0,,,150.81007773639453,131.50933289886024,,,,148.3626723971963,,148.3626723971963,,,,,143.19988799260346,,,,131.50933289886024,148.3626723971963,#000000
2025-12-19 00:00:00+00:00,146.1009275618,147.7092864909,145.3317124219,146.3906319652,147602,0.0,0.0,0.0,0.0,0.0,0.0,0.0,0.0,,,150.7715363398433,131.5434566021265,,,,148.3047022721364,,148.3047022721364,,,,,143.38212087988944,,,,131.5434566021265,148.3047022721364,#000000
2025-12-22 00:00:00+00:00,147.7192762979,148.1238634819,145.4565850095,146.4206013862,107821,0.0,0.0,0.0,0.0,0.0,0.0,0.0,0.0,,,150.74834653076198,131.5694882263634,,,,148.279500164807,,148.279500164807,,,,,143.53146448256723,,,,131.5694882263634,148.279500164807,"rgba(38, 166, 154, 1.0)"
2025-12-23 00:00:00+00:00,148.8581142974,148.992976692,146.4855351318,148.1188685784,68820,0.0,0.0,0.0,0.0,0.0,0.0,0.0,0.0,,,150.73776202349055,131.5871382526063,,,,148.27729597519541,,148.27729597519541,,,,,143.64597743075421,,,,131.5871382526063,148.27729597519541,"rgba(38, 166, 154, 1.0)"
2025-12-24 00:00:00+00:00,149.7571969285,150.5713662001,148.3186647187,149.4874721392,29392,0.0,0.0,0.0,0.0,0.0,0.0,0.0,0.0,,,150.73572713749783,131.59531928720116,,,,148.28441244550817,,148.28441244550817,,,,,143.70833667511764,,,,131.59531928720116,148.28441244550817,"rgba(38, 166, 154, 1.0)"
2025-12-26 00:00:00+00:00,149.6273294373,150.6013356211,148.7232519027,150.6013356211,46341,0.0,0.0,0.0,0.0,0.0,0.0,0.0,0.0,,,150.7328063255813,131.6082756985859,,,,148.29636049201625,,148.29636049201625,,,,,143.80568713621312,,,,131.6082756985859,148.29636049201625,"rgba(38, 166, 154, 1.0)"
2025-12-29 00:00:00+00:00,149.4075536831,150.6263101386,148.3086749117,149.2277371568,44348,0.0,0.0,0.0,0.0,0.0,0.0,0.0,0.0,,,150.7295039065128,131.62051809173343,,,,148.30591473081427,,148.30591473081427,149.44751291113334,,,,143.89277457407587,,,,131.62051809173343,148.30591473081427,"rgba(38, 166, 154, 1.0)"
2025-12-30 00:00:00+00:00,149.6173396303,150.1967484371,148.608369122,148.608369122,143562,0.0,0.0,0.0,0.0,0.0,0.0,0.0,0.0,,,150.71914858981222,131.66009286197905,,,,148.3364812143998,,,149.4678653021366,,,,144.15839790531902,,,,131.66009286197905,148.3364812143998,"rgba(38, 166, 154, 1.0)"
2025-12-31 00:00:00+00:00,147.01,149.77,147.0,149.77,59366,0.0,0.0,0.0,0.0,0.0,0.0,0.0,0.0,,,150.70965549568345,131.6749894992093,,,,148.3320946322683,,,149.09785447135116,,,,144.23112581277059,,,,131.6749894992093,148.3320946322683,"rgba(38, 166, 154, 0.75)"
2026-01-02 00:00:00+00:00,145.22,148.22,144.28,147.54,57669,0.0,0.0,0.0,0.0,0.0,0.0,0.0,0.0,,,150.6938465903022,131.68763880500916,,,,148.30713492459475,,,148.494360039541,,,,144.261961380107,,,,131.68763880500916,148.30713492459475,#000000
2026-01-05 00:00:00+00:00,147.37,149.67,137.07,137.07,70053,0.0,0.0,0.0,0.0,0.0,0.0,0.0,0.0,,,150.66999015223516,131.70167642971924,,,,148.26264097497176,,,147.7861621455523,,,,144.27161264206381,,,,131.70167642971924,148.26264097497176,#000000
2026-01-06 00:00:00+00:00,147.06,148.02,145.475,146.58,122816,0.0,0.0,0.0,0.0,0.0,0.0,0.0,0.0,,,150.64351607335354,131.7302685549844,,,,148.23274675943233,,,147.5556121876668,,,,144.3668699799446,,,,131.7302685549844,148.23274675943233,#000000
2026-01-07 00:00:00+00:00,145.41,148.225,144.91,147.08,89840,0.0,0.0,0.0,0.0,0.0,0.0,0.0,0.0,,,150.62100061717135,131.75019177804893,,,,148.2014437359263,,,147.34556466717575,,,,144.4145941952296,,,,131.75019177804893,148.2014437359263,#000000
2026-01-08 00:00:00+00:00,146.35,147.835,144.31,144.31,82293,0.0,0.0,0.0,0.0,0.0,0.0,0.0,0.0,,,150.60049837220933,131.76837218754278,,,,148.1733674285175,,,147.20054990010328,,,,144.4557665173398,,,,131.76837218754278,148.1733674285175,#000000
2026-01-09 00:00:00+00:00,145.96,148.48,145.64,147.12,51910,0.0,0.0,0.0,0.0,0.0,0.0,0.0,0.0,,,150.58919137114597,131.78023672351785,,,,148.16060695422345,,,147.16407506924202,,,,144.48848056968538,,,,131.78023672351785,148.16060695422345,#000000
2026-01-12 00:00:00+00:00,146.17,146.52,142.97,145.69,62892,0.0,0.0,0.0,0.0,0.0,0.0,0.0,0.0,,,150.570431973024,131.79316841892168,,,,148.13020766330243,,,147.00827140558042,,,,144.5012127584361,,,,131.79316841892168,148.13020766330243,#000000
2026-01-13 00:00:00+00:00,144.18,147.07,143.715,147.07,78102,0.0,0.0,0.0,0.0,0.0,0.0,0.0,0.0,,,150.54631659905678,131.80891646916498,,,,148.09038391827792,,,146.82543427226466,,,,144.51151883591658,,,,131.80891646916498,148.09038391827792,"rgba(239, 83, 80, 0.5)"
2026-01-14 00:00:00+00:00,143.6,144.85,140.83,144.67,60898,0.0,0.0,0.0,0.0,0.0,0.0,0.0,0.0,,,150.52129546152833,131.81940773781545,,,,148.04148077268653,,,146.57939613530428,,,,144.48850310026657,,,,131.81940773781545,148.04148077268653,"rgba(239, 83, 80, 0.5)"
2026-01-15 00:00:00+00:00,147.49,148.05,143.93,144.23,102587,0.0,0.0,0.0,0.0,0.0,0.0,0.0,0.0,,,150.49862493393388,131.84234841258356,,,,148.0163180637969,,,146.5704605807369,,,,144.541765693299,,,,131.84234841258356,148.0163180637969,"rgba(239, 83, 80, 0.5)"
2026-01-16 00:00:00+00:00,147.21,148.81,145.405,146.86,92189,0.0,0.0,0.0,0.0,0.0,0.0,0.0,0.0,,,150.4817453990236,131.86381720129643,,,,148.00375346104397,,,146.61753947289915,,,,144.60248788502147,,,,131.86381720129643,148.00375346104397,#000000
2026-01-20 00:00:00+00:00,143.0,147.14,142.255,144.57,79132,0.0,0.0,0.0,0.0,0.0,0.0,0.0,0.0,,,150.45445585531692,131.8785761065434,,,,147.9565895845117,,,146.45329204070214,,,,144.59323452981604,,,,131.8785761065434,147.9565895845117,"rgba(239, 83, 80, 0.5)"
2026-01-21 00:00:00+00:00,143.49,145.04,142.56,144.22,93916,0.0,0.0,0.0,0.0,0.0,0.0,0.0,0.0,,,150.4201633037036,131.89542614176736,,,,147.89588516260508,,,146.25284558616346,,,,144.57279833518584,,,,131.89542614176736,147.89588516260508,"rgba(239, 83, 80, 0.5)"
2026-01-22 00:00:00+00:00,140.96,148.97,140.77,144.84,169595,-1.0,148.97,140.77,0.0,0.0,0.0,0.0,0.0,,,150.35793052075672,131.92539893612383,,,143.5666666666667,147.7872758211025,,,145.94106589084296,,,,144.5330217888223,,,,131.92539893612383,147.7872758211025,"rgba(239, 83, 80, 0.5)"
2026-01-23 00:00:00+00:00,139.85,140.935,139.17,139.65,143063,0.0,0.0,0.0,0.0,0.0,0.0,0.0,0.0,,,150.27907922971153,131.94282094523777,,,141.9278025456996,147.62558018586293,,,145.40991255036914,,,,144.38624346285638,,,,131.94282094523777,147.62558018586293,"rgba(239, 83, 80, 1.0)"
2026-01-26 00:00:00+00:00,138.49,141.63,137.98,140.26,171719,0.0,0.0,0.0,0.0,0.0,0.0,0.0,0.0,,,150.180411647581,131.96203324158978,,,141.01984099506515,147.4251237889041,,,144.82558295781106,,,,144.19904953696047,,,,131.96203324158978,147.4251237889041,"rgba(239, 83, 80, 1.0)"
2026-01-27 00:00:00+00:00,137.25,138.855,136.7,138.855,387661,0.0,0.0,0.0,0.0,0.0,0.0,0.0,0.0,,,149.92878931332217,131.99479031385866,,,139.5003052886839,146.91482142268916,,,143.5312511147296,,,,143.6867489366574,,,,131.99479031385866,146.91482142268916,"rgba(239, 83, 80, 1.0)"
2026-01-28 00:00:00+00:00,138.0,139.145,136.5,136.88,464794,0.0,0.0,0.0,0.0,0.0,0.0,0.0,0.0,,,149.64661955363786,132.0355033553236,,,138.9375318663826,146.38519368077536,,,142.53220684493368,,,,143.19231411524981,,,,132.0355033553236,146.38519368077536,"rgba(239, 83, 80, 1.0)"
2026-01-29 00:00:00+00:00,138.59,138.92,136.82,138.76,263500,0.0,0.0,0.0,0.0,0.0,0.0,0.0,0.0,,,149.49543862473038,132.05922690148608,,,138.80127598523305,146.118981055931,,,142.1292712354859,,,,142.95821352160863,,,,132.05922690148608,146.118981055931,"rgba(239, 83, 80, 1.0)"
2026-01-30 00:00:00+00:00,136.7,138.43,134.83,138.29,498017,0.0,0.0,0.0,0.0,0.0,0.0,0.0,0.0,,,149.1850592356172,132.0928889100791,,,138.29148854964862,145.5764429383575,,,141.32479544925357,,,,142.45328603615022,,,,132.0928889100791,145.5764429383575,"rgba(239, 83, 80, 1.0)"
2026-02-02 00:00:00+00:00,136.39,138.46,135.05,136.17,121772,0.0,0.0,0.0,0.0,0.0,0.0,0.0,0.0,,,149.11131902019721,132.10100904455527,,,138.2005399585578,145.45284036837742,,,141.16211364247317,,,,142.34150895327224,,,,132.10100904455527,145.45284036837742,"rgba(239, 83, 80, 1.0)"
2026-02-03 00:00:00+00:00,128.34,140.38,127.28,136.97,666087,0.0,0.0,0.0,0.0,0.0,0.0,0.0,0.0,,,148.5785594441543,132.10003049952945,,,136.7695623369256,144.5072879402184,,,139.70134660136353,,,,141.35836561047265,,,,132.10003049952945,144.5072879402184,"rgba(239, 83, 80, 1.0)"
2026-02-04 00:00:00+00:00,134.62,135.9569,129.5,131.23,1204060,0.0,0.0,0.0,0.0,0.0,0.0,0.0,0.0,,,147.7676201499266,132.1216976529465,,,135.7655787782121,143.25052462112936,,,138.2823886677919,,,,140.18526475653312,,,,132.1216976529465,143.25052462112936,"rgba(239, 83, 80, 0.75)"
2026-02-05 00:00:00+00:00,134.14,136.87,133.26,134.78,215800,0.0,0.0,0.0,0.0,0.0,0.0,0.0,0.0,,,147.64454509045558,132.12980053283067,,,135.7150168192111,143.08230947137147,,,138.14646519434248,,,,140.04623694153545,,,,132.12980053283067,143.08230947137147,"rgba(239, 83, 80, 0.75)"
2026-02-06 00:00:00+00:00,139.72,139.72,134.58,135.28,484943,0.0,0.0,0.0,0.0,0.0,0.0,0.0,0.0,,,147.44393784294965,132.17013330889404,,,135.9469761179843,142.86604743040343,,,138.13531955008887,,,,139.9352452181711,,,,132.17013330889404,142.86604743040343,"rgba(239, 83, 80, 0.75)"
2026-02-09 00:00:00+00:00,143.2,143.38,139.025,139.71,199718,0.0,0.0,0.0,0.0,0.0,0.0,0.0,0.0,,,147.39654893927204,132.19746737210022,,,136.18393581271727,142.8488419355618,,,138.25399420895786,,,,139.9776196799254,,,,132.19746737210022,142.8488419355618,"rgba(239, 83, 80, 0.5)"
2026-02-10 00:00:00+00:00,146.49,147.61,143.66,143.66,326680,-1.0,147.61,143.66,0.0,0.0,0.0,0.0,0.0,,,147.37630282280503,132.26044047468153,,145.92000000000002,136.78208003083205,142.93309539654746,,,138.63292257823133,,,,140.18331247392274,,,,132.26044047468153,142.93309539654746,#000000
2026-02-11 00:00:00+00:00,130.01,146.93,129.135,146.46,1287360,0.0,0.0,0.0,0.0,0.0,0.0,0.0,0.0,,,146.76020792960995,132.31546812854165,,137.49600356868478,136.50457228627778,142.19408688301442,,,138.09905826355094,,,,139.60415361371932,,,,132.31546812854165,142.19408688301442,#000000
2026-02-12 00:00:00+00:00,118.23,131.35,115.12,130.5,1575028,0.0,0.0,0.0,0.0,0.0,0.0,0.0,0.0,,,,132.0868420067099,,129.62876723439786,133.62826378959446,139.9944915448367,,,135.34982772223987,,,,137.2944416696155,,,,132.0868420067099,139.9944915448367,"rgba(239, 83, 80, 1.0)"
2026-02-13 00:00:00+00:00,113.39,120.0,98.97,119.0,2508338,0.0,0.0,0.0,0.0,0.0,0.0,0.0,0.0,,,,131.38896442642618,,121.33335053882418,128.26769844829494,135.7544038622303,,,130.20673823493232,,,,132.80438449891093,,,,131.38896442642618,135.7544038622303,"rgba(239, 83, 80, 1.0)"
2026-02-17 00:00:00+00:00,110.16,113.57,108.62,113.39,704467,0.0,0.0,0.0,0.0,0.0,0.0,0.0,0.0,,,,131.20108527601425,,120.1724185786462,127.18654435904986,134.77619353934674,,,129.12798082415748,,,,131.80436774818097,,,,131.20108527601425,134.77619353934674,"rgba(239, 83, 80, 1.0)"
2026-02-18 00:00:00+00:00,116.3,117.91,110.0,110.0,667987,0.0,0.0,0.0,0.0,0.0,0.0,0.0,0.0,,,,131.05995903195654,,119.65882826534049,126.49699624078616,134.0584813066395,,,128.40800672781864,,,,131.0997684329581,,,,131.05995903195654,134.0584813066395,"rgba(239, 83, 80, 1.0)"
2026-02-19 00:00:00+00:00,115.02,118.465,114.92,115.85,497580,0.0,0.0,0.0,0.0,0.0,0.0,0.0,0.0,,,,130.9652687715465,,119.42712686192425,126.08643303770373,133.59273889922406,,,127.96707413227801,,,,130.6533128637272,,,,130.9652687715465,133.59273889922406,"rgba(239, 83, 80, 1.0)"
2026-02-20 00:00:00+00:00,114.13,117.5,113.22,115.3,410726,0.0,0.0,0.0,0.0,0.0,0.0,0.0,0.0,,,,130.88183397426303,,119.19663875131204,125.733741262819,133.2012624799347,,,127.5921600137474,,,,130.27589422174034,,,,130.88183397426303,133.2012624799347,"rgba(239, 83, 80, 1.0)"
2026-02-23 00:00:00+00:00,111.4,114.875,110.62,114.1,351476,0.0,0.0,0.0,0.0,0.0,0.0,0.0,0.0,,,,130.79935331276758,,118.90555915928522,125.37922985788711,132.8322749471829,,,127.22428199379844,,,,129.91359725483824,,,,130.79935331276758,132.8322749471829,"rgba(239, 83, 80, 1.0)"
2026-02-24 00:00:00+00:00,114.2,114.89,110.56,110.56,356614,0.0,0.0,0.0,0.0,0.0,0.0,0.0,0.0,,,,130.7205288160922,,118.67200183523643,125.06210292458464,132.48713164372833,,,126.89056168939304,,,,129.57903057179428,,,,130.7205288160922,132.48713164372833,"rgba(239, 83, 80, 1.0)"
2026-02-25 00:00:00+00:00,117.2,117.47,113.23,114.67,437900,0.0,0.0,0.0,0.0,0.0,0.0,0.0,0.0,,,,130.63975436051442,,118.54216338548649,124.77992623399577,132.13773955863687,,,126.58007022987314,,,,129.25214202563527,,,,130.63975436051442,132.13773955863687,"rgba(239, 83, 80, 1.0)"
2026-02-26 00:00:00+00:00,121.02,121.4,117.6,117.62,309101,0.0,0.0,0.0,0.0,0.0,0.0,0.0,0.0,,,,130.5988209359072,,118.59015099238792,124.67763694270549,131.95930456743216,,,126.45078143939547,,,,129.09803554684666,,,,130.5988209359072,131.95930456743216,"rgba(239, 83, 80, 0.75)"
2026-02-27 00:00:00+00:00,118.73,120.02,117.46,118.6,444578,0.0,0.0,0.0,0.0,0.0,0.0,0.0,0.0,,,,130.5335030980562,,118.59674531649229,124.49999876033759,131.68536517496514,,,126.23856011247044,,,,128.85544859040442,,,,130.5335030980562,131.68536517496514,"rgba(239, 83, 80, 0.75)"
2026-03-02 00:00:00+00:00,116.55,117.52,113.375,114.59,294785,0.0,0.0,0.0,0.0,0.0,0.0,0.0,0.0,,,,130.47995962754445,,118.51613513021559,124.331156945804,131.4703072789677,,,126.05182515451959,,,,128.6561014544004,,,,130.47995962754445,131.4703072789677,"rgba(239, 83, 80, 0.75)"
2026-03-03 00:00:00+00:00,117.25,118.55,112.17,113.06,255910,0.0,0.0,0.0,0.0,0.0,0.0,0.0,0.0,,,,130.43434306618985,,118.4541452580885,124.19272062574474,131.29031629241845,,,125.89773817217825,,,,128.49021277468464,,,,130.43434306618985,131.29031629241845,"rgba(239, 83, 80, 0.75)"
2026-03-04 00:00:00+00:00,118.03,118.77,116.83,117.55,400682,0.0,0.0,0.0,0.0,0.0,0.0,0.0,0.0,,,,130.3727485839978,,118.43277848856104,124.03274979320932,131.05049065193597,,,125.7099173298512,,,,128.2769420699146,,,,130.3727485839978,131.05049065193597,"rgba(239, 83, 80, 0.75)"
2026-03-05 00:00:00+00:00,119.09,119.6,116.72,116.72,261918,0.0,0.0,0.0,0.0,0.0,0.0,0.0,0.0,,,,130.3347073091136,,118.43365747779235,123.94215179080562,130.90515724674256,,,125.60076994508577,,,,128.14979615310784,,,,130.3347073091136,130.90515724674256,"rgba(239, 83, 80, 0.5)"
2026-03-06 00:00:00+00:00,116.05,117.0,114.34,117.0,354650,0.0,0.0,0.0,0.0,0.0,0.0,0.0,0.0,,,,130.27206425514163,,118.35194973999154,123.76639693317279,130.672464547638,,,125.40463901407523,,,,127.93667699958178,,,,130.27206425514163,130.672464547638,"rgba(239, 83, 80, 0.75)"
2026-03-09 00:00:00+00:00,117.92,118.3,112.25,114.34,383981,0.0,0.0,0.0,0.0,0.0,0.0,0.0,0.0,,,,130.20651790093572,,118.28069327168433,123.59268071934885,130.4343805937866,,,125.2085793123212,,,,127.7206721269898,,,,130.20651790093572,130.4343805937866,"rgba(239, 83, 80, 0.5)"
2026-03-10 00:00:00+00:00,111.78,118.74,109.43,116.96,328877,0.0,0.0,0.0,0.0,0.0,0.0,0.0,0.0,,,,130.13960942167088,,118.14642213228711,123.39561544728349,130.19724308506724,,,124.99649811932535,,,,127.49795312431444,,,,130.13960942167088,130.19724308506724,"rgba(239, 83, 80, 0.75)"
2026-03-11 00:00:00+00:00,109.69,112.07,105.9,111.78,582098,0.0,0.0,0.0,0.0,0.0,0.0,0.0,0.0,,,,129.99395051943017,,117.73859228082797,122.93025077489838,129.69519519693748,,,124.51374305137757,,,,127.01105478004517,,,,129.99395051943017,129.69519519693748,"rgba(239, 83, 80, 1.0)"
2026-03-12 00:00:00+00:00,106.09,110.23,105.71,107.7,520627,0.0,0.0,0.0,0.0,0.0,0.0,0.0,0.0,,,,129.85376669735308,,117.33048547611585,122.48564584594834,129.22676726279335,,,124.05633760054346,,,,126.55336686900124,,,,129.85376669735308,129.22676726279335,"rgba(239, 83, 80, 1.0)"
2026-03-13 00:00:00+00:00,107.97,109.43,106.49,106.49,181299,0.0,0.0,0.0,0.0,0.0,0.0,0.0,0.0,,,,129.80669000348922,,117.20415221590784,122.34281370311447,129.07271315722627,,,123.9084212048207,,,,126.4039295481943,,,,129.80669000348922,129.07271315722627,"rgba(239, 83, 80, 1.0)"
2026-03-16 00:00:00+00:00,108.22,111.23,108.03,109.89,223761,0.0,0.0,0.0,0.0,0.0,0.0,0.0,0.0,,,,129.75203375451596,,117.07244492542051,122.18470813710834,128.89623411079407,,,123.74299100929635,,,,126.23452830239623,,,,129.75203375451596,128.89623411079407,"rgba(239, 83, 80, 1.0)"
2026-03-17 00:00:00+00:00,107.74,110.98,107.595,109.34,226812,0.0,0.0,0.0,0.0,0.0,0.0,0.0,0.0,,,,129.6958875612964,,116.93693176967064,122.02360643399169,128.71705521918005,,,123.57468441023033,,,,126.06235167637738,,,,129.6958875612964,128.71705521918005,"rgba(239, 83, 80, 1.0)"
2026-03-18 00:00:00+00:00,105.54,108.15,105.2,107.5,358240,0.0,0.0,0.0,0.0,0.0,0.0,0.0,0.0,,,,129.59739921252788,,116.66946692336525,121.73081154925569,128.4061366425452,,,123.27324561129656,,,,125.75926444835858,,,,129.59739921252788,128.4061366425452,"rgba(239, 83, 80, 1.0)"
2026-03-19 00:00:00+00:00,103.2,105.095,102.72,103.85,349807,0.0,0.0,0.0,0.0,0.0,0.0,0.0,0.0,,,,129.49128155883975,,116.358074984329,121.40837321998242,128.07567645404592,,,122.9449126237268,,,,125.43342462549484,,,,129.49128155883975,128.07567645404592,"rgba(239, 83, 80, 1.0)"
2026-03-20 00:00:00+00:00,100.28,103.575,99.68,102.73,406127,0.0,0.0,0.0,0.0,0.0,0.0,0.0,0.0,,,,129.35737059958848,,115.94728435834593,120.9975367006502,127.66483476911576,,,122.52968878402932,,,,125.0249955576548,,,,129.35737059958848,127.66483476911576,"rgba(239, 83, 80, 1.0)"
2026-03-23 00:00:00+00:00,102.0,106.5,101.98,102.97,469113,0.0,0.0,0.0,0.0,0.0,0.0,0.0,0.0,,,,129.2168380998758,,115.56978931603624,120.59633727458893,127.24576265960599,,,122.11927129940136,,,,124.61418577476893,,,,129.2168380998758,127.24576265960599,"rgba(239, 83, 80, 1.0)"
2026-03-24 00:00:00+00:00,101.5,103.03,99.25,100.19,472066,0.0,0.0,0.0,0.0,0.0,0.0,0.0,0.0,,,,129.06480938308127,,115.14623050297618,120.16040961792915,126.80017389262947,,,121.67633119375452,,,,124.1742451891444,,,,129.06480938308127,126.80017389262947,"rgba(239, 83, 80, 1.0)"
2026-03-25 00:00:00+00:00,102.27,104.0,100.825,102.98,419710,0.0,0.0,0.0,0.0,0.0,0.0,0.0,0.0,,,,128.93634059137716,,114.81849879535429,119.81072555363441,126.43323844656423,,,121.31849701649958,,,,123.81499005123854,,,,128.93634059137716,126.43323844656423,"rgba(239, 83, 80, 1.0)"
2026-03-26 00:00:00+00:00,98.5,104.02,98.47,101.29,578795,0.0,0.0,0.0,0.0,0.0,0.0,0.0,0.0,,,,128.7477782105793,,114.32367229854701,119.29675718672836,125.90364533860104,,,120.79553732983254,,,,123.2933475064698,,,,128.7477782105793,125.90364533860104,"rgba(239, 83, 80, 1.0)"
2026-03-27 00:00:00+00:00,99.855,100.06,95.66,98.31,649670,0.0,0.0,0.0,0.0,0.0,0.0,0.0,0.0,,,,128.5258084833477,,113.74038755281298,118.69931203914393,125.2940399849182,,,120.18963002202663,,,,122.69085340028586,98.525,,,128.5258084833477,125.2940399849182,"rgba(239, 83, 80, 1.0)"
2026-03-30 00:00:00+00:00,103.21,104.39,100.53,101.03,483854,0.0,0.0,0.0,0.0,0.0,0.0,0.0,0.0,,,,128.38536631190158,,113.44520420044293,118.36398298693399,124.92564203197406,,,119.84247995742733,,,,,100.31140151421585,,,128.38536631190158,124.92564203197406,"rgba(239, 83, 80, 0.75)"
2026-03-31 00:00:00+00:00,106.89,109.43,102.94,104.68,408119,0.0,0.0,0.0,0.0,0.0,0.0,0.0,0.0,,,,128.28503546702277,,113.2901303591008,118.15637321419663,124.67447798592727,,,119.62133584962913,,,,,101.92853019149051,,,128.28503546702277,124.67447798592727,"rgba(239, 83, 80, 0.5)"
2026-04-01 00:00:00+00:00,106.86,108.74,105.84,107.16,228765,0.0,0.0,0.0,0.0,0.0,0.0,0.0,0.0,,,,128.23105212932307,,113.21504504340616,118.05013856410484,124.54213763823492,,,119.50718424228884,,,,,102.60279679599277,,,128.23105212932307,124.54213763823492,"rgba(239, 83, 80, 0.5)"
2026-04-02 00:00:00+00:00,107.59,107.94,104.04,104.85,104384,0.0,0.0,0.0,0.0,0.0,0.0,0.0,0.0,,,,128.20578586581476,,113.17793358325517,117.99961013252614,124.48027317283889,,,119.45319698138768,,,,,102.82108303036638,,,128.20578586581476,124.48027317283889,#000000
2026-04-06 00:00:00+00:00,108.66,109.51,107.4,107.4,205168,0.0,0.0,0.0,0.0,0.0,0.0,0.0,0.0,,,,128.16086073729966,,113.12774320305935,117.91866057780304,124.37331358737087,,,119.36459502906833,,,,,103.38355504432776,,,128.16086073729966,124.37331358737087,#000000
2026-04-07 00:00:00+00:00,108.06,108.7,105.93,108.07,158731,0.0,0.0,0.0,0.0,0.0,0.0,0.0,0.0,,,,128.1245520042769,,113.08170680741185,117.85067263227748,124.28658883749952,,,119.29104313081315,,,,,103.6799159032369,,,128.1245520042769,124.28658883749952,#000000
2026-04-08 00:00:00+00:00,110.42,114.65,108.69,112.7,357748,0.0,0.0,0.0,0.0,0.0,0.0,0.0,0.0,,,,128.05778899303508,,113.04823808980213,117.75447307935356,124.13678479248395,,,119.17970211450255,,,,,104.72341237620704,,,128.05778899303508,124.13678479248395,"rgba(38, 166, 154, 1.0)"
2026-04-09 00:00:00+00:00,111.51,111.675,107.62,110.35,216291,0.0,0.0,0.0,0.0,0.0,0.0,0.0,0.0,,,,128.0153294271087,,113.01780925551138,117.6890529363278,124.04107589904301,,,119.10568938070882,,,,,105.14980115107622,,,128.0153294271087,124.04107589904301,"rgba(38, 166, 154, 1.0)"
2026-04-10 00:00:00+00:00,111.15,112.25,109.85,111.51,144806,0.0,0.0,0.0,0.0,0.0,0.0,0.0,0.0,,,,127.98831624568648,,113.00373596028005,117.65063019772603,123.98148227176357,,,119.06132811936834,,,,,105.44031699304195,,,127.98831624568648,123.98148227176357,"rgba(38, 166, 154, 1.0)"
2026-04-13 00:00:00+00:00,113.76,114.2,110.04,110.35,239942,0.0,0.0,0.0,0.0,0.0,0.0,0.0,0.0,,,,127.9479195116709,,112.99972112767587,117.6030531973493,123.89590850962148,,,119.00326798269292,,,,,105.98258961958975,,,127.9479195116709,123.89590850962148,"rgba(38, 166, 154, 1.0)"
2026-04-14 00:00:00+00:00,113.66,116.075,113.65,114.37,97059,0.0,0.0,0.0,0.0,0.0,0.0,0.0,0.0,,,,127.93355143533104,,113.00673118428045,117.59096951404085,123.86713432160563,,,118.98664890516957,,,,,106.23238822228026,,,127.93355143533104,123.86713432160563,"rgba(38, 166, 154, 1.0)"
2026-04-15 00:00:00+00:00,113.76,115.8,113.365,114.59,114135,0.0,0.0,0.0,0.0,0.0,0.0,0.0,0.0,,,,127.91650278245584,,113.01402928195854,117.57618783731328,123.83297354916833,,,118.9666039241358,,,,,106.50280086252552,,,127.91650278245584,123.83297354916833,"rgba(38, 166, 154, 1.0)"
2026-04-16 00:00:00+00:00,115.08,115.63,113.6,114.25,186406,0.0,0.0,0.0,0.0,0.0,0.0,0.0,0.0,,,,127.88969188908736,,113.02996350223484,117.55570092630818,123.78038289737617,,,118.93744129525274,,,,,106.93145791041712,,,127.88969188908736,123.78038289737617,"rgba(38, 166, 154, 1.0)"
2026-04-17 00:00:00+00:00,116.96,119.33,116.01,116.31,186021,0.0,0.0,0.0,0.0,0.0,0.0,0.0,0.0,,,,127.86845452402844,,113.0694806612495,117.55481586032843,123.74383990128742,,,118.92708251887551,,,,,107.4481249873824,,,127.86845452402844,123.74383990128742,"rgba(38, 166, 154, 1.0)"
2026-04-20 00:00:00+00:00,117.75,124.535,116.05,116.96,68753,-1.0,124.535,116.05,0.0,-1.0,124.535,116.05,0.0,,,,127.86213602112804,119.445,113.09055760697865,117.55985531561838,123.73471159854245,,,118.92839748825335,119.445,,,,107.6623724825439,,,127.86213602112804,123.73471159854245,"rgba(38, 166, 154, 1.0)"
2026-04-21 00:00:00+00:00,115.16,118.905,115.09,117.75,78942,0.0,0.0,0.0,0.0,0.0,0.0,0.0,0.0,,,,127.85225958931974,117.80945025220893,113.1030155145823,117.5562697894589,123.71683569675326,,,,117.80945025220893,,,,107.83763788497605,,,127.85225958931974,123.71683569675326,"rgba(38, 166, 154, 1.0)"
2026-04-22 00:00:00+00:00,116.07,116.59,114.26,115.81,143481,0.0,0.0,0.0,0.0,0.0,0.0,0.0,0.0,,,,127.83318873683612,116.74042364411902,113.12033330791235,117.54569895976682,123.68128815629859,,,,116.74042364411902,,,,108.11254336621829,,,127.83318873683612,123.68128815629859,"rgba(38, 166, 154, 0.75)"
2026-04-23 00:00:00+00:00,110.87,117.0425,108.65,116.22,318608,0.0,0.0,0.0,0.0,0.0,0.0,0.0,0.0,,,,127.7791223102096,114.36155195118272,113.1064047068788,117.48085851075221,123.57004584630934,,,,114.36155195118272,,,,108.40822735123358,,,127.7791223102096,123.57004584630934,"rgba(38, 166, 154, 0.75)"
2026-04-24 00:00:00+00:00,108.8,112.07,108.1,110.96,151453,0.0,0.0,0.0,0.0,0.0,0.0,0.0,0.0,,,,127.74940165312293,113.42548474609967,113.08209167485714,117.43610812341078,123.50632711207234,,,,113.42548474609967,,,,108.44985348361135,,,127.74940165312293,123.50632711207234,"rgba(38, 166, 154, 0.75)"
2026-04-27 00:00:00+00:00,109.55,110.17,108.67,109.01,144183,0.0,0.0,0.0,0.0,0.0,0.0,0.0,0.0,,,,127.72089669841186,112.79453460456658,113.05797349089619,117.39293189653036,123.4453676592295,,,,112.79453460456658,,,,108.48103367623885,,,127.72089669841186,123.4453676592295,#000000
2026-04-28 00:00:00+00:00,110.49,110.97,108.8475,110.175,150303,0.0,0.0,0.0,0.0,0.0,0.0,0.0,0.0,,,,127.69231323588154,112.41127036084909,113.03758153967428,117.35200609429208,123.38526090130527,,,,112.41127036084909,,,,108.5314203253362,,,127.69231323588154,123.38526090130527,#000000
2026-04-29 00:00:00+00:00,103.98,110.32,103.89,109.98,213724,0.0,0.0,0.0,0.0,0.0,0.0,0.0,0.0,,,,127.64253157270919,111.34253216755013,112.96982134851686,117.26260979225695,123.27500979821589,,,,111.34253216755013,,,,108.42697826614521,,,127.64253157270919,123.27500979821589,"rgba(239, 83, 80, 0.5)"
2026-04-30 00:00:00+00:00,104.58,105.015,102.67,104.0,236119,0.0,0.0,0.0,0.0,0.0,0.0,0.0,0.0,,,,127.58279003277985,110.20485094033297,112.87550134788282,117.14834879688155,123.14103566712288,,,,110.20485094033297,,,,108.23320080854374,,,127.58279003277985,123.14103566712288,"rgba(239, 83, 80, 0.5)"
2026-05-01 00:00:00+00:00,103.63,106.14,103.58,105.21,149377,0.0,0.0,0.0,0.0,0.0,0.0,0.0,0.0,,,,127.54573112632136,109.68541167933479,112.81927257944432,117.07905491684213,123.05883163860975,,,,109.68541167933479,,,,108.12924223221599,,,127.54573112632136,123.05883163860975,"rgba(239, 83, 80, 1.0)"
2026-05-04 00:00:00+00:00,102.75,104.62,101.83,103.36,236774,0.0,0.0,0.0,0.0,0.0,0.0,0.0,0.0,,,,127.48372875929711,108.85698611058984,112.71718713284098,116.95889220218312,122.92042632201314,,,,108.85698611058984,,,,107.91793866323765,,,127.48372875929711,122.92042632201314,"rgba(239, 83, 80, 1.0)"
2026-05-05 00:00:00+00:00,97.0,100.36,94.57,99.99,466501,0.0,0.0,0.0,0.0,0.0,0.0,0.0,0.0,,,,127.33389864632966,106.57276956760006,112.40585816464464,116.63242632326254,122.57580303501301,,,,106.57276956760006,,,,107.11188580844306,,,127.33389864632966,122.57580303501301,"rgba(239, 83, 80, 1.0)"
2026-05-06 00:00:00+00:00,99.18,101.19,97.83,98.8,264563,0.0,0.0,0.0,0.0,0.0,0.0,0.0,0.0,,,,127.25545515556709,105.8492438766968,112.25850375446169,116.47156575090307,122.40027865904102,,,,105.8492438766968,,,,106.79328526546925,,,127.25545515556709,122.40027865904102,"rgba(239, 83, 80, 1.0)"
2026-05-07 00:00:00+00:00,103.51,103.865,98.87,99.87,343118,0.0,0.0,0.0,0.0,0.0,0.0,0.0,0.0,,,,127.1641049547901,105.4133815775588,112.11113131515224,116.29943870272967,122.20264264598264,,,,105.4133815775588,,,,106.55367630895496,,,127.1641049547901,122.20264264598264,"rgba(239, 83, 80, 1.0)"
2026-05-08 00:00:00+00:00,98.63,105.57,98.61,103.24,395428,0.0,0.0,0.0,0.0,0.0,0.0,0.0,0.0,,,,127.05487838834085,104.88673884872455,111.92770315259651,116.0905384821856,121.96689897949707,,,,104.88673884872455,,,,106.24270033400882,,,127.05487838834085,121.96689897949707,"rgba(239, 83, 80, 1.0)"
2026-05-11 00:00:00+00:00,95.99,103.395,95.67,98.58,705947,0.0,0.0,0.0,0.0,0.0,0.0,0.0,0.0,,,,126.84304687201289,103.75246203292427,111.54118239799028,115.67011877629331,121.5086087452156,,,,103.75246203292427,,,,105.53291608390255,,,126.84304687201289,121.5086087452156,"rgba(239, 83, 80, 1.0)"
2026-05-12 00:00:00+00:00,95.4,96.34,94.15,95.6,894829,0.0,0.0,0.0,0.0,0.0,0.0,0.0,0.0,,,,126.55067622113968,102.22760635947434,110.9753631356056,115.07591579995831,120.87930309229998,,,,102.22760635947434,,,,104.48528012286953,,,126.55067622113968,120.87930309229998,"rgba(239, 83, 80, 1.0)"
2026-05-13 00:00:00+00:00,98.72,99.12,94.75,95.4,969561,0.0,0.0,0.0,0.0,0.0,0.0,0.0,0.0,,,,126.26214857525085,101.45975843020891,110.48638451069776,114.53842697727389,120.28730759908493,,,,101.45975843020891,,,,103.79098043170961,,,126.26214857525085,120.28730759908493,"rgba(239, 83, 80, 1.0)"
2026-05-14 00:00:00+00:00,93.72,99.59,93.0,98.72,475953,0.0,0.0,0.0,0.0,0.0,0.0,0.0,0.0,,,,126.11243393561087,101.01236767727637,110.2224175010162,114.2554353855526,119.98181612827437,,,,101.01236767727637,,,,103.40071921533914,,,126.11243393561087,119.98181612827437,"rgba(239, 83, 80, 1.0)"
2026-05-15 00:00:00+00:00,92.0,93.65,90.93,92.98,386461,0.0,0.0,0.0,0.0,0.0,0.0,0.0,0.0,,,,125.97919504764047,100.51072303445736,109.96925750016864,113.99319744123984,119.70718203826488,,,,100.51072303445736,,,,102.9911546704293,92.19333333333334,,125.97919504764047,119.70718203826488,"rgba(239, 83, 80, 1.0)"
2026-05-18 00:00:00+00:00,92.06,95.11,91.06,92.05,231640,0.0,0.0,0.0,0.0,0.0,0.0,0.0,0.0,,,,125.90112576964962,100.25462989915526,109.82548629553456,113.84287303174015,119.54839527097928,,,,100.25462989915526,,,,,92.39945175087351,,125.90112576964962,119.54839527097928,"rgba(239, 83, 80, 1.0)"
2026-05-19 00:00:00+00:00,93.21,95.42,91.545,92.475,264161,0.0,0.0,0.0,0.0,0.0,0.0,0.0,0.0,,,,125.81427447307681,100.00593890847387,109.67054435727688,113.67920724793086,119.37390782788444,,,,100.00593890847387,,,,,92.69653411911655,,125.81427447307681,119.37390782788444,"rgba(239, 83, 80, 1.0)"
2026-05-20 00:00:00+00:00,96.56,97.525,91.8,92.81,256373,0.0,0.0,0.0,0.0,0.0,0.0,0.0,0.0,,,,125.73534853205095,99.84589157096352,109.54019691583795,113.53752109572675,119.21901957292941,,,,99.84589157096352,,,,,93.28160000351298,,125.73534853205095,119.21901957292941,"rgba(239, 83, 80, 0.75)"
2026-05-21 00:00:00+00:00,96.17,96.74,93.55,95.43,241862,0.0,0.0,0.0,0.0,0.0,0.0,0.0,0.0,,,,125.66172966942104,99.71051465508849,109.42100143052069,113.40722559945496,119.07586991017263,,,,99.71051465508849,,,,,93.66792596675931,,125.66172966942104,119.07586991017263,"rgba(239, 83, 80, 0.75)"
2026-05-22 00:00:00+00:00,96.07,96.95,95.23,95.59,173912,0.0,0.0,0.0,0.0,0.0,0.0,0.0,0.0,,,,125.61005712819107,99.63128728782931,109.34015225279336,113.31777346048196,118.97657687882389,,,,99.63128728782931,,,,,93.93816907905192,,125.61005712819107,118.97657687882389,"rgba(239, 83, 80, 0.75)"
2026-05-26 00:00:00+00:00,96.0,97.245,94.69,96.17,242199,0.0,0.0,0.0,0.0,0.0,0.0,0.0,0.0,,,,125.53814045508132,99.52344751078456,109.2282978169723,113.19397612578443,118.8390887325102,,,,99.52344751078456,,,,,94.21320166391332,,125.53814045508132,118.8390887325102,"rgba(239, 83, 80, 0.75)"
2026-05-27 00:00:00+00:00,96.22,99.47,95.73,96.36,235884,0.0,0.0,0.0,0.0,0.0,0.0,0.0,0.0,,,,125.47117306603124,99.45683496672453,109.1305397733256,113.08311594900381,118.71348083415498,,,,99.45683496672453,,,,,94.5528757677767,,125.47117306603124,118.71348083415498,"rgba(239, 83, 80, 0.5)"
2026-05-28 00:00:00+00:00,95.78,96.74,94.895,96.04,227901,0.0,0.0,0.0,0.0,0.0,0.0,0.0,0.0,,,,125.40373666479907,99.36082021353995,109.02723037846292,112.96860442417788,118.58607263732935,,,,99.36082021353995,,,,,94.67911946285447,,125.40373666479907,118.58607263732935,"rgba(239, 83, 80, 0.5)"
2026-05-29 00:00:00+00:00,94.36,95.84,94.01,95.32,191907,0.0,0.0,0.0,0.0,0.0,0.0,0.0,0.0,,,,125.34514724234101,99.26066042257128,108.93454249461607,112.86742009637511,118.47490098077404,,,,99.26066042257128,,,,,94.6836228724055,,125.34514724234101,118.47490098077404,"rgba(239, 83, 80, 0.75)"
2026-06-01 00:00:00+00:00,96.59,96.8,92.77,94.27,151576,1.0,96.8,92.77,0.0,1.0,96.8,92.77,0.0,95.38666666666666,,,125.3000082885396,99.19549869215157,108.86549223983035,112.79112781025778,118.39020733588879,,,,99.19549869215157,,,,,94.72454823373566,,125.3000082885396,118.39020733588879,"rgba(239, 83, 80, 0.5)"
2026-06-02 00:00:00+00:00,96.64,98.385,95.3655,96.17,169488,0.0,0.0,0.0,0.0,0.0,0.0,0.0,0.0,96.1310862465635,,,125.25206780751599,99.15121747706841,108.79710208873041,112.71345306543172,118.30199864018617,,,,99.15121747706841,,,,,94.85119134908604,,125.25206780751599,118.30199864018617,"rgba(239, 83, 80, 0.5)"
2026-06-03 00:00:00+00:00,95.8,96.57,94.64,96.0,170991,0.0,0.0,0.0,0.0,0.0,0.0,0.0,0.0,95.97085700717737,,,125.20195650789556,99.08756706647893,108.72248094260719,112.63035631956011,118.20911013873966,,,,99.08756706647893,,,,,94.89874298943798,,125.20195650789556,118.20911013873966,"rgba(239, 83, 80, 0.5)"
2026-06-04 00:00:00+00:00,97.5,98.6,96.59,96.91,141918,0.0,0.0,0.0,0.0,0.0,0.0,0.0,0.0,96.32734073007315,,,125.16315240896851,99.06478228564193,108.67007939362017,112.56963177904673,118.13901988801624,,,,99.06478228564193,,,,,95.0212704950815,,125.16315240896851,118.13901988801624,#000000
2026-06-05 00:00:00+00:00,97.16,97.61,95.66,97.2,151444,0.0,0.0,0.0,0.0,0.0,0.0,0.0,0.0,96.42040702539755,,,125.1207366777441,99.02937933863494,108.61094441325314,112.50214268094057,118.06202863855547,,,,99.02937933863494,,,,,95.10493820017828,,125.1207366777441,118.06202863855547,#000000
2026-06-08 00:00:00+00:00,96.78,98.39,95.3601,97.16,223804,0.0,0.0,0.0,0.0,0.0,0.0,0.0,0.0,96.51420219965036,,,125.05836013034776,98.97980678427028,108.52487053131647,112.40366873193709,117.94944022792674,,,,98.97980678427028,,,,,95.2173359711333,,125.05836013034776,117.94944022792674,#000000
2026-06-09 00:00:00+00:00,99.56,101.09,96.78,96.78,147481,0.0,0.0,0.0,0.0,0.0,0.0,0.0,0.0,96.84941981726206,,,125.0207442379737,98.98221448880436,108.4798678644438,112.34894316951599,117.88391222602056,,,,98.98221448880436,,,,,95.37777091048068,,125.0207442379737,117.88391222602056,#000000
2026-06-10 00:00:00+00:00,98.85,100.18,98.31,99.47,153335,0.0,0.0,0.0,0.0,0.0,0.0,0.0,0.0,97.11440254598406,,,124.98170565601922,98.98419140119019,108.43338554241944,112.29239410704939,117.81615736841457,,,,98.98419140119019,,,,,95.53001470578877,,124.98170565601922,117.81615736841457,"rgba(38, 166, 154, 1.0)"
2026-06-11 00:00:00+00:00,97.11,100.96,95.03,98.74,203632,0.0,0.0,0.0,0.0,0.0,0.0,0.0,0.0,97.19318224006261,,,124.92722051759382,98.95898290883208,108.36311107885746,112.21006459758067,117.72018733709874,,,,98.95898290883208,97.70000000000002,,,,95.64143222958455,,124.92722051759382,117.72018733709874,#000000
2026-06-12 00:00:00+00:00,97.39,98.9,96.05,97.12,96987,0.0,0.0,0.0,0.0,0.0,0.0,0.0,0.0,97.2084460171094,,,124.90110572304296,98.94497460046358,108.32917533831757,112.17049903540051,117.6742250559733,,,,,97.61826850598266,,,,95.68452505961994,,124.90110572304296,117.6742250559733,#000000
2026-06-15 00:00:00+00:00,95.09,100.16,94.61,99.17,188180,0.0,0.0,0.0,0.0,0.0,0.0,0.0,0.0,97.14688744728998,,,124.8490561193051,98.9039272358877,108.2589731375247,112.09005703384533,117.58201773101833,,,,,97.23395068320517,,,,95.72593462033048,,124.8490561193051,117.58201773101833,#000000
2026-06-16 00:00:00+00:00,95.5,96.51,94.975,95.54,166267,0.0,0.0,0.0,0.0,0.0,0.0,0.0,0.0,97.02122319277922,,,124.8016708614016,98.85412770313279,108.1925926893158,112.01531142331636,117.49752312424617,,,,,96.83487799957054,,,,95.72351563346155,,124.8016708614016,117.49752312424617,"rgba(239, 83, 80, 0.5)"
2026-06-17 00:00:00+00:00,92.89,97.565,92.7821,95.5,227968,0.0,0.0,0.0,0.0,0.0,0.0,0.0,0.0,96.75003461541677,,,124.73417596484872,98.76251633252774,108.09374643609516,111.90618170393509,117.37615827819418,,,,,96.20947165786745,,,,95.65917200888079,94.41236666666667,124.73417596484872,117.37615827819418,"rgba(239, 83, 80, 1.0)"
