date,Close,High,Low,Open,Volume,OB_c0,OB_High_c0,OB_Low_c0,OB_Mitigated_Index_c0,OB,OB_High,OB_Low,OB_Mitigated_Index,aVWAP_OB_bull_c0_1227,aVWAP_OB_bull_c0_1158,aVWAP_OB_bull_c0_1128,aVWAP_OB_bull_c0_785,aVWAP_OB_bull_c0_712,aVWAP_OB_bull_c0_653,aVWAP_OB_bull_c0_639,aVWAP_OB_bull_c0_616,aVWAP_OB_bull_c0_593,aVWAP_OB_bull_c0_514,aVWAP_OB_bull_c0_503,aVWAP_OB_bull_c0_486,aVWAP_OB_bull_c0_452,aVWAP_OB_bull_c0_434,aVWAP_OB_bull_c0_387,aVWAP_OB_bull_c0_251,aVWAP_OB_bull_c0_0,aVWAP_OB_bear_c0_1233,aVWAP_OB_bear_c0_1102,aVWAP_OB_bear_c0_692,aVWAP_OB_bear_c0_477,aVWAP_OB_bear_c0_365,aVWAP_OB_bear_c0_202,aVWAP_QQEMOD_bull_dot_c0_1085,aVWAP_QQEMOD_bull_dot_c0_1119,aVWAP_QQEMOD_bull_dot_c0_1169,aVWAP_QQEMOD_bull_dot_c0_1205,aVWAP_QQEMOD_bull_dot_c0_1233,aVWAP_QQEMOD_bear_dot_c0_1110,aVWAP_QQEMOD_bear_dot_c0_1128,aVWAP_QQEMOD_bear_dot_c0_1194,aVWAP_QQEMOD_bear_dot_c0_1209,aVWAP_QQEMOD_bear_dot_c0_1241,aVWAP_price_maxima_minima_valley_c0_1,aVWAP_price_maxima_minima_peak_c0_1,color
2021-06-21 00:00:00+00:00,366.5871853242,367.3880285806,360.6732658919,362.2749524048,1631569,1.0,360.67328,367.38803,0.0,0.0,0.0,0.0,0.0,,,,,,,,,,,,,,,,,364.8828265989,,,,,,,,,,,,,,,,,364.8828265989,,#000000
2021-06-22 00:00:00+00:00,371.6860453476,371.9893232672,366.3597268845,366.7956888939,1934772,0.0,0.0,0.0,0.0,0.0,0.0,0.0,0.0,,,,,,,,,,,,,,,,,367.6652856361552,,,,,,,,,,,,,,,,,367.6652856361552,,"rgba(38, 166, 154, 0.5)"
2021-06-23 00:00:00+00:00,371.4870192128,372.880202156,370.1791331845,372.4631950166,1538035,0.0,0.0,0.0,0.0,0.0,0.0,0.0,0.0,,,,,,,,,,,,,,,,,368.8254058705823,,,,,,,,,,,,,,,,,368.8254058705823,,"rgba(38, 166, 154, 0.5)"
2021-06-24 00:00:00+00:00,371.5817935627,374.8325537635,371.3211641005,372.861247286,1487380,0.0,0.0,0.0,0.0,0.0,0.0,0.0,0.0,,,,,,,,,,,,,,,,,369.6722640994814,,,,,,,,,,,,,,,,,369.6722640994814,,"rgba(38, 166, 154, 0.5)"
2021-06-25 00:00:00+00:00,373.8942876997,373.9321974396,370.8046438937,372.4347627116,2056384,0.0,0.0,0.0,0.0,0.0,0.0,0.0,0.0,,,,,,,,,,,,,,,,,370.4343072760702,,,,,,,,,,,,,,,,,370.4343072760702,,"rgba(38, 166, 154, 0.5)"
2021-06-28 00:00:00+00:00,375.8182070022,376.6522212811,372.5864016714,374.3586820141,1645500,0.0,0.0,0.0,0.0,0.0,0.0,0.0,0.0,,,,,,,,,,,,,,,,,371.16718880363277,,,,,,,,,,,,,,,,,371.16718880363277,,"rgba(38, 166, 154, 0.5)"
2021-06-29 00:00:00+00:00,377.9506298744,378.5673265691,374.8041214585,375.5907485625,1523560,0.0,0.0,0.0,0.0,0.0,0.0,0.0,0.0,,,,,,,,,,,,,,,,,371.9330391034044,,,,,,,,,,,,,,,,,371.9330391034044,,"rgba(38, 166, 154, 0.5)"
2021-06-30 00:00:00+00:00,374.9936701583,379.5428389524,374.3586820141,377.1734802054,2031670,0.0,0.0,0.0,0.0,0.0,0.0,0.0,0.0,,,,,,,,,,,,,,,,,372.5734499645283,,,,,,,,,,,,,,,,,372.5734499645283,,"rgba(38, 166, 154, 0.5)"
2021-07-01 00:00:00+00:00,373.9132425697,376.9081120258,373.2972092955,375.5907485625,1523396,0.0,0.0,0.0,0.0,0.0,0.0,0.0,0.0,,,,,,,,,,,,,,,,,372.7848049161624,,,,,,,,,,,,,,,,,372.7848049161624,,"rgba(38, 166, 154, 0.5)"
2021-07-02 00:00:00+00:00,378.0927913992,379.827162002,375.4140891743,375.5054516476,1677408,0.0,0.0,0.0,0.0,0.0,0.0,0.0,0.0,,,,,,,,,,,,,,,,,373.2760547303632,,,,,,,,,,,,,,,,,373.2760547303632,,"rgba(38, 166, 154, 0.5)"
2021-07-06 00:00:00+00:00,378.0169719193,380.4242404062,376.3584207965,378.9457605481,2113374,0.0,0.0,0.0,0.0,0.0,0.0,0.0,0.0,,,,,,,,,,,,,,,,,373.8264249564426,,,,,,,,,,,,,,,,,373.8264249564426,,"rgba(38, 166, 154, 0.5)"
2021-07-07 00:00:00+00:00,383.5328390822,384.8928510029,378.3392047089,378.3392047089,2308605,0.0,0.0,0.0,0.0,0.0,0.0,0.0,0.0,,,,,,,,,,,,,,,,,374.7326509246405,,,,,,,,,,,,,,,,,374.7326509246405,,"rgba(38, 166, 154, 0.5)"
2021-07-08 00:00:00+00:00,385.8737655241,387.2859033373,382.0922689641,382.4145017536,2235549,0.0,0.0,0.0,0.0,0.0,0.0,0.0,0.0,,,,,,,,,,,,,,,,,375.7087636579226,,,,,,,,,,,,,,,,,375.7087636579226,,"rgba(38, 166, 154, 0.5)"
2021-07-09 00:00:00+00:00,390.8209865877,392.3658084907,386.2907726636,387.2006064224,2304223,0.0,0.0,0.0,0.0,0.0,0.0,0.0,0.0,,,,,,,,,,,,,,,,,376.9593267727683,,,,,,,,,,,,,,,,,376.9593267727683,,"rgba(38, 166, 154, 0.5)"
2021-07-12 00:00:00+00:00,386.5656182782,392.6975187153,383.3906775574,392.4037182307,2491334,0.0,0.0,0.0,0.0,0.0,0.0,0.0,0.0,,,,,,,,,,,,,,,,,377.8851344136126,,,,,,,,,,,,,,,,,377.8851344136126,,"rgba(38, 166, 154, 0.5)"
2021-07-13 00:00:00+00:00,385.7884686093,387.9019366115,383.5517939522,383.5517939522,1540373,0.0,0.0,0.0,0.0,0.0,0.0,0.0,0.0,,,,,,,,,,,,,,,,,378.28824888261903,,,,,,,,,,,,,,,,,378.28824888261903,,"rgba(38, 166, 154, 0.5)"
2021-07-14 00:00:00+00:00,388.5274473207,389.0202739401,385.978017309,387.2290387274,1265817,0.0,0.0,0.0,0.0,0.0,0.0,0.0,0.0,,,,,,,,,,,,,,,,,378.67450235508636,,,,,,,,,,,,,,,,,378.67450235508636,,"rgba(38, 166, 154, 0.5)"
2021-07-15 00:00:00+00:00,390.2997276634,390.6598701929,386.5656182782,389.0107965051,1894087,0.0,0.0,0.0,0.0,0.0,0.0,0.0,0.0,,,,,,,,,,,,,,,,,379.2735136184523,,,,,,,,,,,,,,,,,379.2735136184523,,"rgba(38, 166, 154, 0.5)"
2021-07-16 00:00:00+00:00,388.9254995902,391.8161172614,388.3521147734,390.584050713,1414087,0.0,0.0,0.0,0.0,0.0,0.0,0.0,0.0,,,,,,,,,,,,,,,,,379.69934346491175,,,,,,,,,,,,,,,,,379.69934346491175,,"rgba(38, 166, 154, 0.5)"
2021-07-19 00:00:00+00:00,392.5079700155,393.6140814529,388.6222216706,388.6303722647,2293142,0.0,0.0,0.0,0.0,0.0,0.0,0.0,0.0,,,,,,,,,,,,,,,,,380.4375472895937,,,,,,,,,,,,,,,,,380.4375472895937,,"rgba(38, 166, 154, 0.5)"
2021-07-20 00:00:00+00:00,394.488753928,396.2231245307,391.2759034671,392.3658084907,2045376,0.0,0.0,0.0,0.0,0.0,0.0,0.0,0.0,,,,,,,,,,,,,,,,,381.1494335370759,,,,,,,,,,,,,,,,,381.1494335370759,,"rgba(38, 166, 154, 0.5)"
2021-07-21 00:00:00+00:00,393.3230294245,395.3132907719,390.6788250629,395.3132907719,1480316,0.0,0.0,0.0,0.0,0.0,0.0,0.0,0.0,,,,,,,,,,,,,,,,,381.58711547448337,,,,,,,,,,,,,,,,,381.58711547448337,,"rgba(38, 166, 154, 0.5)"
2021-07-22 00:00:00+00:00,395.7208204764,396.7254285851,391.9386604958,394.2612954883,1339236,0.0,0.0,0.0,0.0,0.0,0.0,0.0,0.0,,,,,,,,,,,,,,,,,382.0105350399108,,,,,,,,,,,,,,,,,382.0105350399108,,"rgba(38, 166, 154, 0.5)"
2021-07-23 00:00:00+00:00,401.3030296841,401.8316810077,395.256426162,396.4302064852,1344487,0.0,0.0,0.0,0.0,0.0,0.0,0.0,0.0,,,,,,,,,,,,,,,,,382.55473133065743,,,,,,,,,,,,,,,,,382.55473133065743,,"rgba(38, 166, 154, 0.5)"
2021-07-26 00:00:00+00:00,401.1134809844,402.3170204535,398.3817998979,401.2745973792,1220157,0.0,0.0,0.0,0.0,0.0,0.0,0.0,0.0,,,,,,,,,,,,,,,,,383.0514193106059,,,,,,,,,,,,,,,,,383.0514193106059,,"rgba(38, 166, 154, 0.5)"
2021-07-27 00:00:00+00:00,402.165476268,402.3739798377,399.5686590814,401.8432434784,1666513,0.0,0.0,0.0,0.0,0.0,0.0,0.0,0.0,,,,,,,,,,,,,,,,,383.7149604487029,,,,,,,,,,,,,,,,,383.7149604487029,,"rgba(38, 166, 154, 0.5)"
2021-07-28 00:00:00+00:00,400.1562600506,402.6629468305,398.5640509727,401.1513907243,1362771,0.0,0.0,0.0,0.0,0.0,0.0,0.0,0.0,,,,,,,,,,,,,,,,,384.19673282943285,,,,,,,,,,,,,,,,,384.19673282943285,,"rgba(38, 166, 154, 0.5)"
2021-07-29 00:00:00+00:00,403.8050725209,404.3472393202,399.133512709,400.3868580244,1411682,0.0,0.0,0.0,0.0,0.0,0.0,0.0,0.0,,,,,,,,,,,,,,,,,384.72435043063126,,,,,,,,,,,,,,,,,384.72435043063126,,"rgba(38, 166, 154, 0.5)"
2021-07-30 00:00:00+00:00,408.0208703999,409.7109875676,404.4317451786,404.4697253396,2284040,0.0,0.0,0.0,0.0,0.0,0.0,0.0,0.0,,,,,,,,,,,,,,,,,385.7380494254373,,,,,,,,,,,,,,,,,385.7380494254373,,"rgba(38, 166, 154, 0.5)"
2021-08-02 00:00:00+00:00,407.2612671785,408.9608793864,403.9949733262,408.875424024,1367176,0.0,0.0,0.0,0.0,0.0,0.0,0.0,0.0,,,,,,,,,,,,,,,,,386.2856547015213,,,,,,,,,,,,,,,,,386.2856547015213,,"rgba(38, 166, 154, 0.5)"
2021-08-03 00:00:00+00:00,413.1007169433,414.7433589097,407.4511679838,408.2107712053,1448146,0.0,0.0,0.0,0.0,0.0,0.0,0.0,0.0,,,,,,,,,,,,,,,,,386.9704694135841,,,,,,,,,,,,,,,,,386.9704694135841,,"rgba(38, 166, 154, 0.5)"
2021-08-04 00:00:00+00:00,413.0722318225,415.8732687016,411.0307981649,413.9837556883,1280471,0.0,0.0,0.0,0.0,0.0,0.0,0.0,0.0,,,,,,,,,,,,,,,,,387.582260155912,,,,,,,,,,,,,,,,,387.582260155912,,"rgba(38, 166, 154, 0.5)"
2021-08-05 00:00:00+00:00,420.810689641,421.1050358893,414.6768936278,415.6453877352,1742634,0.0,0.0,0.0,0.0,0.0,0.0,0.0,0.0,,,,,,,,,,,,,,,,,388.5402540126233,,,,,,,,,,,,,,,,,388.5402540126233,,"rgba(38, 166, 154, 0.5)"
2021-08-06 00:00:00+00:00,417.4304553056,421.0670557282,416.737317366,420.3739177887,1789843,0.0,0.0,0.0,0.0,0.0,0.0,0.0,0.0,,,,,,,,,,,,,,,,,389.45117922560036,,,,,,,,,,,,,,,,,389.45117922560036,,"rgba(38, 166, 154, 0.5)"
2021-08-09 00:00:00+00:00,418.2280386881,420.4193990316,417.126614017,418.3989494129,1472778,0.0,0.0,0.0,0.0,0.0,0.0,0.0,0.0,,,,,,,,,,,,,,,,,390.1644904152472,,,,,,,,,,,,,,,,,390.1644904152472,,"rgba(38, 166, 154, 0.5)"
2021-08-10 00:00:00+00:00,420.6587689967,421.3898870974,418.4084444532,418.4084444532,1893669,0.0,0.0,0.0,0.0,0.0,0.0,0.0,0.0,,,,,,,,,,,,,,,,,391.0795325453979,,,,,,,,,,,,,,,,,391.0795325453979,,"rgba(38, 166, 154, 0.5)"
2021-08-11 00:00:00+00:00,421.8646391108,425.3778040099,419.4908790437,423.0040439429,2267691,0.0,0.0,0.0,0.0,0.0,0.0,0.0,0.0,,,,,,,,,,,,,,,,,392.1781708470207,,,,,,,,,,,,,,,,,392.1781708470207,,"rgba(38, 166, 154, 0.5)"
2021-08-12 00:00:00+00:00,422.8711133792,424.0769834932,419.9181558558,420.6302838759,1230906,0.0,0.0,0.0,0.0,0.0,0.0,0.0,0.0,,,,,,,,,,,,,,,,,392.7435206884182,,,,,,,,,,,,,,,,,392.7435206884182,,"rgba(38, 166, 154, 0.5)"
2021-08-13 00:00:00+00:00,425.2068932851,425.7196254596,422.0928998788,423.2699050704,1286269,0.0,0.0,0.0,0.0,0.0,0.0,0.0,0.0,,,,,,,,,,,,,,,,,393.35151936550716,,,,,,,,,,,,,,,,,393.35151936550716,,"rgba(38, 166, 154, 0.5)"
2021-08-16 00:00:00+00:00,429.9923935802,430.3057299091,424.4782438949,425.2923486475,1515994,0.0,0.0,0.0,0.0,0.0,0.0,0.0,0.0,,,,,,,,,,,,,,,,,394.12563999724733,,,,,,,,,,,,,,,,,394.12563999724733,,"rgba(38, 166, 154, 0.5)"
2021-08-17 00:00:00+00:00,429.4986514863,430.8659372849,426.9919608555,429.9923935802,1936682,0.0,0.0,0.0,0.0,0.0,0.0,0.0,0.0,,,,,,,,,,,,,,,,,395.08970135632813,,,,,,,,,,,,,,,,,395.08970135632813,,"rgba(38, 166, 154, 0.5)"
2021-08-18 00:00:00+00:00,423.678191802,432.2474656439,423.3838455536,428.1883359293,2030106,0.0,0.0,0.0,0.0,0.0,0.0,0.0,0.0,,,,,,,,,,,,,,,,,395.96955456505526,,,,,,,,,,,,,,,,,395.96955456505526,,"rgba(38, 166, 154, 0.5)"
2021-08-19 00:00:00+00:00,431.3216992178,432.499084211,419.0256220706,420.5828086746,1953733,0.0,0.0,0.0,0.0,0.0,0.0,0.0,0.0,,,,,,,,,,,,,,,,,396.8019035570998,,,,,,,,,,,,,,,,,396.8019035570998,,"rgba(38, 166, 154, 0.5)"
2021-08-20 00:00:00+00:00,435.8128532646,437.3605448283,430.7519968017,432.4895891707,1911198,0.0,0.0,0.0,0.0,0.0,0.0,0.0,0.0,,,,,,,,,,,,,,,,,397.7510766883254,,,,,,,,,,,,,,,,,397.7510766883254,,"rgba(38, 166, 154, 0.5)"
2021-08-23 00:00:00+00:00,431.9578669157,435.8793185464,431.6350355466,434.1797063385,1835928,0.0,0.0,0.0,0.0,0.0,0.0,0.0,0.0,,,,,,,,,,,,,,,,,398.5841547806197,,,,,,,,,,,,,,,,,398.5841547806197,,"rgba(38, 166, 154, 0.5)"
2021-08-24 00:00:00+00:00,428.9764242715,432.3946387681,427.5616632716,432.2617082043,1541681,0.0,0.0,0.0,0.0,0.0,0.0,0.0,0.0,,,,,,,,,,,,,,,,,399.18595066018423,,,,,,,,,,,,,,,,,399.18595066018423,,"rgba(38, 166, 154, 0.5)"
2021-08-25 00:00:00+00:00,428.4447020165,429.9544134192,424.7321412717,428.0649004058,1520567,0.0,0.0,0.0,0.0,0.0,0.0,0.0,0.0,,,,,,,,,,,,,,,,,399.72082791527646,,,,,,,,,,,,,,,,,399.72082791527646,,"rgba(38, 166, 154, 0.5)"
2021-08-26 00:00:00+00:00,426.6216542851,429.63158205,424.1434487751,428.4447020165,1418645,0.0,0.0,0.0,0.0,0.0,0.0,0.0,0.0,,,,,,,,,,,,,,,,,400.18640358768243,,,,,,,,,,,,,,,,,400.18640358768243,,"rgba(38, 166, 154, 0.5)"
2021-08-27 00:00:00+00:00,427.5996434327,428.814533835,424.2384941282,426.6216542851,1310420,0.0,0.0,0.0,0.0,0.0,0.0,0.0,0.0,,,,,,,,,,,,,,,,,400.6037934271305,,,,,,,,,,,,,,,,,400.6037934271305,,"rgba(38, 166, 154, 0.5)"
2021-08-30 00:00:00+00:00,432.9073709425,433.5340436002,427.6915554225,428.2642962514,1220030,0.0,0.0,0.0,0.0,0.0,0.0,0.0,0.0,,,,,,,,,,,,,,,,,401.04529503625474,,,,,,,,,,,,,,,,,401.04529503625474,,"rgba(38, 166, 154, 0.5)"
2021-08-31 00:00:00+00:00,432.4895891707,433.809399768,429.593601889,433.1067667882,1699018,0.0,0.0,0.0,0.0,0.0,0.0,0.0,0.0,,,,,,,,,,,,,,,,,401.6509293795363,,,,,,,,,,,,,,,,,401.6509293795363,,"rgba(38, 166, 154, 0.5)"
2021-09-01 00:00:00+00:00,433.4675783183,433.6194989626,429.0333945132,432.4800941305,1325361,0.0,0.0,0.0,0.0,0.0,0.0,0.0,0.0,,,,,,,,,,,,,,,,,402.10828759585274,,,,,,,,,,,,,,,,,402.10828759585274,,"rgba(38, 166, 154, 0.5)"
2021-09-02 00:00:00+00:00,437.6928712376,438.1391381302,435.2431508485,436.2211399961,1455945,0.0,0.0,0.0,0.0,0.0,0.0,0.0,0.0,,,,,,,,,,,,,,,,,402.6761723328274,,,,,,,,,,,,,,,,,402.6761723328274,,"rgba(38, 166, 154, 0.5)"
2021-09-03 00:00:00+00:00,439.1930876,440.1901617786,435.8223483048,435.8223483048,1303809,0.0,0.0,0.0,0.0,0.0,0.0,0.0,0.0,,,,,,,,,,,,,,,,,403.18902923378425,,,,,,,,,,,,,,,,,403.18902923378425,,"rgba(38, 166, 154, 0.5)"
2021-09-07 00:00:00+00:00,436.3920507209,439.8102652174,434.516780268,439.1456123987,1463507,0.0,0.0,0.0,0.0,0.0,0.0,0.0,0.0,,,,,,,,,,,,,,,,,403.7237256782332,,,,,,,,,,,,,,,,,403.7237256782332,,"rgba(38, 166, 154, 0.5)"
2021-09-08 00:00:00+00:00,442.1840252844,442.3074608079,434.9488046002,435.9267937478,1372045,0.0,0.0,0.0,0.0,0.0,0.0,0.0,0.0,,,,,,,,,,,,,,,,,404.2524164442808,,,,,,,,,,,,,,,,,404.2524164442808,,"rgba(38, 166, 154, 0.5)"
2021-09-09 00:00:00+00:00,442.4119062509,446.0485066736,441.7472534321,443.7412118884,1398718,0.0,0.0,0.0,0.0,0.0,0.0,0.0,0.0,,,,,,,,,,,,,,,,,404.82848696815114,,,,,,,,,,,,,,,,,404.82848696815114,,"rgba(38, 166, 154, 0.5)"
2021-09-10 00:00:00+00:00,441.67129311,444.7476861568,439.8102652174,443.5797962039,1324815,0.0,0.0,0.0,0.0,0.0,0.0,0.0,0.0,,,,,,,,,,,,,,,,,405.3404735633676,,,,,,,,,,,,,,,,,405.3404735633676,,"rgba(38, 166, 154, 0.5)"
2021-09-13 00:00:00+00:00,436.4490209625,444.5910179924,435.0627450834,443.4753507609,1679467,0.0,0.0,0.0,0.0,0.0,0.0,0.0,0.0,,,,,,,,,,,,,,,,,405.91182360797734,,,,,,,,,,,,,,,,,405.91182360797734,,"rgba(38, 166, 154, 0.5)"
2021-09-14 00:00:00+00:00,435.262140929,438.8607611906,434.3221319425,437.6738811571,1383887,0.0,0.0,0.0,0.0,0.0,0.0,0.0,0.0,,,,,,,,,,,,,,,,,406.3325940363591,,,,,,,,,,,,,,,,,406.3325940363591,,"rgba(38, 166, 154, 0.5)"
2021-09-15 00:00:00+00:00,437.4649902712,438.908236392,433.1067667882,435.1007252445,1770339,0.0,0.0,0.0,0.0,0.0,0.0,0.0,0.0,,,,,,,,,,,,,,,,,406.8601248599884,,,,,,,,,,,,,,,,,406.8601248599884,,"rgba(38, 166, 154, 0.5)"
2021-09-16 00:00:00+00:00,439.9147106604,440.3514825127,433.5150535197,437.5219605128,1577709,0.0,0.0,0.0,0.0,0.0,0.0,0.0,0.0,,,,,,,,,,,,,,,,,407.3369484483501,,,,,,,,,,,,,,,,,407.3369484483501,,"rgba(38, 166, 154, 0.5)"
2021-09-17 00:00:00+00:00,436.3065953585,439.4494536872,433.9423303318,438.3100488551,3411408,0.0,0.0,0.0,0.0,0.0,0.0,0.0,0.0,,,,,,,,,,,,,,,,,408.2758142312822,,,,,,,,,,,,,,,,,408.2758142312822,,"rgba(38, 166, 154, 0.5)"
2021-09-20 00:00:00+00:00,428.3592466541,437.6738811571,424.067488453,433.5739227694,2602049,0.0,0.0,0.0,0.0,0.0,0.0,0.0,0.0,,,,,,,,,,,,,,,,,408.7961338057847,,,,,,,,,,,,,,,,,408.7961338057847,,#000000
2021-09-21 00:00:00+00:00,429.2802655601,433.7713246565,427.4287327079,428.3592466541,1531266,0.0,0.0,0.0,0.0,0.0,0.0,0.0,0.0,,,,,,,,,,,,,,,,,409.09262008889067,,,,,,,,,,,,,,,,,409.09262008889067,,#000000
2021-09-22 00:00:00+00:00,429.489156446,432.356658607,427.1248914193,431.7394809896,1380811,0.0,0.0,0.0,0.0,0.0,0.0,0.0,0.0,,,,,,,,,,,,,,,,,409.346786735006,,,,,,,,,,,,,,,,,409.346786735006,,"rgba(239, 83, 80, 1.0)"
2021-09-23 00:00:00+00:00,429.9164332581,432.5465594123,428.3212664931,429.4606713252,2061230,0.0,0.0,0.0,0.0,0.0,0.0,0.0,0.0,,,,,,,,,,,,,,,,,409.72567202341475,,,,,,,,,,,,,,,,,409.72567202341475,,"rgba(239, 83, 80, 1.0)"
2021-09-24 00:00:00+00:00,444.1305085394,445.051432495,432.0243321976,432.9548461439,3353758,0.0,0.0,0.0,0.0,0.0,0.0,0.0,0.0,,,,,,,,,,,,,,,,,410.6039891728535,,,,,,,,,,,,,,,,,410.6039891728535,,#000000
2021-09-27 00:00:00+00:00,437.3035745867,446.7321495729,434.1512212177,442.0415996804,2526024,0.0,0.0,0.0,0.0,0.0,0.0,0.0,0.0,,,,,,,,,,,,,,,,,411.21177851156506,,,,,,,,,,,,,,,,,411.21177851156506,,#000000
2021-09-28 00:00:00+00:00,424.7606263925,434.3980922646,423.1654596275,434.056270815,2632660,0.0,0.0,0.0,0.0,0.0,0.0,0.0,0.0,,,,,,,,,,,,,,,,,411.5611605186887,,,,,,,,,,,,,,,,,411.5611605186887,,#000000
2021-09-29 00:00:00+00:00,428.9764242715,432.9738362244,426.2323576341,427.1533765401,1921956,0.0,0.0,0.0,0.0,0.0,0.0,0.0,0.0,,,,,,,,,,,,,,,,,411.8370875473597,,,,,,,,,,,,,,,,,411.8370875473597,,#000000
2021-09-30 00:00:00+00:00,426.6596344461,432.3661536473,426.61101984,430.7140166406,1837244,0.0,0.0,0.0,0.0,0.0,0.0,0.0,0.0,,,,,,,,,,,,,,,,,412.08061809770203,,,,,,,,,,,,,,,,,412.08061809770203,,"rgba(239, 83, 80, 1.0)"
2021-10-01 00:00:00+00:00,425.6911403388,428.3022764125,418.5033948559,427.0204459763,1860677,0.0,0.0,0.0,0.0,0.0,0.0,0.0,0.0,,,,,,,,,,,,,,,,,412.25641129468335,,,,,,,,,,,,,,,,,412.25641129468335,,"rgba(239, 83, 80, 1.0)"
2021-10-04 00:00:00+00:00,417.9147023592,426.6596344461,414.1420380095,425.7006353791,2263953,0.0,0.0,0.0,0.0,0.0,0.0,0.0,0.0,,,,,,,,,,,,,,,,,412.3836413234392,,,,,,,,,,,,,,,,,412.3836413234392,,"rgba(239, 83, 80, 1.0)"
2021-10-05 00:00:00+00:00,423.7066769228,426.4308989261,417.0696437754,417.3829801042,1808749,0.0,0.0,0.0,0.0,0.0,0.0,0.0,0.0,,,,,,,,,,,,,,,,,412.5209396503032,,,,,,,,,,,,,,,,,412.5209396503032,,"rgba(239, 83, 80, 1.0)"
2021-10-06 00:00:00+00:00,426.6501394059,427.0679211777,420.0415913793,421.5133226208,1334571,0.0,0.0,0.0,0.0,0.0,0.0,0.0,0.0,,,,,,,,,,,,,,,,,412.6417194877034,,,,,,,,,,,,,,,,,412.6417194877034,,"rgba(239, 83, 80, 1.0)"
2021-10-07 00:00:00+00:00,430.0018886205,436.3825556807,429.2422853991,433.420103117,1966239,0.0,0.0,0.0,0.0,0.0,0.0,0.0,0.0,,,,,,,,,,,,,,,,,412.9212619769131,,,,,,,,,,,,,,,,,412.9212619769131,,"rgba(239, 83, 80, 0.75)"
2021-10-08 00:00:00+00:00,429.0333945132,432.7364602177,427.2768120636,432.4421139694,1545827,0.0,0.0,0.0,0.0,0.0,0.0,0.0,0.0,,,,,,,,,,,,,,,,,413.1106143168024,,,,,,,,,,,,,,,,,413.1106143168024,,#000000
2021-10-11 00:00:00+00:00,426.9919608555,430.7804819225,426.8400402112,427.3147922246,1011739,0.0,0.0,0.0,0.0,0.0,0.0,0.0,0.0,,,,,,,,,,,,,,,,,413.22139685840455,,,,,,,,,,,,,,,,,413.22139685840455,,#000000
2021-10-12 00:00:00+00:00,424.3048644597,429.98289854,423.2414199496,427.4192376676,1380868,0.0,0.0,0.0,0.0,0.0,0.0,0.0,0.0,,,,,,,,,,,,,,,,,413.3465815932628,,,,,,,,,,,,,,,,,413.3465815932628,,"rgba(239, 83, 80, 0.75)"
2021-10-13 00:00:00+00:00,422.8141431376,427.7610591172,421.6462531846,425.8905361844,1622100,0.0,0.0,0.0,0.0,0.0,0.0,0.0,0.0,,,,,,,,,,,,,,,,,413.47012438303005,,,,,,,,,,,,,,,,,413.47012438303005,,"rgba(239, 83, 80, 0.75)"
2021-10-14 00:00:00+00:00,427.9034847213,428.887645645,423.9535479697,424.5327454261,1481358,0.0,0.0,0.0,0.0,0.0,0.0,0.0,0.0,,,,,,,,,,,,,,,,,413.61005779652174,,,,,,,,,,,,,,,,,413.61005779652174,,"rgba(239, 83, 80, 0.75)"
2021-10-15 00:00:00+00:00,429.5461266876,431.0178579292,426.4982187616,430.9703827278,1494790,0.0,0.0,0.0,0.0,0.0,0.0,0.0,0.0,,,,,,,,,,,,,,,,,413.77022464186484,,,,,,,,,,,,,,,,,413.77022464186484,,#000000
2021-10-18 00:00:00+00:00,438.6233851839,439.0031867946,425.8525560234,426.9065054931,2141552,0.0,0.0,0.0,0.0,0.0,0.0,0.0,0.0,,,,,,,,,,,,,,,,,414.07426352281226,,,,,,,,,,,,,,,,,414.07426352281226,,"rgba(38, 166, 154, 0.5)"
2021-10-19 00:00:00+00:00,443.4943408414,443.5703011636,437.06619858,439.6203644121,1365302,0.0,0.0,0.0,0.0,0.0,0.0,0.0,0.0,,,,,,,,,,,,,,,,,414.3272762658575,,,,,,,,,,,,,,,,,414.3272762658575,,"rgba(38, 166, 154, 0.5)"
2021-10-20 00:00:00+00:00,446.0485066736,448.6406526667,444.2159639018,444.86162664,1353062,0.0,0.0,0.0,0.0,0.0,0.0,0.0,0.0,,,,,,,,,,,,,,,,,414.6182531988046,,,,,,,,,,,,,,,,,414.6182531988046,,"rgba(38, 166, 154, 0.5)"
2021-10-21 00:00:00+00:00,453.1318067135,453.5305984048,445.3933488951,446.0485066736,1423275,0.0,0.0,0.0,0.0,0.0,0.0,0.0,0.0,,,,,,,,,,,,,,,,,414.96023211017916,,,,,,,,,,,,,,,,,414.96023211017916,,"rgba(38, 166, 154, 0.5)"
2021-10-22 00:00:00+00:00,457.6514458811,460.5379381226,454.3993945893,454.8029338007,1710335,0.0,0.0,0.0,0.0,0.0,0.0,0.0,0.0,,,,,,,,,,,,,,,,,415.4398091517148,,,,,,,,,,,,,,,,,415.4398091517148,,"rgba(38, 166, 154, 1.0)"
2021-10-25 00:00:00+00:00,465.3519235386,467.3553770351,455.2871808544,457.6514458811,1903424,0.0,0.0,0.0,0.0,0.0,0.0,0.0,0.0,,,,,,,,,,,,,,,,,416.0245676890654,,,,,,,,,,,,,,,,,416.0245676890654,,"rgba(38, 166, 154, 1.0)"
2021-10-26 00:00:00+00:00,461.012690136,463.595341089,456.9298228208,457.7843764449,2378585,0.0,0.0,0.0,0.0,0.0,0.0,0.0,0.0,,,,,,,,,,,,,,,,,416.70246259097087,,,,,,,,,,,,,,,,,416.70246259097087,,"rgba(38, 166, 154, 1.0)"
2021-10-27 00:00:00+00:00,464.411914552,466.6812291761,459.1421672032,459.417523371,1741794,0.0,0.0,0.0,0.0,0.0,0.0,0.0,0.0,,,,,,,,,,,,,,,,,417.217906484202,,,,,,,,,,,,,,,,,417.217906484202,,"rgba(38, 166, 154, 1.0)"
2021-10-28 00:00:00+00:00,466.5103184513,467.7465665155,462.6586339677,463.1151299065,1362377,0.0,0.0,0.0,0.0,0.0,0.0,0.0,0.0,,,,,,,,,,,,,,,,,417.6322649205647,,,,,,,,,,,,,,,,,417.6322649205647,,"rgba(38, 166, 154, 1.0)"
2021-10-29 00:00:00+00:00,467.4708619891,469.9720793205,462.8298199447,462.9439439294,2471597,0.0,0.0,0.0,0.0,0.0,0.0,0.0,0.0,,,,,,,,,,,,,,,,,418.38326718916505,,,,,,,,,,,,,,,,,418.38326718916505,,"rgba(38, 166, 154, 1.0)"
2021-11-01 00:00:00+00:00,467.7847029471,470.6581546751,463.3433778759,469.9530586563,1534076,0.0,0.0,0.0,0.0,0.0,0.0,0.0,0.0,,,,,,,,,,,,,,,,,418.84270236493444,,,,,,,,,,,,,,,,,418.84270236493444,,"rgba(38, 166, 154, 1.0)"
2021-11-02 00:00:00+00:00,472.6539929609,475.0315759754,468.593081172,470.5141682478,2006199,0.0,0.0,0.0,0.0,0.0,0.0,0.0,0.0,,,,,,,,,,,,,,,,,419.4893175889867,,,,,,,,,,,,,,,,,419.4893175889867,,"rgba(38, 166, 154, 1.0)"
2021-11-03 00:00:00+00:00,477.73251028,478.3316611996,471.4747117856,476.7909874062,1856258,0.0,0.0,0.0,0.0,0.0,0.0,0.0,0.0,,,,,,,,,,,,,,,,,420.1154765247737,,,,,,,,,,,,,,,,,420.1154765247737,,"rgba(38, 166, 154, 1.0)"
2021-11-04 00:00:00+00:00,490.3717415853,494.736984,481.2324075807,482.1833456832,2615013,0.0,0.0,0.0,0.0,0.0,0.0,0.0,0.0,,,,,,,,,,,,,,,,,421.173663082282,,,,,,,,,,,,,,,,,421.173663082282,,"rgba(38, 166, 154, 1.0)"
2021-11-05 00:00:00+00:00,487.9941585708,492.5400972946,483.7240194766,489.5633633604,2071735,0.0,0.0,0.0,0.0,0.0,0.0,0.0,0.0,,,,,,,,,,,,,,,,,421.9807574152548,,,,,,,,,,,,,,,,,421.9807574152548,,"rgba(38, 166, 154, 1.0)"
2021-11-08 00:00:00+00:00,479.1400394246,488.2699582004,475.7068095516,488.2699582004,2834829,0.0,0.0,0.0,0.0,0.0,0.0,0.0,0.0,,,,,,,,,,,,,,,,,422.9396738956278,,,,,,,,,,,,,,,,,422.9396738956278,,"rgba(38, 166, 154, 0.75)"
2021-11-09 00:00:00+00:00,483.8001021331,484.1710050834,479.377797726,480.3858929242,1875256,0.0,0.0,0.0,0.0,0.0,0.0,0.0,0.0,,,,,,,,,,,,,,,,,423.57206292231893,,,,,,,,,,,,,,,,,423.57206292231893,,"rgba(38, 166, 154, 0.75)"
2021-11-10 00:00:00+00:00,480.7567958745,485.3674999596,479.0972429303,483.3721371905,1226628,0.0,0.0,0.0,0.0,0.0,0.0,0.0,0.0,,,,,,,,,,,,,,,,,423.9736004360048,,,,,,,,,,,,,,,,,423.9736004360048,,"rgba(38, 166, 154, 0.75)"
2021-11-11 00:00:00+00:00,487.1001873573,487.4044228798,479.3587770619,481.4130087865,1227331,0.0,0.0,0.0,0.0,0.0,0.0,0.0,0.0,,,,,,,,,,,,,,,,,424.38961757779515,,,,,,,,,,,,,,,,,424.38961757779515,,"rgba(38, 166, 154, 0.75)"
2021-11-12 00:00:00+00:00,491.8458430543,494.2139157368,488.0987722234,489.0688260933,1742816,0.0,0.0,0.0,0.0,0.0,0.0,0.0,0.0,,,,,,,,,,,,,,,,,425.03591230362355,,,,,,,,,,,,,,,,,425.03591230362355,,"rgba(38, 166, 154, 0.75)"
2021-11-15 00:00:00+00:00,494.4326533742,497.4854699648,492.6447109472,493.101206886,1392349,0.0,0.0,0.0,0.0,0.0,0.0,0.0,0.0,,,,,,,,,,,,,,,,,425.5698740760115,,,,,,,,,,,,,,,,,425.5698740760115,,"rgba(38, 166, 154, 0.75)"
2021-11-16 00:00:00+00:00,500.9282101699,502.4307475318,492.0740910237,494.3816779943,1690708,0.0,0.0,0.0,0.0,0.0,0.0,0.0,0.0,,,,,,,,,,,,,,,,,426.24071644957326,,,,,,,,,,,,,,,,,426.24071644957326,,"rgba(38, 166, 154, 1.0)"
2021-11-17 00:00:00+00:00,500.5192658914,504.7513636573,498.821671619,501.6700160705,1609406,0.0,0.0,0.0,0.0,0.0,0.0,0.0,0.0,,,,,,,,,,,,,,,,,426.89299224852215,,,,,,,,,,,,,,,,,426.89299224852215,,"rgba(38, 166, 154, 1.0)"
2021-11-18 00:00:00+00:00,503.4484481653,504.8084256497,496.9095242554,502.2976979863,1664995,0.0,0.0,0.0,0.0,0.0,0.0,0.0,0.0,,,,,,,,,,,,,,,,,427.5591705882806,,,,,,,,,,,,,,,,,427.5591705882806,,"rgba(38, 166, 154, 1.0)"
2021-11-19 00:00:00+00:00,507.6520149351,509.0690544117,502.1550430054,507.9278145648,1913681,0.0,0.0,0.0,0.0,0.0,0.0,0.0,0.0,,,,,,,,,,,,,,,,,428.35663469840915,,,,,,,,,,,,,,,,,428.35663469840915,,"rgba(38, 166, 154, 1.0)"
2021-11-22 00:00:00+00:00,513.2250695212,518.7125311188,506.2539961225,507.2050293283,2192217,0.0,0.0,0.0,0.0,0.0,0.0,0.0,0.0,,,,,,,,,,,,,,,,,429.32439342045836,,,,,,,,,,,,,,,,,429.32439342045836,,"rgba(38, 166, 154, 1.0)"
2021-11-23 00:00:00+00:00,518.5603658058,519.0929444011,507.632994271,511.6130682373,2147338,0.0,0.0,0.0,0.0,0.0,0.0,0.0,0.0,,,,,,,,,,,,,,,,,430.27733090566045,,,,,,,,,,,,,,,,,430.27733090566045,,"rgba(38, 166, 154, 1.0)"
2021-11-24 00:00:00+00:00,522.8114842359,523.8612346884,516.7153613865,518.8266551035,2316441,0.0,0.0,0.0,0.0,0.0,0.0,0.0,0.0,,,,,,,,,,,,,,,,,431.35331299096697,,,,,,,,,,,,,,,,,431.35331299096697,,"rgba(38, 166, 154, 1.0)"
2021-11-26 00:00:00+00:00,519.3877646949,527.3953691846,517.6568842603,522.6450534248,1844761,0.0,0.0,0.0,0.0,0.0,0.0,0.0,0.0,,,,,,,,,,,,,,,,,432.1954170832634,,,,,,,,,,,,,,,,,432.1954170832634,,"rgba(38, 166, 154, 1.0)"
2021-11-29 00:00:00+00:00,527.7093052458,533.3204011602,515.8499211692,519.3877646949,2919138,0.0,0.0,0.0,0.0,0.0,0.0,0.0,0.0,,,,,,,,,,,,,,,,,433.556687229069,,,,,,,,,,,,,,,,,433.556687229069,,"rgba(38, 166, 154, 1.0)"
2021-11-30 00:00:00+00:00,512.9682905556,529.8871712872,509.6491846673,524.0211984737,4244205,0.0,0.0,0.0,0.0,0.0,0.0,0.0,0.0,,,,,,,,,,,,,,,,,435.29803238436153,,,,,,,,,,,,,,,,,435.29803238436153,,"rgba(38, 166, 154, 0.75)"
2021-12-01 00:00:00+00:00,503.8954337721,521.4039550912,503.4769791615,516.5061340813,2882122,0.0,0.0,0.0,0.0,0.0,0.0,0.0,0.0,,,,,,,,,,,,,,,,,436.33004728932093,,,,,,,,,,,,,,,,,436.33004728932093,,"rgba(38, 166, 154, 0.75)"
2021-12-02 00:00:00+00:00,499.7774599909,504.9171287451,488.8691091201,493.116328314,3277509,0.0,0.0,0.0,0.0,0.0,0.0,0.0,0.0,,,,,,,,,,,,,,,,,437.28681103126036,,,,,,,,,,,,,,,,,437.28681103126036,,"rgba(38, 166, 154, 0.5)"
2021-12-03 00:00:00+00:00,503.0299935548,511.1803481287,499.0736954186,504.038088753,2984376,0.0,0.0,0.0,0.0,0.0,0.0,0.0,0.0,,,,,,,,,,,,,,,,,438.22426234072867,,,,,,,,,,,,,,,,,438.22426234072867,,"rgba(38, 166, 154, 0.5)"
2021-12-06 00:00:00+00:00,507.0909053436,509.8061051463,501.7366834982,506.1874237981,2432878,0.0,0.0,0.0,0.0,0.0,0.0,0.0,0.0,,,,,,,,,,,,,,,,,438.9893950642873,,,,,,,,,,,,,,,,,438.9893950642873,,"rgba(38, 166, 154, 0.5)"
2021-12-07 00:00:00+00:00,515.479018219,516.4110307607,508.5269654844,511.893623033,2579798,0.0,0.0,0.0,0.0,0.0,0.0,0.0,0.0,,,,,,,,,,,,,,,,,439.86777260122653,,,,,,,,,,,,,,,,,439.86777260122653,,"rgba(38, 166, 154, 0.5)"
2021-12-08 00:00:00+00:00,504.1522127377,520.96571899,499.8155013191,519.4638473514,3037531,0.0,0.0,0.0,0.0,0.0,0.0,0.0,0.0,,,,,,,,,,,,,,,,,440.8051229001919,,,,,,,,,,,,,,,,,440.8051229001919,,"rgba(38, 166, 154, 0.5)"
2021-12-09 00:00:00+00:00,498.655240808,506.2634113513,498.1511932089,502.906359238,3200453,0.0,0.0,0.0,0.0,0.0,0.0,0.0,0.0,,,,,,,,,,,,,,,,,441.66170051781705,,,,,,,,,,,,,,,,,441.66170051781705,,#000000
2021-12-10 00:00:00+00:00,531.4563760768,533.786407431,508.4318621638,508.5269654844,6333637,0.0,0.0,0.0,0.0,0.0,0.0,0.0,0.0,,,,,,,,,,,,,,,,,443.9313598994458,,,,,,,,,,,,,,,,,443.9313598994458,,"rgba(38, 166, 154, 0.5)"
2021-12-13 00:00:00+00:00,529.9347229475,532.3360817922,521.1471761257,523.486717812,3415151,0.0,0.0,0.0,0.0,0.0,0.0,0.0,0.0,,,,,,,,,,,,,,,,,445.15160500248385,,,,,,,,,,,,,,,,,445.15160500248385,,"rgba(38, 166, 154, 0.5)"
2021-12-14 00:00:00+00:00,518.6364484623,529.8871712872,511.2446379734,529.2133642608,3494356,0.0,0.0,0.0,0.0,0.0,0.0,0.0,0.0,,,,,,,,,,,,,,,,,446.2483117679415,,,,,,,,,,,,,,,,,446.2483117679415,,"rgba(38, 166, 154, 0.5)"
2021-12-15 00:00:00+00:00,537.7902572275,538.7508007654,518.8171447714,519.4638473514,2937123,0.0,0.0,0.0,0.0,0.0,0.0,0.0,0.0,,,,,,,,,,,,,,,,,447.29002417245243,,,,,,,,,,,,,,,,,447.29002417245243,,"rgba(38, 166, 154, 0.5)"
2021-12-16 00:00:00+00:00,525.5694805327,538.8078627578,522.5451949382,537.1352806587,2683030,0.0,0.0,0.0,0.0,0.0,0.0,0.0,0.0,,,,,,,,,,,,,,,,,448.1887483495028,,,,,,,,,,,,,,,,,448.1887483495028,,"rgba(38, 166, 154, 0.5)"
2021-12-17 00:00:00+00:00,520.7952938395,529.2213529398,514.4899436849,522.4215606215,5756845,0.0,0.0,0.0,0.0,0.0,0.0,0.0,0.0,,,,,,,,,,,,,,,,,449.87957021166415,,,,,,,,,,,,,,,,,449.87957021166415,,"rgba(38, 166, 154, 0.5)"
2021-12-20 00:00:00+00:00,521.698775385,522.2513256776,511.6843957278,515.5836318716,2033574,0.0,0.0,0.0,0.0,0.0,0.0,0.0,0.0,,,,,,,,,,,,,,,,,450.43445514871763,,,,,,,,,,,,,,,,,450.43445514871763,,"rgba(38, 166, 154, 0.5)"
2021-12-21 00:00:00+00:00,518.7220414508,524.7611023078,509.8298809764,523.5437798043,2472780,0.0,0.0,0.0,0.0,0.0,0.0,0.0,0.0,,,,,,,,,,,,,,,,,451.08968781943287,,,,,,,,,,,,,,,,,451.08968781943287,,"rgba(38, 166, 154, 0.5)"
2021-12-22 00:00:00+00:00,522.7544222435,523.0682632014,513.3677245021,518.6744897905,1454497,0.0,0.0,0.0,0.0,0.0,0.0,0.0,0.0,,,,,,,,,,,,,,,,,451.48032490438703,,,,,,,,,,,,,,,,,451.48032490438703,,"rgba(38, 166, 154, 0.5)"
2021-12-23 00:00:00+00:00,523.4201454876,525.5504598686,520.6811698548,524.7230609796,1758107,0.0,0.0,0.0,0.0,0.0,0.0,0.0,0.0,,,,,,,,,,,,,,,,,451.9704324068536,,,,,,,,,,,,,,,,,451.9704324068536,,"rgba(38, 166, 154, 0.5)"
2021-12-27 00:00:00+00:00,535.8786804838,538.0368601378,524.4377510178,524.5328543384,2263508,0.0,0.0,0.0,0.0,0.0,0.0,0.0,0.0,,,,,,,,,,,,,,,,,452.67507438873656,,,,,,,,,,,,,,,,,452.67507438873656,,"rgba(38, 166, 154, 0.5)"
2021-12-28 00:00:00+00:00,536.9913893346,538.8934557463,533.2443185037,535.8406391556,1157520,0.0,0.0,0.0,0.0,0.0,0.0,0.0,0.0,,,,,,,,,,,,,,,,,453.04663399164485,,,,,,,,,,,,,,,,,453.04663399164485,,"rgba(38, 166, 154, 0.5)"
2021-12-29 00:00:00+00:00,539.9681232689,543.5058716912,535.90721148,538.6652077769,1753038,0.0,0.0,0.0,0.0,0.0,0.0,0.0,0.0,,,,,,,,,,,,,,,,,453.6259346904244,,,,,,,,,,,,,,,,,453.6259346904244,,"rgba(38, 166, 154, 0.5)"
2021-12-30 00:00:00+00:00,536.2971350944,541.9748033331,534.8325439574,541.6419417111,1338748,0.0,0.0,0.0,0.0,0.0,0.0,0.0,0.0,,,,,,,,,,,,,,,,,454.052531051407,,,,,,,,,,,,,,,,,454.052531051407,,"rgba(38, 166, 154, 0.5)"
2021-12-31 00:00:00+00:00,539.9015509445,540.4246192077,531.65609305,535.8216184915,1435353,0.0,0.0,0.0,0.0,0.0,0.0,0.0,0.0,,,,,,,,,,,,,,,,,454.5031040169782,,,,,,,,,,,,,,,,,454.5031040169782,,"rgba(38, 166, 154, 0.5)"
2022-01-03 00:00:00+00:00,538.9600280707,539.6828133071,528.3084561655,537.3623873882,2715113,0.0,0.0,0.0,0.0,0.0,0.0,0.0,0.0,,,,,,,,,,,,,,,,,455.32521820519855,,,,,,,,,,,,,,,,,455.32521820519855,,"rgba(38, 166, 154, 0.5)"
2022-01-04 00:00:00+00:00,536.6014657203,540.8716048144,534.2809446981,536.6014657203,2097484,0.0,0.0,0.0,0.0,0.0,0.0,0.0,0.0,,,,,,,,,,,,,,,,,455.9614352068519,,,,,,,,,,,,,,,,,455.9614352068519,,"rgba(38, 166, 154, 0.5)"
2022-01-05 00:00:00+00:00,522.992180545,537.381312949,522.8495255641,536.0879077891,2887485,0.0,0.0,0.0,0.0,0.0,0.0,0.0,0.0,,,,,,,,,,,,,,,,,456.7206883093808,,,,,,,,,,,,,,,,,456.7206883093808,,"rgba(38, 166, 154, 0.5)"
2022-01-06 00:00:00+00:00,522.8780565603,526.4132371929,516.9340990239,519.4543370193,2503087,0.0,0.0,0.0,0.0,0.0,0.0,0.0,0.0,,,,,,,,,,,,,,,,,457.3145057603496,,,,,,,,,,,,,,,,,457.3145057603496,,#000000
2022-01-07 00:00:00+00:00,509.924984297,521.5133239099,508.0799798777,520.7382318472,2323920,0.0,0.0,0.0,0.0,0.0,0.0,0.0,0.0,,,,,,,,,,,,,,,,,457.7817696516592,,,,,,,,,,,,,,,,,457.7817696516592,,"rgba(239, 83, 80, 1.0)"
2022-01-10 00:00:00+00:00,493.3960271798,504.4375226994,483.6003851599,503.3723655089,4916769,0.0,0.0,0.0,0.0,0.0,0.0,0.0,0.0,,,,,,,,,,,,,,,,,458.40834475236113,,,,,,,,,,,,,,,,,458.40834475236113,,"rgba(239, 83, 80, 1.0)"
2022-01-11 00:00:00+00:00,496.4678644346,496.8863190452,485.3027345983,493.3960271798,2450392,0.0,0.0,0.0,0.0,0.0,0.0,0.0,0.0,,,,,,,,,,,,,,,,,458.704592807385,,,,,,,,,,,,,,,,,458.704592807385,,"rgba(239, 83, 80, 1.0)"
2022-01-12 00:00:00+00:00,500.0532596206,504.0761300812,496.4488437705,496.4678644346,1729540,0.0,0.0,0.0,0.0,0.0,0.0,0.0,0.0,,,,,,,,,,,,,,,,,458.954693848811,,,,,,,,,,,,,,,,,458.954693848811,,"rgba(239, 83, 80, 1.0)"
2022-01-13 00:00:00+00:00,491.5700434246,503.1441175395,490.000838635,501.8031607193,2428072,0.0,0.0,0.0,0.0,0.0,0.0,0.0,0.0,,,,,,,,,,,,,,,,,459.25638668821085,,,,,,,,,,,,,,,,,459.25638668821085,,"rgba(239, 83, 80, 1.0)"
2022-01-14 00:00:00+00:00,478.3601921958,487.8610139219,477.2855246732,486.5200571017,3872496,0.0,0.0,0.0,0.0,0.0,0.0,0.0,0.0,,,,,,,,,,,,,,,,,459.54579440252354,,,,,,,,,,,,,,,,,459.54579440252354,,"rgba(239, 83, 80, 1.0)"
2022-01-18 00:00:00+00:00,464.1707767649,470.8375195378,463.0200265859,470.2488299833,3797804,0.0,0.0,0.0,0.0,0.0,0.0,0.0,0.0,,,,,,,,,,,,,,,,,459.62844532861703,,,,,,,,,,,,,,,,,459.62844532861703,,"rgba(239, 83, 80, 1.0)"
2022-01-19 00:00:00+00:00,466.1584361651,471.9407180565,463.2482745553,465.8969020335,2648808,0.0,0.0,0.0,0.0,0.0,0.0,0.0,0.0,,,,,,,,,,,,,,,,,459.69463054076647,,,,,,,,,,,,,,,,,459.69463054076647,,"rgba(239, 83, 80, 1.0)"
2022-01-20 00:00:00+00:00,459.1778524344,475.4023838224,458.2458398927,466.7191653433,2893721,0.0,0.0,0.0,0.0,0.0,0.0,0.0,0.0,,,,,,,,,,,,,,,,,459.7384431258698,,,,,,,,,,,,,,,,,459.7384431258698,,"rgba(239, 83, 80, 1.0)"
2022-01-21 00:00:00+00:00,458.0271022553,470.390533931,457.7513026257,458.3255364753,3295582,0.0,0.0,0.0,0.0,0.0,0.0,0.0,0.0,,,,,,,,,,,,,,,,,459.76341917595033,,,,,,,,,,,,,,,,,459.76341917595033,,"rgba(239, 83, 80, 1.0)"
2022-01-24 00:00:00+00:00,464.9601343258,465.977739856,446.044083862,452.2650773712,4423868,0.0,0.0,0.0,0.0,0.0,0.0,0.0,0.0,,,,,,,,,,,,,,,,,459.7524483637197,,,,,,,,,,,,,,,,,459.7524483637197,,"rgba(239, 83, 80, 1.0)"
2022-01-25 00:00:00+00:00,453.9471698024,459.0066664573,449.2395554336,456.4008354734,3076814,0.0,0.0,0.0,0.0,0.0,0.0,0.0,0.0,,,,,,,,,,,,,,,,,459.6965962240685,,,,,,,,,,,,,,,,,459.6965962240685,,"rgba(239, 83, 80, 1.0)"
2022-01-26 00:00:00+00:00,459.7960240182,469.6867693587,455.3261679508,459.5677760488,3074881,0.0,0.0,0.0,0.0,0.0,0.0,0.0,0.0,,,,,,,,,,,,,,,,,459.7151221282762,,,,,,,,,,,,,,,,,459.7151221282762,,"rgba(239, 83, 80, 0.75)"
2022-01-27 00:00:00+00:00,458.8925424726,471.5126580106,456.7907590878,463.0770885783,2374116,0.0,0.0,0.0,0.0,0.0,0.0,0.0,0.0,,,,,,,,,,,,,,,,,459.7351069977493,,,,,,,,,,,,,,,,,459.7351069977493,,"rgba(239, 83, 80, 0.75)"
2022-01-28 00:00:00+00:00,468.3172815423,468.597836338,452.5976536833,460.0528029837,1918479,0.0,0.0,0.0,0.0,0.0,0.0,0.0,0.0,,,,,,,,,,,,,,,,,459.75565994337404,,,,,,,,,,,,,,,,,459.75565994337404,,"rgba(239, 83, 80, 0.75)"
2022-01-31 00:00:00+00:00,480.3954032562,481.6222360918,466.6054217718,467.9083372638,2480656,0.0,0.0,0.0,0.0,0.0,0.0,0.0,0.0,,,,,,,,,,,,,,,,,459.88193765017957,,,,,,,,,,,,,,,,,459.88193765017957,,"rgba(239, 83, 80, 0.75)"
2022-02-01 00:00:00+00:00,483.5147921713,484.7226043427,472.6064413006,480.2717689395,2347161,0.0,0.0,0.0,0.0,0.0,0.0,0.0,0.0,,,,,,,,,,,,,,,,,460.02901883204265,,,,,,,,,,,,,,,,,460.02901883204265,,"rgba(239, 83, 80, 0.75)"
2022-02-02 00:00:00+00:00,496.4583541026,498.331889518,485.3502862586,486.0825818271,2547552,0.0,0.0,0.0,0.0,0.0,0.0,0.0,0.0,,,,,,,,,,,,,,,,,460.28798715198496,,,,,,,,,,,,,,,,,460.28798715198496,,#000000
2022-02-03 00:00:00+00:00,496.9719120337,501.4199616134,489.7712150696,491.3618452191,2665116,0.0,0.0,0.0,0.0,0.0,0.0,0.0,0.0,,,,,,,,,,,,,,,,,460.57618457661704,,,,,,,,,,,,,,,,,460.57618457661704,,"rgba(38, 166, 154, 0.5)"
2022-02-04 00:00:00+00:00,495.0669657469,497.1909808567,486.5265200593,493.4858603288,2387434,0.0,0.0,0.0,0.0,0.0,0.0,0.0,0.0,,,,,,,,,,,,,,,,,460.80803483672594,,,,,,,,,,,,,,,,,460.80803483672594,,"rgba(38, 166, 154, 0.5)"
2022-02-07 00:00:00+00:00,491.3713699505,497.1909808567,489.7902645324,496.5242496563,1863560,0.0,0.0,0.0,0.0,0.0,0.0,0.0,0.0,,,,,,,,,,,,,,,,,460.9859130028509,,,,,,,,,,,,,,,,,460.9859130028509,,"rgba(38, 166, 154, 0.5)"
2022-02-08 00:00:00+00:00,496.3813786848,498.514918526,486.2375397075,491.3713699505,1461959,0.0,0.0,0.0,0.0,0.0,0.0,0.0,0.0,,,,,,,,,,,,,,,,,461.12810703473,,,,,,,,,,,,,,,,,461.12810703473,,"rgba(38, 166, 154, 0.5)"
2022-02-09 00:00:00+00:00,503.6963724261,508.8511570782,500.6960820244,502.9058197171,2256668,0.0,0.0,0.0,0.0,0.0,0.0,0.0,0.0,,,,,,,,,,,,,,,,,461.41649558216585,,,,,,,,,,,,,,,,,461.41649558216585,,"rgba(38, 166, 154, 1.0)"
2022-02-10 00:00:00+00:00,493.8382753919,499.5435895209,490.2853600724,496.1146862046,2558857,0.0,0.0,0.0,0.0,0.0,0.0,0.0,0.0,,,,,,,,,,,,,,,,,461.6649682769144,,,,,,,,,,,,,,,,,461.6649682769144,,"rgba(38, 166, 154, 0.5)"
2022-02-11 00:00:00+00:00,485.4469869985,496.5718733135,483.2658235001,493.7620775404,2349695,0.0,0.0,0.0,0.0,0.0,0.0,0.0,0.0,,,,,,,,,,,,,,,,,461.8479723162383,,,,,,,,,,,,,,,,,461.8479723162383,,"rgba(38, 166, 154, 0.5)"
2022-02-14 00:00:00+00:00,482.4847955225,487.2185870453,477.6081330283,484.799305261,1749565,0.0,0.0,0.0,0.0,0.0,0.0,0.0,0.0,,,,,,,,,,,,,,,,,461.9522698760863,,,,,,,,,,,,,,,,,461.9522698760863,,#000000
2022-02-15 00:00:00+00:00,489.494997858,491.4761419963,486.4882306389,488.9425634348,1984779,0.0,0.0,0.0,0.0,0.0,0.0,0.0,0.0,,,,,,,,,,,,,,,,,462.1076912294397,,,,,,,,,,,,,,,,,462.1076912294397,,#000000
2022-02-16 00:00:00+00:00,488.04723868,490.0950559383,477.865300777,487.1804881195,1770754,0.0,0.0,0.0,0.0,0.0,0.0,0.0,0.0,,,,,,,,,,,,,,,,,462.2255009207713,,,,,,,,,,,,,,,,,462.2255009207713,,#000000
2022-02-17 00:00:00+00:00,490.5331935843,493.5811076432,482.9324578999,485.4184128042,2022828,0.0,0.0,0.0,0.0,0.0,0.0,0.0,0.0,,,,,,,,,,,,,,,,,462.3798243270954,,,,,,,,,,,,,,,,,462.3798243270954,,#000000
2022-02-18 00:00:00+00:00,488.3044064287,493.2858409687,486.0760955097,490.4188968071,2154742,0.0,0.0,0.0,0.0,0.0,0.0,0.0,0.0,,,,,,,,,,,,,,,,,462.5435274048487,,,,,,,,,,,,,,,,,462.5435274048487,,#000000
2022-02-22 00:00:00+00:00,478.3129631544,490.1236301326,474.4840211179,485.7613031358,2405835,0.0,0.0,0.0,0.0,0.0,0.0,0.0,0.0,,,,,,,,,,,,,,,,,462.66817565204065,,,,,,,,,,,,,,,,,462.66817565204065,,#000000
2022-02-23 00:00:00+00:00,471.7218490021,483.8277826547,471.2598995275,479.0368427434,2021429,0.0,0.0,0.0,0.0,0.0,0.0,0.0,0.0,,,,,,,,,,,,,,,,,462.74126578474625,,,,,,,,,,,,,,,,,462.74126578474625,,"rgba(239, 83, 80, 1.0)"
2022-02-24 00:00:00+00:00,481.551371842,482.4705084254,460.0254788011,460.2969336469,2859804,0.0,0.0,0.0,0.0,0.0,0.0,0.0,0.0,,,,,,,,,,,,,,,,,462.8359678743207,,,,,,,,,,,,,,,,,462.8359678743207,,"rgba(239, 83, 80, 0.5)"
2022-02-25 00:00:00+00:00,492.8953269799,493.6192065689,481.2333410594,484.4087912722,2002964,0.0,0.0,0.0,0.0,0.0,0.0,0.0,0.0,,,,,,,,,,,,,,,,,462.9818715877288,,,,,,,,,,,,,,,,,462.9818715877288,,#000000
2022-02-28 00:00:00+00:00,494.5716797123,494.9336195068,486.9995182223,489.8569376525,2408949,0.0,0.0,0.0,0.0,0.0,0.0,0.0,0.0,,,,,,,,,,,,,,,,,463.17449212889034,,,,,,,,,,,,,,,,,463.17449212889034,,#000000
2022-03-01 00:00:00+00:00,498.0767808801,504.2011831921,494.5145313237,494.7716990724,2316018,0.0,0.0,0.0,0.0,0.0,0.0,0.0,0.0,,,,,,,,,,,,,,,,,463.39993811688447,,,,,,,,,,,,,,,,,463.39993811688447,,"rgba(38, 166, 154, 1.0)"
2022-03-02 00:00:00+00:00,502.9058197171,507.753908017,495.0669657469,499.0959271435,2571468,0.0,0.0,0.0,0.0,0.0,0.0,0.0,0.0,,,,,,,,,,,,,,,,,463.6676457497647,,,,,,,,,,,,,,,,,463.6676457497647,,"rgba(38, 166, 154, 1.0)"
2022-03-03 00:00:00+00:00,507.7158090913,513.3449253688,504.372628358,509.0873704178,3851836,0.0,0.0,0.0,0.0,0.0,0.0,0.0,0.0,,,,,,,,,,,,,,,,,464.12945531486446,,,,,,,,,,,,,,,,,464.12945531486446,,"rgba(38, 166, 154, 1.0)"
2022-03-04 00:00:00+00:00,500.5246368586,504.7345681524,487.4567053311,494.8097979982,4418923,0.0,0.0,0.0,0.0,0.0,0.0,0.0,0.0,,,,,,,,,,,,,,,,,464.5202328089642,,,,,,,,,,,,,,,,,464.5202328089642,,"rgba(38, 166, 154, 1.0)"
2022-03-07 00:00:00+00:00,503.4011057517,519.3740803666,498.5455881612,498.5720669146,3896920,0.0,0.0,0.0,0.0,0.0,0.0,0.0,0.0,,,,,,,,,,,,,,,,,464.9546001872253,,,,,,,,,,,,,,,,,464.9546001872253,,"rgba(38, 166, 154, 1.0)"
2022-03-08 00:00:00+00:00,498.4863443317,514.0783296892,497.5814948455,501.2104175219,3649663,0.0,0.0,0.0,0.0,0.0,0.0,0.0,0.0,,,,,,,,,,,,,,,,,465.3182030716157,,,,,,,,,,,,,,,,,465.3182030716157,,"rgba(38, 166, 154, 1.0)"
2022-03-09 00:00:00+00:00,502.5724541169,505.6298929072,491.1999247847,502.5438799226,2789706,0.0,0.0,0.0,0.0,0.0,0.0,0.0,0.0,,,,,,,,,,,,,,,,,465.5658089964061,,,,,,,,,,,,,,,,,465.5658089964061,,"rgba(38, 166, 154, 1.0)"
2022-03-10 00:00:00+00:00,507.401492954,508.9730736406,493.5144345231,498.2482260459,1777660,0.0,0.0,0.0,0.0,0.0,0.0,0.0,0.0,,,,,,,,,,,,,,,,,465.7376639562741,,,,,,,,,,,,,,,,,465.7376639562741,,"rgba(38, 166, 154, 1.0)"
2022-03-11 00:00:00+00:00,502.3533852939,516.859551268,501.410436882,511.1161382132,1735112,0.0,0.0,0.0,0.0,0.0,0.0,0.0,0.0,,,,,,,,,,,,,,,,,465.91973965303185,,,,,,,,,,,,,,,,,465.91973965303185,,"rgba(38, 166, 154, 1.0)"
2022-03-14 00:00:00+00:00,500.9532497731,509.8683983954,498.6577894975,502.6867508941,1950008,0.0,0.0,0.0,0.0,0.0,0.0,0.0,0.0,,,,,,,,,,,,,,,,,466.1040653965032,,,,,,,,,,,,,,,,,466.1040653965032,,"rgba(38, 166, 154, 1.0)"
2022-03-15 00:00:00+00:00,516.5452351306,518.0025190401,502.8296218656,504.8107660039,2547887,0.0,0.0,0.0,0.0,0.0,0.0,0.0,0.0,,,,,,,,,,,,,,,,,466.4019285229226,,,,,,,,,,,,,,,,,466.4019285229226,,"rgba(38, 166, 154, 1.0)"
2022-03-16 00:00:00+00:00,517.5643813941,525.4032353643,506.0108821646,518.6502007776,3017225,0.0,0.0,0.0,0.0,0.0,0.0,0.0,0.0,,,,,,,,,,,,,,,,,466.77895025872965,,,,,,,,,,,,,,,,,466.77895025872965,,"rgba(38, 166, 154, 1.0)"
2022-03-17 00:00:00+00:00,526.5176289421,526.8795687366,517.3834114968,517.5262824684,1974206,0.0,0.0,0.0,0.0,0.0,0.0,0.0,0.0,,,,,,,,,,,,,,,,,467.05830681963806,,,,,,,,,,,,,,,,,467.05830681963806,,"rgba(38, 166, 154, 1.0)"
2022-03-18 00:00:00+00:00,534.6707990496,535.8137668217,523.3935170317,526.6795493765,3529044,0.0,0.0,0.0,0.0,0.0,0.0,0.0,0.0,,,,,,,,,,,,,,,,,467.61797507274866,,,,,,,,,,,,,,,,,467.61797507274866,,"rgba(38, 166, 154, 1.0)"
2022-03-21 00:00:00+00:00,529.127405355,539.814154024,524.6603063124,533.5183065461,3110407,0.0,0.0,0.0,0.0,0.0,0.0,0.0,0.0,,,,,,,,,,,,,,,,,468.1025260637436,,,,,,,,,,,,,,,,,468.1025260637436,,"rgba(38, 166, 154, 1.0)"
2022-03-22 00:00:00+00:00,532.8325258829,533.7183259062,526.0747289304,530.4894419501,1760660,0.0,0.0,0.0,0.0,0.0,0.0,0.0,0.0,,,,,,,,,,,,,,,,,468.3721511630441,,,,,,,,,,,,,,,,,468.3721511630441,,"rgba(38, 166, 154, 1.0)"
2022-03-23 00:00:00+00:00,527.6891709085,534.042166775,525.6794525759,530.4799172186,1546756,0.0,0.0,0.0,0.0,0.0,0.0,0.0,0.0,,,,,,,,,,,,,,,,,468.60058070707896,,,,,,,,,,,,,,,,,468.60058070707896,,"rgba(38, 166, 154, 1.0)"
2022-03-24 00:00:00+00:00,531.584786065,531.7276570365,523.1172998201,529.1083558921,1614151,0.0,0.0,0.0,0.0,0.0,0.0,0.0,0.0,,,,,,,,,,,,,,,,,468.83586129679406,,,,,,,,,,,,,,,,,468.83586129679406,,"rgba(38, 166, 154, 1.0)"
2022-03-25 00:00:00+00:00,529.2988505208,533.7944285104,524.0745353293,533.2135151402,1928335,0.0,0.0,0.0,0.0,0.0,0.0,0.0,0.0,,,,,,,,,,,,,,,,,469.1156815861401,,,,,,,,,,,,,,,,,469.1156815861401,,"rgba(38, 166, 154, 0.75)"
2022-03-28 00:00:00+00:00,538.3473453832,538.3949690403,527.1938848739,530.2798978585,2056125,0.0,0.0,0.0,0.0,0.0,0.0,0.0,0.0,,,,,,,,,,,,,,,,,469.438751712604,,,,,,,,,,,,,,,,,469.438751712604,,"rgba(38, 166, 154, 0.75)"
2022-03-29 00:00:00+00:00,542.8906422772,544.071708975,537.6996636456,541.0047454533,2005367,0.0,0.0,0.0,0.0,0.0,0.0,0.0,0.0,,,,,,,,,,,,,,,,,469.78385310931225,,,,,,,,,,,,,,,,,469.78385310931225,,"rgba(38, 166, 154, 1.0)"
2022-03-30 00:00:00+00:00,549.0721929779,550.7675951731,541.5667998552,543.8145412263,2086497,0.0,0.0,0.0,0.0,0.0,0.0,0.0,0.0,,,,,,,,,,,,,,,,,470.1670802160935,,,,,,,,,,,,,,,,,470.1670802160935,,"rgba(38, 166, 154, 1.0)"
2022-03-31 00:00:00+00:00,548.481659629,558.4540534404,548.1578187602,551.1962080877,3439768,0.0,0.0,0.0,0.0,0.0,0.0,0.0,0.0,,,,,,,,,,,,,,,,,470.8276012089561,,,,,,,,,,,,,,,,,470.8276012089561,,"rgba(38, 166, 154, 1.0)"
2022-04-01 00:00:00+00:00,548.2149671488,555.2823178729,545.1099047013,549.9389435384,1933507,0.0,0.0,0.0,0.0,0.0,0.0,0.0,0.0,,,,,,,,,,,,,,,,,471.18440385163774,,,,,,,,,,,,,,,,,471.18440385163774,,"rgba(38, 166, 154, 1.0)"
2022-04-04 00:00:00+00:00,547.7958789657,552.1391564996,544.3098272609,546.6624359251,2202421,0.0,0.0,0.0,0.0,0.0,0.0,0.0,0.0,,,,,,,,,,,,,,,,,471.57944003967674,,,,,,,,,,,,,,,,,471.57944003967674,,"rgba(38, 166, 154, 1.0)"
2022-04-05 00:00:00+00:00,547.976848863,556.2252662848,544.9098853412,545.3765971815,1822726,0.0,0.0,0.0,0.0,0.0,0.0,0.0,0.0,,,,,,,,,,,,,,,,,471.9101843504474,,,,,,,,,,,,,,,,,471.9101843504474,,"rgba(38, 166, 154, 1.0)"
2022-04-06 00:00:00+00:00,556.996769531,558.9112405492,543.2582969105,546.748158508,2646237,0.0,0.0,0.0,0.0,0.0,0.0,0.0,0.0,,,,,,,,,,,,,,,,,472.40587888601783,,,,,,,,,,,,,,,,,472.40587888601783,,"rgba(38, 166, 154, 1.0)"
2022-04-07 00:00:00+00:00,579.1512948466,583.1707315117,560.7971373732,564.1403181065,4804249,-1.0,583.1707,560.7971,619.0,-1.0,583.1707,560.7971,619.0,,,,,,,,,,,,,,,,,473.5243330471755,,,,,,574.3730545771666,,,,,,,,,,,473.5243330471755,,"rgba(38, 166, 154, 1.0)"
2022-04-08 00:00:00+00:00,571.5219849679,579.1036711894,569.3170096409,577.5606646971,3230210,0.0,0.0,0.0,0.0,0.0,0.0,0.0,0.0,,,,,,,,,,,,,,,,,474.25489728823186,,,,,,573.9473567428289,,,,,,,,,,,474.25489728823186,,"rgba(38, 166, 154, 1.0)"
2022-04-11 00:00:00+00:00,556.8824727538,572.4363591856,555.1013479756,570.3313935387,2792714,0.0,0.0,0.0,0.0,0.0,0.0,0.0,0.0,,,,,,,,,,,,,,,,,474.8034722453323,,,,,,570.7298767664479,,,,,,,,,,,474.8034722453323,,"rgba(38, 166, 154, 0.75)"
2022-04-12 00:00:00+00:00,553.7297866491,563.6110287807,551.2533564763,558.8064685035,2141958,0.0,0.0,0.0,0.0,0.0,0.0,0.0,0.0,,,,,,,,,,,,,,,,,475.1942387812956,,,,,,568.3298279924509,,,,,,,,,,,475.1942387812956,,"rgba(38, 166, 154, 0.75)"
2022-04-13 00:00:00+00:00,562.9973503344,565.2832858786,554.7870318383,554.7870318383,2211841,0.0,0.0,0.0,0.0,0.0,0.0,0.0,0.0,,,,,,,,,,,,,,,,,475.6176357034273,,,,,,567.2651712792159,,,,,,,,,,,475.6176357034273,,"rgba(38, 166, 154, 0.75)"
2022-04-14 00:00:00+00:00,562.3306191341,567.9406859487,559.1493588351,563.6545568034,2206167,0.0,0.0,0.0,0.0,0.0,0.0,0.0,0.0,,,,,,,,,,,,,,,,,476.04617440527824,,,,,,566.7417770331796,,,,,,,,,,,476.04617440527824,,"rgba(38, 166, 154, 0.75)"
2022-04-18 00:00:00+00:00,554.4536662381,563.9688729407,552.0534339167,557.5587286856,2161925,0.0,0.0,0.0,0.0,0.0,0.0,0.0,0.0,,,,,,,,,,,,,,,,,476.4319125701706,,,,,,565.6451195699734,,,,,,,,,,,476.4319125701706,,"rgba(38, 166, 154, 0.75)"
2022-04-19 00:00:00+00:00,566.0547891248,566.5595998908,554.3393694609,555.6252082045,2327834,0.0,0.0,0.0,0.0,0.0,0.0,0.0,0.0,,,,,,,,,,,,,,,,,476.87125165998356,,,,,,565.2910853981306,,,,,,,,,,,476.87125165998356,,"rgba(38, 166, 154, 0.75)"
2022-04-20 00:00:00+00:00,574.8461162384,576.5129442393,568.9169709207,570.6742838703,1752405,0.0,0.0,0.0,0.0,0.0,0.0,0.0,0.0,,,,,,,,,,,,,,,,,477.24164348417037,,,,,,565.8943412408354,,,,,,,,,,,477.24164348417037,,"rgba(38, 166, 154, 0.75)"
2022-04-21 00:00:00+00:00,563.6164578777,580.2275894986,563.054498723,578.4178905261,2027947,0.0,0.0,0.0,0.0,0.0,0.0,0.0,0.0,,,,,,,,,,,,,,,,,477.6470350138738,,,,,,566.1371392928149,,,,,,,,,,,477.6470350138738,,"rgba(38, 166, 154, 0.5)"
2022-04-22 00:00:00+00:00,544.5288960838,563.7688535806,543.9097885406,562.2925202083,2878169,0.0,0.0,0.0,0.0,0.0,0.0,0.0,0.0,,,,,,,,,,,,,,,,,478.10263538319646,,,,,,564.5837180965601,,,,,,,,,,,478.10263538319646,,"rgba(38, 166, 154, 0.5)"
2022-04-25 00:00:00+00:00,541.2047648134,543.2240078774,527.2224590682,543.2049584145,3154501,0.0,0.0,0.0,0.0,0.0,0.0,0.0,0.0,,,,,,,,,,,,,,,,,478.5037644506527,,,,,,561.859568085842,,,,,,,,,,,478.5037644506527,,#000000
2022-04-26 00:00:00+00:00,527.4415278912,541.328586322,527.0129149767,538.3854443089,2044817,0.0,0.0,0.0,0.0,0.0,0.0,0.0,0.0,,,,,,,,,,,,,,,,,478.7377256860291,,,,,,560.0452589667802,,,,,,,,,,,478.7377256860291,,"rgba(239, 83, 80, 1.0)"
2022-04-27 00:00:00+00:00,527.7463192971,536.8329130851,526.5747773307,529.7560376297,2261581,0.0,0.0,0.0,0.0,0.0,0.0,0.0,0.0,,,,,,,,,,,,,,,,,478.9866756634277,,,,,,558.1817399070666,,,,,,,,,,,478.9866756634277,,"rgba(239, 83, 80, 1.0)"
2022-04-28 00:00:00+00:00,536.1471324219,538.8183280994,520.6923574304,529.9175225025,2118683,0.0,0.0,0.0,0.0,0.0,0.0,0.0,0.0,,,,,,,,,,,,,,,,,479.2244769556439,,,,,,556.7200459750352,,,,,,,,,,,479.2244769556439,,"rgba(239, 83, 80, 1.0)"
2022-04-29 00:00:00+00:00,507.2600591661,535.741683078,505.3329822845,535.1263540737,2968024,0.0,0.0,0.0,0.0,0.0,0.0,0.0,0.0,,,,,,,,,,,,,,,,,479.455318578068,,,,,,553.7863058981158,,,,,,,,,,,479.455318578068,,"rgba(239, 83, 80, 1.0)"
2022-05-02 00:00:00+00:00,504.6174834423,514.3911976267,494.4240099371,507.7465983788,3303362,0.0,0.0,0.0,0.0,0.0,0.0,0.0,0.0,,,,,,,,,,,,,,,,,479.6283959283236,,,,,,550.1166081291027,,,,,,,,,,,479.6283959283236,,"rgba(239, 83, 80, 1.0)"
2022-05-03 00:00:00+00:00,503.7875047853,509.6927552296,499.6109949436,505.6191818214,2398040,0.0,0.0,0.0,0.0,0.0,0.0,0.0,0.0,,,,,,,,,,,,,,,,,479.75197846987277,,,,,,547.7714435737187,,,,,,,,,,,479.75197846987277,,"rgba(239, 83, 80, 1.0)"
2022-05-04 00:00:00+00:00,519.3853795453,521.0158583069,498.7599329208,507.1455793514,2453546,0.0,0.0,0.0,0.0,0.0,0.0,0.0,0.0,,,,,,,,,,,,,,,,,479.9213456863523,,,,,,546.0414470323761,,,,,,,,,,,479.9213456863523,,"rgba(239, 83, 80, 1.0)"
2022-05-05 00:00:00+00:00,493.5224813959,517.3915227717,488.6093893461,516.6569439604,3977041,0.0,0.0,0.0,0.0,0.0,0.0,0.0,0.0,,,,,,,,,,,,,,,,,480.0842180172892,,,,,,542.5886517292928,,,,,,,,,,,480.0842180172892,,"rgba(239, 83, 80, 1.0)"
2022-05-06 00:00:00+00:00,480.2046629464,492.6793375603,475.873509955,490.7368059036,3560758,0.0,0.0,0.0,0.0,0.0,0.0,0.0,0.0,,,,,,,,,,,,,,,,,480.1048206667022,,,,,,538.8464113970005,,,,,,,,,,,480.1048206667022,,"rgba(239, 83, 80, 1.0)"
2022-05-09 00:00:00+00:00,475.8830499395,483.72491725,471.5995968709,473.2786341539,3292742,0.0,0.0,0.0,0.0,0.0,0.0,0.0,0.0,,,,,,,,,,,,,,,,,480.08455630407167,,,,,,535.4600040346277,,,,,,,,,,,480.08455630407167,,"rgba(239, 83, 80, 1.0)"
2022-05-10 00:00:00+00:00,478.3920658795,487.1402317235,472.8302548795,486.2530131591,2729398,0.0,0.0,0.0,0.0,0.0,0.0,0.0,0.0,,,,,,,,,,,,,,,,,480.0810873910781,,,,,,533.0258120705398,,,,,,,,,,,480.0810873910781,,"rgba(239, 83, 80, 1.0)"
2022-05-11 00:00:00+00:00,466.5815649909,484.6312157835,465.3699869515,480.7389020819,2782894,0.0,0.0,0.0,0.0,0.0,0.0,0.0,0.0,,,,,,,,,,,,,,,,,480.03708271644444,,,,,,530.4444504957272,,,,,,,,,,,480.03708271644444,,"rgba(239, 83, 80, 1.0)"
2022-05-12 00:00:00+00:00,463.8149694678,474.3812655697,457.6913487768,464.3969085261,2829489,0.0,0.0,0.0,0.0,0.0,0.0,0.0,0.0,,,,,,,,,,,,,,,,,479.9539284939196,,,,,,527.7498675155535,,,,,,,,,,,479.9539284939196,,"rgba(239, 83, 80, 1.0)"
2022-05-13 00:00:00+00:00,474.3948123478,475.8488967948,467.0776441882,470.4261787697,2338637,0.0,0.0,0.0,0.0,0.0,0.0,0.0,0.0,,,,,,,,,,,,,,,,,479.91906053735937,,,,,,525.9215904801658,,,,,,,,,,,479.91906053735937,,"rgba(239, 83, 80, 1.0)"
2022-05-16 00:00:00+00:00,471.7808565776,474.7811817225,467.0967241573,473.3167940922,1579715,0.0,0.0,0.0,0.0,0.0,0.0,0.0,0.0,,,,,,,,,,,,,,,,,479.8918751757137,,,,,,524.726855361448,,,,,,,,,,,479.8918751757137,,"rgba(239, 83, 80, 1.0)"
2022-05-17 00:00:00+00:00,467.9076228451,470.855478075,458.138678653,466.6578848674,2602815,0.0,0.0,0.0,0.0,0.0,0.0,0.0,0.0,,,,,,,,,,,,,,,,,479.8188397759437,,,,,,522.6742067480914,,,,,,,,,,,479.8188397759437,,"rgba(239, 83, 80, 1.0)"
2022-05-18 00:00:00+00:00,409.6469371209,442.521628524,405.0209986065,438.8392898827,9511603,0.0,0.0,0.0,0.0,0.0,0.0,0.0,0.0,,,,,,,,,,,,,,,,,478.70244195471406,,,,,,511.0035399389185,,,,,,,,,,,478.70244195471406,,"rgba(239, 83, 80, 1.0)"
2022-05-19 00:00:00+00:00,403.4745671089,410.7204715838,399.458233608,410.5723156235,5839640,0.0,0.0,0.0,0.0,0.0,0.0,0.0,0.0,,,,,,,,,,,,,,,,,477.875239742465,,,,,,504.1180131895495,,,,,,,,,,,477.875239742465,,"rgba(239, 83, 80, 1.0)"
2022-05-20 00:00:00+00:00,397.2735771431,409.12223797,387.8100078568,409.0745380472,5115014,0.0,0.0,0.0,0.0,0.0,0.0,0.0,0.0,,,,,,,,,,,,,,,,,477.1029694641568,,,,,,498.4318793943322,,,,,,,,,,,477.1029694641568,,"rgba(239, 83, 80, 1.0)"
2022-05-23 00:00:00+00:00,409.7232569974,410.2193361947,397.5025367727,400.679351632,3687167,0.0,0.0,0.0,0.0,0.0,0.0,0.0,0.0,,,,,,,,,,,,,,,,,476.60914410468234,,,,,,494.9854027882857,,,,,,,,,,,476.60914410468234,,"rgba(239, 83, 80, 1.0)"
2022-05-24 00:00:00+00:00,417.5746642925,418.5477427179,404.8292449168,405.2585442221,3473424,0.0,0.0,0.0,0.0,0.0,0.0,0.0,0.0,,,,,,,,,,,,,,,,,476.2009632980913,,,,,,492.2307705456135,,,,,,,,,,,476.2009632980913,,"rgba(239, 83, 80, 0.75)"
2022-05-25 00:00:00+00:00,419.8642605875,422.8693557248,411.0065757208,416.2581464229,3225105,0.0,0.0,0.0,0.0,0.0,0.0,0.0,0.0,,,,,,,,,,,,,,,,,475.8521821503498,,,,,,489.9649963512541,,,,,,,,,,,475.8521821503498,,"rgba(239, 83, 80, 0.75)"
2022-05-26 00:00:00+00:00,443.5997421795,446.5142074634,426.9238491639,428.4407067094,5917606,0.0,0.0,0.0,0.0,0.0,0.0,0.0,0.0,,,,,,,,,,,,,,,,,475.4520977144134,,,,,,487.2656816447557,,,,,,,,,,,475.4520977144134,,"rgba(239, 83, 80, 0.75)"
2022-05-27 00:00:00+00:00,449.1043132721,453.0347869119,434.1837774161,435.7864948226,5719609,0.0,0.0,0.0,0.0,0.0,0.0,0.0,0.0,,,,,,,,,,,,,,,,,475.1403489242929,,,,,,485.2283815645455,,,,,,,,,,,475.1403489242929,,"rgba(239, 83, 80, 0.75)"
2022-05-31 00:00:00+00:00,444.7731602807,449.1424732104,436.9599129238,449.1043132721,4424541,0.0,0.0,0.0,0.0,0.0,0.0,0.0,0.0,,,,,,,,,,,,,,,,,474.88912101664357,,,,,,483.7176523326698,,,,,,,,,,,474.88912101664357,,"rgba(239, 83, 80, 0.75)"
2022-06-01 00:00:00+00:00,435.9677545293,448.8562736735,435.6863249847,447.7877954025,2319395,0.0,0.0,0.0,0.0,0.0,0.0,0.0,0.0,,,,,,,,,,,,,,,,,474.74463994588274,,,,,,482.9041840681273,,,,,,,,,,,474.74463994588274,,"rgba(239, 83, 80, 0.75)"
2022-06-02 00:00:00+00:00,465.1791872602,468.5372618263,436.8168131554,439.6978884933,4950575,0.0,0.0,0.0,0.0,0.0,0.0,0.0,0.0,,,,,,,,,,,,,,,,,474.5870449279785,,,,,,481.90499209263305,,,,,,,,,,,474.5870449279785,,"rgba(239, 83, 80, 0.75)"
2022-06-03 00:00:00+00:00,454.341764797,465.6943464266,453.7121258159,462.717871243,2857437,0.0,0.0,0.0,0.0,0.0,0.0,0.0,0.0,,,,,,,,,,,,,,,,,474.5027571564453,,,,,,481.38559019216365,,,,,,,,,,,474.5027571564453,,#000000
2022-06-06 00:00:00+00:00,450.7356506323,458.8732574643,447.339416128,458.3962582362,2297043,0.0,0.0,0.0,0.0,0.0,0.0,0.0,0.0,,,,,,,,,,,,,,,,,474.4129468009652,,,,,,480.8882785150035,,,,,,,,,,,474.4129468009652,,#000000
2022-06-07 00:00:00+00:00,450.0773916975,451.9376886872,438.4481505156,438.7534300216,2435455,0.0,0.0,0.0,0.0,0.0,0.0,0.0,0.0,,,,,,,,,,,,,,,,,474.29503239302124,,,,,,480.2813578447962,,,,,,,,,,,474.29503239302124,,#000000
2022-06-08 00:00:00+00:00,446.4617375483,452.6052968069,445.4123392464,450.0773916975,1697022,0.0,0.0,0.0,0.0,0.0,0.0,0.0,0.0,,,,,,,,,,,,,,,,,474.21743836375117,,,,,,479.88749817028616,,,,,,,,,,,474.21743836375117,,#000000
2022-06-09 00:00:00+00:00,450.3349712807,461.9642124626,445.660378845,445.8416385517,3087499,0.0,0.0,0.0,0.0,0.0,0.0,0.0,0.0,,,,,,,,,,,,,,,,,474.10158305078676,,,,,,479.29320778673724,,,,,,,,,,,474.10158305078676,,#000000
2022-06-10 00:00:00+00:00,441.9970247729,446.6514878412,436.7023333407,443.609282164,2551932,0.0,0.0,0.0,0.0,0.0,0.0,0.0,0.0,,,,,,,,,,,,,,,,,473.9587056218579,,,,,,478.6286638181207,,,,,,,,,,,473.9587056218579,,#000000
2022-06-13 00:00:00+00:00,431.4458018466,437.5370819899,428.2499070181,429.29930532,3113404,0.0,0.0,0.0,0.0,0.0,0.0,0.0,0.0,,,,,,,,,,,,,,,,,473.735812029255,,,,,,477.6508204423002,,,,,,,,,,,473.735812029255,,"rgba(239, 83, 80, 0.5)"
2022-06-14 00:00:00+00:00,433.8784979101,437.6563317969,429.5664248878,431.4458018466,2224642,0.0,0.0,0.0,0.0,0.0,0.0,0.0,0.0,,,,,,,,,,,,,,,,,473.58292981534106,,,,,,476.99628711169606,,,,,,,,,,,473.58292981534106,,"rgba(239, 83, 80, 0.5)"
2022-06-15 00:00:00+00:00,437.6849517506,442.998723152,430.6253631742,437.4082921983,2250190,0.0,0.0,0.0,0.0,0.0,0.0,0.0,0.0,,,,,,,,,,,,,,,,,473.44256717956927,,,,,,476.4042697913114,,,,,,,,,,,473.44256717956927,,"rgba(239, 83, 80, 0.5)"
2022-06-16 00:00:00+00:00,430.9783426031,436.7118733252,427.3626884538,429.5950448415,2906555,0.0,0.0,0.0,0.0,0.0,0.0,0.0,0.0,,,,,,,,,,,,,,,,,473.2360546626416,,,,,,475.56316624004796,,,,,,,,,,,473.2360546626416,,"rgba(239, 83, 80, 0.5)"
2022-06-17 00:00:00+00:00,426.1415704298,434.72517154,422.8121158174,430.3010036991,3623435,1.0,434.72516,422.8121,0.0,0.0,0.0,0.0,0.0,,,,,,,,,,,,,,,,427.89295259573333,472.95821912196084,,,,,,474.4710431485808,,,,,,,,,,,472.95821912196084,,"rgba(239, 83, 80, 0.5)"
2022-06-21 00:00:00+00:00,441.8062250817,443.4375624419,428.4788666476,429.824004471,2420616,0.0,0.0,0.0,0.0,0.0,0.0,0.0,0.0,,,,,,,,,,,,,,,,431.9037556276652,472.81532834801266,,,,,,473.91987881501655,,,,,,,,,,,472.81532834801266,,"rgba(239, 83, 80, 0.5)"
2022-06-22 00:00:00+00:00,438.8011299444,443.3449291918,437.4082921983,438.2573508244,1827536,0.0,0.0,0.0,0.0,0.0,0.0,0.0,0.0,,,,,,,,,,,,,,,,433.7489614794697,472.7141816781402,,,,,,473.5365152186251,,,,,,,,,,,472.7141816781402,,"rgba(239, 83, 80, 0.5)"
2022-06-23 00:00:00+00:00,453.1492667267,454.3703847507,444.286621068,444.9162600491,2030070,0.0,0.0,0.0,0.0,0.0,0.0,0.0,0.0,,,,,,,,,,,,,,,,437.2042450080871,472.63906948976836,,,,,,473.25337814937535,,,,,,,,,,,472.63906948976836,,#000000
2022-06-24 00:00:00+00:00,462.0882322619,462.5270715518,454.7481681394,457.919259008,2862608,0.0,0.0,0.0,0.0,0.0,0.0,0.0,0.0,,,,,,,,,,,,,,,,442.2690046198728,472.5778060456721,,,,,,473.0229748720814,,,,,,,,,,,472.5778060456721,,"rgba(38, 166, 154, 1.0)"
2022-06-27 00:00:00+00:00,459.5887563065,464.8262078314,455.3911630989,463.4619900389,2034692,0.0,0.0,0.0,0.0,0.0,0.0,0.0,0.0,,,,,,,,,,,,,,,,444.69793417203977,472.53511326103313,,,,,,472.86571742570857,,,,,,,,,,,472.53511326103313,,"rgba(38, 166, 154, 1.0)"
2022-06-28 00:00:00+00:00,447.0532165911,464.8262078314,446.3663377026,461.258253605,1761731,0.0,0.0,0.0,0.0,0.0,0.0,0.0,0.0,,,,,,,,,,,,,,,,445.55436509555955,472.4774277966057,,,,,,472.65857779155846,,,,,,,,,,,472.4774277966057,,"rgba(38, 166, 154, 1.0)"
2022-06-29 00:00:00+00:00,448.2266346924,451.2160842549,444.9591899796,449.2855729788,1275598,0.0,0.0,0.0,0.0,0.0,0.0,0.0,0.0,,,,,,,,,,,,,,,,445.7388507222541,472.42614903140685,,,,,,472.4770898983721,,,,,,,,,,,472.42614903140685,,"rgba(38, 166, 154, 1.0)"
2022-06-30 00:00:00+00:00,457.2323801195,459.9131157816,443.3421625963,446.7574770697,3852375,0.0,0.0,0.0,0.0,0.0,0.0,0.0,0.0,,,,,,,,,,,,,,,,447.11666788749216,472.3064825347741,,,,,,472.0621503460207,,,,,,,,,,,472.3064825347741,,"rgba(38, 166, 154, 1.0)"
2022-07-01 00:00:00+00:00,463.4142901161,468.651741641,456.0112620955,459.0449771864,2660404,0.0,0.0,0.0,0.0,0.0,0.0,0.0,0.0,,,,,,,,,,,,,,,,448.81849188950855,472.26469472482376,,,,,,471.9228028075343,,,,,,,,,,,472.26469472482376,,"rgba(38, 166, 154, 1.0)"
2022-07-05 00:00:00+00:00,465.7992862568,468.3178421813,456.4501013854,463.2234904249,2490345,0.0,0.0,0.0,0.0,0.0,0.0,0.0,0.0,,,,,,,,,,,,,,,,450.18282250632745,472.2292691729067,,,,,,471.8074628093284,,,,,,,,,,,472.2292691729067,,"rgba(38, 166, 154, 1.0)"
2022-07-06 00:00:00+00:00,469.9873394798,474.1563127337,465.3413669978,465.7992862568,2262272,0.0,0.0,0.0,0.0,0.0,0.0,0.0,0.0,,,,,,,,,,,,,,,,451.7100023977404,472.2204635388774,,,,,,471.7830816101099,,,,,,,,,,,472.2204635388774,,"rgba(38, 166, 154, 1.0)"
2022-07-07 00:00:00+00:00,472.1815359292,472.7348550338,466.7151247748,469.4244803906,2125209,0.0,0.0,0.0,0.0,0.0,0.0,0.0,0.0,,,,,,,,,,,,,,,,452.99177707577365,472.2147067507245,,,,,,471.7689041503849,,,,,,,,,,,472.2147067507245,,"rgba(38, 166, 154, 1.0)"
2022-07-08 00:00:00+00:00,478.468385756,482.265299612,474.1372327646,474.4425122706,2607818,0.0,0.0,0.0,0.0,0.0,0.0,0.0,0.0,,,,,,,,,,,,,,,,454.9416670310082,472.240197530278,,,,,,471.85918676621077,,,,,,,,,,,472.240197530278,,"rgba(38, 166, 154, 1.0)"
2022-07-11 00:00:00+00:00,475.9498298315,482.2939195656,472.076596099,478.0677064044,1891484,0.0,0.0,0.0,0.0,0.0,0.0,0.0,0.0,,,,,,,,,,,,,,,,456.0975266922275,472.2539509135624,,,,,,471.9080416209704,,,,,,,,,,,472.2539509135624,,"rgba(38, 166, 154, 1.0)"
2022-07-12 00:00:00+00:00,468.0030226908,478.8118252003,465.5894065964,474.1467727491,1775346,0.0,0.0,0.0,0.0,0.0,0.0,0.0,0.0,,,,,,,,,,,,,,,,456.7936179888056,472.24982641546126,,,,,,471.89781114068523,,,,,,,,,,,472.24982641546126,,"rgba(38, 166, 154, 1.0)"
2022-07-13 00:00:00+00:00,469.5771201436,474.4425122706,461.563533111,462.0405323391,2008384,0.0,0.0,0.0,0.0,0.0,0.0,0.0,0.0,,,,,,,,,,,,,,,,457.3900905871592,472.2379083801789,,,,,,471.86293062291827,,,,,,,,,,,472.2379083801789,,"rgba(38, 166, 154, 0.75)"
2022-07-14 00:00:00+00:00,488.3899697012,489.658787648,470.9127179824,473.2690941694,3715592,0.0,0.0,0.0,0.0,0.0,0.0,0.0,0.0,,,,,,,,,,,,,,,,459.5903711518173,472.3012093644289,,,,,,472.07193501397126,,,,,,,,,,,472.3012093644289,,"rgba(38, 166, 154, 0.75)"
2022-07-15 00:00:00+00:00,498.8934927047,500.6583898488,492.0533237732,493.1408820134,4265057,0.0,0.0,0.0,0.0,0.0,0.0,0.0,0.0,,,,,,,,,,,,,,,,462.9681913336081,472.4683999449357,,,,,,472.6024586000351,,,,,,,,,,,472.4683999449357,,"rgba(38, 166, 154, 1.0)"
2022-07-18 00:00:00+00:00,492.5494029705,504.2168040906,491.9436139508,497.8536343873,2464070,0.0,0.0,0.0,0.0,0.0,0.0,0.0,0.0,,,,,,,,,,,,,,,,464.60919408568185,472.5602430360853,,,,,,472.8872447611842,,,,,,,,,,,472.5602430360853,,"rgba(38, 166, 154, 1.0)"
2022-07-19 00:00:00+00:00,496.2986169036,501.4025086447,493.1885819362,498.3783335383,2391003,0.0,0.0,0.0,0.0,0.0,0.0,0.0,0.0,,,,,,,,,,,,,,,,466.0870364328037,472.6514010564827,,,,,,473.1654989186654,,,,,,,,,,,472.6514010564827,,"rgba(38, 166, 154, 1.0)"
2022-07-20 00:00:00+00:00,500.085990775,501.9558277493,493.0359421832,497.2812353136,1740735,0.0,0.0,0.0,0.0,0.0,0.0,0.0,0.0,,,,,,,,,,,,,,,,467.1256967738519,472.72112639504337,,,,,,473.37571406064916,,,,,,,,,,,472.72112639504337,,"rgba(38, 166, 154, 1.0)"
2022-07-21 00:00:00+00:00,505.104022655,505.3711422227,497.6017787949,499.933351022,1716080,0.0,0.0,0.0,0.0,0.0,0.0,0.0,0.0,,,,,,,,,,,,,,,,468.219468651404,472.80104980255265,,,,,,473.6148978753537,,,,,,,,,,,472.80104980255265,,"rgba(38, 166, 154, 1.0)"
2022-07-22 00:00:00+00:00,505.3520622536,512.4021108454,501.8699678882,506.2965207253,1800760,0.0,0.0,0.0,0.0,0.0,0.0,0.0,0.0,,,,,,,,,,,,,,,,469.41746705622694,472.895200620405,,,,,,473.89439641929954,,,,,,,,,,,472.895200620405,,"rgba(38, 166, 154, 1.0)"
2022-07-25 00:00:00+00:00,504.798743149,507.8038382862,501.8031879963,506.9738596293,1452731,0.0,0.0,0.0,0.0,0.0,0.0,0.0,0.0,,,,,,,,,,,,,,,,470.287897476975,472.966866059488,,,,,,474.1046115267837,,,,,,,,,,,472.966866059488,,"rgba(38, 166, 154, 1.0)"
2022-07-26 00:00:00+00:00,488.3804297166,495.778687745,485.3562546103,491.3092049774,3334847,0.0,0.0,0.0,0.0,0.0,0.0,0.0,0.0,,,,,,,,,,,,,,,,471.3328933426349,473.0534108297778,,,,,,474.34648985463,,,,,,,,,,,473.0534108297778,,"rgba(38, 166, 154, 0.75)"
2022-07-27 00:00:00+00:00,498.2829336927,501.1538012471,487.6553908899,489.4966079105,2060140,0.0,0.0,0.0,0.0,0.0,0.0,0.0,0.0,,,,,,,,,,,,,,,,472.11169106643797,473.12494013683556,,,,,,474.547350002818,,,,,,,,,,,473.12494013683556,,"rgba(38, 166, 154, 0.75)"
2022-07-28 00:00:00+00:00,512.3734908917,515.2402902365,497.1794543645,497.1794543645,2083253,0.0,0.0,0.0,0.0,0.0,0.0,0.0,0.0,,,,,,,,,,,,,,,,473.2436694201047,473.2368290365566,,,,,,474.86508197840715,,,,,,,,,,,473.2368290365566,,"rgba(38, 166, 154, 0.75)"
2022-07-29 00:00:00+00:00,517.2661617735,518.0497535944,508.2835238265,508.3790838047,2131516,0.0,0.0,0.0,0.0,0.0,0.0,0.0,0.0,,,,,,,,,,,,,,,,474.52537443204466,473.3709316034965,,,,,,475.24390073348803,,,,,,,,,,,473.3709316034965,,"rgba(38, 166, 154, 1.0)"
2022-08-01 00:00:00+00:00,522.53151657,528.1695552814,517.2183817844,517.3808337472,2256005,0.0,0.0,0.0,0.0,0.0,0.0,0.0,0.0,,,,,,,,,,,,,,,,476.0558849333654,473.53968785471716,,,,,,475.71815940198803,,,,,,,,,,,473.53968785471716,,"rgba(38, 166, 154, 1.0)"
2022-08-02 00:00:00+00:00,519.3302573017,526.5736080861,516.7549158903,519.8749491772,1984204,0.0,0.0,0.0,0.0,0.0,0.0,0.0,0.0,,,,,,,,,,,,,,,,477.2759863360288,473.6818930845222,,,,,,476.1122055048601,,,,,,,,,,,473.6818930845222,,"rgba(38, 166, 154, 1.0)"
2022-08-03 00:00:00+00:00,522.7226365263,524.3376001572,518.0466956751,520.8018809653,1693324,0.0,0.0,0.0,0.0,0.0,0.0,0.0,0.0,,,,,,,,,,,,,,,,478.28441700399884,473.8046638444754,,,,,,476.44911881257815,,,,,,,,,,,473.8046638444754,,"rgba(38, 166, 154, 1.0)"
2022-08-04 00:00:00+00:00,519.158249341,522.9042004848,516.6641339111,522.7130805285,2000678,0.0,0.0,0.0,0.0,0.0,0.0,0.0,0.0,,,,,,,,,,,,,,,,479.3628805238919,473.94250704970034,,,,,,476.8224140546026,,,,,,,,,,,473.94250704970034,,"rgba(38, 166, 154, 1.0)"
2022-08-05 00:00:00+00:00,516.6641339111,517.5528417079,509.6691435098,513.3864266602,1711488,0.0,0.0,0.0,0.0,0.0,0.0,0.0,0.0,,,,,,,,,,,,,,,,480.1336116451851,474.0470567064274,,,,,,477.1002995926946,,,,,,,,,,,474.0470567064274,,"rgba(38, 166, 154, 0.75)"
2022-08-08 00:00:00+00:00,517.8395216424,523.1908804193,514.7564700671,519.6933852187,1345699,0.0,0.0,0.0,0.0,0.0,0.0,0.0,0.0,,,,,,,,,,,,,,,,480.78337529930786,474.1368836688578,,,,,,477.33873590497524,,,,,,,,,,,474.1368836688578,,"rgba(38, 166, 154, 0.75)"
2022-08-09 00:00:00+00:00,512.0294749704,520.8018809653,510.1851673919,519.5022652624,1877305,0.0,0.0,0.0,0.0,0.0,0.0,0.0,0.0,,,,,,,,,,,,,,,,481.5559796971595,474.2496519993921,,,,,,477.6329717998717,,,,,,,,,,,474.2496519993921,,"rgba(38, 166, 154, 0.75)"
2022-08-10 00:00:00+00:00,515.8518740967,525.4938758929,513.4342066493,520.3049690789,2336567,0.0,0.0,0.0,0.0,0.0,0.0,0.0,0.0,,,,,,,,,,,,,,,,482.57851898193394,474.40276935324647,,,,,,478.0311464397547,,,,,,,,,,,474.40276935324647,,"rgba(38, 166, 154, 0.75)"
2022-08-11 00:00:00+00:00,508.570203761,519.3589252951,508.1975198462,519.1200253497,2340166,0.0,0.0,0.0,0.0,0.0,0.0,0.0,0.0,,,,,,,,,,,,,,,,483.37829892105185,474.5334678987105,,,,,,478.36174825927367,,,,,,,,,,,474.5334678987105,,"rgba(38, 166, 154, 0.75)"
2022-08-12 00:00:00+00:00,513.3577586668,514.4949224069,510.0322714268,512.3734908917,1918238,0.0,0.0,0.0,0.0,0.0,0.0,0.0,0.0,,,,,,,,,,,,,,,,484.0149594365633,474.64159018609803,,,,,,478.6326206362789,,,,,,,,,,,474.64159018609803,,"rgba(38, 166, 154, 0.75)"
2022-08-15 00:00:00+00:00,521.5185808015,522.7130805285,511.8956910009,512.5837228437,1847952,0.0,0.0,0.0,0.0,0.0,0.0,0.0,0.0,,,,,,,,,,,,,,,,484.7275071031793,474.7617529733058,,,,,,478.9355053280721,,,,,,,,,,,474.7617529733058,,"rgba(38, 166, 154, 0.75)"
2022-08-16 00:00:00+00:00,528.4657912137,535.1072096957,524.5935097787,526.631039633,2497958,0.0,0.0,0.0,0.0,0.0,0.0,0.0,0.0,,,,,,,,,,,,,,,,485.933906400119,474.9623645280653,,,,,,479.4457254861716,,,,,,,,,,,474.9623645280653,,"rgba(38, 166, 154, 1.0)"
2022-08-17 00:00:00+00:00,531.6192704929,534.6102978093,524.6339316495,525.5798798733,1835240,0.0,0.0,0.0,0.0,0.0,0.0,0.0,0.0,,,,,,,,,,,,,,,,486.7970136265576,475.1112356897128,,,,,,479.8206849023785,,,,,,,,,,,475.1112356897128,,"rgba(38, 166, 154, 1.0)"
2022-08-18 00:00:00+00:00,536.0532534795,539.6749766517,531.7148304711,534.2376138945,1619184,0.0,0.0,0.0,0.0,0.0,0.0,0.0,0.0,,,,,,,,,,,,,,,,487.62437032725103,475.2550062607164,,,,,,480.1826663277234,,,,,,,,,,,475.2550062607164,,"rgba(38, 166, 154, 1.0)"
2022-08-19 00:00:00+00:00,529.9087468839,534.4287338508,528.604353182,533.845817984,1616955,0.0,0.0,0.0,0.0,0.0,0.0,0.0,0.0,,,,,,,,,,,,,,,,488.34305288844035,475.3864953019014,,,,,,480.5085034305031,,,,,,,,,,,475.3864953019014,,"rgba(38, 166, 154, 1.0)"
2022-08-22 00:00:00+00:00,521.2510128627,528.446679218,520.1186271215,528.446679218,1860941,0.0,0.0,0.0,0.0,0.0,0.0,0.0,0.0,,,,,,,,,,,,,,,,488.99693549479554,475.5161823751384,,,,,,480.8218818277014,,,,,,,,,,,475.5161823751384,,"rgba(38, 166, 154, 0.75)"
2022-08-23 00:00:00+00:00,518.0019736053,521.7670367447,513.0424107388,521.5090248037,1358979,0.0,0.0,0.0,0.0,0.0,0.0,0.0,0.0,,,,,,,,,,,,,,,,489.3827393378302,475.5992569512192,,,,,,481.01767224751666,,,,,,,,,,,475.5992569512192,,"rgba(38, 166, 154, 0.5)"
2022-08-24 00:00:00+00:00,519.1009133541,521.0121129173,515.4122981972,518.6517814568,1145789,0.0,0.0,0.0,0.0,0.0,0.0,0.0,0.0,,,,,,,,,,,,,,,,489.7101962127472,475.6705477908636,,,,,,481.1851775269996,,,,,,,,,,,475.6705477908636,,"rgba(38, 166, 154, 0.5)"
2022-08-25 00:00:00+00:00,526.3156917051,526.4494756745,515.5938621557,521.5090248037,1483254,0.0,0.0,0.0,0.0,0.0,0.0,0.0,0.0,,,,,,,,,,,,,,,,490.18468750283336,475.7716656369348,,,,,,481.4244076597515,,,,,,,,,,,475.7716656369348,,"rgba(38, 166, 154, 0.5)"
2022-08-26 00:00:00+00:00,508.207075844,528.1313312901,508.0637358768,525.5798798733,1886777,0.0,0.0,0.0,0.0,0.0,0.0,0.0,0.0,,,,,,,,,,,,,,,,490.6258338753568,475.87792575047257,,,,,,481.666782979589,,,,,,,,,,,475.87792575047257,,#000000
2022-08-29 00:00:00+00:00,507.48082001,511.7236830402,500.734285552,503.6297528902,1564234,0.0,0.0,0.0,0.0,0.0,0.0,0.0,0.0,,,,,,,,,,,,,,,,490.8603728256297,475.94721858274175,,,,,,481.81627149691576,,,,,,,,,,,475.94721858274175,,#000000
2022-08-30 00:00:00+00:00,500.8680695214,512.2110389289,498.3548420958,510.5578513067,1872679,0.0,0.0,0.0,0.0,0.0,0.0,0.0,0.0,,,,,,,,,,,,,,,,491.08345148573306,476.02214268489183,,,,,,481.97273408615007,,,,,,,,,,,476.02214268489183,,"rgba(239, 83, 80, 1.0)"
2022-08-31 00:00:00+00:00,498.918645967,502.9512770453,497.1603423689,502.2059092156,2179809,0.0,0.0,0.0,0.0,0.0,0.0,0.0,0.0,,,,,,,,,,,,,,,,491.2523595761689,476.09594845446173,,,,,,482.1181230464808,,,,,,,,,,,476.09594845446173,,"rgba(239, 83, 80, 1.0)"
2022-09-01 00:00:00+00:00,505.6747364228,506.0665323332,494.0737550743,496.6443184868,2280642,0.0,0.0,0.0,0.0,0.0,0.0,0.0,0.0,,,,,,,,,,,,,,,,491.4676886744371,476.1800357612167,,,,,,482.286969160548,,,,,,,,,,,476.1800357612167,,"rgba(239, 83, 80, 1.0)"
2022-09-02 00:00:00+00:00,496.06140262,511.0929871844,493.1372672884,509.0480036518,1901738,0.0,0.0,0.0,0.0,0.0,0.0,0.0,0.0,,,,,,,,,,,,,,,,491.61029286442295,476.2447536824352,,,,,,482.41259300640695,,,,,,,,,,,476.2447536824352,,"rgba(239, 83, 80, 1.0)"
2022-09-06 00:00:00+00:00,495.8607266659,499.9220257376,489.7725048974,497.0647823907,1923979,0.0,0.0,0.0,0.0,0.0,0.0,0.0,0.0,,,,,,,,,,,,,,,,491.66907494734113,476.2964624843788,,,,,,482.50309106914904,,,,,,,,,,,476.2964624843788,,"rgba(239, 83, 80, 1.0)"
2022-09-07 00:00:00+00:00,506.1238683201,508.054179879,495.8607266659,496.9118864256,1827910,0.0,0.0,0.0,0.0,0.0,0.0,0.0,0.0,,,,,,,,,,,,,,,,491.84869481870066,476.36644190736877,,,,,,482.64246068789186,,,,,,,,,,,476.36644190736877,,"rgba(239, 83, 80, 1.0)"
2022-09-08 00:00:00+00:00,505.6269564337,509.3596247406,498.4026220849,501.0496334799,1600759,0.0,0.0,0.0,0.0,0.0,0.0,0.0,0.0,,,,,,,,,,,,,,,,492.01635963243825,476.42995289497344,,,,,,482.7694908081617,,,,,,,,,,,476.42995289497344,,"rgba(239, 83, 80, 0.75)"
2022-09-09 00:00:00+00:00,512.7557308044,514.1700184811,506.0187523442,508.4937557785,1931148,0.0,0.0,0.0,0.0,0.0,0.0,0.0,0.0,,,,,,,,,,,,,,,,492.3156641864676,476.5239185407473,,,,,,482.96624503661957,,,,,,,,,,,476.5239185407473,,"rgba(239, 83, 80, 0.75)"
2022-09-12 00:00:00+00:00,515.5651941622,518.5084414895,513.1570827126,513.8546705532,1522447,0.0,0.0,0.0,0.0,0.0,0.0,0.0,0.0,,,,,,,,,,,,,,,,492.603567935848,476.6078262460647,,,,,,483.1454743087407,,,,,,,,,,,476.6078262460647,,#000000
2022-09-13 00:00:00+00:00,487.6425685442,508.6084277523,486.1023328163,507.222808069,2881436,0.0,0.0,0.0,0.0,0.0,0.0,0.0,0.0,,,,,,,,,,,,,,,,492.6379855625753,476.67844089605836,,,,,,483.2578645212626,,,,,,,,,,,476.67844089605836,,"rgba(239, 83, 80, 1.0)"
2022-09-14 00:00:00+00:00,485.4446890466,491.1878437339,480.7814576724,491.0445037667,2007258,0.0,0.0,0.0,0.0,0.0,0.0,0.0,0.0,,,,,,,,,,,,,,,,492.5314735371646,476.70400772164123,,,,,,483.2759084753385,,,,,,,,,,,476.70400772164123,,"rgba(239, 83, 80, 1.0)"
2022-09-15 00:00:00+00:00,481.1444900294,486.4528468162,478.3063586781,485.8269289592,1749609,0.0,0.0,0.0,0.0,0.0,0.0,0.0,0.0,,,,,,,,,,,,,,,,492.38987632487937,476.71683017794845,,,,,,483.26788038679456,,,,,,,,,,,476.71683017794845,,"rgba(239, 83, 80, 1.0)"
2022-09-16 00:00:00+00:00,481.7560738897,483.9539533873,475.2197713836,477.3889828878,3004815,0.0,0.0,0.0,0.0,0.0,0.0,0.0,0.0,,,,,,,,,,,,,,,,492.11804409293035,476.73179934508374,,,,,,483.2370261790508,,,,,,,,,,,476.73179934508374,,"rgba(239, 83, 80, 1.0)"
2022-09-19 00:00:00+00:00,484.0781813589,484.2119653283,476.7391750363,479.8639863221,1441346,0.0,0.0,0.0,0.0,0.0,0.0,0.0,0.0,,,,,,,,,,,,,,,,492.00653993617584,476.7416609200355,,,,,,483.2292566540946,,,,,,,,,,,476.7416609200355,,"rgba(239, 83, 80, 1.0)"
2022-09-20 00:00:00+00:00,477.3412028987,481.0775980447,471.512044231,480.6666901386,1843072,0.0,0.0,0.0,0.0,0.0,0.0,0.0,0.0,,,,,,,,,,,,,,,,491.7995822454538,476.74141151302297,,,,,,483.18759629880816,,,,,,,,,,,476.74141151302297,,"rgba(239, 83, 80, 1.0)"
2022-09-21 00:00:00+00:00,471.1775843075,483.9443973895,471.1106923228,480.1888902479,2082552,0.0,0.0,0.0,0.0,0.0,0.0,0.0,0.0,,,,,,,,,,,,,,,,491.55385991971065,476.7375981521729,,,,,,483.1324037053489,,,,,,,,,,,476.7375981521729,,"rgba(239, 83, 80, 1.0)"
2022-09-22 00:00:00+00:00,465.5395455961,472.0662921044,462.9020901989,472.0662921044,2844109,0.0,0.0,0.0,0.0,0.0,0.0,0.0,0.0,,,,,,,,,,,,,,,,491.05788568469814,476.6989928816346,,,,,,482.9759669322871,,,,,,,,,,,476.6989928816346,,"rgba(239, 83, 80, 1.0)"
2022-09-23 00:00:00+00:00,445.6917381325,460.9048866554,442.9491667594,457.6749593936,5377805,0.0,0.0,0.0,0.0,0.0,0.0,0.0,0.0,,,,,,,,,,,,,,,,489.5515243211871,476.502494138164,,,,,,482.3853853121542,,,,,,,,,,,476.502494138164,,"rgba(239, 83, 80, 1.0)"
2022-09-26 00:00:00+00:00,458.9745750966,462.6150280245,444.5545743924,445.1852702483,4001938,0.0,0.0,0.0,0.0,0.0,0.0,0.0,0.0,,,,,,,,,,,,,,,,488.6466459780597,476.3880925045848,,,,,,482.03182577939117,,,,,,,,,,,476.3880925045848,,"rgba(239, 83, 80, 1.0)"
2022-09-27 00:00:00+00:00,457.0633755334,466.7149333275,454.3208041603,463.934137963,2412425,0.0,0.0,0.0,0.0,0.0,0.0,0.0,0.0,,,,,,,,,,,,,,,,488.1865758168024,476.3326954223682,,,,,,481.85433809271433,,,,,,,,,,,476.3326954223682,,"rgba(239, 83, 80, 1.0)"
2022-09-28 00:00:00+00:00,466.6098173515,469.7250726395,453.1358604311,460.149962828,2419497,0.0,0.0,0.0,0.0,0.0,0.0,0.0,0.0,,,,,,,,,,,,,,,,487.7982604570865,476.2898291495722,,,,,,481.70863818647985,,,,,,,,,,,476.2898291495722,,"rgba(239, 83, 80, 0.75)"
2022-09-29 00:00:00+00:00,457.7131833849,467.2978491942,453.0176527381,464.0488099368,1963927,0.0,0.0,0.0,0.0,0.0,0.0,0.0,0.0,,,,,,,,,,,,,,,,487.44437792514697,476.24519313174756,,,,,,481.56805843448376,,,,,,,,,,,476.24519313174756,,"rgba(239, 83, 80, 0.75)"
2022-09-30 00:00:00+00:00,451.3011088505,462.3478423256,450.9188689378,459.318591018,2436707,0.0,0.0,0.0,0.0,0.0,0.0,0.0,0.0,,,,,,,,,,,,,,,,486.94917137949227,476.1755223049987,,,,,,481.3613529568478,,,,,,,,,,,476.1755223049987,,"rgba(239, 83, 80, 0.75)"
2022-10-03 00:00:00+00:00,456.5186836579,459.4905989787,449.5141372589,453.4320963634,2338532,0.0,0.0,0.0,0.0,0.0,0.0,0.0,0.0,,,,,,,,,,,,,,,,486.4924446158181,476.1100766479277,,,,,,481.16830996210973,,,,,,,,,,,476.1100766479277,,"rgba(239, 83, 80, 0.75)"
2022-10-04 00:00:00+00:00,464.5457218233,466.3518054105,459.3854830027,462.3478423256,2175570,0.0,0.0,0.0,0.0,0.0,0.0,0.0,0.0,,,,,,,,,,,,,,,,486.18808643775446,476.07341482969275,,,,,,481.04747264452027,,,,,,,,,,,476.07341482969275,,"rgba(239, 83, 80, 0.75)"
2022-10-05 00:00:00+00:00,458.9936870922,462.3860663169,453.7392261332,459.9301748782,1587657,0.0,0.0,0.0,0.0,0.0,0.0,0.0,0.0,,,,,,,,,,,,,,,,485.9227861490168,476.03615298532753,,,,,,480.935322625104,,,,,,,,,,,476.03615298532753,,"rgba(239, 83, 80, 0.75)"
2022-10-06 00:00:00+00:00,461.0673386183,471.9516201306,460.5226467428,461.9847144086,2430699,0.0,0.0,0.0,0.0,0.0,0.0,0.0,0.0,,,,,,,,,,,,,,,,485.61465867684683,475.99913639903286,,,,,,480.811906515093,,,,,,,,,,,475.99913639903286,,"rgba(239, 83, 80, 0.75)"
2022-10-07 00:00:00+00:00,447.3640377503,457.8326333576,445.4241701937,457.0251515422,2568079,0.0,0.0,0.0,0.0,0.0,0.0,0.0,0.0,,,,,,,,,,,,,,,,485.0843159456938,475.91188917895215,,,,,,480.57080805676213,,,,,,,,,,,475.91188917895215,,"rgba(239, 83, 80, 0.75)"
2022-10-10 00:00:00+00:00,445.6057341522,449.3707972916,441.1144151787,448.835661414,1616272,0.0,0.0,0.0,0.0,0.0,0.0,0.0,0.0,,,,,,,,,,,,,,,,484.713373501538,475.8469910700666,,,,,,480.3971112811083,,,,,,,,,,,475.8469910700666,,"rgba(239, 83, 80, 1.0)"
2022-10-11 00:00:00+00:00,451.0622089051,456.0599957628,443.1116187222,444.3538984383,2341373,0.0,0.0,0.0,0.0,0.0,0.0,0.0,0.0,,,,,,,,,,,,,,,,484.25106609942833,475.76792941415346,,,,,,480.18196124423537,,,,,,,,,,,475.76792941415346,,"rgba(239, 83, 80, 1.0)"
2022-10-12 00:00:00+00:00,445.6726261369,458.4394392189,445.5961781544,453.2600884027,2043932,0.0,0.0,0.0,0.0,0.0,0.0,0.0,0.0,,,,,,,,,,,,,,,,483.85544418503093,475.69883908833066,,,,,,479.9955455308337,,,,,,,,,,,475.69883908833066,,"rgba(239, 83, 80, 1.0)"
2022-10-13 00:00:00+00:00,447.2111417853,450.7946409662,429.0929699264,437.8462639257,3390881,0.0,0.0,0.0,0.0,0.0,0.0,0.0,0.0,,,,,,,,,,,,,,,,483.0775229263323,475.551778418186,,,,,,479.6150961792036,,,,,,,,,,,475.551778418186,,"rgba(239, 83, 80, 1.0)"
2022-10-14 00:00:00+00:00,434.4634406989,452.3713806058,433.6416248867,451.0717649029,2304733,0.0,0.0,0.0,0.0,0.0,0.0,0.0,0.0,,,,,,,,,,,,,,,,482.5374459798534,475.4459622283301,,,,,,479.3458058524585,,,,,,,,,,,475.4459622283301,,"rgba(239, 83, 80, 1.0)"
2022-10-17 00:00:00+00:00,443.5607506196,446.1503304677,440.0345874255,441.15263917,2097535,0.0,0.0,0.0,0.0,0.0,0.0,0.0,0.0,,,,,,,,,,,,,,,,482.0925874768219,475.3585917767064,,,,,,479.1229735945053,,,,,,,,,,,475.3585917767064,,"rgba(239, 83, 80, 1.0)"
2022-10-18 00:00:00+00:00,452.256708632,455.3628857221,448.0138456018,452.1898166473,1863980,0.0,0.0,0.0,0.0,0.0,0.0,0.0,0.0,,,,,,,,,,,,,,,,481.79159510298814,475.30210559664414,,,,,,478.9743288952548,,,,,,,,,,,475.30210559664414,,"rgba(239, 83, 80, 0.75)"
2022-10-19 00:00:00+00:00,450.4984050339,453.7825148033,446.2173180124,447.0391338246,1207647,0.0,0.0,0.0,0.0,0.0,0.0,0.0,0.0,,,,,,,,,,,,,,,,481.5887901544815,475.26299010967807,,,,,,478.87285758377226,,,,,,,,,,,475.26299010967807,,"rgba(239, 83, 80, 0.75)"
2022-10-20 00:00:00+00:00,443.9907705213,451.119544892,442.3566948948,450.0874971278,1709509,0.0,0.0,0.0,0.0,0.0,0.0,0.0,0.0,,,,,,,,,,,,,,,,481.26703640602074,475.198279526021,,,,,,478.70888318196904,,,,,,,,,,,475.198279526021,,"rgba(239, 83, 80, 0.5)"
2022-10-21 00:00:00+00:00,456.9487035596,458.276987256,441.7546670324,443.1211747201,2508437,0.0,0.0,0.0,0.0,0.0,0.0,0.0,0.0,,,,,,,,,,,,,,,,480.8899971452351,475.1247510162909,,,,,,478.51821041316657,,,,,,,,,,,475.1247510162909,,"rgba(239, 83, 80, 0.5)"
2022-10-24 00:00:00+00:00,474.9044234557,475.8886912307,459.6530509415,460.2264108105,2366235,0.0,0.0,0.0,0.0,0.0,0.0,0.0,0.0,,,,,,,,,,,,,,,,480.75959341266395,475.1097063077876,,,,,,478.46153663898366,,,,,,,,,,,475.1097063077876,,#000000
2022-10-25 00:00:00+00:00,476.9016269992,477.9814547524,468.7217884288,471.4164842529,2130859,0.0,0.0,0.0,0.0,0.0,0.0,0.0,0.0,,,,,,,,,,,,,,,,480.69227672475165,475.108145693696,,,,,,478.4377378830477,,,,,,,,,,,475.108145693696,,"rgba(38, 166, 154, 1.0)"
2022-10-26 00:00:00+00:00,477.274310914,484.8904411733,473.6812557352,475.8886912307,2089915,0.0,0.0,0.0,0.0,0.0,0.0,0.0,0.0,,,,,,,,,,,,,,,,480.6704783277278,475.1174609552667,,,,,,478.43878737213146,,,,,,,,,,,475.1174609552667,,"rgba(38, 166, 154, 1.0)"
2022-10-27 00:00:00+00:00,475.353555353,481.5474924037,473.05595892,478.484030493,1576567,0.0,0.0,0.0,0.0,0.0,0.0,0.0,0.0,,,,,,,,,,,,,,,,480.6389148636664,475.12053014078015,,,,,,478.43085901654376,,,,,,,,,,,475.12053014078015,,"rgba(38, 166, 154, 1.0)"
2022-10-28 00:00:00+00:00,489.0721207218,490.9389178236,474.8078762002,476.0811275568,2369348,0.0,0.0,0.0,0.0,0.0,0.0,0.0,0.0,,,,,,,,,,,,,,,,480.68909366625127,475.14994965772354,,,,,,478.4739831882112,,,,,,,,,,,475.14994965772354,,"rgba(38, 166, 154, 1.0)"
2022-10-31 00:00:00+00:00,480.1019213146,487.8898158906,479.1445894675,487.8898158906,2192211,0.0,0.0,0.0,0.0,0.0,0.0,0.0,0.0,,,,,,,,,,,,,,,,480.707139379199,475.16993366119414,,,,,,478.4977745053038,,,,,,,,,,,475.16993366119414,,"rgba(38, 166, 154, 1.0)"
2022-11-01 00:00:00+00:00,478.6276302701,485.7360107011,478.4553105376,482.2080513782,1586311,0.0,0.0,0.0,0.0,0.0,0.0,0.0,0.0,,,,,,,,,,,,,,,,480.7089224780765,475.18145246315663,,,,,,478.5084931430282,,,,,,,,,,,475.18145246315663,,"rgba(38, 166, 154, 1.0)"
2022-11-02 00:00:00+00:00,462.8795213855,481.7628920693,462.6497617422,476.5597934803,2467966,0.0,0.0,0.0,0.0,0.0,0.0,0.0,0.0,,,,,,,,,,,,,,,,480.57201693353386,475.162613788155,,,,,,478.44465922606105,,,,,,,,,,,475.162613788155,,"rgba(38, 166, 154, 0.75)"
2022-11-03 00:00:00+00:00,465.5409039204,470.3610697705,459.2441494293,460.3617386276,2010383,0.0,0.0,0.0,0.0,0.0,0.0,0.0,0.0,,,,,,,,,,,,,,,,480.42434285946524,475.13716768288174,,,,,,478.3710501671616,,,,,,,,,,,475.13716768288174,,"rgba(38, 166, 154, 0.75)"
2022-11-04 00:00:00+00:00,465.655783742,471.6103878309,456.1590518189,469.4755378119,1987258,0.0,0.0,0.0,0.0,0.0,0.0,0.0,0.0,,,,,,,,,,,,,,,,480.27575911323225,475.1107167146097,,,,,,478.29597961065633,,,,,,,,,,,475.1107167146097,,#000000
2022-11-07 00:00:00+00:00,467.7044738948,469.0926050731,454.2539614432,456.6951576533,2036031,0.0,0.0,0.0,0.0,0.0,0.0,0.0,0.0,,,,,,,,,,,,,,,,480.1188905430519,475.08174592110043,,,,,,478.21554700614587,,,,,,,,,,,475.08174592110043,,#000000
2022-11-08 00:00:00+00:00,471.734840971,477.00016613,463.8368532326,469.7914573214,1709907,0.0,0.0,0.0,0.0,0.0,0.0,0.0,0.0,,,,,,,,,,,,,,,,480.04593223888736,475.07277034614685,,,,,,478.1816880316727,,,,,,,,,,,475.07277034614685,,#000000
2022-11-09 00:00:00+00:00,469.0638851177,476.349180474,466.0866788064,470.9115355825,1640520,0.0,0.0,0.0,0.0,0.0,0.0,0.0,0.0,,,,,,,,,,,,,,,,479.9743261735132,475.0634677686072,,,,,,478.14792386074805,,,,,,,,,,,475.0634677686072,,#000000
2022-11-10 00:00:00+00:00,491.2356906962,492.8823014732,480.0061881299,483.404716187,3098317,0.0,0.0,0.0,0.0,0.0,0.0,0.0,0.0,,,,,,,,,,,,,,,,480.0870143093152,475.1131384417982,,,,,,478.22937502240364,,,,,,,,,,,475.1131384417982,,"rgba(38, 166, 154, 1.0)"
2022-11-11 00:00:00+00:00,493.4758472184,494.7873918489,485.0896202379,491.2356906962,2393502,0.0,0.0,0.0,0.0,0.0,0.0,0.0,0.0,,,,,,,,,,,,,,,,480.20477717148106,475.16031889868356,,,,,,478.31082613413645,,,,,,,,,,,475.16031889868356,,"rgba(38, 166, 154, 1.0)"
2022-11-14 00:00:00+00:00,487.9328958238,498.4825970455,487.6839895435,493.7630467725,1820240,0.0,0.0,0.0,0.0,0.0,0.0,0.0,0.0,,,,,,,,,,,,,,,,480.29466958801765,475.19657018110365,,,,,,478.3732736130891,,,,,,,,,,,475.19657018110365,,"rgba(38, 166, 154, 1.0)"
2022-11-15 00:00:00+00:00,504.0064975364,507.1944125872,497.8125604857,497.8125604857,2502189,0.0,0.0,0.0,0.0,0.0,0.0,0.0,0.0,,,,,,,,,,,,,,,,480.54333512112686,475.28181528279396,,,,,,478.5341702318319,,,,,,,,,,,475.28181528279396,,"rgba(38, 166, 154, 1.0)"
2022-11-16 00:00:00+00:00,501.7471943772,506.0073210968,497.9753068997,499.0666652054,1833590,0.0,0.0,0.0,0.0,0.0,0.0,0.0,0.0,,,,,,,,,,,,,,,,480.7134133513702,475.3414980770664,,,,,,478.6455317647292,,,,,,,,,,,475.3414980770664,,"rgba(38, 166, 154, 1.0)"
2022-11-17 00:00:00+00:00,499.0762385239,499.526184492,491.0729442822,496.8552286386,1903715,0.0,0.0,0.0,0.0,0.0,0.0,0.0,0.0,,,,,,,,,,,,,,,,480.84329023318503,475.39075665914567,,,,,,478.733696041442,,,,,,,,,,,475.39075665914567,,"rgba(38, 166, 154, 1.0)"
2022-11-18 00:00:00+00:00,501.3259683645,506.9455063069,496.0797898425,504.3894302752,1584684,0.0,0.0,0.0,0.0,0.0,0.0,0.0,0.0,,,,,,,,,,,,,,,,480.9829410795116,475.44102214218356,,,,,,478.8263869123962,,,,,,,,,,,475.44102214218356,,"rgba(38, 166, 154, 1.0)"
2022-11-21 00:00:00+00:00,501.0387688104,504.7819363325,499.8038107276,503.307645288,1268524,0.0,0.0,0.0,0.0,0.0,0.0,0.0,0.0,,,,,,,,,,,,,,,,481.0956635121603,475.48177394926677,,,,,,478.9014234540729,,,,,,,,,,,475.48177394926677,,"rgba(38, 166, 154, 1.0)"
2022-11-22 00:00:00+00:00,509.2526760584,510.0664081284,504.2075372242,507.3475856827,1809067,0.0,0.0,0.0,0.0,0.0,0.0,0.0,0.0,,,,,,,,,,,,,,,,481.2998970904423,475.55276498401275,,,,,,479.03517092998135,,,,,,,,,,,475.55276498401275,,"rgba(38, 166, 154, 1.0)"
2022-11-23 00:00:00+00:00,511.68429895,513.8957355168,507.7688116954,511.2152063449,1288249,0.0,0.0,0.0,0.0,0.0,0.0,0.0,0.0,,,,,,,,,,,,,,,,481.4611488715545,475.60823536190867,,,,,,479.14040175602355,,,,,,,,,,,475.60823536190867,,"rgba(38, 166, 154, 1.0)"
2022-11-25 00:00:00+00:00,510.8897135169,512.9958435805,510.3248877271,511.3683794405,744222,0.0,0.0,0.0,0.0,0.0,0.0,0.0,0.0,,,,,,,,,,,,,,,,481.5544062292309,475.6404603904601,,,,,,479.20142283833206,,,,,,,,,,,475.6404603904601,,"rgba(38, 166, 154, 1.0)"
2022-11-28 00:00:00+00:00,508.2666242559,513.3691072677,506.3711071987,508.2379043005,1684701,0.0,0.0,0.0,0.0,0.0,0.0,0.0,0.0,,,,,,,,,,,,,,,,481.74890536426847,475.70898894214343,,,,,,479.3298918786895,,,,,,,,,,,475.70898894214343,,"rgba(38, 166, 154, 1.0)"
2022-11-29 00:00:00+00:00,506.3902538356,510.9471534277,505.4712152624,508.3815040776,1685739,0.0,0.0,0.0,0.0,0.0,0.0,0.0,0.0,,,,,,,,,,,,,,,,481.92876324960685,475.7737622608286,,,,,,479.44998811031155,,,,,,,,,,,475.7737622608286,,"rgba(38, 166, 154, 0.75)"
2022-11-30 00:00:00+00:00,516.2411985421,519.4291135929,499.8612506385,504.9063894726,3601779,-1.0,519.42914,499.86124,511.0,-1.0,519.42914,499.86124,511.0,,,,,,,,,,,,,,,,482.36690190288346,475.9296034523691,,,,,511.8438542578333,479.74134378592186,,,,,,,,,,,475.9296034523691,,"rgba(38, 166, 154, 0.75)"
2022-12-01 00:00:00+00:00,482.3612244737,496.9892550972,474.5180918501,496.9892550972,6970367,0.0,0.0,0.0,0.0,0.0,0.0,0.0,0.0,,,,,,,,,,,,,,,,482.4290820750033,476.0016876019461,,,,,493.8966616996793,479.824857820421,,,,,,,,,,,476.0016876019461,,"rgba(38, 166, 154, 0.75)"
2022-12-02 00:00:00+00:00,473.4293183404,477.6798717414,471.1125752704,477.2490724103,3632096,0.0,0.0,0.0,0.0,0.0,0.0,0.0,0.0,,,,,,,,,,,,,,,,482.31078205599385,475.99339404292846,,,,,488.82788757174364,479.77404295907183,,,,,,,,,,,475.99339404292846,,#000000
2022-12-05 00:00:00+00:00,467.809780398,471.6774010602,464.0474662389,471.4859346908,2455346,0.0,0.0,0.0,0.0,0.0,0.0,0.0,0.0,,,,,,,,,,,,,,,,482.17363271671894,475.96976429475023,,,,,485.7353418611553,479.7032107065506,,,,,,,,,,,475.96976429475023,,"rgba(239, 83, 80, 0.5)"
2022-12-06 00:00:00+00:00,460.6297915448,470.4998828883,456.8100374749,469.7244440921,2995894,0.0,0.0,0.0,0.0,0.0,0.0,0.0,0.0,,,,,,,,,,,,,,,,481.950324963903,475.9227890616611,,,,,482.21614496835895,479.5805251866142,,,,,,,,,,,475.9227890616611,,"rgba(239, 83, 80, 1.0)"
2022-12-07 00:00:00+00:00,461.4052303409,465.7802368821,458.437501615,458.6481146213,2072597,0.0,0.0,0.0,0.0,0.0,0.0,0.0,0.0,,,,,,,,,,,,,,,,481.79274167002103,475.8886052971297,,,,,480.2757801851641,479.49285378782554,,,,,,,,,,,475.8886052971297,,"rgba(239, 83, 80, 1.0)"
2022-12-08 00:00:00+00:00,460.8786978251,462.707201653,453.2966295961,462.2955489587,2901019,0.0,0.0,0.0,0.0,0.0,0.0,0.0,0.0,,,,,,,,,,,,,,,,481.54461969928894,475.83114741598814,,,,,477.7651304778051,479.35153490825667,,,,,,,,,,,475.83114741598814,,"rgba(239, 83, 80, 1.0)"
2022-12-09 00:00:00+00:00,462.4104287804,469.1787649393,450.4246340549,454.8283605515,4211132,0.0,0.0,0.0,0.0,0.0,0.0,0.0,0.0,,,,,,,,,,,,,,,,481.2204548288108,475.7568182491913,,,,,475.26915600356466,479.1667432793603,,,,,,,,,,,475.7568182491913,,"rgba(239, 83, 80, 1.0)"
2022-12-12 00:00:00+00:00,466.8715951878,467.0056216464,460.1606989397,462.1328025447,2276351,0.0,0.0,0.0,0.0,0.0,0.0,0.0,0.0,,,,,,,,,,,,,,,,481.08274994116414,475.7275365095772,,,,,474.49444951075964,479.08968572492273,,,,,,,,,,,475.7275365095772,,"rgba(239, 83, 80, 1.0)"
2022-12-13 00:00:00+00:00,467.3694077483,476.7225398944,461.0032466984,475.8322212766,2626732,0.0,0.0,0.0,0.0,0.0,0.0,0.0,0.0,,,,,,,,,,,,,,,,480.9617413564179,475.7051476431456,,,,,474.017310499198,479.0242635874222,,,,,,,,,,,475.7051476431456,,"rgba(239, 83, 80, 1.0)"
2022-12-14 00:00:00+00:00,462.8890947039,470.7104958946,460.5149117232,467.9964601081,2145018,0.0,0.0,0.0,0.0,0.0,0.0,0.0,0.0,,,,,,,,,,,,,,,,480.8363984464812,475.6778985801942,,,,,473.4607109324659,478.9532852842303,,,,,,,,,,,475.6778985801942,,"rgba(239, 83, 80, 1.0)"
2022-12-15 00:00:00+00:00,444.1158171825,456.3599957736,443.3978182972,455.0581201948,3439381,0.0,0.0,0.0,0.0,0.0,0.0,0.0,0.0,,,,,,,,,,,,,,,,480.4348967723745,475.56823362384114,,,,,471.2303761959045,478.7088811514133,,,,,,,,,,,475.56823362384114,,"rgba(239, 83, 80, 1.0)"
2022-12-16 00:00:00+00:00,441.7607808387,444.958269208,437.3857742975,441.5788877878,4909204,0.0,0.0,0.0,0.0,0.0,0.0,0.0,0.0,,,,,,,,,,,,,,,,479.76561800097534,475.37619650069547,,,,,467.916421224168,478.293293437235,,,,,,,,,,,475.37619650069547,,"rgba(239, 83, 80, 1.0)"
2022-12-19 00:00:00+00:00,439.0611050299,443.637151259,435.9258432307,441.2533949597,1939248,0.0,0.0,0.0,0.0,0.0,0.0,0.0,0.0,,,,,,,,,,,,,,,,479.4952331977749,475.2968870420125,,,,,466.72476164605615,478.1236677055508,,,,,,,,,,,475.2968870420125,,"rgba(239, 83, 80, 1.0)"
2022-12-20 00:00:00+00:00,438.2856662338,440.6119826222,433.2213807627,437.0794281064,1993675,0.0,0.0,0.0,0.0,0.0,0.0,0.0,0.0,,,,,,,,,,,,,,,,479.20614145004237,475.2107943382799,,,,,465.50993811890373,477.94110834999753,,,,,,,,,,,475.2107943382799,,"rgba(239, 83, 80, 1.0)"
2022-12-21 00:00:00+00:00,442.3447532654,443.9052041762,436.7347886415,439.7791039152,1462351,0.0,0.0,0.0,0.0,0.0,0.0,0.0,0.0,,,,,,,,,,,,,,,,479.01474589456546,475.1539148054954,,,,,464.7876333395862,477.8201010199512,,,,,,,,,,,475.1539148054954,,"rgba(239, 83, 80, 1.0)"
2022-12-22 00:00:00+00:00,439.1376915777,440.7555823993,434.0446861512,439.0802516669,1907717,0.0,0.0,0.0,0.0,0.0,0.0,0.0,0.0,,,,,,,,,,,,,,,,478.74834631347966,475.0734703585734,,,,,463.7953406096491,477.65059681146727,,,,,,,,,,,475.0734703585734,,"rgba(239, 83, 80, 1.0)"
2022-12-23 00:00:00+00:00,442.9095790552,443.416869201,435.3945240556,437.9984666796,1229523,0.0,0.0,0.0,0.0,0.0,0.0,0.0,0.0,,,,,,,,,,,,,,,,478.5892868600538,475.02542139794554,,,,,463.25427746837283,477.5492080076656,,,,,,,,,,,475.02542139794554,,"rgba(239, 83, 80, 1.0)"
2022-12-27 00:00:00+00:00,438.9366518898,444.8721093417,437.6059606223,444.5849097876,1230839,0.0,0.0,0.0,0.0,0.0,0.0,0.0,0.0,,,,,,,,,,,,,,,,478.4309552252616,474.9773127469092,,,,,462.73498672161213,477.44798587573257,,,,,,,,,,,474.9773127469092,,"rgba(239, 83, 80, 1.0)"
2022-12-28 00:00:00+00:00,433.6617534123,440.8130223101,433.4798603614,438.0176133166,1324141,0.0,0.0,0.0,0.0,0.0,0.0,0.0,0.0,,,,,,,,,,,,,,,,478.24212347324305,474.91899642963585,,,,,462.0947464588963,477.3265674315933,,,,,,,,,,,474.91899642963585,,"rgba(239, 83, 80, 1.0)"
2022-12-29 00:00:00+00:00,437.050708151,439.4153178133,434.1116993805,436.1891094887,1464967,0.0,0.0,0.0,0.0,0.0,0.0,0.0,0.0,,,,,,,,,,,,,,,,478.0394394550063,474.85612529038895,,,,,461.44375883526754,477.1958853074383,,,,,,,,,,,474.85612529038895,,"rgba(239, 83, 80, 0.75)"
2022-12-30 00:00:00+00:00,437.0219881956,437.213454565,431.5173300749,435.2509242785,1803243,0.0,0.0,0.0,0.0,0.0,0.0,0.0,0.0,,,,,,,,,,,,,,,,477.7830252824301,474.77575754122034,,,,,460.63764971154774,477.0298138539268,,,,,,,,,,,474.77575754122034,,"rgba(239, 83, 80, 0.75)"
2023-01-03 00:00:00+00:00,433.939379648,439.2238514439,428.7889343107,438.4579859663,1978075,1.0,439.22385,428.78894,0.0,0.0,0.0,0.0,0.0,,,,,,,,,,,,,,,433.98405513419993,477.49698863967933,474.6851583618655,,,,,459.7672154348139,476.8436686115129,,,,,,,,,,,474.6851583618655,,"rgba(239, 83, 80, 0.75)"
2023-01-04 00:00:00+00:00,437.0794281064,439.9035570554,433.2788206735,437.6729738516,2097322,0.0,0.0,0.0,0.0,0.0,0.0,0.0,0.0,,,,,,,,,,,,,,,435.4095188531612,477.21680881897197,474.5960435047699,,,,,458.99702577388786,476.66069418723197,,,,,,,,,,,474.5960435047699,,"rgba(239, 83, 80, 0.75)"
2023-01-05 00:00:00+00:00,430.9812242405,436.9549749663,430.4355450877,435.1456177753,2169298,0.0,0.0,0.0,0.0,0.0,0.0,0.0,0.0,,,,,,,,,,,,,,,434.49974572397963,476.9030479884913,474.494702234964,,,,,458.1202222341507,476.4545672725239,,,,,,,,,,,474.494702234964,,"rgba(239, 83, 80, 0.75)"
2023-01-06 00:00:00+00:00,462.2668290033,463.7506933663,442.497926361,443.3212317495,5174491,0.0,0.0,0.0,0.0,0.0,0.0,0.0,0.0,,,,,,,,,,,,,,,444.32022976327943,476.5595869712747,474.38936264630587,,,,,457.97621781776985,476.22976490146044,,,,,,,,,,,474.38936264630587,,"rgba(239, 83, 80, 0.75)"
2023-01-09 00:00:00+00:00,458.3226217933,466.0961563917,457.7386493666,462.3242689142,2384764,0.0,0.0,0.0,0.0,0.0,0.0,0.0,0.0,,,,,,,,,,,,,,,447.1532983251542,476.4395557912871,474.35323814622336,,,,,458.0665705524078,476.15093911918115,,,,,,,,,,,474.35323814622336,,#000000
2023-01-10 00:00:00+00:00,460.8595511881,461.5201101626,455.1921466533,456.7813175195,1649860,0.0,0.0,0.0,0.0,0.0,0.0,0.0,0.0,,,,,,,,,,,,,,,448.43840969530095,476.3496018178536,474.3255681271654,,,,,458.0916155900448,476.09151661613896,,,,,,,,,,,474.3255681271654,,#000000
2023-01-11 00:00:00+00:00,463.6453868631,463.846426551,458.6672612583,459.8352061117,1576394,0.0,0.0,0.0,0.0,0.0,0.0,0.0,0.0,,,,,,,,,,,,,,,449.6986410880954,476.2787177362412,474.30420669195126,,,,,458.17419306497817,476.0446780932965,,,,,,,,,,,474.30420669195126,,"rgba(38, 166, 154, 1.0)"
2023-01-12 00:00:00+00:00,461.8456029906,464.3059458376,458.3226217933,464.2963725192,1628205,0.0,0.0,0.0,0.0,0.0,0.0,0.0,0.0,,,,,,,,,,,,,,,450.7277220284595,476.20337658079916,474.28121321209295,,,,,458.24410898768895,475.99469833810144,,,,,,,,,,,474.28121321209295,,"rgba(38, 166, 154, 1.0)"
2023-01-13 00:00:00+00:00,464.5452787994,464.8707716274,458.5619547551,460.3713119461,1405912,0.0,0.0,0.0,0.0,0.0,0.0,0.0,0.0,,,,,,,,,,,,,,,451.563773143336,476.1440521639907,474.2632322459681,,,,,458.32302661707746,475.95527068185214,,,,,,,,,,,474.2632322459681,,"rgba(38, 166, 154, 1.0)"
2023-01-17 00:00:00+00:00,466.000423207,469.5521243597,463.6980401147,464.4303989777,1539915,0.0,0.0,0.0,0.0,0.0,0.0,0.0,0.0,,,,,,,,,,,,,,,452.62247733402256,476.09760784428386,474.2499580343596,,,,,458.47844192882934,475.9244809106173,,,,,,,,,,,474.2499580343596,,"rgba(38, 166, 154, 1.0)"
2023-01-18 00:00:00+00:00,459.0119007232,467.957496702,458.1024354685,464.1240527867,1925470,0.0,0.0,0.0,0.0,0.0,0.0,0.0,0.0,,,,,,,,,,,,,,,453.36453587319875,476.01210637068925,474.2234468377998,,,,,458.55375561530775,475.8672613921055,,,,,,,,,,,474.2234468377998,,"rgba(38, 166, 154, 1.0)"
2023-01-19 00:00:00+00:00,449.4577288893,457.1833968953,448.0983176664,455.9197188571,1919451,0.0,0.0,0.0,0.0,0.0,0.0,0.0,0.0,,,,,,,,,,,,,,,453.22992688572384,475.8684109821055,474.175898458213,,,,,458.3944760432079,475.7703206289409,,,,,,,,,,,474.175898458213,,"rgba(38, 166, 154, 0.75)"
2023-01-20 00:00:00+00:00,459.6245931054,459.8256327933,449.4385822523,453.6987089719,2588637,0.0,0.0,0.0,0.0,0.0,0.0,0.0,0.0,,,,,,,,,,,,,,,453.5130321701427,475.71438998115644,474.12540744352526,,,,,458.3317787162329,475.6660544409013,,,,,,,,,,,474.12540744352526,,"rgba(38, 166, 154, 0.75)"
2023-01-23 00:00:00+00:00,471.591241194,474.1090239518,457.2216901692,459.4714200098,2709439,0.0,0.0,0.0,0.0,0.0,0.0,0.0,0.0,,,,,,,,,,,,,,,454.7579547140846,475.64843281235136,474.1062967840633,,,,,458.6140919600486,475.62133099419003,,,,,,,,,,,474.1062967840633,,"rgba(38, 166, 154, 0.75)"
2023-01-24 00:00:00+00:00,471.1125752704,472.5389997226,466.2301828503,471.0551353596,1510226,0.0,0.0,0.0,0.0,0.0,0.0,0.0,0.0,,,,,,,,,,,,,,,455.4697097521215,475.62265033110793,474.09949800669705,,,,,458.80270786900223,475.6038019726563,,,,,,,,,,,474.09949800669705,,"rgba(38, 166, 154, 1.0)"
2023-01-25 00:00:00+00:00,469.9350570985,470.9498288564,463.8272799141,468.4799126909,1329768,0.0,0.0,0.0,0.0,0.0,0.0,0.0,0.0,,,,,,,,,,,,,,,455.9752010448909,475.5932909629516,474.09104535450274,,,,,458.93881068285134,475.5837714827082,,,,,,,,,,,474.09104535450274,,"rgba(38, 166, 154, 1.0)"
2023-01-26 00:00:00+00:00,477.0384594039,477.3926721873,470.784784846,472.1560669837,1576405,0.0,0.0,0.0,0.0,0.0,0.0,0.0,0.0,,,,,,,,,,,,,,,456.83131981690013,475.5908456511915,474.0927192404986,,,,,459.21007148790034,475.58212699952503,,,,,,,,,,,474.0927192404986,,"rgba(38, 166, 154, 1.0)"
2023-01-27 00:00:00+00:00,481.8155453209,487.3776433524,476.6172333912,478.4361639006,2034069,0.0,0.0,0.0,0.0,0.0,0.0,0.0,0.0,,,,,,,,,,,,,,,458.2041544964089,475.6290229811528,474.1099527775347,,,,,459.6926645976793,475.6083646202362,,,,,,,,,,,474.1099527775347,,"rgba(38, 166, 154, 1.0)"
2023-01-30 00:00:00+00:00,481.8059720024,484.0269818876,479.0201363274,479.0201363274,1855941,0.0,0.0,0.0,0.0,0.0,0.0,0.0,0.0,,,,,,,,,,,,,,,459.3168331296463,475.661716363059,474.1249727859444,,,,,460.10938885567134,475.6309185587217,,,,,,,,,,,474.1249727859444,,"rgba(38, 166, 154, 1.0)"
2023-01-31 00:00:00+00:00,489.3306003205,489.5890799192,480.5805872381,481.75810541,1924081,0.0,0.0,0.0,0.0,0.0,0.0,0.0,0.0,,,,,,,,,,,,,,,460.5932043532189,475.72271237548057,474.15058631275997,,,,,460.6193584259363,475.6730460150561,,,,,,,,,,,474.15058631275997,,"rgba(38, 166, 154, 1.0)"
2023-02-01 00:00:00+00:00,495.8117369253,498.2433598169,483.1845298622,486.6213511932,2080208,0.0,0.0,0.0,0.0,0.0,0.0,0.0,0.0,,,,,,,,,,,,,,,462.13048741384625,475.8236505841414,474.19136149458535,,,,,461.2699975163301,475.74290075333107,,,,,,,,,,,474.19136149458535,,"rgba(38, 166, 154, 1.0)"
2023-02-02 00:00:00+00:00,501.9578073836,508.3062411472,499.2822590149,502.7825283861,2287366,0.0,0.0,0.0,0.0,0.0,0.0,0.0,0.0,,,,,,,,,,,,,,,464.20126596951434,476.0043797733119,474.26236112158756,,,,,462.19235892908495,475.86822883347395,,,,,,,,,,,474.26236112158756,,"rgba(38, 166, 154, 1.0)"
2023-02-03 00:00:00+00:00,493.6818280211,500.154928913,491.4762747261,497.834202371,1844148,0.0,0.0,0.0,0.0,0.0,0.0,0.0,0.0,,,,,,,,,,,,,,,465.40894809705117,476.105566267872,474.3034324949655,,,,,462.7661288893866,475.9388049990711,,,,,,,,,,,474.3034324949655,,"rgba(38, 166, 154, 1.0)"
2023-02-06 00:00:00+00:00,494.4394205699,496.0043766211,491.2508190195,493.3365959735,1740105,0.0,0.0,0.0,0.0,0.0,0.0,0.0,0.0,,,,,,,,,,,,,,,466.4221251870763,476.19406651642345,474.33979998430243,,,,,463.26996062941373,476.0007649837648,,,,,,,,,,,474.33979998430243,,"rgba(38, 166, 154, 1.0)"
2023-02-07 00:00:00+00:00,495.3408598052,496.7409675537,486.5791581313,490.9871000942,1927275,0.0,0.0,0.0,0.0,0.0,0.0,0.0,0.0,,,,,,,,,,,,,,,467.42504037660336,476.28552393306853,474.37784762535586,,,,,463.7914815035624,476.0650432403751,,,,,,,,,,,474.37784762535586,,"rgba(38, 166, 154, 0.75)"
2023-02-08 00:00:00+00:00,483.1426607912,491.1693058971,480.9849604939,490.3158155573,2062928,0.0,0.0,0.0,0.0,0.0,0.0,0.0,0.0,,,,,,,,,,,,,,,468.1140091271821,476.3369085771502,474.40133734262116,,,,,464.1856604207683,476.1017024147877,,,,,,,,,,,474.40133734262116,,"rgba(38, 166, 154, 0.75)"
2023-02-09 00:00:00+00:00,480.0931110377,488.2731926092,477.9737698568,484.5619480978,1517341,0.0,0.0,0.0,0.0,0.0,0.0,0.0,0.0,,,,,,,,,,,,,,,468.5042170572199,476.3615740244563,474.41374544275055,,,,,464.4263266080821,476.119592183283,,,,,,,,,,,474.41374544275055,,"rgba(38, 166, 154, 0.75)"
2023-02-10 00:00:00+00:00,479.4793651753,480.0163928049,475.0584770106,478.0600778687,1536847,0.0,0.0,0.0,0.0,0.0,0.0,0.0,0.0,,,,,,,,,,,,,,,468.7700102112621,476.3694250907361,474.4198807155819,,,,,464.6108881750968,476.12579806131197,,,,,,,,,,,474.4198807155819,,"rgba(38, 166, 154, 0.75)"
2023-02-13 00:00:00+00:00,485.6743624733,485.9956200732,480.7835751328,481.1575765177,1452837,0.0,0.0,0.0,0.0,0.0,0.0,0.0,0.0,,,,,,,,,,,,,,,469.15913775615195,476.4009752105378,474.4348247309865,,,,,464.85557887342065,476.14853182515503,,,,,,,,,,,474.4348247309865,,"rgba(38, 166, 154, 0.75)"
2023-02-14 00:00:00+00:00,482.5768638243,487.0169315472,478.1751552179,484.2934342831,1257327,0.0,0.0,0.0,0.0,0.0,0.0,0.0,0.0,,,,,,,,,,,,,,,469.44689107393776,476.4226139017703,474.44564817405444,,,,,465.04570634069427,476.1642837838372,,,,,,,,,,,474.44564817405444,,"rgba(38, 166, 154, 0.75)"
2023-02-15 00:00:00+00:00,490.3062257782,490.4404826856,480.7739853537,482.1069646485,1423417,0.0,0.0,0.0,0.0,0.0,0.0,0.0,0.0,,,,,,,,,,,,,,,469.8666796065403,476.4650024344908,474.4647440647612,,,,,465.3110570731996,476.1946797128719,,,,,,,,,,,474.4647440647612,,"rgba(38, 166, 154, 0.75)"
2023-02-16 00:00:00+00:00,483.4207643851,489.77869203,482.9412754301,482.9508652092,1455951,0.0,0.0,0.0,0.0,0.0,0.0,0.0,0.0,,,,,,,,,,,,,,,470.23356906901574,476.5008121852301,474.48146940205135,,,,,465.55423868780264,476.22054707746133,,,,,,,,,,,474.48146940205135,,"rgba(38, 166, 154, 0.75)"
2023-02-17 00:00:00+00:00,486.6621097205,486.8826746398,481.2486794191,483.5837906297,1340437,0.0,0.0,0.0,0.0,0.0,0.0,0.0,0.0,,,,,,,,,,,,,,,470.5467640269634,476.53187279558614,474.49618987922804,,,,,465.76801874411694,476.243072342907,,,,,,,,,,,474.49618987922804,,"rgba(38, 166, 154, 0.75)"
2023-02-21 00:00:00+00:00,481.1575765177,483.315276815,476.1804811652,480.2753168406,1811982,0.0,0.0,0.0,0.0,0.0,0.0,0.0,0.0,,,,,,,,,,,,,,,470.81754301184736,476.55013944076404,474.50706456042286,,,,,465.98035367178784,476.25691815512533,,,,,,,,,,,474.50706456042286,,#000000
2023-02-22 00:00:00+00:00,476.9860226096,484.7249743425,476.2284300607,483.2481483613,1331969,0.0,0.0,0.0,0.0,0.0,0.0,0.0,0.0,,,,,,,,,,,,,,,470.98887142077683,476.5601684249333,474.5137699592794,,,,,466.12283435738794,476.26472414940116,,,,,,,,,,,474.5137699592794,,#000000
2023-02-23 00:00:00+00:00,472.9103664925,478.3909252476,467.8469631281,478.3381814625,1546431,0.0,0.0,0.0,0.0,0.0,0.0,0.0,0.0,,,,,,,,,,,,,,,471.0360128799194,476.54543561413954,474.51140179011196,,,,,466.20772021398585,476.2552177555604,,,,,,,,,,,474.51140179011196,,"rgba(239, 83, 80, 0.5)"
2023-02-24 00:00:00+00:00,468.5661965606,470.2396130134,464.8165929328,468.5374272233,1587611,0.0,0.0,0.0,0.0,0.0,0.0,0.0,0.0,,,,,,,,,,,,,,,470.9634529588339,476.50823787851994,474.5004003442651,,,,,466.22842557107356,476.22985531740625,,,,,,,,,,,474.5004003442651,,"rgba(239, 83, 80, 1.0)"
2023-02-27 00:00:00+00:00,467.0510114629,472.7760136873,465.7563912845,472.3445695256,1501749,0.0,0.0,0.0,0.0,0.0,0.0,0.0,0.0,,,,,,,,,,,,,,,470.91170505016123,476.4759861347252,474.49105067270244,,,,,466.25513651673106,476.2078712008636,,,,,,,,,,,474.49105067270244,,"rgba(239, 83, 80, 1.0)"
2023-02-28 00:00:00+00:00,464.3179244197,468.8251205962,463.9343332557,465.6796730517,1918221,0.0,0.0,0.0,0.0,0.0,0.0,0.0,0.0,,,,,,,,,,,,,,,470.7738068644696,476.42060615752104,474.4734924642959,,,,,466.24690950208225,476.1696723977872,,,,,,,,,,,474.4734924642959,,"rgba(239, 83, 80, 1.0)"
2023-03-01 00:00:00+00:00,459.0339561361,462.7787648743,455.5336867649,461.3642724571,1759327,0.0,0.0,0.0,0.0,0.0,0.0,0.0,0.0,,,,,,,,,,,,,,,470.49797984546757,476.3394775342306,474.44543450027936,,,,,466.1525418835397,476.1130408701361,,,,,,,,,,,474.44543450027936,,"rgba(239, 83, 80, 1.0)"
2023-03-02 00:00:00+00:00,465.7659810636,467.4346026269,456.0532609965,457.7776950741,2407400,0.0,0.0,0.0,0.0,0.0,0.0,0.0,0.0,,,,,,,,,,,,,,,470.2655028329891,476.25498878911344,474.41710441713985,,,,,466.0979787861429,476.05410881809803,,,,,,,,,,,474.41710441713985,,"rgba(239, 83, 80, 1.0)"
2023-03-03 00:00:00+00:00,455.7638414633,456.4734851166,446.2411908179,455.351480962,5354214,0.0,0.0,0.0,0.0,0.0,0.0,0.0,0.0,,,,,,,,,,,,,,,469.12849957830383,475.9274913767153,474.2980199635575,,,,,465.5929873350633,475.82275831564345,,,,,,,,,,,474.2980199635575,,"rgba(239, 83, 80, 1.0)"
2023-03-06 00:00:00+00:00,463.2630487188,468.7650885791,456.0131757199,456.9721536298,3104742,0.0,0.0,0.0,0.0,0.0,0.0,0.0,0.0,,,,,,,,,,,,,,,468.8936040872582,475.8209788789606,474.2609823957875,,,,,465.5301121841934,475.7472907019876,,,,,,,,,,,474.2609823957875,,"rgba(239, 83, 80, 1.0)"
2023-03-07 00:00:00+00:00,465.2481329923,474.895450766,465.1042863058,466.1591620067,2659077,0.0,0.0,0.0,0.0,0.0,0.0,0.0,0.0,,,,,,,,,,,,,,,468.8791525015046,475.77033434294935,474.24506638126957,,,,,465.5824996901956,475.7114112079646,,,,,,,,,,,474.24506638126957,,"rgba(239, 83, 80, 0.75)"
2023-03-08 00:00:00+00:00,466.1016233321,466.9071647764,461.4027274713,463.186330486,1548504,0.0,0.0,0.0,0.0,0.0,0.0,0.0,0.0,,,,,,,,,,,,,,,468.80859141999827,475.7268303361343,474.23011884315366,,,,,465.57435419133174,475.6804129806495,,,,,,,,,,,474.23011884315366,,"rgba(239, 83, 80, 0.75)"
2023-03-09 00:00:00+00:00,459.8490873595,469.8991758553,458.9860072406,467.4825515224,1629402,0.0,0.0,0.0,0.0,0.0,0.0,0.0,0.0,,,,,,,,,,,,,,,468.70307441708,475.67355813801294,474.2112940344218,,,,,465.5453613610018,475.64234284503175,,,,,,,,,,,474.2112940344218,,"rgba(239, 83, 80, 0.75)"
2023-03-10 00:00:00+00:00,451.8128524745,460.7505265948,449.1660734431,459.3312392881,2123002,0.0,0.0,0.0,0.0,0.0,0.0,0.0,0.0,,,,,,,,,,,,,,,468.3660538918502,475.5563175296699,474.16739611950186,,,,,465.3826109546479,475.5582466317514,,,,,,,,,,,474.16739611950186,,"rgba(239, 83, 80, 0.75)"
2023-03-13 00:00:00+00:00,452.637573477,457.1351798745,447.6508883455,447.6508883455,1799597,1.0,457.1352,447.65088,0.0,0.0,0.0,0.0,0.0,,,,,,,,,,,,,,452.47454723233335,468.06497831138637,475.4513971469098,474.12770782641417,,,,,465.2313585171327,475.4827766400756,,,,,,,,,,,474.12770782641417,,"rgba(239, 83, 80, 1.0)"
2023-03-14 00:00:00+00:00,462.1506343433,465.2577227714,453.5965513869,455.926867708,2422900,0.0,0.0,0.0,0.0,0.0,0.0,0.0,0.0,,,,,,,,,,,,,,456.9849156502675,467.8727082052212,475.35944743535947,474.0938165362261,,,,,465.15531198625683,475.4163914181795,,,,,,,,,,,474.0938165362261,,"rgba(239, 83, 80, 1.0)"
2023-03-15 00:00:00+00:00,465.7372117263,467.0414216838,458.9092890078,461.7574534002,2226309,0.0,0.0,0.0,0.0,0.0,0.0,0.0,0.0,,,,,,,,,,,,,,459.3708071957194,467.78385068376303,475.295731689929,474.0708436054704,,,,,465.13759288440156,475.37018583516965,,,,,,,,,,,474.0708436054704,,"rgba(239, 83, 80, 0.75)"
2023-03-16 00:00:00+00:00,467.2715763822,468.1154769429,462.9561757876,465.0371578521,1980652,0.0,0.0,0.0,0.0,0.0,0.0,0.0,0.0,,,,,,,,,,,,,,460.9553372800609,467.7513110334336,475.2505548064215,474.0549295898416,,,,,465.14966915173125,475.33727681661276,,,,,,,,,,,474.0549295898416,,"rgba(239, 83, 80, 0.75)"
2023-03-17 00:00:00+00:00,467.0701910211,469.8032780643,461.7574534002,469.0073263991,3959291,0.0,0.0,0.0,0.0,0.0,0.0,0.0,0.0,,,,,,,,,,,,,,462.6347607858619,467.69352077162483,475.1625006742756,474.02368968981125,,,,,465.17524875658796,475.27286550627605,,,,,,,,,,,474.02368968981125,,#000000
2023-03-20 00:00:00+00:00,469.2183015393,470.6567684042,465.7947504009,467.9812200355,1624017,0.0,0.0,0.0,0.0,0.0,0.0,0.0,0.0,,,,,,,,,,,,,,463.3210762904699,467.70659598000503,475.13621358386337,474.0147739458224,,,,,465.208370693783,475.25347983881744,,,,,,,,,,,474.0147739458224,,#000000
2023-03-21 00:00:00+00:00,470.7143070788,472.7761095851,466.0536744366,472.7761095851,1663959,0.0,0.0,0.0,0.0,0.0,0.0,0.0,0.0,,,,,,,,,,,,,,464.01386027296314,467.7393271888011,475.11474010745417,474.0078232914829,,,,,465.2544733274479,475.2375410715341,,,,,,,,,,,474.0078232914829,,#000000
2023-03-22 00:00:00+00:00,467.5209106388,476.2476096189,467.3578843941,469.381327784,1299654,0.0,0.0,0.0,0.0,0.0,0.0,0.0,0.0,,,,,,,,,,,,,,464.50088340146687,467.7704269466185,475.0997564657136,474.0030968219698,,,,,465.29391192634625,475.22636908396584,,,,,,,,,,,474.0030968219698,,#000000
2023-03-23 00:00:00+00:00,467.7510653371,473.0158540625,464.4234119898,470.5608706132,1566000,0.0,0.0,0.0,0.0,0.0,0.0,0.0,0.0,,,,,,,,,,,,,,464.8299118167835,467.7792058340182,475.07431826802906,473.9943205505414,,,,,465.32244066311006,475.20751232773506,,,,,,,,,,,473.9943205505414,,#000000
2023-03-24 00:00:00+00:00,474.9529894406,475.6242739775,466.596264138,466.964703451,1636784,0.0,0.0,0.0,0.0,0.0,0.0,0.0,0.0,,,,,,,,,,,,,,465.44322546079707,467.84579327519464,475.06371737305267,473.99170179765275,,,,,465.38972397400204,475.19940822598664,,,,,,,,,,,473.99170179765275,,"rgba(38, 166, 154, 0.5)"
2023-03-27 00:00:00+00:00,472.9870847252,479.3524923978,472.3062104092,476.8805350395,1452077,0.0,0.0,0.0,0.0,0.0,0.0,0.0,0.0,,,,,,,,,,,,,,466.07683336199426,467.93477707230073,475.063082417699,473.99299002379144,,,,,465.46920786477074,475.19859982575036,,,,,,,,,,,473.99299002379144,,"rgba(38, 166, 154, 0.5)"
2023-03-28 00:00:00+00:00,466.8016772063,473.7949277166,465.4974672489,472.4021082002,1407839,0.0,0.0,0.0,0.0,0.0,0.0,0.0,0.0,,,,,,,,,,,,,,466.2370053240437,467.9440221907776,475.0416004021502,473.98557164860136,,,,,465.4952098846835,475.1825911394544,,,,,,,,,,,473.98557164860136,,"rgba(38, 166, 154, 0.5)"
2023-03-29 00:00:00+00:00,470.733486637,471.1458471382,465.9673664247,469.1319935274,1642982,0.0,0.0,0.0,0.0,0.0,0.0,0.0,0.0,,,,,,,,,,,,,,466.4397134736847,467.96267548977573,475.01900500339724,473.977894107614,,,,,465.53046962129275,475.16568222746224,,,,,,,,,,,473.977894107614,,"rgba(38, 166, 154, 0.5)"
2023-03-30 00:00:00+00:00,471.318463162,475.4071613787,470.8581537652,472.7761095851,1545533,0.0,0.0,0.0,0.0,0.0,0.0,0.0,0.0,,,,,,,,,,,,,,466.79847812163626,468.0217613458057,475.0098453638665,473.975671035957,,,,,465.5912242772174,475.15859056176777,,,,,,,,,,,473.975671035957,,"rgba(38, 166, 154, 0.5)"
2023-03-31 00:00:00+00:00,476.4873540964,477.9162311822,473.6775488204,474.6940654049,2082044,0.0,0.0,0.0,0.0,0.0,0.0,0.0,0.0,,,,,,,,,,,,,,467.4771968559553,468.15894438423004,475.0148591137914,473.97989923444646,,,,,465.71187429413277,475.1617245837248,,,,,,,,,,,473.97989923444646,,"rgba(38, 166, 154, 0.5)"
2023-04-03 00:00:00+00:00,476.640790562,478.7217726265,474.6940654049,476.1325322697,1804653,0.0,0.0,0.0,0.0,0.0,0.0,0.0,0.0,,,,,,,,,,,,,,468.0290235368258,468.28374019040393,475.0219663897001,473.98472437306106,,,,,465.8207487742981,475.1664761391699,,,,,,,,,,,473.98472437306106,,"rgba(38, 166, 154, 1.0)"
2023-04-04 00:00:00+00:00,477.3120750989,481.9594738459,475.1735543598,476.1325322697,1913281,0.0,0.0,0.0,0.0,0.0,0.0,0.0,0.0,,,,,,,,,,,,,,468.63353857937557,468.4344712328834,475.0360037151295,473.99258174713185,,,,,465.94906872477736,475.17630144707834,,,,,,,,,,,473.99258174713185,,"rgba(38, 166, 154, 1.0)"
2023-04-05 00:00:00+00:00,476.736688353,483.4495337224,474.8427069809,478.5299770445,1941503,0.0,0.0,0.0,0.0,0.0,0.0,0.0,0.0,,,,,,,,,,,,,,469.18848164344365,468.58576019463493,475.05100247397456,474.00089672301624,,,,,466.07861331596035,475.1868542400638,,,,,,,,,,,474.00089672301624,,"rgba(38, 166, 154, 1.0)"
2023-04-06 00:00:00+00:00,466.0440846575,467.837373349,457.9119519815,462.2273525761,4114702,1.0,467.83737,457.91196,0.0,0.0,0.0,0.0,0.0,,,,,,,,,,,,,463.9311366626666,468.6204600444543,468.439860930058,474.9451331894829,473.96027146495044,,,,,466.03207353292765,475.10791717366635,,,,,,,,,,,473.96027146495044,,"rgba(38, 166, 154, 0.5)"
2023-04-10 00:00:00+00:00,473.5720612503,473.6424502289,461.9013000867,464.0494106049,1653593,0.0,0.0,0.0,0.0,0.0,0.0,0.0,0.0,,,,,,,,,,,,,465.586403484284,468.66560231259996,468.4556026930396,474.9251611657406,473.95338393737245,,,,,466.0637885033378,475.0927333092978,,,,,,,,,,,473.95338393737245,,"rgba(38, 166, 154, 0.5)"
2023-04-11 00:00:00+00:00,478.194334776,479.4793651753,472.7761095851,473.5720612503,1547381,0.0,0.0,0.0,0.0,0.0,0.0,0.0,0.0,,,,,,,,,,,,,467.9617680621439,468.97110745834595,468.55181324392885,474.9318834609094,473.9577143531068,,,,,466.1499704043003,475.0972550765029,,,,,,,,,,,473.9577143531068,,"rgba(38, 166, 154, 0.5)"
2023-04-12 00:00:00+00:00,469.2758402139,479.5369038499,468.4990681069,479.4889549544,2063696,0.0,0.0,0.0,0.0,0.0,0.0,0.0,0.0,,,,,,,,,,,,,468.946490380479,469.1361216113509,468.6105406401,474.9201149239064,473.95465366801017,,,,,466.2164654029202,475.0879821964725,,,,,,,,,,,473.95465366801017,,#000000
2023-04-13 00:00:00+00:00,477.4655115645,477.992949415,470.1964590074,473.2460087609,1600513,0.0,0.0,0.0,0.0,0.0,0.0,0.0,0.0,,,,,,,,,,,,,469.8607188530602,469.3526920557494,468.6871012547307,474.9212019559756,473.9566234226992,,,,,466.289700945713,475.0883335969961,,,,,,,,,,,473.9566234226992,,"rgba(38, 166, 154, 0.5)"
2023-04-14 00:00:00+00:00,471.1458471382,479.8437767811,470.0526123209,475.8352491177,1675297,0.0,0.0,0.0,0.0,0.0,0.0,0.0,0.0,,,,,,,,,,,,,470.3664151786015,469.5082071303577,468.74693767195555,474.9164866822904,473.95617403003604,,,,,466.35210981114255,475.0843720878,,,,,,,,,,,473.95617403003604,,#000000
2023-04-17 00:00:00+00:00,473.6775488204,477.4655115645,471.0020004517,472.5555446658,1410658,0.0,0.0,0.0,0.0,0.0,0.0,0.0,0.0,,,,,,,,,,,,,470.73567545078316,469.6415391859215,468.7998930235282,474.91371684844717,473.9563002936655,,,,,466.40644388895714,475.0819227172008,,,,,,,,,,,473.9563002936655,,#000000
2023-04-18 00:00:00+00:00,476.5161234337,477.2161773079,473.8453699546,475.7489411058,1339585,0.0,0.0,0.0,0.0,0.0,0.0,0.0,0.0,,,,,,,,,,,,,471.1811956620801,469.81023186593814,468.866226061675,474.9165729045432,473.9587722956318,,,,,466.4693944653938,475.0836639255469,,,,,,,,,,,473.9587722956318,,#000000
2023-04-19 00:00:00+00:00,475.6818126521,477.5614093555,473.5720612503,476.736688353,1098758,0.0,0.0,0.0,0.0,0.0,0.0,0.0,0.0,,,,,,,,,,,,,471.47571458196154,469.9363808771513,468.91776681301724,474.91827457994344,473.96052460838825,,,,,466.5190248917153,475.08462022207027,,,,,,,,,,,473.96052460838825,,"rgba(38, 166, 154, 0.5)"
2023-04-20 00:00:00+00:00,484.8400516917,489.7116594741,475.1831441389,475.4132988373,2936493,0.0,0.0,0.0,0.0,0.0,0.0,0.0,0.0,,,,,,,,,,,,,473.25344507923575,470.6680923068052,469.2047549132523,474.97291306916196,473.9868603282447,,,,,466.7583912753385,475.1244224524941,,,,,,,,,,,473.9868603282447,,"rgba(38, 166, 154, 1.0)"
2023-04-21 00:00:00+00:00,485.5784646823,489.6924799159,484.7249743425,488.4745779703,1508643,0.0,0.0,0.0,0.0,0.0,0.0,0.0,0.0,,,,,,,,,,,,,474.21928604848847,471.1075458882556,469.3826123275837,475.0121980231375,474.00530968303445,,,,,466.90368705655004,475.1532700246006,,,,,,,,,,,474.00530968303445,,"rgba(38, 166, 154, 1.0)"
2023-04-24 00:00:00+00:00,490.4404826856,490.6994067213,485.060616611,485.3387202049,1374117,0.0,0.0,0.0,0.0,0.0,0.0,0.0,0.0,,,,,,,,,,,,,475.11270724443887,471.537800739431,469.5604981800196,475.0540608375041,474.0248048336632,,,,,467.04785168682326,475.18411802218134,,,,,,,,,,,474.0248048336632,,"rgba(38, 166, 154, 1.0)"
2023-04-25 00:00:00+00:00,482.5289149288,492.0803349115,481.6562450308,490.1623790917,1789883,0.0,0.0,0.0,0.0,0.0,0.0,0.0,0.0,,,,,,,,,,,,,475.87793273958226,471.96565484701534,469.74817546756634,475.09509984637737,474.04442133259676,,,,,467.2045603208688,475.2143203618702,,,,,,,,,,,474.04442133259676,,"rgba(38, 166, 154, 1.0)"
2023-04-26 00:00:00+00:00,474.3680129155,482.2412215559,473.1501109699,479.8917256766,1420900,0.0,0.0,0.0,0.0,0.0,0.0,0.0,0.0,,,,,,,,,,,,,475.9173594405193,472.07599639674066,469.8118106040431,475.09977146064324,474.0478899466767,,,,,467.26765435199354,475.2175263007832,,,,,,,,,,,474.0478899466767,,"rgba(38, 166, 154, 0.75)"
2023-04-27 00:00:00+00:00,480.7068569,481.6562450308,474.5310391602,474.5310391602,1361583,0.0,0.0,0.0,0.0,0.0,0.0,0.0,0.0,,,,,,,,,,,,,476.0716298263068,472.2301010434623,469.89270798568634,475.11133816769586,474.05431051625794,,,,,467.34255154829754,475.2258972619624,,,,,,,,,,,474.05431051625794,,"rgba(38, 166, 154, 0.75)"
2023-04-28 00:00:00+00:00,482.5768638243,484.1208182593,480.1027008168,480.9849604939,1170249,0.0,0.0,0.0,0.0,0.0,0.0,0.0,0.0,,,,,,,,,,,,,476.32994493555856,472.41943619927264,469.98599824035904,475.12969604921363,474.06351735312796,,,,,467.4242345766775,475.23938996666527,,,,,,,,,,,474.06351735312796,,"rgba(38, 166, 154, 0.75)"
2023-05-01 00:00:00+00:00,473.3419065519,479.5369038499,468.7484023634,478.673823731,2203182,0.0,0.0,0.0,0.0,0.0,0.0,0.0,0.0,,,,,,,,,,,,,476.151312544988,472.4693829850301,470.04043532150376,475.1236684017591,474.0631218579894,,,,,467.49003374363843,475.2344878599413,,,,,,,,,,,474.0631218579894,,#000000
2023-05-02 00:00:00+00:00,474.511859602,475.3461703836,469.7169700525,474.6940654049,1940805,0.0,0.0,0.0,0.0,0.0,0.0,0.0,0.0,,,,,,,,,,,,,475.9729800793689,472.4905650731821,470.0788117661488,475.11552194760463,474.0615080051767,,,,,467.5408035847502,475.2280392241625,,,,,,,,,,,474.0615080051767,,#000000
2023-05-03 00:00:00+00:00,469.9567145299,478.3190019043,469.5745618328,476.2284300607,1426432,0.0,0.0,0.0,0.0,0.0,0.0,0.0,0.0,,,,,,,,,,,,,475.83065181055065,472.4932276899519,470.10132647645855,475.1078020517956,474.0595442397818,,,,,467.573807128916,475.22199481803545,,,,,,,,,,,474.0595442397818,,"rgba(239, 83, 80, 1.0)"
2023-05-04 00:00:00+00:00,471.2033858128,471.7511402891,466.9654959172,469.8580239412,1487048,0.0,0.0,0.0,0.0,0.0,0.0,0.0,0.0,,,,,,,,,,,,,475.5826668902353,472.4389933243559,470.1001536832871,475.09131819839496,474.05376226388887,,,,,467.5899622295026,475.2093598145128,,,,,,,,,,,474.05376226388887,,"rgba(239, 83, 80, 1.0)"
2023-05-05 00:00:00+00:00,479.5830683276,479.9097990678,473.7403539136,473.951767922,1709239,0.0,0.0,0.0,0.0,0.0,0.0,0.0,0.0,,,,,,,,,,,,,475.68298331997,472.5670722156139,470.17982870022166,475.1010724467345,474.0597550746602,,,,,467.66793966589444,475.2163548715494,,,,,,,,,,,474.0597550746602,,#000000
2023-05-08 00:00:00+00:00,479.5830683276,480.7265298212,476.3541998356,477.959024354,1015210,0.0,0.0,0.0,0.0,0.0,0.0,0.0,0.0,,,,,,,,,,,,,475.76895086007545,472.6564242768313,470.2334063285624,475.1093238351884,474.0644071419153,,,,,467.71888238313875,475.22236245524897,,,,,,,,,,,474.0644071419153,,#000000
2023-05-09 00:00:00+00:00,481.2455512118,482.158475339,477.0172710438,477.5650255201,1571815,0.0,0.0,0.0,0.0,0.0,0.0,0.0,0.0,,,,,,,,,,,,,475.943258279214,472.81671395725056,470.3268890342649,475.1262397049228,474.0734578066329,,,,,467.8055922645421,475.2347900913664,,,,,,,,,,,474.0734578066329,,#000000
2023-05-10 00:00:00+00:00,480.1596519868,485.265396387,475.7776161764,482.3602796197,1257622,0.0,0.0,0.0,0.0,0.0,0.0,0.0,0.0,,,,,,,,,,,,,476.0810746805596,472.9444899017614,470.4023760121609,475.14039132284444,474.080989969074,,,,,467.8755492326977,475.2452139372641,,,,,,,,,,,474.080989969074,,#000000
2023-05-11 00:00:00+00:00,482.3026212538,483.3693010235,478.1319994517,480.015506072,1046730,0.0,0.0,0.0,0.0,0.0,0.0,0.0,0.0,,,,,,,,,,,,,476.2111980051104,473.05959191065625,470.4697214454755,475.154043992257,474.08810363466597,,,,,467.93717513942306,475.2553115032482,,,,,,,,,,,474.08810363466597,,"rgba(38, 166, 154, 1.0)"
2023-05-12 00:00:00+00:00,484.3975418825,486.2810485028,481.6395500456,483.5326663936,1472794,-1.0,486.28104,481.63956,487.0,-1.0,486.28104,481.63956,487.0,,,,,,,,,,,,,476.4803719137549,473.27042507377166,470.5876144913599,475.1820206975546,474.10203610905455,,,,484.10604681030003,468.0411883133832,475.2761412762185,,,,,,,,,,,474.10203610905455,,"rgba(38, 166, 154, 1.0)"
2023-05-15 00:00:00+00:00,482.4467671686,485.2864416905,479.3908737745,484.3398835166,1135682,0.0,0.0,0.0,0.0,0.0,0.0,0.0,0.0,,,,,,,,,,,,,476.63136856690494,473.4024727376569,470.66567405569884,475.1993123346954,474.1108983592274,,,,483.35224804717126,468.1119383744073,475.2890001317755,,,,,,,,,,,474.1108983592274,,"rgba(38, 166, 154, 1.0)"
2023-05-16 00:00:00+00:00,476.7866375801,480.7650648291,475.008837964,480.4863827271,1230357,0.0,0.0,0.0,0.0,0.0,0.0,0.0,0.0,,,,,,,,,,,,,476.6553695394809,473.46617347989655,470.7145016951401,475.20534127426123,474.114850500752,,,,481.48305353069793,468.1619811129427,475.29337021833516,,,,,,,,,,,474.114850500752,,#000000
2023-05-17 00:00:00+00:00,475.6815188998,478.5740469238,472.6976984631,478.5644371962,2069473,0.0,0.0,0.0,0.0,0.0,0.0,0.0,0.0,,,,,,,,,,,,,476.6117368107653,473.52158448304317,470.77295004712295,475.2072804355965,474.11784008380397,,,,479.44031996122175,468.22838951723685,475.29454483534016,,,,,,,,,,,474.11784008380397,,#000000
2023-05-18 00:00:00+00:00,478.6605344727,479.1410208555,474.7974239556,475.6815188998,2298859,0.0,0.0,0.0,0.0,0.0,0.0,0.0,0.0,,,,,,,,,,,,,476.6541518558736,473.6314965412344,470.8607052493912,475.2184655546535,474.1252068544508,,,,478.9060702497471,468.31914784683437,475.3026801436307,,,,,,,,,,,474.1252068544508,,#000000
2023-05-19 00:00:00+00:00,477.1421975033,479.9001893402,474.6436683131,479.9001893402,1635036,0.0,0.0,0.0,0.0,0.0,0.0,0.0,0.0,,,,,,,,,,,,,476.6723688274537,473.7002579198753,470.91896232363155,475.22531822778376,474.12996091689666,,,,478.6274145726423,468.3805319945864,475.30764581728897,,,,,,,,,,,474.12996091689666,,#000000
2023-05-22 00:00:00+00:00,472.673674144,477.6034644307,469.473634835,477.6034644307,1943758,0.0,0.0,0.0,0.0,0.0,0.0,0.0,0.0,,,,,,,,,,,,,476.54806039688873,473.690259067043,470.94404427848605,475.21734644711375,474.1283618117634,,,,477.7406058294766,468.4200939566546,475.3013591167719,,,,,,,,,,,474.1283618117634,,"rgba(239, 83, 80, 1.0)"
2023-05-23 00:00:00+00:00,465.9468647858,468.1571021463,464.1210165314,468.1571021463,1800161,0.0,0.0,0.0,0.0,0.0,0.0,0.0,0.0,,,,,,,,,,,,,476.2071976555983,473.5367106202331,470.8960077579922,475.18329922674315,474.11482684989903,,,,476.19491224084464,468.40258144717035,475.275322829885,,,,,,,,,,,474.11482684989903,,"rgba(239, 83, 80, 1.0)"
2023-05-24 00:00:00+00:00,463.9192122507,468.2339799676,462.1414126346,468.2339799676,1600596,0.0,0.0,0.0,0.0,0.0,0.0,0.0,0.0,,,,,,,,,,,,,475.885386496173,473.3822191221875,470.8426931906203,475.14891488361036,474.1008756650438,,,,474.99024872855733,468.3785869401477,475.249017001314,,,,,,,,,,,474.1008756650438,,"rgba(239, 83, 80, 1.0)"
2023-05-25 00:00:00+00:00,467.5612990317,469.4735387377,458.1437659303,461.4687316988,3421937,1.0,469.47354,458.14377,0.0,0.0,0.0,0.0,0.0,,,,,,,,,,,,465.0595345665667,475.2713690586155,473.0802133969961,470.7371426679995,475.0782246140051,474.0721254335626,,,,473.1640940774206,468.3324332716122,475.19478504689766,,,,,,,,,,,474.0721254335626,,"rgba(239, 83, 80, 1.0)"
2023-05-26 00:00:00+00:00,487.4630450043,490.8168399557,465.2261352117,466.6964235428,5302638,0.0,0.0,0.0,0.0,0.0,0.0,0.0,0.0,,,,,,,,,,,,474.8503761462904,475.74780796410244,473.51081819219496,471.024056126256,475.1436392050364,474.10692235831226,,,,474.9392130553086,468.603197344333,475.24365175027805,,,,,,,,,,,474.10692235831226,,"rgba(239, 83, 80, 0.75)"
2023-05-30 00:00:00+00:00,488.2029940337,494.703974792,482.0143294242,489.8895012371,2544804,0.0,0.0,0.0,0.0,0.0,0.0,0.0,0.0,,,,,,,,,,,,477.8891170747179,476.2165792720657,473.8794319190694,471.24921568433905,475.2111424938409,474.1402595541095,,,,,468.80066386839,475.29473453129333,,,,,,,,,,,474.1402595541095,,#000000
2023-05-31 00:00:00+00:00,491.5952278958,493.8102701201,485.2431979161,489.000601429,3316044,0.0,0.0,0.0,0.0,0.0,0.0,0.0,0.0,,,,,,,,,,,,480.6917272842489,476.8658923398306,474.3930939781223,471.5658255302512,475.3107442519502,474.1892884326018,,,,,469.0767229778777,475.370380845119,,,,,,,,,,,474.1892884326018,,"rgba(38, 166, 154, 1.0)"
2023-06-01 00:00:00+00:00,492.5946395718,493.6901485244,482.5044255346,489.4522586288,2407734,0.0,0.0,0.0,0.0,0.0,0.0,0.0,0.0,,,,,,,,,,,,481.9534171630846,477.28064234209273,474.73243282969105,471.7817446768367,475.37926606243764,474.2233311037493,,,,,469.2669995729401,475.4225545185355,,,,,,,,,,,474.2233311037493,,"rgba(38, 166, 154, 1.0)"
2023-06-02 00:00:00+00:00,492.5850298442,498.264378888,489.5195267224,490.4036216666,2284798,0.0,0.0,0.0,0.0,0.0,0.0,0.0,0.0,,,,,,,,,,,,483.31672518523834,477.7657285337933,475.12078708328767,472.0252810565197,475.46117343710506,474.2635730087534,,,,,469.4779948603308,475.4850983660796,,,,,,,,,,,474.2635730087534,,"rgba(38, 166, 154, 1.0)"
2023-06-05 00:00:00+00:00,498.0241356966,498.6631825857,492.0372753679,492.5850298442,2023528,0.0,0.0,0.0,0.0,0.0,0.0,0.0,0.0,,,,,,,,,,,,484.5445132645612,478.2437388758631,475.5017630212511,472.26388704098235,475.54422937565374,474.30422451581757,,,,,469.6831639893118,475.5486578820863,,,,,,,,,,,474.30422451581757,,"rgba(38, 166, 154, 1.0)"
2023-06-06 00:00:00+00:00,496.1117998934,498.3893053475,492.7483952143,498.0241356966,1410270,0.0,0.0,0.0,0.0,0.0,0.0,0.0,0.0,,,,,,,,,,,,485.24029958045554,478.5538056045848,475.75314804201827,472.42406525353135,475.6003567197054,474.3318341884185,,,,,469.82169052674817,475.5916780105009,,,,,,,,,,,474.3318341884185,,"rgba(38, 166, 154, 1.0)"
2023-06-07 00:00:00+00:00,491.2781068832,499.0235473727,490.643864858,494.4300975538,1784661,0.0,0.0,0.0,0.0,0.0,0.0,0.0,0.0,,,,,,,,,,,,485.8528708220893,478.88472108363874,476.0299565139121,472.6056807485523,475.6635782239774,474.36325386201787,,,,,469.9808586135885,475.64020922641237,,,,,,,,,,,474.36325386201787,,"rgba(38, 166, 154, 1.0)"
2023-06-08 00:00:00+00:00,499.7923255851,499.9822138035,492.4985422953,492.4985422953,1530979,0.0,0.0,0.0,0.0,0.0,0.0,0.0,0.0,,,,,,,,,,,,486.533527074886,479.22694920038185,476.31013044890966,472.78653656664267,475.7287736376958,474.39538731787775,,,,,470.1372314573279,475.6903202957369,,,,,,,,,,,474.39538731787775,,"rgba(38, 166, 154, 1.0)"
2023-06-09 00:00:00+00:00,497.0919921142,501.685441933,495.3814605916,497.9664773307,1287649,0.0,0.0,0.0,0.0,0.0,0.0,0.0,0.0,,,,,,,,,,,,487.07656093036394,479.51476212450416,476.54700296321766,472.94044850315333,475.78488535564776,474.4230801360759,,,,,470.2703758195206,475.73350252064836,,,,,,,,,,,474.4230801360759,,"rgba(38, 166, 154, 1.0)"
2023-06-12 00:00:00+00:00,500.6379816187,500.9262734483,495.8619469744,497.0919921142,1405065,0.0,0.0,0.0,0.0,0.0,0.0,0.0,0.0,,,,,,,,,,,,487.66683800605443,479.83681434228606,476.81245050204933,473.1134613208756,475.8487716490903,474.45461363058837,,,,,470.41985836947316,475.782722500597,,,,,,,,,,,474.45461363058837,,"rgba(38, 166, 154, 1.0)"
2023-06-13 00:00:00+00:00,501.6470030224,502.5407076943,497.6974049564,501.6470030224,1204672,0.0,0.0,0.0,0.0,0.0,0.0,0.0,0.0,,,,,,,,,,,,488.18862621870204,480.1252559359476,477.0499443470863,473.2683568515355,475.9067461042738,474.483209622847,,,,,470.5533630319607,475.8274327581312,,,,,,,,,,,474.483209622847,,"rgba(38, 166, 154, 1.0)"
2023-06-14 00:00:00+00:00,506.6248419475,507.2534142333,502.7232925197,504.5107018635,1841361,0.0,0.0,0.0,0.0,0.0,0.0,0.0,0.0,,,,,,,,,,,,489.1940621265441,480.6528605984058,477.4775907799281,473.54362640307943,476.0123187434315,474.5349768745026,,,,,470.7880771283691,475.90891899922684,,,,,,,,,,,474.5349768745026,,"rgba(38, 166, 154, 1.0)"
2023-06-15 00:00:00+00:00,508.5275680231,510.5263913752,506.1059166541,508.3545929253,1871610,0.0,0.0,0.0,0.0,0.0,0.0,0.0,0.0,,,,,,,,,,,,490.26193953380675,481.22610846141225,477.9421807121862,473.84317138623936,476.12915266090266,474.59224401131763,,,,,471.04276540192683,475.999218760896,,,,,,,,,,,474.59224401131763,,"rgba(38, 166, 154, 1.0)"
2023-06-16 00:00:00+00:00,503.2133886301,509.7191742522,502.2331964093,509.4116629673,3147777,0.0,0.0,0.0,0.0,0.0,0.0,0.0,0.0,,,,,,,,,,,,491.5278192421126,482.02666058323234,478.61069286105544,474.2880314336279,476.303662109368,474.6786717488544,,,,,471.4258944313311,476.1344571829605,,,,,,,,,,,474.6786717488544,,"rgba(38, 166, 154, 1.0)"
2023-06-20 00:00:00+00:00,499.4175462065,502.492659056,497.9184286924,501.5797349288,1684741,0.0,0.0,0.0,0.0,0.0,0.0,0.0,0.0,,,,,,,,,,,,491.89634265560943,482.3431192980654,478.8885371074714,474.4822536495949,476.37974574620694,474.71697681543446,,,,,471.5967892874203,476.1936192040341,,,,,,,,,,,474.71697681543446,,"rgba(38, 166, 154, 0.75)"
2023-06-21 00:00:00+00:00,499.3406683853,501.2818333715,496.3808722677,497.6974049564,1273579,1.0,501.28183,496.38086,0.0,0.0,0.0,0.0,0.0,,,,,,,,,,,499.0011246748333,492.12401314707597,482.56261495102615,479.08463440866905,474.6217761733801,476.4346510930854,474.74477834516193,,,,,471.72037675197004,476.2363821777744,,,,,,,,,,,474.74477834516193,,"rgba(38, 166, 154, 0.75)"
2023-06-22 00:00:00+00:00,503.7419236511,504.2031905785,499.3983267512,500.3689092443,1114175,0.0,0.0,0.0,0.0,0.0,0.0,0.0,0.0,,,,,,,,,,,500.6094204625674,492.40553730986545,482.7892268656227,479.28222873008843,474.7596132659774,476.4897692967791,474.77249660421785,,,,,471.8411300338638,476.27930582235666,,,,,,,,,,,474.77249660421785,,"rgba(38, 166, 154, 0.75)"
2023-06-23 00:00:00+00:00,503.9725571148,504.8950909696,499.071596011,502.7136827921,1434348,0.0,0.0,0.0,0.0,0.0,0.0,0.0,0.0,,,,,,,,,,,501.37385809617155,492.7528572165197,483.0763356676723,479.53387546648634,474.9363203115731,476.5609237422031,474.80835399579905,,,,,471.9961927382474,476.3347754026699,,,,,,,,,,,474.80835399579905,,"rgba(38, 166, 154, 0.75)"
2023-06-26 00:00:00+00:00,502.992364894,504.3857754039,500.9166637207,503.9341182042,1278456,0.0,0.0,0.0,0.0,0.0,0.0,0.0,0.0,,,,,,,,,,,501.7225317502963,493.0466317824766,483.326839127923,479.75477335517684,475.09261062059494,476.62430593729573,474.84037229831614,,,,,472.13362192946886,476.38424174739606,,,,,,,,,,,474.84037229831614,,"rgba(38, 166, 154, 0.75)"
2023-06-27 00:00:00+00:00,509.6326867033,511.6315100555,501.7238808436,502.2524158646,1673558,0.0,0.0,0.0,0.0,0.0,0.0,0.0,0.0,,,,,,,,,,,503.1900595577736,493.58726960836503,483.72552121752386,480.09788269213806,475.33031277661985,476.72227313437446,474.88950695103676,,,,,472.34014863029785,476.4606864752324,,,,,,,,,,,474.88950695103676,,"rgba(38, 166, 154, 0.75)"
2023-06-28 00:00:00+00:00,512.006289434,512.6693606422,507.9798135467,508.33537347,1245157,0.0,0.0,0.0,0.0,0.0,0.0,0.0,0.0,,,,,,,,,,,504.38488125594847,494.050569138662,484.0525800151073,480.3769475248824,475.52233192486796,476.80231195847335,474.92955381456443,,,,,472.50613391764773,476.52316976564293,,,,,,,,,,,474.92955381456443,,"rgba(38, 166, 154, 1.0)"
2023-06-29 00:00:00+00:00,510.9396096643,511.6675465342,508.306544287,509.8729298947,1121756,0.0,0.0,0.0,0.0,0.0,0.0,0.0,0.0,,,,,,,,,,,505.11132494288165,494.43352487777076,484.33432244544457,480.6193562929959,475.69074261642777,476.8728752522047,474.9649742863176,,,,,472.6522062533707,476.5783189340466,,,,,,,,,,,474.9649742863176,,"rgba(38, 166, 154, 1.0)"
2023-06-30 00:00:00+00:00,517.3685174652,518.5024653285,512.8038968293,513.3228221227,2222116,0.0,0.0,0.0,0.0,0.0,0.0,0.0,0.0,,,,,,,,,,,507.28464808531606,495.40522425482976,484.9981960222468,481.181632638169,476.0758276708378,477.0363808582523,475.0466503073512,,,,,472.9832348516685,476.70611982335333,,,,,,,,,,,475.0466503073512,,"rgba(38, 166, 154, 1.0)"
2023-07-03 00:00:00+00:00,519.9247050213,519.963143932,513.4861874928,516.2826182403,951399,0.0,0.0,0.0,0.0,0.0,0.0,0.0,0.0,,,,,,,,,,,508.0963761847519,495.82460423302956,485.2878954309648,481.42749794613155,476.2448194399108,477.1087526778981,475.08284757272435,,,,,473.12851047900494,476.7627450749532,,,,,,,,,,,475.08284757272435,,"rgba(38, 166, 154, 1.0)"
2023-07-05 00:00:00+00:00,520.0111925702,524.7391785763,516.5228614316,520.0976801191,1632415,0.0,0.0,0.0,0.0,0.0,0.0,0.0,0.0,,,,,,,,,,,509.53930497828753,496.59070911175445,485.8125307891176,481.8717436600538,476.54978390425777,477.24032984748095,475.14863264367625,,,,,,476.8657521019944,,,,,,,,,,,475.14863264367625,,"rgba(38, 166, 154, 1.0)"
2023-07-06 00:00:00+00:00,516.3979349721,519.2135851749,515.6387664874,517.849003848,1752931,0.0,0.0,0.0,0.0,0.0,0.0,0.0,0.0,,,,,,,,,,,510.38162480676283,497.2538477304899,486.30600602529904,482.29727705723917,476.84802681662705,477.369871269543,475.2138650709752,,,,,,476.9673814017499,,,,,,,,,,,475.2138650709752,,"rgba(38, 166, 154, 1.0)"
2023-07-07 00:00:00+00:00,504.5587505017,515.5234497556,504.1551419402,513.0537497483,2740555,1.0,515.52344,504.15515,0.0,0.0,0.0,0.0,0.0,,,,,,,,,,508.0791140658334,510.0394336436099,497.7751421620261,486.8302511554246,482.775362430435,477.2032063298569,477.52518018421125,475.2935992835863,,,,,,477.0898112919079,,,,,,,,,,,475.2935992835863,,"rgba(38, 166, 154, 0.75)"
2023-07-10 00:00:00+00:00,506.442257122,510.420684371,504.5683602294,504.5683602294,1955628,0.0,0.0,0.0,0.0,0.0,0.0,0.0,0.0,,,,,,,,,,507.6896082819347,509.76178969244364,498.0863819166009,487.17337297840106,483.0936043207703,477.44422918285636,477.63168637034437,475.348644048254,,,,,,477.1739691749792,,,,,,,,,,,475.348644048254,,"rgba(38, 166, 154, 0.5)"
2023-07-11 00:00:00+00:00,508.9696154952,510.0459049925,505.6162049328,506.9131337771,1262318,0.0,0.0,0.0,0.0,0.0,0.0,0.0,0.0,,,,,,,,,,507.7999759469816,509.6713801116396,498.2989253452109,487.4002676329099,483.3035632749632,477.6032690214129,477.70249853216836,475.38526213901343,,,,,,477.2299662875935,,,,,,,,,,,475.38526213901343,,"rgba(38, 166, 154, 0.5)"
2023-07-12 00:00:00+00:00,517.0033478144,519.0310003495,510.3822454604,511.2375112216,1960548,0.0,0.0,0.0,0.0,0.0,0.0,0.0,0.0,,,,,,,,,,509.69941606360106,510.15289122709925,498.84119390907375,487.8627578877827,483.7158566010924,477.9048812093774,477.8378550568273,475.45451906557014,,,,,,477.336829459887,,,,,,,,,,,475.45451906557014,,"rgba(38, 166, 154, 0.5)"
2023-07-13 00:00:00+00:00,517.4357855588,518.0796373117,511.9918748425,516.8111532613,1647200,0.0,0.0,0.0,0.0,0.0,0.0,0.0,0.0,,,,,,,,,,510.756026178773,510.52338040901736,499.28040064048855,488.2446740618476,484.0580449968454,478.15701509458717,477.95192167442065,475.5130491289407,,,,,,477.4270040126577,,,,,,,,,,,475.5130491289407,,"rgba(38, 166, 154, 0.75)"
2023-07-14 00:00:00+00:00,525.3638108738,525.5175665163,517.0994450909,517.6856384778,1828704,0.0,0.0,0.0,0.0,0.0,0.0,0.0,0.0,,,,,,,,,,512.6664637120276,511.34253208856785,499.93249849517275,488.7585377216927,484.5092708886032,478.48302738370666,478.10042617855294,475.5887941698517,,,,,,477.54432142609033,,,,,,,,,,,475.5887941698517,,"rgba(38, 166, 154, 1.0)"
2023-07-17 00:00:00+00:00,531.3795003856,532.5807163424,524.7872272145,524.8641050358,1910253,0.0,0.0,0.0,0.0,0.0,0.0,0.0,0.0,,,,,,,,,,515.095127602879,512.5438009182952,500.77190068987494,489.38548871739835,485.05299276855294,478.8710841021948,478.2784384839635,475.67925494489015,,,,,,477.68492581284494,,,,,,,,,,,475.67925494489015,,"rgba(38, 166, 154, 1.0)"
2023-07-18 00:00:00+00:00,531.9849132278,533.3398848271,527.9488276129,531.1008182836,1779168,0.0,0.0,0.0,0.0,0.0,0.0,0.0,0.0,,,,,,,,,,516.9818293882553,513.6157431986707,501.55081205898847,489.97361741781856,485.5644986732815,479.2378440958693,478.4479748136231,475.7655865255102,,,,,,477.8189872324713,,,,,,,,,,,475.7655865255102,,"rgba(38, 166, 154, 1.0)"
2023-07-19 00:00:00+00:00,532.4846190658,534.1913066973,530.4762820833,532.840178989,1261093,0.0,0.0,0.0,0.0,0.0,0.0,0.0,0.0,,,,,,,,,,518.1701500960386,514.3543402018363,502.1022303418344,490.393338076127,485.93033176321376,479.501107191213,478.57042132584036,475.82804268518765,,,,,,477.915900757871,,,,,,,,,,,475.82804268518765,,"rgba(38, 166, 154, 1.0)"
2023-07-20 00:00:00+00:00,535.2233914474,539.1681846496,532.1002299596,532.1963272362,1732780,0.0,0.0,0.0,0.0,0.0,0.0,0.0,0.0,,,,,,,,,,519.8309352678257,515.4389483795454,502.9031650412398,490.99844522761504,486.4568411497824,479.87965974956836,478.7474435376024,475.9183464805612,,,,,,478.0560818037947,,,,,,,,,,,475.9183464805612,,"rgba(38, 166, 154, 1.0)"
2023-07-21 00:00:00+00:00,536.0882669363,540.1147428235,535.6942681024,537.347141259,5264337,0.0,0.0,0.0,0.0,0.0,0.0,0.0,0.0,,,,,,,,,,523.7704420111552,518.3864861343051,505.2391907001702,492.81168505828066,488.04628533610094,481.03523358787146,479.29542559292463,476.1992749608993,,,,,,478.4910368723301,,,,,,,,,,,476.1992749608993,,"rgba(38, 166, 154, 1.0)"
2023-07-24 00:00:00+00:00,541.9213716226,544.4583397234,534.1807359969,536.2228031234,2087252,0.0,0.0,0.0,0.0,0.0,0.0,0.0,0.0,,,,,,,,,,525.1178792885244,519.4928096156639,506.15557896453544,493.53605122183023,488.6846621437067,481.503491059748,479.52054126686846,476.31518014124896,,,,,,478.6701104640941,,,,,,,,,,,476.31518014124896,,"rgba(38, 166, 154, 1.0)"
2023-07-25 00:00:00+00:00,543.1321973071,545.3991320608,542.2769315458,544.6505342765,1602739,0.0,0.0,0.0,0.0,0.0,0.0,0.0,0.0,,,,,,,,,,526.2138321908966,520.3970857338859,506.89469260112713,494.11705024322,489.1961568408847,481.8786892930227,479.70194412438514,476.40864031282314,,,,,,478.8145081492559,,,,,,,,,,,476.40864031282314,,"rgba(38, 166, 154, 1.0)"
2023-07-26 00:00:00+00:00,544.0739506172,545.8565550971,541.4312755122,543.439708592,1306402,0.0,0.0,0.0,0.0,0.0,0.0,0.0,0.0,,,,,,,,,,527.0239518282698,521.0909494287829,507.4788282167669,494.5824732017777,489.60747418053336,482.1820823170895,479.8494734167108,476.48483706153695,,,,,,478.93206716430336,,,,,,,,,,,476.48483706153695,,"rgba(38, 166, 154, 1.0)"
2023-07-27 00:00:00+00:00,539.9033288151,548.8692047168,538.7213323136,545.5634584037,1485269,0.0,0.0,0.0,0.0,0.0,0.0,0.0,0.0,,,,,,,,,,527.7945683808382,521.7893737146685,508.0980697538198,495.08754578163735,490.0566915838198,482.51627865886115,480.0130131853183,476.5696017242711,,,,,,479.062559381268,,,,,,,,,,,476.5696017242711,,"rgba(38, 166, 154, 1.0)"
2023-07-28 00:00:00+00:00,541.3351782357,545.6499459526,540.6624972998,542.5460039201,1371583,0.0,0.0,0.0,0.0,0.0,0.0,0.0,0.0,,,,,,,,,,528.4432836858343,522.39654714643,508.6515992807576,495.54508763647925,490.4651994531838,482.8218834130565,480.16340201819077,476.64774589955266,,,,,,479.1826854697321,,,,,,,,,,,476.64774589955266,,"rgba(38, 166, 154, 0.75)"
2023-07-31 00:00:00+00:00,538.7886004072,542.2680905964,537.2318245272,541.0276669507,1366148,0.0,0.0,0.0,0.0,0.0,0.0,0.0,0.0,,,,,,,,,,528.9042140684588,522.878698853231,509.1363927726306,495.96245997982106,490.84182077234357,483.10746134216686,480.305022853322,476.7217207356805,,,,,,479.2960160208326,,,,,,,,,,,476.7217207356805,,"rgba(38, 166, 154, 0.75)"
2023-08-01 00:00:00+00:00,533.7915420268,540.9122541216,532.897837355,538.7501614966,1446026,0.0,0.0,0.0,0.0,0.0,0.0,0.0,0.0,,,,,,,,,,529.2002818747212,523.2565407888807,509.5747491407192,496.36016968466805,491.20543398091985,483.3876934650555,480.44520135075874,476.79539388128313,,,,,,479.4084306206856,,,,,,,,,,,476.79539388128313,,"rgba(38, 166, 154, 0.75)"
2023-08-02 00:00:00+00:00,530.7933069986,534.9081923803,529.5124263996,530.7068194497,1636012,0.0,0.0,0.0,0.0,0.0,0.0,0.0,0.0,,,,,,,,,,529.3167585631587,523.5267915337578,509.97846386277126,496.7546389665307,491.5724173226904,483.67651034780795,480.59119391959035,476.87271451529523,,,,,,479.5258147579676,,,,,,,,,,,476.87271451529523,,"rgba(38, 166, 154, 0.5)"
2023-08-03 00:00:00+00:00,535.9249015662,538.4810891223,530.6683805391,531.9272548619,1464010,0.0,0.0,0.0,0.0,0.0,0.0,0.0,0.0,,,,,,,,,,529.5419555576882,523.8455540778505,510.38018168100655,497.1327228454746,491.921645306121,483.9495286277978,480.7294850740446,476.94585579353145,,,,,,479.6369966554252,,,,,,,,,,,476.94585579353145,,"rgba(38, 166, 154, 0.5)"
2023-08-04 00:00:00+00:00,530.4954054413,539.3844035218,529.8899925991,539.1729895134,1141952,0.0,0.0,0.0,0.0,0.0,0.0,0.0,0.0,,,,,,,,,,529.6528561797942,524.0447568545236,510.66284489337755,497.40896648211185,492.17916041428435,484.1531772151436,480.8333705788176,477.0010465739325,,,,,,479.7206529096322,,,,,,,,,,,477.0010465739325,,"rgba(38, 166, 154, 0.5)"
2023-08-07 00:00:00+00:00,536.6168019573,537.7219206376,533.3302750994,533.3302750994,1015378,0.0,0.0,0.0,0.0,0.0,0.0,0.0,0.0,,,,,,,,,,529.8141362542556,524.2635689430506,510.9369886127804,497.668849427279,492.41995785436177,484.34248002045126,480.9300191049005,477.05232187557675,,,,,,479.798465423907,,,,,,,,,,,477.05232187557675,,"rgba(38, 166, 154, 0.5)"
2023-08-08 00:00:00+00:00,534.4161743244,537.0828737485,530.3032108882,536.2228031234,1020524,0.0,0.0,0.0,0.0,0.0,0.0,0.0,0.0,,,,,,,,,,529.9185030454399,524.4398457943335,511.18545436347597,497.91335167838946,492.6485490245883,484.5241861381846,481.02337190503977,477.1020572608819,,,,,,479.87373630200494,,,,,,,,,,,477.1020572608819,,"rgba(38, 166, 154, 0.5)"
2023-08-09 00:00:00+00:00,537.8564568247,540.1531817342,535.0792455326,536.2035836681,1471780,0.0,0.0,0.0,0.0,0.0,0.0,0.0,0.0,,,,,,,,,,530.1926371437421,524.7794108594254,511.5921989950808,498.2964467486714,493.00346135539513,484.80368243932384,481.166957779967,477.1783698396293,,,,,,479.98945161943163,,,,,,,,,,,477.1783698396293,,"rgba(38, 166, 154, 0.5)"
2023-08-10 00:00:00+00:00,539.5765980749,546.9953078242,538.8174295902,541.2198615038,1107233,0.0,0.0,0.0,0.0,0.0,0.0,0.0,0.0,,,,,,,,,,530.4923723947886,525.1011370112134,511.93684907870886,498.6093140205144,493.2909594743735,485.028170887691,481.2823002195762,477.2395349361569,,,,,,480.0823640750731,,,,,,,,,,,477.2395349361569,,"rgba(38, 166, 154, 0.5)"
2023-08-11 00:00:00+00:00,540.9892280401,542.9495163843,537.2154879902,538.4810891223,1043176,0.0,0.0,0.0,0.0,0.0,0.0,0.0,0.0,,,,,,,,,,530.7273971921859,525.3686095548677,512.2394255280075,498.8904894892193,493.5509488193712,485.2328404973803,481.38804319566617,477.29579775505766,,,,,,480.16764947363737,,,,,,,,,,,477.29579775505766,,"rgba(38, 166, 154, 0.5)"
2023-08-14 00:00:00+00:00,539.5573786196,545.553848676,538.5675766712,542.7285887456,1247567,0.0,0.0,0.0,0.0,0.0,0.0,0.0,0.0,,,,,,,,,,531.0174616491088,525.6936990411488,512.6035104952268,499.2285453969845,493.86365316672635,485.47933737102454,481.51580552354966,477.36384847765703,,,,,,480.2707496836468,,,,,,,,,,,477.36384847765703,,"rgba(38, 166, 154, 0.5)"
2023-08-15 00:00:00+00:00,536.7128992338,543.1033681241,536.4149976765,539.1537700581,1124458,0.0,0.0,0.0,0.0,0.0,0.0,0.0,0.0,,,,,,,,,,531.2051858263625,525.930456767208,512.8961290479494,499.51090992856393,494.12741600129425,485.68984658346534,481.6257255164766,477.42268052452107,,,,,,480.3596057110292,,,,,,,,,,,477.42268052452107,,"rgba(38, 166, 154, 0.5)"
2023-08-16 00:00:00+00:00,537.2318245272,542.9015638434,536.9147035146,539.7784023556,1340290,0.0,0.0,0.0,0.0,0.0,0.0,0.0,0.0,,,,,,,,,,531.4250244022035,526.2074369973851,513.2400533708319,499.84454480025056,494.43967850082316,485.9398747424233,481.75681547805897,477.4929685295904,,,,,,480.46565717915956,,,,,,,,,,,477.4929685295904,,"rgba(38, 166, 154, 0.5)"
2023-08-17 00:00:00+00:00,525.7578097076,538.5483572158,523.8070349938,537.6354330887,1941923,0.0,0.0,0.0,0.0,0.0,0.0,0.0,0.0,,,,,,,,,,531.3445473855237,526.3015730644472,513.5420339250923,500.20147364923724,494.7882383622522,486.2329256537148,481.91387568491695,477.57860272013465,,,,,,480.5934348715304,,,,,,,,,,,477.57860272013465,,#000000
2023-08-18 00:00:00+00:00,523.6724988066,528.0257054341,521.9139186458,525.5752248822,1878090,0.0,0.0,0.0,0.0,0.0,0.0,0.0,0.0,,,,,,,,,,531.0960173448793,526.2522237949793,513.7375658867583,500.4826982173239,495.0725857514449,486.4812675953977,482.0494194117377,477.6534492212815,,,,,,480.7041955218055,,,,,,,,,,,477.6534492212815,,"rgba(239, 83, 80, 1.0)"
2023-08-21 00:00:00+00:00,522.0100159224,523.8743030874,515.3696941131,522.6346482199,2076349,0.0,0.0,0.0,0.0,0.0,0.0,0.0,0.0,,,,,,,,,,530.6817305351443,526.0772098599634,513.866373767631,500.73417584839297,495.33761458401574,486.7227875757691,482.1838400284043,477.72867350759117,,,,,,480.81455343841424,,,,,,,,,,,477.72867350759117,,"rgba(239, 83, 80, 1.0)"
2023-08-22 00:00:00+00:00,517.3589077376,520.8087999656,516.5228614316,520.8087999656,1286150,0.0,0.0,0.0,0.0,0.0,0.0,0.0,0.0,,,,,,,,,,530.3895096729034,525.9340602671662,513.9178775267882,500.86982793894066,495.4849393113978,486.8610730435784,482.2618951161737,477.772755754239,,,,,,480.87884581105885,,,,,,,,,,,477.772755754239,,"rgba(239, 83, 80, 1.0)"
2023-08-23 00:00:00+00:00,519.7517299236,520.0496314809,515.3120357472,517.9258816692,1295812,0.0,0.0,0.0,0.0,0.0,0.0,0.0,0.0,,,,,,,,,,530.1118997538081,525.7975655010321,513.9702094437159,501.00548076210424,495.63237347502195,486.999795684019,482.34050228549387,477.8172266115282,,,,,,480.94364169287627,,,,,,,,,,,477.8172266115282,,"rgba(239, 83, 80, 1.0)"
2023-08-24 00:00:00+00:00,511.9390213404,520.8835841815,511.0821148895,519.2371684164,1587505,0.0,0.0,0.0,0.0,0.0,0.0,0.0,0.0,,,,,,,,,,529.6859781541527,525.5560923063507,513.9796430627634,501.13368564684623,495.78117079161547,487.1480462530546,482.4264011696529,477.8665682927606,,,,,,481.01482486682505,,,,,,,,,,,477.8665682927606,,"rgba(239, 83, 80, 1.0)"
2023-08-25 00:00:00+00:00,514.1534986854,515.8624975059,510.8317826679,513.0944008247,1511474,0.0,0.0,0.0,0.0,0.0,0.0,0.0,0.0,,,,,,,,,,529.2756670893459,525.3151332331914,513.974793817762,501.24448390201974,495.913151519526,487.28254781073963,482.5051884540382,477.91212554808953,,,,,,481.0802741846451,,,,,,,,,,,477.91212554808953,,"rgba(239, 83, 80, 1.0)"
2023-08-28 00:00:00+00:00,516.2524380819,517.0708318833,513.2965922345,516.0695029969,945776,0.0,0.0,0.0,0.0,0.0,0.0,0.0,0.0,,,,,,,,,,529.0596684206987,525.193235537379,513.9877432020915,501.3234464042272,496.00361517814514,487.37211507191313,482.557322362227,477.9421061190815,,,,,,481.12350829013326,,,,,,,,,,,477.9421061190815,,"rgba(239, 83, 80, 1.0)"
2023-08-29 00:00:00+00:00,522.5877689209,522.876613792,514.4712280436,514.4712280436,1468521,0.0,0.0,0.0,0.0,0.0,0.0,0.0,0.0,,,,,,,,,,528.8432197419693,525.0941835530866,514.0637273418191,501.48208279137276,496.1739786934773,487.5318058438843,482.648795989561,477.99404726113596,,,,,,481.19905388175425,,,,,,,,,,,477.99404726113596,,"rgba(239, 83, 80, 0.75)"
2023-08-30 00:00:00+00:00,522.0967326401,524.1796892871,519.2564247411,522.5492562714,1292815,0.0,0.0,0.0,0.0,0.0,0.0,0.0,0.0,,,,,,,,,,528.6993780685743,525.040732273077,514.1496451025604,501.6333856905179,496.3335659717255,487.6791105107431,482.7329619956595,478.04169492860206,,,,,,481.2685059130138,,,,,,,,,,,478.04169492860206,,"rgba(239, 83, 80, 0.75)"
2023-08-31 00:00:00+00:00,528.8557026234,531.6671260352,519.9207679446,519.9207679446,2086507,0.0,0.0,0.0,0.0,0.0,0.0,0.0,0.0,,,,,,,,,,528.6388662186204,525.0865990614712,514.3714061897438,501.93178944047196,496.63635748348355,487.9483998940948,482.88520546557845,478.12707770116384,,,,,,481.3937661711587,,,,,,,,,,,478.12707770116384,,"rgba(239, 83, 80, 0.75)"
2023-09-01 00:00:00+00:00,524.0127369516,532.8995308185,520.5369703362,532.5047761613,1437729,0.0,0.0,0.0,0.0,0.0,0.0,0.0,0.0,,,,,,,,,,528.5777796269975,525.099375001842,514.5078483789088,502.12524111864417,496.834736463898,488.12709992167197,482.98713020353995,478.1845352532263,,,,,,481.47778994734495,,,,,,,,,,,478.1845352532263,,"rgba(239, 83, 80, 0.75)"
2023-09-05 00:00:00+00:00,524.4748887453,528.769049162,523.7720328923,525.4377049822,1714296,0.0,0.0,0.0,0.0,0.0,0.0,0.0,0.0,,,,,,,,,,528.5046780765232,525.1110829498168,514.6643204417559,502.35046777216496,497.06661787218917,488.33717517112314,483.1076231049737,478.25265767343006,,,,,,481.5772373533351,,,,,,,,,,,478.25265767343006,,#000000
2023-09-06 00:00:00+00:00,526.3620085697,528.2780128812,520.0940748673,521.5768118721,1476602,0.0,0.0,0.0,0.0,0.0,0.0,0.0,0.0,,,,,,,,,,528.4284658126761,525.1076265047797,514.7865499929067,502.53482468042034,497.2581472292223,488.51259890669814,483.20902024826086,478.3102394717946,,,,,,481.66106647848227,,,,,,,,,,,478.3102394717946,,#000000
2023-09-07 00:00:00+00:00,528.220243907,530.5021183885,524.0464355199,528.2491283941,1340191,0.0,0.0,0.0,0.0,0.0,0.0,0.0,0.0,,,,,,,,,,528.4126225285786,525.1460100388856,514.923675325632,502.7192785081347,497.4463324997108,488.681974798678,483.3065083757111,478.36537539360467,,,,,,481.7415651724673,,,,,,,,,,,478.36537539360467,,#000000
2023-09-08 00:00:00+00:00,530.6946816359,531.8403366762,527.7195794638,528.6535112136,1077496,0.0,0.0,0.0,0.0,0.0,0.0,0.0,0.0,,,,,,,,,,528.4376349539752,525.2066636581055,515.053113642467,502.8803015097961,497.6083310325063,488.82575504084633,483.3889765510038,478.41185712561446,,,,,,481.80959196259124,,,,,,,,,,,478.41185712561446,,"rgba(38, 166, 154, 0.5)"
2023-09-11 00:00:00+00:00,538.0024568742,538.5897747788,531.3397685146,532.2544439397,1388639,0.0,0.0,0.0,0.0,0.0,0.0,0.0,0.0,,,,,,,,,,528.5802258959703,525.3744771716517,515.2808331074469,503.12939646550353,497.85220500448753,489.0358420107766,483.508188309944,478.4784551165832,,,,,,481.9076472957057,,,,,,,,,,,478.4784551165832,,"rgba(38, 166, 154, 0.5)"
2023-09-12 00:00:00+00:00,538.0120850366,539.5622191781,535.4991346582,538.4838649927,1055620,0.0,0.0,0.0,0.0,0.0,0.0,0.0,0.0,,,,,,,,,,528.7093535448109,525.5186495752769,515.464714960687,503.3260094582049,498.04377065629177,489.20008348588686,483.6013983520059,478.530484694142,,,,,,481.98430525874346,,,,,,,,,,,478.530484694142,,"rgba(38, 166, 154, 0.5)"
2023-09-13 00:00:00+00:00,538.9460167864,539.6044868109,533.9923272474,537.5403050805,1162710,0.0,0.0,0.0,0.0,0.0,0.0,0.0,0.0,,,,,,,,,,528.8446913496832,525.6713400959103,515.6622059777595,503.53889425463814,498.25171746426304,489.37905315582344,483.70335937609076,478.5875158099741,,,,,,482.0682292086015,,,,,,,,,,,478.5875158099741,,"rgba(38, 166, 154, 0.5)"
2023-09-14 00:00:00+00:00,543.7697261335,545.6272874994,539.4177967425,543.8082387829,1257325,0.0,0.0,0.0,0.0,0.0,0.0,0.0,0.0,,,,,,,,,,529.0751174631902,525.9057863172112,515.9238549857629,503.8024172385499,498.50486012950995,489.5927405373465,483.8242543578949,478.6547290935333,,,,,,482.1675474469709,,,,,,,,,,,478.6547290935333,,"rgba(38, 166, 154, 1.0)"
2023-09-15 00:00:00+00:00,535.6724415809,544.4822101488,534.8829322666,544.3089032262,2945317,0.0,0.0,0.0,0.0,0.0,0.0,0.0,0.0,,,,,,,,,,529.4170864897894,526.2892616582013,516.4166262406837,504.33529490082253,499.02662882729345,490.04417163717454,484.0836796296164,478.8004206815436,,,,,,482.38145288461294,,,,,,,,,,,478.8004206815436,,"rgba(38, 166, 154, 1.0)"
2023-09-18 00:00:00+00:00,541.7959528478,543.211292716,536.7363535227,537.4247671321,1003221,0.0,0.0,0.0,0.0,0.0,0.0,0.0,0.0,,,,,,,,,,529.5556147561852,526.4377642136684,516.5961722205564,504.5247513507629,499.21117207472537,490.2030613350289,484.1750981709917,478.85174009755264,,,,,,482.4568363163197,,,,,,,,,,,478.85174009755264,,"rgba(38, 166, 154, 1.0)"
2023-09-19 00:00:00+00:00,543.365343314,544.3089032262,538.6282874282,540.7561113119,1145422,0.0,0.0,0.0,0.0,0.0,0.0,0.0,0.0,,,,,,,,,,529.7308623850806,526.621404080697,516.8107162789823,504.74767024049794,499.4275457790319,490.3886910812114,484.28191602494724,478.9116694958975,,,,,,482.54491052614463,,,,,,,,,,,478.9116694958975,,"rgba(38, 166, 154, 1.0)"
2023-09-20 00:00:00+00:00,542.8646788708,548.05319929,541.7381838735,543.365343314,1312150,0.0,0.0,0.0,0.0,0.0,0.0,0.0,0.0,,,,,,,,,,529.9590540866272,526.8546205432533,517.0723095658035,505.0141044874662,499.68491652638556,490.6083582738984,484.4082636412056,478.982479107306,,,,,,482.64906223667015,,,,,,,,,,,478.982479107306,,"rgba(38, 166, 154, 1.0)"
2023-09-21 00:00:00+00:00,534.4400367976,543.5771628861,533.669783808,543.0957547676,1688396,0.0,0.0,0.0,0.0,0.0,0.0,0.0,0.0,,,,,,,,,,530.1034665036904,527.0285698335535,517.3168543907544,505.2915025146901,499.96046634139503,490.8518787118646,484.55115057902844,479.06362894395625,,,,,,482.7674064406441,,,,,,,,,,,479.06362894395625,,"rgba(38, 166, 154, 0.5)"
2023-09-22 00:00:00+00:00,537.8195217892,542.036656907,534.1511919265,534.5170620965,1527941,0.0,0.0,0.0,0.0,0.0,0.0,0.0,0.0,,,,,,,,,,530.242955443519,527.1925960009141,517.541499818263,505.54443293262835,500.2114695017772,491.07371287071726,484.6816825335181,479.1378460896947,,,,,,482.8755771510451,,,,,,,,,,,479.1378460896947,,"rgba(38, 166, 154, 0.5)"
2023-09-25 00:00:00+00:00,537.8484062763,540.3998693042,534.1078651958,538.6860564025,1313326,0.0,0.0,0.0,0.0,0.0,0.0,0.0,0.0,,,,,,,,,,530.3507438850266,527.3227323645943,517.7256378098945,505.75509739161936,500.42148061054223,491.2605098163392,484.79221857664544,479.2008943682316,,,,,,482.96729120540664,,,,,,,,,,,479.2008943682316,,"rgba(38, 166, 154, 0.5)"
2023-09-26 00:00:00+00:00,532.3988663753,540.4961509279,531.4745627878,538.3586988819,2425106,0.0,0.0,0.0,0.0,0.0,0.0,0.0,0.0,,,,,,,,,,530.4700103841028,527.4936281532168,518.0121551710099,506.1048095609721,500.77567696780153,491.58185884129773,484.98485791053275,479.31165348962134,,,,,,483.12760172536144,,,,,,,,,,,479.31165348962134,,#000000
2023-09-27 00:00:00+00:00,542.5758339997,545.4353982234,524.4748887453,527.0263517732,4591429,0.0,0.0,0.0,0.0,0.0,0.0,0.0,0.0,,,,,,,,,,530.8100738659666,527.9090112080605,518.6124315483798,506.80467789827776,501.47844001721313,492.2147432741567,485.3651368679124,479.53031599899793,,,,,,483.44416870495303,,,,,,,,,,,479.53031599899793,,"rgba(38, 166, 154, 0.5)"
2023-09-28 00:00:00+00:00,547.486196808,550.9041944492,543.0957547676,543.0957547676,2192427,0.0,0.0,0.0,0.0,0.0,0.0,0.0,0.0,,,,,,,,,,531.1794891091855,528.2833985721709,519.0263600863753,507.2298044337909,501.89215058928454,492.5740442196478,485.57809823389744,479.65146559486664,,,,,,483.62083627808585,,,,,,,,,,,479.65146559486664,,"rgba(38, 166, 154, 0.5)"
2023-09-29 00:00:00+00:00,543.9526612185,549.7584431272,539.8510640491,548.8052550526,1887507,0.0,0.0,0.0,0.0,0.0,0.0,0.0,0.0,,,,,,,,,,531.4340187200845,528.5507542529202,519.3406607558753,507.5649558030727,502.2219330748419,492.86484471230676,485.75245562648826,479.7513515819953,,,,,,483.7658603173287,,,,,,,,,,,479.7513515819953,,"rgba(38, 166, 154, 0.5)"
2023-10-02 00:00:00+00:00,550.066544323,550.4805553049,543.028357631,546.7929691174,1831713,0.0,0.0,0.0,0.0,0.0,0.0,0.0,0.0,,,,,,,,,,531.7325812232349,528.8544162338875,519.6778093979793,507.91334981302305,502.5619967138191,493.1619878674325,485.9302297729616,479.85297145014084,,,,,,483.9136342915278,,,,,,,,,,,479.85297145014084,,"rgba(38, 166, 154, 0.5)"
2023-10-03 00:00:00+00:00,544.0296865174,554.7697090772,542.0751695565,549.8643529133,2007373,0.0,0.0,0.0,0.0,0.0,0.0,0.0,0.0,,,,,,,,,,532.0299686795917,529.1611610890707,520.0267370786249,508.2798496843263,502.9216065964666,493.47866118052167,486.121071837088,479.96251918474394,,,,,,484.0725299950335,,,,,,,,,,,479.96251918474394,,"rgba(38, 166, 154, 0.5)"
2023-10-04 00:00:00+00:00,550.5383242791,551.318205431,542.7973780158,548.3142187718,1798756,0.0,0.0,0.0,0.0,0.0,0.0,0.0,0.0,,,,,,,,,,532.3084205020195,529.4461699041887,520.3461805686115,508.6129724812148,503.2480084279342,493.7658837459915,486.2945896600192,480.0622188722507,,,,,,484.2170722463625,,,,,,,,,,,480.0622188722507,,"rgba(38, 166, 154, 0.5)"
2023-10-05 00:00:00+00:00,548.3431032589,553.3786321781,543.3701573951,550.8945662868,1579732,0.0,0.0,0.0,0.0,0.0,0.0,0.0,0.0,,,,,,,,,,532.5473563772828,529.6914275822236,520.6222538504448,508.90204453655656,503.53172898949583,494.0163280010263,486.44653879724166,480.1497258444706,,,,,,484.3437665831142,,,,,,,,,,,480.1497258444706,,"rgba(38, 166, 154, 0.5)"
2023-10-06 00:00:00+00:00,536.7989365781,545.86866553,522.4529746477,545.0406435662,4246692,0.0,0.0,0.0,0.0,0.0,0.0,0.0,0.0,,,,,,,,,,532.643248203183,529.8715612886357,520.9943087350294,509.40322274213025,504.0555399994397,494.5160345535241,486.7642401507081,480.33812629313934,,,,,,484.6115147525859,,,,,,,,,,,480.33812629313934,,"rgba(38, 166, 154, 0.5)"
2023-10-09 00:00:00+00:00,538.1853919593,538.9363886241,529.3371107418,534.3630114986,1781511,0.0,0.0,0.0,0.0,0.0,0.0,0.0,0.0,,,,,,,,,,532.6883981939869,529.9497809285176,521.1495093525887,509.6113526725038,504.2732215928103,494.72432598231995,486.89750431067677,480.41741822351196,,,,,,484.72398258616073,,,,,,,,,,,480.41741822351196,,#000000
2023-10-10 00:00:00+00:00,541.1893786185,545.86866553,536.5197198694,539.1000673843,2176975,0.0,0.0,0.0,0.0,0.0,0.0,0.0,0.0,,,,,,,,,,532.8502896713065,530.1379703234742,521.4084189891591,509.91632160281915,504.58305340457946,495.01122846044984,487.0783732721913,480.52401071730696,,,,,,484.876116533851,,,,,,,,,,,480.52401071730696,,#000000
2023-10-11 00:00:00+00:00,544.4918383112,545.4353982234,539.3696559307,543.8467514324,1449996,0.0,0.0,0.0,0.0,0.0,0.0,0.0,0.0,,,,,,,,,,532.9786113569905,530.2808784484704,521.5934510372686,510.12838534283145,504.7971474082747,495.2081726838138,487.2023962182682,480.5970249115711,,,,,,484.9804076353188,,,,,,,,,,,480.5970249115711,,#000000
2023-10-12 00:00:00+00:00,542.8165380589,547.9772330889,541.4685953272,546.9277633906,1457979,0.0,0.0,0.0,0.0,0.0,0.0,0.0,0.0,,,,,,,,,,533.116729958113,530.4322696710332,521.784752571193,510.34521259177615,505.0155277972438,495.40863531534563,487.3287450824527,480.671427879632,,,,,,485.0866740528784,,,,,,,,,,,480.671427879632,,#000000
2023-10-13 00:00:00+00:00,545.7627557439,546.3404454861,541.0834688324,542.8839351955,1244163,0.0,0.0,0.0,0.0,0.0,0.0,0.0,0.0,,,,,,,,,,533.2351403199556,530.5617141455327,521.9476646381529,510.52973355733,505.2014260253034,495.57947843835484,487.4367044594303,480.7350895196784,,,,,,485.1775265233458,,,,,,,,,,,480.7350895196784,,"rgba(38, 166, 154, 0.5)"
2023-10-16 00:00:00+00:00,550.9619634234,552.7495280489,547.380287022,548.5067820192,1428517,0.0,0.0,0.0,0.0,0.0,0.0,0.0,0.0,,,,,,,,,,533.4391528191314,530.7702686125326,522.1808140508683,510.77605064483083,505.44489171296493,495.79797630747515,487.5730940202397,480.81486571397824,,,,,,485.29197735261914,,,,,,,,,,,480.81486571397824,,"rgba(38, 166, 154, 0.5)"
2023-10-17 00:00:00+00:00,552.9838775209,554.6399214485,549.4888545809,550.6731185523,1404801,0.0,0.0,0.0,0.0,0.0,0.0,0.0,0.0,,,,,,,,,,533.6583286697004,530.9916935100267,522.4224551653537,511.027455931514,505.6923524897498,496.01899438661906,487.7109125079809,480.8953981228083,,,,,,485.40759606184116,,,,,,,,,,,480.8953981228083,,"rgba(38, 166, 154, 1.0)"
2023-10-18 00:00:00+00:00,553.272722392,555.8338135823,550.7308875265,552.5746806202,1311893,0.0,0.0,0.0,0.0,0.0,0.0,0.0,0.0,,,,,,,,,,533.8681901731563,531.2030261474235,522.6513866203092,511.26460324574447,505.92555294959766,496.22714311454297,487.8408883337331,480.97139451141794,,,,,,485.5166684921988,,,,,,,,,,,480.97139451141794,,"rgba(38, 166, 154, 1.0)"
2023-10-19 00:00:00+00:00,544.5977480972,554.4377300387,543.1342674171,552.3676751293,2019564,0.0,0.0,0.0,0.0,0.0,0.0,0.0,0.0,,,,,,,,,,534.087225645483,531.4359077772596,522.9307420800768,511.57406617424044,506.2360183266771,496.51185855771973,488.0220556000291,481.0785708597426,,,,,,485.66936049105453,,,,,,,,,,,481.0785708597426,,"rgba(38, 166, 154, 0.75)"
2023-10-20 00:00:00+00:00,532.3699818882,545.5990769836,531.4841909502,545.4739108728,2295445,0.0,0.0,0.0,0.0,0.0,0.0,0.0,0.0,,,,,,,,,,534.1305638502637,531.5171346854265,523.1024977029552,511.8142689626232,506.49127051775037,496.76309918673263,488.1890568565322,481.18000375317393,,,,,,485.8114946922628,,,,,,,,,,,481.18000375317393,,#000000
2023-10-23 00:00:00+00:00,531.7537794965,536.2164327547,526.3042395955,533.5349895349,1776509,0.0,0.0,0.0,0.0,0.0,0.0,0.0,0.0,,,,,,,,,,534.093228386889,531.5159992917215,523.1833254114649,511.9595334543293,506.65305043186004,496.9308911208847,488.3040579819976,481.2510923743186,,,,,,485.9100226071816,,,,,,,,,,,481.2510923743186,,"rgba(239, 83, 80, 1.0)"
2023-10-24 00:00:00+00:00,531.3205121899,535.3161995732,528.899029354,531.5708444115,1678622,0.0,0.0,0.0,0.0,0.0,0.0,0.0,0.0,,,,,,,,,,534.0642958323837,531.5197815686257,523.262093131808,512.0977522923184,506.8065607519689,497.0898660159933,488.41321574554263,481.3186406831163,,,,,,486.0035876052006,,,,,,,,,,,481.3186406831163,,"rgba(239, 83, 80, 1.0)"
2023-10-25 00:00:00+00:00,529.5393021516,533.2365165014,525.3221670338,528.1528467704,1757470,0.0,0.0,0.0,0.0,0.0,0.0,0.0,0.0,,,,,,,,,,534.0018279416554,531.4941853424191,523.3196585104305,512.2225079462116,506.94957287396,497.2430013945012,488.52042550263104,481.38570816301234,,,,,,486.0958640368179,,,,,,,,,,,481.38570816301234,,"rgba(239, 83, 80, 1.0)"
2023-10-26 00:00:00+00:00,527.2381713453,534.0356539781,525.2452380165,529.211944631,1925263,0.0,0.0,0.0,0.0,0.0,0.0,0.0,0.0,,,,,,,,,,533.9277194469898,531.4600707463561,523.3761045548838,512.3529891427725,507.10054238677446,497.4063766824042,488.63572354971603,481.4581607179356,,,,,,486.1952766911274,,,,,,,,,,,481.4581607179356,,"rgba(239, 83, 80, 1.0)"
2023-10-27 00:00:00+00:00,522.8381011425,527.6521823272,520.1422156791,527.2381713453,1503322,1.0,527.65216,520.1422,0.0,0.0,0.0,0.0,0.0,,,,,,,,,523.5441663829333,533.8126116242205,531.3814234239009,523.3774358344323,512.421187462322,507.18862054069535,497.51148225045665,488.7134973175863,481.5082752030853,,,,,,486.2629815681763,,,,,,,,,,,481.5082752030853,,"rgba(239, 83, 80, 1.0)"
2023-10-30 00:00:00+00:00,534.2474735502,535.6724415809,523.425419047,525.4473331446,1696182,0.0,0.0,0.0,0.0,0.0,0.0,0.0,0.0,,,,,,,,,527.5578199519102,533.7792887523553,531.3784711728148,523.4459794210218,512.5488439638791,507.3323524967871,497.66325629525517,488.8198173617764,481.5748338425876,,,,,,486.3545315787448,,,,,,,,,,,481.5748338425876,,"rgba(239, 83, 80, 1.0)"
2023-10-31 00:00:00+00:00,531.8982019321,533.4290797488,528.6467714999,531.6286133857,1394661,0.0,0.0,0.0,0.0,0.0,0.0,0.0,0.0,,,,,,,,,528.701335461064,533.7546073606331,531.3779853324777,523.5029506442993,512.6536789829332,507.4502767512853,497.7878024185957,488.9072700487107,481.6296580091769,,,,,,486.4298788674485,,,,,,,,,,,481.6296580091769,,"rgba(239, 83, 80, 0.75)"
2023-11-01 00:00:00+00:00,536.0960807251,537.6750993537,529.211944631,534.3630114986,1735315,0.0,0.0,0.0,0.0,0.0,0.0,0.0,0.0,,,,,,,,,530.2438838335969,533.7616889225825,531.410768816379,523.5994753670047,512.8032162937703,507.6136497256652,497.9552504283592,489.0232505804723,481.7018168233453,,,,,,486.52952588665164,,,,,,,,,,,481.7018168233453,,"rgba(239, 83, 80, 0.75)"
2023-11-02 00:00:00+00:00,536.2790158101,539.6936383904,532.4592685169,536.7902446145,2100573,0.0,0.0,0.0,0.0,0.0,0.0,0.0,0.0,,,,,,,,,531.7140490393707,533.7967967038927,531.4736013965628,523.7334339454153,512.9965343122435,507.822038749269,498.16592140994027,489.16844999643604,481.7919055351865,,,,,,486.6541562308,,,,,,,,,,,481.7919055351865,,"rgba(239, 83, 80, 0.75)"
2023-11-03 00:00:00+00:00,541.0344082736,543.0503860117,535.5652246493,537.5908482139,1826753,0.0,0.0,0.0,0.0,0.0,0.0,0.0,0.0,,,,,,,,,533.1690123214549,533.8738146279127,531.5695788266554,523.8820325475012,513.1888088263715,508.024406547483,498.36510360645843,489.3039902229879,481.87538212031234,,,,,,486.7701834243059,,,,,,,,,,,481.87538212031234,,#000000
2023-11-06 00:00:00+00:00,549.6384855099,552.3682544088,540.2916796333,540.6389293872,2056898,0.0,0.0,0.0,0.0,0.0,0.0,0.0,0.0,,,,,,,,,535.5516560616256,534.0642893214925,531.7708426793371,524.1235266427021,513.4623463284298,508.3025099692364,498.62748509878054,489.4783925068913,481.9812843866009,,,,,,486.9187083950804,,,,,,,,,,,481.9812843866009,,"rgba(38, 166, 154, 0.5)"
2023-11-07 00:00:00+00:00,551.0371303521,553.5643368946,549.3852825643,552.2235670113,1373229,0.0,0.0,0.0,0.0,0.0,0.0,0.0,0.0,,,,,,,,,537.1346105275302,534.22470366113,531.9351161216784,524.3085060932736,513.6632133815319,508.50427295601617,498.814959694024,489.6020342848164,482.0559941036857,,,,,,487.02382078004166,,,,,,,,,,,482.0559941036857,,"rgba(38, 166, 154, 1.0)"
2023-11-08 00:00:00+00:00,547.2849038444,552.6962125097,544.3091663697,551.8570256044,1343554,0.0,0.0,0.0,0.0,0.0,0.0,0.0,0.0,,,,,,,,,538.1145016642706,534.3496745336843,532.0668461085369,524.4657101405191,513.8409997743817,508.6850916841226,498.985886367469,489.71621746921375,482.1255305029824,,,,,,487.12117780834654,,,,,,,,,,,482.1255305029824,,"rgba(38, 166, 154, 1.0)"
2023-11-09 00:00:00+00:00,543.3204691537,548.847527737,542.1050950149,548.847527737,1288443,0.0,0.0,0.0,0.0,0.0,0.0,0.0,0.0,,,,,,,,,538.6390078002055,534.4388222795512,532.1652740692649,524.5934987633857,513.9933260689228,508.8423886350214,499.13762261650703,489.8190601528678,482.18870900262834,,,,,,487.20915354332584,,,,,,,,,,,482.18870900262834,,"rgba(38, 166, 154, 1.0)"
2023-11-10 00:00:00+00:00,556.6799388534,557.4178445805,544.9313221788,547.7864868223,1909263,0.0,0.0,0.0,0.0,0.0,0.0,0.0,0.0,,,,,,,,,540.1442274604041,534.6715765273233,532.4021142784339,524.8562230513496,514.2761199363828,509.1259500188447,499.40096898677376,489.9935362023883,482.2944116210824,,,,,,487.35764928892434,,,,,,,,,,,482.2944116210824,,"rgba(38, 166, 154, 1.0)"
2023-11-13 00:00:00+00:00,557.7506255947,559.4097077524,553.1736809214,554.6350236358,1650942,0.0,0.0,0.0,0.0,0.0,0.0,0.0,0.0,,,,,,,,,541.525645794563,534.9085874780726,532.6392767128956,525.1094028938207,514.540838195256,509.389031009973,499.64247941254155,490.1526064407528,482.3904158307942,,,,,,487.4928536582878,,,,,,,,,,,482.3904158307942,,"rgba(38, 166, 154, 1.0)"
2023-11-14 00:00:00+00:00,569.8754295027,570.5988664901,560.6250818911,561.1363106955,2037639,0.0,0.0,0.0,0.0,0.0,0.0,0.0,0.0,,,,,,,,,543.8971187302913,535.3281271204722,533.0473870123733,525.5158150100389,514.9412813482886,509.77916055106374,499.9907705853776,490.37795270110485,482.5248545308931,,,,,,487.68359449728047,,,,,,,,,,,482.5248545308931,,"rgba(38, 166, 154, 1.0)"
2023-11-15 00:00:00+00:00,575.6436337485,578.6434857894,572.3736985657,572.9524481556,2165104,0.0,0.0,0.0,0.0,0.0,0.0,0.0,0.0,,,,,,,,,546.7432251381205,535.8786858915931,533.5766352071545,526.0259743973123,515.4286433987104,510.24878508071805,500.4034608147642,490.64240694314486,482.68159138616096,,,,,,487.9069227250199,,,,,,,,,,,482.68159138616096,,"rgba(38, 166, 154, 1.0)"
2023-11-16 00:00:00+00:00,558.0882295221,565.8097136338,551.9727755224,565.6119741906,2954653,0.0,0.0,0.0,0.0,0.0,0.0,0.0,0.0,,,,,,,,,548.0415538746847,536.2957252502167,533.9951124972429,526.4732963252872,515.8974694935388,510.7155833586085,500.834177615233,490.92923072517897,482.8557986211243,,,,,,488.15134941789614,,,,,,,,,,,482.8557986211243,,"rgba(38, 166, 154, 1.0)"
2023-11-17 00:00:00+00:00,556.7088763329,559.3807702729,553.728315945,558.3968959701,1774272,0.0,0.0,0.0,0.0,0.0,0.0,0.0,0.0,,,,,,,,,548.568982242693,536.5169159393577,534.2197140627178,526.7195723428521,516.1610762932236,510.9799681492395,501.0808509049778,491.09520967801285,482.95725124349593,,,,,,488.2931385892379,,,,,,,,,,,482.95725124349593,,"rgba(38, 166, 154, 0.75)"
2023-11-20 00:00:00+00:00,560.2296030047,561.6957686324,556.8921470364,556.8921470364,1624460,0.0,0.0,0.0,0.0,0.0,0.0,0.0,0.0,,,,,,,,,549.15806646497,536.7448634755845,534.4485102417508,526.9638309628538,516.4171295896158,511.235112538871,501.31688918714275,491.25336520924634,483.05366666088696,,,,,,488.42811972556296,,,,,,,,,,,483.05366666088696,,"rgba(38, 166, 154, 0.75)"
2023-11-21 00:00:00+00:00,563.605642279,564.2326210014,557.2490426168,561.3871021845,1173710,0.0,0.0,0.0,0.0,0.0,0.0,0.0,0.0,,,,,,,,,549.6236186488684,536.9215821319984,534.6247922734126,527.1492232768716,516.6091257828957,511.4256936880509,501.4923233768343,491.37066266791953,483.1250759467516,,,,,,488.5281834581331,,,,,,,,,,,483.1250759467516,,"rgba(38, 166, 154, 0.75)"
2023-11-22 00:00:00+00:00,568.216347345,570.205702602,565.5783102561,566.065328036,1068932,0.0,0.0,0.0,0.0,0.0,0.0,0.0,0.0,,,,,,,,,550.224735226404,537.1207657332842,534.8202931131959,527.3468508157999,516.8068234861036,511.61962378585594,501.6678501300372,491.48669562255407,483.19520691975237,,,,,,488.626908577935,,,,,,,,,,,483.19520691975237,,"rgba(38, 166, 154, 0.75)"
2023-11-24 00:00:00+00:00,570.4155957866,573.1501875988,569.4992422693,570.0876376857,645766,0.0,0.0,0.0,0.0,0.0,0.0,0.0,0.0,,,,,,,,,550.6277507510371,537.2515185858923,534.947948514464,527.4741233551861,516.9325277002088,511.74238273602595,501.7782514813929,491.55938513816284,483.2390260377218,,,,,,488.68869780907227,,,,,,,,,,,483.2390260377218,,"rgba(38, 166, 154, 0.75)"
2023-11-27 00:00:00+00:00,573.8302183669,578.6917149219,571.4308190255,571.5345116604,1627378,0.0,0.0,0.0,0.0,0.0,0.0,0.0,0.0,,,,,,,,,551.7463086792085,537.6115305038328,535.2976584830755,527.8180513626102,517.2678240184284,512.0683084695945,502.06941916050215,491.75031969081743,483.3538172021351,,,,,,488.85084673418294,,,,,,,,,,,483.3538172021351,,"rgba(38, 166, 154, 0.75)"
2023-11-28 00:00:00+00:00,572.9620939821,576.2609666444,570.4772326179,572.1807820357,1286847,0.0,0.0,0.0,0.0,0.0,0.0,0.0,0.0,,,,,,,,,552.50933970623,537.8806310302065,535.5600549864195,528.0783573444335,517.5237320194918,512.3178689495805,502.29355299357746,491.89810981713697,483.4429780937165,,,,,,488.9765221842762,,,,,,,,,,,483.4429780937165,,"rgba(38, 166, 154, 0.75)"
2023-11-29 00:00:00+00:00,567.0395565123,574.1292389883,566.6151401464,574.1195931618,1319844,0.0,0.0,0.0,0.0,0.0,0.0,0.0,0.0,,,,,,,,,553.0980330079248,538.1219011490133,535.7974550286896,528.3190422203413,517.7652405255787,512.5551689602669,502.5091823109692,492.04175821661244,483.53020436881866,,,,,,489.09897356659167,,,,,,,,,,,483.53020436881866,,"rgba(38, 166, 154, 0.75)"
2023-11-30 00:00:00+00:00,571.7467198433,572.0650321178,562.1828828705,567.0106190328,1755214,1.0,572.065,562.18286,0.0,0.0,0.0,0.0,0.0,,,,,,,,568.6648782771999,553.7930493313602,538.4310317879201,536.1024961119479,528.6301960553104,518.0792630710197,512.8644115765093,502.7912550178933,492.23049761971737,483.64512409047165,,,,,,489.26003252875745,,,,,,,,,,,483.64512409047165,,"rgba(38, 166, 154, 0.75)"
2023-12-01 00:00:00+00:00,575.1324049441,575.2288632091,569.6728671462,572.2675944742,1475343,0.0,0.0,0.0,0.0,0.0,0.0,0.0,0.0,,,,,,,,570.8020823505394,554.5002474845952,538.7255486574498,536.3907772896994,528.9181888938716,518.3643756998271,513.1433002779074,503.04320907613146,492.3980939012805,483.7467838272518,,,,,,489.4028559340787,,,,,,,,,,,483.7467838272518,,"rgba(38, 166, 154, 0.75)"
2023-12-04 00:00:00+00:00,577.8621738431,578.2962360355,570.5120540516,571.1776160799,1624045,0.0,0.0,0.0,0.0,0.0,0.0,0.0,0.0,,,,,,,,572.3927194477773,555.3065416392161,539.0644101091427,536.7216878578655,529.2465228467705,518.687334498971,513.4585116077856,503.3271472433145,492.5868033544519,483.86118020779475,,,,,,489.56364317028874,,,,,,,,,,,483.86118020779475,,"rgba(38, 166, 154, 0.75)"
2023-12-05 00:00:00+00:00,583.9101070573,587.3150838111,575.884779411,577.3316533857,2349732,0.0,0.0,0.0,0.0,0.0,0.0,0.0,0.0,,,,,,,,575.6468595401236,556.7272052765293,539.633297907379,537.2729638845667,529.7821658832263,519.2034133567118,513.9584000465503,503.7724276491785,492.8806207748912,484.038450202632,,,,,,489.81356439837856,,,,,,,,,,,484.038450202632,,"rgba(38, 166, 154, 1.0)"
2023-12-06 00:00:00+00:00,585.9164389689,586.9311799165,582.4728789091,584.0547944548,2118857,0.0,0.0,0.0,0.0,0.0,0.0,0.0,0.0,,,,,,,,577.796802637272,558.0098669200842,540.165664060673,537.7882630046241,530.2806602940898,519.6815191764753,514.4207795490339,504.18350926904174,493.15197744808756,484.2021901414482,,,,,,,,,,,,,,,,,484.2021901414482,,"rgba(38, 166, 154, 1.0)"
2023-12-07 00:00:00+00:00,589.3117698962,590.6621856059,584.8746897071,588.3954163789,1690366,0.0,0.0,0.0,0.0,0.0,0.0,0.0,0.0,,,,,,,,579.4062110765689,559.063420729096,540.6109038766414,538.2185236722626,530.6946166766644,520.0762687484157,514.801747279327,504.521245784055,493.3747535728691,484.33653703597236,,,,,,,,,,,,,,,,,484.33653703597236,,"rgba(38, 166, 154, 1.0)"
2023-12-08 00:00:00+00:00,589.1477908457,591.8775597447,586.2058137638,587.0450006692,1502329,0.0,0.0,0.0,0.0,0.0,0.0,0.0,0.0,,,,,,,,580.5670389202583,559.9639018094391,541.0062334756954,538.6007830260268,531.0626019667416,520.4273534294523,515.140676491205,504.82196812544765,493.5735235335933,484.4565583952202,,,,,,,,,,,,,,,,,484.4565583952202,,"rgba(38, 166, 154, 1.0)"
2023-12-11 00:00:00+00:00,601.7645319051,602.8930936054,596.8452568494,599.941470697,2139261,0.0,0.0,0.0,0.0,0.0,0.0,0.0,0.0,,,,,,,,583.4768604065787,561.6247819926133,541.689331043924,539.256266135579,531.6802853026411,521.0033378125745,515.6917459078277,505.3040754254585,493.8888306081989,484.64560055897147,,,,,,,,,,,,,,,,,484.64560055897147,,"rgba(38, 166, 154, 1.0)"
2023-12-12 00:00:00+00:00,607.20477805,607.3880487535,601.1375531828,605.2177377914,2374394,0.0,0.0,0.0,0.0,0.0,0.0,0.0,0.0,,,,,,,,586.5117327771363,563.5220724500338,542.4890502431185,540.0228217448972,532.3994843280482,521.6705681078558,516.3288532072111,505.8598910030889,494.2520949439063,484.86326052356236,,,,,,,,,,,,,,,,,484.86326052356236,,"rgba(38, 166, 154, 1.0)"
2023-12-13 00:00:00+00:00,619.2620611725,619.8359878492,608.6516520247,611.4682333621,2436857,0.0,0.0,0.0,0.0,0.0,0.0,0.0,0.0,,,,,,,,590.1927104365633,565.761087283423,543.4252254751872,540.9169916905732,533.2291541416924,522.4305108406916,517.0507285209596,506.484510967318,494.6580742616316,485.105564469911,,,,,,,,,,,,,,,,,485.105564469911,,"rgba(38, 166, 154, 1.0)"
2023-12-14 00:00:00+00:00,608.4394438418,619.1656029076,607.9764441699,618.4711033997,3839180,0.0,0.0,0.0,0.0,0.0,0.0,0.0,0.0,,,,,,,,593.7620933849433,568.6689788921652,544.7727903480798,542.2098404631585,534.440838920139,523.5523412014061,518.1212279018238,507.41837486560553,495.271000186635,485.4737126000233,,,,,,,,,,,,,,,,,485.4737126000233,,"rgba(38, 166, 154, 0.75)"
2023-12-15 00:00:00+00:00,635.4863413422,638.4379642506,617.8151871978,618.7797698476,8807735,0.0,0.0,0.0,0.0,0.0,0.0,0.0,0.0,,,,,,,,603.860113343151,576.4956781437929,548.4815567487024,545.7561603797387,537.7235379473618,526.5462819761582,520.9607500200906,509.87252571837183,496.87514581653676,486.43418529581413,,,,,,,,,,,,,,,,,486.43418529581413,,"rgba(38, 166, 154, 0.75)"
2023-12-18 00:00:00+00:00,657.1122843508,657.7585547261,637.6855897837,640.9651707931,5733447,0.0,0.0,0.0,0.0,0.0,0.0,0.0,0.0,,,,,,,,610.9789872228057,582.1494368729672,551.283006640366,548.4316995736277,540.1833849787641,528.769355694795,523.0611612938833,511.67777532645573,498.05434268223803,487.13958109023815,,,,,,,,,,,,,,,,,487.13958109023815,,"rgba(38, 166, 154, 0.75)"
2023-12-19 00:00:00+00:00,653.7362450764,656.6858423613,645.4215426352,651.093288616,3430416,0.0,0.0,0.0,0.0,0.0,0.0,0.0,0.0,,,,,,,,614.3837825008017,585.1866403974399,552.9046797151198,549.9847985282973,541.6187319838631,530.0734405905126,524.2962025590522,512.7442790567966,498.75627689225945,487.5615498460212,,,,,,,,,,,,,,,,,487.5615498460212,,"rgba(38, 166, 154, 0.75)"
2023-12-20 00:00:00+00:00,637.5891315188,650.4663098936,637.3962149888,647.9969783101,3782659,0.0,0.0,0.0,0.0,0.0,0.0,0.0,0.0,,,,,,,,616.6867499821429,587.7794805657837,554.4565370252296,551.4793509121731,543.0178604322385,531.362889165892,525.5249834076592,513.8174204734142,499.4722038264021,487.995828379736,,,,,,,,,,,,,,,,,487.995828379736,,"rgba(38, 166, 154, 0.75)"
2023-12-21 00:00:00+00:00,641.6017953419,643.7045855185,636.0940284116,642.2770031968,2388448,0.0,0.0,0.0,0.0,0.0,0.0,0.0,0.0,,,,,,,,617.8837884563686,589.2598571987419,555.3940939271697,552.3845046479729,543.8695470288135,532.1520885418162,526.2788556631554,514.4788284790135,499.91632201125765,488.2663871814875,,,,,,,,,,,,,,,,,488.2663871814875,,"rgba(38, 166, 154, 0.75)"
2023-12-22 00:00:00+00:00,647.8137076067,649.4277437546,642.4120447678,644.3412100674,1641675,0.0,0.0,0.0,0.0,0.0,0.0,0.0,0.0,,,,,,,,618.8424879118691,590.345329871686,556.0719965909759,553.0382917862152,544.4826955420368,532.7180494316711,526.8186189048473,514.9512106569852,500.2331075884265,488.459208771099,,,,,,,,,,,,,,,,,488.459208771099,,"rgba(38, 166, 154, 0.75)"
2023-12-26 00:00:00+00:00,650.7267472091,651.9228296948,647.0227498338,649.1737691429,1774769,0.0,0.0,0.0,0.0,0.0,0.0,0.0,0.0,,,,,,,,619.9258229006741,591.540494570415,556.8202416044896,553.7598262557511,545.1587893588732,533.3413944918065,527.4128428538509,515.470966721007,500.58182105963954,488.6715273741535,,,,,,,,,,,,,,,,,488.6715273741535,,"rgba(38, 166, 154, 0.75)"
2023-12-27 00:00:00+00:00,657.6524506346,659.4080315616,651.3402495488,653.608696814,1862726,0.0,0.0,0.0,0.0,0.0,0.0,0.0,0.0,,,,,,,,621.2049502164768,592.8731517927827,557.644661668428,554.554080455431,545.9008692784165,534.0232018695117,528.0618518886846,516.0373284624433,500.96130291840836,488.902374271721,,,,,,,,,,,,,,,,,488.902374271721,,"rgba(38, 166, 154, 0.75)"
2023-12-28 00:00:00+00:00,654.0032093819,657.7116275198,652.5140230663,656.715483286,1496929,0.0,0.0,0.0,0.0,0.0,0.0,0.0,0.0,,,,,,,,622.1308069547196,593.8822230379901,558.2881152545735,555.1748684124206,546.4826346710096,534.5594773775025,528.5730746065441,516.4846899135904,501.26220295449696,489.0858885359439,,,,,,,,,,,,,,,,,489.0858885359439,,"rgba(38, 166, 154, 0.75)"
2023-12-29 00:00:00+00:00,651.0246394945,654.0870433025,648.144697749,651.9320184006,1947516,0.0,0.0,0.0,0.0,0.0,0.0,0.0,0.0,,,,,,,,623.134683491606,595.0707928646415,559.081333646773,555.941847044474,547.2050129471029,535.2290681533993,529.2129331349593,517.0471262086797,501.6426310956021,489.3187769774656,,,,,,,,,,,,,,,,,489.3187769774656,,"rgba(38, 166, 154, 0.75)"
2024-01-02 00:00:00+00:00,641.724005707,648.7759178576,640.5897820744,646.586373106,2657689,0.0,0.0,0.0,0.0,0.0,0.0,0.0,0.0,,,,,,,,624.0635884612977,596.4115519993533,560.0569795817233,556.8891667608804,548.1058785036098,536.0730189432951,530.0231217195757,517.7652226311753,502.13316330116703,489.62104405548104,,,,,,,,,,,,,,,,,489.62104405548104,,"rgba(38, 166, 154, 0.75)"
2024-01-03 00:00:00+00:00,635.8457684458,646.4581565214,634.2775809885,642.276323302,2612563,0.0,0.0,0.0,0.0,0.0,0.0,0.0,0.0,,,,,,,,624.6927635273858,597.5317608816254,560.9401754965622,557.7498955819909,548.9312213793058,536.8532284624905,530.7750433711726,518.4364279816837,502.5957152380938,489.9077371325132,,,,,,,,,,,,,,,,,489.9077371325132,,"rgba(38, 166, 154, 0.5)"
2024-01-04 00:00:00+00:00,639.4555584418,640.9842946423,631.7232107397,633.2715739404,2171077,1.0,640.9843,631.7232,0.0,0.0,0.0,0.0,0.0,,,,,,,637.3876879412667,625.1260328286227,598.3870486100985,561.6456106339492,558.4387997447727,549.5947106123552,537.4834069395713,531.383634249566,518.9818213735215,502.9735991392143,490.1427990238895,,,,,,,,,,,,,,,,,490.1427990238895,,"rgba(38, 166, 154, 0.5)"
2024-01-05 00:00:00+00:00,647.0104741164,650.600538484,643.2921931643,647.1781419578,2200193,0.0,0.0,0.0,0.0,0.0,0.0,0.0,0.0,,,,,,,642.2096168175714,625.856217656981,599.4210593215106,562.4361045444732,559.2081422883371,550.3292917473179,538.174499258274,532.0484407019961,519.5737580822276,503.38153568458034,490.3956991195865,,,,,,,,,,,,,,,,,490.3956991195865,,"rgba(38, 166, 154, 0.5)"
2024-01-08 00:00:00+00:00,652.6125525801,652.9972023338,645.0613847749,646.8132178325,2245294,0.0,0.0,0.0,0.0,0.0,0.0,0.0,0.0,,,,,,,644.9291556279493,626.6601145922689,600.501069960799,563.2583390054651,560.008212512662,551.0924667112503,538.8916604194702,532.7380363105339,520.1875057171746,503.80484447916706,490.6582932961858,,,,,,,,,,,,,,,,,490.6582932961858,,"rgba(38, 166, 154, 0.5)"
2024-01-09 00:00:00+00:00,658.0272375741,658.1357285303,649.2246759036,649.8411017909,1886171,0.0,0.0,0.0,0.0,0.0,0.0,0.0,0.0,,,,,,,647.1918457276289,627.4278274808383,601.4595397756113,563.9755458950692,560.7054832084367,551.7559028937433,539.5132925298104,533.3350745025785,520.7179309076163,504.1704163328658,490.8849821472249,,,,,,,,,,,,,,,,,490.8849821472249,,"rgba(38, 166, 154, 0.5)"
2024-01-10 00:00:00+00:00,663.5306878959,664.5860090149,659.827201165,660.3745873529,1801881,0.0,0.0,0.0,0.0,0.0,0.0,0.0,0.0,,,,,,,649.894526690998,628.312362101682,602.4682288655117,564.705979175535,561.4143988882023,552.4273629975122,540.1391843021614,533.9348927896659,521.2489003398932,504.5353177359495,491.11084468209816,,,,,,,,,,,,,,,,,491.11084468209816,,"rgba(38, 166, 154, 0.5)"
2024-01-11 00:00:00+00:00,664.33943866,665.2566803803,658.4809270272,661.7948325972,1670780,0.0,0.0,0.0,0.0,0.0,0.0,0.0,0.0,,,,,,,651.6800496948385,629.0947553730484,603.3749285330302,565.3739735171772,562.0632664291517,553.0429918990351,540.7140871775601,534.4863089963922,521.7378535501139,504.8722659930007,491.31979789097755,,,,,,,,,,,,,,,,,491.31979789097755,,"rgba(38, 166, 154, 0.5)"
2024-01-12 00:00:00+00:00,673.866917174,674.3354008483,666.8347306517,668.2056618251,2388399,0.0,0.0,0.0,0.0,0.0,0.0,0.0,0.0,,,,,,,655.0054599823618,630.4364470574374,604.8139909165317,566.3999484739554,563.0580813656799,553.9823542143884,541.5864757316788,535.3210949332828,522.4751669154434,505.3787378286904,491.63323408068135,,,,,,,,,,,,,,,,,491.63323408068135,,"rgba(38, 166, 154, 1.0)"
2024-01-16 00:00:00+00:00,672.1409246896,677.1018216024,668.8566075621,673.866917174,1626699,0.0,0.0,0.0,0.0,0.0,0.0,0.0,0.0,,,,,,,656.805488186026,631.324311986168,605.7743299369531,567.0941257665073,563.7316304527112,554.6191432419936,542.1786317765756,535.8880748651648,522.9766087710349,505.72403688727616,491.8472941232723,,,,,,,,,,,,,,,,,491.8472941232723,,"rgba(38, 166, 154, 1.0)"
2024-01-17 00:00:00+00:00,674.8038845227,675.474555888,669.8724774243,671.1645060841,1786799,0.0,0.0,0.0,0.0,0.0,0.0,0.0,0.0,,,,,,,658.4717612115976,632.2729624828183,606.8088149555023,567.8511200757148,564.4665806044746,555.314783868906,542.8263097811953,536.5085739683,523.5260568982262,506.10322822646685,492.08272632904067,,,,,,,,,,,,,,,,,492.08272632904067,,"rgba(38, 166, 154, 1.0)"
2024-01-18 00:00:00+00:00,677.881082552,678.2854579341,670.8784844724,673.4625417919,1900615,0.0,0.0,0.0,0.0,0.0,0.0,0.0,0.0,,,,,,,660.1340019471804,633.290013655471,607.9118080432842,568.6618660824224,565.253876806063,556.060075704553,543.520265646943,537.1734588495755,524.1150099910795,506.51021054171184,492.3356516038853,,,,,,,,,,,,,,,,,492.3356516038853,,"rgba(38, 166, 154, 1.0)"
2024-01-19 00:00:00+00:00,685.4359982267,686.5800846735,673.2998053577,679.0547574414,2267866,0.0,0.0,0.0,0.0,0.0,0.0,0.0,0.0,,,,,,,662.3700586759164,634.6085566614245,609.2967682649262,569.6676129298803,566.2298501651278,556.9820567978392,544.3766092089194,537.9930731296103,524.839826104488,507.01067513606665,492.64653333769445,,,,,,,,,,,,,,,,,492.64653333769445,,"rgba(38, 166, 154, 1.0)"
2024-01-22 00:00:00+00:00,683.0097459343,689.0753766653,681.0421145021,685.8896876797,2452868,0.0,0.0,0.0,0.0,0.0,0.0,0.0,0.0,,,,,,,664.5823557996981,636.0306351697875,610.7891589622856,570.7602642802246,567.2905763671741,557.9846366704583,545.3082744882407,538.8850176084941,525.6291873805117,507.5567747321896,492.98624220270233,,,,,,,,,,,,,,,,,492.98624220270233,,"rgba(38, 166, 154, 1.0)"
2024-01-23 00:00:00+00:00,678.1572413495,682.141818285,675.2329169402,681.2443021931,2208580,0.0,0.0,0.0,0.0,0.0,0.0,0.0,0.0,,,,,,,665.7384994801251,637.0961797453675,611.9799223502711,571.67656122852,568.182463972564,558.832692078537,546.1016722538952,539.6468792165131,526.3072668978488,508.02940263071906,493.28174821566,,,,,,,,,,,,,,,,,493.28174821566,,"rgba(38, 166, 154, 1.0)"
2024-01-24 00:00:00+00:00,677.0920574163,680.508536254,673.7485634036,679.5478981513,1942600,0.0,0.0,0.0,0.0,0.0,0.0,0.0,0.0,,,,,,,666.5126787991355,637.9600707163373,612.9719598210124,572.4593705073395,568.9454345901072,559.5602356512516,546.7844823924586,540.303490273565,526.8933141831856,508.4395746326782,493.53893865653146,,,,,,,,,,,,,,,,,493.53893865653146,,"rgba(38, 166, 154, 0.5)"
2024-01-25 00:00:00+00:00,670.5727372323,677.0821946021,666.6867884388,677.0821946021,2751888,1.0,677.0822,666.68677,0.0,0.0,0.0,0.0,0.0,,,,,,671.4472400910665,666.946500465892,638.9536991846401,614.2069210346261,573.4896070335059,569.9524492601429,560.5267168508481,547.6981104178171,541.1848802957628,527.6847179438706,508.9978151895868,493.89083212056187,,,,,,,,,,,,,,,,,493.89083212056187,,"rgba(38, 166, 154, 0.5)"
2024-01-26 00:00:00+00:00,677.4569815416,677.8120428527,670.1782246644,670.7502678878,1825517,0.0,0.0,0.0,0.0,0.0,0.0,0.0,0.0,,,,,,672.9235737773598,667.3985139681281,639.6523956401765,615.0489204307096,574.1866665005425,570.6335950270061,561.1797823999135,548.314740449825,541.7794906716514,528.218342753,509.3744206711309,494.12835116137137,,,,,,,,,,,,,,,,,494.12835116137137,,"rgba(38, 166, 154, 0.5)"
2024-01-29 00:00:00+00:00,684.4891680638,684.6075218342,676.8454870614,680.435551429,2215436,0.0,0.0,0.0,0.0,0.0,0.0,0.0,0.0,,,,,,675.8774984052227,668.3125921383718,640.6213049475756,616.1526893224229,575.0762590582747,571.5017379559202,562.0093245586261,549.0949894346827,542.5306564267817,528.8906523105691,509.84792063504074,494.42661497053604,,,,,,,,,,,,,,,,,494.42661497053604,,"rgba(38, 166, 154, 0.5)"
2024-01-30 00:00:00+00:00,691.1268420182,693.0057081226,681.3232047067,683.4338469448,1610482,0.0,0.0,0.0,0.0,0.0,0.0,0.0,0.0,,,,,,678.2937520237174,669.1917515436289,641.4047166397525,617.0095314634418,575.7525644357389,572.1610317949606,562.6375421870778,549.6839720078328,543.0969090068324,529.396309103784,510.20344305410487,494.6503389524831,,,,,,,,,,,,,,,,,494.6503389524831,,"rgba(38, 166, 154, 0.5)"
2024-01-31 00:00:00+00:00,685.3472328989,695.8412672042,683.5324750867,691.6988852416,1928495,0.0,0.0,0.0,0.0,0.0,0.0,0.0,0.0,,,,,,680.1503387709777,670.1365439646728,642.3050239015365,618.0058086972621,576.5501421168414,572.9391591742033,563.3801998315676,550.381508923711,543.7680897005142,529.9966895639137,510.6267287775966,494.9172250536074,,,,,,,,,,,,,,,,,494.9172250536074,,"rgba(38, 166, 154, 0.5)"
2024-02-01 00:00:00+00:00,695.8215415758,696.6314633111,683.0010731315,685.4703467147,2039177,0.0,0.0,0.0,0.0,0.0,0.0,0.0,0.0,,,,,,682.0735858059271,671.216981325072,643.2913745130096,619.081533506566,577.4079075946,573.7758587002601,564.1782164735132,551.1304247096974,544.4884808527999,530.6408523528362,511.08109595280877,495.2038370284639,,,,,,,,,,,,,,,,,495.2038370284639,,"rgba(38, 166, 154, 0.5)"
2024-02-02 00:00:00+00:00,700.7600887423,705.5010940222,693.6288266339,694.6955528218,2377629,0.0,0.0,0.0,0.0,0.0,0.0,0.0,0.0,,,,,,684.9575965429609,672.7955175992765,644.5778375022659,620.4329682857398,578.4621246007378,574.8029778592806,565.1548360927491,552.0436680660572,545.3655876490712,531.4231149678109,511.6317539308718,495.55076842816095,,,,,,,,,,,,,,,,,495.55076842816095,,"rgba(38, 166, 154, 0.5)"
2024-02-05 00:00:00+00:00,702.4194405903,704.0985466269,697.0018543486,701.905831685,2276889,0.0,0.0,0.0,0.0,0.0,0.0,0.0,0.0,,,,,,687.1261839141139,674.2132365528115,645.7819542095647,621.7045328209992,579.4646985961269,575.7803844723618,566.0852749170111,552.9148417249478,546.2028065897057,532.1708173224263,512.1594479453374,495.88386018661555,,,,,,,,,,,,,,,,,495.88386018661555,,"rgba(38, 166, 154, 0.5)"
2024-02-06 00:00:00+00:00,702.0539881,703.9602673062,695.6832622551,702.4885802506,1920162,0.0,0.0,0.0,0.0,0.0,0.0,0.0,0.0,,,,,,688.4883056338358,675.2786273675126,646.747588561941,622.7381932448496,580.293393262512,576.5890457707785,566.8566176500622,553.6386756808865,546.8991538695265,532.7940260857994,512.6007652587149,496.1630991080384,,,,,,,,,,,,,,,,,496.1630991080384,,"rgba(38, 166, 154, 0.5)"
2024-02-07 00:00:00+00:00,710.9334959054,714.4299872993,703.2491165143,705.3726917959,2145467,0.0,0.0,0.0,0.0,0.0,0.0,0.0,0.0,,,,,,690.6295089505552,676.7592866070232,647.9603179263509,623.9910461084417,581.2740865085692,577.5447791445741,567.7651979806395,554.4879677895776,547.7148080381737,533.5218722239036,513.1148455471798,496.48785810313234,,,,,,,,,,,,,,,,,496.48785810313234,,"rgba(38, 166, 154, 1.0)"
2024-02-08 00:00:00+00:00,715.2596632233,719.2203780508,711.8026802067,714.9929816763,1918506,0.0,0.0,0.0,0.0,0.0,0.0,0.0,0.0,,,,,,692.697130161176,678.1981171660091,649.1057557992663,625.1561781005481,582.17821214431,578.4254668226544,568.6012679764431,555.2681713339106,548.4635758735513,534.1892740883819,513.5859921989817,496.7854314321512,,,,,,,,,,,,,,,,,496.7854314321512,,"rgba(38, 166, 154, 1.0)"
2024-02-09 00:00:00+00:00,714.509004054,716.6159858171,711.2693171127,716.2276184679,1426119,0.0,0.0,0.0,0.0,0.0,0.0,0.0,0.0,,,,,,693.9480780166489,679.1652704846055,649.9161743074841,625.9910559202723,582.8359746796103,579.0667447267,569.2112181618493,555.8385967361338,549.0115663357916,534.6786964406681,513.9325591475663,497.0048003840323,,,,,,,,,,,,,,,,,497.0048003840323,,"rgba(38, 166, 154, 1.0)"
2024-02-12 00:00:00+00:00,713.531171715,714.9040878273,706.5131998785,714.6275291859,1572611,0.0,0.0,0.0,0.0,0.0,0.0,0.0,0.0,,,,,,695.0184034961884,680.1016106752764,650.7530897631605,626.8682965145705,583.5401736310861,579.7540389207114,569.8665043102106,556.4530976455578,549.6026389903607,535.2078934488015,514.3086189553965,497.2434309603358,,,,,,,,,,,,,,,,,497.2434309603358,,"rgba(38, 166, 154, 1.0)"
2024-02-13 00:00:00+00:00,705.4714627392,712.908914772,700.3254965917,712.523708093,1951080,0.0,0.0,0.0,0.0,0.0,0.0,0.0,0.0,,,,,,695.8011456218841,681.0039209104316,651.6708422135246,627.8640664509537,584.3667430995172,580.5622995073262,570.6404336132256,557.1824188499234,550.3057134586325,535.8400534479828,514.7604525806056,497.5312970297353,,,,,,,,,,,,,,,,,497.5312970297353,,"rgba(38, 166, 154, 0.75)"
2024-02-14 00:00:00+00:00,713.3039985453,713.6704387451,702.3304479703,707.1999542475,1472519,0.0,0.0,0.0,0.0,0.0,0.0,0.0,0.0,,,,,,696.4999397587195,681.7344275216176,652.3871943683813,628.632344162928,585.0011067593775,581.1824601535415,571.2338096981078,557.7411022402845,550.844100840951,536.3238997479751,515.1063204103583,497.75169966975756,,,,,,,,,,,,,,,,,497.75169966975756,,"rgba(38, 166, 154, 0.5)"
2024-02-15 00:00:00+00:00,715.6053615249,717.1066798635,709.4519317554,712.6224790363,1264141,0.0,0.0,0.0,0.0,0.0,0.0,0.0,0.0,,,,,,697.2228858560554,682.4240499348392,653.0331269436831,629.3147371768578,585.5591373177687,581.7277211152314,571.754830319172,558.2309032746402,551.3157965923874,536.7473462721038,515.4087834071257,497.9443659699028,,,,,,,,,,,,,,,,,497.9443659699028,,"rgba(38, 166, 154, 0.5)"
2024-02-16 00:00:00+00:00,715.0917526196,720.0994394465,709.6692278307,713.116333753,1764947,0.0,0.0,0.0,0.0,0.0,0.0,0.0,0.0,,,,,,698.1869191407164,683.3650739225448,653.9256007623493,630.2593474914646,586.3356087275268,582.486671681258,572.4804883059218,558.913548316963,551.973430650024,537.3381626561801,515.8314397657201,498.2139025161491,,,,,,,,,,,,,,,,,498.2139025161491,,"rgba(38, 166, 154, 0.5)"
2024-02-20 00:00:00+00:00,716.7708586562,725.926925103,714.8151939783,719.0820987302,2407333,0.0,0.0,0.0,0.0,0.0,0.0,0.0,0.0,,,,,,699.6356708861452,684.7242538171776,655.1835450149456,631.577180443122,587.4140295870535,583.5405416158594,573.4874387670469,559.8600329130836,552.8849403932057,538.1567164530936,516.417201121666,498.587597283562,,,,,,,,,,,,,,,,,498.587597283562,,"rgba(38, 166, 154, 0.5)"
2024-02-21 00:00:00+00:00,714.1336744693,719.8327578995,711.4174735277,716.7708586562,1565913,0.0,0.0,0.0,0.0,0.0,0.0,0.0,0.0,,,,,,700.3015155192539,685.4568876168327,655.9260152512945,632.3750219827547,588.0849281229213,584.1972030083838,574.1170757460346,560.4542475317559,553.4582530236107,538.6734173962731,516.7888550102313,498.8255561539561,,,,,,,,,,,,,,,,,498.8255561539561,,"rgba(38, 166, 154, 0.5)"
2024-02-22 00:00:00+00:00,725.3738078203,727.0035283853,716.9288921656,716.9288921656,1801596,0.0,0.0,0.0,0.0,0.0,0.0,0.0,0.0,,,,,,701.3758302669802,686.4723953016148,656.8698359204607,633.3609548930885,588.8960392797995,584.9901570689443,574.8751635778632,561.1672509124388,554.1451494332797,539.2908624451632,517.2318518186858,499.108752649203,,,,,,,,,,,,,,,,,499.108752649203,,"rgba(38, 166, 154, 0.5)"
2024-02-23 00:00:00+00:00,728.8604221199,733.3840325535,728.0603774789,731.0235057788,1265759,0.0,0.0,0.0,0.0,0.0,0.0,0.0,0.0,,,,,,702.2962956250029,687.2838995566799,657.58565315648,634.0939650438672,589.4895215117238,585.5698359734572,575.4281143861098,561.685954672151,554.6442847692413,539.7386232058394,517.5524982780044,499.3134966187755,,,,,,,,,,,,,,,,,499.3134966187755,,"rgba(38, 166, 154, 0.5)"
2024-02-26 00:00:00+00:00,736.189226115,737.6016506047,729.9173699845,732.8803995135,1707046,0.0,0.0,0.0,0.0,0.0,0.0,0.0,0.0,,,,,,703.6331901221259,688.441013193345,658.5872853102396,635.1103066987024,590.307237657968,586.3682563355447,576.1889949177983,562.3988969893322,555.3299953141386,540.3532659189402,517.9924640762822,499.59438158040194,,,,,,,,,,,,,,,,,499.59438158040194,,"rgba(38, 166, 154, 1.0)"
2024-02-27 00:00:00+00:00,735.5570920777,737.463371284,732.2186341931,736.8312372467,1471310,0.0,0.0,0.0,0.0,0.0,0.0,0.0,0.0,,,,,,704.7172468090977,689.4043729486505,659.435573257566,635.9743506198361,591.0071370006555,587.0519297915705,576.8410811208612,563.0104907815463,555.9185026999365,540.881309451014,518.3711336117083,499.83646443630437,,,,,,,,,,,,,,,,,499.83646443630437,,"rgba(38, 166, 154, 1.0)"
2024-02-28 00:00:00+00:00,738.767147736,742.6389687145,734.0755279278,734.0755279278,1364965,0.0,0.0,0.0,0.0,0.0,0.0,0.0,0.0,,,,,,705.7639930396164,690.3273791788124,660.2406633197389,636.7898511698413,591.665668372441,587.6950905215275,577.4542169669344,563.5851993963623,556.4713766773659,541.3771996523216,518.7267699322674,500.06385815808653,,,,,,,,,,,,,,,,,500.06385815808653,,"rgba(38, 166, 154, 1.0)"
2024-02-29 00:00:00+00:00,734.7471703424,743.3106111292,733.8582318524,742.1846223752,3361185,0.0,0.0,0.0,0.0,0.0,0.0,0.0,0.0,,,,,,708.0003325357326,692.4062356514564,662.1259044173754,638.7209159509711,593.2495585553783,589.2435054244253,578.9334023288135,564.9749740786851,557.8098458888568,542.5804701665761,519.5929242534249,500.61918323939375,,,,,,,,,,,,,,,,,500.61918323939375,,"rgba(38, 166, 154, 1.0)"
2024-03-01 00:00:00+00:00,740.2289576973,742.1401754507,730.1641985719,731.3395727975,1678119,0.0,0.0,0.0,0.0,0.0,0.0,0.0,0.0,,,,,,709.0092622018375,693.3812110156881,663.0355157632682,639.6594764760894,594.0286252011507,590.0056972707822,579.6626542661311,565.6613680380875,558.4714648421555,543.1763344104534,520.0232062218183,500.895705449432,,,,,,,,,,,,,,,,,500.895705449432,,"rgba(38, 166, 154, 1.0)"
2024-03-04 00:00:00+00:00,749.8492475777,755.3409120268,744.4069686001,745.7996389011,2133354,0.0,0.0,0.0,0.0,0.0,0.0,0.0,0.0,,,,,,710.7110441767654,694.8918698732576,664.3473211831424,640.9746433599206,595.0912099813211,591.0436296880051,580.6519164020071,566.5882886088234,559.363121907203,543.9764286143255,520.5987010259205,501.2646176016288,,,,,,,,,,,,,,,,,501.2646176016288,,"rgba(38, 166, 154, 1.0)"
2024-03-05 00:00:00+00:00,750.6097838413,759.8152357597,747.5972700697,758.9756827414,2353351,0.0,0.0,0.0,0.0,0.0,0.0,0.0,0.0,,,,,,712.554463165687,696.5477454996812,665.7952148011722,642.4259849695203,596.2676538107584,592.1930444689442,581.747830768542,567.6155373449373,560.3514999191286,544.8638170787528,521.2379441199464,501.6748897771737,,,,,,,,,,,,,,,,,501.6748897771737,,"rgba(38, 166, 154, 1.0)"
2024-03-06 00:00:00+00:00,763.7364422099,765.6328443219,754.2788280732,755.4396829702,2400644,0.0,0.0,0.0,0.0,0.0,0.0,0.0,0.0,,,,,,714.6415758202505,698.3845044150117,667.3645883185352,643.9798784290205,597.5143378236373,593.410354698341,582.9066281125126,568.6996418322506,561.3937013223489,545.7981871668974,521.9103492587334,502.1062254052092,,,,,,,,,,,,,,,,,502.1062254052092,,"rgba(38, 166, 154, 1.0)"
2024-03-07 00:00:00+00:00,775.9346537113,777.4063407669,767.4602055445,769.5342965835,4187879,0.0,0.0,0.0,0.0,0.0,0.0,0.0,0.0,,,,,,718.745870963946,701.9353713932509,670.3276140058422,646.8717716907207,599.8057910052368,595.6461406990434,585.0306469390337,570.6818659012278,563.2972349568772,547.5016088558126,523.134610786217,502.89106103687317,,,,,,,,,,,,,,,,,502.89106103687317,,"rgba(38, 166, 154, 1.0)"
2024-03-08 00:00:00+00:00,716.6424564299,746.9256276551,716.1881100906,746.7577170514,8590163,0.0,0.0,0.0,0.0,0.0,0.0,0.0,0.0,,,,,,719.7254073578077,704.1116183246753,673.3719538048431,650.3600812054236,603.1019047737406,598.8959780946219,588.1925089177139,573.7153304035513,566.2473925933742,550.2069192824212,525.1444585891455,504.20966044846233,,,,,,,,,,,,,,,,,504.20966044846233,,"rgba(38, 166, 154, 0.5)"
2024-03-11 00:00:00+00:00,705.3035521355,711.1507919807,702.2712841753,710.9631271884,3704318,0.0,0.0,0.0,0.0,0.0,0.0,0.0,0.0,,,,,,719.0360418631166,704.1897455881295,674.1214992894553,651.3950816892636,604.2454272381698,600.0327166419509,589.3187355341532,574.8180470633316,567.3296680026765,551.2167989877124,525.9126629031485,504.7219114584337,,,,,,,,,,,,,,,,,504.7219114584337,,"rgba(38, 166, 154, 0.5)"
2024-03-12 00:00:00+00:00,727.8233272149,730.9578231015,708.0938312846,708.2666804355,3563927,0.0,0.0,0.0,0.0,0.0,0.0,0.0,0.0,,,,,,719.1886741136866,704.8067035320755,675.1556239969982,652.6362918972927,605.4913247643069,601.2657477641972,590.5281573391321,575.9892524738096,568.473742578516,552.2754640321779,526.7108620096019,505.2513592220284,,,,,,,,,,,,,,,,,505.2513592220284,,"rgba(38, 166, 154, 0.5)"
2024-03-13 00:00:00+00:00,725.1762659337,727.4479976303,717.6499200519,725.9664334803,2256622,0.0,0.0,0.0,0.0,0.0,0.0,0.0,0.0,,,,,,719.3107977442439,705.2000018302881,675.8029608592403,653.4124042039272,606.2742213128946,602.0408951078413,591.2891219339449,576.7269398164178,569.1947305374414,552.9434679976492,527.2158312354801,505.58701003530444,,,,,,,,,,,,,,,,,505.58701003530444,,#000000
2024-03-14 00:00:00+00:00,722.9539197087,731.5720795981,720.0302997861,729.2555058932,1817586,0.0,0.0,0.0,0.0,0.0,0.0,0.0,0.0,,,,,,719.4365503272193,705.5287825236837,676.3271193455163,654.0377492018149,606.9048757019272,602.6653758303667,591.9022830005722,577.3214901473602,569.7759162438468,553.4822023791971,527.6236204318575,505.8583750072675,,,,,,,,,,,,,,,,,505.8583750072675,,#000000
2024-03-15 00:00:00+00:00,716.7115960902,723.5169140857,714.331216356,723.5169140857,3390743,0.0,0.0,0.0,0.0,0.0,0.0,0.0,0.0,,,,,,719.3857813137274,705.9118789139872,677.1453051400316,655.0684534345821,607.9981362682502,603.7509071561904,592.9746270759441,578.3684335979149,570.8025030924125,554.439507641333,528.3543202220649,506.3474667632158,,,,,,,,,,,,,,,,,506.3474667632158,,#000000
2024-03-18 00:00:00+00:00,722.5489588411,724.3218972739,717.091864222,717.1758195239,1595245,0.0,0.0,0.0,0.0,0.0,0.0,0.0,0.0,,,,,,719.4220656029665,706.1282092775832,677.5478348104276,655.5655139202679,608.5195073493719,604.2683876136529,593.485330855291,578.8665468836605,571.2907524451608,554.8946002781993,528.7018022772711,506.5801845569897,,,,,,,,,,,,,,,,,506.5801845569897,,#000000
2024-03-19 00:00:00+00:00,723.1712157841,726.312131782,721.0476405024,722.7958861994,1322684,0.0,0.0,0.0,0.0,0.0,0.0,0.0,0.0,,,,,,719.4846516046706,706.3282173359473,677.8924852914756,655.9855620728971,608.9564939269954,604.7019715040071,593.9129044405869,579.2832358604559,571.6990575399899,555.2749978997578,528.99223061623,506.77472224920444,,,,,,,,,,,,,,,,,506.77472224920444,,#000000
2024-03-20 00:00:00+00:00,731.6161314388,732.9692933625,720.1685791068,722.0155957471,1398710,0.0,0.0,0.0,0.0,0.0,0.0,0.0,0.0,,,,,,719.6243112251535,706.5917691847361,678.288665258036,656.4549338891379,609.4339752571482,605.1752202315118,594.3784350691511,579.7356707437491,572.1418651908957,555.6866810875505,529.3058743689345,506.9845542152505,,,,,,,,,,,,,,,,,506.9845542152505,,#000000
2024-03-21 00:00:00+00:00,733.4335167961,743.0636837708,731.9914610235,734.3619636634,2106857,-1.0,743.06366,731.99146,723.0,-1.0,743.06366,731.99146,723.0,,,,,,720.0118745647216,707.1177198659614,678.9664519766045,657.2271967513598,610.1934395123104,605.9266496000009,595.1146810507117,580.4480319050699,572.8377161472675,556.3313691466915,529.795165807693,507.3111460918535,,,736.1628871967999,,,,,,,,,,,,,,507.3111460918535,,#000000
2024-03-22 00:00:00+00:00,725.7688915936,735.6361088324,725.3540536317,735.2805334364,1794078,0.0,0.0,0.0,0.0,0.0,0.0,0.0,0.0,,,,,,720.1861518536338,707.4429950120307,679.4597031197155,657.813841308527,610.7962405545081,606.5245490816128,595.7037373528646,581.0215628246866,573.3995521862907,556.8547625888395,530.1954371433959,507.5797410636963,,,732.8316678162284,,,,,,,,,,,,,,507.5797410636963,,#000000
2024-03-25 00:00:00+00:00,721.9760873697,725.1367575563,717.8079535612,722.0155957471,1604668,0.0,0.0,0.0,0.0,0.0,0.0,0.0,0.0,,,,,,720.2111598135359,707.6299542467436,679.8289713879573,658.277585844202,611.2973304751945,607.0229076448106,596.1976763726259,581.5057377794803,573.8752949866275,557.3005249108891,530.539024466075,507.8115452623334,,,729.5698118289649,,,,,,,,,,,,,,507.8115452623334,,#000000
2024-03-26 00:00:00+00:00,721.9958415584,725.6701206503,721.24528116,722.0155957471,1353548,0.0,0.0,0.0,0.0,0.0,0.0,0.0,0.0,,,,,,720.2506150866982,707.7984819937815,680.1452119056298,658.6716522101157,611.7215468667307,607.4447732890056,596.6157006786673,581.9154097030442,574.2778104443852,557.6776857316938,530.8298957975954,508.0078975291713,,,728.2675222139578,,,,,,,,,,,,,,508.0078975291713,,#000000
2024-03-27 00:00:00+00:00,723.0823219351,726.845494876,718.8055400888,724.978724047,1246672,0.0,0.0,0.0,0.0,0.0,0.0,0.0,0.0,,,,,,720.2851989346153,707.9498658420481,680.4320103445849,659.0300488710258,612.1092190915764,607.8304236705538,596.9981067876707,582.2904826945756,574.6464782968714,558.023425849346,531.0969406751117,508.18837926119113,,,727.4437097584985,,,,,,,,,,,,,,508.18837926119113,,#000000
2024-03-28 00:00:00+00:00,723.6255621234,725.867662537,719.3685344658,724.830567632,1713268,0.0,0.0,0.0,0.0,0.0,0.0,0.0,0.0,,,,,,720.332036663578,708.1536090871695,680.8203222756738,659.5164348881278,612.6378014900273,608.3564246666095,597.5200522625724,582.8028476505996,575.1503004859348,558.4963362342767,531.4628058411289,508.43596582261375,,,726.6603161002688,,,,,,,,,,,,,,508.43596582261375,,#000000
2024-04-01 00:00:00+00:00,712.375551678,724.2576961607,711.3483338674,722.7662549164,1589112,0.0,0.0,0.0,0.0,0.0,0.0,0.0,0.0,,,,,,720.2625476390295,708.2511300437977,681.1157492459455,659.9122276702498,613.0929427577081,608.8106575093195,597.9736725064851,583.2513219044607,575.5926996022771,558.9140966967763,531.7886235141586,508.6576663852853,,,725.174526227606,,,,,,,,,,,,,,508.6576663852853,,"rgba(239, 83, 80, 1.0)"
2024-04-02 00:00:00+00:00,702.5577199109,711.1507919807,699.6933625544,711.1507919807,2319354,0.0,0.0,0.0,0.0,0.0,0.0,0.0,0.0,,,,,,719.9017099914397,708.1836617894533,681.3985435372838,660.3633382662927,613.6764748263325,609.3962238325649,598.5654875075222,583.8441187365038,576.1808259404419,559.4754157760683,532.2324759933598,508.9624541845437,,,721.6759133472398,,,,,,,,,,,,,,508.9624541845437,,"rgba(239, 83, 80, 1.0)"
2024-04-03 00:00:00+00:00,697.0166699901,702.0737422886,688.7001565617,701.253943459,3189315,0.0,0.0,0.0,0.0,0.0,0.0,0.0,0.0,,,,,,719.1716167343634,707.8904127931795,681.6365713064429,660.8517172936924,614.3925015032171,610.1185569688885,599.3038814848328,584.5928350713642,576.927601521638,560.1952130707117,532.8090308489329,509.3617842576494,,,716.8221068698971,,,,,,,,,,,,,,509.3617842576494,,"rgba(239, 83, 80, 1.0)"
2024-04-04 00:00:00+00:00,696.2166253491,708.3160659071,695.5647371231,700.0588150447,2174302,0.0,0.0,0.0,0.0,0.0,0.0,0.0,0.0,,,,,,718.7823005898724,707.7642649587397,681.8397291266006,661.2150966481099,614.8977475079663,610.6273437636951,599.8219917744364,585.1161580629971,577.4487627717015,560.6962939520255,533.2095986884759,509.6390140060738,,,714.9099286191109,,,,,,,,,,,,,,509.6390140060738,,"rgba(239, 83, 80, 1.0)"
2024-04-05 00:00:00+00:00,704.9479767395,708.0789168722,697.3426141031,697.3623682918,1541149,0.0,0.0,0.0,0.0,0.0,0.0,0.0,0.0,,,,,,718.5644739967789,707.7157993203597,682.0076256529408,661.4909669436727,615.2665300290604,610.9981778837853,600.1984511619578,585.495192960183,577.8257421717312,561.0579662172973,533.4981653454656,509.8385523070807,,,714.0544051717659,,,,,,,,,,,,,,509.8385523070807,,"rgba(239, 83, 80, 1.0)"
2024-04-08 00:00:00+00:00,703.0614517219,707.3382335681,702.1330048546,704.7405577586,1426686,0.0,0.0,0.0,0.0,0.0,0.0,0.0,0.0,,,,,,718.3776373013911,707.6793278809447,682.165891657253,661.7474886635531,615.6079644293486,611.3414952566806,600.5469373917776,585.8460502916889,578.174709324673,561.3928341533529,533.7655588673107,510.0235913437646,,,713.4156116563211,,,,,,,,,,,,,,510.0235913437646,,"rgba(239, 83, 80, 1.0)"
2024-04-09 00:00:00+00:00,709.7581216797,710.2124680191,698.2858766119,707.4370045115,1340226,0.0,0.0,0.0,0.0,0.0,0.0,0.0,0.0,,,,,,718.2294858450031,707.6640425398864,682.3252313391378,661.9963821623234,615.933185058498,611.6682912202076,600.8781715391997,586.1790443684779,578.5057142937964,561.7101684852222,534.0187895034496,510.198800957695,,,712.9957679616391,,,,,,,,,,,,,,510.198800957695,,"rgba(239, 83, 80, 0.75)"
2024-04-10 00:00:00+00:00,713.6990823186,715.0817767543,700.2366027427,702.261407081,1832047,0.0,0.0,0.0,0.0,0.0,0.0,0.0,0.0,,,,,,718.0907906955074,707.6900317262588,682.5720088702641,662.3594409361807,616.3915263248448,612.1282144492203,601.3429323542872,586.6447924000198,578.968069982637,562.1524310874798,534.3709373725017,510.44217749834274,,,712.7544640747476,,,,,,,,,,,,,,510.44217749834274,,"rgba(239, 83, 80, 0.75)"
2024-04-11 00:00:00+00:00,723.349003482,724.771305066,715.2498848999,722.5094504637,2107799,0.0,0.0,0.0,0.0,0.0,0.0,0.0,0.0,,,,,,718.1463074932358,707.8870889115943,682.968139876327,662.8698182573927,616.9773978910797,612.7135460991295,601.928763676038,587.225787592061,579.5422530410705,562.697245447646,534.8006975008664,510.7375039183498,,,713.3996953526685,,,,,,,,,,,,,,510.7375039183498,,#000000
2024-04-12 00:00:00+00:00,722.3217856714,723.8922436704,717.6104116745,719.0524674472,1481799,0.0,0.0,0.0,0.0,0.0,0.0,0.0,0.0,,,,,,718.186058835596,708.0237417133815,683.2428707223003,663.2242615762533,617.3859548722611,613.1218590855839,602.3377078832963,587.63169413276,579.94356816104,563.0783880550684,535.1018846398794,510.9447746027061,,,713.8045873077584,,,,,,,,,,,,,,510.9447746027061,,#000000
2024-04-15 00:00:00+00:00,709.4519317554,731.8926900801,709.1259876424,726.3911485366,1808014,0.0,0.0,0.0,0.0,0.0,0.0,0.0,0.0,,,,,,718.1652575814833,708.1319900698439,683.5341777094967,663.6182325451214,617.8589659631933,613.5955860264891,602.8143674162824,588.1072574576358,580.4148388651207,563.5279482955135,535.4593072253363,511.1917828664556,,,713.9827949306501,,,,,,,,,,,,,,511.1917828664556,,#000000
2024-04-16 00:00:00+00:00,707.1703229645,713.619966793,703.3775187406,709.4716859441,1412304,0.0,0.0,0.0,0.0,0.0,0.0,0.0,0.0,,,,,,718.0461208167173,708.1312662283192,683.6992243380766,663.8719187824414,618.192875158159,613.9314560873038,603.1555290028201,588.4511701065318,580.757197312734,563.8573106779774,535.7240763205118,511.3761086776936,,,713.7215523160418,,,,,,,,,,,,,,511.3761086776936,,#000000
2024-04-17 00:00:00+00:00,706.3999096065,714.9040878273,702.261407081,714.1139202806,1376665,0.0,0.0,0.0,0.0,0.0,0.0,0.0,0.0,,,,,,717.930381854928,708.1287280195858,683.8566728421974,664.1153197630321,618.5152653530384,614.2558661220733,603.485326821516,588.7839518030435,581.088629832203,564.176475038138,535.9810835725593,511.5552680769314,,,713.4798824158138,,,,,,,,,,,,,,511.5552680769314,,"rgba(239, 83, 80, 1.0)"
2024-04-18 00:00:00+00:00,702.5083344393,710.1136970757,700.8489825913,706.3999096065,1846393,0.0,0.0,0.0,0.0,0.0,0.0,0.0,0.0,,,,,,717.728733536962,708.0844186830913,684.0354892124254,664.4127824119913,618.9278862696168,614.6719494535589,603.9102501909922,589.2148488637125,581.5187178901207,564.5923528909984,536.3178563243586,511.7909355485328,,,713.009200946818,,,,,,,,,,,,,,511.7909355485328,,"rgba(239, 83, 80, 1.0)"
2024-04-19 00:00:00+00:00,700.7897200253,706.0838425878,693.3720221812,704.2664572306,2190356,1.0,706.08386,693.372,0.0,0.0,0.0,0.0,0.0,,,,,700.0818615981,717.4201374679851,707.9704525020375,684.1987779682725,664.7218282765665,619.3873100403737,615.1366118164303,604.3878268831313,589.7024836796791,582.0069030528033,565.0670724395698,536.7051975961016,512.0633810027729,,,712.2532065900616,,,,,,,,,,,,,,512.0633810027729,,"rgba(239, 83, 80, 1.0)"
2024-04-22 00:00:00+00:00,706.6665911535,709.4321775668,697.4907705181,706.0739654935,1437110,0.0,0.0,0.0,0.0,0.0,0.0,0.0,0.0,,,,,701.844040335834,717.2739176794304,707.9386018474164,684.3336198955149,664.9468451384008,619.7023861196636,615.454563943181,604.7130453381643,590.0329000595464,582.337010952204,565.3869382549326,536.9652332718799,512.2459253752667,,,711.9678163431514,,,,,,,,,,,,,,512.2459253752667,,"rgba(239, 83, 80, 1.0)"
2024-04-23 00:00:00+00:00,713.797853262,715.3683112609,707.4937978039,710.1927138304,1176191,0.0,0.0,0.0,0.0,0.0,0.0,0.0,0.0,,,,,704.3846246454679,717.2274290055001,707.970796040447,684.4841743091874,665.1645370446062,619.9817483523118,615.7354322407424,604.9980358394545,590.3199832337048,582.6227844594022,565.6620484716123,537.1871982428097,512.4010346964945,,,711.97521880949,,,,,,,,,,,,,,512.4010346964945,,"rgba(239, 83, 80, 0.75)"
2024-04-24 00:00:00+00:00,714.9929816763,716.5140542036,707.2888480965,710.8643562451,1206638,0.0,0.0,0.0,0.0,0.0,0.0,0.0,0.0,,,,,706.1006038506284,717.1872731894573,708.0087746143623,684.6408676096631,665.3891381680851,620.2687931099649,616.0239955724345,605.2907687314181,590.6148113695233,582.9162551254076,565.9445768713376,537.4152493867115,512.5604754337508,,,712.0031886322505,,,,,,,,,,,,,,512.5604754337508,,#000000
2024-04-25 00:00:00+00:00,714.1336744693,719.5055552389,706.7634144815,719.5055552389,1613597,0.0,0.0,0.0,0.0,0.0,0.0,0.0,0.0,,,,,707.6598178427241,717.1413458457827,708.0640898584467,684.851646663554,665.6895562519148,620.6520920452031,616.4093326227894,605.6816936901546,591.0085832421399,583.3082523262402,566.3220734929852,537.7202190746056,512.7738632994077,,,712.0582827805163,,,,,,,,,,,,,,512.7738632994077,,#000000
2024-04-26 00:00:00+00:00,721.3753258936,723.1214344678,707.3470995007,707.3470995007,1524431,0.0,0.0,0.0,0.0,0.0,0.0,0.0,0.0,,,,,709.2630914996205,717.1429593899431,708.1514922772053,685.0741302072375,665.992326061393,621.0260858433379,616.784781933303,606.0614058200765,591.3897973117524,583.6872195533434,566.6861369570054,538.0135985225795,512.9788665271539,,,712.237558768229,,,,,,,,,,,,,,512.9788665271539,,"rgba(38, 166, 154, 0.5)"
2024-04-29 00:00:00+00:00,718.555830462,724.4124665865,712.5094472414,721.7215797185,1526906,0.0,0.0,0.0,0.0,0.0,0.0,0.0,0.0,,,,,710.5832096489909,717.1583681036304,708.2487871536158,685.3022024887388,666.2991244442875,621.4024736570817,617.1625485624162,606.4432670734718,591.772981663226,584.0680811825632,567.0519543940196,538.3084739077649,513.1850059834845,,,712.4454590446979,,,,,,,,,,,,,,513.1850059834845,,"rgba(38, 166, 154, 0.5)"
2024-04-30 00:00:00+00:00,715.1625429777,717.744607215,709.4246224502,717.744607215,1734764,0.0,0.0,0.0,0.0,0.0,0.0,0.0,0.0,,,,,711.0762940508521,717.1193408117642,708.3107833957738,685.5238581403876,666.6144636352686,621.8074454760073,617.5699360371955,606.8571316440706,592.1905771570185,584.4841658356231,567.4534727829154,538.6342045891972,513.4137180203238,,,712.5060496323927,,,,,,,,,,,,,,513.4137180203238,,"rgba(38, 166, 154, 0.5)"
2024-05-01 00:00:00+00:00,714.4898212607,722.0480476106,707.6636744263,714.5392860928,1609060,0.0,0.0,0.0,0.0,0.0,0.0,0.0,0.0,,,,,711.4960958292377,717.0913402113066,708.3731810938131,685.7308411535654,666.9070466139694,622.1824374049355,617.9471745540443,607.2403869837906,592.5773395710886,584.8695713222228,567.8255158110082,538.9363243676829,513.6260495699336,,,712.5787854315381,,,,,,,,,,,,,,513.6260495699336,,"rgba(38, 166, 154, 0.5)"
2024-05-02 00:00:00+00:00,724.6004329486,726.5394543682,712.9168395988,716.9927417666,1826910,0.0,0.0,0.0,0.0,0.0,0.0,0.0,0.0,,,,,712.6324289481779,717.1473786494213,708.5147769334349,686.015142631901,667.2803359576458,622.6347325255799,618.4009986482279,607.6988326591884,593.0371485576862,585.3265616869332,568.2645854217911,539.2909606712116,513.8745022870702,,,712.8923883941288,,,,,,,,,,,,,,513.8745022870702,,"rgba(38, 166, 154, 0.5)"
2024-05-03 00:00:00+00:00,735.9377724735,739.4893474206,725.4957464102,726.4207387711,2323300,0.0,0.0,0.0,0.0,0.0,0.0,0.0,0.0,,,,,715.318784998299,717.418699921205,708.8586022830597,686.4936767309674,667.8539428144043,623.274859697812,619.0406153152119,608.3390140608384,593.6727192369817,585.9554240735976,568.8638717101687,539.7702753527778,514.2082681767547,,,713.7945402027251,,,,,,,,,,,,,,514.2082681767547,,"rgba(38, 166, 154, 0.5)"
2024-05-06 00:00:00+00:00,748.3534453388,748.8382006937,738.4901578115,741.5668703702,1773298,0.0,0.0,0.0,0.0,0.0,0.0,0.0,0.0,,,,,717.978255514535,717.7635299485573,709.2345286478723,686.9406849587352,668.3610686566882,623.8092744283967,619.5729326317687,608.8680594666167,594.1938135837116,586.46921274085,569.3503306760127,540.1563015764531,514.4757544755072,,,714.8041907544902,,,,,,,,,,,,,,514.4757544755072,,"rgba(38, 166, 154, 1.0)"
2024-05-07 00:00:00+00:00,763.0543934487,763.9744393264,747.4828642933,750.5694698184,1897769,0.0,0.0,0.0,0.0,0.0,0.0,0.0,0.0,,,,,721.4706807795549,718.2927297311957,709.7699405394186,687.516164389477,668.9866340552654,624.4364539376888,620.1958326743767,609.4830421901664,594.7949820084591,587.0599360747474,569.9060657634723,540.5937934950203,514.777349335651,,,,,,,,,,,,,,,,,514.777349335651,,"rgba(38, 166, 154, 1.0)"
2024-05-08 00:00:00+00:00,755.2389499717,765.1121304655,754.5464423219,761.7584148469,1511930,0.0,0.0,0.0,0.0,0.0,0.0,0.0,0.0,,,,,723.8551225482469,718.7058466721927,710.1892955291601,687.9688519205231,669.4795216201003,624.9324218777837,620.6885556687997,609.9697982015579,595.2711546847145,587.5280087484673,570.3467783828712,540.9412887371274,515.0172193090681,,,,,,,,,,,,,,,,,515.0172193090681,,"rgba(38, 166, 154, 1.0)"
2024-05-09 00:00:00+00:00,770.7016564965,771.3644852471,755.4325553247,755.6247756624,1716249,0.0,0.0,0.0,0.0,0.0,0.0,0.0,0.0,,,,,726.7290197112819,719.2518570041582,710.7298045942564,688.5300467200045,670.0793663368863,625.5225310081316,621.2740087040745,610.5463571839426,595.8331497113759,588.0795479805893,570.8645083386411,541.3480273385082,515.2973469557963,,,,,,,,,,,,,,,,,515.2973469557963,,"rgba(38, 166, 154, 1.0)"
2024-05-10 00:00:00+00:00,778.7644241342,779.0215423316,769.831075451,770.7016564965,1652658,0.0,0.0,0.0,0.0,0.0,0.0,0.0,0.0,,,,,729.7684495945415,719.8765814007537,711.3334914085649,689.132051936425,670.7097946482457,626.1264483499696,621.8721666418809,611.1331705735848,596.4025855838037,588.6372511425295,571.3860083931664,541.755761417611,515.5772901439474,,,,,,,,,,,,,,,,,515.5772901439474,,"rgba(38, 166, 154, 1.0)"
2024-05-13 00:00:00+00:00,766.8532925566,781.0312984611,765.3000968276,779.5657544147,1596784,0.0,0.0,0.0,0.0,0.0,0.0,0.0,0.0,,,,,732.0968730804576,720.4164838201724,711.8635420337813,689.6740485746152,671.2842730926947,626.6867593986406,622.4278043218732,611.67975946413,596.9347020594079,589.1591972935834,571.875568330345,542.1402986920956,515.8422096536403,,,,,,,,,,,,,,,,,515.8422096536403,,"rgba(38, 166, 154, 1.0)"
2024-05-14 00:00:00+00:00,769.5738583239,772.4546901473,763.1732079755,766.6356472952,1327707,0.0,0.0,0.0,0.0,0.0,0.0,0.0,0.0,,,,,733.7227669324958,720.8336736901643,712.2776705657235,690.1047250060078,671.7443544530869,627.1408369903804,622.8784537811442,612.1238643926412,597.3679642768499,589.5846050308809,572.2753937720057,542.4553509963107,516.0597768100258,,,,,,,,,,,,,,,,,516.0597768100258,,"rgba(38, 166, 154, 1.0)"
2024-05-15 00:00:00+00:00,778.6160296378,781.2079868415,770.1872222423,770.1872222423,1661652,0.0,0.0,0.0,0.0,0.0,0.0,0.0,0.0,,,,,736.0022359072866,721.4347009524623,712.8626137087567,690.6933657415412,672.3627926739439,627.7380712252664,623.4703746817183,612.7053620888234,597.9331952078475,590.1386661470731,572.7945001094465,542.8627977002135,516.3404452324813,,,,,,,,,,,,,,,,,516.3404452324813,,"rgba(38, 166, 154, 1.0)"
2024-05-16 00:00:00+00:00,784.581488393,795.9485068171,779.3975739855,783.3349746232,2000002,0.0,0.0,0.0,0.0,0.0,0.0,0.0,0.0,,,,,739.0430299406329,722.2687155955219,713.6605763008,691.4722914006169,673.1678048173198,628.4983295757785,624.2227926984389,613.442075518239,598.6465058493446,590.8366300180861,573.4462126267463,543.3721702405456,516.6903731267106,,,,,,,,,,,,,,,,,516.6903731267106,,"rgba(38, 166, 154, 1.0)"
2024-05-17 00:00:00+00:00,787.2921611939,789.0630021842,782.1428721688,785.11570858,1309108,0.0,0.0,0.0,0.0,0.0,0.0,0.0,0.0,,,,,740.8251054007774,722.7992100102755,714.170254859971,691.9728091192256,673.6864280549876,628.9905446855112,624.7101103306675,613.9196063576059,599.1093168135692,591.2897007007571,573.8696979109377,543.7037798378276,516.9185259686114,,,,,,,,,,,,,,,,,516.9185259686114,,"rgba(38, 166, 154, 1.0)"
2024-05-20 00:00:00+00:00,784.512237628,794.3854181217,783.908766676,786.738155074,1347079,0.0,0.0,0.0,0.0,0.0,0.0,0.0,0.0,,,,,742.5772252954541,723.3481389211407,714.6976036389842,692.4901195986629,674.2218983578657,629.4984372911296,625.2129436884799,614.4123135082291,599.5868109455215,591.7571434810906,574.3066458355227,544.0460790947218,517.1541435705182,,,,,,,,,,,,,,,,,517.1541435705182,,"rgba(38, 166, 154, 1.0)"
2024-05-21 00:00:00+00:00,792.3573600043,792.861901292,783.5229409853,787.0547299996,1375735,0.0,0.0,0.0,0.0,0.0,0.0,0.0,0.0,,,,,744.3090329746577,723.9161987164284,715.2428156054923,693.0235606327683,674.773041574823,630.0202372672125,625.7294976392075,614.9183406884954,600.0770777988697,592.237037805903,574.7551710993148,544.3975015926749,517.3961077490455,,,,,,,,,,,,,,,,,517.3961077490455,,"rgba(38, 166, 154, 1.0)"
2024-05-22 00:00:00+00:00,793.277405882,797.7193478075,789.4686138077,791.4768859923,1192763,0.0,0.0,0.0,0.0,0.0,0.0,0.0,0.0,,,,,745.8313884327999,724.4297221466173,715.7336421536774,693.49985891678,675.2627582139233,630.4809050521549,626.1853480508022,615.3644690260599,600.5088191815832,592.6594275775052,575.1495789909114,544.7062150144869,517.6085500624405,,,,,,,,,,,,,,,,,517.6085500624405,,"rgba(38, 166, 154, 1.0)"
2024-05-23 00:00:00+00:00,787.8164884145,799.4011521,786.9162284697,795.69128969,1519159,0.0,0.0,0.0,0.0,0.0,0.0,0.0,0.0,,,,,747.5589909653512,725.0532396450731,716.3332085323531,694.0873276582397,675.8696343982608,631.0563392518411,626.7550869475064,615.9227673451751,601.0499390178945,593.1892160365276,575.6450248902604,545.094974528397,517.8765873586595,,,,,,,,,,,,,,,,,517.8765873586595,,"rgba(38, 166, 154, 1.0)"
2024-05-24 00:00:00+00:00,801.0631704597,808.123582739,790.5370541818,792.0605710115,1622970,0.0,0.0,0.0,0.0,0.0,0.0,0.0,0.0,,,,,749.5976843980039,725.7906954882365,717.0349565502886,694.7615464756523,676.5583753316404,631.6990326294358,627.3907469624031,616.5441244398761,601.6504136704306,593.7763213301631,576.192653919816,545.5232860856707,518.1712743328684,,,,,,,,,,,,,,,,,518.1712743328684,,"rgba(38, 166, 154, 1.0)"
2024-05-28 00:00:00+00:00,804.4663509104,806.5636597929,796.10679428,801.0730634261,1986260,0.0,0.0,0.0,0.0,0.0,0.0,0.0,0.0,,,,,751.9988836638479,726.703125681401,717.9030462453744,695.5942020368228,677.4076262147942,632.4904184819164,628.1734242768007,617.3090511107434,602.3894815322124,594.4988824882523,576.8665996310107,546.0505894197671,518.5342436684141,,,,,,,,,,,,,,,,,518.5342436684141,,"rgba(38, 166, 154, 1.0)"
2024-05-29 00:00:00+00:00,797.8875282367,804.7334610039,797.6599900089,798.3821765581,2282792,0.0,0.0,0.0,0.0,0.0,0.0,0.0,0.0,,,,,754.3885827414972,727.6944181877498,718.8527685562519,696.515250369026,678.352021437725,633.3788222563867,629.0526583050207,618.1696740979011,603.2225629321663,595.3140966652157,577.6284173441052,546.648567860517,518.9469085118031,,,,,,,,,,,,,,,,,518.9469085118031,,"rgba(38, 166, 154, 1.0)"
2024-05-30 00:00:00+00:00,806.613124625,810.7285986584,799.6484762607,801.5281398817,2288522,0.0,0.0,0.0,0.0,0.0,0.0,0.0,0.0,,,,,756.8214960950444,728.7360903739561,719.8468777222703,697.4712394382368,679.3269573074207,634.2894930931735,629.9535288765994,619.0505275606441,604.0741473668793,596.1469461663893,578.4059365598803,547.2583405030545,519.3675684847676,,,,,,,,,,,,,,,,,519.3675684847676,,"rgba(38, 166, 154, 1.0)"
2024-05-31 00:00:00+00:00,801.2214579225,803.0516567114,779.7636137432,800.3706628098,4360692,0.0,0.0,0.0,0.0,0.0,0.0,0.0,0.0,,,,,759.9604390736607,730.3731312580136,721.4448692744877,699.0669318221,680.9859434059385,635.8888254597744,631.5391717040892,620.6087931046441,605.5897887488021,597.6335389131259,579.8019826604332,548.3632726428475,520.1350899125349,,,,,,,,,,,,,,,,,520.1350899125349,,"rgba(38, 166, 154, 0.75)"
2024-06-03 00:00:00+00:00,806.6625894571,819.0485834232,798.4933735007,802.3195771959,2008733,0.0,0.0,0.0,0.0,0.0,0.0,0.0,0.0,,,,,761.730285592881,731.2515749707228,722.2886650379336,699.8849732515192,681.8223197728263,636.6760898379121,632.3184745461831,621.3718367598251,606.3287476889285,598.3568917447533,580.478714283804,548.8964286089753,520.5043798090977,,,,,,,,,,,,,,,,,520.5043798090977,,"rgba(38, 166, 154, 0.75)"
2024-06-04 00:00:00+00:00,818.534149169,819.1475130875,804.3377423469,806.2569778336,1754454,0.0,0.0,0.0,0.0,0.0,0.0,0.0,0.0,,,,,763.3577403952136,732.060794555061,723.0624079130718,700.6281525296862,682.5778063515867,637.3814509446288,633.0163290072275,622.0542619790889,606.9886340524563,599.0023964380324,581.0818430465615,549.3709349744879,520.8327929962669,,,,,,,,,,,,,,,,,520.8327929962669,,"rgba(38, 166, 154, 0.75)"
2024-06-05 00:00:00+00:00,825.3701889698,825.4592256676,812.8852653394,822.0164733512,2080014,0.0,0.0,0.0,0.0,0.0,0.0,0.0,0.0,,,,,765.417995379797,733.0827832889505,724.034594853651,701.5521991109804,683.5110419960728,638.2444077563352,633.8695467911509,622.8873274754447,607.7926979804186,599.7882663717952,581.8149413186284,549.9466088428026,521.2307770789422,,,,,,,,,,,,,,,,,521.2307770789422,,"rgba(38, 166, 154, 1.0)"
2024-06-06 00:00:00+00:00,833.6209229696,840.0027766817,825.3899749026,826.4782012096,1734991,0.0,0.0,0.0,0.0,0.0,0.0,0.0,0.0,,,,,767.3668227035826,734.0289125137664,724.9273050954749,702.3869234245423,684.345608278637,639.0039352760317,634.6196643282766,623.617801794569,608.4955038874957,600.4741450861356,582.4529055071105,550.4456765695339,521.5749279058839,,,,,,,,,,,,,,,,,521.5749279058839,,"rgba(38, 166, 154, 1.0)"
2024-06-07 00:00:00+00:00,836.529455099,841.2780789837,833.2746691446,837.6176814059,1593589,0.0,0.0,0.0,0.0,0.0,0.0,0.0,0.0,,,,,769.164148338098,734.9169668472222,725.7645126524174,703.1676586263471,685.1245116965689,639.7107186335581,635.3175557964432,624.297086386293,609.1486750841046,601.111417182469,583.0453895697049,550.9090263659709,521.8944362172036,,,,,,,,,,,,,,,,,521.8944362172036,,"rgba(38, 166, 154, 1.0)"
2024-06-10 00:00:00+00:00,839.2599138327,840.3877120053,833.7198526338,838.1123297272,1402332,0.0,0.0,0.0,0.0,0.0,0.0,0.0,0.0,,,,,770.6876622500916,735.6916044045691,726.4959386413702,703.8511084156019,685.806793957048,640.3309010954787,635.9300242294222,624.8934063274149,609.7222853711519,601.6711742201569,583.566046117957,551.3166112013118,522.1757417036621,,,,,,,,,,,,,,,,,522.1757417036621,,"rgba(38, 166, 154, 1.0)"
2024-06-11 00:00:00+00:00,840.2195315761,841.8271386204,831.26639696,840.1502808111,1690514,0.0,0.0,0.0,0.0,0.0,0.0,0.0,0.0,,,,,772.4362063741432,736.6098991997965,727.3649345916502,704.66572911235,686.6211257326028,641.0733207905495,636.6633823141988,625.6077967359931,610.4099044577274,602.342401086954,584.1908317226328,551.8063875376074,522.5141712655951,,,,,,,,,,,,,,,,,522.5141712655951,,"rgba(38, 166, 154, 1.0)"
2024-06-12 00:00:00+00:00,838.7355866121,846.5807089884,834.5805407129,843.1874215041,1838255,0.0,0.0,0.0,0.0,0.0,0.0,0.0,0.0,,,,,774.2974517111186,737.6111381869714,728.3130809468096,705.5547899897643,687.509491593299,641.8832496359632,637.463443793653,626.3871780678311,611.1600986905506,603.074734660044,584.8725933039626,552.3411428384265,522.883910855646,,,,,,,,,,,,,,,,,522.883910855646,,"rgba(38, 166, 154, 1.0)"
2024-06-13 00:00:00+00:00,836.9053878232,838.7355866121,828.5854030584,838.7355866121,1322381,0.0,0.0,0.0,0.0,0.0,0.0,0.0,0.0,,,,,775.4726008486128,738.2833341921846,728.9538811371436,706.1625845315366,688.1205355675202,642.4465616663892,638.0203531227061,626.9307173137831,611.684487686623,603.5872112838848,585.3507904822438,552.7176387238142,523.144984458344,,,,,,,,,,,,,,,,,523.144984458344,,"rgba(38, 166, 154, 1.0)"
2024-06-14 00:00:00+00:00,846.5114582234,847.0159995112,832.8987364204,834.3925743508,1395485,0.0,0.0,0.0,0.0,0.0,0.0,0.0,0.0,,,,,776.8129268558823,739.0363247628942,729.6685114843042,706.8343658674119,688.7921507295619,643.0601960342862,638.626628961705,627.5215532291535,612.2534751114139,604.1427999014145,585.8683571851923,553.1242572896124,523.4265487344644,,,,,,,,,,,,,,,,,523.4265487344644,,"rgba(38, 166, 154, 1.0)"
2024-06-17 00:00:00+00:00,858.6204491295,861.2420852326,844.2360759453,845.3440881851,1904926,0.0,0.0,0.0,0.0,0.0,0.0,0.0,0.0,,,,,778.893300547951,740.1698147068503,730.7368875498812,707.82486568719,689.773854114263,643.9442378940439,639.4991522747298,628.3697495269073,613.0678390212229,604.9368457593879,586.6059648215896,553.7015134866062,523.825212576871,,,,,,,,,,,,,,,,,523.825212576871,,"rgba(38, 166, 154, 1.0)"
2024-06-18 00:00:00+00:00,861.4300515947,864.605594888,858.4126968346,858.7094858274,1763802,0.0,0.0,0.0,0.0,0.0,0.0,0.0,0.0,,,,,780.8865650193358,741.2606982547561,731.763209423348,708.7720397957931,690.7094886423419,644.7823611735807,640.3260439476176,629.1728495349953,613.8380402652045,605.6874376289867,587.3025170376708,554.2460383795641,524.2010373284621,,,,,,,,,,,,,,,,,524.2010373284621,,"rgba(38, 166, 154, 1.0)"
2024-06-20 00:00:00+00:00,853.2089964942,864.4968711869,851.349118806,861.9840577146,1944601,0.0,0.0,0.0,0.0,0.0,0.0,0.0,0.0,,,,,782.8425347634195,742.3905166710801,732.8321944276266,709.7682258402175,691.6986422529864,645.6772398786014,641.2095991221418,630.0324668254259,614.6641948274803,606.4933969308724,588.0520939716803,554.8341621758348,524.6081288244984,,,,,,,,,,,,,,,,,524.6081288244984,,"rgba(38, 166, 154, 0.75)"
2024-06-21 00:00:00+00:00,839.2302349334,857.6858605912,838.5772991493,857.3640423934,3852859,0.0,0.0,0.0,0.0,0.0,0.0,0.0,0.0,,,,,785.8866480371859,744.3513339973715,734.7099110777226,711.5551389809832,693.4931644781021,647.3351265188788,642.849093417171,631.6333187381495,616.2095480187038,608.0042257067868,589.4635569088309,555.9496967077719,525.384663040541,,,,,,,,,,,,,,,,,525.384663040541,,"rgba(38, 166, 154, 0.75)"
2024-06-24 00:00:00+00:00,839.081840437,841.5254031444,832.5030177634,840.9021462595,1722886,0.0,0.0,0.0,0.0,0.0,0.0,0.0,0.0,,,,,786.9942403392067,745.1410338642277,735.4740540365914,712.2952486950334,694.24330353195,648.039976676058,643.5470059679069,632.316745276761,616.8715989421377,608.652592499774,590.0714492147703,556.4329648809252,525.7226169926024,,,,,,,,,,,,,,,,,525.7226169926024,,"rgba(38, 166, 154, 0.75)"
2024-06-25 00:00:00+00:00,846.3531707606,846.5312441563,835.9556630462,840.2294245425,1675700,0.0,0.0,0.0,0.0,0.0,0.0,0.0,0.0,,,,,788.1337870266022,745.9391813072972,736.2440345343948,713.0365547330379,694.9918427549547,648.7393475827793,644.2392271199152,632.99397821938,617.526930969898,609.2940556394217,590.6723019138698,556.9101421964073,526.0561267152249,,,,,,,,,,,,,,,,,526.0561267152249,,"rgba(38, 166, 154, 0.5)"
2024-06-26 00:00:00+00:00,847.6689352953,850.537895559,840.9615040581,843.5930331276,1505286,0.0,0.0,0.0,0.0,0.0,0.0,0.0,0.0,,,,,789.1804339238822,746.6701872939741,736.9483786368461,713.7127942970022,695.6733587545798,649.3743902774302,644.8676690139241,633.6085510234078,618.1213280713638,609.8757427120165,591.216952920174,557.3425817077692,526.3583704179946,,,,,,,,,,,,,,,,,526.3583704179946,,"rgba(38, 166, 154, 0.5)"
2024-06-27 00:00:00+00:00,841.515510178,849.1435808709,839.5567028255,848.5246768912,1254904,0.0,0.0,0.0,0.0,0.0,0.0,0.0,0.0,,,,,789.9806276458155,747.2535229045546,737.5128925305487,714.2587686615528,696.2256855293658,649.8927204563329,645.3808860395916,634.1110519298195,618.6080539278466,610.3524065637534,591.6639497510014,557.6983932373197,526.6075592973233,,,,,,,,,,,,,,,,,526.6075592973233,,"rgba(38, 166, 154, 0.5)"
2024-06-28 00:00:00+00:00,840.8922532931,848.0646539524,837.7462899694,842.1387670628,2131691,0.0,0.0,0.0,0.0,0.0,0.0,0.0,0.0,,,,,791.2584658495703,748.2165940297971,738.4477728545113,715.1674338589391,697.1471208963848,650.7615938587358,646.2415078831956,634.9544047561341,619.4257651455922,611.1536195865665,592.4161222422439,558.298312972258,527.0283957799203,,,,,,,,,,,,,,,,,527.0283957799203,,"rgba(38, 166, 154, 0.5)"
2024-07-01 00:00:00+00:00,836.6184917968,846.8379261155,831.5039270839,844.3646845088,1989003,0.0,0.0,0.0,0.0,0.0,0.0,0.0,0.0,,,,,792.308342737128,749.0610667579962,739.2728109150081,715.9779542588296,697.9735376550128,651.5488288636257,647.0218613912543,635.720421870341,620.1700574150434,611.8836459377494,593.1029528537567,558.8481138250912,527.4151884590149,,,,,,,,,,,,,,,,,527.4151884590149,,"rgba(38, 166, 154, 0.5)"
2024-07-02 00:00:00+00:00,850.1619628348,851.1512594775,834.0562134923,836.6382777297,1377857,0.0,0.0,0.0,0.0,0.0,0.0,0.0,0.0,,,,,793.1121193441945,749.6807275355945,739.875108968142,716.5640809387089,698.5678540369352,652.1100359072117,647.577826887826,636.2654012075237,620.6986826113312,612.4017289103158,593.5896385885342,559.2369578633576,527.6884218787279,,,,,,,,,,,,,,,,,527.6884218787279,,"rgba(38, 166, 154, 0.5)"
2024-07-03 00:00:00+00:00,853.4266417556,854.2774368683,845.8486294728,845.8486294728,814423,0.0,0.0,0.0,0.0,0.0,0.0,0.0,0.0,,,,,793.6298501529039,750.0662735531153,740.2482196433342,716.9242494444317,698.9313253001073,652.4505951339266,647.9150194963948,636.5955049935875,621.0183826414489,612.7148236586005,593.8833362348264,559.4711615630354,527.8527831769236,,,,,,,,,,,,,,,,,527.8527831769236,,"rgba(38, 166, 154, 0.5)"
2024-07-05 00:00:00+00:00,876.1903575031,877.4467642393,849.5288129835,855.3063053766,2620714,0.0,0.0,0.0,0.0,0.0,0.0,0.0,0.0,,,,,795.6961540217586,751.4869713657431,741.6085296677742,718.211422975801,700.2150482469641,653.6291488783338,649.0801897038244,637.7322265896136,622.1146334243649,613.7862607210142,594.8843443288089,560.264838028636,528.4075402339084,,,,,,,,,,,,,,,,,528.4075402339084,,"rgba(38, 166, 154, 0.5)"
2024-07-08 00:00:00+00:00,871.4120547191,878.4459538484,868.2660913955,877.2983697429,1611317,0.0,0.0,0.0,0.0,0.0,0.0,0.0,0.0,,,,,796.9944017102368,752.3803093182439,742.463083371403,719.0180065004132,701.017889418852,654.3641120150728,649.8066669645731,638.4406251202707,622.7974129825359,614.453411140277,595.5073593229284,560.7586762752074,528.7527272140643,,,,,,,,,,,,,,,,,528.7527272140643,,"rgba(38, 166, 154, 0.5)"
2024-07-09 00:00:00+00:00,877.3577275415,887.0726205724,873.5143100848,874.3898376135,1358498,0.0,0.0,0.0,0.0,0.0,0.0,0.0,0.0,,,,,798.1480055839239,753.1641100082225,743.211057659454,719.7204737598639,701.7148037179855,654.9985715249187,650.4335471585756,639.0513146093181,623.385320962079,615.0275402608758,596.0429226518324,561.1826113953156,529.0487961687825,,,,,,,,,,,,,,,,,529.0487961687825,,"rgba(38, 166, 154, 0.5)"
2024-07-10 00:00:00+00:00,874.8449140691,880.7411220594,871.2735531891,877.9018406949,1755823,0.0,0.0,0.0,0.0,0.0,0.0,0.0,0.0,,,,,799.5262265699187,754.1336692677435,744.1398478555923,720.5985136819904,702.5889433167713,655.7998902652005,651.2257192804162,639.8239738622212,624.1302829750555,615.7555867192679,596.7231468142495,561.7225230306072,529.4266884900982,,,,,,,,,,,,,,,,,529.4266884900982,,"rgba(38, 166, 154, 0.5)"
2024-07-11 00:00:00+00:00,837.5286447081,881.2258774143,837.4593939431,881.2258774143,6021054,0.0,0.0,0.0,0.0,0.0,0.0,0.0,0.0,,,,,802.5474387257425,756.7224916074691,746.6750792493331,723.0896054885413,705.1219024997396,658.2144108740813,653.619718057279,642.1748400959538,626.415710541682,617.9981303993869,598.8359875921567,563.4221389537672,530.6285962305452,,,,,,,,,,,,,,,,,530.6285962305452,,"rgba(38, 166, 154, 0.5)"
2024-07-12 00:00:00+00:00,833.8781400967,840.9021462595,829.4065192718,840.7933236288,3288384,0.0,0.0,0.0,0.0,0.0,0.0,0.0,0.0,,,,,803.5272386226592,757.8326072843338,747.7903799761374,724.233036616178,706.3103394891195,659.3924404315876,654.7910882169787,643.3326286091851,627.5501991855655,619.1155954059275,599.8971963807704,564.2867389724014,531.2460308042688,,,,,,,,,,,,,,,,,531.2460308042688,,"rgba(38, 166, 154, 0.5)"
2024-07-15 00:00:00+00:00,839.6457395233,848.7174908069,835.6291951542,837.7957548016,2064036,0.0,0.0,0.0,0.0,0.0,0.0,0.0,0.0,,,,,804.23612649683,758.5718507784865,748.5281799324043,724.9810220188839,707.0830014541611,660.1514011813225,655.5453118768671,644.077080160332,628.278489138948,619.8324293830342,600.5770161020624,564.8397965243585,531.6407026185693,,,,,,,,,,,,,,,,,531.6407026185693,,#000000
2024-07-16 00:00:00+00:00,841.6639046744,842.1239276132,832.3348373341,838.7256936457,1687592,0.0,0.0,0.0,0.0,0.0,0.0,0.0,0.0,,,,,804.7566570305477,759.1477602803168,749.1060163840613,725.5718950953095,707.6959863365862,660.758334954095,656.1488179534468,644.6735702566294,628.8629883517722,620.4081972788998,601.1239849900743,565.2860733076088,531.9599204037618,,,,,,,,,,,,,,,,,531.9599204037618,,#000000
2024-07-17 00:00:00+00:00,837.2219627488,840.8526814274,833.630815936,838.9334459406,1783079,0.0,0.0,0.0,0.0,0.0,0.0,0.0,0.0,,,,,805.2667056605386,759.7362338374921,749.6986550772804,726.181527810307,708.3302726442269,661.389874163476,656.7770573801721,645.2950988780473,629.4727334567624,621.0091800502051,601.6956142811804,565.753493003194,532.2948643058268,,,,,,,,,,,,,,,,,532.2948643058268,,"rgba(239, 83, 80, 1.0)"
2024-07-18 00:00:00+00:00,830.3859229481,846.1454184656,816.2785528238,840.3382471732,2338477,0.0,0.0,0.0,0.0,0.0,0.0,0.0,0.0,,,,,805.7847286500578,760.4330523977541,750.4088519036985,726.9262549048966,709.1125842570872,662.1818850799206,657.5658772903416,646.0776174159662,630.2429358540633,621.7695145149908,602.4211787968178,566.3499099521173,532.7239747583529,,,,,,,,,,,,,,,,,532.7239747583529,,"rgba(239, 83, 80, 1.0)"
2024-07-19 00:00:00+00:00,829.1591951112,839.7941340197,826.6167027395,827.5565345501,1984385,0.0,0.0,0.0,0.0,0.0,0.0,0.0,0.0,,,,,806.2236802551304,761.0213270953583,751.0086182066508,727.5554771994284,709.7736049655501,662.8518216645248,658.2331937060767,646.7397705018628,630.8948853605287,622.4132316214558,603.0357501065819,566.8556698935838,533.0882637608041,,,,,,,,,,,,,,,,,533.0882637608041,,"rgba(239, 83, 80, 1.0)"
2024-07-22 00:00:00+00:00,838.3497609215,840.496534636,829.6241645332,836.6976355282,1920228,0.0,0.0,0.0,0.0,0.0,0.0,0.0,0.0,,,,,806.7035284320574,761.6154312967917,751.6110684997783,728.1820217327119,710.4288042107332,663.5114482814382,658.8899613613962,647.3908174212244,631.5351688148723,623.0451045106569,603.638442645345,567.3511589951481,533.4449927621538,,,,,,,,,,,,,,,,,533.4449927621538,,"rgba(239, 83, 80, 1.0)"
2024-07-23 00:00:00+00:00,842.9895621755,845.4330259532,836.5280700837,839.8139199526,1744123,0.0,0.0,0.0,0.0,0.0,0.0,0.0,0.0,,,,,807.205066614914,762.186137593694,752.1860043712016,728.7735090066536,711.0438009604611,664.1251693578077,659.5006650723196,647.9953864176466,632.128799853361,623.6305098696115,604.1960370689123,567.8087941257705,533.7741457399271,,,,,,,,,,,,,,,,,533.7741457399271,,"rgba(239, 83, 80, 1.0)"
2024-07-24 00:00:00+00:00,821.9274366533,836.9449596889,820.621565085,835.5599443892,2511321,0.0,0.0,0.0,0.0,0.0,0.0,0.0,0.0,,,,,807.5956718543209,762.8397400260528,752.8630177404286,729.5015438704594,711.8176959048578,664.9266665031201,660.3003130753592,648.7917138974224,632.9162967213185,624.409734304596,604.9433902026944,568.4287437535354,534.2235877713568,,,,,,,,,,,,,,,,,534.2235877713568,,"rgba(239, 83, 80, 1.0)"
2024-07-25 00:00:00+00:00,807.216595577,827.69503608,805.5644701838,826.8442409674,2183740,0.0,0.0,0.0,0.0,0.0,0.0,0.0,0.0,,,,,807.6976820675899,763.2834501446675,753.3395482107089,730.0421404640747,712.4068899653274,665.5616242313963,660.9355252192481,649.4281558926207,633.5502425624352,625.0391703014938,605.5512744850239,568.9383690698437,534.5959423668706,,,,,,,,,,,,,,,,,534.5959423668706,,"rgba(239, 83, 80, 1.0)"
2024-07-26 00:00:00+00:00,809.9965191429,814.6329962828,801.4864040506,810.3927992403,1441455,0.0,0.0,0.0,0.0,0.0,0.0,0.0,0.0,,,,,807.7090590448838,763.5445828490379,753.6253100401535,730.3749329766587,712.7738411083232,665.9643190933443,661.3388753696173,649.8333952940553,633.9552009205257,625.4418657272689,605.9413999991085,569.2670438992818,534.8369755433979,,,,,,,,,,,,,,,,,534.8369755433979,,"rgba(239, 83, 80, 1.0)"
2024-07-29 00:00:00+00:00,807.975490646,816.0794186384,806.519161288,814.910392351,1320420,0.0,0.0,0.0,0.0,0.0,0.0,0.0,0.0,,,,,807.734470195638,763.7889528401281,753.891493649596,730.683057025853,713.1127038696137,666.3350372471167,661.7101361958239,650.2062578109917,634.3276568393469,625.8121800275195,606.3000646625198,569.5691947212275,535.0585941735237,,,,,,,,,,,,,,,,,535.0585941735237,,"rgba(239, 83, 80, 1.0)"
2024-07-30 00:00:00+00:00,802.4969182991,814.3556002146,795.809691655,810.3927992403,2017248,0.0,0.0,0.0,0.0,0.0,0.0,0.0,0.0,,,,,807.6803640046699,764.1099745274566,754.2507314890788,731.1142152263689,713.5943065198297,666.8743758754961,662.2510969114774,650.7514215416468,634.8744244905248,626.3568359680645,606.8296079262542,570.0179219887397,535.3891476840239,,,,,,,,,,,,,,,,,535.3891476840239,,"rgba(239, 83, 80, 1.0)"
2024-07-31 00:00:00+00:00,814.3556002146,817.8032370622,803.7253866011,812.7902938297,2135049,0.0,0.0,0.0,0.0,0.0,0.0,0.0,0.0,,,,,807.7490163591636,764.5087428323234,754.6834423681878,731.612816688757,714.1415840634421,667.4725466924478,662.8501668071226,651.3531241561008,635.475578180193,626.954617902538,607.4088548664625,570.5066232021821,535.7481695005627,,,,,,,,,,,,,,,,,535.7481695005627,,"rgba(239, 83, 80, 1.0)"
2024-08-01 00:00:00+00:00,809.2931219699,816.5054197431,802.1501732138,810.9376843743,1861405,0.0,0.0,0.0,0.0,0.0,0.0,0.0,0.0,,,,,807.7706255975127,764.8319384543292,755.0382544390883,732.0283759149145,714.6010048251235,667.9805674275987,663.3593609228961,651.8654753541598,635.9885574705619,627.4652437870177,607.9047023668273,570.9264307051947,536.0574264205312,,,,,,,,,,,,,,,,,536.0574264205312,,"rgba(239, 83, 80, 1.0)"
2024-08-02 00:00:00+00:00,814.4348562341,822.5635517326,797.5237021464,808.6095388019,2598467,0.0,0.0,0.0,0.0,0.0,0.0,0.0,0.0,,,,,807.8411921367493,765.2972334497205,755.5456102651548,732.6173432634331,715.24964112577,668.6945947025271,664.0748712380582,652.5850457817113,636.7086082939902,628.1818303912393,608.6003181031165,571.5153712854644,536.4914249176994,,,,,,,,,,,,,,,,,536.4914249176994,,"rgba(239, 83, 80, 0.75)"
2024-08-05 00:00:00+00:00,794.3731763018,803.2795714915,785.6252931511,790.5787943689,2820885,1.0,803.27954,785.6253,0.0,0.0,0.0,0.0,0.0,,,,794.4260136481333,807.5716934535258,765.6090906820805,755.9211752943683,733.1106041346222,715.8208150741528,669.369984664003,664.7547508152178,653.2757249853252,637.4078984503612,628.8815664216904,609.2869944192626,572.1061932363945,536.9318591714983,,,,,,,,,,,,,,,,,536.9318591714983,,"rgba(239, 83, 80, 0.75)"
2024-08-06 00:00:00+00:00,809.2832149675,825.3424659158,797.5731380885,797.5731380885,2476255,0.0,0.0,0.0,0.0,0.0,0.0,0.0,0.0,,,,802.0490153178545,807.6264752857134,766.0292240039455,756.3820375328845,733.6506021015591,716.4180743768335,670.0334424786209,665.4200717850672,653.945910149292,638.0798872521718,629.5510079468763,609.938335280514,572.6601114354964,537.3416536997829,,,,,,,,,,,,,,,,,537.3416536997829,,"rgba(239, 83, 80, 0.75)"
2024-08-07 00:00:00+00:00,802.7644073648,826.075584096,801.7340791115,816.4459777285,1702040,0.0,0.0,0.0,0.0,0.0,0.0,0.0,0.0,,,,804.0290459777353,807.6566662912418,766.3100484791172,756.691228334423,734.014853184364,716.8219246143398,670.4841252773413,665.8721792554371,654.401679712264,638.5373219846504,630.0069269767251,610.382392728831,573.0384924051959,537.6220564919512,,,,,,,,,,,,,,,,,537.6220564919512,,"rgba(239, 83, 80, 0.75)"
2024-08-08 00:00:00+00:00,831.62350546,834.9225372711,812.8200148371,813.8602500928,2345030,0.0,0.0,0.0,0.0,0.0,0.0,0.0,0.0,,,,809.657168808581,807.9566720913047,766.8324168972823,757.2391963190947,734.6170116288318,717.46861072619,671.1720749780296,666.5601552954354,655.0903932371763,639.2229349311676,630.6876846797834,611.0405267052978,573.5934637485316,538.0304419372775,,,,,,,,,,,,,,,,,538.0304419372775,,"rgba(239, 83, 80, 0.75)"
2024-08-09 00:00:00+00:00,846.9793592354,849.7939386273,829.8402450216,830.7021542335,1710588,0.0,0.0,0.0,0.0,0.0,0.0,0.0,0.0,,,,814.6934524765886,808.3507715691212,767.3069211045171,757.7232355207032,735.1258133948219,718.0030204824865,671.7205951899775,667.1073594487395,655.6351617356246,639.7617130056973,631.2210067275449,611.5529952672908,574.021876834844,538.3438387075637,,,,,,,,,,,,,,,,,538.3438387075637,,#000000
2024-08-12 00:00:00+00:00,855.5390093398,862.1568869668,844.4728876191,849.2777838004,1748173,0.0,0.0,0.0,0.0,0.0,0.0,0.0,0.0,,,,820.0682205366136,808.8820258517713,767.8614822206315,758.2808472166738,735.6978514119397,718.5961279430245,672.3162623451007,667.7006897761335,656.2237911810691,640.3414445163406,631.7937366060685,612.1011722539052,574.4775798400652,538.6759211609102,,,,,,,,,,,,,,,,,538.6759211609102,,"rgba(38, 166, 154, 0.5)"
2024-08-13 00:00:00+00:00,856.7773846443,859.977346431,848.1979205349,856.8764546686,1484055,0.0,0.0,0.0,0.0,0.0,0.0,0.0,0.0,,,,823.6950956772712,809.3324865560783,768.3317333410291,758.7537098935093,736.1829371945004,719.0990055291113,672.8214552197094,668.20392411663,656.7230862748488,640.8332590899896,632.2796519875429,612.5663654920673,574.8645519978497,538.9581119312028,,,,,,,,,,,,,,,,,538.9581119312028,,"rgba(38, 166, 154, 0.5)"
2024-08-14 00:00:00+00:00,854.6870071303,858.6722970001,850.5161591049,856.8269196564,1341493,0.0,0.0,0.0,0.0,0.0,0.0,0.0,0.0,,,,826.3500150130005,809.7290226107092,768.7507204299568,759.1756061957263,736.6167268352593,719.5492022070365,673.2748240052082,668.6556249538696,657.1714506295154,641.2751511439636,632.7163667717685,612.9847197727456,575.2129858220536,539.2124725002908,,,,,,,,,,,,,,,,,539.2124725002908,,"rgba(38, 166, 154, 0.5)"
2024-08-15 00:00:00+00:00,869.1908586962,872.1381919208,860.9185116624,864.752521605,1923809,0.0,0.0,0.0,0.0,0.0,0.0,0.0,0.0,,,,830.8510037601861,810.444319339725,769.4329753711925,759.8544136436923,737.3001284133067,720.2502683484679,673.9666381146931,669.3438842527378,657.8523296940061,641.9434824871778,633.3755917627684,613.6137797712897,575.7339606798693,539.591294832905,,,,,,,,,,,,,,,,,539.591294832905,,"rgba(38, 166, 154, 0.5)"
2024-08-16 00:00:00+00:00,862.4937250497,869.1908586962,860.5420455698,869.1908586962,1516332,0.0,0.0,0.0,0.0,0.0,0.0,0.0,0.0,,,,833.4930054631981,810.9634010405574,769.9460036011646,760.3670442321488,737.8200689718029,720.7857398819942,674.4991003407919,669.8739232152677,658.3773889024346,642.4597160210832,633.8852053051849,614.100915622925,576.1385943669433,539.8862279681622,,,,,,,,,,,,,,,,,539.8862279681622,,"rgba(38, 166, 154, 0.5)"
2024-08-19 00:00:00+00:00,864.2373574783,865.5054537901,860.6213015893,862.4937250497,1318382,0.0,0.0,0.0,0.0,0.0,0.0,0.0,0.0,,,,835.4305579741151,811.4014402077426,770.3846470971744,760.806028601477,738.2664740446231,721.2460749822345,674.9581258058887,670.3309628489907,658.8303646862353,642.9053596512543,634.325274831515,614.5218726886513,576.4887266324594,540.141733343522,,,,,,,,,,,,,,,,,540.141733343522,,"rgba(38, 166, 154, 0.5)"
2024-08-20 00:00:00+00:00,868.0515534161,868.6013920513,863.0683311909,863.8906123931,1104595,0.0,0.0,0.0,0.0,0.0,0.0,0.0,0.0,,,,837.0312096141636,811.7845142375076,770.7612154761612,761.1820483342484,738.647313450147,721.6378910712662,675.3473382407017,670.718388986354,659.214110294157,643.282617756969,634.6976878467962,614.8778806777109,576.7846069582048,540.3575580560644,,,,,,,,,,,,,,,,,540.3575580560644,,"rgba(38, 166, 154, 1.0)"
2024-08-21 00:00:00+00:00,873.2230086875,882.8328010502,869.0620676645,872.5493325219,1465505,0.0,0.0,0.0,0.0,0.0,0.0,0.0,0.0,,,,839.4575149208882,812.361887558561,771.3000374403979,761.7165618776603,739.1823170900572,722.1846511217512,675.8840384544663,671.2521614681091,659.7417524594824,643.80008118474,635.2079133924368,615.3644938123232,577.1876718452945,540.650879532805,,,,,,,,,,,,,,,,,540.650879532805,,"rgba(38, 166, 154, 1.0)"
2024-08-22 00:00:00+00:00,869.3989057473,875.7790153159,865.0596386805,874.0948249019,1440919,0.0,0.0,0.0,0.0,0.0,0.0,0.0,0.0,,,,841.2659925907799,812.8752704594108,771.7993459688203,762.2144477530207,739.6852125223222,722.7011299659003,676.3958566341629,671.7615591468644,660.2461390470426,644.2957501780061,635.6971397516472,615.8320666262919,577.5763320396569,540.9345087409396,,,,,,,,,,,,,,,,,540.9345087409396,,"rgba(38, 166, 154, 1.0)"
2024-08-23 00:00:00+00:00,871.0335611492,876.3298446514,863.5620961923,874.2830579481,1305753,0.0,0.0,0.0,0.0,0.0,0.0,0.0,0.0,,,,842.7413511521405,813.3345039482543,772.248522399831,762.6626448808664,740.1384033637812,723.1667779315627,676.8578852906203,672.2214545695892,660.7016239101619,644.743505202144,636.1391491096563,616.2546792358842,577.9279194074642,541.1912892745011,,,,,,,,,,,,,,,,,541.1912892745011,,"rgba(38, 166, 154, 1.0)"
2024-08-26 00:00:00+00:00,884.2098743887,884.9428934989,873.2439124627,874.9567341138,1737024,0.0,0.0,0.0,0.0,0.0,0.0,0.0,0.0,,,,845.1504198676284,814.0445631143664,772.9029929341211,763.3106915938872,740.78461922421,723.8255276200919,677.5022589224268,672.8621798328242,661.3346683923841,645.3639786233789,636.750798621921,616.837828241818,578.4110582065445,541.5431289536978,,,,,,,,,,,,,,,,,541.5431289536978,,"rgba(38, 166, 154, 1.0)"
2024-08-27 00:00:00+00:00,900.4474513808,910.3821934233,878.8204650637,884.3882004326,2098899,0.0,0.0,0.0,0.0,0.0,0.0,0.0,0.0,,,,848.802537833587,815.0806592696185,773.7972775711623,764.1880401532267,741.6445392025948,724.6933440931152,678.3353699007727,673.689404729804,662.1493056264374,646.1592463109656,637.5332435141894,617.5808870252342,579.0230992646904,541.9869895605963,,,,,,,,,,,,,,,,,541.9869895605963,,"rgba(38, 166, 154, 1.0)"
2024-08-28 00:00:00+00:00,879.7913513024,903.7365761895,873.4558232448,902.4882938826,1668378,0.0,0.0,0.0,0.0,0.0,0.0,0.0,0.0,,,,850.7729953538978,815.7782357753746,774.4367113294746,764.8205333883782,742.2737572650186,725.3336465058856,678.9602683678927,674.3106849341208,662.7629379895046,646.7604730442795,638.125836002103,618.1457766151448,579.4912968365351,542.3282047208938,,,,,,,,,,,,,,,,,542.3282047208938,,"rgba(38, 166, 154, 0.75)"
2024-08-29 00:00:00+00:00,878.3845569565,892.0859413251,876.9381346009,882.7139170209,1709893,0.0,0.0,0.0,0.0,0.0,0.0,0.0,0.0,,,,852.4194408847794,816.4470003945589,775.0659258194958,765.4450251617262,742.8987247186104,725.9716584343072,679.5869906329825,674.9340982834722,663.379397908338,647.3653457619472,638.7224511559498,618.7153797538905,579.9646767400021,542.673963740193,,,,,,,,,,,,,,,,,542.673963740193,,"rgba(38, 166, 154, 0.75)"
2024-08-30 00:00:00+00:00,884.0810833571,887.9942502491,874.8873850967,882.2185668991,1933485,0.0,0.0,0.0,0.0,0.0,0.0,0.0,0.0,,,,854.0783091212512,817.185571935965,775.7676742509668,766.1423518425407,743.5979908890207,726.6862069000424,680.2905155621897,675.6340465428768,664.0718440313124,648.0451547654526,639.3931724445023,619.3561547678436,580.4979165402532,543.0639189920877,,,,,,,,,,,,,,,,,543.0639189920877,,"rgba(38, 166, 154, 0.75)"
2024-09-03 00:00:00+00:00,870.3995129933,888.5491414556,866.3079209874,888.3410944044,1784179,0.0,0.0,0.0,0.0,0.0,0.0,0.0,0.0,,,,855.1013730268023,817.7784765270942,776.3637133042699,766.7388711493237,744.2037326209112,727.3094216480976,680.9123002781123,676.2533010802385,664.6858894309757,648.6497210163652,639.9904946041082,619.9284975473277,580.9765571242118,543.4153104116642,,,,,,,,,,,,,,,,,543.4153104116642,,"rgba(38, 166, 154, 0.75)"
2024-09-04 00:00:00+00:00,881.7430307822,883.4618957048,868.4345581303,869.2899287205,1423134,0.0,0.0,0.0,0.0,0.0,0.0,0.0,0.0,,,,855.9531284400609,818.2654051640708,776.8473461590821,767.222167304457,744.6931406641845,727.8121118971675,681.4125189332701,676.7513967600536,665.1795918009011,649.1355667482031,640.4704141547317,620.3881675234294,581.3608434405295,543.6974186465179,,,,,,,,,,,,,,,,,543.6974186465179,,"rgba(38, 166, 154, 0.75)"
2024-09-05 00:00:00+00:00,877.7406017982,880.3659574437,860.6213015893,880.3659574437,1998837,0.0,0.0,0.0,0.0,0.0,0.0,0.0,0.0,,,,856.7992240776651,818.8802141094267,777.4858557452164,767.8637437696326,745.3490807141495,728.4893161493018,682.0931502603272,677.4296598631933,665.8530494070251,649.7997325176825,641.1271715627779,621.0186195255939,581.8898894716535,544.0869645034738,,,,,,,,,,,,,,,,,544.0869645034738,,"rgba(38, 166, 154, 0.5)"
2024-09-06 00:00:00+00:00,868.527089533,884.8934575568,862.8999121495,882.9724897845,2074604,0.0,0.0,0.0,0.0,0.0,0.0,0.0,0.0,,,,857.5529745055693,819.4946025974174,778.1341548753273,768.5164288200796,746.0185857103062,729.1816685628703,682.7915338057064,678.12582045317,666.5447410208404,650.4824527069268,641.8025637216746,621.6675744610432,582.4354540074016,544.4893182329643,,,,,,,,,,,,,,,,,544.4893182329643,,"rgba(38, 166, 154, 0.5)"
2024-09-09 00:00:00+00:00,888.1528613581,890.4726771229,873.5004047557,876.5121334962,1953977,0.0,0.0,0.0,0.0,0.0,0.0,0.0,0.0,,,,858.7270126721661,820.1887969774527,778.8132127566527,769.1937040124938,746.7018066514235,729.8816342519448,683.4858054522679,678.8170285750017,667.2295650641106,651.1560756635417,642.4678628252792,622.3047190914921,582.9685189238429,544.8811483627085,,,,,,,,,,,,,,,,,544.8811483627085,,"rgba(38, 166, 154, 0.5)"
2024-09-10 00:00:00+00:00,885.9733208223,892.3138023811,879.2663792433,884.2990374106,1360818,0.0,0.0,0.0,0.0,0.0,0.0,0.0,0.0,,,,859.5391895812887,820.676953263807,779.2890540890519,769.6680668686383,747.1798592387279,730.3710658840375,683.9708338723823,679.2998948495189,667.7079171001988,651.6265462023774,642.9324996359892,622.7496785690972,583.3408764324497,545.1549516102979,,,,,,,,,,,,,,,,,545.1549516102979,,"rgba(38, 166, 154, 0.5)"
2024-09-11 00:00:00+00:00,892.0264993105,893.6116197002,869.7060228228,886.6767179952,1796084,0.0,0.0,0.0,0.0,0.0,0.0,0.0,0.0,,,,860.5115170708027,821.3030893432365,779.9063610598892,770.2843517018331,747.8024895488838,731.0093245030896,684.6051309945262,679.9315111253413,668.3339568097946,652.2426762198193,643.5411932670409,623.3330285017862,583.8297423826898,545.5148803027987,,,,,,,,,,,,,,,,,545.5148803027987,,"rgba(38, 166, 154, 1.0)"
2024-09-12 00:00:00+00:00,906.5204438739,907.1842130371,888.172675363,892.0463133154,1868674,0.0,0.0,0.0,0.0,0.0,0.0,0.0,0.0,,,,862.0378401815929,822.0969862344273,780.6345875202408,771.0042715004702,748.5168507154636,731.7340925270399,685.311555138472,680.633920300495,669.0278144871473,652.922733873165,644.2117032836738,623.9730066094294,584.3627868942847,545.9056147727725,,,,,,,,,,,,,,,,,545.9056147727725,,"rgba(38, 166, 154, 1.0)"
2024-09-13 00:00:00+00:00,907.4814231102,915.2385069473,900.9031734929,905.1334635329,1327509,0.0,0.0,0.0,0.0,0.0,0.0,0.0,0.0,,,,863.2442088693307,822.7025592002029,781.177536488967,771.5392217680388,749.0442809278277,732.2671540442875,685.8273999313086,681.1465548300633,669.5335678788572,653.4176612987379,644.6993192052366,624.4377214445205,584.7490281734432,546.1883327324946,,,,,,,,,,,,,,,,,546.1883327324946,,"rgba(38, 166, 154, 1.0)"
2024-09-16 00:00:00+00:00,899.42703013,914.049765725,896.9304655162,913.4256245716,1661046,0.0,0.0,0.0,0.0,0.0,0.0,0.0,0.0,,,,864.526644912712,823.4097714151585,781.8270139746483,772.1812785252947,749.6811627740432,732.9130016672802,686.4567540104653,681.7723406599912,670.1517423078341,654.0235650178165,645.2967438625608,625.0080533643669,585.2244445543286,546.5371611817376,,,,,,,,,,,,,,,,,546.5371611817376,,"rgba(38, 166, 154, 1.0)"
2024-09-17 00:00:00+00:00,888.9256075481,900.1502413078,887.1225331048,899.9818222664,1386963,0.0,0.0,0.0,0.0,0.0,0.0,0.0,0.0,,,,865.2407626618649,823.9081031534276,782.3137179881909,772.6664738239886,750.1698107931314,733.4127529651988,686.9520122743667,682.265437672972,670.6403117922043,654.5042209431844,645.7715405599176,625.4630655235865,585.6061441797699,546.8186207655068,,,,,,,,,,,,,,,,,546.8186207655068,,"rgba(38, 166, 154, 0.75)"
2024-09-18 00:00:00+00:00,884.2197813912,896.563906426,882.6640847987,891.5707771984,1338163,0.0,0.0,0.0,0.0,0.0,0.0,0.0,0.0,,,,865.7917700647265,824.3525350317619,782.7612137106652,773.114358056949,750.6240707720824,733.8791173469402,687.4177342788748,682.7294047744583,671.1006473808726,654.9578648686258,646.2200278177867,625.8936257462667,585.9684198007167,547.0864052944884,,,,,,,,,,,,,,,,,547.0864052944884,,"rgba(38, 166, 154, 0.5)"
2024-09-19 00:00:00+00:00,892.3633373933,896.7125114626,887.172167187,895.8506022507,1747482,0.0,0.0,0.0,0.0,0.0,0.0,0.0,0.0,,,,866.6038696169569,824.9620868340908,783.3634092565976,773.7155851699947,751.2310948682708,734.500672196411,688.0355500755453,683.3446862782844,671.7106387202473,655.5584269858883,646.8135018951142,626.4628877764234,586.4468719516536,547.4398386087727,,,,,,,,,,,,,,,,,547.4398386087727,,"rgba(38, 166, 154, 0.5)"
2024-09-20 00:00:00+00:00,898.5453069132,899.3649132247,887.3702081657,893.1856185955,4658159,0.0,0.0,0.0,0.0,0.0,0.0,0.0,0.0,,,,868.771217078776,826.605122495144,784.9802718762187,775.3289663596913,752.8580884135082,736.1651049433016,689.6883807752934,684.990677638776,673.3423158229552,657.1647372829274,648.4008310929164,627.9855738342958,587.7274686993245,548.3866360924727,,,,,,,,,,,,,,,,,548.3866360924727,,"rgba(38, 166, 154, 0.5)"
2024-09-23 00:00:00+00:00,908.5513793732,910.9488739627,892.402965403,898.5453069132,1697643,0.0,0.0,0.0,0.0,0.0,0.0,0.0,0.0,,,,869.7207213324814,827.2600683595246,785.6045123428177,775.949124694403,753.4783523311067,736.7965472400956,690.3099468567132,685.6092759114216,673.9546226164415,657.7664411074913,648.9949197477002,628.5545207501144,588.2049363129573,548.739210036539,,,,,,,,,,,,,,,,,548.739210036539,,"rgba(38, 166, 154, 1.0)"
2024-09-24 00:00:00+00:00,893.1558975882,904.2814613234,889.1831896114,903.5285291383,2432552,0.0,0.0,0.0,0.0,0.0,0.0,0.0,0.0,,,,870.6816441781987,828.0784344195922,786.4247742540514,776.7695809267319,754.3090262907256,737.6479039300485,691.1594455133218,686.4556216463949,674.7944113720878,658.5941878335718,649.8134125744549,629.3408662957414,588.8683987370785,549.2312393911861,,,,,,,,,,,,,,,,,549.2312393911861,,"rgba(38, 166, 154, 0.5)"
2024-09-25 00:00:00+00:00,899.9719152639,901.8938737364,892.7447569871,894.6023199438,1728137,0.0,0.0,0.0,0.0,0.0,0.0,0.0,0.0,,,,871.3905717519,828.6704873663127,787.0141512736182,777.3585618985992,754.904294998612,738.2573078079145,691.7664962173405,687.0603557762537,675.3943098572707,659.1853145503585,650.3978600190854,629.9022557360206,589.3420772518972,549.5826219119333,,,,,,,,,,,,,,,,,549.5826219119333,,"rgba(38, 166, 154, 0.5)"
2024-09-26 00:00:00+00:00,893.0568275638,900.7841903936,889.7776097576,896.880930504,2738553,0.0,0.0,0.0,0.0,0.0,0.0,0.0,0.0,,,,872.2984407604682,829.5401275546392,787.9051442666592,778.2523530570487,755.8137247696714,739.1916972881095,692.7042788797119,687.9951194693464,676.3228652550894,660.1018458393748,651.3048025360481,630.7750123345764,590.0808753772843,550.1321686712604,,,,,,,,,,,,,,,,,550.1321686712604,,"rgba(38, 166, 154, 0.5)"
2024-09-27 00:00:00+00:00,877.3839497105,885.1807606274,865.8720128802,884.9528995714,3459054,0.0,0.0,0.0,0.0,0.0,0.0,0.0,0.0,,,,872.4800204669492,830.3045763893962,788.8191420997317,779.1864752481974,756.7955469131784,740.2182031577432,693.7696371992894,689.0597632987666,677.3866131202711,661.1593258437402,652.3548672594454,631.7928895953835,590.9528813270314,550.7868627605817,,,,,,,,,,,,,,,,,550.7868627605817,,#000000
2024-09-30 00:00:00+00:00,878.2755799297,901.5372216488,873.2131016851,883.080476111,2146353,0.0,0.0,0.0,0.0,0.0,0.0,0.0,0.0,,,,872.8175356978858,830.8490189819056,789.4291650236396,779.8054357919198,757.4380438905616,740.8853959739921,694.4539269172044,689.7430191598863,678.0679817386905,661.8351250531377,653.0252022968142,632.4412942013935,591.5067697199249,551.2019826396628,,,,,,,,,,,,,,,,,551.2019826396628,,#000000
2024-10-01 00:00:00+00:00,869.2205797035,878.7412090442,864.6336375758,877.0173906204,1836683,0.0,0.0,0.0,0.0,0.0,0.0,0.0,0.0,,,,872.7711279896599,831.1910752047579,789.871775310909,780.2617965516984,757.9248820955867,741.3982662016814,694.9943165740265,690.2836824867427,678.6096299543335,662.3753505986393,653.5625137757328,632.9639670583769,591.957349827127,551.5420534194391,,,,,,,,,,,,,,,,,551.5420534194391,,"rgba(239, 83, 80, 1.0)"
2024-10-02 00:00:00+00:00,870.3598849836,873.0347756412,859.0956232142,866.5159680386,1317146,0.0,0.0,0.0,0.0,0.0,0.0,0.0,0.0,,,,872.6827280057771,831.4122739887059,790.1731570900581,780.5741988934333,758.2611086032845,741.7540730119974,695.3724306210867,690.6622315669615,678.9894209471609,662.7548167088685,653.9402608565881,633.3320971555077,592.27569019515,551.7829164064992,,,,,,,,,,,,,,,,,551.7829164064992,,"rgba(239, 83, 80, 1.0)"
2024-10-03 00:00:00+00:00,867.526482287,872.9852406291,864.5494280551,866.3079209874,1451942,0.0,0.0,0.0,0.0,0.0,0.0,0.0,0.0,,,,872.6041980593304,831.6587247917017,790.5063339464401,780.9193594534108,758.632250339275,742.1466306612604,695.7893901755663,691.0796647289233,679.408208931137,663.1732376306275,654.356788370402,633.7380448859449,592.6268480824998,552.0487235424443,,,,,,,,,,,,,,,,,552.0487235424443,,"rgba(239, 83, 80, 1.0)"
2024-10-04 00:00:00+00:00,874.8972920992,876.0663183866,867.526482287,869.8249068521,1517311,0.0,0.0,0.0,0.0,0.0,0.0,0.0,0.0,,,,872.608399547954,831.9437735008075,790.8713369324158,781.2954897528386,759.0331515098551,742.5687271299868,696.2342267896347,691.5247631875567,679.8541981664415,663.6181804715783,654.7994118855297,634.1688386880996,592.9988045369034,552.329945527319,,,,,,,,,,,,,,,,,552.329945527319,,"rgba(239, 83, 80, 1.0)"
2024-10-07 00:00:00+00:00,865.4658257804,879.4545132196,864.2139769526,873.4013347314,1963158,0.0,0.0,0.0,0.0,0.0,0.0,0.0,0.0,,,,872.5403054923823,832.2790878844311,791.321028904105,781.7611725409078,759.533594463926,743.0978448142858,696.796362353563,692.0875744215051,680.4189179582763,664.1825308837804,655.3612881274496,634.7166654918951,593.4732468400264,552.6895376172398,,,,,,,,,,,,,,,,,552.6895376172398,,"rgba(239, 83, 80, 1.0)"
2024-10-08 00:00:00+00:00,882.1393108797,883.0160805952,868.5469035379,868.5469035379,1697910,0.0,0.0,0.0,0.0,0.0,0.0,0.0,0.0,,,,872.6471095053419,832.6267365747037,791.7460460400627,782.1971333045492,759.9946866434734,743.5813032721758,697.3025034552733,692.5937937255326,680.9256479665831,664.6874928969299,655.8633595529942,635.2048631230629,593.8944017803747,553.0079046652398,,,,,,,,,,,,,,,,,553.0079046652398,,"rgba(239, 83, 80, 0.75)"
2024-10-09 00:00:00+00:00,900.6455914295,901.5372216488,879.6130252585,883.942385323,1956453,0.0,0.0,0.0,0.0,0.0,0.0,0.0,0.0,,,,873.1248066892874,833.1603475633517,792.3208056766523,782.7779312014345,760.5931914434947,744.2000727365521,697.9336781585329,693.2238535654006,681.5535826423286,665.3099220846656,656.4806474252213,635.8019722136028,594.4054481290724,553.3920409607828,,,,,,,,,,,,,,,,,553.3920409607828,,#000000
2024-10-10 00:00:00+00:00,885.3194586615,901.5372216488,883.5461052255,901.5372216488,1765785,0.0,0.0,0.0,0.0,0.0,0.0,0.0,0.0,,,,873.4625074722575,833.6044400276555,792.8148468907489,783.2792337311863,761.1135396975527,744.7401288297075,698.4889015439139,693.778438298225,682.1070735927336,665.8595134435202,657.0261683422214,636.3306341230968,594.8593684367016,553.7341403224223,,,,,,,,,,,,,,,,,553.7341403224223,,#000000
2024-10-11 00:00:00+00:00,880.7622375411,886.1813678734,877.2651647513,886.1813678734,1527294,0.0,0.0,0.0,0.0,0.0,0.0,0.0,0.0,,,,873.5965600739518,833.9245344760247,793.2001757283413,783.6739458081562,761.5300180895547,745.1761715546056,698.9447926201918,694.2343879637674,682.5634507220979,666.3142908178957,657.4783630304005,636.7704545946026,595.2392823921874,554.0218093706941,,,,,,,,,,,,,,,,,554.0218093706941,,#000000
2024-10-14 00:00:00+00:00,881.4854487189,886.846722157,878.0179978664,884.1504323741,1431497,0.0,0.0,0.0,0.0,0.0,0.0,0.0,0.0,,,,873.7292779660003,834.2251359116935,793.5612027224438,784.0437091577088,761.92007262799,745.5844738192745,699.3716939042816,694.6613537435511,682.9908375507124,666.7402129742215,657.9018886949601,637.1824558858999,595.5953393186097,554.2915635276286,,,,,,,,,,,,,,,,,554.2915635276286,,#000000
2024-10-15 00:00:00+00:00,886.2903449002,892.2741743714,881.2774016677,883.7937802864,1613905,0.0,0.0,0.0,0.0,0.0,0.0,0.0,0.0,,,,873.9516511805638,834.5909810249246,793.9852266844458,784.4762366939099,762.3731555940518,746.0569607070088,699.8623987389419,695.1518971128099,683.4813268447743,667.2283812193068,658.3870099356967,637.6537983050011,596.0019924128071,554.5993244106708,,,,,,,,,,,,,,,,,554.5993244106708,,#000000
2024-10-16 00:00:00+00:00,879.1275821392,883.0358946001,871.3209632899,881.6439607579,1475495,0.0,0.0,0.0,0.0,0.0,0.0,0.0,0.0,,,,874.011866682976,834.8652720527687,794.3330684610452,784.834749089765,762.7554207376488,746.4593364916451,700.2877750653745,695.5777030716563,683.9083822867037,667.654993287087,658.8117249670553,638.0680096124125,596.3615677467235,554.8727606657368,,,,,,,,,,,,,,,,,554.8727606657368,,#000000
2024-10-17 00:00:00+00:00,877.0570186301,887.0036490756,874.5901750236,883.2637556561,1321463,0.0,0.0,0.0,0.0,0.0,0.0,0.0,0.0,,,,874.0878593194558,835.1177206659125,794.648532055364,785.1594086777159,763.1007290827438,746.8223234807322,700.6707011258324,695.9609637994927,684.2926484167813,668.0387240531813,659.1936893771618,638.4404249497967,596.6847934029835,555.1185633317027,,,,,,,,,,,,,,,,,555.1185633317027,,#000000
2024-10-18 00:00:00+00:00,881.2873086702,882.3275439259,875.531340255,877.5226477446,1654015,0.0,0.0,0.0,0.0,0.0,0.0,0.0,0.0,,,,874.1828746620346,835.430867208239,795.0408689473593,785.5633527355893,763.530677934685,747.2744388842124,701.148133364992,696.438858854593,684.7718998584558,668.5174417349983,659.6702749428806,638.9052628206927,597.0885575244578,555.4258556811548,,,,,,,,,,,,,,,,,555.4258556811548,,#000000
2024-10-21 00:00:00+00:00,878.5232549906,883.1101971184,875.4818052429,880.7325165338,1184880,0.0,0.0,0.0,0.0,0.0,0.0,0.0,0.0,,,,874.2409012197749,835.6491165676923,795.3174788596546,785.8485437505499,763.8349514054999,747.5947864542073,701.4872964902156,696.7784223482048,685.112589471204,668.8579547680139,660.0093736799943,639.2362241919429,597.3764017603122,555.6451732073144,,,,,,,,,,,,,,,,,555.6451732073144,,#000000
2024-10-22 00:00:00+00:00,885.1807606274,886.5677409684,876.0861323914,882.6941030161,1189653,0.0,0.0,0.0,0.0,0.0,0.0,0.0,0.0,,,,874.3401473746361,835.883923480708,795.6051512757109,786.1440502181179,764.1482674790998,747.9235620035594,701.8333540699633,697.1247444515221,685.459731856842,669.2045263864657,660.3543223134767,639.5725398530128,597.6684736006955,555.8675050022424,,,,,,,,,,,,,,,,,555.8675050022424,,#000000
2024-10-23 00:00:00+00:00,890.8079380109,897.2573965965,886.6668109928,887.6872322436,2193473,0.0,0.0,0.0,0.0,0.0,0.0,0.0,0.0,,,,874.708906409026,836.3926579901366,796.1847671098985,786.734399469881,764.7650404325168,748.5656513829691,702.4994313885849,697.790620173713,686.1255640938482,669.8673179521576,661.013085131986,640.2129914267613,598.2223236828826,556.2878737673564,,,,,,,,,,,,,,,,,556.2878737673564,,#000000
2024-10-24 00:00:00+00:00,885.1114116104,895.0976700655,879.9993983535,893.1162695784,1649565,0.0,0.0,0.0,0.0,0.0,0.0,0.0,0.0,,,,874.8993415995855,836.7361324078275,796.5941775356893,787.1537246770094,765.2073974002517,749.0285367276765,702.984524250556,698.2759490769974,686.6117326631983,670.3523351452677,661.4956786924879,640.6832568476092,598.6306132051513,556.5987576379322,,,,,,,,,,,,,,,,,556.5987576379322,,#000000
2024-10-25 00:00:00+00:00,882.9318710745,893.2342619774,881.7232167774,887.3206731535,1425842,0.0,0.0,0.0,0.0,0.0,0.0,0.0,0.0,,,,875.0487181789385,837.0247365317854,796.9420806980745,787.5105636465298,765.5847663986353,749.4239191796286,703.4000171830382,698.6917379750244,687.0284537170239,670.7683354779859,661.909734650769,641.0870264842093,598.9816538504815,556.8663786655318,,,,,,,,,,,,,,,,,556.8663786655318,,#000000
2024-10-28 00:00:00+00:00,882.6742890112,887.6575112363,881.7232167774,887.6575112363,912507,0.0,0.0,0.0,0.0,0.0,0.0,0.0,0.0,,,,875.1255571630644,837.2003979618669,797.1584799205482,787.733098771397,765.8211571242163,749.6721720839362,703.6621125235354,698.9541148656855,687.291634579502,671.0313266238987,662.1716274068428,641.342686478723,599.2043428562625,557.0364112607756,,,,,,,,,,,,,,,,,557.0364112607756,,#000000
2024-10-29 00:00:00+00:00,878.7412090442,882.8823360623,865.9611759022,881.7232167774,1361681,0.0,0.0,0.0,0.0,0.0,0.0,0.0,0.0,,,,875.1348472050895,837.4148529494819,797.4492698245383,788.0353025443103,766.1479370629518,750.0185383923542,704.034186295506,699.3270700034014,687.666829579146,671.4075855743134,662.5469613850174,641.7104043882341,599.5265040272776,557.2834913350849,,,,,,,,,,,,,,,,,557.2834913350849,,#000000
2024-10-30 00:00:00+00:00,870.91467712,878.3250158719,869.2106727011,878.1368818956,1412209,0.0,0.0,0.0,0.0,0.0,0.0,0.0,0.0,,,,875.1048949221582,837.6173508001856,797.7369661754997,788.335748578849,766.4754503169538,750.3671115985342,704.4115641635191,699.7055642439444,688.048103014461,671.7905593835078,662.9292962896378,642.0856078558556,599.8561553205769,557.5368904026931,,,,,,,,,,,,,,,,,557.5368904026931,,"rgba(239, 83, 80, 1.0)"
2024-10-31 00:00:00+00:00,866.0503389241,869.4880687693,860.5717665771,869.0422536597,1771876,0.0,0.0,0.0,0.0,0.0,0.0,0.0,0.0,,,,874.9495903764983,837.8151057781856,798.0593466036922,788.6767508479164,766.8549648265218,750.7752440592712,704.8618417892218,700.1577971481512,688.5050745364255,672.251291612653,663.3900932792833,642.5395118207888,600.2573871952295,557.8467551698725,,,,,,,,,,,,,,,,,557.8467551698725,,"rgba(239, 83, 80, 1.0)"
2024-11-01 00:00:00+00:00,870.300442969,872.3844579359,860.4102007669,867.2847320497,1625161,0.0,0.0,0.0,0.0,0.0,0.0,0.0,0.0,,,,874.8450170175888,838.0091425283002,798.3624777647422,788.9962887230243,767.2086691590406,751.1545977354173,705.2785849274168,700.5762338374537,688.9276323304395,672.6770218006254,663.8157455414226,642.9585451773228,600.6275541576457,558.1325621524522,,,,,,,,,,,,,,,,,558.1325621524522,,"rgba(239, 83, 80, 1.0)"
2024-11-04 00:00:00+00:00,878.9904520654,879.9130215243,869.7250770699,874.2982439574,1577144,0.0,0.0,0.0,0.0,0.0,0.0,0.0,0.0,,,,874.8638501372156,838.248347683042,798.6899422947017,789.3371932969029,767.5784308949316,751.5471110110204,705.7020669186664,701.0008927116869,689.355236935004,673.1063574049847,664.2443024909866,643.3790532357119,600.9972226932497,558.4170329254149,,,,,,,,,,,,,,,,,558.4170329254149,,"rgba(239, 83, 80, 0.75)"
2024-11-05 00:00:00+00:00,883.0576937658,888.42446879,879.7121394647,880.9050316951,1622264,0.0,0.0,0.0,0.0,0.0,0.0,0.0,0.0,,,,874.987981607495,838.5394292508244,799.0563192446797,789.7152034662604,767.9823179716328,751.972497638542,706.1546004621657,701.4542242553962,689.8106663809044,673.562375535997,664.6988984584317,643.8239352686693,601.3867980008821,558.7160249350192,,,,,,,,,,,,,,,,,558.7160249350192,,#000000
2024-11-06 00:00:00+00:00,892.065146117,892.709952728,879.1987742013,891.1028962513,2437420,0.0,0.0,0.0,0.0,0.0,0.0,0.0,0.0,,,,875.2558366812336,839.0104068361879,799.6282935933406,790.3029762105595,768.606037068568,752.6270084242857,706.8464218835909,702.1469526240296,690.5058857619969,674.2576459770808,665.3916059767862,644.5010882101564,601.9789139064491,559.1700971568567,,,,,,,,,,,,,,,,,559.1700971568567,,#000000
2024-11-07 00:00:00+00:00,906.6278554247,912.1335118728,887.2241364833,891.4401797093,2145454,0.0,0.0,0.0,0.0,0.0,0.0,0.0,0.0,,,,875.7320279909457,839.5340269759813,800.2045299478186,790.8878914330581,769.2134756301974,753.2569919290495,707.4977729263079,702.7980855246584,691.1569126542558,674.9057670147151,666.0359262596597,645.1281298534835,602.5235022083734,559.5857209488322,,,,,,,,,,,,,,,,,559.5857209488322,,"rgba(38, 166, 154, 1.0)"
2024-11-08 00:00:00+00:00,936.2591992273,954.3137843364,906.449293594,906.6972961367,3277090,0.0,0.0,0.0,0.0,0.0,0.0,0.0,0.0,,,,877.2311178591685,840.6977492883506,801.3309855227596,792.0104031911662,770.3403285793204,754.4033166382611,708.6382573284592,703.9347858502991,692.2856442719254,676.0199960629478,667.1390544853117,646.1924919923165,603.43543658389,560.2747174574869,,,,,,,,,,,,,,,,,560.2747174574869,,"rgba(38, 166, 154, 1.0)"
2024-11-11 00:00:00+00:00,925.4264481619,943.6794353051,923.992993465,936.2591992273,2181815,0.0,0.0,0.0,0.0,0.0,0.0,0.0,0.0,,,,878.1632568340758,841.4456533818725,802.0629842553828,792.7410466144374,771.0759822112924,755.1528615913127,709.386771153366,704.6810563130382,693.0272267245392,676.75273460915,667.8648424725541,646.8935386603548,604.0373882710344,560.7304182097921,,,,,,,,,,,,,,,,,560.7304182097921,,"rgba(38, 166, 154, 1.0)"
2024-11-12 00:00:00+00:00,924.9304430765,932.053076103,919.5934283574,928.4719193863,1691807,0.0,0.0,0.0,0.0,0.0,0.0,0.0,0.0,,,,878.7911047221312,841.9819872902019,802.6009267785066,793.2799793525651,771.6223163545615,755.711641138788,709.9493834613085,705.2423589223414,693.5858629520797,677.3057742071063,668.4131654873105,647.4242779819135,604.4947930510386,561.0777601814809,,,,,,,,,,,,,,,,,561.0777601814809,,"rgba(38, 166, 154, 1.0)"
2024-11-13 00:00:00+00:00,926.2696568071,930.0987168655,915.8237897083,922.5694588699,1757645,0.0,0.0,0.0,0.0,0.0,0.0,0.0,0.0,,,,879.4061393886512,842.5223714253167,803.1482748027103,793.8291339740556,772.180481248433,756.2833338735974,710.5268545222759,705.8186418581109,694.1597633272874,677.8743695938739,668.9771363216095,647.970647524755,604.9664643487803,561.4364749768484,,,,,,,,,,,,,,,,,561.4364749768484,,"rgba(38, 166, 154, 1.0)"
2024-11-14 00:00:00+00:00,916.5082767262,923.7102705664,914.8035072476,919.5934283574,1859919,0.0,0.0,0.0,0.0,0.0,0.0,0.0,0.0,,,,879.9579118475143,843.0469085752411,803.6949631477343,794.3799250244004,772.7446008468486,756.86358652212,711.1182573871679,706.4092556928681,694.7489126155625,678.4592822846798,669.5578907723828,648.5345273825016,605.4551423787162,561.8093125575979,,,,,,,,,,,,,,,,,561.8093125575979,,"rgba(38, 166, 154, 1.0)"
2024-11-15 00:00:00+00:00,899.8226656528,913.1948635546,898.3260199081,910.4074141756,2269945,0.0,0.0,0.0,0.0,0.0,0.0,0.0,0.0,,,,880.3629540374925,843.5554258435075,804.2713357305572,794.9673906805431,773.3589496058992,757.5028057546227,711.7850989358698,707.0764246076518,695.417211348789,679.1262029115087,670.221753501104,649.1825726642078,606.0218333046106,562.2447505828501,,,,,,,,,,,,,,,,,562.2447505828501,,"rgba(38, 166, 154, 0.75)"
2024-11-18 00:00:00+00:00,912.1632721779,918.5418975764,899.8592708281,903.3641419627,1797786,0.0,0.0,0.0,0.0,0.0,0.0,0.0,0.0,,,,880.7592282678897,843.994372416736,804.7522197089729,795.4553352202952,773.8651404010628,758.0271325740581,712.3274826276662,707.618733780659,695.9596581890045,679.6665899792089,670.7592151657245,649.7063483496534,606.4787489033747,562.5952840414595,,,,,,,,,,,,,,,,,562.5952840414595,,"rgba(38, 166, 154, 0.75)"
2024-11-19 00:00:00+00:00,922.7182603955,926.5374995532,909.0384401398,920.5854385283,1690536,0.0,0.0,0.0,0.0,0.0,0.0,0.0,0.0,,,,881.2364334323132,844.4587948037,805.2397439467018,795.947078000635,774.3697719993542,758.5466570576262,712.8585113785405,708.1492043482084,696.489151503856,680.1927215329364,671.2818483637806,650.2143726721383,606.9201942006172,562.9330103410183,,,,,,,,,,,,,,,,,562.9330103410183,,"rgba(38, 166, 154, 0.75)"
2024-11-20 00:00:00+00:00,920.6647993419,921.3790466649,909.1773215637,917.6887688294,1452130,0.0,0.0,0.0,0.0,0.0,0.0,0.0,0.0,,,,881.6123086516619,844.840778623893,805.646639989004,796.3583638322553,774.79345346935,758.9837526199143,713.3073016282397,708.5976879595696,696.9371856058685,680.6383802189367,671.7247783170021,650.6454196979754,607.2955387926974,563.2206839894696,,,,,,,,,,,,,,,,,563.2206839894696,,"rgba(38, 166, 154, 0.75)"
2024-11-21 00:00:00+00:00,948.0145197516,950.8317294358,922.5694588699,927.5295097241,2320548,0.0,0.0,0.0,0.0,0.0,0.0,0.0,0.0,,,,882.5825775040954,845.6379796214108,806.4260181520931,797.1361204971297,775.5757995748094,759.7799063814235,714.102285868539,709.3903853658755,697.7250918291738,681.4172209391431,672.4964766425295,651.3916034415861,607.9386315224357,563.7097602031204,,,,,,,,,,,,,,,,,563.7097602031204,,"rgba(38, 166, 154, 0.75)"
2024-11-22 00:00:00+00:00,956.3077247798,968.4995297792,950.8616881429,955.0478718628,2078740,0.0,0.0,0.0,0.0,0.0,0.0,0.0,0.0,,,,883.6881359589191,846.4749528888494,807.2097350025795,797.9127464801456,776.3465506967113,760.5579784662682,714.8662365562224,710.1511061725587,698.478839540496,682.1593788295028,673.2304065009646,652.0983898497087,608.5438226837326,564.167775299184,,,,,,,,,,,,,,,,,564.167775299184,,"rgba(38, 166, 154, 1.0)"
2024-11-25 00:00:00+00:00,953.2126530468,967.2099165572,942.1021391335,967.2099165572,3240929,0.0,0.0,0.0,0.0,0.0,0.0,0.0,0.0,,,,885.2518314701094,847.7053404614792,808.3807245023368,799.076153532197,777.50676149946,761.7324035777737,716.0265758692584,711.3071540744721,699.6256919432833,683.290351470362,674.349725307378,653.1782013539006,609.4714504477142,564.8718335819666,,,,,,,,,,,,,,,,,564.8718335819666,,"rgba(38, 166, 154, 1.0)"
2024-11-26 00:00:00+00:00,963.7378809593,966.5849501495,953.2126530468,956.2978046781,1438037,0.0,0.0,0.0,0.0,0.0,0.0,0.0,0.0,,,,885.9919229843848,848.2776410642355,808.9190233457624,799.6099004357541,778.036941495051,762.2677572457296,716.5528706585721,711.8312957435027,700.1451852543637,683.8020668892542,674.8558872121276,653.6659480922916,609.8897868749718,565.1890241389456,,,,,,,,,,,,,,,,,565.1890241389456,,"rgba(38, 166, 154, 1.0)"
2024-11-27 00:00:00+00:00,953.8673797595,964.5215689942,950.9310296539,963.6982005524,1499464,0.0,0.0,0.0,0.0,0.0,0.0,0.0,0.0,,,,886.7007404020765,848.8434831454929,809.4589487240107,800.146503257468,778.5722992149323,762.8097013992543,717.0886618915627,712.3651481992913,700.6748826836781,684.3245564864593,675.3730681042953,654.165075407808,610.3190647038867,565.5152722418272,,,,,,,,,,,,,,,,,565.5152722418272,,"rgba(38, 166, 154, 1.0)"
2024-11-29 00:00:00+00:00,964.1148448242,965.4937389616,954.7800291167,960.3551262767,1095860,0.0,0.0,0.0,0.0,0.0,0.0,0.0,0.0,,,,887.2464783518941,849.272420672721,809.8644513667125,800.548883254354,778.9725210023357,763.2140881944872,717.486910930046,712.7618333825959,701.0681964860609,684.7121702052995,675.756574999448,654.5348595241979,610.6366667954354,565.756420833651,,,,,,,,,,,,,,,,,565.756420833651,,"rgba(38, 166, 154, 1.0)"
2024-12-02 00:00:00+00:00,967.2099165572,968.6979318134,957.0517324079,963.5989995354,1955774,0.0,0.0,0.0,0.0,0.0,0.0,0.0,0.0,,,,888.2376507410592,850.0491672283989,810.5963363212201,801.2747041093967,779.6935729253241,763.9420601764353,718.2027325284668,713.4747609955512,701.7748701909941,685.4083678843497,676.4452870762132,655.1987265512981,611.2066681366292,566.1891700268542,,,,,,,,,,,,,,,,,566.1891700268542,,"rgba(38, 166, 154, 1.0)"
2024-12-03 00:00:00+00:00,974.3027892786,975.1459979238,963.0037934329,966.9023934042,1653910,0.0,0.0,0.0,0.0,0.0,0.0,0.0,0.0,,,,889.1260632434444,850.7347757584208,811.2358002657134,801.9077576993279,780.3202763961896,764.573402520617,718.8207345321074,714.0900410388041,702.3842350267346,686.0080637838626,677.0382274466828,655.7696665263641,611.6961042060752,566.5603544542626,,,,,,,,,,,,,,,,,566.5603544542626,,"rgba(38, 166, 154, 1.0)"
2024-12-04 00:00:00+00:00,983.0027184767,983.230880816,969.7395424928,974.153987753,1784687,0.0,0.0,0.0,0.0,0.0,0.0,0.0,0.0,,,,890.1534987656345,851.5136535279906,811.9537470082104,802.6170483825209,781.0195834399873,765.2760914762756,719.5048623984216,714.7708555663669,703.057809307828,686.6700939799683,677.6923826895007,656.3987131421985,612.2342459015467,566.9678789918219,,,,,,,,,,,,,,,,,566.9678789918219,,"rgba(38, 166, 154, 1.0)"
2024-12-05 00:00:00+00:00,974.4119103974,982.2190304418,970.3843491038,978.776755149,2089430,0.0,0.0,0.0,0.0,0.0,0.0,0.0,0.0,,,,891.2872209644386,852.3924269960074,812.7715849471924,803.4262905823465,781.8197846593122,766.0814980287039,720.2920684993927,715.5545142588509,703.8337388211623,687.4334852863407,678.4470787290539,657.125269749,612.8571576732928,567.4405140615388,,,,,,,,,,,,,,,,,567.4405140615388,,"rgba(38, 166, 154, 1.0)"
2024-12-06 00:00:00+00:00,984.6792156654,989.7352931041,974.4119103974,974.4119103974,1737317,0.0,0.0,0.0,0.0,0.0,0.0,0.0,0.0,,,,892.2865160799093,853.1562287251858,813.475477384077,804.1215770648546,782.5049092784984,766.7695641856269,720.9614688420135,716.2206467570911,704.4927180908558,688.081098195352,679.0869663905456,657.740603910202,613.3838184920079,567.8396526864548,,,,,,,,,,,,,,,,,567.8396526864548,,"rgba(38, 166, 154, 1.0)"
2024-12-09 00:00:00+00:00,979.967167354,989.0440604171,972.6659724967,989.0440604171,1855470,0.0,0.0,0.0,0.0,0.0,0.0,0.0,0.0,,,,893.302555828803,853.9473688602678,814.2103569786597,804.84840893262,783.2228537985147,767.4915713832386,721.6661674507667,716.9221028412908,705.1870920904256,688.7640625104502,679.7620721975226,658.3904276737935,613.9410276502077,568.2626479063698,,,,,,,,,,,,,,,,,568.2626479063698,,"rgba(38, 166, 154, 1.0)"
2024-12-10 00:00:00+00:00,985.4629037004,987.040199872,978.0054672412,981.8222263735,1556751,0.0,0.0,0.0,0.0,0.0,0.0,0.0,0.0,,,,894.1653044803568,854.6188572936161,814.8327800059917,805.4637610328258,783.8301364479655,768.101905972169,722.2611585371382,717.514302785209,705.7731863596289,689.3403741005814,680.3316825049811,658.9385823897533,614.4109699783901,568.6194044036848,,,,,,,,,,,,,,,,,568.6194044036848,,"rgba(38, 166, 154, 1.0)"
2024-12-11 00:00:00+00:00,986.7425968208,999.7478501603,985.6513856329,987.0501199737,1903635,0.0,0.0,0.0,0.0,0.0,0.0,0.0,0.0,,,,895.2814913669141,855.475985635051,815.6199773912622,806.240737167667,784.5943891934317,768.8683964895267,723.0050460908857,718.254429493078,706.5050528386759,690.0592477602491,681.0418182477359,659.6212098580085,614.9952013104424,569.0623911393263,,,,,,,,,,,,,,,,,569.0623911393263,,"rgba(38, 166, 154, 1.0)"
2024-12-12 00:00:00+00:00,980.4929327445,994.4604359498,979.322360743,993.6767479149,2344334,0.0,0.0,0.0,0.0,0.0,0.0,0.0,0.0,,,,896.5375179356671,856.4709874130438,816.547139420704,807.1580744146067,785.5008758716624,769.7799647586962,723.8952473721918,719.1406039214767,707.3824216851469,690.9224021312573,681.8951680447485,660.442966619207,615.7008317739866,569.5989679342883,,,,,,,,,,,,,,,,,569.5989679342883,,"rgba(38, 166, 154, 0.75)"
2024-12-13 00:00:00+00:00,981.4452625085,998.636699568,958.0139822736,973.1619775821,2951921,0.0,0.0,0.0,0.0,0.0,0.0,0.0,0.0,,,,897.9761145172388,857.6505266761143,817.663266573486,808.2651647024295,786.6001068120936,770.8883725856795,724.9845915317718,720.2256156608033,708.4580135062049,691.9822796956922,682.9438726955043,661.4547013845507,616.5725923815211,570.2638920465371,,,,,,,,,,,,,,,,,570.2638920465371,,"rgba(38, 166, 154, 0.75)"
2024-12-16 00:00:00+00:00,984.9371383099,1000.1942547372,978.4890721995,981.1426994064,2581292,0.0,0.0,0.0,0.0,0.0,0.0,0.0,0.0,,,,899.3210328936931,858.7343805927156,818.6774891755083,809.2692159545139,787.5931349294722,771.887215553987,725.9611840507938,721.1979184669933,709.4209319744486,692.9299714155717,683.881013921963,662.3576981312972,617.3492781501188,570.8556210572378,,,,,,,,,,,,,,,,,570.8556210572378,,"rgba(38, 166, 154, 0.75)"
2024-12-17 00:00:00+00:00,974.2333485666,988.9547795017,972.9238951411,986.0581098029,2050219,0.0,0.0,0.0,0.0,0.0,0.0,0.0,0.0,,,,900.2532332749813,859.5222533345742,819.4312823089709,810.0181974577941,788.3391114997585,772.6406252675577,726.7047227479636,721.9387800426791,710.1559942318038,693.6551041613241,684.5989257104529,663.0512576475031,617.9486485071212,571.3141067305303,,,,,,,,,,,,,,,,,571.3141067305303,,"rgba(38, 166, 154, 0.75)"
2024-12-18 00:00:00+00:00,957.0318922045,977.7252243679,956.2978046781,974.153987753,2725300,0.0,0.0,0.0,0.0,0.0,0.0,0.0,0.0,,,,901.2281684388703,860.4236923245792,820.3288978982105,810.9158703103502,789.2442224147899,773.5612777490777,727.6278380250538,722.8597925451911,711.0726024414384,694.5628373879006,685.4993733027536,663.9248501216019,618.709262128036,571.899556110512,,,,,,,,,,,,,,,,,571.899556110512,,"rgba(38, 166, 154, 0.5)"
2024-12-19 00:00:00+00:00,947.1713111064,966.8527928957,945.8916179861,966.7238315735,2610843,0.0,0.0,0.0,0.0,0.0,0.0,0.0,0.0,,,,901.9838416627803,861.1874123116522,821.116892184185,811.7082957957425,790.0515239867506,774.3872812919785,728.4668741218052,723.6978199892786,711.9086935955831,695.3934224376379,686.3245872270661,664.7281901913029,619.4129691651615,572.4439658092612,,,,,,,,,,,,,,,,,572.4439658092612,,#000000
2024-12-20 00:00:00+00:00,946.4471436817,954.2556525404,935.5151915992,941.8045360823,5373797,0.0,0.0,0.0,0.0,0.0,0.0,0.0,0.0,,,,903.2431100545108,862.5890139919696,822.6145660118432,813.222410897766,791.6092037311936,775.9897265834276,730.1143544564029,725.344972209183,713.5558274176053,697.0344611367982,687.9574041022494,666.3228368283088,620.8180588728256,573.5364867308361,,,,,,,,,,,,,,,,,573.5364867308361,,"rgba(239, 83, 80, 1.0)"
2024-12-23 00:00:00+00:00,942.3203813711,946.6306655633,929.5135300657,946.2586617493,1856831,0.0,0.0,0.0,0.0,0.0,0.0,0.0,0.0,,,,903.6027077281018,863.0286965396821,823.0991703798394,813.7145814277648,792.1197674810032,776.517370033957,730.6623257091505,725.8932921343203,714.1051902815619,697.5831082390497,688.503965281006,666.8580433429156,621.291953631641,573.9065199202682,,,,,,,,,,,,,,,,,573.9065199202682,,"rgba(239, 83, 80, 1.0)"
2024-12-24 00:00:00+00:00,951.1591919932,951.7147176888,937.8960160092,943.1437498129,939029,0.0,0.0,0.0,0.0,0.0,0.0,0.0,0.0,,,,903.8189772510593,863.2705789410223,823.3582737295047,813.9766494249741,792.3895870195167,776.79502791802,730.9481806664377,726.1791338284567,714.3911274039447,697.8681223970933,688.7876280218028,667.1352678029372,621.5366609160083,574.097166881145,,,,,,,,,,,,,,,,,574.097166881145,,"rgba(239, 83, 80, 1.0)"
2024-12-26 00:00:00+00:00,948.5006047354,951.744477994,946.3777029698,949.1751716515,969936,0.0,0.0,0.0,0.0,0.0,0.0,0.0,0.0,,,,904.0501182183874,863.5247553794785,823.6289767946904,814.2502191372197,792.6708076722218,777.0841541592932,731.2453118935258,726.4762110626335,714.6882111314374,698.1641349176195,689.0821836019936,667.4230338287321,621.7905497921786,574.2949136570354,,,,,,,,,,,,,,,,,574.2949136570354,,"rgba(239, 83, 80, 1.0)"
2024-12-27 00:00:00+00:00,932.1919575269,942.8560668633,924.5535784126,941.1398892678,1943440,0.0,0.0,0.0,0.0,0.0,0.0,0.0,0.0,,,,904.3467123771607,863.9368307029741,824.1004394632578,814.7316082457173,793.175016731838,777.607966772471,731.7955331898037,727.0272965893855,715.24152319682,698.7182039995611,689.6348884975138,667.9658476993767,622.2737576197826,574.6739543064697,,,,,,,,,,,,,,,,,574.6739543064697,,"rgba(239, 83, 80, 1.0)"
2024-12-30 00:00:00+00:00,914.8416996392,926.7061412823,908.1853113929,923.5614690407,1881241,0.0,0.0,0.0,0.0,0.0,0.0,0.0,0.0,,,,904.4660004026549,864.2364791745306,824.4840165876908,815.1290288675011,793.60212175236,778.0578634669387,732.2815730142561,727.5151689696024,715.7338190150988,699.214212042157,690.1311743299968,668.4563828468888,622.7151440766789,575.0231259393421,,,,,,,,,,,,,,,,,575.0231259393421,,"rgba(239, 83, 80, 1.0)"
2024-12-31 00:00:00+00:00,908.9491592244,917.3504933612,905.2489612873,916.2701942852,1742939,0.0,0.0,0.0,0.0,0.0,0.0,0.0,0.0,,,,904.5201800112895,864.479270416896,824.8133612614535,815.4726393685218,793.9758227020849,778.4539671927123,732.7148688655311,727.9505188050939,716.1740787758267,699.6589850438816,690.5767856750217,668.898070794779,623.1144906886891,575.3402620275259,,,,,,,,,,,,,,,,,575.3402620275259,,"rgba(239, 83, 80, 1.0)"
2025-01-02 00:00:00+00:00,902.5407735209,918.3732558473,894.7931740867,907.6893063075,1767658,0.0,0.0,0.0,0.0,0.0,0.0,0.0,0.0,,,,904.5266201930285,864.694970458043,825.1243894526374,815.7993825766803,794.3353290502375,778.837310011069,733.1391763358453,728.3772229466327,716.6064775180263,700.0969090414866,691.0160738672054,669.3346257049512,623.5109500936666,575.6562265753821,,,,,,,,,,,,,,,,,575.6562265753821,,"rgba(239, 83, 80, 1.0)"
2025-01-03 00:00:00+00:00,909.2566823774,916.8257199808,903.7213648252,907.024659493,1614211,0.0,0.0,0.0,0.0,0.0,0.0,0.0,0.0,,,,904.5707057973833,864.9125614134108,825.4228602975415,816.1112583611914,794.6754280585567,779.1982946823077,733.5353611170548,728.7754004912554,717.0094096828491,700.5043139642461,691.4244254404845,669.7397904021128,623.8780437534637,575.9483407596966,,,,,,,,,,,,,,,,,575.9483407596966,,"rgba(239, 83, 80, 1.0)"
2025-01-06 00:00:00+00:00,915.3377047246,920.0000533264,905.973128712,910.6454966166,1970405,0.0,0.0,0.0,0.0,0.0,0.0,0.0,0.0,,,,904.6613470839247,865.1977342189014,825.8007641391729,816.5046131236131,795.1015968961136,779.6490986208119,734.0270321444755,729.2693206528669,717.5087164082672,701.008547289346,691.9295381277307,670.2403819972265,624.3308588821728,576.3083092085383,,,,,,,,,,,,,,,,,576.3083092085383,,"rgba(239, 83, 80, 1.0)"
2025-01-07 00:00:00+00:00,914.0084110957,923.8640321428,909.1078808518,916.4586762176,1887982,0.0,0.0,0.0,0.0,0.0,0.0,0.0,0.0,,,,904.7642109726435,865.478382717567,826.1675534023578,816.8858178180689,795.5135448452047,780.0842673166815,734.5005531378001,729.7449341772453,717.9893492296285,701.4937280862488,692.4154780494267,670.7218178895316,624.7662316372496,576.6544285658483,,,,,,,,,,,,,,,,,576.6544285658483,,"rgba(239, 83, 80, 1.0)"
2025-01-08 00:00:00+00:00,919.9604721206,923.0653647543,908.1009905284,915.6005874198,1774763,0.0,0.0,0.0,0.0,0.0,0.0,0.0,0.0,,,,904.8712125577667,865.7465579559386,826.51491017429,817.246476367675,795.9026555632345,780.4949527413114,734.9468110675917,730.1931254509709,718.4421824322791,701.9507482623695,692.8731723684521,671.175207826584,625.1762499176502,576.9804724837018,,,,,,,,,,,,,,,,,576.9804724837018,,"rgba(239, 83, 80, 0.75)"
2025-01-10 00:00:00+00:00,929.4540094555,936.7353641093,916.1213927595,925.9026130439,2765797,0.0,0.0,0.0,0.0,0.0,0.0,0.0,0.0,,,,905.1735769489298,866.2425383133627,827.1125219956572,817.8613853208461,796.5557131271019,781.1784281445971,735.6773791974283,730.9259475002801,719.1805081844266,702.6933526001447,693.6156406880642,671.9081860557642,625.8356107718994,577.5028304795397,,,,,,,,,,,,,,,,,577.5028304795397,,"rgba(239, 83, 80, 0.75)"
2025-01-13 00:00:00+00:00,917.3118049645,927.5195896223,913.6413673325,926.5374995532,1693763,0.0,0.0,0.0,0.0,0.0,0.0,0.0,0.0,,,,905.2901041474793,866.5034255741272,827.4463048386701,818.2075139461039,796.9283644838849,781.5712860276101,736.103618900462,731.3540044337741,719.6129323652007,703.1297169813615,694.0526362665898,672.3410984214206,626.227381449536,577.8147059925204,,,,,,,,,,,,,,,,,577.8147059925204,,"rgba(239, 83, 80, 0.75)"
2025-01-14 00:00:00+00:00,909.9014889884,920.3489433035,902.6479106193,916.9150008962,1683757,0.0,0.0,0.0,0.0,0.0,0.0,0.0,0.0,,,,905.3356590518395,866.7189313197274,827.7452232833826,818.5205040770993,797.2709706032888,781.9356145867998,736.5057798259057,731.7584163521626,720.0227002352585,703.5447428446374,694.4690137118898,672.7551630492745,626.6045120694166,578.116454538113,,,,,,,,,,,,,,,,,578.116454538113,,"rgba(239, 83, 80, 0.75)"
2025-01-15 00:00:00+00:00,916.1213927595,925.4165280602,910.9630390722,919.8513510018,1839386,0.0,0.0,0.0,0.0,0.0,0.0,0.0,0.0,,,,905.4413880895173,866.9863967721458,828.0947827744611,818.8840159841549,797.6642737405986,782.3513170578286,736.9593791132852,732.21416434494,720.4835918202914,704.0104621770669,694.9357270317037,673.218223044737,627.0248012838691,578.4519283958738,,,,,,,,,,,,,,,,,578.4519283958738,,"rgba(239, 83, 80, 0.75)"
2025-01-16 00:00:00+00:00,912.4013546189,919.9902324258,910.4867749892,917.3415652696,1352957,0.0,0.0,0.0,0.0,0.0,0.0,0.0,0.0,,,,905.4976157104238,867.1689606233504,828.3410054132988,819.1410554524313,797.9442292615666,782.6482442355782,737.2856728437571,732.5421854953407,720.8157320495791,704.3466018400989,695.2728428642714,673.5532514983222,627.3297647660845,578.6959321402672,,,,,,,,,,,,,,,,,578.6959321402672,,"rgba(239, 83, 80, 0.75)"
2025-01-17 00:00:00+00:00,935.6540730231,936.2591992273,917.1778835915,922.5694588699,2375012,0.0,0.0,0.0,0.0,0.0,0.0,0.0,0.0,,,,905.7644912441363,867.5897063928385,828.8467019660886,819.6614426192832,798.4970698061637,783.226872520024,737.9051570414239,733.1637138296652,721.4422362246308,704.977181966273,695.9035703325112,674.1766098274674,627.8921949853458,579.1430270558801,,,,,,,,,,,,,,,,,579.1430270558801,,"rgba(239, 83, 80, 0.75)"
2025-01-21 00:00:00+00:00,940.1577991987,948.9073289054,935.9615961761,937.697613975,2042443,0.0,0.0,0.0,0.0,0.0,0.0,0.0,0.0,,,,906.1018692406583,868.0159503381113,829.3287444236574,820.1533508847729,799.0118686898143,783.7612446881324,738.4677884358442,733.7274715870133,722.00883132543,705.5454032131148,696.4709217308381,674.7352757708542,628.3933288644574,579.5397130804408,,,,,,,,,,,,,,,,,579.5397130804408,,#000000
2025-01-22 00:00:00+00:00,937.1520083811,944.3341620179,931.7356328484,943.6248747457,2154991,0.0,0.0,0.0,0.0,0.0,0.0,0.0,0.0,,,,906.412410332733,868.4366540389151,829.8152457685808,820.6514161818031,799.5361655660417,784.307216880647,739.0466344159519,734.3078058986023,722.5928437566819,706.1320440292113,697.0571428721053,675.3135504900789,628.9137254411343,579.9527805227293,,,,,,,,,,,,,,,,,579.9527805227293,,#000000
2025-01-23 00:00:00+00:00,934.6323025472,935.8524750573,929.0026448277,934.1660577669,1352440,0.0,0.0,0.0,0.0,0.0,0.0,0.0,0.0,,,,906.5761788356913,868.6808276071474,830.1054857625202,820.9497076724924,799.8523543913046,784.6377229229523,739.3998643437807,734.6621733671063,722.9499842120725,706.4914519069329,697.4166233692457,675.6688615048911,629.2345969992209,580.2082183882158,,,,,,,,,,,,,,,,,580.2082183882158,,#000000
2025-01-24 00:00:00+00:00,932.1721173235,938.4816988141,926.0960550272,934.6323025472,1562422,0.0,0.0,0.0,0.0,0.0,0.0,0.0,0.0,,,,906.7564867761114,868.9566687767303,830.435814887745,821.2895629240387,800.213289757288,785.0153867221896,739.8044259701505,735.0681166033634,723.3592851111148,706.9035821020371,697.8289547582074,676.0766711804788,629.6033355894317,580.5020946235935,,,,,,,,,,,,,,,,,580.5020946235935,,#000000
2025-01-27 00:00:00+00:00,957.5378173916,959.2639150888,919.7720893892,922.5694588699,3044682,0.0,0.0,0.0,0.0,0.0,0.0,0.0,0.0,,,,907.2798944265246,869.5986857174111,831.1565576859008,822.0244303914993,800.9811661231582,785.8116683579561,740.6419814036847,735.9073367010493,724.202700506128,707.7494458131177,698.6735821910522,676.908642366658,630.3507264121546,581.0949211821678,,,,,,,,,,,,,,,,,581.0949211821678,,"rgba(38, 166, 154, 0.5)"
2025-01-28 00:00:00+00:00,951.0103904675,957.9941420702,946.442878038,954.1451426074,2166375,0.0,0.0,0.0,0.0,0.0,0.0,0.0,0.0,,,,907.7036498568507,870.0862929369506,831.6918224937024,822.5684047254696,801.546174348861,786.3955798374822,741.2519565838592,736.5182005743692,724.8158730117075,708.3634867047225,699.2862860888923,677.5112825482062,630.8909380739117,581.5228240283996,,,,,,,,,,,,,,,,,581.5228240283996,,"rgba(38, 166, 154, 0.5)"
2025-01-29 00:00:00+00:00,956.3176448815,960.5207919753,947.3697131406,950.1473416189,1713749,0.0,0.0,0.0,0.0,0.0,0.0,0.0,0.0,,,,908.0550152689173,870.4815816380915,832.1221127398275,823.0051556184211,801.9987720175473,786.8626944545114,741.7386550242126,737.0055132302134,725.3048084855141,708.8528504692151,699.774459807233,677.9911984733251,631.3208743884001,581.8632889422089,,,,,,,,,,,,,,,,,581.8632889422089,,"rgba(38, 166, 154, 1.0)"
2025-01-30 00:00:00+00:00,971.1878773422,978.8660360644,962.3465866947,962.5474687543,1788180,0.0,0.0,0.0,0.0,0.0,0.0,0.0,0.0,,,,908.5403415186272,870.968014756844,832.6262980564998,823.5130080684116,802.5175547495896,787.3937177124901,742.2822540880934,737.5490203338748,725.8483330495584,709.3946246149785,700.3138192137882,678.5191545040173,631.7904904004199,582.2331556846987,,,,,,,,,,,,,,,,,582.2331556846987,,"rgba(38, 166, 154, 1.0)"
2025-01-31 00:00:00+00:00,972.0509261908,983.0820792904,967.9836844904,968.440009169,1875713,0.0,0.0,0.0,0.0,0.0,0.0,0.0,0.0,,,,909.0701704187752,871.4912919525393,833.1648097386255,824.05481210917,803.0697951465023,787.9582346785016,742.8585670125975,738.1251129675278,726.424159724081,709.9682488190267,700.8847197150415,679.0776555663856,632.2868760799907,582.6239321787101,,,,,,,,,,,,,,,,,582.6239321787101,,"rgba(38, 166, 154, 1.0)"
2025-02-03 00:00:00+00:00,997.7935901238,1001.5438845746,961.1983349219,964.6158099604,2751018,0.0,0.0,0.0,0.0,0.0,0.0,0.0,0.0,,,,909.9775115318429,872.3411409309065,834.0163732550645,824.9078037189919,803.9318589556975,788.8350335547603,743.7439198634252,739.00933103918,727.3061291502388,710.844554341559,701.7557346643051,679.9274171823603,633.0387549893212,583.2138619439239,,,,,,,,,,,,,,,,,583.2138619439239,,"rgba(38, 166, 154, 1.0)"
2025-02-04 00:00:00+00:00,1013.6955131622,1016.1656184875,991.6629672681,997.3670257503,2001641,0.0,0.0,0.0,0.0,0.0,0.0,0.0,0.0,,,,910.7956100210519,873.0600569062058,834.7116970528666,825.6000550094683,804.6231805465136,789.5331503329343,744.4376081735884,739.7011969374754,727.9940767702025,711.5253836916644,702.4311125193044,680.5835192410933,633.6151400851887,583.6635782656388,,,,,,,,,,,,,,,,,583.6635782656388,,"rgba(38, 166, 154, 1.0)"
2025-02-05 00:00:00+00:00,1034.547566953,1034.7558890888,1011.8503742444,1011.8503742444,2050058,0.0,0.0,0.0,0.0,0.0,0.0,0.0,0.0,,,,911.7892251492608,873.8964123583355,835.4994860130262,826.3806392287237,805.3953704742003,790.3084190848715,745.1977616291339,740.4584908185966,728.745082886488,712.2661081034606,703.164652498295,681.2935011252124,634.2349418480086,584.1447553577428,,,,,,,,,,,,,,,,,584.1447553577428,,"rgba(38, 166, 154, 1.0)"
2025-02-06 00:00:00+00:00,1042.5927694384,1054.50681159,1035.8570203785,1041.6106793693,2218045,0.0,0.0,0.0,0.0,0.0,0.0,0.0,0.0,,,,913.0035188955993,874.8920043783526,836.4207751195728,827.2904908793611,806.2894360038447,791.202301296859,746.0657169214915,741.322453172211,729.6001809942579,713.1073700827418,703.9966897125707,682.0965903575237,634.9327176591324,584.6844375163669,,,,,,,,,,,,,,,,,584.6844375163669,,"rgba(38, 166, 154, 1.0)"
2025-02-07 00:00:00+00:00,1036.62086821,1049.4320208143,1028.3780335886,1039.7888974199,1632854,0.0,0.0,0.0,0.0,0.0,0.0,0.0,0.0,,,,913.8419449949862,875.5910820036623,837.0738289857303,827.936534092357,806.9263894985876,791.8403823857433,746.6883028687411,741.9424429936524,730.2144278205991,713.7124653415101,704.5955526932944,682.6754916585064,635.43715681264,585.0755992019701,,,,,,,,,,,,,,,,,585.0755992019701,,"rgba(38, 166, 154, 1.0)"
2025-02-10 00:00:00+00:00,1054.6061374863,1055.6786990997,1038.7957848149,1044.7544604448,2036894,0.0,0.0,0.0,0.0,0.0,0.0,0.0,0.0,,,,914.9679475939239,876.51616370417,837.9290298457835,828.7808853309645,807.7555105889593,792.6688546718028,747.4918632671929,742.742240806329,731.0058585841963,714.4908968972858,705.3653627906065,683.4183836396306,636.0826468481343,585.57502165127,,,,,,,,,,,,,,,,,585.57502165127,,"rgba(38, 166, 154, 1.0)"
2025-02-11 00:00:00+00:00,1051.0507943604,1058.6579376034,1041.8148471341,1052.6099811503,1748505,0.0,0.0,0.0,0.0,0.0,0.0,0.0,0.0,,,,915.9254971237128,877.3061613229903,838.6604823749414,829.5032318962955,808.4651186705728,793.3780345982582,748.1801110951352,743.4273051558397,731.6838433512503,715.1578608713543,706.0250031804806,684.0551127120075,636.6362320056998,586.0036295863222,,,,,,,,,,,,,,,,,586.0036295863222,,"rgba(38, 166, 154, 1.0)"
2025-02-12 00:00:00+00:00,1057.7840978222,1059.6511495196,1043.7615464624,1046.8896525455,1662315,0.0,0.0,0.0,0.0,0.0,0.0,0.0,0.0,,,,916.8448957884212,878.0644523183263,839.3617400856339,830.1955765432193,809.1448474651173,794.0570580104894,748.8384875624388,744.0825873124511,732.3322369351816,715.7955704946222,706.6556418700646,684.6637187051066,637.1652489620195,586.4132012748167,,,,,,,,,,,,,,,,,586.4132012748167,,"rgba(38, 166, 154, 1.0)"
2025-02-13 00:00:00+00:00,1069.4432398048,1070.8087696366,1057.3173348979,1059.6610806457,1623281,0.0,0.0,0.0,0.0,0.0,0.0,0.0,0.0,,,,917.809420583963,878.849347270191,840.0806128910524,830.9039966150706,809.8377121420574,794.7475271945883,749.5041290070656,744.7447673906925,732.9866806008149,716.4382504417455,707.2907037272706,685.2755630754909,637.6955480984582,586.8228224045776,,,,,,,,,,,,,,,,,586.8228224045776,,"rgba(38, 166, 154, 1.0)"
2025-02-14 00:00:00+00:00,1064.4677456538,1070.0689007459,1060.6541932506,1069.0658570149,1410728,0.0,0.0,0.0,0.0,0.0,0.0,0.0,0.0,,,,918.6331309498638,879.5232890032452,840.699479440818,831.5141399214679,810.4349671062371,795.3429967295202,750.0789009279041,745.3166164411664,733.5519991446821,716.9936011897418,707.8395730843388,685.8045949716918,638.154493861741,587.1776513163154,,,,,,,,,,,,,,,,,587.1776513163154,,"rgba(38, 166, 154, 1.0)"
2025-02-18 00:00:00+00:00,1048.7567042429,1063.6235999395,1038.0410192351,1061.8459283766,2090589,0.0,0.0,0.0,0.0,0.0,0.0,0.0,0.0,,,,919.7143080918934,880.4334839548969,841.5497703982562,832.3550970918469,811.2633571792913,796.1720695268785,750.8866553308707,746.1209306546915,734.3486732513735,717.7781960171342,708.6160144736272,686.5551322410096,638.8090945844426,587.6861227948957,,,,,,,,,,,,,,,,,587.6861227948957,,"rgba(38, 166, 154, 0.75)"
2025-02-19 00:00:00+00:00,1055.2218673014,1055.8574593686,1045.7475730498,1048.7864976211,1349634,0.0,0.0,0.0,0.0,0.0,0.0,0.0,0.0,,,,920.4141697502415,881.0232715754853,842.1006216829601,832.8998599437549,811.7998644419755,796.7089149363334,751.40952039439,746.6415567818003,734.8643236915823,718.2859929671417,709.1185202200301,687.0408565431329,639.2327732022354,588.015299761918,,,,,,,,,,,,,,,,,588.015299761918,,"rgba(38, 166, 154, 0.75)"
2025-02-20 00:00:00+00:00,1027.7027170172,1046.383165117,1026.7294666643,1046.383165117,2000545,0.0,0.0,0.0,0.0,0.0,0.0,0.0,0.0,,,,921.2930989783747,881.7955915933181,842.8397983693199,833.6341050426612,812.5293386093028,797.4427132267972,752.1333384779696,747.3630807297222,735.58081681335,718.9939448601566,709.8203007590326,687.7217865492689,639.8308759461651,588.4827891237646,,,,,,,,,,,,,,,,,588.4827891237646,,"rgba(38, 166, 154, 0.75)"
2025-02-21 00:00:00+00:00,1027.9013395382,1029.0731131008,1017.6227233879,1027.4792666811,1816308,0.0,0.0,0.0,0.0,0.0,0.0,0.0,0.0,,,,922.0181647132414,882.4500670173288,843.4754577231674,834.2671624613033,813.161472167085,798.080498563605,752.7669847734875,747.9951170347554,736.2093667636865,719.6161729940216,710.4377012587331,688.3221319639317,640.3603113436409,588.8980604320742,,,,,,,,,,,,,,,,,588.8980604320742,,"rgba(38, 166, 154, 0.75)"
2025-02-24 00:00:00+00:00,1028.4674137231,1031.0346098069,1018.1589048833,1021.4560387319,1759749,0.0,0.0,0.0,0.0,0.0,0.0,0.0,0.0,,,,922.7179150274874,883.0829828258384,844.0905464561206,834.8797869353884,813.773279063624,798.697788239331,753.3803913376366,748.6069807066184,736.8178896266218,720.2186242846905,711.0355079255447,688.90350605162,640.87323224804,589.3005879621844,,,,,,,,,,,,,,,,,589.3005879621844,,"rgba(38, 166, 154, 0.75)"
2025-02-25 00:00:00+00:00,1048.3892525791,1049.7398857218,1030.3129148769,1033.5620813866,2083802,0.0,0.0,0.0,0.0,0.0,0.0,0.0,0.0,,,,923.6683923615017,883.9132478628843,844.8808787876686,835.6640189863156,814.5506650762497,799.4785778627652,754.1480995100446,749.3720605819424,737.5771743275383,720.9682937270107,711.7783760088455,689.6238051051246,641.505469545061,589.7947252057132,,,,,,,,,,,,,,,,,589.7947252057132,,"rgba(38, 166, 154, 0.75)"
2025-02-26 00:00:00+00:00,1024.862414967,1051.5970062932,1023.084743404,1042.9072709995,1555684,0.0,0.0,0.0,0.0,0.0,0.0,0.0,0.0,,,,924.3116500173511,884.4902500572323,845.438307658404,836.2186034614402,815.1032525638572,800.0352897137739,754.699553120473,749.9219849856879,738.1237628343367,721.5090167820604,712.3147317958573,690.145029184291,641.964879226615,590.1550978941883,,,,,,,,,,,,,,,,,590.1550978941883,,"rgba(38, 166, 154, 0.5)"
2025-02-27 00:00:00+00:00,1014.6730796398,1035.3495847643,1011.8101346222,1026.8784335551,1629074,0.0,0.0,0.0,0.0,0.0,0.0,0.0,0.0,,,,924.9003562916374,885.0390315505657,845.9796592430225,836.7591705987265,815.645739644014,800.5841496219033,755.2487290068116,750.4701180003374,738.6696814769613,722.0504881164421,712.8525461043791,690.6692105722915,642.4293870497476,590.5211541162647,,,,,,,,,,,,,,,,,590.5211541162647,,#000000
2025-02-28 00:00:00+00:00,1041.3878087139,1042.1525054198,1016.9373763792,1023.5117818242,3307117,0.0,0.0,0.0,0.0,0.0,0.0,0.0,0.0,,,,926.2315045811258,886.2441636908036,847.1487196988503,837.9230732038725,816.8069214558736,801.7547525380821,756.4104231958268,751.6287977952107,739.8218039582754,723.1908670131431,713.9840482022234,691.769578384521,643.4008696980408,591.284558310146,,,,,,,,,,,,,,,,,591.284558310146,,"rgba(38, 166, 154, 0.5)"
2025-03-03 00:00:00+00:00,1039.6399305291,1058.6580369146,1033.9692575547,1044.4962511675,2422451,0.0,0.0,0.0,0.0,0.0,0.0,0.0,0.0,,,,927.2803428603233,887.1772146147969,848.0440167435718,838.8126492436375,817.6908708676549,802.6436442487435,757.2875314397522,752.5032064917925,740.6902778354395,724.0492504955797,714.835135407288,692.5959772692789,644.1286672130026,591.8554413553708,,,,,,,,,,,,,,,,,591.8554413553708,,"rgba(38, 166, 154, 0.5)"
2025-03-04 00:00:00+00:00,1029.7286667314,1040.7124921425,1021.6447301268,1038.5276444116,2536792,0.0,0.0,0.0,0.0,0.0,0.0,0.0,0.0,,,,928.2351940393143,888.0601545459373,848.909427744904,839.6757741343845,818.5548740908167,803.5162779958216,758.1576969040538,753.3714960576435,741.5545304575021,724.9058275626896,715.6856380192327,693.4244185794373,644.8625605425411,592.4340691661997,,,,,,,,,,,,,,,,,592.4340691661997,,#000000
2025-03-05 00:00:00+00:00,1040.5337318736,1043.7414855877,1021.4163142277,1025.9647699585,1898604,0.0,0.0,0.0,0.0,0.0,0.0,0.0,0.0,,,,928.9694979313838,888.7346815319495,849.567803611367,840.3319136362816,819.2106718156598,804.1779748238308,758.8161141363094,754.0283789414054,742.2080906246998,725.553250262249,716.3283077575932,694.0500968526532,645.4164404651215,592.8706036243474,,,,,,,,,,,,,,,,,592.8706036243474,,"rgba(38, 166, 154, 0.5)"
2025-03-06 00:00:00+00:00,1019.5492625303,1038.6865424284,1012.035769806,1025.8356653198,2594563,0.0,0.0,0.0,0.0,0.0,0.0,0.0,0.0,,,,929.8471225205849,889.5730401781858,850.4032901675811,841.1675938870552,820.051836169859,805.0302426813341,759.6726224956656,754.8836330994163,743.0607348733491,726.4000732891006,717.1700271956394,694.8719705299678,646.1479674496742,593.4498807908127,,,,,,,,,,,,,,,,,593.4498807908127,,#000000
2025-03-07 00:00:00+00:00,957.6684161136,995.5159374896,936.2867017283,988.2960088514,5510718,0.0,0.0,0.0,0.0,0.0,0.0,0.0,0.0,,,,930.491761870785,890.5331490890512,851.5425274683068,842.3388373009097,821.2929552153512,806.3251034541171,761.0620265887799,756.2786004534772,744.469041017854,727.8210835739462,718.5937616942474,696.2863336025433,647.4456373575822,594.5033505173843,,,,,,,,,,,,,,,,,594.5033505173843,,"rgba(239, 83, 80, 1.0)"
2025-03-10 00:00:00+00:00,927.9743492246,953.0504425005,917.6658403848,948.8893006856,4444706,0.0,0.0,0.0,0.0,0.0,0.0,0.0,0.0,,,,930.5287266174257,890.9743330555046,852.2001460568346,843.0347210056426,822.0682110402223,807.1555858431769,762.0031755601947,757.2275889801124,745.4364914511789,728.8090596479675,719.589528256266,697.2881558096633,648.3849882298631,595.2792833825768,,,,,,,,,,,,,,,,,595.2792833825768,,"rgba(239, 83, 80, 1.0)"
2025-03-11 00:00:00+00:00,924.081347813,931.5396234765,914.8553317127,924.5878352416,3204869,0.0,0.0,0.0,0.0,0.0,0.0,0.0,0.0,,,,930.4516012766175,891.2166950420058,852.6132669026151,843.4780672768483,822.5736901668703,807.7033921333544,762.638426550692,757.8692605383583,746.0932439328978,729.482999863598,720.2704016675268,697.9766497254246,649.0362201703642,595.8210439924666,,,,,,,,,,,,,,,,,595.8210439924666,,"rgba(239, 83, 80, 1.0)"
2025-03-12 00:00:00+00:00,920.69483383,937.8756818963,916.8912125529,931.5396234765,2331610,0.0,0.0,0.0,0.0,0.0,0.0,0.0,0.0,,,,930.4096914730615,891.3997228379018,852.9178014386297,843.8041883548149,822.9442858694734,808.1043754283928,763.1021957064104,758.3376393723566,746.57245632663,729.97455558256,720.7669282742571,698.4785874065602,649.510928048837,596.2160569733264,,,,,,,,,,,,,,,,,596.2160569733264,,"rgba(239, 83, 80, 1.0)"
2025-03-13 00:00:00+00:00,884.4859482523,917.1394907042,881.3576435465,915.6498217967,3447210,0.0,0.0,0.0,0.0,0.0,0.0,0.0,0.0,,,,929.9925520260092,891.4228845343553,853.1732384634662,844.100694918882,823.3235417602003,808.5374087246291,763.6535220033769,758.8982561359996,747.154784170183,730.5827273851122,721.3865770785737,699.1162662569761,650.131629415863,596.7437697305469,,,,,,,,,,,,,,,,,596.7437697305469,,"rgba(239, 83, 80, 1.0)"
2025-03-14 00:00:00+00:00,897.6943458986,900.7034770917,875.4883480511,885.6677522522,3186406,0.0,0.0,0.0,0.0,0.0,0.0,0.0,0.0,,,,929.5833979992727,891.421959062347,853.3893715648686,844.355329773331,823.6557190319504,808.9198179594753,764.1473022146982,759.4008522342722,747.6779810306956,731.130561159869,721.9454492415864,699.6929197049658,650.69548821438,597.2249451270551,,,,,,,,,,,,,,,,,597.2249451270551,,"rgba(239, 83, 80, 1.0)"
2025-03-17 00:00:00+00:00,910.2969448558,917.0301490064,891.8152185883,895.4201180331,2256059,0.0,0.0,0.0,0.0,0.0,0.0,0.0,0.0,,,,929.4109908988861,891.4984470076414,853.6012363491812,844.5913710637067,823.9409699877101,809.2376370150761,764.535813618656,759.7948394778557,748.084797003195,731.5525098914911,722.3739777999384,700.1310984354322,651.118054692149,597.5821083627011,,,,,,,,,,,,,,,,,597.5821083627011,,"rgba(239, 83, 80, 1.0)"
2025-03-18 00:00:00+00:00,891.8647749073,911.2404018306,890.6581430922,906.7118083518,2182005,0.0,0.0,0.0,0.0,0.0,0.0,0.0,0.0,,,,929.1863005589048,891.5300533052985,853.7719550269512,844.786938836639,824.186873378474,809.51646069654,764.8872683383368,760.1520146333856,748.4553585948559,731.9390260300045,722.7675821066425,700.535820058041,651.5119234092526,597.9173217358593,,,,,,,,,,,,,,,,,597.9173217358593,,"rgba(239, 83, 80, 1.0)"
2025-03-19 00:00:00+00:00,897.8234505372,903.8913685537,889.8288940671,896.6416465373,1908521,0.0,0.0,0.0,0.0,0.0,0.0,0.0,0.0,,,,928.9877956682353,891.554273302629,853.9177174616284,844.9544571597045,824.3984750656286,809.7568751963001,765.191456943765,760.4612422010733,748.7763790132296,732.2741279069767,723.1089612007747,700.8871381424108,651.8543656150916,598.2091863212727,,,,,,,,,,,,,,,,,598.2091863212727,,"rgba(239, 83, 80, 1.0)"
2025-03-20 00:00:00+00:00,889.2330265041,901.2298267723,887.9419801176,895.2910133945,1891797,0.0,0.0,0.0,0.0,0.0,0.0,0.0,0.0,,,,928.7666843037592,891.559549915125,854.0467107809039,845.1056174697757,824.5944665730194,809.9820118666361,765.4816433099473,760.7566109611622,749.0838711965175,732.5961685734106,723.4375519104769,701.2263988630085,652.1868232237716,598.4937022392747,,,,,,,,,,,,,,,,,598.4937022392747,,"rgba(239, 83, 80, 1.0)"
2025-03-21 00:00:00+00:00,902.9975672092,903.5040546377,877.871818303,882.6288276809,3447576,0.0,0.0,0.0,0.0,0.0,0.0,0.0,0.0,,,,928.3925180723833,891.584272413777,854.2915536428485,845.3900358735726,824.9590990379058,810.3989539364608,766.0153043355529,761.299567921268,749.6485865453786,733.1869858341336,724.0401044598868,701.8479753554593,652.7953245030941,599.0142834740973,,,,,,,,,,,,,,,,,599.0142834740973,,"rgba(239, 83, 80, 0.75)"
2025-03-24 00:00:00+00:00,919.6619967208,922.2540206199,913.6635965867,913.6635965867,2208062,0.0,0.0,0.0,0.0,0.0,0.0,0.0,0.0,,,,928.3234172171678,891.7156387198507,854.5378284028551,845.6571950174886,825.2693538120739,810.738346003807,766.4173615621255,761.7064305981306,750.0667461043497,733.6183750360777,724.47713464596,702.2926981506985,653.2215170430085,599.3734179621449,,,,,,,,,,,,,,,,,599.3734179621449,,"rgba(239, 83, 80, 0.75)"
2025-03-25 00:00:00+00:00,923.8529319139,925.868950502,916.1364469731,920.2479331578,1622981,0.0,0.0,0.0,0.0,0.0,0.0,0.0,0.0,,,,928.2907886181313,891.8236176583778,854.727273997574,845.8614971573128,825.5044203075207,810.9943387698318,766.7181608342693,762.0106492564286,750.3790102587618,733.9400302723301,724.8027621704284,702.6235793304396,653.5379428945434,599.639704789992,,,,,,,,,,,,,,,,,599.639704789992,,"rgba(239, 83, 80, 0.75)"
2025-03-26 00:00:00+00:00,923.3464444853,932.9449771238,917.0898350739,927.8949002162,1646854,0.0,0.0,0.0,0.0,0.0,0.0,0.0,0.0,,,,928.2709849123721,891.941453324474,854.9255511180315,846.0744842731352,825.7479502648324,811.2587385487591,767.0271091117916,762.322985705388,750.6993241393778,734.2696339916239,725.1362723928854,702.9621372335557,653.8612549390074,599.9115582484858,,,,,,,,,,,,,,,,,599.9115582484858,,"rgba(239, 83, 80, 0.75)"
2025-03-27 00:00:00+00:00,932.2844579302,936.4095497575,921.6084974266,923.1577530904,1546989,0.0,0.0,0.0,0.0,0.0,0.0,0.0,0.0,,,,928.2798289238934,892.0704362374211,855.1258055438111,846.2878282038866,825.9886324954482,811.5183045915879,767.3265806588294,762.625458735812,751.0088746919693,734.5873648936032,725.457381898876,703.2872996792972,654.1705751547628,600.1709432957779,,,,,,,,,,,,,,,,,600.1709432957779,,"rgba(239, 83, 80, 0.75)"
2025-03-28 00:00:00+00:00,923.2570643509,932.2844579302,919.6222722166,931.043067174,2100487,0.0,0.0,0.0,0.0,0.0,0.0,0.0,0.0,,,,928.2588014735401,892.2211248558616,855.3778214024579,846.5584395280564,826.2979032740765,811.8540105312743,767.7188926982875,763.0220900157374,751.4156788038994,735.0060378648424,725.8810627024093,703.7175252155805,654.5817994514866,600.5171054785718,,,,,,,,,,,,,,,,,600.5171054785718,,"rgba(239, 83, 80, 0.75)"
2025-03-31 00:00:00+00:00,939.2660395433,988.1470419606,915.6927242612,916.0073423345,3101963,0.0,0.0,0.0,0.0,0.0,0.0,0.0,0.0,,,,928.4442174941724,892.5929289712269,855.8665844289751,847.0690146179347,826.8550460467413,812.4446217407152,768.3775790837589,763.6856739091148,752.0908781186866,735.6942508602955,726.5742395722776,704.4145286575434,655.2374691279211,601.062544602526,,,,,,,,,,,,,,,,,601.062544602526,,"rgba(239, 83, 80, 0.75)"
2025-04-01 00:00:00+00:00,947.8266701982,951.1273792522,932.2844579302,935.9291811905,2041507,0.0,0.0,0.0,0.0,0.0,0.0,0.0,0.0,,,,928.5396562754944,892.8175485300789,856.1717074208079,847.3891394229221,827.2070272460484,812.8192425608759,768.7989537216114,764.1104726653308,752.5237855968055,736.1363563350814,727.0199649258391,704.8636580333925,655.6615744678074,601.4164965862556,,,,,,,,,,,,,,,,,601.4164965862556,,#000000
2025-04-02 00:00:00+00:00,958.4331128195,964.2030970544,943.4570740476,944.2911893245,1719896,0.0,0.0,0.0,0.0,0.0,0.0,0.0,0.0,,,,928.6798696341241,893.0480786827485,856.4610081710252,847.6895127183282,827.5313165377678,813.1610513988229,769.1758492040394,764.4898437387444,752.9090464774598,736.5281206365738,727.4141091485459,705.2590662221875,656.032271845487,601.7242224124338,,,,,,,,,,,,,,,,,601.7242224124338,,"rgba(38, 166, 154, 0.5)"
2025-04-03 00:00:00+00:00,960.4193380294,974.5930411278,921.6084974266,924.66728425,3096918,0.0,0.0,0.0,0.0,0.0,0.0,0.0,0.0,,,,928.8992413456964,893.4381076045817,856.9612072539903,848.2104473583064,828.0968050040791,813.7588368260383,769.8392334545625,765.157936475639,753.588324318458,737.2199014791296,728.1106185197535,705.9589675389258,656.690441592006,602.2720442796735,,,,,,,,,,,,,,,,,602.2720442796735,,"rgba(38, 166, 154, 0.5)"
2025-04-04 00:00:00+00:00,910.1678402172,957.8769697607,907.8439567215,948.4225377612,5166988,0.0,0.0,0.0,0.0,0.0,0.0,0.0,0.0,,,,928.844049044525,893.7847279667404,857.5516865927608,848.8461881337481,828.8268330792705,814.553185942394,770.7736489167224,766.1032256288089,754.5592369208675,738.2210189610688,729.1247357798931,706.9912603574699,657.6826568524401,603.1122477271109,,,,,,,,,,,,,,,,,603.1122477271109,,#000000
2025-04-07 00:00:00+00:00,901.8753499655,931.3608632076,865.7012233289,881.6357150759,4626591,0.0,0.0,0.0,0.0,0.0,0.0,0.0,0.0,,,,928.4489738417291,893.841276930938,857.8748774375396,849.2185750953261,829.299916979712,815.0923807731783,771.4635412034327,766.8053651087205,755.2901190691736,738.9867561060992,729.9063982319053,707.7997361357947,658.4803379167569,603.8012752882918,,,,,,,,,,,,,,,,,603.8012752882918,,"rgba(239, 83, 80, 1.0)"
2025-04-08 00:00:00+00:00,902.4910797806,936.4902898123,893.3743060669,925.6306034768,3545403,0.0,0.0,0.0,0.0,0.0,0.0,0.0,0.0,,,,928.2677018941698,893.9656329062165,858.1843591217857,849.5624901561689,829.7149233815667,815.554798020569,772.0327445257547,767.383146506895,755.8880734558877,739.6089953984894,730.5395539422398,708.450409241742,659.116128998996,604.3469204221215,,,,,,,,,,,,,,,,,604.3469204221215,,"rgba(239, 83, 80, 1.0)"
2025-04-09 00:00:00+00:00,958.542355206,960.7967208193,891.4873921174,901.7462453269,5084527,0.0,0.0,0.0,0.0,0.0,0.0,0.0,0.0,,,,928.3935161058572,894.4132648292269,858.8395155436496,850.2569317073139,830.492431576407,816.3902349059862,772.9933430998714,768.3533781192112,756.881089122523,740.6286971551543,731.5705290717927,709.495999232268,660.116543523762,605.1925690674598,,,,,,,,,,,,,,,,,605.1925690674598,,#000000
2025-04-10 00:00:00+00:00,957.6684161136,986.568489475,936.4006117441,959.8433327186,4209053,0.0,0.0,0.0,0.0,0.0,0.0,0.0,0.0,,,,928.7710225818483,894.9757562765677,859.532824977378,850.9756000997629,831.2664331311397,817.2050008218024,773.891788067949,769.2578988538669,757.8000959757361,741.5640025528945,732.5120516821648,710.4421614641758,661.0084275900825,605.9382402792758,,,,,,,,,,,,,,,,,605.9382402792758,,#000000
2025-04-11 00:00:00+00:00,956.7746147692,963.5252977015,936.6640845182,957.3208267019,2721811,0.0,0.0,0.0,0.0,0.0,0.0,0.0,0.0,,,,928.9503261783507,895.2910202597457,859.9413852475651,851.4021389907183,831.731717137592,817.6981746876723,774.44378401321,769.8143015572309,758.3669710791609,742.1429175626535,733.0958185664807,711.0309999303215,661.5672163929319,606.4080645247319,,,,,,,,,,,,,,,,,606.4080645247319,,"rgba(38, 166, 154, 0.5)"
2025-04-14 00:00:00+00:00,972.5750363145,980.3312457594,958.3536638111,963.319226836,2219943,0.0,0.0,0.0,0.0,0.0,0.0,0.0,0.0,,,,929.2062543723413,895.6263890877756,860.3367219037789,851.809295001296,832.1651282076951,818.1514751444785,774.9370280833982,770.3103675341011,758.8697969685438,742.6531950122286,733.6087738905495,711.5450099974956,662.0496576134711,606.8103163450754,,,,,,,,,,,,,,,,,606.8103163450754,,"rgba(38, 166, 154, 0.5)"
2025-04-15 00:00:00+00:00,970.1915660625,987.1539293557,967.5399554072,978.5635053225,1788151,0.0,0.0,0.0,0.0,0.0,0.0,0.0,0.0,,,,929.4325834775241,895.9106296606695,860.666165453875,852.147717610408,832.5236775610714,818.5254867579332,775.3417205986666,770.717194014411,759.2817479741159,743.0707277412914,734.0282403855956,711.9648011558282,662.4428740164531,607.137721081846,,,,,,,,,,,,,,,,,607.137721081846,,"rgba(38, 166, 154, 0.5)"
2025-04-16 00:00:00+00:00,961.0847234748,971.9096508691,952.6333352064,965.4345566846,2531715,0.0,0.0,0.0,0.0,0.0,0.0,0.0,0.0,,,,929.6582158935072,896.2435554713674,861.0763417582671,852.5729814494698,832.9818976777985,819.007940703156,775.874525409604,771.2537048370901,759.8270960106039,743.6261070136698,734.5875243327256,712.5274108067009,662.9746730133513,607.5838192675783,,,,,,,,,,,,,,,,,607.5838192675783,,"rgba(38, 166, 154, 0.5)"
2025-04-17 00:00:00+00:00,987.6504856582,993.0314676857,965.2955209199,966.5716706173,2711124,0.0,0.0,0.0,0.0,0.0,0.0,0.0,0.0,,,,930.0450943668136,896.7045062153138,861.5988419026143,853.1078854825496,833.5450262962339,819.5932366304565,776.503066612861,771.8851855908166,760.4656648685948,744.2722561900774,735.2361448384298,713.1754674450967,663.5802538553942,608.0873413651493,,,,,,,,,,,,,,,,,608.0873413651493,,"rgba(38, 166, 154, 1.0)"
2025-04-21 00:00:00+00:00,951.173459677,990.1233360446,936.4753931232,986.1608167507,2841310,0.0,0.0,0.0,0.0,0.0,0.0,0.0,0.0,,,,930.2696746726435,897.054937259452,862.039112107156,853.5656965021772,834.0409570510687,820.1168995830684,777.0852624396912,772.4717670635039,761.0626899955097,744.8812788132416,735.8499762254562,713.7941476003097,664.1673118971349,608.5815924994608,,,,,,,,,,,,,,,,,608.5815924994608,,"rgba(38, 166, 154, 0.5)"
2025-04-22 00:00:00+00:00,972.48565618,980.649041793,960.121404248,963.0709486848,2230645,0.0,0.0,0.0,0.0,0.0,0.0,0.0,0.0,,,,930.5145424092036,897.3791062093381,862.4237014122139,853.9622690404841,834.4640864683693,820.559986016806,777.5692457707138,772.9587098236672,761.5567157055623,745.3832426961619,736.354917814483,714.3009829679044,664.6449743882781,608.9816984070974,,,,,,,,,,,,,,,,,608.9816984070974,,"rgba(38, 166, 154, 0.5)"
2025-04-23 00:00:00+00:00,969.1190044491,988.8918764144,962.326114231,987.6703479103,2109653,0.0,0.0,0.0,0.0,0.0,0.0,0.0,0.0,,,,930.7567568380823,897.6928250697579,862.7927892379595,854.3423852236955,834.8687400435005,820.9831861062892,778.0303166345125,773.4225087866771,762.027050546476,745.8608773376467,736.8352623819998,714.7828824510067,665.098831100828,609.3617516908408,,,,,,,,,,,,,,,,,609.3617516908408,,"rgba(38, 166, 154, 0.5)"
2025-04-24 00:00:00+00:00,968.7614839113,971.2641276759,954.0932107357,966.894432214,2468463,0.0,0.0,0.0,0.0,0.0,0.0,0.0,0.0,,,,930.9794051390602,898.0146603715417,863.1876845569013,854.7516814781256,835.3095637799647,821.4471847648167,778.5430540375934,773.9388816262439,762.5520963105605,746.3958506913617,737.3741703976287,715.3254986126277,665.6131855158293,609.7947892233874,,,,,,,,,,,,,,,,,609.7947892233874,,"rgba(38, 166, 154, 0.5)"
2025-04-25 00:00:00+00:00,970.4299130877,971.5819237095,956.2482650885,967.2618838778,1780887,0.0,0.0,0.0,0.0,0.0,0.0,0.0,0.0,,,,931.1447318004566,898.2497037734091,863.4745372417906,855.0487740957019,835.6291174305227,821.7832909617858,778.9139558561624,774.3123772175956,762.9317826822853,746.7826192757211,737.763739847436,715.7176702380168,665.984881820242,610.1077644458908,,,,,,,,,,,,,,,,,610.1077644458908,,"rgba(38, 166, 154, 1.0)"
2025-04-28 00:00:00+00:00,971.8004084826,978.5138496923,962.1028625174,971.7606839784,1616155,0.0,0.0,0.0,0.0,0.0,0.0,0.0,0.0,,,,931.3135050125665,898.4763458661502,863.745383533853,855.3284166772606,835.9282048316181,822.0968887053332,779.2577360156952,774.6583795782909,763.2830993978802,747.1399623285254,738.1234104325307,716.0791938124981,666.3266928373623,610.3950727885233,,,,,,,,,,,,,,,,,610.3950727885233,,"rgba(38, 166, 154, 1.0)"
2025-04-29 00:00:00+00:00,984.8697703642,986.3693703977,964.3719261973,971.2641276759,1523146,0.0,0.0,0.0,0.0,0.0,0.0,0.0,0.0,,,,931.5021384715686,898.7113461306227,864.0177377999664,855.6082943177009,836.2249590310469,822.4065361962893,779.5936379685782,774.9961653659265,763.6254075253412,747.487303714355,738.472596668271,716.429287992992,666.6562938114176,610.6712275296964,,,,,,,,,,,,,,,,,610.6712275296964,,"rgba(38, 166, 154, 1.0)"
2025-04-30 00:00:00+00:00,987.6504856582,990.8880327504,969.8241143987,983.1814789357,2212362,0.0,0.0,0.0,0.0,0.0,0.0,0.0,0.0,,,,931.7979781149093,899.0682811415309,864.4256348318091,856.0265361817936,836.6666083813691,822.8663057279379,780.0899030527253,775.4950130377194,764.1304690975107,747.9992092995487,738.9869333618581,716.944357158048,667.1403077475077,611.0762299630356,,,,,,,,,,,,,,,,,611.0762299630356,,"rgba(38, 166, 154, 1.0)"
2025-05-01 00:00:00+00:00,992.1592168848,999.4485640941,978.2159159108,983.2807901962,1829874,0.0,0.0,0.0,0.0,0.0,0.0,0.0,0.0,,,,932.0740738683722,899.3862564513556,864.7811640384597,856.3898022063422,837.0476817868371,823.2615221494484,780.5129643901571,775.9199869856534,764.5600662735291,748.4337825844067,739.4231493164791,717.3802984359432,667.548571271779,611.4169813433953,,,,,,,,,,,,,,,,,611.4169813433953,,"rgba(38, 166, 154, 1.0)"
2025-05-02 00:00:00+00:00,1002.6464859934,1012.2920983252,998.9722037701,1002.1791212722,1547710,0.0,0.0,0.0,0.0,0.0,0.0,0.0,0.0,,,,932.3643440234104,899.6968329773969,865.1154261366756,856.7291585211092,837.3993560944642,823.62368379945,780.8944765726666,776.3027088907762,764.9457552481493,748.8224206104034,739.8124932073608,717.7677546256521,667.9087795061754,611.7158819730338,,,,,,,,,,,,,,,,,611.7158819730338,,"rgba(38, 166, 154, 1.0)"
2025-05-05 00:00:00+00:00,1009.1995360209,1012.07333186,996.8790064548,1001.8559435394,1952580,0.0,0.0,0.0,0.0,0.0,0.0,0.0,0.0,,,,932.7343490837704,900.0912922852671,865.5391061103979,857.159148893552,837.8446585950002,824.0820785473592,781.3769701218037,776.786702858346,765.4334328598223,749.3137450173592,740.3046723275941,718.2574795796235,668.3640221759525,612.0936796624579,,,,,,,,,,,,,,,,,612.0936796624579,,"rgba(38, 166, 154, 1.0)"
2025-05-06 00:00:00+00:00,1004.834150646,1010.5320226729,997.883343409,1002.795644947,1381248,0.0,0.0,0.0,0.0,0.0,0.0,0.0,0.0,,,,932.9880692549294,900.3642927436636,865.8338129976196,857.4585080436319,838.1552000141736,824.4020570834447,781.7145639744259,777.125417212772,765.7748897205748,749.6579691574606,740.6496063622593,718.6009442671852,668.6837648220469,612.3593887589726,,,,,,,,,,,,,,,,,612.3593887589726,,"rgba(38, 166, 154, 1.0)"
2025-05-07 00:00:00+00:00,1001.502934016,1008.413965532,995.8548810795,1005.5103379023,1316596,0.0,0.0,0.0,0.0,0.0,0.0,0.0,0.0,,,,933.2198659345481,900.6169862980075,866.1085319234944,857.7379036482163,838.4457084161814,824.7017945482007,782.0318151186498,777.443810005997,766.0960669013294,749.9820157461928,740.9744583095681,718.9247173463067,668.9857168599178,612.6107179041747,,,,,,,,,,,,,,,,,612.6107179041747,,"rgba(38, 166, 154, 1.0)"
2025-05-08 00:00:00+00:00,1002.0597941093,1011.2977053013,985.8412438896,1007.8173297177,1882643,0.0,0.0,0.0,0.0,0.0,0.0,0.0,0.0,,,,933.5381399454361,900.9683763932801,866.4931337602188,858.1295055745342,838.8537861245036,825.1233673599622,782.4793735291167,777.893097925284,766.5495608422841,750.4399196259104,741.4336851890823,719.3828329239313,669.4137031954596,612.9675192551575,,,,,,,,,,,,,,,,,612.9675192551575,,"rgba(38, 166, 154, 1.0)"
2025-05-09 00:00:00+00:00,1002.4376634584,1005.042973181,992.4539574985,998.9771757353,1176656,0.0,0.0,0.0,0.0,0.0,0.0,0.0,0.0,,,,933.7362511105307,901.1872758295292,866.7328289433898,858.3735847214334,839.1081758779832,825.3861902714981,782.7584799876456,778.1732921970976,766.8323998363878,750.7255396177803,741.7201479389632,719.6686477235761,669.6808317910238,613.1903282924583,,,,,,,,,,,,,,,,,613.1903282924583,,"rgba(38, 166, 154, 1.0)"
2025-05-12 00:00:00+00:00,1010.452471231,1011.2082099292,986.6765340297,1004.128131599,2069049,0.0,0.0,0.0,0.0,0.0,0.0,0.0,0.0,,,,934.0963713849164,901.5807001029738,867.1610473266732,858.8091951160626,839.5613101899489,825.8538141566596,783.2538374201075,778.670479009644,767.3340441971785,751.231821358458,742.2277779944518,720.1748267698827,670.1534833488454,613.584329978018,,,,,,,,,,,,,,,,,613.584329978018,,"rgba(38, 166, 154, 1.0)"
2025-05-13 00:00:00+00:00,993.4284626619,1018.0894096545,982.0625503988,1008.0311242178,2917044,0.0,0.0,0.0,0.0,0.0,0.0,0.0,0.0,,,,934.5618430857468,902.1035097305331,867.7384789450911,859.39806262009,840.1767896086079,826.4907065543478,783.9328748285083,779.3524057068255,768.0229733196398,751.9282658406988,742.9266664285477,720.8730271356469,670.8077552680364,614.1314569788789,,,,,,,,,,,,,,,,,614.1314569788789,,"rgba(38, 166, 154, 0.75)"
2025-05-14 00:00:00+00:00,985.980458913,994.2538088718,984.9661780286,993.1550045804,2214978,0.0,0.0,0.0,0.0,0.0,0.0,0.0,0.0,,,,934.8586243407608,902.457868614646,868.1419099397345,859.81155975921,840.6131030898345,826.9446491357371,784.4229461564634,779.845085557499,768.5219302889045,752.434229444234,743.4352032415933,721.3828191698556,671.2884968116106,614.5356471681521,,,,,,,,,,,,,,,,,614.5356471681521,,"rgba(38, 166, 154, 0.75)"
2025-05-15 00:00:00+00:00,1004.8043188553,1008.3145262296,977.4883424889,987.0842351695,2470690,0.0,0.0,0.0,0.0,0.0,0.0,0.0,0.0,,,,935.2375870614965,902.8883328728149,868.6202120005859,860.2998493025726,841.1244831169195,827.4744068525434,784.9894118026496,780.4141162253213,769.0971654976317,753.016220659713,744.0194938037017,721.9671406410034,671.8372994688625,614.9956606071229,,,,,,,,,,,,,,,,,614.9956606071229,,"rgba(38, 166, 154, 0.75)"
2025-05-16 00:00:00+00:00,1020.0781957023,1022.4965595364,1003.3425611102,1006.8129927636,2033744,0.0,0.0,0.0,0.0,0.0,0.0,0.0,0.0,,,,935.6383526892367,903.3086706449618,869.0674834867589,860.7530902953175,841.59245344414,827.9551959077075,785.4938122165125,780.9199842827868,769.606650646742,753.5292734057845,744.5333560152706,722.4784004162595,672.313204688834,615.3917315136898,,,,,,,,,,,,,,,,,615.3917315136898,,"rgba(38, 166, 154, 1.0)"
2025-05-19 00:00:00+00:00,1028.5404803357,1029.1868358012,1007.2107499731,1012.8887341396,1879788,0.0,0.0,0.0,0.0,0.0,0.0,0.0,0.0,,,,936.034426077545,903.7162393375713,869.4962961593014,861.1867591869739,842.0384730922341,828.412370206177,785.9708766252772,781.3982196379224,770.0877994442521,754.0131482802732,745.017671249159,722.9595725542889,672.7600217221182,615.7629161102102,,,,,,,,,,,,,,,,,615.7629161102102,,"rgba(38, 166, 154, 1.0)"
2025-05-20 00:00:00+00:00,1031.0065750349,1032.1798593638,1024.2347585422,1024.2347585422,2271232,0.0,0.0,0.0,0.0,0.0,0.0,0.0,0.0,,,,936.5496059739677,904.236007054746,870.036561908966,861.7319534668022,842.5967957351303,828.9831868420559,786.5629670268538,781.9914590383783,770.6839432349396,754.6117657664279,745.6163781115107,723.5534178969338,673.3099247330551,616.2187559253558,,,,,,,,,,,,,,,,,616.2187559253558,,"rgba(38, 166, 154, 1.0)"
2025-05-21 00:00:00+00:00,1019.5511673997,1033.6416171089,1018.0595778638,1025.1595440544,1438885,0.0,0.0,0.0,0.0,0.0,0.0,0.0,0.0,,,,936.8542190792682,904.5489575303781,870.3654158786915,862.0644596748365,842.9386171223151,829.3334449474144,786.9282811320728,782.3576600368418,771.052352218464,754.982240694513,745.9871853342678,723.9218296932545,673.6521620073969,616.5032599954365,,,,,,,,,,,,,,,,,616.5032599954365,,"rgba(38, 166, 154, 1.0)"
2025-05-22 00:00:00+00:00,1012.4213694183,1023.0066831577,1008.4338533925,1021.9625704826,1660909,0.0,0.0,0.0,0.0,0.0,0.0,0.0,0.0,,,,937.1665323199102,904.8806523126837,870.7207763759274,862.4250019553047,843.311739240214,829.7172724083819,787.3323643694596,782.7630540565078,771.4609596593399,755.394130753198,746.3999528205612,724.3330502916602,674.0360966049477,616.8238188596702,,,,,,,,,,,,,,,,,616.8238188596702,,"rgba(38, 166, 154, 0.75)"
2025-05-23 00:00:00+00:00,1002.8453645982,1009.4183024862,1001.3537750624,1006.3257401818,1413916,0.0,0.0,0.0,0.0,0.0,0.0,0.0,0.0,,,,937.3960822922166,905.135653658759,871.0008171859006,862.7103458678899,843.6094812152423,830.0250230735037,787.6600202108341,783.0920912820081,771.7933475237852,755.7301438902607,746.7371697783245,724.6700769770515,674.3526013084952,617.0893954655331,,,,,,,,,,,,,,,,,617.0893954655331,,"rgba(38, 166, 154, 0.75)"
2025-05-27 00:00:00+00:00,1012.0832757902,1013.2367716979,1005.2617396463,1009.3089192535,1868169,0.0,0.0,0.0,0.0,0.0,0.0,0.0,0.0,,,,937.7223350607139,905.4896389178487,871.384627558265,863.1005725079123,844.0149615542452,830.4431100664118,788.1026784307916,783.5364083449798,772.2417064748144,756.1827801936623,747.1911201691869,725.1231122534599,674.7770079934149,617.4448504199213,,,,,,,,,,,,,,,,,617.4448504199213,,"rgba(38, 166, 154, 0.75)"
2025-05-28 00:00:00+00:00,1007.4593482291,1018.8749801434,1007.2803574848,1011.3474249525,1674743,0.0,0.0,0.0,0.0,0.0,0.0,0.0,0.0,,,,938.0163779160652,905.8079961744897,871.7293971021826,863.4510370412692,844.3789862581418,830.8183619987575,788.4998100629141,783.9350165492451,772.6439137824276,756.588794440888,747.5983010047556,725.5294568966168,675.157705783099,617.7637752091641,,,,,,,,,,,,,,,,,617.7637752091641,,"rgba(38, 166, 154, 0.75)"
2025-05-29 00:00:00+00:00,1003.0840189239,1011.8297055691,997.9728387811,1010.3132562077,2023815,0.0,0.0,0.0,0.0,0.0,0.0,0.0,0.0,,,,938.335333985129,906.1651072796802,872.1232388890625,863.8526416647495,844.7986443041465,831.2524653418258,788.9630039841695,784.4002616601609,773.1141266073569,757.0644462209057,748.0758257612763,726.0071204213792,675.6071702035138,618.141729755532,,,,,,,,,,,,,,,,,618.141729755532,,#000000
2025-05-30 00:00:00+00:00,1034.3477355952,1046.5887137194,996.3818099429,996.6801278501,5403837,0.0,0.0,0.0,0.0,0.0,0.0,0.0,0.0,,,,939.4446054398389,907.3120137462058,873.3325006617729,865.0761221946494,846.057910543967,832.5435508900518,790.3124921907495,785.7533490391019,774.4761270232827,758.4351474750943,749.4483669004878,727.372372913054,676.8793302416441,619.2032313587193,,,,,,,,,,,,,,,,,619.2032313587193,,"rgba(38, 166, 154, 1.0)"
2025-06-02 00:00:00+00:00,1050.9242673035,1054.5538018408,1028.470872824,1028.470872824,2148004,0.0,0.0,0.0,0.0,0.0,0.0,0.0,0.0,,,,939.9724734470427,907.8334956887054,873.8667774236774,865.6138580171071,846.6056771883315,833.1016763395044,790.8873090910062,786.3289613851189,775.0538094251068,759.0143180454226,750.0271994898218,727.9457197640788,677.4096662222756,619.643159587372,,,,,,,,,,,,,,,,,619.643159587372,,"rgba(38, 166, 154, 1.0)"
2025-06-03 00:00:00+00:00,1049.6713320934,1061.096907938,1037.4056930223,1048.239406139,1992850,0.0,0.0,0.0,0.0,0.0,0.0,0.0,0.0,,,,940.479468147312,908.3304264058175,874.3731708303447,866.1230171319652,847.123285413936,833.6284147187173,791.4282089089309,786.870472739104,775.5969476696416,759.558447214031,750.5708060115724,728.4837391880585,677.906664419005,620.0550427728839,,,,,,,,,,,,,,,,,620.0550427728839,,"rgba(38, 166, 154, 1.0)"
2025-06-04 00:00:00+00:00,1045.7931993002,1051.8986730277,1043.4862074848,1049.0846402093,1422086,0.0,0.0,0.0,0.0,0.0,0.0,0.0,0.0,,,,940.8307083682021,908.6770784199695,874.7279563531642,866.4800273022338,847.4867951718365,833.9986807006044,791.8093331834291,787.2521105421774,775.9799249641557,759.9423753479231,750.9544971006899,728.8637849267753,678.2582869765013,620.3468839956795,,,,,,,,,,,,,,,,,620.3468839956795,,"rgba(38, 166, 154, 1.0)"
2025-06-05 00:00:00+00:00,1005.1424124834,1045.1566883256,1000.3693259687,1044.1126750899,3297524,0.0,0.0,0.0,0.0,0.0,0.0,0.0,0.0,,,,941.4075202695817,909.3004639286911,875.4020005669266,867.1650571886453,848.1979762851627,834.7314492847197,792.5847822901957,788.030492411861,776.765451823226,760.7355591099553,751.7501251280715,729.6583271261403,679.0045666001838,620.9743332201922,,,,,,,,,,,,,,,,,620.9743332201922,,"rgba(38, 166, 154, 0.75)"
2025-06-06 00:00:00+00:00,1009.2492556721,1014.9073519781,1002.9547478308,1014.9073519781,1855428,0.0,0.0,0.0,0.0,0.0,0.0,0.0,0.0,,,,941.6948817872377,909.6227081710979,875.757571276694,867.5276973477145,848.5770146299928,835.1235202445615,793.0035695488374,788.4512036136889,777.1908183708827,761.1660976070765,752.182517576025,730.0913010450523,679.4133086745226,621.3195249608541,,,,,,,,,,,,,,,,,621.3195249608541,,"rgba(38, 166, 154, 0.5)"
2025-06-09 00:00:00+00:00,1000.5383727828,1007.6681707641,991.3763337785,1006.7433852519,1696711,0.0,0.0,0.0,0.0,0.0,0.0,0.0,0.0,,,,941.9200158102096,909.8885378990097,876.0588006811062,867.8362987150941,848.9023363747494,835.4616760531688,793.368910440824,788.8185808330197,777.5630953273755,761.5439753445391,752.5625715885432,730.4730783653322,679.7758202237629,621.6271930581086,,,,,,,,,,,,,,,,,621.6271930581086,,#000000
2025-06-10 00:00:00+00:00,1001.6222611788,1005.8384876001,992.1269016329,1001.2841675507,2255019,0.0,0.0,0.0,0.0,0.0,0.0,0.0,0.0,,,,942.2165554957538,910.2394313483625,876.4568996945407,868.2442304579866,849.3325514664645,835.9089646132927,793.8524789678567,789.304876726169,778.0559523640356,762.044350402862,753.0658852658048,730.9788143862266,680.2563521845523,622.035328788478,,,,,,,,,,,,,,,,,622.035328788478,,#000000
2025-06-11 00:00:00+00:00,991.1910783582,999.8025219451,987.8051701118,996.8193428734,2459835,0.0,0.0,0.0,0.0,0.0,0.0,0.0,0.0,,,,942.4981158324592,910.5897325578562,876.8640257849373,868.6630710473346,849.777578586504,836.3736064994262,794.3597355919026,789.8154179099514,778.574369268177,762.5719475537613,753.5972318507027,731.5141619031132,680.767557190344,622.4713839097527,,,,,,,,,,,,,,,,,622.4713839097527,,"rgba(239, 83, 80, 1.0)"
2025-06-12 00:00:00+00:00,997.0878289899,997.6248012228,989.7793385821,993.3986308712,1720138,0.0,0.0,0.0,0.0,0.0,0.0,0.0,0.0,,,,942.7004968142405,910.8385415852148,877.1516653659169,868.9587414424795,850.0912500519173,836.7008142525156,794.7162972911254,790.174237272056,778.9386055849536,762.9424882428988,753.9703358413304,731.8899350489745,681.1262128929563,622.7772631182312,,,,,,,,,,,,,,,,,622.7772631182312,,"rgba(239, 83, 80, 1.0)"
2025-06-13 00:00:00+00:00,984.6579161912,997.9657785907,983.1303296279,993.4781823131,1785964,0.0,0.0,0.0,0.0,0.0,0.0,0.0,0.0,,,,942.8839942327098,911.0762264165542,877.4330592554749,869.2491031749025,850.401500658887,837.0257540715185,795.0736511092651,790.5341317435808,779.3045809354629,763.3156308349651,754.3464845080541,732.2697141327726,681.4903308159969,623.0889937247982,,,,,,,,,,,,,,,,,623.0889937247982,,"rgba(239, 83, 80, 1.0)"
2025-06-16 00:00:00+00:00,978.8407170014,996.2326509893,975.9333106781,986.7660294018,2109338,0.0,0.0,0.0,0.0,0.0,0.0,0.0,0.0,,,,943.0757257091062,911.3373965998393,877.7489609620661,869.5761767326723,850.7531690396762,837.3953528736064,795.483337193811,790.9470035061842,779.7250646255051,763.7451673453457,754.7798989332786,732.7082379526854,681.9124020006977,623.4515413368625,,,,,,,,,,,,,,,,,623.4515413368625,,"rgba(239, 83, 80, 1.0)"
2025-06-17 00:00:00+00:00,972.2379473227,980.570960863,970.7264699264,977.4883424889,1668225,0.0,0.0,0.0,0.0,0.0,0.0,0.0,0.0,,,,943.1921702133687,911.5166413386331,877.9759881193489,869.8128749194636,851.0109126592653,837.6681262362013,795.7903846526941,791.2568302673538,780.0415151210617,764.0695979915116,755.107850524768,733.0413587483254,682.2352695774441,623.7304798193552,,,,,,,,,,,,,,,,,623.7304798193552,,"rgba(239, 83, 80, 1.0)"
2025-06-18 00:00:00+00:00,969.4337589953,977.1403049305,968.6084127855,974.5051634172,1509613,0.0,0.0,0.0,0.0,0.0,0.0,0.0,0.0,,,,943.2875005786628,911.6708388794066,878.174614712578,870.0204780612213,851.2379894075438,837.9090277190022,796.0630176294691,791.5320530260611,780.3229058337337,764.3584497087859,755.4000230105462,733.3385501034562,682.5240484913394,623.9805150117788,,,,,,,,,,,,,,,,,623.9805150117788,,"rgba(239, 83, 80, 1.0)"
2025-06-20 00:00:00+00:00,974.7935373941,983.1166070041,968.4393659714,978.4727915825,3255699,0.0,0.0,0.0,0.0,0.0,0.0,0.0,0.0,,,,943.5175689202921,912.0211605068953,878.6170605891431,870.4816192186132,851.7398569395978,838.4400010112939,796.660522041503,792.1349651960758,780.9387098053747,764.9898063541564,756.0382565849526,733.9869426348635,683.1528759489432,624.5242900012713,,,,,,,,,,,,,,,,,624.5242900012713,,"rgba(239, 83, 80, 1.0)"
2025-06-23 00:00:00+00:00,998.8479046422,999.2357179215,975.7580986273,977.6375014425,2082928,0.0,0.0,0.0,0.0,0.0,0.0,0.0,0.0,,,,943.7351634064745,912.2987139544422,878.9439563400346,870.8187138968332,852.0996359720051,838.816564708509,797.074372739574,792.5517589286704,781.3625527975763,765.421992508927,756.4739680258002,734.4270296374971,683.5754847918577,624.886958399712,,,,,,,,,,,,,,,,,624.886958399712,,"rgba(239, 83, 80, 0.75)"
2025-06-24 00:00:00+00:00,996.302258501,1000.1953071895,986.5025152505,1000.1953071895,2385103,0.0,0.0,0.0,0.0,0.0,0.0,0.0,0.0,,,,943.9977451373077,912.6263472185071,879.3260626990559,871.2121321812542,852.5183235369086,839.2540731828518,797.5535206422658,793.0341789628105,781.8528182998425,765.9215155401887,756.9773719410587,734.935083168738,684.062767877631,625.3048128148882,,,,,,,,,,,,,,,,,625.3048128148882,,"rgba(239, 83, 80, 0.75)"
2025-06-25 00:00:00+00:00,981.0084937935,999.3450017148,980.4715215606,997.3762029668,1827694,0.0,0.0,0.0,0.0,0.0,0.0,0.0,0.0,,,,944.1678449853732,912.8530925196185,879.5984515356546,871.4939172135664,852.8208615831859,839.5717710582683,797.9053842247996,793.3887798224769,782.2139654788662,766.2904852987881,757.3497201698344,735.3120045795358,684.426266723656,625.6179728620629,,,,,,,,,,,,,,,,,625.6179728620629,,"rgba(239, 83, 80, 0.75)"
2025-06-26 00:00:00+00:00,977.3988471167,982.1868495268,971.0247878336,982.1868495268,2262786,0.0,0.0,0.0,0.0,0.0,0.0,0.0,0.0,,,,944.3274314844803,913.094004422064,879.9023172997089,871.810618041969,853.1655535495852,839.9364583501934,798.3160904333917,793.803251672317,782.6374178900453,766.724814136185,757.7888916378997,735.7584795950931,684.8601488409096,625.994145619524,,,,,,,,,,,,,,,,,625.994145619524,,"rgba(239, 83, 80, 0.75)"
2025-06-27 00:00:00+00:00,979.61634356,987.5709030481,974.8034813244,976.7326037907,2129190,0.0,0.0,0.0,0.0,0.0,0.0,0.0,0.0,,,,944.4935192927843,913.3324281225431,880.1976319723572,872.1175847009687,853.498042484148,840.287307003519,798.7090045295994,794.1995926076704,783.0419395715975,767.1392149289592,758.2076601745329,736.1836759646961,685.2725287084738,626.351192766823,,,,,,,,,,,,,,,,,626.351192766823,,"rgba(239, 83, 80, 0.75)"
2025-06-30 00:00:00+00:00,984.3894300747,986.1793375177,974.2566646005,979.6362314205,2127591,0.0,0.0,0.0,0.0,0.0,0.0,0.0,0.0,,,,944.6622688006546,913.5723179191667,880.4937600180285,872.4252514913682,853.8310099115623,840.6384972022743,799.1019659557838,794.5959584656906,783.4464348336132,767.5535293953068,758.6263160117071,736.6087172449306,685.6847664448208,626.7082039914573,,,,,,,,,,,,,,,,,626.7082039914573,,"rgba(239, 83, 80, 0.75)"
2025-07-01 00:00:00+00:00,980.4317458396,991.2497475466,969.0360017858,984.4490936562,2200576,0.0,0.0,0.0,0.0,0.0,0.0,0.0,0.0,,,,944.8287910550114,913.8137117392931,880.7941092740334,872.7376905158812,854.1699123169847,840.9963925483129,799.5035988908613,795.001172385541,783.8601968092964,767.9776452776368,759.0550368374188,737.0443446682298,686.1079733212622,627.0752862409803,,,,,,,,,,,,,,,,,627.0752862409803,,"rgba(239, 83, 80, 0.75)"
2025-07-02 00:00:00+00:00,976.8519309536,980.1731042141,971.3877412873,978.3534644197,1606122,0.0,0.0,0.0,0.0,0.0,0.0,0.0,0.0,,,,944.9353847953594,913.9779849144411,881.003189718982,872.9559309098163,854.4081099774502,841.2487909548629,799.78898698995,795.2892847533734,784.1548057857873,768.28016527103,759.3611161337276,737.355965665264,686.4117934411565,627.3396196404047,,,,,,,,,,,,,,,,,627.3396196404047,,"rgba(239, 83, 80, 0.75)"
2025-07-03 00:00:00+00:00,981.4858024449,982.1321579105,971.8451620783,976.9016506048,1101351,0.0,0.0,0.0,0.0,0.0,0.0,0.0,0.0,,,,945.0135336021484,914.0943707998921,881.1495599301902,873.1084476010192,854.5740530450042,841.4243274796069,799.9867519455731,795.4888806677444,784.3587705936666,768.489441471619,759.5727726480827,737.5712800453566,686.6214484729463,627.5218669626961,,,,,,,,,,,,,,,,,627.5218669626961,,"rgba(239, 83, 80, 0.75)"
2025-07-07 00:00:00+00:00,986.6168704482,987.3259721136,970.7264699264,979.4771285367,1832591,0.0,0.0,0.0,0.0,0.0,0.0,0.0,0.0,,,,945.1546127134746,914.2962877462627,881.3997883521413,873.3686146588368,854.8560059872452,841.7219353107116,800.3204948362508,795.8255889187866,784.7025601483889,768.8418193878197,759.9289775769687,737.9332537859596,686.973298209779,627.8273460088145,,,,,,,,,,,,,,,,,627.8273460088145,,"rgba(239, 83, 80, 0.75)"
2025-07-08 00:00:00+00:00,980.3124186767,990.2861807064,978.408156036,983.9518971442,1716151,0.0,0.0,0.0,0.0,0.0,0.0,0.0,0.0,,,,945.2909520289593,914.4883234342674,881.6363558014673,873.6143626571891,855.1219112210352,842.0023594676202,800.6344060990298,796.1422461497897,785.0257773304581,769.1729883205999,760.2636841786092,738.2732616992146,687.3036450520889,628.1141051007618,,,,,,,,,,,,,,,,,628.1141051007618,,"rgba(239, 83, 80, 0.75)"
2025-07-09 00:00:00+00:00,976.5834448371,982.8481208877,966.8284492727,982.8481208877,2922574,0.0,0.0,0.0,0.0,0.0,0.0,0.0,0.0,,,,945.4746573321971,914.7769779776536,882.0067543304757,874.0015073929014,855.5455130205021,842.4518199599949,801.1443922177618,796.6572668991496,785.5528037274155,769.7146970950386,760.8120527621173,738.8322502735518,687.8501440323932,628.5909755181153,,,,,,,,,,,,,,,,,628.5909755181153,,"rgba(239, 83, 80, 0.75)"
2025-07-10 00:00:00+00:00,964.7302799923,982.4603076084,963.636447666,981.4659145845,2903765,0.0,0.0,0.0,0.0,0.0,0.0,0.0,0.0,,,,945.6239982060042,915.0369787454443,882.3517749387611,874.3638917487575,855.9455092033179,842.878237348047,801.6332870089243,797.1514094064635,786.0594471789532,770.236719005274,761.3411367899064,739.3730178611527,688.3813997877518,629.0564733232767,,,,,,,,,,,,,,,,,629.0564733232767,,"rgba(239, 83, 80, 1.0)"
2025-07-11 00:00:00+00:00,964.8893828761,973.4908825328,960.2853431755,967.8327862269,1941995,0.0,0.0,0.0,0.0,0.0,0.0,0.0,0.0,,,,945.7066158221612,915.1968467906773,882.570448946872,874.5945512084552,856.2020378349482,843.1528107742163,801.9508566912488,797.4726163587688,786.389312542111,770.5772814585767,761.6866548610244,739.7269425996201,688.7304885177936,629.3633940526208,,,,,,,,,,,,,,,,,629.3633940526208,,"rgba(239, 83, 80, 1.0)"
2025-07-14 00:00:00+00:00,975.4100610689,975.9868090228,964.1833638292,965.6550655045,1679303,0.0,0.0,0.0,0.0,0.0,0.0,0.0,0.0,,,,945.7970133920231,915.3494735883969,882.7713091723804,874.8052937894795,856.4342246056261,843.4000916883011,802.2338741511722,797.7586390699868,786.6824976215448,770.8792829690508,761.9927070755181,740.0396995009055,689.0377689774077,629.6327824132217,,,,,,,,,,,,,,,,,629.6327824132217,,"rgba(239, 83, 80, 1.0)"
2025-07-15 00:00:00+00:00,962.2542413628,974.7537616732,961.2399604784,973.7593686493,1878003,0.0,0.0,0.0,0.0,0.0,0.0,0.0,0.0,,,,945.8751236434953,915.5018376400049,882.9803702125747,875.025927873144,856.6798409997486,843.6631217964612,802.5385222443039,798.0668178273879,786.9990819174335,771.2062687680989,762.3245250374617,740.3797740131282,689.3736150308384,629.9284666689585,,,,,,,,,,,,,,,,,629.9284666689585,,"rgba(239, 83, 80, 1.0)"
2025-07-16 00:00:00+00:00,946.0356911431,964.1525376454,944.8026437935,962.5625032002,2950277,0.0,0.0,0.0,0.0,0.0,0.0,0.0,0.0,,,,945.9099279305489,915.6716473936335,883.2500681568877,875.3158440543135,857.0129185042771,844.0256606925899,802.9728382355607,798.5073300652865,787.4543118849451,771.6799010772679,762.8068916733853,740.8779590648156,689.8721689002853,630.3720484325061,,,,,,,,,,,,,,,,,630.3720484325061,,"rgba(239, 83, 80, 1.0)"
2025-07-17 00:00:00+00:00,948.5614494238,949.3967395639,942.1973340709,945.031354189,2280638,0.0,0.0,0.0,0.0,0.0,0.0,0.0,0.0,,,,945.91366877106,915.7839397952081,883.4421391947029,875.5240388316226,857.2554305044159,844.2914497478353,803.2957372626807,798.8351901446867,787.7939491451244,772.0343175469856,763.1683724661835,741.2524644010165,690.2490111821837,630.7088461082742,,,,,,,,,,,,,,,,,630.7088461082742,,"rgba(239, 83, 80, 1.0)"
2025-07-18 00:00:00+00:00,945.618046073,954.8758451255,944.325335142,954.5675832881,2115538,0.0,0.0,0.0,0.0,0.0,0.0,0.0,0.0,,,,945.9237509363481,915.8925775245696,883.6236211293391,875.7202727544748,857.4831058872182,844.540494020924,803.597199253164,799.141205008075,788.1107759704621,772.364710681124,763.5052460035979,741.601261452696,690.5996986682193,631.0221555424827,,,,,,,,,,,,,,,,,631.0221555424827,,"rgba(239, 83, 80, 1.0)"
2025-07-21 00:00:00+00:00,942.247053722,950.401076518,941.2924364191,946.1749061664,1742426,0.0,0.0,0.0,0.0,0.0,0.0,0.0,0.0,,,,945.9192726278283,915.9715515119461,883.7639928694236,875.8730657019223,857.6623174616201,844.7375816074646,803.8383534538701,799.3862034426811,788.3649000060582,772.6303138881841,763.7763592181904,741.8826355098615,690.8837664772133,631.2767992230879,,,,,,,,,,,,,,,,,631.2767992230879,,"rgba(239, 83, 80, 1.0)"
2025-07-22 00:00:00+00:00,936.3304152299,952.3301989843,935.9724337413,943.4801010717,1799905,0.0,0.0,0.0,0.0,0.0,0.0,0.0,0.0,,,,945.9034800209616,916.0438992046343,883.9009640437743,876.0231011788999,857.8400933801458,844.9340606417516,804.0811287844417,799.6330321802453,788.6213480224625,772.898887255829,764.0507757920979,742.1680389987321,691.172959375303,631.5368092770766,,,,,,,,,,,,,,,,,631.5368092770766,,"rgba(239, 83, 80, 1.0)"
2025-07-23 00:00:00+00:00,935.9127701598,943.1817831645,930.7518703658,937.0911258931,2401619,0.0,0.0,0.0,0.0,0.0,0.0,0.0,0.0,,,,945.8589581321312,916.121262008907,884.0671759571903,876.2072500483346,858.0622312677451,845.1816727060733,804.3921673546402,799.9496522336033,788.9512073598099,773.245483633547,764.4054827023161,742.5382025810947,691.5502168492502,631.877558446368,,,,,,,,,,,,,,,,,631.877558446368,,"rgba(239, 83, 80, 1.0)"
2025-07-24 00:00:00+00:00,928.5642057132,937.6130827914,928.2559438758,936.0519851832,2057072,0.0,0.0,0.0,0.0,0.0,0.0,0.0,0.0,,,,945.8001533588916,916.1705686135075,884.1948731034811,876.3507529768932,858.2391271164047,845.3808424676091,804.647117537781,800.2095355814465,789.2227869281451,773.5318915019616,764.6991147636736,742.8457783669179,691.8656752742548,632.1639070993366,,,,,,,,,,,,,,,,,632.1639070993366,,"rgba(239, 83, 80, 1.0)"
2025-07-25 00:00:00+00:00,930.2347859934,936.0122094622,929.1111218764,931.050188273,1827655,0.0,0.0,0.0,0.0,0.0,0.0,0.0,0.0,,,,945.7494248039837,916.2149883527612,884.3084889893565,876.4783374296021,858.3962394330871,845.557660813181,804.8733260369936,800.4401153815094,789.4637325620045,773.7859840200275,764.9596153403095,743.1186578178907,692.1456164971539,632.4181231961393,,,,,,,,,,,,,,,,,632.4181231961393,,"rgba(239, 83, 80, 1.0)"
2025-07-28 00:00:00+00:00,928.7531403878,934.9690911802,925.6705220137,930.2546738539,2006292,0.0,0.0,0.0,0.0,0.0,0.0,0.0,0.0,,,,945.6862890678008,916.2572697774972,884.4273893805525,876.6127065737543,858.5632849676181,845.7464733562117,805.1168432659946,800.6884856971212,789.7236101579947,774.060475461115,765.241246537137,743.4141551356465,692.4496246074318,632.694840133504,,,,,,,,,,,,,,,,,632.694840133504,,"rgba(239, 83, 80, 1.0)"
2025-07-29 00:00:00+00:00,929.3298883416,936.5044340091,922.1802024998,928.7531403878,2065880,0.0,0.0,0.0,0.0,0.0,0.0,0.0,0.0,,,,945.6199335994428,916.2990649117355,884.5479402285841,876.7491716218539,858.7333729644541,845.9389534506923,805.365682694236,800.9423315620331,789.9893280043076,774.3412811226586,765.5294316444156,743.7167053078518,692.7612458784068,632.9787983202847,,,,,,,,,,,,,,,,,632.9787983202847,,"rgba(239, 83, 80, 1.0)"
2025-07-30 00:00:00+00:00,922.3094735929,932.4919587183,919.9477901612,929.7574773419,1699609,0.0,0.0,0.0,0.0,0.0,0.0,0.0,0.0,,,,945.5510287969536,916.3216574542676,884.6368906074067,876.8515180909884,858.8639681765718,846.0882836959034,805.5623825376877,801.1432555240149,790.2002653929065,774.5649720043868,765.7593855642199,743.9589656258607,693.0122238117744,633.208525242891,,,,,,,,,,,,,,,,,633.208525242891,,"rgba(239, 83, 80, 1.0)"
2025-07-31 00:00:00+00:00,934.3714609728,940.6460809536,919.813547103,920.1715285916,2564353,0.0,0.0,0.0,0.0,0.0,0.0,0.0,0.0,,,,945.4813754290095,916.3818963100933,884.7925393260989,877.0265084520622,859.0799065254355,846.3315682232177,805.8745155476739,801.4615066844574,790.5330325561181,774.9161899337828,766.1196243475157,744.3367380098089,693.4007723004826,633.5623895891257,,,,,,,,,,,,,,,,,633.5623895891257,,"rgba(239, 83, 80, 0.75)"
2025-08-01 00:00:00+00:00,948.4719540516,952.654104775,935.5072868092,935.5072868092,2934464,0.0,0.0,0.0,0.0,0.0,0.0,0.0,0.0,,,,945.4817340022242,916.51279303397,885.0220274179989,877.2761574675709,859.3726145404456,846.6534851573512,806.2691807064737,801.8625782856641,790.949332917907,775.3517453281752,766.5644889135222,744.7991985257867,693.869767800417,633.9851817870675,,,,,,,,,,,,,,,,,633.9851817870675,,"rgba(239, 83, 80, 0.75)"
2025-08-04 00:00:00+00:00,951.3098420425,956.0994003709,944.6283583868,948.5516140654,2389907,0.0,0.0,0.0,0.0,0.0,0.0,0.0,0.0,,,,945.5056876293988,916.6372359201875,885.2234001099241,877.4933300603046,859.6236616077106,846.9276568077603,806.6007521354528,802.1991902499168,791.2979370934158,775.7154866509189,766.9355196706318,745.1838648995346,694.2582099810577,634.3343304278683,,,,,,,,,,,,,,,,,634.3343304278683,,"rgba(239, 83, 80, 0.5)"
2025-08-05 00:00:00+00:00,939.6197350205,947.456288876,931.7035211513,947.2820325958,2462286,0.0,0.0,0.0,0.0,0.0,0.0,0.0,0.0,,,,945.4777460200456,916.7230575540805,885.394663015791,877.6820497405109,859.8495565556681,847.1786025439085,806.9146136342735,802.5186325516573,791.6306393397246,776.0650233281599,767.2932567885312,745.5573810813993,694.6399398106972,634.6806708912067,,,,,,,,,,,,,,,,,634.6806708912067,,"rgba(239, 83, 80, 0.5)"
2025-08-06 00:00:00+00:00,964.4437868142,966.4253296569,938.6539569285,939.6197350205,2752994,0.0,0.0,0.0,0.0,0.0,0.0,0.0,0.0,,,,945.5357197524019,916.8886620738783,885.6442344200904,877.9489738375278,860.1538676253379,847.5086308222842,807.3082950906377,802.9178907394131,792.0431806790393,776.494307100589,767.7305716858307,746.0095569352022,695.0947085041544,635.0884018360643,,,,,,,,,,,,,,,,,635.0884018360643,,#000000
2025-08-07 00:00:00+00:00,973.2960058453,977.8266691289,966.8335872275,970.5377778682,1893275,0.0,0.0,0.0,0.0,0.0,0.0,0.0,0.0,,,,945.6333829335344,917.0478364854151,885.8537255382861,878.1690042743077,860.3969167889418,847.7678883375536,807.6070014683346,803.220002795667,792.3534281098367,776.8147194388955,768.0557684827254,746.3431655908965,695.4258025580577,635.3822595500408,,,,,,,,,,,,,,,,,635.3822595500408,,"rgba(38, 166, 154, 1.0)"
2025-08-08 00:00:00+00:00,976.8110039533,984.0003201968,972.8479182678,972.9972807936,2189701,0.0,0.0,0.0,0.0,0.0,0.0,0.0,0.0,,,,945.7671766433155,917.2480265736533,886.1092971960838,878.4362403994364,860.689759764708,848.0789124903583,807.9620464511878,803.5788306153416,792.7213022909025,777.1938650722263,768.4401852846618,746.736679796609,695.8149631477576,635.7267532619672,,,,,,,,,,,,,,,,,635.7267532619672,,"rgba(38, 166, 154, 1.0)"
2025-08-11 00:00:00+00:00,984.5380252898,985.3744554344,972.1708081507,978.9817393287,2290125,0.0,0.0,0.0,0.0,0.0,0.0,0.0,0.0,,,,945.9180539243885,917.4656235574437,886.383207471375,878.7220528145859,861.0017763150478,848.4096164089592,808.3379040529452,803.958561374584,793.1103014246902,777.5943991570545,768.8460981936902,747.1517951903116,696.2248661837708,636.0892562737866,,,,,,,,,,,,,,,,,636.0892562737866,,"rgba(38, 166, 154, 1.0)"
2025-08-12 00:00:00+00:00,987.0373582221,987.5352333082,975.8849562931,984.2990452484,1589455,0.0,0.0,0.0,0.0,0.0,0.0,0.0,0.0,,,,946.0303498658433,917.6223994885745,886.5779826137015,878.9248872144398,861.2224066142633,848.6429955204853,808.602016145482,804.2253041877938,793.3833436140582,777.87527110408,769.1306095675691,747.4424732613458,696.5114503498486,636.3424373214536,,,,,,,,,,,,,,,,,636.3424373214536,,"rgba(38, 166, 154, 1.0)"
2025-08-13 00:00:00+00:00,974.6900560864,982.2079698867,965.9772420794,979.7783394665,2352567,0.0,0.0,0.0,0.0,0.0,0.0,0.0,0.0,,,,946.1548353409619,917.8208812763196,886.837625587453,879.1973949982216,861.5230612138195,848.9634938892935,808.9709974760613,804.5984861460291,793.7665653798977,778.2710619441598,769.5323329751367,747.8546915391798,696.9210220575844,636.7065893699057,,,,,,,,,,,,,,,,,636.7065893699057,,"rgba(38, 166, 154, 1.0)"
2025-08-14 00:00:00+00:00,971.2447604905,984.0924270877,971.0356529543,976.4326188878,1808742,0.0,0.0,0.0,0.0,0.0,0.0,0.0,0.0,,,,946.2537361974232,917.97566969021,887.0388533153209,879.4084082772642,861.7555093580162,849.2110773950952,809.2555613606986,804.8862542935237,794.0619941745322,778.5760813054954,769.8418774039432,748.1722297290062,697.2364159910678,636.9869950324268,,,,,,,,,,,,,,,,,636.9869950324268,,"rgba(38, 166, 154, 1.0)"
2025-08-15 00:00:00+00:00,967.9089974135,975.8350692095,963.1045028325,974.9788236364,1638281,0.0,0.0,0.0,0.0,0.0,0.0,0.0,0.0,,,,946.3229069715806,918.0993621435822,887.2069720434351,879.5858418369462,861.9532296021297,849.4229757171653,809.5024089495864,805.1361539453652,794.319182212577,778.8424359011315,770.1125985216004,748.4508648481284,697.5148025416845,637.2356983084053,,,,,,,,,,,,,,,,,637.2356983084053,,"rgba(38, 166, 154, 0.75)"
2025-08-18 00:00:00+00:00,975.1879311725,977.1097290049,965.8776670622,969.1636426305,2078489,0.0,0.0,0.0,0.0,0.0,0.0,0.0,0.0,,,,946.4246022626435,918.2670175223391,887.4290798219089,879.8194107050791,862.2118449810163,849.6991923627852,809.8218784681281,805.4593905729745,794.6514215193739,779.1859795719918,770.4615067973629,748.8093947301949,697.8720733519815,637.5542779319818,,,,,,,,,,,,,,,,,637.5542779319818,,"rgba(38, 166, 154, 0.75)"
2025-08-19 00:00:00+00:00,976.6815564309,984.3288181786,972.6388107316,974.4610335468,1673394,0.0,0.0,0.0,0.0,0.0,0.0,0.0,0.0,,,,946.5218554690897,918.4139649278872,887.6178252923936,880.0170005980355,862.4288576317119,849.9299629957704,810.0862915533186,805.7267211731653,794.9257317622763,779.4690312991179,770.748682489861,749.1038457080895,698.1644244449748,637.8142678075701,,,,,,,,,,,,,,,,,637.8142678075701,,"rgba(38, 166, 154, 0.75)"
2025-08-20 00:00:00+00:00,990.3432487939,995.0531471085,974.8394186123,974.8394186123,2229573,0.0,0.0,0.0,0.0,0.0,0.0,0.0,0.0,,,,946.6868553913305,918.6376402298057,887.8926529997398,880.3027565489641,862.7388332039516,850.2573525849741,810.4558348301458,806.0998872389533,795.3075814937619,779.8616977690546,771.1463899923444,749.5101396300362,698.5653067806198,638.1690640272583,,,,,,,,,,,,,,,,,638.1690640272583,,"rgba(38, 166, 154, 0.75)"
2025-08-21 00:00:00+00:00,965.5590270071,985.1155603897,963.4082066351,984.6973453173,2145629,0.0,0.0,0.0,0.0,0.0,0.0,0.0,0.0,,,,946.7838767955324,918.8032049543204,888.1147607921586,880.5367750085279,862.9988546983607,850.5355935831737,810.7791000098971,806.4270936163325,795.6442059618304,780.2101820830821,771.500531292337,749.8745562079347,698.9295064540511,638.4947822000779,,,,,,,,,,,,,,,,,638.4947822000779,,"rgba(38, 166, 154, 0.75)"
2025-08-22 00:00:00+00:00,954.4663700884,969.362792665,949.0594466532,967.4111223274,3135979,0.0,0.0,0.0,0.0,0.0,0.0,0.0,0.0,,,,946.8458512022671,918.9805918173746,888.3840706165256,880.8252678548754,863.3287869134149,850.8940130956682,811.2090416539552,806.8633819904472,796.0956288775545,780.6808148264297,771.9804771293406,750.3721393951012,699.4333208115846,638.9501057838522,,,,,,,,,,,,,,,,,638.9501057838522,,#000000
2025-08-25 00:00:00+00:00,937.5784471674,954.2320700729,936.5627819918,950.9015844719,2284250,0.0,0.0,0.0,0.0,0.0,0.0,0.0,0.0,,,,946.8290443165666,919.0595671328515,888.5371711662799,880.9937143715714,863.5300772435631,851.1174945737623,811.4890534025305,807.1484716832599,796.392805347812,780.9934399440424,772.3006972352038,750.7072403112155,699.7780468985803,639.2655421759489,,,,,,,,,,,,,,,,,639.2655421759489,,"rgba(239, 83, 80, 0.5)"
2025-08-26 00:00:00+00:00,937.3394671261,940.0379500928,929.2788694819,937.3394671261,4341253,0.0,0.0,0.0,0.0,0.0,0.0,0.0,0.0,,,,946.7409032543511,919.1628795096273,888.787270488719,881.2741316442371,863.8751515740842,851.5059391943149,811.9887893169667,807.6582654808686,796.9265241794476,781.557842893244,772.8802827067566,751.3170180081772,700.4110834149535,639.8489776012946,,,,,,,,,,,,,,,,,639.8489776012946,,"rgba(239, 83, 80, 0.5)"
2025-08-27 00:00:00+00:00,945.4847035349,947.9541639621,933.2319976657,936.4930794797,1893587,0.0,0.0,0.0,0.0,0.0,0.0,0.0,0.0,,,,946.7255551089435,919.2257176806465,888.9109726259381,881.4104677798201,864.0385475609525,851.6876162788578,812.2172087652617,807.8908973745896,797.1691860284577,781.8133472393249,773.1421171955295,751.5913211766349,700.6939446473747,640.1084693351132,,,,,,,,,,,,,,,,,640.1084693351132,,"rgba(239, 83, 80, 0.5)"
2025-08-28 00:00:00+00:00,940.9440827496,946.9583142148,940.1177096816,946.2464524167,2067919,0.0,0.0,0.0,0.0,0.0,0.0,0.0,0.0,,,,946.7105752420043,919.2952853447615,889.0465448574781,881.5597565424713,864.2172317175922,851.8861713917985,812.4666037595078,808.1448767933713,797.4340829606556,782.0922274571127,773.4278920835792,751.8906834652515,701.0026661493407,640.3917638313868,,,,,,,,,,,,,,,,,640.3917638313868,,"rgba(239, 83, 80, 0.5)"
2025-08-29 00:00:00+00:00,939.3110524671,944.5785708782,936.4632069745,940.9839127565,1608954,0.0,0.0,0.0,0.0,0.0,0.0,0.0,0.0,,,,946.6916665237544,919.3432416824658,889.1465508192033,881.6705724654124,864.3511864418695,852.0357275758305,812.6561922594822,808.338083925984,797.6359059597612,782.3051007195221,773.6462273979656,752.1198440894221,701.2397895265708,640.609955228919,,,,,,,,,,,,,,,,,640.609955228919,,"rgba(239, 83, 80, 0.5)"
2025-09-02 00:00:00+00:00,934.8301766921,940.4985841225,932.5996963063,934.6708566645,1793947,0.0,0.0,0.0,0.0,0.0,0.0,0.0,0.0,,,,946.6575099934439,919.3858443921546,889.2485719770124,881.7849161170553,864.4918529605593,852.1940703114172,812.8600693924013,808.5460903838168,797.8537406048044,782.5355633437589,773.8829533913337,752.3690817277644,701.4990486654074,640.8495006314032,,,,,,,,,,,,,,,,,640.8495006314032,,"rgba(239, 83, 80, 1.0)"
2025-09-03 00:00:00+00:00,945.7435985797,946.0522811331,932.5200362925,935.0094117231,1656311,0.0,0.0,0.0,0.0,0.0,0.0,0.0,0.0,,,,946.6421958277724,919.437872621723,889.3533372249649,881.9006589142448,864.6311244751784,852.3492322953873,813.0560321799534,808.7457437064754,798.0621841840765,782.7552846078191,774.1082498979557,752.6054263642222,701.7434734579009,641.0744099948415,,,,,,,,,,,,,,,,,641.0744099948415,,"rgba(239, 83, 80, 0.5)"
2025-09-04 00:00:00+00:00,951.8375896338,955.4222902538,947.0679463088,949.3482142032,1471872,0.0,0.0,0.0,0.0,0.0,0.0,0.0,0.0,,,,946.6546809414608,919.5048315149277,889.4638977495102,882.0203559193379,864.7705297437426,852.5020965146566,813.2432035205983,808.9360000191323,798.259798293072,782.9623068823793,774.3198898804576,752.8260579759233,701.9693107036695,641.2806395742576,,,,,,,,,,,,,,,,,641.2806395742576,,"rgba(239, 83, 80, 0.5)"
2025-09-05 00:00:00+00:00,959.3853759393,965.4295794847,952.1588186393,954.6356476177,1928459,0.0,0.0,0.0,0.0,0.0,0.0,0.0,0.0,,,,946.6965768434005,919.6127742386111,889.6257309351794,882.1935468174141,864.9683524051512,852.7168944463971,813.5010252933598,809.1976726048292,798.5306657125919,783.2448998352532,774.6082041901453,753.1253498571142,702.2735216040066,641.5569949444703,,,,,,,,,,,,,,,,,641.5569949444703,,#000000
2025-09-08 00:00:00+00:00,967.7198048808,968.2077224652,954.5124733214,959.6343134823,1737032,0.0,0.0,0.0,0.0,0.0,0.0,0.0,0.0,,,,946.747760152934,919.7205236899676,889.7802475844281,882.357959291761,865.1543014852061,852.917770831495,813.739615809583,809.439630039232,798.7806686591013,783.5051472732691,774.8734330942967,753.4000517093571,702.5516998448242,641.8090210153056,,,,,,,,,,,,,,,,,641.8090210153056,,#000000
2025-09-09 00:00:00+00:00,975.0883561553,975.7057212621,959.0169483755,965.8776670622,1496835,0.0,0.0,0.0,0.0,0.0,0.0,0.0,0.0,,,,946.8085401673786,919.8265879470529,889.9245001919865,882.5103388240105,865.3244610394374,853.1003616581175,813.9534453700303,809.6562359612846,799.0039162697067,783.7368298070087,775.1091934680605,753.6434509196102,702.7968569533585,642.0302336638358,,,,,,,,,,,,,,,,,642.0302336638358,,"rgba(38, 166, 154, 1.0)"
2025-09-10 00:00:00+00:00,952.2259322009,976.8309189567,949.9058342996,972.2405106627,2277534,0.0,0.0,0.0,0.0,0.0,0.0,0.0,0.0,,,,946.8595664445495,919.9541744641778,890.114916806564,882.7140292683333,865.556967297714,853.3527399375934,814.256306196243,809.9636246360387,799.3221200039108,784.0688408040102,775.4479518069336,753.9951942466661,703.1546933160515,642.3557146760056,,,,,,,,,,,,,,,,,642.3557146760056,,"rgba(38, 166, 154, 1.0)"
2025-09-11 00:00:00+00:00,960.2218060839,961.0582362286,950.2244743548,953.729514961,1532027,0.0,0.0,0.0,0.0,0.0,0.0,0.0,0.0,,,,946.8870377370954,920.0341934859754,890.2378619152843,882.8460338089117,865.7086082698933,853.5178809100788,814.4558527499545,810.1662654559697,799.5321497060103,784.288318105596,775.6720593670625,754.2282741953887,703.3925108958421,642.5725682349841,,,,,,,,,,,,,,,,,642.5725682349841,,"rgba(38, 166, 154, 1.0)"
2025-09-12 00:00:00+00:00,963.7865917005,965.4494944881,955.9201653399,956.2089328898,1461618,0.0,0.0,0.0,0.0,0.0,0.0,0.0,0.0,,,,946.9246504947782,920.119530915592,890.3626835183443,882.9792203326815,865.8599878329014,853.6818388849184,814.6517636500026,810.3650425036011,799.7377759123021,784.5026884801847,775.8907005586319,754.4551193637993,703.6230451338589,642.782165903405,,,,,,,,,,,,,,,,,642.782165903405,,"rgba(38, 166, 154, 1.0)"
2025-09-15 00:00:00+00:00,956.0197403571,965.6187720174,955.6274147893,963.7069316867,2199423,0.0,0.0,0.0,0.0,0.0,0.0,0.0,0.0,,,,946.9708929322547,920.2392115567138,890.5428009744372,883.1721258439186,866.080658822446,853.9216427384347,814.9403326613741,810.6579979836049,800.0412104641164,784.8195226207602,776.2140991835248,754.7912198440448,703.9656483177666,643.0944506508849,,,,,,,,,,,,,,,,,643.0944506508849,,#000000
2025-09-16 00:00:00+00:00,948.0238664741,955.498763867,946.7592637554,955.0239901849,2012649,0.0,0.0,0.0,0.0,0.0,0.0,0.0,0.0,,,,946.9817196710039,920.3228791647958,890.685277799747,883.3269815611422,866.2622369454108,854.1214419199787,815.1869736951896,810.9088824122533,800.3022208321653,785.0935330120203,776.4945296315483,755.0843143885829,704.267328782789,643.3715576351843,,,,,,,,,,,,,,,,,643.3715576351843,,#000000
2025-09-17 00:00:00+00:00,958.9372883618,959.8832510254,949.4378317187,949.4378317187,1556773,0.0,0.0,0.0,0.0,0.0,0.0,0.0,0.0,,,,947.0060675690985,920.4002358095737,890.8060846694482,883.4569768369767,866.4121498823653,854.2850306170359,815.3855789060093,811.1106496654663,800.5115403295573,785.3125305831546,776.7182871768391,755.3173663528365,704.5058458437512,643.5897361766699,,,,,,,,,,,,,,,,,643.5897361766699,,#000000
2025-09-18 00:00:00+00:00,948.3126340241,958.4466822519,946.629816233,953.3013423869,1860898,0.0,0.0,0.0,0.0,0.0,0.0,0.0,0.0,,,,947.0192077761112,920.4794844239854,890.938987767432,883.6011964989887,866.5808255483636,854.4704027663672,815.6139123212604,811.3428782552352,800.7530668195163,785.565999341733,776.9776558769515,755.5883784328489,704.7847610868478,643.8460079235481,,,,,,,,,,,,,,,,,643.8460079235481,,#000000
2025-09-19 00:00:00+00:00,947.1177338174,953.3700491488,939.7790550481,950.9414144788,4606020,0.0,0.0,0.0,0.0,0.0,0.0,0.0,0.0,,,,947.0171450110414,920.6461468783352,891.2417157935753,883.9325815307687,866.9739997847183,854.9055651546458,816.1576482936542,811.8964986440269,801.3302726905584,786.1735676981083,777.6002880550138,756.2410280095528,705.4602052552457,644.4694851895132,,,,,,,,,,,,,,,,,644.4694851895132,,"rgba(239, 83, 80, 0.5)"
2025-09-22 00:00:00+00:00,939.2513074568,945.9625640426,935.6168193282,943.3488194155,2794337,0.0,0.0,0.0,0.0,0.0,0.0,0.0,0.0,,,,946.9852968519239,920.7213954602104,891.4025295394282,884.1113751120488,867.1914356548963,855.1490902114574,816.4690695984069,812.2141336787245,801.662726186602,786.525153318728,777.9614177150721,756.6214130827655,705.857189695216,644.8384013016732,,,,,,,,,,,,,,,,,644.8384013016732,,"rgba(239, 83, 80, 0.5)"
2025-09-23 00:00:00+00:00,939.5898625153,940.9739552547,929.5327857758,938.7534323707,3258514,0.0,0.0,0.0,0.0,0.0,0.0,0.0,0.0,,,,946.9289295152241,920.7924960764284,891.5750980572286,884.305249757674,867.4310332597346,855.4194567588584,816.8198160540398,812.5722592888801,802.0384456436832,786.9236272543469,778.3712776437046,757.0544008688686,706.311386637655,645.2622428334676,,,,,,,,,,,,,,,,,645.2622428334676,,"rgba(239, 83, 80, 0.5)"
2025-09-24 00:00:00+00:00,941.252765303,949.607009673,939.101944931,940.2619938816,2149803,0.0,0.0,0.0,0.0,0.0,0.0,0.0,0.0,,,,946.9159312888908,920.8584431156911,891.7048338172417,884.4484445964009,867.6032302937248,855.6113036394473,817.0628227796138,812.8199506958024,802.2973166896223,787.1969361264084,778.6517863981572,757.3494137469012,706.6186500458593,645.5475368616462,,,,,,,,,,,,,,,,,645.5475368616462,,"rgba(239, 83, 80, 0.5)"
2025-09-25 00:00:00+00:00,939.3010949654,948.9499141343,931.643875716,948.4022515396,2991526,0.0,0.0,0.0,0.0,0.0,0.0,0.0,0.0,,,,946.8812621809568,920.935957331359,891.8726204493329,884.6352610010122,867.8309904253802,855.866715702488,817.390479704972,813.1542418826889,802.6474362200455,787.5675291409366,779.0326183743026,757.7510036110709,707.0388518898901,645.9391623711023,,,,,,,,,,,,,,,,,645.9391623711023,,"rgba(239, 83, 80, 1.0)"
2025-09-26 00:00:00+00:00,912.0573702532,923.6877322648,901.2037929509,921.6165719066,4812869,0.0,0.0,0.0,0.0,0.0,0.0,0.0,0.0,,,,946.6061095788141,920.8800619759868,891.9863351842005,884.7843142917998,868.0551219622681,856.1403679497453,817.7958918467602,813.5719272028173,803.0943314377937,788.0525055662936,779.5369374553902,758.29592571133,707.6318497419294,646.5079986150276,,,,,,,,,,,,,,,,,646.5079986150276,,"rgba(239, 83, 80, 1.0)"
2025-09-29 00:00:00+00:00,912.9734604117,913.3219729719,899.4511730728,912.4457128204,4107021,0.0,0.0,0.0,0.0,0.0,0.0,0.0,0.0,,,,946.3495566560521,920.8123849175201,892.0647366174725,884.8931645603859,868.2286187170383,856.3564139191843,818.1255590538788,813.9122091537743,803.4598759047713,788.4510373187163,779.952267507067,758.7467009402204,708.1259945942528,646.984700412392,,,,,,,,,,,,,,,,,646.984700412392,,"rgba(239, 83, 80, 1.0)"
2025-09-30 00:00:00+00:00,921.6962319204,926.55051401,909.4883348089,912.3560953049,3096697,0.0,0.0,0.0,0.0,0.0,0.0,0.0,0.0,,,,946.2123642475798,920.8059082201434,892.1612096039091,885.0112286894421,868.3927638894995,856.5511583980523,818.4016641940726,814.1958916962938,803.7616132683384,788.7763095944385,780.2894763635729,759.1088621491083,708.5167096911811,647.3575927341969,,,,,,,,,,,,,,,,,647.3575927341969,,"rgba(239, 83, 80, 1.0)"
2025-10-01 00:00:00+00:00,913.4414629926,920.0731591397,907.29768443,919.0774089674,2642054,0.0,0.0,0.0,0.0,0.0,0.0,0.0,0.0,,,,946.0721515394856,920.7806070063624,892.2259484277122,885.0948268718746,868.5165346381998,856.701496225557,818.622933006051,814.4237880436058,804.0052961514549,789.0406070748127,780.5642626907129,759.4057238742088,708.8400274393991,647.6683482075977,,,,,,,,,,,,,,,,,647.6683482075977,,"rgba(239, 83, 80, 1.0)"
2025-10-02 00:00:00+00:00,912.8738853944,914.6064906941,906.1426142302,908.6817771694,2063842,0.0,0.0,0.0,0.0,0.0,0.0,0.0,0.0,,,,945.9554379365867,920.7544076886984,892.2706094447411,885.1543296294302,868.6076339950837,856.813460015259,818.7907200762851,814.5967998852843,804.1907525520032,789.2423289051267,780.7742731189932,759.6332335143137,709.0889314551654,647.9084079034814,,,,,,,,,,,,,,,,,647.9084079034814,,"rgba(239, 83, 80, 1.0)"
2025-10-03 00:00:00+00:00,911.489792655,914.1992288737,907.3275569351,911.6989001912,2319199,0.0,0.0,0.0,0.0,0.0,0.0,0.0,0.0,,,,945.824454869249,920.7245175967865,892.3200131763792,885.2203555735259,868.7090586035564,856.9382638397774,818.9781322581156,814.7900764527061,804.397998901562,789.4678417672509,781.0090992204197,759.8877404564608,709.3676235084803,648.1774419084156,,,,,,,,,,,,,,,,,648.1774419084156,,"rgba(239, 83, 80, 1.0)"
2025-10-06 00:00:00+00:00,907.0686618903,911.8879931489,900.4080889883,911.6092826757,2503975,0.0,0.0,0.0,0.0,0.0,0.0,0.0,0.0,,,,945.6657948010771,920.6774370976985,892.3601421481576,885.2787502483666,868.8062975123504,857.0610803911974,819.1696592641956,814.9880552128071,804.6113432581471,789.7013045003864,781.2528436139995,760.1533197909736,709.6608859608788,648.4622749549819,,,,,,,,,,,,,,,,,648.4622749549819,,"rgba(239, 83, 80, 1.0)"
2025-10-07 00:00:00+00:00,910.9122575551,913.7401880443,900.0386656744,904.8680540097,2601836,0.0,0.0,0.0,0.0,0.0,0.0,0.0,0.0,,,,945.5096867996822,920.6349105851416,892.4068208840721,885.3441466821332,868.9115473021519,857.1926171433247,819.3718151532238,815.1968430719469,804.8359308886367,789.9465803859206,781.5086900134434,760.4315974376777,709.9674274903095,648.7596073341069,,,,,,,,,,,,,,,,,648.7596073341069,,"rgba(239, 83, 80, 1.0)"
2025-10-08 00:00:00+00:00,910.9122575551,912.4850449522,907.0885768938,908.656883415,2376942,0.0,0.0,0.0,0.0,0.0,0.0,0.0,0.0,,,,945.375536635056,920.6023233853886,892.4544018496227,885.4085805022519,869.0119091820834,857.3167201378592,819.5596940335641,815.3907116652333,805.044073791456,790.173414539125,781.7450713883051,760.6882195847946,710.2493667986946,649.0326626661364,,,,,,,,,,,,,,,,,649.0326626661364,,"rgba(239, 83, 80, 1.0)"
2025-10-09 00:00:00+00:00,938.8828798931,939.7590404696,923.3393192796,928.3478430709,3742871,0.0,0.0,0.0,0.0,0.0,0.0,0.0,0.0,,,,945.3079222796117,920.667616637047,892.6289544394659,885.606399708374,869.2599128444839,857.5985648687837,819.931372957194,815.7707536494366,805.4440950527485,790.599470360661,782.1842867640861,761.1546774837423,710.7444518214503,649.5006124318651,,,,,,,,,,,,,,,,,649.5006124318651,,"rgba(239, 83, 80, 0.75)"
2025-10-10 00:00:00+00:00,926.0576176748,941.432000334,925.0519100008,940.4063776566,3142539,0.0,0.0,0.0,0.0,0.0,0.0,0.0,0.0,,,,945.2361537417842,920.7091189319742,892.7633185876558,885.7605301801964,869.4566305347687,857.8239273547349,820.2330200772316,816.079520807426,805.7698696131164,790.947438062401,782.543499517555,761.5372891209691,711.152604636211,649.8879884542882,,,,,,,,,,,,,,,,,649.8879884542882,,"rgba(239, 83, 80, 0.75)"
2025-10-13 00:00:00+00:00,931.5840311306,932.002246203,919.0774089674,925.0519100008,2169648,0.0,0.0,0.0,0.0,0.0,0.0,0.0,0.0,,,,945.1757744823635,920.728333585584,892.8475625148686,885.8586057867321,869.5844700472179,857.9717336435743,820.4341545798115,816.2856441695645,805.9879075331514,791.1810428943635,782.785009460341,761.7953260541622,711.4293061295285,650.1516887883216,,,,,,,,,,,,,,,,,650.1516887883216,,#000000
2025-10-14 00:00:00+00:00,942.4874955165,943.3936281733,931.9724732728,936.2640569401,1925863,0.0,0.0,0.0,0.0,0.0,0.0,0.0,0.0,,,,945.1579714080831,920.7744521096705,892.9471572062768,885.9696590240375,869.7203408951258,858.1244367784865,820.6315397302716,816.4871903866942,806.1994048979195,791.4055091982585,783.0160251373705,762.0398592909936,711.6876230100576,650.3952200187001,,,,,,,,,,,,,,,,,650.3952200187001,,#000000
2025-10-15 00:00:00+00:00,950.931456977,959.9031660288,941.2429073763,941.9796629287,2009832,0.0,0.0,0.0,0.0,0.0,0.0,0.0,0.0,,,,945.1753708949351,920.8518500098643,893.0761165325916,886.1097564275417,869.8847328831878,858.3055016978171,820.8565711710828,816.716295896867,806.4382678353857,791.657053331247,783.2739341066142,762.3107157807043,711.9700599020495,650.658951173403,,,,,,,950.6925101273667,,,,,,,,,,650.658951173403,,"rgba(38, 166, 154, 1.0)"
2025-10-16 00:00:00+00:00,921.6862744187,953.8290899782,917.2452286505,951.4791195718,2721426,0.0,0.0,0.0,0.0,0.0,0.0,0.0,0.0,,,,945.1149455046016,920.8869957024946,893.1902095739108,886.240710016005,870.0520620490712,858.4973180610458,821.1138242209897,816.9796746788653,806.7162863316469,791.9542056762277,783.5808009351089,762.637869316935,712.3198457804334,650.9918357693319,,,,,,,939.3194492696256,,,,,,,,,,650.9918357693319,,#000000
2025-10-17 00:00:00+00:00,932.3507587632,934.829579242,924.2055223544,925.6294451007,2502164,0.0,0.0,0.0,0.0,0.0,0.0,0.0,0.0,,,,945.0580597889424,920.917627916552,893.2932382177669,886.3592112896787,870.2039500162045,858.6716777125736,821.348309194233,817.2197940664399,806.9698725970076,792.2254028101073,783.8609464534244,762.9367301978184,712.639793008726,651.2967033529599,,,,,,,936.2554904459856,,,,,,,,,,651.2967033529599,,#000000
2025-10-20 00:00:00+00:00,932.1316937253,935.8060118609,927.5412854314,932.2063749883,1523704,0.0,0.0,0.0,0.0,0.0,0.0,0.0,0.0,,,,945.026852728187,920.9388385772909,893.3579922073856,886.4332853619087,870.2981550666187,858.7794515540327,821.492387182183,817.3672744215659,807.1254870581112,792.3916547245095,784.0326022399822,763.1196799499497,712.8353844482355,651.4829339508665,,,,,,,935.4848347569673,,,,,,,,,,651.4829339508665,,#000000
2025-10-21 00:00:00+00:00,933.5157864647,939.3608399757,931.0264110342,932.1316937253,1448215,0.0,0.0,0.0,0.0,0.0,0.0,0.0,0.0,,,,945.0036084234241,920.9641018611393,893.4238145474152,886.5078075917859,870.3915004659427,858.8855184253736,821.6324554927952,817.5105269992633,807.2763552118566,792.5524781995493,784.198477704958,763.2960869039609,713.0233419751017,651.6614797065284,,,,,,,935.3641439511626,,,,,,,,,,651.6614797065284,,#000000
2025-10-22 00:00:00+00:00,940.6652727014,948.9498145593,928.5370356036,936.0051618953,2372365,0.0,0.0,0.0,0.0,0.0,0.0,0.0,0.0,,,,944.9830940012789,921.0195948326418,893.5435629139498,886.6413870549882,870.5550906298834,859.0694849824805,821.8707706018913,817.7539244110384,807.5319151767412,792.823924389589,784.4779694981876,763.5922708027513,713.3371378586126,651.9583760238941,,,,,,,936.1223635307072,,,,,,,,,,651.9583760238941,,"rgba(38, 166, 154, 0.75)"
2025-10-23 00:00:00+00:00,938.0464497484,941.4519153374,930.5185784463,941.4519153374,1974780,0.0,0.0,0.0,0.0,0.0,0.0,0.0,0.0,,,,944.9579162080481,921.0587499982279,893.6368992285563,886.7463757734923,870.6853324715163,859.2168316604848,822.0638512354869,817.9512900160113,807.7395333176936,793.0449480355536,784.7057952811207,763.8342668999866,713.5945563253142,652.2027213053518,,,,,,,936.1969921677847,,,,,,,,,,652.2027213053518,,"rgba(38, 166, 154, 0.75)"
2025-10-24 00:00:00+00:00,928.1785655416,938.992412412,926.1970226989,936.0051618953,1639373,0.0,0.0,0.0,0.0,0.0,0.0,0.0,0.0,,,,944.9232080889251,921.079605681588,893.7041240551143,886.8235475027392,870.7840037283634,859.3299940144234,822.2159076967565,818.1070013243913,807.9039851773549,793.2208468000387,784.8875204903868,764.0282136280653,713.802498057951,652.4012962977723,,,,,,,935.6832332557797,,,,,,,,,,652.4012962977723,,#000000
2025-10-27 00:00:00+00:00,925.8982976472,929.2340607242,921.1884989076,926.2567677092,1967623,0.0,0.0,0.0,0.0,0.0,0.0,0.0,0.0,,,,944.8647214569526,921.0904249241696,893.7722869479691,886.9039818239322,870.8908942954401,859.4546323015275,822.3883581476694,818.2839574051847,808.0917113921383,793.4226997427212,785.0965853734773,764.2525051500063,714.0450393017722,652.6344073257367,,,,,,,934.5733855695327,,,,,,,,,,652.6344073257367,,#000000
2025-10-28 00:00:00+00:00,920.2324791672,926.764600297,916.2893084852,922.930962134,2090768,0.0,0.0,0.0,0.0,0.0,0.0,0.0,0.0,,,,944.7891428314394,921.0904381705628,893.834502465178,886.9794888800562,870.995007286277,859.577870596157,822.5632719786777,818.4637519843832,808.2831692908167,793.6294747502286,785.3111979133743,764.4837462615232,714.2968672493352,652.877733924811,,,,,,,933.181836825836,,,,,,,,,,652.877733924811,,"rgba(239, 83, 80, 0.5)"
2025-10-29 00:00:00+00:00,908.5423721452,915.9706684301,905.4356316079,915.0944082785,2449556,0.0,0.0,0.0,0.0,0.0,0.0,0.0,0.0,,,,944.6599592695256,921.056324615813,893.8774680962338,887.0388525869106,871.08950449263,859.6956627664827,822.7443915797262,818.650880262656,808.4846439807104,793.8498369821701,785.5412716004561,764.7346415232201,714.5753194906326,653.150468168016,,,,,,,930.6784181795143,,,,,,,,,,653.150468168016,,"rgba(239, 83, 80, 1.0)"
2025-10-30 00:00:00+00:00,916.2693934817,919.0774089674,906.5010842922,908.8112246917,2677064,0.0,0.0,0.0,0.0,0.0,0.0,0.0,0.0,,,,944.5358933363018,921.0325500264656,893.935663582772,887.1145355354191,871.202734587965,859.833871370347,822.9504374284534,818.8633588488817,808.7124891233831,794.0979059728469,785.7997281974425,765.0153123062345,714.8848873816204,653.4524652221647,,,,,,,928.9136248121059,,,,,,,,,,653.4524652221647,,"rgba(239, 83, 80, 1.0)"
2025-10-31 00:00:00+00:00,908.8709697021,917.396776703,907.1059780773,913.6175008511,2456261,0.0,0.0,0.0,0.0,0.0,0.0,0.0,0.0,,,,944.4125073248881,921.0022324374532,893.9812686110361,887.1763324227311,871.2992700079686,859.9534756612715,823.1328284159521,819.0517137331785,808.915089297009,794.3192713780933,786.0307468785514,765.2670396301411,715.164059325397,653.7259411271979,,,,,,,927.3437493387241,,,,,,,,,,653.7259411271979,,"rgba(239, 83, 80, 1.0)"
2025-11-03 00:00:00+00:00,925.414026795,926.5606730489,905.809656545,909.8182815911,3206606,0.0,0.0,0.0,0.0,0.0,0.0,0.0,0.0,,,,944.2918341118383,920.9953062634659,894.0685283723432,887.2837787759158,871.4502006217781,860.1334755392614,823.3917181120321,819.3180821869269,809.1993373794536,794.6270468045478,786.3505932814718,765.6126230939166,715.5424040243395,654.0933452550674,,,,,,,926.5087956558224,,,,,,,,,,654.0933452550674,,"rgba(239, 83, 80, 0.75)"
2025-11-04 00:00:00+00:00,938.0780909952,938.5068742712,926.3364094238,930.5693978119,2554542,0.0,0.0,0.0,0.0,0.0,0.0,0.0,0.0,,,,944.2538151104967,921.0373672900398,894.1788730740888,887.4088945070735,871.6073857974104,860.3123825720455,823.62917817648,819.561066414762,809.4555502790105,794.9006211330561,786.6330220495935,765.9136744808776,715.8649963583451,654.4018770387681,,,,,,,927.101788277445,,,,,,,,,,654.4018770387681,,#000000
2025-11-05 00:00:00+00:00,932.3842479571,942.6052446541,924.8157245493,937.3401848922,2694057,0.0,0.0,0.0,0.0,0.0,0.0,0.0,0.0,,,,944.2098776686602,921.0779886793001,894.2915950758232,887.5372175372988,871.7695739239907,860.4974923350122,823.8761679343005,819.8139013613342,809.7223830393768,795.1858368563038,786.9276228323743,766.2280544244919,716.2025649046807,654.7253191315151,,,,,,,927.5595998146807,,,,,,,,,,654.7253191315151,,#000000
2025-11-06 00:00:00+00:00,920.9666467688,922.3826287503,905.7298829123,921.7444396882,3247658,0.0,0.0,0.0,0.0,0.0,0.0,0.0,0.0,,,,944.0762424963741,921.0591737591612,894.3680437654771,887.6341139915907,871.9105144409609,860.6678350614429,824.1266422417563,820.0719983995481,809.9987075303889,795.48619069425,787.2403388016274,766.567265700716,716.5765188317096,655.0906208400235,,,,,,,926.6395930740565,,,,,,,,,,655.0906208400235,,#000000
2025-11-07 00:00:00+00:00,920.1290236249,934.3486736638,918.1845413264,926.8998107051,2584010,-1.0,934.3487,918.1846,1145.0,-1.0,934.3487,918.1846,1145.0,,,,944.0007258226411,921.0691730903134,894.4501009800697,887.7317168239023,872.0417394704518,860.8216548755778,824.3418689869924,820.2930556335938,810.2337191944572,795.7395795642205,787.5031575631248,766.8501738158358,716.8847280575897,655.3892697103593,,924.2207462050335,,,,,926.491199818965,,,,,,,,,,655.3892697103593,,#000000
2025-11-10 00:00:00+00:00,912.969340085,919.3911175219,906.4977041276,916.3996062935,2612726,0.0,0.0,0.0,0.0,0.0,0.0,0.0,0.0,,,,943.8817856471514,921.0433000705767,894.5013824733271,887.7995640593361,872.1452464001457,860.9489206396565,824.5341034007182,820.4914868706686,810.4469684011217,795.9723913238561,787.7460561754497,767.1147873299049,717.1785477146586,655.677935596895,,918.5556010978006,,,,,925.7004513734108,,,,,,,,,,655.677935596895,,"rgba(239, 83, 80, 0.5)"
2025-11-11 00:00:00+00:00,911.2741503889,916.2899175485,910.4165838367,913.9066802699,1663441,0.0,0.0,0.0,0.0,0.0,0.0,0.0,0.0,,,,943.8058221105551,921.0263208542948,894.5333687200815,887.8420702979507,872.2104031775087,861.0291696080221,824.6556556348662,820.6169813807134,810.58189069365,796.1197646360309,787.8998525334141,767.2824227721112,717.3648763325067,655.8611747024348,,917.1261010732668,,,,,925.2329201179303,,,,,,,,,,655.8611747024348,,"rgba(239, 83, 80, 0.5)"
2025-11-12 00:00:00+00:00,911.4137542462,915.502152925,909.0903471922,912.8746088961,1829740,0.0,0.0,0.0,0.0,0.0,0.0,0.0,0.0,,,,943.7209334159666,921.0062604434424,894.5671501175116,887.887423013517,872.2806700710094,861.116032597161,824.7879761106391,820.7536436276013,810.7289365567558,796.2805289089471,788.0676974452842,767.4655390378082,717.5687336312088,656.0619153940562,,916.0471934659594,,,,,924.730928799675,,,,,,,,,,656.0619153940562,,"rgba(239, 83, 80, 1.0)"
2025-11-13 00:00:00+00:00,922.462402383,924.1276769668,909.1402057126,913.7571047084,2430607,0.0,0.0,0.0,0.0,0.0,0.0,0.0,0.0,,,,943.632095726145,920.9991073999976,894.628669632928,887.9637604158518,872.3890154999851,861.245813200009,824.9763345533877,820.9475884199861,810.9362509644371,796.5054919544323,788.3017509059191,767.7191056691734,717.848010741472,656.3349286923077,,916.6000798430916,,,,,924.4356388300387,,,,,,,,,,656.3349286923077,,"rgba(239, 83, 80, 0.5)"
2025-11-14 00:00:00+00:00,920.3683445231,926.2616216431,912.5106416966,924.5016158704,1739059,0.0,0.0,0.0,0.0,0.0,0.0,0.0,0.0,,,,943.5717845145525,920.9964049599605,894.6745729091288,888.020165447493,872.468124423147,861.3401439217886,825.1122693688235,821.0874916714317,811.0856538474051,796.6674362026433,788.4701545071304,767.9013699348873,718.0484820189613,656.5307621824076,,917.0211264564416,,,,,924.2789077474697,,,,,,,,,,656.5307621824076,,"rgba(239, 83, 80, 0.5)"
2025-11-17 00:00:00+00:00,910.0077439689,922.2829117093,906.2384398211,919.4110609301,2481947,0.0,0.0,0.0,0.0,0.0,0.0,0.0,0.0,,,,943.4615986021191,920.9720170619495,894.7218984336922,888.082943460437,872.5642179450963,861.4584611257744,825.2915576075613,821.2726119375415,811.2847277773021,796.8849594304654,788.6972075690974,768.148999595718,718.3241776548216,656.8024645574599,,916.3451958669816,,,,,923.7616971328281,,,,,,,,,,656.8024645574599,,"rgba(239, 83, 80, 0.5)"
2025-11-18 00:00:00+00:00,892.5472900992,916.3098609566,891.6398650266,910.0077439689,2984688,0.0,0.0,0.0,0.0,0.0,0.0,0.0,0.0,,,,943.2757043655622,920.8974443530135,894.7388975191672,888.119579478745,872.6429913719845,861.565100230532,825.4751150641094,821.4635596653717,811.4933415805771,797.1169870165116,788.9413862499644,768.4196777969152,718.6331459931092,657.1123007335409,,913.7101278649795,,,,,922.544550906554,,,,,,,,,,657.1123007335409,,"rgba(239, 83, 80, 1.0)"
2025-11-19 00:00:00+00:00,888.0799666648,892.4675164665,871.4974216237,892.4675164665,3462344,0.0,0.0,0.0,0.0,0.0,0.0,0.0,0.0,,,,942.9820073837185,920.7447322224257,894.7001913338142,888.105192762752,872.6805162750665,861.6366196403683,825.6411234042922,821.638692030561,811.6902627157037,797.3428634982549,789.1823682794573,768.6939641438204,718.9584765604732,657.4469170760349,,908.9913741575895,,,,,920.3691960727148,,,,,884.0149682516667,,,,,657.4469170760349,,"rgba(239, 83, 80, 1.0)"
2025-11-20 00:00:00+00:00,890.7623550663,902.010437285,888.4788348286,890.9717608523,2648257,0.0,0.0,0.0,0.0,0.0,0.0,0.0,0.0,,,,942.7960891707419,920.6595124331776,894.6975768730039,888.120286877955,872.7335612026407,861.7146810607087,825.788535929108,821.7927899669475,811.8603401327149,797.5341570270627,789.3847042421788,768.9205188125754,719.2210771940842,657.7131601077081,,907.3397009424464,,,,,919.2672742932693,,,,,888.2342426519424,,,,,657.7131601077081,,"rgba(239, 83, 80, 1.0)"
2025-11-21 00:00:00+00:00,896.4661698084,902.7583150921,889.6056373913,891.9838888179,2870059,0.0,0.0,0.0,0.0,0.0,0.0,0.0,0.0,,,,942.6064753465112,920.5763741272835,894.7022744501668,888.1438531292345,872.7976217526623,861.8054903765037,825.9534875745924,821.9648891334693,812.0495294475883,797.7460374267381,789.6083907002915,769.1700733031211,719.5088885684415,658.0041062927477,,906.1769373304503,,,,,918.2801191731346,,,,,890.8044711674601,,,,,658.0041062927477,,"rgba(239, 83, 80, 1.0)"
2025-11-24 00:00:00+00:00,883.6126432305,898.8094205536,878.8262252651,896.4561981043,3661191,0.0,0.0,0.0,0.0,0.0,0.0,0.0,0.0,,,,942.3192691371929,920.4313213226949,894.6734693337064,888.1399566086271,872.8470343209113,861.88992873804,826.1354269488384,822.1562573670033,812.2634316859788,797.9899088297727,789.8679034453387,769.4640772897088,719.8556545244425,658.3599420957776,,903.9195340951685,,,,,916.6600780758602,,,,,889.7266318235786,,,,,658.3599420957776,,"rgba(239, 83, 80, 1.0)"
2025-11-25 00:00:00+00:00,891.7994122921,893.1854791613,882.6254445251,884.1511152516,2534731,0.0,0.0,0.0,0.0,0.0,0.0,0.0,0.0,,,,942.1297311616134,920.3379709834551,894.6591900624782,888.1426535056394,872.8861104561854,861.952950923741,826.2651156532485,822.2923946176788,812.4149855847022,798.1619687152829,790.0506640706374,769.670420447807,720.0979232877334,658.6079270704893,,902.8061547238461,,,,,915.7072258397421,,,,,889.6392513426658,,,,,658.6079270704893,,"rgba(239, 83, 80, 1.0)"
2025-11-26 00:00:00+00:00,905.6899960959,909.4194134273,893.0857621203,893.4846302841,1936171,0.0,0.0,0.0,0.0,0.0,0.0,0.0,0.0,,,,942.0226344233624,920.2978601637952,894.6752547909822,888.170858790353,872.9404760477966,862.0246968196128,826.3850365861746,822.4169617939386,812.5506737521108,798.3124259026674,790.2088000938535,769.8453428449654,720.2972826117749,658.8080852931013,,902.802088272845,,,,,915.3721434478713,,,,,891.1205597941664,,,,,658.8080852931013,,"rgba(239, 83, 80, 0.75)"
2025-11-28 00:00:00+00:00,911.0049143783,911.6131883281,900.4448797421,902.4541781172,1092608,0.0,0.0,0.0,0.0,0.0,0.0,0.0,0.0,,,,941.9700455728791,920.2816689510756,894.6898514796263,888.1921283566754,872.9761571040262,862.0699883188911,826.4569258802686,822.4914137836099,812.6312627491278,798.4011607141075,790.3017644521121,769.9475249438517,720.4126427873208,658.9231845045099,,902.9482088565026,,,,,915.2617662284053,,,,,892.1148464283862,,,,,658.9231845045099,,"rgba(239, 83, 80, 0.5)"
2025-12-01 00:00:00+00:00,909.3795266109,915.9807947215,903.6457967565,910.6160179186,2149426,0.0,0.0,0.0,0.0,0.0,0.0,0.0,0.0,,,,941.8730104399901,920.254929247079,894.7228334150117,888.2380738672549,873.0501308551816,862.1626839758868,826.601419211242,822.6408970767127,812.792698868646,798.5784608543294,790.4872983982858,770.1509852745631,720.6415665653266,659.1511029427598,,903.3216534285051,,,,,915.108067298959,,,,,893.9684999314795,,,,,659.1511029427598,,#000000
2025-12-02 00:00:00+00:00,919.4210326342,920.3882879313,902.4392205611,909.3795266109,2160592,0.0,0.0,0.0,0.0,0.0,0.0,0.0,0.0,,,,941.7893460998051,920.239337190462,894.7655890419437,888.2935323613013,873.1331161379212,862.2641220796698,826.753849660556,822.7982363408757,812.961802594656,798.7631724864685,790.6801016715534,770.3613580185979,720.8764826731707,659.3838176500894,,903.8909394148538,,,,,915.0805088382309,,,,,895.8986871804992,,,,,659.3838176500894,,#000000
2025-12-03 00:00:00+00:00,919.6503818283,923.6988936907,913.4280384733,918.2044847346,1886769,0.0,0.0,0.0,0.0,0.0,0.0,0.0,0.0,,,,941.7293947289114,920.2364457616991,894.812093762405,888.3508260789913,873.2138482421838,862.3606293261317,826.8938858082895,822.9424589465934,813.1160640597398,798.9307458473246,790.8545669608978,770.5507402895074,721.0862909271177,659.5905494982352,,904.5548369011082,,,,,915.1687016117208,918.9257713307668,,,,897.6791365300859,,,,,659.5905494982352,,"rgba(38, 166, 154, 1.0)"
2025-12-04 00:00:00+00:00,893.3200971666,905.3908449731,885.567097233,904.4584906402,3787830,0.0,0.0,0.0,0.0,0.0,0.0,0.0,0.0,,,,941.4834329920847,920.1243556207219,894.8118907166793,888.3747995045578,873.2898361230491,862.4710340883058,827.1002524223811,823.158122979719,813.3539802612629,799.1982856342845,791.1375687046757,770.8677977355064,721.4548701163266,659.9660040236905,,903.7571867113386,,,,,,902.7945329600109,,,,897.2868102774585,,,,,659.9660040236905,,#000000
2025-12-05 00:00:00+00:00,892.1484219354,903.3267022255,890.4731756475,894.7111498878,2359794,0.0,0.0,0.0,0.0,0.0,0.0,0.0,0.0,,,,941.3333088868529,920.0565433125334,894.8130969955333,888.3909388463347,873.3381263284601,862.5406154183785,827.2292369375892,823.2928663395975,813.5025097290661,799.3651739816708,791.3140420556517,771.0653894649868,721.6844378785606,660.1998575329152,,903.3496404718536,,,,,,900.5980308248592,,,,897.1345842497423,,,,,660.1998575329152,,"rgba(239, 83, 80, 0.5)"
2025-12-08 00:00:00+00:00,885.0086818037,891.470346057,880.401754512,890.9717608523,2371376,0.0,0.0,0.0,0.0,0.0,0.0,0.0,0.0,,,,941.1518701177741,919.9622285911512,894.7910649481859,888.3844957062427,873.3651409131577,862.5896587432172,827.3399885027076,823.4096173324442,813.6336143295248,799.5154223054601,791.4743147750364,771.2478851372726,721.9016830480625,660.4247259542927,,902.5295550786459,,,,,,897.1862584494858,,,,896.3056647620864,,,,,660.4247259542927,,"rgba(239, 83, 80, 0.5)"
2025-12-09 00:00:00+00:00,885.9260785804,886.5044374179,879.0156876429,884.3405776294,1895036,0.0,0.0,0.0,0.0,0.0,0.0,0.0,0.0,,,,941.0030217031766,919.8832726406092,894.7700689438553,888.3760000552465,873.3834670388898,862.6256310785875,827.4254504845343,823.4998951767651,813.7354140696357,799.6325964494248,791.5995455933936,771.3910021800415,722.0729602818158,660.602659744905,,901.8622161186277,,,,,,895.1263724653887,,,,895.625822908263,,,,,660.602659744905,,"rgba(239, 83, 80, 1.0)"
2025-12-10 00:00:00+00:00,871.9357777357,887.0628528472,868.6251719763,885.3078329265,3318294,0.0,0.0,0.0,0.0,0.0,0.0,0.0,0.0,,,,940.7083004389049,919.7155883391257,894.7069864874024,888.335429509963,873.391093208358,862.6648321874856,827.5534911265353,823.6366008675802,813.892842634521,799.8177108833444,791.7992016888584,771.6230930267627,722.3573216898202,660.9024882445166,,900.3348784497823,,,,,,891.0363133505487,,,,893.9071587210038,,,,,660.9024882445166,,"rgba(239, 83, 80, 1.0)"
2025-12-11 00:00:00+00:00,881.9772837589,883.4929827813,870.0811404911,873.3816748294,3041582,0.0,0.0,0.0,0.0,0.0,0.0,0.0,0.0,,,,940.451404872884,919.5722027259188,894.6575950687227,888.3063100742667,873.4054368465195,862.707708462316,827.6766472638883,823.7675884714721,814.0425665194776,799.9924687556315,791.9871052676285,771.8402954676623,722.6215189199123,661.1799506773458,,899.2196194054476,,,,,,888.9957605182933,,,,892.7703326849546,,,,,661.1799506773458,,"rgba(239, 83, 80, 1.0)"
2025-12-12 00:00:00+00:00,881.9673120549,886.1054695371,864.6664054507,880.8006226758,4808873,0.0,0.0,0.0,0.0,0.0,0.0,0.0,0.0,,,,940.0434617375086,919.3423991885065,894.5756172611924,888.2562466754566,873.4238228202639,862.771034921833,827.8665847091643,823.9698904548527,814.2744548822924,800.263910929149,792.2793326827493,772.1789048476627,723.0349063016474,661.6153041983823,,897.6014943523713,,,,,,886.6566344459774,,,,891.1817757581492,,,,,661.6153041983823,,"rgba(239, 83, 80, 1.0)"
2025-12-15 00:00:00+00:00,858.1249675647,884.9787666914,848.990886614,879.6139898885,4771436,0.0,0.0,0.0,0.0,0.0,0.0,0.0,0.0,,,,939.5572280141968,919.043689261186,894.4308294775478,888.144581745063,873.3829544912164,862.7763380817189,828.0026476755962,824.1187708563676,814.4539869465003,800.4845020447335,792.5215788732103,772.4698302845751,723.4071343718763,662.0185504520298,,895.2828653854019,,,,,,882.8340280586283,,,,888.6294731905435,,,,,662.0185504520298,,"rgba(239, 83, 80, 1.0)"
2025-12-16 00:00:00+00:00,857.9554485951,861.1463939053,841.6716558086,855.0088100351,3843318,1.0,861.1464,841.67163,0.0,0.0,0.0,0.0,0.0,,,853.5911661030001,939.1165558235449,918.7601992581856,894.2754873651004,888.0167622890921,873.3138289569401,862.7453164043261,828.0799584873406,824.2067304616447,814.5674027197158,800.6320677861911,792.6872033261634,772.6762617121137,723.6833783248582,662.3254662949043,,893.0856426248117,,,,,,879.3310814553985,,,,886.1630972144491,853.5911661030001,,,,662.3254662949043,,"rgba(239, 83, 80, 1.0)"
2025-12-17 00:00:00+00:00,860.2090537204,866.1222742485,855.8015605106,856.0707965212,2363703,0.0,0.0,0.0,0.0,0.0,0.0,0.0,0.0,,,856.3024643046216,938.8701475876072,918.6059798160821,894.197151731161,887.9547810091741,873.2868156660471,862.7410995377876,828.1404794576953,824.2736112261529,814.6494961280262,800.7345629803084,792.8004754141907,772.8138248402855,723.8619708393801,662.5207449070422,,892.0692456771305,,,,,,878.0534335162043,,,,,856.3024643046216,,,,662.5207449070422,,"rgba(239, 83, 80, 1.0)"
2025-12-18 00:00:00+00:00,855.1633714486,860.7076389252,850.0977457685,857.8607174062,2467502,0.0,0.0,0.0,0.0,0.0,0.0,0.0,0.0,,,856.0238287296507,938.5969465439969,918.4309581107271,894.1026698595753,887.8776401920521,873.246710283419,862.7250823337993,828.1930071627047,824.3328825596872,814.7248953187938,800.8316080389322,792.9089701187469,772.9481962026947,724.0405892132176,662.7186583333503,,890.9031576464163,,,,,,876.5340833520818,,,,,856.0238287296507,,,,662.7186583333503,,"rgba(239, 83, 80, 1.0)"
2025-12-19 00:00:00+00:00,853.1989457419,856.0209380007,846.9167721623,854.1462576309,10097638,0.0,0.0,0.0,0.0,0.0,0.0,0.0,0.0,,,853.8838940359343,937.4540324624097,917.6880217240823,893.6884887497193,887.5343229472666,873.0547664309399,862.63154538593,828.3801512655235,824.5476922927392,815.0058817580722,801.2015008106,793.3259527511359,773.4718501734167,724.7483889237759,663.5106441209265,,886.437035500299,,,,,,871.2743566627333,,,,,853.8838940359343,,,,663.5106441209265,,"rgba(239, 83, 80, 1.0)"
2025-12-22 00:00:00+00:00,847.5948480408,853.0792852928,844.9124596393,851.5835296786,2373318,0.0,0.0,0.0,0.0,0.0,0.0,0.0,0.0,,,853.2828583060199,937.1788919606922,917.5065855033931,893.5842010339393,887.4466817882172,873.0026886354105,862.6025735678116,828.4172385249185,824.5913028500748,815.065098843497,801.2817054437829,793.4172884830987,773.5884598536478,724.9090489374848,663.6923750829837,,885.439916211506,,,,,,870.1812984328432,,,,,853.2828583060199,,,,663.6923750829837,,"rgba(239, 83, 80, 1.0)"
2025-12-23 00:00:00+00:00,852.3712943021,852.5607566799,844.4039027305,846.6973946723,1903349,0.0,0.0,0.0,0.0,0.0,0.0,0.0,0.0,,,852.9934844159609,936.962556037433,917.3643880412336,893.5032223178306,887.3789275829098,872.9632075679496,862.5814803658809,828.4487253789513,824.6279831816535,815.1142067157615,801.3475279149103,793.491975793872,773.6832720269178,725.0388932841646,663.8388452899889,,884.7031877782456,,,,,,869.4241626181556,,,,,852.9934844159609,,,,663.8388452899889,,"rgba(239, 83, 80, 1.0)"
2025-12-24 00:00:00+00:00,869.3929931916,873.5212786867,855.9232153006,856.1705135621,1822151,0.0,0.0,0.0,0.0,0.0,0.0,0.0,0.0,,,853.9668482474161,936.7954579659946,917.2619141509759,893.4551281213761,887.3426565691395,872.9523470573783,862.5872938139808,828.5020335990575,824.6859712951799,815.1834061947562,801.4317872700186,793.5841980198211,773.7934527468451,725.1793552274895,663.9912754002014,,884.3458691823787,,,,,,869.3162648050406,,,,,853.9668482474161,,,,663.9912754002014,,"rgba(239, 83, 80, 0.75)"
2025-12-26 00:00:00+00:00,870.8787771017,875.1067796378,866.5410858205,868.176445292,1324051,0.0,0.0,0.0,0.0,0.0,0.0,0.0,0.0,,,854.8198285702954,936.68235730033,917.1943512917877,893.4261373668386,887.322071332462,872.9498586094367,862.5967136124935,828.5453429242818,824.7326182551232,815.2380521312067,801.4971751929838,793.6552612450423,773.8772922885444,725.284540658733,664.104388798028,,884.1582120131117,,,,,,869.353380575163,,,,,854.8198285702954,,,,664.104388798028,,"rgba(239, 83, 80, 0.75)"
2025-12-29 00:00:00+00:00,865.3843681455,872.0255230725,863.2404517652,870.8189468771,1792476,0.0,0.0,0.0,0.0,0.0,0.0,0.0,0.0,,,855.5924500283612,936.5206911086112,917.0954136503776,893.3801494811379,887.2876103471963,872.9401890558674,862.6033256226657,828.598358930081,824.790209155876,815.3066052721492,801.5804578414957,793.7463338619059,773.9859377546029,725.4228307125973,664.254394201589,,883.8392198338553,,,,,,869.2746429992882,,,,,855.5924500283612,,,,664.254394201589,,"rgba(239, 83, 80, 0.75)"
2025-12-30 00:00:00+00:00,863.2005649488,865.3644247374,858.9925058209,861.5552337732,1680756,0.0,0.0,0.0,0.0,0.0,0.0,0.0,0.0,,,855.9848598713435,936.3603221226497,916.994962630028,893.330093656552,887.2485136529148,872.9246370040074,862.6032040772188,828.6422858834427,824.8384836594361,815.3652953129452,801.6531510990312,793.826441070251,774.0828061464772,725.5482633865497,664.391823564682,,883.4763489303532,,,,,,869.0785722592263,,,,,855.9848598713435,,,,664.391823564682,,"rgba(239, 83, 80, 0.75)"
2025-12-31 00:00:00+00:00,859.8999308935,865.5439154111,858.9027604841,862.1335926107,1489954,0.0,0.0,0.0,0.0,0.0,0.0,0.0,0.0,,,856.2461431923249,936.2166863544951,916.9044801782758,893.2843191119844,887.2124627681662,872.9094751229883,862.6017281155403,828.6799038946925,824.8799621740476,815.4160227453297,801.716316630656,793.8961944782208,774.1674636999426,725.6583976174269,664.5128352636059,,883.1489380262616,,,,,,868.8871907953927,,,,,856.2461431923249,,,,664.5128352636059,,"rgba(239, 83, 80, 0.75)"
2026-01-02 00:00:00+00:00,852.0821148833,860.6577804047,850.0877740644,858.7033264022,2373388,0.0,0.0,0.0,0.0,0.0,0.0,0.0,0.0,,,856.1066874181256,935.967177476654,916.7423910445921,893.1953065623925,887.1393133479836,872.8703414528987,862.5848048813157,828.7265709117042,824.9329186241492,815.4840421893196,801.8046099026387,793.9952431043956,774.2909239620196,725.8242174895178,664.6982816233948,,882.4811264345756,,,,,,868.3258045197166,,,,,856.1066874181256,,,,664.6982816233948,,"rgba(239, 83, 80, 0.75)"
2026-01-05 00:00:00+00:00,873.2620143803,876.2834407209,858.4091611314,861.5053752527,2805557,0.0,0.0,0.0,0.0,0.0,0.0,0.0,0.0,,,857.1267359239833,935.7281382270892,916.5977455661184,893.1310740591156,887.0926496809811,872.8615448039726,862.6009446740125,828.8138660559027,825.0272371977359,815.5952006225799,801.9384098138544,794.1410217614948,774.4637293102503,726.0425705253843,664.9343857165476,,882.1308189644941,,,,,,868.368918749899,,,,,857.1267359239833,,,,664.9343857165476,,"rgba(239, 83, 80, 0.5)"
2026-01-06 00:00:00+00:00,886.5842110507,891.5500199727,868.8345777623,873.4714201663,2742339,0.0,0.0,0.0,0.0,0.0,0.0,0.0,0.0,,,858.8948374308727,935.5415683557934,916.4958654969553,893.102728457384,887.0804730159509,872.8843920955967,862.6470445726028,828.9261120933741,825.146000185955,815.7296061799644,802.0938268428462,794.3075267734947,774.6551094489863,726.2746765973856,665.1792947237152,,882.1356899019164,,,,,,868.9373437038743,,,,,858.8948374308727,,,,665.1792947237152,,#000000
2026-01-07 00:00:00+00:00,880.082659981,891.0664920412,877.131035569,889.4760052381,2680115,0.0,0.0,0.0,0.0,0.0,0.0,0.0,0.0,,,860.426497810587,935.3619743784092,916.3981467864488,893.0762868486746,887.0697204735384,872.9076438037946,862.6928870141012,829.036251495868,825.2624774036668,815.8612987340749,802.2459622770659,794.4704525033994,774.8422487790131,726.5014845301395,665.4185948763871,,882.1507869535537,,,,,,869.4665745022046,,,,,860.426497810587,,,,665.4185948763871,,#000000
2026-01-08 00:00:00+00:00,912.7200474826,929.0337553814,893.4646868759,898.5801710765,5207158,0.0,0.0,0.0,0.0,0.0,0.0,0.0,0.0,,,866.1155174084624,935.2068353165813,916.3720758362374,893.1685306510252,887.1884349701209,873.0844679626776,862.90912295065,829.3636927968993,825.6008210348265,816.2258861149002,802.6457099368921,794.8886280742307,775.3011331909775,727.0216489478328,665.9438182435949,,883.4784382739992,,,,,,872.393423747549,,,,,866.1155174084624,,,,665.9438182435949,,"rgba(38, 166, 154, 1.0)"
2026-01-09 00:00:00+00:00,922.2629683011,927.2188055191,908.7513092529,913.3781799528,2895418,0.0,0.0,0.0,0.0,0.0,0.0,0.0,0.0,,,869.2103027898617,935.1493621671343,916.3815030155109,893.2404547788908,887.2744251827102,873.201470642344,863.0472978380328,829.5614977809495,825.8044661988529,816.4436030116631,802.882269814653,795.1350463922265,775.5692377389648,727.3215821514904,666.2439835257944,,884.353128764276,,,,,,874.1364464392219,,,,,869.2103027898617,,,,666.2439835257944,,"rgba(38, 166, 154, 1.0)"
2026-01-12 00:00:00+00:00,940.4114697533,942.1515321178,914.4052654746,917.7956448667,3246406,0.0,0.0,0.0,0.0,0.0,0.0,0.0,0.0,,,873.068221425296,935.1378776715065,916.4367570547873,893.3601863274162,887.408813427026,873.368415522336,863.2367274281621,829.8139731437657,826.0630992235774,816.7170956440931,803.1756315891055,795.4387638332662,775.8955356330814,727.6792936421264,666.5968124623365,,885.6275978370021,,,,,,876.458478925606,,,,,873.068221425296,,,,666.5968124623365,,"rgba(38, 166, 154, 1.0)"
2026-01-13 00:00:00+00:00,939.2647237824,940.2319790796,926.9671197077,935.3657874814,2222092,0.0,0.0,0.0,0.0,0.0,0.0,0.0,0.0,,,875.5750103646216,935.1388485080705,916.4818484448748,893.4483411852452,887.5067877932321,873.4882489476212,863.3717047074421,829.9913868098242,826.2446565365778,816.9086571956999,803.3805682462371,795.6506666261141,776.1226005574985,727.9271961768457,666.8406472359367,,,,,,,,878.0280165571412,,,,,875.5750103646216,,,,666.8406472359367,,"rgba(38, 166, 154, 1.0)"
2026-01-14 00:00:00+00:00,948.289115988,952.9060149838,935.635023492,935.6749103084,2894879,0.0,0.0,0.0,0.0,0.0,0.0,0.0,0.0,,,879.057036848451,935.1765447767574,916.5713883553188,893.5901541084509,887.6606292472294,873.6690474046042,863.5713699988995,830.2437154435189,826.5021148389042,817.1785172166714,803.6669873323789,795.9456808280796,776.4361741743425,728.2649774231975,667.1695896632185,,,,,,,,880.290646390266,,,,,879.057036848451,,,,667.1695896632185,,"rgba(38, 166, 154, 1.0)"
2026-01-15 00:00:00+00:00,954.0427892506,955.5684599771,947.3119887038,951.8390426457,2185919,0.0,0.0,0.0,0.0,0.0,0.0,0.0,0.0,,,881.7075280844628,935.2229871375533,916.6541463568715,893.710448456463,887.7896199005004,873.8176227700436,863.7337520722588,830.4445390853965,826.7066770674816,817.3921270185358,803.8926678124016,796.1776122838107,776.6815292025044,728.5271802231856,667.4234220230657,,,,,,,,882.066384098214,,,,,881.7075280844628,,,,667.4234220230657,,"rgba(38, 166, 154, 1.0)"
2026-01-16 00:00:00+00:00,960.8833782595,962.2495017205,948.3091591133,959.2779339003,3862947,0.0,0.0,0.0,0.0,0.0,0.0,0.0,0.0,,,886.2415239762844,935.3275223007093,916.819187714225,893.9392896004472,888.033322379081,874.0949212522712,864.0348647082006,830.8118528457992,827.0804233799332,817.7814527136865,804.3027687897426,796.5984554221887,777.1253519637212,728.9990349801928,667.8784918183945,,,,,,,,885.2013616555065,,,,,886.2415239762844,,,,667.8784918183945,,"rgba(38, 166, 154, 1.0)"
2026-01-20 00:00:00+00:00,961.5315390256,967.155580135,951.4302027778,955.668177018,3191246,0.0,0.0,0.0,0.0,0.0,0.0,0.0,0.0,,,889.7322802042261,935.4244773290463,916.9642238875775,894.1356896727357,888.2417307730958,874.3305418813229,864.2898387080612,831.1206034041434,827.3943985917564,818.1080885909303,804.6462868273251,796.9506970320102,777.4962214175229,729.3922977079172,668.2571032200303,,,,,,,,887.6967536326576,,,,,889.7322802042261,,,,668.2571032200303,,"rgba(38, 166, 154, 1.0)"
2026-01-21 00:00:00+00:00,980.0789086416,986.835535902,956.8847249176,956.8847249176,4073664,0.0,0.0,0.0,0.0,0.0,0.0,0.0,0.0,,,894.5648859814814,935.6197029071225,917.2100629850474,894.4397249668232,888.5596184334063,874.6802228393582,864.6625520593939,831.5568627479929,827.8368034820811,818.5654223300733,805.1234790298939,797.4380854217115,778.0050498449361,729.9239300599673,668.763028674284,,,,,,,,891.2446822097569,,,,,894.5648859814814,,,,668.763028674284,,"rgba(38, 166, 154, 1.0)"
2026-01-22 00:00:00+00:00,973.4078386023,981.2156829084,968.8108830147,975.1229717066,2074413,0.0,0.0,0.0,0.0,0.0,0.0,0.0,0.0,,,896.8168167219283,935.7180631469895,917.3341828190551,894.5934327443651,888.7203697753658,874.8571381491801,864.8511721385768,831.777811227162,828.0608812019825,818.7971019541724,805.3652755472277,797.6850800844088,778.2629903651934,730.1936317833575,669.019914975063,,,,,,,,892.939846757903,,,,,896.8168167219283,,,,669.019914975063,,"rgba(38, 166, 154, 1.0)"
2026-01-23 00:00:00+00:00,980.4678051013,982.0632777564,968.2624392895,968.6912225656,1680580,0.0,0.0,0.0,0.0,0.0,0.0,0.0,0.0,,,898.6049802412756,935.8024051640514,917.4386440234535,894.7213370439516,888.8538742417518,875.003524282112,865.0069164310103,831.9593801937532,828.2449486468176,818.9872418379504,805.563494775776,797.8874468181746,778.4740703825945,730.4138838225091,669.2293831435336,,,,,,,,894.303189579228,,,,,898.6049802412756,,,,669.2293831435336,,"rgba(38, 166, 154, 1.0)"
2026-01-26 00:00:00+00:00,974.9035942165,990.1902165935,973.587329276,983.6388070034,2458693,0.0,0.0,0.0,0.0,0.0,0.0,0.0,0.0,,,901.1649380303093,935.9330260343386,917.5975378916366,894.9137087483061,889.0542739144021,875.2224375246975,865.239326715071,832.2290019201226,828.5181685860869,819.2692115613235,805.8571028122747,798.1870235135171,778.7861546479298,730.7388347644962,669.5379368120146,,,,,,,,896.2808601813781,,,,,901.1649380303093,,,,669.5379368120146,,"rgba(38, 166, 154, 1.0)"
2026-01-27 00:00:00+00:00,967.5345048906,975.2326604516,958.9887544815,974.9135659206,2006238,0.0,0.0,0.0,0.0,0.0,0.0,0.0,0.0,,,902.8272692519845,936.0091259389751,917.7009554502647,895.0473033367031,889.1949915314547,875.3793955652365,865.4079280097284,832.4299595697147,828.7222719747683,819.4809486878355,806.0790229779051,798.4142011399755,779.0245240314295,730.9902748324021,669.7792776486741,,,,,,,,897.5992361429414,,,,,902.8272692519845,,,,669.7792776486741,,"rgba(38, 166, 154, 0.75)"
2026-01-28 00:00:00+00:00,958.0613860007,967.3550142169,952.9060149838,966.7666836753,2474811,0.0,0.0,0.0,0.0,0.0,0.0,0.0,0.0,,,904.5310373599027,936.0791488516331,917.80791814749,895.1936672966376,889.3505779017818,875.5558773379337,865.5992485851772,832.6627154546698,828.9590695378959,819.7275430284602,806.3387085155915,798.680672120654,779.3055692080075,731.2894749808787,670.0686438722053,,,,,,,,898.9845821437741,,,,,904.5310373599027,,,,670.0686438722053,,"rgba(38, 166, 154, 0.75)"
2026-01-29 00:00:00+00:00,950.1937114701,957.5827442042,945.8261050767,955.2792805583,1824966,0.0,0.0,0.0,0.0,0.0,0.0,0.0,0.0,,,905.544263572913,936.1123990513831,917.8709019518199,895.2873849236298,889.4514327386898,875.6728068622739,865.7274891710512,832.8226875417274,829.1221465419036,819.898137937075,806.5193661513127,798.8665649747466,779.502801725159,731.501658105682,670.275591548675,,,,,,,,899.8331386025906,,,,,905.544263572913,,,,670.275591548675,,"rgba(38, 166, 154, 0.75)"
2026-01-30 00:00:00+00:00,938.8857990268,949.7400278334,928.9502353998,947.4533503756,2396325,1.0,949.74005,928.95026,0.0,1.0,949.74005,928.95026,0.0,,939.1920207533333,906.4768946139388,936.1212650918055,917.9235765165081,895.3836404483673,889.5577069900567,875.8014716023841,865.871720220367,833.0108463590403,829.3146206696065,820.1010455115257,806.7362679615478,799.0907818514603,779.7430317384905,731.7644551951702,670.5352716336607,,,,,,,,900.6554547882994,,,,,906.4768946139388,,,,670.5352716336607,,"rgba(38, 166, 154, 0.75)"
2026-02-02 00:00:00+00:00,966.9550144596,968.9121707117,929.9188280348,942.8600244776,2451253,0.0,0.0,0.0,0.0,0.0,0.0,0.0,0.0,,947.3180572253256,907.8219535385523,936.1774676879071,918.0176989753724,895.5176250102322,889.7009934656666,875.9657760739283,866.0508808079529,833.2316561913296,829.5395050621999,820.3358026458654,806.9842385718966,799.3456209202258,780.0127127443058,732.0533619074997,670.8162437313405,,,,,,,,901.7980684970422,,,,,907.8219535385523,,,,670.8162437313405,,"rgba(38, 166, 154, 0.75)"
2026-02-03 00:00:00+00:00,976.5011439344,989.2174671181,962.8809340979,962.9508325355,2796475,0.0,0.0,0.0,0.0,0.0,0.0,0.0,0.0,,957.8840759236473,909.9071292595123,936.3110875491495,918.1845399217332,895.7230618210084,889.9156605430012,876.2016678559205,866.3021640372466,833.5256469503836,829.8376461992484,820.6440338391186,807.3059269114481,799.6742420725091,780.3560010634343,732.4128778556675,671.1596552194353,,,,,,,,903.5327327133217,,,,,909.9071292595123,,,,671.1596552194353,,"rgba(38, 166, 154, 0.75)"
2026-02-04 00:00:00+00:00,976.9305200509,993.156843205,973.7751048689,981.8833236278,2631498,0.0,0.0,0.0,0.0,0.0,0.0,0.0,0.0,,963.8775292859275,911.898310468186,936.4519459128877,918.3543581583737,895.9275868300227,890.1285462331621,876.433873595549,866.5484764431652,833.8110174636947,830.1268074879531,820.9424197797705,807.6166074208337,799.9912433288009,780.6863052627278,732.7572587168999,671.4874806431209,,,,,,,,905.2020005775237,,,,,911.898310468186,,,,671.4874806431209,,"rgba(38, 166, 154, 0.75)"
2026-02-05 00:00:00+00:00,987.8546472951,999.4977298973,985.897491043,994.0556372573,2988847,0.0,0.0,0.0,0.0,0.0,0.0,0.0,0.0,,970.0077626018257,914.3301170243997,936.6455873756616,918.5759823087476,896.1852255678051,890.3949950377202,876.720893958894,866.8507359152713,834.1552468923036,830.4750964084183,821.300606393049,807.9879619139311,800.3693345306745,781.0784046199526,733.1626227339261,671.8707309344959,,,,,,,,907.246258066334,,,,,914.3301170243997,,,,671.8707309344959,,"rgba(38, 166, 154, 1.0)"
2026-02-06 00:00:00+00:00,999.70742521,999.9121277772,982.0731478133,986.7163013117,2358563,0.0,0.0,0.0,0.0,0.0,0.0,0.0,0.0,,973.6143521960727,916.2127521246599,936.805277379322,918.7566706148586,896.3935511684524,890.6101138609748,876.9519241335258,867.0936013892681,834.43067620547,830.7536737613652,821.5868638140973,808.2844341127392,800.6710270455488,781.3909211070329,733.4850877561569,672.1751742939546,,,,,,,,908.8438798965456,,,,,916.2127521246599,,,,672.1751742939546,,"rgba(38, 166, 154, 1.0)"
2026-02-09 00:00:00+00:00,996.1426048936,1008.1551506657,991.2397287721,999.8671930673,1861683,0.0,0.0,0.0,0.0,0.0,0.0,0.0,0.0,,976.2653898022565,917.7216202119764,936.9408357470262,918.9074040829624,896.5651157121858,890.7868415749975,877.1408116124059,867.2916004762812,834.6536830662394,830.9790944077761,821.8181791574024,808.5235831587443,800.9141700144462,781.6422950952332,733.7435568728329,672.4185153973433,,,,,,,,910.1301221344044,,,,,917.7216202119764,,,,672.4185153973433,,"rgba(38, 166, 154, 1.0)"
2026-02-10 00:00:00+00:00,969.8208504002,996.0028080184,967.5940858888,994.5648973025,1781509,0.0,0.0,0.0,0.0,0.0,0.0,0.0,0.0,,976.4078395737919,918.7575796254026,937.0265618311115,919.013732452223,896.6955164497931,890.9230143320382,877.2902720954003,867.4507042618784,834.8396234412334,831.1676493533533,822.0130933296673,808.7269901318251,801.1219596064686,781.8593837984363,733.971116829896,672.6362725082872,,,,,,,,911.0465052529978,,,,,918.7575796254026,,,,672.6362725082872,,"rgba(38, 166, 154, 0.75)"
2026-02-11 00:00:00+00:00,976.7208247382,988.1292482999,965.7169134203,971.8728688177,1769375,0.0,0.0,0.0,0.0,0.0,0.0,0.0,0.0,,976.4455075646182,919.735720473569,937.1093730345763,919.1172565592063,896.823102864247,891.0563638282355,877.4368767494799,867.6069147939864,835.0225955689931,831.353230840392,822.2050205424342,808.9273957422274,801.3267439579104,782.073475513202,734.1958280732649,672.8515668086251,,,,,,,,911.9197987267696,,,,,919.735720473569,,,,672.8515668086251,,"rgba(38, 166, 154, 0.75)"
2026-02-12 00:00:00+00:00,997.410762261,1007.7457455314,976.7208247382,977.3299396942,2970368,0.0,0.0,0.0,0.0,0.0,0.0,0.0,0.0,,978.6125521416832,921.775889852891,937.3071128850115,919.3414540240569,897.0819585269059,891.323738717406,877.7241970597391,867.909053751225,835.3656185976529,831.7002150550086,822.5616694467582,809.2969144754979,801.7028519531755,782.4632969203323,734.598655518402,673.2326070668207,,,,,,,,913.7075928870519,,,,,921.775889852891,,,,673.2326070668207,,"rgba(38, 166, 154, 0.75)"
2026-02-13 00:00:00+00:00,1017.0022957648,1021.3959118411,992.318161809,998.5491082444,2661568,0.0,0.0,0.0,0.0,0.0,0.0,0.0,0.0,,981.769034592545,923.9023004642798,937.5337117806495,919.5847867120384,897.3515149697181,891.5999540827438,878.0163363999084,868.2133645322534,835.7031475470859,832.0409394595887,822.9102194836746,809.6558459935231,802.067045624461,782.8381690250984,734.9811348768521,673.5905584128802,,,,,,,,915.5564017565158,,,,,923.9023004642798,,,,673.5905584128802,,"rgba(38, 166, 154, 0.75)"
2026-02-17 00:00:00+00:00,1010.5816249988,1026.9478448829,1009.0140027537,1020.8566953226,1732204,0.0,0.0,0.0,0.0,0.0,0.0,0.0,0.0,,983.8272985962052,925.313405023908,937.6910786587051,919.7516296710804,897.5344256402798,891.7869958934175,878.2133344845294,868.4180492095345,835.9287382470501,832.2685367268501,823.1427374822622,809.894884099864,802.3093775159763,783.0871263209999,735.234250819885,673.8267568343327,,,,,,,,916.7870212824816,1015.5144908784666,,,,925.313405023908,,,,673.8267568343327,,"rgba(38, 166, 154, 0.75)"
2026-02-18 00:00:00+00:00,994.6347957401,1014.5258939763,992.0585390408,1008.5345993269,1926753,0.0,0.0,0.0,0.0,0.0,0.0,0.0,0.0,,984.8806326456272,926.578300616662,937.831538679468,919.9073597628046,897.7112469550876,891.9690591657926,878.4077572760583,868.6217398923131,836.157947647073,832.5002160622149,823.3804514069145,810.1406296838855,802.5592258686962,783.3454602048188,735.5001116056532,674.0775005440825,,,,,,,,,1007.5587972327041,,,,926.578300616662,,,,674.0775005440825,,"rgba(38, 166, 154, 0.75)"
2026-02-19 00:00:00+00:00,986.386780106,1006.3977042352,982.6821629144,990.870265602,1749967,0.0,0.0,0.0,0.0,0.0,0.0,0.0,0.0,,985.2593392931362,927.5614174440424,937.9411408302184,920.0332534402843,897.8579381662636,892.1208410193065,878.5714184505366,868.7941820420182,836.3547221789403,832.6993558961524,823.5853598432674,810.353233319571,802.775782170078,783.5703014214827,735.7333075234355,674.2989223200245,,,,,,,,,1002.4674891861728,,,,927.5614174440424,,,,674.2989223200245,,"rgba(38, 166, 154, 0.75)"
2026-02-20 00:00:00+00:00,983.84047988,985.9374330073,976.3913035325,981.7035847883,1662183,0.0,0.0,0.0,0.0,0.0,0.0,0.0,0.0,,985.1015417934879,928.3303688520859,938.0260396345319,920.136212977017,897.9824109806872,892.2505027795983,878.7130658837339,868.9445613573197,836.5294541445077,832.8764653719115,823.7682572017583,810.5438691896142,802.9704148307741,783.7734214320168,735.9459812642987,674.50249159463,,,,,,,,,997.6695195953903,,,,928.3303688520859,,,,674.50249159463,,"rgba(38, 166, 154, 0.5)"
2026-02-23 00:00:00+00:00,984.5893917112,989.8667237482,976.6409408095,980.3755144744,1489290,0.0,0.0,0.0,0.0,0.0,0.0,0.0,0.0,,985.0422488510621,929.0216431870565,938.1046580439157,920.2306127119923,898.0957973551265,892.3684796596532,878.8416628428148,869.0809118427617,836.6874187672046,833.0365396743924,823.9334690101467,810.7159491663762,803.1460402849954,783.9565657373456,736.13749164626,674.6856308061912,,,,,,,,,995.2390099829682,,,,929.0216431870565,,,,674.6856308061912,,"rgba(38, 166, 154, 0.5)"
2026-02-24 00:00:00+00:00,996.9813861445,997.4307332432,983.6108135851,984.9488693901,1671134,0.0,0.0,0.0,0.0,0.0,0.0,0.0,0.0,,985.3879005017927,929.9010567205245,938.2098566707899,920.3511377259392,898.2359741820743,892.513473713673,878.9979062985506,869.2454761915965,836.875064712109,833.2264314165906,824.12883914252,810.9186310446881,803.3524800064838,784.1708894407432,736.3598116345504,674.8968346638356,,,,,,,,,994.8201131741372,,,,929.9010567205245,,,,674.8968346638356,,"rgba(38, 166, 154, 0.5)"
2026-02-25 00:00:00+00:00,993.3167109172,1001.045481015,990.0015278778,996.2274815678,1554568,0.0,0.0,0.0,0.0,0.0,0.0,0.0,0.0,,985.7679159683767,930.7244088807253,938.3111374821601,920.4661623756054,898.368910851195,892.6508165272946,879.1455620381707,869.4007834901377,837.0515795630914,833.4050087694932,824.3124499624058,811.108958190552,803.5462560999015,784.3718857498308,736.5679810894763,675.0943598612248,,,,,,,,,994.8158651778865,,,,930.7244088807253,,,,675.0943598612248,,"rgba(38, 166, 154, 0.5)"
2026-02-26 00:00:00+00:00,985.3083470691,1004.060999467,982.1030044316,995.4685842455,1804376,0.0,0.0,0.0,0.0,0.0,0.0,0.0,0.0,,985.9795966782746,931.5918769352215,938.4193297487941,920.5915322667398,898.5158949695058,892.8030801219851,879.3101226329118,869.5744051017897,837.250396948597,833.6062819604332,824.519711454101,811.3242194385193,803.765636595918,784.5999456679588,736.8051678481216,675.3202427433858,,,,,,,,,994.2416340861612,,,,931.5918769352215,,,,675.3202427433858,,"rgba(38, 166, 154, 0.5)"
2026-02-27 00:00:00+00:00,1009.3234531224,1012.7185200904,988.1442265365,989.0928481893,3935004,0.0,0.0,0.0,0.0,0.0,0.0,0.0,0.0,,987.5303251600905,933.7949394728967,938.7118172365726,920.9135789691734,898.8795653093277,893.1771488750603,879.7087757249245,869.9915452760378,837.7185608866155,834.0793953303269,825.0049262265665,811.8255598203579,804.2752239724485,785.1266184954369,737.3471279503888,675.831854193443,,,,,,,,,996.2969334110576,,,,933.7949394728967,,,,675.831854193443,,"rgba(38, 166, 154, 0.5)"
2026-03-02 00:00:00+00:00,1001.3150892743,1019.3389006781,1001.0354955239,1009.4432790154,1986902,0.0,0.0,0.0,0.0,0.0,0.0,0.0,0.0,,988.3779023351411,934.9152494499091,938.8672003682572,921.0827554665358,899.0689386210436,893.3716052275528,879.9153061767022,870.2072110816839,837.9593977940082,834.3226715214593,825.2541716889792,812.0827555729102,804.5364786880486,785.3962441317437,737.6238755287869,676.0925933144533,,,,,,,,,997.4102055997419,,,,934.9152494499091,,,,676.0925933144533,,"rgba(38, 166, 154, 0.5)"
2026-03-03 00:00:00+00:00,1006.3078348155,1014.2762566993,999.1781941826,1001.0854229794,1947502,0.0,0.0,0.0,0.0,0.0,0.0,0.0,0.0,,989.1147617500859,935.9711956033722,939.0173951072838,921.2467031417991,899.252816742796,893.5604913566933,880.116074798788,870.4169555071618,838.1939023727901,834.5595776276313,825.4969537575853,812.3333672589134,804.79109133622,785.6591251151046,737.893939960248,676.3472691257995,,,,,,,,,998.2430461180636,,,,935.9711956033722,,,,676.3472691257995,,"rgba(38, 166, 154, 0.5)"
2026-03-04 00:00:00+00:00,1005.279329234,1012.5287957598,995.5534609197,1003.5418537856,1806638,0.0,0.0,0.0,0.0,0.0,0.0,0.0,0.0,,989.66973851281,936.8945524929161,939.1517510116738,921.3944429494767,899.4194538522448,893.7318555626523,880.298621116264,870.6079133530325,838.4081137564128,834.776047822394,825.7189480300069,812.56272817566,805.024223399877,785.9000839769293,738.1420005061482,676.5816492938762,,,,,,,,,998.7253140055237,,,,936.8945524929161,,,,676.5816492938762,,"rgba(38, 166, 154, 0.5)"
2026-03-05 00:00:00+00:00,981.1443972877,997.8001964132,977.3898526407,995.0541863656,2774284,0.0,0.0,0.0,0.0,0.0,0.0,0.0,0.0,,989.4473609488238,937.8793800351888,939.2972518407288,921.5686058904902,899.6281924998656,893.9489734794029,880.5351396965696,870.8585965797834,838.6984505019226,835.0702686734273,826.0226319739991,812.8790870669644,805.3471418014841,786.2369771664227,738.4949003774942,676.9200845998989,,,,,,,,,997.3104624038785,,,,937.8793800351888,,,,676.9200845998989,,"rgba(38, 166, 154, 0.5)"
2026-03-06 00:00:00+00:00,996.6518649388,1001.045481015,959.0664765044,965.6019804179,2708851,0.0,0.0,0.0,0.0,0.0,0.0,0.0,0.0,,989.2587081628795,938.8059568634868,939.4388790227225,921.7381286114434,899.8313710980672,894.1603110033323,880.765369061697,871.1026179275965,838.9811106981509,835.3567158987498,826.3183063977718,813.187124549549,805.6615802799082,786.5650642741241,738.838705589131,677.2499758113715,,,,,,,,,996.2059426031325,,,,938.8059568634868,,,,677.2499758113715,,"rgba(38, 166, 154, 0.5)"
2026-03-09 00:00:00+00:00,1003.8414185181,1005.9483571365,986.5565334544,998.1796450744,2348212,0.0,0.0,0.0,0.0,0.0,0.0,0.0,0.0,,989.6458426144322,939.7989928220147,939.5958523933604,921.9145746283688,900.0337033319123,894.3690499122403,880.9891507631022,871.3375956116396,839.2472332872383,835.6258774127319,826.594891230871,813.4736323307327,805.953193301897,786.8673962684418,739.1518606299787,677.5475900635653,,,,,,,,,996.4004694704781,,,,939.7989928220147,,,,677.5475900635653,,"rgba(38, 166, 154, 0.5)"
2026-03-10 00:00:00+00:00,995.9129385987,1008.6344542377,994.5549118114,999.0483827985,1613381,0.0,0.0,0.0,0.0,0.0,0.0,0.0,0.0,,989.919045334772,940.4727651092727,939.7048898963709,922.0367806204553,900.1735292426456,894.5132432271128,881.1436080502837,871.4997007468828,839.4306143802737,835.8113347538497,826.7854213303242,813.670943836491,806.1539934639275,787.075518431322,739.3673422266346,677.7523360045509,,,,,,,,,996.5632464800091,,,,940.4727651092727,,,,677.7523360045509,,"rgba(38, 166, 154, 0.5)"
2026-03-11 00:00:00+00:00,990.7903816734,995.9428950719,986.4566785436,994.8744475261,1262006,0.0,0.0,0.0,0.0,0.0,0.0,0.0,0.0,,989.9428590285271,940.9139930703192,939.7776655767079,922.1215028115575,900.2731613318006,894.616518953664,881.255364722294,871.6176923394783,839.5660505147666,835.9484796760377,826.9267341800482,813.8178395403653,806.3037752982219,787.2314288784078,739.5300621843927,677.9080175483905,,,,,,,,,996.358940410451,,,,940.9139930703192,,,,677.9080175483905,,#000000
2026-03-12 00:00:00+00:00,1001.8642912838,1004.7500982066,982.5723225125,987.1756339015,1669248,0.0,0.0,0.0,0.0,0.0,0.0,0.0,0.0,,990.1157234435918,941.5467261275127,939.8835847449323,922.2418880554218,900.412329207539,894.7603158352216,881.4099971895896,871.7803530036065,839.7511120459641,836.1357317864737,827.119334922699,814.0175983654707,806.5072254819252,787.4426701979054,739.7495238011212,678.1172013639991,,,,,,,,,996.3606559180163,,,,941.5467261275127,,,,678.1172013639991,,#000000
2026-03-13 00:00:00+00:00,1006.9668772269,1011.3604933032,1000.5462064609,1004.4405479831,1469672,0.0,0.0,0.0,0.0,0.0,0.0,0.0,0.0,,990.4884542097493,942.190354212928,939.9927849407384,922.3616587069897,900.5471230101008,894.8988783793807,881.5574853193878,871.9345598338087,839.9239565973664,836.310392125434,827.2984380281621,814.2026356379397,806.695306884037,787.6370937246174,739.9498745094916,678.3068668293394,,,,,,,,,996.7539131526074,,,,942.190354212928,,,,678.3068668293394,,"rgba(38, 166, 154, 0.5)"
2026-03-16 00:00:00+00:00,1000.2865836928,1011.1807544637,993.9858386747,1009.033873881,1243752,0.0,0.0,0.0,0.0,0.0,0.0,0.0,0.0,,990.705157825885,942.687808268685,940.0787018632396,922.4573634149855,900.6561137919423,895.011173788056,881.6775628119249,872.0604498873776,840.0660255406085,836.4540408984192,827.4459485114509,814.355310365624,806.850638513018,787.7979997746702,740.1163480250489,678.4650185696955,,,,,,,,,996.9181153337204,,,,942.687808268685,,,,678.4650185696955,,"rgba(38, 166, 154, 0.5)"
2026-03-17 00:00:00+00:00,994.7146796688,1006.6323632757,993.3067254261,1005.0296919569,1210414,0.0,0.0,0.0,0.0,0.0,0.0,0.0,0.0,,990.8424526089873,943.1350313271236,940.1572249568931,922.5460669178655,900.7581916923482,895.1165572098546,881.7906970973514,872.1793390350033,840.2009755221991,836.5905619756722,827.5863071359528,814.5008057298058,806.9987825697899,787.9517308884919,740.2759304876564,678.6170709373878,,,,,,,,,996.9578790597276,,,,943.1350313271236,,,,678.6170709373878,,#000000
2026-03-18 00:00:00+00:00,978.4982421509,992.5397398561,976.7208247382,988.933080332,1434421,0.0,0.0,0.0,0.0,0.0,0.0,0.0,0.0,,990.6674392538209,943.5080010859491,940.225026500173,922.629258668396,900.8595265283699,895.2222728843062,881.9065221999745,872.3025029589461,840.344811428302,836.7364322466929,827.7371323633479,814.6582843140138,807.159719071934,788.1200997099601,740.4533457794412,678.7882719353895,,,,,,,,,996.4550850044533,,,,943.5080010859491,,,,678.7882719353895,,#000000
2026-03-19 00:00:00+00:00,973.3656997345,987.355372741,969.0020401315,984.4096528717,1340173,0.0,0.0,0.0,0.0,0.0,0.0,0.0,0.0,,990.3937457612869,943.7975117410775,940.279215261689,922.6990035901583,900.9470288325348,895.3140310141596,882.0080492964892,872.4110670396209,840.4732655549515,836.8668482015862,827.8723220555838,814.7998915958012,807.3046711512079,788.2722879577295,740.6147597077106,678.9448882114401,,,,,,,,,995.8258217086604,,,,943.7975117410775,,,,678.9448882114401,,"rgba(239, 83, 80, 1.0)"
2026-03-20 00:00:00+00:00,970.9192544193,979.3370234018,969.1318515155,973.665264467,2621555,0.0,0.0,0.0,0.0,0.0,0.0,0.0,0.0,,989.7618942637757,944.2914136677981,940.3747329119619,922.8262231270841,901.1098410084766,895.4853407345614,882.1988093640266,872.6157783954333,840.7174971060855,837.1149835799556,828.1299520140891,815.0702956192449,807.5817443793459,788.563845203215,740.9252688234277,679.2472338998753,,,,,,,,,994.5024968758546,,,,944.2914136677981,,,,679.2472338998753,,"rgba(239, 83, 80, 1.0)"
2026-03-23 00:00:00+00:00,964.3288303049,985.2084921583,963.130571375,984.2349067777,1779094,0.0,0.0,0.0,0.0,0.0,0.0,0.0,0.0,,989.3045102792668,944.5919198556272,940.4348277398509,922.9083660649135,901.2164905786544,895.597827765922,882.3246346217128,872.7511449293575,840.8799356382269,837.2800993395795,828.3015772624306,815.250684027538,807.7667135483265,788.7587894180356,741.1334926915158,679.450502967093,,,,,,,,,993.6037233011981,,,,944.5919198556272,,,,679.450502967093,,"rgba(239, 83, 80, 1.0)"
2026-03-24 00:00:00+00:00,972.4070925906,979.8562689381,959.6056930229,960.6641550776,1259325,0.0,0.0,0.0,0.0,0.0,0.0,0.0,0.0,,988.9894361844684,944.7984475829427,940.476852082578,922.966019381967,901.2914974723865,895.6769677572105,882.4132168406908,872.8464790554517,840.994437313231,837.3964973105473,828.4225859290964,815.3779010089864,807.8971768989196,788.8963267833227,741.2804848394868,679.5940837212893,,,,,,,,,993.0008143756215,,,,944.7984475829427,970.6230181838667,,,679.5940837212893,,"rgba(239, 83, 80, 1.0)"
2026-03-25 00:00:00+00:00,973.4455836632,979.3869508572,966.6458636557,976.581027863,1067386,0.0,0.0,0.0,0.0,0.0,0.0,0.0,0.0,,988.7663356476049,944.9878915029514,940.5153690587982,923.0173715384277,901.3572666313,895.7461808198996,882.4903137617589,872.9292299923562,841.0932250695264,837.4968708526529,828.5268167509801,815.4873243675058,808.0093132987724,789.0143635393872,741.4063022136745,679.7167295814513,,,,,,,,,992.5692041593994,,,,,971.7866216358326,,,679.7167295814513,,"rgba(239, 83, 80, 1.0)"
2026-03-26 00:00:00+00:00,978.2286338916,985.7576941678,971.3087884264,974.274379423,1498250,0.0,0.0,0.0,0.0,0.0,0.0,0.0,0.0,,988.5658558353277,945.2985508467441,940.5779881442054,923.0968360723875,901.4561452887482,895.8497266279049,882.6045909500543,873.0512521229592,841.2371666196632,837.6429770356033,828.6781926578959,815.6457893813595,808.1714752066741,789.1845288351112,741.586689642215,679.8918001840862,,,,,,,,,992.1503203425688,,,,,974.3895231797693,,,679.8918001840862,,"rgba(239, 83, 80, 1.0)"
2026-03-27 00:00:00+00:00,982.4325256374,985.6778102392,976.690868265,980.5902025326,1540925,0.0,0.0,0.0,0.0,0.0,0.0,0.0,0.0,,988.4296038277316,945.6420812903118,940.6475484893457,923.1829931031111,901.5617514262865,895.9600274640219,882.7257165271927,873.1802205182555,841.3883056505191,837.7963040643499,828.8368491781862,815.8116129954745,808.3410323658036,789.3621473698578,741.7744071768658,680.0735522829248,,,,,,,,,991.8383375524511,,,,,976.4602757994694,,,680.0735522829248,,"rgba(239, 83, 80, 0.75)"
2026-03-30 00:00:00+00:00,995.1340702942,1004.0810703041,983.5808571118,986.2170267576,2129129,0.0,0.0,0.0,0.0,0.0,0.0,0.0,0.0,,988.5831810257193,946.2696469056125,940.772878051736,923.3273401015795,901.7302296377046,896.1344359049137,882.9139665629118,873.3786726299354,841.6154177673343,838.0262336473655,829.0736569739585,816.0576519890989,808.5918539719607,789.6231608868932,742.0469695898289,680.3348560656178,,,,,,,,,991.9336124326992,,,,,981.5182059993227,,,680.3348560656178,,#000000
2026-03-31 00:00:00+00:00,994.984287928,1007.1366305753,984.4196383628,995.5534609197,2447853,0.0,0.0,0.0,0.0,0.0,0.0,0.0,0.0,,988.7867090225095,946.9896819571323,940.9195923200195,923.4954799667189,901.925775920359,896.336730343881,883.1320306059857,873.6083775816627,841.8778236492323,838.2918545288647,829.3471285863835,816.341660591056,808.881320744409,789.9242521026553,742.3611546553904,680.6359319596638,,,,,,,,,992.0882065870403,,,,,984.963737892675,,,680.6359319596638,,#000000
2026-04-01 00:00:00+00:00,995.1140993121,1001.6745669532,989.1527611358,993.5813264309,1769848,0.0,0.0,0.0,0.0,0.0,0.0,0.0,0.0,,988.9224202029968,947.4952142355315,941.0247945797056,923.616225700538,902.0663520998406,896.4821876417099,883.2888907710382,873.7736503121771,842.0667458954175,838.4831032103546,829.5440581076747,816.5462170790511,809.089829989472,790.1411883473928,742.5876533545234,680.8531201332815,,,,,,,,,992.1858696540174,,,,,986.5276836833682,,,680.8531201332815,,"rgba(38, 166, 154, 0.5)"
2026-04-02 00:00:00+00:00,1013.4874029038,1014.5258939763,997.7602544489,1006.5375011104,1828612,0.0,0.0,0.0,0.0,0.0,0.0,0.0,0.0,,989.3360646143259,948.1485163892997,941.1595423748412,923.7635788081417,902.2317698229458,896.652155972844,883.4696531262465,873.9625426318471,842.2783223353115,838.6969006165232,829.7632935506213,816.7727356306974,809.3200979968082,790.3793203223738,742.8335190092007,681.0866663585496,,,,,,,,,992.6835057713278,,,,,989.5071241807846,,,681.0866663585496,,"rgba(38, 166, 154, 0.5)"
2026-04-06 00:00:00+00:00,1017.0721942024,1019.209089294,1002.5532901685,1013.4874029038,1448642,0.0,0.0,0.0,0.0,0.0,0.0,0.0,0.0,,989.7229545400262,948.6928035053031,941.2727773204606,923.8859235591473,902.3678001427218,896.7916636831421,883.6174546927328,874.1166364404877,842.4499314282177,838.8702221368271,829.9408120470927,816.9558709128804,809.506118544444,790.5713587806655,743.03115903359,681.2739038938976,,,,,,,,,993.158974858878,,,,,991.7721644332682,,,681.2739038938976,,"rgba(38, 166, 154, 0.5)"
2026-04-07 00:00:00+00:00,1011.7399419643,1019.3788426424,1003.3920714194,1018.7797131775,1428543,0.0,0.0,0.0,0.0,0.0,0.0,0.0,0.0,,990.0693361509651,949.2088176618821,941.3818535073467,924.0042954495788,902.499872042547,896.9272054733856,883.761254936934,874.2666839880334,842.6173942461837,839.03938930195,830.1141549834971,817.1348051969848,809.6879284352661,790.759183306862,743.2247347250345,681.4575354024043,,,,,,,,,993.5738905058811,,,,,993.488960030858,,,681.4575354024043,,"rgba(38, 166, 154, 0.5)"
2026-04-08 00:00:00+00:00,1028.775189751,1028.9649140815,998.5491082444,1002.982666285,2265711,0.0,0.0,0.0,0.0,0.0,0.0,0.0,0.0,,990.7752694788783,950.1034402184948,941.5719965137541,924.2069040200333,902.7225943993092,897.1551020314146,884.0015877335262,874.5165457925946,842.8937033182972,839.3182795369779,830.3993800227024,817.428500431962,809.9859622799047,791.0661996012266,743.5394718278143,681.7547587084933,,,,,,,,,994.4461976943434,,,,,996.5537825539046,,,681.7547587084933,,"rgba(38, 166, 154, 1.0)"
2026-04-09 00:00:00+00:00,1030.5326361815,1034.3171373017,1023.5696533948,1027.9963214465,1433627,0.0,0.0,0.0,0.0,0.0,0.0,0.0,0.0,,991.3684497927944,950.7441809511931,941.7084536568373,924.3491277190293,902.8760479502946,897.3115246739139,884.165267215048,874.6859053427116,843.0787101434446,839.5048061823625,830.5896471395096,817.6237564166711,810.183755980042,791.269154650193,743.7459856331649,681.9485242853367,,,,,,,,,995.1972595826716,1029.4731422926668,,,,998.899663480461,,,681.9485242853367,,"rgba(38, 166, 154, 1.0)"
2026-04-10 00:00:00+00:00,997.0213281088,1027.5069325286,994.0556372573,1025.020645104,2333039,0.0,0.0,0.0,0.0,0.0,0.0,0.0,0.0,,991.7292894042698,951.4632160645582,941.8709555513408,924.5286877553064,903.0792071823086,897.5205948999302,884.3883016137669,874.9193953300294,843.3414983772183,839.7704719800399,830.8623548485232,817.9059110492472,810.4707896591568,791.566494724888,744.054094221569,682.2423000139088,,,,,,,,,,1015.0546430412802,,,,999.6577379948044,,,682.2423000139088,,"rgba(38, 166, 154, 0.5)"
2026-04-13 00:00:00+00:00,979.4268928215,998.5990356998,977.9391545052,997.0213281088,2255514,0.0,0.0,0.0,0.0,0.0,0.0,0.0,0.0,,991.5819892586322,951.8824200312574,941.9765535604939,924.6573561388061,903.2352533362282,897.6832807256301,884.5663340707773,875.1085732806073,843.5622912060811,839.9943942486215,831.0939058868986,818.147738008517,810.7179789751867,791.8252933501104,744.3276143984856,682.5075411246243,,,,,,,,,,1003.9186288317859,,,,998.3489620530229,,,682.5075411246243,,"rgba(38, 166, 154, 0.5)"
2026-04-14 00:00:00+00:00,973.3856707167,976.1915937108,964.5984385641,972.2672957154,2136508,0.0,0.0,0.0,0.0,0.0,0.0,0.0,0.0,,991.1517105379842,952.1085712703523,942.0441140704297,924.7508634183022,903.3575301750084,897.8124221183126,884.7111598673956,875.264599701151,843.750313084493,840.1855974347685,831.292848013207,818.3571287302148,810.9328535439444,792.0521983368129,744.5711890387985,682.7468217755925,,,,,,,,,,995.4008850190042,,,,996.2033685867756,,,682.7468217755925,,#000000
2026-04-15 00:00:00+00:00,983.3212343437,983.9503202819,966.8951015131,968.9021852206,2346203,0.0,0.0,0.0,0.0,0.0,0.0,0.0,0.0,,990.8522290907207,952.4347139614897,942.1347137085162,924.8677274042492,903.5044063539736,897.9665145542002,884.8818281483625,875.4471955279063,843.9668989020863,840.4055582187941,831.5210273496759,818.596396397187,811.1779284203727,792.3099479779023,744.8459093713234,683.0151868844688,,,,,,,,,,991.5269112427211,,,,994.7446583240331,978.0555520462333,,683.0151868844688,,"rgba(239, 83, 80, 1.0)"
2026-04-16 00:00:00+00:00,985.77766515,994.3032774362,980.1857901438,983.5708716208,1484286,0.0,0.0,0.0,0.0,0.0,0.0,0.0,0.0,,990.79380807404,952.7054781416227,942.2056200860345,924.9534451516896,903.6078359260621,898.0742497617833,884.9995282464029,875.572143165187,844.1124247022607,840.5531228565977,831.6735639436959,818.7556335958593,811.3406637592458,792.4802606355456,745.0258441366664,683.1897107034123,,,,,,,,,,990.936209832453,,,,,981.4267472368382,,683.1897107034123,,"rgba(239, 83, 80, 1.0)"
2026-04-17 00:00:00+00:00,998.4392678425,999.2181361469,975.5824787548,983.5708716208,2346525,0.0,0.0,0.0,0.0,0.0,0.0,0.0,0.0,,990.8001171153592,953.1781938728371,942.3280947238577,925.0979221394045,903.7793025074989,898.2523166230783,885.1929319966489,875.7767636562935,844.3488402585817,840.79268562169,831.9208074375946,819.0132232783999,811.6036465801734,792.7548817785047,745.3148387184174,683.4691332028979,,,,,,,,,,990.959739584142,,,,,985.093811489165,,683.4691332028979,,#000000
2026-04-20 00:00:00+00:00,996.3922421706,1009.8327131676,992.6976104701,1002.3935223112,1475447,0.0,0.0,0.0,0.0,0.0,0.0,0.0,0.0,,990.9210022511704,953.5353097126273,942.418258323617,925.2001882460116,903.8973122153291,898.3742263243121,885.3239824032283,875.9145791716942,844.5057547797404,840.9514860392893,832.0842176488262,819.182835244385,811.7764797924049,792.934606332976,745.5025228990157,683.6494512243222,,,,,,,,,,991.7698341632594,,,,,987.8985813670469,,683.6494512243222,,#000000
2026-04-21 00:00:00+00:00,1004.3506785633,1005.039677448,985.2684051048,992.927276765,1367093,0.0,0.0,0.0,0.0,0.0,0.0,0.0,0.0,,991.0123146509687,953.8512843989806,942.4994789456582,925.2928896340334,904.0047771793438,898.4853401656402,885.4436348006526,876.0405366283998,844.6495336251705,841.0970260559354,832.2340614831427,819.3384716669964,811.9351277470774,793.0997106999207,745.675205680791,683.8155929087129,,,,,,,,,,992.2831237075412,,,,,989.4629352815172,,683.8155929087129,,#000000
2026-04-22 00:00:00+00:00,1002.2437399449,1006.6473415123,996.8415892693,1003.5218828035,1215151,0.0,0.0,0.0,0.0,0.0,0.0,0.0,0.0,,991.1321790258073,954.1514692660741,942.5762437803592,925.3792513348633,904.1038273066188,898.5875448778802,885.5532501732537,876.1556532172874,844.7801733697493,841.2291983301114,832.369981516303,819.4794333139658,812.0787065003572,793.2488791447706,745.8307386903742,683.964854038108,,,,,,,,,,992.9191776499713,,,,,990.9408620921472,,683.964854038108,,#000000
2026-04-23 00:00:00+00:00,1012.908244421,1015.1250234413,1005.5689084754,1006.1131177394,1570728,0.0,0.0,0.0,0.0,0.0,0.0,0.0,0.0,,991.4134833372626,954.6083859068955,942.6906678841208,925.5041117487832,904.2436975376179,898.7312091063519,885.705923826026,876.3151128742431,844.9586843374441,841.4095842515436,832.554961353604,819.6705830334759,812.2730445939891,793.4499520988497,746.0387873326425,684.1632157185935,,,,,,,,,,994.3575249233826,,,,,993.6364628927204,,684.1632157185935,,"rgba(38, 166, 154, 0.5)"
2026-04-24 00:00:00+00:00,1009.6829308013,1011.9795937503,1001.045481015,1010.5316975434,1695617,0.0,0.0,0.0,0.0,0.0,0.0,0.0,0.0,,991.6543045432163,955.062359684877,942.8072377038446,925.6327983056524,904.3891668574413,898.8808911032879,885.8655636144694,876.4822061266824,845.1467593571488,841.5997278924934,832.750169541336,819.8725995201511,812.4785873148707,793.6629834702971,746.2599413750482,684.3747047204427,,,,,,,,,,995.3918019809781,,,,,995.3863130987543,,684.3747047204427,,"rgba(38, 166, 154, 0.5)"
2026-04-27 00:00:00+00:00,996.561995519,1012.9382008942,995.1839977496,1007.161594303,1620358,0.0,0.0,0.0,0.0,0.0,0.0,0.0,0.0,,991.7934444375061,955.4401572940056,942.9079450160193,925.7464071984332,904.5197252528674,899.0156598979006,886.0102159401829,876.6341859353298,845.3194476893123,841.7744631139938,832.9299101461093,820.0590778258934,812.6685668402536,793.8604571683898,746.4660794247714,684.5727964827421,,,,,,,,,,995.8212226480631,,,,,996.0480139343077,,684.5727964827421,,"rgba(38, 166, 154, 0.5)"
2026-04-28 00:00:00+00:00,992.557813595,1011.1807544637,984.569420729,1009.0089101533,1775955,0.0,0.0,0.0,0.0,0.0,0.0,0.0,0.0,,991.8587711327913,955.7990627456687,943.0076913064955,925.8615983185455,904.6543916090088,899.1551229331523,886.1608736904815,876.7930761484894,845.5016837732544,841.9590118801347,833.1201085936343,820.256890026403,812.8703466926219,794.0707860728874,746.6868036060852,684.7858923133688,,,,,,,,,,995.8411709341893,,,,,996.0537576799906,,684.7858923133688,,#000000
2026-04-29 00:00:00+00:00,997.2210379305,997.5206026629,983.6906975137,986.9359821155,1516865,0.0,0.0,0.0,0.0,0.0,0.0,0.0,0.0,,991.8709402940124,956.0759980669658,943.0873264003991,925.9550892812533,904.7649694751287,899.2698892619285,886.2853830746759,876.9247167933235,845.6535907882965,842.1129293392404,833.2789346263831,820.4223359196767,813.0392482393577,794.247163016975,746.8725338923987,684.9657472598113,,,,,,,,,,995.6681867234435,,,,,995.7866185799616,,684.9657472598113,,#000000
2026-04-30 00:00:00+00:00,1013.0580267872,1016.2134419693,994.8744475261,995.0042589102,2049273,0.0,0.0,0.0,0.0,0.0,0.0,0.0,0.0,,992.1455738860612,956.5961122715763,943.227355641561,926.1096744131814,904.939697928029,899.4496765740641,886.4771290719835,877.1254112272813,845.8795184020452,842.3413482131194,833.5134536197396,820.6650615579672,813.2862288689737,794.5031982504511,747.1385283591281,685.2204073999725,,,,,,,,,,996.5545943314738,,,,,997.0145720412086,,685.2204073999725,,"rgba(38, 166, 154, 0.5)"
2026-05-01 00:00:00+00:00,1011.7,1031.265,1006.32,1015.375,1509728,0.0,0.0,0.0,0.0,0.0,0.0,0.0,0.0,,992.4455150205748,957.0340050648721,943.3434177848721,926.2347962173179,905.07847589791,899.5919395905242,886.6277154566035,877.2823112780246,846.0541405139705,842.5177151288899,833.6941005874594,820.8514583034028,813.4755945074655,794.6988174310253,747.3404264600656,685.4126256005104,,,,,,,,,,997.5503471153343,,,,,998.3484451377861,,685.4126256005104,,"rgba(38, 166, 154, 0.5)"
2026-05-04 00:00:00+00:00,1012.79,1024.72,1002.21,1007.02,1479687,0.0,0.0,0.0,0.0,0.0,0.0,0.0,0.0,,992.6942467609127,957.4343020925141,943.4518670050059,926.352769216884,905.2102725441861,899.7272406546596,886.7713501754806,877.4322309492188,846.2217449931359,842.6870635553992,833.8677239279676,821.0308293589015,813.6579395161081,794.8874576725891,747.5356724390897,685.5989901014391,,,,,,,,,,998.28475386698,,,,,999.2879803384155,,685.5989901014391,,"rgba(38, 166, 154, 0.5)"
2026-05-05 00:00:00+00:00,1016.42,1020.78,1009.07,1010.51,1456309,0.0,0.0,0.0,0.0,0.0,0.0,0.0,0.0,,992.9587103271309,957.8379434999312,943.5616036894305,926.471476150997,905.3422889113294,899.8626451175908,886.9148327349859,877.5818264512075,846.3885257335064,842.855538133262,834.0403525590822,821.2090418008506,813.8390385533519,795.0746530775439,747.7291306196747,685.7834242928519,,,,,,,,,,999.039535927888,,,,,1000.2313280252536,,685.7834242928519,,"rgba(38, 166, 154, 1.0)"
2026-05-06 00:00:00+00:00,995.75,1012.23,992.42,1011.31,2619130,0.0,0.0,0.0,0.0,0.0,0.0,0.0,0.0,,993.1057695228626,958.3608733481632,943.7163089854037,926.6476122474719,905.5460545578611,900.0732549522642,887.1414710424481,877.820301915391,846.6605929612296,843.1309360466497,834.3238935995055,821.5035625318957,814.1392809654643,795.3872143279541,748.0565246848258,686.0992438688373,,,,,,,,,,999.1198114945278,,,,,1000.222004517276,,686.0992438688373,,"rgba(38, 166, 154, 0.5)"
2026-05-07 00:00:00+00:00,1012.06,1012.66,990.66,993.5,2013993,0.0,0.0,0.0,0.0,0.0,0.0,0.0,0.0,,993.2922954427922,958.80129655903,943.8451742763442,926.7916454344269,905.7103865307323,900.24265551206,887.3228038359996,878.0105090073523,846.8759318219442,843.3487638620146,834.5478124953291,821.7356894096887,814.375676999984,795.6327583008699,748.312674357011,686.3455182518002,,,,,,,,,,999.4406982804692,,,,,1000.5563704666662,,686.3455182518002,,"rgba(38, 166, 154, 0.5)"
2026-05-08 00:00:00+00:00,1008.79,1016.0,1005.11,1011.74,1805188,0.0,0.0,0.0,0.0,0.0,0.0,0.0,0.0,,993.5210225713588,959.2295806033604,943.9693067402395,926.9282459600632,905.8643692811451,900.4010148174093,887.491521781485,878.1869865788522,847.0743361908969,843.549337012919,834.7536983714115,821.94872976081,814.5924310775083,795.8574303427963,748.54615254416,686.569283277154,,,,,,,,,,999.9216693755336,,,,,1001.0982744229034,,686.569283277154,,"rgba(38, 166, 154, 0.5)"
2026-05-11 00:00:00+00:00,999.47,1007.0,985.15,1005.82,2053529,1.0,1007.0,985.15,1239.0,1.0,1007.0,985.15,1239.0,997.2066666666666,993.5776511215423,959.5877924726726,944.0827584769629,927.0592996420405,906.0175806922425,900.5596898471703,887.6629496137255,878.3677859073221,847.2818151075737,843.7594672266989,834.9703075615804,822.1740852145148,814.822355080859,796.0972412746445,748.7983052074367,686.813427227965,,,,,,,,,,999.7875170672238,,,,,1000.859014705165,,686.813427227965,,#000000
2026-05-12 00:00:00+00:00,1021.88,1026.0,1001.14,1002.535,2143229,0.0,0.0,0.0,0.0,0.0,0.0,0.0,0.0,1006.9778078348414,993.9369020197624,960.1410335250366,944.243112142924,927.2327232198211,906.2103736137856,900.7574177701227,887.8724457151275,878.5861842853271,847.5253032045447,844.005433382678,835.2223523566078,822.4343100050705,815.0868151952162,796.3706729684459,749.0811554500258,687.0835084137971,,,,,,,,,,1000.5992639966103,,,,,1001.7924780799747,,687.0835084137971,,"rgba(38, 166, 154, 0.5)"
2026-05-13 00:00:00+00:00,1033.08,1042.52,1017.94,1017.94,1654600,0.0,0.0,0.0,0.0,0.0,0.0,0.0,0.0,1013.8215092724345,994.3852253886234,960.6716692865087,944.3918024392367,927.388368993553,906.3787459352228,900.9291446671057,888.0523422736734,878.7724310570065,847.7292821733522,844.2111537256169,835.4323594652212,822.6500688047091,815.3055273075369,796.5955116080419,749.3112130109762,687.3010958761778,,,,,,,,,,1001.7148191818758,,,,,1003.0996296788602,,687.3010958761778,,"rgba(38, 166, 154, 1.0)"
2026-05-14 00:00:00+00:00,1041.25,1041.785,1026.1,1034.95,1606609,0.0,0.0,0.0,0.0,0.0,0.0,0.0,0.0,1018.6807418954344,994.8703953586951,961.2168149994275,944.5443127870217,927.5466019455814,906.5485928228111,901.1020961213495,888.2329179136093,878.9589947283322,847.932511809705,844.4160167411914,835.6412489437199,822.864355145048,815.5225762453647,796.8182459808169,749.538352196715,687.5152989763315,,,,,,,,,,1002.900631449085,,,,,1004.4774204731094,,687.5152989763315,,"rgba(38, 166, 154, 1.0)"
2026-05-15 00:00:00+00:00,1048.95,1057.5,1039.22,1049.36,1966963,0.0,0.0,0.0,0.0,0.0,0.0,0.0,0.0,1024.9157843430492,995.6191940758105,961.9800618779819,944.7550131761152,927.7613091703987,906.7753810593978,901.332247539198,888.4715225784794,879.2044269291171,848.1967704572797,844.6821096925449,835.9118802232858,823.1410509166029,815.8023494268602,797.1042097779882,749.8277344496563,687.7863312678488,,,,,,,,,,1004.7359393185802,,,,,1006.6039105983477,,687.7863312678488,,"rgba(38, 166, 154, 1.0)"
2026-05-18 00:00:00+00:00,1076.47,1079.8299,1045.0,1050.0,2295156,0.0,0.0,0.0,0.0,0.0,0.0,0.0,0.0,1033.1767543704998,996.7639052297723,963.0411404119603,945.0435207054537,928.0491912288436,907.0735861745125,901.6336044491536,888.7811890376985,879.5211731284776,848.5326991729141,845.0198862478385,836.2542604695045,823.4895467876821,816.1538961399739,797.4616136363737,750.1856100067449,688.118300849081,,,,,,,,,,1007.5301123041443,,,,,1009.8278612047114,,688.118300849081,,"rgba(38, 166, 154, 1.0)"
2026-05-19 00:00:00+00:00,1094.32,1096.5,1072.1,1077.0,2853290,-1.0,1096.5,1072.1,0.0,-1.0,1096.5,1072.1,0.0,1043.8399963071793,998.537803825997,964.5853080699743,945.4603346921418,928.4580473555619,907.4901509753275,902.0530372218238,889.2088377157987,879.9564151491502,848.987995155909,845.4770809593705,836.7162357612121,823.9578158166325,816.6252220867142,797.9383595254084,750.6581517570864,688.5525126795853,1087.64,,,,,,,,,1011.756784495945,1087.64,,,,1014.66270850703,,688.5525126795853,1087.64,"rgba(38, 166, 154, 1.0)"
2026-05-20 00:00:00+00:00,1074.01,1089.74,1072.0,1089.37,2131579,0.0,0.0,0.0,0.0,0.0,0.0,0.0,0.0,1048.273301730323,999.6882977497547,965.6310652602209,945.75039931555,928.7448225619966,907.784515842629,902.3499153937889,889.5125918109856,880.2662534386839,849.3141337653093,845.8047782742839,837.0478358175941,824.2945806583291,816.964533299647,798.2823940026179,751.000841656415,688.8689321892932,1083.767280280251,,,,,,,,,,1083.767280280251,,,,1017.4981881816764,,688.8689321892932,1083.767280280251,"rgba(38, 166, 154, 1.0)"
2026-05-21 00:00:00+00:00,1050.45,1064.73,1039.01,1063.405,2149696,0.0,0.0,0.0,0.0,0.0,0.0,0.0,0.0,1048.629409361814,1000.4271093813625,966.4172469189527,945.9820417691514,928.9806539453268,908.033268182128,902.602275785426,889.7740356669632,880.5350459216829,849.6032162847176,846.0958401164935,837.3437968086462,824.597092702219,817.2703718094135,798.5949302308809,751.3170975147922,689.1652965663833,1074.0137804379103,,,,,,,,,,1074.0137804379103,,,,1018.9497469276184,,689.1652965663833,1074.0137804379103,"rgba(38, 166, 154, 0.75)"
2026-05-22 00:00:00+00:00,1028.24,1045.64,1025.19,1039.99,2051784,0.0,0.0,0.0,0.0,0.0,0.0,0.0,0.0,1047.097809301927,1000.8656523962244,966.994937263138,946.1638175393895,929.1712427341491,908.2395631721207,902.8127019375569,889.9945071773764,880.7633062372446,849.8533095786154,846.3480839910615,837.6013348536798,824.861745645725,817.5386874258497,798.8708844423743,751.5998845912851,689.4333860650721,1064.85850628906,,,,,,,,,,1064.85850628906,,,,1019.5023548702734,,689.4333860650721,1064.85850628906,"rgba(38, 166, 154, 0.75)"
2026-05-26 00:00:00+00:00,1002.93,1027.5,996.16,1026.13,2707389,0.0,0.0,0.0,0.0,0.0,0.0,0.0,0.0,1042.7141228791716,1001.0051561024441,967.4686820475309,946.3361228812913,929.3634065314913,908.4582325574466,903.0380016595301,890.2354233063802,881.0158317102054,850.1388830975076,846.636944365106,837.8982432261337,825.1695238598467,817.8521365288154,799.1965527109796,751.9402029074117,689.7616693069139,1052.1122430610124,,,,,,,,,,1052.1122430610124,,,,1018.9782781392777,,689.7616693069139,1052.1122430610124,#000000
2026-05-27 00:00:00+00:00,1003.69,1013.51,999.6863,1003.86,2392069,0.0,0.0,0.0,0.0,0.0,0.0,0.0,0.0,1039.3029448454124,1001.0753313392739,967.8464023183375,946.4797396670286,929.5255436478748,908.6444464025392,903.2302064864809,890.4416879114071,881.2324955206049,850.385220313276,846.8862374255232,838.1547695074212,825.4358275085777,818.123550693578,799.4790261402258,752.2363611836015,690.0482232218465,1044.3288757724058,,,,,,,,,,1044.3288757724058,,,,1018.4215031893654,,690.0482232218465,1044.3288757724058,#000000
2026-05-28 00:00:00+00:00,995.2,1012.0,994.27,1011.61,2853278,0.0,0.0,0.0,0.0,0.0,0.0,0.0,0.0,1035.465546964419,1001.0649229701637,968.2273205689792,946.6353355482006,929.7050444806754,908.8539127693241,903.447071902115,890.6758263596155,881.4793150905725,850.6683418288528,847.1729826204178,838.4503742378729,825.7434209376086,818.4374267411448,799.8065794647333,752.5815722106481,690.3837929690537,1037.0306740430756,,,,,,,,,,1037.0306740430756,,,,1017.5717047847266,,690.3837929690537,1037.0306740430756,"rgba(239, 83, 80, 1.0)"
2026-05-29 00:00:00+00:00,956.32,998.82,945.45,986.57,7034527,0.0,0.0,0.0,0.0,0.0,0.0,0.0,0.0,,999.6284944204568,968.189177378225,946.7779921427367,929.9353329496751,909.1782601720237,903.7937828095929,891.0733764194433,881.9127769748968,851.2061677268512,847.7213227531199,839.0242962757233,826.3521252347692,819.0645816297508,800.4750400795224,753.3136862044737,691.1186461981858,1016.6119607477318,,,,,,,,,,1016.6119607477318,,,,1012.266784174542,,691.1186461981858,1016.6119607477318,"rgba(239, 83, 80, 1.0)"
2026-06-01 00:00:00+00:00,946.11,959.21,936.51,955.0,2816325,0.0,0.0,0.0,0.0,0.0,0.0,0.0,0.0,,998.762777916973,967.9576376556919,946.7793961828197,929.9782540263993,909.2633534962703,903.8887521702386,891.1905450460292,882.045357059711,851.3838680287666,847.9035895246022,839.2176501718037,826.5605892286181,819.2811065444929,800.7098385937426,753.5786378198663,691.3909361065325,1009.3770152899913,,,,,,,,,,1009.3770152899913,,,,1009.6541711274565,947.2766666666666,691.3909361065325,1009.3770152899913,"rgba(239, 83, 80, 1.0)"
2026-06-02 00:00:00+00:00,954.27,955.3899,939.45,942.29,2218184,0.0,0.0,0.0,0.0,0.0,0.0,0.0,0.0,,998.1320215394666,967.799829506853,946.7858657941877,930.0166313903787,909.3343686007402,903.9674272051075,891.2864635575448,882.1532717917872,851.5268956907947,848.0501707925625,839.3728622992926,826.7275639906863,819.4543544239333,800.8972947608365,753.7894170108107,691.6070188733944,1004.8451496326005,,,,,,,,,,1004.8451496326005,,,,,948.3458313526105,691.6070188733944,1004.8451496326005,"rgba(239, 83, 80, 1.0)"
2026-06-03 00:00:00+00:00,961.83,969.18,951.98,952.875,2174108,0.0,0.0,0.0,0.0,0.0,0.0,0.0,0.0,,997.6698839597261,967.7426693513921,946.8166180074555,930.0755965093168,909.4231354024421,904.0632534139276,891.3982874372805,882.2763361813559,851.6827574773425,848.2093461216406,839.5400962066844,826.9057710734447,819.6383982232287,801.0944782178481,754.0074522981698,691.8277092808228,1001.8074005420531,,,,,,,,,,1001.8074005420531,,,,,952.1613041767281,691.8277092808228,1001.8074005420531,"rgba(239, 83, 80, 1.0)"
2026-06-04 00:00:00+00:00,972.35,990.01,968.21,986.96,2345228,0.0,0.0,0.0,0.0,0.0,0.0,0.0,0.0,,997.3941846865755,967.824530338192,946.8865780086301,930.171447505176,909.5478888376045,904.1949566049865,891.54590769873,882.4353157272517,851.8747112765052,848.4046217185027,839.7434671835749,827.1201492432697,819.8586062511794,801.3276809574427,754.2601167975204,692.0793679390227,1000.0724591942632,,,,,,,,,,1000.0724591942632,,,,,958.2233928521832,692.0793679390227,1000.0724591942632,"rgba(239, 83, 80, 1.0)"
2026-06-05 00:00:00+00:00,971.87,997.41,971.6,977.5,3092017,0.0,0.0,0.0,0.0,0.0,0.0,0.0,0.0,,997.1006552084443,967.970457771753,946.988838723958,930.3064802438886,909.7200257009488,904.3760496107627,891.747565917561,882.6517032666183,852.1338250693157,848.6680384691044,840.0173760370866,827.4083221894596,820.1543285451485,801.6401993904387,754.5974922476457,692.4144795377679,998.4114524833271,,,,,,,,,,998.4114524833271,,,,,963.6196743517523,692.4144795377679,998.4114524833271,"rgba(239, 83, 80, 1.0)"
2026-06-08 00:00:00+00:00,974.75,978.98,961.002,963.455,2086132,0.0,0.0,0.0,0.0,0.0,0.0,0.0,0.0,,996.8084616917612,967.9987148654767,947.039515663244,930.3813603325435,909.8214060924985,904.4837722634564,891.869762665411,882.784172573047,852.2962056813217,848.8334384954055,840.1901302365461,827.591086498833,820.342406415844,801.8401776491264,754.815776991888,692.633301760119,996.9725977678753,,,,,,,,,,996.9725977678753,,,,,964.7465229675313,692.633301760119,996.9725977678753,"rgba(239, 83, 80, 1.0)"
2026-06-09 00:00:00+00:00,968.59,981.9699,964.94,974.21,1998630,0.0,0.0,0.0,0.0,0.0,0.0,0.0,0.0,,996.5375080878574,968.0272814194552,947.0883758564987,930.4532893485298,909.9186242019324,904.5870455947974,891.9868583708494,882.9110806379542,852.4516946756495,848.9918134588153,840.3555349265605,827.7660612238099,820.5224619577868,802.0316151892472,755.0247407825584,692.8428161237935,995.7442615462231,,,,,,,,,,995.7442615462231,,,,,965.5931049707132,692.8428161237935,995.7442615462231,"rgba(239, 83, 80, 1.0)"
2026-06-10 00:00:00+00:00,983.37,985.255,964.31,977.444,1715603,0.0,0.0,0.0,0.0,0.0,0.0,0.0,0.0,,996.3631930158907,968.0883935698107,947.1399780422861,930.5234773654321,910.0096428454107,904.6830816407977,892.0943950076289,883.026829969879,852.5913243791874,849.1338522940586,840.5034467692976,827.9219647574936,820.682602017368,802.2012121809245,755.2085919974179,693.0261515713923,995.0157006662421,,,,,,,,,,995.0157006662421,,,,,966.7139990846113,693.0261515713923,995.0157006662421,"rgba(239, 83, 80, 0.75)"
2026-06-11 00:00:00+00:00,975.69,989.12,973.995,986.91,1903390,0.0,0.0,0.0,0.0,0.0,0.0,0.0,0.0,,996.19335036145,968.168989742276,947.2006840807607,930.6043274975568,910.1132514717392,904.7921840649662,892.2161084240436,883.1575673072301,852.7482918722313,849.2934656725105,840.669512297556,828.0968096264049,820.8620992175657,802.3910842879856,755.414003385077,693.2306750344256,994.3567431100763,,,,,,,,,,994.3567431100763,,,,,967.9194398356095,693.2306750344256,994.3567431100763,"rgba(239, 83, 80, 0.75)"
2026-06-12 00:00:00+00:00,982.35,984.78,970.0,975.52,1737681,0.0,0.0,0.0,0.0,0.0,0.0,0.0,0.0,,996.0361545528253,968.2380446034734,947.254955530177,930.6770681219632,910.2068130688751,904.8907696173058,892.3262221303067,883.2759247731505,852.8906261426838,849.438219584669,840.8201664225874,828.2554939455737,821.0250405686706,802.5635265577481,755.6007373440075,693.4167744087355,993.7815313121619,,,,,,,,,,993.7815313121619,,,,,968.7945934364265,693.4167744087355,993.7815313121619,"rgba(239, 83, 80, 0.75)"
2026-06-15 00:00:00+00:00,979.45,986.9999,968.0,974.19,1893749,0.0,0.0,0.0,0.0,0.0,0.0,0.0,0.0,,995.8592537318776,968.3061695576951,947.3122347402433,930.7546338271344,910.3071694385357,904.9966210281902,892.4446749658096,883.4033799422032,853.0442832254228,849.5945221926944,840.9829195143152,828.4270284935103,821.2012327102551,802.7501241873895,755.8030755838009,693.6186788384242,993.1667982721908,,,,,,,,,,993.1667982721908,,,,,969.5333738866459,693.6186788384242,993.1667982721908,"rgba(239, 83, 80, 0.75)"
2026-06-16 00:00:00+00:00,986.68,995.38,973.16,980.39,1523449,0.0,0.0,0.0,0.0,0.0,0.0,0.0,0.0,,995.7741138545804,968.3983669875348,947.3684703662773,930.8259369249774,910.3959042647799,905.0895907907478,892.5474072504231,883.5131386735071,853.1744466888762,849.7267433217322,841.1201628285236,828.5711046166313,821.3489258689657,802.9058610725824,755.9706422259818,693.7848427008893,992.9186007951927,,,,,,,,,,992.9186007951927,,,,,970.4616155456498,693.7848427008893,992.9186007951927,"rgba(239, 83, 80, 0.75)"
2026-06-17 00:00:00+00:00,965.59,983.7106,961.16,980.0,1928018,0.0,0.0,0.0,0.0,0.0,0.0,0.0,0.0,,995.5206996645168,968.4104966550931,947.4113333650068,930.8911626204572,910.4855260731573,905.1850507786553,892.6561828764289,883.6313494556412,853.3202171290772,849.8753025653866,841.2755152836893,828.7357157306172,821.5184610447043,803.0864634852294,756.1685697851617,693.984104638505,992.0680920816015,,,,,,,,,,992.0680920816015,,,,,970.4399628436471,693.984104638505,992.0680920816015,"rgba(239, 83, 80, 0.75)"
