date,Close,High,Low,Open,Volume,OB_c0,OB_High_c0,OB_Low_c0,OB_Mitigated_Index_c0,OB,OB_High,OB_Low,OB_Mitigated_Index,aVWAP_OB_bull_c0_1242,aVWAP_OB_bull_c0_1109,aVWAP_OB_bull_c0_1000,aVWAP_OB_bull_c0_751,aVWAP_OB_bull_c0_666,aVWAP_OB_bull_c0_648,aVWAP_OB_bull_c0_619,aVWAP_OB_bull_c0_614,aVWAP_OB_bull_c0_604,aVWAP_OB_bull_c0_591,aVWAP_OB_bull_c0_513,aVWAP_OB_bear_c0_1105,aVWAP_OB_bear_c0_1067,aVWAP_OB_bear_c0_945,aVWAP_OB_bear_c0_587,aVWAP_OB_bear_c0_561,aVWAP_QQEMOD_bull_dot_c0_1059,aVWAP_QQEMOD_bull_dot_c0_1105,aVWAP_QQEMOD_bull_dot_c0_1164,aVWAP_QQEMOD_bull_dot_c0_1213,aVWAP_QQEMOD_bull_dot_c0_1253,aVWAP_QQEMOD_bear_dot_c0_1033,aVWAP_QQEMOD_bear_dot_c0_1086,aVWAP_QQEMOD_bear_dot_c0_1109,aVWAP_QQEMOD_bear_dot_c0_1191,aVWAP_QQEMOD_bear_dot_c0_1231,aVWAP_price_maxima_minima_valley_c0_1,aVWAP_price_maxima_minima_peak_c0_1,color
2021-06-21 00:00:00+00:00,16.136471791,16.1521458773,15.7367825917,15.7838048505,5340081,0.0,0.0,0.0,0.0,0.0,0.0,0.0,0.0,,,,,,,,,,,,,,,,,,,,,,,,,,,,,#000000
2021-06-22 00:00:00+00:00,16.1129606617,16.2383533516,15.9013604973,16.1286347479,7639435,0.0,0.0,0.0,0.0,0.0,0.0,0.0,0.0,,,,,,,,,,,,,,,,,,,,,,,,,,,,,"rgba(239, 83, 80, 0.5)"
2021-06-23 00:00:00+00:00,16.1443088341,16.3167237829,16.136471791,16.199168136,6711540,0.0,0.0,0.0,0.0,0.0,0.0,0.0,0.0,,,,,,,,,,,,,,,,,,,,,,,,,,,,,"rgba(239, 83, 80, 0.5)"
2021-06-24 00:00:00+00:00,16.4107683003,16.4734646453,16.0894495323,16.2148422223,9626211,0.0,0.0,0.0,0.0,0.0,0.0,0.0,0.0,,,,,,,,,,,,,,,,,,,,,,,,,,,,,"rgba(239, 83, 80, 0.5)"
2021-06-25 00:00:00+00:00,16.6615536803,16.7007388959,16.3676645632,16.4656276022,7307197,0.0,0.0,0.0,0.0,0.0,0.0,0.0,0.0,,,,,,,,,,,,,,,,,,,,,,,,,,,,,"rgba(38, 166, 154, 0.5)"
2021-06-28 00:00:00+00:00,16.199168136,16.5675091628,16.101205097,16.5675091628,8846851,0.0,0.0,0.0,0.0,0.0,0.0,0.0,0.0,,,,,,,,,,,,,,,,,,,,,,,,,,,,,"rgba(38, 166, 154, 0.5)"
2021-06-29 00:00:00+00:00,16.0816124892,16.4421164728,15.9875679717,16.3167237829,7832395,0.0,0.0,0.0,0.0,0.0,0.0,0.0,0.0,,,,,,,,,,,,,,,,,,,,,,,,,,,,,#000000
2021-06-30 00:00:00+00:00,16.1834940498,16.2697015241,16.0189161442,16.0581013598,5819649,0.0,0.0,0.0,0.0,0.0,0.0,0.0,0.0,,,,,,,,,,,,,,,,,,,,,,,,,,,,,#000000
2021-07-01 00:00:00+00:00,16.3715830847,16.4342794297,16.1913310929,16.3323978691,6113855,0.0,0.0,0.0,0.0,0.0,0.0,0.0,0.0,,,,,,,,,,,,,,,,,,,,,,,,,,,,,"rgba(38, 166, 154, 0.5)"
2021-07-02 00:00:00+00:00,16.2383533516,16.387257171,16.1521458773,16.3637460416,4786558,0.0,0.0,0.0,0.0,0.0,0.0,0.0,0.0,,,,,,,,,,,,,,,,,,,,,,,,,,,,,#000000
2021-07-06 00:00:00+00:00,15.7211085055,16.1834940498,15.6819232899,16.1756570066,8271860,0.0,0.0,0.0,0.0,0.0,0.0,0.0,0.0,,,,,,,,,,,,,,,,,,,,,,,,,,,,,"rgba(239, 83, 80, 0.5)"
2021-07-07 00:00:00+00:00,15.6035528586,15.8073159798,15.501671298,15.5486935568,7750317,0.0,0.0,0.0,0.0,0.0,0.0,0.0,0.0,,,,,,,,,,,,,,,,,,,,,,,,,,,,,"rgba(239, 83, 80, 0.5)"
2021-07-08 00:00:00+00:00,15.2038636593,15.466404604,15.0863080125,15.2587229612,8974011,0.0,0.0,0.0,0.0,0.0,0.0,0.0,0.0,,,,,,,,,,,,,,,,,,,,,,,,,,,,,"rgba(239, 83, 80, 0.5)"
2021-07-09 00:00:00+00:00,15.8073159798,15.8386641523,15.4311379099,15.5800417293,7741078,0.0,0.0,0.0,0.0,0.0,0.0,0.0,0.0,,,,,,,,,,,,,,,,,,,,,,,,,,,,,"rgba(239, 83, 80, 0.5)"
2021-07-12 00:00:00+00:00,16.0032420579,16.0502643167,15.438974953,15.5800417293,6110147,0.0,0.0,0.0,0.0,0.0,0.0,0.0,0.0,,,,,,,,,,,,,,,,,,,,,,,,,,,,,"rgba(239, 83, 80, 0.5)"
2021-07-13 00:00:00+00:00,15.7289455486,16.0110791011,15.6074713802,16.0110791011,5350278,0.0,0.0,0.0,0.0,0.0,0.0,0.0,0.0,,,,,,,,,,,,,,,,,,,,,,,,,,,,,"rgba(239, 83, 80, 0.5)"
2021-07-14 00:00:00+00:00,15.6662492036,15.9836494501,15.4193823452,15.7602937211,7470504,0.0,0.0,0.0,0.0,0.0,0.0,0.0,0.0,,,,,,,,,,,,,,,,,,,,,,,,,,,,,"rgba(239, 83, 80, 0.5)"
2021-07-15 00:00:00+00:00,15.7994789367,15.9327086698,15.438974953,15.5173453843,6798876,0.0,0.0,0.0,0.0,0.0,0.0,0.0,0.0,,,,,,,,,,,,,,,,,,,,,,,,,,,,,"rgba(239, 83, 80, 0.5)"
2021-07-16 00:00:00+00:00,15.1646784437,15.9405457129,15.1215747065,15.9091975404,8612320,0.0,0.0,0.0,0.0,0.0,0.0,0.0,0.0,,,,,,,,,,,,,,,,,,,,,,,,,,,,,"rgba(239, 83, 80, 0.5)"
2021-07-19 00:00:00+00:00,14.4906927351,14.8982189775,14.3809741314,14.7728262876,14321061,0.0,0.0,0.0,0.0,0.0,0.0,0.0,0.0,,,,,,,,,,,,,,,,,,,,,,,,,,,,,"rgba(239, 83, 80, 0.5)"
2021-07-20 00:00:00+00:00,14.9687523656,15.1999451378,14.0283071908,14.0753294496,12614859,0.0,0.0,0.0,0.0,0.0,0.0,0.0,0.0,,,,,,,,,,,,,,,,,,,,,,,,,,,,,"rgba(239, 83, 80, 0.5)"
2021-07-21 00:00:00+00:00,15.2117007025,15.4076267806,15.1262769324,15.1411673144,11760491,0.0,0.0,0.0,0.0,0.0,0.0,0.0,0.0,,,,,,,,,,,,,,,,,,,,,,,,,,,,,"rgba(239, 83, 80, 0.5)"
2021-07-22 00:00:00+00:00,14.8903819344,15.1568414006,14.7924188954,15.1411673144,7286273,0.0,0.0,0.0,0.0,0.0,0.0,0.0,0.0,,,,,,,,,,,,,,,,,,,,,,,,,,,,,"rgba(239, 83, 80, 0.5)"
2021-07-23 00:00:00+00:00,14.9687523656,15.3057452199,14.8982189775,15.0863080125,7375161,0.0,0.0,0.0,0.0,0.0,0.0,0.0,0.0,,,,,,,,,,,,,,,,,,,,,,,,,,,,,"rgba(239, 83, 80, 0.5)"
2021-07-26 00:00:00+00:00,15.1646784437,15.3057452199,15.0157746244,15.0157746244,7462008,0.0,0.0,0.0,0.0,0.0,0.0,0.0,0.0,,,,,,,,,,,,,,,,,,,,,,,,,,,,,"rgba(239, 83, 80, 0.5)"
2021-07-27 00:00:00+00:00,15.1725154869,15.3135822631,14.8825448913,14.9765894088,7250616,0.0,0.0,0.0,0.0,0.0,0.0,0.0,0.0,,,,,,,,,,,,,,,,,,,,,,,,,,,,,"rgba(239, 83, 80, 0.5)"
2021-07-28 00:00:00+00:00,15.3527674787,15.5251824274,15.05495984,15.2665600043,9908297,0.0,0.0,0.0,0.0,0.0,0.0,0.0,0.0,,,,,,,,,,,,,,,,,,,,,,,,,,,,,"rgba(239, 83, 80, 0.5)"
2021-07-29 00:00:00+00:00,15.5722046861,15.7211085055,15.3841156512,15.5330194705,9999180,0.0,0.0,0.0,0.0,0.0,0.0,0.0,0.0,,,,,,,,,,,,,,,,,,,,,,,,,,,,,#000000
2021-07-30 00:00:00+00:00,15.4076267806,15.725027027,15.3214193062,15.4781601687,8863156,0.0,0.0,0.0,0.0,0.0,0.0,0.0,0.0,,,,,,,,,,,,,,,,,,,,,,,,,,,,,#000000
2021-08-02 00:00:00+00:00,15.3135822631,15.913116062,15.3057452199,15.4781601687,7933847,0.0,0.0,0.0,0.0,0.0,0.0,0.0,0.0,,,,,,,,,,,,,,,,,,,,,,,,,,,,,#000000
2021-08-03 00:00:00+00:00,15.6819232899,15.7289455486,15.1215747065,15.4311379099,7653357,0.0,0.0,0.0,0.0,0.0,0.0,0.0,0.0,,,,,,,,,,,,,,,,,,,,,,,,,,,,,#000000
2021-08-04 00:00:00+00:00,15.3841156512,15.752456678,15.3527674787,15.4154638237,7512614,0.0,0.0,0.0,0.0,0.0,0.0,0.0,0.0,,,,,,,,,,,,,,,,,,,,,,,,,,,,,#000000
2021-08-05 00:00:00+00:00,15.5957158155,15.6662492036,15.4859972118,15.4938342549,5549768,0.0,0.0,0.0,0.0,0.0,0.0,0.0,0.0,,,,,,,,,,,,,,,,,,,,,,,,,,,,,#000000
2021-08-06 00:00:00+00:00,15.9327086698,16.1129606617,15.7994789367,15.8308271092,6153578,0.0,0.0,0.0,0.0,0.0,0.0,0.0,0.0,,,,,,,,,,,,,,,,,,,,,,,,,,,,,"rgba(38, 166, 154, 0.5)"
2021-08-09 00:00:00+00:00,15.8308271092,16.038508752,15.6701677252,15.8229900661,6129341,0.0,0.0,0.0,0.0,0.0,0.0,0.0,0.0,,,,,,,,,,,,,,,,,,,,,,,,,,,,,"rgba(38, 166, 154, 0.5)"
2021-08-10 00:00:00+00:00,16.1286347479,16.2070051791,15.7367825917,15.8033974583,7416593,0.0,0.0,0.0,0.0,0.0,0.0,0.0,0.0,,,,,,,,,,,,,,,,,,,,,,,,,,,,,"rgba(38, 166, 154, 0.5)"
2021-08-11 00:00:00+00:00,16.3637460416,16.3911756925,15.9718938854,16.1599829204,6823514,0.0,0.0,0.0,0.0,0.0,0.0,0.0,0.0,,,,,,,,,,,,,,,,,,,,,,,,,,,,,"rgba(38, 166, 154, 0.5)"
2021-08-12 00:00:00+00:00,16.324560826,16.4029312572,16.1599829204,16.3323978691,5305162,0.0,0.0,0.0,0.0,0.0,0.0,0.0,0.0,,,,,,,,,,,,,,,,,,,,,,,,,,,,,"rgba(38, 166, 154, 0.5)"
2021-08-13 00:00:00+00:00,16.2070051791,16.449953516,16.1286347479,16.4186053435,5760063,0.0,0.0,0.0,0.0,0.0,0.0,0.0,0.0,,,,,,,,,,,,,,,,,,,,,,,,,,,,,"rgba(38, 166, 154, 0.5)"
2021-08-16 00:00:00+00:00,16.0816124892,16.1756570066,15.846422825,16.0267531873,6031192,0.0,0.0,0.0,0.0,0.0,0.0,0.0,0.0,,,,,,,,,,,,,,,,,,,,,,,,,,,,,"rgba(38, 166, 154, 0.5)"
2021-08-17 00:00:00+00:00,15.8386641523,16.0345902304,15.6074713802,15.9013604973,5611391,0.0,0.0,0.0,0.0,0.0,0.0,0.0,0.0,,,,,,,,,,,,,,,,,,,,,,,,,,,,,"rgba(38, 166, 154, 0.5)"
2021-08-18 00:00:00+00:00,15.689760333,16.0032420579,15.6662492036,15.7446196349,5857898,0.0,0.0,0.0,0.0,0.0,0.0,0.0,0.0,,,,,,,,,,,,,,,,,,,,,,,,,,,,,"rgba(38, 166, 154, 0.5)"
2021-08-19 00:00:00+00:00,15.4703231255,15.6584121605,15.3370933924,15.501671298,5763447,0.0,0.0,0.0,0.0,0.0,0.0,0.0,0.0,,,,,,,,,,,,,,,,,,,,,,,,,,,,,#000000
2021-08-20 00:00:00+00:00,15.6035528586,15.6113899018,15.3527674787,15.4233008668,6085956,0.0,0.0,0.0,0.0,0.0,0.0,0.0,0.0,,,,,,,,,,,,,,,,,,,,,,,,,,,,,#000000
2021-08-23 00:00:00+00:00,15.7994789367,15.8856864111,15.6936788546,15.7446196349,4427956,0.0,0.0,0.0,0.0,0.0,0.0,0.0,0.0,,,,,,,,,,,,,,,,,,,,,,,,,,,,,#000000
2021-08-24 00:00:00+00:00,15.9954050148,16.0502643167,15.815153023,15.8621752817,4603296,0.0,0.0,0.0,0.0,0.0,0.0,0.0,0.0,,,,,,,,,,,,,,,,,,,,,,,,,,,,,#000000
2021-08-25 00:00:00+00:00,16.3402349122,16.4421164728,15.9834927093,16.0659384029,4973078,0.0,0.0,0.0,0.0,0.0,0.0,0.0,0.0,,,,,,,,,,,,,,,,,,,,,,,,,,,,,"rgba(38, 166, 154, 0.5)"
2021-08-26 00:00:00+00:00,16.073775446,16.4107683003,15.9993235364,16.4107683003,5157568,0.0,0.0,0.0,0.0,0.0,0.0,0.0,0.0,,,,,,,,,,,,,,,,,,,,,,,,,,,,,"rgba(38, 166, 154, 0.5)"
2021-08-27 00:00:00+00:00,16.3715830847,16.4068497788,16.0502643167,16.073775446,4688418,0.0,0.0,0.0,0.0,0.0,0.0,0.0,0.0,,,,,,,,,,,,,,,,,,,,,,,,,,,,,"rgba(38, 166, 154, 0.5)"
2021-08-30 00:00:00+00:00,15.9523012776,16.4110189148,15.9443923528,16.3872921404,4268177,0.0,0.0,0.0,0.0,0.0,0.0,0.0,0.0,,,,,,,,,,,,,,,,,,,,,,,,,,,,,"rgba(38, 166, 154, 0.5)"
2021-08-31 00:00:00+00:00,16.0709351493,16.1945516436,15.9127566537,15.9839369767,6984683,0.0,0.0,0.0,0.0,0.0,0.0,0.0,0.0,,,,,,,,,,,,,,,,,,,,,,,,,,,,,"rgba(38, 166, 154, 0.5)"
2021-09-01 00:00:00+00:00,15.8257584812,16.1065253108,15.7545781582,16.0867529989,6946096,0.0,0.0,0.0,0.0,0.0,0.0,0.0,0.0,,,,,,,,,,,,,,,,,,,,,,,,,,,,,#000000
2021-09-02 00:00:00+00:00,15.9127566537,16.0709351493,15.7585326206,15.8099406316,5525614,0.0,0.0,0.0,0.0,0.0,0.0,0.0,0.0,,,,,,,,,,,,,,,,,,,,,,,,,,,,,#000000
2021-09-03 00:00:00+00:00,15.8573941803,16.6957402068,15.7387603086,15.9206655785,6050092,0.0,0.0,0.0,0.0,0.0,0.0,0.0,0.0,,,,,,,,,,,,,,,,,,,,,,,,,,,,,#000000
2021-09-07 00:00:00+00:00,15.8494852555,16.1262976227,15.8415763307,15.904847729,5955742,0.0,0.0,0.0,0.0,0.0,0.0,0.0,0.0,,,,,,,,,,,,,,,,,,,,,,,,,,,,,#000000
2021-09-08 00:00:00+00:00,15.6122175122,15.8653031051,15.5805818131,15.7703960077,5085779,0.0,0.0,0.0,0.0,0.0,0.0,0.0,0.0,,,,,,,,,,,,,,,,,,,,,,,,,,,,,"rgba(239, 83, 80, 0.5)"
2021-09-09 00:00:00+00:00,15.7941227821,15.9443923528,15.50940149,15.5805818131,4872717,0.0,0.0,0.0,0.0,0.0,0.0,0.0,0.0,,,,,,,,,,,,,,,,,,,,,,,,,,,,,"rgba(239, 83, 80, 0.5)"
2021-09-10 00:00:00+00:00,15.7150335343,15.9404378905,15.6913067599,15.8969388042,6624990,0.0,0.0,0.0,0.0,0.0,0.0,0.0,0.0,,,,,,,,,,,,,,,,,,,,,,,,,,,,,"rgba(239, 83, 80, 0.5)"
2021-09-13 00:00:00+00:00,16.3872921404,16.4189278395,15.833667406,15.9206655785,13308190,0.0,0.0,0.0,0.0,0.0,0.0,0.0,0.0,,,,,,,,,,,,,,,,,,,,,,,,,,,,,#000000
2021-09-14 00:00:00+00:00,16.2923850431,16.5573340232,16.1816600962,16.4189278395,13302456,0.0,0.0,0.0,0.0,0.0,0.0,0.0,0.0,,,,,,,,,,,,,,,,,,,,,,,,,,,,,"rgba(38, 166, 154, 1.0)"
2021-09-15 00:00:00+00:00,16.6087420342,16.7194669811,16.3675198285,16.3872921404,11208271,0.0,0.0,0.0,0.0,0.0,0.0,0.0,0.0,,,,,,,,,,,,,,,,,,,,,,,,,,,,,"rgba(38, 166, 154, 1.0)"
2021-09-16 00:00:00+00:00,16.5217438617,16.7827383793,16.4901081625,16.5533795608,9390785,0.0,0.0,0.0,0.0,0.0,0.0,0.0,0.0,,,,,,,,,,,,,,,,,,,,,,,,,,,,,"rgba(38, 166, 154, 1.0)"
2021-09-17 00:00:00+00:00,16.4189278395,16.7511026802,16.3588200112,16.5375617112,14040373,0.0,0.0,0.0,0.0,0.0,0.0,0.0,0.0,,,,,,,,,,,,,,,,,,,,,,,,,,,,,"rgba(38, 166, 154, 1.0)"
2021-09-20 00:00:00+00:00,15.8653031051,15.9681191272,15.5647639635,15.9364834281,12057357,0.0,0.0,0.0,0.0,0.0,0.0,0.0,0.0,,,,,,,,,,,,,,,,,,,,,,,,,,,,,"rgba(38, 166, 154, 0.75)"
2021-09-21 00:00:00+00:00,15.7624870829,16.0155726759,15.6596710608,15.9839369767,8320217,0.0,0.0,0.0,0.0,0.0,0.0,0.0,0.0,,,,,,,,,,,,,,,,,,,,,,,,,,,,,#000000
2021-09-22 00:00:00+00:00,16.0630262245,16.2370225696,15.95625574,16.0155726759,7159883,0.0,0.0,0.0,0.0,0.0,0.0,0.0,0.0,,,,,,,,,,,,,,,,,,,,,,,,,,,,,#000000
2021-09-23 00:00:00+00:00,16.5850152599,16.7194669811,16.2053868705,16.2765671935,8767177,0.0,0.0,0.0,0.0,0.0,0.0,0.0,0.0,,,,,,,,,,,,,,,,,,,,,,,,,,,,,"rgba(38, 166, 154, 0.75)"
2021-09-24 00:00:00+00:00,16.7194669811,16.8776454767,16.5850152599,16.616650959,5767032,0.0,0.0,0.0,0.0,0.0,0.0,0.0,0.0,,,,,,,,,,,,,,,,,,,,,,,,,,,,,"rgba(38, 166, 154, 1.0)"
2021-09-27 00:00:00+00:00,17.257273866,17.3403175762,16.9171901006,16.972552574,8736043,0.0,0.0,0.0,0.0,0.0,0.0,0.0,0.0,,,,,,,,,,,,,,,,,,,,,,,,,,,,,"rgba(38, 166, 154, 1.0)"
2021-09-28 00:00:00+00:00,17.2019113926,17.4826782222,17.1623667687,17.3838166625,8352403,0.0,0.0,0.0,0.0,0.0,0.0,0.0,0.0,,,,,,,,,,,,,,,,,,,,,,,,,,,,,"rgba(38, 166, 154, 1.0)"
2021-09-29 00:00:00+00:00,17.3917255873,17.4549969855,17.1304147126,17.257273866,6013074,0.0,0.0,0.0,0.0,0.0,0.0,0.0,0.0,,,,,,,,,,,,,,,,,,,,,,,,,,,,,"rgba(38, 166, 154, 1.0)"
2021-09-30 00:00:00+00:00,17.0990953705,17.541995158,17.0990953705,17.4787237598,7711532,0.0,0.0,0.0,0.0,0.0,0.0,0.0,0.0,,,,,,,,,,,,,,,,,,,,,,,,,,,,,"rgba(38, 166, 154, 1.0)"
2021-10-01 00:00:00+00:00,17.6685379545,17.7911262886,17.2256381669,17.2493649413,9436052,0.0,0.0,0.0,0.0,0.0,0.0,0.0,0.0,,,,,,,,,,,,,,,,,,,,,,,,,,,,,"rgba(38, 166, 154, 1.0)"
2021-10-04 00:00:00+00:00,17.7239004279,18.0560752686,17.6250388682,17.6922647288,8231632,0.0,0.0,0.0,0.0,0.0,0.0,0.0,0.0,,,,,,,,,,,,,,,,,,,,,,,,,,,,,"rgba(38, 166, 154, 1.0)"
2021-10-05 00:00:00+00:00,17.9532592465,18.0995743549,17.6962191912,17.8899878483,7023534,0.0,0.0,0.0,0.0,0.0,0.0,0.0,0.0,,,,,,,,,,,,,,,,,,,,,,,,,,,,,"rgba(38, 166, 154, 1.0)"
2021-10-06 00:00:00+00:00,17.8978967731,17.9295324722,17.5024505342,17.7950807509,7767245,0.0,0.0,0.0,0.0,0.0,0.0,0.0,0.0,,,,,,,,,,,,,,,,,,,,,,,,,,,,,"rgba(38, 166, 154, 1.0)"
2021-10-07 00:00:00+00:00,17.9532592465,18.1865725275,17.8029896757,18.0402574191,10087853,0.0,0.0,0.0,0.0,0.0,0.0,0.0,0.0,,,,,,,,,,,,,,,,,,,,,,,,,,,,,"rgba(38, 166, 154, 1.0)"
2021-10-08 00:00:00+00:00,18.1668002155,18.2458894633,17.8623066116,17.9058056978,12401680,0.0,0.0,0.0,0.0,0.0,0.0,0.0,0.0,,,,,,,,,,,,,,,,,,,,,,,,,,,,,"rgba(38, 166, 154, 1.0)"
2021-10-11 00:00:00+00:00,18.0718931182,18.4198858084,18.0521208062,18.3091608615,5679949,0.0,0.0,0.0,0.0,0.0,0.0,0.0,0.0,,,,,,,,,,,,,,,,,,,,,,,,,,,,,"rgba(38, 166, 154, 1.0)"
2021-10-12 00:00:00+00:00,18.0718931182,18.1984359146,17.9097601602,18.0007127952,6940246,0.0,0.0,0.0,0.0,0.0,0.0,0.0,0.0,,,,,,,,,,,,,,,,,,,,,,,,,,,,,"rgba(38, 166, 154, 1.0)"
2021-10-13 00:00:00+00:00,17.937441397,18.0521208062,17.5261773085,17.9453503217,7651850,0.0,0.0,0.0,0.0,0.0,0.0,0.0,0.0,,,,,,,,,,,,,,,,,,,,,,,,,,,,,"rgba(38, 166, 154, 1.0)"
2021-10-14 00:00:00+00:00,18.3566144102,18.3803411845,17.9928038704,18.1826180651,8952880,0.0,0.0,0.0,0.0,0.0,0.0,0.0,0.0,,,,,,,,,,,,,,,,,,,,,,,,,,,,,"rgba(38, 166, 154, 1.0)"
2021-10-15 00:00:00+00:00,18.2063448394,18.6215633903,18.1114377421,18.5701553792,9414845,0.0,0.0,0.0,0.0,0.0,0.0,0.0,0.0,,,,,,,,,,,,,,,,,,,,,,,,,,,,,"rgba(38, 166, 154, 1.0)"
2021-10-18 00:00:00+00:00,18.222162689,18.4591140753,18.1668002155,18.1905269899,6793885,0.0,0.0,0.0,0.0,0.0,0.0,0.0,0.0,,,,,,,,,,,,,,,,,,,,,,,,,,,,,"rgba(38, 166, 154, 0.75)"
2021-10-19 00:00:00+00:00,18.3487054854,18.3803411845,18.1549368284,18.3091608615,6940493,0.0,0.0,0.0,0.0,0.0,0.0,0.0,0.0,,,,,,,,,,,,,,,,,,,,,,,,,,,,,"rgba(38, 166, 154, 0.75)"
2021-10-20 00:00:00+00:00,18.7599695739,18.7995141978,18.1984359146,18.2379805385,10599114,0.0,0.0,0.0,0.0,0.0,0.0,0.0,0.0,,,,,,,,,,,,,,,,,,,,,,,,,,,,,"rgba(38, 166, 154, 1.0)"
2021-10-21 00:00:00+00:00,18.8074231226,19.4282737176,18.6452901646,18.9814194677,9893717,0.0,0.0,0.0,0.0,0.0,0.0,0.0,0.0,,,,,,,,,,,,,,,,,,,,,,,,,,,,,"rgba(38, 166, 154, 1.0)"
2021-10-22 00:00:00+00:00,19.0130551668,19.218687211,18.9260569942,18.9814194677,7746075,0.0,0.0,0.0,0.0,0.0,0.0,0.0,0.0,,,,,,,,,,,,,,,,,,,,,,,,,,,,,"rgba(38, 166, 154, 1.0)"
2021-10-25 00:00:00+00:00,19.0367819411,19.1554158128,18.9576926933,19.1158711889,5525205,0.0,0.0,0.0,0.0,0.0,0.0,0.0,0.0,,,,,,,,,,,,,,,,,,,,,,,,,,,,,"rgba(38, 166, 154, 1.0)"
2021-10-26 00:00:00+00:00,18.8944212951,19.076326565,18.8351043593,19.076326565,6028011,0.0,0.0,0.0,0.0,0.0,0.0,0.0,0.0,,,,,,,,,,,,,,,,,,,,,,,,,,,,,"rgba(38, 166, 154, 1.0)"
2021-10-27 00:00:00+00:00,18.4198858084,18.9094482522,18.4119768836,18.7836963482,7458384,0.0,0.0,0.0,0.0,0.0,0.0,0.0,0.0,,,,,,,,,,,,,,,,,,,,,,,,,,,,,"rgba(38, 166, 154, 0.75)"
2021-10-28 00:00:00+00:00,18.5859732288,18.6255178527,18.4396581204,18.4831572066,4888801,0.0,0.0,0.0,0.0,0.0,0.0,0.0,0.0,,,,,,,,,,,,,,,,,,,,,,,,,,,,,"rgba(38, 166, 154, 0.75)"
2021-10-29 00:00:00+00:00,18.4040679589,18.6176089279,18.3882501093,18.6097000031,5218638,0.0,0.0,0.0,0.0,0.0,0.0,0.0,0.0,,,,,,,,,,,,,,,,,,,,,,,,,,,,,"rgba(38, 166, 154, 0.75)"
2021-11-01 00:00:00+00:00,18.6729714013,18.7125160252,18.5306107553,18.5938821535,3923812,0.0,0.0,0.0,0.0,0.0,0.0,0.0,0.0,,,,,,,,,,,,,,,,,,,,,,,,,,,,,"rgba(38, 166, 154, 0.5)"
2021-11-02 00:00:00+00:00,18.6097000031,18.7481061867,18.5464286049,18.6255178527,4948414,0.0,0.0,0.0,0.0,0.0,0.0,0.0,0.0,,,,,,,,,,,,,,,,,,,,,,,,,,,,,"rgba(38, 166, 154, 0.5)"
2021-11-03 00:00:00+00:00,18.9418748438,19.0525997907,18.435703658,18.4989750562,6548141,0.0,0.0,0.0,0.0,0.0,0.0,0.0,0.0,,,,,,,,,,,,,,,,,,,,,,,,,,,,,"rgba(38, 166, 154, 0.5)"
2021-11-04 00:00:00+00:00,18.6097000031,18.9260569942,18.415931346,18.8786034456,6157482,0.0,0.0,0.0,0.0,0.0,0.0,0.0,0.0,,,,,,,,,,,,,,,,,,,,,,,,,,,,,"rgba(38, 166, 154, 0.5)"
2021-11-05 00:00:00+00:00,18.7283338748,18.9260569942,18.6017910783,18.8232409721,5088528,0.0,0.0,0.0,0.0,0.0,0.0,0.0,0.0,,,,,,,,,,,,,,,,,,,,,,,,,,,,,"rgba(38, 166, 154, 0.5)"
2021-11-08 00:00:00+00:00,18.7441517243,18.9671043138,18.5899276912,18.8390588217,6969734,0.0,0.0,0.0,0.0,0.0,0.0,0.0,0.0,,,,,,,,,,,,,,,,,,,,,,,,,,,,,"rgba(38, 166, 154, 0.5)"
2021-11-09 00:00:00+00:00,18.7520606491,18.7757874234,18.4721638012,18.5306107553,6604372,0.0,0.0,0.0,0.0,0.0,0.0,0.0,0.0,,,,,,,,,,,,,,,,,,,,,,,,,,,,,"rgba(38, 166, 154, 0.5)"
2021-11-10 00:00:00+00:00,18.9023302199,18.9893283925,18.7599695739,18.791605273,6987538,0.0,0.0,0.0,0.0,0.0,0.0,0.0,0.0,,,,,,,,,,,,,,,,,,,,,,,,,,,,,"rgba(38, 166, 154, 0.5)"
2021-11-11 00:00:00+00:00,19.1395979632,19.2661407597,18.8706945208,18.8706945208,6779149,0.0,0.0,0.0,0.0,0.0,0.0,0.0,0.0,,,,,,,,,,,,,,,,,,,,,,,,,,,,,"rgba(38, 166, 154, 0.5)"
2021-11-12 00:00:00+00:00,19.0525997907,19.2661407597,18.8944212951,19.1000533393,6434198,0.0,0.0,0.0,0.0,0.0,0.0,0.0,0.0,,,,,,,,,,,,,,,,,,,,,,,,,,,,,"rgba(38, 166, 154, 0.5)"
2021-11-15 00:00:00+00:00,18.9181480695,19.1712336624,18.8153320473,19.1395979632,7302965,0.0,0.0,0.0,0.0,0.0,0.0,0.0,0.0,,,,,,,,,,,,,,,,,,,,,,,,,,,,,"rgba(38, 166, 154, 0.5)"
2021-11-16 00:00:00+00:00,18.9181480695,19.0446908659,18.8153320473,18.9497837686,4228322,0.0,0.0,0.0,0.0,0.0,0.0,0.0,0.0,,,,,,,,,,,,,,,,,,,,,,,,,,,,,"rgba(38, 166, 154, 0.5)"
2021-11-17 00:00:00+00:00,18.7520606491,18.9656016181,18.6571535518,18.9023302199,4037714,0.0,0.0,0.0,0.0,0.0,0.0,0.0,0.0,,,,,,,,,,,,,,,,,,,,,,,,,,,,,"rgba(38, 166, 154, 0.5)"
2021-11-18 00:00:00+00:00,18.72042495,18.8153320473,18.5147929058,18.7520606491,5779250,0.0,0.0,0.0,0.0,0.0,0.0,0.0,0.0,,,,,,,,,,,,,,,,,,,,,,,,,,,,,"rgba(38, 166, 154, 0.5)"
2021-11-19 00:00:00+00:00,18.4831572066,18.6808803261,18.2340260761,18.4515215075,7545853,0.0,0.0,0.0,0.0,0.0,0.0,0.0,0.0,,,,,,,,,,,,,,,,,,,,,,,,,,,,,#000000
2021-11-22 00:00:00+00:00,18.6887892509,19.0091007044,18.506883981,18.7599695739,6191203,0.0,0.0,0.0,0.0,0.0,0.0,0.0,0.0,,,,,,,,,,,,,,,,,,,,,,,,,,,,,#000000
2021-11-23 00:00:00+00:00,18.9576926933,19.005146242,18.7283338748,18.862785596,4894728,0.0,0.0,0.0,0.0,0.0,0.0,0.0,0.0,,,,,,,,,,,,,,,,,,,,,,,,,,,,,#000000
2021-11-24 00:00:00+00:00,18.9497837686,19.1277345761,18.8469677464,18.9656016181,5113261,0.0,0.0,0.0,0.0,0.0,0.0,0.0,0.0,,,,,,,,,,,,,,,,,,,,,,,,,,,,,"rgba(38, 166, 154, 0.5)"
2021-11-26 00:00:00+00:00,18.1114377421,18.3487054854,17.7476272023,18.3487054854,8458771,0.0,0.0,0.0,0.0,0.0,0.0,0.0,0.0,,,,,,,,,,,,,,,,,,,,,,,,,,,,,#000000
2021-11-29 00:00:00+00:00,18.2102993018,18.5532878563,17.9949343955,18.4735230762,7676425,0.0,0.0,0.0,0.0,0.0,0.0,0.0,0.0,,,,,,,,,,,,,,,,,,,,,,,,,,,,,"rgba(239, 83, 80, 1.0)"
2021-11-30 00:00:00+00:00,17.8992166593,18.0986286096,17.7715930111,17.9550520054,16124803,0.0,0.0,0.0,0.0,0.0,0.0,0.0,0.0,,,,,,,,,,,,,,,,,,,,,,,,,,,,,"rgba(239, 83, 80, 1.0)"
2021-12-01 00:00:00+00:00,17.5961104949,18.369828862,17.5801575388,18.2741111259,8518398,0.0,0.0,0.0,0.0,0.0,0.0,0.0,0.0,,,,,,,,,,,,,,,,,,,,,,,,,,,,,"rgba(239, 83, 80, 1.0)"
2021-12-02 00:00:00+00:00,18.2102993018,18.33792295,17.6519458409,17.7955224452,8062766,0.0,0.0,0.0,0.0,0.0,0.0,0.0,0.0,,,,,,,,,,,,,,,,,,,,,,,,,,,,,"rgba(239, 83, 80, 1.0)"
2021-12-03 00:00:00+00:00,17.8752872253,18.357864145,17.707781187,18.2581581699,9779786,0.0,0.0,0.0,0.0,0.0,0.0,0.0,0.0,,,,,,,,,,,,,,,,,,,,,,,,,,,,,"rgba(239, 83, 80, 1.0)"
2021-12-06 00:00:00+00:00,18.3937582961,18.6330526364,18.0746991756,18.2182757798,8455461,0.0,0.0,0.0,0.0,0.0,0.0,0.0,0.0,,,,,,,,,,,,,,,,,,,,,,,,,,,,,"rgba(239, 83, 80, 0.75)"
2021-12-07 00:00:00+00:00,18.5134054663,18.7885939577,18.4256642081,18.5054289883,8759768,0.0,0.0,0.0,0.0,0.0,0.0,0.0,0.0,,,,,,,,,,,,,,,,,,,,,,,,,,,,,"rgba(239, 83, 80, 0.75)"
2021-12-08 00:00:00+00:00,18.4256642081,18.7128174166,18.4256642081,18.5213819443,6288826,0.0,0.0,0.0,0.0,0.0,0.0,0.0,0.0,,,,,,,,,,,,,,,,,,,,,,,,,,,,,#000000
2021-12-09 00:00:00+00:00,18.33792295,18.5213819443,18.1783933898,18.329946472,5810627,0.0,0.0,0.0,0.0,0.0,0.0,0.0,0.0,,,,,,,,,,,,,,,,,,,,,,,,,,,,,#000000
2021-12-10 00:00:00+00:00,18.353875906,18.5054289883,18.1225580437,18.4814995542,5177129,0.0,0.0,0.0,0.0,0.0,0.0,0.0,0.0,,,,,,,,,,,,,,,,,,,,,,,,,,,,,#000000
2021-12-13 00:00:00+00:00,17.9071931373,18.3060170379,17.8912401813,18.2741111259,8929501,0.0,0.0,0.0,0.0,0.0,0.0,0.0,0.0,,,,,,,,,,,,,,,,,,,,,,,,,,,,,"rgba(239, 83, 80, 0.75)"
2021-12-14 00:00:00+00:00,18.1544639557,18.361852384,17.9151696154,17.9710049614,7643873,0.0,0.0,0.0,0.0,0.0,0.0,0.0,0.0,,,,,,,,,,,,,,,,,,,,,,,,,,,,,"rgba(239, 83, 80, 0.75)"
2021-12-15 00:00:00+00:00,18.4336406861,18.9122293669,18.1943463458,18.9122293669,11667945,0.0,0.0,0.0,0.0,0.0,0.0,0.0,0.0,,,,,,,,,,,,,,,,,,,,,,,,,,,,,#000000
2021-12-16 00:00:00+00:00,18.6011467244,19.0478294931,18.4735230762,18.6649585485,8581369,0.0,0.0,0.0,0.0,0.0,0.0,0.0,0.0,,,,,,,,,,,,,,,,,,,,,,,,,,,,,#000000
2021-12-17 00:00:00+00:00,17.9550520054,18.5453113783,17.9271343324,18.4655465982,19780982,0.0,0.0,0.0,0.0,0.0,0.0,0.0,0.0,,,,,,,,,,,,,,,,,,,,,,,,,,,,,#000000
2021-12-20 00:00:00+00:00,17.6040869729,17.7237341431,17.2730631354,17.699804709,10854736,0.0,0.0,0.0,0.0,0.0,0.0,0.0,0.0,,,,,,,,,,,,,,,,,,,,,,,,,,,,,"rgba(239, 83, 80, 1.0)"
2021-12-21 00:00:00+00:00,18.0986286096,18.1823816288,17.8354048352,17.8433813132,6662216,0.0,0.0,0.0,0.0,0.0,0.0,0.0,0.0,,,,,,,,,,,,,,,,,,,,,,,,,,,,,"rgba(239, 83, 80, 1.0)"
2021-12-22 00:00:00+00:00,18.0746991756,18.1943463458,17.9789814394,18.0348167855,4748413,0.0,0.0,0.0,0.0,0.0,0.0,0.0,0.0,,,,,,,,,,,,,,,,,,,,,,,,,,,,,"rgba(239, 83, 80, 1.0)"
2021-12-23 00:00:00+00:00,18.1385109997,18.3738171011,18.0746991756,18.2102993018,4851327,0.0,0.0,0.0,0.0,0.0,0.0,0.0,0.0,,,,,,,,,,,,,,,,,,,,,,,,,,,,,"rgba(239, 83, 80, 1.0)"
2021-12-27 00:00:00+00:00,18.4176877301,18.4176877301,17.9789814394,18.2581581699,4040332,0.0,0.0,0.0,0.0,0.0,0.0,0.0,0.0,,,,,,,,,,,,,,,,,,,,,,,,,,,,,#000000
2021-12-28 00:00:00+00:00,18.4974525102,18.5732290514,18.2980405599,18.2980405599,3963969,0.0,0.0,0.0,0.0,0.0,0.0,0.0,0.0,,,,,,,,,,,,,,,,,,,,,,,,,,,,,#000000
2021-12-29 00:00:00+00:00,18.5851937684,18.7040432908,18.4256642081,18.5692408123,3667247,0.0,0.0,0.0,0.0,0.0,0.0,0.0,0.0,,,,,,,,,,,,,,,,,,,,,,,,,,,,,"rgba(38, 166, 154, 0.5)"
2021-12-30 00:00:00+00:00,18.4974525102,18.7925821967,18.4814995542,18.6729350265,3132306,0.0,0.0,0.0,0.0,0.0,0.0,0.0,0.0,,,,,,,,,,,,,,,,,,,,,,,,,,,,,"rgba(38, 166, 154, 0.5)"
2021-12-31 00:00:00+00:00,18.4495936422,18.5851937684,18.4057230131,18.4336406861,3383214,0.0,0.0,0.0,0.0,0.0,0.0,0.0,0.0,,,,,,,,,,,,,,,,,,,,,,,,,,,,,"rgba(38, 166, 154, 0.5)"
2022-01-03 00:00:00+00:00,18.8085351527,18.991994147,18.6809115045,18.7048409386,6834359,0.0,0.0,0.0,0.0,0.0,0.0,0.0,0.0,,,,,,,,,,,,,,,,,,,,,,,,,,,,,"rgba(38, 166, 154, 0.5)"
2022-01-04 00:00:00+00:00,19.7976184262,19.8375008163,19.0558059711,19.1036648392,8398002,0.0,0.0,0.0,0.0,0.0,0.0,0.0,0.0,,,,,,,,,,,,,,,,,,,,,,,,,,,,,"rgba(38, 166, 154, 1.0)"
2022-01-05 00:00:00+00:00,19.677971256,20.1565599368,19.669994778,19.9411950304,10080451,0.0,0.0,0.0,0.0,0.0,0.0,0.0,0.0,,,,,,,,,,,,,,,,,,,,,,,,,,,,,"rgba(38, 166, 154, 1.0)"
2022-01-06 00:00:00+00:00,20.6830074856,20.7627722657,20.0209598106,20.1326305027,9426036,0.0,0.0,0.0,0.0,0.0,0.0,0.0,0.0,,,,,,,,,,,,,,,,,,,,,,,,,,,,,"rgba(38, 166, 154, 1.0)"
2022-01-07 00:00:00+00:00,21.0180195621,21.0977843422,20.6271721395,20.7388428317,11174479,0.0,0.0,0.0,0.0,0.0,0.0,0.0,0.0,,,,,,,,,,,,,,,,,,,,,,,,,,,,,"rgba(38, 166, 154, 1.0)"
2022-01-10 00:00:00+00:00,21.0020666061,21.3298998524,20.6909839636,21.2573139025,9951876,0.0,0.0,0.0,0.0,0.0,0.0,0.0,0.0,,,,,,,,,,,,,,,,,,,,,,,,,,,,,"rgba(38, 166, 154, 1.0)"
2022-01-11 00:00:00+00:00,21.0818313862,21.1695726443,20.7228898756,21.1456432103,7982795,0.0,0.0,0.0,0.0,0.0,0.0,0.0,0.0,,,,,,,,,,,,,,,,,,,,,,,,,,,,,"rgba(38, 166, 154, 1.0)"
2022-01-12 00:00:00+00:00,21.0579019521,21.2413609464,20.9262900649,21.1376667323,10741653,0.0,0.0,0.0,0.0,0.0,0.0,0.0,0.0,,,,,,,,,,,,,,,,,,,,,,,,,,,,,"rgba(38, 166, 154, 1.0)"
2022-01-13 00:00:00+00:00,21.2971962925,21.4447611357,21.0977843422,21.1615961663,10551602,0.0,0.0,0.0,0.0,0.0,0.0,0.0,0.0,,,,,,,,,,,,,,,,,,,,,,,,,,,,,"rgba(38, 166, 154, 1.0)"
2022-01-14 00:00:00+00:00,21.5444671109,21.5524435889,20.7428310707,20.930278304,9869461,0.0,0.0,0.0,0.0,0.0,0.0,0.0,0.0,,,,,,,,,,,,,,,,,,,,,,,,,,,,,"rgba(38, 166, 154, 1.0)"
2022-01-18 00:00:00+00:00,21.2174315124,21.6720907591,21.0738549082,21.6561378031,6642523,0.0,0.0,0.0,0.0,0.0,0.0,0.0,0.0,,,,,,,,,,,,,,,,,,,,,,,,,,,,,"rgba(38, 166, 154, 1.0)"
2022-01-19 00:00:00+00:00,20.4118072332,21.2652903805,20.4118072332,21.2174315124,10669719,0.0,0.0,0.0,0.0,0.0,0.0,0.0,0.0,,,,,,,,,,,,,,,,,,,,,,,,,,,,,"rgba(38, 166, 154, 0.75)"
2022-01-20 00:00:00+00:00,20.0448892446,20.7787252217,19.9890538985,20.5354426424,10668987,0.0,0.0,0.0,0.0,0.0,0.0,0.0,0.0,,,,,,,,,,,,,,,,,,,,,,,,,,,,,"rgba(38, 166, 154, 0.75)"
2022-01-21 00:00:00+00:00,19.7736889922,20.308113019,19.669994778,19.9491715085,13063140,0.0,0.0,0.0,0.0,0.0,0.0,0.0,0.0,,,,,,,,,,,,,,,,,,,,,,,,,,,,,"rgba(38, 166, 154, 0.5)"
2022-01-24 00:00:00+00:00,19.9332185524,20.0129833326,19.0797354051,19.4227239597,11456877,0.0,0.0,0.0,0.0,0.0,0.0,0.0,0.0,,,,,,,,,,,,,,,,,,,,,,,,,,,,,"rgba(38, 166, 154, 0.5)"
2022-01-25 00:00:00+00:00,19.8614302503,20.0369127666,19.2472414434,19.7736889922,7949800,0.0,0.0,0.0,0.0,0.0,0.0,0.0,0.0,,,,,,,,,,,,,,,,,,,,,,,,,,,,,#000000
2022-01-26 00:00:00+00:00,20.1326305027,20.308113019,19.7417830801,20.0528657226,13971069,0.0,0.0,0.0,0.0,0.0,0.0,0.0,0.0,,,,,,,,,,,,,,,,,,,,,,,,,,,,,#000000
2022-01-27 00:00:00+00:00,19.8933361624,20.5713367934,19.7457713191,20.2562659119,9332379,0.0,0.0,0.0,0.0,0.0,0.0,0.0,0.0,,,,,,,,,,,,,,,,,,,,,,,,,,,,,#000000
2022-01-28 00:00:00+00:00,20.0448892446,20.0448892446,19.5543358469,19.8375008163,8776462,0.0,0.0,0.0,0.0,0.0,0.0,0.0,0.0,,,,,,,,,,,,,,,,,,,,,,,,,,,,,#000000
2022-01-31 00:00:00+00:00,19.9890538985,20.1047128297,19.5583240859,19.7976184262,8375539,0.0,0.0,0.0,0.0,0.0,0.0,0.0,0.0,,,,,,,,,,,,,,,,,,,,,,,,,,,,,#000000
2022-02-01 00:00:00+00:00,20.3799013211,20.4277601892,19.8454772943,19.9651244645,6372012,0.0,0.0,0.0,0.0,0.0,0.0,0.0,0.0,,,,,,,,,,,,,,,,,,,,,,,,,,,,,#000000
2022-02-02 00:00:00+00:00,20.5872897494,20.6271721395,20.2522776729,20.3400189311,5676703,0.0,0.0,0.0,0.0,0.0,0.0,0.0,0.0,,,,,,,,,,,,,,,,,,,,,,,,,,,,,"rgba(38, 166, 154, 0.5)"
2022-02-03 00:00:00+00:00,20.4277601892,20.8505135238,20.3918660381,20.6989604416,6388275,0.0,0.0,0.0,0.0,0.0,0.0,0.0,0.0,,,,,,,,,,,,,,,,,,,,,,,,,,,,,"rgba(38, 166, 154, 0.5)"
2022-02-04 00:00:00+00:00,20.8744429579,21.0180195621,20.4556778622,20.5394308814,6724490,0.0,0.0,0.0,0.0,0.0,0.0,0.0,0.0,,,,,,,,,,,,,,,,,,,,,,,,,,,,,"rgba(38, 166, 154, 1.0)"
2022-02-07 00:00:00+00:00,21.0658784302,21.1657439349,20.7787252217,20.8704547189,7508577,0.0,0.0,0.0,0.0,0.0,0.0,0.0,0.0,,,,,,,,,,,,,,,,,,,,,,,,,,,,,"rgba(38, 166, 154, 1.0)"
2022-02-08 00:00:00+00:00,21.4966082428,21.5604200669,21.2094550344,21.4806552868,11143456,0.0,0.0,0.0,0.0,0.0,0.0,0.0,0.0,,,,,,,,,,,,,,,,,,,,,,,,,,,,,"rgba(38, 166, 154, 1.0)"
2022-02-09 00:00:00+00:00,21.2971962925,21.4926200038,21.2413609464,21.4567258528,6496743,0.0,0.0,0.0,0.0,0.0,0.0,0.0,0.0,,,,,,,,,,,,,,,,,,,,,,,,,,,,,"rgba(38, 166, 154, 1.0)"
2022-02-10 00:00:00+00:00,21.1775491223,21.616255413,21.0738549082,21.3051727705,8221465,0.0,0.0,0.0,0.0,0.0,0.0,0.0,0.0,,,,,,,,,,,,,,,,,,,,,,,,,,,,,"rgba(38, 166, 154, 1.0)"
2022-02-11 00:00:00+00:00,20.9143253479,21.4686905698,20.7547957877,21.0259960401,11342174,0.0,0.0,0.0,0.0,0.0,0.0,0.0,0.0,,,,,,,,,,,,,,,,,,,,,,,,,,,,,"rgba(38, 166, 154, 1.0)"
2022-02-14 00:00:00+00:00,20.6670545296,21.1137372982,20.4875837743,20.9940901281,8755783,0.0,0.0,0.0,0.0,0.0,0.0,0.0,0.0,,,,,,,,,,,,,,,,,,,,,,,,,,,,,"rgba(38, 166, 154, 0.5)"
2022-02-15 00:00:00+00:00,21.1615961663,21.2174315124,20.8465252848,20.8824194359,6272223,0.0,0.0,0.0,0.0,0.0,0.0,0.0,0.0,,,,,,,,,,,,,,,,,,,,,,,,,,,,,"rgba(38, 166, 154, 0.5)"
2022-02-16 00:00:00+00:00,21.2254079904,21.3929140287,20.94623126,20.978137172,5208993,0.0,0.0,0.0,0.0,0.0,0.0,0.0,0.0,,,,,,,,,,,,,,,,,,,,,,,,,,,,,"rgba(38, 166, 154, 0.75)"
2022-02-17 00:00:00+00:00,20.5234779253,21.0259960401,20.4357366672,20.978137172,6181397,0.0,0.0,0.0,0.0,0.0,0.0,0.0,0.0,,,,,,,,,,,,,,,,,,,,,,,,,,,,,"rgba(38, 166, 154, 0.5)"
2022-02-18 00:00:00+00:00,20.4516896232,20.7348545927,20.3799013211,20.4596661012,7210736,0.0,0.0,0.0,0.0,0.0,0.0,0.0,0.0,,,,,,,,,,,,,,,,,,,,,,,,,,,,,#000000
2022-02-22 00:00:00+00:00,20.4118072332,20.5952662274,20.2323364779,20.4676425792,7498010,0.0,0.0,0.0,0.0,0.0,0.0,0.0,0.0,,,,,,,,,,,,,,,,,,,,,,,,,,,,,#000000
2022-02-23 00:00:00+00:00,19.677971256,20.6271721395,19.5782652809,20.5394308814,8771798,0.0,0.0,0.0,0.0,0.0,0.0,0.0,0.0,,,,,,,,,,,,,,,,,,,,,,,,,,,,,"rgba(239, 83, 80, 1.0)"
2022-02-24 00:00:00+00:00,19.2472414434,19.2951003115,18.5652525733,19.023900059,12517230,0.0,0.0,0.0,0.0,0.0,0.0,0.0,0.0,,,,,,,,,,,,,,,,,,,,,,,,,,,,,"rgba(239, 83, 80, 1.0)"
2022-02-25 00:00:00+00:00,20.1804893708,20.2084070439,19.3708768526,19.4147474816,8884360,0.0,0.0,0.0,0.0,0.0,0.0,0.0,0.0,,,,,,,,,,,,,,,,,,,,,,,,,,,,,"rgba(239, 83, 80, 1.0)"
2022-02-28 00:00:00+00:00,20.1525716978,20.1525716978,19.4853744696,19.4853744696,11545681,0.0,0.0,0.0,0.0,0.0,0.0,0.0,0.0,,,,,,,,,,,,,,,,,,,,,,,,,,,,,"rgba(239, 83, 80, 0.75)"
2022-03-01 00:00:00+00:00,18.480559367,19.9114160731,18.3599815547,19.871223469,14839435,0.0,0.0,0.0,0.0,0.0,0.0,0.0,0.0,,,,,,,,,,,,,,,,,,,,,,,,,,,,,"rgba(239, 83, 80, 0.75)"
2022-03-02 00:00:00+00:00,19.4291048239,19.5617404174,18.8101387207,18.8101387207,12759433,0.0,0.0,0.0,0.0,0.0,0.0,0.0,0.0,,,,,,,,,,,,,,,,,,,,,,,,,,,,,"rgba(239, 83, 80, 0.75)"
2022-03-03 00:00:00+00:00,19.4210663031,19.5818367195,19.0754099078,19.4049892614,10191843,0.0,0.0,0.0,0.0,0.0,0.0,0.0,0.0,,,,,,,,,,,,,,,,,,,,,,,,,,,,,"rgba(239, 83, 80, 0.75)"
2022-03-04 00:00:00+00:00,18.6654453459,18.930716533,18.3840971172,18.7297535125,8839467,0.0,0.0,0.0,0.0,0.0,0.0,0.0,0.0,,,,,,,,,,,,,,,,,,,,,,,,,,,,,"rgba(239, 83, 80, 0.75)"
2022-03-07 00:00:00+00:00,17.7812080556,18.548886794,17.7731695348,18.4644823254,13427998,0.0,0.0,0.0,0.0,0.0,0.0,0.0,0.0,,,,,,,,,,,,,,,,,,,,,,,,,,,,,"rgba(239, 83, 80, 1.0)"
2022-03-08 00:00:00+00:00,18.0062866386,18.5448675336,17.765131014,18.2072496591,12318945,0.0,0.0,0.0,0.0,0.0,0.0,0.0,0.0,,,,,,,,,,,,,,,,,,,,,,,,,,,,,"rgba(239, 83, 80, 1.0)"
2022-03-09 00:00:00+00:00,18.7458305541,18.9789476579,18.5930986585,18.6975994292,7809042,0.0,0.0,0.0,0.0,0.0,0.0,0.0,0.0,,,,,,,,,,,,,,,,,,,,,,,,,,,,,"rgba(239, 83, 80, 1.0)"
2022-03-10 00:00:00+00:00,18.4564438046,18.7860231582,18.2715578257,18.4001741588,11670939,0.0,0.0,0.0,0.0,0.0,0.0,0.0,0.0,,,,,,,,,,,,,,,,,,,,,,,,,,,,,"rgba(239, 83, 80, 1.0)"
2022-03-11 00:00:00+00:00,18.4242897213,19.0553136057,18.4001741588,18.6734838667,7928545,0.0,0.0,0.0,0.0,0.0,0.0,0.0,0.0,,,,,,,,,,,,,,,,,,,,,,,,,,,,,"rgba(239, 83, 80, 1.0)"
2022-03-14 00:00:00+00:00,19.1397180743,19.537624855,18.794061679,18.8101387207,11074568,0.0,0.0,0.0,0.0,0.0,0.0,0.0,0.0,,,,,,,,,,,,,,,,,,,,,,,,,,,,,"rgba(239, 83, 80, 0.75)"
2022-03-15 00:00:00+00:00,19.1638336368,19.4170470427,18.8824854081,19.2683344075,6940392,0.0,0.0,0.0,0.0,0.0,0.0,0.0,0.0,,,,,,,,,,,,,,,,,,,,,,,,,,,,,"rgba(239, 83, 80, 0.75)"
2022-03-16 00:00:00+00:00,19.5818367195,19.8631849482,19.1598143764,19.5255670737,12916944,0.0,0.0,0.0,0.0,0.0,0.0,0.0,0.0,,,,,,,,,,,,,,,,,,,,,,,,,,,,,#000000
2022-03-17 00:00:00+00:00,19.3969507406,19.3969507406,18.930716533,19.1638336368,7443529,0.0,0.0,0.0,0.0,0.0,0.0,0.0,0.0,,,,,,,,,,,,,,,,,,,,,,,,,,,,,#000000
2022-03-18 00:00:00+00:00,19.2361803242,19.3647966573,18.8342542832,19.3647966573,23735978,0.0,0.0,0.0,0.0,0.0,0.0,0.0,0.0,,,,,,,,,,,,,,,,,,,,,,,,,,,,,#000000
2022-03-21 00:00:00+00:00,19.2040262409,19.5778174591,19.067371387,19.3085270116,6491815,0.0,0.0,0.0,0.0,0.0,0.0,0.0,0.0,,,,,,,,,,,,,,,,,,,,,,,,,,,,,#000000
2022-03-22 00:00:00+00:00,19.557721157,19.7908382608,19.4130277823,19.5175285529,6187460,0.0,0.0,0.0,0.0,0.0,0.0,0.0,0.0,,,,,,,,,,,,,,,,,,,,,,,,,,,,,#000000
2022-03-23 00:00:00+00:00,18.9066009705,19.5336055946,18.8583698456,19.3647966573,5056012,0.0,0.0,0.0,0.0,0.0,0.0,0.0,0.0,,,,,,,,,,,,,,,,,,,,,,,,,,,,,#000000
2022-03-24 00:00:00+00:00,18.9709091371,19.2120647617,18.8664083664,19.0754099078,5844872,0.0,0.0,0.0,0.0,0.0,0.0,0.0,0.0,,,,,,,,,,,,,,,,,,,,,,,,,,,,,#000000
2022-03-25 00:00:00+00:00,19.2040262409,19.3286233136,18.9226780122,19.0111017412,6459695,0.0,0.0,0.0,0.0,0.0,0.0,0.0,0.0,,,,,,,,,,,,,,,,,,,,,,,,,,,,,#000000
2022-03-28 00:00:00+00:00,18.8342542832,19.0352173037,18.528790492,19.0352173037,6018313,0.0,0.0,0.0,0.0,0.0,0.0,0.0,0.0,,,,,,,,,,,,,,,,,,,,,,,,,,,,,#000000
2022-03-29 00:00:00+00:00,18.9950246996,19.2562766262,18.8262157623,19.1799106784,5608278,0.0,0.0,0.0,0.0,0.0,0.0,0.0,0.0,,,,,,,,,,,,,,,,,,,,,,,,,,,,,#000000
2022-03-30 00:00:00+00:00,18.4966364087,19.0070824808,18.3358659923,18.9869861787,8303211,0.0,0.0,0.0,0.0,0.0,0.0,0.0,0.0,,,,,,,,,,,,,,,,,,,,,,,,,,,,,"rgba(239, 83, 80, 1.0)"
2022-03-31 00:00:00+00:00,17.990209597,18.6533875647,17.9741325553,18.4644823254,8962787,0.0,0.0,0.0,0.0,0.0,0.0,0.0,0.0,,,,,,,,,,,,,,,,,,,,,,,,,,,,,"rgba(239, 83, 80, 1.0)"
2022-04-01 00:00:00+00:00,17.4114360979,18.2876348673,17.3230123688,18.1750955758,14329304,0.0,0.0,0.0,0.0,0.0,0.0,0.0,0.0,,,,,,,,,,,,,,,,,,,,,,,,,,,,,"rgba(239, 83, 80, 1.0)"
2022-04-04 00:00:00+00:00,17.3471279313,17.451628702,17.0135293172,17.3792820146,8741586,0.0,0.0,0.0,0.0,0.0,0.0,0.0,0.0,,,,,,,,,,,,,,,,,,,,,,,,,,,,,"rgba(239, 83, 80, 1.0)"
2022-04-05 00:00:00+00:00,17.1622419524,17.5038790873,17.13812639,17.2345886398,9117262,0.0,0.0,0.0,0.0,0.0,0.0,0.0,0.0,,,,,,,,,,,,,,,,,,,,,,,,,,,,,"rgba(239, 83, 80, 1.0)"
2022-04-06 00:00:00+00:00,16.8165855571,17.1260686087,16.7603159114,17.0336256193,10894915,0.0,0.0,0.0,0.0,0.0,0.0,0.0,0.0,,,,,,,,,,,,,,,,,,,,,,,,,,,,,"rgba(239, 83, 80, 1.0)"
2022-04-07 00:00:00+00:00,16.6638536615,16.9291248486,16.4307365577,16.8728552029,9633953,0.0,0.0,0.0,0.0,0.0,0.0,0.0,0.0,,,,,,,,,,,,,,,,,,,,,,,,,,,,,"rgba(239, 83, 80, 1.0)"
2022-04-08 00:00:00+00:00,16.6960077448,16.8929515049,16.599545495,16.8808937237,10992700,0.0,0.0,0.0,0.0,0.0,0.0,0.0,0.0,,,,,,,,,,,,,,,,,,,,,,,,,,,,,"rgba(239, 83, 80, 1.0)"
2022-04-11 00:00:00+00:00,16.7683544322,17.1702804732,16.6558151407,16.7040462656,7571641,0.0,0.0,0.0,0.0,0.0,0.0,0.0,0.0,,,,,,,,,,,,,,,,,,,,,,,,,,,,,"rgba(239, 83, 80, 1.0)"
2022-04-12 00:00:00+00:00,16.4789676827,16.9572596715,16.3543706099,16.7442388697,9048484,0.0,0.0,0.0,0.0,0.0,0.0,0.0,0.0,,,,,,,,,,,,,,,,,,,,,,,,,,,,,"rgba(239, 83, 80, 1.0)"
2022-04-13 00:00:00+00:00,16.5432758492,16.55131437,16.237812058,16.2940817038,12789119,0.0,0.0,0.0,0.0,0.0,0.0,0.0,0.0,,,,,,,,,,,,,,,,,,,,,,,,,,,,,"rgba(239, 83, 80, 1.0)"
2022-04-14 00:00:00+00:00,16.462890641,16.6517958803,16.394563214,16.5593528909,9067852,0.0,0.0,0.0,0.0,0.0,0.0,0.0,0.0,,,,,,,,,,,,,,,,,,,,,,,,,,,,,"rgba(239, 83, 80, 1.0)"
2022-04-18 00:00:00+00:00,16.6960077448,16.7201233073,16.4106402557,16.4468135994,9049341,0.0,0.0,0.0,0.0,0.0,0.0,0.0,0.0,,,,,,,,,,,,,,,,,,,,,,,,,,,,,"rgba(239, 83, 80, 0.75)"
2022-04-19 00:00:00+00:00,17.226550119,17.2868390251,16.7161040469,16.7844314738,12486134,0.0,0.0,0.0,0.0,0.0,0.0,0.0,0.0,,,,,,,,,,,,,,,,,,,,,,,,,,,,,"rgba(239, 83, 80, 0.75)"
2022-04-20 00:00:00+00:00,17.4837827853,17.8214006597,17.3390894105,17.451628702,13435477,0.0,0.0,0.0,0.0,0.0,0.0,0.0,0.0,,,,,,,,,,,,,,,,,,,,,,,,,,,,,"rgba(239, 83, 80, 0.75)"
2022-04-21 00:00:00+00:00,16.9452018903,17.7892465764,16.8085470363,17.0416641401,16537416,0.0,0.0,0.0,0.0,0.0,0.0,0.0,0.0,,,,,,,,,,,,,,,,,,,,,,,,,,,,,"rgba(239, 83, 80, 0.75)"
2022-04-22 00:00:00+00:00,16.6477766199,17.0296063589,16.6316995783,16.9693174527,13425703,0.0,0.0,0.0,0.0,0.0,0.0,0.0,0.0,,,,,,,,,,,,,,,,,,,,,,,,,,,,,"rgba(239, 83, 80, 0.75)"
2022-04-25 00:00:00+00:00,16.5834684533,16.6397380991,16.0931186833,16.5191602868,15848318,0.0,0.0,0.0,0.0,0.0,0.0,0.0,0.0,,,,,,,,,,,,,,,,,,,,,,,,,,,,,"rgba(239, 83, 80, 0.75)"
2022-04-26 00:00:00+00:00,16.0046949542,16.5432758492,15.9966564334,16.2297735372,11210616,0.0,0.0,0.0,0.0,0.0,0.0,0.0,0.0,,,,,,,,,,,,,,,,,,,,,,,,,,,,,"rgba(239, 83, 80, 1.0)"
2022-04-27 00:00:00+00:00,15.9645023501,16.1775231519,15.8800978815,16.0368490375,11467473,0.0,0.0,0.0,0.0,0.0,0.0,0.0,0.0,,,,,,,,,,,,,,,,,,,,,,,,,,,,,"rgba(239, 83, 80, 1.0)"
2022-04-28 00:00:00+00:00,16.1011572041,16.2217350164,15.8800978815,16.1333112874,8963121,0.0,0.0,0.0,0.0,0.0,0.0,0.0,0.0,,,,,,,,,,,,,,,,,,,,,,,,,,,,,"rgba(239, 83, 80, 1.0)"
2022-04-29 00:00:00+00:00,15.522383705,16.2096772352,15.4861299761,16.0529260792,10362710,0.0,0.0,0.0,0.0,0.0,0.0,0.0,0.0,,,,,,,,,,,,,,,,,,,,,,,,,,,,,"rgba(239, 83, 80, 1.0)"
2022-05-02 00:00:00+00:00,15.6510000381,15.7153082047,15.2892666012,15.5866918715,10348361,0.0,0.0,0.0,0.0,0.0,0.0,0.0,0.0,,,,,,,,,,,,,,,,,,,,,,,,,,,,,"rgba(239, 83, 80, 1.0)"
2022-05-03 00:00:00+00:00,15.8439245378,15.9725408709,15.6429615173,15.8037319337,8193303,0.0,0.0,0.0,0.0,0.0,0.0,0.0,0.0,,,,,,,,,,,,,,,,,,,,,,,,,,,,,"rgba(239, 83, 80, 1.0)"
2022-05-04 00:00:00+00:00,16.3021202246,16.3503513495,15.7394237671,15.8117704545,10291691,0.0,0.0,0.0,0.0,0.0,0.0,0.0,0.0,,,,,,,,,,,,,,,,,,,,,,,,,,,,,"rgba(239, 83, 80, 0.75)"
2022-05-05 00:00:00+00:00,15.9001941836,16.1574268498,15.5958557853,16.0690031208,9991485,0.0,0.0,0.0,0.0,0.0,0.0,0.0,0.0,,,,,,,,,,,,,,,,,,,,,,,,,,,,,"rgba(239, 83, 80, 0.75)"
2022-05-06 00:00:00+00:00,15.7072696839,15.9082327044,15.4259214551,15.8921556627,8197061,0.0,0.0,0.0,0.0,0.0,0.0,0.0,0.0,,,,,,,,,,,,,,,,,,,,,,,,,,,,,"rgba(239, 83, 80, 0.75)"
2022-05-09 00:00:00+00:00,15.4178829343,15.6148266944,15.1928043513,15.4982681425,9018329,0.0,0.0,0.0,0.0,0.0,0.0,0.0,0.0,,,,,,,,,,,,,,,,,,,,,,,,,,,,,"rgba(239, 83, 80, 0.75)"
2022-05-10 00:00:00+00:00,15.208881393,15.6751156006,14.9596872475,15.6590385589,12488322,0.0,0.0,0.0,0.0,0.0,0.0,0.0,0.0,,,,,,,,,,,,,,,,,,,,,,,,,,,,,"rgba(239, 83, 80, 1.0)"
2022-05-11 00:00:00+00:00,14.9355716851,15.5706148299,14.9034176018,15.2169199138,9088440,0.0,0.0,0.0,0.0,0.0,0.0,0.0,0.0,,,,,,,,,,,,,,,,,,,,,,,,,,,,,"rgba(239, 83, 80, 1.0)"
2022-05-12 00:00:00+00:00,14.895379081,15.0883035807,14.5899152898,14.9034176018,12601203,0.0,0.0,0.0,0.0,0.0,0.0,0.0,0.0,,,,,,,,,,,,,,,,,,,,,,,,,,,,,"rgba(239, 83, 80, 1.0)"
2022-05-13 00:00:00+00:00,14.9677257683,15.1847658305,14.8592057373,15.0320339349,8640018,0.0,0.0,0.0,0.0,0.0,0.0,0.0,0.0,,,,,,,,,,,,,,,,,,,,,,,,,,,,,"rgba(239, 83, 80, 1.0)"
2022-05-16 00:00:00+00:00,14.895379081,15.0641880182,14.7426471854,14.9918413308,7518973,0.0,0.0,0.0,0.0,0.0,0.0,0.0,0.0,,,,,,,,,,,,,,,,,,,,,,,,,,,,,"rgba(239, 83, 80, 1.0)"
2022-05-17 00:00:00+00:00,15.4500370176,15.5384607466,15.1968236117,15.2008428721,6574158,0.0,0.0,0.0,0.0,0.0,0.0,0.0,0.0,,,,,,,,,,,,,,,,,,,,,,,,,,,,,"rgba(239, 83, 80, 0.75)"
2022-05-18 00:00:00+00:00,14.8793020393,15.3334784657,14.7828397895,15.2812280804,7998186,0.0,0.0,0.0,0.0,0.0,0.0,0.0,0.0,,,,,,,,,,,,,,,,,,,,,,,,,,,,,"rgba(239, 83, 80, 0.75)"
2022-05-19 00:00:00+00:00,14.758724227,14.8913598205,14.5738382481,14.670300498,9430535,0.0,0.0,0.0,0.0,0.0,0.0,0.0,0.0,,,,,,,,,,,,,,,,,,,,,,,,,,,,,"rgba(239, 83, 80, 0.75)"
2022-05-20 00:00:00+00:00,14.7265701437,15.0159568933,14.4130678317,14.8230323936,9884173,0.0,0.0,0.0,0.0,0.0,0.0,0.0,0.0,,,,,,,,,,,,,,,,,,,,,,,,,,,,,"rgba(239, 83, 80, 0.75)"
2022-05-23 00:00:00+00:00,15.2329969554,15.385728851,14.9596872475,15.1124191431,9014571,0.0,0.0,0.0,0.0,0.0,0.0,0.0,0.0,,,,,,,,,,,,,,,,,,,,,,,,,,,,,"rgba(239, 83, 80, 0.5)"
2022-05-24 00:00:00+00:00,15.3133821636,15.3696518094,14.7948975707,15.2008428721,13355280,0.0,0.0,0.0,0.0,0.0,0.0,0.0,0.0,,,,,,,,,,,,,,,,,,,,,,,,,,,,,"rgba(239, 83, 80, 0.5)"
2022-05-25 00:00:00+00:00,15.6911926422,15.8439245378,15.2329969554,15.2329969554,16263282,0.0,0.0,0.0,0.0,0.0,0.0,0.0,0.0,,,,,,,,,,,,,,,,,,,,,,,,,,,,,"rgba(239, 83, 80, 0.5)"
2022-05-26 00:00:00+00:00,16.0127334751,16.0850801624,15.7796163712,15.7796163712,15423842,0.0,0.0,0.0,0.0,0.0,0.0,0.0,0.0,,,,,,,,,,,,,,,,,,,,,,,,,,,,,#000000
2022-05-27 00:00:00+00:00,16.0890994228,16.1702755047,15.9551588878,16.0322761656,6529778,0.0,0.0,0.0,0.0,0.0,0.0,0.0,0.0,,,,,,,,,,,,,,,,,,,,,,,,,,,,,"rgba(38, 166, 154, 1.0)"
2022-05-31 00:00:00+00:00,16.2027459374,16.3326276684,15.78874792,15.8374535691,22267572,0.0,0.0,0.0,0.0,0.0,0.0,0.0,0.0,,,,,,,,,,,,,,,,,,,,,,,,,,,,,"rgba(38, 166, 154, 1.0)"
2022-06-01 00:00:00+00:00,15.8293359609,16.2758044111,15.5939253236,16.2758044111,8022543,0.0,0.0,0.0,0.0,0.0,0.0,0.0,0.0,,,,,,,,,,,,,,,,,,,,,,,,,,,,,"rgba(38, 166, 154, 1.0)"
2022-06-02 00:00:00+00:00,16.1702755047,16.2027459374,15.7643950954,15.8942768264,5045377,0.0,0.0,0.0,0.0,0.0,0.0,0.0,0.0,,,,,,,,,,,,,,,,,,,,,,,,,,,,,"rgba(38, 166, 154, 1.0)"
2022-06-03 00:00:00+00:00,15.9429824755,16.1215698556,15.8902180223,16.0566289901,7764808,0.0,0.0,0.0,0.0,0.0,0.0,0.0,0.0,,,,,,,,,,,,,,,,,,,,,,,,,,,,,"rgba(38, 166, 154, 1.0)"
2022-06-06 00:00:00+00:00,15.9592176919,16.2230399579,15.9348648673,16.1215698556,6143853,0.0,0.0,0.0,0.0,0.0,0.0,0.0,0.0,,,,,,,,,,,,,,,,,,,,,,,,,,,,,"rgba(38, 166, 154, 1.0)"
2022-06-07 00:00:00+00:00,16.007923341,16.0485113819,15.7400422709,15.78874792,7363383,0.0,0.0,0.0,0.0,0.0,0.0,0.0,0.0,,,,,,,,,,,,,,,,,,,,,,,,,,,,,"rgba(38, 166, 154, 1.0)"
2022-06-08 00:00:00+00:00,15.6832190136,15.8699240019,15.5939253236,15.8293359609,6142029,0.0,0.0,0.0,0.0,0.0,0.0,0.0,0.0,,,,,,,,,,,,,,,,,,,,,,,,,,,,,"rgba(38, 166, 154, 0.75)"
2022-06-09 00:00:00+00:00,15.1393392652,15.69945423,15.1393392652,15.6669837972,6735426,0.0,0.0,0.0,0.0,0.0,0.0,0.0,0.0,,,,,,,,,,,,,,,,,,,,,,,,,,,,,#000000
2022-06-10 00:00:00+00:00,14.4249897449,14.9079874319,14.4006369203,14.7740468969,7510103,0.0,0.0,0.0,0.0,0.0,0.0,0.0,0.0,,,,,,,,,,,,,,,,,,,,,,,,,,,,,"rgba(239, 83, 80, 0.5)"
2022-06-13 00:00:00+00:00,14.1165206339,14.4006369203,13.8973452129,14.0434621602,16276725,0.0,0.0,0.0,0.0,0.0,0.0,0.0,0.0,,,,,,,,,,,,,,,,,,,,,,,,,,,,,"rgba(239, 83, 80, 0.5)"
2022-06-14 00:00:00+00:00,14.2382847566,14.3762840958,14.0028741193,14.1327558502,15323540,0.0,0.0,0.0,0.0,0.0,0.0,0.0,0.0,,,,,,,,,,,,,,,,,,,,,,,,,,,,,"rgba(239, 83, 80, 1.0)"
2022-06-15 00:00:00+00:00,14.4006369203,14.6360475577,14.2382847566,14.4006369203,14413880,0.0,0.0,0.0,0.0,0.0,0.0,0.0,0.0,,,,,,,,,,,,,,,,,,,,,,,,,,,,,"rgba(239, 83, 80, 1.0)"
2022-06-16 00:00:00+00:00,13.8648747801,14.1246382421,13.7593458737,14.0840502011,8566572,0.0,0.0,0.0,0.0,0.0,0.0,0.0,0.0,,,,,,,,,,,,,,,,,,,,,,,,,,,,,"rgba(239, 83, 80, 1.0)"
2022-06-17 00:00:00+00:00,14.0109917275,14.2116590018,13.8729923883,13.8973452129,17306584,0.0,0.0,0.0,0.0,0.0,0.0,0.0,0.0,,,,,,,,,,,,,,,,,,,,,,,,,,,,,"rgba(239, 83, 80, 1.0)"
2022-06-21 00:00:00+00:00,14.2220495403,14.4899306104,14.1246382421,14.4006369203,7033353,0.0,0.0,0.0,0.0,0.0,0.0,0.0,0.0,,,,,,,,,,,,,,,,,,,,,,,,,,,,,"rgba(239, 83, 80, 1.0)"
2022-06-22 00:00:00+00:00,14.1327558502,14.1976967157,13.9216980374,14.0191093357,15142566,0.0,0.0,0.0,0.0,0.0,0.0,0.0,0.0,,,,,,,,,,,,,,,,,,,,,,,,,,,,,"rgba(239, 83, 80, 1.0)"
2022-06-23 00:00:00+00:00,13.7999339147,14.0515797684,13.5482880609,14.0191093357,14936020,0.0,0.0,0.0,0.0,0.0,0.0,0.0,0.0,,,,,,,,,,,,,,,,,,,,,,,,,,,,,"rgba(239, 83, 80, 1.0)"
2022-06-24 00:00:00+00:00,14.473695394,14.5548714759,13.8080515228,13.8405219556,14867438,0.0,0.0,0.0,0.0,0.0,0.0,0.0,0.0,,,,,,,,,,,,,,,,,,,,,,,,,,,,,"rgba(239, 83, 80, 0.5)"
2022-06-27 00:00:00+00:00,14.254519973,14.5954595168,14.1571086748,14.5629890841,8650231,0.0,0.0,0.0,0.0,0.0,0.0,0.0,0.0,,,,,,,,,,,,,,,,,,,,,,,,,,,,,"rgba(239, 83, 80, 0.5)"
2022-06-28 00:00:00+00:00,14.2951080139,14.7091060314,14.2504611689,14.4168721367,7895066,0.0,0.0,0.0,0.0,0.0,0.0,0.0,0.0,,,,,,,,,,,,,,,,,,,,,,,,,,,,,"rgba(239, 83, 80, 0.5)"
2022-06-29 00:00:00+00:00,14.1976967157,14.3681664876,14.1124618298,14.3681664876,7174665,0.0,0.0,0.0,0.0,0.0,0.0,0.0,0.0,,,,,,,,,,,,,,,,,,,,,,,,,,,,,"rgba(239, 83, 80, 0.5)"
2022-06-30 00:00:00+00:00,13.9866389029,14.2464023648,13.59699371,13.7512282655,10531137,0.0,0.0,0.0,0.0,0.0,0.0,0.0,0.0,,,,,,,,,,,,,,,,,,,,,,,,,,,,,"rgba(239, 83, 80, 0.5)"
2022-07-01 00:00:00+00:00,14.2058143239,14.2869904058,13.7552870696,13.9379332538,8677098,0.0,0.0,0.0,0.0,0.0,0.0,0.0,0.0,,,,,,,,,,,,,,,,,,,,,,,,,,,,,"rgba(239, 83, 80, 0.5)"
2022-07-05 00:00:00+00:00,14.1084030257,14.1084030257,13.637581751,13.8486395638,6270557,0.0,0.0,0.0,0.0,0.0,0.0,0.0,0.0,,,,,,,,,,,,,,,,,,,,,,,,,,,,,"rgba(239, 83, 80, 0.5)"
2022-07-06 00:00:00+00:00,14.0028741193,14.1246382421,13.8283455433,13.9866389029,7574952,0.0,0.0,0.0,0.0,0.0,0.0,0.0,0.0,,,,,,,,,,,,,,,,,,,,,,,,,,,,,"rgba(239, 83, 80, 0.5)"
2022-07-07 00:00:00+00:00,14.3032256221,14.3438136631,14.1327558502,14.2058143239,5105062,0.0,0.0,0.0,0.0,0.0,0.0,0.0,0.0,,,,,,,,,,,,,,,,,,,,,,,,,,,,,"rgba(239, 83, 80, 0.5)"
2022-07-08 00:00:00+00:00,14.1976967157,14.5060846507,14.1246382421,14.4331073531,5668385,0.0,0.0,0.0,0.0,0.0,0.0,0.0,0.0,,,,,,,,,,,,,,,,,,,,,,,,,,,,,"rgba(239, 83, 80, 0.5)"
2022-07-11 00:00:00+00:00,14.1327558502,14.2748139935,13.990697707,14.0596973766,7268692,0.0,0.0,0.0,0.0,0.0,0.0,0.0,0.0,,,,,,,,,,,,,,,,,,,,,,,,,,,,,"rgba(239, 83, 80, 0.5)"
2022-07-12 00:00:00+00:00,14.0515797684,14.3600488794,13.946050862,13.9704036865,6039018,0.0,0.0,0.0,0.0,0.0,0.0,0.0,0.0,,,,,,,,,,,,,,,,,,,,,,,,,,,,,"rgba(239, 83, 80, 0.5)"
2022-07-13 00:00:00+00:00,13.7918163065,13.9135804292,13.5726408855,13.8973452129,6078503,0.0,0.0,0.0,0.0,0.0,0.0,0.0,0.0,,,,,,,,,,,,,,,,,,,,,,,,,,,,,"rgba(239, 83, 80, 0.5)"
2022-07-14 00:00:00+00:00,13.4995824118,13.5685820814,13.3169362276,13.4752295872,6595587,0.0,0.0,0.0,0.0,0.0,0.0,0.0,0.0,,,,,,,,,,,,,,,,,,,,,,,,,,,,,"rgba(239, 83, 80, 0.5)"
2022-07-15 00:00:00+00:00,14.2220495403,14.2951080139,13.6538169673,13.7674634819,8562480,0.0,0.0,0.0,0.0,0.0,0.0,0.0,0.0,,,,,,,,,,,,,,,,,,,,,,,,,,,,,"rgba(239, 83, 80, 0.5)"
2022-07-18 00:00:00+00:00,14.3681664876,14.6847532068,14.2951080139,14.4412249613,7110882,0.0,0.0,0.0,0.0,0.0,0.0,0.0,0.0,,,,,,,,,,,,,,,,,,,,,,,,,,,,,"rgba(239, 83, 80, 0.5)"
2022-07-19 00:00:00+00:00,14.6522827741,14.746447029,14.5142834349,14.5792243004,16754434,0.0,0.0,0.0,0.0,0.0,0.0,0.0,0.0,,,,,,,,,,,,,,,,,,,,,,,,,,,,,#000000
2022-07-20 00:00:00+00:00,14.7253412478,14.7496940723,14.5061658268,14.5548714759,16635995,0.0,0.0,0.0,0.0,0.0,0.0,0.0,0.0,,,,,,,,,,,,,,,,,,,,,,,,,,,,,"rgba(38, 166, 154, 1.0)"
2022-07-21 00:00:00+00:00,14.822752546,15.4072203353,14.5727302139,15.0175751424,19771605,0.0,0.0,0.0,0.0,0.0,0.0,0.0,0.0,,,,,,,,,,,,,,,,,,,,,,,,,,,,,"rgba(38, 166, 154, 1.0)"
2022-07-22 00:00:00+00:00,14.6441651659,14.9769871015,14.5386362595,14.822752546,14757114,0.0,0.0,0.0,0.0,0.0,0.0,0.0,0.0,,,,,,,,,,,,,,,,,,,,,,,,,,,,,"rgba(38, 166, 154, 1.0)"
2022-07-25 00:00:00+00:00,14.692870815,14.822752546,14.6198123413,14.8146349378,11060419,0.0,0.0,0.0,0.0,0.0,0.0,0.0,0.0,,,,,,,,,,,,,,,,,,,,,,,,,,,,,"rgba(38, 166, 154, 1.0)"
2022-07-26 00:00:00+00:00,14.3113432303,14.7050472273,14.2382847566,14.5792243004,8816804,0.0,0.0,0.0,0.0,0.0,0.0,0.0,0.0,,,,,,,,,,,,,,,,,,,,,,,,,,,,,"rgba(38, 166, 154, 1.0)"
2022-07-27 00:00:00+00:00,14.6279299495,14.6685179905,14.254519973,14.3762840958,22081192,0.0,0.0,0.0,0.0,0.0,0.0,0.0,0.0,,,,,,,,,,,,,,,,,,,,,,,,,,,,,"rgba(38, 166, 154, 1.0)"
2022-07-28 00:00:00+00:00,14.5386362595,14.782164505,14.2951080139,14.6116947332,9106271,0.0,0.0,0.0,0.0,0.0,0.0,0.0,0.0,,,,,,,,,,,,,,,,,,,,,,,,,,,,,"rgba(38, 166, 154, 1.0)"
2022-07-29 00:00:00+00:00,14.8552229787,14.912046236,14.5711066922,14.5954595168,17599699,0.0,0.0,0.0,0.0,0.0,0.0,0.0,0.0,,,,,,,,,,,,,,,,,,,,,,,,,,,,,"rgba(38, 166, 154, 1.0)"
2022-08-01 00:00:00+00:00,14.8471053705,14.8633405869,14.5548714759,14.692870815,8152565,0.0,0.0,0.0,0.0,0.0,0.0,0.0,0.0,,,,,,,,,,,,,,,,,,,,,,,,,,,,,"rgba(38, 166, 154, 1.0)"
2022-08-02 00:00:00+00:00,14.5954595168,14.8349289583,14.5711066922,14.7740468969,7109825,0.0,0.0,0.0,0.0,0.0,0.0,0.0,0.0,,,,,,,,,,,,,,,,,,,,,,,,,,,,,"rgba(38, 166, 154, 1.0)"
2022-08-03 00:00:00+00:00,14.7009884232,14.7983997214,14.5467538677,14.7009884232,8683843,0.0,0.0,0.0,0.0,0.0,0.0,0.0,0.0,,,,,,,,,,,,,,,,,,,,,,,,,,,,,"rgba(38, 166, 154, 1.0)"
2022-08-04 00:00:00+00:00,14.4006369203,14.6835355656,14.3925193122,14.6116947332,7681785,0.0,0.0,0.0,0.0,0.0,0.0,0.0,0.0,,,,,,,,,,,,,,,,,,,,,,,,,,,,,#000000
2022-08-05 00:00:00+00:00,14.6604003823,14.7659292887,14.3356960549,14.3681664876,7073435,0.0,0.0,0.0,0.0,0.0,0.0,0.0,0.0,,,,,,,,,,,,,,,,,,,,,,,,,,,,,#000000
2022-08-08 00:00:00+00:00,14.7334588559,14.8633405869,14.6685179905,14.8146349378,7780551,0.0,0.0,0.0,0.0,0.0,0.0,0.0,0.0,,,,,,,,,,,,,,,,,,,,,,,,,,,,,"rgba(38, 166, 154, 0.75)"
2022-08-09 00:00:00+00:00,14.7009884232,14.778105701,14.5508126718,14.7578116805,5416265,0.0,0.0,0.0,0.0,0.0,0.0,0.0,0.0,,,,,,,,,,,,,,,,,,,,,,,,,,,,,"rgba(38, 166, 154, 0.75)"
2022-08-10 00:00:00+00:00,15.3179266453,15.4924552212,14.9445166688,14.9445166688,12419138,0.0,0.0,0.0,0.0,0.0,0.0,0.0,0.0,,,,,,,,,,,,,,,,,,,,,,,,,,,,,"rgba(38, 166, 154, 1.0)"
2022-08-11 00:00:00+00:00,15.5939253236,15.6832190136,15.4559259844,15.480278809,7637164,0.0,0.0,0.0,0.0,0.0,0.0,0.0,0.0,,,,,,,,,,,,,,,,,,,,,,,,,,,,,"rgba(38, 166, 154, 1.0)"
2022-08-12 00:00:00+00:00,15.7562774873,15.7603362914,15.4681023967,15.7156894463,7441204,0.0,0.0,0.0,0.0,0.0,0.0,0.0,0.0,,,,,,,,,,,,,,,,,,,,,,,,,,,,,"rgba(38, 166, 154, 1.0)"
2022-08-15 00:00:00+00:00,15.78874792,15.87804161,15.5046316335,15.569572499,8235557,0.0,0.0,0.0,0.0,0.0,0.0,0.0,0.0,,,,,,,,,,,,,,,,,,,,,,,,,,,,,"rgba(38, 166, 154, 1.0)"
2022-08-16 00:00:00+00:00,16.0566289901,16.1296874638,15.69945423,15.7075718381,8757400,0.0,0.0,0.0,0.0,0.0,0.0,0.0,0.0,,,,,,,,,,,,,,,,,,,,,,,,,,,,,"rgba(38, 166, 154, 1.0)"
2022-08-17 00:00:00+00:00,15.7806303118,15.8455711773,15.5858077154,15.8212183527,9904575,0.0,0.0,0.0,0.0,0.0,0.0,0.0,0.0,,,,,,,,,,,,,,,,,,,,,,,,,,,,,"rgba(38, 166, 154, 1.0)"
2022-08-18 00:00:00+00:00,15.9429824755,15.9429824755,15.7359834668,15.8049831364,6062228,0.0,0.0,0.0,0.0,0.0,0.0,0.0,0.0,,,,,,,,,,,,,,,,,,,,,,,,,,,,,"rgba(38, 166, 154, 1.0)"
2022-08-19 00:00:00+00:00,15.6669837972,15.8455711773,15.5533372826,15.78874792,5672692,0.0,0.0,0.0,0.0,0.0,0.0,0.0,0.0,,,,,,,,,,,,,,,,,,,,,,,,,,,,,"rgba(38, 166, 154, 0.75)"
2022-08-22 00:00:00+00:00,15.1880449143,15.4234555517,15.1271628529,15.3909851189,7036486,0.0,0.0,0.0,0.0,0.0,0.0,0.0,0.0,,,,,,,,,,,,,,,,,,,,,,,,,,,,,"rgba(38, 166, 154, 0.75)"
2022-08-23 00:00:00+00:00,15.2367505634,15.4072203353,15.2002213266,15.2042801307,4827290,0.0,0.0,0.0,0.0,0.0,0.0,0.0,0.0,,,,,,,,,,,,,,,,,,,,,,,,,,,,,"rgba(38, 166, 154, 0.75)"
2022-08-24 00:00:00+00:00,15.220515347,15.2692209962,15.0662807915,15.2448681716,6004809,0.0,0.0,0.0,0.0,0.0,0.0,0.0,0.0,,,,,,,,,,,,,,,,,,,,,,,,,,,,,"rgba(38, 166, 154, 0.75)"
2022-08-25 00:00:00+00:00,15.4721612008,15.5086904376,15.2123977389,15.261103388,5513306,0.0,0.0,0.0,0.0,0.0,0.0,0.0,0.0,,,,,,,,,,,,,,,,,,,,,,,,,,,,,"rgba(38, 166, 154, 0.75)"
2022-08-26 00:00:00+00:00,14.9607518851,15.5939253236,14.9607518851,15.5289844581,7755146,0.0,0.0,0.0,0.0,0.0,0.0,0.0,0.0,,,,,,,,,,,,,,,,,,,,,,,,,,,,,#000000
2022-08-29 00:00:00+00:00,14.778105701,14.9175992029,14.6878451997,14.8683662022,10270814,0.0,0.0,0.0,0.0,0.0,0.0,0.0,0.0,,,,,,,,,,,,,,,,,,,,,,,,,,,,,"rgba(239, 83, 80, 0.5)"
2022-08-30 00:00:00+00:00,14.6632286994,14.925804703,14.6139956987,14.8683662022,10357685,0.0,0.0,0.0,0.0,0.0,0.0,0.0,0.0,,,,,,,,,,,,,,,,,,,,,,,,,,,,,"rgba(239, 83, 80, 0.5)"
2022-08-31 00:00:00+00:00,14.5155296974,14.778105701,14.4991186972,14.7534892006,10605868,0.0,0.0,0.0,0.0,0.0,0.0,0.0,0.0,,,,,,,,,,,,,,,,,,,,,,,,,,,,,"rgba(239, 83, 80, 1.0)"
2022-09-01 00:00:00+00:00,14.5073241973,14.5237351975,14.1791041928,14.4745021968,7052141,0.0,0.0,0.0,0.0,0.0,0.0,0.0,0.0,,,,,,,,,,,,,,,,,,,,,,,,,,,,,"rgba(239, 83, 80, 1.0)"
2022-09-02 00:00:00+00:00,14.4006526958,14.8191332015,14.3268031948,14.7124617001,6913198,0.0,0.0,0.0,0.0,0.0,0.0,0.0,0.0,,,,,,,,,,,,,,,,,,,,,,,,,,,,,"rgba(239, 83, 80, 1.0)"
2022-09-06 00:00:00+00:00,14.2119261933,14.5155296974,14.1052546918,14.5155296974,8958214,0.0,0.0,0.0,0.0,0.0,0.0,0.0,0.0,,,,,,,,,,,,,,,,,,,,,,,,,,,,,"rgba(239, 83, 80, 1.0)"
2022-09-07 00:00:00+00:00,14.5811736983,14.6222011988,14.0765354414,14.1298711921,6318099,0.0,0.0,0.0,0.0,0.0,0.0,0.0,0.0,,,,,,,,,,,,,,,,,,,,,,,,,,,,,"rgba(239, 83, 80, 1.0)"
2022-09-08 00:00:00+00:00,15.1719697063,15.1801752064,14.4334746963,14.4662966967,9992422,0.0,0.0,0.0,0.0,0.0,0.0,0.0,0.0,,,,,,,,,,,,,,,,,,,,,,,,,,,,,"rgba(239, 83, 80, 0.75)"
2022-09-09 00:00:00+00:00,15.3114632082,15.4181347097,15.2088944568,15.2376137072,9411135,0.0,0.0,0.0,0.0,0.0,0.0,0.0,0.0,,,,,,,,,,,,,,,,,,,,,,,,,,,,,#000000
2022-09-12 00:00:00+00:00,15.5083952109,15.6355804626,15.3771072091,15.4263402098,8724517,0.0,0.0,0.0,0.0,0.0,0.0,0.0,0.0,,,,,,,,,,,,,,,,,,,,,,,,,,,,,"rgba(38, 166, 154, 1.0)"
2022-09-13 00:00:00+00:00,14.7699002008,15.3278742084,14.7288727003,15.221202707,8372298,0.0,0.0,0.0,0.0,0.0,0.0,0.0,0.0,,,,,,,,,,,,,,,,,,,,,,,,,,,,,#000000
2022-09-14 00:00:00+00:00,14.4745021968,14.8847772024,14.3760361955,14.851955202,13859869,0.0,0.0,0.0,0.0,0.0,0.0,0.0,0.0,,,,,,,,,,,,,,,,,,,,,,,,,,,,,#000000
2022-09-15 00:00:00+00:00,14.8273387016,15.0078597041,14.5032214472,14.5401461977,15219690,0.0,0.0,0.0,0.0,0.0,0.0,0.0,0.0,,,,,,,,,,,,,,,,,,,,,,,,,,,,,#000000
2022-09-16 00:00:00+00:00,14.5237351975,14.6714341995,14.3514196952,14.6714341995,16604883,0.0,0.0,0.0,0.0,0.0,0.0,0.0,0.0,,,,,,,,,,,,,,,,,,,,,,,,,,,,,"rgba(239, 83, 80, 1.0)"
2022-09-19 00:00:00+00:00,14.6304066989,14.7001534499,14.2611591939,14.2611591939,8847974,0.0,0.0,0.0,0.0,0.0,0.0,0.0,0.0,,,,,,,,,,,,,,,,,,,,,,,,,,,,,"rgba(239, 83, 80, 1.0)"
2022-09-20 00:00:00+00:00,14.4498856965,14.5565571979,14.269364694,14.4909131971,11357659,0.0,0.0,0.0,0.0,0.0,0.0,0.0,0.0,,,,,,,,,,,,,,,,,,,,,,,,,,,,,"rgba(239, 83, 80, 1.0)"
2022-09-21 00:00:00+00:00,14.0560216911,14.5729681982,14.0560216911,14.4827076969,10911062,0.0,0.0,0.0,0.0,0.0,0.0,0.0,0.0,,,,,,,,,,,,,,,,,,,,,,,,,,,,,"rgba(239, 83, 80, 1.0)"
2022-09-22 00:00:00+00:00,13.604719185,14.1544876925,13.5390751841,14.1544876925,13432186,0.0,0.0,0.0,0.0,0.0,0.0,0.0,0.0,,,,,,,,,,,,,,,,,,,,,,,,,,,,,"rgba(239, 83, 80, 1.0)"
2022-09-23 00:00:00+00:00,13.4734311832,13.530869684,13.2108551796,13.3995816822,17577749,0.0,0.0,0.0,0.0,0.0,0.0,0.0,0.0,,,,,,,,,,,,,,,,,,,,,,,,,,,,,"rgba(239, 83, 80, 1.0)"
2022-09-26 00:00:00+00:00,13.2108551796,13.5513834343,13.1370056786,13.3257321812,11489434,0.0,0.0,0.0,0.0,0.0,0.0,0.0,0.0,,,,,,,,,,,,,,,,,,,,,,,,,,,,,"rgba(239, 83, 80, 1.0)"
2022-09-27 00:00:00+00:00,13.0959781781,13.3995816822,12.940073676,13.3339376813,12110242,0.0,0.0,0.0,0.0,0.0,0.0,0.0,0.0,,,,,,,,,,,,,,,,,,,,,,,,,,,,,"rgba(239, 83, 80, 1.0)"
2022-09-28 00:00:00+00:00,13.2682936804,13.3790679319,13.0713616777,13.087772678,11769040,0.0,0.0,0.0,0.0,0.0,0.0,0.0,0.0,,,,,,,,,,,,,,,,,,,,,,,,,,,,,"rgba(239, 83, 80, 1.0)"
2022-09-29 00:00:00+00:00,13.1534166789,13.2764991805,12.9154571756,13.0467451774,8992789,0.0,0.0,0.0,0.0,0.0,0.0,0.0,0.0,,,,,,,,,,,,,,,,,,,,,,,,,,,,,"rgba(239, 83, 80, 1.0)"
2022-09-30 00:00:00+00:00,13.1452111788,13.4898421834,13.1123891783,13.2026496795,9116826,0.0,0.0,0.0,0.0,0.0,0.0,0.0,0.0,,,,,,,,,,,,,,,,,,,,,,,,,,,,,"rgba(239, 83, 80, 1.0)"
2022-10-03 00:00:00+00:00,13.5144586838,13.6129246851,13.1164919284,13.3585541817,12253236,0.0,0.0,0.0,0.0,0.0,0.0,0.0,0.0,,,,,,,,,,,,,,,,,,,,,,,,,,,,,"rgba(239, 83, 80, 0.75)"
2022-10-04 00:00:00+00:00,14.047816191,14.0888436916,13.7195961866,13.7195961866,12371349,0.0,0.0,0.0,0.0,0.0,0.0,0.0,0.0,,,,,,,,,,,,,,,,,,,,,,,,,,,,,"rgba(239, 83, 80, 0.75)"
2022-10-05 00:00:00+00:00,13.8590896885,13.9370419395,13.748315437,13.7770346873,6929518,0.0,0.0,0.0,0.0,0.0,0.0,0.0,0.0,,,,,,,,,,,,,,,,,,,,,,,,,,,,,"rgba(239, 83, 80, 0.75)"
2022-10-06 00:00:00+00:00,13.6375411854,13.8919116889,13.604719185,13.7442126869,8822102,0.0,0.0,0.0,0.0,0.0,0.0,0.0,0.0,,,,,,,,,,,,,,,,,,,,,,,,,,,,,"rgba(239, 83, 80, 0.75)"
2022-10-07 00:00:00+00:00,13.2518826802,13.5472806842,13.2108551796,13.5390751841,12931452,0.0,0.0,0.0,0.0,0.0,0.0,0.0,0.0,,,,,,,,,,,,,,,,,,,,,,,,,,,,,"rgba(239, 83, 80, 0.75)"
2022-10-10 00:00:00+00:00,13.0795671779,13.383170682,12.9934094267,13.2929101808,11590372,0.0,0.0,0.0,0.0,0.0,0.0,0.0,0.0,,,,,,,,,,,,,,,,,,,,,,,,,,,,,"rgba(239, 83, 80, 1.0)"
2022-10-11 00:00:00+00:00,12.8580186748,13.1329029286,12.7677581736,12.9893066766,10090448,0.0,0.0,0.0,0.0,0.0,0.0,0.0,0.0,,,,,,,,,,,,,,,,,,,,,,,,,,,,,"rgba(239, 83, 80, 1.0)"
2022-10-12 00:00:00+00:00,12.792374674,13.0221286771,12.6898059226,12.8005801741,14216465,0.0,0.0,0.0,0.0,0.0,0.0,0.0,0.0,,,,,,,,,,,,,,,,,,,,,,,,,,,,,"rgba(239, 83, 80, 1.0)"
2022-10-13 00:00:00+00:00,13.7113906865,13.7811374374,12.5174904202,12.6692921723,16254820,0.0,0.0,0.0,0.0,0.0,0.0,0.0,0.0,,,,,,,,,,,,,,,,,,,,,,,,,,,,,"rgba(239, 83, 80, 0.75)"
2022-10-14 00:00:00+00:00,13.5226641839,14.1134601919,13.4857394334,13.7852401875,16070253,0.0,0.0,0.0,0.0,0.0,0.0,0.0,0.0,,,,,,,,,,,,,,,,,,,,,,,,,,,,,"rgba(239, 83, 80, 0.75)"
2022-10-17 00:00:00+00:00,13.8590896885,13.96986394,13.7154934365,13.8426786882,10544872,0.0,0.0,0.0,0.0,0.0,0.0,0.0,0.0,,,,,,,,,,,,,,,,,,,,,,,,,,,,,#000000
2022-10-18 00:00:00+00:00,13.9329391895,14.2857756943,13.7934456876,14.1626931926,16378714,0.0,0.0,0.0,0.0,0.0,0.0,0.0,0.0,,,,,,,,,,,,,,,,,,,,,,,,,,,,,#000000
2022-10-19 00:00:00+00:00,13.530869684,13.9493501897,13.4693284332,13.7688291872,14995438,0.0,0.0,0.0,0.0,0.0,0.0,0.0,0.0,,,,,,,,,,,,,,,,,,,,,,,,,,,,,#000000
2022-10-20 00:00:00+00:00,13.0057176769,13.6990824363,12.8416076746,13.1452111788,21413698,0.0,0.0,0.0,0.0,0.0,0.0,0.0,0.0,,,,,,,,,,,,,,,,,,,,,,,,,,,,,"rgba(239, 83, 80, 0.5)"
2022-10-21 00:00:00+00:00,13.8672951886,13.8837061888,12.9236626757,13.087772678,21911459,0.0,0.0,0.0,0.0,0.0,0.0,0.0,0.0,,,,,,,,,,,,,,,,,,,,,,,,,,,,,#000000
2022-10-24 00:00:00+00:00,14.5483516978,14.7370782004,13.9329391895,13.9329391895,16617759,0.0,0.0,0.0,0.0,0.0,0.0,0.0,0.0,,,,,,,,,,,,,,,,,,,,,,,,,,,,,"rgba(38, 166, 154, 1.0)"
2022-10-25 00:00:00+00:00,14.5811736983,14.7206672002,14.3103921946,14.4252691962,13140803,0.0,0.0,0.0,0.0,0.0,0.0,0.0,0.0,,,,,,,,,,,,,,,,,,,,,,,,,,,,,"rgba(38, 166, 154, 1.0)"
2022-10-26 00:00:00+00:00,14.5155296974,14.7329754503,14.4991186972,14.6304066989,12541180,0.0,0.0,0.0,0.0,0.0,0.0,0.0,0.0,,,,,,,,,,,,,,,,,,,,,,,,,,,,,"rgba(38, 166, 154, 1.0)"
2022-10-27 00:00:00+00:00,14.5647626981,14.778105701,14.5483516978,14.6714341995,10511336,0.0,0.0,0.0,0.0,0.0,0.0,0.0,0.0,,,,,,,,,,,,,,,,,,,,,,,,,,,,,"rgba(38, 166, 154, 1.0)"
2022-10-28 00:00:00+00:00,14.851955202,14.8601607021,14.4991186972,14.6468176992,9137307,0.0,0.0,0.0,0.0,0.0,0.0,0.0,0.0,,,,,,,,,,,,,,,,,,,,,,,,,,,,,"rgba(38, 166, 154, 1.0)"
2022-10-31 00:00:00+00:00,14.6632286994,14.8191332015,14.6468176992,14.7534892006,8120525,0.0,0.0,0.0,0.0,0.0,0.0,0.0,0.0,,,,,,,,,,,,,,,,,,,,,,,,,,,,,"rgba(38, 166, 154, 1.0)"
2022-11-01 00:00:00+00:00,14.8109277014,14.9093937027,14.6878451997,14.7945167012,10874070,0.0,0.0,0.0,0.0,0.0,0.0,0.0,0.0,,,,,,,,,,,,,,,,,,,,,,,,,,,,,"rgba(38, 166, 154, 1.0)"
2022-11-02 00:00:00+00:00,14.6057901986,15.2294082071,14.6016874486,14.7534892006,15562446,0.0,0.0,0.0,0.0,0.0,0.0,0.0,0.0,,,,,,,,,,,,,,,,,,,,,,,,,,,,,"rgba(38, 166, 154, 1.0)"
2022-11-03 00:00:00+00:00,14.6386121991,14.7411809505,14.2201316934,14.4252691962,11473333,0.0,0.0,0.0,0.0,0.0,0.0,0.0,0.0,,,,,,,,,,,,,,,,,,,,,,,,,,,,,"rgba(38, 166, 154, 1.0)"
2022-11-04 00:00:00+00:00,14.9586267034,15.0899147052,14.6796396996,14.851955202,9812307,0.0,0.0,0.0,0.0,0.0,0.0,0.0,0.0,,,,,,,,,,,,,,,,,,,,,,,,,,,,,"rgba(38, 166, 154, 1.0)"
2022-11-07 00:00:00+00:00,15.0406817045,15.1227367056,14.8478524519,15.0488872046,6444286,0.0,0.0,0.0,0.0,0.0,0.0,0.0,0.0,,,,,,,,,,,,,,,,,,,,,,,,,,,,,"rgba(38, 166, 154, 1.0)"
2022-11-08 00:00:00+00:00,15.0406817045,15.1719697063,14.8806744524,15.0406817045,6953497,0.0,0.0,0.0,0.0,0.0,0.0,0.0,0.0,,,,,,,,,,,,,,,,,,,,,,,,,,,,,"rgba(38, 166, 154, 1.0)"
2022-11-09 00:00:00+00:00,14.6878451997,14.9340102031,14.6632286994,14.8847772024,9855714,0.0,0.0,0.0,0.0,0.0,0.0,0.0,0.0,,,,,,,,,,,,,,,,,,,,,,,,,,,,,"rgba(38, 166, 154, 0.75)"
2022-11-10 00:00:00+00:00,15.959697717,15.9843142174,15.2047917068,15.221202707,15582988,0.0,0.0,0.0,0.0,0.0,0.0,0.0,0.0,,,,,,,,,,,,,,,,,,,,,,,,,,,,,"rgba(38, 166, 154, 1.0)"
2022-11-11 00:00:00+00:00,16.2715067213,16.4397194736,16.0171362178,16.0253417179,12219878,0.0,0.0,0.0,0.0,0.0,0.0,0.0,0.0,,,,,,,,,,,,,,,,,,,,,,,,,,,,,"rgba(38, 166, 154, 1.0)"
2022-11-14 00:00:00+00:00,15.590450212,16.2120168455,15.590450212,16.1320132194,12114080,0.0,0.0,0.0,0.0,0.0,0.0,0.0,0.0,,,,,,,,,,,,,,,,,,,,,,,,,,,,,"rgba(38, 166, 154, 1.0)"
2022-11-15 00:00:00+00:00,15.7299437139,16.1648352198,15.4796759605,15.959697717,11506723,0.0,0.0,0.0,0.0,0.0,0.0,0.0,0.0,,,,,,,,,,,,,,,,,,,,,,,,,,,,,"rgba(38, 166, 154, 0.75)"
2022-11-16 00:00:00+00:00,15.5330117112,15.7668684644,15.4181347097,15.664299713,9650665,0.0,0.0,0.0,0.0,0.0,0.0,0.0,0.0,,,,,,,,,,,,,,,,,,,,,,,,,,,,,"rgba(38, 166, 154, 0.75)"
2022-11-17 00:00:00+00:00,15.3196687083,15.4181347097,15.0899147052,15.4181347097,9468928,0.0,0.0,0.0,0.0,0.0,0.0,0.0,0.0,,,,,,,,,,,,,,,,,,,,,,,,,,,,,"rgba(38, 166, 154, 0.75)"
2022-11-18 00:00:00+00:00,15.2704357077,15.664299713,15.0817092051,15.5248062111,20770951,0.0,0.0,0.0,0.0,0.0,0.0,0.0,0.0,,,,,,,,,,,,,,,,,,,,,,,,,,,,,"rgba(38, 166, 154, 0.75)"
2022-11-21 00:00:00+00:00,15.3853127092,15.4345457099,15.1719697063,15.2129972069,10591432,0.0,0.0,0.0,0.0,0.0,0.0,0.0,0.0,,,,,,,,,,,,,,,,,,,,,,,,,,,,,"rgba(38, 166, 154, 0.75)"
2022-11-22 00:00:00+00:00,15.5083952109,15.590450212,15.4099292095,15.516600711,7719017,0.0,0.0,0.0,0.0,0.0,0.0,0.0,0.0,,,,,,,,,,,,,,,,,,,,,,,,,,,,,"rgba(38, 166, 154, 0.75)"
2022-11-23 00:00:00+00:00,15.5248062111,15.6068612122,15.4509567101,15.4591622102,6214337,0.0,0.0,0.0,0.0,0.0,0.0,0.0,0.0,,,,,,,,,,,,,,,,,,,,,,,,,,,,,"rgba(38, 166, 154, 0.75)"
2022-11-25 00:00:00+00:00,15.6150667123,15.660196963,15.5740392118,15.6396832127,2839933,0.0,0.0,0.0,0.0,0.0,0.0,0.0,0.0,,,,,,,,,,,,,,,,,,,,,,,,,,,,,"rgba(38, 166, 154, 0.75)"
2022-11-28 00:00:00+00:00,15.2088944568,15.5490824943,15.1383676686,15.4910016099,5721924,0.0,0.0,0.0,0.0,0.0,0.0,0.0,0.0,,,,,,,,,,,,,,,,,,,,,,,,,,,,,"rgba(38, 166, 154, 0.75)"
2022-11-29 00:00:00+00:00,15.4080289178,15.4246234562,15.0890818895,15.2420835336,9528152,0.0,0.0,0.0,0.0,0.0,0.0,0.0,0.0,,,,,,,,,,,,,,,,,,,,,,,,,,,,,"rgba(38, 166, 154, 0.75)"
2022-11-30 00:00:00+00:00,15.6071633788,15.615460648,14.777436458,15.3084616873,15632423,0.0,0.0,0.0,0.0,0.0,0.0,0.0,0.0,,,,,,,,,,,,,,,,,,,,,,,,,,,,,"rgba(38, 166, 154, 0.75)"
2022-12-01 00:00:00+00:00,15.5324879559,15.7565142245,15.3375021295,15.656946994,10317840,0.0,0.0,0.0,0.0,0.0,0.0,0.0,0.0,,,,,,,,,,,,,,,,,,,,,,,,,,,,,"rgba(38, 166, 154, 0.75)"
2022-12-02 00:00:00+00:00,15.3914343794,15.4827043407,15.2752726105,15.3416507641,10413906,0.0,0.0,0.0,0.0,0.0,0.0,0.0,0.0,,,,,,,,,,,,,,,,,,,,,,,,,,,,,"rgba(38, 166, 154, 0.75)"
2022-12-05 00:00:00+00:00,14.4787347666,15.2752726105,14.4496943244,15.2254889952,15433181,0.0,0.0,0.0,0.0,0.0,0.0,0.0,0.0,,,,,,,,,,,,,,,,,,,,,,,,,,,,,#000000
2022-12-06 00:00:00+00:00,14.2381139596,14.5202211126,14.1136549215,14.4206538821,16514462,0.0,0.0,0.0,0.0,0.0,0.0,0.0,0.0,,,,,,,,,,,,,,,,,,,,,,,,,,,,,"rgba(239, 83, 80, 1.0)"
2022-12-07 00:00:00+00:00,14.3210866516,14.4040593437,14.014087691,14.1800330751,10238044,0.0,0.0,0.0,0.0,0.0,0.0,0.0,0.0,,,,,,,,,,,,,,,,,,,,,,,,,,,,,"rgba(239, 83, 80, 1.0)"
2022-12-08 00:00:00+00:00,14.254708498,14.4704374974,14.1675871713,14.3957620745,12291325,0.0,0.0,0.0,0.0,0.0,0.0,0.0,0.0,,,,,,,,,,,,,,,,,,,,,,,,,,,,,"rgba(239, 83, 80, 1.0)"
2022-12-09 00:00:00+00:00,14.453842959,14.536815651,14.0887631138,14.1883303443,7691728,0.0,0.0,0.0,0.0,0.0,0.0,0.0,0.0,,,,,,,,,,,,,,,,,,,,,,,,,,,,,"rgba(239, 83, 80, 1.0)"
2022-12-12 00:00:00+00:00,14.5700047279,14.5783019971,14.2630057672,14.4206538821,10469257,0.0,0.0,0.0,0.0,0.0,0.0,0.0,0.0,,,,,,,,,,,,,,,,,,,,,,,,,,,,,"rgba(239, 83, 80, 1.0)"
2022-12-13 00:00:00+00:00,14.3542757285,14.9323464741,14.2132221519,14.8604091501,13180292,0.0,0.0,0.0,0.0,0.0,0.0,0.0,0.0,,,,,,,,,,,,,,,,,,,,,,,,,,,,,"rgba(239, 83, 80, 1.0)"
2022-12-14 00:00:00+00:00,14.1800330751,14.5036265742,14.07631721,14.3293839208,13531452,0.0,0.0,0.0,0.0,0.0,0.0,0.0,0.0,,,,,,,,,,,,,,,,,,,,,,,,,,,,,"rgba(239, 83, 80, 1.0)"
2022-12-15 00:00:00+00:00,13.9477095373,14.0680199408,13.8315477684,13.9808986141,12686573,0.0,0.0,0.0,0.0,0.0,0.0,0.0,0.0,,,,,,,,,,,,,,,,,,,,,,,,,,,,,"rgba(239, 83, 80, 1.0)"
2022-12-16 00:00:00+00:00,13.7900614224,13.9311149989,13.6324133074,13.773466884,19929191,0.0,0.0,0.0,0.0,0.0,0.0,0.0,0.0,,,,,,,,,,,,,,,,,,,,,,,,,,,,,"rgba(239, 83, 80, 1.0)"
2022-12-19 00:00:00+00:00,13.81495323,13.9974931526,13.6863455573,13.8315477684,10492952,0.0,0.0,0.0,0.0,0.0,0.0,0.0,0.0,,,,,,,,,,,,,,,,,,,,,,,,,,,,,"rgba(239, 83, 80, 1.0)"
2022-12-20 00:00:00+00:00,13.7983586916,14.0223849602,13.7402778071,13.7402778071,7295596,0.0,0.0,0.0,0.0,0.0,0.0,0.0,0.0,,,,,,,,,,,,,,,,,,,,,,,,,,,,,"rgba(239, 83, 80, 1.0)"
2022-12-21 00:00:00+00:00,14.0721685754,14.1509926329,13.993344518,13.9974931526,8290617,0.0,0.0,0.0,0.0,0.0,0.0,0.0,0.0,,,,,,,,,,,,,,,,,,,,,,,,,,,,,"rgba(239, 83, 80, 0.75)"
2022-12-22 00:00:00+00:00,14.1634385367,14.1717358059,13.8730341145,13.9394122681,8437479,0.0,0.0,0.0,0.0,0.0,0.0,0.0,0.0,,,,,,,,,,,,,,,,,,,,,,,,,,,,,"rgba(239, 83, 80, 0.75)"
2022-12-23 00:00:00+00:00,14.254708498,14.2961118713,14.1343980945,14.1800330751,5317979,0.0,0.0,0.0,0.0,0.0,0.0,0.0,0.0,,,,,,,,,,,,,,,,,,,,,,,,,,,,,"rgba(239, 83, 80, 0.75)"
2022-12-27 00:00:00+00:00,14.3459784593,14.4206538821,14.1468439983,14.2878975748,4919220,0.0,0.0,0.0,0.0,0.0,0.0,0.0,0.0,,,,,,,,,,,,,,,,,,,,,,,,,,,,,"rgba(239, 83, 80, 0.75)"
2022-12-28 00:00:00+00:00,14.2381139596,14.4206538821,14.1841817097,14.2713030364,5051187,0.0,0.0,0.0,0.0,0.0,0.0,0.0,0.0,,,,,,,,,,,,,,,,,,,,,,,,,,,,,"rgba(239, 83, 80, 0.75)"
2022-12-29 00:00:00+00:00,14.4621402282,14.4870320358,14.2588571326,14.296194844,4481175,0.0,0.0,0.0,0.0,0.0,0.0,0.0,0.0,,,,,,,,,,,,,,,,,,,,,,,,,,,,,#000000
2022-12-30 00:00:00+00:00,14.453842959,14.5202211126,14.3459784593,14.3625729977,3886076,0.0,0.0,0.0,0.0,0.0,0.0,0.0,0.0,,,,,,,,,,,,,,,,,,,,,,,,,,,,,#000000
2023-01-03 00:00:00+00:00,14.6114910739,14.8770036885,14.5617074587,14.6280856123,12443704,0.0,0.0,0.0,0.0,0.0,0.0,0.0,0.0,,,,,,,,,,,,,,,,,,,,,,,,,,,,,"rgba(38, 166, 154, 0.5)"
2023-01-04 00:00:00+00:00,15.0014627266,15.1591108416,14.756693285,14.8023282657,8698860,0.0,0.0,0.0,0.0,0.0,0.0,0.0,0.0,,,,,,,,,,,,,,,,,,,,,,,,,,,,,"rgba(38, 166, 154, 1.0)"
2023-01-05 00:00:00+00:00,14.8023282657,14.9267873038,14.6529774199,14.8853009577,8867420,0.0,0.0,0.0,0.0,0.0,0.0,0.0,0.0,,,,,,,,,,,,,,,,,,,,,,,,,,,,,"rgba(38, 166, 154, 1.0)"
2023-01-06 00:00:00+00:00,15.2420835336,15.2918671489,14.7400987466,14.9018954961,8378429,0.0,0.0,0.0,0.0,0.0,0.0,0.0,0.0,,,,,,,,,,,,,,,,,,,,,,,,,,,,,"rgba(38, 166, 154, 1.0)"
2023-01-09 00:00:00+00:00,15.0927326879,15.2669753413,15.0097599958,15.2005971876,8958631,0.0,0.0,0.0,0.0,0.0,0.0,0.0,0.0,,,,,,,,,,,,,,,,,,,,,,,,,,,,,"rgba(38, 166, 154, 1.0)"
2023-01-10 00:00:00+00:00,15.1093272263,15.2088114841,14.9848681882,15.0927326879,6681405,0.0,0.0,0.0,0.0,0.0,0.0,0.0,0.0,,,,,,,,,,,,,,,,,,,,,,,,,,,,,"rgba(38, 166, 154, 1.0)"
2023-01-11 00:00:00+00:00,15.17570538,15.2005971876,15.0553949765,15.1176244955,8601645,0.0,0.0,0.0,0.0,0.0,0.0,0.0,0.0,,,,,,,,,,,,,,,,,,,,,,,,,,,,,"rgba(38, 166, 154, 1.0)"
2023-01-12 00:00:00+00:00,15.217191726,15.3997316486,15.1632594762,15.3001644181,9545681,0.0,0.0,0.0,0.0,0.0,0.0,0.0,0.0,,,,,,,,,,,,,,,,,,,,,,,,,,,,,"rgba(38, 166, 154, 1.0)"
2023-01-13 00:00:00+00:00,15.0844354187,15.1425163032,14.5783019971,14.9682736498,11329395,0.0,0.0,0.0,0.0,0.0,0.0,0.0,0.0,,,,,,,,,,,,,,,,,,,,,,,,,,,,,"rgba(38, 166, 154, 1.0)"
2023-01-17 00:00:00+00:00,14.9516791114,15.0636922457,14.8023282657,15.0429490727,10854800,0.0,0.0,0.0,0.0,0.0,0.0,0.0,0.0,,,,,,,,,,,,,,,,,,,,,,,,,,,,,"rgba(38, 166, 154, 0.75)"
2023-01-18 00:00:00+00:00,14.3044921132,14.8894495923,14.2878975748,14.8189228041,21140793,0.0,0.0,0.0,0.0,0.0,0.0,0.0,0.0,,,,,,,,,,,,,,,,,,,,,,,,,,,,,#000000
2023-01-19 00:00:00+00:00,13.6490078459,14.1966276135,13.5577378846,14.1302494599,25026849,0.0,0.0,0.0,0.0,0.0,0.0,0.0,0.0,,,,,,,,,,,,,,,,,,,,,,,,,,,,,"rgba(239, 83, 80, 1.0)"
2023-01-20 00:00:00+00:00,14.4704374974,14.516072478,13.55358925,13.7651696148,19076995,0.0,0.0,0.0,0.0,0.0,0.0,0.0,0.0,,,,,,,,,,,,,,,,,,,,,,,,,,,,,"rgba(239, 83, 80, 1.0)"
2023-01-23 00:00:00+00:00,14.9931654574,15.0844354187,14.4289511513,14.5202211126,13967437,0.0,0.0,0.0,0.0,0.0,0.0,0.0,0.0,,,,,,,,,,,,,,,,,,,,,,,,,,,,,#000000
2023-01-24 00:00:00+00:00,14.8770036885,15.0761381495,14.7940309965,14.9931654574,9379149,0.0,0.0,0.0,0.0,0.0,0.0,0.0,0.0,,,,,,,,,,,,,,,,,,,,,,,,,,,,,#000000
2023-01-25 00:00:00+00:00,15.2088944568,15.2669753413,14.6280856123,14.7193555736,13523541,0.0,0.0,0.0,0.0,0.0,0.0,0.0,0.0,,,,,,,,,,,,,,,,,,,,,,,,,,,,,"rgba(38, 166, 154, 0.5)"
2023-01-26 00:00:00+00:00,15.5407852251,15.5615283981,15.217191726,15.3250562257,14184181,0.0,0.0,0.0,0.0,0.0,0.0,0.0,0.0,,,,,,,,,,,,,,,,,,,,,,,,,,,,,"rgba(38, 166, 154, 1.0)"
2023-01-27 00:00:00+00:00,15.7565142245,15.8892705318,15.4910016099,15.5407852251,18064127,0.0,0.0,0.0,0.0,0.0,0.0,0.0,0.0,,,,,,,,,,,,,,,,,,,,,,,,,,,,,"rgba(38, 166, 154, 1.0)"
2023-01-30 00:00:00+00:00,15.5656770327,15.6818388016,15.4992988791,15.615460648,9953535,0.0,0.0,0.0,0.0,0.0,0.0,0.0,0.0,,,,,,,,,,,,,,,,,,,,,,,,,,,,,"rgba(38, 166, 154, 1.0)"
2023-01-31 00:00:00+00:00,15.9224596086,15.9307568778,15.4744070714,15.5822715711,17879145,0.0,0.0,0.0,0.0,0.0,0.0,0.0,0.0,,,,,,,,,,,,,,,,,,,,,,,,,,,,,"rgba(38, 166, 154, 1.0)"
2023-02-01 00:00:00+00:00,16.4285930303,16.5281602608,15.6818388016,15.7482169553,22524887,0.0,0.0,0.0,0.0,0.0,0.0,0.0,0.0,,,,,,,,,,,,,,,,,,,,,,,,,,,,,"rgba(38, 166, 154, 1.0)"
2023-02-02 00:00:00+00:00,16.6360247605,16.8434564906,16.4161471265,16.5447547992,22094182,0.0,0.0,0.0,0.0,0.0,0.0,0.0,0.0,,,,,,,,,,,,,,,,,,,,,,,,,,,,,"rgba(38, 166, 154, 1.0)"
2023-02-03 00:00:00+00:00,16.6111329528,16.7936728754,16.4559740187,16.4700793763,11609038,0.0,0.0,0.0,0.0,0.0,0.0,0.0,0.0,,,,,,,,,,,,,,,,,,,,,,,,,,,,,"rgba(38, 166, 154, 1.0)"
2023-02-06 00:00:00+00:00,16.4119984919,16.4866739147,16.2460531077,16.4285930303,9251836,0.0,0.0,0.0,0.0,0.0,0.0,0.0,0.0,,,,,,,,,,,,,,,,,,,,,,,,,,,,,"rgba(38, 166, 154, 1.0)"
2023-02-07 00:00:00+00:00,16.6111329528,16.6692138373,16.2377558385,16.2875394538,10949900,0.0,0.0,0.0,0.0,0.0,0.0,0.0,0.0,,,,,,,,,,,,,,,,,,,,,,,,,,,,,"rgba(38, 166, 154, 1.0)"
2023-02-08 00:00:00+00:00,16.4285930303,16.5945384144,16.3456203382,16.4119984919,6231479,0.0,0.0,0.0,0.0,0.0,0.0,0.0,0.0,,,,,,,,,,,,,,,,,,,,,,,,,,,,,"rgba(38, 166, 154, 1.0)"
2023-02-09 00:00:00+00:00,16.2211613001,16.5737952414,16.1298913388,16.5032684531,6559237,0.0,0.0,0.0,0.0,0.0,0.0,0.0,0.0,,,,,,,,,,,,,,,,,,,,,,,,,,,,,"rgba(38, 166, 154, 0.75)"
2023-02-10 00:00:00+00:00,16.1298913388,16.1879722233,15.9971350315,16.1298913388,7777446,0.0,0.0,0.0,0.0,0.0,0.0,0.0,0.0,,,,,,,,,,,,,,,,,,,,,,,,,,,,,"rgba(38, 166, 154, 0.75)"
2023-02-13 00:00:00+00:00,16.3041339922,16.3041339922,16.0137295699,16.0718104544,6485253,0.0,0.0,0.0,0.0,0.0,0.0,0.0,0.0,,,,,,,,,,,,,,,,,,,,,,,,,,,,,"rgba(38, 166, 154, 0.75)"
2023-02-14 00:00:00+00:00,15.9971350315,16.2833908191,15.8477841858,16.2460531077,10256404,0.0,0.0,0.0,0.0,0.0,0.0,0.0,0.0,,,,,,,,,,,,,,,,,,,,,,,,,,,,,"rgba(38, 166, 154, 0.75)"
2023-02-15 00:00:00+00:00,15.9805404931,16.1340399734,15.8228923781,15.8228923781,7403596,0.0,0.0,0.0,0.0,0.0,0.0,0.0,0.0,,,,,,,,,,,,,,,,,,,,,,,,,,,,,"rgba(38, 166, 154, 0.75)"
2023-02-16 00:00:00+00:00,15.8311896474,15.9971350315,15.6735415324,15.8145951089,7485819,0.0,0.0,0.0,0.0,0.0,0.0,0.0,0.0,,,,,,,,,,,,,,,,,,,,,,,,,,,,,#000000
2023-02-17 00:00:00+00:00,15.8892705318,15.9556486855,15.5822715711,15.7897033013,8214651,0.0,0.0,0.0,0.0,0.0,0.0,0.0,0.0,,,,,,,,,,,,,,,,,,,,,,,,,,,,,#000000
2023-02-21 00:00:00+00:00,15.3582453025,15.6403524556,15.2503808028,15.6403524556,10471197,0.0,0.0,0.0,0.0,0.0,0.0,0.0,0.0,,,,,,,,,,,,,,,,,,,,,,,,,,,,,"rgba(239, 83, 80, 0.5)"
2023-02-22 00:00:00+00:00,15.0927326879,15.3499480333,15.018057265,15.2752726105,12225382,0.0,0.0,0.0,0.0,0.0,0.0,0.0,0.0,,,,,,,,,,,,,,,,,,,,,,,,,,,,,"rgba(239, 83, 80, 1.0)"
2023-02-23 00:00:00+00:00,15.0429490727,15.3333534949,14.7691391888,15.2420835336,10810284,0.0,0.0,0.0,0.0,0.0,0.0,0.0,0.0,,,,,,,,,,,,,,,,,,,,,,,,,,,,,"rgba(239, 83, 80, 1.0)"
2023-02-24 00:00:00+00:00,15.2005971876,15.2420835336,14.7608419196,14.9184900346,16929646,0.0,0.0,0.0,0.0,0.0,0.0,0.0,0.0,,,,,,,,,,,,,,,,,,,,,,,,,,,,,"rgba(239, 83, 80, 1.0)"
2023-02-27 00:00:00+00:00,15.1881512838,15.4860404388,15.1168257115,15.3475849161,8188630,0.0,0.0,0.0,0.0,0.0,0.0,0.0,0.0,,,,,,,,,,,,,,,,,,,,,,,,,,,,,"rgba(239, 83, 80, 1.0)"
2023-02-28 00:00:00+00:00,15.3475849161,15.4482798417,15.1839556619,15.2720637218,13251774,0.0,0.0,0.0,0.0,0.0,0.0,0.0,0.0,,,,,,,,,,,,,,,,,,,,,,,,,,,,,"rgba(239, 83, 80, 1.0)"
2023-03-01 00:00:00+00:00,15.4818448169,15.5112141702,15.2049337714,15.3475849161,11105842,0.0,0.0,0.0,0.0,0.0,0.0,0.0,0.0,,,,,,,,,,,,,,,,,,,,,,,,,,,,,"rgba(239, 83, 80, 0.75)"
2023-03-02 00:00:00+00:00,15.0455001391,15.2901888084,14.7769803374,15.2468899904,15062695,0.0,0.0,0.0,0.0,0.0,0.0,0.0,0.0,,,,,,,,,,,,,,,,,,,,,,,,,,,,,"rgba(239, 83, 80, 0.75)"
2023-03-03 00:00:00+00:00,15.3727586475,15.3811498913,15.0538913829,15.1713687962,8788585,0.0,0.0,0.0,0.0,0.0,0.0,0.0,0.0,,,,,,,,,,,,,,,,,,,,,,,,,,,,,"rgba(239, 83, 80, 0.75)"
2023-03-06 00:00:00+00:00,15.2301075028,15.5741484987,15.137803821,15.3811498913,11412043,0.0,0.0,0.0,0.0,0.0,0.0,0.0,0.0,,,,,,,,,,,,,,,,,,,,,,,,,,,,,"rgba(239, 83, 80, 0.75)"
2023-03-07 00:00:00+00:00,14.7266328746,15.1545863086,14.667894168,14.9783701887,21675504,0.0,0.0,0.0,0.0,0.0,0.0,0.0,0.0,,,,,,,,,,,,,,,,,,,,,,,,,,,,,"rgba(239, 83, 80, 0.75)"
2023-03-08 00:00:00+00:00,14.5252430233,14.793762825,14.4497218291,14.6930678994,12258742,0.0,0.0,0.0,0.0,0.0,0.0,0.0,0.0,,,,,,,,,,,,,,,,,,,,,,,,,,,,,"rgba(239, 83, 80, 1.0)"
2023-03-09 00:00:00+00:00,13.4847287917,14.3909831225,13.4763375479,14.3406356597,25718519,0.0,0.0,0.0,0.0,0.0,0.0,0.0,0.0,,,,,,,,,,,,,,,,,,,,,,,,,,,,,"rgba(239, 83, 80, 1.0)"
2023-03-10 00:00:00+00:00,13.1406877958,13.5896193393,12.5566572271,12.9644716759,42348496,0.0,0.0,0.0,0.0,0.0,0.0,0.0,0.0,,,,,,,,,,,,,,,,,,,,,,,,,,,,,"rgba(239, 83, 80, 1.0)"
2023-03-13 00:00:00+00:00,9.549235448,10.8163132623,8.059789673,10.2708824151,111197549,0.0,0.0,0.0,0.0,0.0,0.0,0.0,0.0,,,,,,,,,,,,,,,,,,,,,,,,,,,,,"rgba(239, 83, 80, 1.0)"
2023-03-14 00:00:00+00:00,10.2121437085,11.5295689856,10.019145101,11.4037003286,73411894,0.0,0.0,0.0,0.0,0.0,0.0,0.0,0.0,,,,,,,,,,,,,,,,,,,,,,,,,,,,,"rgba(239, 83, 80, 1.0)"
2023-03-15 00:00:00+00:00,9.8597114688,10.1030575391,9.1128907703,9.6163653985,58652942,0.0,0.0,0.0,0.0,0.0,0.0,0.0,0.0,,,,,,,,,,,,,,,,,,,,,,,,,,,,,"rgba(239, 83, 80, 1.0)"
2023-03-16 00:00:00+00:00,10.3044473903,10.6233146549,8.785632262,9.7422340555,76259591,0.0,0.0,0.0,0.0,0.0,0.0,0.0,0.0,,,,,,,,,,,,,,,,,,,,,,,,,,,,,"rgba(239, 83, 80, 1.0)"
2023-03-17 00:00:00+00:00,9.6751041051,10.06110132,9.3981930596,9.9939713696,70675976,0.0,0.0,0.0,0.0,0.0,0.0,0.0,0.0,,,,,,,,,,,,,,,,,,,,,,,,,,,,,"rgba(239, 83, 80, 1.0)"
2023-03-20 00:00:00+00:00,9.7925815183,10.2960561465,9.7086690803,10.0359275886,28571462,0.0,0.0,0.0,0.0,0.0,0.0,0.0,0.0,,,,,,,,,,,,,,,,,,,,,,,,,,,,,"rgba(239, 83, 80, 1.0)"
2023-03-21 00:00:00+00:00,10.7072270929,10.7575745557,9.977188882,10.1450137581,34458699,0.0,0.0,0.0,0.0,0.0,0.0,0.0,0.0,,,,,,,,,,,,,,,,,,,,,,,,,,,,,"rgba(239, 83, 80, 0.75)"
2023-03-22 00:00:00+00:00,10.1114487829,10.6820533615,10.0820794295,10.6359015206,27915266,0.0,0.0,0.0,0.0,0.0,0.0,0.0,0.0,,,,,,,,,,,,,,,,,,,,,,,,,,,,,"rgba(239, 83, 80, 0.75)"
2023-03-23 00:00:00+00:00,9.4569317662,10.3464036093,9.4275624129,10.2540999275,32445416,0.0,0.0,0.0,0.0,0.0,0.0,0.0,0.0,,,,,,,,,,,,,,,,,,,,,,,,,,,,,"rgba(239, 83, 80, 0.75)"
2023-03-24 00:00:00+00:00,9.9520151506,10.0107538572,9.1044995265,9.2639331587,28748860,0.0,0.0,0.0,0.0,0.0,0.0,0.0,0.0,,,,,,,,,,,,,,,,,,,,,,,,,,,,,"rgba(239, 83, 80, 0.75)"
2023-03-27 00:00:00+00:00,10.4806635102,10.8918344566,10.1701874895,10.8247045061,26704588,0.0,0.0,0.0,0.0,0.0,0.0,0.0,0.0,,,,,,,,,,,,,,,,,,,,,,,,,,,,,"rgba(239, 83, 80, 0.75)"
2023-03-28 00:00:00+00:00,10.3799685846,10.6652708739,10.2121437085,10.447098535,22110937,0.0,0.0,0.0,0.0,0.0,0.0,0.0,0.0,,,,,,,,,,,,,,,,,,,,,,,,,,,,,"rgba(239, 83, 80, 0.75)"
2023-03-29 00:00:00+00:00,10.6317058987,10.6904446053,10.4968586107,10.572967192,16516061,0.0,0.0,0.0,0.0,0.0,0.0,0.0,0.0,,,,,,,,,,,,,,,,,,,,,,,,,,,,,"rgba(239, 83, 80, 0.75)"
2023-03-30 00:00:00+00:00,10.3883598284,10.8750519689,10.2792736589,10.8498782375,17406134,0.0,0.0,0.0,0.0,0.0,0.0,0.0,0.0,,,,,,,,,,,,,,,,,,,,,,,,,,,,,"rgba(239, 83, 80, 0.75)"
2023-03-31 00:00:00+00:00,10.5058372416,10.5519890825,10.1198400267,10.5226197292,13592649,0.0,0.0,0.0,0.0,0.0,0.0,0.0,0.0,,,,,,,,,,,,,,,,,,,,,,,,,,,,,"rgba(239, 83, 80, 0.75)"
2023-04-03 00:00:00+00:00,10.3799685846,10.6317058987,10.1953612209,10.5226197292,13716485,0.0,0.0,0.0,0.0,0.0,0.0,0.0,0.0,,,,,,,,,,,,,,,,,,,,,,,,,,,,,"rgba(239, 83, 80, 0.75)"
2023-04-04 00:00:00+00:00,9.8429289812,10.4638810226,9.7086690803,10.447098535,27870656,0.0,0.0,0.0,0.0,0.0,0.0,0.0,0.0,,,,,,,,,,,,,,,,,,,,,,,,,,,,,"rgba(239, 83, 80, 0.75)"
2023-04-05 00:00:00+00:00,9.7002778365,9.8009727621,9.4107799253,9.6583216175,29540148,0.0,0.0,0.0,0.0,0.0,0.0,0.0,0.0,,,,,,,,,,,,,,,,,,,,,,,,,,,,,"rgba(239, 83, 80, 1.0)"
2023-04-06 00:00:00+00:00,9.9939713696,10.1617962457,9.6709084832,9.7086690803,20436857,0.0,0.0,0.0,0.0,0.0,0.0,0.0,0.0,,,,,,,,,,,,,,,,,,,,,,,,,,,,,"rgba(239, 83, 80, 1.0)"
2023-04-10 00:00:00+00:00,10.1701874895,10.2792736589,9.893276444,10.0275363448,15544570,0.0,0.0,0.0,0.0,0.0,0.0,0.0,0.0,,,,,,,,,,,,,,,,,,,,,,,,,,,,,"rgba(239, 83, 80, 1.0)"
2023-04-11 00:00:00+00:00,10.2792736589,10.3883598284,10.1030575391,10.1785787333,13120154,0.0,0.0,0.0,0.0,0.0,0.0,0.0,0.0,,,,,,,,,,,,,,,,,,,,,,,,,,,,,"rgba(239, 83, 80, 0.5)"
2023-04-12 00:00:00+00:00,10.1114487829,10.405142316,10.0736881857,10.3380123655,15568602,0.0,0.0,0.0,0.0,0.0,0.0,0.0,0.0,,,,,,,,,,,,,,,,,,,,,,,,,,,,,"rgba(239, 83, 80, 0.5)"
2023-04-13 00:00:00+00:00,10.3128386341,10.3967510722,9.9226457973,10.1659918676,12360626,0.0,0.0,0.0,0.0,0.0,0.0,0.0,0.0,,,,,,,,,,,,,,,,,,,,,,,,,,,,,"rgba(239, 83, 80, 0.5)"
2023-04-14 00:00:00+00:00,10.1450137581,10.5477934606,10.0443188324,10.531010973,16962089,0.0,0.0,0.0,0.0,0.0,0.0,0.0,0.0,,,,,,,,,,,,,,,,,,,,,,,,,,,,,"rgba(239, 83, 80, 0.5)"
2023-04-17 00:00:00+00:00,10.3296211217,10.3380123655,9.8177552497,10.0778838076,57470900,0.0,0.0,0.0,0.0,0.0,0.0,0.0,0.0,,,,,,,,,,,,,,,,,,,,,,,,,,,,,"rgba(239, 83, 80, 0.5)"
2023-04-18 00:00:00+00:00,10.1450137581,10.3464036093,9.9855801258,10.3464036093,38198394,0.0,0.0,0.0,0.0,0.0,0.0,0.0,0.0,,,,,,,,,,,,,,,,,,,,,,,,,,,,,"rgba(239, 83, 80, 0.5)"
2023-04-19 00:00:00+00:00,10.3883598284,10.5100328635,10.0275363448,10.2792736589,47773383,0.0,0.0,0.0,0.0,0.0,0.0,0.0,0.0,,,,,,,,,,,,,,,,,,,,,,,,,,,,,"rgba(239, 83, 80, 0.5)"
2023-04-20 00:00:00+00:00,10.1030575391,10.3128386341,9.6195540711,9.7338428117,37369454,0.0,0.0,0.0,0.0,0.0,0.0,0.0,0.0,,,,,,,,,,,,,,,,,,,,,,,,,,,,,"rgba(239, 83, 80, 0.5)"
2023-04-21 00:00:00+00:00,9.7254515679,10.0107538572,9.5995829109,9.9855801258,25192401,0.0,0.0,0.0,0.0,0.0,0.0,0.0,0.0,,,,,,,,,,,,,,,,,,,,,,,,,,,,,"rgba(239, 83, 80, 0.5)"
2023-04-24 00:00:00+00:00,9.339454353,9.721255946,9.3310631092,9.6918865927,23021749,0.0,0.0,0.0,0.0,0.0,0.0,0.0,0.0,,,,,,,,,,,,,,,,,,,,,,,,,,,,,"rgba(239, 83, 80, 0.5)"
2023-04-25 00:00:00+00:00,8.7940235058,9.2219769397,8.6723504706,9.1380645017,31905383,0.0,0.0,0.0,0.0,0.0,0.0,0.0,0.0,,,,,,,,,,,,,,,,,,,,,,,,,,,,,"rgba(239, 83, 80, 1.0)"
2023-04-26 00:00:00+00:00,8.8611534562,9.0877170389,8.7185023115,8.8779359438,23758766,0.0,0.0,0.0,0.0,0.0,0.0,0.0,0.0,,,,,,,,,,,,,,,,,,,,,,,,,,,,,"rgba(239, 83, 80, 1.0)"
2023-04-27 00:00:00+00:00,9.1884119645,9.2043553277,8.8527622124,8.8527622124,20468661,0.0,0.0,0.0,0.0,0.0,0.0,0.0,0.0,,,,,,,,,,,,,,,,,,,,,,,,,,,,,"rgba(239, 83, 80, 1.0)"
2023-04-28 00:00:00+00:00,9.4485405224,9.549235448,9.0457608199,9.0709345513,19578574,0.0,0.0,0.0,0.0,0.0,0.0,0.0,0.0,,,,,,,,,,,,,,,,,,,,,,,,,,,,,"rgba(239, 83, 80, 0.5)"
2023-05-01 00:00:00+00:00,8.995413357,9.5156704728,8.9786308694,9.4065843034,23150014,0.0,0.0,0.0,0.0,0.0,0.0,0.0,0.0,,,,,,,,,,,,,,,,,,,,,,,,,,,,,"rgba(239, 83, 80, 0.5)"
2023-05-02 00:00:00+00:00,8.1478977329,8.9786308694,8.0304203197,8.9786308694,44634677,0.0,0.0,0.0,0.0,0.0,0.0,0.0,0.0,,,,,,,,,,,,,,,,,,,,,,,,,,,,,"rgba(239, 83, 80, 1.0)"
2023-05-03 00:00:00+00:00,7.9968553445,8.5338949479,7.9087472845,8.2485926585,34854416,0.0,0.0,0.0,0.0,0.0,0.0,0.0,0.0,,,,,,,,,,,,,,,,,,,,,,,,,,,,,"rgba(239, 83, 80, 1.0)"
2023-05-04 00:00:00+00:00,7.4933807163,7.7954654932,7.161926586,7.3675120592,57354529,0.0,0.0,0.0,0.0,0.0,0.0,0.0,0.0,,,,,,,,,,,,,,,,,,,,,,,,,,,7.483590931833334,,"rgba(239, 83, 80, 1.0)"
2023-05-05 00:00:00+00:00,8.2485926585,8.3744613156,7.9423122597,8.3702656937,32463092,0.0,0.0,0.0,0.0,0.0,0.0,0.0,0.0,,,,,,,,,,,,,,,,,,,,,,,,,,,7.738352527482548,,"rgba(239, 83, 80, 1.0)"
2023-05-08 00:00:00+00:00,8.1227240015,8.5171124603,8.1059415139,8.4332000222,20407804,0.0,0.0,0.0,0.0,0.0,0.0,0.0,0.0,,,,,,,,,,,,,,,,,,,,,,,,,,,7.8328214813386925,,"rgba(239, 83, 80, 0.75)"
2023-05-09 00:00:00+00:00,8.1562889767,8.2821576338,7.8709866874,7.9968553445,14911107,0.0,0.0,0.0,0.0,0.0,0.0,0.0,0.0,,,,,,,,,,,,,,,,,,,,,,,,,,,7.865032813927885,,"rgba(239, 83, 80, 0.5)"
2023-05-10 00:00:00+00:00,7.8206392246,8.357678828,7.7115530551,8.3325050966,24936001,0.0,0.0,0.0,0.0,0.0,0.0,0.0,0.0,,,,,,,,,,,,,,,,,,,,,,,,,,,7.88135925587149,,"rgba(239, 83, 80, 0.5)"
2023-05-11 00:00:00+00:00,7.6276406171,7.8206392246,7.5269456915,7.6947705675,19256518,0.0,0.0,0.0,0.0,0.0,0.0,0.0,0.0,,,,,,,,,,,,,,,,,,,,,,,,,,,7.856004746381871,,"rgba(239, 83, 80, 0.5)"
2023-05-12 00:00:00+00:00,7.5437281791,7.761900518,7.3297514621,7.7199442989,29034583,0.0,0.0,0.0,0.0,0.0,0.0,0.0,0.0,,,,,,,,,,,,,,,,,,,,,,,,,,,7.8105013762046385,,"rgba(239, 83, 80, 0.5)"
2023-05-15 00:00:00+00:00,8.0472028073,8.0639852949,7.5437281791,7.5940756419,22334746,0.0,0.0,0.0,0.0,0.0,0.0,0.0,0.0,,,,,,,,,,,,,,,,,,,,,,,,,,,7.818037836423266,,"rgba(239, 83, 80, 0.5)"
2023-05-16 00:00:00+00:00,7.8625954436,8.1311152453,7.8542041998,7.9632903692,17404539,0.0,0.0,0.0,0.0,0.0,0.0,0.0,0.0,,,,,,,,,,,,,,,,,,,,,,,,,,,7.827633030937377,,"rgba(239, 83, 80, 0.5)"
2023-05-17 00:00:00+00:00,8.5422861917,8.5674599231,8.1358982543,8.1395064891,25671279,0.0,0.0,0.0,0.0,0.0,0.0,0.0,0.0,,,,,,,,,,,,,,,,,,,,,,,,,,,7.884818211970535,,"rgba(239, 83, 80, 0.5)"
2023-05-18 00:00:00+00:00,8.4332000222,8.5842424107,8.2695707681,8.5590686793,22661689,0.0,0.0,0.0,0.0,0.0,0.0,0.0,0.0,,,,,,,,,,,,,,,,,,,,,,,,,,,7.927872098436839,,"rgba(239, 83, 80, 0.5)"
2023-05-19 00:00:00+00:00,8.2402014147,8.5213080822,8.0723765387,8.4499825098,23150276,0.0,0.0,0.0,0.0,0.0,0.0,0.0,0.0,,,,,,,,,,,,,,,,,,,,,,,,,,,7.954051169368754,,"rgba(239, 83, 80, 0.5)"
2023-05-22 00:00:00+00:00,8.6261986297,8.6345898735,8.2653751462,8.3241138528,15722622,0.0,0.0,0.0,0.0,0.0,0.0,0.0,0.0,,,,,,,,,,,,,,,,,,,,,,,,,,,7.980859137328312,,#000000
2023-05-23 00:00:00+00:00,8.7772410181,9.0499564418,8.6345898735,8.6429811173,22592758,0.0,0.0,0.0,0.0,0.0,0.0,0.0,0.0,,,,,,,,,,,,,,,,,,,,,,,,,,,8.035391711510973,,#000000
2023-05-24 00:00:00+00:00,8.5590686793,8.7687658619,8.5255037041,8.6429811173,12475784,0.0,0.0,0.0,0.0,0.0,0.0,0.0,0.0,,,,,,,,,,,,,,,,,,,,,,,,,,,8.055553199623215,,#000000
2023-05-25 00:00:00+00:00,8.483547485,8.5842424107,8.3073313652,8.5422861917,15997591,0.0,0.0,0.0,0.0,0.0,0.0,0.0,0.0,,,,,,,,,,,,,,,,,,,,,,,,,,,8.072674846580167,,#000000
2023-05-26 00:00:00+00:00,8.4709606193,8.578025339,8.3596133109,8.4538302642,14327822,0.0,0.0,0.0,0.0,0.0,0.0,0.0,0.0,,,,,,,,,,,,,,,,,,,,,,,,,,,8.087228402736777,,#000000
2023-05-30 00:00:00+00:00,8.5052213296,8.6422641708,8.3021409694,8.5394820399,20027083,0.0,0.0,0.0,0.0,0.0,0.0,0.0,0.0,,,,,,,,,,,,,,,,,,,,,,,,,,,8.106536308577173,,#000000
2023-05-31 00:00:00+00:00,7.9998758528,8.4195695539,7.9613325538,8.4110043763,34136311,0.0,0.0,0.0,0.0,0.0,0.0,0.0,0.0,,,,,,,,,,,,,,,,,,,,,,,,,,,8.108100887997692,,#000000
2023-06-01 00:00:00+00:00,8.2397008249,8.3424829557,7.8713981892,8.1626142267,18079322,0.0,0.0,0.0,0.0,0.0,0.0,0.0,0.0,,,,,,,,,,,,,,,,,,,,,,,,,,,8.109783794819167,,"rgba(239, 83, 80, 0.5)"
2023-06-02 00:00:00+00:00,8.8050025447,8.8221328998,8.4195695539,8.4795257969,17414470,0.0,0.0,0.0,0.0,0.0,0.0,0.0,0.0,,,,,,,,,,,,,,,,,,,,,,,,,,,8.130536846416975,,#000000
2023-06-05 00:00:00+00:00,8.6765248811,8.9249150307,8.436699909,8.8735239652,17639900,0.0,0.0,0.0,0.0,0.0,0.0,0.0,0.0,,,,,,,,,,,,,,,,,,,,,,,,,,,8.149977691143695,,#000000
2023-06-06 00:00:00+00:00,9.0962185821,9.3103480215,8.5994382829,8.6765248811,16236582,0.0,0.0,0.0,0.0,0.0,0.0,0.0,0.0,,,,,,,,,,,,,,,,,,,,,,,,,,,8.17687963024222,,"rgba(38, 166, 154, 1.0)"
2023-06-07 00:00:00+00:00,9.438825685,9.4645212178,9.0105668064,9.1561748251,20955033,0.0,0.0,0.0,0.0,0.0,0.0,0.0,0.0,,,,,,,,,,,,,,,,,,,,,,,,,,,8.221036188087957,,"rgba(38, 166, 154, 1.0)"
2023-06-08 00:00:00+00:00,9.4045649747,9.5073471056,9.2075658906,9.3103480215,14016275,0.0,0.0,0.0,0.0,0.0,0.0,0.0,0.0,,,,,,,,,,,,,,,,,,,,,,,,,,,8.250439406999883,,"rgba(38, 166, 154, 1.0)"
2023-06-09 00:00:00+00:00,9.1476096476,9.4302605075,9.079088227,9.4045649747,16890370,0.0,0.0,0.0,0.0,0.0,0.0,0.0,0.0,,,,,,,,,,,,,,,,,,,,,,,,,,,8.27933742462943,,"rgba(38, 166, 154, 1.0)"
2023-06-12 00:00:00+00:00,8.7536114792,9.4816515729,8.4152869651,9.13904447,37997294,0.0,0.0,0.0,0.0,0.0,0.0,0.0,0.0,,,,,,,,,,,,,,,,,,,,,,,,,,,8.3173399938698,,"rgba(38, 166, 154, 0.75)"
2023-06-13 00:00:00+00:00,8.9763060961,9.079088227,8.6165686381,8.7493288904,19268048,0.0,0.0,0.0,0.0,0.0,0.0,0.0,0.0,,,,,,,,,,,,,,,,,,,,,,,,,,,8.3350610334215,,"rgba(38, 166, 154, 0.75)"
2023-06-14 00:00:00+00:00,8.4880909745,9.1176315261,8.4795257969,9.079088227,23224522,0.0,0.0,0.0,0.0,0.0,0.0,0.0,0.0,,,,,,,,,,,,,,,,,,,,,,,,,,,8.347992503370604,,#000000
2023-06-15 00:00:00+00:00,8.6336989932,8.6850900586,8.3853088436,8.436699909,18653391,0.0,0.0,0.0,0.0,0.0,0.0,0.0,0.0,,,,,,,,,,,,,,,,,,,,,,,,,,,8.354162436443483,,#000000
2023-06-16 00:00:00+00:00,8.5052213296,8.7364811241,8.3938740212,8.7107855914,28306718,0.0,0.0,0.0,0.0,0.0,0.0,0.0,0.0,,,,,,,,,,,,,,,,,,,,,,,,,,,8.361959191687824,,#000000
2023-06-20 00:00:00+00:00,8.436699909,8.4795257969,8.2910918903,8.4623954418,12234825,0.0,0.0,0.0,0.0,0.0,0.0,0.0,0.0,,,,,,,,,,,,,,,,,,,,,,,,,,,8.362660917124114,,"rgba(239, 83, 80, 0.5)"
2023-06-21 00:00:00+00:00,8.4281347315,8.5009387408,8.2910918903,8.4110043763,10388938,0.0,0.0,0.0,0.0,0.0,0.0,0.0,0.0,,,,,,,,,,,,,,,,,,,,,,,,,,,8.363300073311004,,"rgba(239, 83, 80, 0.5)"
2023-06-22 00:00:00+00:00,8.1883097594,8.4195695539,8.1540490491,8.3596133109,14767805,0.0,0.0,0.0,0.0,0.0,0.0,0.0,0.0,,,,,,,,,,,,,,,,,,,,,,,,,,,8.361091307015027,,"rgba(239, 83, 80, 0.5)"
2023-06-23 00:00:00+00:00,8.0084410304,8.1797445819,7.9868567829,8.136918694,17268893,0.0,0.0,0.0,0.0,0.0,0.0,0.0,0.0,,,,,,,,,,,,,,,,,,,,,,,,,,,8.35410388188785,,"rgba(239, 83, 80, 0.5)"
2023-06-26 00:00:00+00:00,8.0084410304,8.1454838716,7.9484847874,8.0512669183,19298028,0.0,0.0,0.0,0.0,0.0,0.0,0.0,0.0,,,,,,,,,,,,,,,,,,,,,,,,,,,8.34605868892826,,"rgba(239, 83, 80, 0.5)"
2023-06-27 00:00:00+00:00,8.1283535164,8.1797445819,7.9227892547,8.017006208,18129099,0.0,0.0,0.0,0.0,0.0,0.0,0.0,0.0,,,,,,,,,,,,,,,,,,,,,,,,,,,8.339849102644136,,"rgba(239, 83, 80, 0.5)"
2023-06-28 00:00:00+00:00,7.9741803201,8.0683972734,7.9142240771,8.0512669183,16996204,0.0,0.0,0.0,0.0,0.0,0.0,0.0,0.0,,,,,,,,,,,,,,,,,,,,,,,,,,,8.332347680238291,,"rgba(239, 83, 80, 0.5)"
2023-06-29 00:00:00+00:00,7.9913106753,8.1883097594,7.9313544323,8.0855276286,22646912,0.0,0.0,0.0,0.0,0.0,0.0,0.0,0.0,,,,,,,,,,,,,,,,,,,,,,,,,,,8.324242658090713,,"rgba(239, 83, 80, 1.0)"
2023-06-30 00:00:00+00:00,7.9142240771,8.1197883389,7.9056588995,8.1197883389,19148141,0.0,0.0,0.0,0.0,0.0,0.0,0.0,0.0,,,,,,,,,,,,,,,,,,,,,,,,,,,8.31643416119992,,"rgba(239, 83, 80, 1.0)"
2023-07-03 00:00:00+00:00,8.196874937,8.3253526006,7.957049965,7.957049965,13299706,0.0,0.0,0.0,0.0,0.0,0.0,0.0,0.0,,,,,,,,,,,,,,,,,,,,,,,,,,,8.314004795794878,,"rgba(239, 83, 80, 0.5)"
2023-07-05 00:00:00+00:00,8.1540490491,8.2397008249,7.9698977313,8.0683972734,14945921,0.0,0.0,0.0,0.0,0.0,0.0,0.0,0.0,,,,,,,,,,,,,,,,,,,,,,,,,,,8.310702975265798,,"rgba(239, 83, 80, 0.5)"
2023-07-06 00:00:00+00:00,8.076962451,8.076962451,7.7943115911,7.9827454977,21224396,1.0,8.076962,7.7943115,0.0,0.0,0.0,0.0,0.0,,,,,,,,,,,7.982745497699999,,,,,,,,,,,,,,,,8.302916060281786,,"rgba(239, 83, 80, 0.5)"
2023-07-07 00:00:00+00:00,8.2140052922,8.3510481333,8.0341365631,8.0341365631,18247883,0.0,0.0,0.0,0.0,0.0,0.0,0.0,0.0,,,,,,,,,,,8.083056598091282,,,,,,,,,,,,,,,,8.300851774870138,,"rgba(239, 83, 80, 0.5)"
2023-07-10 00:00:00+00:00,8.136918694,8.316787423,8.1026579837,8.2225704697,22333384,0.0,0.0,0.0,0.0,0.0,0.0,0.0,0.0,,,,,,,,,,,8.12005799933844,,,,,,,,,,,,,,,,8.29809386441606,,"rgba(239, 83, 80, 0.5)"
2023-07-11 00:00:00+00:00,8.4966561521,8.5009387408,8.136918694,8.2482660024,25268137,0.0,0.0,0.0,0.0,0.0,0.0,0.0,0.0,,,,,,,,,,,8.194960433888067,,,,,,,,,,,,,,,,8.30020213501886,,#000000
2023-07-12 00:00:00+00:00,8.7621766568,9.0448275167,8.6850900586,8.7878721895,29566056,0.0,0.0,0.0,0.0,0.0,0.0,0.0,0.0,,,,,,,,,,,8.356108221728238,,,,,,,,,,,,,,,,8.316056250407822,,"rgba(38, 166, 154, 1.0)"
2023-07-13 00:00:00+00:00,9.0876534046,9.1047837597,8.7535258275,8.8050025447,18420742,0.0,0.0,0.0,0.0,0.0,0.0,0.0,0.0,,,,,,,,,,,8.441471117337246,,,,,,,,,,,,,,,,8.328229067203498,,"rgba(38, 166, 154, 1.0)"
2023-07-14 00:00:00+00:00,8.7022204138,9.2332614233,8.6679597035,9.2075658906,17618211,0.0,0.0,0.0,0.0,0.0,0.0,0.0,0.0,,,,,,,,,,,8.490668489365246,,,,,,,,,,,,,,,,8.337500541409105,,"rgba(38, 166, 154, 1.0)"
2023-07-17 00:00:00+00:00,8.8135677222,8.8135677222,8.6422641708,8.7107855914,11663406,0.0,0.0,0.0,0.0,0.0,0.0,0.0,0.0,,,,,,,,,,,8.509532239984042,,,,,,,,,,,,,,,,8.342212692843738,,"rgba(38, 166, 154, 1.0)"
2023-07-18 00:00:00+00:00,9.1733051803,9.1904355354,8.7621766568,8.7793070119,20911130,0.0,0.0,0.0,0.0,0.0,0.0,0.0,0.0,,,,,,,,,,,8.56963332267005,,,,,,,,,,,,,,,,8.35604425490253,,"rgba(38, 166, 154, 1.0)"
2023-07-19 00:00:00+00:00,9.7728676104,9.841389031,9.2075658906,9.2246962457,36097079,0.0,0.0,0.0,0.0,0.0,0.0,0.0,0.0,,,,,,,,,,,8.738848286109235,,,,,,,,,,,,,,,,8.397328347846583,,"rgba(38, 166, 154, 1.0)"
2023-07-20 00:00:00+00:00,10.1754309563,10.3296041526,9.2932176663,9.4516734514,44003706,0.0,0.0,0.0,0.0,0.0,0.0,0.0,0.0,,,,,,,,,,,8.936833298504961,,,,,,,,,,,,,,,,8.456698032221452,,"rgba(38, 166, 154, 1.0)"
2023-07-21 00:00:00+00:00,9.7899979655,10.3638648629,9.7557372552,10.3124737974,24633886,0.0,0.0,0.0,0.0,0.0,0.0,0.0,0.0,,,,,,,,,,,9.024587362493438,,,,,,,,,,,,,,,,8.488758313635785,,"rgba(38, 166, 154, 1.0)"
2023-07-24 00:00:00+00:00,10.1839961339,10.380995218,9.8156934982,9.8499542085,23567557,0.0,0.0,0.0,0.0,0.0,0.0,0.0,0.0,,,,,,,,,,,9.107439332408445,,,,,,,,,,,,,,,,8.521304228221608,,"rgba(38, 166, 154, 1.0)"
2023-07-25 00:00:00+00:00,9.9527363394,10.5266032368,9.8585193861,10.3124737974,25580912,0.0,0.0,0.0,0.0,0.0,0.0,0.0,0.0,,,,,,,,,,,9.183259630402402,,,,,,,,,,,,,,,,8.554896402678278,,"rgba(38, 166, 154, 1.0)"
2023-07-26 00:00:00+00:00,10.6379505452,10.7749933864,10.2867782647,10.2867782647,27931115,0.0,0.0,0.0,0.0,0.0,0.0,0.0,0.0,,,,,,,,,,,9.288519573165013,,,,,,,,,,,,,,,,8.600219126962456,,"rgba(38, 166, 154, 1.0)"
2023-07-27 00:00:00+00:00,10.500907704,11.1689915547,10.4238211059,10.7364500873,26584136,0.0,0.0,0.0,0.0,0.0,0.0,0.0,0.0,,,,,,,,,,,9.383698478717081,,,,,,,,,,,,,,,,8.644256199871096,,"rgba(38, 166, 154, 1.0)"
2023-07-28 00:00:00+00:00,10.7664282088,10.843514807,10.5266032368,10.6722112555,14862152,0.0,0.0,0.0,0.0,0.0,0.0,0.0,0.0,,,,,,,,,,,9.43203006756675,,,,,,,,,,,,,,,,8.668244768873896,,"rgba(38, 166, 154, 1.0)"
2023-07-31 00:00:00+00:00,10.5437335919,10.8606451621,10.4066907507,10.8263844518,17227006,0.0,0.0,0.0,0.0,0.0,0.0,0.0,0.0,,,,,,,,,,,9.479439630815818,,,,,,,,,,,,,,,,8.693923742244877,,"rgba(38, 166, 154, 1.0)"
2023-08-01 00:00:00+00:00,10.2696479096,10.5351684143,10.0041274048,10.4666469938,17446882,0.0,0.0,0.0,0.0,0.0,0.0,0.0,0.0,,,,,,,,,,,9.51054759755448,,,,,,,,,,,,,,,,8.714816137482856,,"rgba(38, 166, 154, 0.75)"
2023-08-02 00:00:00+00:00,10.1925613114,10.2096916666,9.9698666945,10.141170246,11779223,0.0,0.0,0.0,0.0,0.0,0.0,0.0,0.0,,,,,,,,,,,9.526431084812229,,,,,,,,,,,,,,,,8.727319200605427,,"rgba(38, 166, 154, 0.75)"
2023-08-03 00:00:00+00:00,10.3124737974,10.3381693302,9.9698666945,10.1839961339,11816758,0.0,0.0,0.0,0.0,0.0,0.0,0.0,0.0,,,,,,,,,,,9.543655736015955,,,,,,,,,,,,,,,,8.740371585598588,,"rgba(38, 166, 154, 0.75)"
2023-08-04 00:00:00+00:00,10.2096916666,10.3381693302,10.1497354236,10.2268220217,10010178,0.0,0.0,0.0,0.0,0.0,0.0,0.0,0.0,,,,,,,,,,,9.558118536230088,,,,,,,,,,,,,,,,8.751440250979911,,"rgba(38, 166, 154, 0.75)"
2023-08-07 00:00:00+00:00,10.321038975,10.3852778068,10.1368876572,10.1839961339,7183401,0.0,0.0,0.0,0.0,0.0,0.0,0.0,0.0,,,,,,,,,,,9.568848867106915,,,,,,,,,,,,,,,,8.759539562983978,,"rgba(38, 166, 154, 0.75)"
2023-08-08 00:00:00+00:00,10.2268220217,10.2525175544,9.7129113674,9.9527363394,12109250,0.0,0.0,0.0,0.0,0.0,0.0,0.0,0.0,,,,,,,,,,,9.580937324924058,,,,,,,,,,,,,,,,8.771080710190423,,"rgba(38, 166, 154, 0.75)"
2023-08-09 00:00:00+00:00,9.8585193861,10.261082732,9.8328238534,10.1154747133,11161508,0.0,0.0,0.0,0.0,0.0,0.0,0.0,0.0,,,,,,,,,,,9.589809457030016,,,,,,,,,,,,,,,,8.78089257395952,,"rgba(38, 166, 154, 0.75)"
2023-08-10 00:00:00+00:00,9.901345274,9.9869970497,9.6872158346,9.9441711618,13897428,0.0,0.0,0.0,0.0,0.0,0.0,0.0,0.0,,,,,,,,,,,9.596975165521195,,,,,,,,,,,,,,,,8.791637334368067,,#000000
2023-08-11 00:00:00+00:00,9.901345274,9.9570189282,9.7899979655,9.8156934982,7774433,0.0,0.0,0.0,0.0,0.0,0.0,0.0,0.0,,,,,,,,,,,9.601176232171877,,,,,,,,,,,,,,,,8.797689787616234,,#000000
2023-08-14 00:00:00+00:00,9.438825685,9.8670845637,9.3874346196,9.8242586758,13559202,0.0,0.0,0.0,0.0,0.0,0.0,0.0,0.0,,,,,,,,,,,9.600258221612005,,,,,,,,,,,,,,,,8.805036444161615,,"rgba(239, 83, 80, 1.0)"
2023-08-15 00:00:00+00:00,9.1133489373,9.3017828439,8.9848712737,9.258956956,16008625,0.0,0.0,0.0,0.0,0.0,0.0,0.0,0.0,,,,,,,,,,,9.586874206099132,,,,,,,,,,,,,,,,8.80870870787747,,"rgba(239, 83, 80, 1.0)"
2023-08-16 00:00:00+00:00,9.019131984,9.1775877691,8.9089838004,9.0962185821,12660183,0.0,0.0,0.0,0.0,0.0,0.0,0.0,0.0,,,,,,,,,,,9.574646447564604,,,,,,,,,,,,,,,,8.810695006185473,,"rgba(239, 83, 80, 1.0)"
2023-08-17 00:00:00+00:00,9.2332614233,9.2760873112,8.9077846755,9.0705230494,17761817,0.0,0.0,0.0,0.0,0.0,0.0,0.0,0.0,,,,,,,,,,,9.561508471516616,,,,,,,,,,,,,,,,8.814685259102772,,"rgba(239, 83, 80, 1.0)"
2023-08-18 00:00:00+00:00,9.2760873112,9.3574564981,9.0448275167,9.0876534046,14560667,0.0,0.0,0.0,0.0,0.0,0.0,0.0,0.0,,,,,,,,,,,9.553416236203166,,,,,,,,,,,,,,,,8.818743686576923,,"rgba(239, 83, 80, 1.0)"
2023-08-21 00:00:00+00:00,9.3274783766,9.3874346196,9.1476096476,9.318913199,15530969,0.0,0.0,0.0,0.0,0.0,0.0,0.0,0.0,,,,,,,,,,,9.54674449123739,,,,,,,,,,,,,,,,8.823624349005819,,"rgba(239, 83, 80, 1.0)"
2023-08-22 00:00:00+00:00,8.9420453858,9.3017828439,8.9249150307,9.258956956,13682315,0.0,0.0,0.0,0.0,0.0,0.0,0.0,0.0,,,,,,,,,,,9.536137088956272,,,,,,,,,,,,,,,,8.825738683514084,,"rgba(239, 83, 80, 1.0)"
2023-08-23 00:00:00+00:00,9.2075658906,9.2332614233,8.8649587877,8.959175741,12845462,0.0,0.0,0.0,0.0,0.0,0.0,0.0,0.0,,,,,,,,,,,9.527496724745372,,,,,,,,,,,,,,,,8.828075519461272,,"rgba(239, 83, 80, 1.0)"
2023-08-24 00:00:00+00:00,9.3103480215,9.5073471056,9.1219141149,9.1904355354,11642256,0.0,0.0,0.0,0.0,0.0,0.0,0.0,0.0,,,,,,,,,,,9.523700361620133,,,,,,,,,,,,,,,,8.831767385642832,,"rgba(239, 83, 80, 0.75)"
2023-08-25 00:00:00+00:00,9.318913199,9.4859341617,9.1690225915,9.3959997972,13586527,0.0,0.0,0.0,0.0,0.0,0.0,0.0,0.0,,,,,,,,,,,9.519667959881964,,,,,,,,,,,,,,,,8.836105903240405,,"rgba(239, 83, 80, 0.75)"
2023-08-28 00:00:00+00:00,9.5116296944,9.6250711495,9.3981882393,9.4069145051,10666073,0.0,0.0,0.0,0.0,0.0,0.0,0.0,0.0,,,,,,,,,,,9.519542139951925,,,,,,,,,,,,,,,,8.840742156966973,,"rgba(239, 83, 80, 0.75)"
2023-08-29 00:00:00+00:00,9.7821439334,9.8606803254,9.4636352326,9.5378084917,11632730,0.0,0.0,0.0,0.0,0.0,0.0,0.0,0.0,,,,,,,,,,,9.522607205894117,,,,,,,,,,,,,,,,8.847142089308228,,#000000
2023-08-30 00:00:00+00:00,9.7123338072,9.7908701992,9.6294342824,9.7385126045,10157571,0.0,0.0,0.0,0.0,0.0,0.0,0.0,0.0,,,,,,,,,,,9.52532670169818,,,,,,,,,,,,,,,,8.852709413621925,,#000000
2023-08-31 00:00:00+00:00,9.8868591227,9.91303792,9.6774287441,9.7385126045,15466181,0.0,0.0,0.0,0.0,0.0,0.0,0.0,0.0,,,,,,,,,,,9.531792428270101,,,,,,,,,,,,,,,,8.86216653088931,,"rgba(38, 166, 154, 0.5)"
2023-09-01 00:00:00+00:00,10.0875632355,10.1835521591,9.9653955147,9.9653955147,11290539,0.0,0.0,0.0,0.0,0.0,0.0,0.0,0.0,,,,,,,,,,,9.540253623470045,,,,,,,,,,,,,,,,8.870737909463172,,"rgba(38, 166, 154, 1.0)"
2023-09-05 00:00:00+00:00,10.0090268436,10.2795410826,10.0003005778,10.0526581724,13567229,0.0,0.0,0.0,0.0,0.0,0.0,0.0,0.0,,,,,,,,,,,9.550399524598529,,,,,,,,,,,,,,,,8.881025762241414,,"rgba(38, 166, 154, 1.0)"
2023-09-06 00:00:00+00:00,9.6774287441,10.0090268436,9.5988923522,9.8781328569,10235810,0.0,0.0,0.0,0.0,0.0,0.0,0.0,0.0,,,,,,,,,,,9.553269983324531,,,,,,,,,,,,,,,,8.886568680091914,,"rgba(38, 166, 154, 0.5)"
2023-09-07 00:00:00+00:00,9.5029034286,9.7254232059,9.4200039038,9.6163448837,15740325,0.0,0.0,0.0,0.0,0.0,0.0,0.0,0.0,,,,,,,,,,,9.553191713330667,,,,,,,,,,,,,,,,8.89292232039615,,"rgba(38, 166, 154, 0.5)"
2023-09-08 00:00:00+00:00,9.8170489965,9.8257752623,9.3894619736,9.5203559602,11448424,0.0,0.0,0.0,0.0,0.0,0.0,0.0,0.0,,,,,,,,,,,9.555012950009106,,,,,,,,,,,,,,,,8.898353603627356,,"rgba(38, 166, 154, 0.5)"
2023-09-11 00:00:00+00:00,9.7821439334,10.0046637107,9.7646914019,9.91303792,10140733,0.0,0.0,0.0,0.0,0.0,0.0,0.0,0.0,,,,,,,,,,,9.558800636072823,,,,,,,,,,,,,,,,8.904156944003802,,"rgba(38, 166, 154, 0.5)"
2023-09-12 00:00:00+00:00,10.2708148168,10.3188092786,9.7472388703,9.7908701992,21647291,0.0,0.0,0.0,0.0,0.0,0.0,0.0,0.0,,,,,,,,,,,9.573542538917053,,,,,,,,,,,,,,,,8.919673968888628,,"rgba(38, 166, 154, 1.0)"
2023-09-13 00:00:00+00:00,9.9741217805,10.4322507336,9.8606803254,10.419161335,16421900,-1.0,10.432251,9.860681,605.0,-1.0,10.432251,9.860681,605.0,,,,,,,,,,,9.583751605453202,,,,,10.08901761316667,,,,,,,,,,,8.93095751165407,,"rgba(38, 166, 154, 0.5)"
2023-09-14 00:00:00+00:00,10.1660996275,10.3275355443,10.0264793751,10.0264793751,8730219,0.0,0.0,0.0,0.0,0.0,0.0,0.0,0.0,,,,,,,,,,,9.589894931022155,,,,,10.118296579365843,,,,,,,,,,,8.937298387065775,,"rgba(38, 166, 154, 1.0)"
2023-09-15 00:00:00+00:00,10.2271834879,10.3275355443,10.1050157671,10.1050157671,22159619,0.0,0.0,0.0,0.0,0.0,0.0,0.0,0.0,,,,,,,,,,,9.606127387806016,,,,,10.165890479567933,,,,,,,,,,,8.953701482523616,,"rgba(38, 166, 154, 1.0)"
2023-09-18 00:00:00+00:00,9.9217641858,10.1922784248,9.9043116543,10.1748258933,10858511,0.0,0.0,0.0,0.0,0.0,0.0,0.0,0.0,,,,,,,,,,,9.611114410461271,,,,,10.136066122651751,,,,,,,,,,,8.960255576821131,,"rgba(38, 166, 154, 0.5)"
2023-09-19 00:00:00+00:00,9.799596465,10.0177531093,9.7036948041,9.9479429831,10093572,0.0,0.0,0.0,0.0,0.0,0.0,0.0,0.0,,,,,,,,,,,9.61374068559701,,,,,10.092340898282107,,,,,,,,,,,8.965321062462351,,"rgba(38, 166, 154, 0.5)"
2023-09-20 00:00:00+00:00,9.6337974153,10.0962895013,9.6250711495,9.91303792,13593712,0.0,0.0,0.0,0.0,0.0,0.0,0.0,0.0,,,,,,,,,,,9.616343797738672,,,,,10.041310928663368,,,,,,,,,,,8.971626339309802,,#000000
2023-09-21 00:00:00+00:00,9.3545569105,9.6512499468,9.2629311198,9.5901660864,15741356,0.0,0.0,0.0,0.0,0.0,0.0,0.0,0.0,,,,,,,,,,,9.612999074088318,,,,,9.941571808558933,,,,,,,,,,,8.975610506305784,,"rgba(239, 83, 80, 1.0)"
2023-09-22 00:00:00+00:00,9.2585679869,9.4156407709,9.1974841265,9.4069145051,14498752,0.0,0.0,0.0,0.0,0.0,0.0,0.0,0.0,,,,,,,,,,,9.60794429833295,,,,,9.857370246345768,,,,,,,,,,,8.97815091430552,,"rgba(239, 83, 80, 1.0)"
2023-09-25 00:00:00+00:00,9.2760205185,9.3283781131,9.1364002661,9.2062103923,10685029,0.0,0.0,0.0,0.0,0.0,0.0,0.0,0.0,,,,,,,,,,,9.603821072030822,,,,,9.80424760253745,,,,,,,,,,,8.979739197875514,,"rgba(239, 83, 80, 1.0)"
2023-09-26 00:00:00+00:00,9.101495203,9.3676463091,9.0404113426,9.1189477345,15002704,0.0,0.0,0.0,0.0,0.0,0.0,0.0,0.0,,,,,,,,,,,9.596971543454325,,,,,9.735171583096475,,,,,,,,,,,8.981303577328243,,"rgba(239, 83, 80, 1.0)"
2023-09-27 00:00:00+00:00,8.9880537479,9.1276740003,8.9007910902,9.1102214688,15074427,0.0,0.0,0.0,0.0,0.0,0.0,0.0,0.0,,,,,,,,,,,9.587738008569593,,,,,9.663214886292975,,,,,,,,,,,8.981502046129684,,"rgba(239, 83, 80, 1.0)"
2023-09-28 00:00:00+00:00,9.180031595,9.2498417212,8.9356961533,8.9356961533,11242386,0.0,0.0,0.0,0.0,0.0,0.0,0.0,0.0,,,,,,,,,,,9.582376281182547,,,,,9.626127263217358,,,,,,,,,,,8.982355194002427,,"rgba(239, 83, 80, 1.0)"
2023-09-29 00:00:00+00:00,9.3894619736,9.6076186179,9.2891099172,9.3196518474,15781938,0.0,0.0,0.0,0.0,0.0,0.0,0.0,0.0,,,,,,,,,,,9.57993345639249,,,,,9.608808843966212,,,,,,,,,,,8.986131869986435,,"rgba(239, 83, 80, 0.75)"
2023-10-02 00:00:00+00:00,9.1189477345,9.3981882393,9.0447744755,9.2760205185,12846359,0.0,0.0,0.0,0.0,0.0,0.0,0.0,0.0,,,,,,,,,,,9.574917087366071,,,,,9.580713604055374,,,,,,,,,,,8.987507860933738,,"rgba(239, 83, 80, 0.75)"
2023-10-03 00:00:00+00:00,8.7873496351,9.0578638741,8.7349920405,9.022958811,15351798,0.0,0.0,0.0,0.0,0.0,0.0,0.0,0.0,,,,,,,,,,,9.564166838231337,,,,,9.527546185347331,,,,,,,,,,,8.98647463295081,,"rgba(239, 83, 80, 0.75)"
2023-10-04 00:00:00+00:00,8.9444224191,8.9531486848,8.6913607116,8.9269698875,19224245,0.0,0.0,0.0,0.0,0.0,0.0,0.0,0.0,,,,,,,,,,,9.551206169067008,,,,,9.471340867438546,,,,,,,,,,,8.985233399949305,,"rgba(239, 83, 80, 0.75)"
2023-10-05 00:00:00+00:00,8.9880537479,9.0316850768,8.8004390338,8.8222546982,10687605,0.0,0.0,0.0,0.0,0.0,0.0,0.0,0.0,,,,,,,,,,,9.544989916425349,,,,,9.447482599855675,,,,,,,,,,,8.984982386806015,,"rgba(239, 83, 80, 0.75)"
2023-10-06 00:00:00+00:00,8.909517356,9.0491376083,8.6477293827,8.830980964,17832730,0.0,0.0,0.0,0.0,0.0,0.0,0.0,0.0,,,,,,,,,,,9.533705379292964,,,,,9.407144444888331,,,,,,,,,,,8.983915063233956,,"rgba(239, 83, 80, 0.75)"
2023-10-09 00:00:00+00:00,8.909517356,8.9618749506,8.7263530373,8.752444572,12740714,0.0,0.0,0.0,0.0,0.0,0.0,0.0,0.0,,,,,,,,,,,9.525837091560215,,,,,9.381468791081222,,,,,,,,,,,8.983145661735147,,"rgba(239, 83, 80, 0.75)"
2023-10-10 00:00:00+00:00,9.1276740003,9.2585679869,8.9618749506,9.0055062795,15199639,0.0,0.0,0.0,0.0,0.0,0.0,0.0,0.0,,,,,,,,,,,9.520156580335254,,,,,9.367251372344462,,,,,,,,,,,8.984171428576213,,"rgba(239, 83, 80, 0.75)"
2023-10-11 00:00:00+00:00,9.2149366581,9.372009442,9.1102214688,9.180031595,12898315,0.0,0.0,0.0,0.0,0.0,0.0,0.0,0.0,,,,,,,,,,,9.51681093445769,,,,,9.36138788387583,,,,,,,,,,,8.985786689525417,,"rgba(239, 83, 80, 0.75)"
2023-10-12 00:00:00+00:00,9.180031595,9.2149366581,9.0055062795,9.1713053292,12101776,0.0,0.0,0.0,0.0,0.0,0.0,0.0,0.0,,,,,,,,,,,9.512674714606678,,,,,9.352455750182346,,,,,,,,,,,8.98668303842684,,"rgba(239, 83, 80, 0.75)"
2023-10-13 00:00:00+00:00,9.1276740003,9.3632831762,9.0316850768,9.3545569105,17532349,0.0,0.0,0.0,0.0,0.0,0.0,0.0,0.0,,,,,,,,,,,9.507465103893383,,,,,9.342878678793003,,,,,,,,,,,8.988317388500143,,"rgba(239, 83, 80, 0.75)"
2023-10-16 00:00:00+00:00,9.3545569105,9.3807357078,9.140763399,9.3196518474,11493811,0.0,0.0,0.0,0.0,0.0,0.0,0.0,0.0,,,,,,,,,,,9.5053128178352,,,,,9.341148108609158,,,,,,,,,,,8.99004270286993,,#000000
2023-10-17 00:00:00+00:00,9.6687024784,9.760328269,9.2411154554,9.2672942527,21297146,0.0,0.0,0.0,0.0,0.0,0.0,0.0,0.0,,,,,,,,,,,9.506247012707762,,,,,9.353933093635312,,,,,,,,,,,8.995945578088929,,"rgba(38, 166, 154, 1.0)"
2023-10-18 00:00:00+00:00,9.3196518474,9.5727135548,9.2236629238,9.4679983655,17760313,0.0,0.0,0.0,0.0,0.0,0.0,0.0,0.0,,,,,,,,,,,9.504242895654398,,,,,9.354784999743421,,,,,,,,,,,8.999184241249063,,"rgba(38, 166, 154, 1.0)"
2023-10-19 00:00:00+00:00,9.2149366581,9.8868591227,9.1713053292,9.5116296944,28000933,-1.0,9.886859,9.171306,598.0,-1.0,9.886859,9.171306,598.0,,,,,,,,,,,9.502406008713622,,,,9.424367036666666,9.359597530340457,,,,,,,,,,,9.004879909719635,,#000000
2023-10-20 00:00:00+00:00,8.6302768512,9.1538527976,8.6215505854,9.1102214688,22675527,0.0,0.0,0.0,0.0,0.0,0.0,0.0,0.0,,,,,,,,,,,9.4895988083367,,,,9.145836975637893,9.330017589380544,,,,,,,,,,,9.002701522119091,,"rgba(239, 83, 80, 1.0)"
2023-10-23 00:00:00+00:00,8.6390031169,8.8833385586,8.5081091303,8.5691929907,17772943,0.0,0.0,0.0,0.0,0.0,0.0,0.0,0.0,,,,,,,,,,,9.478116345807578,,,,9.024055541789952,9.303946874262795,,,,,,,,,,,8.999983230643842,,"rgba(239, 83, 80, 1.0)"
2023-10-24 00:00:00+00:00,8.560466725,8.8746122929,8.5081091303,8.6826344458,20404762,0.0,0.0,0.0,0.0,0.0,0.0,0.0,0.0,,,,,,,,,,,9.464862977139418,,,,8.93763476781808,9.275194854964713,,,,,,,,,,,8.996641888686124,,"rgba(239, 83, 80, 1.0)"
2023-10-25 00:00:00+00:00,8.560466725,8.599734921,8.289952486,8.4557515357,16375814,1.0,8.599735,8.289952,0.0,0.0,0.0,0.0,0.0,,,,,,,,,,8.483384710666668,9.452450163609697,,,,8.86694469911246,9.248297843407627,,,,,,,,,,,8.992764155198936,,"rgba(239, 83, 80, 1.0)"
2023-10-26 00:00:00+00:00,8.8746122929,8.9880537479,8.5255616619,8.5430141934,21638587,0.0,0.0,0.0,0.0,0.0,0.0,0.0,0.0,,,,,,,,,,8.661375033965395,9.441661457796089,,,,8.854857381472993,9.22887146817082,,,,,,,,,,,8.990819989794813,,"rgba(239, 83, 80, 1.0)"
2023-10-27 00:00:00+00:00,8.6564556485,8.8833385586,8.5430141934,8.8833385586,14720496,0.0,0.0,0.0,0.0,0.0,0.0,0.0,0.0,,,,,,,,,,8.67055723389374,9.43339669197394,,,,8.838161644375013,9.21369207070995,,,,,,,,,,,8.988839208779487,,"rgba(239, 83, 80, 1.0)"
2023-10-30 00:00:00+00:00,8.7960759009,8.8397072298,8.6302768512,8.7786233693,14878378,0.0,0.0,0.0,0.0,0.0,0.0,0.0,0.0,,,,,,,,,,8.689216710610726,9.425902140347041,,,,8.830287460180616,9.200905454827149,,,,,,,,,,,8.98727350553559,,"rgba(239, 83, 80, 0.75)"
2023-10-31 00:00:00+00:00,8.9182436217,8.9531486848,8.6826344458,8.8048021667,9705496,0.0,0.0,0.0,0.0,0.0,0.0,0.0,0.0,,,,,,,,,,8.709567639125632,9.421789076041449,,,,8.83151718621623,9.194657692026253,,,,,,,,,,,8.986681487827278,,"rgba(239, 83, 80, 0.75)"
2023-11-01 00:00:00+00:00,8.8571597613,8.9706012164,8.6913607116,8.9007910902,12487574,0.0,0.0,0.0,0.0,0.0,0.0,0.0,0.0,,,,,,,,,,8.727663551707973,9.416476651641188,,,,8.832089633786762,9.186678612056816,,,,,,,,,,,8.98586247609937,,"rgba(239, 83, 80, 0.75)"
2023-11-02 00:00:00+00:00,9.5901660864,9.6163448837,8.9444224191,8.9444224191,18094367,0.0,0.0,0.0,0.0,0.0,0.0,0.0,0.0,,,,,,,,,,8.837668009835355,9.41604813445259,,,,8.882812826287921,9.192891890203956,,,,,,,,,,,8.989048629339006,,#000000
2023-11-03 00:00:00+00:00,9.9392167174,10.1922784248,9.8955853885,9.9304904516,18211676,0.0,0.0,0.0,0.0,0.0,0.0,0.0,0.0,,,,,,,,,,9.0068219517911,9.4237367143875,,,,8.978224156576772,9.218006365351167,,,,,,,,,,,8.99720565515989,,"rgba(38, 166, 154, 1.0)"
2023-11-06 00:00:00+00:00,9.8345015281,10.2010046906,9.7472388703,10.2010046906,9269844,0.0,0.0,0.0,0.0,0.0,0.0,0.0,0.0,,,,,,,,,,9.069867885273615,9.42704017893033,,,,,9.228949288922683,,,,,,,,,,,9.0009775336923,,"rgba(38, 166, 154, 1.0)"
2023-11-07 00:00:00+00:00,9.8606803254,9.9261273187,9.6774287441,9.7385126045,9590944,0.0,0.0,0.0,0.0,0.0,0.0,0.0,0.0,,,,,,,,,,9.119587557269615,9.429697423438864,,,,,9.238254152451425,,,,,,,,,,,9.004404534477242,,"rgba(38, 166, 154, 1.0)"
2023-11-08 00:00:00+00:00,9.8432277938,9.9043116543,9.7379890286,9.8781328569,8360803,0.0,0.0,0.0,0.0,0.0,0.0,0.0,0.0,,,,,,,,,,9.158242763892867,9.432026249070184,,,,,9.24622619955273,,,,,,,,,,,9.007394463474117,,"rgba(38, 166, 154, 1.0)"
2023-11-09 00:00:00+00:00,9.5552610233,9.9303159263,9.5421716246,9.8781328569,12746274,0.0,0.0,0.0,0.0,0.0,0.0,0.0,0.0,,,,,,,,,,9.197972998103946,9.434178280962964,,,,,9.254895198338197,,,,,,,,,,,9.011071802034866,,"rgba(38, 166, 154, 1.0)"
2023-11-10 00:00:00+00:00,9.5552610233,9.6730656112,9.4418195682,9.5901660864,17014044,0.0,0.0,0.0,0.0,0.0,0.0,0.0,0.0,,,,,,,,,,9.231309148523955,9.435604747087059,,,,,9.262810098243111,,,,,,,,,,,9.015048973447746,,"rgba(38, 166, 154, 0.75)"
2023-11-13 00:00:00+00:00,9.4679983655,9.5639872891,9.3632831762,9.5116296944,11517476,1.0,9.563988,9.363283,0.0,0.0,0.0,0.0,0.0,,,,,,,,,9.465089610266666,9.245144698223152,9.43583528041095,,,,,9.266338327727421,,,,,,,,,,,9.017258652107484,,"rgba(38, 166, 154, 0.75)"
2023-11-14 00:00:00+00:00,10.4017088034,10.5064239927,9.91303792,9.9304904516,25781064,0.0,0.0,0.0,0.0,0.0,0.0,0.0,0.0,,,,,,,,,10.024024193788701,9.365465567701992,9.450247442273197,,,,,9.304192200234613,,,,,,,,,,,9.030917817614739,,"rgba(38, 166, 154, 1.0)"
2023-11-15 00:00:00+00:00,10.6373179793,10.689675574,10.4278876007,10.4540663981,16515320,0.0,0.0,0.0,0.0,0.0,0.0,0.0,0.0,,,,,,,,,10.196173909343964,9.450478880014886,9.46261420414145,,,,,,,,,,,,,,,,9.041665353737988,,"rgba(38, 166, 154, 1.0)"
2023-11-16 00:00:00+00:00,10.5413290558,10.6460442451,10.3755300061,10.5936866505,10840919,0.0,0.0,0.0,0.0,0.0,0.0,0.0,0.0,,,,,,,,,10.250633362746914,9.497320965253936,9.47013188682111,,,,,,,,,,,,,,,,9.048350562598738,,"rgba(38, 166, 154, 1.0)"
2023-11-17 00:00:00+00:00,10.7507594344,10.7856644975,10.5587815874,10.7333069029,15314709,0.0,0.0,0.0,0.0,0.0,0.0,0.0,0.0,,,,,,,,,10.336384117146276,9.56724394639947,9.482334517888912,,,,,,,,,,,,,,,,9.058817854392178,,"rgba(38, 166, 154, 1.0)"
2023-11-20 00:00:00+00:00,10.689675574,10.7594857002,10.5675078531,10.7420331686,10902156,0.0,0.0,0.0,0.0,0.0,0.0,0.0,0.0,,,,,,,,,10.3766757658189,9.611215304436637,9.490690719377598,,,,,,,,,,,,,,,,9.066071013163066,,"rgba(38, 166, 154, 1.0)"
2023-11-21 00:00:00+00:00,10.4802451954,10.6722230424,10.4017088034,10.6024129162,11975654,0.0,0.0,0.0,0.0,0.0,0.0,0.0,0.0,,,,,,,,,10.393138588774342,9.649195250986958,9.498555348847484,,,,,,,,,,,,,,,,9.073206017571426,,"rgba(38, 166, 154, 1.0)"
2023-11-22 00:00:00+00:00,10.4976977269,10.6098302422,10.4017088034,10.5849603847,7759040,0.0,0.0,0.0,0.0,0.0,0.0,0.0,0.0,,,,,,,,,10.400850908658962,9.67175331449114,9.503512958386652,,,,,,,,,,,,,,,,9.077743938400195,,"rgba(38, 166, 154, 1.0)"
2023-11-24 00:00:00+00:00,10.5064239927,10.6024129162,10.4017088034,10.5064239927,4513943,0.0,0.0,0.0,0.0,0.0,0.0,0.0,0.0,,,,,,,,,10.404876445464426,9.68434332915411,9.50637592381831,,,,,,,,,,,,,,,,9.080371520636241,,"rgba(38, 166, 154, 0.75)"
2023-11-27 00:00:00+00:00,10.4409769994,10.4854576922,10.3530810196,10.4676121448,11591347,0.0,0.0,0.0,0.0,0.0,0.0,0.0,0.0,,,,,,,,,10.406855007594904,9.712111217082,9.513091150168226,,,,,,,,,,,,,,,,9.086711999612572,,"rgba(38, 166, 154, 0.75)"
2023-11-28 00:00:00+00:00,10.59190949,10.6096662537,10.3344364178,10.4320986176,11883573,1.0,10.609666,10.334436,0.0,0.0,0.0,0.0,0.0,,,,,,,,10.512004053833332,10.415870805817635,9.74166016094498,9.520509634686704,,,,,,,,,,,,,,,,9.093561497696177,,"rgba(38, 166, 154, 0.75)"
2023-11-29 00:00:00+00:00,11.044706962,11.1956394526,10.6629365445,10.6718149263,18370432,0.0,0.0,0.0,0.0,0.0,0.0,0.0,0.0,,,,,,,,10.788742678608207,10.480461129441174,9.807895550214608,9.536936184760904,,,,,,,,,,,,,,,,9.107382152038232,,"rgba(38, 166, 154, 0.75)"
2023-11-30 00:00:00+00:00,11.000315053,11.2400313616,11.000315053,11.0979772528,21429513,0.0,0.0,0.0,0.0,0.0,0.0,0.0,0.0,,,,,,,,10.909597987476468,10.55250653698171,9.883320446703802,9.557102606595341,,,,,,,,,,,,,,,,9.124208014810867,,"rgba(38, 166, 154, 1.0)"
2023-12-01 00:00:00+00:00,11.7372207425,11.7904910333,10.8493825623,10.8848960895,23257134,0.0,0.0,0.0,0.0,0.0,0.0,0.0,0.0,,,,,,,,11.080109548674795,10.657058646604034,9.97856891425984,9.583697932492766,,,,,,,,,,,,,,,,9.145621254678918,,"rgba(38, 166, 154, 1.0)"
2023-12-04 00:00:00+00:00,11.9325451422,11.9946938148,11.5418963429,11.5862882519,21502824,0.0,0.0,0.0,0.0,0.0,0.0,0.0,0.0,,,,,,,,11.245752815232008,10.769411001731168,10.07619723493137,9.61227995563559,,,,,,,,,,,,,,,,9.168133443270035,,"rgba(38, 166, 154, 1.0)"
2023-12-05 00:00:00+00:00,11.4886260521,11.7638558879,11.3288151796,11.7638558879,21383324,1.0,11.763856,11.328815,0.0,0.0,0.0,0.0,0.0,,,,,,,11.527099039866668,11.296811805865206,10.835665982360943,10.148748051492747,9.636279409417504,,,,,,,,,,,,,,,,9.187694201773015,,"rgba(38, 166, 154, 1.0)"
2023-12-06 00:00:00+00:00,11.5063828157,11.9103491877,11.5063828157,11.5596531065,10758747,0.0,0.0,0.0,0.0,0.0,0.0,0.0,0.0,,,,,,,11.56523732233808,11.32561321906731,10.869606023868078,10.185370964960665,9.648842373855551,,,,,,,,,,,,,,,,9.197887175143013,,"rgba(38, 166, 154, 0.75)"
2023-12-07 00:00:00+00:00,11.6395585427,11.808247797,11.4975044339,11.5685314883,13726984,0.0,0.0,0.0,0.0,0.0,0.0,0.0,0.0,,,,,,,11.590136017289188,11.35675169864191,10.909345946676043,10.229791808108017,9.66470323596458,,,,,,,,,,,,,,,,9.210808983064057,,"rgba(38, 166, 154, 0.75)"
2023-12-08 00:00:00+00:00,11.7727342697,11.852639706,11.5862882519,11.6129233973,13680607,0.0,0.0,0.0,0.0,0.0,0.0,0.0,0.0,,,,,,,11.623926441183922,11.390118855248145,10.949408340697829,10.274065282381411,9.680958483566876,,,,,,,,,,,,,,,,9.224016397294438,,"rgba(38, 166, 154, 0.75)"
2023-12-11 00:00:00+00:00,11.6928288335,11.7993694152,11.6395585427,11.7638558879,8685100,0.0,0.0,0.0,0.0,0.0,0.0,0.0,0.0,,,,,,,11.634956646511467,11.407020212305094,10.972095816692166,10.30035977977152,9.691014454145657,,,,,,,,,,,,,,,,9.232241564098638,,"rgba(38, 166, 154, 0.75)"
2023-12-12 00:00:00+00:00,11.5596531065,11.7017072153,11.4975044339,11.6484369245,10495800,0.0,0.0,0.0,0.0,0.0,0.0,0.0,0.0,,,,,,,11.628468521402402,11.417761310195297,10.99344973205645,10.328189482207632,9.70229494033123,,,,,,,,,,,,,,,,9.241614320768461,,"rgba(38, 166, 154, 0.75)"
2023-12-13 00:00:00+00:00,12.3942209959,12.4297345231,11.4841868612,11.5596531065,19030473,0.0,0.0,0.0,0.0,0.0,0.0,0.0,0.0,,,,,,,11.72078667441315,11.484881152130384,11.059229615170274,10.395192149064078,9.727922975877497,,,,,,,,,,,,,,,,9.262121000011096,,"rgba(38, 166, 154, 0.75)"
2023-12-14 00:00:00+00:00,13.1133699219,13.2110321217,12.749356268,12.8914103768,30756849,0.0,0.0,0.0,0.0,0.0,0.0,0.0,0.0,,,,,,,12.032811436492084,11.695390515627764,11.231117064069265,10.54642030960755,9.783842714127132,,,,,,,,,,,,,,,,9.305205907287807,,"rgba(38, 166, 154, 1.0)"
2023-12-15 00:00:00+00:00,12.7138427408,13.1400050673,12.6694508318,13.0157077221,25897081,0.0,0.0,0.0,0.0,0.0,0.0,0.0,0.0,,,,,,,12.168370206069016,11.813666462253707,11.3415438435806,10.652411518740813,9.826892658226612,,,,,,,,,,,,,,,,9.338972986243121,,"rgba(38, 166, 154, 1.0)"
2023-12-18 00:00:00+00:00,12.5273967229,12.838140086,12.5185183411,12.8203833224,14594743,0.0,0.0,0.0,0.0,0.0,0.0,0.0,0.0,,,,,,,12.208062878738394,11.858439920309925,11.389421074553924,10.702534105252978,9.848946592212227,,,,,,,,,,,,,,,,9.35657971686329,,"rgba(38, 166, 154, 0.75)"
2023-12-19 00:00:00+00:00,12.749356268,12.793748177,12.4652480503,12.5629102501,15321572,0.0,0.0,0.0,0.0,0.0,0.0,0.0,0.0,,,,,,,12.246413335276511,11.902695900618461,11.437550457172211,10.753562283472855,9.872067893052975,,,,,,,,,,,,,,,,9.375093129435601,,"rgba(38, 166, 154, 0.75)"
2023-12-20 00:00:00+00:00,12.5007615775,12.9047279495,12.4918831957,12.7848697952,18190270,0.0,0.0,0.0,0.0,0.0,0.0,0.0,0.0,,,,,,,12.281087417805354,11.94709762230582,11.48861194452421,10.809704273468467,9.89867425021158,,,,,,,,,,,,,,,,9.396562150203897,,"rgba(38, 166, 154, 0.75)"
2023-12-21 00:00:00+00:00,12.6783292136,12.7759914134,12.5584710592,12.6694508318,12421430,0.0,0.0,0.0,0.0,0.0,0.0,0.0,0.0,,,,,,,12.303616226736084,11.97597183959976,11.522134318809465,10.846921555529727,9.916801493408526,,,,,,,,,,,,,,,,9.411233012522741,,"rgba(38, 166, 154, 0.75)"
2023-12-22 00:00:00+00:00,12.6872075954,12.882531995,12.6073021592,12.7582346498,7005275,0.0,0.0,0.0,0.0,0.0,0.0,0.0,0.0,,,,,,,12.316937696124198,11.992466978786727,11.541076374372068,10.867872324004997,9.927121653376826,,,,,,,,,,,,,,,,9.419587057841886,,"rgba(38, 166, 154, 0.75)"
2023-12-26 00:00:00+00:00,12.8292617042,12.8780928041,12.6073021592,12.7227211226,7443620,0.0,0.0,0.0,0.0,0.0,0.0,0.0,0.0,,,,,,,12.331689647477406,12.010264969348556,11.561315587222147,10.890165196260252,9.938183191798103,,,,,,,,,,,,,,,,9.428540346738968,,"rgba(38, 166, 154, 0.75)"
2023-12-27 00:00:00+00:00,12.8914103768,12.9446806676,12.6872075954,12.8115049406,7028885,0.0,0.0,0.0,0.0,0.0,0.0,0.0,0.0,,,,,,,12.34683461020739,12.027809181270213,11.580888969942942,10.911502569649038,9.948804183752138,,,,,,,,,,,,,,,,9.43712596404326,,"rgba(38, 166, 154, 0.75)"
2023-12-28 00:00:00+00:00,12.9091671404,12.9358022858,12.7851361467,12.793748177,7031688,0.0,0.0,0.0,0.0,0.0,0.0,0.0,0.0,,,,,,,12.36213887679385,12.045370875966118,11.600416626307616,10.93277181533796,9.959481765583394,,,,,,,,,,,,,,,,9.445761269106097,,"rgba(38, 166, 154, 0.75)"
2023-12-29 00:00:00+00:00,12.7848697952,12.9169801164,12.7271603135,12.9002887586,10085709,0.0,0.0,0.0,0.0,0.0,0.0,0.0,0.0,,,,,,,12.379941599221405,12.067396315543187,11.626001587096676,10.961462640801956,9.974312806889463,,,,,,,,,,,,,,,,9.45783114403609,,"rgba(38, 166, 154, 0.75)"
2024-01-02 00:00:00+00:00,12.971315813,13.1289958739,12.6339373046,12.6960859772,15425607,0.0,0.0,0.0,0.0,0.0,0.0,0.0,0.0,,,,,,,12.410422732490844,12.103026482725584,11.666293280736323,11.006010378975104,9.997503327622528,,,,,,,,,,,,,,,,9.47668012057452,,"rgba(38, 166, 154, 0.75)"
2024-01-03 00:00:00+00:00,12.5895453955,12.8292617042,12.4963223866,12.749356268,16527038,0.0,0.0,0.0,0.0,0.0,0.0,0.0,0.0,,,,,,,12.423618956243066,12.126192117529698,11.697878428751766,11.045010825558396,10.019656355684967,,,,,,,,,,,,,,,,9.495060665544715,,"rgba(38, 166, 154, 0.5)"
2024-01-04 00:00:00+00:00,12.7227211226,12.8714340178,12.5362751047,12.6073021592,17921141,0.0,0.0,0.0,0.0,0.0,0.0,0.0,0.0,,,,,,,12.440542631610482,12.152364261365758,11.732329774789976,11.08706056684975,10.043908746382797,,,,,,,,,,,,,,,,9.515201240113795,,"rgba(38, 166, 154, 0.5)"
2024-01-05 00:00:00+00:00,12.9979509585,13.2376672671,12.66057245,12.7315995044,22165449,0.0,0.0,0.0,0.0,0.0,0.0,0.0,0.0,,,,,,,12.476274935584899,12.195066494058915,11.782138172317687,11.143951307138636,10.076121178163957,,,,,,,,,,,,,,,,9.541727886507516,,"rgba(38, 166, 154, 0.5)"
2024-01-08 00:00:00+00:00,13.0512212493,13.0778563947,12.7759914134,12.9091671404,12765400,0.0,0.0,0.0,0.0,0.0,0.0,0.0,0.0,,,,,,,12.494840769607638,12.217770417998201,11.809106304637943,11.175229180294673,10.094371133600655,,,,,,,,,,,,,,,,9.55683372287135,,"rgba(38, 166, 154, 0.5)"
2024-01-09 00:00:00+00:00,12.9535590494,13.0334644857,12.8558968496,12.9979509585,15962913,0.0,0.0,0.0,0.0,0.0,0.0,0.0,0.0,,,,,,,12.515241222285074,12.24361815589086,11.840579118187113,11.212429432503871,10.11670867024951,,,,,,,,,,,,,,,,9.575423362021754,,"rgba(38, 166, 154, 0.5)"
2024-01-10 00:00:00+00:00,12.838140086,12.9358022858,12.6783292136,12.9091671404,14356708,0.0,0.0,0.0,0.0,0.0,0.0,0.0,0.0,,,,,,,12.52700902872588,12.261330167635503,11.86427607602046,11.242164992017527,10.135591492714559,,,,,,,,,,,,,,,,9.591330338493998,,"rgba(38, 166, 154, 0.5)"
2024-01-11 00:00:00+00:00,12.7759914134,12.7981873679,12.389781805,12.7404778862,16844587,0.0,0.0,0.0,0.0,0.0,0.0,0.0,0.0,,,,,,,12.532586408348063,12.275077160128788,11.88614959447697,11.272215631347658,10.156088210895309,,,,,,,,,,,,,,,,9.608864294335241,,"rgba(38, 166, 154, 0.5)"
2024-01-12 00:00:00+00:00,12.6073021592,12.8558968496,12.3587074687,12.8292617042,19341694,0.0,0.0,0.0,0.0,0.0,0.0,0.0,0.0,,,,,,,12.53615596213626,12.287895621407648,11.908360148422606,11.30405251426451,10.178777564006275,,,,,,,,,,,,,,,,9.628442427777019,,"rgba(38, 166, 154, 0.5)"
2024-01-16 00:00:00+00:00,12.3587074687,12.4386129049,12.1722614508,12.3675858505,17038567,0.0,0.0,0.0,0.0,0.0,0.0,0.0,0.0,,,,,,,12.527555162839706,12.289055947717438,11.91931783703372,11.325020924777725,10.1961220574308,,,,,,,,,,,,,,,,9.64385384691585,,#000000
2024-01-17 00:00:00+00:00,12.2876804143,12.4652480503,12.0657208692,12.1367479236,25133781,0.0,0.0,0.0,0.0,0.0,0.0,0.0,0.0,,,,,,,12.513236213685948,12.28830799726982,11.932577682560623,11.352940983193946,10.22060777806558,,,,,,,,,,,,,,,,9.665847412656102,,"rgba(239, 83, 80, 1.0)"
2024-01-18 00:00:00+00:00,11.7194639789,12.2388493144,11.4886260521,11.941423524,38124586,1.0,12.23885,11.4886265,0.0,0.0,0.0,0.0,0.0,,,,,,11.815646448466667,12.458416960534146,12.257323878512603,11.926283809507982,11.372730699009672,10.248632830882089,,,,,,,,,,,,,,,,9.692785642486562,,"rgba(239, 83, 80, 1.0)"
2024-01-19 00:00:00+00:00,12.3764642323,12.4275149277,11.6528761154,11.7460991243,26875567,0.0,0.0,0.0,0.0,0.0,0.0,0.0,0.0,,,,,,11.954836188738419,12.442348353161359,12.252684370116407,11.934545654473041,11.395546377095025,10.27192281816667,,,,,,,,,,,,,,,,9.714320946323378,,"rgba(239, 83, 80, 1.0)"
2024-01-22 00:00:00+00:00,12.6073021592,12.6960859772,12.3854313979,12.4386129049,17508262,0.0,0.0,0.0,0.0,0.0,0.0,0.0,0.0,,,,,,12.083875610146531,12.446335567474152,12.26136211615101,11.949162787191057,11.417388108733167,10.290038207631456,,,,,,,,,,,,,,,,9.730477688378517,,"rgba(239, 83, 80, 0.75)"
2024-01-23 00:00:00+00:00,12.793748177,12.8647752314,12.5895453955,12.6428156864,19705649,0.0,0.0,0.0,0.0,0.0,0.0,0.0,0.0,,,,,,12.212172321441493,12.457207450022096,12.27625534900372,11.969577768712188,11.444858252762442,10.311731918313772,,,,,,,,,,,,,,,,9.749626826501995,,#000000
2024-01-24 00:00:00+00:00,12.8203833224,13.1133699219,12.7759914134,12.9624374312,17610284,0.0,0.0,0.0,0.0,0.0,0.0,0.0,0.0,,,,,,12.313738013463196,12.471064675925245,12.292901976252725,11.99039066936347,11.471251017095206,10.332001209488213,,,,,,,,,,,,,,,,9.76740281851434,,#000000
2024-01-25 00:00:00+00:00,12.9091671404,13.0822955856,12.6872075954,13.0068293403,13716853,0.0,0.0,0.0,0.0,0.0,0.0,0.0,0.0,,,,,,12.37322635169909,12.481031079185717,12.305058371334868,12.005793412836258,11.491012047009752,10.347508135150862,,,,,,,,,,,,,,,,9.781065236424068,,"rgba(38, 166, 154, 0.5)"
2024-01-26 00:00:00+00:00,13.0245861039,13.108930731,12.8914103768,12.9979509585,17847644,0.0,0.0,0.0,0.0,0.0,0.0,0.0,0.0,,,,,,12.448097986243237,12.496757206182684,12.32312170496896,12.027572021661616,11.517966634940365,10.36830823606586,,,,,,,,,,,,,,,,9.799317002015131,,"rgba(38, 166, 154, 0.5)"
2024-01-29 00:00:00+00:00,13.2021537399,13.2199105035,12.9358022858,12.9979509585,10141347,0.0,0.0,0.0,0.0,0.0,0.0,0.0,0.0,,,,,,12.490237349157345,12.507131532936771,12.334574567100999,12.040883786410493,11.533969348785154,10.380473751611035,,,,,,,,,,,,,,,,9.809951790407878,,"rgba(38, 166, 154, 0.5)"
2024-01-30 00:00:00+00:00,13.3175727033,13.3264510851,13.1044915401,13.1843969763,13187445,0.0,0.0,0.0,0.0,0.0,0.0,0.0,0.0,,,,,,12.547545827006047,12.522877715442462,12.351374756471769,12.059748438446961,11.55597693226799,10.396877875166435,,,,,,,,,,,,,,,,9.8242195654351,,"rgba(38, 166, 154, 0.5)"
2024-01-31 00:00:00+00:00,12.9002887586,13.3086943215,12.8736536132,12.8914103768,33638788,0.0,0.0,0.0,0.0,0.0,0.0,0.0,0.0,,,,,,12.625040962600604,12.548780978275603,12.381628724085447,12.09680514348296,11.60260516553616,10.434693832409241,,,,,,,,,,,,,,,,9.857759624252145,,"rgba(38, 166, 154, 0.5)"
2024-02-01 00:00:00+00:00,12.5806670137,12.9979509585,12.0213289602,12.9180455222,42358979,0.0,0.0,0.0,0.0,0.0,0.0,0.0,0.0,,,,,,12.609543746327752,12.547842091152944,12.389719211999951,12.11688366318523,11.638315719004856,10.47200659130568,,,,,,,,,,,,,,,,9.892576779351423,,"rgba(38, 166, 154, 0.5)"
2024-02-02 00:00:00+00:00,12.7582346498,12.838140086,12.2610452689,12.3409507051,17466716,0.0,0.0,0.0,0.0,0.0,0.0,0.0,0.0,,,,,,12.610168750951184,12.549583331151249,12.3946563701033,12.126232724348302,11.653592137958842,10.487633590798762,,,,,,,,,,,,,,,,9.907129239464377,,"rgba(38, 166, 154, 0.5)"
2024-02-05 00:00:00+00:00,12.6250589228,12.7671130316,12.5007615775,12.6073021592,17498021,0.0,0.0,0.0,0.0,0.0,0.0,0.0,0.0,,,,,,12.611443316083017,12.551527156175112,12.399643627836348,12.135472649662232,11.668607991894104,10.503147854474454,,,,,,,,,,,,,,,,9.921615809176865,,#000000
2024-02-06 00:00:00+00:00,12.3409507051,12.838140086,12.212214169,12.5895453955,24930097,0.0,0.0,0.0,0.0,0.0,0.0,0.0,0.0,,,,,,12.599590674007539,12.548639423902996,12.401515401689089,12.143817425895413,11.685640170909252,10.523160844201525,,,,,,,,,,,,,,,,9.94073373770391,,#000000
2024-02-07 00:00:00+00:00,12.3409507051,12.4474912867,11.9236667604,12.4030993777,19449964,0.0,0.0,0.0,0.0,0.0,0.0,0.0,0.0,,,,,,12.578245516013025,12.540848491840425,12.39786051915353,12.145636582050049,11.694708741277978,10.536704381249594,,,,,,,,,,,,,,,,9.954130058523395,,"rgba(239, 83, 80, 1.0)"
2024-02-08 00:00:00+00:00,12.3143155597,12.3986601868,12.0479641056,12.2344101235,11566225,0.0,0.0,0.0,0.0,0.0,0.0,0.0,0.0,,,,,,12.567255781028337,12.536636417838848,12.395975955261404,12.146871277833661,11.700119083708506,10.544733377299673,,,,,,,,,,,,,,,,9.96207881052914,,"rgba(239, 83, 80, 1.0)"
2024-02-09 00:00:00+00:00,12.3320723233,12.3986601868,12.1101127782,12.3675858505,13300070,0.0,0.0,0.0,0.0,0.0,0.0,0.0,0.0,,,,,,12.556502076914041,12.532384849386455,12.39426318116518,12.148602196001182,11.706505628805086,10.554016102236934,,,,,,,,,,,,,,,,9.971256921445681,,"rgba(239, 83, 80, 1.0)"
2024-02-12 00:00:00+00:00,12.5451534865,12.7582346498,12.3365115142,12.3409507051,18782407,0.0,0.0,0.0,0.0,0.0,0.0,0.0,0.0,,,,,,12.556006073354379,12.532710923313424,12.397383502748728,12.15576388553002,11.71936616988009,10.568954083404446,,,,,,,,,,,,,,,,9.985576110730738,,"rgba(239, 83, 80, 1.0)"
2024-02-13 00:00:00+00:00,12.0124505784,12.2077749781,11.7674072407,12.163383069,22765537,1.0,12.207775,11.767407,0.0,0.0,0.0,0.0,0.0,,,,,11.995877599066667,12.523843532248355,12.518222050341032,12.38765893774536,12.152351430491194,11.724403142827658,10.581803015082158,,,,,,,,,,,,,,,,9.999033122409529,,"rgba(239, 83, 80, 1.0)"
2024-02-14 00:00:00+00:00,12.3054371779,12.3587074687,11.9946938148,12.1722614508,16183881,0.0,0.0,0.0,0.0,0.0,0.0,0.0,0.0,,,,,12.088841868741921,12.511912030147156,12.512600586753372,12.384814493233868,12.153356709103415,11.730734000230173,10.592220511534128,,,,,,,,,,,,,,,,10.009550241305922,,"rgba(239, 83, 80, 1.0)"
2024-02-15 00:00:00+00:00,12.6073021592,12.7182819317,12.3764642323,12.4297345231,13806002,0.0,0.0,0.0,0.0,0.0,0.0,0.0,0.0,,,,,12.214066471266754,12.513706714867443,12.513465927858752,12.387412702242328,12.158568612769043,11.739759553608312,10.602879855074995,,,,,,,,,,,,,,,,10.01984298049949,,"rgba(239, 83, 80, 0.75)"
2024-02-16 00:00:00+00:00,12.4918831957,12.5984237774,12.3440581387,12.4386129049,15552103,0.0,0.0,0.0,0.0,0.0,0.0,0.0,0.0,,,,,12.274185971956593,12.512454675980427,12.512847644569115,12.388844202003417,12.163037013933018,11.748624836256592,10.614211194742959,,,,,,,,,,,,,,,,10.030936072814155,,"rgba(239, 83, 80, 0.75)"
2024-02-20 00:00:00+00:00,12.5984237774,12.7315995044,12.2965587961,12.2965587961,22490891,0.0,0.0,0.0,0.0,0.0,0.0,0.0,0.0,,,,,12.34057193250721,12.513894619880196,12.513571732040464,12.392265898971967,12.17055239535884,11.76216890922166,10.63091310070865,,,,,,,,,,,,,,,,10.047217985488135,,#000000
2024-02-21 00:00:00+00:00,12.66057245,12.749356268,12.3764642323,12.5185183411,18957300,0.0,0.0,0.0,0.0,0.0,0.0,0.0,0.0,,,,,12.38459762574922,12.51709307775532,12.515240175051645,12.396016978993577,12.177534796656602,11.773986532242361,10.645153967348888,,,,,,,,,,,,,,,,10.061068260667145,,#000000
2024-02-22 00:00:00+00:00,12.7404778862,13.0245861039,12.6250589228,12.7138427408,15507352,0.0,0.0,0.0,0.0,0.0,0.0,0.0,0.0,,,,,12.435616136001963,12.525783107787174,12.519854178499275,12.401977678909752,12.185747384148696,11.785714973849174,10.657836873255878,,,,,,,,,,,,,,,,10.073177318987439,,#000000
2024-02-23 00:00:00+00:00,12.66057245,12.8027153426,12.6197318937,12.7227211226,10685625,0.0,0.0,0.0,0.0,0.0,0.0,0.0,0.0,,,,,12.455951933658698,12.529317116976209,12.52180309725517,12.40494416586447,12.19035365083233,11.792838772690345,10.666075473742401,,,,,,,,,,,,,,,,10.081147811212935,,#000000
2024-02-26 00:00:00+00:00,12.3276331324,12.7736988049,12.3186217047,12.570941681,18307032,0.0,0.0,0.0,0.0,0.0,0.0,0.0,0.0,,,,,12.458012920061032,12.527375358459318,12.520892703964444,12.406112437038242,12.194677212242784,11.801857912933471,10.678514980447495,,,,,,,,,,,,,,,,10.0935456103299,,#000000
2024-02-27 00:00:00+00:00,12.7421588079,12.7782045188,12.4447816929,12.4628045483,12903338,0.0,0.0,0.0,0.0,0.0,0.0,0.0,0.0,,,,,12.473222473192727,12.53042121759532,12.522644981297612,12.40907472410876,12.199582338498066,11.80975454959014,10.688057722203084,,,,,,,,,,,,,,,,10.102868444496753,,#000000
2024-02-28 00:00:00+00:00,12.5439073979,12.7872159465,12.5258845424,12.5979759642,10548219,0.0,0.0,0.0,0.0,0.0,0.0,0.0,0.0,,,,,12.481875585257727,12.532115720138473,12.52366297375935,12.411097196064157,12.203203953473789,11.815831439482993,10.695648831876321,,,,,,,,,,,,,,,,10.110332481131271,,#000000
2024-02-29 00:00:00+00:00,12.8593073684,13.0395359229,12.6880902415,12.7601816633,15456662,0.0,0.0,0.0,0.0,0.0,0.0,0.0,0.0,,,,,12.512317417738057,12.54111900829371,12.528825615418032,12.41737840592739,12.21143935696303,11.827221194113537,10.70805873949215,,,,,,,,,,,,,,,,10.122243197255981,,"rgba(38, 166, 154, 0.5)"
2024-03-01 00:00:00+00:00,12.7872159465,12.8502959406,12.4808274038,12.7872159465,13605627,0.0,0.0,0.0,0.0,0.0,0.0,0.0,0.0,,,,,12.525069350909597,12.544986245636874,12.531173166254318,12.420873615684199,12.216820815833398,11.835561479689412,10.718081869534338,,,,,,,,,,,,,,,,10.132049716682854,,"rgba(38, 166, 154, 0.5)"
2024-03-04 00:00:00+00:00,13.1386616279,13.3233958964,12.9449159318,13.0485473507,18566210,0.0,0.0,0.0,0.0,0.0,0.0,0.0,0.0,,,,,12.575377889424356,12.563292947587053,12.541901927106398,12.432489131433446,12.230261598052858,11.852181744271233,10.734518700421832,,,,,,,,,,,,,,,,10.147525362895273,,"rgba(38, 166, 154, 0.5)"
2024-03-05 00:00:00+00:00,13.535164448,13.6793472916,13.0395359229,13.0395359229,19880612,0.0,0.0,0.0,0.0,0.0,0.0,0.0,0.0,,,,,12.64369371051561,12.59074765863729,12.558242038338816,12.44934481515835,12.248579227239214,11.87332685443177,10.753913946336336,,,,,,,,,,,,,,,,10.165470031605217,,"rgba(38, 166, 154, 1.0)"
2024-03-06 00:00:00+00:00,13.5081301648,13.7063815748,13.1747073388,13.4630730262,17852684,0.0,0.0,0.0,0.0,0.0,0.0,0.0,0.0,,,,,12.699299334239567,12.61520414055827,12.573146703673908,12.464678756664798,12.265168925069363,11.892374044861667,10.771383942420586,,,,,,,,,,,,,,,,10.181638173225092,,"rgba(38, 166, 154, 1.0)"
2024-03-07 00:00:00+00:00,13.4901073093,13.7784729966,13.4090044598,13.6703358639,16711448,0.0,0.0,0.0,0.0,0.0,0.0,0.0,0.0,,,,,12.750661381334664,12.63934447428531,12.588120021955332,12.479960004583228,12.281506169610422,11.910860726758722,10.788110961375962,,,,,,,,,,,,,,,,10.197068896687925,,"rgba(38, 166, 154, 1.0)"
2024-03-08 00:00:00+00:00,13.4450501707,13.733415858,13.436038743,13.6973701471,15498494,0.0,0.0,0.0,0.0,0.0,0.0,0.0,0.0,,,,,12.791995746082547,12.66016759316353,12.601313748316263,12.49348683147301,12.296049846748268,11.927428752656077,10.80332913122685,,,,,,,,,,,,,,,,10.211165426740289,,"rgba(38, 166, 154, 1.0)"
2024-03-11 00:00:00+00:00,13.4450501707,13.5081301648,13.2828444716,13.3999930321,13778585,0.0,0.0,0.0,0.0,0.0,0.0,0.0,0.0,,,,,12.819637503454825,12.67534013101929,12.611200760597916,12.503807827642609,12.30741494633707,11.940745753310898,10.816100137664371,,,,,,,,,,,,,,,,10.223126670607535,,"rgba(38, 166, 154, 1.0)"
2024-03-12 00:00:00+00:00,13.3459244657,13.5441758757,13.2828444716,13.4630730262,12583808,0.0,0.0,0.0,0.0,0.0,0.0,0.0,0.0,,,,,12.841990609254815,12.688291149686725,12.619790447627537,12.512819686542043,12.317400395304077,11.952530103624875,10.827561380878615,,,,,,,,,,,,,,,,10.233901367873454,,"rgba(38, 166, 154, 1.0)"
2024-03-13 00:00:00+00:00,13.4540615984,13.5937387282,13.3729587489,13.3819701766,11962309,0.0,0.0,0.0,0.0,0.0,0.0,0.0,0.0,,,,,12.864638268993756,12.70157232640912,12.628638297099892,12.5220083640691,12.327440879164612,11.964189428478269,10.838710423902704,,,,,,,,,,,,,,,,10.24434240354641,,"rgba(38, 166, 154, 1.0)"
2024-03-14 00:00:00+00:00,12.9944787843,13.4630730262,12.8953530793,13.2918558993,13969605,0.0,0.0,0.0,0.0,0.0,0.0,0.0,0.0,,,,,12.874806666972704,12.709630518426794,12.634485315120022,12.528587284587852,12.335374065981053,11.974422924509732,10.849869056630828,,,,,,,,,,,,,,,,10.255115940038822,,"rgba(38, 166, 154, 0.75)"
2024-03-15 00:00:00+00:00,13.0485473507,13.2422930468,12.8179449151,12.8179449151,31490969,0.0,0.0,0.0,0.0,0.0,0.0,0.0,0.0,,,,,12.888219636132574,12.723294573797,12.645030731576925,12.54092079511952,12.35088525272541,11.995243239326095,10.873738578003497,,,,,,,,,,,,,,,,10.278426284564725,,"rgba(38, 166, 154, 0.5)"
2024-03-18 00:00:00+00:00,13.0125016397,13.0755816338,12.8322730852,13.0485473507,8196372,0.0,0.0,0.0,0.0,0.0,0.0,0.0,0.0,,,,,12.890023581650018,12.72598901045684,12.647259113026424,12.543638592570655,12.354450780387634,12.000210136328123,10.879688056746987,,,,,,,,,,,,,,,,10.284292757977237,,#000000
2024-03-19 00:00:00+00:00,13.0575587784,13.0809884905,12.8851701659,12.9313987902,9562056,0.0,0.0,0.0,0.0,0.0,0.0,0.0,0.0,,,,,12.892864135944253,12.729487509613017,12.650091453689331,12.547017102599753,12.358787797045492,12.0061441369479,10.886699885832341,,,,,,,,,,,,,,,,10.291191783015565,,#000000
2024-03-20 00:00:00+00:00,13.5531873034,13.6252787253,12.9223873625,12.9584330734,9810855,0.0,0.0,0.0,0.0,0.0,0.0,0.0,0.0,,,,,12.904302440684713,12.737502020307497,12.655821627527393,12.553093708833494,12.36560669899033,12.01431662377619,10.895055933091076,,,,,,,,,,,,,,,,10.299164805623883,,"rgba(38, 166, 154, 1.0)"
2024-03-21 00:00:00+00:00,13.8415529907,13.9677129789,13.6500601515,13.6613244362,12163363,0.0,0.0,0.0,0.0,0.0,0.0,0.0,0.0,,,,,12.93089105336065,12.754112728958816,12.66724339828625,12.564626231818272,12.377699267017242,12.027660144608067,10.90722132252197,,,,,,,,,,,,,,,,10.310443061645117,,"rgba(38, 166, 154, 1.0)"
2024-03-22 00:00:00+00:00,13.5441758757,14.0037586899,13.535164448,13.9136444126,8422525,0.0,0.0,0.0,0.0,0.0,0.0,0.0,0.0,,,,,12.945942777854725,12.764000391630999,12.674175545188493,12.571703972548518,12.385237590239942,12.036146352243465,10.915225946417845,,,,,,,,,,,,,,,,10.317932871594508,,"rgba(38, 166, 154, 1.0)"
2024-03-25 00:00:00+00:00,13.6883587194,13.8055072798,13.5802215866,13.6162672975,7131135,0.0,0.0,0.0,0.0,0.0,0.0,0.0,0.0,,,,,12.958181022458207,12.772184373835358,12.679955013070334,12.577611700560041,12.39153844847497,12.043251244342834,10.9219601118587,,,,,,,,,,,,,,,,10.324242811127306,,"rgba(38, 166, 154, 1.0)"
2024-03-26 00:00:00+00:00,13.5712101589,13.801001566,13.5081301648,13.7874844244,9889740,0.0,0.0,0.0,0.0,0.0,0.0,0.0,0.0,,,,,12.973065479589197,12.782517209093514,12.6873574471724,12.585233195379978,12.399747584681922,12.052622061379463,10.931028895939894,,,,,,,,,,,,,,,,10.332787621473136,,"rgba(38, 166, 154, 1.0)"
2024-03-27 00:00:00+00:00,14.0938729671,14.1028843949,13.6568187223,13.6793472916,11001826,0.0,0.0,0.0,0.0,0.0,0.0,0.0,0.0,,,,,12.996703839389845,12.798027843544837,12.698254619635874,12.596183261484661,12.411133357446477,12.06503881878845,10.942251769565528,,,,,,,,,,,,,,,,10.343172547322014,,"rgba(38, 166, 154, 1.0)"
2024-03-28 00:00:00+00:00,14.2470672385,14.2921243772,14.0938729671,14.0938729671,10560988,0.0,0.0,0.0,0.0,0.0,0.0,0.0,0.0,,,,,13.024235629268853,12.81580318008343,12.710672732449469,12.6085148424085,12.423724432430411,12.078427247388088,10.953870304560766,,,,,,,,,,,,,,,,10.353799303928344,,"rgba(38, 166, 154, 1.0)"
2024-04-01 00:00:00+00:00,13.9587015512,14.2831129494,13.9587015512,14.2470672385,8022638,0.0,0.0,0.0,0.0,0.0,0.0,0.0,0.0,,,,,13.041888587474473,12.827645297027722,12.719077182088611,12.616925777625415,12.432409954386467,12.087806514180063,10.962252993245743,,,,,,,,,,,,,,,,10.361532659065356,,"rgba(38, 166, 154, 1.0)"
2024-04-02 00:00:00+00:00,13.7514387135,13.9361729819,13.6613244362,13.8145187076,9387399,0.0,0.0,0.0,0.0,0.0,0.0,0.0,0.0,,,,,13.056285770382729,12.83811077106953,12.726736464053051,12.6247423363118,12.440712188950553,12.097111465193818,10.971112943715086,,,,,,,,,,,,,,,,10.369850661866147,,"rgba(38, 166, 154, 0.75)"
2024-04-03 00:00:00+00:00,13.733415858,13.931667268,13.6883587194,13.7424272857,7940480,0.0,0.0,0.0,0.0,0.0,0.0,0.0,0.0,,,,,13.068058494387511,12.846799585969492,12.733138705970195,12.631281214006142,12.447663262023639,12.104909767685614,10.97856791661749,,,,,,,,,,,,,,,,10.376858149133977,,"rgba(38, 166, 154, 0.75)"
2024-04-04 00:00:00+00:00,13.5892330144,14.0758501117,13.5261530203,13.9947472621,10365489,0.0,0.0,0.0,0.0,0.0,0.0,0.0,0.0,,,,,13.081748137862075,12.857264372978651,12.740956617002244,12.63931186753193,12.456267042420807,12.114657607186707,10.988053996394079,,,,,,,,,,,,,,,,10.385818089344554,,"rgba(38, 166, 154, 0.75)"
2024-04-05 00:00:00+00:00,13.5712101589,13.7063815748,13.4270273152,13.5081301648,11253691,0.0,0.0,0.0,0.0,0.0,0.0,0.0,0.0,,,,,13.092424308411443,12.866289625092527,12.747937939350265,12.646622276096128,12.464305688146448,12.124059974046274,10.99767435247,,,,,,,,,,,,,,,,10.395022590038936,,"rgba(38, 166, 154, 0.5)"
2024-04-08 00:00:00+00:00,13.9226558403,13.9767244067,13.6433015807,13.7063815748,8253896,0.0,0.0,0.0,0.0,0.0,0.0,0.0,0.0,,,,,13.104386873751244,12.875341805645427,12.754702333528861,12.653514515663803,12.47160146180559,12.13219815792088,11.00544668341432,,,,,,,,,,,,,,,,10.402331106590555,,"rgba(38, 166, 154, 0.75)"
2024-04-09 00:00:00+00:00,13.9947472621,14.0082644037,13.7424272857,13.9677129789,9556310,0.0,0.0,0.0,0.0,0.0,0.0,0.0,0.0,,,,,13.118989429353217,12.886330175210821,12.762908842626949,12.661842259165027,12.48036312683022,12.141892496679265,11.01460538677319,,,,,,,,,,,,,,,,10.410919545000018,,"rgba(38, 166, 154, 1.0)"
2024-04-10 00:00:00+00:00,13.3729587489,13.6793472916,13.2287759052,13.6793472916,15203188,0.0,0.0,0.0,0.0,0.0,0.0,0.0,0.0,,,,,13.127570000852849,12.895270211804496,12.770297498588139,12.669794120403965,12.489416768097746,12.152913776847953,11.026625655813765,,,,,,,,,,,,,,,,10.422605500924735,,#000000
2024-04-11 00:00:00+00:00,13.2648216161,13.4405444568,12.9133759347,13.4405444568,13274863,0.0,0.0,0.0,0.0,0.0,0.0,0.0,0.0,,,,,13.129438188123322,12.899695931616856,12.774491738253749,12.674618111986119,12.495353229244486,12.160742747719224,11.036067396039064,,,,,,,,,,,,,,,,10.431991042765773,,#000000
2024-04-12 00:00:00+00:00,13.1656959111,13.1747073388,12.9494216456,13.0395359229,12746778,0.0,0.0,0.0,0.0,0.0,0.0,0.0,0.0,,,,,13.128706342120896,12.90235056266658,12.777440274510486,12.6782306591688,12.50009674499748,12.167374588440255,11.044602716676826,,,,,,,,,,,,,,,,10.440590032434248,,"rgba(239, 83, 80, 1.0)"
2024-04-15 00:00:00+00:00,13.003490212,13.5621987312,12.8863416515,13.3639473211,15557045,0.0,0.0,0.0,0.0,0.0,0.0,0.0,0.0,,,,,13.129288257032886,12.906370257430769,12.781563901782556,12.683115790127987,12.506301253396265,12.175805886710053,11.05519644651329,,,,,,,,,,,,,,,,10.451222041560108,,"rgba(239, 83, 80, 1.0)"
2024-04-16 00:00:00+00:00,12.8142502297,12.9313987902,12.6700673861,12.8683187961,13134308,0.0,0.0,0.0,0.0,0.0,0.0,0.0,0.0,,,,,13.122200545541679,12.905006799636842,12.781782693681023,12.684172672349094,12.508688978616444,12.180329696642827,11.062596987275942,,,,,,,,,,,,,,,,10.458993198768995,,"rgba(239, 83, 80, 1.0)"
2024-04-17 00:00:00+00:00,13.003490212,13.07107592,12.7691930911,12.9313987902,16756945,0.0,0.0,0.0,0.0,0.0,0.0,0.0,0.0,,,,,13.11746926226557,12.90573244558361,12.783718699396795,12.687052957706891,12.5131197672706,12.187304111758015,11.07271398078987,,,,,,,,,,,,,,,,10.469431998541033,,"rgba(239, 83, 80, 1.0)"
2024-04-18 00:00:00+00:00,12.9584330734,13.3459244657,12.706113097,12.8863416515,32085017,0.0,0.0,0.0,0.0,0.0,0.0,0.0,0.0,,,,,13.111837369873182,12.908798336087074,12.788515319436748,12.69353415778119,12.522411817908553,12.201260866079322,11.092350550223639,,,,,,,,,,,,,,,,10.48961978982259,,"rgba(239, 83, 80, 1.0)"
2024-04-19 00:00:00+00:00,13.1837187666,13.336913038,12.904364507,12.9223873625,16943306,0.0,0.0,0.0,0.0,0.0,0.0,0.0,0.0,,,,,13.112595883792622,12.912592147195443,12.792539174417547,12.698329249119649,12.528547001128517,12.20967678887162,11.103297976577258,,,,,,,,,,,,,,,,10.500730091927826,,"rgba(239, 83, 80, 1.0)"
2024-04-22 00:00:00+00:00,13.1927301943,13.3053730409,13.0305244952,13.2377873329,26489360,0.0,0.0,0.0,0.0,0.0,0.0,0.0,0.0,,,,,13.115028246310775,12.919139883700632,12.799254172093594,12.706192075003088,12.538425831184115,12.22301330836177,11.120466988854469,,,,,,,,,,,,,,,,10.5181395219548,,"rgba(239, 83, 80, 0.75)"
2024-04-23 00:00:00+00:00,13.2648216161,13.3639473211,12.9313987902,13.1206387725,23058306,0.0,0.0,0.0,0.0,0.0,0.0,0.0,0.0,,,,,13.11733765604743,12.92480282173082,12.80506868809222,12.712977244245875,12.546920732824715,12.234451115357615,11.13525754993067,,,,,,,,,,,,,,,,10.533169787244777,,"rgba(239, 83, 80, 0.75)"
2024-04-24 00:00:00+00:00,13.4540615984,13.4720844539,13.0800873477,13.102615917,15084098,0.0,0.0,0.0,0.0,0.0,0.0,0.0,0.0,,,,,13.121838091784866,12.930409842245659,12.810224333325706,12.718674054211432,12.55362214009735,12.242933175719278,11.145512100876058,,,,,,,,,,,,,,,,10.543456726875466,,#000000
2024-04-25 00:00:00+00:00,13.1656959111,13.4540615984,13.0125016397,13.4450501707,16788200,0.0,0.0,0.0,0.0,0.0,0.0,0.0,0.0,,,,,13.12383449832906,12.934606740503753,12.814511510480326,12.72363605210468,12.55977982578037,12.251161304936241,11.156170013024047,,,,,,,,,,,,,,,,10.554310129946813,,#000000
2024-04-26 00:00:00+00:00,13.2467987607,13.4090044598,13.1747073388,13.1837187666,11793143,0.0,0.0,0.0,0.0,0.0,0.0,0.0,0.0,,,,,13.126210251219216,12.938168287844162,12.817961816638439,12.727527081422696,12.564468989226283,12.257250445990815,11.163829994961175,,,,,,,,,,,,,,,,10.562069967669153,,#000000
2024-04-29 00:00:00+00:00,13.2738330439,13.4090044598,13.1927301943,13.2873501855,12857659,0.0,0.0,0.0,0.0,0.0,0.0,0.0,0.0,,,,,13.128967810253894,12.942136298359003,12.821786576575048,12.731821739175677,12.569618358909324,12.263903961611563,11.172177517673584,,,,,,,,,,,,,,,,10.570526531576293,,#000000
2024-04-30 00:00:00+00:00,13.0575587784,13.3098787548,13.0395359229,13.1116273447,10863512,0.0,0.0,0.0,0.0,0.0,0.0,0.0,0.0,,,,,13.12906060295565,12.94395345891302,12.823912420089561,12.734401778110499,12.572983890933001,12.268615093485323,11.178663542390968,,,,,,,,,,,,,,,,10.577223034147893,,"rgba(239, 83, 80, 0.75)"
2024-05-01 00:00:00+00:00,13.2558101884,13.5892330144,13.1476730557,13.1476730557,10679627,0.0,0.0,0.0,0.0,0.0,0.0,0.0,0.0,,,,,13.131775846269795,12.947492750379336,12.827265820952267,12.738124845880838,12.57738828317623,12.274228923615638,11.185630143022596,,,,,,,,,,,,,,,,10.584271993065535,,#000000
2024-05-02 00:00:00+00:00,13.3999930321,13.4901073093,13.2107530498,13.4630730262,16315861,0.0,0.0,0.0,0.0,0.0,0.0,0.0,0.0,,,,,13.136511738217283,12.953273382739981,12.832664798057374,12.744064359220546,12.584336345512055,12.282980523596724,11.196364127126818,,,,,,,,,,,,,,,,10.595112087181551,,#000000
2024-05-03 00:00:00+00:00,13.4540615984,13.7379215719,13.4270273152,13.6162672975,9274415,0.0,0.0,0.0,0.0,0.0,0.0,0.0,0.0,,,,,13.141074410760144,12.957831292615927,12.836662473134929,12.748313187102264,12.589091248997152,12.288675731651562,11.202900454749821,,,,,,,,,,,,,,,,10.601617965800944,,#000000
2024-05-06 00:00:00+00:00,13.634290153,13.6838530055,13.3999930321,13.5531873034,11101270,0.0,0.0,0.0,0.0,0.0,0.0,0.0,0.0,,,,,13.146843474165278,12.963499285567522,12.8416106877247,12.753549522080398,12.594916581529732,12.295603534269107,11.21078646169699,,,,,,,,,,,,,,,,10.609454812082424,,"rgba(38, 166, 154, 0.5)"
2024-05-07 00:00:00+00:00,13.4540615984,13.7514387135,13.4090044598,13.7153930025,10462219,0.0,0.0,0.0,0.0,0.0,0.0,0.0,0.0,,,,,13.151711335752722,12.96844866428327,12.84599606276384,12.758218350157984,12.60015203736731,12.301889697757789,11.218062621570095,,,,,,,,,,,,,,,,10.6167171205154,,"rgba(38, 166, 154, 0.5)"
2024-05-08 00:00:00+00:00,13.535164448,13.5441758757,13.2558101884,13.3459244657,10522266,0.0,0.0,0.0,0.0,0.0,0.0,0.0,0.0,,,,,13.15533590349127,12.97254153622419,12.849765356630032,12.762304306816985,12.604842321142485,12.307676720754566,11.225042927564107,,,,,,,,,,,,,,,,10.623753221721593,,"rgba(38, 166, 154, 0.5)"
2024-05-09 00:00:00+00:00,13.5892330144,13.6117615837,13.4135101736,13.436038743,5788395,0.0,0.0,0.0,0.0,0.0,0.0,0.0,0.0,,,,,13.157920555853847,12.975201065132794,12.85213992611046,12.76483511281686,12.607683854442156,12.311093900098712,11.22902451743764,,,,,,,,,,,,,,,,10.627736199449025,,"rgba(38, 166, 154, 1.0)"
2024-05-10 00:00:00+00:00,13.5892330144,13.6883587194,13.4991187371,13.6703358639,9768952,0.0,0.0,0.0,0.0,0.0,0.0,0.0,0.0,,,,,13.162813485425314,12.980058894780935,12.85642343519022,12.76936508198797,12.612716803656,12.317070385066485,11.235869780061646,,,,,,,,,,,,,,,,10.634557973188706,,"rgba(38, 166, 154, 1.0)"
2024-05-13 00:00:00+00:00,13.4090044598,13.7244044303,13.3729587489,13.6523130085,8554561,0.0,0.0,0.0,0.0,0.0,0.0,0.0,0.0,,,,,13.1661281882974,12.983633444419082,12.859679518291369,12.772861405863852,12.61668043620412,12.321891694044037,11.241603616171945,,,,,,,,,,,,,,,,10.64032476746636,,"rgba(38, 166, 154, 0.5)"
2024-05-14 00:00:00+00:00,13.6162672975,13.66583015,13.4180158875,13.5171415925,11454504,0.0,0.0,0.0,0.0,0.0,0.0,0.0,0.0,,,,,13.171300312108421,12.988930498303624,12.864421457699832,12.777901036923755,12.622315810533541,12.328636207732679,11.24945395625877,,,,,,,,,,,,,,,,10.648183682627549,,"rgba(38, 166, 154, 0.5)"
2024-05-15 00:00:00+00:00,14.030792973,14.066838684,13.7874844244,13.7874844244,13543358,0.0,0.0,0.0,0.0,0.0,0.0,0.0,0.0,,,,,13.183185430546496,12.99926846862555,12.873054423017182,12.786720586626561,12.63164426827001,12.339031291147384,11.260238366904758,,,,,,,,,,,,,,,,10.658671738521011,,"rgba(38, 166, 154, 1.0)"
2024-05-16 00:00:00+00:00,13.8145187076,14.030792973,13.8055072798,13.9677129789,6785997,0.0,0.0,0.0,0.0,0.0,0.0,0.0,0.0,,,,,13.188423127617249,13.003952524076054,12.877022483153233,12.790799993240794,12.635998068373233,12.3439419162233,11.265454499289328,,,,,,,,,,,,,,,,10.663778259994784,,"rgba(38, 166, 154, 1.0)"
2024-05-17 00:00:00+00:00,13.8775987017,13.9496901235,13.8145187076,13.931667268,6225581,0.0,0.0,0.0,0.0,0.0,0.0,0.0,0.0,,,,,13.193139378763993,13.008191793613646,12.880624752551828,12.794505694228844,12.639956211818342,12.348410882502455,11.270216181495986,,,,,,,,,,,,,,,,10.66844450328257,,"rgba(38, 166, 154, 1.0)"
2024-05-20 00:00:00+00:00,13.7244044303,13.9406786958,13.6973701471,13.8956215571,5854947,0.0,0.0,0.0,0.0,0.0,0.0,0.0,0.0,,,,,13.19692368190453,13.01171986864676,12.883675763441609,12.797671024095495,12.643378130126115,12.352336147459008,11.274519402559488,,,,,,,,,,,,,,,,10.6726937504135,,"rgba(38, 166, 154, 1.0)"
2024-05-21 00:00:00+00:00,13.8055072798,13.8280358492,13.6703358639,13.7153930025,5841904,0.0,0.0,0.0,0.0,0.0,0.0,0.0,0.0,,,,,13.20052857051278,13.015120588401262,12.886634262287005,12.800747349662425,12.646714225077497,12.356178390682592,11.278765152798252,,,,,,,,,,,,,,,,10.676895503463792,,"rgba(38, 166, 154, 1.0)"
2024-05-22 00:00:00+00:00,13.5441758757,13.7649558551,13.4630730262,13.7424272857,7185676,0.0,0.0,0.0,0.0,0.0,0.0,0.0,0.0,,,,,13.203535177402797,13.018286950296368,12.889519915253626,12.803816191062923,12.650146328579684,12.360286233396893,11.283597322594817,,,,,,,,,,,,,,,,10.68175271299731,,"rgba(38, 166, 154, 0.5)"
2024-05-23 00:00:00+00:00,13.0305244952,13.5982444421,12.9989844981,13.5892330144,12959542,0.0,0.0,0.0,0.0,0.0,0.0,0.0,0.0,,,,,13.203613520457145,13.020162875690234,12.891865862052072,12.806636945609876,12.65378846134077,12.365350495442684,11.290828787543685,,,,,,,,,,,,,,,,10.689328546975306,,#000000
2024-05-24 00:00:00+00:00,13.2332816191,13.2515596324,13.1144745327,13.1144745327,7253374,0.0,0.0,0.0,0.0,0.0,0.0,0.0,0.0,,,,,13.20358427532411,13.021144987636049,12.893125140982663,12.808161870186721,12.655771868624013,12.368127104495017,11.294832654360025,,,,,,,,,,,,,,,,10.693533028398562,,"rgba(239, 83, 80, 1.0)"
2024-05-28 00:00:00+00:00,12.9682504264,13.3155326789,12.9225553932,13.2515596324,9990476,0.0,0.0,0.0,0.0,0.0,0.0,0.0,0.0,,,,,13.202185449541519,13.021501063049461,12.894109082213516,12.809546846949143,12.657828085883594,12.3713237322355,11.299942649850028,,,,,,,,,,,,,,,,10.698999613652614,,"rgba(239, 83, 80, 1.0)"
2024-05-29 00:00:00+00:00,12.7214972471,12.8220263201,12.4838830744,12.6940802271,13507663,0.0,0.0,0.0,0.0,0.0,0.0,0.0,0.0,,,,,13.194902560307787,13.018042107851324,12.892468134017424,12.808592733967647,12.657948267814852,12.373190409997118,11.305280420341596,,,,,,,,,,,,,,,,10.70513180186779,,"rgba(239, 83, 80, 1.0)"
2024-05-30 00:00:00+00:00,12.7854702936,12.9764755324,12.7032192338,12.8677213534,15365561,0.0,0.0,0.0,0.0,0.0,0.0,0.0,0.0,,,,,13.189120172414405,13.015832752859975,12.89186833931271,12.80869841854741,12.659184534592974,12.376296796098323,11.311943379855713,,,,,,,,,,,,,,,,10.712574446374141,,"rgba(239, 83, 80, 1.0)"
2024-05-31 00:00:00+00:00,13.132752546,13.1830170825,12.8494433401,12.8494433401,22190463,0.0,0.0,0.0,0.0,0.0,0.0,0.0,0.0,,,,,13.18618618125102,13.016460270384215,12.893842388722572,12.81152962939306,12.66345375447434,12.383018568370709,11.322934491914488,,,,,,,,,,,,,,,,10.724409973742807,,"rgba(239, 83, 80, 1.0)"
2024-06-03 00:00:00+00:00,12.9042773799,13.2433345264,12.7397752604,13.2150036058,12323416,0.0,0.0,0.0,0.0,0.0,0.0,0.0,0.0,,,,,13.183499448493215,13.015984915752131,12.894300255080672,12.812486747059156,12.665233808538275,12.38618779060782,11.328655570369845,,,,,,,,,,,,,,,,10.73067217138521,,"rgba(239, 83, 80, 1.0)"
2024-06-04 00:00:00+00:00,12.6758022139,12.9042773799,12.5158695976,12.7123582404,12782631,0.0,0.0,0.0,0.0,0.0,0.0,0.0,0.0,,,,,13.177534150424913,13.013113469274968,12.892955439524691,12.811742859691186,12.665438886277679,12.387950459483845,11.333596377055656,,,,,,,,,,,,,,,,10.736367347581394,,"rgba(239, 83, 80, 1.0)"
2024-06-05 00:00:00+00:00,12.6666632072,12.7946093002,12.5752731408,12.7397752604,7736059,0.0,0.0,0.0,0.0,0.0,0.0,0.0,0.0,,,,,13.173848369115204,13.011292925987995,12.892068469374504,12.811219361202768,12.665488508064296,12.388940228406046,11.336526160369383,,,,,,,,,,,,,,,,10.739763470561426,,"rgba(239, 83, 80, 1.0)"
2024-06-06 00:00:00+00:00,12.7306362537,12.7900397969,12.620968174,12.6940802271,8018328,0.0,0.0,0.0,0.0,0.0,0.0,0.0,0.0,,,,,13.170351502162472,13.009623422696102,12.891306639873257,12.810823552162619,12.665673408394255,12.39008214096548,11.339628308762158,,,,,,,,,,,,,,,,10.743334368476434,,"rgba(239, 83, 80, 1.0)"
2024-06-07 00:00:00+00:00,12.7306362537,12.8174568168,12.5981206574,12.6026901607,11586382,0.0,0.0,0.0,0.0,0.0,0.0,0.0,0.0,,,,,13.165408027177559,13.007256110676737,12.890226595053237,12.810266163776703,12.665946468063305,12.391725779718293,11.34409121060198,,,,,,,,,,,,,,,,10.748475480533353,,"rgba(239, 83, 80, 1.0)"
2024-06-10 00:00:00+00:00,12.493022081,12.6026901607,12.3467979747,12.5661341341,13357260,0.0,0.0,0.0,0.0,0.0,0.0,0.0,0.0,,,,,13.156938614720518,13.002417991919994,12.887349102959005,12.808062525940676,12.664782108003847,12.392241804767274,11.348326481579008,,,,,,,,,,,,,,,,10.753666341780107,,"rgba(239, 83, 80, 1.0)"
2024-06-11 00:00:00+00:00,12.2645469149,12.3879235046,12.1366008219,12.3559369814,16128075,0.0,0.0,0.0,0.0,0.0,0.0,0.0,0.0,,,,,13.143781632203826,12.994302908023593,12.882095188638328,12.803695590810168,12.66175378522759,12.391344578488338,11.352422964248012,,,,,,,,,,,,,,,,10.759107480133984,,"rgba(239, 83, 80, 1.0)"
2024-06-12 00:00:00+00:00,12.5478561209,12.8997078766,12.4518965511,12.6392461873,16430309,0.0,0.0,0.0,0.0,0.0,0.0,0.0,0.0,,,,,13.136238278068383,12.990309551018305,12.879979140932651,12.80231484535158,12.661535839490513,12.393043029796754,11.358239679077185,,,,,,,,,,,,,,,,10.765964716340768,,"rgba(239, 83, 80, 1.0)"
2024-06-13 00:00:00+00:00,12.4656050611,12.5432866175,12.3193809548,12.4838830744,12395058,0.0,0.0,0.0,0.0,0.0,0.0,0.0,0.0,,,,,13.12859492786195,12.9857798270999,12.877193300443096,12.800132072674568,12.660285304693467,12.393305072210918,11.361942852700517,,,,,,,,,,,,,,,,10.770580590075218,,"rgba(239, 83, 80, 0.75)"
2024-06-14 00:00:00+00:00,12.2097128751,12.3422284714,11.9766682057,12.2188518817,14013216,1.0,12.342229,11.976668,0.0,0.0,0.0,0.0,0.0,,,,12.176203184066665,13.116873619098811,12.978278283375948,12.872179828838988,12.795879083706803,12.657177151818113,12.392019013084514,11.365074094412414,,,,,,,,,,,,,,,,10.774941559021423,,"rgba(239, 83, 80, 0.75)"
2024-06-17 00:00:00+00:00,12.3924930079,12.4107710212,12.0086547289,12.2005738684,14812482,0.0,0.0,0.0,0.0,0.0,0.0,0.0,0.0,,,,12.224730630090082,13.106006170300807,12.971414536426138,12.867666359551924,12.792121673795231,12.654571433374258,12.391263709535785,11.368740170218889,,,,,,,,,,,,,,,,10.779830629269023,,"rgba(239, 83, 80, 0.75)"
2024-06-18 00:00:00+00:00,12.4107710212,12.5295781076,12.3011029415,12.3742149946,13803904,0.0,0.0,0.0,0.0,0.0,0.0,0.0,0.0,,,,12.285958858838683,13.097820219514718,12.966419526337637,12.8645149479007,12.789616366945042,12.65306841688513,12.391393743300146,11.372668144594996,,,,,,,,,,,,,,,,10.784792941020733,,"rgba(239, 83, 80, 0.75)"
2024-06-20 00:00:00+00:00,12.4656050611,12.5204391009,12.2462689016,12.365075988,10498575,0.0,0.0,0.0,0.0,0.0,0.0,0.0,0.0,,,,12.310622792770813,13.091695699586259,12.962659459868018,12.862131281390786,12.787717790541667,12.65192340477707,12.391478341346593,11.375627174866407,,,,,,,,,,,,,,,,10.788539880505796,,"rgba(239, 83, 80, 0.75)"
2024-06-21 00:00:00+00:00,12.4290490345,12.4656050611,12.2782554249,12.4564660544,17941671,0.0,0.0,0.0,0.0,0.0,0.0,0.0,0.0,,,,12.330906504228839,13.081180955727856,12.956123722072038,12.85793895238191,12.784348723143644,12.649832838962057,12.391474575489813,11.380549199201972,,,,,,,,,,,,,,,,10.794825768169227,,"rgba(239, 83, 80, 0.75)"
2024-06-24 00:00:00+00:00,12.7214972471,12.8128873135,12.3559369814,12.4656050611,14916904,0.0,0.0,0.0,0.0,0.0,0.0,0.0,0.0,,,,12.382811567082687,13.075622817914125,12.95305412550568,12.856265880036844,12.783267396799129,12.649702322638657,12.39293490733835,11.385565187123785,,,,,,,,,,,,,,,,10.800791887429828,,"rgba(239, 83, 80, 0.75)"
2024-06-25 00:00:00+00:00,12.4747440677,12.7534837703,12.4518965511,12.6575242006,14661696,0.0,0.0,0.0,0.0,0.0,0.0,0.0,0.0,,,,12.40862906261466,13.06945322910731,12.949450388562463,12.854143107784282,12.781739748872054,12.649122991991245,12.393934024391333,11.390180909530887,,,,,,,,,,,,,,,,10.806395096144712,,"rgba(239, 83, 80, 0.75)"
2024-06-26 00:00:00+00:00,12.365075988,12.3970625112,12.2554079083,12.2736859216,14474761,0.0,0.0,0.0,0.0,0.0,0.0,0.0,0.0,,,,12.399897307514397,13.060926749472625,12.94397543174281,12.85052549268175,12.778769784094457,12.647158419444892,12.393612737350454,11.393848726297888,,,,,,,,,,,,,,,,10.8111996703636,,"rgba(239, 83, 80, 0.75)"
2024-06-27 00:00:00+00:00,12.4473270478,12.493022081,12.2462689016,12.3376589681,8645662,0.0,0.0,0.0,0.0,0.0,0.0,0.0,0.0,,,,12.3995928894175,13.056318575304875,12.941052276883749,12.848624350557195,12.777239785622447,12.646209392507576,12.39361946641005,11.396155791701107,,,,,,,,,,,,,,,,10.81416038053236,,"rgba(239, 83, 80, 0.75)"
2024-06-28 00:00:00+00:00,12.9865284397,13.0139454597,12.5204391009,12.5844121474,21144165,0.0,0.0,0.0,0.0,0.0,0.0,0.0,0.0,,,,12.463896804005689,13.052720793983198,12.939755904610326,12.848540188298962,12.777849587463367,12.64798339340781,12.397402681440614,11.404244721294841,,,,,,,,,,,,,,,,10.823378235479108,,#000000
2024-07-01 00:00:00+00:00,12.9956674464,13.246990129,12.9591114198,12.9773894331,12091070,0.0,0.0,0.0,0.0,0.0,0.0,0.0,0.0,,,,12.510362227559146,13.052857926662469,12.9406872172178,12.849798079989572,12.779441032037186,12.650163344271455,12.400631291578176,11.409554297471196,,,,,,,,,,,,,,,,10.829200670516133,,"rgba(38, 166, 154, 1.0)"
2024-07-02 00:00:00+00:00,13.1875865859,13.2058645992,12.9362639032,12.9682504264,10372278,0.0,0.0,0.0,0.0,0.0,0.0,0.0,0.0,,,,12.547515764189127,13.053315912645642,12.941740940350822,12.851075066681908,12.78099260627601,12.652204802103014,12.403551857345198,11.414198644285783,,,,,,,,,,,,,,,,10.834266121949197,,"rgba(38, 166, 154, 1.0)"
2024-07-03 00:00:00+00:00,13.0413624796,13.2287121158,13.0322234729,13.1875865859,5939996,0.0,0.0,0.0,0.0,0.0,0.0,0.0,0.0,,,,12.566477066767392,13.053533070573426,12.942306023157263,12.851775118041225,12.781850111156569,12.653342579417044,12.405192101150037,11.416832688306394,,,,,,,,,,,,,,,,10.837145275539308,,"rgba(38, 166, 154, 1.0)"
2024-07-05 00:00:00+00:00,12.748914267,13.0824880095,12.7306362537,13.0230844663,17588282,0.0,0.0,0.0,0.0,0.0,0.0,0.0,0.0,,,,12.59296809255755,13.050865493370337,12.9413867062061,12.851793541902918,12.782418583986196,12.65483849203161,12.408296929619647,11.423448209797815,,,,,,,,,,,,,,,,10.84470303907668,,"rgba(38, 166, 154, 1.0)"
2024-07-08 00:00:00+00:00,12.8220263201,12.9134163866,12.6301071806,12.6301071806,12118712,0.0,0.0,0.0,0.0,0.0,0.0,0.0,0.0,,,,12.6046406224229,13.048470745421792,12.940297803533317,12.851436601712845,12.782451504719466,12.655521603606017,12.410100641696218,11.427764047298307,,,,,,,,,,,,,,,,10.849708956618631,,"rgba(38, 166, 154, 0.75)"
2024-07-09 00:00:00+00:00,13.0596404929,13.1418915527,12.7306362537,12.7763312869,8560093,0.0,0.0,0.0,0.0,0.0,0.0,0.0,0.0,,,,12.619721027949272,13.04801537283853,12.940483491979503,12.851936467162789,12.783192037498093,12.656679223717031,12.411995191377196,11.431216999839343,,,,,,,,,,,,,,,,10.853572343554784,,"rgba(38, 166, 154, 0.75)"
2024-07-10 00:00:00+00:00,13.4069227453,13.4389092686,13.0413624796,13.132752546,10274055,0.0,0.0,0.0,0.0,0.0,0.0,0.0,0.0,,,,12.651026564428511,13.049905550243329,12.942605281657945,12.8540403776414,12.785518322991017,12.659425963989767,12.415523370073277,11.436190167782913,,,,,,,,,,,,,,,,10.858883067400928,,"rgba(38, 166, 154, 1.0)"
2024-07-11 00:00:00+00:00,13.8273170509,13.9049986073,13.5805638715,13.6536759247,14400810,0.0,0.0,0.0,0.0,0.0,0.0,0.0,0.0,,,,12.719290596533611,13.057535840181817,12.949482476364587,12.860093016219018,12.791747884067705,12.666082378527207,12.423066100166407,11.44488649355805,,,,,,,,,,,,,,,,10.867732305175421,,"rgba(38, 166, 154, 1.0)"
2024-07-12 00:00:00+00:00,13.900429104,14.028375197,13.6902319512,13.8181780442,14484838,0.0,0.0,0.0,0.0,0.0,0.0,0.0,0.0,,,,12.78593834946756,13.066124253980306,12.957130707465122,12.866774009228575,12.798579641324817,12.673308716274118,12.431136663684466,11.453949360581907,,,,,,,,,,,,,,,,10.876890065264822,,"rgba(38, 166, 154, 1.0)"
2024-07-15 00:00:00+00:00,14.1654602967,14.284267383,14.0375142037,14.15632129,15322689,0.0,0.0,0.0,0.0,0.0,0.0,0.0,0.0,,,,12.865209353244259,13.078203410831126,12.967597956452463,12.875751444129138,12.807634683812223,12.68268090445073,12.441270884322789,11.464601273297912,,,,,,,,,,,,,,,,10.887446873607354,,"rgba(38, 166, 154, 1.0)"
2024-07-16 00:00:00+00:00,14.6132716222,14.6315496355,14.1197652635,14.2020163232,16979687,0.0,0.0,0.0,0.0,0.0,0.0,0.0,0.0,,,,12.960571416742589,13.094809286207061,12.981774382477965,12.88778387356519,12.819665458046245,12.69495529643311,12.454248106285329,11.477576639269953,,,,,,,,,,,,,,,,10.900103931603239,,"rgba(38, 166, 154, 1.0)"
2024-07-17 00:00:00+00:00,14.8143297683,15.051943941,14.4944645358,14.5310205624,24453102,0.0,0.0,0.0,0.0,0.0,0.0,0.0,0.0,,,,13.105806887400721,13.123701914811527,13.006218383338679,12.908397750777825,12.840142115303081,12.71561568639801,12.475699460485023,11.498128455248468,,,,,,,,,,,,,,,,10.919862849411306,,"rgba(38, 166, 154, 1.0)"
2024-07-18 00:00:00+00:00,14.2202943365,14.7412177152,14.1654602967,14.4853255292,30745833,0.0,0.0,0.0,0.0,0.0,0.0,0.0,0.0,,,,13.221234087279365,13.150015265010255,13.029144195552425,12.928152773239102,12.859978369547546,12.735976601629366,12.497416766705577,11.520423244264425,,,,,,,,,,,,,,,,10.94181126211796,,"rgba(38, 166, 154, 0.75)"
2024-07-19 00:00:00+00:00,14.2477113565,14.425921986,14.0603617203,14.2111553299,20292867,0.0,0.0,0.0,0.0,0.0,0.0,0.0,0.0,,,,13.279159287920738,13.164992662952761,13.042428205313067,12.939748829238072,12.871684865344553,12.748091879340274,12.51049983371165,11.534283499611073,,,,,,,,,,,,,,,,10.955598744360445,,"rgba(38, 166, 154, 0.75)"
2024-07-22 00:00:00+00:00,14.412213476,14.4213524827,13.9187071173,14.1654602967,18715774,0.0,0.0,0.0,0.0,0.0,0.0,0.0,0.0,,,,13.327360919899565,13.17852320943235,13.054485810522069,12.950313150980133,12.882354605337948,12.759139174723895,12.522435428280804,11.546970602327669,,,,,,,,,,,,,,,,10.968236430124833,,"rgba(38, 166, 154, 0.75)"
2024-07-23 00:00:00+00:00,14.4944645358,14.6361191388,14.3482404295,14.3847964561,16692693,0.0,0.0,0.0,0.0,0.0,0.0,0.0,0.0,,,,13.376750140057926,13.192971990940732,13.067175254388976,12.961321082406005,12.89339241207978,12.770433838403726,12.534416019917982,11.559191372829705,,,,,,,,,,,,,,,,10.980252142574914,,"rgba(38, 166, 154, 0.75)"
2024-07-24 00:00:00+00:00,14.4304914893,14.7412177152,14.3939354627,14.5584375823,13944844,0.0,0.0,0.0,0.0,0.0,0.0,0.0,0.0,,,,13.41589955080992,13.205064333054027,13.077817173431066,12.970568725979772,12.902662662734379,12.77991368153481,12.544459567238723,11.569422918135595,,,,,,,,,,,,,,,,10.990309458450904,,"rgba(38, 166, 154, 0.75)"
2024-07-25 00:00:00+00:00,14.7412177152,14.8783028148,14.3847964561,14.4670475159,11788474,0.0,0.0,0.0,0.0,0.0,0.0,0.0,0.0,,,,13.451073087028595,13.216232645669654,13.087591502392634,12.979030150316705,12.911117773605904,12.788513938486888,12.553493196050459,11.578442989819939,,,,,,,,,,,,,,,,10.999117294850056,,"rgba(38, 166, 154, 0.75)"
2024-07-26 00:00:00+00:00,15.0428049344,15.051943941,14.7412177152,14.8508857949,14594331,0.0,0.0,0.0,0.0,0.0,0.0,0.0,0.0,,,,13.501289293896422,13.232420526629907,13.101620552968845,12.99108958917455,12.923107779895249,12.80060769909349,12.566023329545908,11.590532945813408,,,,,,,,,,,,,,,,11.010782760618387,,"rgba(38, 166, 154, 0.75)"
2024-07-29 00:00:00+00:00,14.8143297683,15.0839304643,14.7503567218,15.0610829477,16565331,0.0,0.0,0.0,0.0,0.0,0.0,0.0,0.0,,,,13.552053292811967,13.249774567766186,13.116758954735994,13.00416795399866,12.936131911801626,12.813776503835191,12.579718405912393,11.603897399352656,,,,,,,,,,,,,,,,11.023731544998558,,"rgba(38, 166, 154, 0.75)"
2024-07-30 00:00:00+00:00,14.8508857949,15.0702219543,14.7686347351,14.8874418215,12466859,0.0,0.0,0.0,0.0,0.0,0.0,0.0,0.0,,,,13.588232508539935,13.262703839552758,13.128070430422293,13.013962883513436,12.94588833506991,12.823642789571887,12.589979559468775,11.613925733436226,,,,,,,,,,,,,,,,11.033454079492449,,"rgba(38, 166, 154, 0.75)"
2024-07-31 00:00:00+00:00,14.7412177152,15.0565134444,14.6863836753,14.8508857949,13059100,0.0,0.0,0.0,0.0,0.0,0.0,0.0,0.0,,,,13.62222063925683,13.275472279151906,13.139312803192096,13.023745356705426,12.955649179853884,12.833539598172496,12.600314630267507,11.624147189354474,,,,,,,,,,,,,,,,11.043406500240357,,"rgba(38, 166, 154, 0.75)"
2024-08-01 00:00:00+00:00,13.9095681107,14.7503567218,13.8367302277,14.7046616886,15198492,0.0,0.0,0.0,0.0,0.0,0.0,0.0,0.0,,,,13.639019723902845,13.283842621936147,13.147151126182203,13.030866601771947,12.962907856780674,12.84115019416245,12.60868185692623,11.633518671798916,,,,,,,,,,,,,,,,11.052907760789084,,"rgba(38, 166, 154, 0.75)"
2024-08-02 00:00:00+00:00,13.2058645992,13.5531468516,13.0413624796,13.516590825,19973460,0.0,0.0,0.0,0.0,0.0,0.0,0.0,0.0,,,,13.624485694876022,13.283634465071,13.148340085648552,13.032784584228436,12.965285005175861,12.844322376082774,12.613272907102893,11.641395411004556,,,,,,,,,,,,,,,,11.061726414986829,,#000000
2024-08-05 00:00:00+00:00,12.9042773799,13.0139454597,12.4564660544,12.6758022139,19477536,0.0,0.0,0.0,0.0,0.0,0.0,0.0,0.0,,,,13.59393419327831,13.277845481591958,13.14491572750578,13.030887272347076,12.96396982728033,12.843941704663834,12.614477602595665,11.646779248400579,,,,,,,,,,,,,,,,11.068419858434169,,"rgba(239, 83, 80, 1.0)"
2024-08-06 00:00:00+00:00,13.0322234729,13.2835461556,12.8311653268,12.9225553932,13158235,0.0,0.0,0.0,0.0,0.0,0.0,0.0,0.0,,,,13.580757015510386,13.276040872096358,13.144297672827486,13.03098289224082,12.964402380971249,12.84493627070196,12.616451962665472,11.651199357051834,,,,,,,,,,,,,,,,11.073583570846985,,"rgba(239, 83, 80, 1.0)"
2024-08-07 00:00:00+00:00,12.9591114198,13.4617567852,12.9408334065,13.2789766523,13258945,0.0,0.0,0.0,0.0,0.0,0.0,0.0,0.0,,,,13.569811038728714,13.274815322312785,13.144144618215853,13.031457484861791,12.96519900093781,12.846276946952862,12.618749661124358,11.655851872547123,,,,,,,,,,,,,,,,11.078947223170832,,"rgba(239, 83, 80, 1.0)"
2024-08-08 00:00:00+00:00,13.2881156589,13.3246716855,13.1144745327,13.1875865859,12561875,0.0,0.0,0.0,0.0,0.0,0.0,0.0,0.0,,,,13.562595800468351,13.274575183613742,13.144741498682164,13.032511062982245,12.966532358732294,12.848094124760625,12.62143125416982,11.660597141291932,,,,,,,,,,,,,,,,11.084304776481822,,"rgba(239, 83, 80, 1.0)"
2024-08-09 00:00:00+00:00,13.3520887054,13.374936222,13.1875865859,13.2881156589,15510976,0.0,0.0,0.0,0.0,0.0,0.0,0.0,0.0,,,,13.555768231369822,13.274849967555776,13.14593342592365,13.034180297523115,12.968529844208295,12.850666770887683,12.625040548511535,11.666647201189258,,,,,,,,,,,,,,,,11.091073975788195,,"rgba(239, 83, 80, 1.0)"
2024-08-12 00:00:00+00:00,14.567576589,15.6185623529,14.3893659594,15.5728673197,45932624,0.0,0.0,0.0,0.0,0.0,0.0,0.0,0.0,,,,13.650532987482157,13.316273445585932,13.18286865260611,13.066700031102421,13.00100438178305,12.883605199020279,12.659431453435003,11.701050839594513,,,,,,,,,,,,,,,,11.124779246734768,,"rgba(239, 83, 80, 0.75)"
2024-08-13 00:00:00+00:00,14.3391014229,14.7046616886,14.1883078133,14.7046616886,25942461,0.0,0.0,0.0,0.0,0.0,0.0,0.0,0.0,,,,13.680531422036466,13.332206189263552,13.197644755867818,13.08009621647727,13.014553330534445,12.89762438016933,12.6745303381318,11.71744642381632,,,,,,,,,,,,,,,,11.141299233307633,,#000000
2024-08-14 00:00:00+00:00,14.2934063897,14.4898950325,14.2568503631,14.4213524827,14836178,0.0,0.0,0.0,0.0,0.0,0.0,0.0,0.0,,,,13.695234521221186,13.340582921400639,13.205498996543941,13.087275382797623,13.021835674086336,12.905192575839843,12.682734875774145,11.7265133762181,,,,,,,,,,,,,,,,11.150488958853337,,"rgba(38, 166, 154, 0.5)"
2024-08-15 00:00:00+00:00,14.8051907617,15.0245269211,14.5310205624,14.5310205624,16595005,0.0,0.0,0.0,0.0,0.0,0.0,0.0,0.0,,,,13.72153552063987,13.353818651313485,13.217498128193402,13.09798303469298,13.032562841612243,12.916121484953678,12.694219853075152,11.738272839333732,,,,,,,,,,,,,,,,11.162113002635703,,"rgba(38, 166, 154, 0.5)"
2024-08-16 00:00:00+00:00,14.9788318879,15.0884999676,14.7732042384,14.796051755,12611080,0.0,0.0,0.0,0.0,0.0,0.0,0.0,0.0,,,,13.743565751822876,13.364820577595827,13.227412482341892,13.106792371153631,13.041363216364209,12.925044979072936,12.703524800475904,11.747614623893112,,,,,,,,,,,,,,,,11.171284476196785,,"rgba(38, 166, 154, 1.0)"
2024-08-19 00:00:00+00:00,15.2621410938,15.2804191071,14.9788318879,14.9788318879,13903322,0.0,0.0,0.0,0.0,0.0,0.0,0.0,0.0,,,,13.771364266076347,13.378490019384746,13.239637259327692,13.117593548194858,13.05211650961802,12.935886572997143,12.714723376950216,11.758576957741958,,,,,,,,,,,,,,,,11.181949068885844,,"rgba(38, 166, 154, 1.0)"
2024-08-20 00:00:00+00:00,15.2255850673,15.2986971204,15.051943941,15.1981680473,13982192,0.0,0.0,0.0,0.0,0.0,0.0,0.0,0.0,,,,13.798601975081825,13.39216808250411,13.251892211900227,13.128438298618976,13.062914205197474,12.946772941410831,12.7259664976382,11.769589582355144,,,,,,,,,,,,,,,,11.19266584337602,,"rgba(38, 166, 154, 1.0)"
2024-08-21 00:00:00+00:00,15.0245269211,15.3169751337,14.9422758613,15.3169751337,10389033,0.0,0.0,0.0,0.0,0.0,0.0,0.0,0.0,,,,13.816804164513771,13.401655050054055,13.260446191896229,13.136045829900459,13.070502694481727,12.954445691381393,12.733926872515243,11.77749476909916,,,,,,,,,,,,,,,,11.20039840720606,,"rgba(38, 166, 154, 1.0)"
2024-08-22 00:00:00+00:00,15.0062489078,15.2210155639,14.9422758613,15.0610829477,12092181,0.0,0.0,0.0,0.0,0.0,0.0,0.0,0.0,,,,13.836744336530133,13.41231958875,13.27009837121836,13.144655988732353,13.079099309975938,12.963149862157906,12.74297675431927,11.786543618149484,,,,,,,,,,,,,,,,11.209272486345718,,"rgba(38, 166, 154, 1.0)"
2024-08-23 00:00:00+00:00,15.6002843396,15.719091426,15.0473744377,15.1433340075,22895322,0.0,0.0,0.0,0.0,0.0,0.0,0.0,0.0,,,,13.884588176586377,13.436950512426376,13.29211222198378,13.16410786581537,13.098418017984903,12.982538832804083,12.76284262753296,11.805614935034901,,,,,,,,,,,,,,,,11.227694580215335,,"rgba(38, 166, 154, 1.0)"
2024-08-26 00:00:00+00:00,15.4906162599,15.7099524193,15.3992261935,15.7099524193,10485697,0.0,0.0,0.0,0.0,0.0,0.0,0.0,0.0,,,,13.906605751240786,13.448460428187351,13.302403547640466,13.173205922266215,13.107449343635661,12.99159409489711,12.772103739839778,11.81446774835035,,,,,,,,,,,,,,,,11.236232388419193,,"rgba(38, 166, 154, 1.0)"
2024-08-27 00:00:00+00:00,15.4220737101,15.5793474072,15.3573139525,15.3573139525,11204839,0.0,0.0,0.0,0.0,0.0,0.0,0.0,0.0,,,,13.928361992132944,13.46015216226668,13.312904373130342,13.182522649206716,13.116709080768224,13.000895932820638,12.781645809997375,11.823677956190254,,,,,,,,,,,,,,,,11.245148496186635,,"rgba(38, 166, 154, 1.0)"
2024-08-28 00:00:00+00:00,15.4868334677,15.6302300739,15.3711910434,15.3943195282,8405336,0.0,0.0,0.0,0.0,0.0,0.0,0.0,0.0,,,,13.944735715331962,13.46902168336643,13.320872083775926,13.1895937302765,13.123734923140145,13.007949755351257,12.78887431347625,11.830638290416923,,,,,,,,,,,,,,,,11.25188059485969,,"rgba(38, 166, 154, 1.0)"
2024-08-29 00:00:00+00:00,15.616352983,15.7273697103,15.3434368615,15.5793474072,12771422,0.0,0.0,0.0,0.0,0.0,0.0,0.0,0.0,,,,13.970005945491765,13.48278745444953,13.333233492652186,13.200561957655362,13.134627362288835,13.018875195590722,12.800051405842996,11.841354147766253,,,,,,,,,,,,,,,,11.262228072665259,,"rgba(38, 166, 154, 1.0)"
2024-08-30 00:00:00+00:00,15.782878074,15.8013808619,15.5515932253,15.6256043769,12129062,0.0,0.0,0.0,0.0,0.0,0.0,0.0,0.0,,,,13.995471372509256,13.496622533748234,13.345626838787735,13.21153876794411,13.14551400337013,13.029770008726326,12.811153479210931,11.85188097996695,,,,,,,,,,,,,,,,11.272349416725042,,"rgba(38, 166, 154, 1.0)"
2024-09-03 00:00:00+00:00,15.4775820738,15.7273697103,15.3943195282,15.5608446193,15732804,0.0,0.0,0.0,0.0,0.0,0.0,0.0,0.0,,,,14.02408586532042,13.512886033399079,13.360310703664657,13.224626494822889,13.158524329295936,13.042837542242815,12.82454846401126,11.864821741919918,,,,,,,,,,,,,,,,11.28488342087767,,"rgba(38, 166, 154, 1.0)"
2024-09-04 00:00:00+00:00,15.2277944372,15.445202195,15.079772134,15.431325104,16510258,0.0,0.0,0.0,0.0,0.0,0.0,0.0,0.0,,,,14.047586101698053,13.527331068300251,13.373535868418891,13.236543711281257,13.170421580198717,13.054867612972274,12.837014622907526,11.877267397629293,,,,,,,,,,,,,,,,11.297089349030957,,"rgba(38, 166, 154, 0.75)"
2024-09-05 00:00:00+00:00,15.0242637704,15.4035709222,14.9318423448,15.4035709222,14781562,0.0,0.0,0.0,0.0,0.0,0.0,0.0,0.0,,,,14.065665578306398,13.539093649761417,13.384404793700652,13.246408510916359,13.18029528611535,13.064891376648,12.847467379901932,11.887902808374163,,,,,,,,,,,,,,,,11.30759365017341,,"rgba(38, 166, 154, 0.5)"
2024-09-06 00:00:00+00:00,14.5246884972,15.1352804977,14.5154371033,15.0242637704,12443269,0.0,0.0,0.0,0.0,0.0,0.0,0.0,0.0,,,,14.074894593841263,13.546422379747288,13.391392585328271,13.252900068793902,13.186853920524772,13.071647858894323,12.854676967414498,11.895714933548927,,,,,,,,,,,,,,,,11.315480613346239,,#000000
2024-09-09 00:00:00+00:00,14.9687554067,15.3989452252,14.5709454669,14.6264538306,21596244,0.0,0.0,0.0,0.0,0.0,0.0,0.0,0.0,,,,14.096346425843963,13.561628703042661,13.405629783305477,13.265956133045608,13.199966606403308,13.085028952092532,12.86874338579781,11.91038183907643,,,,,,,,,,,,,,,,11.330097915872363,,#000000
2024-09-10 00:00:00+00:00,14.6912135883,14.9780068006,14.4969343154,14.9780068006,13781743,0.0,0.0,0.0,0.0,0.0,0.0,0.0,0.0,,,,14.10567370093605,13.569433312266662,13.413117939251885,13.272948648949228,13.207038368498951,13.092323140195125,12.87653977583089,11.918889724441124,,,,,,,,,,,,,,,,11.338711329349517,,#000000
2024-09-11 00:00:00+00:00,14.728219164,14.8022303156,14.2425209818,14.5709454669,11046623,0.0,0.0,0.0,0.0,0.0,0.0,0.0,0.0,,,,14.111403997325242,13.574910881341838,13.41846392469568,13.278002583609137,13.212173135807205,13.097656544467958,12.882301258992403,11.925354946200184,,,,,,,,,,,,,,,,11.345317586528324,,"rgba(239, 83, 80, 1.0)"
2024-09-12 00:00:00+00:00,14.8947442551,14.9965095885,14.6680851034,14.7837275277,11579479,0.0,0.0,0.0,0.0,0.0,0.0,0.0,0.0,,,,14.12047181699347,13.582055024802955,13.425257109878737,13.284308219977431,13.218530340229618,13.10418081271905,12.889219358813575,11.932761654440228,,,,,,,,,,,,,,,,11.352770699532995,,#000000
2024-09-13 00:00:00+00:00,14.8854928611,15.255548619,14.6634594064,15.0242637704,13185865,0.0,0.0,0.0,0.0,0.0,0.0,0.0,0.0,,,,14.131653365907447,13.590610450525496,13.433353046543028,13.291798265207122,13.226068675509204,13.111895764635513,12.89736363539848,11.941385112482592,,,,,,,,,,,,,,,,11.361416531067684,,#000000
2024-09-16 00:00:00+00:00,15.0520179522,15.1722860735,14.8669900732,14.8669900732,6398289,0.0,0.0,0.0,0.0,0.0,0.0,0.0,0.0,,,,14.137601877624965,13.595015470461615,13.437498429807045,13.295618324744826,13.229906064903576,13.11581106534098,12.901476557081997,11.945684781980162,,,,,,,,,,,,,,,,11.365708631816782,,#000000
2024-09-17 00:00:00+00:00,15.3295597706,15.435950801,15.1537832856,15.1907888614,8332745,0.0,0.0,0.0,0.0,0.0,0.0,0.0,0.0,,,,14.147590461330546,13.60180738500188,13.44379480817971,13.301355751639374,13.235641577915274,13.12161782514576,12.907500595513541,11.951765909466628,,,,,,,,,,,,,,,,11.371703220673043,,#000000
2024-09-18 00:00:00+00:00,15.3480625585,15.6949898315,15.1630346796,15.3295597706,10038805,0.0,0.0,0.0,0.0,0.0,0.0,0.0,0.0,,,,14.160373900076282,13.610373523765825,13.45171064003314,13.30855202428732,13.24282650497743,13.128877031994643,12.915005663304566,11.959270876587434,,,,,,,,,,,,,,,,11.379075850612036,,"rgba(38, 166, 154, 0.5)"
2024-09-19 00:00:00+00:00,16.0419171046,16.0881740743,15.607101589,15.7088669224,14988241,0.0,0.0,0.0,0.0,0.0,0.0,0.0,0.0,,,,14.186631133881464,13.626612668051955,13.466472589397252,13.321802069465695,13.255980303350226,13.142043821330518,12.92840958506448,11.972067571770575,,,,,,,,,,,,,,,,11.391423461968808,,"rgba(38, 166, 154, 0.5)"
2024-09-20 00:00:00+00:00,15.8383864377,16.0326657106,15.6718613467,15.9309003772,20004598,0.0,0.0,0.0,0.0,0.0,0.0,0.0,0.0,,,,14.219204169156617,13.647329152288753,13.485386987218119,13.338841173710081,13.272912749984782,13.159018203649337,12.945729715925651,11.98874002578135,,,,,,,,,,,,,,,,11.407564657446025,,"rgba(38, 166, 154, 0.5)"
2024-09-23 00:00:00+00:00,15.5515932253,15.9447774681,15.5275396011,15.8476378317,10526082,0.0,0.0,0.0,0.0,0.0,0.0,0.0,0.0,,,,14.234068914877488,13.65723046706456,13.494499198968244,13.347102971619957,13.281141079461259,13.167295371110704,12.954222597429704,11.997064600152028,,,,,,,,,,,,,,,,11.415681919715677,,"rgba(38, 166, 154, 0.5)"
2024-09-24 00:00:00+00:00,15.3758167403,15.7319954073,15.2833028009,15.5515932253,9853068,0.0,0.0,0.0,0.0,0.0,0.0,0.0,0.0,,,,14.245713243709211,13.665451546534044,13.502141700663072,13.354087677830536,13.288118095740616,13.174346448720458,12.961511998642857,12.004377931110788,,,,,,,,,,,,,,,,11.422877314991506,,"rgba(38, 166, 154, 0.5)"
2024-09-25 00:00:00+00:00,15.1537832856,15.4220737101,15.1260291038,15.3850681343,10596176,0.0,0.0,0.0,0.0,0.0,0.0,0.0,0.0,,,,14.255676043088458,13.673090639784077,13.50933977142821,13.36073546231815,13.294784597533418,13.181125021936008,12.96858860743909,12.011688421888431,,,,,,,,,,,,,,,,11.43014855658094,,"rgba(38, 166, 154, 0.5)"
2024-09-26 00:00:00+00:00,15.3110569827,15.4590792859,15.1907888614,15.3203083767,9291033,0.0,0.0,0.0,0.0,0.0,0.0,0.0,0.0,,,,14.265004450115809,13.68009501768278,13.515915731466698,13.366792772761722,13.300851115671293,13.187280524091197,12.974992543981275,12.018242332739932,,,,,,,,,,,,,,,,11.436645608278262,,"rgba(38, 166, 154, 0.5)"
2024-09-27 00:00:00+00:00,15.3665653464,15.5053362556,15.2092916493,15.3943195282,5057173,0.0,0.0,0.0,0.0,0.0,0.0,0.0,0.0,,,,14.270203875871184,13.683975144101153,13.519554118969102,13.370141434062939,13.304203163246504,13.190678832270198,12.978522946206537,12.021841948068921,,,,,,,,,,,,,,,,11.4402092959271,,"rgba(38, 166, 154, 0.5)"
2024-09-30 00:00:00+00:00,15.4960848617,15.5469675284,15.2370458311,15.3480625585,6175896,0.0,0.0,0.0,0.0,0.0,0.0,0.0,0.0,,,,14.27686904595184,13.688875822373708,13.524137284416785,13.374351368069705,13.308413485010327,13.19494088649912,12.982939796420013,12.02631444139997,,,,,,,,,,,,,,,,11.44462601208328,,"rgba(38, 166, 154, 0.5)"
2024-10-01 00:00:00+00:00,15.0242637704,15.3896938313,14.8484872854,15.3480625585,9444593,0.0,0.0,0.0,0.0,0.0,0.0,0.0,0.0,,,,14.283950998092479,13.694864659070955,13.529861639184228,13.379697633837601,13.313794060787547,13.20044145522574,12.988730271767821,12.032451348639864,,,,,,,,,,,,,,,,11.450787687617225,,#000000
2024-10-02 00:00:00+00:00,14.9965095885,15.2740514069,14.9317498309,15.0150123764,6980651,0.0,0.0,0.0,0.0,0.0,0.0,0.0,0.0,,,,14.288977758334687,13.699195006279123,13.5340116306206,13.383581619428393,13.317705353148549,13.204443540634289,12.992948987380066,12.036941787440037,,,,,,,,,,,,,,,,11.455303473424337,,#000000
2024-10-03 00:00:00+00:00,15.1445318917,15.1537832856,14.7513476489,14.913247043,8057160,0.0,0.0,0.0,0.0,0.0,0.0,0.0,0.0,,,,14.29432607931476,13.70397469046866,13.538615820410495,13.387907606151428,13.32206753092767,13.20891594115605,12.997678133994157,12.042021474669554,,,,,,,,,,,,,,,,11.460428429239439,,#000000
2024-10-04 00:00:00+00:00,15.5238390435,15.7181183164,15.3619396494,15.4035709222,9477952,0.0,0.0,0.0,0.0,0.0,0.0,0.0,0.0,,,,14.304959206053733,13.71175478696917,13.545881211186693,13.394576654408345,13.328730492411909,13.21564859331639,13.004633337455472,12.04901167825336,,,,,,,,,,,,,,,,11.467313814836585,,#000000
2024-10-07 00:00:00+00:00,15.5145876496,15.607101589,15.3110569827,15.440576498,6205124,0.0,0.0,0.0,0.0,0.0,0.0,0.0,0.0,,,,14.311503995005348,13.716654327404704,13.550473582257176,13.39880462013494,13.332958719396823,13.219927402271592,13.009064008237216,12.053498305244966,,,,,,,,,,,,,,,,11.471745966798451,,#000000
2024-10-08 00:00:00+00:00,15.4775820738,15.6348557709,15.4498278919,15.5793474072,7104417,0.0,0.0,0.0,0.0,0.0,0.0,0.0,0.0,,,,14.319182300872834,13.722367383201005,13.555821970017227,13.403724406255554,13.337876390589788,13.224899796891938,13.014205730760805,12.058685358472573,,,,,,,,,,,,,,,,11.476863006325194,,"rgba(38, 166, 154, 0.5)"
2024-10-09 00:00:00+00:00,15.607101589,15.7329205467,15.3989452252,15.4775820738,7331867,0.0,0.0,0.0,0.0,0.0,0.0,0.0,0.0,,,,14.327388311923965,13.72841739358669,13.561475772150628,13.408918435150335,13.343064693021974,13.230139974045725,13.019614214605747,12.064113025496658,,,,,,,,,,,,,,,,11.482207045860855,,"rgba(38, 166, 154, 0.5)"
2024-10-10 00:00:00+00:00,15.5793474072,15.6404066072,15.3758167403,15.4868334677,7297701,0.0,0.0,0.0,0.0,0.0,0.0,0.0,0.0,,,,14.335142926883421,13.734245722125475,13.566939405756237,13.41395039816624,13.34809516984112,13.23522698376585,13.02487480750919,12.069425580948883,,,,,,,,,,,,,,,,11.487450486544736,,"rgba(38, 166, 154, 0.5)"
2024-10-11 00:00:00+00:00,15.9309003772,16.1621852259,15.6626099527,15.7088669224,10220343,0.0,0.0,0.0,0.0,0.0,0.0,0.0,0.0,,,,14.349292475369252,13.74408757316157,13.57603635297657,13.422237088334377,13.356342263608063,13.243506849902804,13.033336024245793,12.077666368777146,,,,,,,,,,,,,,,,11.49547104248006,,"rgba(38, 166, 154, 1.0)"
2024-10-14 00:00:00+00:00,16.0974254682,16.134431044,15.6394814678,15.7551238922,11829790,0.0,0.0,0.0,0.0,0.0,0.0,0.0,0.0,,,,14.365752327463927,13.755569095618462,13.586650182594243,13.431907576103102,13.365964857129985,13.253164197772863,13.04319811817202,12.087256211599959,,,,,,,,,,,,,,,,11.5047990479414,,"rgba(38, 166, 154, 1.0)"
2024-10-15 00:00:00+00:00,16.1806880138,16.5933001838,16.1529338319,16.1714366198,11298923,0.0,0.0,0.0,0.0,0.0,0.0,0.0,0.0,,,,14.384569090858836,13.768159685724225,13.598191449768962,13.442352903135763,13.376328435140488,13.263516184785697,13.053685677209321,12.097200341398143,,,,,,,,,,,,,,,,11.5143733376554,,"rgba(38, 166, 154, 1.0)"
2024-10-16 00:00:00+00:00,16.3749672867,16.5414923777,16.2454477714,16.3934700745,11862201,0.0,0.0,0.0,0.0,0.0,0.0,0.0,0.0,,,,14.40472401602791,13.781648425616602,13.610550328107912,13.453535072367954,13.387418925146461,13.274586630431683,13.064887023094641,12.107783146724172,,,,,,,,,,,,,,,,11.524547493058975,,"rgba(38, 166, 154, 1.0)"
2024-10-17 00:00:00+00:00,15.958654559,16.2084421956,15.636150966,15.9123975893,16550845,0.0,0.0,0.0,0.0,0.0,0.0,0.0,0.0,,,,14.425905734327621,13.797007133636919,13.624829478434629,13.46660924522636,13.400441618665528,13.287673937300635,13.078277273793367,12.12090855002477,,,,,,,,,,,,,,,,11.53735679513663,,"rgba(38, 166, 154, 0.75)"
2024-10-18 00:00:00+00:00,16.0511684985,16.1679210901,15.8753920135,15.8753920135,10728839,0.0,0.0,0.0,0.0,0.0,0.0,0.0,0.0,,,,14.440189510367347,13.807293548007811,13.634377492231938,13.475341524340998,13.409133171474936,13.2963976567089,13.087183510856802,12.129584272100386,,,,,,,,,,,,,,,,11.545803002392548,,"rgba(38, 166, 154, 0.75)"
2024-10-21 00:00:00+00:00,15.8106322559,16.2176935895,15.782878074,16.0604198924,7560391,0.0,0.0,0.0,0.0,0.0,0.0,0.0,0.0,,,,14.449515025766026,13.814180147232545,13.640797153913796,13.481233357224587,13.415004217566347,13.30230075292487,13.09322711164532,12.13552739928038,,,,,,,,,,,,,,,,11.551610938211029,,"rgba(38, 166, 154, 0.75)"
2024-10-22 00:00:00+00:00,15.8846434074,15.9378389226,15.7273697103,15.782878074,8539145,0.0,0.0,0.0,0.0,0.0,0.0,0.0,0.0,,,,14.459300331168068,13.821587908274042,13.647731527616763,13.487619249502368,13.42137468720794,13.3087169901767,13.099814191005294,12.142064324514008,,,,,,,,,,,,,,,,11.558022366017099,,"rgba(38, 166, 154, 0.75)"
2024-10-23 00:00:00+00:00,15.8013808619,15.9956601348,15.6857384376,15.8106322559,5979109,0.0,0.0,0.0,0.0,0.0,0.0,0.0,0.0,,,,14.465962148761303,13.826685994298765,13.652512088710655,13.492028069896856,13.425774602439638,13.313151078904776,13.104370413486768,12.146600284165036,,,,,,,,,,,,,,,,11.562476948111271,,"rgba(38, 166, 154, 0.5)"
2024-10-24 00:00:00+00:00,15.9401517711,15.9887215894,15.7458724982,15.8846434074,8355648,0.0,0.0,0.0,0.0,0.0,0.0,0.0,0.0,,,,14.475596360587977,13.833993636038254,13.659353288823755,13.498329564387761,13.432059579523711,13.319478542494695,13.110861192048326,12.153030364727321,,,,,,,,,,,,,,,,11.568779722792529,,"rgba(38, 166, 154, 0.5)"
2024-10-25 00:00:00+00:00,15.7643752861,16.139056741,15.7134926194,16.134431044,7423181,0.0,0.0,0.0,0.0,0.0,0.0,0.0,0.0,,,,14.483931821247817,13.840382106604915,13.665343882696662,13.503855269816379,13.43757281117446,13.325031957428715,13.116562518562022,12.158695017560285,,,,,,,,,,,,,,,,11.574338853573078,,"rgba(38, 166, 154, 0.5)"
2024-10-28 00:00:00+00:00,16.2361963774,16.310207529,15.8568892256,15.9401517711,10705153,0.0,0.0,0.0,0.0,0.0,0.0,0.0,0.0,,,,14.498015599711424,13.850704315664693,13.674945500449352,13.512655807478781,13.44633112290398,13.333818018496018,13.125521346183277,12.167408308046582,,,,,,,,,,,,,,,,11.582817965607285,,"rgba(38, 166, 154, 0.5)"
2024-10-29 00:00:00+00:00,16.0789226803,16.2639505593,16.0511684985,16.1899394077,10252672,0.0,0.0,0.0,0.0,0.0,0.0,0.0,0.0,,,,14.511255588933134,13.860490286939749,13.684060089810954,13.521019491479437,13.45465651433547,13.342172139207104,13.134043038960833,12.175711119417777,,,,,,,,,,,,,,,,11.590903695260733,,"rgba(38, 166, 154, 0.5)"
2024-10-30 00:00:00+00:00,16.1806880138,16.4767326201,16.0742969834,16.0789226803,11124130,0.0,0.0,0.0,0.0,0.0,0.0,0.0,0.0,,,,14.526361613395926,13.871535095659397,13.69432453719258,13.530422556405512,13.464008750805402,13.35154361077208,13.143579745584251,12.184935624517818,,,,,,,,,,,,,,,,11.599860923242577,,"rgba(38, 166, 154, 0.5)"
2024-10-31 00:00:00+00:00,15.958654559,16.2732019532,15.958654559,16.1991908017,9138918,0.0,0.0,0.0,0.0,0.0,0.0,0.0,0.0,,,,14.53729318073964,13.879848353306285,13.702103471338216,13.537588730673468,13.471149621691076,13.358720090836393,13.150917525740207,12.192147250987453,,,,,,,,,,,,,,,,11.606909026100919,,"rgba(38, 166, 154, 0.5)"
2024-11-01 00:00:00+00:00,15.9031461953,16.2223192865,15.8661406196,16.0419171046,7053213,0.0,0.0,0.0,0.0,0.0,0.0,0.0,0.0,,,,14.545262280044156,13.886027851333568,13.707904655091754,13.542947315600255,13.476493751656879,13.364097690630754,13.156427152689446,12.197599706997204,,,,,,,,,,,,,,,,11.612252695755366,,"rgba(38, 166, 154, 0.5)"
2024-11-04 00:00:00+00:00,15.7643752861,15.9771573469,15.7458724982,15.9309003772,8129962,0.0,0.0,0.0,0.0,0.0,0.0,0.0,0.0,,,,14.553289829719265,13.89254262800919,13.714066931223858,13.548674055366181,13.48221688829959,13.369875195070067,13.16237731706869,12.203588045093541,,,,,,,,,,,,,,,,11.618160556131778,,#000000
2024-11-05 00:00:00+00:00,15.967905953,16.0141629227,15.8013808619,15.8568892256,5585064,0.0,0.0,0.0,0.0,0.0,0.0,0.0,0.0,,,,14.55916867985919,13.897219614813272,13.718476088650887,13.552761096015349,13.486297058120702,13.373987149651684,13.166600282576104,12.207802101130476,,,,,,,,,,,,,,,,11.622304398240427,,#000000
2024-11-06 00:00:00+00:00,18.4750337127,18.5027878945,17.1058274085,17.1058274085,27055786,0.0,0.0,0.0,0.0,0.0,0.0,0.0,0.0,,,,14.62957853985669,13.94269613223,13.759657991332995,13.589695082509413,13.522708384405746,13.409948623233735,13.202297586629317,12.239530703375035,,,,,,,,,,,,,,,,11.65200277704293,,"rgba(38, 166, 154, 1.0)"
2024-11-07 00:00:00+00:00,17.725670803,18.2622516519,17.5915255907,18.0957265608,13881182,0.0,0.0,0.0,0.0,0.0,0.0,0.0,0.0,,,,14.662872556741558,13.964697735879932,13.779662674706078,13.607700065163284,13.540475327633075,13.427520406170721,13.219778828960129,12.255206642221443,,,,,,,,,,,,,,,,11.666734294383676,,"rgba(38, 166, 154, 1.0)"
2024-11-08 00:00:00+00:00,17.549894318,17.8366875303,17.3926206209,17.6239054695,15226271,0.0,0.0,0.0,0.0,0.0,0.0,0.0,0.0,,,,14.69563021843076,13.986915411312305,13.799962535195988,13.626047864776563,13.558603975521844,13.445485555921602,13.237709998878188,12.271487709906255,,,,,,,,,,,,,,,,11.682120552227,,"rgba(38, 166, 154, 1.0)"
2024-11-11 00:00:00+00:00,17.8089333485,18.0263411062,17.7534249848,17.892195894,6623408,0.0,0.0,0.0,0.0,0.0,0.0,0.0,0.0,,,,14.710958113171651,13.997212199732981,13.809349035820699,13.634515809140831,13.56696343712799,13.453757372132142,13.245944628951264,12.278896533454981,,,,,,,,,,,,,,,,11.689093042655706,,"rgba(38, 166, 154, 1.0)"
2024-11-12 00:00:00+00:00,17.7441735908,17.9073108214,17.6189097168,17.6886652272,8403852,0.0,0.0,0.0,0.0,0.0,0.0,0.0,0.0,,,,14.729546549876824,14.00984196438469,13.82088637938248,13.644943049519407,13.577262580313723,13.46395676841483,13.256111567089095,12.2880906356018,,,,,,,,,,,,,,,,11.697765553700785,,"rgba(38, 166, 154, 1.0)"
2024-11-13 00:00:00+00:00,17.6239054695,18.0772237729,17.6146540756,17.8181847424,7669967,0.0,0.0,0.0,0.0,0.0,0.0,0.0,0.0,,,,14.746398580464762,14.021341215153013,13.831397742479584,13.654448619680453,13.586652100188507,13.473256028571921,13.265381794177317,12.296478086629602,,,,,,,,,,,,,,,,11.70567881912384,,"rgba(38, 166, 154, 1.0)"
2024-11-14 00:00:00+00:00,17.7071680151,17.8644417122,17.5221401361,17.6609110453,4836350,0.0,0.0,0.0,0.0,0.0,0.0,0.0,0.0,,,,14.756671503944034,14.02841370466823,13.837873102014017,13.660312610218293,13.592446829737085,13.478998527825993,13.271111979910552,12.301682364431903,,,,,,,,,,,,,,,,11.710597243508325,,"rgba(38, 166, 154, 1.0)"
2024-11-15 00:00:00+00:00,17.725670803,17.9014472879,17.536017227,17.7719277727,7951870,0.0,0.0,0.0,0.0,0.0,0.0,0.0,0.0,,,,14.773539164359564,14.040056168452823,13.84853630592209,13.669972248256402,13.601992504603402,13.488457992897528,13.280550403137767,12.31025399311447,,,,,,,,,,,,,,,,11.718697702647216,,"rgba(38, 166, 154, 1.0)"
2024-11-18 00:00:00+00:00,17.7904305606,17.8366875303,17.6609110453,17.7071680151,7320361,0.0,0.0,0.0,0.0,0.0,0.0,0.0,0.0,,,,14.789115381425693,14.050829801553276,13.858406011509775,13.678915182499841,13.610829579951776,13.497214289392026,13.289285064664513,12.318181487625449,,,,,,,,,,,,,,,,11.72618716182194,,"rgba(38, 166, 154, 1.0)"
2024-11-19 00:00:00+00:00,17.5776484998,17.7626763787,17.4250004997,17.4851345603,8823253,0.0,0.0,0.0,0.0,0.0,0.0,0.0,0.0,,,,14.806587547322206,14.063127039680731,13.869708111510976,13.689184647006064,13.620986268592903,13.507291551794205,13.299359544455607,12.327401135824557,,,,,,,,,,,,,,,,11.734929755287958,,"rgba(38, 166, 154, 1.0)"
2024-11-20 00:00:00+00:00,17.5961512877,17.725670803,17.4388775906,17.6886652272,5298800,0.0,0.0,0.0,0.0,0.0,0.0,0.0,0.0,,,,14.81697025758924,14.070467924341465,13.8764599236891,13.695323651669193,13.62705861128374,13.5133173454199,13.305384940700801,12.332920885873184,,,,,,,,,,,,,,,,11.740166214352428,,"rgba(38, 166, 154, 0.75)"
2024-11-21 00:00:00+00:00,17.7811791666,18.0032126214,17.6239054695,17.6701624393,6311840,0.0,0.0,0.0,0.0,0.0,0.0,0.0,0.0,,,,14.83019319870808,14.07970679447239,13.884936672681848,13.70301537622268,13.634660651042688,13.520851113408998,13.312900981118611,12.339750339093966,,,,,,,,,,,,,,,,11.74662142296455,,"rgba(38, 166, 154, 0.75)"
2024-11-22 00:00:00+00:00,18.1327321366,18.1604863185,17.7441735908,17.7441735908,7997185,0.0,0.0,0.0,0.0,0.0,0.0,0.0,0.0,,,,14.847949652607898,14.09200271091743,13.896196454015387,13.71321598134654,13.644735461995968,13.530824184289326,13.32283098608016,12.348710100858042,,,,,,,,,,,,,,,,11.755063057484982,,"rgba(38, 166, 154, 1.0)"
2024-11-25 00:00:00+00:00,18.3270114095,18.5393309006,18.2900058337,18.2992572277,8796105,0.0,0.0,0.0,0.0,0.0,0.0,0.0,0.0,,,,14.869527671066555,14.10671675919598,13.909626150139843,13.72534855126015,13.656705065085351,13.542651228365505,13.334569477609762,12.359179155410535,,,,,,,,,,,,,,,,11.764873669112411,,"rgba(38, 166, 154, 1.0)"
2024-11-26 00:00:00+00:00,18.1882405003,18.3547655914,18.1327321366,18.2530002579,8209945,0.0,0.0,0.0,0.0,0.0,0.0,0.0,0.0,,,,14.888524667258404,14.119848767235148,13.921642545511002,13.736228564285454,13.667445976072036,13.553274799163656,13.34513076898361,12.368658962366862,,,,,,,,,,,,,,,,11.77378341424332,,"rgba(38, 166, 154, 1.0)"
2024-11-27 00:00:00+00:00,18.0587209851,18.2900058337,17.9847098335,18.2159946822,5960293,0.0,0.0,0.0,0.0,0.0,0.0,0.0,0.0,,,,14.901714970320471,14.129066544556153,13.930094241730236,13.74389444957679,13.675017704087985,13.560769573782459,13.352590969418289,12.375388273477592,,,,,,,,,,,,,,,,11.780122242740424,,"rgba(38, 166, 154, 1.0)"
2024-11-29 00:00:00+00:00,18.0217154093,18.1419835306,17.8644417122,18.1049779548,5524775,0.0,0.0,0.0,0.0,0.0,0.0,0.0,0.0,,,,14.913460759372814,14.137355452241376,13.937708036450845,13.750811217023566,13.68185268240918,13.567539851820053,13.359337787695807,12.381501385331298,,,,,,,,,,,,,,,,11.785892315807883,,"rgba(38, 166, 154, 0.75)"
2024-12-02 00:00:00+00:00,17.6794138332,18.1142293487,17.6054026816,18.0864751669,10047632,0.0,0.0,0.0,0.0,0.0,0.0,0.0,0.0,,,,14.933164635135112,14.15152815674477,13.950772867223156,13.76271647573026,13.693628353015407,13.579221149832286,13.371006834350904,12.392172076891901,,,,,,,,,,,,,,,,11.796006045928813,,"rgba(38, 166, 154, 0.75)"
2024-12-03 00:00:00+00:00,17.5915255907,17.7271327789,17.4044811932,17.7037522293,8780829,0.0,0.0,0.0,0.0,0.0,0.0,0.0,0.0,,,,14.948829053503783,14.163065060496718,13.961454195848614,13.772486073956,13.703302683979539,13.588834845709544,13.380638296131877,12.401075948383975,,,,,,,,,,,,,,,,11.80448618037056,,"rgba(38, 166, 154, 0.5)"
2024-12-04 00:00:00+00:00,17.5354122714,17.6756955696,17.3951289733,17.5541167112,8998192,0.0,0.0,0.0,0.0,0.0,0.0,0.0,0.0,,,,14.964454239872486,14.174673016184633,13.972217447473843,13.782343610821242,13.713067289971152,13.598542786007254,13.3903712092487,12.410100053053602,,,,,,,,,,,,,,,,11.813091935931961,,#000000
2024-12-05 00:00:00+00:00,17.5073556118,17.7551894386,17.4652706224,17.6289344702,7767493,0.0,0.0,0.0,0.0,0.0,0.0,0.0,0.0,,,,14.978001547176447,14.18474931642705,13.981561672043412,13.790902911797474,13.721545387955997,13.60697049804772,13.398818122922142,12.417925836645747,,,,,,,,,,,,,,,,11.82055237320729,,#000000
2024-12-06 00:00:00+00:00,17.64763891,17.6663433497,17.3016067745,17.5167078317,7001343,0.0,0.0,0.0,0.0,0.0,0.0,0.0,0.0,,,,14.989918620382063,14.19368108595524,13.989855570143174,13.798509008213113,13.729081558943625,13.614465081716123,13.406334784578757,12.424908418763417,,,,,,,,,,,,,,,,11.82721681313642,,#000000
2024-12-09 00:00:00+00:00,17.339015654,17.6944000094,17.3249873242,17.6008778106,7998049,0.0,0.0,0.0,0.0,0.0,0.0,0.0,0.0,,,,15.002943794344736,14.203566313645876,13.99905523079469,13.80696190754773,13.737461319370311,13.622805420141674,13.41471072635098,12.432728433560563,,,,,,,,,,,,,,,,11.834697021731298,,#000000
2024-12-10 00:00:00+00:00,17.2174367956,17.6102300305,16.9649268589,17.4044811932,12965850,0.0,0.0,0.0,0.0,0.0,0.0,0.0,0.0,,,,15.022165796427043,14.218541909707115,14.013056870601423,13.819877754643601,13.750280584236629,13.635587395593012,13.427584997336732,12.444879771862954,,,,,,,,,,,,,,,,11.846375540799867,,"rgba(239, 83, 80, 1.0)"
2024-12-11 00:00:00+00:00,17.1239145968,17.4699467323,17.0490968378,17.4231856329,8812654,0.0,0.0,0.0,0.0,0.0,0.0,0.0,0.0,,,,15.034758644278908,14.228471844975434,14.022360229854641,13.82847514354018,13.758817616943075,13.644105255245202,13.436173238869268,12.453018868284273,,,,,,,,,,,,,,,,11.854211769504905,,"rgba(239, 83, 80, 1.0)"
2024-12-12 00:00:00+00:00,16.8901090999,17.2454934552,16.8620524402,17.189380136,7758950,0.0,0.0,0.0,0.0,0.0,0.0,0.0,0.0,,,,15.044644206088334,14.236534244693916,14.029957596246168,13.83552999953538,13.765833427235334,13.65112135196212,13.44327376650035,12.459839137773907,,,,,,,,,,,,,,,,11.860816019078419,,"rgba(239, 83, 80, 1.0)"
2024-12-13 00:00:00+00:00,16.955574639,17.0865057173,16.8854329899,17.0210401782,9028810,0.0,0.0,0.0,0.0,0.0,0.0,0.0,0.0,,,,15.05588704224388,14.245778399060017,14.03868047238411,13.843639682335034,13.773900565317616,13.659192123270167,13.451446756180552,12.46770917717156,,,,,,,,,,,,,,,,11.868444962009617,,"rgba(239, 83, 80, 1.0)"
2024-12-16 00:00:00+00:00,17.0210401782,17.1519712564,16.8573763303,16.9462224191,10794770,0.0,0.0,0.0,0.0,0.0,0.0,0.0,0.0,,,,15.069395288211782,14.256886871877226,14.049162878504157,13.853386296004466,13.783595234572829,13.668889426164794,13.461263407648373,12.477153902682696,,,,,,,,,,,,,,,,11.877597286783727,,"rgba(239, 83, 80, 1.0)"
2024-12-17 00:00:00+00:00,16.646951383,17.0210401782,16.5534291842,16.8714046601,10380786,0.0,0.0,0.0,0.0,0.0,0.0,0.0,0.0,,,,15.080429896768916,14.266447409775568,14.058262065708535,13.861906869629886,13.79208889287633,13.677413692569157,13.46993921084445,12.485661350416695,,,,,,,,,,,,,,,,11.885907139190747,,"rgba(239, 83, 80, 1.0)"
2024-12-18 00:00:00+00:00,15.8613649133,16.805939121,15.7912232642,16.7591780216,14327513,0.0,0.0,0.0,0.0,0.0,0.0,0.0,0.0,,,,15.09011540539754,14.276416944645803,14.067990758672973,13.871200746944712,13.801411430427502,13.68685919986365,13.4797004071258,12.49573367794161,,,,,,,,,,,,,,,,11.895947137268584,,"rgba(239, 83, 80, 1.0)"
2024-12-19 00:00:00+00:00,15.7210816151,16.3570325668,15.6836727356,16.1419315096,12267711,0.0,0.0,0.0,0.0,0.0,0.0,0.0,0.0,,,,15.096488304679244,14.283823617671487,14.07532929174171,13.87829483369658,13.808552757900395,13.69413336113903,13.487280753957371,12.503769182102221,,,,,,,,,,,,,,,,11.904039291691957,,"rgba(239, 83, 80, 1.0)"
2024-12-20 00:00:00+00:00,15.9829437717,16.1419315096,15.5901505368,15.6743205157,29210516,0.0,0.0,0.0,0.0,0.0,0.0,0.0,0.0,,,,15.110996407393895,14.30102838710639,14.092425510625192,13.894862985233486,13.825240624510043,13.711144617457357,13.505027691391698,12.52266490396602,,,,,,,,,,,,,,,,11.9231028022678,,"rgba(239, 83, 80, 1.0)"
2024-12-23 00:00:00+00:00,16.1045226301,16.1325792897,15.7771949344,15.7771949344,11099340,0.0,0.0,0.0,0.0,0.0,0.0,0.0,0.0,,,,15.117049145701385,14.307871111580363,14.099191151518422,13.901396622708953,13.831813013799243,13.717830886501957,13.5119804760465,12.530000066087,,,,,,,,,,,,,,,,11.930479247742593,,"rgba(239, 83, 80, 1.0)"
2024-12-24 00:00:00+00:00,16.2448059283,16.2541581481,16.039057091,16.0951704102,4280164,0.0,0.0,0.0,0.0,0.0,0.0,0.0,0.0,,,,15.119816091699224,14.31076512332932,14.102025214239438,13.904113565997596,13.834539671486434,13.72059489277105,13.514838353551736,12.532962122754961,,,,,,,,,,,,,,,,11.933438236042594,,"rgba(239, 83, 80, 0.75)"
2024-12-26 00:00:00+00:00,16.263510368,16.2822148078,16.0297048711,16.1606359494,5443491,0.0,0.0,0.0,0.0,0.0,0.0,0.0,0.0,,,,15.12335549638297,14.314457283781849,14.105639993344537,13.907578498615543,13.838016677021704,13.724118969791736,13.518481121291412,12.536735171106836,,,,,,,,,,,,,,,,11.937206548438644,,"rgba(239, 83, 80, 0.75)"
2024-12-27 00:00:00+00:00,16.0858181903,16.3570325668,16.0156765413,16.1512837295,6597113,0.0,0.0,0.0,0.0,0.0,0.0,0.0,0.0,,,,15.127458489832577,14.318820055106801,14.109922597517805,13.911692304155991,13.842147295217302,13.728309214546588,13.522818464893634,12.541248773626526,,,,,,,,,,,,,,,,11.941722791610363,,"rgba(239, 83, 80, 0.75)"
2024-12-30 00:00:00+00:00,16.0016482114,16.0577615307,15.7958993741,15.9268304524,5863824,0.0,0.0,0.0,0.0,0.0,0.0,0.0,0.0,,,,15.130368285123206,14.322257301155508,14.11334098229503,13.915009287634922,13.845488016192187,13.731713706058398,13.526367899576687,12.54502839388178,,,,,,,,,,,,,,,,11.945537640427963,,"rgba(239, 83, 80, 0.75)"
2024-12-31 00:00:00+00:00,16.0297048711,16.2354537084,15.9642393319,16.0671137506,6068136,0.0,0.0,0.0,0.0,0.0,0.0,0.0,0.0,,,,15.133811768687762,14.326070140235972,14.117104174359163,13.91863996339355,13.849138025890896,13.73542313092535,13.530218384269638,12.549073739030714,,,,,,,,,,,,,,,,11.949600413618281,,"rgba(239, 83, 80, 0.75)"
2025-01-02 00:00:00+00:00,15.880069353,16.2728625879,15.7725188244,16.2073970488,9115254,0.0,0.0,0.0,0.0,0.0,0.0,0.0,0.0,,,,15.138386633809423,14.331436833750905,14.122439115288971,13.923815922626828,13.85435011643992,13.740733043276839,13.535751309730836,12.554959029541186,,,,,,,,,,,,,,,,11.95553885475871,,"rgba(239, 83, 80, 0.75)"
2025-01-03 00:00:00+00:00,16.1699881692,16.1876638648,15.6930249555,15.954887112,7008752,0.0,0.0,0.0,0.0,0.0,0.0,0.0,0.0,,,,15.14204436715492,14.335643798521186,14.126612334432592,13.927858676615084,13.858418902157611,13.74487471673419,13.540061102521184,12.559525579534268,,,,,,,,,,,,,,,,11.960140335667889,,"rgba(239, 83, 80, 0.75)"
2025-01-06 00:00:00+00:00,16.2541581481,16.5440769644,16.188692609,16.3196236873,9835984,0.0,0.0,0.0,0.0,0.0,0.0,0.0,0.0,,,,15.148939458157344,14.342601883578192,14.133399882323422,13.934349609221755,13.86492509609036,13.75145663138263,13.546843135760119,12.566490584898615,,,,,,,,,,,,,,,,11.967075865827182,,"rgba(239, 83, 80, 0.75)"
2025-01-07 00:00:00+00:00,16.0764659705,16.497315865,16.0016482114,16.4037936662,10890185,0.0,0.0,0.0,0.0,0.0,0.0,0.0,0.0,,,,15.155604115672444,14.349721196484348,14.140399814729896,13.941086095139351,13.871689974958414,13.758319250196523,13.553945363894076,12.573892082211513,,,,,,,,,,,,,,,,11.974488424231902,,"rgba(239, 83, 80, 0.75)"
2025-01-08 00:00:00+00:00,16.0016482114,16.0297048711,15.7117293952,15.9642393319,9867429,0.0,0.0,0.0,0.0,0.0,0.0,0.0,0.0,,,,15.15997240301054,14.355160246180704,14.14584908858801,13.946407139633457,13.877056704827245,13.763798963646066,13.55967432964595,12.580060117140949,,,,,,,,,,,,,,,,11.980742019455965,,"rgba(239, 83, 80, 0.75)"
2025-01-10 00:00:00+00:00,15.6369116362,15.8473365834,15.5153327778,15.805251594,16167147,0.0,0.0,0.0,0.0,0.0,0.0,0.0,0.0,,,,15.164705952281055,14.362586943166024,14.153464280827738,13.953973427820172,13.884726781916237,13.771689419306044,13.568019355903555,12.589369449199058,,,,,,,,,,,,,,,,11.990302484419399,,"rgba(239, 83, 80, 1.0)"
2025-01-13 00:00:00+00:00,15.9174782325,15.9174782325,15.4779238983,15.5246849977,14128241,0.0,0.0,0.0,0.0,0.0,0.0,0.0,0.0,,,,15.169616591090216,14.369522796853493,14.160511943282414,13.960931107210547,13.891765631313802,13.778908479557797,13.575618250292784,12.597733423834258,,,,,,,,,,,,,,,,11.998852910434197,,"rgba(239, 83, 80, 1.0)"
2025-01-14 00:00:00+00:00,16.3476803469,16.3850892264,15.9969721015,16.0016482114,12195370,0.0,0.0,0.0,0.0,0.0,0.0,0.0,0.0,,,,15.177071100941937,14.37745424553838,14.168315858553642,13.968450144085045,13.899315824085317,13.786565588584974,13.58353758507973,12.605987142194062,,,,,,,,,,,,,,,,12.007122729431993,,"rgba(239, 83, 80, 0.75)"
2025-01-15 00:00:00+00:00,16.9649268589,17.1145623769,16.805939121,16.8994613197,17501910,0.0,0.0,0.0,0.0,0.0,0.0,0.0,0.0,,,,15.194679631657092,14.393059080047218,14.183257128632118,13.98253612937228,13.913362886389486,13.800661711709608,13.597869426253357,12.62009440252802,,,,,,,,,,,,,,,,12.02093847283626,,#000000
2025-01-16 00:00:00+00:00,16.6843602625,16.8901090999,16.5253725246,16.7591780216,16416323,0.0,0.0,0.0,0.0,0.0,0.0,0.0,0.0,,,,15.208481954169304,14.406050936000065,14.195819935751402,13.99447770077201,13.925300252196282,13.812684338900239,13.610164348997476,12.632450751370898,,,,,,,,,,,,,,,,12.033144321105686,,"rgba(38, 166, 154, 0.5)"
2025-01-17 00:00:00+00:00,17.1145623769,17.1800279161,16.6843602625,16.7404735818,17480460,0.0,0.0,0.0,0.0,0.0,0.0,0.0,0.0,,,,15.225736859332894,14.421471849956358,14.210609298078827,14.008443330509913,13.939230127548507,13.826665392469573,13.624381082926243,12.64646803484366,,,,,,,,,,,,,,,,12.046883285070763,,"rgba(38, 166, 154, 1.0)"
2025-01-21 00:00:00+00:00,16.497315865,16.7217691421,16.1699881692,16.3102714674,27286295,0.0,0.0,0.0,0.0,0.0,0.0,0.0,0.0,,,,15.24413407017132,14.440293376738495,14.229046801294956,14.026159863099178,13.956993070492155,13.844633326570442,13.642881599892695,12.665523253114054,,,,,,,,,,,,,,,,12.065896135624168,,"rgba(38, 166, 154, 1.0)"
2025-01-22 00:00:00+00:00,16.1793403891,16.4412025457,16.10919874,16.3663847867,17231410,0.0,0.0,0.0,0.0,0.0,0.0,0.0,0.0,,,,15.253428298731,14.450729375606917,14.239405218580929,14.036219570970097,13.967109697006103,13.854912661264454,13.653540193938605,12.676768219609858,,,,,,,,,,,,,,,,12.077222808286145,,#000000
2025-01-23 00:00:00+00:00,16.3383281271,16.3757370066,16.1185509599,16.2167492686,12095257,0.0,0.0,0.0,0.0,0.0,0.0,0.0,0.0,,,,15.260072046551237,14.45812161404046,14.246736041465871,14.043335302512958,13.974263735630839,13.862178418211176,13.661068125193182,12.684694765386997,,,,,,,,,,,,,,,,12.085201870016899,,#000000
2025-01-24 00:00:00+00:00,16.5347247445,16.7965869011,16.263510368,16.263510368,11064937,0.0,0.0,0.0,0.0,0.0,0.0,0.0,0.0,,,,15.267573731631751,14.465768998518936,14.25422961574915,14.050541199412802,13.981487326120128,13.869482351065205,13.668582123261336,12.692426215876191,,,,,,,,,,,,,,,,12.092915498386573,,#000000
2025-01-27 00:00:00+00:00,16.5160203047,16.7124169222,16.3289759072,16.5908380638,14825370,0.0,0.0,0.0,0.0,0.0,0.0,0.0,0.0,,,,15.27738941584694,14.475866050283358,14.264138625152357,14.060082663753654,13.991055121689232,13.87916056401686,13.678544734864957,12.702703138332568,,,,,,,,,,,,,,,,12.10317984158581,,#000000
2025-01-28 00:00:00+00:00,16.5066680849,16.6375991631,16.2167492686,16.4879636451,13398259,0.0,0.0,0.0,0.0,0.0,0.0,0.0,0.0,,,,15.285667974951899,14.484616461727796,14.272761663736937,14.068414544432214,13.999417744519302,13.887631125743866,13.687282489980781,12.711784916392194,,,,,,,,,,,,,,,,12.11227834502628,,#000000
2025-01-29 00:00:00+00:00,16.5253725246,16.7965869011,16.4037936662,16.497315865,9128390,0.0,0.0,0.0,0.0,0.0,0.0,0.0,0.0,,,,15.291822020307654,14.490899382235625,14.278923191849607,14.074345660813703,14.005363479752466,13.893642289892176,13.693464426963107,12.718147514877716,,,,,,,,,,,,,,,,12.118628483957302,,#000000
2025-01-30 00:00:00+00:00,16.8620524402,16.9929835185,16.6188947234,16.6750080427,16170290,0.0,0.0,0.0,0.0,0.0,0.0,0.0,0.0,,,,15.304671061665069,14.503257559518907,14.290933973118532,14.085824485022968,14.01684442045083,13.905209086338296,13.705292662642117,12.730092546910996,,,,,,,,,,,,,,,,12.130460062272956,,"rgba(38, 166, 154, 0.75)"
2025-01-31 00:00:00+00:00,16.8152913408,16.9836312986,16.7404735818,16.8901090999,14669993,0.0,0.0,0.0,0.0,0.0,0.0,0.0,0.0,,,,15.316307697007566,14.514460774766727,14.301825755330537,14.096238024494978,14.027259871644862,13.915701851823647,13.716020944043679,12.74092677938925,,,,,,,,,,,,,,,,12.141192201836398,,"rgba(38, 166, 154, 1.0)"
2025-02-03 00:00:00+00:00,16.3383281271,16.6001902836,16.1699881692,16.3102714674,11463605,0.0,0.0,0.0,0.0,0.0,0.0,0.0,0.0,,,,15.322482839629654,14.521365672057119,14.308689286239089,14.102919176966743,14.03397764832963,13.922523331934308,13.723083926511109,12.748374418096057,,,,,,,,,,,,,,,,12.148698028522622,,#000000
2025-02-04 00:00:00+00:00,16.7872346812,16.7965869011,16.3710608966,16.4318503258,12009674,0.0,0.0,0.0,0.0,0.0,0.0,0.0,0.0,,,,15.330597328178209,14.529640449946998,14.316808765718642,14.11074259386939,14.04181938618807,13.930448464134985,13.731227676325634,12.756749447030842,,,,,,,,,,,,,,,,12.157056559514757,,"rgba(38, 166, 154, 0.75)"
2025-02-05 00:00:00+00:00,16.6937124824,16.8901090999,16.5908380638,16.88075688,11389599,0.0,0.0,0.0,0.0,0.0,0.0,0.0,0.0,,,,15.338623560868662,14.53769770032582,14.324697186630802,14.11833047685714,14.049420503358727,13.93812320478486,13.739101912347106,12.764807695502759,,,,,,,,,,,,,,,,12.16508364889187,,"rgba(38, 166, 154, 0.75)"
2025-02-06 00:00:00+00:00,16.7872346812,16.9275179794,16.6188947234,16.9275179794,13387699,0.0,0.0,0.0,0.0,0.0,0.0,0.0,0.0,,,,15.348296681451792,14.547320808829383,14.334106943020894,14.127373588519914,14.058476108895974,13.947261148835588,13.748468088130807,12.774364073477061,,,,,,,,,,,,,,,,12.174592193178821,,"rgba(38, 166, 154, 0.75)"
2025-02-07 00:00:00+00:00,16.6843602625,16.8246435607,16.4786114252,16.8246435607,13056287,0.0,0.0,0.0,0.0,0.0,0.0,0.0,0.0,,,,15.356854821200944,14.55614519977109,14.342784623860112,14.135752576990473,14.066877694703816,13.95575557672525,13.757201284985568,12.783372897987055,,,,,,,,,,,,,,,,12.183596260277534,,"rgba(38, 166, 154, 0.75)"
2025-02-10 00:00:00+00:00,16.3757370066,16.7591780216,16.3710608966,16.7591780216,8149406,0.0,0.0,0.0,0.0,0.0,0.0,0.0,0.0,,,,15.361490424531318,14.561198966278646,14.347795708606212,14.140623994229095,14.071771670393355,13.960717816404989,13.762326086973966,12.788743002439414,,,,,,,,,,,,,,,,12.188997286282909,,#000000
2025-02-11 00:00:00+00:00,16.422498106,16.497315865,16.1793403891,16.2915670277,9666238,0.0,0.0,0.0,0.0,0.0,0.0,0.0,0.0,,,,15.366292405217347,14.566742977967989,14.35333715298167,14.14604584366437,14.077228613326529,13.966265903859021,13.768080346200035,12.79486067398238,,,,,,,,,,,,,,,,12.195185229633426,,#000000
2025-02-12 00:00:00+00:00,16.4599069855,16.5019919749,16.0624376406,16.2073970488,13884616,0.0,0.0,0.0,0.0,0.0,0.0,0.0,0.0,,,,15.372940212175516,14.574537554845266,14.361145917949678,14.153700787416406,14.084936819892581,13.974108219635067,13.776222516284726,12.80355049108421,,,,,,,,,,,,,,,,12.203988649926329,,#000000
2025-02-13 00:00:00+00:00,16.3476803469,16.5581052942,16.188692609,16.5347247445,10490200,0.0,0.0,0.0,0.0,0.0,0.0,0.0,0.0,,,,15.378022813628524,14.580458637947327,14.36707426643498,14.159510425272389,14.090785843220337,13.980057220788924,13.782395814361813,12.810130894838641,,,,,,,,,,,,,,,,12.210652564187022,,"rgba(239, 83, 80, 0.5)"
2025-02-14 00:00:00+00:00,16.572133624,16.6937124824,16.3950961017,16.4131458861,8284051,0.0,0.0,0.0,0.0,0.0,0.0,0.0,0.0,,,,15.382760847565057,14.58559875433429,14.37217126824109,14.164467706069198,14.095765387830628,13.985104548903433,13.787604996367767,12.815585363600011,,,,,,,,,,,,,,,,12.216138466008552,,#000000
2025-02-18 00:00:00+00:00,16.7965869011,16.8106152309,16.4832875352,16.6095425035,8580141,0.0,0.0,0.0,0.0,0.0,0.0,0.0,0.0,,,,15.388223332581994,14.591279712290328,14.377770318229672,14.169886986374905,14.10120094285833,13.99060170691055,13.793257981242839,12.82143380930902,,,,,,,,,,,,,,,,12.221992936137257,,#000000
2025-02-19 00:00:00+00:00,16.8620524402,16.8901090999,16.5440769644,16.5627814041,7650493,0.0,0.0,0.0,0.0,0.0,0.0,0.0,0.0,,,,15.393309071107783,14.596483579158473,14.382886992576676,14.174830187090878,14.106155993043068,13.99560823492092,13.7983985971551,12.826725761753202,,,,,,,,,,,,,,,,12.227280002474012,,"rgba(38, 166, 154, 1.0)"
2025-02-20 00:00:00+00:00,16.4412025457,16.9088135396,16.2494820382,16.9088135396,10336263,0.0,0.0,0.0,0.0,0.0,0.0,0.0,0.0,,,,15.39896785880079,14.602726249976852,14.389094708468942,14.180882851857605,14.112239234896718,14.001778955935272,13.804774248898012,12.833432724369482,,,,,,,,,,,,,,,,12.234039062220877,,#000000
2025-02-21 00:00:00+00:00,15.8333082536,16.5534291842,15.8333082536,16.5534291842,14269070,0.0,0.0,0.0,0.0,0.0,0.0,0.0,0.0,,,,15.403558190402839,14.609241289143192,14.395780445495609,14.187564215526741,14.119001579513908,14.008709959596766,13.812051943654701,12.84150602619107,,,,,,,,,,,,,,,,12.242340797938375,,"rgba(239, 83, 80, 0.5)"
2025-02-24 00:00:00+00:00,15.6836727356,15.9922959916,15.5527416573,15.954887112,12384497,0.0,0.0,0.0,0.0,0.0,0.0,0.0,0.0,,,,15.4055511811285,14.613583546605327,14.400405725253622,14.19231555638393,14.123847097004237,14.013731275473544,13.817413178858882,12.847767392955252,,,,,,,,,,,,,,,,12.248898052693576,,"rgba(239, 83, 80, 0.5)"
2025-02-25 00:00:00+00:00,15.5901505368,15.8753932431,15.496628338,15.8146038139,12610553,0.0,0.0,0.0,0.0,0.0,0.0,0.0,0.0,,,,15.40702847533758,14.617625844262827,14.404773373821184,14.19684837832489,14.128482310270286,14.018553277441299,13.822591281139907,12.85392053492206,,,,,,,,,,,,,,,,12.255380661508353,,"rgba(239, 83, 80, 1.0)"
2025-02-26 00:00:00+00:00,15.7678427145,16.0530854208,15.6649682958,15.6836727356,9897350,0.0,0.0,0.0,0.0,0.0,0.0,0.0,0.0,,,,15.408986406391241,14.621307185753198,14.408656098763096,14.20081015231499,14.132514670583856,14.022719847040134,13.827020327715026,12.859030845921348,,,,,,,,,,,,,,,,12.260711706368,,"rgba(239, 83, 80, 1.0)"
2025-02-27 00:00:00+00:00,15.880069353,16.3102714674,15.805251594,15.8239560338,11399336,0.0,0.0,0.0,0.0,0.0,0.0,0.0,0.0,,,,15.412122965004995,14.626112335026802,14.41363382919843,14.205823146358284,14.137598177412123,14.02794425741212,13.832528278577806,12.865230466548221,,,,,,,,,,,,,,,,12.267123536881776,,"rgba(239, 83, 80, 1.0)"
2025-02-28 00:00:00+00:00,16.1980448289,16.2167492686,15.8987737928,15.9735915518,9814657,0.0,0.0,0.0,0.0,0.0,0.0,0.0,0.0,,,,15.415280182337533,14.63054015864275,14.41817962539785,14.210370778689635,14.14220088944177,14.032661065417077,13.837479171634786,12.87072856565668,,,,,,,,,,,,,,,,12.272782740851266,,"rgba(239, 83, 80, 0.5)"
2025-03-03 00:00:00+00:00,15.880069353,16.4677628502,15.6977010654,16.2261014885,12074364,0.0,0.0,0.0,0.0,0.0,0.0,0.0,0.0,,,,15.418626633061649,14.63562319659844,14.423444092938082,14.215673163104162,14.147577384040602,14.038185577922416,13.843301551050601,12.877280812609394,,,,,,,,,,,,,,,,12.279560246971116,,"rgba(239, 83, 80, 0.5)"
2025-03-04 00:00:00+00:00,15.3797255895,15.8058879365,14.7926632809,15.5975419002,21059432,0.0,0.0,0.0,0.0,0.0,0.0,0.0,0.0,,,,15.417734996792193,14.640016002538404,14.428604228413956,14.221334122644084,14.153448427791384,14.04441486328566,13.85018402351267,12.886148449306923,,,,,,,,,,,,,,,,12.2891529014788,,"rgba(239, 83, 80, 0.75)"
2025-03-05 00:00:00+00:00,15.3986661383,15.5217797052,14.9914443401,15.3797255895,16463747,0.0,0.0,0.0,0.0,0.0,0.0,0.0,0.0,,,,15.416884365577364,14.643301936184931,14.432498931074422,14.225631836244581,14.157911834187882,14.04915959523142,13.855440226148124,12.892973877402323,,,,,,,,,,,,,,,,12.29655589491316,,"rgba(239, 83, 80, 1.0)"
2025-03-06 00:00:00+00:00,15.0861470838,15.3607850408,14.8920064591,15.1524390045,13562108,0.0,0.0,0.0,0.0,0.0,0.0,0.0,0.0,,,,15.415024091307435,14.645208961797033,14.43498385706885,14.228524062008907,14.16095426804409,14.052450519158771,13.859174465331144,12.89812439267082,,,,,,,,,,,,,,,,12.302241363332588,,"rgba(239, 83, 80, 1.0)"
2025-03-07 00:00:00+00:00,14.8967415963,15.0245903004,14.4232278774,14.9914443401,18700032,0.0,0.0,0.0,0.0,0.0,0.0,0.0,0.0,,,,15.409721919112489,14.645967850354324,14.436719978322419,14.23099822303534,14.16366812191989,14.055547119970306,13.862935564311998,12.904130128199565,,,,,,,,,,,,,,,,12.309123156094778,,"rgba(239, 83, 80, 1.0)"
2025-03-10 00:00:00+00:00,14.3569359567,14.6978658343,14.0917682742,14.6599847368,22082117,0.0,0.0,0.0,0.0,0.0,0.0,0.0,0.0,,,,15.399665883007708,14.644245037701774,14.43639927504879,14.231792815068715,14.16479079954054,14.057177223429644,13.86542392606886,12.909674888690832,,,,,,,,,,,,,,,,12.315895932768475,,"rgba(239, 83, 80, 1.0)"
2025-03-11 00:00:00+00:00,14.3569359567,14.5321360327,14.0822979998,14.3853467799,15437068,0.0,0.0,0.0,0.0,0.0,0.0,0.0,0.0,,,,15.392355221789334,14.642788530749357,14.435938186199415,14.232129576174799,14.165359812470207,14.05810412690753,13.866954369778552,12.913373700081756,,,,,,,,,,,,,,,,12.320471317264012,,"rgba(239, 83, 80, 1.0)"
2025-03-12 00:00:00+00:00,14.6599847368,14.7973984181,14.4090224658,14.5084603468,14917982,0.0,0.0,0.0,0.0,0.0,0.0,0.0,0.0,,,,15.387330499817518,14.642698212127678,14.4366720464436,14.233504345876666,14.166934070089475,14.05999274962416,13.869383227449019,12.917682018208072,,,,,,,,,,,,,,,,12.325528616703924,,"rgba(239, 83, 80, 1.0)"
2025-03-13 00:00:00+00:00,14.3474656824,14.7783631666,14.3285251336,14.7073361087,11744295,0.0,0.0,0.0,0.0,0.0,0.0,0.0,0.0,,,,15.38271882575558,14.64215642207835,14.436820869770543,14.234199739784566,14.167794144931062,14.061109592182326,13.870937503755647,12.920786430840565,,,,,,,,,,,,,,,,12.329257228691795,,"rgba(239, 83, 80, 1.0)"
2025-03-14 00:00:00+00:00,14.8493902244,14.8778010475,14.5747522674,14.6078982278,18651730,0.0,0.0,0.0,0.0,0.0,0.0,0.0,0.0,,,,15.377765099308286,14.64283469229452,14.43843648922731,14.23653255711425,14.170359497113758,14.06404608542304,13.874518584330657,12.926577595190361,,,,,,,,,,,,,,,,12.335925138709825,,"rgba(239, 83, 80, 0.75)"
2025-03-17 00:00:00+00:00,14.9630335169,15.0387957119,14.7120712459,14.8493902244,11350957,0.0,0.0,0.0,0.0,0.0,0.0,0.0,0.0,,,,15.375458646878103,14.643695279445149,14.439819318881046,14.23830699359689,14.172266648138207,14.066167848542126,13.87701701786282,12.9303457936793,,,,,,,,,,,,,,,,12.34019340729471,,"rgba(239, 83, 80, 0.75)"
2025-03-18 00:00:00+00:00,15.0103848888,15.0530011235,14.83991995,15.0103848888,10329412,0.0,0.0,0.0,0.0,0.0,0.0,0.0,0.0,,,,15.37365806290451,14.64466181199289,14.441240547317415,14.240065790064305,14.174142446106245,14.06823406115441,13.8794191320071,12.933871671709893,,,,,,,,,,,,,,,,12.344160560984232,,"rgba(239, 83, 80, 0.75)"
2025-03-19 00:00:00+00:00,15.1997903764,15.3749904524,14.9251524194,15.0293254376,9796686,0.0,0.0,0.0,0.0,0.0,0.0,0.0,0.0,,,,15.372794546621137,14.646134144917344,14.443087890974455,14.242179799859723,14.176357118940304,14.070616303822804,13.882102126383195,12.937530331222375,,,,,,,,,,,,,,,,12.34819643383847,,"rgba(239, 83, 80, 0.5)"
2025-03-20 00:00:00+00:00,15.2376714739,15.4460175102,15.0009146144,15.0009146144,15328557,0.0,0.0,0.0,0.0,0.0,0.0,0.0,0.0,,,,15.37185694866614,14.648691744809037,14.446203874683272,14.245687201886426,14.180016755821901,14.074531243262001,13.886477853817752,12.94338834233356,,,,,,,,,,,,,,,,12.354625541969158,,"rgba(239, 83, 80, 0.5)"
2025-03-21 00:00:00+00:00,15.2944931201,15.4128715499,15.0293254376,15.1524390045,57103938,0.0,0.0,0.0,0.0,0.0,0.0,0.0,0.0,,,,15.368878102377343,14.658304632289422,14.45785038007398,14.258763745575974,14.193650997172366,14.089101536318774,13.902739225027224,12.965113989431286,,,,,,,,,,,,,,,,12.378468730800668,,#000000
2025-03-24 00:00:00+00:00,15.692244644,15.7727419762,15.4365472358,15.4838986077,12006280,0.0,0.0,0.0,0.0,0.0,0.0,0.0,0.0,,,,15.37018563281346,14.661596878275736,14.461441854153966,14.262534470491154,14.197515156292074,14.093132078800394,13.907083178153066,12.970398693519321,,,,,,,,,,,,,,,,12.384104026245582,,#000000
2025-03-25 00:00:00+00:00,15.692244644,15.8579744456,15.5596608027,15.7017149184,14952790,0.0,0.0,0.0,0.0,0.0,0.0,0.0,0.0,,,,15.372220323083932,14.665956819336442,14.466147316016121,14.26743813792936,14.202530030876252,14.098347404150521,13.912679174122948,12.977121998966172,,,,,,,,,,,,,,,,12.391244483820381,,"rgba(38, 166, 154, 1.0)"
2025-03-26 00:00:00+00:00,15.5312499796,15.9621474638,15.4176066871,15.7774771134,12792844,-1.0,15.962148,15.417606,1006.0,-1.0,15.962148,15.417606,1006.0,,,,15.373596840790569,14.669421563056881,14.469930649790319,14.271414573054523,14.206605711486729,14.102599431551075,13.917262993632955,12.982708676979138,,,15.63700137683333,,,,,,,,,,,,,12.397207366891742,,"rgba(38, 166, 154, 1.0)"
2025-03-27 00:00:00+00:00,15.3134336689,15.5880716259,15.2471417483,15.4744283333,13081251,0.0,0.0,0.0,0.0,0.0,0.0,0.0,0.0,,,,15.373645940637209,14.672015160687696,14.472937205645852,14.274704629882612,14.210013243830648,14.106207026168995,13.921236130539642,12.987852485657557,,,15.508525586512183,,,,,,,,,,,,,12.402805586496692,,"rgba(38, 166, 154, 1.0)"
2025-03-28 00:00:00+00:00,14.9630335169,15.4176066871,14.8115091269,15.2471417483,10180711,0.0,0.0,0.0,0.0,0.0,0.0,0.0,0.0,,,,15.372377075903621,14.673121169980698,14.474448359993188,14.276518904156477,14.211934378280468,14.108302988425667,13.923642161868385,12.991309616622681,,,15.3830199947341,,,,,,,,,,,,,12.406683406681907,,#000000
2025-03-31 00:00:00+00:00,15.1429687301,15.2092606507,14.5700171302,14.7262766575,14387141,0.0,0.0,0.0,0.0,0.0,0.0,0.0,0.0,,,,15.370083501712262,14.674316293915023,14.476246902389411,14.278777339369359,14.214349497119857,14.110972008629917,13.92675820379659,12.995964360139666,,,15.26638202792669,,,,,,,,,,,,,12.411959339752746,,#000000
2025-04-01 00:00:00+00:00,14.9630335169,15.0861470838,14.7782684638,14.9725037913,11185258,0.0,0.0,0.0,0.0,0.0,0.0,0.0,0.0,,,,15.368177699755352,14.675141648186017,14.477548067961779,14.280443739531519,14.216138921002853,14.11296013781171,13.929095313918479,12.999510542069686,,,15.2075947771853,,,,,,,,,,,,,12.415995743230702,,"rgba(239, 83, 80, 0.5)"
2025-04-02 00:00:00+00:00,15.2187309251,15.2471417483,14.7073361087,14.7073361087,12591673,0.0,0.0,0.0,0.0,0.0,0.0,0.0,0.0,,,,15.366627873083415,14.676462669019811,14.4793651338838,14.282634525261562,14.218460824392649,14.11549629138389,13.932011215567563,13.003723072965895,,,15.182170390739467,,,,,,,,,,,,,12.420730880922395,,#000000
2025-04-03 00:00:00+00:00,13.3720274215,14.4279630146,13.3246760496,14.3758765055,20373968,0.0,0.0,0.0,0.0,0.0,0.0,0.0,0.0,,,,15.353338871922542,14.671083357637537,14.475477067654284,14.280026839228775,14.216193201007,14.113734950657271,13.93107960075031,13.006048415145003,,,14.864702682367188,,,,,,,,,,,,,12.42445412234258,,"rgba(239, 83, 80, 1.0)"
2025-04-04 00:00:00+00:00,12.7564595869,12.9316596629,12.0509241457,12.8795731538,23357967,0.0,0.0,0.0,0.0,0.0,0.0,0.0,0.0,,,,15.328089980566391,14.6578465586808,14.464581582124696,14.27122296790663,14.207897195729299,14.106166471632331,13.924660523557586,13.0044410690397,,,14.412196619762442,,,,,,,,,,,,,12.42496706182906,,"rgba(239, 83, 80, 1.0)"
2025-04-07 00:00:00+00:00,12.7943406844,13.3010003636,12.104810007,12.4534108068,36888545,0.0,0.0,0.0,0.0,0.0,0.0,0.0,0.0,,,,15.291316472851214,14.638801074566755,14.449009948695801,14.258750077238394,14.196186249009505,14.095553045344678,13.915790747074663,13.002836843986264,,,14.012240385827614,,,,,,,,,,,,,12.4265682139025,,"rgba(239, 83, 80, 1.0)"
2025-04-08 00:00:00+00:00,12.5291730018,13.561432909,12.2971512796,13.2773246777,35693969,0.0,0.0,0.0,0.0,0.0,0.0,0.0,0.0,,,,15.257558634177357,14.621320959266948,14.434746517782804,14.24735916256128,14.185507197964501,14.085902734280772,13.907780352588711,13.001658627262001,,,13.784378225133855,,,,,,,,,,,,,12.4284143386654,,"rgba(239, 83, 80, 1.0)"
2025-04-09 00:00:00+00:00,13.7508383966,14.0065358048,12.1219512036,12.282945868,28765683,0.0,0.0,0.0,0.0,0.0,0.0,0.0,0.0,,,,15.236372748260553,14.61124498610301,14.426862889961157,14.241408163271982,14.180055905507759,14.081186781170441,13.904257353646654,13.00298994792829,,,13.719937851729474,,,,,,,,,,,,,12.431883451535574,,"rgba(239, 83, 80, 0.75)"
2025-04-10 00:00:00+00:00,13.0121569951,13.3814976958,12.5623189621,13.3341463239,19867678,0.0,0.0,0.0,0.0,0.0,0.0,0.0,0.0,,,,15.21972943042991,14.602770339481458,14.420020152650247,14.236021103564678,14.175036471205859,14.076702872857211,13.900634009902639,13.002934389921466,,,13.658913213911141,,,,,,,,,,,,,12.433412770261654,,"rgba(239, 83, 80, 0.75)"
2025-04-11 00:00:00+00:00,13.0026867207,13.059508367,12.5102324531,12.8416920563,15718983,0.0,0.0,0.0,0.0,0.0,0.0,0.0,0.0,,,,15.205991355617705,14.595602618537047,14.414173795329054,14.231359230522523,14.17067140084984,14.07276864941215,13.897389862746408,13.002573345604006,,,13.609487993977579,,,,,,,,,,,,,12.43433786442644,,"rgba(239, 83, 80, 0.75)"
2025-04-14 00:00:00+00:00,13.3152057752,13.4572598909,13.0973894645,13.2962652264,18741947,0.0,0.0,0.0,0.0,0.0,0.0,0.0,0.0,,,,15.192796851669499,14.58924040426971,14.409180787346958,14.22757863908046,14.167206135709923,14.069768400902191,13.895145798310711,13.00342131901495,,,13.587601562560643,,,,,,,,,,,,,12.436557570136237,,"rgba(239, 83, 80, 0.75)"
2025-04-15 00:00:00+00:00,13.4951409884,13.8218654544,13.3720274215,13.3909679702,15071677,0.0,0.0,0.0,0.0,0.0,0.0,0.0,0.0,,,,15.183821168282229,14.585234745672427,14.406169403994646,14.225439358819212,14.165300452593419,14.068211334017997,13.894162000563876,13.004746013271319,,,13.586317816183596,,,,,,,,,,,,,12.438902731452426,,"rgba(239, 83, 80, 0.75)"
2025-04-16 00:00:00+00:00,13.3246760496,13.7034870247,13.1542111108,13.3720274215,16943448,0.0,0.0,0.0,0.0,0.0,0.0,0.0,0.0,,,,15.172808916855193,14.58003095086977,14.402136531311855,14.222441815149674,14.162575681405379,14.065890918436716,13.89250244936164,13.005779497668088,,,13.575663502727885,,,,,,,,,,,,,12.441133161681138,,"rgba(239, 83, 80, 0.75)"
2025-04-17 00:00:00+00:00,13.5140815371,13.9497141585,13.461995028,13.7318978478,19001762,0.0,0.0,0.0,0.0,0.0,0.0,0.0,0.0,,,,15.162317286408271,14.575457045676817,14.398754311390016,14.220103783482177,14.160520768837532,14.06426051766523,13.891573269473396,13.007667458695373,,,13.57954216007021,,,,,,,,,,,,,12.444269408649495,,"rgba(239, 83, 80, 0.5)"
2025-04-21 00:00:00+00:00,13.059508367,13.4525247537,12.9553353488,13.3057355008,13122060,0.0,0.0,0.0,0.0,0.0,0.0,0.0,0.0,,,,15.152865693819116,14.570693035573512,14.3949471167195,14.217151817693763,14.15778973392865,14.061854292856772,13.889693889748461,13.007970409163475,,,13.563079583426461,,,,,,,,,,,,,12.445550421052916,,"rgba(239, 83, 80, 0.5)"
2025-04-22 00:00:00+00:00,13.4193787933,13.4430544793,13.1636813851,13.2583841289,17914240,0.0,0.0,0.0,0.0,0.0,0.0,0.0,0.0,,,,15.141295266619924,14.5650899505557,14.39056260584838,14.213850701000304,14.154773792058656,14.059260857207716,13.887790812117753,13.008900599912469,,,13.551946601290743,,,,,,,,,,,,,12.447748487345835,,"rgba(239, 83, 80, 0.5)"
2025-04-23 00:00:00+00:00,13.7508383966,14.3332602708,13.6940167503,13.8550114147,16244189,0.0,0.0,0.0,0.0,0.0,0.0,0.0,0.0,,,,15.134294735035674,14.56245822486154,14.388815169027287,14.212869580522284,14.154009526251587,14.058827032539982,13.887910951978867,13.011210411252115,,,13.568285430781643,,,,,,,,,,,,,12.451027863189447,,"rgba(239, 83, 80, 0.5)"
2025-04-24 00:00:00+00:00,14.0822979998,14.1343845089,13.66087079,13.7318978478,8822722,0.0,0.0,0.0,0.0,0.0,0.0,0.0,0.0,,,,15.13062960414189,14.561111888759598,14.387939163820908,14.21240075703661,14.15365660871899,14.058651110920428,13.888032339625846,13.012505349993068,,,13.577343379341388,,,,,,,,,,,,,12.452842792027951,,#000000
2025-04-25 00:00:00+00:00,13.9402438841,14.0822979998,13.8550114147,13.9213033354,8052212,0.0,0.0,0.0,0.0,0.0,0.0,0.0,0.0,,,,15.127304456528558,14.55988836582697,14.38714277446809,14.21197438694337,14.153335626472996,14.058491094278537,13.888142765862707,13.013684114560254,,,13.585251470088998,,,,,,,,,,,,,12.454495410220614,,#000000
2025-04-28 00:00:00+00:00,14.0822979998,14.1485899204,13.9591844329,13.9591844329,10593981,0.0,0.0,0.0,0.0,0.0,0.0,0.0,0.0,,,,15.123345925118981,14.5585640293088,14.386353446217566,14.211645878690966,14.153140658783457,14.058501372482477,13.888499802853262,13.01540088238309,,,13.597933300141923,,,,,,,,,,,,,12.45681432839345,,#000000
2025-04-29 00:00:00+00:00,14.1485899204,14.2432926642,13.8739519635,13.9970655304,9756725,0.0,0.0,0.0,0.0,0.0,0.0,0.0,0.0,,,,15.119812448107679,14.55741247234831,14.385686468387739,14.211395921252057,14.153012141829128,14.058559828204604,13.888874642769501,13.017014994022434,,,13.609634155568052,,,,,,,,,,,,,12.45897755273282,,"rgba(38, 166, 154, 1.0)"
2025-04-30 00:00:00+00:00,14.0538871767,14.0917682742,13.6750762015,13.8502762775,9494725,0.0,0.0,0.0,0.0,0.0,0.0,0.0,0.0,,,,15.115905532266591,14.555944292643849,14.384717530938607,14.210860897496753,14.152600567017302,14.05833671972278,13.888968110966683,13.01836427109045,,,13.61713226437917,,,,,,,,,,,,,12.460886029812677,,"rgba(38, 166, 154, 1.0)"
2025-05-01 00:00:00+00:00,14.1959412923,14.314319722,13.9402438841,14.0349466279,9889026,0.0,0.0,0.0,0.0,0.0,0.0,0.0,0.0,,,,15.112585476641119,14.554941391411864,14.38418734727177,14.210736424412458,14.15259567655037,14.058516724432552,13.88946217481432,13.02008444972655,,,13.629432811066732,,,,,,,,,,,,,12.463149864726217,,"rgba(38, 166, 154, 1.0)"
2025-05-02 00:00:00+00:00,14.6694550112,14.7262766575,14.337995408,14.4800495237,12415293,0.0,0.0,0.0,0.0,0.0,0.0,0.0,0.0,,,,15.11028768588308,14.555012438457396,14.384735552625582,14.211679391771515,14.153666595337379,14.05979176302466,13.891093172541154,13.023051305421646,,,13.656137922089735,,,,,,,,,,,,,12.466701896385425,,"rgba(38, 166, 154, 1.0)"
2025-05-05 00:00:00+00:00,14.7357469319,14.9535632425,14.4800495237,14.5179306212,12782675,0.0,0.0,0.0,0.0,0.0,0.0,0.0,0.0,,,,15.108582129718974,14.555546142559422,14.385718604799823,14.21302816659977,14.155139063724986,14.061464103561155,13.89311771526965,13.026378347866952,,,13.68619723735833,,,,,,,,,,,,,12.470597276547966,,"rgba(38, 166, 154, 1.0)"
2025-05-06 00:00:00+00:00,14.489519798,14.6694550112,14.4611089749,14.5463414443,9606233,0.0,0.0,0.0,0.0,0.0,0.0,0.0,0.0,,,,15.106706121745727,14.555509206399575,14.38605476222739,14.21367495656052,14.155885532202026,14.06236909709947,13.894298502415074,13.028601198928216,,,13.703899403344511,,,,,,,,,,,,,12.473278601601187,,"rgba(38, 166, 154, 1.0)"
2025-05-07 00:00:00+00:00,14.4232278774,14.6552495996,14.3570306595,14.5747522674,11611433,0.0,0.0,0.0,0.0,0.0,0.0,0.0,0.0,,,,15.10421056690761,14.555288292843372,14.386297556509493,14.214306604311396,14.15664006723072,14.063318126218007,13.895584582095333,13.031170328472294,,,13.722836668450647,,,,,,,,,,,,,12.476414157704529,,"rgba(38, 166, 154, 1.0)"
2025-05-08 00:00:00+00:00,14.7452172062,14.8493902244,14.588957679,14.588957679,10822934,0.0,0.0,0.0,0.0,0.0,0.0,0.0,0.0,,,,15.102822152217609,14.555748498098687,14.387131626187884,14.215445771892293,14.157882591743922,14.064727748732292,13.89728884516351,13.03396796405663,,,13.745228296883996,,,,,,,,,,,,,12.479690874203952,,"rgba(38, 166, 154, 1.0)"
2025-05-09 00:00:00+00:00,14.6694550112,14.8115091269,14.5747522674,14.8115091269,12402675,0.0,0.0,0.0,0.0,0.0,0.0,0.0,0.0,,,,15.101064219359928,14.55614302521462,14.38796351960204,14.21663696056126,14.159193881204047,14.066232446169838,13.899133534406387,13.037082252339735,,,13.768630976851055,,,,,,,,,,,,,12.483363202112054,,"rgba(38, 166, 154, 1.0)"
2025-05-12 00:00:00+00:00,15.5880716259,15.7348608787,15.3323742177,15.4270769614,15649613,0.0,0.0,0.0,0.0,0.0,0.0,0.0,0.0,,,,15.103445653709153,14.559955944632835,14.392047064472026,14.22089489693415,14.163549409949955,14.070763971418746,13.904001066688853,13.043052334916096,,,13.82294013940781,,,,,,,,,,,,,12.489796216241004,,"rgba(38, 166, 154, 1.0)"
2025-05-13 00:00:00+00:00,15.7395960159,15.7869473878,15.5608919384,15.6827743696,12244301,0.0,0.0,0.0,0.0,0.0,0.0,0.0,0.0,,,,15.10588444957581,14.56334919345718,14.395616470548772,14.224565949640178,14.167289864198255,14.07463318180968,13.908120663123313,13.047970677496075,,,13.866531342242256,,,,,,,,,,,,,12.49504653826041,,"rgba(38, 166, 154, 1.0)"
2025-05-14 00:00:00+00:00,15.7111851928,15.7869473878,15.6448932721,15.7206554671,11046815,0.0,0.0,0.0,0.0,0.0,0.0,0.0,0.0,,,,15.108136138614071,14.566443043214903,14.398865718282586,14.227903847061555,14.170689589254792,14.078147928965496,13.911859501338105,13.052423329600208,,,13.904535066543058,,,,,,,,,,,,,12.499795985181716,,"rgba(38, 166, 154, 1.0)"
2025-05-15 00:00:00+00:00,15.6070121746,15.7206554671,15.5028391565,15.6259527234,9587473,0.0,0.0,0.0,0.0,0.0,0.0,0.0,0.0,,,,15.109743393308294,14.568872270654802,14.401450480828096,14.230586513871298,14.173429799300813,14.08099273049336,13.914905081891847,13.056124964530108,,,13.93444654281712,,,,,,,,,,,,,12.503773447070897,,"rgba(38, 166, 154, 1.0)"
2025-05-16 00:00:00+00:00,15.7490662903,15.8248284853,15.4744283333,15.6306878606,14471001,0.0,0.0,0.0,0.0,0.0,0.0,0.0,0.0,,,,15.11249909105097,14.572771692029617,14.405564104912914,14.234828041315016,14.177754093048328,14.085469548865673,13.919677339761877,13.061850091612717,,,13.979530627727168,,,,,,,,,,,,,12.509897531860956,,"rgba(38, 166, 154, 1.0)"
2025-05-19 00:00:00+00:00,15.616482449,15.71592033,15.540720254,15.5880716259,10158228,0.0,0.0,0.0,0.0,0.0,0.0,0.0,0.0,,,,15.114221250618131,14.575349545829875,14.408304691402499,14.237671208259522,14.180657635342698,14.088482874562015,13.922901511402495,13.065764863043087,,,14.008775736572957,,,,,,,,,,,,,12.514103520838562,,"rgba(38, 166, 154, 1.0)"
2025-05-20 00:00:00+00:00,15.4270769614,15.6590986837,15.4034012755,15.5596608027,10538706,0.0,0.0,0.0,0.0,0.0,0.0,0.0,0.0,,,,15.115551014822655,14.57768631340748,14.410837380568493,14.24033777994346,14.183391971376048,14.091337427838159,13.925983208595262,13.069611331725376,,,14.035721465475705,,,,,,,,,,,,,12.51827618500415,,"rgba(38, 166, 154, 0.75)"
2025-05-21 00:00:00+00:00,14.7830983037,15.2802877086,14.764157755,15.2376714739,9809311,0.0,0.0,0.0,0.0,0.0,0.0,0.0,0.0,,,,15.114992608502856,14.578545699532665,14.411986656416468,14.241719499849907,14.184857396131651,14.09294057998058,13.92783277550906,13.072365860680293,,,14.050754928811099,,,,,,,,,,,,,12.52142905213268,,"rgba(38, 166, 154, 0.75)"
2025-05-22 00:00:00+00:00,14.8588604988,14.9630335169,14.664719874,14.7452172062,11195104,0.0,0.0,0.0,0.0,0.0,0.0,0.0,0.0,,,,15.113942688875474,14.579216863693102,14.413012572130576,14.24303514669349,14.18627312701259,14.094519095322267,13.929699934726347,13.075309216528755,,,14.065204153958998,,,,,,,,,,,,,12.524848899055405,,"rgba(38, 166, 154, 0.75)"
2025-05-23 00:00:00+00:00,14.8209794013,14.8967415963,14.4705792493,14.4705792493,10025724,0.0,0.0,0.0,0.0,0.0,0.0,0.0,0.0,,,,15.112683254797439,14.579576685401706,14.413708384931597,14.244009234155087,14.187340329783867,14.095736349253935,13.931181312002986,13.077787766975161,,,14.07606948037879,,,,,,,,,,,,,12.527771127361708,,#000000
2025-05-27 00:00:00+00:00,15.1192930442,15.1288865042,14.8170990525,15.1096995841,12085175,0.0,0.0,0.0,0.0,0.0,0.0,0.0,0.0,,,,15.112325676056464,14.58084976773,14.415315899697228,14.245882227269666,14.189311903655634,14.097871470873592,13.93361097360951,13.081292646404796,,,14.094355986089639,,,,,,,,,,,,,12.531749684999633,,#000000
2025-05-28 00:00:00+00:00,15.1192930442,15.4262837659,14.9562042232,15.1288865042,21884543,0.0,0.0,0.0,0.0,0.0,0.0,0.0,0.0,,,,15.112714133648929,14.583891230935892,14.41889860405667,14.249882859315159,14.193478438348626,14.102317900599513,13.938567948047108,13.088080924652406,,,14.130653793516194,,,,,,,,,,,,,12.539341187912212,,"rgba(38, 166, 154, 0.75)"
2025-05-29 00:00:00+00:00,15.3015687852,15.3111622452,15.090512664,15.2248211047,15588915,0.0,0.0,0.0,0.0,0.0,0.0,0.0,0.0,,,,15.113324071468178,14.586285762140777,14.42165705088718,14.25291855101402,14.196627966603442,14.105661030884148,13.94226636330587,13.09304481440183,,,14.156627314779511,,,,,,,,,,,,,12.544859697498964,,"rgba(38, 166, 154, 0.75)"
2025-05-30 00:00:00+00:00,15.2152276447,15.2536014849,15.0137649836,15.1768538045,16412851,0.0,0.0,0.0,0.0,0.0,0.0,0.0,0.0,,,,15.113573611904828,14.588503936177972,14.42428019933509,14.255856529400805,14.199689873319702,14.108931620421147,13.945917160753355,13.098067656593129,,,14.180906361411504,,,,,,,,,,,,,12.550487290080266,,"rgba(38, 166, 154, 0.75)"
2025-06-02 00:00:00+00:00,15.1576668844,15.2152276447,14.8362859726,15.1480734243,10950410,0.0,0.0,0.0,0.0,0.0,0.0,0.0,0.0,,,,15.113420594177933,14.589740229100434,14.425804729776448,14.257609818234206,14.201529260697466,14.110914378685903,13.94815897211105,13.101257811435715,,,14.195015687036918,,,,,,,,,,,,,12.554097870454118,,"rgba(38, 166, 154, 0.75)"
2025-06-03 00:00:00+00:00,15.3783164656,15.4646576061,15.0137649836,15.1672603444,10399917,0.0,0.0,0.0,0.0,0.0,0.0,0.0,0.0,,,,15.113989311522564,14.591433885440797,14.427729092380863,14.25970871219915,14.203701528399202,14.113212125770307,13.950687989547394,13.104609234030987,,,14.21121304628095,,,,,,,,,,,,,12.557810782142264,,"rgba(38, 166, 154, 0.75)"
2025-06-04 00:00:00+00:00,15.2536014849,15.4742510661,15.2344145648,15.3879099257,9923020,0.0,0.0,0.0,0.0,0.0,0.0,0.0,0.0,,,,15.114638982900674,14.593123711571124,14.429632159173256,14.26177177988084,14.205833210960122,14.115461672821919,13.953155488250589,13.107848821360804,,,14.226716904080096,,,,,,,,,,,,,12.561389600239918,,"rgba(38, 166, 154, 0.75)"
2025-06-05 00:00:00+00:00,15.2536014849,15.3591295455,15.090512664,15.2440080248,10979665,0.0,0.0,0.0,0.0,0.0,0.0,0.0,0.0,,,,15.115053956080411,14.594763587929696,14.431525332974715,14.263859845321768,14.208000496405157,14.11776340618082,13.955703682225778,13.111282924830755,,,14.242059821404974,,,,,,,,,,,,,12.56521514811457,,"rgba(38, 166, 154, 0.75)"
2025-06-06 00:00:00+00:00,15.6661202672,15.6853071873,15.4406739559,15.5701856667,8924086,0.0,0.0,0.0,0.0,0.0,0.0,0.0,0.0,,,,15.116408316614498,14.596843084698492,14.433750162390522,14.266182601676336,14.210375836838583,14.120233069665808,13.958353114704439,13.114541707551428,,,14.25862700308755,,,,,,,,,,,,,12.568738137706447,,"rgba(38, 166, 154, 1.0)"
2025-06-09 00:00:00+00:00,15.6181529669,15.8388025482,15.6085595069,15.7716483278,9965551,0.0,0.0,0.0,0.0,0.0,0.0,0.0,0.0,,,,15.118196666338454,14.599365694135042,14.4364184277859,14.268943814931676,14.213192471997942,14.123150782607915,13.96146560882587,13.118303928004462,,,14.27788269683286,,,,,,,,,,,,,12.572780702455198,,"rgba(38, 166, 154, 1.0)"
2025-06-10 00:00:00+00:00,15.6853071873,15.7620548677,15.5701856667,15.637339887,9962741,0.0,0.0,0.0,0.0,0.0,0.0,0.0,0.0,,,,15.119923559251662,14.60183911356183,14.439040701917346,14.271662582542215,14.215967202089114,14.126027157436592,13.96453734736475,13.122030780542323,,,14.296409047008087,,,,,,,,,,,,,12.576790982772978,,"rgba(38, 166, 154, 1.0)"
2025-06-11 00:00:00+00:00,15.5701856667,15.8292090881,15.5030314463,15.8292090881,15996661,0.0,0.0,0.0,0.0,0.0,0.0,0.0,0.0,,,,15.122482950446676,14.60564530546565,14.443097690765256,14.275887022975436,14.22028364113752,14.13050928271301,13.969336179676576,13.127902406358015,,,14.324346315672715,,,,,,,,,,,,,12.583128873131974,,"rgba(38, 166, 154, 1.0)"
2025-06-12 00:00:00+00:00,15.455064146,15.5126249063,15.2344145648,15.4646576061,10316323,0.0,0.0,0.0,0.0,0.0,0.0,0.0,0.0,,,,15.123373131596164,14.607531321225522,14.445189541318978,14.278131670021464,14.222596107659276,14.132939151911529,13.971984458063627,13.131323161081717,,,14.338650247843196,,,,,,,,,,,,,12.586890622509124,,"rgba(38, 166, 154, 0.75)"
2025-06-13 00:00:00+00:00,15.0137649836,15.263194945,14.9514074932,15.2152276447,13459307,1.0,15.263195,14.951407,0.0,0.0,0.0,0.0,0.0,,,15.076122473933335,15.12317670998661,14.608977085491988,14.446982581058142,14.2802038796926,14.224772042666215,14.135287296655683,13.974643268076044,13.135134534922015,,,14.351218594357103,,,,,,,,,,,,,12.591218969605963,,"rgba(38, 166, 154, 0.5)"
2025-06-16 00:00:00+00:00,15.2823818651,15.4406739559,15.1576668844,15.2536014849,10764207,0.0,0.0,0.0,0.0,0.0,0.0,0.0,0.0,,,15.17275154971777,15.12374133818943,14.610662192616017,14.44890237265798,14.282304087837053,14.226946751353397,14.13758895256235,13.977178453714233,13.13851227214336,,,14.363890071703068,,,,,,,,,,,,,12.594971765854185,,#000000
2025-06-17 00:00:00+00:00,15.090512664,15.2871785951,15.0233584436,15.1864472645,13936117,0.0,0.0,0.0,0.0,0.0,0.0,0.0,0.0,,,15.158483575911001,15.123783806902347,14.612323651244902,14.45090692909627,14.284582399605576,14.229329081975935,14.140144997985907,13.980049336441633,13.142546373396394,,,14.377062039571285,,,,,,,,,,,,,12.599527994408561,,#000000
2025-06-18 00:00:00+00:00,15.3591295455,15.4934379862,15.0425453637,15.0713257439,14236673,0.0,0.0,0.0,0.0,0.0,0.0,0.0,0.0,,,15.196492573972813,15.12454236324627,14.614542788110898,14.453433653581518,14.287346276099504,14.232190743675746,14.143173244110224,13.983384031942153,13.146990134465176,,,14.392889917929086,,,,,,,,,,,,,12.604467016737093,,#000000
2025-06-20 00:00:00+00:00,15.5030314463,15.5414052865,15.3783164656,15.4358772259,14385482,0.0,0.0,0.0,0.0,0.0,0.0,0.0,0.0,,,15.256324603462444,15.126070968681015,14.617343573732363,14.456499809018515,14.290606956949489,14.235541239349509,14.146680531754168,13.987184884400616,13.151827341164063,,,14.41134133461734,,,,,,,,,,,,,12.609763970126997,,#000000
2025-06-23 00:00:00+00:00,15.8196156281,15.8388025482,15.3591295455,15.3591295455,12262084,0.0,0.0,0.0,0.0,0.0,0.0,0.0,0.0,,,15.320888404897229,15.128099399094827,14.620265623981096,14.459605189368997,14.293835420652192,14.238837775955735,14.150099862874866,13.990839354707486,13.156285339167514,,,14.42942152205479,,,,,,,,,,,,,12.614575086693218,,"rgba(38, 166, 154, 1.0)"
2025-06-24 00:00:00+00:00,16.0690455894,16.2033540302,15.9395338787,15.9731109889,17234463,0.0,0.0,0.0,0.0,0.0,0.0,0.0,0.0,,,15.455099740591075,15.132991431822953,14.625888935320212,14.4653670010999,14.299650652038933,14.244725180021595,14.156129978134476,13.997158724236844,13.163511689626974,,,14.461837939762045,,,,,,,,,,,,,12.622188724028808,,"rgba(38, 166, 154, 1.0)"
2025-06-25 00:00:00+00:00,16.0882325095,16.1361998098,15.9395338787,16.0498586693,11935677,0.0,0.0,0.0,0.0,0.0,0.0,0.0,0.0,,,15.521228910799904,15.136292472369338,14.629715038283098,14.469293726954815,14.303619555843701,14.24874484384001,14.160249279800304,14.001479150891285,13.168467900661835,,,,,,,,,,,,,,,,12.62741753904719,,"rgba(38, 166, 154, 1.0)"
2025-06-26 00:00:00+00:00,16.4527839916,16.5103447519,16.1361998098,16.17457365,12325147,0.0,0.0,0.0,0.0,0.0,0.0,0.0,0.0,,,15.607652163790199,15.140825394285796,14.634504347993836,14.474121732445463,14.308425584342412,14.253590383189469,14.16518128903501,14.006596161699036,13.174118989114566,,,,,,,,,,,,,,,,12.633289968044384,,"rgba(38, 166, 154, 1.0)"
2025-06-27 00:00:00+00:00,16.519938212,16.6062793524,16.3664428511,16.4623774516,21123186,0.0,0.0,0.0,0.0,0.0,0.0,0.0,0.0,,,15.740344807815141,15.14933963898426,14.643267999003603,14.482908560185532,14.31713185389784,14.262355574358766,14.174083229725554,14.01579891961432,13.184153546503003,,,,,,,,,,,,,,,,12.64366348444617,,"rgba(38, 166, 154, 1.0)"
2025-06-30 00:00:00+00:00,16.711807413,16.7885550934,16.5966858924,16.6542466527,24094997,0.0,0.0,0.0,0.0,0.0,0.0,0.0,0.0,,,15.879700221594762,15.16035411902446,14.654239702238035,14.493831911062712,14.327888659784655,14.27316437222927,14.185028272743526,14.027059184908214,13.196217612666207,,,,,,,,,,,,,,,,12.656043679873767,,"rgba(38, 166, 154, 1.0)"
2025-07-01 00:00:00+00:00,17.1435131154,17.239447716,16.6302630026,16.6830270329,18865010,0.0,0.0,0.0,0.0,0.0,0.0,0.0,0.0,,,15.994624673822937,15.170559204091713,14.664019329162462,14.50348343279073,14.33731906437362,14.282617319576476,14.194564572767982,14.036809711216126,13.206423920339828,,,,,,,,,,,,,,,,12.666412232968712,,"rgba(38, 166, 154, 1.0)"
2025-07-02 00:00:00+00:00,17.4600972972,17.4888776773,17.061968705,17.1147327353,18038013,0.0,0.0,0.0,0.0,0.0,0.0,0.0,0.0,,,16.11410262495946,15.181962378441893,14.674612432385006,14.513860711662797,14.347390776450336,14.292691840332987,14.204694806490604,14.047111406925753,13.21698185125882,,,,,,,,,,,,,,,,12.677036638669724,,"rgba(38, 166, 154, 1.0)"
2025-07-03 00:00:00+00:00,17.7095272586,17.7958683991,17.4696907572,17.6231861181,13695000,0.0,0.0,0.0,0.0,0.0,0.0,0.0,0.0,,,16.21185215028645,15.191819376995388,14.683563222873266,14.522579975824069,14.35580965077748,14.301099251890179,14.213127142206812,14.055649780187572,13.225584248157656,,,,,,,,,,,,,,,,12.685624869517119,,"rgba(38, 166, 154, 1.0)"
2025-07-07 00:00:00+00:00,17.5464384377,17.7958683991,17.3545692366,17.5608286277,18626175,0.0,0.0,0.0,0.0,0.0,0.0,0.0,0.0,,,16.3191610771412,15.204601001338414,14.69527426831039,14.534013058447654,14.366871838432433,14.312152744748854,14.224222921599317,14.066900722528073,13.236987125401646,,,,,,,,,,,,,,,,12.697041110308305,,"rgba(38, 166, 154, 1.0)"
2025-07-08 00:00:00+00:00,17.7287141787,17.9301768398,17.6342185972,17.9301768398,24580619,0.0,0.0,0.0,0.0,0.0,0.0,0.0,0.0,,,16.45602281064658,15.222661745609628,14.711644289021825,14.549950791429774,14.38225404138003,14.327509885518044,14.239618177859867,14.08247562196855,13.252630618489006,,,,,,,,,,,,,,,,12.712637093582613,,"rgba(38, 166, 154, 1.0)"
2025-07-09 00:00:00+00:00,17.7095272586,17.96855068,17.6423730382,17.8054618591,16825555,0.0,0.0,0.0,0.0,0.0,0.0,0.0,0.0,,,16.536225399259475,15.23492199180216,14.722782490344596,14.560800561198851,14.392731338524912,14.337971058689448,14.250106387613938,14.093087490122231,13.263297992613163,,,,,,,,,,,,,,,,12.723276550278431,,"rgba(38, 166, 154, 1.0)"
2025-07-10 00:00:00+00:00,17.7383076387,17.8774128095,17.6423730382,17.6423730382,15976011,0.0,0.0,0.0,0.0,0.0,0.0,0.0,0.0,,,16.602698683687915,15.246360189024328,14.733212017182883,14.570968912620321,14.40255908197083,14.34778567413087,14.259949164438902,14.103050640610093,13.273333803001027,,,,,,,,,,,,,,,,12.733296076609992,,"rgba(38, 166, 154, 1.0)"
2025-07-11 00:00:00+00:00,17.5848122779,17.6807468784,17.4409103771,17.5704220878,14371457,0.0,0.0,0.0,0.0,0.0,0.0,0.0,0.0,,,16.64796449448855,15.255812773222656,14.741965291463822,14.579535381081303,14.410868244261254,14.356092289972263,14.268292589447908,14.111517689137386,13.2819543892398,,,,,,,,,,,,,,,,12.741946310397449,,"rgba(38, 166, 154, 1.0)"
2025-07-14 00:00:00+00:00,17.613592658,17.6422771036,17.431316917,17.5752188178,17225538,0.0,0.0,0.0,0.0,0.0,0.0,0.0,0.0,,,16.696586337150688,15.267010485423912,14.752362274121554,14.589716869431888,14.420750117317132,14.36597246412237,14.278218325376425,14.121593122271765,13.29222606402646,,,,,,,,,,,,,,,,12.752259982882514,,"rgba(38, 166, 154, 0.75)"
2025-07-15 00:00:00+00:00,17.1627000355,17.6615599583,17.1339196554,17.4984711374,24816507,0.0,0.0,0.0,0.0,0.0,0.0,0.0,0.0,,,16.7409008455838,15.281265234091547,14.765923238248005,14.603074424361093,14.433785486805059,14.379026037845215,14.291363113572427,14.134987740991761,13.306100693764193,,,,,,,,,,,,,,,,12.766294605389149,,"rgba(38, 166, 154, 0.75)"
2025-07-16 00:00:00+00:00,17.239447716,17.3353823165,16.9228635342,17.239447716,24751336,0.0,0.0,0.0,0.0,0.0,0.0,0.0,0.0,,,16.769062664762817,15.29423069101673,14.778502115256385,14.615521806593925,14.445984974318899,14.39125723135887,14.303701818123393,14.147597289093822,13.319318349992168,,,,,,,,,,,,,,,,12.77973770856263,,"rgba(38, 166, 154, 0.75)"
2025-07-17 00:00:00+00:00,17.6231861181,17.6807468784,17.1243261953,17.1627000355,27655881,0.0,0.0,0.0,0.0,0.0,0.0,0.0,0.0,,,16.817801753728542,15.310874410872836,14.794208026972994,14.630961883870256,14.46102773850147,14.406311071042051,14.318844358214713,14.16299826729881,13.335162758964733,,,,,,,,,,,,,,,,12.795716907705206,,"rgba(38, 166, 154, 0.75)"
2025-07-18 00:00:00+00:00,17.7479010988,17.8246487792,17.5944057379,17.6999337985,33688093,0.0,0.0,0.0,0.0,0.0,0.0,0.0,0.0,,,16.88787158596095,15.333075467074806,14.814828343043523,14.651154364441176,14.480631100044564,14.425906132852974,14.338518983087422,14.18294704287836,13.35543867232747,,,,,,,,,,,,,,,,12.816051468169933,,"rgba(38, 166, 154, 0.75)"
2025-07-21 00:00:00+00:00,17.5368449776,17.8534291594,17.5368449776,17.7095272586,32000890,0.0,0.0,0.0,0.0,0.0,0.0,0.0,0.0,,,16.939587354486314,15.353096218464069,14.833617505641811,14.669599760235828,14.49858175747859,14.443860283068533,14.356562126351916,14.20126735284558,13.374176850940334,,,,,,,,,,,,,,,,12.834900531866406,,"rgba(38, 166, 154, 0.75)"
2025-07-22 00:00:00+00:00,17.9493637599,18.0452983604,17.4169267269,17.7479010988,40652150,0.0,0.0,0.0,0.0,0.0,0.0,0.0,0.0,,,17.00881472517048,15.379793497151013,14.858480935531302,14.693961477995249,14.522249824020241,14.467518289119763,14.380313536859079,14.225341662382291,13.398637621269007,,,,,,,,,,,,,,,,12.85943131235034,,"rgba(38, 166, 154, 0.75)"
2025-07-23 00:00:00+00:00,18.0357049004,18.1364362309,17.8534291594,18.0452983604,44310779,0.0,0.0,0.0,0.0,0.0,0.0,0.0,0.0,,,17.089088290283257,15.410640323632826,14.886962665188499,14.721807329540129,14.549249909407315,14.494487644260756,14.407358049220596,14.252698727626893,13.426218432525008,,,,,,,,,,,,,,,,12.886990820483753,,"rgba(38, 166, 154, 0.75)"
2025-07-24 00:00:00+00:00,17.7479010988,18.0357049004,17.7095272586,18.0357049004,37471035,0.0,0.0,0.0,0.0,0.0,0.0,0.0,0.0,,,17.136265475902427,15.434422432519288,14.90930240532162,14.743740431645774,14.570603275135666,14.515839747203902,14.428803644264024,14.274447425445304,13.448392235182093,,,,,,,,,,,,,,,,12.909267427137344,,"rgba(38, 166, 154, 0.5)"
2025-07-25 00:00:00+00:00,17.8150553192,17.8534291594,17.4887817427,17.7479010988,39231161,0.0,0.0,0.0,0.0,0.0,0.0,0.0,0.0,,,17.17264324990747,15.457685976410295,14.93144866673166,14.765553853456167,14.591906415494893,14.537158815365922,14.450241150849504,14.296228315709556,13.47078267841283,,,,,,,,,,,,,,,,12.931850673021382,,"rgba(38, 166, 154, 0.5)"
2025-07-28 00:00:00+00:00,17.6903403385,17.8726160795,17.5752188178,17.8150553192,32397994,0.0,0.0,0.0,0.0,0.0,0.0,0.0,0.0,,,17.199117149715754,15.476490288774551,14.949434914714718,14.783289900667771,14.609247549771382,14.554517036423148,14.467701205415194,14.313975836939647,13.48906955070165,,,,,,,,,,,,,,,,12.950316596162677,,"rgba(38, 166, 154, 0.5)"
2025-07-29 00:00:00+00:00,17.6423730382,17.8678193495,17.5368449776,17.8342422393,34808627,0.0,0.0,0.0,0.0,0.0,0.0,0.0,0.0,,,17.223293423072654,15.49607763415382,14.968292391628903,14.801914108918506,14.627485210537422,14.572779218423799,14.486079657112509,14.332670950788396,13.508402139730494,,,,,,,,,,,,,,,,12.969872655597333,,"rgba(38, 166, 154, 0.5)"
2025-07-30 00:00:00+00:00,17.421723457,17.7766814789,17.2922117462,17.6663566883,43720231,0.0,0.0,0.0,0.0,0.0,0.0,0.0,0.0,,,17.23946852536694,15.518146483030344,14.990018535874523,14.823485520754158,14.648715316222045,14.59406664696725,14.50754535038194,14.354576339372024,13.531365255652073,,,,,,,,,,,,,,,,12.993249800091888,,"rgba(38, 166, 154, 0.5)"
2025-07-31 00:00:00+00:00,17.1914804157,17.4744874873,17.1531065755,17.3737561567,47085677,0.0,0.0,0.0,0.0,0.0,0.0,0.0,0.0,,,17.24147732197654,15.538748129736843,15.010950941668412,14.844421319697881,14.669461467919719,14.614907359402098,14.52861799035235,14.376174624464964,13.554422668038692,,,,,,,,,,,,,,,,13.01691987908383,,#000000
2025-08-01 00:00:00+00:00,16.9324569942,17.0092046747,16.4816603063,16.8365223937,52086188,0.0,0.0,0.0,0.0,0.0,0.0,0.0,0.0,,,17.214540821436703,15.555016930303523,15.028992267539266,14.8628099951507,14.687998750288186,14.633617249345686,14.547668690289067,14.395919396061839,13.576449932451325,,,,,,,,,,,16.80777399173333,,,,,13.0399714568537,,"rgba(239, 83, 80, 1.0)"
2025-08-04 00:00:00+00:00,17.1051392752,17.1531065755,16.9084733441,16.9804242945,34804355,0.0,0.0,0.0,0.0,0.0,0.0,0.0,0.0,,,17.20820637378555,15.567762047940503,15.042498493752932,14.876447827150962,14.701634562572083,14.647347145599428,14.561598332100386,14.410272509961452,13.592119247663353,,,,,,,,,,,16.907030902952357,,,,,13.056221860162688,,"rgba(239, 83, 80, 1.0)"
2025-08-05 00:00:00+00:00,17.0859523551,17.1914804157,16.7501812532,17.1722934956,37531755,0.0,0.0,0.0,0.0,0.0,0.0,0.0,0.0,,,17.200007579831208,15.580844663143203,15.056531956227106,14.890656621548727,14.715877797512595,14.66169784892634,14.576171110441681,14.425309510501846,13.608634955206432,,,,,,,,,,,16.937851431338736,,,,,13.073397488022646,,"rgba(239, 83, 80, 1.0)"
2025-08-06 00:00:00+00:00,16.7789616334,17.1627000355,16.7597747133,17.1627000355,32012443,0.0,0.0,0.0,0.0,0.0,0.0,0.0,0.0,,,17.18983918919608,15.590981947043923,15.067686672030877,14.902012810005882,14.72731883405856,14.673240514614237,14.587915067215576,14.43746445992699,13.62214988569867,,,,,,,,,,,16.930203581425193,,,,,13.087528354780689,,"rgba(239, 83, 80, 1.0)"
2025-08-07 00:00:00+00:00,16.702213953,16.9900177546,16.6254662725,16.9900177546,20231661,0.0,0.0,0.0,0.0,0.0,0.0,0.0,0.0,,,17.181074678575236,15.596690710554752,15.074179879292068,14.90866875377593,14.734065927061158,14.680058784683139,14.594869008145645,14.444689179011075,13.6303031182073,,,,,,,,,,,16.91215108130999,,,,,13.096107489786027,,"rgba(239, 83, 80, 1.0)"
2025-08-08 00:00:00+00:00,16.894083154,16.9324569942,16.6782303028,16.8461158538,16691191,0.0,0.0,0.0,0.0,0.0,0.0,0.0,0.0,,,17.175178541645142,15.601606665289074,15.079695000578939,14.91430689625605,14.73976813323817,14.685817267702841,14.600736119389806,14.450774791873652,13.637130717290244,,,,,,,,,,,16.90548456998899,,,,,13.103274831460356,,"rgba(239, 83, 80, 1.0)"
2025-08-11 00:00:00+00:00,16.6638401128,16.9852210245,16.6350597326,16.9132700741,17423736,0.0,0.0,0.0,0.0,0.0,0.0,0.0,0.0,,,17.16794922913618,15.606393342100564,15.085175727887997,14.919933339255643,14.745479866323226,14.691591134328197,14.606627482751785,14.456899559637172,13.64406378351717,,,,,,,,,,,16.893571982181843,,,,,13.110580587823708,,"rgba(239, 83, 80, 1.0)"
2025-08-12 00:00:00+00:00,17.1818869556,17.2106673358,16.7789616334,16.7789616334,24622084,0.0,0.0,0.0,0.0,0.0,0.0,0.0,0.0,,,17.165280258179425,15.614805790871618,15.094216161080764,14.929093907630719,14.754672807985129,14.700854090809631,14.616033587826506,14.46660340117213,13.654733536348296,,,,,,,,,,,16.91068376791422,,,,,13.121687452746235,,"rgba(239, 83, 80, 0.75)"
2025-08-13 00:00:00+00:00,17.4792842173,17.4888776773,17.1099360052,17.2826182862,27662376,0.0,0.0,0.0,0.0,0.0,0.0,0.0,0.0,,,17.170395335886578,15.626097296114088,15.105822992400638,14.940740601997165,14.766258173908094,14.712498266122358,14.627812943642883,14.47868112974048,13.667699102305562,,,,,,,,,,,16.95786442082897,,,,,13.135043902035852,,#000000
2025-08-14 00:00:00+00:00,17.5560318977,17.5752188178,17.1722934956,17.3545692366,24619737,0.0,0.0,0.0,0.0,0.0,0.0,0.0,0.0,,,17.17644851836292,15.636455010448243,15.116394735161451,14.951331929729601,14.77677921884814,14.72306802629709,14.638497999754692,14.489624108984161,13.679395819204457,,,,,,,,,,,16.998655508198162,,,,,13.147070848881398,,#000000
2025-08-15 00:00:00+00:00,17.3066019363,17.613592658,17.3066019363,17.613592658,23017462,0.0,0.0,0.0,0.0,0.0,0.0,0.0,0.0,,,17.181325405071448,15.645895631870252,15.126083884733596,14.961051733982618,14.786446812504135,14.732783381131824,14.64832360682325,14.499693633210905,13.690191735448273,,,,,,,,,,,17.029049575829607,,,,,13.158187639225973,,#000000
2025-08-18 00:00:00+00:00,17.4409103771,17.4409103771,17.2298542559,17.2682280961,20244502,0.0,0.0,0.0,0.0,0.0,0.0,0.0,0.0,,,17.184753531575673,15.653937260933628,15.134396203221836,14.969404224186372,14.79476765871165,14.741148700726168,14.656788747713449,14.508376754539869,13.69953806536333,,,,,,,,,,,17.049940124938946,,,,,13.167829506147207,,"rgba(38, 166, 154, 0.5)"
2025-08-19 00:00:00+00:00,17.4121299969,17.5656253578,17.3161953964,17.4025365369,19541960,0.0,0.0,0.0,0.0,0.0,0.0,0.0,0.0,,,17.188991139376967,15.661901251822158,15.142578302177977,14.977614745325965,14.80293734438737,14.749358977202043,14.665092169606465,14.516885743678774,13.708663711588212,,,,,,,,,,,17.071204245773504,,,,,13.177228947412265,,"rgba(38, 166, 154, 0.5)"
2025-08-20 00:00:00+00:00,17.4792842173,17.5368449776,17.2395436506,17.4121299969,27083938,0.0,0.0,0.0,0.0,0.0,0.0,0.0,0.0,,,17.194332118261457,15.672742827565328,15.153759591665837,14.988845181996576,14.814122106633814,14.760601656339205,14.676465657567565,14.528545818869043,13.721194647454194,,,,,,,,,,,17.096120453906096,,,,,13.190148804610992,,"rgba(38, 166, 154, 0.5)"
2025-08-21 00:00:00+00:00,17.4121299969,17.4648940272,17.2586346361,17.4121299969,26286375,0.0,0.0,0.0,0.0,0.0,0.0,0.0,0.0,,,17.19840003837104,15.682899735238978,15.164317218608021,14.999468684625343,14.824721066422924,14.771260193347926,14.687254993151766,14.539617852438184,13.73314517325843,,,,,,,,,,,17.11450338164891,,,,,13.202495227836076,,"rgba(38, 166, 154, 0.5)"
2025-08-22 00:00:00+00:00,18.2083871813,18.2995250519,17.4984711374,17.5272515176,37060917,0.0,0.0,0.0,0.0,0.0,0.0,0.0,0.0,,,17.22266690014014,15.702207371310307,15.183177558500546,15.018171238001417,14.843129090443252,14.78969993745826,14.705812071422384,14.558479762713828,13.752721590874689,,,,,,,,,,,17.18911130099732,,,,,13.222360057283607,,"rgba(38, 166, 154, 0.5)"
2025-08-25 00:00:00+00:00,18.2467610216,18.2947283218,18.0836722007,18.2083871813,26873481,0.0,0.0,0.0,0.0,0.0,0.0,0.0,0.0,,,17.243785276807202,15.717245432686369,15.197686690469855,15.032515084925842,14.857207056004908,14.803789880724855,14.719972571578612,14.572840348453383,13.767488427543082,,,,,,,,,,,17.2476658818119,,,,,13.237278992540643,,"rgba(38, 166, 154, 0.5)"
2025-08-26 00:00:00+00:00,18.5153779031,18.5249713631,18.1796068012,18.1987937213,26738310,0.0,0.0,0.0,0.0,0.0,0.0,0.0,0.0,,,17.268056208655583,15.733206465815263,15.212926990210569,15.047542343991752,14.871919610761422,14.818503864361277,14.73474299947669,14.58779011081002,13.782735795069136,,,,,,,,,,,17.31032977656459,,,,,13.252623045087274,,"rgba(38, 166, 154, 1.0)"
2025-08-27 00:00:00+00:00,18.6017190435,18.6592798039,18.4194433025,18.4386302226,24172843,0.0,0.0,0.0,0.0,0.0,0.0,0.0,0.0,,,17.291985236909245,15.748293057241646,15.227237195744111,15.061628583182749,14.885689002481342,14.832267662438895,14.748548706204193,14.601744706641256,13.796888944883566,,,,,,,,,,,17.368574109080242,,,,,13.266827485286418,,"rgba(38, 166, 154, 1.0)"
2025-08-28 00:00:00+00:00,18.5633452033,18.688060184,18.4578171427,18.688060184,22487770,0.0,0.0,0.0,0.0,0.0,0.0,0.0,0.0,,,17.313626359494602,15.762231500345989,15.240478423344406,15.07466747538331,14.89843975111735,14.845014104039691,14.761334955848627,14.614670043848959,13.810006768710068,,,,,,,,,,,17.418485244403495,,,,,13.27999747363249,,"rgba(38, 166, 154, 1.0)"
2025-08-29 00:00:00+00:00,18.5729386634,18.7072471041,18.505784443,18.6209059636,21340003,0.0,0.0,0.0,0.0,0.0,0.0,0.0,0.0,,,17.33390042352521,15.775451144638721,15.25304298467928,15.08704146608253,14.910542102372089,14.857112360238286,14.77347069784393,14.626936883621763,13.822455106699875,,,,,,,,,,,17.463129249220287,,,,,13.292495070530508,,"rgba(38, 166, 154, 1.0)"
2025-09-02 00:00:00+00:00,18.3858661923,18.5216268077,18.1822252693,18.3858661923,22708892,0.0,0.0,0.0,0.0,0.0,0.0,0.0,0.0,,,17.35094027369533,15.788237246965837,15.265389282447277,15.099249241018061,14.922528360974583,14.869107256252416,14.785521697560927,14.639149254606341,13.834990341363632,,,,,,,,,,,17.49805583593176,,,,,13.305150722473378,,"rgba(38, 166, 154, 1.0)"
2025-09-03 00:00:00+00:00,18.3761690055,18.5458697747,18.1240421485,18.3179858847,27607966,0.0,0.0,0.0,0.0,0.0,0.0,0.0,0.0,,,17.370624367547606,15.803525728066168,15.280197845767633,15.113903066485227,14.936927709069083,14.883519525428294,14.800004846227976,14.65383157344356,13.85008829046581,,,,,,,,,,,17.536375786589655,,,,,13.320407795735115,,"rgba(38, 166, 154, 0.75)"
2025-09-04 00:00:00+00:00,18.5992043022,18.6476902362,18.3276830715,18.4537465,25628061,0.0,0.0,0.0,0.0,0.0,0.0,0.0,0.0,,,17.39138240055224,15.818526358180737,15.29459959663596,15.128122592294554,14.950871117810832,14.897466520643098,14.814006561913347,14.668002196763851,13.86455867958402,,,,,,,,,,,17.576052820195947,,,,,13.334981634518067,,"rgba(38, 166, 154, 0.75)"
2025-09-05 00:00:00+00:00,18.3664718187,18.7349649175,18.1628308957,18.6767817966,32355877,0.0,0.0,0.0,0.0,0.0,0.0,0.0,0.0,,,17.414250656403897,15.836515485584156,15.312024072565702,15.145365000691918,14.967815865968072,14.914425211396363,14.831045770167883,14.685269509956209,13.882297691762913,,,,,,,,,,,17.61682696636687,,,,,13.352900798501835,,"rgba(38, 166, 154, 0.75)"
2025-09-08 00:00:00+00:00,18.5701127417,18.608901489,18.0892292478,18.3761690055,53265209,0.0,0.0,0.0,0.0,0.0,0.0,0.0,0.0,,,17.44981005563116,15.86560912125289,15.340301662618455,15.17337139028756,14.995363852102603,14.942000798099878,14.858758546370893,14.713361986805495,13.911209713900865,,,,,,,,,,,17.676111038821826,,,,,13.382134083400759,,"rgba(38, 166, 154, 0.75)"
2025-09-09 00:00:00+00:00,18.5216268077,18.8222395988,18.3999271132,18.5507183681,32948401,0.0,0.0,0.0,0.0,0.0,0.0,0.0,0.0,,,17.473961163075085,15.884375661400775,15.358423844737189,15.191290524609432,15.01296344222933,14.959609325785667,14.876440814998718,14.731262398716181,13.929532224307275,,,,,,18.58126450656667,,,,,17.715505343271094,,,,,13.400612209068507,,"rgba(38, 166, 154, 0.5)"
2025-09-10 00:00:00+00:00,18.6476902362,18.7301163241,18.4682922802,18.5410211813,26802340,0.0,0.0,0.0,0.0,0.0,0.0,0.0,0.0,,,17.493441747804923,15.899641954856664,15.373171193494489,15.20587393671045,15.02728876730455,14.973941735093765,14.890832540410367,14.74582989140156,13.944439710303893,,,,,,18.596561510676292,,,,,17.746274475020584,,,,,13.415645207804047,,"rgba(38, 166, 154, 0.5)"
2025-09-11 00:00:00+00:00,18.5798099285,18.7640564779,18.5119296209,18.6864789835,25646707,0.0,0.0,0.0,0.0,0.0,0.0,0.0,0.0,,,17.51152176604306,15.91410826401877,15.38717212899132,15.219725844684245,15.040902417111493,14.987563433165722,14.904512252587145,14.759678897940578,13.958625705269885,,,,,,18.603179749621603,,,,,17.773911706410782,,,,,13.429957997280853,,"rgba(38, 166, 154, 0.5)"
2025-09-12 00:00:00+00:00,18.4828380604,18.5992043022,18.429503533,18.5604155549,23206495,0.0,0.0,0.0,0.0,0.0,0.0,0.0,0.0,,,17.525743393304033,15.926516321796182,15.399291018070596,15.231743328613332,15.052739870410734,14.99941485326905,14.916424370493761,14.771755020753009,13.971073672099655,,,,,,18.58195467230075,,,,,17.79425422577113,,,,,13.442556348193037,,"rgba(38, 166, 154, 0.5)"
2025-09-15 00:00:00+00:00,18.2694999506,18.5701127417,18.2016196429,18.5507183681,32455413,0.0,0.0,0.0,0.0,0.0,0.0,0.0,0.0,,,17.54188226967737,15.942628001474043,15.415234726388496,15.247605384585134,15.068414126660931,15.015120767982513,14.932230132045872,14.787810016741883,13.987770664714496,,,,,,18.5279133266549,,,,,17.81499274591123,,,,,13.459528671327307,,"rgba(38, 166, 154, 0.5)"
2025-09-16 00:00:00+00:00,18.0658590276,18.298591511,17.842823731,18.2888943242,34792389,0.0,0.0,0.0,0.0,0.0,0.0,0.0,0.0,,,17.55275854902203,15.957693791338274,15.430533515780972,15.26292210654883,15.083641526104282,15.030403631927125,14.947646830027056,14.803529923516212,14.004396582322451,,,,,,18.4371350966935,,,,,17.82481628255473,,,,,13.476565681953394,,#000000
2025-09-17 00:00:00+00:00,18.1434365221,18.4440493132,17.915552632,18.1046477748,29317471,0.0,0.0,0.0,0.0,0.0,0.0,0.0,0.0,,,17.56326543976159,15.970809164907953,15.443765204914014,15.276149002972222,15.096773054771976,15.043577319800265,14.960927003356542,14.81705607855324,14.018638709289382,,,,,,18.398631479457812,,,,,17.8356332683793,,,,,13.491130377677718,,#000000
2025-09-18 00:00:00+00:00,18.5507183681,18.5701127417,18.0561618408,18.2210140166,32893934,0.0,0.0,0.0,0.0,0.0,0.0,0.0,0.0,,,17.578860464372546,15.986826368984271,15.459671472548813,15.291988706314005,15.112442153142792,15.059280437083027,14.976732190072191,14.833112288994561,14.0353616536567,,,,,,18.39776092012468,,,,,17.85466537866266,,,,,13.508144400291537,,"rgba(38, 166, 154, 0.5)"
2025-09-19 00:00:00+00:00,18.5022324341,18.6185986758,18.3907147857,18.5798099285,43884169,-1.0,18.618599,18.390715,1120.0,-1.0,18.618599,18.390715,1120.0,,,17.601504888060383,16.00884355533542,15.481423765353934,15.313622751262878,15.133818862695616,15.080695583670996,14.99827384570041,14.854974023336101,14.058039790357542,,18.503848631866667,,,,18.414273122075812,,,,,17.882983026123135,,,,,13.531174012869236,,"rgba(38, 166, 154, 0.5)"
2025-09-22 00:00:00+00:00,18.1531337089,18.4634436868,18.079532061,18.3470774451,16940423,0.0,0.0,0.0,0.0,0.0,0.0,0.0,0.0,,,17.607407760777164,16.016325324045066,15.488990084280642,15.321191369503255,15.141339140112702,15.088240544418552,15.005879929249579,14.862720238723009,14.06620120302219,,18.42814548970897,,,,18.403944275238853,,,,,17.888763269872182,,,,,13.539524497404312,,#000000
2025-09-23 00:00:00+00:00,18.1725280825,18.5022324341,18.1337393353,18.2404083902,22698478,0.0,0.0,0.0,0.0,0.0,0.0,0.0,0.0,,,17.615610023912662,16.026439733837723,15.499200757064452,15.331400967673998,15.151479965931463,15.098413383703564,15.016133106747128,14.873158647227067,14.077184675326995,,18.38503150600954,,,,18.39445480910351,,,,,17.897027843423015,,,,,13.550755875327933,,#000000
2025-09-24 00:00:00+00:00,18.2016196429,18.3858661923,18.0028273133,18.2307112034,26363997,0.0,0.0,0.0,0.0,0.0,0.0,0.0,0.0,,,17.623853715043918,16.03769686623752,15.510657700517275,15.34287953508996,15.162903366458739,15.109878517461507,15.027697045531685,14.884944806235044,14.089649937771762,,18.339864242507673,,,,18.37947641911982,,,,,17.904399173192495,,,,,13.56353417809507,,#000000
2025-09-25 00:00:00+00:00,18.2404083902,18.3276830715,17.9737357529,18.094950588,25725424,0.0,0.0,0.0,0.0,0.0,0.0,0.0,0.0,,,17.631454718818713,16.048487945892624,15.521677013725524,15.353928839456545,15.173908821777376,15.120926303740344,15.038842985094808,14.896309454073906,14.101693191891934,,18.30965384841125,,,,18.365785543196715,,,,,17.910871918951905,,,,,13.575892137832028,,#000000
2025-09-26 00:00:00+00:00,18.3179858847,18.5119296209,18.2308081752,18.3082886979,21600126,0.0,0.0,0.0,0.0,0.0,0.0,0.0,0.0,,,17.63963860427375,16.05819324901983,15.531456591010503,15.363703689677333,15.183615675909435,15.13066219676721,15.048652776205362,14.906290678288068,14.112177057102219,,18.315688306256874,,,,18.365118265331756,,,,,17.919414573591723,,,,,13.586605257472808,,#000000
2025-09-29 00:00:00+00:00,18.3082886979,18.4973838407,18.0658590276,18.3761690055,27698957,0.0,0.0,0.0,0.0,0.0,0.0,0.0,0.0,,,17.64896227057018,16.07018123906903,15.543620996004659,15.375883213471386,15.195730967931386,15.142818923324656,15.060909303203596,14.918773476719755,14.125346866559436,,18.311916782676423,,,,18.360232496619563,,,,,17.928375610428503,,,,,13.600092320117687,,#000000
2025-09-30 00:00:00+00:00,18.1240421485,18.4198063462,17.7410032695,18.3664718187,30421830,0.0,0.0,0.0,0.0,0.0,0.0,0.0,0.0,,,17.655870344906788,16.082053513905024,15.555915789912186,15.388254012187257,15.208094835229502,15.155240503097364,15.073455649268174,14.931588641508318,14.139041317853897,,18.28126427560806,,,,18.342432711744994,,,,,17.932679248976275,,,,,13.614202458057411,,#000000
2025-10-01 00:00:00+00:00,17.9494927859,18.1143449616,17.8137321705,18.0658590276,25284875,0.0,0.0,0.0,0.0,0.0,0.0,0.0,0.0,,,17.65972560909349,16.091157222457085,15.565503115975963,15.397939140082652,15.217811510575075,15.165012214159807,15.08333975801274,14.941707690252487,14.149963508438262,,18.247419762529375,,,,18.32218909215754,,,,,17.933236557914164,,,,,13.625509464089943,,"rgba(239, 83, 80, 1.0)"
2025-10-02 00:00:00+00:00,17.891309665,17.9979787199,17.7264574892,17.9300984123,19987132,0.0,0.0,0.0,0.0,0.0,0.0,0.0,0.0,,,17.661836306177573,16.097957949477234,15.572753373022437,15.40528441296462,15.22520090469697,15.172448705215535,15.09086948070832,14.94942886129826,14.158356358748483,,18.21862044710872,,,,18.304141670289795,,,,,17.932234211928083,,,,,13.634226679983268,,"rgba(239, 83, 80, 1.0)"
2025-10-03 00:00:00+00:00,18.0658590276,18.1967710495,17.9349470057,18.046464654,21806712,0.0,0.0,0.0,0.0,0.0,0.0,0.0,0.0,,,17.66617400336587,16.1061235397831,15.581274752806166,15.413875003845849,15.233803557447786,15.181095304038834,15.099608126979668,14.958362638607975,14.167946181196784,,18.206824833504914,,,,18.29415817782956,,,,,17.934575508642332,,,,,13.64413016662995,,"rgba(239, 83, 80, 1.0)"
2025-10-06 00:00:00+00:00,17.9785843463,18.4634436868,17.7943377969,18.1822252693,29963340,0.0,0.0,0.0,0.0,0.0,0.0,0.0,0.0,,,17.67217244062074,16.11730680541747,15.59294936096565,15.425645865209622,15.245592912084835,15.19294502451187,15.111583974262283,14.970605539903065,14.181089939926173,,18.194543481889298,,,,18.282434451633538,,,,,17.937965840816485,,,,,13.657705581233186,,"rgba(239, 83, 80, 1.0)"
2025-10-07 00:00:00+00:00,17.8525209178,18.1240421485,17.8331265441,18.046464654,29621941,0.0,0.0,0.0,0.0,0.0,0.0,0.0,0.0,,,17.675918423976697,16.12744604230306,15.603729922905263,15.436562493745768,15.256572011054802,15.203992179252092,15.122766129033955,14.982065350325511,14.193526396230213,,18.172198643895737,,,,18.26477185134785,,,,,17.937933982108888,,,,,13.670615744022278,,"rgba(239, 83, 80, 1.0)"
2025-10-08 00:00:00+00:00,17.5422109398,17.9397955991,17.4937250058,17.9397955991,26505664,0.0,0.0,0.0,0.0,0.0,0.0,0.0,0.0,,,17.675701327062537,16.135043853435324,15.612153104374478,15.445173263313231,15.265309251628276,15.212804049850774,15.13171600052323,14.991286985359578,14.203763609868137,,18.135254913745616,,,,18.238282423221126,,,,,17.932369444252792,,,,,13.681353390150445,,"rgba(239, 83, 80, 1.0)"
2025-10-09 00:00:00+00:00,17.6294856211,17.736154676,17.4646334454,17.6100912475,32344871,0.0,0.0,0.0,0.0,0.0,0.0,0.0,0.0,,,17.674714079292844,16.14392209419056,15.622097499254545,15.4553627973163,15.275671310957472,15.22326035910063,15.142344384902772,15.002251424231893,14.216000255368614,,18.092878866906066,,,,18.206480247782537,,,,,17.924721631459175,,,,,13.694219679427595,,"rgba(239, 83, 80, 1.0)"
2025-10-10 00:00:00+00:00,16.6791613137,17.7022145222,16.6597669401,17.6779715552,23313353,0.0,0.0,0.0,0.0,0.0,0.0,0.0,0.0,,,17.667622035389808,16.147679219869453,15.627072120644968,15.460631537452985,15.281189826724715,15.228871583160059,15.14811097131263,15.008303245363594,14.223225549746605,,18.03356429499319,,,,18.164489386698232,,,,,17.90940151609892,,,,,13.702036814319172,,"rgba(239, 83, 80, 1.0)"
2025-10-13 00:00:00+00:00,17.0282600389,17.125231907,16.8197705225,16.9409853576,21474725,0.0,0.0,0.0,0.0,0.0,0.0,0.0,0.0,,,17.661001214777926,16.151021758015684,15.63154878804429,15.465383080182908,15.286176218954026,15.233944112162398,15.153327371051073,15.013783118052574,14.229794373523834,,17.983328448105706,,,,18.12763328934756,,,,,17.895393442811788,,,,,13.70915596245211,,"rgba(239, 83, 80, 1.0)"
2025-10-14 00:00:00+00:00,17.4646334454,17.663425775,16.9409853576,16.9409853576,26657773,0.0,0.0,0.0,0.0,0.0,0.0,0.0,0.0,,,17.657344598341634,16.15692252020197,15.638547282907128,15.472642852955993,15.29364327955263,15.241500960000518,15.161040714578222,15.021792435642244,14.238978286931701,,17.947939675949762,,,,18.09868904756173,,,,,17.88537588521885,,,,,13.718929392893312,,"rgba(239, 83, 80, 0.75)"
2025-10-15 00:00:00+00:00,17.1931122147,17.6537285882,17.0864431598,17.6100912475,24169376,0.0,0.0,0.0,0.0,0.0,0.0,0.0,0.0,,,17.65361720981,16.162022778817366,15.644677717990167,15.479019968091327,15.300219402932363,15.24816042835284,15.167844311037937,15.028867076083856,14.247138209381523,,17.916936073189852,,,,18.072773481824743,,,,,17.875860063730133,,,,,13.727635667939438,,"rgba(239, 83, 80, 0.75)"
2025-10-16 00:00:00+00:00,16.2718794677,17.0961403466,15.9712666766,16.6500697533,43809106,0.0,0.0,0.0,0.0,0.0,0.0,0.0,0.0,,,17.630512720274698,16.164282707080282,15.649969179030219,15.485064448716155,15.306951825926522,15.255108781294087,15.175136093596578,15.036763242522037,14.257675866645156,,17.797696920976744,,,,17.981233635098892,,,,,17.8341796418272,16.446428830299997,,,,13.739527464160975,,"rgba(239, 83, 80, 0.75)"
2025-10-17 00:00:00+00:00,16.4464288303,16.5530978852,16.2815766545,16.5434006984,20554084,0.0,0.0,0.0,0.0,0.0,0.0,0.0,0.0,,,17.619802190566674,16.165258638012833,15.652367926670017,15.487817716728449,15.310030020390409,15.25828844829723,15.178476863650936,15.040387124650428,14.262541633921545,,17.747462635220252,,,,17.94124670295583,,,,,,16.440235327697238,,,,13.745031285311669,,"rgba(239, 83, 80, 0.75)"
2025-10-20 00:00:00+00:00,16.8537106763,16.9021966104,16.5046119511,16.5530978852,20069986,0.0,0.0,0.0,0.0,0.0,0.0,0.0,0.0,,,17.612338904157887,16.167384379539673,15.655677033958224,15.491419764999403,15.313893163240207,15.262239256677093,15.182570271201838,15.044736301962834,14.267985236330428,,17.713121417983597,,,,17.91213912042954,,,,,,16.514700681081592,,,,13.751035310265818,,"rgba(239, 83, 80, 0.75)"
2025-10-21 00:00:00+00:00,17.0088656653,17.1317464771,16.7858303686,16.8246191159,15170623,0.0,0.0,0.0,0.0,0.0,0.0,0.0,0.0,,,17.608218461104418,16.1695857089734,15.658668259899285,15.49460541089797,15.317247703567416,15.265654250105648,15.186085543062235,15.048434311744307,14.272450284123412,,17.694347575746587,,,,17.8951037809277,,,,,,16.58488196032496,,,,13.75589213916381,,"rgba(239, 83, 80, 0.75)"
2025-10-22 00:00:00+00:00,16.9409853576,17.1793422094,16.8779536433,17.1058375334,15941078,0.0,0.0,0.0,0.0,0.0,0.0,0.0,0.0,,,17.60410751806907,16.171954298586236,15.661853716717701,15.497992031485255,15.320808736485676,15.269278090301963,15.18981375287801,15.052352993426055,14.277167677879799,,17.67624686267424,,,,17.87830747912655,,,,,,16.642074421825807,,,,13.76101772810483,,"rgba(239, 83, 80, 0.75)"
2025-10-23 00:00:00+00:00,16.9894712917,17.0718973795,16.897348017,17.0573515993,11098099,0.0,0.0,0.0,0.0,0.0,0.0,0.0,0.0,,,17.601216418116923,16.173569176626806,15.664040715422512,15.500320162821545,15.323259613018111,15.271772895455614,15.19238142508158,15.05505346253784,14.28042641472132,,17.663957180053522,,,,17.866811173415748,,,,,,16.672234573837773,,,,13.764562090113786,,"rgba(239, 83, 80, 0.75)"
2025-10-24 00:00:00+00:00,17.280386896,17.3771648203,17.1543234674,17.1640206542,10623527,0.0,0.0,0.0,0.0,0.0,0.0,0.0,0.0,,,17.599742281602197,16.175647861790555,15.666576263916491,15.502967144006673,15.3259989864818,15.274549240354458,15.195220999457584,15.058011026602593,14.283865549967457,,17.65736355726978,,,,17.859546145393313,,,,,,16.71854607271372,,,,13.768246447877111,,"rgba(239, 83, 80, 0.75)"
2025-10-27 00:00:00+00:00,17.0767459729,17.3579643904,16.9797741048,17.3579643904,19236537,0.0,0.0,0.0,0.0,0.0,0.0,0.0,0.0,,,17.59604519550536,16.1789389347722,15.670769725159916,15.507382401975178,15.330603187373786,15.279224605685021,15.200016139539757,15.063026971906371,14.289797573374106,,17.64206774303327,,,,17.843972087666206,,,,,,16.770123010057652,,,,13.774646648642115,,"rgba(239, 83, 80, 0.75)"
2025-10-28 00:00:00+00:00,17.0573515993,17.10098894,16.8682564565,17.0670487861,13525458,0.0,0.0,0.0,0.0,0.0,0.0,0.0,0.0,,,17.592756914749057,16.18092939096927,15.673445381124685,15.510227574205784,15.333595913396058,15.282270225387466,15.203149543323871,15.066320446120441,14.293765054521199,,17.629217847721833,,,,17.831485064583827,,,,,,16.789114554380056,,,,13.778959749414243,,"rgba(239, 83, 80, 0.75)"
2025-10-29 00:00:00+00:00,16.8731050499,17.1640206542,16.7615874016,16.9894712917,17835416,0.0,0.0,0.0,0.0,0.0,0.0,0.0,0.0,,,17.587919862041264,16.1833000887482,15.676757566829268,15.513773598817457,15.337347807245557,15.286094019830745,15.207091744905954,15.07047723517508,14.298833252223675,,17.611070033715787,,,,17.814110031759558,,,,,,16.802765665431544,,,,13.784496340552536,,"rgba(239, 83, 80, 0.75)"
2025-10-30 00:00:00+00:00,16.9797741048,17.2706897092,16.8634078631,16.8634078631,11797166,0.0,0.0,0.0,0.0,0.0,0.0,0.0,0.0,,,17.585266106797036,16.1850785912704,15.679121265587774,15.516282316693918,15.339982584806934,15.288774258078638,15.209847565667902,15.07337108498827,14.302308182215885,,17.601357533437657,,,,17.804308568441108,,,,,,16.81666218386311,,,,13.78826966756645,,"rgba(239, 83, 80, 0.75)"
2025-10-31 00:00:00+00:00,17.0573515993,17.125231907,16.7761331818,16.8924994236,13758926,0.0,0.0,0.0,0.0,0.0,0.0,0.0,0.0,,,17.581913799458945,16.1870182980086,15.681763145970073,15.519098707969691,15.342951922785744,15.291797734223632,15.212960559670702,15.076646852751125,14.306273430743461,,17.58943532969049,,,,17.79243473146925,,,,,,16.827594586489287,,,,13.79258955995244,,"rgba(239, 83, 80, 0.75)"
2025-11-03 00:00:00+00:00,17.0088656653,17.0185628521,16.7859273405,16.970076918,14899787,0.0,0.0,0.0,0.0,0.0,0.0,0.0,0.0,,,17.578033713715836,16.1889815686319,15.684506246846052,15.522036156814623,15.346060957416313,15.294966506243558,15.216227616880744,15.080091919975994,14.310476878876035,,17.576038978783703,,,,17.779209259009395,,,,,,16.83478545649675,,,,13.797183729452454,,"rgba(239, 83, 80, 0.75)"
2025-11-04 00:00:00+00:00,16.7858303686,16.9991684785,16.6985556873,16.7858303686,30829964,0.0,0.0,0.0,0.0,0.0,0.0,0.0,0.0,,,17.56879845918612,16.192419813735146,15.689649722700546,15.527606756118267,15.35201403768431,15.301048422497317,15.2225193405001,15.086760501334131,14.318769811225357,,17.545511982777526,,,,17.749692270621708,,,,,,16.833960554022866,,,,13.806316025758141,,"rgba(239, 83, 80, 0.75)"
2025-11-05 00:00:00+00:00,16.9894712917,17.0088656653,16.6452211599,16.7955275554,22125602,0.0,0.0,0.0,0.0,0.0,0.0,0.0,0.0,,,17.56277663899425,16.19506980322548,15.693484223271518,15.531738166540704,15.356410293640888,15.30553497737816,15.227153511587325,15.091660677525606,14.324813561103142,,17.526612814279947,,,,17.730774972403903,,,,,,16.837675391639067,,,,13.812951200078686,,"rgba(239, 83, 80, 0.75)"
2025-11-06 00:00:00+00:00,17.0573515993,17.1640206542,16.8488620829,16.9555311378,23023946,0.0,0.0,0.0,0.0,0.0,0.0,0.0,0.0,,,17.557905710182524,16.198372975088947,15.697922988092918,15.536460925941288,15.361382508362787,15.310595709841238,15.232360726286723,15.097134486615447,14.331420724197827,,17.512144502436843,,,,17.715097365578135,,,,,,16.851728584674063,,,,13.820144090197862,,"rgba(239, 83, 80, 0.75)"
2025-11-07 00:00:00+00:00,17.532513753,17.532513753,16.921590984,16.9894712917,23789817,0.0,0.0,0.0,0.0,0.0,0.0,0.0,0.0,,,17.55578830330176,16.203011904518302,15.703528187496913,15.542305499681861,15.36742758078791,15.316720534214102,15.23862176776936,15.103649622480981,14.338984578447745,,17.506856784954266,,,,17.70645057700935,,,,,,16.886326422632575,,,,13.828247971014576,,#000000
2025-11-10 00:00:00+00:00,17.5713025003,17.7991863903,17.4403904783,17.6197884343,17118777,0.0,0.0,0.0,0.0,0.0,0.0,0.0,0.0,,,17.556104445831686,16.207135414424823,15.708215624602918,15.547130801158142,15.372360702569615,15.321703586421378,15.243693199236422,15.10889028819685,14.344901832214092,,17.508824986658016,,,,17.704820339522946,,,,,,16.921897159437894,,,,13.834512150499064,,"rgba(38, 166, 154, 1.0)"
2025-11-11 00:00:00+00:00,17.532513753,17.687668742,17.4403904783,17.6003940607,10471001,0.0,0.0,0.0,0.0,0.0,0.0,0.0,0.0,,,17.556094058305383,16.209555624302396,15.710995907911007,15.549999526846976,15.375299905020094,15.324674181616402,15.246718893115789,15.112020857237356,14.34845517837139,,17.50937424578888,,,,17.703367199598418,,,,,,16.940491933196736,,,,13.838282713702322,,"rgba(38, 166, 154, 1.0)"
2025-11-12 00:00:00+00:00,17.2609925223,17.9107040386,17.1931122147,17.6100912475,29956240,-1.0,17.910704,17.193111,1115.0,-1.0,17.910704,17.193111,1115.0,,,17.554942205661604,16.21592733484047,15.718480752426524,15.557759848481224,15.383286408925287,15.332755192678018,15.254963333724474,15.120573039814653,14.358266170633021,17.45493625853333,17.507525520538813,,,,17.69672346368507,17.45493625853333,,,,,16.980454104892033,,,,13.848742595364012,,"rgba(38, 166, 154, 1.0)"
2025-11-13 00:00:00+00:00,17.0864431598,17.3870559509,17.0476544125,17.2028094015,17425849,0.0,0.0,0.0,0.0,0.0,0.0,0.0,0.0,,,17.552433685080366,16.218769442203484,15.72210492297007,15.56158024039981,15.38727725089391,15.33680866296927,15.259121513287702,15.124923401731621,14.363429166750628,17.351511741332473,17.50105889906435,,,,,17.351511741332473,,,,,16.988809626204358,,,,13.854327102964113,,#000000
2025-11-14 00:00:00+00:00,17.0864431598,17.0961403466,16.790678962,16.9991684785,18339600,0.0,0.0,0.0,0.0,0.0,0.0,0.0,0.0,,,17.548572981115825,16.221173848622875,15.725422260280778,15.565128218126302,15.39103076566297,15.340633222495454,15.26306272442659,15.129075658078756,14.368490689131145,17.250935558490944,17.490869291279413,,,,,17.250935558490944,,,,,16.988908760145257,,,,13.859861964125527,,#000000
2025-11-17 00:00:00+00:00,16.6015838192,17.0573515993,16.4464288303,17.0379572257,21035080,0.0,0.0,0.0,0.0,0.0,0.0,0.0,0.0,,,17.541945466786313,16.222883921485476,15.72834103528771,15.568354815582506,15.394539879925519,15.344233072947535,15.266808058053922,15.13307907691971,14.37363441978254,17.117789047696466,17.473190723871184,,,,,17.117789047696466,,,,,16.97525794752326,,,,13.865601997499878,,"rgba(239, 83, 80, 0.5)"
2025-11-18 00:00:00+00:00,16.6694641269,16.8730080781,16.3979428962,16.5337035116,18784090,1.0,16.873009,16.397943,0.0,0.0,0.0,0.0,0.0,,16.646805033733333,17.535732629888553,16.224226597744284,15.730786370292304,15.571081663129275,15.39752650349222,15.347302096200533,15.27000863538616,15.13651219598865,14.37810055680652,17.033963634575233,17.45698191114931,,,,,17.033963634575233,,,,,16.961881050777187,16.646805033733333,,,13.87060922956818,,"rgba(239, 83, 80, 1.0)"
2025-11-19 00:00:00+00:00,16.8246191159,16.8731050499,16.6597669401,16.7082528742,14732542,0.0,0.0,0.0,0.0,0.0,0.0,0.0,0.0,,16.707914890638953,17.53167256238695,16.225618235816597,15.732984880037726,15.573485883784429,15.400118561025495,15.34995549529681,15.272760940482279,15.139440807325858,14.381805031039885,17.00356926864152,17.44681365629937,,,,,17.00356926864152,,,,,,16.707914890638953,,,13.874719886573613,,"rgba(239, 83, 80, 1.0)"
2025-11-20 00:00:00+00:00,16.7567388082,17.2899871109,16.6986526592,16.970076918,18931057,0.0,0.0,0.0,0.0,0.0,0.0,0.0,0.0,,16.782708061633087,17.52741284722499,16.227806763690637,15.736141796256833,15.576889323364117,15.403744591172504,15.353656459808887,15.276583931408227,15.143483127406103,14.38680363217494,16.991541486380108,17.43666038957109,,,,,16.991541486380108,,,,,,16.782708061633087,,,13.880218869167742,,"rgba(239, 83, 80, 1.0)"
2025-11-21 00:00:00+00:00,17.280386896,17.4452390717,16.7858303686,16.8537106763,16316089,0.0,0.0,0.0,0.0,0.0,0.0,0.0,0.0,,16.87471886281786,17.525300051512936,16.230378528507178,15.739435538755755,15.580365908932619,15.407381527542757,15.357351543616486,15.2803758735584,15.147452381140782,14.391529494851547,17.010314990063353,17.432350480657043,,,,,17.010314990063353,,,,,,16.87471886281786,,,13.885339772233696,,"rgba(239, 83, 80, 0.5)"
2025-11-24 00:00:00+00:00,17.3482672036,17.4452390717,17.2319009619,17.280386896,19662646,0.0,0.0,0.0,0.0,0.0,0.0,0.0,0.0,,16.978580333998206,17.524000340065946,16.234020593509733,15.743857593364204,15.584984688732337,15.412168530129662,15.362203460505377,15.285337812828054,15.152618480603309,14.397553175949252,17.047521298084337,17.430617422313034,,,,,17.047521298084337,,,,,,16.978580333998206,,,13.891810593874851,,#000000
2025-11-25 00:00:00+00:00,17.8137321705,17.8816124782,17.4452390717,17.4549362585,14223532,0.0,0.0,0.0,0.0,0.0,0.0,0.0,0.0,,17.08041720492749,17.524966468444614,16.23751941927507,15.747781828799036,15.589014504894342,15.416280840540017,15.366354755773237,15.289558432528978,15.156972371913007,14.40244347623957,17.097535183870487,17.434480886381166,,,,,17.097535183870487,,,,,,17.08041720492749,,,13.89697908622902,,"rgba(38, 166, 154, 1.0)"
2025-11-26 00:00:00+00:00,17.842823731,18.022221687,17.7652462365,17.8137321705,10410113,0.0,0.0,0.0,0.0,0.0,0.0,0.0,0.0,,17.153741580176142,17.526274101242564,16.240351762481122,15.750881735981665,15.592180118019392,15.41949451737836,15.369594440445008,15.292845588456109,15.160352451325034,14.406189527007358,17.13813165667558,17.438857688530337,,,,,17.13813165667558,,,,,,17.153741580176142,,,13.900914435100464,,"rgba(38, 166, 154, 1.0)"
2025-11-28 00:00:00+00:00,17.8234293573,17.9446441925,17.8137321705,17.8525209178,4701414,0.0,0.0,0.0,0.0,0.0,0.0,0.0,0.0,,17.181961698934984,17.526834387902287,16.2416150974403,15.752268137759893,15.593596808386636,15.420933599782781,15.371045393219754,15.294318128517572,15.161867144070293,14.407870805280485,,17.44073416116611,,,,,17.154739620586604,,,,,,17.181961698934984,,,13.902681952547155,,"rgba(38, 166, 154, 1.0)"
2025-12-01 00:00:00+00:00,18.0561618408,18.1094963682,17.7555490497,17.7846406101,13897653,0.0,0.0,0.0,0.0,0.0,0.0,0.0,0.0,,17.26553965175103,17.529037396925787,16.245598257021648,15.756575132839043,15.597982775598085,15.425374517592818,15.375519090354121,15.298852646077131,15.166522030655111,14.412993740871343,,17.447653423243477,,,,,17.20685177814781,,,,,,17.26553965175103,,,13.908046707964745,,"rgba(38, 166, 154, 1.0)"
2025-12-02 00:00:00+00:00,17.9252498188,18.1900100733,17.9056379481,18.1703982026,12244879,0.0,0.0,0.0,0.0,0.0,0.0,0.0,0.0,,17.328628060156287,17.531104196798935,16.2491597622628,15.760412771898789,15.601887634325902,15.429325371506554,15.379498278649931,15.30288467327421,15.170658981361278,14.41753726007735,,17.45397841044989,,,,,17.24932671042982,,,,,,17.328628060156287,,,13.912800295871339,,"rgba(38, 166, 154, 1.0)"
2025-12-03 00:00:00+00:00,18.3861287803,18.3959347156,17.9154438835,17.9350557542,15502499,0.0,0.0,0.0,0.0,0.0,0.0,0.0,0.0,,17.41653106753654,17.534923429171855,16.25422404784525,15.765738524446416,15.607275114608358,15.434746136267867,15.38494981438222,15.308396517562855,15.176294375056594,14.42363348386789,,17.46496721998953,,,,,17.311243666060587,,,,,,17.41653106753654,,,13.919133390858995,,"rgba(38, 166, 154, 1.0)"
2025-12-04 00:00:00+00:00,18.7391424529,18.7734632266,18.3763228449,18.3861287803,16615630,0.0,0.0,0.0,0.0,0.0,0.0,0.0,0.0,,17.531042889323388,17.54127530612364,16.26070723833758,15.772336166006694,15.613894818796847,15.44135432961346,15.391581388719068,15.315080376646685,15.183093310239794,14.430824867695323,,17.482324341759576,,,,,17.39460664462216,,,,,,17.531042889323388,,,13.926523711445187,,"rgba(38, 166, 154, 1.0)"
2025-12-05 00:00:00+00:00,18.8862314831,19.3471104445,18.7489483882,18.7489483882,40222125,0.0,0.0,0.0,0.0,0.0,0.0,0.0,0.0,,17.803175586389557,17.561398741324293,16.278647898644046,15.790203364847326,15.631722119143665,15.459054146498774,15.409317306570415,15.332916297420113,15.201170176030017,14.44963418209601,,,,,,,17.606932292948738,,,,,,17.803175586389557,,,13.945697031993404,,"rgba(38, 166, 154, 1.0)"
2025-12-08 00:00:00+00:00,19.0137086426,19.1558947052,18.9156492891,18.9548730305,20908052,0.0,0.0,0.0,0.0,0.0,0.0,0.0,0.0,,17.91119655151623,17.571885912406504,16.28799770378049,15.799511595989939,15.641008769648442,15.468273938553017,15.418555498700268,15.342205804063605,15.21058363819382,14.459423800025565,,,,,,,17.698687938276144,,,,,,17.91119655151623,,,13.955673775354912,,"rgba(38, 166, 154, 1.0)"
2025-12-09 00:00:00+00:00,19.5922588283,19.9354665655,19.1117679961,19.1706036082,32478544,0.0,0.0,0.0,0.0,0.0,0.0,0.0,0.0,,18.108177722209692,17.593572503095658,16.305118308704934,15.816168402904381,15.657525357837853,15.484572350410737,15.434859128301435,15.358558998591688,15.227086921143815,14.476263202636854,,,,,,,17.867083718777014,,,,,,18.108177722209692,,,13.972669088437522,,"rgba(38, 166, 154, 1.0)"
2025-12-10 00:00:00+00:00,20.1217793371,20.2688683674,19.5530350869,19.6756092787,19497786,0.0,0.0,0.0,0.0,0.0,0.0,0.0,0.0,,18.234489402156584,17.60921175121423,16.31667705765491,15.827254077571114,15.66847470539239,15.49533481817767,15.44561326490712,15.369328071499195,15.237925172861022,14.487181117478498,,,,,,,17.976747788517738,,,,,,18.234489402156584,,,13.98361420930618,,"rgba(38, 166, 154, 1.0)"
2025-12-11 00:00:00+00:00,20.2884802381,20.4159573976,20.033525919,20.0825555957,14343738,0.0,0.0,0.0,0.0,0.0,0.0,0.0,0.0,,18.329563642158508,17.621856404007925,16.325745076719066,15.835889156356394,15.67698668896239,15.503684859302355,15.453952150341497,15.377671439490722,15.246310234333766,14.495571109590031,,,,,,,18.060158738868804,,,,,,18.329563642158508,,,13.991994994177409,,"rgba(38, 166, 154, 1.0)"
2025-12-12 00:00:00+00:00,20.259062432,20.4355692683,20.0972644988,20.3767336562,17219654,0.0,0.0,0.0,0.0,0.0,0.0,0.0,0.0,,18.433431916064688,17.636979941963705,16.336625770301655,15.846253169793318,15.687203645805283,15.513708246317584,15.46396220577635,15.38768686769822,15.256375548215669,14.50564244695469,,,,,,,18.15329629888802,,,,,,18.433431916064688,,,14.002055379533134,,"rgba(38, 166, 154, 1.0)"
2025-12-15 00:00:00+00:00,20.062943725,20.4747930097,20.0433318543,20.4747930097,18204868,0.0,0.0,0.0,0.0,0.0,0.0,0.0,0.0,,18.527989453951538,17.65235890152671,16.34785913379468,15.856984064121175,15.69779068398597,15.52410322185615,15.474345495242071,15.398078815744332,15.266824201447523,14.516122358095863,,,,,,,18.24056228807063,,,,,,18.527989453951538,,,14.012537355631583,,"rgba(38, 166, 154, 1.0)"
2025-12-16 00:00:00+00:00,20.1806149492,20.2786743027,19.9893992099,20.1610030785,18774893,0.0,0.0,0.0,0.0,0.0,0.0,0.0,0.0,,18.613109013586925,17.667754751961553,16.359243758013378,15.867883568536213,15.708550587329631,15.53467457255628,15.48490657781982,15.408651001219946,15.277457699505737,14.526806351909126,,,,,,,18.32120804964542,,,,,,18.613109013586925,,,14.023233522052024,,"rgba(38, 166, 154, 1.0)"
2025-12-17 00:00:00+00:00,20.3963455269,20.4845989451,20.2198386906,20.2198386906,16295302,0.0,0.0,0.0,0.0,0.0,0.0,0.0,0.0,,18.689530188149728,17.682121140976683,16.369633183418145,15.877776787700634,15.718302390580853,15.544240995625977,15.49445959556614,15.418207819287531,15.287059442425374,14.536403726569636,,,,,,,18.393562927824657,,,,,,18.689530188149728,,,14.032815186200144,,"rgba(38, 166, 154, 1.0)"
2025-12-18 00:00:00+00:00,20.5336286218,20.7052324904,20.440472236,20.4944048804,16179497,0.0,0.0,0.0,0.0,0.0,0.0,0.0,0.0,,18.767089918551438,17.697248719402438,16.38039073055297,15.887976884726072,15.728344590569701,15.554080361324173,15.504281762334326,15.428028703093974,15.296917740294244,14.546215894298443,,,,,,,18.46705426549201,,,,,,18.767089918551438,,,14.04258894488159,,"rgba(38, 166, 154, 1.0)"
2025-12-19 00:00:00+00:00,20.5728523632,20.6661068084,20.4355692683,20.5532404925,13382336,0.0,0.0,0.0,0.0,0.0,0.0,0.0,0.0,,18.826488180714648,17.7096344018822,16.389243436655708,15.896377154987535,15.736616496658995,15.56218694904896,15.512374540887322,15.436120891696245,15.30504142046293,14.554305425893233,,,,,,,18.52413138435101,,,,,,18.826488180714648,,,14.050648914340421,,"rgba(38, 166, 154, 1.0)"
2025-12-22 00:00:00+00:00,20.7983888762,20.7983888762,20.5728523632,20.5924642339,8342636,0.0,0.0,0.0,0.0,0.0,0.0,0.0,0.0,,18.86490709819645,17.717745805837513,16.394961033379,15.901783512559698,15.741934951816603,15.567393873325246,15.517571112319505,15.441314836075014,15.310251798398683,14.559475806867006,,,,,,,18.560924544964465,,,,,,18.86490709819645,,,14.055790640867999,,"rgba(38, 166, 154, 1.0)"
2025-12-23 00:00:00+00:00,20.6414939107,20.8376126176,20.6316879753,20.8081948116,8419986,0.0,0.0,0.0,0.0,0.0,0.0,0.0,0.0,,18.901742843906195,17.725835128215433,16.4006902874587,15.907205584810509,15.747270138836278,15.572618482746158,15.522785646150535,15.446527174161648,15.315481317929422,14.564668769562436,,,,,,,18.5965055356511,,,,,,18.901742843906195,,,14.060956770448401,,"rgba(38, 166, 154, 1.0)"
2025-12-24 00:00:00+00:00,20.7297473288,20.7934859086,20.5826582986,20.6414939107,4598696,0.0,0.0,0.0,0.0,0.0,0.0,0.0,0.0,,18.921227096562003,17.730232333232763,16.403811786961192,15.910160752997694,15.750178226750576,15.575466585153947,15.525628316257254,15.449368726157898,15.318332350205822,14.567500521802204,,,,,,,18.615429446501512,,,,,,18.921227096562003,,,14.063774243966959,,"rgba(38, 166, 154, 0.75)"
2025-12-26 00:00:00+00:00,20.7787770055,20.83270965,20.6611057814,20.7395532641,7615794,0.0,0.0,0.0,0.0,0.0,0.0,0.0,0.0,,18.95356169809685,17.73762156660904,16.40903798005197,15.91510339429867,15.755040702464868,15.58022736136479,15.530379602102965,15.454117513926414,15.32309591148409,14.57222680548539,,,,,,,18.646846682823266,,,,,,18.95356169809685,,,14.068473956284768,,"rgba(38, 166, 154, 0.75)"
2025-12-29 00:00:00+00:00,20.5630464279,20.7983888762,20.5287256541,20.7101354581,8287592,0.0,0.0,0.0,0.0,0.0,0.0,0.0,0.0,,18.985082300836822,17.745284030674654,16.41454463989589,15.920329300156325,15.760186818002175,15.585270845085258,15.535414354680537,15.459151570282197,15.32814882602025,14.577255975792829,,,,,,,18.678002018587026,,,,,,18.985082300836822,,,14.073483420192456,,"rgba(38, 166, 154, 0.75)"
2025-12-30 00:00:00+00:00,20.3277039795,20.6169790723,20.3178980441,20.5826582986,8370765,0.0,0.0,0.0,0.0,0.0,0.0,0.0,0.0,,19.01183989906971,17.752424042173644,16.419816712256825,15.925361977641867,15.765150756935599,15.590143913604464,15.540281158797026,15.464020918166964,15.333041707930214,14.582151881745238,,,,,,,18.705224412988926,,,,,,19.01183989906971,,,14.07837421180623,,"rgba(38, 166, 154, 0.75)"
2025-12-31 00:00:00+00:00,20.2394505613,20.4149768041,20.214935723,20.3963455269,8600834,0.0,0.0,0.0,0.0,0.0,0.0,0.0,0.0,,19.03585093323034,17.759362301346997,16.425042268166393,15.930370840617137,15.770096845535505,15.595005119213468,15.54513761250384,15.468882119103299,15.337930023405818,14.587061076127926,,,,,,,18.73025290676054,,,,,,19.03585093323034,,,14.083287893623837,,"rgba(38, 166, 154, 0.75)"
2026-01-02 00:00:00+00:00,20.5728523632,20.6709117167,20.096774202,20.229644626,16134620,0.0,0.0,0.0,0.0,0.0,0.0,0.0,0.0,,19.083890345278785,17.773077741776515,16.43520393968303,15.940073613243984,15.77966770043069,15.604401527579222,15.554521961748618,15.478271290175227,15.34736426051359,14.596500677580504,,,,,,,18.779653158605882,,,,,,19.083890345278785,,,14.092717439325732,,"rgba(38, 166, 154, 0.75)"
2026-01-05 00:00:00+00:00,20.9552838418,21.3181034498,20.5630464279,20.6120761046,18853537,0.0,0.0,0.0,0.0,0.0,0.0,0.0,0.0,,19.155117677318405,17.791884059116477,16.44848097030357,15.952607351533587,15.791991422187667,15.616461227477592,15.566555298619438,15.490294459364458,15.35941788653373,14.608429377252858,,,,,,,18.85011517855777,,,,,,19.155117677318405,,,14.104562548350568,,"rgba(38, 166, 154, 0.75)"
2026-01-06 00:00:00+00:00,21.1514025488,21.1906262902,20.7199413934,20.7199413934,17231459,0.0,0.0,0.0,0.0,0.0,0.0,0.0,0.0,,19.21815084279078,17.80928351999244,16.46074923904188,15.964179625856737,15.803367108267135,15.627590650967889,15.577659507415595,15.501387848259855,15.370536813607654,14.619421519375097,,,,,,,18.912791546859808,,,,,,19.21815084279078,,,14.115471375636062,,"rgba(38, 166, 154, 1.0)"
2026-01-07 00:00:00+00:00,20.8866422944,21.1710144195,20.8081948116,21.1023728721,14569939,0.0,0.0,0.0,0.0,0.0,0.0,0.0,0.0,,19.26640113422971,17.823553336429097,16.470923352173752,15.97379735451713,15.812827150602049,15.636851715683683,15.586901030815165,15.51062242970289,15.37979593894985,14.628591866910526,,,,,,,18.961472104861446,,,,,,19.26640113422971,,,14.124581372290615,,"rgba(38, 166, 154, 1.0)"
2026-01-08 00:00:00+00:00,21.0827610014,21.3279093851,20.83270965,20.8670304237,14469928,0.0,0.0,0.0,0.0,0.0,0.0,0.0,0.0,,19.31511679930458,17.83816199970846,16.481264417891,15.983552821103736,15.822417006380482,15.64623427458441,15.596262147298319,15.519973984448693,15.389168037139797,14.637853663392601,,,,,,,19.010484818347415,,,,,,19.31511679930458,,,14.133771090357236,,"rgba(38, 166, 154, 1.0)"
2026-01-09 00:00:00+00:00,20.7787770055,21.2161217221,20.7787770055,21.0925669367,13452803,0.0,0.0,0.0,0.0,0.0,0.0,0.0,0.0,,19.354306634342947,17.850976671274076,16.4905112283834,15.992311637200615,15.831036984851021,15.654677889986434,15.604689061069761,15.528396091195665,15.397614834020695,14.64623194967065,,,,,,,19.050766851606404,,,,,,19.354306634342947,,,14.14210103405636,,"rgba(38, 166, 154, 0.75)"
2026-01-12 00:00:00+00:00,20.6611057814,20.8229037146,20.5189197188,20.6905235874,19906853,0.0,0.0,0.0,0.0,0.0,0.0,0.0,0.0,,19.39998292507321,17.868176371747662,16.50333511168684,16.004543555140167,15.843098443469032,15.666516209890712,15.616510185616464,15.540219628729648,15.409488012590812,14.658083212021168,,,,,,,19.099598451986093,,,,,,19.39998292507321,,,14.153924389648218,,"rgba(38, 166, 154, 0.5)"
2026-01-13 00:00:00+00:00,20.4453752037,20.8117249483,20.4061514623,20.7297473288,14901275,0.0,0.0,0.0,0.0,0.0,0.0,0.0,0.0,,19.429274535544863,17.8803991694247,16.512623414093994,16.013436643724,15.851876784935275,15.675141457394973,15.625125282571481,15.54883993973323,15.418150098330091,14.666757420550736,,,,,,,19.13176060307078,,,,,,19.429274535544863,,,14.162593405044047,,"rgba(38, 166, 154, 0.5)"
2026-01-14 00:00:00+00:00,20.5434345572,20.6709117167,20.1610030785,20.3571217855,16471983,0.0,0.0,0.0,0.0,0.0,0.0,0.0,0.0,,19.457352949967657,17.893301276615183,16.522598724390782,16.02301986375095,15.861345189849315,15.684453687115594,15.63442883698963,15.558152441773485,15.427513084563083,14.676160498880458,,,,,,,19.163408315824583,,,,,,19.457352949967657,,,14.17200544777152,,"rgba(38, 166, 154, 0.5)"
2026-01-15 00:00:00+00:00,20.8180007469,20.9062541651,20.6169790723,20.7297473288,11903066,0.0,0.0,0.0,0.0,0.0,0.0,0.0,0.0,,19.48293270691635,17.90370473492401,16.53036289872288,16.03042007600477,15.868640603257344,15.691612706300235,15.641576771099992,15.565300628481516,15.434689001088124,14.683313703915069,,,,,,,19.19080981748101,,,,,,19.48293270691635,,,14.179136766222223,,"rgba(38, 166, 154, 0.5)"
2026-01-16 00:00:00+00:00,20.7591651348,20.9945075832,20.6316879753,20.7787770055,15102509,0.0,0.0,0.0,0.0,0.0,0.0,0.0,0.0,,19.514350715217756,17.91686407456609,16.540207308275658,16.03980530411788,15.87789350052986,15.700693280628041,15.650643355678,15.57436757115714,15.443791074142494,14.692387372731625,,,,,,,19.22457767487109,,,,,,19.514350715217756,,,14.188182911739952,,"rgba(38, 166, 154, 0.5)"
2026-01-20 00:00:00+00:00,20.6807176521,21.1464995812,19.7785715999,20.1610030785,22457835,0.0,0.0,0.0,0.0,0.0,0.0,0.0,0.0,,19.549449826655692,17.934465542874925,16.553873540254514,16.052934306770183,15.89086497244216,15.713451016561011,15.663388730874086,15.5871241675883,15.456614601833559,14.705258039003136,,,,,,,19.264356101742813,,,,,,19.549449826655692,,,14.20106184194092,,"rgba(38, 166, 154, 0.5)"
2026-01-21 00:00:00+00:00,21.269073773,21.435774674,20.7395532641,20.7591651348,19251003,0.0,0.0,0.0,0.0,0.0,0.0,0.0,0.0,,19.59521570179013,17.952877682400462,16.567305995683586,16.065658158978884,15.903386537623499,15.72571676871421,15.675629071585005,15.599355045760394,15.468876034814341,14.717400881070343,,,,,,,19.312121164282253,,,,,,19.59521570179013,,,14.213124370438388,,"rgba(38, 166, 154, 0.5)"
2026-01-22 00:00:00+00:00,21.1514025488,21.6416993163,21.1415966135,21.2788797084,16150466,0.0,0.0,0.0,0.0,0.0,0.0,0.0,0.0,,19.63546977276123,17.968944214881823,16.57891449395933,16.07662548805513,15.914171392482709,15.736273254358382,15.686161354778008,15.60987561704674,15.479416829330617,14.727810766887572,,,,,,,19.35376783831144,,,,,,19.63546977276123,,,14.223449585261664,,"rgba(38, 166, 154, 0.5)"
2026-01-23 00:00:00+00:00,20.6905235874,21.0876639691,20.6611057814,21.0533431953,14994582,0.0,0.0,0.0,0.0,0.0,0.0,0.0,0.0,,19.660565865095457,17.981519859470524,16.588511616110814,16.08580125459561,15.923224758624434,15.745165475412717,15.695041309889065,15.618757698660115,15.488335702880523,14.736716720826026,,,,,,,19.381453523938795,,,,,,19.660565865095457,,,14.232336714572542,,"rgba(38, 166, 154, 0.5)"
2026-01-26 00:00:00+00:00,20.876836359,20.9748957125,20.6463968783,20.7689710702,15386686,0.0,0.0,0.0,0.0,0.0,0.0,0.0,0.0,,19.685649750208896,17.99439784829556,16.598360086979174,16.095218989221184,15.932517268459595,15.754293086910561,15.704156346965094,15.627874868930386,15.497490441912095,14.745857912787358,,,,,,,19.409166499186455,,,,,,19.685649750208896,,,14.24145845817046,,"rgba(38, 166, 154, 0.5)"
2026-01-27 00:00:00+00:00,21.04353726,21.0631491307,20.8081948116,20.9650897772,14213379,0.0,0.0,0.0,0.0,0.0,0.0,0.0,0.0,,19.710578357813322,18.006768090506036,16.607714175669884,16.10413956093218,15.941312443683449,15.762925469435748,15.71277492424922,15.636492554818599,15.50613873397022,14.754469881980224,,,,,,,19.43625009697927,,,,,,19.710578357813322,,,14.250039371204398,,"rgba(38, 166, 154, 0.5)"
2026-01-28 00:00:00+00:00,20.8964482297,21.0484402277,20.6807176521,20.8964482297,19721506,0.0,0.0,0.0,0.0,0.0,0.0,0.0,0.0,,19.74108301078387,18.02321017786966,16.620341854426098,16.11621907700054,15.953232336492075,15.77463510096413,15.72446844463841,15.648188644820932,15.517882435643324,14.766195150794616,,,,,,,19.47004604007617,,,,,,19.74108301078387,,,14.261739192092142,,"rgba(38, 166, 154, 0.5)"
2026-01-29 00:00:00+00:00,21.2102381609,21.269073773,20.9209630681,21.0141194539,16627526,0.0,0.0,0.0,0.0,0.0,0.0,0.0,0.0,,19.771166456142982,18.038168960018336,16.631573153415275,16.126906127204574,15.963762440936943,15.784963792285449,15.734778566289405,15.658494464981052,15.528219223572897,14.776462460088819,,,,,,,19.502344457861536,,,,,,19.771166456142982,,,14.271955344752655,,"rgba(38, 166, 154, 0.5)"
2026-01-30 00:00:00+00:00,21.1023728721,21.3524242235,20.9357700305,21.072955066,13710643,0.0,0.0,0.0,0.0,0.0,0.0,0.0,0.0,,19.794955074103495,18.050383001879712,16.640785610449218,16.135678539623626,15.972407737131558,15.793445534833387,15.743245436696517,15.666958295235874,15.53670919342013,14.784899454312162,,,,,,,19.52799725531923,,,,,,19.794955074103495,,,14.280352544270484,,"rgba(38, 166, 154, 0.5)"
2026-02-02 00:00:00+00:00,21.5730577689,21.6024755749,21.0283380602,21.1219847428,15457694,0.0,0.0,0.0,0.0,0.0,0.0,0.0,0.0,,19.826042049717124,18.065240188166488,16.651751274120258,16.146066781887395,15.982630502549714,15.80345995255896,15.753238163511142,15.676941226993197,15.54671259843933,14.794789939271014,,,,,,,19.56069864171997,,,,,,19.826042049717124,,,14.29016882981053,,"rgba(38, 166, 154, 0.5)"
2026-02-03 00:00:00+00:00,21.9064595707,22.0192278273,21.5951211234,21.631893381,17794182,0.0,0.0,0.0,0.0,0.0,0.0,0.0,0.0,,19.86993705213938,18.08440995365559,16.665472992705133,16.158969294192964,15.995300410986722,15.815844457049767,15.765588375824736,15.689268141997623,15.559046157065938,14.80689295549332,,,,,,,19.605604819816108,,,,,,19.86993705213938,,,14.302130929640468,,"rgba(38, 166, 154, 0.5)"
2026-02-04 00:00:00+00:00,22.2104435666,22.4653978857,21.9260714414,21.9260714414,21048683,0.0,0.0,0.0,0.0,0.0,0.0,0.0,0.0,,19.928508567698223,18.108987687757374,16.682734793848336,16.175119670343484,16.011136699483053,15.831300996334965,15.780995677689704,15.704636663226683,15.57440666962233,14.821886793019083,,,,,,,19.66469819201104,,,,,,19.928508567698223,,,14.316906130852567,,"rgba(38, 166, 154, 0.5)"
2026-02-05 00:00:00+00:00,22.2594732433,22.3134058877,21.8672358293,22.0633545363,15453266,0.0,0.0,0.0,0.0,0.0,0.0,0.0,0.0,,19.96869279636732,18.12661045362472,16.695216272439886,16.186816260298542,16.022610973553782,15.842505451210974,15.79216570249722,15.71578034020502,15.585547290058376,14.832775954694277,,,,,,,19.705510730916693,,,,,,19.96869279636732,,,14.327644500222684,,"rgba(38, 166, 154, 0.5)"
2026-02-06 00:00:00+00:00,22.7595759461,22.8380234289,22.3967563382,22.4065622736,15101448,0.0,0.0,0.0,0.0,0.0,0.0,0.0,0.0,,20.015592224687957,18.1458843398585,16.70851256605967,16.19919214640785,16.034727720345114,15.854313146131178,15.80393048415644,15.727507439038716,15.597254627049734,14.844137532066107,,,,,,,19.75231128637904,,,,,,20.015592224687957,,,14.33880340324586,,"rgba(38, 166, 154, 1.0)"
2026-02-09 00:00:00+00:00,22.5634572392,22.8919560734,22.5340394331,22.5340394331,11993977,0.0,0.0,0.0,0.0,0.0,0.0,0.0,0.0,,20.051672007347904,18.161070429103884,16.71902782658736,16.208985290988245,16.04431735026917,15.863659810064313,15.813243511761037,15.736791065093186,15.606523212002998,14.853135862307655,,,,,,,19.78841963521798,22.663150915233334,,,,,20.051672007347904,,,14.34764310813219,,"rgba(38, 166, 154, 1.0)"
2026-02-10 00:00:00+00:00,22.4948156917,22.8037026552,22.2153465342,22.5242334978,11440296,0.0,0.0,0.0,0.0,0.0,0.0,0.0,0.0,,20.08314747587492,18.174953925222436,16.728756547314987,16.21806998127497,16.05322000944725,15.872343821761204,15.821898045549167,15.745420856028236,15.615143198203077,14.861525695604307,,,,,,,,22.585759054957688,,,,,20.08314747587492,,,14.355896857236491,,"rgba(38, 166, 154, 1.0)"
2026-02-11 00:00:00+00:00,22.1025782777,22.8429263966,21.9751011182,22.6026809805,11943418,0.0,0.0,0.0,0.0,0.0,0.0,0.0,0.0,,20.11254265316399,18.188695921350952,16.738531725211246,16.227228805252867,16.062203958182497,15.881115946354626,15.830642676136248,15.754143820340198,15.623861671996279,14.87003877671734,,,,,,,,22.49160634980719,,,,,20.11254265316399,,,14.36428710903667,,"rgba(38, 166, 154, 0.5)"
2026-02-12 00:00:00+00:00,21.3377153205,22.3869504029,21.0827610014,22.1908316959,16633133,0.0,0.0,0.0,0.0,0.0,0.0,0.0,0.0,,20.139475699598787,18.204434753269144,16.750373391071506,16.23846561701499,16.07326617731875,15.891957941761783,15.841461444634591,15.764951650788191,15.634689989825796,14.880742349513417,,,,,,,,22.207261105961987,,,,,20.139475699598787,,,14.374908767374427,,"rgba(38, 166, 154, 0.5)"
2026-02-13 00:00:00+00:00,21.2788797084,21.3916479649,20.9699927449,21.1808203549,15379827,0.0,0.0,0.0,0.0,0.0,0.0,0.0,0.0,,20.157132578988303,18.217207947926372,16.760397942587634,16.248063602914115,16.08273881589119,15.901266128876772,15.85075600997154,15.77424610275738,15.644017232413182,14.89003820232849,,,,,,,,21.980467493107646,,,,,20.157132578988303,,,14.384175316324757,,"rgba(38, 166, 154, 0.5)"
2026-02-17 00:00:00+00:00,21.269073773,21.646602284,21.1906262902,21.46519248,13212380,0.0,0.0,0.0,0.0,0.0,0.0,0.0,0.0,,20.174006182149277,18.228658889843192,16.76927286979616,16.25653633573508,16.091094069414073,15.909469520629328,15.858945494829214,15.782432616670155,15.652227815406883,14.898197786494526,,,,,,,,21.880198144329853,,,,,20.174006182149277,,,14.392296444145144,,#000000
2026-02-18 00:00:00+00:00,21.5142221568,21.7201467991,21.2788797084,21.3573271912,14429445,0.0,0.0,0.0,0.0,0.0,0.0,0.0,0.0,,20.193937436587554,18.241606096301176,16.779211047259064,16.266002242883715,16.10042260600567,15.91862240608222,15.868081142938868,15.791562342931108,15.66137999646476,14.907271869633158,,,,,,,,21.82314054868824,,,,,20.193937436587554,,,14.401316138077688,,#000000
2026-02-19 00:00:00+00:00,21.3671331265,21.5044162214,21.1415966135,21.3769390619,16041996,0.0,0.0,0.0,0.0,0.0,0.0,0.0,0.0,,20.212675546113314,18.255151290459338,16.78982293317883,16.276152376804834,16.110437215728155,15.928460439553604,15.877903724333496,15.801383034503953,15.671232093665356,14.917076626591308,,,,,,,,21.753032724368087,,,,,20.212675546113314,,,14.411082294915557,,#000000
2026-02-20 00:00:00+00:00,21.7691764758,22.1810257605,21.0827610014,21.3769390619,39766784,0.0,0.0,0.0,0.0,0.0,0.0,0.0,0.0,,20.26984828479243,18.291870244191337,16.817867549042624,16.302817552506504,16.136701989803043,15.954217757897288,15.903608254704846,15.82706403779182,15.696964122215356,14.94253340130598,,,,,,,,21.73316048832882,,,,,20.26984828479243,,,14.436355954437266,,#000000
2026-02-23 00:00:00+00:00,20.6022701693,21.9996159566,20.4453752037,21.6515052516,25544680,0.0,0.0,0.0,0.0,0.0,0.0,0.0,0.0,,20.2880901113602,18.31051394882354,16.833282644555528,16.31771550045551,16.151443323780764,15.96874248417258,15.918120977274958,15.841589513038938,15.711560915670628,14.957187847127779,,,,,,,,21.62926374180665,,,,,20.2880901113602,,,14.451022757981104,,"rgba(239, 83, 80, 1.0)"
2026-02-24 00:00:00+00:00,20.5924642339,20.8150589663,20.2002268199,20.6120761046,18017234,0.0,0.0,0.0,0.0,0.0,0.0,0.0,0.0,,20.29229246513661,18.32120568889097,16.84284776887664,16.32709938411761,16.160766887348977,15.977967831452226,15.927348801759825,15.85084026377075,15.720881256322308,14.966666241155814,,,,,,,,21.527932626808383,,,,,20.29229246513661,,,14.460575052057688,,"rgba(239, 83, 80, 1.0)"
2026-02-25 00:00:00+00:00,21.0533431953,21.0533431953,20.5826582986,20.8180007469,11430427,0.0,0.0,0.0,0.0,0.0,0.0,0.0,0.0,,20.298722613045015,18.329031160785746,16.849480370632197,16.333539170707102,16.167147109549084,15.984262664961328,15.933640478460187,15.857140384187263,15.72721692941491,14.973051002970482,,,,,,,,21.492864803053617,,,,,20.298722613045015,,,14.4669783568456,,"rgba(239, 83, 80, 1.0)"
2026-02-26 00:00:00+00:00,21.435774674,21.6416993163,21.1072758398,21.1612084842,14622517,0.0,0.0,0.0,0.0,0.0,0.0,0.0,0.0,,20.313447294939134,18.34090313725805,16.85897482766185,16.34264801485791,16.17614170382794,15.993106737132436,15.942472083684441,15.86597194108034,15.736078725664619,14.98188442690738,,,,,,,,21.486368049157473,,,,,20.313447294939134,,,14.47578495077798,,"rgba(239, 83, 80, 1.0)"
2026-02-27 00:00:00+00:00,20.3375099148,21.1563055165,20.0825555957,21.0141194539,27546947,0.0,0.0,0.0,0.0,0.0,0.0,0.0,0.0,,20.318679833517585,18.356723796335192,16.873345923333417,16.356781328402246,16.190193504669853,16.007020418395385,15.956391602599162,15.879928819867086,15.750144642794337,14.996212408078621,,,,,,,,21.37963482825206,,,,,20.318679833517585,,,14.490237629985542,,"rgba(239, 83, 80, 1.0)"
2026-03-02 00:00:00+00:00,20.5042108158,20.6611057814,19.9060487594,20.2492564967,11736816,0.0,0.0,0.0,0.0,0.0,0.0,0.0,0.0,,20.31907986660777,18.36287722332574,16.8791541380434,16.362532084667148,16.195921551101062,16.012702757064723,15.962079028139451,15.885635441965443,15.755902205753207,15.002109427581418,,,,,,,,21.333430727524046,,,,,20.31907986660777,,,14.496203297351327,,"rgba(239, 83, 80, 1.0)"
2026-03-03 00:00:00+00:00,20.273771335,20.511470657,19.8577975216,20.0558802899,15336610,0.0,0.0,0.0,0.0,0.0,0.0,0.0,0.0,,20.317674825805835,18.370289541494994,16.88640429336496,16.369754083103825,16.203126751047378,16.01986230132198,15.969248015757646,15.892833050927136,15.763171234917523,15.009590666715939,,,,,,,,21.271037323884418,,,,,20.317674825805835,,,14.50379097649729,,"rgba(239, 83, 80, 1.0)"
2026-03-04 00:00:00+00:00,20.511470657,20.5510872107,20.1895861585,20.4223334113,14238367,0.0,0.0,0.0,0.0,0.0,0.0,0.0,0.0,,20.31890136837002,18.377869982629143,16.893516044166372,16.376787527186693,16.210130319998093,16.026808036060803,15.976199325444599,15.89980679149989,15.770205407016613,15.016787173313883,,,,,,,,21.229025422342488,,,,,20.31890136837002,,,14.511067120527459,,"rgba(239, 83, 80, 1.0)"
2026-03-05 00:00:00+00:00,20.1747299509,20.4470937573,19.9469347674,20.3133878887,11926641,0.0,0.0,0.0,0.0,0.0,0.0,0.0,0.0,,20.31758246047522,18.383472204090673,16.899067462590743,16.38232915921716,16.215662243322754,16.032308223488954,15.98170752936144,15.90533803959161,15.775793156543587,15.02254689609305,,,,,,,,21.187872330399575,,,,,20.31758246047522,,,14.516913617484493,,"rgba(239, 83, 80, 1.0)"
2026-03-06 00:00:00+00:00,19.6696188917,19.724091653,19.1298433481,19.6101940613,20056845,0.0,0.0,0.0,0.0,0.0,0.0,0.0,0.0,,20.30392831837343,18.389288879189216,16.906435668220126,16.389949960816796,16.223340588221586,16.04001366365384,15.989442691503193,15.91313270632485,15.783711711454227,15.030929904838047,,,,,,,,21.08299808345637,,,,,20.30392831837343,,,14.525540143962514,,"rgba(239, 83, 80, 1.0)"
2026-03-09 00:00:00+00:00,19.5012485387,19.5705775076,18.7881505728,19.3031657704,20104667,0.0,0.0,0.0,0.0,0.0,0.0,0.0,0.0,,20.287019455530455,18.393918246165708,16.91315533584229,16.397012437863843,16.230485470983098,16.047212790055116,15.996677002535094,15.920433488986156,15.79114605620207,15.038887894234437,,,,,,,,20.97721459325824,,,,,20.287019455530455,,,14.533774796909963,,"rgba(239, 83, 80, 1.0)"
2026-03-10 00:00:00+00:00,19.5705775076,19.9766471826,19.2239326631,19.5210568155,18753924,0.0,0.0,0.0,0.0,0.0,0.0,0.0,0.0,,20.276383021877145,18.39964833488223,16.92018717518826,16.40425864198633,16.23777972321875,16.054526457568553,16.004017068440763,15.92782724608913,15.79865263664153,15.046813311230451,,,,,,,,20.90500028931718,,,,,20.276383021877145,,,14.541919795080203,,"rgba(239, 83, 80, 1.0)"
2026-03-11 00:00:00+00:00,19.461631985,19.6597147533,19.1843161094,19.5903857844,17539690,0.0,0.0,0.0,0.0,0.0,0.0,0.0,0.0,,20.26454052572074,18.404266078770128,16.926350162031785,16.4106773921566,16.24425869090625,16.061040355373535,16.010558978233455,15.934423562776509,15.805360205973649,15.05394837420875,,,,,,,,20.836745842334782,,,,,20.26454052572074,,,14.54928033026667,,"rgba(239, 83, 80, 1.0)"
2026-03-12 00:00:00+00:00,19.0357540332,19.1645078326,18.8673836801,19.0159457564,17049321,0.0,0.0,0.0,0.0,0.0,0.0,0.0,0.0,,20.247773174050277,18.406934430079975,16.931331336247297,16.41604293627315,16.24972018415178,16.066576666429324,16.016130739907783,15.940058691042118,15.811118013227972,15.060210582875973,,,,,,,,20.758389539470095,,,,,20.247773174050277,,,14.555811380405238,,"rgba(239, 83, 80, 1.0)"
2026-03-13 00:00:00+00:00,18.7188216039,19.293261632,18.6593967734,19.1546036942,23402786,0.0,0.0,0.0,0.0,0.0,0.0,0.0,0.0,,20.22307862168707,18.409782172989086,16.937700991004213,16.42300083880649,16.2568266738812,16.07380447927664,16.023410879888004,15.94743041327295,15.818664384076321,15.06848889605854,,,,,,,,20.653847848481426,,,,,20.22307862168707,,,14.564481124857465,,"rgba(239, 83, 80, 1.0)"
2026-03-16 00:00:00+00:00,18.7782464344,19.1011213467,18.7633902268,18.9565209259,20130133,0.0,0.0,0.0,0.0,0.0,0.0,0.0,0.0,,20.202397652630285,18.412156734538502,16.94312016871328,16.428931416462834,16.262886751227263,16.079970985936978,16.02962271129103,15.953721333042457,15.82510580161669,15.075563227529903,,,,,,,,20.572417302926517,,,,,20.202397652630285,,,14.5718943493831,,"rgba(239, 83, 80, 1.0)"
2026-03-17 00:00:00+00:00,18.9169043722,19.1248912789,18.8574795417,18.9862333411,16113632,0.0,0.0,0.0,0.0,0.0,0.0,0.0,0.0,,20.187338569902735,18.414383909426682,16.947626794648965,16.4338229302777,16.267875322998407,16.08503771246711,16.034724219438964,15.958884165510861,15.83038622002192,15.081333967161227,,,,,,,,20.51546572840167,,,,,20.187338569902735,,,14.57792750161343,,"rgba(239, 83, 80, 1.0)"
2026-03-18 00:00:00+00:00,18.887191957,19.149651625,18.8277671265,18.8475754033,15707472,0.0,0.0,0.0,0.0,0.0,0.0,0.0,0.0,,20.17287249771593,18.416492702849922,16.951975511739246,16.438551359029596,16.272699718833195,16.089939897859022,16.039660575895315,15.963880590479562,15.835497578879362,15.086926115909284,,,,,,,,20.463321478619374,,,,,20.17287249771593,,,14.583777216258255,,"rgba(239, 83, 80, 1.0)"
2026-03-19 00:00:00+00:00,19.0951788637,19.2239326631,18.5454991817,18.7980547112,18888496,0.0,0.0,0.0,0.0,0.0,0.0,0.0,0.0,,20.155920259804265,18.419006871909627,16.95718002755796,16.444213937090414,16.278478242494376,16.095812724135936,16.04557457002266,15.969866849337318,15.841621969811994,15.093629422149291,,,,,,,,20.40505348758949,,,,,20.155920259804265,18.954870236166663,,14.59079092191547,,"rgba(239, 83, 80, 0.75)"
2026-03-20 00:00:00+00:00,19.2239326631,19.2536450783,18.9713771335,19.1050830021,26177207,0.0,0.0,0.0,0.0,0.0,0.0,0.0,0.0,,20.136877865091023,18.42370514311686,16.965047241123365,16.45262517005064,16.28702538780912,16.10446385920935,16.054277193902255,15.9786623645274,15.850598549180138,15.10334778899776,,,,,,,,20.341262523891064,,,,,,19.068012435110397,,14.600906135420463,,"rgba(239, 83, 80, 0.75)"
2026-03-23 00:00:00+00:00,19.461631985,19.818180968,19.3675426701,19.7092354454,14575867,0.0,0.0,0.0,0.0,0.0,0.0,0.0,0.0,,20.13074919834941,18.42772030234027,16.97019995095271,16.457976382505425,16.29242359858554,16.109888852938607,16.05972446299534,15.984153093055241,15.856178428874468,15.109271203060244,,,,,,,,20.319466639339584,,,,,,19.18559047024295,,14.607011926375728,,"rgba(239, 83, 80, 0.75)"
2026-03-24 00:00:00+00:00,19.6300023381,19.9518868366,19.2041243863,19.3130699088,10919653,0.0,0.0,0.0,0.0,0.0,0.0,0.0,0.0,,20.126599188484906,18.43083278195954,16.97411565150544,16.462032954031102,16.29651325802249,16.113996325025198,16.063848131560988,15.988308660765858,15.860399811395354,15.11374454309605,,,,,,,,20.304841518760632,,,,,,19.249000641643253,,14.611618962060476,,"rgba(239, 83, 80, 0.75)"
2026-03-25 00:00:00+00:00,19.8082768296,19.9766471826,19.5260088847,19.8082768296,10333506,0.0,0.0,0.0,0.0,0.0,0.0,0.0,0.0,,20.124004842109088,18.43420321917812,16.97805705698119,16.46607595983858,16.300578858022703,16.11806932352726,16.06793450841809,15.992422701820004,15.864572564943309,15.118134509810575,,,,,,,,20.294816785785752,,,,,,19.315592908252036,,14.616123661397193,,"rgba(239, 83, 80, 0.75)"
2026-03-26 00:00:00+00:00,19.6894271686,19.7983726911,19.4863923311,19.6200981997,10819046,0.0,0.0,0.0,0.0,0.0,0.0,0.0,0.0,,20.12047950952017,18.437418961796546,16.982006359092157,16.470154921030094,16.30468792919854,16.122193225682008,16.07207382973591,15.996592775574847,15.868806568668333,15.122611203236067,,,,,,,,20.28255461328717,,,,,,19.355992632103582,,14.620729071557356,,#000000
2026-03-27 00:00:00+00:00,19.2635492167,19.6646668225,19.174411971,19.6002899228,15152434,0.0,0.0,0.0,0.0,0.0,0.0,0.0,0.0,,20.112584665364157,18.440829226874584,16.986919604972044,16.475331129958885,16.309928826217373,16.127479535861482,16.077386696678865,16.00195503845022,15.87426714390883,15.128465476612407,,,,,,,,20.2585243343841,,,,,,19.357630298392777,,14.626793794858818,,"rgba(239, 83, 80, 0.75)"
2026-03-30 00:00:00+00:00,19.2140285247,19.4418237082,19.1149871405,19.3823988777,13798706,0.0,0.0,0.0,0.0,0.0,0.0,0.0,0.0,,20.104491770440667,18.44354509251636,16.991169279070217,16.47984919240707,16.31451385124612,16.132114792270915,16.08204789460595,16.006663434031612,15.879068093837734,15.133643970550423,,,,,,,,20.235130122705353,,,,,,19.346116539689255,,14.632174696809242,,"rgba(239, 83, 80, 1.0)"
2026-03-31 00:00:00+00:00,19.8577975216,19.9667430442,19.4022071545,19.5210568155,17021454,0.0,0.0,0.0,0.0,0.0,0.0,0.0,0.0,,20.10031410426977,18.44885448855917,16.997507748101004,16.48637270312994,16.321079714980684,16.138698829734818,16.088654968501725,16.013317174556647,15.885819745671116,15.140763799010042,,,,,,,,20.221326671062187,,,,,,19.395088377547346,,14.63948984540958,,#000000
2026-04-01 00:00:00+00:00,20.1450175357,20.3084358195,19.8875099369,19.8875099369,15971849,0.0,0.0,0.0,0.0,0.0,0.0,0.0,0.0,,20.10045692286704,18.45521647389031,17.00423007604382,16.493165832572352,16.32788423294983,16.145489570698423,16.09546099393943,16.020158811343205,15.892741718291187,15.147962238424672,,,,,,,,20.218569633461037,,,,,,19.46977900357999,,14.646833112705332,,#000000
2026-04-02 00:00:00+00:00,20.273771335,20.3232920271,19.6300023381,19.8974140753,13564232,0.0,0.0,0.0,0.0,0.0,0.0,0.0,0.0,,20.100233758551806,18.460458570206285,17.00984690937684,16.49885472055045,16.333586123885382,16.151183470145252,16.101168579626165,16.025897505321232,15.898549774343433,15.154012615965238,,,,,,,,20.215528673513784,,,,,,19.51892729608276,,14.653010791142238,,"rgba(38, 166, 154, 0.5)"
2026-04-06 00:00:00+00:00,20.4619499649,20.511470657,20.2539630582,20.3728127192,14665662,0.0,0.0,0.0,0.0,0.0,0.0,0.0,0.0,,20.103213876179858,18.46725047693733,17.016554747436476,16.505556760110753,16.3402791113084,16.15784266861362,16.10783741154497,16.03259330267875,15.905311158714866,15.160979658315842,,,,,,,,20.219883447507335,,,,,,19.59070428540004,,14.660084042693919,,"rgba(38, 166, 154, 1.0)"
2026-04-07 00:00:00+00:00,20.4223334113,20.5263268646,20.2688192658,20.4223334113,15130571,0.0,0.0,0.0,0.0,0.0,0.0,0.0,0.0,,20.106196256724353,18.474196419285608,17.023440830834012,16.51244139477971,16.34715568555852,16.164685853798815,16.114690779931042,16.039474759184277,15.912260572669958,15.168143715485051,,,,,,,,20.224100725462982,,,,,,19.65330375345149,,14.667359144005948,,"rgba(38, 166, 154, 1.0)"
2026-04-08 00:00:00+00:00,21.0859106851,21.2839934534,20.8284030863,21.0462941314,12701225,0.0,0.0,0.0,0.0,0.0,0.0,0.0,0.0,,20.114072459681477,18.48196879152251,17.030323921606747,16.519178823781022,16.35384639663799,16.17130497679841,16.12130954798596,16.04610564364515,15.918932399093773,15.174898641044845,,,,,,,,20.239832029075032,,,,,,19.738866796872742,,14.674153002695633,,"rgba(38, 166, 154, 1.0)"
2026-04-09 00:00:00+00:00,21.442459668,21.4919803601,20.9819172317,21.0066775777,10121692,0.0,0.0,0.0,0.0,0.0,0.0,0.0,0.0,,20.12181200446868,18.488699961178295,17.036116660181744,16.52481554776643,16.359434833732042,16.176824321953138,16.126826131657907,16.051628678091088,15.924483532208372,15.180488873371655,,,,,,,,20.255465065164383,,,,,,19.810993715382466,,14.679759100396904,,"rgba(38, 166, 154, 1.0)"
2026-04-10 00:00:00+00:00,21.2542810381,21.4523638064,21.2344727613,21.4127472527,9399847,0.0,0.0,0.0,0.0,0.0,0.0,0.0,0.0,,20.12895957014324,18.494940640049332,17.04149261173983,16.530047419394865,16.364622078696335,16.181947660676354,16.131946935258007,16.056755491237546,15.929636431830389,15.185678289877869,,,,,,,,20.2696888784132,,,,,,19.872611125803388,,14.684963382613846,,"rgba(38, 166, 154, 1.0)"
2026-04-13 00:00:00+00:00,21.5117886369,21.5315969137,20.9819172317,21.0859106851,15045797,0.0,0.0,0.0,0.0,0.0,0.0,0.0,0.0,,20.14049033825125,18.50497142731325,17.050125858306906,16.538447011087303,16.372949384563313,16.190171785869023,16.140166775460102,16.064984621188554,15.937906786769988,15.19400439218119,,,,,,,,20.292268060292482,,,,,,19.963097348584743,,14.693311798116222,,"rgba(38, 166, 154, 1.0)"
2026-04-14 00:00:00+00:00,21.4226513912,21.5712134674,21.2146644845,21.5117886369,14331372,0.0,0.0,0.0,0.0,0.0,0.0,0.0,0.0,,20.151819667472648,18.514664702435343,17.05843356676977,16.54652192286688,16.38095259047261,16.198073644152476,16.148063875646788,16.072889658463406,15.945849736855717,15.201992807758621,,,,,,,,20.314109227306524,,,,,,20.042880979299266,,14.701317225877476,,"rgba(38, 166, 154, 1.0)"
2026-04-15 00:00:00+00:00,21.3632265607,21.6207341595,21.2443768997,21.4523638064,22704406,0.0,0.0,0.0,0.0,0.0,0.0,0.0,0.0,,20.169450222909347,18.5299239861079,17.07155019680028,16.559277146473775,16.393596228845606,16.210559020412447,16.160542076577755,16.085380813382926,15.958401329416633,15.214619853677597,,,,,,,,20.34720505794727,,,,,,20.153170723658477,,14.713973211560248,,"rgba(38, 166, 154, 1.0)"
2026-04-16 00:00:00+00:00,21.4622679448,21.873289689,21.1354313771,21.4127472527,23035564,0.0,0.0,0.0,0.0,0.0,0.0,0.0,0.0,,20.18797413377376,18.545672582060313,17.085024201399122,16.572364888280667,16.406565283238653,16.22336164256512,16.173336095283208,16.098186169281693,15.971265281402227,15.227545268267306,,,,,,,,20.381206258055172,,,,,,20.254374408753574,,14.726919611430784,,"rgba(38, 166, 154, 1.0)"
2026-04-17 00:00:00+00:00,21.5910217442,21.9440052373,21.5167407061,21.6603507131,18022165,0.0,0.0,0.0,0.0,0.0,0.0,0.0,0.0,,20.204209242249245,18.558679742258885,17.095969344794604,16.582957074002707,16.417050496593507,16.233701299185615,16.183665805887138,16.10852054778133,15.981639484581077,15.237932011707155,,,,,,,,20.41083192302529,,,,,,20.33429094416379,,14.737302887643896,,"rgba(38, 166, 154, 1.0)"
2026-04-20 00:00:00+00:00,21.9772831424,22.0438389525,21.4919803601,21.5117886369,13285683,0.0,0.0,0.0,0.0,0.0,0.0,0.0,0.0,,20.217174216593534,18.568668032528734,17.104273973841888,16.590971969542075,16.42497831077129,16.241512864639486,16.191468166641332,16.116323903611576,15.989468697521573,15.245749754931289,,,,,,,,20.434358503246493,,,,,,20.393795931806633,,14.745106474441275,,"rgba(38, 166, 154, 1.0)"
2026-04-21 00:00:00+00:00,21.8881458967,22.3288800561,21.8039607201,22.0565162497,14429474,0.0,0.0,0.0,0.0,0.0,0.0,0.0,0.0,,20.232471114304957,18.58000576933889,17.113582090315695,16.599929218325034,16.43383090498978,16.250228223581328,16.200171243801464,16.125025088106476,15.998193728625811,15.254437111465306,,,,,,,,20.462025462121463,22.00699555763333,,,,,20.460285203819705,,14.753764317599826,,"rgba(38, 166, 154, 1.0)"
2026-04-22 00:00:00+00:00,21.8287210662,22.1159410802,21.7197755436,22.016899696,7534984,0.0,0.0,0.0,0.0,0.0,0.0,0.0,0.0,,20.239827535911534,18.58569230392906,17.118310986285927,16.60449232119171,16.4383441812674,16.2546751248304,16.204612787682066,16.129466982819846,16.002649920147437,15.258885040644405,,,,,,,,,21.966223766506538,,,,,20.49036903526576,,14.758203244304225,,"rgba(38, 166, 154, 1.0)"
2026-04-23 00:00:00+00:00,21.7990086509,21.9475707271,21.5018844985,21.8881458967,8082888,0.0,0.0,0.0,0.0,0.0,0.0,0.0,0.0,,20.246988805771853,18.591515432270292,17.123226178309807,16.609250255561275,16.443054373845484,16.25932036939384,16.209253543011787,16.13410971656587,16.007310210103054,15.263550113927234,,,,,,,,,21.90792073837846,,,,,20.518197675569876,,14.762866326718784,,"rgba(38, 166, 154, 1.0)"
2026-04-24 00:00:00+00:00,21.4226513912,21.8980500351,21.3186579378,21.8683376198,13608578,0.0,0.0,0.0,0.0,0.0,0.0,0.0,0.0,,20.257284759790156,18.600643917921715,17.13111585453025,16.616925371380876,16.45066303635151,16.26683494366247,16.216763630425856,16.141627048899977,16.014862526851402,15.271143836921587,,,,,,,,,21.795242782906044,,,,,20.55508739256897,,14.770475443593066,,"rgba(38, 166, 154, 0.75)"
2026-04-27 00:00:00+00:00,21.6999672668,21.8564526537,21.4622679448,21.4820762217,8717678,0.0,0.0,0.0,0.0,0.0,0.0,0.0,0.0,,20.264433599462546,18.606711794276563,17.13629953449861,16.621955328766116,16.455645894771784,16.271752597416818,16.22167738229128,16.1465441033236,16.019800083071644,15.276096573192145,,,,,,,,,21.77487793862563,,,,,20.580199994903097,,14.775431684467403,,"rgba(38, 166, 154, 0.75)"
2026-04-28 00:00:00+00:00,21.7494879588,22.0268038345,21.6999672668,21.8683376198,8332584,0.0,0.0,0.0,0.0,0.0,0.0,0.0,0.0,,20.27193216539502,18.61277666055756,17.14140939207595,16.62689864563716,16.460538737714018,16.27657716374019,16.226496989832956,16.151365275212793,16.02463859591116,15.280936074484805,,,,,,,,,21.781815343016945,,,,,20.606377125100316,,14.780266949465743,,"rgba(38, 166, 154, 0.75)"
2026-04-29 00:00:00+00:00,21.4622679448,21.8584334814,21.4622679448,21.6999672668,9957465,0.0,0.0,0.0,0.0,0.0,0.0,0.0,0.0,,20.27947999714477,18.61947509848339,17.147200552853004,16.632531564167255,16.466122660010118,16.28209189681984,16.232008300797304,16.156881652288952,16.03018013870279,15.286506038281725,,,,,,,,,21.75539515122764,,,,,20.630587583704713,,14.785847164042933,,"rgba(38, 166, 154, 0.75)"
2026-04-30 00:00:00+00:00,21.8980500351,21.9475707271,21.2889455226,21.3929389759,9444644,0.0,0.0,0.0,0.0,0.0,0.0,0.0,0.0,,20.28719098649364,18.62605001707862,17.152823952907507,16.63798850871558,16.471528576036473,16.287427223197255,16.237339348528785,16.162216161215166,16.035536602511616,15.2918780593692,,,,,,,,,21.750222585791164,,,,,20.655141845745657,,14.791222515799161,,"rgba(38, 166, 154, 0.75)"
2026-05-01 00:00:00+00:00,21.6603507131,21.9970914192,21.6551015198,21.9574748656,5855551,0.0,0.0,0.0,0.0,0.0,0.0,0.0,0.0,,20.292127525189724,18.630190462231635,17.156348712466137,16.64140534745014,16.474912460966067,16.290765912207632,16.240675082621717,16.16555364438743,16.03888712570652,15.295234867775703,,,,,,,,,21.7516275076434,,,,,20.670636638027183,,14.794579506520153,,"rgba(38, 166, 154, 0.75)"
2026-05-04 00:00:00+00:00,21.4523638064,21.610830021,21.323610007,21.5315969137,11357960,0.0,0.0,0.0,0.0,0.0,0.0,0.0,0.0,,20.29963105704584,18.63740459798387,17.162714164799805,16.647622077817488,16.48108211496061,16.296866350840617,16.24677352453503,16.171660255818345,16.045025685061475,15.301426329718721,,,,,,,,,21.7178577444683,,,,,20.691402367639316,,14.800794217192335,,"rgba(38, 166, 154, 0.75)"
2026-05-05 00:00:00+00:00,21.6603507131,21.7742483049,21.4573158756,21.5712134674,13108755,0.0,0.0,0.0,0.0,0.0,0.0,0.0,0.0,,20.309409437103177,18.64617876678892,17.1703242573816,16.655027414337,16.488423901879678,16.304118204715195,16.254020989475773,16.17891444203018,16.052312895563894,15.308751618470586,,,,,,,,,21.707504284824676,,,,,20.7190022255952,,14.808133448598676,,"rgba(38, 166, 154, 0.75)"
2026-05-06 00:00:00+00:00,22.016899696,22.2100303951,21.7891045125,21.7891045125,11196252,0.0,0.0,0.0,0.0,0.0,0.0,0.0,0.0,,20.3199846822385,18.654567996505147,17.17734789921935,16.661809954396592,16.495133730587614,16.31073107639214,16.260625976673197,16.1855198325479,16.05893896940802,15.315364810737542,,,,,,,,,21.734921744357756,,,,,20.750496712941562,,14.81473303706852,,"rgba(38, 166, 154, 0.75)"
2026-05-07 00:00:00+00:00,21.4820762217,22.0763245265,21.4077951835,22.0367079729,10224122,0.0,0.0,0.0,0.0,0.0,0.0,0.0,0.0,,20.327545772891035,18.661396037813866,17.183280302590937,16.667583950480875,16.500858499435598,16.31638612165663,16.266277629154946,16.191176721084485,16.064621523703302,15.321077106580237,,,,,,,,,21.728755281595102,,,,,20.77028598357325,,14.820456261950241,,"rgba(38, 166, 154, 0.75)"
2026-05-08 00:00:00+00:00,21.3929389759,21.6306382979,21.323610007,21.5910217442,8600878,0.0,0.0,0.0,0.0,0.0,0.0,0.0,0.0,,20.332862291858444,18.666721799327586,17.188028987669455,16.672230391753978,16.505472155237964,16.320950584126287,16.270841146130927,16.195747078379448,16.06921685459848,15.32571824532369,,,,,,,,,21.71162766986098,,,,,20.782547797556223,,14.825118300651454,,#000000
2026-05-11 00:00:00+00:00,21.1057189619,21.5415010521,21.0215337854,21.4721720832,8110869,0.0,0.0,0.0,0.0,0.0,0.0,0.0,0.0,,20.336823487154597,18.67131883586572,17.192260301223456,16.676396802290334,16.509616419341278,16.32505807605333,16.274949690651695,16.199864557489544,16.073361339953223,15.329927131666082,,,,,,,,,21.684946267773594,,,,,20.78992402579851,,14.829358838475788,,#000000
2026-05-12 00:00:00+00:00,21.0760065466,21.1750479308,20.773930325,21.1057189619,9531093,0.0,0.0,0.0,0.0,0.0,0.0,0.0,0.0,,20.340317046901827,18.676247199512446,17.196957080918185,16.681052394653694,16.51425575614742,16.329664919153153,16.279559935436396,16.20448806568057,16.078020426103674,15.334685506735763,,,,,,,,,21.644154597852374,,,,,20.79413990042954,,14.834167714109089,,"rgba(239, 83, 80, 0.5)"
2026-05-13 00:00:00+00:00,20.5510872107,21.0066775777,20.5213747954,20.917540332,7807694,0.0,0.0,0.0,0.0,0.0,0.0,0.0,0.0,,20.34181395084851,18.679725246471552,17.200478429742198,16.684581393832712,16.517782969239686,16.333178157880855,16.283078522162036,16.208020794528146,16.081586866623308,15.338361262345357,,,,,,,,,21.599393325902103,,,,,20.79256622294109,,14.837900605025112,,"rgba(239, 83, 80, 1.0)"
2026-05-14 00:00:00+00:00,20.8779237783,21.1106710311,20.798690671,20.9373486088,14734042,0.0,0.0,0.0,0.0,0.0,0.0,0.0,0.0,,20.346479826964075,18.687021865619272,17.207552162906023,16.691615323672934,16.524798439054525,16.340150783987525,16.290057847342005,16.21502241906066,16.0886459061636,15.345589305768492,,,,,,,,,21.544718576334393,,,,,20.796462437383603,,14.845215540768434,,"rgba(239, 83, 80, 1.0)"
2026-05-15 00:00:00+00:00,20.8383072247,20.9274444704,20.4916623802,20.7590741174,18571315,0.0,0.0,0.0,0.0,0.0,0.0,0.0,0.0,,20.350505119330336,18.695432409179162,17.21600866504925,16.70007984173616,16.533255927632325,16.348572145760212,16.29849122794796,16.223488441431424,16.097190544594035,15.354385857141741,,,,,,,,,21.470860300807658,,,,,20.794935024731913,20.752471358433336,14.85414361305651,,"rgba(239, 83, 80, 1.0)"
2026-05-18 00:00:00+00:00,20.8680196399,21.0314379238,20.8085948094,20.8581155015,11365591,0.0,0.0,0.0,0.0,0.0,0.0,0.0,0.0,,20.35383541253542,18.700919343638244,17.22138312855939,16.705434094271144,16.538598896338637,16.35388540924468,16.30381026179735,16.228825384995105,16.10257264867952,15.359904629956368,,,,,,,,,21.440193140647875,,,,,,20.809499858993043,14.85973307961821,,"rgba(239, 83, 80, 1.0)"
2026-05-19 00:00:00+00:00,20.7194575637,20.8779237783,20.5461351415,20.798690671,8426185,0.0,0.0,0.0,0.0,0.0,0.0,0.0,0.0,,20.35544092654467,18.704623484034098,17.225154365776554,16.709217240216194,16.5423811811637,16.357653916709026,16.307584709863264,16.232615231214364,16.10639891832439,15.363850371570127,,,,,,,,,21.412271600040704,,,,,,20.78863501029835,14.863741482045763,,"rgba(239, 83, 80, 1.0)"
2026-05-20 00:00:00+00:00,21.204760346,21.2641851765,20.5708954875,20.8184989479,8332852,0.0,0.0,0.0,0.0,0.0,0.0,0.0,0.0,,20.35832415400392,18.708815760726196,17.22919448062939,16.713230021788327,16.546382214591883,16.361629409076745,16.311563632910943,16.236606229849528,16.110421498094805,15.367964259717866,,,,,,,,,21.397646544473208,,,,,,20.828722781030784,14.86790224127305,,"rgba(239, 83, 80, 0.75)"
2026-05-21 00:00:00+00:00,21.2839934534,21.3137058686,21.0066775777,21.1354313771,6517774,0.0,0.0,0.0,0.0,0.0,0.0,0.0,0.0,,20.36120470369327,18.712351171541886,17.232505417834172,16.716500648138666,16.549638375751112,16.36485982560351,16.3147955466691,16.239846056441262,16.11368386375673,15.371285000633844,,,,,,,,,21.392178464440022,,,,,,20.874376615340932,14.871252308733968,,#000000
2026-05-22 00:00:00+00:00,21.3533224223,21.467220014,21.2889455226,21.3335141454,6087164,0.0,0.0,0.0,0.0,0.0,0.0,0.0,0.0,,20.36441274605828,18.7158666972239,17.23572359590056,16.71966540169353,16.55278522090325,16.367977817305878,16.31791394774759,16.24297057027477,16.116827625249087,15.374472403310387,,,,,,,,,21.391611468710177,,,,,,20.925234238607462,14.874460981123397,,#000000
2026-05-26 00:00:00+00:00,21.561309329,21.6603507131,21.4028431143,21.4523638064,6664913,0.0,0.0,0.0,0.0,0.0,0.0,0.0,0.0,,20.368497719711424,18.71995353522949,17.23938756576536,16.723253338406547,16.55634865762972,16.371504312300043,16.32143979092958,16.246501685571268,16.12037781018973,15.37805826811749,,,,,,,,,21.395662546351968,,,,,,20.98749930733289,14.8780633230517,,"rgba(38, 166, 154, 0.5)"
2026-05-27 00:00:00+00:00,21.2938975918,21.6405424363,21.2443768997,21.5712134674,9547663,0.0,0.0,0.0,0.0,0.0,0.0,0.0,0.0,,20.37356548098624,18.72548030987368,17.24444457118269,16.728225668183434,16.561292652581663,16.376402815675306,16.326338857907448,16.251410214189384,16.125316305368553,15.383064211862342,,,,,,,,,21.3955610283458,,,,,,21.038761711100587,14.883102093467995,,#000000
2026-05-28 00:00:00+00:00,21.1354313771,21.2196165537,20.917540332,21.1750479308,16565812,0.0,0.0,0.0,0.0,0.0,0.0,0.0,0.0,,20.37966972974798,18.733935764042148,17.252552865610596,16.736270841195424,16.56931205059543,16.384368970296663,16.3343111806863,16.259405581555804,16.13337288103269,15.39129452861711,,,,,,,,,21.37705240800216,,,,,,21.04813511398993,14.891421390746768,,#000000
2026-05-29 00:00:00+00:00,21.1255272387,21.2542810381,20.9690418518,21.0859106851,19863181,0.0,0.0,0.0,0.0,0.0,0.0,0.0,0.0,,20.387110190077628,18.744103383440358,17.262294225105258,16.74593443099898,16.578944175424127,16.393936740067243,16.343886163858805,16.269007896848013,16.143048049215484,15.401175699333173,,,,,,,,,21.359348742079487,,,,,,21.060227410228883,14.901408048615925,,#000000
2026-06-01 00:00:00+00:00,20.6996492869,21.0164826748,20.6897451485,20.917540332,10584043,0.0,0.0,0.0,0.0,0.0,0.0,0.0,0.0,,20.389331051804405,18.748772614113925,17.26704314259621,16.750697164111838,16.58370558293975,16.398680828299934,16.348637522567095,16.27377819302661,16.14786324056973,15.406138125749601,,,,,,,,,21.339889058704582,,,,,,21.037917756996443,14.906447864918508,,"rgba(239, 83, 80, 1.0)"
2026-06-02 00:00:00+00:00,21.18,21.275,20.575,20.6,13515513,1.0,21.275,20.575,0.0,1.0,21.275,20.575,0.0,21.009999999999994,20.393545238610546,18.755305409914637,17.273444688146483,16.75707428135091,16.590069274838957,16.405009588557224,16.35497291915961,16.28013434176152,16.15427185938217,15.41270557032406,,,,,,,,,21.325809688928928,,,,,,21.035144181255315,14.913097722016117,,#000000
2026-06-03 00:00:00+00:00,20.88,21.06,20.805,21.02,12652807,0.0,0.0,0.0,0.0,0.0,0.0,0.0,0.0,20.964065959717697,20.396838854565207,18.76113084694691,17.279265941167374,16.762894089303437,16.5958825143094,16.410796752555964,16.360767612626518,16.285950125209816,16.160139039771412,15.418735759641068,,,,,,,,,21.310026460574445,,,,,,21.02492081766296,14.919213196872507,,"rgba(239, 83, 80, 1.0)"
2026-06-04 00:00:00+00:00,21.67,21.67,21.07,21.09,11072929,0.0,0.0,0.0,0.0,0.0,0.0,0.0,0.0,21.114495170798374,20.402738187711527,18.767510188701355,17.28512041895883,16.768652861228873,16.601609157528955,16.416471682524087,16.366443210648914,16.291636549180904,16.165859707100253,15.424533950931544,,,,,,,,,21.31523021708478,,,,,,21.05576765898213,14.9250493042771,,#000000
2026-06-05 00:00:00+00:00,21.76,21.93,21.555,21.67,12561094,0.0,0.0,0.0,0.0,0.0,0.0,0.0,0.0,21.27436115823573,20.411077255663287,18.775452197005137,17.292182340849756,16.775554306052776,16.608459645848246,16.423247628454096,16.37321664334081,16.298418033609398,16.17267406156468,15.431400169972301,,,,,,,,,21.33064324392766,,,,,,21.106248952412898,14.931938198535839,,"rgba(38, 166, 154, 0.5)"
2026-06-08 00:00:00+00:00,21.79,21.945,21.67,21.79,13927760,0.0,0.0,0.0,0.0,0.0,0.0,0.0,0.0,21.389600020600415,20.4205675950419,18.784366071488254,17.30007993361324,16.783266140052326,16.616112784759327,16.430815747700038,16.380781453134215,16.30599106653808,16.18028249273645,15.439060164226433,,,,,,,,,21.34852398069229,,,,,,21.15825039145925,14.939620008237918,,"rgba(38, 166, 154, 0.5)"
2026-06-09 00:00:00+00:00,22.1,22.31,21.7299,21.95,15993242,0.0,0.0,0.0,0.0,0.0,0.0,0.0,0.0,21.521406993483946,20.43321163769194,18.79536309399658,17.309606336577247,16.792523344891087,16.6252869456364,16.439875167596462,16.38983352956667,16.315047990226816,16.189373545097762,15.448171222077734,,,,,,,,,21.377684228919108,,,,,,21.22850074873303,14.948734008614982,,"rgba(38, 166, 154, 1.0)"
2026-06-10 00:00:00+00:00,21.98,22.49,21.665,22.11,21830519,0.0,0.0,0.0,0.0,0.0,0.0,0.0,0.0,21.63396112610677,20.45013934530616,18.810247250190958,17.322543708873404,16.80510293562785,16.63775585366008,16.452190467100056,16.402139330194977,16.32736100801993,16.201733854617117,15.46056412215114,,,,,,,,,21.413679480826506,,,,,,21.308046330759524,14.961133954922598,,"rgba(38, 166, 154, 1.0)"
2026-06-11 00:00:00+00:00,22.33,22.45,21.96,22.11,12699603,0.0,0.0,0.0,0.0,0.0,0.0,0.0,0.0,21.702065117393186,20.461048842371348,18.819379252038527,17.330357382513018,16.812673835914495,16.645252652979774,16.459587289856277,16.40952841319022,16.334751405670772,16.209147649695765,15.467972273982479,,,,,,,,,21.43902259170573,,,,,,21.358388875093713,14.968532325319888,,"rgba(38, 166, 154, 1.0)"
2026-06-12 00:00:00+00:00,22.7,22.785,22.5,22.57,12028770,0.0,0.0,0.0,0.0,0.0,0.0,0.0,0.0,21.793470105157652,20.473633917071414,18.829026178895973,17.338358286900473,16.82037158991212,16.652859710129185,16.467077166017337,16.417006337189026,16.342224609930007,16.21663460529925,15.475402870646809,,,,,,,,,21.473268957043686,,,,,,21.421396426319664,14.97592483031123,,"rgba(38, 166, 154, 1.0)"
2026-06-15 00:00:00+00:00,22.42,22.965,22.37,22.91,12559242,0.0,0.0,0.0,0.0,0.0,0.0,0.0,0.0,21.865069857415836,20.48616623550996,18.83884652764109,17.346566504201615,16.828282020076447,16.660680662353133,16.474781520629517,16.424699352376905,16.349914134366674,16.224340451261856,15.48306220056274,,,,,,,,,21.50485807284122,,,,,,21.477309852750945,14.98355135856535,,"rgba(38, 166, 154, 1.0)"
2026-06-16 00:00:00+00:00,22.75,22.81,22.51,22.69,10149143,0.0,0.0,0.0,0.0,0.0,0.0,0.0,0.0,21.921263555178214,20.49668668989803,18.846966311871665,17.35331341670983,16.83477491419494,16.66709748441585,16.48110000443868,16.431007807583907,16.356218636304035,16.23065651743924,15.489331002886239,,,,,,,,,21.53146009658802,,,,,,21.522639465652592,14.989788184505292,,"rgba(38, 166, 154, 1.0)"
2026-06-17 00:00:00+00:00,22.6,23.12,22.45,22.76,10811192,0.0,0.0,0.0,0.0,0.0,0.0,0.0,0.0,21.975526583563063,20.507952134583153,18.855652884523895,17.360526501416516,16.84171483414256,16.673955628734955,16.48785259826808,16.43774953109216,16.36295588750082,16.237405684015158,15.496027604089985,,,,,,,,,21.559292877252783,22.723333333333333,,,,,21.568617611006328,14.99644946817875,22.723333333333333,"rgba(38, 166, 154, 1.0)"
