date,Close,High,Low,Open,Volume,OB_c0,OB_High_c0,OB_Low_c0,OB_Mitigated_Index_c0,OB,OB_High,OB_Low,OB_Mitigated_Index,aVWAP_OB_bull_c0_1233,aVWAP_OB_bull_c0_1214,aVWAP_OB_bull_c0_1190,aVWAP_OB_bull_c0_1054,aVWAP_OB_bull_c0_1036,aVWAP_OB_bull_c0_1010,aVWAP_OB_bull_c0_985,aVWAP_OB_bull_c0_955,aVWAP_OB_bull_c0_917,aVWAP_OB_bull_c0_604,aVWAP_OB_bear_c0_1243,aVWAP_OB_bear_c0_864,aVWAP_QQEMOD_bull_dot_c0_1026,aVWAP_QQEMOD_bull_dot_c0_1100,aVWAP_QQEMOD_bull_dot_c0_1161,aVWAP_QQEMOD_bull_dot_c0_1206,aVWAP_QQEMOD_bull_dot_c0_1243,aVWAP_QQEMOD_bear_dot_c0_1036,aVWAP_QQEMOD_bear_dot_c0_1111,aVWAP_QQEMOD_bear_dot_c0_1177,aVWAP_QQEMOD_bear_dot_c0_1214,aVWAP_QQEMOD_bear_dot_c0_1253,aVWAP_price_maxima_minima_valley_c0_1,aVWAP_price_maxima_minima_peak_c0_1,color
2021-06-21 00:00:00+00:00,65.7033679321,65.9266836499,63.3536982055,63.9265515686,328923,0.0,0.0,0.0,0.0,0.0,0.0,0.0,0.0,,,,,,,,,,,,,,,,,,,,,,,,,#000000
2021-06-22 00:00:00+00:00,65.5383084885,66.1239782319,64.4120205204,65.402377182,252561,0.0,0.0,0.0,0.0,0.0,0.0,0.0,0.0,,,,,,,,,,,,,,,,,,,,,,,,,"rgba(239, 83, 80, 0.5)"
2021-06-23 00:00:00+00:00,65.5868553836,66.7034339727,64.868361335,65.9849399241,342586,0.0,0.0,0.0,0.0,0.0,0.0,0.0,0.0,,,,,,,,,,,,,,,,,,,,,,,,,"rgba(239, 83, 80, 0.5)"
2021-06-24 00:00:00+00:00,66.4704088758,66.7519808679,65.8781367547,66.3830244645,275908,0.0,0.0,0.0,0.0,0.0,0.0,0.0,0.0,,,,,,,,,,,,,,,,,,,,,,,,,"rgba(239, 83, 80, 0.5)"
2021-06-25 00:00:00+00:00,66.9655872067,67.4316374003,66.2082556419,66.9170403115,1903687,0.0,0.0,0.0,0.0,0.0,0.0,0.0,0.0,,,,,,,,,,,,,,,,,,,,,,,,,"rgba(38, 166, 154, 0.5)"
2021-06-28 00:00:00+00:00,68.169550207,68.2860627555,66.8005277631,67.616115602,448945,0.0,0.0,0.0,0.0,0.0,0.0,0.0,0.0,,,,,,,,,,,,,,,,,,,,,,,,,"rgba(38, 166, 154, 0.5)"
2021-06-29 00:00:00+00:00,67.1597747874,69.1501974896,67.1112278922,68.8783348766,338048,0.0,0.0,0.0,0.0,0.0,0.0,0.0,0.0,,,,,,,,,,,,,,,,,,,,,,,,,"rgba(38, 166, 154, 0.5)"
2021-06-30 00:00:00+00:00,67.5093124326,67.8200125618,66.8102371421,67.1597747874,427194,0.0,0.0,0.0,0.0,0.0,0.0,0.0,0.0,,,,,,,,,,,,,,,,,,,,,,,,,"rgba(38, 166, 154, 0.5)"
2021-07-01 00:00:00+00:00,68.0918751747,69.1113599735,67.6743718762,68.2278064812,336391,0.0,0.0,0.0,0.0,0.0,0.0,0.0,0.0,,,,,,,,,,,,,,,,,,,,,,,,,"rgba(38, 166, 154, 0.5)"
2021-07-02 00:00:00+00:00,67.6646624972,69.0142661831,67.2762873358,68.169550207,222826,0.0,0.0,0.0,0.0,0.0,0.0,0.0,0.0,,,,,,,,,,,,,,,,,,,,,,,,,"rgba(38, 166, 154, 0.5)"
2021-07-06 00:00:00+00:00,66.9752965857,67.7035000133,66.4412807387,67.3830905052,368634,0.0,0.0,0.0,0.0,0.0,0.0,0.0,0.0,,,,,,,,,,,,,,,,,,,,,,,,,"rgba(38, 166, 154, 0.5)"
2021-07-07 00:00:00+00:00,67.8297219408,67.8491406989,66.7131433517,66.9170403115,314567,0.0,0.0,0.0,0.0,0.0,0.0,0.0,0.0,,,,,,,,,,,,,,,,,,,,,,,,,"rgba(38, 166, 154, 0.5)"
2021-07-08 00:00:00+00:00,66.3636057065,67.4219280213,65.3635396658,66.4121526016,375691,0.0,0.0,0.0,0.0,0.0,0.0,0.0,0.0,,,,,,,,,,,,,,,,,,,,,,,,,"rgba(38, 166, 154, 0.5)"
2021-07-09 00:00:00+00:00,67.6452437391,67.6646624972,66.509246392,67.3733811261,216080,0.0,0.0,0.0,0.0,0.0,0.0,0.0,0.0,,,,,,,,,,,,,,,,,,,,,,,,,"rgba(38, 166, 154, 0.5)"
2021-07-12 00:00:00+00:00,67.3054154729,67.8200125618,66.640323009,67.8005938037,243421,0.0,0.0,0.0,0.0,0.0,0.0,0.0,0.0,,,,,,,,,,,,,,,,,,,,,,,,,"rgba(38, 166, 154, 0.5)"
2021-07-13 00:00:00+00:00,67.8200125618,68.1355673804,67.1209372712,67.324834231,315390,0.0,0.0,0.0,0.0,0.0,0.0,0.0,0.0,,,,,,,,,,,,,,,,,,,,,,,,,"rgba(38, 166, 154, 0.5)"
2021-07-14 00:00:00+00:00,67.9171063521,69.24729128,67.8491406989,68.2763533764,447080,0.0,0.0,0.0,0.0,0.0,0.0,0.0,0.0,,,,,,,,,,,,,,,,,,,,,,,,,"rgba(38, 166, 154, 0.5)"
2021-07-15 00:00:00+00:00,66.5772120452,68.0530376586,65.5674366256,67.2277404406,516128,0.0,0.0,0.0,0.0,0.0,0.0,0.0,0.0,,,,,,,,,,,,,,,,,,,,,,,,,"rgba(38, 166, 154, 0.5)"
2021-07-16 00:00:00+00:00,67.324834231,68.44141282,66.5675026662,66.8684934163,448838,0.0,0.0,0.0,0.0,0.0,0.0,0.0,0.0,,,,,,,,,,,,,,,,,,,,,,,,,#000000
2021-07-19 00:00:00+00:00,63.8197483992,65.9461024079,63.4022451007,65.9461024079,475584,0.0,0.0,0.0,0.0,0.0,0.0,0.0,0.0,,,,,,,,,,,,,,,,,,,,,,,,,"rgba(239, 83, 80, 0.5)"
2021-07-20 00:00:00+00:00,66.3247681903,66.7228527308,63.2857325523,63.2954419313,433639,0.0,0.0,0.0,0.0,0.0,0.0,0.0,0.0,,,,,,,,,,,,,,,,,,,,,,,,,"rgba(239, 83, 80, 0.5)"
2021-07-21 00:00:00+00:00,67.2568685777,67.9462344892,66.6014854928,66.7228527308,258232,0.0,0.0,0.0,0.0,0.0,0.0,0.0,0.0,,,,,,,,,,,,,,,,,,,,,,,,,#000000
2021-07-22 00:00:00+00:00,66.1014524725,67.8297219408,65.9072648918,67.4996030536,239682,0.0,0.0,0.0,0.0,0.0,0.0,0.0,0.0,,,,,,,,,,,,,,,,,,,,,,,,,#000000
2021-07-23 00:00:00+00:00,66.8199465211,66.8782027953,65.2858646335,66.0626149564,304601,0.0,0.0,0.0,0.0,0.0,0.0,0.0,0.0,,,,,,,,,,,,,,,,,,,,,,,,,#000000
2021-07-26 00:00:00+00:00,66.4315713597,66.6063401823,65.2664458755,66.3150588113,420343,0.0,0.0,0.0,0.0,0.0,0.0,0.0,0.0,,,,,,,,,,,,,,,,,,,,,,,,,#000000
2021-07-27 00:00:00+00:00,67.5772780859,67.8054484932,64.9848738834,65.8684273757,414270,0.0,0.0,0.0,0.0,0.0,0.0,0.0,0.0,,,,,,,,,,,,,,,,,,,,,,,,,#000000
2021-07-28 00:00:00+00:00,69.2958381751,69.9321908771,67.9850720054,68.2860627555,427961,0.0,0.0,0.0,0.0,0.0,0.0,0.0,0.0,,,,,,,,,,,,,,,,,,,,,,,,,"rgba(38, 166, 154, 0.5)"
2021-07-29 00:00:00+00:00,68.3346096506,69.3152569332,68.0433282796,68.9268817718,301641,0.0,0.0,0.0,0.0,0.0,0.0,0.0,0.0,,,,,,,,,,,,,,,,,,,,,,,,,"rgba(38, 166, 154, 0.5)"
2021-07-30 00:00:00+00:00,67.7132093924,69.0336849412,67.3830905052,67.9171063521,238713,0.0,0.0,0.0,0.0,0.0,0.0,0.0,0.0,,,,,,,,,,,,,,,,,,,,,,,,,"rgba(38, 166, 154, 0.5)"
2021-08-02 00:00:00+00:00,68.985138046,69.266710038,67.9365251102,68.2180971022,382576,0.0,0.0,0.0,0.0,0.0,0.0,0.0,0.0,,,,,,,,,,,,,,,,,,,,,,,,,"rgba(38, 166, 154, 0.5)"
2021-08-03 00:00:00+00:00,69.4803163768,69.6356664414,68.6841472959,69.4803163768,335214,0.0,0.0,0.0,0.0,0.0,0.0,0.0,0.0,,,,,,,,,,,,,,,,,,,,,,,,,"rgba(38, 166, 154, 0.5)"
2021-08-04 00:00:00+00:00,68.3054815135,69.0239755621,66.9947153438,68.7715317072,441890,0.0,0.0,0.0,0.0,0.0,0.0,0.0,0.0,,,,,,,,,,,,,,,,,,,,,,,,,"rgba(38, 166, 154, 0.5)"
2021-08-05 00:00:00+00:00,68.1404220699,68.703566054,65.412086561,68.2083877232,622662,0.0,0.0,0.0,0.0,0.0,0.0,0.0,0.0,,,,,,,,,,,,,,,,,,,,,,,,,"rgba(38, 166, 154, 0.5)"
2021-08-06 00:00:00+00:00,65.9072648918,68.8006598443,65.8295898595,68.6258910217,323247,0.0,0.0,0.0,0.0,0.0,0.0,0.0,0.0,,,,,,,,,,,,,,,,,,,,,,,,,#000000
2021-08-09 00:00:00+00:00,64.9363269883,66.237869248,64.2566704558,65.4606334562,621659,0.0,0.0,0.0,0.0,0.0,0.0,0.0,0.0,,,,,,,,,,,,,,,,,,,,,,,,,"rgba(239, 83, 80, 0.5)"
2021-08-10 00:00:00+00:00,65.6256928998,66.8976215534,64.4508580365,64.7421394076,362953,0.0,0.0,0.0,0.0,0.0,0.0,0.0,0.0,,,,,,,,,,,,,,,,,,,,,,,,,"rgba(239, 83, 80, 0.5)"
2021-08-11 00:00:00+00:00,66.9170403115,66.9558778276,65.5868553836,66.3150588113,316606,0.0,0.0,0.0,0.0,0.0,0.0,0.0,0.0,,,,,,,,,,,,,,,,,,,,,,,,,"rgba(239, 83, 80, 0.5)"
2021-08-12 00:00:00+00:00,66.5772120452,66.8976215534,66.237383779,66.4509901178,190312,0.0,0.0,0.0,0.0,0.0,0.0,0.0,0.0,,,,,,,,,,,,,,,,,,,,,,,,,"rgba(239, 83, 80, 0.5)"
2021-08-13 00:00:00+00:00,65.7519148272,66.6160495614,65.3247992435,66.2762212951,178775,0.0,0.0,0.0,0.0,0.0,0.0,0.0,0.0,,,,,,,,,,,,,,,,,,,,,,,,,"rgba(239, 83, 80, 0.5)"
2021-08-16 00:00:00+00:00,65.1887708432,66.499537013,64.8877800931,65.7033679321,328426,0.0,0.0,0.0,0.0,0.0,0.0,0.0,0.0,,,,,,,,,,,,,,,,,,,,,,,,,"rgba(239, 83, 80, 0.5)"
2021-08-17 00:00:00+00:00,65.5285991094,65.6161391706,63.9236979883,64.740738559,354715,0.0,0.0,0.0,0.0,0.0,0.0,0.0,0.0,,,,,,,,,,,,,,,,,,,,,,,,,"rgba(239, 83, 80, 0.5)"
2021-08-18 00:00:00+00:00,65.2367989056,66.1413795375,65.1589855179,65.4702390687,472235,0.0,0.0,0.0,0.0,0.0,0.0,0.0,0.0,,,,,,,,,,,,,,,,,,,,,,,,,"rgba(239, 83, 80, 0.5)"
2021-08-19 00:00:00+00:00,65.6355925175,65.6550458644,64.1474114779,64.9060920079,235385,0.0,0.0,0.0,0.0,0.0,0.0,0.0,0.0,,,,,,,,,,,,,,,,,,,,,,,,,"rgba(239, 83, 80, 0.5)"
2021-08-20 00:00:00+00:00,65.3632456606,66.384546374,65.3437923137,65.771765946,210603,0.0,0.0,0.0,0.0,0.0,0.0,0.0,0.0,,,,,,,,,,,,,,,,,,,,,,,,,"rgba(239, 83, 80, 0.5)"
2021-08-23 00:00:00+00:00,65.6355925175,65.8398526602,64.6240184775,65.3243389667,191435,0.0,0.0,0.0,0.0,0.0,0.0,0.0,0.0,,,,,,,,,,,,,,,,,,,,,,,,,"rgba(239, 83, 80, 0.5)"
2021-08-24 00:00:00+00:00,66.0830194967,66.3456396802,65.4118790279,66.3456396802,181658,0.0,0.0,0.0,0.0,0.0,0.0,0.0,0.0,,,,,,,,,,,,,,,,,,,,,,,,,"rgba(239, 83, 80, 0.5)"
2021-08-25 00:00:00+00:00,66.6082598636,67.0265068225,65.9955767023,66.3456396802,159455,0.0,0.0,0.0,0.0,0.0,0.0,0.0,0.0,,,,,,,,,,,,,,,,,,,,,,,,,#000000
2021-08-26 00:00:00+00:00,66.0149327825,67.269673659,65.7620392725,66.9097867409,143241,0.0,0.0,0.0,0.0,0.0,0.0,0.0,0.0,,,,,,,,,,,,,,,,,,,,,,,,,#000000
2021-08-27 00:00:00+00:00,67.9116341075,68.281247699,66.1608328844,66.1608328844,220023,0.0,0.0,0.0,0.0,0.0,0.0,0.0,0.0,,,,,,,,,,,,,,,,,,,,,,,,,"rgba(38, 166, 154, 0.5)"
2021-08-30 00:00:00+00:00,68.3687877601,68.6508612905,67.9213607809,68.5633212294,235803,0.0,0.0,0.0,0.0,0.0,0.0,0.0,0.0,,,,,,,,,,,,,,,,,,,,,,,,,"rgba(38, 166, 154, 0.5)"
2021-08-31 00:00:00+00:00,69.1858283309,69.4533118511,68.2131609848,68.2423410052,228929,0.0,0.0,0.0,0.0,0.0,0.0,0.0,0.0,,,,,,,,,,,,,,,,,,,,,,,,,"rgba(38, 166, 154, 0.5)"
2021-09-01 00:00:00+00:00,68.8745747801,70.177949024,68.7773080455,69.545715249,259020,0.0,0.0,0.0,0.0,0.0,0.0,0.0,0.0,,,,,,,,,,,,,,,,,,,,,,,,,"rgba(38, 166, 154, 1.0)"
2021-09-02 00:00:00+00:00,70.1876756974,70.3724824932,69.1080149432,69.1177416167,221358,0.0,0.0,0.0,0.0,0.0,0.0,0.0,0.0,,,,,,,,,,,,,,,,,,,,,,,,,"rgba(38, 166, 154, 1.0)"
2021-09-03 00:00:00+00:00,69.8569687997,70.5183825951,69.545715249,70.4502958809,225858,0.0,0.0,0.0,0.0,0.0,0.0,0.0,0.0,,,,,,,,,,,,,,,,,,,,,,,,,"rgba(38, 166, 154, 1.0)"
2021-09-07 00:00:00+00:00,69.8277887794,70.4794759013,69.2636417186,69.4776285347,161690,0.0,0.0,0.0,0.0,0.0,0.0,0.0,0.0,,,,,,,,,,,,,,,,,,,,,,,,,"rgba(38, 166, 154, 1.0)"
2021-09-08 00:00:00+00:00,69.5359885755,69.9834155547,69.0058848719,69.7402487182,211346,0.0,0.0,0.0,0.0,0.0,0.0,0.0,0.0,,,,,,,,,,,,,,,,,,,,,,,,,"rgba(38, 166, 154, 1.0)"
2021-09-09 00:00:00+00:00,70.1974023709,70.7615494317,69.292821739,69.9347821874,247027,0.0,0.0,0.0,0.0,0.0,0.0,0.0,0.0,,,,,,,,,,,,,,,,,,,,,,,,,"rgba(38, 166, 154, 1.0)"
2021-09-10 00:00:00+00:00,68.4174211275,70.6448293501,68.2520676786,70.6448293501,180803,0.0,0.0,0.0,0.0,0.0,0.0,0.0,0.0,,,,,,,,,,,,,,,,,,,,,,,,,"rgba(38, 166, 154, 0.75)"
2021-09-13 00:00:00+00:00,69.0010215351,69.3998151471,68.2617943521,68.9621148413,144404,0.0,0.0,0.0,0.0,0.0,0.0,0.0,0.0,,,,,,,,,,,,,,,,,,,,,,,,,"rgba(38, 166, 154, 0.75)"
2021-09-14 00:00:00+00:00,69.1371949636,69.6624353305,68.6411346171,69.292821739,224696,0.0,0.0,0.0,0.0,0.0,0.0,0.0,0.0,,,,,,,,,,,,,,,,,,,,,,,,,"rgba(38, 166, 154, 0.75)"
2021-09-15 00:00:00+00:00,66.384546374,68.913481474,65.7036792317,68.660587964,569684,0.0,0.0,0.0,0.0,0.0,0.0,0.0,0.0,,,,,,,,,,,,,,,,,,,,,,,,,#000000
2021-09-16 00:00:00+00:00,64.254404886,66.2386462721,63.9528780087,66.0830194967,431637,0.0,0.0,0.0,0.0,0.0,0.0,0.0,0.0,,,,,,,,,,,,,,,,,,,,,,,,,"rgba(239, 83, 80, 1.0)"
2021-09-17 00:00:00+00:00,66.5596264963,66.6763465779,63.8945179679,64.633745151,866230,0.0,0.0,0.0,0.0,0.0,0.0,0.0,0.0,,,,,,,,,,,,,,,,,,,,,,,,,"rgba(239, 83, 80, 1.0)"
2021-09-20 00:00:00+00:00,64.5267517429,66.3164596598,63.9382879985,65.4021523544,356456,0.0,0.0,0.0,0.0,0.0,0.0,0.0,0.0,,,,,,,,,,,,,,,,,,,,,,,,,"rgba(239, 83, 80, 1.0)"
2021-09-21 00:00:00+00:00,65.2173455587,65.518872436,64.633745151,65.4216057013,198467,0.0,0.0,0.0,0.0,0.0,0.0,0.0,0.0,,,,,,,,,,,,,,,,,,,,,,,,,"rgba(239, 83, 80, 1.0)"
2021-09-22 00:00:00+00:00,65.7620392725,67.016780149,65.2076188852,65.7231325787,319110,0.0,0.0,0.0,0.0,0.0,0.0,0.0,0.0,,,,,,,,,,,,,,,,,,,,,,,,,"rgba(239, 83, 80, 1.0)"
2021-09-23 00:00:00+00:00,66.8125200063,67.7657340055,66.0732928233,66.4818131086,299733,0.0,0.0,0.0,0.0,0.0,0.0,0.0,0.0,,,,,,,,,,,,,,,,,,,,,,,,,"rgba(239, 83, 80, 1.0)"
2021-09-24 00:00:00+00:00,66.2386462721,67.5420205159,66.1802862313,66.9486934348,496733,0.0,0.0,0.0,0.0,0.0,0.0,0.0,0.0,,,,,,,,,,,,,,,,,,,,,,,,,"rgba(239, 83, 80, 1.0)"
2021-09-27 00:00:00+00:00,66.9195134144,67.522567169,65.9954794356,66.5401731494,195164,0.0,0.0,0.0,0.0,0.0,0.0,0.0,0.0,,,,,,,,,,,,,,,,,,,,,,,,,"rgba(239, 83, 80, 0.75)"
2021-09-28 00:00:00+00:00,65.0714454567,67.0459601694,64.8963653344,67.0459601694,199494,0.0,0.0,0.0,0.0,0.0,0.0,0.0,0.0,,,,,,,,,,,,,,,,,,,,,,,,,"rgba(239, 83, 80, 0.75)"
2021-09-29 00:00:00+00:00,65.7425859256,65.8351838569,65.0714454567,65.3437923137,292937,0.0,0.0,0.0,0.0,0.0,0.0,0.0,0.0,,,,,,,,,,,,,,,,,,,,,,,,,"rgba(239, 83, 80, 0.75)"
2021-09-30 00:00:00+00:00,64.7893719264,66.2946719112,64.6726518448,66.0635661498,191239,0.0,0.0,0.0,0.0,0.0,0.0,0.0,0.0,,,,,,,,,,,,,,,,,,,,,,,,,"rgba(239, 83, 80, 0.75)"
2021-10-01 00:00:00+00:00,65.499419089,66.2386462721,64.1376848044,65.246525579,244101,0.0,0.0,0.0,0.0,0.0,0.0,0.0,0.0,,,,,,,,,,,,,,,,,,,,,,,,,"rgba(239, 83, 80, 0.75)"
2021-10-04 00:00:00+00:00,66.8514267002,67.0021901388,65.0908988037,65.5285991094,228358,0.0,0.0,0.0,0.0,0.0,0.0,0.0,0.0,,,,,,,,,,,,,,,,,,,,,,,,,#000000
2021-10-05 00:00:00+00:00,67.3280336998,67.9602674748,66.9195134144,67.4642071282,206211,0.0,0.0,0.0,0.0,0.0,0.0,0.0,0.0,,,,,,,,,,,,,,,,,,,,,,,,,#000000
2021-10-06 00:00:00+00:00,67.8824540871,68.2131609848,65.8155359765,66.7249799452,244701,0.0,0.0,0.0,0.0,0.0,0.0,0.0,0.0,,,,,,,,,,,,,,,,,,,,,,,,,#000000
2021-10-07 00:00:00+00:00,68.6703146375,69.672162004,68.0672608828,68.3590610867,271758,0.0,0.0,0.0,0.0,0.0,0.0,0.0,0.0,,,,,,,,,,,,,,,,,,,,,,,,,"rgba(38, 166, 154, 1.0)"
2021-10-08 00:00:00+00:00,68.2715210255,69.1858283309,68.0867142298,68.6022279232,120960,0.0,0.0,0.0,0.0,0.0,0.0,0.0,0.0,,,,,,,,,,,,,,,,,,,,,,,,,"rgba(38, 166, 154, 1.0)"
2021-10-11 00:00:00+00:00,66.4915397821,68.3590610867,66.3067329863,68.1061675767,260695,0.0,0.0,0.0,0.0,0.0,0.0,0.0,0.0,,,,,,,,,,,,,,,,,,,,,,,,,"rgba(38, 166, 154, 0.5)"
2021-10-12 00:00:00+00:00,66.6763465779,67.1626802509,65.9176660479,67.1140468836,399490,0.0,0.0,0.0,0.0,0.0,0.0,0.0,0.0,,,,,,,,,,,,,,,,,,,,,,,,,#000000
2021-10-13 00:00:00+00:00,70.6934627174,70.8588161663,67.1140468836,68.281247699,546713,0.0,0.0,0.0,0.0,0.0,0.0,0.0,0.0,,,,,,,,,,,,,,,,,,,,,,,,,"rgba(38, 166, 154, 1.0)"
2021-10-14 00:00:00+00:00,69.1469216371,72.2010971039,69.1177416167,71.5396833086,506312,0.0,0.0,0.0,0.0,0.0,0.0,0.0,0.0,,,,,,,,,,,,,,,,,,,,,,,,,"rgba(38, 166, 154, 1.0)"
2021-10-15 00:00:00+00:00,69.3803618001,70.4551592176,68.6994946578,69.7791554121,609346,0.0,0.0,0.0,0.0,0.0,0.0,0.0,0.0,,,,,,,,,,,,,,,,,,,,,,,,,"rgba(38, 166, 154, 1.0)"
2021-10-18 00:00:00+00:00,70.1682223505,70.1974023709,68.6508612905,68.9232081474,217388,0.0,0.0,0.0,0.0,0.0,0.0,0.0,0.0,,,,,,,,,,,,,,,,,,,,,,,,,"rgba(38, 166, 154, 1.0)"
2021-10-19 00:00:00+00:00,71.1311630232,71.6466767166,69.8472421263,70.3238491259,436731,0.0,0.0,0.0,0.0,0.0,0.0,0.0,0.0,,,,,,,,,,,,,,,,,,,,,,,,,"rgba(38, 166, 154, 1.0)"
2021-10-20 00:00:00+00:00,68.9037548005,71.1506163701,68.6362712803,70.7226427378,276060,0.0,0.0,0.0,0.0,0.0,0.0,0.0,0.0,,,,,,,,,,,,,,,,,,,,,,,,,"rgba(38, 166, 154, 1.0)"
2021-10-21 00:00:00+00:00,69.2441883717,69.9396455242,68.7773080455,68.9426614944,223933,0.0,0.0,0.0,0.0,0.0,0.0,0.0,0.0,,,,,,,,,,,,,,,,,,,,,,,,,"rgba(38, 166, 154, 0.75)"
2021-10-22 00:00:00+00:00,69.6040752897,70.3919358401,68.5827745763,69.5068085551,220071,0.0,0.0,0.0,0.0,0.0,0.0,0.0,0.0,,,,,,,,,,,,,,,,,,,,,,,,,"rgba(38, 166, 154, 0.75)"
2021-10-25 00:00:00+00:00,68.1839809644,69.672162004,67.8240940463,68.9912948617,281956,0.0,0.0,0.0,0.0,0.0,0.0,0.0,0.0,,,,,,,,,,,,,,,,,,,,,,,,,"rgba(38, 166, 154, 0.75)"
2021-10-26 00:00:00+00:00,69.1955550044,69.4630385246,68.407694454,68.8843014536,214730,0.0,0.0,0.0,0.0,0.0,0.0,0.0,0.0,,,,,,,,,,,,,,,,,,,,,,,,,"rgba(38, 166, 154, 0.5)"
2021-10-27 00:00:00+00:00,68.6800413109,69.6332553101,67.6198339036,69.3220017594,247414,0.0,0.0,0.0,0.0,0.0,0.0,0.0,0.0,,,,,,,,,,,,,,,,,,,,,,,,,#000000
2021-10-28 00:00:00+00:00,70.9074495336,70.936629554,69.6235286367,69.8083354324,335866,0.0,0.0,0.0,0.0,0.0,0.0,0.0,0.0,,,,,,,,,,,,,,,,,,,,,,,,,"rgba(38, 166, 154, 0.75)"
2021-10-29 00:00:00+00:00,70.3530291463,71.3256964924,69.6916153509,70.7226427378,211381,0.0,0.0,0.0,0.0,0.0,0.0,0.0,0.0,,,,,,,,,,,,,,,,,,,,,,,,,"rgba(38, 166, 154, 1.0)"
2021-11-01 00:00:00+00:00,72.7068841239,73.0473176951,70.4502958809,70.7226427378,510779,0.0,0.0,0.0,0.0,0.0,0.0,0.0,0.0,,,,,,,,,,,,,,,,,,,,,,,,,"rgba(38, 166, 154, 1.0)"
2021-11-02 00:00:00+00:00,71.8606635328,72.8041508585,70.7275060745,72.5707106955,219135,0.0,0.0,0.0,0.0,0.0,0.0,0.0,0.0,,,,,,,,,,,,,,,,,,,,,,,,,"rgba(38, 166, 154, 1.0)"
2021-11-03 00:00:00+00:00,72.1719170836,72.3907672364,71.0922563293,71.5688633289,252991,0.0,0.0,0.0,0.0,0.0,0.0,0.0,0.0,,,,,,,,,,,,,,,,,,,,,,,,,"rgba(38, 166, 154, 1.0)"
2021-11-04 00:00:00+00:00,74.2923318981,75.6248861624,72.4928973078,73.3585712458,406587,0.0,0.0,0.0,0.0,0.0,0.0,0.0,0.0,,,,,,,,,,,,,,,,,,,,,,,,,"rgba(38, 166, 154, 1.0)"
2021-11-05 00:00:00+00:00,73.2418511643,75.595706142,72.6193440628,74.5354987347,278164,0.0,0.0,0.0,0.0,0.0,0.0,0.0,0.0,,,,,,,,,,,,,,,,,,,,,,,,,"rgba(38, 166, 154, 1.0)"
2021-11-08 00:00:00+00:00,76.0042264273,76.1306731823,73.5141980212,73.6892781435,389030,0.0,0.0,0.0,0.0,0.0,0.0,0.0,0.0,,,,,,,,,,,,,,,,,,,,,,,,,"rgba(38, 166, 154, 1.0)"
2021-11-09 00:00:00+00:00,77.9981944869,78.2267713133,76.354386672,76.4224733862,459370,0.0,0.0,0.0,0.0,0.0,0.0,0.0,0.0,,,,,,,,,,,,,,,,,,,,,,,,,"rgba(38, 166, 154, 1.0)"
2021-11-10 00:00:00+00:00,76.6850935696,78.9319551392,76.3446599985,77.4632274466,333994,0.0,0.0,0.0,0.0,0.0,0.0,0.0,0.0,,,,,,,,,,,,,,,,,,,,,,,,,"rgba(38, 166, 154, 1.0)"
2021-11-11 00:00:00+00:00,79.4085621388,79.5155555469,76.607280182,76.607280182,245364,0.0,0.0,0.0,0.0,0.0,0.0,0.0,0.0,,,,,,,,,,,,,,,,,,,,,,,,,"rgba(38, 166, 154, 1.0)"
2021-11-12 00:00:00+00:00,79.6906356692,80.0262059036,78.9416818127,79.3307487511,275712,0.0,0.0,0.0,0.0,0.0,0.0,0.0,0.0,,,,,,,,,,,,,,,,,,,,,,,,,"rgba(38, 166, 154, 1.0)"
2021-11-15 00:00:00+00:00,77.2784206508,79.2723887104,76.5002867739,78.9805885065,364492,0.0,0.0,0.0,0.0,0.0,0.0,0.0,0.0,,,,,,,,,,,,,,,,,,,,,,,,,"rgba(38, 166, 154, 0.75)"
2021-11-16 00:00:00+00:00,77.6966676096,78.0278720603,76.6933129502,77.4141696958,457552,0.0,0.0,0.0,0.0,0.0,0.0,0.0,0.0,,,,,,,,,,,,,,,,,,,,,,,,,"rgba(38, 166, 154, 0.75)"
2021-11-17 00:00:00+00:00,77.0927065525,79.2260528672,77.0440000156,77.4433936179,278310,0.0,0.0,0.0,0.0,0.0,0.0,0.0,0.0,,,,,,,,,,,,,,,,,,,,,,,,,"rgba(38, 166, 154, 0.75)"
2021-11-18 00:00:00+00:00,76.6056411838,77.3070153147,76.140785996,77.1219304746,358849,0.0,0.0,0.0,0.0,0.0,0.0,0.0,0.0,,,,,,,,,,,,,,,,,,,,,,,,,"rgba(38, 166, 154, 0.75)"
2021-11-19 00:00:00+00:00,78.3103699741,78.6805396543,76.4302976511,76.4302976511,278043,0.0,0.0,0.0,0.0,0.0,0.0,0.0,0.0,,,,,,,,,,,,,,,,,,,,,,,,,"rgba(38, 166, 154, 0.75)"
2021-11-22 00:00:00+00:00,79.5572573179,80.5119054405,78.43700697,78.7000222691,268121,0.0,0.0,0.0,0.0,0.0,0.0,0.0,0.0,,,,,,,,,,,,,,,,,,,,,,,,,"rgba(38, 166, 154, 0.75)"
2021-11-23 00:00:00+00:00,79.3429485557,80.0150987645,78.3006286668,78.7876940354,469412,0.0,0.0,0.0,0.0,0.0,0.0,0.0,0.0,,,,,,,,,,,,,,,,,,,,,,,,,"rgba(38, 166, 154, 0.75)"
2021-11-24 00:00:00+00:00,78.3201112815,79.2552767894,78.0863199046,79.0994158714,192245,0.0,0.0,0.0,0.0,0.0,0.0,0.0,0.0,,,,,,,,,,,,,,,,,,,,,,,,,"rgba(38, 166, 154, 0.75)"
2021-11-26 00:00:00+00:00,74.550225328,77.2875326999,73.9170403488,77.1608957041,204535,0.0,0.0,0.0,0.0,0.0,0.0,0.0,0.0,,,,,,,,,,,,,,,,,,,,,,,,,"rgba(38, 166, 154, 0.5)"
2021-11-29 00:00:00+00:00,74.9301363156,75.6509930612,74.4041057174,75.514614758,267751,0.0,0.0,0.0,0.0,0.0,0.0,0.0,0.0,,,,,,,,,,,,,,,,,,,,,,,,,#000000
2021-11-30 00:00:00+00:00,73.5468706686,75.1980222684,73.24489014,74.1410904184,284256,0.0,0.0,0.0,0.0,0.0,0.0,0.0,0.0,,,,,,,,,,,,,,,,,,,,,,,,,#000000
2021-12-01 00:00:00+00:00,74.5599666354,76.7761140628,74.550225328,75.0080667746,458277,0.0,0.0,0.0,0.0,0.0,0.0,0.0,0.0,,,,,,,,,,,,,,,,,,,,,,,,,"rgba(239, 83, 80, 1.0)"
2021-12-02 00:00:00+00:00,77.209602241,77.6674436875,74.6184144797,74.6671210165,289599,0.0,0.0,0.0,0.0,0.0,0.0,0.0,0.0,,,,,,,,,,,,,,,,,,,,,,,,,#000000
2021-12-03 00:00:00+00:00,75.4561669138,77.628478458,74.7012155923,77.628478458,262547,0.0,0.0,0.0,0.0,0.0,0.0,0.0,0.0,,,,,,,,,,,,,,,,,,,,,,,,,#000000
2021-12-06 00:00:00+00:00,77.5992545359,77.8038219907,75.017808082,76.1965062741,161439,0.0,0.0,0.0,0.0,0.0,0.0,0.0,0.0,,,,,,,,,,,,,,,,,,,,,,,,,#000000
2021-12-07 00:00:00+00:00,78.6415744248,80.0053574571,78.203215593,78.9045897239,212386,0.0,0.0,0.0,0.0,0.0,0.0,0.0,0.0,,,,,,,,,,,,,,,,,,,,,,,,,"rgba(38, 166, 154, 0.5)"
2021-12-08 00:00:00+00:00,77.3070153147,79.6254464695,77.2388261631,78.7584701133,233429,0.0,0.0,0.0,0.0,0.0,0.0,0.0,0.0,,,,,,,,,,,,,,,,,,,,,,,,,"rgba(38, 166, 154, 0.5)"
2021-12-09 00:00:00+00:00,75.9042670529,77.5018414622,75.6996995981,77.1608957041,170530,0.0,0.0,0.0,0.0,0.0,0.0,0.0,0.0,,,,,,,,,,,,,,,,,,,,,,,,,#000000
2021-12-10 00:00:00+00:00,75.6315104465,77.0147760935,74.5648372891,75.9140083603,220257,0.0,0.0,0.0,0.0,0.0,0.0,0.0,0.0,,,,,,,,,,,,,,,,,,,,,,,,,#000000
2021-12-13 00:00:00+00:00,78.8364005723,80.3170792931,75.6607343686,75.6607343686,537381,0.0,0.0,0.0,0.0,0.0,0.0,0.0,0.0,,,,,,,,,,,,,,,,,,,,,,,,,"rgba(38, 166, 154, 0.5)"
2021-12-14 00:00:00+00:00,75.7873713645,78.3201112815,75.6509930612,77.4482642716,322674,0.0,0.0,0.0,0.0,0.0,0.0,0.0,0.0,,,,,,,,,,,,,,,,,,,,,,,,,#000000
2021-12-15 00:00:00+00:00,76.9271043271,77.2144728946,74.4333296396,75.9627148972,345222,0.0,0.0,0.0,0.0,0.0,0.0,0.0,0.0,,,,,,,,,,,,,,,,,,,,,,,,,#000000
2021-12-16 00:00:00+00:00,76.3718498069,77.0245174009,75.0470320041,76.7517607944,573971,0.0,0.0,0.0,0.0,0.0,0.0,0.0,0.0,,,,,,,,,,,,,,,,,,,,,,,,,#000000
2021-12-17 00:00:00+00:00,74.5697079428,76.6738303354,74.0436773446,74.8814297787,566210,0.0,0.0,0.0,0.0,0.0,0.0,0.0,0.0,,,,,,,,,,,,,,,,,,,,,,,,,#000000
2021-12-20 00:00:00+00:00,72.09541587,73.7416968161,70.9264589852,73.3617858285,299401,0.0,0.0,0.0,0.0,0.0,0.0,0.0,0.0,,,,,,,,,,,,,,,,,,,,,,,,,"rgba(239, 83, 80, 1.0)"
2021-12-21 00:00:00+00:00,73.0013574557,73.4591989022,72.436361628,72.7870486935,240728,0.0,0.0,0.0,0.0,0.0,0.0,0.0,0.0,,,,,,,,,,,,,,,,,,,,,,,,,"rgba(239, 83, 80, 1.0)"
2021-12-22 00:00:00+00:00,73.3423032138,73.478681517,72.3194659396,73.1474770663,417981,0.0,0.0,0.0,0.0,0.0,0.0,0.0,0.0,,,,,,,,,,,,,,,,,,,,,,,,,"rgba(239, 83, 80, 1.0)"
2021-12-23 00:00:00+00:00,71.7739527266,73.8878164267,71.7739527266,73.7611794308,258412,0.0,0.0,0.0,0.0,0.0,0.0,0.0,0.0,,,,,,,,,,,,,,,,,,,,,,,,,"rgba(239, 83, 80, 1.0)"
2021-12-27 00:00:00+00:00,72.9818748409,73.0110987631,71.7155048824,72.4948094723,194138,0.0,0.0,0.0,0.0,0.0,0.0,0.0,0.0,,,,,,,,,,,,,,,,,,,,,,,,,"rgba(239, 83, 80, 1.0)"
2021-12-28 00:00:00+00:00,73.5858358981,74.3748817953,72.8942030746,74.0729012668,203092,0.0,0.0,0.0,0.0,0.0,0.0,0.0,0.0,,,,,,,,,,,,,,,,,,,,,,,,,"rgba(239, 83, 80, 1.0)"
2021-12-29 00:00:00+00:00,73.7514381234,74.1216078036,72.5824812386,73.7222142013,178902,0.0,0.0,0.0,0.0,0.0,0.0,0.0,0.0,,,,,,,,,,,,,,,,,,,,,,,,,"rgba(239, 83, 80, 0.75)"
2021-12-30 00:00:00+00:00,76.1283171225,76.7468901407,73.819627275,73.9560055783,336118,0.0,0.0,0.0,0.0,0.0,0.0,0.0,0.0,,,,,,,,,,,,,,,,,,,,,,,,,#000000
2021-12-31 00:00:00+00:00,77.2485674705,77.862269835,76.32314327,76.32314327,189933,0.0,0.0,0.0,0.0,0.0,0.0,0.0,0.0,,,,,,,,,,,,,,,,,,,,,,,,,#000000
2022-01-03 00:00:00+00:00,76.5179694175,79.3624311705,75.3490125327,78.5246787364,301699,0.0,0.0,0.0,0.0,0.0,0.0,0.0,0.0,,,,,,,,,,,,,,,,,,,,,,,,,"rgba(38, 166, 154, 0.5)"
2022-01-04 00:00:00+00:00,76.7907260239,78.0863199046,74.0144534225,76.819949946,332804,0.0,0.0,0.0,0.0,0.0,0.0,0.0,0.0,,,,,,,,,,,,,,,,,,,,,,,,,"rgba(38, 166, 154, 0.5)"
2022-01-05 00:00:00+00:00,74.8327232419,77.2777913926,74.7645340903,76.9952934787,390622,0.0,0.0,0.0,0.0,0.0,0.0,0.0,0.0,,,,,,,,,,,,,,,,,,,,,,,,,#000000
2022-01-06 00:00:00+00:00,74.706086246,75.7776300571,73.4277344794,75.2418581516,349722,0.0,0.0,0.0,0.0,0.0,0.0,0.0,0.0,,,,,,,,,,,,,,,,,,,,,,,,,#000000
2022-01-07 00:00:00+00:00,74.0241947299,74.6866036313,72.2512767879,73.3910097506,345198,0.0,0.0,0.0,0.0,0.0,0.0,0.0,0.0,,,,,,,,,,,,,,,,,,,,,,,,,#000000
2022-01-10 00:00:00+00:00,73.6053185128,73.9267816562,72.6457997366,73.2935966769,274561,0.0,0.0,0.0,0.0,0.0,0.0,0.0,0.0,,,,,,,,,,,,,,,,,,,,,,,,,"rgba(239, 83, 80, 1.0)"
2022-01-11 00:00:00+00:00,75.0762559262,75.1249624631,73.0305813778,73.4591989022,329759,0.0,0.0,0.0,0.0,0.0,0.0,0.0,0.0,,,,,,,,,,,,,,,,,,,,,,,,,#000000
2022-01-12 00:00:00+00:00,74.2969513363,76.1770236594,74.1800556479,75.2710820737,289427,0.0,0.0,0.0,0.0,0.0,0.0,0.0,0.0,,,,,,,,,,,,,,,,,,,,,,,,,#000000
2022-01-13 00:00:00+00:00,73.897557734,75.35875384,73.1085118368,75.1736689999,198008,0.0,0.0,0.0,0.0,0.0,0.0,0.0,0.0,,,,,,,,,,,,,,,,,,,,,,,,,"rgba(239, 83, 80, 1.0)"
2022-01-14 00:00:00+00:00,74.5891905575,74.9301363156,72.8357552303,73.5858358981,334202,0.0,0.0,0.0,0.0,0.0,0.0,0.0,0.0,,,,,,,,,,,,,,,,,,,,,,,,,#000000
2022-01-18 00:00:00+00:00,73.819627275,74.7255688608,73.5858358981,73.7416968161,236843,0.0,0.0,0.0,0.0,0.0,0.0,0.0,0.0,,,,,,,,,,,,,,,,,,,,,,,,,"rgba(239, 83, 80, 1.0)"
2022-01-19 00:00:00+00:00,76.0309040488,76.6825975121,73.1961836032,73.6248011276,452520,0.0,0.0,0.0,0.0,0.0,0.0,0.0,0.0,,,,,,,,,,,,,,,,,,,,,,,,,#000000
2022-01-20 00:00:00+00:00,73.3910097506,77.5992545359,73.2497607937,75.3197886105,329073,0.0,0.0,0.0,0.0,0.0,0.0,0.0,0.0,,,,,,,,,,,,,,,,,,,,,,,,,#000000
2022-01-21 00:00:00+00:00,71.4330069686,73.425883631,71.2527927822,73.2546314474,406486,0.0,0.0,0.0,0.0,0.0,0.0,0.0,0.0,,,,,,,,,,,,,,,,,,,,,,,,,"rgba(239, 83, 80, 1.0)"
2022-01-24 00:00:00+00:00,73.5955772055,73.9462642709,68.5106147566,70.244567469,483371,0.0,0.0,0.0,0.0,0.0,0.0,0.0,0.0,,,,,,,,,,,,,,,,,,,,,,,,,"rgba(239, 83, 80, 1.0)"
2022-01-25 00:00:00+00:00,71.442748276,72.3486898617,69.7769847151,71.2771460506,472113,0.0,0.0,0.0,0.0,0.0,0.0,0.0,0.0,,,,,,,,,,,,,,,,,,,,,,,,,"rgba(239, 83, 80, 1.0)"
2022-01-26 00:00:00+00:00,64.9940027948,71.4622308907,64.3608178155,70.9946481368,885957,0.0,0.0,0.0,0.0,0.0,0.0,0.0,0.0,,,,,,,,,,,,,,,,,,,,,,,,,"rgba(239, 83, 80, 1.0)"
2022-01-27 00:00:00+00:00,62.0813518902,65.9897592345,61.0682559234,65.3739137824,698721,0.0,0.0,0.0,0.0,0.0,0.0,0.0,0.0,,,,,,,,,,,,,,,,,,,,,,,,,"rgba(239, 83, 80, 1.0)"
2022-01-28 00:00:00+00:00,63.4256523077,63.4841001519,59.1979249077,61.292305993,516263,0.0,0.0,0.0,0.0,0.0,0.0,0.0,0.0,,,,,,,,,,,,,,,,,,,,,,,,,"rgba(239, 83, 80, 1.0)"
2022-01-31 00:00:00+00:00,66.3967510566,66.4064923639,62.7535020989,63.2697913897,370636,0.0,0.0,0.0,0.0,0.0,0.0,0.0,0.0,,,,,,,,,,,,,,,,,,,,,,,,,"rgba(239, 83, 80, 1.0)"
2022-02-01 00:00:00+00:00,65.9291683027,66.591577204,64.4582308893,66.591577204,385896,0.0,0.0,0.0,0.0,0.0,0.0,0.0,0.0,,,,,,,,,,,,,,,,,,,,,,,,,"rgba(239, 83, 80, 0.75)"
2022-02-02 00:00:00+00:00,64.555643963,66.5428706672,64.1270264386,66.5428706672,350083,0.0,0.0,0.0,0.0,0.0,0.0,0.0,0.0,,,,,,,,,,,,,,,,,,,,,,,,,"rgba(239, 83, 80, 0.75)"
2022-02-03 00:00:00+00:00,63.4451349225,64.0661432675,63.1626370086,63.2990153119,385025,0.0,0.0,0.0,0.0,0.0,0.0,0.0,0.0,,,,,,,,,,,,,,,,,,,,,,,,,"rgba(239, 83, 80, 0.75)"
2022-02-04 00:00:00+00:00,64.9063310285,65.3057246308,62.4904867999,63.2308261602,344005,0.0,0.0,0.0,0.0,0.0,0.0,0.0,0.0,,,,,,,,,,,,,,,,,,,,,,,,,"rgba(239, 83, 80, 0.75)"
2022-02-07 00:00:00+00:00,65.4226203192,65.8999443805,64.2341808197,64.711504881,563111,0.0,0.0,0.0,0.0,0.0,0.0,0.0,0.0,,,,,,,,,,,,,,,,,,,,,,,,,"rgba(239, 83, 80, 0.75)"
2022-02-08 00:00:00+00:00,66.172700987,66.9227816547,65.2667594013,65.3057246308,251693,0.0,0.0,0.0,0.0,0.0,0.0,0.0,0.0,,,,,,,,,,,,,,,,,,,,,,,,,"rgba(239, 83, 80, 0.75)"
2022-02-09 00:00:00+00:00,67.1663143391,67.1955382612,66.1629596796,66.9227816547,197277,0.0,0.0,0.0,0.0,0.0,0.0,0.0,0.0,,,,,,,,,,,,,,,,,,,,,,,,,"rgba(239, 83, 80, 0.75)"
2022-02-10 00:00:00+00:00,65.4518442414,67.4293296381,64.9940027948,65.7246008478,185651,0.0,0.0,0.0,0.0,0.0,0.0,0.0,0.0,,,,,,,,,,,,,,,,,,,,,,,,,"rgba(239, 83, 80, 0.75)"
2022-02-11 00:00:00+00:00,64.8089179547,66.6305424335,64.0296133649,65.9681335321,206770,0.0,0.0,0.0,0.0,0.0,0.0,0.0,0.0,,,,,,,,,,,,,,,,,,,,,,,,,"rgba(239, 83, 80, 0.75)"
2022-02-14 00:00:00+00:00,65.2375354791,65.7440834626,64.0101307501,64.6725396515,214740,0.0,0.0,0.0,0.0,0.0,0.0,0.0,0.0,,,,,,,,,,,,,,,,,,,,,,,,,"rgba(239, 83, 80, 0.75)"
2022-02-15 00:00:00+00:00,66.6402837409,66.6987315851,65.597963852,66.1532183722,228983,0.0,0.0,0.0,0.0,0.0,0.0,0.0,0.0,,,,,,,,,,,,,,,,,,,,,,,,,"rgba(239, 83, 80, 0.75)"
2022-02-16 00:00:00+00:00,66.2116662165,66.9714881916,65.6174464667,66.7766620441,284960,0.0,0.0,0.0,0.0,0.0,0.0,0.0,0.0,,,,,,,,,,,,,,,,,,,,,,,,,"rgba(239, 83, 80, 0.75)"
2022-02-17 00:00:00+00:00,64.6433157294,65.9778748395,64.4582308893,65.3057246308,280191,0.0,0.0,0.0,0.0,0.0,0.0,0.0,0.0,,,,,,,,,,,,,,,,,,,,,,,,,"rgba(239, 83, 80, 0.75)"
2022-02-18 00:00:00+00:00,63.7178915289,65.4810681635,63.2892740045,64.4290069672,255377,0.0,0.0,0.0,0.0,0.0,0.0,0.0,0.0,,,,,,,,,,,,,,,,,,,,,,,,,"rgba(239, 83, 80, 1.0)"
2022-02-22 00:00:00+00:00,62.9872934759,64.2634047418,62.7486314453,64.0880612091,359413,0.0,0.0,0.0,0.0,0.0,0.0,0.0,0.0,,,,,,,,,,,,,,,,,,,,,,,,,"rgba(239, 83, 80, 1.0)"
2022-02-23 00:00:00+00:00,61.292305993,64.5887644081,61.0195493865,63.902976369,540450,0.0,0.0,0.0,0.0,0.0,0.0,0.0,0.0,,,,,,,,,,,,,,,,,,,,,,,,,"rgba(239, 83, 80, 1.0)"
2022-02-24 00:00:00+00:00,67.7410514741,68.0040667732,58.7595660759,60.5714492473,805895,0.0,0.0,0.0,0.0,0.0,0.0,0.0,0.0,,,,,,,,,,,,,,,,,,,,,,,,,"rgba(239, 83, 80, 0.75)"
2022-02-25 00:00:00+00:00,69.9620695552,70.8193046041,67.1541377048,67.4975187898,601567,0.0,0.0,0.0,0.0,0.0,0.0,0.0,0.0,,,,,,,,,,,,,,,,,,,,,,,,,#000000
2022-02-28 00:00:00+00:00,69.5042281087,70.5173240755,68.4911321418,69.4750041865,586600,0.0,0.0,0.0,0.0,0.0,0.0,0.0,0.0,,,,,,,,,,,,,,,,,,,,,,,,,"rgba(38, 166, 154, 1.0)"
2022-03-01 00:00:00+00:00,69.3094019612,69.903621711,67.7605340888,69.0366453547,501959,0.0,0.0,0.0,0.0,0.0,0.0,0.0,0.0,,,,,,,,,,,,,,,,,,,,,,,,,"rgba(38, 166, 154, 1.0)"
2022-03-02 00:00:00+00:00,69.9620695552,70.2981446596,68.4229429902,69.1925062727,322607,0.0,0.0,0.0,0.0,0.0,0.0,0.0,0.0,,,,,,,,,,,,,,,,,,,,,,,,,"rgba(38, 166, 154, 1.0)"
2022-03-03 00:00:00+00:00,69.4555215718,69.9231043257,68.3742364534,69.1048345064,298179,0.0,0.0,0.0,0.0,0.0,0.0,0.0,0.0,,,,,,,,,,,,,,,,,,,,,,,,,"rgba(38, 166, 154, 1.0)"
2022-03-04 00:00:00+00:00,69.5334520308,70.4881001534,68.783371363,69.4555215718,279186,0.0,0.0,0.0,0.0,0.0,0.0,0.0,0.0,,,,,,,,,,,,,,,,,,,,,,,,,"rgba(38, 166, 154, 1.0)"
2022-03-07 00:00:00+00:00,70.975165522,71.5304200423,68.8155176774,69.9523282478,412804,0.0,0.0,0.0,0.0,0.0,0.0,0.0,0.0,,,,,,,,,,,,,,,,,,,,,,,,,"rgba(38, 166, 154, 1.0)"
2022-03-08 00:00:00+00:00,75.8847844382,77.0555448049,70.3236726961,70.8797838703,1119328,0.0,0.0,0.0,0.0,0.0,0.0,0.0,0.0,,,,,,,,,,,,,,,,,,,,,,,,,"rgba(38, 166, 154, 1.0)"
2022-03-09 00:00:00+00:00,73.1920355947,75.4164802915,72.9578835213,75.0847648542,589487,0.0,0.0,0.0,0.0,0.0,0.0,0.0,0.0,,,,,,,,,,,,,,,,,,,,,,,,,"rgba(38, 166, 154, 1.0)"
2022-03-10 00:00:00+00:00,75.4164802915,75.4311147961,71.5334584084,72.1578639374,540966,0.0,0.0,0.0,0.0,0.0,0.0,0.0,0.0,,,,,,,,,,,,,,,,,,,,,,,,,"rgba(38, 166, 154, 1.0)"
2022-03-11 00:00:00+00:00,76.5677279855,78.6360713001,75.6506323648,76.0994238388,565659,0.0,0.0,0.0,0.0,0.0,0.0,0.0,0.0,,,,,,,,,,,,,,,,,,,,,,,,,"rgba(38, 166, 154, 1.0)"
2022-03-14 00:00:00+00:00,72.2554273013,76.4994336307,71.3822351944,75.7384393923,552468,0.0,0.0,0.0,0.0,0.0,0.0,0.0,0.0,,,,,,,,,,,,,,,,,,,,,,,,,"rgba(38, 166, 154, 0.75)"
2022-03-15 00:00:00+00:00,76.4213829396,76.5774843219,72.3139653196,72.5578737293,547146,0.0,0.0,0.0,0.0,0.0,0.0,0.0,0.0,,,,,,,,,,,,,,,,,,,,,,,,,"rgba(38, 166, 154, 0.75)"
2022-03-16 00:00:00+00:00,76.4506519488,77.1726208416,74.0066896832,77.1726208416,454857,0.0,0.0,0.0,0.0,0.0,0.0,0.0,0.0,,,,,,,,,,,,,,,,,,,,,,,,,"rgba(38, 166, 154, 0.75)"
2022-03-17 00:00:00+00:00,77.6994630067,78.5189952634,76.0994238388,76.0994238388,342423,0.0,0.0,0.0,0.0,0.0,0.0,0.0,0.0,,,,,,,,,,,,,,,,,,,,,,,,,"rgba(38, 166, 154, 0.75)"
2022-03-18 00:00:00+00:00,77.8945897344,79.260476829,77.1335954961,77.9726404256,739545,0.0,0.0,0.0,0.0,0.0,0.0,0.0,0.0,,,,,,,,,,,,,,,,,,,,,,,,,"rgba(38, 166, 154, 0.75)"
2022-03-21 00:00:00+00:00,77.1531081688,78.2653305172,76.2847942302,77.3287222238,505135,0.0,0.0,0.0,0.0,0.0,0.0,0.0,0.0,,,,,,,,,,,,,,,,,,,,,,,,,"rgba(38, 166, 154, 0.75)"
2022-03-22 00:00:00+00:00,77.8555643889,78.0506911167,77.2994532147,77.5628742972,284580,0.0,0.0,0.0,0.0,0.0,0.0,0.0,0.0,,,,,,,,,,,,,,,,,,,,,,,,,"rgba(38, 166, 154, 0.75)"
2022-03-23 00:00:00+00:00,76.7921237224,77.4653109333,75.8652717654,76.7140730313,268259,0.0,0.0,0.0,0.0,0.0,0.0,0.0,0.0,,,,,,,,,,,,,,,,,,,,,,,,,"rgba(38, 166, 154, 0.75)"
2022-03-24 00:00:00+00:00,76.4896772943,77.406772915,75.6994140468,77.1043264869,387383,0.0,0.0,0.0,0.0,0.0,0.0,0.0,0.0,,,,,,,,,,,,,,,,,,,,,,,,,"rgba(38, 166, 154, 0.75)"
2022-03-25 00:00:00+00:00,76.957981441,77.5726306336,76.4116266032,77.1043264869,217751,0.0,0.0,0.0,0.0,0.0,0.0,0.0,0.0,,,,,,,,,,,,,,,,,,,,,,,,,"rgba(38, 166, 154, 0.75)"
2022-03-28 00:00:00+00:00,77.3775039058,78.1775234897,76.7091948631,77.1043264869,200544,0.0,0.0,0.0,0.0,0.0,0.0,0.0,0.0,,,,,,,,,,,,,,,,,,,,,,,,,"rgba(38, 166, 154, 0.75)"
2022-03-29 00:00:00+00:00,80.011714731,80.0214710674,77.3970165786,77.6701939975,364404,0.0,0.0,0.0,0.0,0.0,0.0,0.0,0.0,,,,,,,,,,,,,,,,,,,,,,,,,"rgba(38, 166, 154, 1.0)"
2022-03-30 00:00:00+00:00,77.7287320158,79.8653696851,76.7628547133,79.8653696851,346620,0.0,0.0,0.0,0.0,0.0,0.0,0.0,0.0,,,,,,,,,,,,,,,,,,,,,,,,,"rgba(38, 166, 154, 0.75)"
2022-03-31 00:00:00+00:00,79.836100676,80.0019583946,77.6018996428,77.8067827069,401526,0.0,0.0,0.0,0.0,0.0,0.0,0.0,0.0,,,,,,,,,,,,,,,,,,,,,,,,,"rgba(38, 166, 154, 0.75)"
2022-04-01 00:00:00+00:00,80.5288005596,80.8019779785,79.2702331654,80.2068414588,297636,0.0,0.0,0.0,0.0,0.0,0.0,0.0,0.0,,,,,,,,,,,,,,,,,,,,,,,,,"rgba(38, 166, 154, 0.75)"
2022-04-04 00:00:00+00:00,79.7580499849,80.2361104679,78.333624872,79.9922020582,311532,0.0,0.0,0.0,0.0,0.0,0.0,0.0,0.0,,,,,,,,,,,,,,,,,,,,,,,,,"rgba(38, 166, 154, 0.75)"
2022-04-05 00:00:00+00:00,79.7970753304,80.9092976788,79.0555937648,80.1190344313,404212,0.0,0.0,0.0,0.0,0.0,0.0,0.0,0.0,,,,,,,,,,,,,,,,,,,,,,,,,"rgba(38, 166, 154, 0.75)"
2022-04-06 00:00:00+00:00,80.362942841,81.3483328164,79.0287638397,79.5726795935,336794,0.0,0.0,0.0,0.0,0.0,0.0,0.0,0.0,,,,,,,,,,,,,,,,,,,,,,,,,"rgba(38, 166, 154, 0.75)"
2022-04-07 00:00:00+00:00,79.787318994,80.3434301682,78.7433910003,80.1190344313,321970,0.0,0.0,0.0,0.0,0.0,0.0,0.0,0.0,,,,,,,,,,,,,,,,,,,,,,,,,"rgba(38, 166, 154, 0.75)"
2022-04-08 00:00:00+00:00,78.9580304009,80.1092780949,78.6165586273,80.1092780949,484639,0.0,0.0,0.0,0.0,0.0,0.0,0.0,0.0,,,,,,,,,,,,,,,,,,,,,,,,,"rgba(38, 166, 154, 0.75)"
2022-04-11 00:00:00+00:00,79.3287711837,80.762952633,78.4214318995,79.4751162296,681777,0.0,0.0,0.0,0.0,0.0,0.0,0.0,0.0,,,,,,,,,,,,,,,,,,,,,,,,,"rgba(38, 166, 154, 0.75)"
2022-04-12 00:00:00+00:00,80.4409935321,82.4459206602,79.7775626576,79.962933049,472752,0.0,0.0,0.0,0.0,0.0,0.0,0.0,0.0,,,,,,,,,,,,,,,,,,,,,,,,,"rgba(38, 166, 154, 0.75)"
2022-04-13 00:00:00+00:00,81.7385862719,82.1581087367,79.3482838565,80.5288005596,345610,0.0,0.0,0.0,0.0,0.0,0.0,0.0,0.0,,,,,,,,,,,,,,,,,,,,,,,,,"rgba(38, 166, 154, 1.0)"
2022-04-14 00:00:00+00:00,82.841052284,84.0410816599,81.8068806267,81.8068806267,405662,0.0,0.0,0.0,0.0,0.0,0.0,0.0,0.0,,,,,,,,,,,,,,,,,,,,,,,,,"rgba(38, 166, 154, 1.0)"
2022-04-18 00:00:00+00:00,84.1484013602,84.8411012438,83.2215494032,83.2410620759,320600,0.0,0.0,0.0,0.0,0.0,0.0,0.0,0.0,,,,,,,,,,,,,,,,,,,,,,,,,"rgba(38, 166, 154, 1.0)"
2022-04-19 00:00:00+00:00,84.8996392622,84.9581772805,83.567899345,84.4313351155,415497,0.0,0.0,0.0,0.0,0.0,0.0,0.0,0.0,,,,,,,,,,,,,,,,,,,,,,,,,"rgba(38, 166, 154, 1.0)"
2022-04-20 00:00:00+00:00,83.9532746324,86.3630897206,83.6752190453,86.1289376473,258182,0.0,0.0,0.0,0.0,0.0,0.0,0.0,0.0,,,,,,,,,,,,,,,,,,,,,,,,,"rgba(38, 166, 154, 1.0)"
2022-04-21 00:00:00+00:00,80.1483034404,84.5581674885,79.8068316668,84.2459647241,317304,0.0,0.0,0.0,0.0,0.0,0.0,0.0,0.0,,,,,,,,,,,,,,,,,,,,,,,,,"rgba(38, 166, 154, 0.75)"
2022-04-22 00:00:00+00:00,78.5189952634,81.7776116175,78.0506911167,80.3531865046,874645,0.0,0.0,0.0,0.0,0.0,0.0,0.0,0.0,,,,,,,,,,,,,,,,,,,,,,,,,"rgba(38, 166, 154, 0.5)"
2022-04-25 00:00:00+00:00,77.0848138141,78.1482544806,75.1237901998,78.1482544806,423575,0.0,0.0,0.0,0.0,0.0,0.0,0.0,0.0,,,,,,,,,,,,,,,,,,,,,,,,,#000000
2022-04-26 00:00:00+00:00,76.1579618571,77.4262855877,75.4457493007,76.6945603585,329965,0.0,0.0,0.0,0.0,0.0,0.0,0.0,0.0,,,,,,,,,,,,,,,,,,,,,,,,,"rgba(239, 83, 80, 1.0)"
2022-04-27 00:00:00+00:00,77.0945701505,78.8897360462,76.9384687683,77.7872700342,405988,0.0,0.0,0.0,0.0,0.0,0.0,0.0,0.0,,,,,,,,,,,,,,,,,,,,,,,,,"rgba(239, 83, 80, 1.0)"
2022-04-28 00:00:00+00:00,78.9872994101,79.4556035568,77.4945799425,78.1531326488,333956,0.0,0.0,0.0,0.0,0.0,0.0,0.0,0.0,,,,,,,,,,,,,,,,,,,,,,,,,"rgba(239, 83, 80, 1.0)"
2022-04-29 00:00:00+00:00,75.8067337471,79.5092634069,75.2505250095,78.5189952634,353799,0.0,0.0,0.0,0.0,0.0,0.0,0.0,0.0,,,,,,,,,,,,,,,,,,,,,,,,,"rgba(239, 83, 80, 1.0)"
2022-05-02 00:00:00+00:00,74.401821307,75.9628351293,72.9530053531,75.4847746462,385437,0.0,0.0,0.0,0.0,0.0,0.0,0.0,0.0,,,,,,,,,,,,,,,,,,,,,,,,,"rgba(239, 83, 80, 1.0)"
2022-05-03 00:00:00+00:00,76.4116266032,78.7629036731,72.1968892829,72.1968892829,360254,0.0,0.0,0.0,0.0,0.0,0.0,0.0,0.0,,,,,,,,,,,,,,,,,,,,,,,,,"rgba(239, 83, 80, 1.0)"
2022-05-04 00:00:00+00:00,79.4751162296,79.6995119665,76.206743539,76.3043069029,310502,0.0,0.0,0.0,0.0,0.0,0.0,0.0,0.0,,,,,,,,,,,,,,,,,,,,,,,,,"rgba(239, 83, 80, 0.75)"
2022-05-05 00:00:00+00:00,77.1726208416,78.860467037,76.3238195757,78.860467037,218543,0.0,0.0,0.0,0.0,0.0,0.0,0.0,0.0,,,,,,,,,,,,,,,,,,,,,,,,,"rgba(239, 83, 80, 0.75)"
2022-05-06 00:00:00+00:00,75.8750281018,77.3775039058,75.1345221698,76.831149068,248656,0.0,0.0,0.0,0.0,0.0,0.0,0.0,0.0,,,,,,,,,,,,,,,,,,,,,,,,,"rgba(239, 83, 80, 0.75)"
2022-05-09 00:00:00+00:00,73.1432539127,75.0945211906,72.1871329465,74.7140240714,250782,0.0,0.0,0.0,0.0,0.0,0.0,0.0,0.0,,,,,,,,,,,,,,,,,,,,,,,,,"rgba(239, 83, 80, 0.75)"
2022-05-10 00:00:00+00:00,73.3676496497,74.2945016067,70.7116821943,73.7579031053,334906,0.0,0.0,0.0,0.0,0.0,0.0,0.0,0.0,,,,,,,,,,,,,,,,,,,,,,,,,"rgba(239, 83, 80, 1.0)"
2022-05-11 00:00:00+00:00,70.2163529958,73.2310609402,69.9626882497,72.9481271849,284196,0.0,0.0,0.0,0.0,0.0,0.0,0.0,0.0,,,,,,,,,,,,,,,,,,,,,,,,,"rgba(239, 83, 80, 1.0)"
2022-05-12 00:00:00+00:00,69.8846375586,70.9480782251,68.2943547271,69.2114503477,338768,0.0,0.0,0.0,0.0,0.0,0.0,0.0,0.0,,,,,,,,,,,,,,,,,,,,,,,,,"rgba(239, 83, 80, 1.0)"
2022-05-13 00:00:00+00:00,72.6456807568,73.495852162,70.5984289249,71.2091842447,295995,0.0,0.0,0.0,0.0,0.0,0.0,0.0,0.0,,,,,,,,,,,,,,,,,,,,,,,,,"rgba(239, 83, 80, 1.0)"
2022-05-16 00:00:00+00:00,71.1994121596,72.3427461182,71.0235146275,71.648928075,345281,0.0,0.0,0.0,0.0,0.0,0.0,0.0,0.0,,,,,,,,,,,,,,,,,,,,,,,,,"rgba(239, 83, 80, 1.0)"
2022-05-17 00:00:00+00:00,73.3785871406,73.5251684173,71.0674890105,72.3622902885,217815,0.0,0.0,0.0,0.0,0.0,0.0,0.0,0.0,,,,,,,,,,,,,,,,,,,,,,,,,"rgba(239, 83, 80, 0.75)"
2022-05-18 00:00:00+00:00,74.1505818648,76.2808964202,73.0609943743,73.1538291829,355273,0.0,0.0,0.0,0.0,0.0,0.0,0.0,0.0,,,,,,,,,,,,,,,,,,,,,,,,,"rgba(239, 83, 80, 0.75)"
2022-05-19 00:00:00+00:00,76.4567939523,77.10175157,73.6424334387,74.2189864606,364716,0.0,0.0,0.0,0.0,0.0,0.0,0.0,0.0,,,,,,,,,,,,,,,,,,,,,,,,,#000000
2022-05-20 00:00:00+00:00,74.5805536099,77.0333469742,72.7824899485,77.0333469742,298622,0.0,0.0,0.0,0.0,0.0,0.0,0.0,0.0,,,,,,,,,,,,,,,,,,,,,,,,,#000000
2022-05-23 00:00:00+00:00,76.3590731012,76.8769936123,74.6147559078,75.0691578658,256171,0.0,0.0,0.0,0.0,0.0,0.0,0.0,0.0,,,,,,,,,,,,,,,,,,,,,,,,,#000000
2022-05-24 00:00:00+00:00,76.6326914844,76.7695006761,74.4242002481,76.1049988881,293981,0.0,0.0,0.0,0.0,0.0,0.0,0.0,0.0,,,,,,,,,,,,,,,,,,,,,,,,,#000000
2022-05-25 00:00:00+00:00,77.5414954003,77.6685325068,75.6554829728,76.4763381226,262831,0.0,0.0,0.0,0.0,0.0,0.0,0.0,0.0,,,,,,,,,,,,,,,,,,,,,,,,,"rgba(38, 166, 154, 0.5)"
2022-05-26 00:00:00+00:00,79.9063399985,80.5708417864,76.7010960802,76.7108681654,366899,0.0,0.0,0.0,0.0,0.0,0.0,0.0,0.0,,,,,,,,,,,,,,,,,,,,,,,,,"rgba(38, 166, 154, 0.5)"
2022-05-27 00:00:00+00:00,82.5936634056,83.6490485981,80.287451318,80.287451318,395729,0.0,0.0,0.0,0.0,0.0,0.0,0.0,0.0,,,,,,,,,,,,,,,,,,,,,,,,,"rgba(38, 166, 154, 1.0)"
2022-05-31 00:00:00+00:00,82.046426639,82.7207005121,80.7760555739,82.7207005121,538663,0.0,0.0,0.0,0.0,0.0,0.0,0.0,0.0,,,,,,,,,,,,,,,,,,,,,,,,,"rgba(38, 166, 154, 1.0)"
2022-06-01 00:00:00+00:00,81.7141757451,83.2679372786,80.9714972762,82.3395891925,431851,0.0,0.0,0.0,0.0,0.0,0.0,0.0,0.0,,,,,,,,,,,,,,,,,,,,,,,,,"rgba(38, 166, 154, 1.0)"
2022-06-02 00:00:00+00:00,81.0789902125,82.4959425544,80.3851721692,81.1962552339,282254,0.0,0.0,0.0,0.0,0.0,0.0,0.0,0.0,,,,,,,,,,,,,,,,,,,,,,,,,"rgba(38, 166, 154, 1.0)"
2022-06-03 00:00:00+00:00,80.7565114036,81.5285061278,79.8095963558,80.0822375306,244475,0.0,0.0,0.0,0.0,0.0,0.0,0.0,0.0,,,,,,,,,,,,,,,,,,,,,,,,,"rgba(38, 166, 154, 1.0)"
2022-06-06 00:00:00+00:00,80.0822375306,81.880301192,78.8216385505,81.3037481702,269987,0.0,0.0,0.0,0.0,0.0,0.0,0.0,0.0,,,,,,,,,,,,,,,,,,,,,,,,,"rgba(38, 166, 154, 1.0)"
2022-06-07 00:00:00+00:00,81.2744319148,81.5773665534,79.7499866366,79.7499866366,193691,0.0,0.0,0.0,0.0,0.0,0.0,0.0,0.0,,,,,,,,,,,,,,,,,,,,,,,,,"rgba(38, 166, 154, 1.0)"
2022-06-08 00:00:00+00:00,81.039901872,81.7381173536,80.3851721692,81.2157994041,420487,0.0,0.0,0.0,0.0,0.0,0.0,0.0,0.0,,,,,,,,,,,,,,,,,,,,,,,,,"rgba(38, 166, 154, 1.0)"
2022-06-09 00:00:00+00:00,80.9714972762,82.8037632356,80.5122092757,80.5122092757,199205,0.0,0.0,0.0,0.0,0.0,0.0,0.0,0.0,,,,,,,,,,,,,,,,,,,,,,,,,"rgba(38, 166, 154, 1.0)"
2022-06-10 00:00:00+00:00,78.4209830608,80.619702212,78.3916668054,80.4144884245,307100,0.0,0.0,0.0,0.0,0.0,0.0,0.0,0.0,,,,,,,,,,,,,,,,,,,,,,,,,"rgba(38, 166, 154, 0.5)"
2022-06-13 00:00:00+00:00,73.9746843327,76.3688451863,73.4740604122,76.2027197393,330588,0.0,0.0,0.0,0.0,0.0,0.0,0.0,0.0,,,,,,,,,,,,,,,,,,,,,,,,,#000000
2022-06-14 00:00:00+00:00,72.5870482461,73.7987868006,71.8150535219,73.7987868006,357532,0.0,0.0,0.0,0.0,0.0,0.0,0.0,0.0,,,,,,,,,,,,,,,,,,,,,,,,,"rgba(239, 83, 80, 1.0)"
2022-06-15 00:00:00+00:00,74.756451142,75.8606967602,73.1538291829,73.3883592257,341996,0.0,0.0,0.0,0.0,0.0,0.0,0.0,0.0,,,,,,,,,,,,,,,,,,,,,,,,,"rgba(239, 83, 80, 1.0)"
2022-06-16 00:00:00+00:00,71.9420906285,74.1017214392,71.2873609256,73.4176754811,395760,0.0,0.0,0.0,0.0,0.0,0.0,0.0,0.0,,,,,,,,,,,,,,,,,,,,,,,,,"rgba(239, 83, 80, 1.0)"
2022-06-17 00:00:00+00:00,71.9714068838,73.3101825448,70.5935428824,72.3525182033,449213,0.0,0.0,0.0,0.0,0.0,0.0,0.0,0.0,,,,,,,,,,,,,,,,,,,,,,,,,"rgba(239, 83, 80, 1.0)"
2022-06-21 00:00:00+00:00,73.2515500341,73.5349405025,71.9714068838,72.4990994801,302399,0.0,0.0,0.0,0.0,0.0,0.0,0.0,0.0,,,,,,,,,,,,,,,,,,,,,,,,,"rgba(239, 83, 80, 1.0)"
2022-06-22 00:00:00+00:00,67.8573590497,70.4176453503,65.741702622,69.1961347107,2317122,0.0,0.0,0.0,0.0,0.0,0.0,0.0,0.0,,,,,,,,,,,,,,,,,,,,,,,,,"rgba(239, 83, 80, 1.0)"
2022-06-23 00:00:00+00:00,68.9909209232,69.6847389665,67.6032848367,68.2677866246,2971619,0.0,0.0,0.0,0.0,0.0,0.0,0.0,0.0,,,,,,,,,,,,,,,,,,,,,,,,,"rgba(239, 83, 80, 1.0)"
2022-06-24 00:00:00+00:00,70.2612919884,70.7108079038,68.6879862846,69.7824598177,1221141,0.0,0.0,0.0,0.0,0.0,0.0,0.0,0.0,,,,,,,,,,,,,,,,,,,,,,,,,"rgba(239, 83, 80, 1.0)"
2022-06-27 00:00:00+00:00,72.4013786289,73.3785871406,70.0756223712,70.5153662014,552934,0.0,0.0,0.0,0.0,0.0,0.0,0.0,0.0,,,,,,,,,,,,,,,,,,,,,,,,,"rgba(239, 83, 80, 0.75)"
2022-06-28 00:00:00+00:00,70.6424033079,72.7922620336,70.4665057758,72.411150714,287891,0.0,0.0,0.0,0.0,0.0,0.0,0.0,0.0,,,,,,,,,,,,,,,,,,,,,,,,,"rgba(239, 83, 80, 0.75)"
2022-06-29 00:00:00+00:00,74.834627823,77.4242303789,74.5219210992,75.1180182913,2725070,0.0,0.0,0.0,0.0,0.0,0.0,0.0,0.0,,,,,,,,,,,,,,,,,,,,,,,,,"rgba(239, 83, 80, 0.75)"
2022-06-30 00:00:00+00:00,76.5642868886,76.6620077398,73.3492708852,73.749926375,1148291,0.0,0.0,0.0,0.0,0.0,0.0,0.0,0.0,,,,,,,,,,,,,,,,,,,,,,,,,#000000
2022-07-01 00:00:00+00:00,78.2450855287,78.4991597417,75.9779617816,76.9747144635,886346,0.0,0.0,0.0,0.0,0.0,0.0,0.0,0.0,,,,,,,,,,,,,,,,,,,,,,,,,#000000
2022-07-05 00:00:00+00:00,74.7369069718,77.9616950603,73.5349405025,77.3558257831,1210257,0.0,0.0,0.0,0.0,0.0,0.0,0.0,0.0,,,,,,,,,,,,,,,,,,,,,,,,,#000000
2022-07-06 00:00:00+00:00,74.756451142,76.9160819528,74.0919493541,74.3264793969,7526684,0.0,0.0,0.0,0.0,0.0,0.0,0.0,0.0,,,,,,,,,,,,,,,,,,,,,,,,,#000000
2022-07-07 00:00:00+00:00,76.6913239951,77.1603840807,73.8867355667,74.4535165034,802626,0.0,0.0,0.0,0.0,0.0,0.0,0.0,0.0,,,,,,,,,,,,,,,,,,,,,,,,,"rgba(38, 166, 154, 1.0)"
2022-07-08 00:00:00+00:00,77.7173929324,78.8411827208,76.1929476542,76.6522356547,572226,0.0,0.0,0.0,0.0,0.0,0.0,0.0,0.0,,,,,,,,,,,,,,,,,,,,,,,,,"rgba(38, 166, 154, 1.0)"
2022-07-11 00:00:00+00:00,75.9584176114,77.2287886765,75.4014087597,77.1701561658,477755,0.0,0.0,0.0,0.0,0.0,0.0,0.0,0.0,,,,,,,,,,,,,,,,,,,,,,,,,"rgba(38, 166, 154, 1.0)"
2022-07-12 00:00:00+00:00,75.4795854407,76.26135225,75.1375624616,75.42095293,417468,0.0,0.0,0.0,0.0,0.0,0.0,0.0,0.0,,,,,,,,,,,,,,,,,,,,,,,,,"rgba(38, 166, 154, 1.0)"
2022-07-13 00:00:00+00:00,75.6163946323,76.6131473142,74.3069352267,74.7857673974,440202,0.0,0.0,0.0,0.0,0.0,0.0,0.0,0.0,,,,,,,,,,,,,,,,,,,,,,,,,#000000
2022-07-14 00:00:00+00:00,77.0724353147,77.5903558259,74.4730606737,75.0105253551,535013,0.0,0.0,0.0,0.0,0.0,0.0,0.0,0.0,,,,,,,,,,,,,,,,,,,,,,,,,"rgba(38, 166, 154, 1.0)"
2022-07-15 00:00:00+00:00,77.9616950603,78.1815669754,73.8965076518,77.1506119956,733398,0.0,0.0,0.0,0.0,0.0,0.0,0.0,0.0,,,,,,,,,,,,,,,,,,,,,,,,,"rgba(38, 166, 154, 1.0)"
2022-07-18 00:00:00+00:00,77.5805837407,78.9682198273,77.1994724212,78.2939459542,579107,0.0,0.0,0.0,0.0,0.0,0.0,0.0,0.0,,,,,,,,,,,,,,,,,,,,,,,,,"rgba(38, 166, 154, 1.0)"
2022-07-19 00:00:00+00:00,78.4307551459,79.280926551,77.9958973582,78.5187039119,597175,0.0,0.0,0.0,0.0,0.0,0.0,0.0,0.0,,,,,,,,,,,,,,,,,,,,,,,,,"rgba(38, 166, 154, 1.0)"
2022-07-20 00:00:00+00:00,77.8737462942,79.0561685933,76.5056543779,78.772778125,914533,0.0,0.0,0.0,0.0,0.0,0.0,0.0,0.0,,,,,,,,,,,,,,,,,,,,,,,,,"rgba(38, 166, 154, 1.0)"
2022-07-21 00:00:00+00:00,77.688076677,77.9519229752,76.3982591625,77.9519229752,427722,0.0,0.0,0.0,0.0,0.0,0.0,0.0,0.0,,,,,,,,,,,,,,,,,,,,,,,,,"rgba(38, 166, 154, 1.0)"
2022-07-22 00:00:00+00:00,78.3232622096,79.1441173594,76.935626123,78.2841738691,445834,0.0,0.0,0.0,0.0,0.0,0.0,0.0,0.0,,,,,,,,,,,,,,,,,,,,,,,,,"rgba(38, 166, 154, 1.0)"
2022-07-25 00:00:00+00:00,79.867251658,80.0138329348,77.8737462942,79.1538894445,454828,0.0,0.0,0.0,0.0,0.0,0.0,0.0,0.0,,,,,,,,,,,,,,,,,,,,,,,,,"rgba(38, 166, 154, 1.0)"
2022-07-26 00:00:00+00:00,80.6783347227,81.2842039999,80.033377105,80.0724654455,444530,0.0,0.0,0.0,0.0,0.0,0.0,0.0,0.0,,,,,,,,,,,,,,,,,,,,,,,,,"rgba(38, 166, 154, 1.0)"
2022-07-27 00:00:00+00:00,79.8965679134,81.0741041699,79.1245731892,80.8444601697,442402,0.0,0.0,0.0,0.0,0.0,0.0,0.0,0.0,,,,,,,,,,,,,,,,,,,,,,,,,"rgba(38, 166, 154, 1.0)"
2022-07-28 00:00:00+00:00,82.9747747251,83.2093047679,80.785827659,82.1636916604,598811,0.0,0.0,0.0,0.0,0.0,0.0,0.0,0.0,,,,,,,,,,,,,,,,,,,,,,,,,"rgba(38, 166, 154, 1.0)"
2022-07-29 00:00:00+00:00,84.5676245991,85.0953171954,82.0855149795,82.6816121716,621571,0.0,0.0,0.0,0.0,0.0,0.0,0.0,0.0,,,,,,,,,,,,,,,,,,,,,,,,,"rgba(38, 166, 154, 1.0)"
2022-08-01 00:00:00+00:00,85.1734938763,85.7207306429,83.7663136195,84.0887924284,481753,0.0,0.0,0.0,0.0,0.0,0.0,0.0,0.0,,,,,,,,,,,,,,,,,,,,,,,,,"rgba(38, 166, 154, 1.0)"
2022-08-02 00:00:00+00:00,85.1148613656,86.3363720052,84.5676245991,84.8021546419,456062,0.0,0.0,0.0,0.0,0.0,0.0,0.0,0.0,,,,,,,,,,,,,,,,,,,,,,,,,"rgba(38, 166, 154, 1.0)"
2022-08-03 00:00:00+00:00,85.8282235791,86.4634091117,83.7858577898,85.3298472382,676147,0.0,0.0,0.0,0.0,0.0,0.0,0.0,0.0,,,,,,,,,,,,,,,,,,,,,,,,,"rgba(38, 166, 154, 1.0)"
2022-08-04 00:00:00+00:00,89.3461742211,90.1670293709,83.9812994921,85.3689355787,932586,0.0,0.0,0.0,0.0,0.0,0.0,0.0,0.0,,,,,,,,,,,,,,,,,,,,,,,,,"rgba(38, 166, 154, 1.0)"
2022-08-05 00:00:00+00:00,88.6523561778,89.7077413704,87.7924126876,88.583951582,843040,0.0,0.0,0.0,0.0,0.0,0.0,0.0,0.0,,,,,,,,,,,,,,,,,,,,,,,,,"rgba(38, 166, 154, 1.0)"
2022-08-08 00:00:00+00:00,89.0725558379,89.6100205193,87.157227155,88.9259745611,1456874,0.0,0.0,0.0,0.0,0.0,0.0,0.0,0.0,,,,,,,,,,,,,,,,,,,,,,,,,"rgba(38, 166, 154, 1.0)"
2022-08-09 00:00:00+00:00,87.8608172834,89.5122996681,87.6165151555,88.2712448583,1092072,0.0,0.0,0.0,0.0,0.0,0.0,0.0,0.0,,,,,,,,,,,,,,,,,,,,,,,,,"rgba(38, 166, 154, 1.0)"
2022-08-10 00:00:00+00:00,89.6588809449,89.9422714132,88.0073985602,89.0236954123,437967,0.0,0.0,0.0,0.0,0.0,0.0,0.0,0.0,,,,,,,,,,,,,,,,,,,,,,,,,"rgba(38, 166, 154, 0.75)"
2022-08-11 00:00:00+00:00,90.8608474142,92.2387114156,90.2745223072,90.9683403505,604251,0.0,0.0,0.0,0.0,0.0,0.0,0.0,0.0,,,,,,,,,,,,,,,,,,,,,,,,,"rgba(38, 166, 154, 0.75)"
2022-08-12 00:00:00+00:00,93.6556637576,93.7631566938,90.6654057119,91.7012467342,448368,0.0,0.0,0.0,0.0,0.0,0.0,0.0,0.0,,,,,,,,,,,,,,,,,,,,,,,,,"rgba(38, 166, 154, 0.75)"
2022-08-15 00:00:00+00:00,94.9358069078,95.6833714192,93.0693386506,93.1279711613,461383,0.0,0.0,0.0,0.0,0.0,0.0,0.0,0.0,,,,,,,,,,,,,,,,,,,,,,,,,"rgba(38, 166, 154, 1.0)"
2022-08-16 00:00:00+00:00,93.6458916724,95.9941326087,93.4893422767,95.1918169555,675286,0.0,0.0,0.0,0.0,0.0,0.0,0.0,0.0,,,,,,,,,,,,,,,,,,,,,,,,,"rgba(38, 166, 154, 1.0)"
2022-08-17 00:00:00+00:00,93.2153808341,94.4286386512,92.4326338553,93.753519382,659839,0.0,0.0,0.0,0.0,0.0,0.0,0.0,0.0,,,,,,,,,,,,,,,,,,,,,,,,,"rgba(38, 166, 154, 0.75)"
2022-08-18 00:00:00+00:00,94.7319531055,94.7613061172,92.5206928905,93.9981278129,494175,0.0,0.0,0.0,0.0,0.0,0.0,0.0,0.0,,,,,,,,,,,,,,,,,,,,,,,,,"rgba(38, 166, 154, 0.75)"
2022-08-19 00:00:00+00:00,92.3641434947,94.1742458831,91.9434169936,93.7730880565,468512,0.0,0.0,0.0,0.0,0.0,0.0,0.0,0.0,,,,,,,,,,,,,,,,,,,,,,,,,"rgba(38, 166, 154, 0.75)"
2022-08-22 00:00:00+00:00,90.1430989424,91.4639844691,89.0863905211,91.24872905,668314,0.0,0.0,0.0,0.0,0.0,0.0,0.0,0.0,,,,,,,,,,,,,,,,,,,,,,,,,"rgba(38, 166, 154, 0.75)"
2022-08-23 00:00:00+00:00,90.2311579776,90.6517866353,89.0961748583,90.0941772563,703035,0.0,0.0,0.0,0.0,0.0,0.0,0.0,0.0,,,,,,,,,,,,,,,,,,,,,,,,,"rgba(38, 166, 154, 0.75)"
2022-08-24 00:00:00+00:00,93.1566748107,93.1958121596,90.6421001414,90.8475712233,683971,0.0,0.0,0.0,0.0,0.0,0.0,0.0,0.0,,,,,,,,,,,,,,,,,,,,,,,,,"rgba(38, 166, 154, 0.75)"
2022-08-25 00:00:00+00:00,94.3503639533,94.4775603374,91.9532013308,92.8142230075,870940,0.0,0.0,0.0,0.0,0.0,0.0,0.0,0.0,,,,,,,,,,,,,,,,,,,,,,,,,"rgba(38, 166, 154, 0.75)"
2022-08-26 00:00:00+00:00,92.6185362628,95.5244844215,92.2467314479,94.3895013023,414896,0.0,0.0,0.0,0.0,0.0,0.0,0.0,0.0,,,,,,,,,,,,,,,,,,,,,,,,,"rgba(38, 166, 154, 0.75)"
2022-08-29 00:00:00+00:00,93.1175374618,94.1057555225,91.3270037478,92.1586724128,482215,0.0,0.0,0.0,0.0,0.0,0.0,0.0,0.0,,,,,,,,,,,,,,,,,,,,,,,,,"rgba(38, 166, 154, 0.5)"
2022-08-30 00:00:00+00:00,92.16845675,93.6654603469,91.1900230265,93.6654603469,498803,0.0,0.0,0.0,0.0,0.0,0.0,0.0,0.0,,,,,,,,,,,,,,,,,,,,,,,,,"rgba(38, 166, 154, 0.5)"
2022-08-31 00:00:00+00:00,91.4639844691,93.2055964969,90.6323158042,92.9903410777,676607,0.0,0.0,0.0,0.0,0.0,0.0,0.0,0.0,,,,,,,,,,,,,,,,,,,,,,,,,"rgba(38, 166, 154, 0.5)"
2022-09-01 00:00:00+00:00,91.7379459117,91.8651422957,89.2135869052,91.4737688064,491430,0.0,0.0,0.0,0.0,0.0,0.0,0.0,0.0,,,,,,,,,,,,,,,,,,,,,,,,,"rgba(38, 166, 154, 0.5)"
2022-09-02 00:00:00+00:00,90.3290013499,92.7555169841,89.8202158137,92.7457326468,423596,0.0,0.0,0.0,0.0,0.0,0.0,0.0,0.0,,,,,,,,,,,,,,,,,,,,,,,,,#000000
2022-09-06 00:00:00+00:00,89.9963338839,91.2389447127,88.9200567881,90.7692965255,668927,0.0,0.0,0.0,0.0,0.0,0.0,0.0,0.0,,,,,,,,,,,,,,,,,,,,,,,,,#000000
2022-09-07 00:00:00+00:00,95.0156988853,95.6321121311,90.3681386988,90.3681386988,1083363,0.0,0.0,0.0,0.0,0.0,0.0,0.0,0.0,,,,,,,,,,,,,,,,,,,,,,,,,"rgba(38, 166, 154, 0.5)"
2022-09-08 00:00:00+00:00,94.546050698,95.2211699672,93.4502049277,93.9100687778,857168,0.0,0.0,0.0,0.0,0.0,0.0,0.0,0.0,,,,,,,,,,,,,,,,,,,,,,,,,"rgba(38, 166, 154, 0.5)"
2022-09-09 00:00:00+00:00,94.4286386512,95.8571518875,93.6556760097,95.5929747821,475446,0.0,0.0,0.0,0.0,0.0,0.0,0.0,0.0,,,,,,,,,,,,,,,,,,,,,,,,,"rgba(38, 166, 154, 0.5)"
2022-09-12 00:00:00+00:00,94.585188047,94.8200121406,93.8024410682,94.4873446746,300222,0.0,0.0,0.0,0.0,0.0,0.0,0.0,0.0,,,,,,,,,,,,,,,,,,,,,,,,,"rgba(38, 166, 154, 0.5)"
2022-09-13 00:00:00+00:00,93.0588314384,94.1644615459,92.4130651809,92.9512037288,473537,0.0,0.0,0.0,0.0,0.0,0.0,0.0,0.0,,,,,,,,,,,,,,,,,,,,,,,,,"rgba(38, 166, 154, 0.5)"
2022-09-14 00:00:00+00:00,94.4384229884,94.5069133491,92.0803977149,92.461986867,583574,0.0,0.0,0.0,0.0,0.0,0.0,0.0,0.0,,,,,,,,,,,,,,,,,,,,,,,,,"rgba(38, 166, 154, 0.5)"
2022-09-15 00:00:00+00:00,92.9805567405,93.6948133586,92.3445748202,93.4991266139,317162,0.0,0.0,0.0,0.0,0.0,0.0,0.0,0.0,,,,,,,,,,,,,,,,,,,,,,,,,"rgba(38, 166, 154, 0.5)"
2022-09-16 00:00:00+00:00,93.3817145671,94.1644615459,92.16845675,92.16845675,700922,0.0,0.0,0.0,0.0,0.0,0.0,0.0,0.0,,,,,,,,,,,,,,,,,,,,,,,,,"rgba(38, 166, 154, 0.5)"
2022-09-19 00:00:00+00:00,94.7710904544,95.1918169555,92.8827133681,93.0686157756,574616,0.0,0.0,0.0,0.0,0.0,0.0,0.0,0.0,,,,,,,,,,,,,,,,,,,,,,,,,"rgba(38, 166, 154, 0.5)"
2022-09-20 00:00:00+00:00,93.4502049277,94.1742458831,92.6185362628,94.1742458831,525113,0.0,0.0,0.0,0.0,0.0,0.0,0.0,0.0,,,,,,,,,,,,,,,,,,,,,,,,,"rgba(38, 166, 154, 0.5)"
2022-09-21 00:00:00+00:00,93.8905001033,96.3463687492,93.0523737758,93.0784001128,769590,0.0,0.0,0.0,0.0,0.0,0.0,0.0,0.0,,,,,,,,,,,,,,,,,,,,,,,,,"rgba(38, 166, 154, 0.5)"
2022-09-22 00:00:00+00:00,90.3387856871,93.1077531245,89.6538820807,92.8142230075,734003,0.0,0.0,0.0,0.0,0.0,0.0,0.0,0.0,,,,,,,,,,,,,,,,,,,,,,,,,#000000
2022-09-23 00:00:00+00:00,88.8222134158,89.1548808817,86.8457772944,89.0961748583,471589,0.0,0.0,0.0,0.0,0.0,0.0,0.0,0.0,,,,,,,,,,,,,,,,,,,,,,,,,"rgba(239, 83, 80, 1.0)"
2022-09-26 00:00:00+00:00,88.3427808913,90.4366290595,87.8927013785,88.9200567881,326812,0.0,0.0,0.0,0.0,0.0,0.0,0.0,0.0,,,,,,,,,,,,,,,,,,,,,,,,,"rgba(239, 83, 80, 1.0)"
2022-09-27 00:00:00+00:00,87.5208965636,89.7614119469,87.119738737,89.4679796733,321286,0.0,0.0,0.0,0.0,0.0,0.0,0.0,0.0,,,,,,,,,,,,,,,,,,,,,,,,,"rgba(239, 83, 80, 1.0)"
2022-09-28 00:00:00+00:00,87.1588760859,87.873132704,85.7401471869,87.1295230742,447009,0.0,0.0,0.0,0.0,0.0,0.0,0.0,0.0,,,,,,,,,,,,,,,,,,,,,,,,,"rgba(239, 83, 80, 1.0)"
2022-09-29 00:00:00+00:00,84.4877520208,85.6912255007,83.6267303442,84.4681833464,479907,0.0,0.0,0.0,0.0,0.0,0.0,0.0,0.0,,,,,,,,,,,,,,,,,,,,,,,,,"rgba(239, 83, 80, 1.0)"
2022-09-30 00:00:00+00:00,84.3409869623,86.1706580252,84.1942219038,85.1041652666,469830,0.0,0.0,0.0,0.0,0.0,0.0,0.0,0.0,,,,,,,,,,,,,,,,,,,,,,,,,"rgba(239, 83, 80, 1.0)"
2022-10-03 00:00:00+00:00,86.4446194678,86.9729736784,83.5973773325,83.6267303442,343534,0.0,0.0,0.0,0.0,0.0,0.0,0.0,0.0,,,,,,,,,,,,,,,,,,,,,,,,,"rgba(239, 83, 80, 1.0)"
2022-10-04 00:00:00+00:00,88.2449375189,88.7708456453,87.5307787442,87.9807604136,276185,0.0,0.0,0.0,0.0,0.0,0.0,0.0,0.0,,,,,,,,,,,,,,,,,,,,,,,,,"rgba(239, 83, 80, 0.75)"
2022-10-05 00:00:00+00:00,85.9651869433,87.8242110178,85.5444604422,87.4426218657,373228,0.0,0.0,0.0,0.0,0.0,0.0,0.0,0.0,,,,,,,,,,,,,,,,,,,,,,,,,"rgba(239, 83, 80, 0.75)"
2022-10-06 00:00:00+00:00,84.1061628687,85.994539955,83.3429845644,85.8869122454,326905,0.0,0.0,0.0,0.0,0.0,0.0,0.0,0.0,,,,,,,,,,,,,,,,,,,,,,,,,"rgba(239, 83, 80, 0.75)"
2022-10-07 00:00:00+00:00,82.0905893984,83.9006917868,81.532882176,83.4799652857,426203,0.0,0.0,0.0,0.0,0.0,0.0,0.0,0.0,,,,,,,,,,,,,,,,,,,,,,,,,"rgba(239, 83, 80, 0.75)"
2022-10-10 00:00:00+00:00,82.4819628877,83.2744942037,82.1492954218,82.2080014452,181968,0.0,0.0,0.0,0.0,0.0,0.0,0.0,0.0,,,,,,,,,,,,,,,,,,,,,,,,,"rgba(239, 83, 80, 0.75)"
2022-10-11 00:00:00+00:00,82.9711797495,83.7147893793,81.3959014547,82.159079759,350877,0.0,0.0,0.0,0.0,0.0,0.0,0.0,0.0,,,,,,,,,,,,,,,,,,,,,,,,,"rgba(239, 83, 80, 0.75)"
2022-10-12 00:00:00+00:00,80.6229388132,82.8831207144,80.4370364057,82.8831207144,334685,0.0,0.0,0.0,0.0,0.0,0.0,0.0,0.0,,,,,,,,,,,,,,,,,,,,,,,,,"rgba(239, 83, 80, 1.0)"
2022-10-13 00:00:00+00:00,82.9320424005,83.2647098665,79.0378761812,79.6347207525,391431,0.0,0.0,0.0,0.0,0.0,0.0,0.0,0.0,,,,,,,,,,,,,,,,,,,,,,,,,"rgba(239, 83, 80, 1.0)"
2022-10-14 00:00:00+00:00,81.0828026632,83.8909074495,80.761387185,83.450612274,200723,0.0,0.0,0.0,0.0,0.0,0.0,0.0,0.0,,,,,,,,,,,,,,,,,,,,,,,,,"rgba(239, 83, 80, 1.0)"
2022-10-17 00:00:00+00:00,83.910476124,84.6443014166,82.618943609,82.785277342,310168,0.0,0.0,0.0,0.0,0.0,0.0,0.0,0.0,,,,,,,,,,,,,,,,,,,,,,,,,"rgba(239, 83, 80, 0.75)"
2022-10-18 00:00:00+00:00,85.2313616507,86.5913845263,84.6785465969,85.6814411635,352507,0.0,0.0,0.0,0.0,0.0,0.0,0.0,0.0,,,,,,,,,,,,,,,,,,,,,,,,,"rgba(239, 83, 80, 0.75)"
2022-10-19 00:00:00+00:00,84.3116339506,84.932939365,83.577808658,84.6051640677,346749,0.0,0.0,0.0,0.0,0.0,0.0,0.0,0.0,,,,,,,,,,,,,,,,,,,,,,,,,"rgba(239, 83, 80, 0.75)"
2022-10-20 00:00:00+00:00,81.8851183164,83.6267303442,81.5622351877,83.6267303442,430693,0.0,0.0,0.0,0.0,0.0,0.0,0.0,0.0,,,,,,,,,,,,,,,,,,,,,,,,,"rgba(239, 83, 80, 0.75)"
2022-10-21 00:00:00+00:00,83.4799652857,83.8811231123,81.1512930238,82.6482966207,587046,0.0,0.0,0.0,0.0,0.0,0.0,0.0,0.0,,,,,,,,,,,,,,,,,,,,,,,,,"rgba(239, 83, 80, 0.75)"
2022-10-24 00:00:00+00:00,84.076809857,84.6247327421,83.1668664942,84.409477323,294080,0.0,0.0,0.0,0.0,0.0,0.0,0.0,0.0,,,,,,,,,,,,,,,,,,,,,,,,,"rgba(239, 83, 80, 0.75)"
2022-10-25 00:00:00+00:00,86.3859134444,87.4817592146,84.6834387655,84.9378315336,327535,0.0,0.0,0.0,0.0,0.0,0.0,0.0,0.0,,,,,,,,,,,,,,,,,,,,,,,,,#000000
2022-10-26 00:00:00+00:00,86.8555616316,88.5678206477,86.2195797114,87.2860724699,599098,0.0,0.0,0.0,0.0,0.0,0.0,0.0,0.0,,,,,,,,,,,,,,,,,,,,,,,,,#000000
2022-10-27 00:00:00+00:00,87.7165833083,88.9004881136,87.4621905402,87.873132704,568479,0.0,0.0,0.0,0.0,0.0,0.0,0.0,0.0,,,,,,,,,,,,,,,,,,,,,,,,,"rgba(38, 166, 154, 0.5)"
2022-10-28 00:00:00+00:00,89.291861603,89.3505676264,87.8046423434,88.1373098093,221407,0.0,0.0,0.0,0.0,0.0,0.0,0.0,0.0,,,,,,,,,,,,,,,,,,,,,,,,,"rgba(38, 166, 154, 1.0)"
2022-10-31 00:00:00+00:00,88.499330287,89.458195336,88.4112712519,89.3505676264,325091,0.0,0.0,0.0,0.0,0.0,0.0,0.0,0.0,,,,,,,,,,,,,,,,,,,,,,,,,"rgba(38, 166, 154, 1.0)"
2022-11-01 00:00:00+00:00,88.3623495657,89.4092736498,87.579602587,89.4092736498,295904,0.0,0.0,0.0,0.0,0.0,0.0,0.0,0.0,,,,,,,,,,,,,,,,,,,,,,,,,"rgba(38, 166, 154, 1.0)"
2022-11-02 00:00:00+00:00,86.4739724795,89.3163224461,85.8624514023,88.4308399264,532515,0.0,0.0,0.0,0.0,0.0,0.0,0.0,0.0,,,,,,,,,,,,,,,,,,,,,,,,,"rgba(38, 166, 154, 1.0)"
2022-11-03 00:00:00+00:00,94.7319531055,95.6810338172,89.12552787,89.3407832892,794065,0.0,0.0,0.0,0.0,0.0,0.0,0.0,0.0,,,,,,,,,,,,,,,,,,,,,,,,,"rgba(38, 166, 154, 1.0)"
2022-11-04 00:00:00+00:00,96.6790362152,97.129115728,94.585188047,96.13111333,536281,0.0,0.0,0.0,0.0,0.0,0.0,0.0,0.0,,,,,,,,,,,,,,,,,,,,,,,,,"rgba(38, 166, 154, 1.0)"
2022-11-07 00:00:00+00:00,98.7533157089,99.17404221,96.8258012737,97.9314313812,571199,0.0,0.0,0.0,0.0,0.0,0.0,0.0,0.0,,,,,,,,,,,,,,,,,,,,,,,,,"rgba(38, 166, 154, 1.0)"
2022-11-08 00:00:00+00:00,97.9314313812,99.6143373855,96.5029181449,97.3150181354,506499,0.0,0.0,0.0,0.0,0.0,0.0,0.0,0.0,,,,,,,,,,,,,,,,,,,,,,,,,"rgba(38, 166, 154, 1.0)"
2022-11-09 00:00:00+00:00,95.3972880374,98.3325892078,94.8395808151,96.9725663322,458757,0.0,0.0,0.0,0.0,0.0,0.0,0.0,0.0,,,,,,,,,,,,,,,,,,,,,,,,,"rgba(38, 166, 154, 1.0)"
2022-11-10 00:00:00+00:00,97.9412157184,98.5282759525,95.8131223699,97.3541554844,578932,0.0,0.0,0.0,0.0,0.0,0.0,0.0,0.0,,,,,,,,,,,,,,,,,,,,,,,,,"rgba(38, 166, 154, 1.0)"
2022-11-11 00:00:00+00:00,97.8531566833,98.7239626972,96.5909771801,98.2445301727,524356,0.0,0.0,0.0,0.0,0.0,0.0,0.0,0.0,,,,,,,,,,,,,,,,,,,,,,,,,"rgba(38, 166, 154, 1.0)"
2022-11-14 00:00:00+00:00,97.4813518684,98.4695699291,96.8062325992,97.0214880184,329070,0.0,0.0,0.0,0.0,0.0,0.0,0.0,0.0,,,,,,,,,,,,,,,,,,,,,,,,,"rgba(38, 166, 154, 1.0)"
2022-11-15 00:00:00+00:00,96.9725663322,98.3048492922,96.1692780769,97.8836127681,351211,0.0,0.0,0.0,0.0,0.0,0.0,0.0,0.0,,,,,,,,,,,,,,,,,,,,,,,,,"rgba(38, 166, 154, 0.75)"
2022-11-16 00:00:00+00:00,98.1677025169,98.5007732569,96.2476476628,96.5219412134,425884,0.0,0.0,0.0,0.0,0.0,0.0,0.0,0.0,,,,,,,,,,,,,,,,,,,,,,,,,"rgba(38, 166, 154, 0.75)"
2022-11-17 00:00:00+00:00,88.1755803168,90.9968854086,87.2449414845,89.7037872415,4431895,0.0,0.0,0.0,0.0,0.0,0.0,0.0,0.0,,,,,,,,,,,,,,,,,,,,,,,,,"rgba(38, 166, 154, 0.75)"
2022-11-18 00:00:00+00:00,88.9102951845,89.9779828301,88.2147651098,89.0474419598,2007667,0.0,0.0,0.0,0.0,0.0,0.0,0.0,0.0,,,,,,,,,,,,,,,,,,,,,,,,,#000000
2022-11-21 00:00:00+00:00,88.1657841186,89.2629583209,87.0294251233,88.7143712198,1181774,0.0,0.0,0.0,0.0,0.0,0.0,0.0,0.0,,,,,,,,,,,,,,,,,,,,,,,,,"rgba(239, 83, 80, 0.5)"
2022-11-22 00:00:00+00:00,88.2931346956,88.6066130392,87.1175909074,87.9012867662,501419,0.0,0.0,0.0,0.0,0.0,0.0,0.0,0.0,,,,,,,,,,,,,,,,,,,,,,,,,"rgba(239, 83, 80, 0.5)"
2022-11-23 00:00:00+00:00,88.8319255986,88.9004989862,87.3820882597,87.9796563521,354051,0.0,0.0,0.0,0.0,0.0,0.0,0.0,0.0,,,,,,,,,,,,,,,,,,,,,,,,,"rgba(239, 83, 80, 1.0)"
2022-11-25 00:00:00+00:00,89.3119393121,90.8401462368,88.3225232903,89.2727545192,190185,0.0,0.0,0.0,0.0,0.0,0.0,0.0,0.0,,,,,,,,,,,,,,,,,,,,,,,,,"rgba(239, 83, 80, 1.0)"
2022-11-28 00:00:00+00:00,86.8041125639,88.5184472551,86.3045064539,88.1657841186,448500,0.0,0.0,0.0,0.0,0.0,0.0,0.0,0.0,,,,,,,,,,,,,,,,,,,,,,,,,"rgba(239, 83, 80, 1.0)"
2022-11-29 00:00:00+00:00,86.5494114097,87.019628925,85.7069383615,87.019628925,450255,0.0,0.0,0.0,0.0,0.0,0.0,0.0,0.0,,,,,,,,,,,,,,,,,,,,,,,,,"rgba(239, 83, 80, 1.0)"
2022-11-30 00:00:00+00:00,88.5870206427,88.5870206427,85.6579573703,86.8335011586,563629,0.0,0.0,0.0,0.0,0.0,0.0,0.0,0.0,,,,,,,,,,,,,,,,,,,,,,,,,"rgba(239, 83, 80, 1.0)"
2022-12-01 00:00:00+00:00,87.8425095768,89.3021431139,87.1175909074,89.0082571668,292040,0.0,0.0,0.0,0.0,0.0,0.0,0.0,0.0,,,,,,,,,,,,,,,,,,,,,,,,,"rgba(239, 83, 80, 1.0)"
2022-12-02 00:00:00+00:00,89.1454039421,90.3307439286,87.0000365286,87.0784061144,445553,0.0,0.0,0.0,0.0,0.0,0.0,0.0,0.0,,,,,,,,,,,,,,,,,,,,,,,,,"rgba(239, 83, 80, 0.75)"
2022-12-05 00:00:00+00:00,89.5078632768,89.8115454221,87.9894525503,89.5666404662,356797,0.0,0.0,0.0,0.0,0.0,0.0,0.0,0.0,,,,,,,,,,,,,,,,,,,,,,,,,"rgba(239, 83, 80, 0.5)"
2022-12-06 00:00:00+00:00,88.0384335415,89.9486921974,86.9118707444,89.5078632768,308258,0.0,0.0,0.0,0.0,0.0,0.0,0.0,0.0,,,,,,,,,,,,,,,,,,,,,,,,,"rgba(239, 83, 80, 0.5)"
2022-12-07 00:00:00+00:00,87.6661780086,88.7339636162,86.9902403303,87.8033247839,215324,0.0,0.0,0.0,0.0,0.0,0.0,0.0,0.0,,,,,,,,,,,,,,,,,,,,,,,,,"rgba(239, 83, 80, 0.75)"
2022-12-08 00:00:00+00:00,86.6473733921,88.4596700656,86.3436912468,87.9698601539,262604,0.0,0.0,0.0,0.0,0.0,0.0,0.0,0.0,,,,,,,,,,,,,,,,,,,,,,,,,"rgba(239, 83, 80, 0.75)"
2022-12-09 00:00:00+00:00,86.2947102556,86.4024684362,85.7216326588,85.9322509209,401425,0.0,0.0,0.0,0.0,0.0,0.0,0.0,0.0,,,,,,,,,,,,,,,,,,,,,,,,,"rgba(239, 83, 80, 1.0)"
2022-12-12 00:00:00+00:00,88.018841145,88.6555940303,85.9224547227,86.9314631409,661399,0.0,0.0,0.0,0.0,0.0,0.0,0.0,0.0,,,,,,,,,,,,,,,,,,,,,,,,,"rgba(239, 83, 80, 1.0)"
2022-12-13 00:00:00+00:00,88.4988548586,90.678508966,88.0482297398,89.5764366645,364455,0.0,0.0,0.0,0.0,0.0,0.0,0.0,0.0,,,,,,,,,,,,,,,,,,,,,,,,,"rgba(239, 83, 80, 0.75)"
2022-12-14 00:00:00+00:00,88.2833384974,90.0662465762,87.6074008192,88.7829446074,367355,0.0,0.0,0.0,0.0,0.0,0.0,0.0,0.0,,,,,,,,,,,,,,,,,,,,,,,,,"rgba(239, 83, 80, 0.5)"
2022-12-15 00:00:00+00:00,86.1379710839,88.2147651098,85.8587794341,87.852305775,373964,0.0,0.0,0.0,0.0,0.0,0.0,0.0,0.0,,,,,,,,,,,,,,,,,,,,,,,,,"rgba(239, 83, 80, 0.75)"
2022-12-16 00:00:00+00:00,83.5517747497,85.0652873771,82.356638565,84.854669115,847312,0.0,0.0,0.0,0.0,0.0,0.0,0.0,0.0,,,,,,,,,,,,,,,,,,,,,,,,,"rgba(239, 83, 80, 1.0)"
2022-12-19 00:00:00+00:00,84.1787314368,84.6195603574,83.2040097123,83.8946416879,287478,0.0,0.0,0.0,0.0,0.0,0.0,0.0,0.0,,,,,,,,,,,,,,,,,,,,,,,,,"rgba(239, 83, 80, 1.0)"
2022-12-20 00:00:00+00:00,84.8840577097,86.2212387689,84.1395466438,84.2962858156,317715,0.0,0.0,0.0,0.0,0.0,0.0,0.0,0.0,,,,,,,,,,,,,,,,,,,,,,,,,"rgba(239, 83, 80, 1.0)"
2022-12-21 00:00:00+00:00,86.7551315727,86.7551315727,85.2367208462,85.3738676215,307729,0.0,0.0,0.0,0.0,0.0,0.0,0.0,0.0,,,,,,,,,,,,,,,,,,,,,,,,,"rgba(239, 83, 80, 0.75)"
2022-12-22 00:00:00+00:00,85.1681474585,86.020416705,83.6007557409,85.8244927403,281119,0.0,0.0,0.0,0.0,0.0,0.0,0.0,0.0,,,,,,,,,,,,,,,,,,,,,,,,,"rgba(239, 83, 80, 0.75)"
2022-12-23 00:00:00+00:00,85.7853079474,85.9714357138,84.4628211856,84.5411907715,210510,0.0,0.0,0.0,0.0,0.0,0.0,0.0,0.0,,,,,,,,,,,,,,,,,,,,,,,,,"rgba(239, 83, 80, 0.75)"
2022-12-27 00:00:00+00:00,85.393460018,86.2555254627,84.9330387009,85.853881335,182947,0.0,0.0,0.0,0.0,0.0,0.0,0.0,0.0,,,,,,,,,,,,,,,,,,,,,,,,,"rgba(239, 83, 80, 0.75)"
2022-12-28 00:00:00+00:00,84.6195603574,86.2408311653,84.2619991218,85.4228486127,192897,0.0,0.0,0.0,0.0,0.0,0.0,0.0,0.0,,,,,,,,,,,,,,,,,,,,,,,,,"rgba(239, 83, 80, 0.75)"
2022-12-29 00:00:00+00:00,85.8636775333,86.559207608,85.0848797735,85.2759056391,197120,0.0,0.0,0.0,0.0,0.0,0.0,0.0,0.0,,,,,,,,,,,,,,,,,,,,,,,,,"rgba(239, 83, 80, 0.75)"
2022-12-30 00:00:00+00:00,84.7175223397,86.4220608327,84.1787314368,85.9518433174,235271,0.0,0.0,0.0,0.0,0.0,0.0,0.0,0.0,,,,,,,,,,,,,,,,,,,,,,,,,"rgba(239, 83, 80, 0.75)"
2023-01-03 00:00:00+00:00,83.3068697938,85.4718296038,82.5133777368,85.1387588638,308380,0.0,0.0,0.0,0.0,0.0,0.0,0.0,0.0,,,,,,,,,,,,,,,,,,,,,,,,,"rgba(239, 83, 80, 1.0)"
2023-01-04 00:00:00+00:00,83.1795192168,84.0709732562,82.523173935,83.4342203709,346833,0.0,0.0,0.0,0.0,0.0,0.0,0.0,0.0,,,,,,,,,,,,,,,,,,,,,,,,,"rgba(239, 83, 80, 1.0)"
2023-01-05 00:00:00+00:00,82.0725488162,82.9737990538,81.45156781,82.2488803844,347970,0.0,0.0,0.0,0.0,0.0,0.0,0.0,0.0,,,,,,,,,,,,,,,,,,,,,,,,,"rgba(239, 83, 80, 1.0)"
2023-01-06 00:00:00+00:00,83.2872773974,84.3060820138,82.7093017015,83.1697230185,301096,0.0,0.0,0.0,0.0,0.0,0.0,0.0,0.0,,,,,,,,,,,,,,,,,,,,,,,,,"rgba(239, 83, 80, 1.0)"
2023-01-09 00:00:00+00:00,82.6799131068,84.116329654,82.6799131068,83.3460545868,283978,0.0,0.0,0.0,0.0,0.0,0.0,0.0,0.0,,,,,,,,,,,,,,,,,,,,,,,,,"rgba(239, 83, 80, 1.0)"
2023-01-10 00:00:00+00:00,84.7077261415,84.7958919256,82.1607146003,82.523173935,367169,0.0,0.0,0.0,0.0,0.0,0.0,0.0,0.0,,,,,,,,,,,,,,,,,,,,,,,,,"rgba(239, 83, 80, 0.75)"
2023-01-11 00:00:00+00:00,86.8824821497,86.9608517356,84.6979299432,84.8350767185,434184,0.0,0.0,0.0,0.0,0.0,0.0,0.0,0.0,,,,,,,,,,,,,,,,,,,,,,,,,#000000
2023-01-12 00:00:00+00:00,88.4302814709,88.5674282462,86.3338950486,87.1175909074,246112,0.0,0.0,0.0,0.0,0.0,0.0,0.0,0.0,,,,,,,,,,,,,,,,,,,,,,,,,"rgba(38, 166, 154, 0.5)"
2023-01-13 00:00:00+00:00,88.3715042815,88.6849826251,87.6465856121,88.2539499027,194256,0.0,0.0,0.0,0.0,0.0,0.0,0.0,0.0,,,,,,,,,,,,,,,,,,,,,,,,,"rgba(38, 166, 154, 1.0)"
2023-01-17 00:00:00+00:00,89.0474419598,90.1838009551,88.6457978321,88.890702788,266075,0.0,0.0,0.0,0.0,0.0,0.0,0.0,0.0,,,,,,,,,,,,,,,,,,,,,,,,,"rgba(38, 166, 154, 1.0)"
2023-01-18 00:00:00+00:00,88.7829446074,90.595241281,88.1755803168,90.3013553339,282968,0.0,0.0,0.0,0.0,0.0,0.0,0.0,0.0,,,,,,,,,,,,,,,,,,,,,,,,,"rgba(38, 166, 154, 1.0)"
2023-01-19 00:00:00+00:00,86.4906342203,88.8025370039,85.3640714233,88.7633522109,355534,0.0,0.0,0.0,0.0,0.0,0.0,0.0,0.0,,,,,,,,,,,,,,,,,,,,,,,,,"rgba(38, 166, 154, 1.0)"
2023-01-20 00:00:00+00:00,87.1959604933,87.4408654492,85.2073322515,86.8726859515,694200,0.0,0.0,0.0,0.0,0.0,0.0,0.0,0.0,,,,,,,,,,,,,,,,,,,,,,,,,"rgba(38, 166, 154, 0.75)"
2023-01-23 00:00:00+00:00,88.9690723739,89.3168374112,86.4612456256,86.853093555,226081,0.0,0.0,0.0,0.0,0.0,0.0,0.0,0.0,,,,,,,,,,,,,,,,,,,,,,,,,"rgba(38, 166, 154, 0.75)"
2023-01-24 00:00:00+00:00,90.3307439286,90.889127228,88.6898807242,88.8417217968,429192,0.0,0.0,0.0,0.0,0.0,0.0,0.0,0.0,,,,,,,,,,,,,,,,,,,,,,,,,"rgba(38, 166, 154, 0.75)"
2023-01-25 00:00:00+00:00,90.095635171,90.6736108668,88.7535560127,89.223773528,340744,0.0,0.0,0.0,0.0,0.0,0.0,0.0,0.0,,,,,,,,,,,,,,,,,,,,,,,,,"rgba(38, 166, 154, 1.0)"
2023-01-26 00:00:00+00:00,89.7331758362,89.7429720345,88.7339636162,89.6939910433,401310,0.0,0.0,0.0,0.0,0.0,0.0,0.0,0.0,,,,,,,,,,,,,,,,,,,,,,,,,"rgba(38, 166, 154, 1.0)"
2023-01-27 00:00:00+00:00,89.6254176557,90.1446161621,88.8613141933,89.5862328627,165226,0.0,0.0,0.0,0.0,0.0,0.0,0.0,0.0,,,,,,,,,,,,,,,,,,,,,,,,,"rgba(38, 166, 154, 1.0)"
2023-01-30 00:00:00+00:00,88.018841145,90.2719667392,87.8816943698,88.7339636162,228331,0.0,0.0,0.0,0.0,0.0,0.0,0.0,0.0,,,,,,,,,,,,,,,,,,,,,,,,,"rgba(38, 166, 154, 0.75)"
2023-01-31 00:00:00+00:00,90.6638146686,90.6736108668,88.6849826251,88.6849826251,337611,0.0,0.0,0.0,0.0,0.0,0.0,0.0,0.0,,,,,,,,,,,,,,,,,,,,,,,,,"rgba(38, 166, 154, 0.75)"
2023-02-01 00:00:00+00:00,91.6924154833,92.427130351,89.6646024486,90.3405401268,292490,0.0,0.0,0.0,0.0,0.0,0.0,0.0,0.0,,,,,,,,,,,,,,,,,,,,,,,,,"rgba(38, 166, 154, 1.0)"
2023-02-02 00:00:00+00:00,91.2809751574,92.5642771263,89.5862328627,92.4663151439,427162,0.0,0.0,0.0,0.0,0.0,0.0,0.0,0.0,,,,,,,,,,,,,,,,,,,,,,,,,"rgba(38, 166, 154, 1.0)"
2023-02-03 00:00:00+00:00,90.2327819462,91.2907713557,89.3413279068,90.6540184704,336023,0.0,0.0,0.0,0.0,0.0,0.0,0.0,0.0,,,,,,,,,,,,,,,,,,,,,,,,,"rgba(38, 166, 154, 1.0)"
2023-02-06 00:00:00+00:00,90.8401462368,91.1732169768,89.3511241051,89.5274556733,287465,0.0,0.0,0.0,0.0,0.0,0.0,0.0,0.0,,,,,,,,,,,,,,,,,,,,,,,,,"rgba(38, 166, 154, 1.0)"
2023-02-07 00:00:00+00:00,91.1242359857,91.6238420957,89.4980670786,90.0662465762,300545,0.0,0.0,0.0,0.0,0.0,0.0,0.0,0.0,,,,,,,,,,,,,,,,,,,,,,,,,"rgba(38, 166, 154, 1.0)"
2023-02-08 00:00:00+00:00,89.6548062504,90.6932032633,89.6352138539,90.4482983074,236718,0.0,0.0,0.0,0.0,0.0,0.0,0.0,0.0,,,,,,,,,,,,,,,,,,,,,,,,,"rgba(38, 166, 154, 0.75)"
2023-02-09 00:00:00+00:00,89.0082571668,90.4972792986,88.9494799774,90.1250237657,395919,0.0,0.0,0.0,0.0,0.0,0.0,0.0,0.0,,,,,,,,,,,,,,,,,,,,,,,,,"rgba(38, 166, 154, 0.75)"
2023-02-10 00:00:00+00:00,90.4972792986,91.1242359857,88.7290655171,89.0278495633,262354,0.0,0.0,0.0,0.0,0.0,0.0,0.0,0.0,,,,,,,,,,,,,,,,,,,,,,,,,"rgba(38, 166, 154, 0.75)"
2023-02-13 00:00:00+00:00,90.7715728492,91.0066816068,90.0760427745,90.5658526863,252070,0.0,0.0,0.0,0.0,0.0,0.0,0.0,0.0,,,,,,,,,,,,,,,,,,,,,,,,,"rgba(38, 166, 154, 0.75)"
2023-02-14 00:00:00+00:00,89.8017492239,90.8940253271,89.6058252592,90.3405401268,208540,0.0,0.0,0.0,0.0,0.0,0.0,0.0,0.0,,,,,,,,,,,,,,,,,,,,,,,,,"rgba(38, 166, 154, 0.75)"
2023-02-15 00:00:00+00:00,91.055662598,91.0752549945,89.5372518715,89.6352138539,412208,0.0,0.0,0.0,0.0,0.0,0.0,0.0,0.0,,,,,,,,,,,,,,,,,,,,,,,,,"rgba(38, 166, 154, 0.75)"
2023-02-16 00:00:00+00:00,90.389521118,91.3005675539,89.4731847351,89.7037872415,369194,0.0,0.0,0.0,0.0,0.0,0.0,0.0,0.0,,,,,,,,,,,,,,,,,,,,,,,,,"rgba(38, 166, 154, 0.75)"
2023-02-17 00:00:00+00:00,90.5658526863,90.845044336,89.6695005477,90.6246298757,403168,0.0,0.0,0.0,0.0,0.0,0.0,0.0,0.0,,,,,,,,,,,,,,,,,,,,,,,,,"rgba(38, 166, 154, 0.75)"
2023-02-21 00:00:00+00:00,87.2645338809,89.889915008,87.1175909074,89.3413279068,506898,0.0,0.0,0.0,0.0,0.0,0.0,0.0,0.0,,,,,,,,,,,,,,,,,,,,,,,,,#000000
2023-02-22 00:00:00+00:00,87.2155528897,87.5388274315,85.7657155509,87.0882023127,463382,0.0,0.0,0.0,0.0,0.0,0.0,0.0,0.0,,,,,,,,,,,,,,,,,,,,,,,,,"rgba(239, 83, 80, 1.0)"
2023-02-23 00:00:00+00:00,80.7598582526,84.4236363927,79.44226959,83.4146279744,1167894,0.0,0.0,0.0,0.0,0.0,0.0,0.0,0.0,,,,,,,,,,,,,,,,,,,,,,,,,"rgba(239, 83, 80, 1.0)"
2023-02-24 00:00:00+00:00,81.817847662,83.0913534326,78.6438794338,79.525537275,710301,0.0,0.0,0.0,0.0,0.0,0.0,0.0,0.0,,,,,,,,,,,,,,,,,,,,,,,,,"rgba(239, 83, 80, 1.0)"
2023-02-27 00:00:00+00:00,82.6701169085,83.2970735956,81.5142634787,81.817847662,372197,0.0,0.0,0.0,0.0,0.0,0.0,0.0,0.0,,,,,,,,,,,,,,,,,,,,,,,,,"rgba(239, 83, 80, 1.0)"
2023-02-28 00:00:00+00:00,82.7974674856,83.2970735956,81.6709046885,82.2096955915,445355,0.0,0.0,0.0,0.0,0.0,0.0,0.0,0.0,,,,,,,,,,,,,,,,,,,,,,,,,"rgba(239, 83, 80, 1.0)"
2023-03-01 00:00:00+00:00,86.0106205068,86.3828760397,82.5917473226,83.8162721021,617768,0.0,0.0,0.0,0.0,0.0,0.0,0.0,0.0,,,,,,,,,,,,,,,,,,,,,,,,,"rgba(239, 83, 80, 0.75)"
2023-03-02 00:00:00+00:00,84.6783375468,85.2465170444,83.2578888026,84.8644653132,409943,0.0,0.0,0.0,0.0,0.0,0.0,0.0,0.0,,,,,,,,,,,,,,,,,,,,,,,,,"rgba(239, 83, 80, 0.75)"
2023-03-03 00:00:00+00:00,85.4424410091,86.1673596786,84.4873116812,85.0897778727,350853,0.0,0.0,0.0,0.0,0.0,0.0,0.0,0.0,,,,,,,,,,,,,,,,,,,,,,,,,"rgba(239, 83, 80, 0.75)"
2023-03-06 00:00:00+00:00,86.5004304186,86.8383992577,85.3346828285,85.3346828285,416210,0.0,0.0,0.0,0.0,0.0,0.0,0.0,0.0,,,,,,,,,,,,,,,,,,,,,,,,,"rgba(239, 83, 80, 0.75)"
2023-03-07 00:00:00+00:00,85.726530758,86.8938790999,84.9319491135,86.88406945,246225,0.0,0.0,0.0,0.0,0.0,0.0,0.0,0.0,,,,,,,,,,,,,,,,,,,,,,,,,"rgba(239, 83, 80, 0.75)"
2023-03-08 00:00:00+00:00,85.4812895097,86.3200145789,84.7308512898,86.2660615042,365728,0.0,0.0,0.0,0.0,0.0,0.0,0.0,0.0,,,,,,,,,,,,,,,,,,,,,,,,,"rgba(239, 83, 80, 0.75)"
2023-03-09 00:00:00+00:00,85.4126219601,86.9772611243,85.1771903618,85.7853886576,274793,0.0,0.0,0.0,0.0,0.0,0.0,0.0,0.0,,,,,,,,,,,,,,,,,,,,,,,,,"rgba(239, 83, 80, 0.75)"
2023-03-10 00:00:00+00:00,84.4708955666,85.9227237566,83.8626972708,85.4028123102,296317,0.0,0.0,0.0,0.0,0.0,0.0,0.0,0.0,,,,,,,,,,,,,,,,,,,,,,,,,"rgba(239, 83, 80, 0.75)"
2023-03-13 00:00:00+00:00,86.3151097539,87.8748440931,84.0245564947,84.1864157186,350452,0.0,0.0,0.0,0.0,0.0,0.0,0.0,0.0,,,,,,,,,,,,,,,,,,,,,,,,,#000000
2023-03-14 00:00:00+00:00,87.7865572437,89.2187661338,87.2862650972,87.7375089941,496438,0.0,0.0,0.0,0.0,0.0,0.0,0.0,0.0,,,,,,,,,,,,,,,,,,,,,,,,,#000000
2023-03-15 00:00:00+00:00,80.9296119411,81.4985716372,80.1056013468,81.0767566901,2695395,0.0,0.0,0.0,0.0,0.0,0.0,0.0,0.0,,,,,,,,,,,,,,,,,,,,,,,,,"rgba(239, 83, 80, 1.0)"
2023-03-16 00:00:00+00:00,82.244105032,82.2833436317,80.6647513929,80.6647513929,946299,0.0,0.0,0.0,0.0,0.0,0.0,0.0,0.0,,,,,,,,,,,,,,,,,,,,,,,,,"rgba(239, 83, 80, 1.0)"
2023-03-17 00:00:00+00:00,78.8597758054,81.9105769343,78.2123389099,81.8517190347,1233242,0.0,0.0,0.0,0.0,0.0,0.0,0.0,0.0,,,,,,,,,,,,,,,,,,,,,,,,,"rgba(239, 83, 80, 1.0)"
2023-03-20 00:00:00+00:00,80.1056013468,80.9001829913,78.2613871595,79.2129232029,1143332,0.0,0.0,0.0,0.0,0.0,0.0,0.0,0.0,,,,,,,,,,,,,,,,,,,,,,,,,"rgba(239, 83, 80, 1.0)"
2023-03-21 00:00:00+00:00,79.5660706005,81.2729496887,79.1834942532,80.8217057918,638499,0.0,0.0,0.0,0.0,0.0,0.0,0.0,0.0,,,,,,,,,,,,,,,,,,,,,,,,,"rgba(239, 83, 80, 1.0)"
2023-03-22 00:00:00+00:00,77.6531888637,79.791692549,77.5943309641,79.5954995503,704778,0.0,0.0,0.0,0.0,0.0,0.0,0.0,0.0,,,,,,,,,,,,,,,,,,,,,,,,,"rgba(239, 83, 80, 1.0)"
2023-03-23 00:00:00+00:00,78.8009179058,80.7137996426,77.5943309641,77.7709046629,786206,0.0,0.0,0.0,0.0,0.0,0.0,0.0,0.0,,,,,,,,,,,,,,,,,,,,,,,,,"rgba(239, 83, 80, 1.0)"
2023-03-24 00:00:00+00:00,79.4385451514,80.5372259438,78.045574861,78.045574861,1825905,0.0,0.0,0.0,0.0,0.0,0.0,0.0,0.0,,,,,,,,,,,,,,,,,,,,,,,,,"rgba(239, 83, 80, 1.0)"
2023-03-27 00:00:00+00:00,81.9400058841,81.959625184,80.2527460958,80.802086492,605893,0.0,0.0,0.0,0.0,0.0,0.0,0.0,0.0,,,,,,,,,,,,,,,,,,,,,,,,,"rgba(239, 83, 80, 0.75)"
2023-03-28 00:00:00+00:00,82.0184830836,82.3520111813,81.4593330374,82.2048664323,785811,0.0,0.0,0.0,0.0,0.0,0.0,0.0,0.0,,,,,,,,,,,,,,,,,,,,,,,,,"rgba(239, 83, 80, 0.75)"
2023-03-29 00:00:00+00:00,82.8621129777,82.8915419275,81.6260970863,82.2539146819,639030,0.0,0.0,0.0,0.0,0.0,0.0,0.0,0.0,,,,,,,,,,,,,,,,,,,,,,,,,#000000
2023-03-30 00:00:00+00:00,83.0779252763,84.559182416,82.4108690809,83.0583059764,546225,0.0,0.0,0.0,0.0,0.0,0.0,0.0,0.0,,,,,,,,,,,,,,,,,,,,,,,,,#000000
2023-03-31 00:00:00+00:00,83.1564024757,83.8725069208,82.7345875286,83.7940297213,738780,0.0,0.0,0.0,0.0,0.0,0.0,0.0,0.0,,,,,,,,,,,,,,,,,,,,,,,,,#000000
2023-04-03 00:00:00+00:00,83.4212630239,84.0476091721,82.4402980307,83.2839279248,504734,0.0,0.0,0.0,0.0,0.0,0.0,0.0,0.0,,,,,,,,,,,,,,,,,,,,,,,,,#000000
2023-04-04 00:00:00+00:00,82.2931532817,83.4703112735,81.7241935856,83.3133568746,442836,0.0,0.0,0.0,0.0,0.0,0.0,0.0,0.0,,,,,,,,,,,,,,,,,,,,,,,,,#000000
2023-04-05 00:00:00+00:00,83.5389788231,83.5782174228,81.9694348339,82.4991559303,292492,0.0,0.0,0.0,0.0,0.0,0.0,0.0,0.0,,,,,,,,,,,,,,,,,,,,,,,,,#000000
2023-04-06 00:00:00+00:00,82.7934454282,83.99022272,82.3225822315,83.7744104214,287450,0.0,0.0,0.0,0.0,0.0,0.0,0.0,0.0,,,,,,,,,,,,,,,,,,,,,,,,,#000000
2023-04-10 00:00:00+00:00,83.9411744703,83.99022272,82.6561103292,82.6561103292,303300,0.0,0.0,0.0,0.0,0.0,0.0,0.0,0.0,,,,,,,,,,,,,,,,,,,,,,,,,"rgba(38, 166, 154, 1.0)"
2023-04-11 00:00:00+00:00,84.2550832681,84.5199438163,83.254498975,83.833268321,218863,0.0,0.0,0.0,0.0,0.0,0.0,0.0,0.0,,,,,,,,,,,,,,,,,,,,,,,,,"rgba(38, 166, 154, 1.0)"
2023-04-12 00:00:00+00:00,83.9411744703,85.3047158109,83.9117455205,84.7749947145,313106,0.0,0.0,0.0,0.0,0.0,0.0,0.0,0.0,,,,,,,,,,,,,,,,,,,,,,,,,"rgba(38, 166, 154, 1.0)"
2023-04-13 00:00:00+00:00,85.2066193116,85.574481184,83.695933222,84.4610859167,273952,0.0,0.0,0.0,0.0,0.0,0.0,0.0,0.0,,,,,,,,,,,,,,,,,,,,,,,,,"rgba(38, 166, 154, 1.0)"
2023-04-14 00:00:00+00:00,84.4512762668,85.285096511,83.691028397,84.7946140144,239966,0.0,0.0,0.0,0.0,0.0,0.0,0.0,0.0,,,,,,,,,,,,,,,,,,,,,,,,,"rgba(38, 166, 154, 1.0)"
2023-04-17 00:00:00+00:00,85.0889035124,85.2998109859,84.1962253685,84.3237508177,469905,0.0,0.0,0.0,0.0,0.0,0.0,0.0,0.0,,,,,,,,,,,,,,,,,,,,,,,,,"rgba(38, 166, 154, 1.0)"
2023-04-18 00:00:00+00:00,83.0779252763,84.7848043645,82.2735339818,84.7848043645,404214,0.0,0.0,0.0,0.0,0.0,0.0,0.0,0.0,,,,,,,,,,,,,,,,,,,,,,,,,"rgba(38, 166, 154, 0.75)"
2023-04-19 00:00:00+00:00,83.5389788231,83.6566946223,82.5874427796,82.5874427796,356480,0.0,0.0,0.0,0.0,0.0,0.0,0.0,0.0,,,,,,,,,,,,,,,,,,,,,,,,,"rgba(38, 166, 154, 0.75)"
2023-04-20 00:00:00+00:00,83.843077971,84.0785095693,82.7247778787,82.7247778787,562785,0.0,0.0,0.0,0.0,0.0,0.0,0.0,0.0,,,,,,,,,,,,,,,,,,,,,,,,,#000000
2023-04-21 00:00:00+00:00,85.5009088095,85.579386009,83.9558889452,84.4512762668,1173148,0.0,0.0,0.0,0.0,0.0,0.0,0.0,0.0,,,,,,,,,,,,,,,,,,,,,,,,,"rgba(38, 166, 154, 1.0)"
2023-04-24 00:00:00+00:00,86.6878764513,86.7761633007,85.000616663,85.6284342586,351960,0.0,0.0,0.0,0.0,0.0,0.0,0.0,0.0,,,,,,,,,,,,,,,,,,,,,,,,,"rgba(38, 166, 154, 1.0)"
2023-04-25 00:00:00+00:00,85.4910991596,86.9527369995,85.1968096616,86.295490454,518837,0.0,0.0,0.0,0.0,0.0,0.0,0.0,0.0,,,,,,,,,,,,,,,,,,,,,,,,,"rgba(38, 166, 154, 1.0)"
2023-04-26 00:00:00+00:00,83.8528876209,85.4714798597,83.4899305734,84.5886113658,577451,0.0,0.0,0.0,0.0,0.0,0.0,0.0,0.0,,,,,,,,,,,,,,,,,,,,,,,,,"rgba(38, 166, 154, 0.75)"
2023-04-27 00:00:00+00:00,85.1575710619,85.1771903618,83.7547911216,84.4807052166,382831,0.0,0.0,0.0,0.0,0.0,0.0,0.0,0.0,,,,,,,,,,,,,,,,,,,,,,,,,"rgba(38, 166, 154, 0.75)"
2023-04-28 00:00:00+00:00,84.1766060687,84.8632815639,83.5095498733,84.8142333143,329054,0.0,0.0,0.0,0.0,0.0,0.0,0.0,0.0,,,,,,,,,,,,,,,,,,,,,,,,,"rgba(38, 166, 154, 0.75)"
2023-05-01 00:00:00+00:00,82.2244857321,84.3531797674,82.1950567824,84.0196516698,536561,0.0,0.0,0.0,0.0,0.0,0.0,0.0,0.0,,,,,,,,,,,,,,,,,,,,,,,,,#000000
2023-05-02 00:00:00+00:00,81.949815534,82.8424936779,81.2729496887,82.5187752301,346458,0.0,0.0,0.0,0.0,0.0,0.0,0.0,0.0,,,,,,,,,,,,,,,,,,,,,,,,,"rgba(239, 83, 80, 0.5)"
2023-05-03 00:00:00+00:00,82.1950567824,83.3673099493,81.4200944377,82.096960283,419592,0.0,0.0,0.0,0.0,0.0,0.0,0.0,0.0,,,,,,,,,,,,,,,,,,,,,,,,,"rgba(239, 83, 80, 0.5)"
2023-05-04 00:00:00+00:00,82.3029629316,82.9847336019,81.4004751378,82.8326840279,254164,0.0,0.0,0.0,0.0,0.0,0.0,0.0,0.0,,,,,,,,,,,,,,,,,,,,,,,,,"rgba(239, 83, 80, 0.5)"
2023-05-05 00:00:00+00:00,83.3722147742,83.6763139221,82.3520111813,82.8915419275,264767,0.0,0.0,0.0,0.0,0.0,0.0,0.0,0.0,,,,,,,,,,,,,,,,,,,,,,,,,"rgba(239, 83, 80, 0.5)"
2023-05-08 00:00:00+00:00,82.9602094771,83.9215551704,82.9405901772,83.8725069208,304139,0.0,0.0,0.0,0.0,0.0,0.0,0.0,0.0,,,,,,,,,,,,,,,,,,,,,,,,,"rgba(239, 83, 80, 0.5)"
2023-05-09 00:00:00+00:00,83.5880270727,83.99022272,82.2293905571,82.4010594309,418170,0.0,0.0,0.0,0.0,0.0,0.0,0.0,0.0,,,,,,,,,,,,,,,,,,,,,,,,,#000000
2023-05-10 00:00:00+00:00,81.812480435,85.3439544106,81.233711089,83.8626972708,538458,0.0,0.0,0.0,0.0,0.0,0.0,0.0,0.0,,,,,,,,,,,,,,,,,,,,,,,,,"rgba(239, 83, 80, 0.5)"
2023-05-11 00:00:00+00:00,81.959625184,82.9405901772,81.4789523373,82.1361988828,334354,0.0,0.0,0.0,0.0,0.0,0.0,0.0,0.0,,,,,,,,,,,,,,,,,,,,,,,,,"rgba(239, 83, 80, 0.5)"
2023-05-12 00:00:00+00:00,82.2833436317,83.3182616996,81.2827593387,82.3814401311,296884,0.0,0.0,0.0,0.0,0.0,0.0,0.0,0.0,,,,,,,,,,,,,,,,,,,,,,,,,"rgba(239, 83, 80, 1.0)"
2023-05-15 00:00:00+00:00,82.6266813794,83.5095498733,81.9400058841,83.5095498733,428484,0.0,0.0,0.0,0.0,0.0,0.0,0.0,0.0,,,,,,,,,,,,,,,,,,,,,,,,,"rgba(239, 83, 80, 0.5)"
2023-05-16 00:00:00+00:00,81.9400058841,82.970019127,81.4102847878,82.5678234798,379238,0.0,0.0,0.0,0.0,0.0,0.0,0.0,0.0,,,,,,,,,,,,,,,,,,,,,,,,,"rgba(239, 83, 80, 1.0)"
2023-05-17 00:00:00+00:00,82.7640164784,82.9896384269,81.9105769343,82.4304883807,299204,0.0,0.0,0.0,0.0,0.0,0.0,0.0,0.0,,,,,,,,,,,,,,,,,,,,,,,,,"rgba(239, 83, 80, 0.5)"
2023-05-18 00:00:00+00:00,82.5874427796,82.7051585788,81.6064777864,82.1950567824,258294,0.0,0.0,0.0,0.0,0.0,0.0,0.0,0.0,,,,,,,,,,,,,,,,,,,,,,,,,"rgba(239, 83, 80, 0.5)"
2023-05-19 00:00:00+00:00,81.8909576345,83.264308625,81.3906654879,83.1465928258,363266,0.0,0.0,0.0,0.0,0.0,0.0,0.0,0.0,,,,,,,,,,,,,,,,,,,,,,,,,"rgba(239, 83, 80, 1.0)"
2023-05-22 00:00:00+00:00,83.3035472247,83.4214296028,82.1934881638,82.6355470819,381188,0.0,0.0,0.0,0.0,0.0,0.0,0.0,0.0,,,,,,,,,,,,,,,,,,,,,,,,,#000000
2023-05-23 00:00:00+00:00,82.9695471533,84.2760768444,82.5471352982,83.0776059999,289930,0.0,0.0,0.0,0.0,0.0,0.0,0.0,0.0,,,,,,,,,,,,,,,,,,,,,,,,,#000000
2023-05-24 00:00:00+00:00,83.6964884852,83.76034144,82.6060764873,82.8516647751,258132,0.0,0.0,0.0,0.0,0.0,0.0,0.0,0.0,,,,,,,,,,,,,,,,,,,,,,,,,#000000
2023-05-25 00:00:00+00:00,82.4980176407,83.6571943591,82.2622528844,83.578606107,300486,0.0,0.0,0.0,0.0,0.0,0.0,0.0,0.0,,,,,,,,,,,,,,,,,,,,,,,,,#000000
2023-05-26 00:00:00+00:00,83.4214296028,83.4509001974,82.2426058214,82.7239588655,228520,0.0,0.0,0.0,0.0,0.0,0.0,0.0,0.0,,,,,,,,,,,,,,,,,,,,,,,,,#000000
2023-05-30 00:00:00+00:00,84.4136062856,84.5413121953,83.4901943234,83.7259590797,257273,0.0,0.0,0.0,0.0,0.0,0.0,0.0,0.0,,,,,,,,,,,,,,,,,,,,,,,,,"rgba(38, 166, 154, 1.0)"
2023-05-31 00:00:00+00:00,83.5982531701,85.0521358339,82.7054906262,84.76725342,552110,0.0,0.0,0.0,0.0,0.0,0.0,0.0,0.0,,,,,,,,,,,,,,,,,,,,,,,,,"rgba(38, 166, 154, 1.0)"
2023-06-01 00:00:00+00:00,83.175841315,84.3006356732,82.6355470819,83.5491355125,331118,0.0,0.0,0.0,0.0,0.0,0.0,0.0,0.0,,,,,,,,,,,,,,,,,,,,,,,,,#000000
2023-06-02 00:00:00+00:00,84.4430768801,84.6002533843,83.3624884138,83.6277237646,269317,0.0,0.0,0.0,0.0,0.0,0.0,0.0,0.0,,,,,,,,,,,,,,,,,,,,,,,,,"rgba(38, 166, 154, 1.0)"
2023-06-05 00:00:00+00:00,84.4332533486,85.111077023,83.6080767016,83.7652532058,228800,0.0,0.0,0.0,0.0,0.0,0.0,0.0,0.0,,,,,,,,,,,,,,,,,,,,,,,,,"rgba(38, 166, 154, 1.0)"
2023-06-06 00:00:00+00:00,85.1601946805,86.0050183906,84.5511357268,84.5511357268,483140,0.0,0.0,0.0,0.0,0.0,0.0,0.0,0.0,,,,,,,,,,,,,,,,,,,,,,,,,"rgba(38, 166, 154, 1.0)"
2023-06-07 00:00:00+00:00,85.93625367,86.5354890923,84.9833711133,85.4843712204,401721,0.0,0.0,0.0,0.0,0.0,0.0,0.0,0.0,,,,,,,,,,,,,,,,,,,,,,,,,"rgba(38, 166, 154, 1.0)"
2023-06-08 00:00:00+00:00,86.1523713633,86.702489128,85.5924300671,86.1229007687,316116,0.0,0.0,0.0,0.0,0.0,0.0,0.0,0.0,,,,,,,,,,,,,,,,,,,,,,,,,"rgba(38, 166, 154, 1.0)"
2023-06-09 00:00:00+00:00,83.7947238003,86.1523713633,82.8614883066,86.1523713633,491440,0.0,0.0,0.0,0.0,0.0,0.0,0.0,0.0,,,,,,,,,,,,,,,,,,,,,,,,,"rgba(38, 166, 154, 0.75)"
2023-06-12 00:00:00+00:00,82.6748412079,83.6571943591,82.4439882174,83.3428413507,388109,0.0,0.0,0.0,0.0,0.0,0.0,0.0,0.0,,,,,,,,,,,,,,,,,,,,,,,,,#000000
2023-06-13 00:00:00+00:00,83.136547189,83.4803707919,82.4881941092,83.0677824684,293076,0.0,0.0,0.0,0.0,0.0,0.0,0.0,0.0,,,,,,,,,,,,,,,,,,,,,,,,,#000000
2023-06-14 00:00:00+00:00,83.1267236575,83.8045473318,82.6551941449,83.3231942877,288383,0.0,0.0,0.0,0.0,0.0,0.0,0.0,0.0,,,,,,,,,,,,,,,,,,,,,,,,,#000000
2023-06-15 00:00:00+00:00,84.9146063927,84.9244299242,83.2004001438,83.3723119453,406411,0.0,0.0,0.0,0.0,0.0,0.0,0.0,0.0,,,,,,,,,,,,,,,,,,,,,,,,,#000000
2023-06-16 00:00:00+00:00,83.92242971,85.6808418507,83.5687825755,85.6808418507,724908,0.0,0.0,0.0,0.0,0.0,0.0,0.0,0.0,,,,,,,,,,,,,,,,,,,,,,,,,#000000
2023-06-20 00:00:00+00:00,82.9695471533,83.5884296386,82.5471352982,83.4509001974,337295,0.0,0.0,0.0,0.0,0.0,0.0,0.0,0.0,,,,,,,,,,,,,,,,,,,,,,,,,#000000
2023-06-21 00:00:00+00:00,83.2544295671,83.4312531344,81.8201939663,82.4881941092,278636,0.0,0.0,0.0,0.0,0.0,0.0,0.0,0.0,,,,,,,,,,,,,,,,,,,,,,,,,#000000
2023-06-22 00:00:00+00:00,82.4783705777,83.0677824684,81.8693116239,83.0677824684,491843,0.0,0.0,0.0,0.0,0.0,0.0,0.0,0.0,,,,,,,,,,,,,,,,,,,,,,,,,"rgba(239, 83, 80, 1.0)"
2023-06-23 00:00:00+00:00,80.1403700777,82.2769881817,80.1207230147,82.0166645966,728278,0.0,0.0,0.0,0.0,0.0,0.0,0.0,0.0,,,,,,,,,,,,,,,,,,,,,,,,,"rgba(239, 83, 80, 1.0)"
2023-06-26 00:00:00+00:00,79.187487521,80.2484289244,78.8829580441,80.1600171407,413161,0.0,0.0,0.0,0.0,0.0,0.0,0.0,0.0,,,,,,,,,,,,,,,,,,,,,,,,,"rgba(239, 83, 80, 1.0)"
2023-06-27 00:00:00+00:00,79.207134584,79.6000758445,78.401605,79.1088992689,792675,0.0,0.0,0.0,0.0,0.0,0.0,0.0,0.0,,,,,,,,,,,,,,,,,,,,,,,,,"rgba(239, 83, 80, 1.0)"
2023-06-28 00:00:00+00:00,78.4310755946,78.7945462605,77.6206342448,78.5391344412,393074,0.0,0.0,0.0,0.0,0.0,0.0,0.0,0.0,,,,,,,,,,,,,,,,,,,,,,,,,"rgba(239, 83, 80, 1.0)"
2023-06-29 00:00:00+00:00,78.362310874,79.3250169622,77.9006048929,78.0283108026,213416,0.0,0.0,0.0,0.0,0.0,0.0,0.0,0.0,,,,,,,,,,,,,,,,,,,,,,,,,"rgba(239, 83, 80, 1.0)"
2023-06-30 00:00:00+00:00,79.0401345483,79.4821934664,78.2640755589,79.0499580799,549475,0.0,0.0,0.0,0.0,0.0,0.0,0.0,0.0,,,,,,,,,,,,,,,,,,,,,,,,,"rgba(239, 83, 80, 1.0)"
2023-07-03 00:00:00+00:00,78.6570168194,78.8436639181,78.2149579013,78.381957937,186295,0.0,0.0,0.0,0.0,0.0,0.0,0.0,0.0,,,,,,,,,,,,,,,,,,,,,,,,,"rgba(239, 83, 80, 1.0)"
2023-07-05 00:00:00+00:00,80.0028406365,80.3171936449,78.5293109097,78.5882520988,758244,0.0,0.0,0.0,0.0,0.0,0.0,0.0,0.0,,,,,,,,,,,,,,,,,,,,,,,,,"rgba(239, 83, 80, 0.75)"
2023-07-06 00:00:00+00:00,76.9280752732,79.3544875567,76.7316046429,79.3544875567,303148,0.0,0.0,0.0,0.0,0.0,0.0,0.0,0.0,,,,,,,,,,,,,,,,,,,,,,,,,"rgba(239, 83, 80, 0.75)"
2023-07-07 00:00:00+00:00,77.6550166051,78.2444284958,76.4860163551,76.6333693278,321938,0.0,0.0,0.0,0.0,0.0,0.0,0.0,0.0,,,,,,,,,,,,,,,,,,,,,,,,,"rgba(239, 83, 80, 0.75)"
2023-07-10 00:00:00+00:00,80.0912524202,80.1108994832,77.2817224076,77.2817224076,492282,0.0,0.0,0.0,0.0,0.0,0.0,0.0,0.0,,,,,,,,,,,,,,,,,,,,,,,,,"rgba(239, 83, 80, 0.75)"
2023-07-11 00:00:00+00:00,80.4940172122,80.5726054643,79.7081346912,80.1010759517,341796,0.0,0.0,0.0,0.0,0.0,0.0,0.0,0.0,,,,,,,,,,,,,,,,,,,,,,,,,"rgba(239, 83, 80, 0.75)"
2023-07-12 00:00:00+00:00,82.1345469747,82.9793706848,81.122723229,81.4468997689,369285,0.0,0.0,0.0,0.0,0.0,0.0,0.0,0.0,,,,,,,,,,,,,,,,,,,,,,,,,#000000
2023-07-13 00:00:00+00:00,82.3604881995,82.8614883066,82.0903410829,82.2720764159,393517,0.0,0.0,0.0,0.0,0.0,0.0,0.0,0.0,,,,,,,,,,,,,,,,,,,,,,,,,#000000
2023-07-14 00:00:00+00:00,82.311370542,82.8811353697,81.6040762731,82.2622528844,326339,0.0,0.0,0.0,0.0,0.0,0.0,0.0,0.0,,,,,,,,,,,,,,,,,,,,,,,,,"rgba(38, 166, 154, 1.0)"
2023-07-17 00:00:00+00:00,82.733782397,83.6473708276,81.5549586155,81.8496645609,457241,0.0,0.0,0.0,0.0,0.0,0.0,0.0,0.0,,,,,,,,,,,,,,,,,,,,,,,,,"rgba(38, 166, 154, 1.0)"
2023-07-18 00:00:00+00:00,81.9773704705,83.539311981,81.6335468676,83.0383118739,398846,0.0,0.0,0.0,0.0,0.0,0.0,0.0,0.0,,,,,,,,,,,,,,,,,,,,,,,,,"rgba(38, 166, 154, 1.0)"
2023-07-19 00:00:00+00:00,82.9204294957,84.305547439,82.8664000724,84.1287238717,591597,0.0,0.0,0.0,0.0,0.0,0.0,0.0,0.0,,,,,,,,,,,,,,,,,,,,,,,,,"rgba(38, 166, 154, 1.0)"
2023-07-20 00:00:00+00:00,82.6257235503,83.3919590083,81.3388409222,83.2249589726,323204,0.0,0.0,0.0,0.0,0.0,0.0,0.0,0.0,,,,,,,,,,,,,,,,,,,,,,,,,"rgba(38, 166, 154, 1.0)"
2023-07-21 00:00:00+00:00,82.6748412079,83.3035472247,81.9184292815,83.0088412793,536355,0.0,0.0,0.0,0.0,0.0,0.0,0.0,0.0,,,,,,,,,,,,,,,,,,,,,,,,,"rgba(38, 166, 154, 1.0)"
2023-07-24 00:00:00+00:00,83.0481354054,83.3723119453,82.1443705062,83.136547189,304596,0.0,0.0,0.0,0.0,0.0,0.0,0.0,0.0,,,,,,,,,,,,,,,,,,,,,,,,,"rgba(38, 166, 154, 1.0)"
2023-07-25 00:00:00+00:00,81.5058409579,82.7136441574,80.8083702206,81.8987822184,369039,0.0,0.0,0.0,0.0,0.0,0.0,0.0,0.0,,,,,,,,,,,,,,,,,,,,,,,,,"rgba(38, 166, 154, 0.75)"
2023-07-26 00:00:00+00:00,81.9086057499,82.7043118024,81.3535762195,81.5549586155,413479,0.0,0.0,0.0,0.0,0.0,0.0,0.0,0.0,,,,,,,,,,,,,,,,,,,,,,,,,"rgba(38, 166, 154, 0.75)"
2023-07-27 00:00:00+00:00,80.1698406723,81.9380763445,80.0617818256,81.928252813,249747,0.0,0.0,0.0,0.0,0.0,0.0,0.0,0.0,,,,,,,,,,,,,,,,,,,,,,,,,#000000
2023-07-28 00:00:00+00:00,79.8063700063,80.7003113739,78.765075666,80.6806643109,367733,0.0,0.0,0.0,0.0,0.0,0.0,0.0,0.0,,,,,,,,,,,,,,,,,,,,,,,,,"rgba(239, 83, 80, 0.5)"
2023-07-31 00:00:00+00:00,79.8653111954,80.5726054643,79.3348404937,80.0912524202,313004,0.0,0.0,0.0,0.0,0.0,0.0,0.0,0.0,,,,,,,,,,,,,,,,,,,,,,,,,"rgba(239, 83, 80, 1.0)"
2023-08-01 00:00:00+00:00,79.4232522773,80.0323112311,79.207134584,79.6688405651,262468,0.0,0.0,0.0,0.0,0.0,0.0,0.0,0.0,,,,,,,,,,,,,,,,,,,,,,,,,"rgba(239, 83, 80, 1.0)"
2023-08-02 00:00:00+00:00,77.6746636681,79.207134584,77.2424282816,78.6373697563,366941,0.0,0.0,0.0,0.0,0.0,0.0,0.0,0.0,,,,,,,,,,,,,,,,,,,,,,,,,"rgba(239, 83, 80, 1.0)"
2023-08-03 00:00:00+00:00,74.4820159266,79.7572523487,74.3690453142,79.148193395,564812,0.0,0.0,0.0,0.0,0.0,0.0,0.0,0.0,,,,,,,,,,,,,,,,,,,,,,,,,"rgba(239, 83, 80, 1.0)"
2023-08-04 00:00:00+00:00,75.621545582,76.4368986976,74.2266041073,74.5114865211,465420,0.0,0.0,0.0,0.0,0.0,0.0,0.0,0.0,,,,,,,,,,,,,,,,,,,,,,,,,"rgba(239, 83, 80, 1.0)"
2023-08-07 00:00:00+00:00,77.4585459749,78.0184872711,76.3288398509,77.173663561,340312,0.0,0.0,0.0,0.0,0.0,0.0,0.0,0.0,,,,,,,,,,,,,,,,,,,,,,,,,"rgba(239, 83, 80, 1.0)"
2023-08-08 00:00:00+00:00,76.2207810043,77.6550166051,75.7590750232,77.1638400295,386174,0.0,0.0,0.0,0.0,0.0,0.0,0.0,0.0,,,,,,,,,,,,,,,,,,,,,,,,,"rgba(239, 83, 80, 0.75)"
2023-08-09 00:00:00+00:00,75.7492514917,77.0999870747,75.5675161587,76.4663692921,228933,0.0,0.0,0.0,0.0,0.0,0.0,0.0,0.0,,,,,,,,,,,,,,,,,,,,,,,,,"rgba(239, 83, 80, 0.75)"
2023-08-10 00:00:00+00:00,75.7885456178,76.4270751661,75.2580749161,75.9555456535,255274,0.0,0.0,0.0,0.0,0.0,0.0,0.0,0.0,,,,,,,,,,,,,,,,,,,,,,,,,"rgba(239, 83, 80, 0.75)"
2023-08-11 00:00:00+00:00,75.6510161766,75.6706632396,74.7079571514,75.3857808257,224277,0.0,0.0,0.0,0.0,0.0,0.0,0.0,0.0,,,,,,,,,,,,,,,,,,,,,,,,,"rgba(239, 83, 80, 0.75)"
2023-08-14 00:00:00+00:00,76.1225456892,76.166751581,74.9338983762,75.4938396724,283364,0.0,0.0,0.0,0.0,0.0,0.0,0.0,0.0,,,,,,,,,,,,,,,,,,,,,,,,,"rgba(239, 83, 80, 0.75)"
2023-08-15 00:00:00+00:00,75.4152514203,76.0055860694,75.2578288472,75.7202576556,328429,0.0,0.0,0.0,0.0,0.0,0.0,0.0,0.0,,,,,,,,,,,,,,,,,,,,,,,,,"rgba(239, 83, 80, 0.75)"
2023-08-16 00:00:00+00:00,74.5297494467,75.8137273084,74.4608770709,75.6612241907,277563,0.0,0.0,0.0,0.0,0.0,0.0,0.0,0.0,,,,,,,,,,,,,,,,,,,,,,,,,"rgba(239, 83, 80, 0.75)"
2023-08-17 00:00:00+00:00,74.7068498414,75.4349292419,74.5494272683,74.5789440007,343513,0.0,0.0,0.0,0.0,0.0,0.0,0.0,0.0,,,,,,,,,,,,,,,,,,,,,,,,,"rgba(239, 83, 80, 0.75)"
2023-08-18 00:00:00+00:00,74.4903938034,75.3906541432,74.2247432113,74.2247432113,243433,0.0,0.0,0.0,0.0,0.0,0.0,0.0,0.0,,,,,,,,,,,,,,,,,,,,,,,,,"rgba(239, 83, 80, 0.75)"
2023-08-21 00:00:00+00:00,74.2149043005,75.1004062741,73.4671470783,74.2837766762,410130,0.0,0.0,0.0,0.0,0.0,0.0,0.0,0.0,,,,,,,,,,,,,,,,,,,,,,,,,"rgba(239, 83, 80, 1.0)"
2023-08-22 00:00:00+00:00,73.9197369759,74.3723268736,73.1080268335,74.2444210329,338041,0.0,0.0,0.0,0.0,0.0,0.0,0.0,0.0,,,,,,,,,,,,,,,,,,,,,,,,,"rgba(239, 83, 80, 1.0)"
2023-08-23 00:00:00+00:00,75.3267012229,75.3857346878,74.0476428166,74.2640988546,226146,0.0,0.0,0.0,0.0,0.0,0.0,0.0,0.0,,,,,,,,,,,,,,,,,,,,,,,,,"rgba(239, 83, 80, 0.75)"
2023-08-24 00:00:00+00:00,74.1657097464,75.6169490921,74.0869984598,75.267667758,180303,0.0,0.0,0.0,0.0,0.0,0.0,0.0,0.0,,,,,,,,,,,,,,,,,,,,,,,,,"rgba(239, 83, 80, 0.75)"
2023-08-25 00:00:00+00:00,73.8803813327,74.6379774657,73.7623144029,74.2050653897,191443,0.0,0.0,0.0,0.0,0.0,0.0,0.0,0.0,,,,,,,,,,,,,,,,,,,,,,,,,"rgba(239, 83, 80, 0.75)"
2023-08-28 00:00:00+00:00,74.0869984598,74.9134669686,74.0427233612,74.2640988546,353332,0.0,0.0,0.0,0.0,0.0,0.0,0.0,0.0,,,,,,,,,,,,,,,,,,,,,,,,,"rgba(239, 83, 80, 0.75)"
2023-08-29 00:00:00+00:00,74.7954000387,74.8249167712,73.6148291297,74.0082871733,207197,0.0,0.0,0.0,0.0,0.0,0.0,0.0,0.0,,,,,,,,,,,,,,,,,,,,,,,,,"rgba(239, 83, 80, 0.75)"
2023-08-30 00:00:00+00:00,74.2542599438,75.2971844905,73.7131198488,74.9626615227,286592,0.0,0.0,0.0,0.0,0.0,0.0,0.0,0.0,,,,,,,,,,,,,,,,,,,,,,,,,"rgba(239, 83, 80, 0.75)"
2023-08-31 00:00:00+00:00,74.7166887522,75.1299230066,74.2739377654,74.618299644,268684,0.0,0.0,0.0,0.0,0.0,0.0,0.0,0.0,,,,,,,,,,,,,,,,,,,,,,,,,"rgba(239, 83, 80, 0.5)"
2023-09-01 00:00:00+00:00,74.4805548926,75.484123796,73.7032809379,75.2184732039,267966,0.0,0.0,0.0,0.0,0.0,0.0,0.0,0.0,,,,,,,,,,,,,,,,,,,,,,,,,"rgba(239, 83, 80, 0.5)"
2023-09-05 00:00:00+00:00,74.2640988546,74.6281385548,73.7327976704,74.2345821221,263563,0.0,0.0,0.0,0.0,0.0,0.0,0.0,0.0,,,,,,,,,,,,,,,,,,,,,,,,,"rgba(239, 83, 80, 0.5)"
2023-09-06 00:00:00+00:00,73.2802077728,74.510071625,72.8964902509,74.510071625,307265,0.0,0.0,0.0,0.0,0.0,0.0,0.0,0.0,,,,,,,,,,,,,,,,,,,,,,,,,"rgba(239, 83, 80, 1.0)"
2023-09-07 00:00:00+00:00,74.2640988546,74.8249167712,73.0489933685,73.211335397,314368,0.0,0.0,0.0,0.0,0.0,0.0,0.0,0.0,,,,,,,,,,,,,,,,,,,,,,,,,"rgba(239, 83, 80, 0.5)"
2023-09-08 00:00:00+00:00,73.3589190593,74.2444210329,72.9752015374,74.2444210329,351399,0.0,0.0,0.0,0.0,0.0,0.0,0.0,0.0,,,,,,,,,,,,,,,,,,,,,,,,,"rgba(239, 83, 80, 0.5)"
2023-09-11 00:00:00+00:00,73.6639252947,74.1755486572,73.1080268335,73.427791435,240291,0.0,0.0,0.0,0.0,0.0,0.0,0.0,0.0,,,,,,,,,,,,,,,,,,,,,,,,,"rgba(239, 83, 80, 0.5)"
2023-09-12 00:00:00+00:00,73.3785968809,73.9197369759,73.3294023269,73.644247473,185884,0.0,0.0,0.0,0.0,0.0,0.0,0.0,0.0,,,,,,,,,,,,,,,,,,,,,,,,,"rgba(239, 83, 80, 0.5)"
2023-09-13 00:00:00+00:00,73.644247473,73.7819922245,72.8472956968,72.9260069833,202445,0.0,0.0,0.0,0.0,0.0,0.0,0.0,0.0,,,,,,,,,,,,,,,,,,,,,,,,,"rgba(239, 83, 80, 0.5)"
2023-09-14 00:00:00+00:00,74.2444210329,74.618299644,73.7032809379,73.8410256894,274444,0.0,0.0,0.0,0.0,0.0,0.0,0.0,0.0,,,,,,,,,,,,,,,,,,,,,,,,,"rgba(239, 83, 80, 0.5)"
2023-09-15 00:00:00+00:00,73.3884357918,74.6674941981,72.8964902509,74.1657097464,866444,0.0,0.0,0.0,0.0,0.0,0.0,0.0,0.0,,,,,,,,,,,,,,,,,,,,,,,,,"rgba(239, 83, 80, 0.5)"
2023-09-18 00:00:00+00:00,72.5226116398,73.6147307406,72.3553501559,73.6147307406,390665,0.0,0.0,0.0,0.0,0.0,0.0,0.0,0.0,,,,,,,,,,,,,,,,,,,,,,,,,"rgba(239, 83, 80, 0.5)"
2023-09-19 00:00:00+00:00,73.2310132187,73.9394147976,72.9260069833,73.4573081675,376435,0.0,0.0,0.0,0.0,0.0,0.0,0.0,0.0,,,,,,,,,,,,,,,,,,,,,,,,,"rgba(239, 83, 80, 0.5)"
2023-09-20 00:00:00+00:00,72.7882622319,73.7869116799,72.512772729,73.6245696514,373356,0.0,0.0,0.0,0.0,0.0,0.0,0.0,0.0,,,,,,,,,,,,,,,,,,,,,,,,,"rgba(239, 83, 80, 0.5)"
2023-09-21 00:00:00+00:00,72.4340614424,73.6540863839,71.996229911,72.4143836208,352831,0.0,0.0,0.0,0.0,0.0,0.0,0.0,0.0,,,,,,,,,,,,,,,,,,,,,,,,,"rgba(239, 83, 80, 0.5)"
2023-09-22 00:00:00+00:00,71.6567874878,72.6111618371,71.4649287268,72.3159945126,286811,0.0,0.0,0.0,0.0,0.0,0.0,0.0,0.0,,,,,,,,,,,,,,,,,,,,,,,,,"rgba(239, 83, 80, 1.0)"
2023-09-25 00:00:00+00:00,71.5977540229,71.9224380799,71.0959695712,71.32226452,397103,0.0,0.0,0.0,0.0,0.0,0.0,0.0,0.0,,,,,,,,,,,,,,,,,,,,,,,,,"rgba(239, 83, 80, 1.0)"
2023-09-26 00:00:00+00:00,71.1648419469,71.6026734783,70.8499968007,70.997580463,484083,0.0,0.0,0.0,0.0,0.0,0.0,0.0,0.0,,,,,,,,,,,,,,,,,,,,,,,,,"rgba(239, 83, 80, 1.0)"
2023-09-27 00:00:00+00:00,69.7873944324,71.1796003131,69.6299718593,71.0270971954,480664,0.0,0.0,0.0,0.0,0.0,0.0,0.0,0.0,,,,,,,,,,,,,,,,,,,,,,,,,"rgba(239, 83, 80, 1.0)"
2023-09-28 00:00:00+00:00,68.4296247395,70.0136893812,67.8392900904,69.9448170055,538429,0.0,0.0,0.0,0.0,0.0,0.0,0.0,0.0,,,,,,,,,,,,,,,,,,,,,,,,,"rgba(239, 83, 80, 1.0)"
2023-09-29 00:00:00+00:00,68.7936644397,69.4036769105,67.9278402878,69.0888317643,407576,0.0,0.0,0.0,0.0,0.0,0.0,0.0,0.0,,,,,,,,,,,,,,,,,,,,,,,,,"rgba(239, 83, 80, 1.0)"
2023-10-02 00:00:00+00:00,67.0816939574,68.3902690962,66.3929702001,68.3804301854,641917,0.0,0.0,0.0,0.0,0.0,0.0,0.0,0.0,,,,,,,,,,,,,,,,,,,,,,,,,"rgba(239, 83, 80, 1.0)"
2023-10-03 00:00:00+00:00,66.1765141621,66.5995873273,65.4174421925,66.5995873273,453226,0.0,0.0,0.0,0.0,0.0,0.0,0.0,0.0,,,,,,,,,,,,,,,,,,,,,,,,,"rgba(239, 83, 80, 1.0)"
2023-10-04 00:00:00+00:00,67.6129951416,68.0163904851,66.0978028756,66.3240978244,433987,0.0,0.0,0.0,0.0,0.0,0.0,0.0,0.0,,,,,,,,,,,,,,,,,,,,,,,,,"rgba(239, 83, 80, 0.75)"
2023-10-05 00:00:00+00:00,64.995844864,67.5834784091,64.8285833801,67.1702441548,521230,0.0,0.0,0.0,0.0,0.0,0.0,0.0,0.0,,,,,,,,,,,,,,,,,,,,,,,,,"rgba(239, 83, 80, 0.75)"
2023-10-06 00:00:00+00:00,66.5405538624,66.7619293558,64.0562288809,64.5334160555,406184,0.0,0.0,0.0,0.0,0.0,0.0,0.0,0.0,,,,,,,,,,,,,,,,,,,,,,,,,"rgba(239, 83, 80, 0.75)"
2023-10-09 00:00:00+00:00,65.5173071373,66.6094262381,64.7301942719,65.7927966402,577071,0.0,0.0,0.0,0.0,0.0,0.0,0.0,0.0,,,,,,,,,,,,,,,,,,,,,,,,,"rgba(239, 83, 80, 0.75)"
2023-10-10 00:00:00+00:00,67.1800830656,67.4555725685,65.9207024809,65.9207024809,343305,0.0,0.0,0.0,0.0,0.0,0.0,0.0,0.0,,,,,,,,,,,,,,,,,,,,,,,,,"rgba(239, 83, 80, 0.75)"
2023-10-11 00:00:00+00:00,67.7605788038,67.8097733579,67.1505663331,67.4063780144,333754,0.0,0.0,0.0,0.0,0.0,0.0,0.0,0.0,,,,,,,,,,,,,,,,,,,,,,,,,"rgba(239, 83, 80, 0.5)"
2023-10-12 00:00:00+00:00,65.7042464429,66.7963655437,64.4743825906,66.7471709896,681430,0.0,0.0,0.0,0.0,0.0,0.0,0.0,0.0,,,,,,,,,,,,,,,,,,,,,,,,,"rgba(239, 83, 80, 0.5)"
2023-10-13 00:00:00+00:00,66.1371585189,66.5799095057,65.753440997,66.0289304999,309339,0.0,0.0,0.0,0.0,0.0,0.0,0.0,0.0,,,,,,,,,,,,,,,,,,,,,,,,,"rgba(239, 83, 80, 0.5)"
2023-10-16 00:00:00+00:00,67.1112106899,67.6621896957,65.5960184239,65.8419911943,459989,0.0,0.0,0.0,0.0,0.0,0.0,0.0,0.0,,,,,,,,,,,,,,,,,,,,,,,,,"rgba(239, 83, 80, 0.5)"
2023-10-17 00:00:00+00:00,67.4457336577,67.6621896957,65.969897035,66.1371585189,927072,0.0,0.0,0.0,0.0,0.0,0.0,0.0,0.0,,,,,,,,,,,,,,,,,,,,,,,,,"rgba(239, 83, 80, 0.5)"
2023-10-18 00:00:00+00:00,66.9045935627,67.4949282118,66.3142589136,67.1407274223,481165,0.0,0.0,0.0,0.0,0.0,0.0,0.0,0.0,,,,,,,,,,,,,,,,,,,,,,,,,"rgba(239, 83, 80, 0.5)"
2023-10-19 00:00:00+00:00,66.2453865379,67.1308885115,66.0092526782,66.6979764355,527035,0.0,0.0,0.0,0.0,0.0,0.0,0.0,0.0,,,,,,,,,,,,,,,,,,,,,,,,,"rgba(239, 83, 80, 0.5)"
2023-10-20 00:00:00+00:00,65.3894012967,67.0128215817,65.015916242,66.1666752513,1222633,0.0,0.0,0.0,0.0,0.0,0.0,0.0,0.0,,,,,,,,,,,,,,,,,,,,,,,,,"rgba(239, 83, 80, 0.5)"
2023-10-23 00:00:00+00:00,63.9529203173,65.7854174571,63.9332424956,65.6255351563,546433,0.0,0.0,0.0,0.0,0.0,0.0,0.0,0.0,,,,,,,,,,,,,,,,,,,,,,,,,"rgba(239, 83, 80, 0.5)"
2023-10-24 00:00:00+00:00,63.3133911141,64.8482612017,62.8017677516,64.7006775394,667580,0.0,0.0,0.0,0.0,0.0,0.0,0.0,0.0,,,,,,,,,,,,,,,,,,,,,,,,,"rgba(239, 83, 80, 0.5)"
2023-10-25 00:00:00+00:00,62.614828446,63.0575794328,62.1327218159,62.6345062676,623589,0.0,0.0,0.0,0.0,0.0,0.0,0.0,0.0,,,,,,,,,,,,,,,,,,,,,,,,,"rgba(239, 83, 80, 1.0)"
2023-10-26 00:00:00+00:00,62.4180502297,62.9788681463,62.2311109241,62.4377280513,358966,0.0,0.0,0.0,0.0,0.0,0.0,0.0,0.0,,,,,,,,,,,,,,,,,,,,,,,,,"rgba(239, 83, 80, 1.0)"
2023-10-27 00:00:00+00:00,60.4305902444,61.9457825104,60.1452618307,61.1193140017,584657,0.0,0.0,0.0,0.0,0.0,0.0,0.0,0.0,,,,,,,,,,,,,,,,,,,,,,,,,"rgba(239, 83, 80, 1.0)"
2023-10-30 00:00:00+00:00,60.3223622254,61.1881863774,59.6828330222,61.1881863774,284149,0.0,0.0,0.0,0.0,0.0,0.0,0.0,0.0,,,,,,,,,,,,,,,,,,,,,,,,,"rgba(239, 83, 80, 1.0)"
2023-10-31 00:00:00+00:00,60.5486571742,61.0504416259,60.1944563848,60.7355964798,457841,0.0,0.0,0.0,0.0,0.0,0.0,0.0,0.0,,,,,,,,,,,,,,,,,,,,,,,,,"rgba(239, 83, 80, 1.0)"
2023-11-01 00:00:00+00:00,60.6372073716,60.9422136069,59.6828330222,60.2534898497,669550,0.0,0.0,0.0,0.0,0.0,0.0,0.0,0.0,,,,,,,,,,,,,,,,,,,,,,,,,"rgba(239, 83, 80, 1.0)"
2023-11-02 00:00:00+00:00,62.614828446,62.9493514138,61.0799583584,61.0799583584,540253,0.0,0.0,0.0,0.0,0.0,0.0,0.0,0.0,,,,,,,,,,,,,,,,,,,,,,,,,"rgba(239, 83, 80, 0.75)"
2023-11-03 00:00:00+00:00,64.5137382339,65.2910121885,63.8348533874,63.8840479415,562130,0.0,0.0,0.0,0.0,0.0,0.0,0.0,0.0,,,,,,,,,,,,,,,,,,,,,,,,,"rgba(239, 83, 80, 0.5)"
2023-11-06 00:00:00+00:00,63.588880617,64.521117417,63.348811193,64.2480876418,523256,0.0,0.0,0.0,0.0,0.0,0.0,0.0,0.0,,,,,,,,,,,,,,,,,,,,,,,,,"rgba(239, 83, 80, 0.5)"
2023-11-07 00:00:00+00:00,63.3822634898,63.8446922983,63.0526599774,63.8446922983,278443,0.0,0.0,0.0,0.0,0.0,0.0,0.0,0.0,,,,,,,,,,,,,,,,,,,,,,,,,"rgba(239, 83, 80, 0.5)"
2023-11-08 00:00:00+00:00,61.4144813262,63.155968541,61.1911380506,63.155968541,530436,0.0,0.0,0.0,0.0,0.0,0.0,0.0,0.0,,,,,,,,,,,,,,,,,,,,,,,,,"rgba(239, 83, 80, 0.5)"
2023-11-09 00:00:00+00:00,61.532548256,63.4332290479,59.8697723278,60.2830065821,773836,0.0,0.0,0.0,0.0,0.0,0.0,0.0,0.0,,,,,,,,,,,,,,,,,,,,,,,,,"rgba(239, 83, 80, 0.5)"
2023-11-10 00:00:00+00:00,59.8205777737,61.4046424154,59.4860548059,61.3652867721,719058,0.0,0.0,0.0,0.0,0.0,0.0,0.0,0.0,,,,,,,,,,,,,,,,,,,,,,,,,"rgba(239, 83, 80, 0.5)"
2023-11-13 00:00:00+00:00,58.0594127373,59.318793322,57.7839232344,59.1515318381,888235,1.0,59.318794,57.783924,0.0,0.0,0.0,0.0,0.0,,,,,,,,,,58.387376431233335,,,,,,,,,,,,,58.387376431233335,,"rgba(239, 83, 80, 0.5)"
2023-11-14 00:00:00+00:00,63.2150020059,63.6479140819,59.6729941114,59.8008999521,871329,0.0,0.0,0.0,0.0,0.0,0.0,0.0,0.0,,,,,,,,,,60.264793250136286,,,,,,,,,,,,,60.264793250136286,,"rgba(239, 83, 80, 0.5)"
2023-11-15 00:00:00+00:00,64.0316316038,64.8089055584,63.1264518086,63.1264518086,572140,0.0,0.0,0.0,0.0,0.0,0.0,0.0,0.0,,,,,,,,,,61.17861659411627,,,,,,,,,,,,,61.17861659411627,,"rgba(239, 83, 80, 0.5)"
2023-11-16 00:00:00+00:00,64.3661545716,64.454704769,63.2937132925,63.4412969547,449776,0.0,0.0,0.0,0.0,0.0,0.0,0.0,0.0,,,,,,,,,,61.64102073974132,,,,,,,,,,,,,61.64102073974132,,#000000
2023-11-17 00:00:00+00:00,63.6479140819,64.9368113991,63.0182237896,64.7892277368,478508,0.0,0.0,0.0,0.0,0.0,0.0,0.0,0.0,,,,,,,,,,61.96785010160604,,,,,,,,,,,,,61.96785010160604,,#000000
2023-11-20 00:00:00+00:00,64.9466503099,65.1680258033,63.2150020059,63.7266253685,570203,0.0,0.0,0.0,0.0,0.0,0.0,0.0,0.0,,,,,,,,,,62.336360911126754,,,,,,,,,,,,,62.336360911126754,,"rgba(38, 166, 154, 1.0)"
2023-11-21 00:00:00+00:00,64.8187444693,64.9074562546,63.7049187203,64.4836110581,374257,0.0,0.0,0.0,0.0,0.0,0.0,0.0,0.0,,,,,,,,,,62.52691245663929,,,,,,,,,,,,,62.52691245663929,,"rgba(38, 166, 154, 1.0)"
2023-11-22 00:00:00+00:00,66.0409957336,66.4155566049,65.5185818867,65.597436807,563052,0.0,0.0,0.0,0.0,0.0,0.0,0.0,0.0,,,,,,,,,,62.936112662069135,,,,,,,,,,,,,62.936112662069135,,"rgba(38, 166, 154, 1.0)"
2023-11-24 00:00:00+00:00,65.4988681567,66.6225507706,65.3313014511,65.7551466476,196531,0.0,0.0,0.0,0.0,0.0,0.0,0.0,0.0,,,,,,,,,,63.050192604755495,,,,,,,,,,,,,63.050192604755495,,"rgba(38, 166, 154, 1.0)"
2023-11-27 00:00:00+00:00,64.5624659783,65.4027637226,64.2569031623,65.3411583161,448095,0.0,0.0,0.0,0.0,0.0,0.0,0.0,0.0,,,,,,,,,,63.190158455492146,,,,,,,,,,,,,63.190158455492146,,"rgba(38, 166, 154, 1.0)"
2023-11-28 00:00:00+00:00,66.3564154147,66.7506900161,64.4146130028,64.749746414,637383,0.0,0.0,0.0,0.0,0.0,0.0,0.0,0.0,,,,,,,,,,63.46940906133209,,,,,,,,,,,,,63.46940906133209,,"rgba(38, 166, 154, 1.0)"
2023-11-29 00:00:00+00:00,67.006968507,67.9729412804,66.4648409301,66.4648409301,493667,0.0,0.0,0.0,0.0,0.0,0.0,0.0,0.0,,,,,,,,,,63.746968840824195,,,,,,,,,,,,,63.746968840824195,,"rgba(38, 166, 154, 1.0)"
2023-11-30 00:00:00+00:00,66.3564154147,67.1351077524,65.7847172427,66.5634095804,496597,0.0,0.0,0.0,0.0,0.0,0.0,0.0,0.0,,,,,,,,,,63.93591066714185,,,,,,,,,,,,,63.93591066714185,,"rgba(38, 166, 154, 1.0)"
2023-12-01 00:00:00+00:00,68.6037806426,68.6432081028,65.7551466476,66.3465585497,598479,0.0,0.0,0.0,0.0,0.0,0.0,0.0,0.0,,,,,,,,,,64.22828189498237,,,,,,,,,,,,,64.22828189498237,,"rgba(38, 166, 154, 1.0)"
2023-12-04 00:00:00+00:00,68.8009179433,69.7274632566,68.2686472315,68.2686472315,461688,0.0,0.0,0.0,0.0,0.0,0.0,0.0,0.0,,,,,,,,,,64.496408384308,,,,,,,,,,,,,64.496408384308,,"rgba(38, 166, 154, 1.0)"
2023-12-05 00:00:00+00:00,67.7166627895,68.6136375077,67.4702411636,68.5840669126,358330,0.0,0.0,0.0,0.0,0.0,0.0,0.0,0.0,,,,,,,,,,64.64201948337046,,,,,,,,,,,,,64.64201948337046,,"rgba(38, 166, 154, 1.0)"
2023-12-06 00:00:00+00:00,68.6234943727,69.8753162321,68.1996491762,68.436213937,454127,0.0,0.0,0.0,0.0,0.0,0.0,0.0,0.0,,,,,,,,,,64.85895671881873,,,,,,,,,,,,,64.85895671881873,,"rgba(38, 166, 154, 1.0)"
2023-12-07 00:00:00+00:00,69.6091808762,70.1513084531,68.2341482038,68.6037806426,355357,0.0,0.0,0.0,0.0,0.0,0.0,0.0,0.0,,,,,,,,,,65.03045089679188,,,,,,,,,,,,,65.03045089679188,,"rgba(38, 166, 154, 1.0)"
2023-12-08 00:00:00+00:00,69.6683220664,69.9344574223,69.1163376245,69.4613279007,199121,0.0,0.0,0.0,0.0,0.0,0.0,0.0,0.0,,,,,,,,,,65.12599717718668,,,,,,,,,,,,,65.12599717718668,,"rgba(38, 166, 154, 1.0)"
2023-12-11 00:00:00+00:00,68.6530649678,69.6486083363,68.4066433419,68.988198379,433892,0.0,0.0,0.0,0.0,0.0,0.0,0.0,0.0,,,,,,,,,,65.29151086666664,,,,,,,,,,,,,65.29151086666664,,"rgba(38, 166, 154, 1.0)"
2023-12-12 00:00:00+00:00,68.3967864769,69.4317573056,67.6969490594,69.4120435755,309742,0.0,0.0,0.0,0.0,0.0,0.0,0.0,0.0,,,,,,,,,,65.38910011604511,,,,,,,,,,,,,65.38910011604511,,"rgba(38, 166, 154, 0.75)"
2023-12-13 00:00:00+00:00,72.2113932454,72.5958109818,68.140507986,68.3376452867,431703,0.0,0.0,0.0,0.0,0.0,0.0,0.0,0.0,,,,,,,,,,65.6160001296696,,,,,,,,,,,,,65.6160001296696,,"rgba(38, 166, 154, 1.0)"
2023-12-14 00:00:00+00:00,74.8530330747,77.0314002474,73.502642565,73.6899230006,793193,0.0,0.0,0.0,0.0,0.0,0.0,0.0,0.0,,,,,,,,,,66.27585126485188,,,,,,,,,,,,,66.27585126485188,,"rgba(38, 166, 154, 1.0)"
2023-12-15 00:00:00+00:00,74.8431762097,75.6612960076,74.1531956573,74.655895774,1105293,0.0,0.0,0.0,0.0,0.0,0.0,0.0,0.0,,,,,,,,,,67.03470972397632,,,,,,,,,,,,,67.03470972397632,,"rgba(38, 166, 154, 1.0)"
2023-12-18 00:00:00+00:00,73.1083679636,74.9417448601,72.9555865555,74.8924605349,434323,0.0,0.0,0.0,0.0,0.0,0.0,0.0,0.0,,,,,,,,,,67.25676998569337,,,,,,,,,,,,,67.25676998569337,,"rgba(38, 166, 154, 1.0)"
2023-12-19 00:00:00+00:00,74.5770408538,75.0600272405,73.6948514331,73.8772034363,354372,0.0,0.0,0.0,0.0,0.0,0.0,0.0,0.0,,,,,,,,,,67.4478472214598,,,,,,,,,,,,,67.4478472214598,,"rgba(38, 166, 154, 1.0)"
2023-12-20 00:00:00+00:00,72.4972423314,74.8234624796,72.4479580062,74.5474702587,447721,0.0,0.0,0.0,0.0,0.0,0.0,0.0,0.0,,,,,,,,,,67.63660452500106,,,,,,,,,,,,,67.63660452500106,,"rgba(38, 166, 154, 0.75)"
2023-12-21 00:00:00+00:00,73.5814974852,73.9067740314,72.9999424482,73.51249943,314046,0.0,0.0,0.0,0.0,0.0,0.0,0.0,0.0,,,,,,,,,,67.76719293004399,,,,,,,,,,,,,67.76719293004399,,"rgba(38, 166, 154, 0.75)"
2023-12-22 00:00:00+00:00,74.8037487496,75.7204371978,73.9363446265,73.9363446265,411185,0.0,0.0,0.0,0.0,0.0,0.0,0.0,0.0,,,,,,,,,,67.96716618929295,,,,,,,,,,,,,67.96716618929295,,"rgba(38, 166, 154, 0.75)"
2023-12-26 00:00:00+00:00,75.6612960076,76.0851412041,74.2221937125,74.655895774,201069,0.0,0.0,0.0,0.0,0.0,0.0,0.0,0.0,,,,,,,,,,68.06775544100807,,,,,,,,,,,,,68.06775544100807,,"rgba(38, 166, 154, 0.75)"
2023-12-27 00:00:00+00:00,75.8781470384,76.5089864006,75.3557331915,75.7500077929,184675,0.0,0.0,0.0,0.0,0.0,0.0,0.0,0.0,,,,,,,,,,68.16508549876505,,,,,,,,,,,,,68.16508549876505,,"rgba(38, 166, 154, 0.75)"
2023-12-28 00:00:00+00:00,75.9767156887,76.1442823943,75.3064488663,75.503586167,264150,0.0,0.0,0.0,0.0,0.0,0.0,0.0,0.0,,,,,,,,,,68.2983449708066,,,,,,,,,,,,,68.2983449708066,,"rgba(38, 166, 154, 0.75)"
2023-12-29 00:00:00+00:00,74.7051800992,75.9767156887,74.6657526391,75.6415822775,337193,0.0,0.0,0.0,0.0,0.0,0.0,0.0,0.0,,,,,,,,,,68.44675751661678,,,,,,,,,,,,,68.44675751661678,,"rgba(38, 166, 154, 0.75)"
2024-01-02 00:00:00+00:00,75.3360194615,75.779578388,74.0349132768,74.5671839887,356094,0.0,0.0,0.0,0.0,0.0,0.0,0.0,0.0,,,,,,,,,,68.59515496953487,,,,,,,,,,,,,68.59515496953487,,"rgba(38, 166, 154, 0.75)"
2024-01-03 00:00:00+00:00,74.4193310132,74.9811723202,73.4435013748,74.4587584733,441516,0.0,0.0,0.0,0.0,0.0,0.0,0.0,0.0,,,,,,,,,,68.74929833205498,,,,,,,,,,,,,68.74929833205498,,"rgba(38, 166, 154, 0.75)"
2024-01-04 00:00:00+00:00,73.6603524055,74.2616211727,72.3986736811,74.1334819272,445196,0.0,0.0,0.0,0.0,0.0,0.0,0.0,0.0,,,,,,,,,,68.87410994853924,,,,,,,,,,,,,68.87410994853924,,"rgba(38, 166, 154, 0.75)"
2024-01-05 00:00:00+00:00,72.2311069755,74.2024799824,72.1325383251,72.950658123,382874,0.0,0.0,0.0,0.0,0.0,0.0,0.0,0.0,,,,,,,,,,68.96317293050691,,,,,,,,,,,,,68.96317293050691,,"rgba(38, 166, 154, 0.75)"
2024-01-08 00:00:00+00:00,72.6450953069,72.8915169328,71.2947047972,71.5904107482,299429,0.0,0.0,0.0,0.0,0.0,0.0,0.0,0.0,,,,,,,,,,69.02015333377672,,,,,,,,,,,,,69.02015333377672,,#000000
2024-01-09 00:00:00+00:00,71.4622715028,72.369103086,71.2059930118,71.817118644,398583,0.0,0.0,0.0,0.0,0.0,0.0,0.0,0.0,,,,,,,,,,69.07964991172378,,,,,,,,,,,,,69.07964991172378,,#000000
2024-01-10 00:00:00+00:00,70.4371575391,71.4622715028,70.0724535328,71.1961361468,472682,0.0,0.0,0.0,0.0,0.0,0.0,0.0,0.0,,,,,,,,,,69.1204314913536,,,,,,,,,,,,,69.1204314913536,,"rgba(239, 83, 80, 1.0)"
2024-01-11 00:00:00+00:00,69.6190377412,69.9837417475,68.1700785811,69.9837417475,529006,0.0,0.0,0.0,0.0,0.0,0.0,0.0,0.0,,,,,,,,,,69.12428872914278,,,,,,,,,,,,,69.12428872914278,,"rgba(239, 83, 80, 1.0)"
2024-01-12 00:00:00+00:00,68.9487709189,70.7230066251,68.5249257224,70.387873214,360265,0.0,0.0,0.0,0.0,0.0,0.0,0.0,0.0,,,,,,,,,,69.12944819847644,,,,,,,,,,,,,69.12944819847644,,"rgba(239, 83, 80, 1.0)"
2024-01-16 00:00:00+00:00,66.0804231937,68.3277884217,66.0607094636,68.3277884217,596772,0.0,0.0,0.0,0.0,0.0,0.0,0.0,0.0,,,,,,,,,,69.05983207893283,,,,,,,,,,,,,69.05983207893283,,"rgba(239, 83, 80, 1.0)"
2024-01-17 00:00:00+00:00,65.2327328007,65.7058623224,64.5082532207,65.2031622056,566822,0.0,0.0,0.0,0.0,0.0,0.0,0.0,0.0,,,,,,,,,,68.95083900290203,,,,,,,,,,,,,68.95083900290203,,"rgba(239, 83, 80, 1.0)"
2024-01-18 00:00:00+00:00,65.7354329175,66.1395643839,64.6042590861,65.6960054574,509933,0.0,0.0,0.0,0.0,0.0,0.0,0.0,0.0,,,,,,,,,,68.86626630747755,,,,,,,,,,,,,68.86626630747755,,"rgba(239, 83, 80, 1.0)"
2024-01-19 00:00:00+00:00,65.7452897825,65.7945741077,64.2667600273,65.7945741077,525819,0.0,0.0,0.0,0.0,0.0,0.0,0.0,0.0,,,,,,,,,,68.777769093324,,,,,,,,,,,,,68.777769093324,,"rgba(239, 83, 80, 1.0)"
2024-01-22 00:00:00+00:00,66.3761291448,67.5096686238,65.6270074021,66.1099937888,378187,0.0,0.0,0.0,0.0,0.0,0.0,0.0,0.0,,,,,,,,,,68.73824241535755,,,,,,,,,,,,,68.73824241535755,,"rgba(239, 83, 80, 1.0)"
2024-01-23 00:00:00+00:00,65.5284387518,67.3125313231,65.5185818867,67.3125313231,517370,0.0,0.0,0.0,0.0,0.0,0.0,0.0,0.0,,,,,,,,,,68.67741266402223,,,,,,,,,,,,,68.67741266402223,,"rgba(239, 83, 80, 1.0)"
2024-01-24 00:00:00+00:00,64.5526091133,66.5042683902,64.3850424077,66.4944115252,547456,0.0,0.0,0.0,0.0,0.0,0.0,0.0,0.0,,,,,,,,,,68.59271525432672,,,,,,,,,,,,,68.59271525432672,,"rgba(239, 83, 80, 1.0)"
2024-01-25 00:00:00+00:00,65.3904426413,66.1987055741,64.6018934385,65.0553092301,562123,0.0,0.0,0.0,0.0,0.0,0.0,0.0,0.0,,,,,,,,,,68.51587987684863,,,,,,,,,,,,,68.51587987684863,,"rgba(239, 83, 80, 1.0)"
2024-01-26 00:00:00+00:00,64.1583345119,66.1789918441,64.0893364567,66.0311388685,312318,0.0,0.0,0.0,0.0,0.0,0.0,0.0,0.0,,,,,,,,,,68.46701247758776,,,,,,,,,,,,,68.46701247758776,,"rgba(239, 83, 80, 1.0)"
2024-01-29 00:00:00+00:00,65.1735916105,65.2130190706,63.5817079074,64.3259012175,422101,0.0,0.0,0.0,0.0,0.0,0.0,0.0,0.0,,,,,,,,,,68.40030480487219,,,,,,,,,,,,,68.40030480487219,,"rgba(239, 83, 80, 0.75)"
2024-01-30 00:00:00+00:00,64.7004620888,65.2623033958,64.4343267329,64.9271699846,576178,0.0,0.0,0.0,0.0,0.0,0.0,0.0,0.0,,,,,,,,,,68.31626423061944,,,,,,,,,,,,,68.31626423061944,,"rgba(239, 83, 80, 0.75)"
2024-01-31 00:00:00+00:00,63.7542030455,65.6368642671,63.5077814196,65.1735916105,561797,0.0,0.0,0.0,0.0,0.0,0.0,0.0,0.0,,,,,,,,,,68.22690319035054,,,,,,,,,,,,,68.22690319035054,,"rgba(239, 83, 80, 0.75)"
2024-02-01 00:00:00+00:00,65.4397269664,65.587579942,64.0794795916,64.4343267329,373171,0.0,0.0,0.0,0.0,0.0,0.0,0.0,0.0,,,,,,,,,,68.18042913301073,,,,,,,,,,,,,68.18042913301073,,"rgba(239, 83, 80, 0.75)"
2024-02-02 00:00:00+00:00,64.6117503035,65.1864055351,63.1233636833,64.1287639168,364561,0.0,0.0,0.0,0.0,0.0,0.0,0.0,0.0,,,,,,,,,,68.12609842197344,,,,,,,,,,,,,68.12609842197344,,"rgba(239, 83, 80, 0.75)"
2024-02-05 00:00:00+00:00,63.2909303888,63.8823422909,62.6502341616,63.4979245546,386643,0.0,0.0,0.0,0.0,0.0,0.0,0.0,0.0,,,,,,,,,,68.05498027061616,,,,,,,,,,,,,68.05498027061616,,"rgba(239, 83, 80, 0.75)"
2024-02-06 00:00:00+00:00,64.6314640336,64.7793170091,62.9459401126,63.1627911434,467496,0.0,0.0,0.0,0.0,0.0,0.0,0.0,0.0,,,,,,,,,,67.98643197118164,,,,,,,,,,,,,67.98643197118164,,"rgba(239, 83, 80, 0.75)"
2024-02-07 00:00:00+00:00,64.5526091133,65.4101563713,64.1287639168,65.0750229602,482971,0.0,0.0,0.0,0.0,0.0,0.0,0.0,0.0,,,,,,,,,,67.9282980034022,,,,,,,,,,,,,67.9282980034022,,"rgba(239, 83, 80, 0.75)"
2024-02-08 00:00:00+00:00,63.1233636833,64.0499089965,62.6709335782,64.0499089965,377567,0.0,0.0,0.0,0.0,0.0,0.0,0.0,0.0,,,,,,,,,,67.86496810066538,,,,,,,,,,,,,67.86496810066538,,"rgba(239, 83, 80, 0.75)"
2024-02-09 00:00:00+00:00,64.1386207818,64.4934679231,63.2022186035,63.2317891986,320302,0.0,0.0,0.0,0.0,0.0,0.0,0.0,0.0,,,,,,,,,,67.82016301114086,,,,,,,,,,,,,67.82016301114086,,"rgba(239, 83, 80, 0.75)"
2024-02-12 00:00:00+00:00,66.5732664455,67.0266822371,64.3948992728,64.3948992728,363605,0.0,0.0,0.0,0.0,0.0,0.0,0.0,0.0,,,,,,,,,,67.79682785083017,,,,,,,,,,,,,67.79682785083017,,"rgba(239, 83, 80, 0.75)"
2024-02-13 00:00:00+00:00,63.4092127693,65.0208102025,63.1430774133,64.5526091133,450002,0.0,0.0,0.0,0.0,0.0,0.0,0.0,0.0,,,,,,,,,,67.73536038791036,,,,,,,,,,,,,67.73536038791036,,"rgba(239, 83, 80, 0.75)"
2024-02-14 00:00:00+00:00,64.4047561378,64.8384581993,63.483139257,63.9809109413,341952,0.0,0.0,0.0,0.0,0.0,0.0,0.0,0.0,,,,,,,,,,67.69442439961112,,,,,,,,,,,,,67.69442439961112,,"rgba(239, 83, 80, 0.75)"
2024-02-15 00:00:00+00:00,66.3958428748,66.6619782308,64.454040463,64.5723228434,374285,0.0,0.0,0.0,0.0,0.0,0.0,0.0,0.0,,,,,,,,,,67.67090519229852,,,,,,,,,,,,,67.67090519229852,,#000000
2024-02-16 00:00:00+00:00,66.159278114,67.3421019182,65.2869455584,65.5284387518,405424,0.0,0.0,0.0,0.0,0.0,0.0,0.0,0.0,,,,,,,,,,67.65185008578933,,,,,,,,,,,,,67.65185008578933,,#000000
2024-02-20 00:00:00+00:00,65.883285893,66.5239821203,65.3411583161,65.6960054574,441548,0.0,0.0,0.0,0.0,0.0,0.0,0.0,0.0,,,,,,,,,,67.6266408398782,,,,,,,,,,,,,67.6266408398782,,#000000
2024-02-21 00:00:00+00:00,66.2578467643,66.312059522,64.7645317116,65.0060249049,681709,0.0,0.0,0.0,0.0,0.0,0.0,0.0,0.0,,,,,,,,,,67.58610009712251,,,,,,,,,,,,,67.58610009712251,,#000000
2024-02-22 00:00:00+00:00,63.0740793581,64.8187444693,61.8222574987,63.8724854259,1034370,0.0,0.0,0.0,0.0,0.0,0.0,0.0,0.0,,,,,,,,,,67.4460778909818,,,,,,,,,,,,,67.4460778909818,,#000000
2024-02-23 00:00:00+00:00,63.5077814196,64.178048242,62.5122380511,63.1282921158,428699,0.0,0.0,0.0,0.0,0.0,0.0,0.0,0.0,,,,,,,,,,67.39277450756374,,,,,,,,,,,,,67.39277450756374,,"rgba(239, 83, 80, 0.5)"
2024-02-26 00:00:00+00:00,62.9163695175,64.3948992728,62.3840988056,63.2909303888,673164,0.0,0.0,0.0,0.0,0.0,0.0,0.0,0.0,,,,,,,,,,67.30845559573858,,,,,,,,,,,,,67.30845559573858,,"rgba(239, 83, 80, 1.0)"
2024-02-27 00:00:00+00:00,64.0499089965,64.3061874874,63.0247950329,63.616206935,419943,0.0,0.0,0.0,0.0,0.0,0.0,0.0,0.0,,,,,,,,,,67.26457765116893,,,,,,,,,,,,,67.26457765116893,,"rgba(239, 83, 80, 0.5)"
2024-02-28 00:00:00+00:00,63.5669226098,64.0400521315,63.2317891986,63.616206935,378388,0.0,0.0,0.0,0.0,0.0,0.0,0.0,0.0,,,,,,,,,,67.22395936170186,,,,,,,,,,,,,67.22395936170186,,"rgba(239, 83, 80, 0.5)"
2024-02-29 00:00:00+00:00,64.2174757021,65.311587721,63.6359206651,64.3751855427,834209,0.0,0.0,0.0,0.0,0.0,0.0,0.0,0.0,,,,,,,,,,67.15608630542778,,,,,,,,,,,,,67.15608630542778,,"rgba(239, 83, 80, 0.5)"
2024-03-01 00:00:00+00:00,64.8680287944,65.5382956168,63.12287084,64.2076188371,392610,0.0,0.0,0.0,0.0,0.0,0.0,0.0,0.0,,,,,,,,,,67.12660700683254,,,,,,,,,,,,,67.12660700683254,,#000000
2024-03-04 00:00:00+00:00,64.7300326839,65.2130190706,63.9759825088,64.6708914937,385339,0.0,0.0,0.0,0.0,0.0,0.0,0.0,0.0,,,,,,,,,,67.09971076499954,,,,,,,,,,,,,67.09971076499954,,#000000
2024-03-05 00:00:00+00:00,63.7049187203,65.2454500054,63.3444739004,64.8603171842,486943,0.0,0.0,0.0,0.0,0.0,0.0,0.0,0.0,,,,,,,,,,67.05924419294576,,,,,,,,,,,,,67.05924419294576,,#000000
2024-03-06 00:00:00+00:00,64.2085539481,64.820816382,64.1591779454,64.5146851651,256568,0.0,0.0,0.0,0.0,0.0,0.0,0.0,0.0,,,,,,,,,,67.04045969842905,,,,,,,,,,,,,67.04045969842905,,#000000
2024-03-07 00:00:00+00:00,64.9491939891,65.4873924188,64.1048643424,64.4455587612,362061,0.0,0.0,0.0,0.0,0.0,0.0,0.0,0.0,,,,,,,,,,67.01884267457852,,,,,,,,,,,,,67.01884267457852,,#000000
2024-03-08 00:00:00+00:00,67.9611301555,68.2178853697,65.6602084284,65.6602084284,612992,0.0,0.0,0.0,0.0,0.0,0.0,0.0,0.0,,,,,,,,,,67.02312474449293,,,,,,,,,,,,,67.02312474449293,,"rgba(38, 166, 154, 1.0)"
2024-03-11 00:00:00+00:00,66.9143588977,68.9387750095,66.5193508758,67.9611301555,514564,0.0,0.0,0.0,0.0,0.0,0.0,0.0,0.0,,,,,,,,,,67.0290278960845,,,,,,,,,,,,,67.0290278960845,,"rgba(38, 166, 154, 1.0)"
2024-03-12 00:00:00+00:00,64.7023139754,66.1144676535,64.5048099645,66.1144676535,420359,0.0,0.0,0.0,0.0,0.0,0.0,0.0,0.0,,,,,,,,,,67.00792582906057,,,,,,,,,,,,,67.00792582906057,,"rgba(38, 166, 154, 0.75)"
2024-03-13 00:00:00+00:00,63.8925475307,65.0825091964,63.734544322,64.2085539481,338245,0.0,0.0,0.0,0.0,0.0,0.0,0.0,0.0,,,,,,,,,,66.98365421698976,,,,,,,,,,,,,66.98365421698976,,#000000
2024-03-14 00:00:00+00:00,63.1321570887,64.0900515416,62.2532642401,64.0900515416,363689,0.0,0.0,0.0,0.0,0.0,0.0,0.0,0.0,,,,,,,,,,66.947969775443,,,,,,,,,,,,,66.947969775443,,#000000
2024-03-15 00:00:00+00:00,63.0235298827,63.8234211269,62.4754562524,62.7865250696,730894,0.0,0.0,0.0,0.0,0.0,0.0,0.0,0.0,,,,,,,,,,66.87729339974871,,,,,,,,,,,,,66.87729339974871,,"rgba(239, 83, 80, 0.5)"
2024-03-18 00:00:00+00:00,62.6877730641,63.3296610996,62.2236386385,63.2309090941,283399,0.0,0.0,0.0,0.0,0.0,0.0,0.0,0.0,,,,,,,,,,66.84803027186094,,,,,,,,,,,,,66.84803027186094,,"rgba(239, 83, 80, 0.5)"
2024-03-19 00:00:00+00:00,63.7444195225,64.3764323574,62.8161506712,62.8556514734,349681,0.0,0.0,0.0,0.0,0.0,0.0,0.0,0.0,,,,,,,,,,66.82027749191298,,,,,,,,,,,,,66.82027749191298,,"rgba(239, 83, 80, 0.5)"
2024-03-20 00:00:00+00:00,65.038070794,65.5417060218,63.5864163138,63.7937955252,386840,0.0,0.0,0.0,0.0,0.0,0.0,0.0,0.0,,,,,,,,,,66.800352367883,,,,,,,,,,,,,66.800352367883,,#000000
2024-03-21 00:00:00+00:00,65.4528292169,66.1638436562,64.8998179863,65.3837028131,405285,0.0,0.0,0.0,0.0,0.0,0.0,0.0,0.0,,,,,,,,,,66.78759672317129,,,,,,,,,,,,,66.78759672317129,,#000000
2024-03-22 00:00:00+00:00,65.4824548185,65.8774628404,65.1121347981,65.8774628404,355138,0.0,0.0,0.0,0.0,0.0,0.0,0.0,0.0,,,,,,,,,,66.77649742152585,,,,,,,,,,,,,66.77649742152585,,#000000
2024-03-25 00:00:00+00:00,64.8109411814,66.1737188567,64.7220643765,65.5417060218,322539,0.0,0.0,0.0,0.0,0.0,0.0,0.0,0.0,,,,,,,,,,66.7646127194453,,,,,,,,,,,,,66.7646127194453,,#000000
2024-03-26 00:00:00+00:00,64.4159331596,65.0084451923,63.4185379045,64.5838115689,509182,0.0,0.0,0.0,0.0,0.0,0.0,0.0,0.0,,,,,,,,,,66.73473612614822,,,,,,,,,,,,,66.73473612614822,,#000000
2024-03-27 00:00:00+00:00,65.4627044174,65.5022052196,64.5689987681,64.9689443902,639134,0.0,0.0,0.0,0.0,0.0,0.0,0.0,0.0,,,,,,,,,,66.71157945515358,,,,,,,,,,,,,66.71157945515358,,#000000
2024-03-28 00:00:00+00:00,65.363952412,66.4107236698,65.2256996044,65.3442020109,456218,0.0,0.0,0.0,0.0,0.0,0.0,0.0,0.0,,,,,,,,,,66.70060269528311,,,,,,,,,,,,,66.70060269528311,,"rgba(38, 166, 154, 1.0)"
2024-04-01 00:00:00+00:00,64.277680352,65.4627044174,63.4777891078,65.1368227994,346994,0.0,0.0,0.0,0.0,0.0,0.0,0.0,0.0,,,,,,,,,,66.68241257220154,,,,,,,,,,,,,66.68241257220154,,#000000
2024-04-02 00:00:00+00:00,63.0136546821,63.4382883056,62.5495202565,62.9346530777,414726,0.0,0.0,0.0,0.0,0.0,0.0,0.0,0.0,,,,,,,,,,66.64785384312256,,,,,,,,,,,,,66.64785384312256,,"rgba(239, 83, 80, 0.5)"
2024-04-03 00:00:00+00:00,63.5567907121,63.7147939209,62.233513839,62.559395457,386520,0.0,0.0,0.0,0.0,0.0,0.0,0.0,0.0,,,,,,,,,,66.61768030052208,,,,,,,,,,,,,66.61768030052208,,"rgba(239, 83, 80, 0.5)"
2024-04-04 00:00:00+00:00,63.3296610996,64.494934764,63.2802850968,63.5567907121,337230,0.0,0.0,0.0,0.0,0.0,0.0,0.0,0.0,,,,,,,,,,66.59578317062588,,,,,,,,,,,,,66.59578317062588,,"rgba(239, 83, 80, 0.5)"
2024-04-05 00:00:00+00:00,62.9346530777,63.734544322,62.6087714597,62.9741538799,264014,0.0,0.0,0.0,0.0,0.0,0.0,0.0,0.0,,,,,,,,,,66.57530917152309,,,,,,,,,,,,,66.57530917152309,,"rgba(239, 83, 80, 0.5)"
2024-04-08 00:00:00+00:00,64.0308003383,64.3023683533,63.2012834925,63.3296610996,334325,0.0,0.0,0.0,0.0,0.0,0.0,0.0,0.0,,,,,,,,,,66.55524934300651,,,,,,,,,,,,,66.55524934300651,,"rgba(239, 83, 80, 0.5)"
2024-04-09 00:00:00+00:00,65.5713316235,65.581206824,64.06042594,64.1888035471,446116,0.0,0.0,0.0,0.0,0.0,0.0,0.0,0.0,,,,,,,,,,66.54084017481999,,,,,,,,,,,,,66.54084017481999,,#000000
2024-04-10 00:00:00+00:00,63.7839203247,64.2283043492,62.9840290805,64.1986787476,521467,0.0,0.0,0.0,0.0,0.0,0.0,0.0,0.0,,,,,,,,,,66.50857687797274,,,,,,,,,,,,,66.50857687797274,,#000000
2024-04-11 00:00:00+00:00,65.255325206,65.4281412155,63.3592867012,64.5640611678,610455,0.0,0.0,0.0,0.0,0.0,0.0,0.0,0.0,,,,,,,,,,66.48488160151783,,,,,,,,,,,,,66.48488160151783,,#000000
2024-04-12 00:00:00+00:00,63.4975395089,65.6997092305,63.0926562865,65.1664484011,743021,0.0,0.0,0.0,0.0,0.0,0.0,0.0,0.0,,,,,,,,,,66.44777993617865,,,,,,,,,,,,,66.44777993617865,,#000000
2024-04-15 00:00:00+00:00,60.2090977271,63.5765411132,59.5474592906,63.5765411132,906048,0.0,0.0,0.0,0.0,0.0,0.0,0.0,0.0,,,,,,,,,,66.3485618587209,,,,,,,,,,,,,66.3485618587209,,"rgba(239, 83, 80, 0.5)"
2024-04-16 00:00:00+00:00,59.1919520709,59.9424673124,58.668566442,59.7745889031,504475,0.0,0.0,0.0,0.0,0.0,0.0,0.0,0.0,,,,,,,,,,66.27601500375717,,,,,,,,,,,,,66.27601500375717,,"rgba(239, 83, 80, 1.0)"
2024-04-17 00:00:00+00:00,61.3348705893,62.1150114325,58.8216320505,59.3104544775,842704,0.0,0.0,0.0,0.0,0.0,0.0,0.0,0.0,,,,,,,,,,66.18315177866312,,,,,,,,,,,,,66.18315177866312,,"rgba(239, 83, 80, 1.0)"
2024-04-18 00:00:00+00:00,62.1347618335,62.342141045,61.0879905757,61.9570082237,663371,0.0,0.0,0.0,0.0,0.0,0.0,0.0,0.0,,,,,,,,,,66.12657107469927,,,,,,,,,,,,,66.12657107469927,,"rgba(239, 83, 80, 1.0)"
2024-04-19 00:00:00+00:00,62.9544034788,62.9840290805,61.5620002019,61.8286306166,1245329,0.0,0.0,0.0,0.0,0.0,0.0,0.0,0.0,,,,,,,,,,66.03970712919086,,,,,,,,,,,,,66.03970712919086,,"rgba(239, 83, 80, 0.75)"
2024-04-22 00:00:00+00:00,63.7641699236,64.0801763411,63.0432802838,63.6160419154,413702,0.0,0.0,0.0,0.0,0.0,0.0,0.0,0.0,,,,,,,,,,66.02067756438292,,,,,,,,,,,,,66.02067756438292,,#000000
2024-04-23 00:00:00+00:00,64.3566819563,64.7615651787,63.6950435198,63.6950435198,357220,0.0,0.0,0.0,0.0,0.0,0.0,0.0,0.0,,,,,,,,,,66.0088320542945,,,,,,,,,,,,,66.0088320542945,,#000000
2024-04-24 00:00:00+00:00,64.1789283465,64.3171811541,63.4086627039,63.9419235334,452701,0.0,0.0,0.0,0.0,0.0,0.0,0.0,0.0,,,,,,,,,,65.99147254092728,,,,,,,,,,,,,65.99147254092728,,#000000
2024-04-25 00:00:00+00:00,62.9840290805,63.8826723301,62.3618914461,63.5567907121,462673,0.0,0.0,0.0,0.0,0.0,0.0,0.0,0.0,,,,,,,,,,65.96634398114702,,,,,,,,,,,,,65.96634398114702,,#000000
2024-04-26 00:00:00+00:00,62.3223906439,63.1222818881,61.7298786112,62.7568994679,686341,0.0,0.0,0.0,0.0,0.0,0.0,0.0,0.0,,,,,,,,,,65.9212113182607,,,,,,,,,,,,,65.9212113182607,,#000000
2024-04-29 00:00:00+00:00,63.6752931187,63.9419235334,62.8457762728,62.885277075,528398,0.0,0.0,0.0,0.0,0.0,0.0,0.0,0.0,,,,,,,,,,65.89778543212361,,,,,,,,,,,,,65.89778543212361,,#000000
2024-04-30 00:00:00+00:00,63.0334050832,63.1963458922,62.5297698554,62.885277075,374235,0.0,0.0,0.0,0.0,0.0,0.0,0.0,0.0,,,,,,,,,,65.87762010057085,,,,,,,,,,,,,65.87762010057085,,#000000
2024-05-01 00:00:00+00:00,64.9195683874,65.9959652469,63.3247234993,63.5567907121,384886,0.0,0.0,0.0,0.0,0.0,0.0,0.0,0.0,,,,,,,,,,65.8697988873392,,,,,,,,,,,,,65.8697988873392,,#000000
2024-05-02 00:00:00+00:00,65.8774628404,66.4205988704,65.2059492033,66.3218468649,438382,0.0,0.0,0.0,0.0,0.0,0.0,0.0,0.0,,,,,,,,,,65.86952432824243,,,,,,,,,,,,,65.86952432824243,,"rgba(38, 166, 154, 1.0)"
2024-05-03 00:00:00+00:00,66.6576036835,67.4031813247,66.1194052537,66.9637349004,277926,0.0,0.0,0.0,0.0,0.0,0.0,0.0,0.0,,,,,,,,,,65.87375091802411,,,,,,,,,,,,,65.87375091802411,,"rgba(38, 166, 154, 1.0)"
2024-05-06 00:00:00+00:00,66.7958564911,67.5858725348,66.4749124734,67.101987708,346562,0.0,0.0,0.0,0.0,0.0,0.0,0.0,0.0,,,,,,,,,,65.88034113919919,,,,,,,,,,,,,65.88034113919919,,"rgba(38, 166, 154, 1.0)"
2024-05-07 00:00:00+00:00,67.1908645129,68.4351397817,67.101987708,67.2402405157,589854,0.0,0.0,0.0,0.0,0.0,0.0,0.0,0.0,,,,,,,,,,65.89779544449266,,,,,,,,,,,,,65.89779544449266,,"rgba(38, 166, 154, 1.0)"
2024-05-08 00:00:00+00:00,67.6352485375,67.9808805566,66.3020964638,66.7069796862,349123,0.0,0.0,0.0,0.0,0.0,0.0,0.0,0.0,,,,,,,,,,65.90632349375099,,,,,,,,,,,,,65.90632349375099,,"rgba(38, 166, 154, 1.0)"
2024-05-09 00:00:00+00:00,68.0697573615,70.3805542892,66.7168548868,69.7189158526,745494,0.0,0.0,0.0,0.0,0.0,0.0,0.0,0.0,,,,,,,,,,65.93801745442407,,,,,,,,,,,,,65.93801745442407,,"rgba(38, 166, 154, 1.0)"
2024-05-10 00:00:00+00:00,69.4127846357,69.4325350368,67.9710053561,68.5536421883,358906,0.0,0.0,0.0,0.0,0.0,0.0,0.0,0.0,,,,,,,,,,65.95634706321641,,,,,,,,,,,,,65.95634706321641,,"rgba(38, 166, 154, 1.0)"
2024-05-13 00:00:00+00:00,69.7682918554,70.4891814952,69.6004134461,69.689290251,321631,0.0,0.0,0.0,0.0,0.0,0.0,0.0,0.0,,,,,,,,,,65.9781033495938,,,,,,,,,,,,,65.9781033495938,,"rgba(38, 166, 154, 1.0)"
2024-05-14 00:00:00+00:00,72.2864679945,72.7209768185,70.7558119099,70.8940647176,711471,0.0,0.0,0.0,0.0,0.0,0.0,0.0,0.0,,,,,,,,,,66.04882192474133,,,,,,,,,,,,,66.04882192474133,,"rgba(38, 166, 154, 1.0)"
2024-05-15 00:00:00+00:00,72.1975911896,73.9257512851,71.6100167571,73.47149206,464193,0.0,0.0,0.0,0.0,0.0,0.0,0.0,0.0,,,,,,,,,,66.09912054095388,,,,,,,,,,,,,66.09912054095388,,"rgba(38, 166, 154, 1.0)"
2024-05-16 00:00:00+00:00,71.5754535552,71.8815847722,70.9977543233,71.5952039563,371717,0.0,0.0,0.0,0.0,0.0,0.0,0.0,0.0,,,,,,,,,,66.13214271214127,,,,,,,,,,,,,66.13214271214127,,"rgba(38, 166, 154, 1.0)"
2024-05-17 00:00:00+00:00,71.5853287558,71.5853287558,70.7953127121,71.2199463356,332294,0.0,0.0,0.0,0.0,0.0,0.0,0.0,0.0,,,,,,,,,,66.16043351907378,,,,,,,,,,,,,66.16043351907378,,"rgba(38, 166, 154, 1.0)"
2024-05-20 00:00:00+00:00,70.4694310941,70.5484326985,68.8696486057,69.2054054243,546819,0.0,0.0,0.0,0.0,0.0,0.0,0.0,0.0,,,,,,,,,,66.19423639093802,,,,,,,,,,,,,66.19423639093802,,"rgba(38, 166, 154, 0.75)"
2024-05-21 00:00:00+00:00,71.4372007476,71.7240574108,70.1611831768,70.1809663949,307205,0.0,0.0,0.0,0.0,0.0,0.0,0.0,0.0,,,,,,,,,,66.21865509585726,,,,,,,,,,,,,66.21865509585726,,"rgba(38, 166, 154, 0.75)"
2024-05-22 00:00:00+00:00,72.2977707372,72.9901833725,70.907999662,71.0909944299,323099,0.0,0.0,0.0,0.0,0.0,0.0,0.0,0.0,,,,,,,,,,66.24905732865483,,,,,,,,,,,,,66.24905732865483,,"rgba(38, 166, 154, 0.75)"
2024-05-23 00:00:00+00:00,71.7636238471,72.3175539554,70.576630758,72.2779875191,411689,0.0,0.0,0.0,0.0,0.0,0.0,0.0,0.0,,,,,,,,,,66.28396568268826,,,,,,,,,,,,,66.28396568268826,,"rgba(38, 166, 154, 0.75)"
2024-05-24 00:00:00+00:00,72.7527847547,73.1385575087,71.358067875,72.139504992,363729,0.0,0.0,0.0,0.0,0.0,0.0,0.0,0.0,,,,,,,,,,66.31942181559636,,,,,,,,,,,,,66.31942181559636,,"rgba(38, 166, 154, 0.75)"
2024-05-28 00:00:00+00:00,73.1682323359,73.8458075576,72.9110504999,73.1979071631,425582,0.0,0.0,0.0,0.0,0.0,0.0,0.0,0.0,,,,,,,,,,66.36638334035572,,,,,,,,,,,,,66.36638334035572,,"rgba(38, 166, 154, 0.75)"
2024-05-29 00:00:00+00:00,72.3472287826,72.7132183184,71.7735154562,72.1197217738,395784,0.0,0.0,0.0,0.0,0.0,0.0,0.0,0.0,,,,,,,,,,66.40309513980563,,,,,,,,,,,,,66.40309513980563,,"rgba(38, 166, 154, 0.75)"
2024-05-30 00:00:00+00:00,74.4442499067,74.6915401336,72.3867952189,72.663760273,394865,0.0,0.0,0.0,0.0,0.0,0.0,0.0,0.0,,,,,,,,,,66.44889359395472,,,,,,,,,,,,,66.44889359395472,,"rgba(38, 166, 154, 0.75)"
2024-05-31 00:00:00+00:00,74.5827324338,75.3246031145,74.0980435891,74.8003478335,472717,0.0,0.0,0.0,0.0,0.0,0.0,0.0,0.0,,,,,,,,,,66.50904143591768,,,,,,,,,,,,,66.50904143591768,,"rgba(38, 166, 154, 0.75)"
2024-06-03 00:00:00+00:00,75.0872044967,75.651026214,74.3354422069,74.7212149609,373918,0.0,0.0,0.0,0.0,0.0,0.0,0.0,0.0,,,,,,,,,,66.55804760289918,,,,,,,,,,,,,66.55804760289918,,"rgba(38, 166, 154, 1.0)"
2024-06-04 00:00:00+00:00,74.6222988701,75.4185734007,74.2662009434,74.8300226607,388818,0.0,0.0,0.0,0.0,0.0,0.0,0.0,0.0,,,,,,,,,,66.60689184660225,,,,,,,,,,,,,66.60689184660225,,"rgba(38, 166, 154, 1.0)"
2024-06-05 00:00:00+00:00,74.7607813972,75.651026214,74.3156589887,74.6915401336,758869,0.0,0.0,0.0,0.0,0.0,0.0,0.0,0.0,,,,,,,,,,66.70217636548999,,,,,,,,,,,,,66.70217636548999,,"rgba(38, 166, 154, 1.0)"
2024-06-06 00:00:00+00:00,74.3849002523,74.7607813972,74.0386939346,74.0782603709,567848,0.0,0.0,0.0,0.0,0.0,0.0,0.0,0.0,,,,,,,,,,66.76767788088186,,,,,,,,,,,,,66.76767788088186,,"rgba(38, 166, 154, 0.75)"
2024-06-07 00:00:00+00:00,73.1484491178,74.1277184163,72.7824595819,73.0396414179,467197,0.0,0.0,0.0,0.0,0.0,0.0,0.0,0.0,,,,,,,,,,66.81349019268545,,,,,,,,,,,,,66.81349019268545,,"rgba(38, 166, 154, 0.75)"
2024-06-10 00:00:00+00:00,73.7221624442,74.2464177252,72.3373371735,72.5648441823,298621,0.0,0.0,0.0,0.0,0.0,0.0,0.0,0.0,,,,,,,,,,66.84280478683503,,,,,,,,,,,,,66.84280478683503,,"rgba(38, 166, 154, 0.75)"
2024-06-11 00:00:00+00:00,72.9901833725,73.0890994633,72.2483126918,73.0890994633,316396,0.0,0.0,0.0,0.0,0.0,0.0,0.0,0.0,,,,,,,,,,66.87050377622214,,,,,,,,,,,,,66.87050377622214,,"rgba(38, 166, 154, 0.75)"
2024-06-12 00:00:00+00:00,74.6222988701,76.0269073589,74.473924734,74.9586135787,515232,0.0,0.0,0.0,0.0,0.0,0.0,0.0,0.0,,,,,,,,,,66.93215170819184,,,,,,,,,,,,,66.93215170819184,,"rgba(38, 166, 154, 0.75)"
2024-06-13 00:00:00+00:00,73.8012953168,74.3750086432,73.3858477356,74.1573932435,305321,0.0,0.0,0.0,0.0,0.0,0.0,0.0,0.0,,,,,,,,,,66.96296296239863,,,,,,,,,,,,,66.96296296239863,,"rgba(38, 166, 154, 0.5)"
2024-06-14 00:00:00+00:00,73.0989910724,73.4056309537,72.396686828,73.2770400358,315219,0.0,0.0,0.0,0.0,0.0,0.0,0.0,0.0,,,,,,,,,,66.99042921358762,,,,,,,,,,,,,66.99042921358762,,"rgba(38, 166, 154, 0.5)"
2024-06-17 00:00:00+00:00,72.4857113097,73.1187742905,71.9812392468,72.7626763638,339294,0.0,0.0,0.0,0.0,0.0,0.0,0.0,0.0,,,,,,,,,,67.0175650717333,,,,,,,,,,,,,67.0175650717333,,#000000
2024-06-18 00:00:00+00:00,72.3076623463,73.3660645174,71.8427567197,72.1197217738,476839,0.0,0.0,0.0,0.0,0.0,0.0,0.0,0.0,,,,,,,,,,67.05509717770629,,,,,,,,,,,,,67.05509717770629,,#000000
2024-06-20 00:00:00+00:00,70.1315083496,71.5855748837,68.7367914698,71.3481762659,826042,0.0,0.0,0.0,0.0,0.0,0.0,0.0,0.0,,,,,,,,,,67.09134967709575,,,,,,,,,,,,,67.09134967709575,,"rgba(239, 83, 80, 1.0)"
2024-06-21 00:00:00+00:00,71.5657916656,71.8229735016,69.3896376688,70.1018335223,1017346,0.0,0.0,0.0,0.0,0.0,0.0,0.0,0.0,,,,,,,,,,67.14586257903372,,,,,,,,,,,,,67.14586257903372,,"rgba(239, 83, 80, 1.0)"
2024-06-24 00:00:00+00:00,72.2285294737,73.1583407268,71.7636238471,71.9713476377,563921,0.0,0.0,0.0,0.0,0.0,0.0,0.0,0.0,,,,,,,,,,67.18681074878165,,,,,,,,,,,,,67.18681074878165,,"rgba(239, 83, 80, 1.0)"
2024-06-25 00:00:00+00:00,72.3472287826,72.4164700461,71.4372007476,72.1296133829,619295,0.0,0.0,0.0,0.0,0.0,0.0,0.0,0.0,,,,,,,,,,67.22835389549446,,,,,,,,,,,,,67.22835389549446,,"rgba(239, 83, 80, 1.0)"
2024-06-26 00:00:00+00:00,72.2384210828,72.4560364824,71.6300871246,72.0504805103,346052,0.0,0.0,0.0,0.0,0.0,0.0,0.0,0.0,,,,,,,,,,67.25145608014324,,,,,,,,,,,,,67.25145608014324,,#000000
2024-06-27 00:00:00+00:00,73.2869316448,73.3462812993,71.4767671839,72.0702637285,339298,0.0,0.0,0.0,0.0,0.0,0.0,0.0,0.0,,,,,,,,,,67.27664576823751,,,,,,,,,,,,,67.27664576823751,,#000000
2024-06-28 00:00:00+00:00,70.9228370756,73.8012953168,70.2749366812,73.5342218717,2307067,0.0,0.0,0.0,0.0,0.0,0.0,0.0,0.0,,,,,,,,,,67.41035396125349,,,,,,,,,,,,,67.41035396125349,,"rgba(239, 83, 80, 0.75)"
2024-07-01 00:00:00+00:00,68.4499348066,71.1107776481,68.1334033162,70.9030538575,435909,0.0,0.0,0.0,0.0,0.0,0.0,0.0,0.0,,,,,,,,,,67.42077424915004,,,,,,,,,,,,,67.42077424915004,,"rgba(239, 83, 80, 1.0)"
2024-07-02 00:00:00+00:00,68.5290676792,69.1918054873,67.9454627437,68.1334033162,544694,0.0,0.0,0.0,0.0,0.0,0.0,0.0,0.0,,,,,,,,,,67.42882985016435,,,,,,,,,,,,,67.42882985016435,,"rgba(239, 83, 80, 1.0)"
2024-07-03 00:00:00+00:00,69.666602723,70.4035275991,68.895057215,68.9445152604,330876,0.0,0.0,0.0,0.0,0.0,0.0,0.0,0.0,,,,,,,,,,67.4383895065004,,,,,,,,,,,,,67.4383895065004,,"rgba(239, 83, 80, 1.0)"
2024-07-05 00:00:00+00:00,70.062267086,70.5914681716,69.4934995641,69.8446516863,358962,0.0,0.0,0.0,0.0,0.0,0.0,0.0,0.0,,,,,,,,,,67.4504952518962,,,,,,,,,,,,,67.4504952518962,,"rgba(239, 83, 80, 1.0)"
2024-07-08 00:00:00+00:00,70.3590153583,70.9624035119,69.9732426043,70.1413999586,424836,0.0,0.0,0.0,0.0,0.0,0.0,0.0,0.0,,,,,,,,,,67.46676582737125,,,,,,,,,,,,,67.46676582737125,,"rgba(239, 83, 80, 1.0)"
2024-07-09 00:00:00+00:00,69.8446516863,71.0217531664,69.7655188137,70.319448922,489286,0.0,0.0,0.0,0.0,0.0,0.0,0.0,0.0,,,,,,,,,,67.48390606507614,,,,,,,,,,,,,67.48390606507614,,"rgba(239, 83, 80, 1.0)"
2024-07-10 00:00:00+00:00,71.1602356935,71.3185014387,69.933676168,70.2897740948,304940,0.0,0.0,0.0,0.0,0.0,0.0,0.0,0.0,,,,,,,,,,67.49678218318047,,,,,,,,,,,,,67.49678218318047,,"rgba(239, 83, 80, 0.75)"
2024-07-11 00:00:00+00:00,73.1880155541,73.7963495122,72.396686828,72.7033267093,422523,0.0,0.0,0.0,0.0,0.0,0.0,0.0,0.0,,,,,,,,,,67.52687422391317,,,,,,,,,,,,,67.52687422391317,,#000000
2024-07-12 00:00:00+00:00,74.4145750795,75.2157954147,73.8408617531,74.0090191074,470477,0.0,0.0,0.0,0.0,0.0,0.0,0.0,0.0,,,,,,,,,,67.56807126705388,,,,,,,,,,,,,67.56807126705388,,"rgba(38, 166, 154, 0.5)"
2024-07-15 00:00:00+00:00,72.1691798192,73.3215522766,72.0405889012,73.1187742905,505645,0.0,0.0,0.0,0.0,0.0,0.0,0.0,0.0,,,,,,,,,,67.59929796285266,,,,,,,,,,,,,67.59929796285266,,"rgba(38, 166, 154, 0.5)"
2024-07-16 00:00:00+00:00,75.2157954147,75.255361851,72.1939088419,72.3867952189,564871,0.0,0.0,0.0,0.0,0.0,0.0,0.0,0.0,,,,,,,,,,67.64571256692372,,,,,,,,,,,,,67.64571256692372,,"rgba(38, 166, 154, 0.5)"
2024-07-17 00:00:00+00:00,74.5926240429,76.2247395404,74.548111802,74.7113233518,365811,0.0,0.0,0.0,0.0,0.0,0.0,0.0,0.0,,,,,,,,,,67.67949231585237,,,,,,,,,,,,,67.67949231585237,,"rgba(38, 166, 154, 0.5)"
2024-07-18 00:00:00+00:00,74.2365261161,75.6065139732,73.6529211806,74.6618653064,266437,0.0,0.0,0.0,0.0,0.0,0.0,0.0,0.0,,,,,,,,,,67.70186007342998,,,,,,,,,,,,,67.70186007342998,,"rgba(38, 166, 154, 0.5)"
2024-07-19 00:00:00+00:00,73.1286658996,74.2760925524,72.7725679729,74.2563093343,301298,0.0,0.0,0.0,0.0,0.0,0.0,0.0,0.0,,,,,,,,,,67.72289020196366,,,,,,,,,,,,,67.72289020196366,,"rgba(38, 166, 154, 0.5)"
2024-07-22 00:00:00+00:00,74.3947918614,74.7212149609,72.792351191,73.8903197985,485442,0.0,0.0,0.0,0.0,0.0,0.0,0.0,0.0,,,,,,,,,,67.7598635856469,,,,,,,,,,,,,67.7598635856469,,"rgba(38, 166, 154, 0.5)"
2024-07-23 00:00:00+00:00,75.393844378,76.1109860361,74.1178268072,74.2760925524,323588,0.0,0.0,0.0,0.0,0.0,0.0,0.0,0.0,,,,,,,,,,67.78913303488113,,,,,,,,,,,,,67.78913303488113,,"rgba(38, 166, 154, 0.5)"
2024-07-24 00:00:00+00:00,75.8092919592,77.4315158477,75.4136275962,75.4136275962,573471,0.0,0.0,0.0,0.0,0.0,0.0,0.0,0.0,,,,,,,,,,67.84743382557564,,,,,,,,,,,,,67.84743382557564,,"rgba(38, 166, 154, 0.5)"
2024-07-25 00:00:00+00:00,75.26525346,76.1554982769,74.6222988701,75.393844378,401508,0.0,0.0,0.0,0.0,0.0,0.0,0.0,0.0,,,,,,,,,,67.88357965416749,,,,,,,,,,,,,67.88357965416749,,"rgba(38, 166, 154, 0.5)"
2024-07-26 00:00:00+00:00,77.3128165388,77.471082284,76.0417447725,76.4819213764,398455,0.0,0.0,0.0,0.0,0.0,0.0,0.0,0.0,,,,,,,,,,67.92669602430897,,,,,,,,,,,,,67.92669602430897,,"rgba(38, 166, 154, 1.0)"
2024-07-29 00:00:00+00:00,75.4334108143,76.946827003,74.6816485246,76.5115962036,404501,0.0,0.0,0.0,0.0,0.0,0.0,0.0,0.0,,,,,,,,,,67.9640156693058,,,,,,,,,,,,,67.9640156693058,,"rgba(38, 166, 154, 0.5)"
2024-07-30 00:00:00+00:00,75.7103758685,76.3137640221,74.9388303605,75.3246031145,372583,0.0,0.0,0.0,0.0,0.0,0.0,0.0,0.0,,,,,,,,,,67.99792896311247,,,,,,,,,,,,,67.99792896311247,,"rgba(38, 166, 154, 0.5)"
2024-07-31 00:00:00+00:00,76.7984528668,77.6590228565,75.7598339139,76.2840891949,658038,0.0,0.0,0.0,0.0,0.0,0.0,0.0,0.0,,,,,,,,,,68.06548350727756,,,,,,,,,,,,,68.06548350727756,,"rgba(38, 166, 154, 0.5)"
2024-08-01 00:00:00+00:00,75.9180996591,77.2287378617,74.9146948344,76.3731136766,468459,0.0,0.0,0.0,0.0,0.0,0.0,0.0,0.0,,,,,,,,,,68.10901105706428,,,,,,,,,,,,,68.10901105706428,,"rgba(38, 166, 154, 0.5)"
2024-08-02 00:00:00+00:00,74.5926240429,75.6411346049,73.702379226,74.8992639242,387917,0.0,0.0,0.0,0.0,0.0,0.0,0.0,0.0,,,,,,,,,,68.13849346557906,,,,,,,,,,,,,68.13849346557906,,"rgba(38, 166, 154, 0.5)"
2024-08-05 00:00:00+00:00,71.9812392468,73.0099665907,69.7853020319,70.5964139761,590838,0.0,0.0,0.0,0.0,0.0,0.0,0.0,0.0,,,,,,,,,,68.16205829117338,,,,,,,,,,,,,68.16205829117338,,#000000
2024-08-06 00:00:00+00:00,73.1385575087,73.7468914669,72.010914074,72.4362532643,353159,0.0,0.0,0.0,0.0,0.0,0.0,0.0,0.0,,,,,,,,,,68.18156865251146,,,,,,,,,,,,,68.18156865251146,,#000000
2024-08-07 00:00:00+00:00,71.7042741927,75.5422185142,71.3976343113,75.3542779417,645301,0.0,0.0,0.0,0.0,0.0,0.0,0.0,0.0,,,,,,,,,,68.21619268592642,,,,,,,,,,,,,68.21619268592642,,"rgba(239, 83, 80, 1.0)"
2024-08-08 00:00:00+00:00,72.3867952189,72.9110504999,71.2195853479,72.1691798192,348899,0.0,0.0,0.0,0.0,0.0,0.0,0.0,0.0,,,,,,,,,,68.23188894139398,,,,,,,,,,,,,68.23188894139398,,"rgba(239, 83, 80, 1.0)"
2024-08-09 00:00:00+00:00,71.7240574108,72.5549525732,70.8634874212,72.5549525732,319062,0.0,0.0,0.0,0.0,0.0,0.0,0.0,0.0,,,,,,,,,,68.24447745310228,,,,,,,,,,,,,68.24447745310228,,"rgba(239, 83, 80, 1.0)"
2024-08-12 00:00:00+00:00,70.9327286847,71.0118615573,70.2304244403,70.4678230581,270021,0.0,0.0,0.0,0.0,0.0,0.0,0.0,0.0,,,,,,,,,,68.25204318489202,,,,,,,,,,,,,68.25204318489202,,"rgba(239, 83, 80, 1.0)"
2024-08-13 00:00:00+00:00,71.9119979833,72.1592882102,71.3827968977,71.8724315469,193104,0.0,0.0,0.0,0.0,0.0,0.0,0.0,0.0,,,,,,,,,,68.25980447333379,,,,,,,,,,,,,68.25980447333379,,"rgba(239, 83, 80, 1.0)"
2024-08-14 00:00:00+00:00,71.9317812014,72.3274455644,71.4124717249,72.2285294737,256841,0.0,0.0,0.0,0.0,0.0,0.0,0.0,0.0,,,,,,,,,,68.27028467869326,,,,,,,,,,,,,68.27028467869326,,"rgba(239, 83, 80, 1.0)"
2024-08-15 00:00:00+00:00,72.9011588909,73.6331379625,72.2532584964,72.6934351003,241299,0.0,0.0,0.0,0.0,0.0,0.0,0.0,0.0,,,,,,,,,,68.28288467758776,,,,,,,,,,,,,68.28288467758776,,"rgba(239, 83, 80, 0.75)"
2024-08-16 00:00:00+00:00,72.9506169362,73.2374735994,72.4758197006,72.8912672818,216778,0.0,0.0,0.0,0.0,0.0,0.0,0.0,0.0,,,,,,,,,,68.29404638253277,,,,,,,,,,,,,68.29404638253277,,"rgba(239, 83, 80, 0.75)"
2024-08-19 00:00:00+00:00,73.4847638264,73.5836799171,72.535169355,72.9704001544,174315,0.0,0.0,0.0,0.0,0.0,0.0,0.0,0.0,,,,,,,,,,68.30359184176821,,,,,,,,,,,,,68.30359184176821,,#000000
2024-08-20 00:00:00+00:00,72.1098301648,73.5167545785,71.9166257558,73.2294249447,266431,0.0,0.0,0.0,0.0,0.0,0.0,0.0,0.0,,,,,,,,,,68.31607410369635,,,,,,,,,,,,,68.31607410369635,,#000000
2024-08-21 00:00:00+00:00,72.456607309,73.0312665766,71.6738817549,71.6738817549,325164,0.0,0.0,0.0,0.0,0.0,0.0,0.0,0.0,,,,,,,,,,68.33074973820041,,,,,,,,,,,,,68.33074973820041,,#000000
2024-08-22 00:00:00+00:00,71.8522242862,72.5358706563,71.604526326,72.4169756354,273296,0.0,0.0,0.0,0.0,0.0,0.0,0.0,0.0,,,,,,,,,,68.34182566151772,,,,,,,,,,,,,68.34182566151772,,"rgba(239, 83, 80, 0.75)"
2024-08-23 00:00:00+00:00,73.9725188253,74.2499405406,72.2287251857,72.4863310642,292280,0.0,0.0,0.0,0.0,0.0,0.0,0.0,0.0,,,,,,,,,,68.35838270498805,,,,,,,,,,,,,68.35838270498805,,#000000
2024-08-26 00:00:00+00:00,74.0121504989,74.7849681346,73.9923346621,74.2895722143,236358,0.0,0.0,0.0,0.0,0.0,0.0,0.0,0.0,,,,,,,,,,68.37371840555939,,,,,,,,,,,,,68.37371840555939,,#000000
2024-08-27 00:00:00+00:00,73.6950971099,74.0270123765,73.0015428214,73.5068466601,266691,0.0,0.0,0.0,0.0,0.0,0.0,0.0,0.0,,,,,,,,,,68.38891480957855,,,,,,,,,,,,,68.38891480957855,,#000000
2024-08-28 00:00:00+00:00,72.8529240453,73.9700418457,72.8430161269,73.5266624969,302391,0.0,0.0,0.0,0.0,0.0,0.0,0.0,0.0,,,,,,,,,,68.40487418629255,,,,,,,,,,,,,68.40487418629255,,#000000
2024-08-29 00:00:00+00:00,73.2789645368,73.8585777636,72.5655944115,73.3185962104,355154,0.0,0.0,0.0,0.0,0.0,0.0,0.0,0.0,,,,,,,,,,68.42353202771946,,,,,,,,,,,,,68.42353202771946,,#000000
2024-08-30 00:00:00+00:00,73.843715886,73.9923346621,72.3575281249,73.7248208651,248964,0.0,0.0,0.0,0.0,0.0,0.0,0.0,0.0,,,,,,,,,,68.43696705220691,,,,,,,,,,,,,68.43696705220691,,#000000
2024-09-03 00:00:00+00:00,72.0503826543,73.2789645368,71.4459996315,72.8430161269,312190,0.0,0.0,0.0,0.0,0.0,0.0,0.0,0.0,,,,,,,,,,68.44986587130569,,,,,,,,,,,,,68.44986587130569,,#000000
2024-09-04 00:00:00+00:00,72.2584489409,72.8628319637,71.4459996315,71.5648946524,200344,0.0,0.0,0.0,0.0,0.0,0.0,0.0,0.0,,,,,,,,,,68.45794785003498,,,,,,,,,,,,,68.45794785003498,,#000000
2024-09-05 00:00:00+00:00,73.0015428214,73.358227884,72.3377122881,72.8132923717,181558,0.0,0.0,0.0,0.0,0.0,0.0,0.0,0.0,,,,,,,,,,68.46662998694275,,,,,,,,,,,,,68.46662998694275,,#000000
2024-09-06 00:00:00+00:00,72.1296460016,73.2492407816,71.6837896733,73.2492407816,162360,0.0,0.0,0.0,0.0,0.0,0.0,0.0,0.0,,,,,,,,,,68.47341438263658,,,,,,,,,,,,,68.47341438263658,,#000000
2024-09-09 00:00:00+00:00,71.3469204474,72.0701984911,71.1586699977,71.7927767758,266585,0.0,0.0,0.0,0.0,0.0,0.0,0.0,0.0,,,,,,,,,,68.4821341941589,,,,,,,,,,,,,68.4821341941589,,"rgba(239, 83, 80, 1.0)"
2024-09-10 00:00:00+00:00,71.8918559598,72.0206588991,70.9902353848,71.3766442027,209096,0.0,0.0,0.0,0.0,0.0,0.0,0.0,0.0,,,,,,,,,,68.48918248980564,,,,,,,,,,,,,68.48918248980564,,"rgba(239, 83, 80, 1.0)"
2024-09-11 00:00:00+00:00,73.0213586582,73.2690566184,72.0404747359,72.2782647777,250879,0.0,0.0,0.0,0.0,0.0,0.0,0.0,0.0,,,,,,,,,,68.50065529195217,,,,,,,,,,,,,68.50065529195217,,#000000
2024-09-12 00:00:00+00:00,73.5563862522,73.6059258442,72.2089093488,72.7538448612,285934,0.0,0.0,0.0,0.0,0.0,0.0,0.0,0.0,,,,,,,,,,68.51471084422381,,,,,,,,,,,,,68.51471084422381,,#000000
2024-09-13 00:00:00+00:00,75.2308244629,75.597417444,73.8040842123,74.4877305824,311131,0.0,0.0,0.0,0.0,0.0,0.0,0.0,0.0,,,,,,,,,,68.53569071032216,,,,,,,,,,,,,68.53569071032216,,"rgba(38, 166, 154, 1.0)"
2024-09-16 00:00:00+00:00,74.3688355615,75.0524819316,73.4325372721,75.0524819316,389926,0.0,0.0,0.0,0.0,0.0,0.0,0.0,0.0,,,,,,,,,,68.55934957597023,,,,,,,,,,,,,68.55934957597023,,"rgba(38, 166, 154, 1.0)"
2024-09-17 00:00:00+00:00,74.8741394003,76.0779514867,74.2004009486,74.2004009486,284814,0.0,0.0,0.0,0.0,0.0,0.0,0.0,0.0,,,,,,,,,,68.57880436346787,,,,,,,,,,,,,68.57880436346787,,"rgba(38, 166, 154, 1.0)"
2024-09-18 00:00:00+00:00,74.6660731137,75.9739183434,74.0914138461,74.7651522978,292182,0.0,0.0,0.0,0.0,0.0,0.0,0.0,0.0,,,,,,,,,,68.59821141223597,,,,,,,,,,,,,68.59821141223597,,"rgba(38, 166, 154, 1.0)"
2024-09-19 00:00:00+00:00,74.1706771934,75.2704561365,73.4573070681,75.2704561365,341176,0.0,0.0,0.0,0.0,0.0,0.0,0.0,0.0,,,,,,,,,,68.61854371538384,,,,,,,,,,,,,68.61854371538384,,"rgba(38, 166, 154, 1.0)"
2024-09-20 00:00:00+00:00,74.8345077266,75.1317452788,74.2499405406,74.3093880511,878591,0.0,0.0,0.0,0.0,0.0,0.0,0.0,0.0,,,,,,,,,,68.6742389180224,,,,,,,,,,,,,68.6742389180224,,"rgba(38, 166, 154, 1.0)"
2024-09-23 00:00:00+00:00,74.9633106659,75.4487986679,74.4608801235,74.9038631555,303222,0.0,0.0,0.0,0.0,0.0,0.0,0.0,0.0,,,,,,,,,,68.6939115084709,,,,,,,,,,,,,68.6939115084709,,"rgba(38, 166, 154, 1.0)"
2024-09-24 00:00:00+00:00,74.9633106659,75.6172332808,74.8444156451,75.5082461783,259927,0.0,0.0,0.0,0.0,0.0,0.0,0.0,0.0,,,,,,,,,,68.71116986637604,,,,,,,,,,,,,68.71116986637604,,"rgba(38, 166, 154, 1.0)"
2024-09-25 00:00:00+00:00,75.964010425,76.2394505567,74.7998300122,75.012850258,293571,0.0,0.0,0.0,0.0,0.0,0.0,0.0,0.0,,,,,,,,,,68.73213701171427,,,,,,,,,,,,,68.73213701171427,,"rgba(38, 166, 154, 1.0)"
2024-09-26 00:00:00+00:00,76.3504192429,77.1232368786,76.3008796509,76.7566438976,560792,0.0,0.0,0.0,0.0,0.0,0.0,0.0,0.0,,,,,,,,,,68.77712805449859,,,,,,,,,,,,,68.77712805449859,,"rgba(38, 166, 154, 1.0)"
2024-09-27 00:00:00+00:00,76.7566438976,77.5492773701,76.4445444678,77.0538814498,227029,0.0,0.0,0.0,0.0,0.0,0.0,0.0,0.0,,,,,,,,,,68.79594808584764,,,,,,,,,,,,,68.79594808584764,,"rgba(38, 166, 154, 1.0)"
2024-09-30 00:00:00+00:00,76.231524222,76.865631,75.7509901793,76.816091408,630028,0.0,0.0,0.0,0.0,0.0,0.0,0.0,0.0,,,,,,,,,,68.84367984114637,,,,,,,,,,,,,68.84367984114637,,"rgba(38, 166, 154, 1.0)"
2024-10-01 00:00:00+00:00,75.9441945882,76.2612479772,75.06238985,76.0630896091,310838,0.0,0.0,0.0,0.0,0.0,0.0,0.0,0.0,,,,,,,,,,68.8653540749472,,,,,,,,,,,,,68.8653540749472,,"rgba(38, 166, 154, 1.0)"
2024-10-02 00:00:00+00:00,75.4983382599,75.8054837305,74.794876053,75.2902719734,359677,0.0,0.0,0.0,0.0,0.0,0.0,0.0,0.0,,,,,,,,,,68.88885587577367,,,,,,,,,,,,,68.88885587577367,,"rgba(38, 166, 154, 0.75)"
2024-10-03 00:00:00+00:00,74.8245998082,75.4785224231,74.6462572769,75.4190749126,333212,0.0,0.0,0.0,0.0,0.0,0.0,0.0,0.0,,,,,,,,,,68.90919848665186,,,,,,,,,,,,,68.90919848665186,,"rgba(38, 166, 154, 0.75)"
2024-10-04 00:00:00+00:00,75.3596274022,75.4785224231,74.4183751536,75.0029423396,241664,0.0,0.0,0.0,0.0,0.0,0.0,0.0,0.0,,,,,,,,,,68.92411458524253,,,,,,,,,,,,,68.92411458524253,,"rgba(38, 166, 154, 0.75)"
2024-10-07 00:00:00+00:00,75.2011007077,75.6073253624,74.7255206242,75.0425740132,249406,0.0,0.0,0.0,0.0,0.0,0.0,0.0,0.0,,,,,,,,,,68.93966309235876,,,,,,,,,,,,,68.93966309235876,,"rgba(38, 166, 154, 0.75)"
2024-10-08 00:00:00+00:00,74.5769018481,75.3992590758,74.4976385008,75.2209165445,359087,0.0,0.0,0.0,0.0,0.0,0.0,0.0,0.0,,,,,,,,,,68.960653591927,,,,,,,,,,,,,68.960653591927,,#000000
2024-10-09 00:00:00+00:00,75.2209165445,75.8748391594,74.0715980093,74.5174543376,358292,0.0,0.0,0.0,0.0,0.0,0.0,0.0,0.0,,,,,,,,,,68.98226875781796,,,,,,,,,,,,,68.98226875781796,,#000000
2024-10-10 00:00:00+00:00,74.3688355615,74.9335869107,73.8635317228,74.8444156451,418649,0.0,0.0,0.0,0.0,0.0,0.0,0.0,0.0,,,,,,,,,,69.004578748485,,,,,,,,,,,,,69.004578748485,,#000000
2024-10-11 00:00:00+00:00,75.3001798918,75.5776016072,74.1706771934,74.1706771934,276410,0.0,0.0,0.0,0.0,0.0,0.0,0.0,0.0,,,,,,,,,,69.02091313611213,,,,,,,,,,,,,69.02091313611213,,#000000
2024-10-14 00:00:00+00:00,76.1918925484,76.3306034061,74.8642314819,75.4587065863,249114,0.0,0.0,0.0,0.0,0.0,0.0,0.0,0.0,,,,,,,,,,69.03746262154526,,,,,,,,,,,,,69.03746262154526,,"rgba(38, 166, 154, 1.0)"
2024-10-15 00:00:00+00:00,76.3107875693,76.8953547553,75.7361283017,76.7269201423,460392,0.0,0.0,0.0,0.0,0.0,0.0,0.0,0.0,,,,,,,,,,69.0701665794856,,,,,,,,,,,,,69.0701665794856,,"rgba(38, 166, 154, 1.0)"
2024-10-16 00:00:00+00:00,78.0644891273,78.0743970457,76.7219661831,77.0439735314,374227,0.0,0.0,0.0,0.0,0.0,0.0,0.0,0.0,,,,,,,,,,69.10128846588984,,,,,,,,,,,,,69.10128846588984,,"rgba(38, 166, 154, 1.0)"
2024-10-17 00:00:00+00:00,76.5584855294,78.1635683113,76.4693142638,78.1635683113,368920,0.0,0.0,0.0,0.0,0.0,0.0,0.0,0.0,,,,,,,,,,69.1297582915212,,,,,,,,,,,,,69.1297582915212,,"rgba(38, 166, 154, 1.0)"
2024-10-18 00:00:00+00:00,77.5889090437,77.6087248806,76.0630896091,76.7269201423,443672,0.0,0.0,0.0,0.0,0.0,0.0,0.0,0.0,,,,,,,,,,69.16382727740026,,,,,,,,,,,,,69.16382727740026,,"rgba(38, 166, 154, 1.0)"
2024-10-21 00:00:00+00:00,79.5110452147,79.7884669301,78.2230158218,78.4608058635,525063,0.0,0.0,0.0,0.0,0.0,0.0,0.0,0.0,,,,,,,,,,69.21429401974008,,,,,,,,,,,,,69.21429401974008,,"rgba(38, 166, 154, 1.0)"
2024-10-22 00:00:00+00:00,78.5995167212,79.3029789281,77.7969753303,79.3029789281,264412,0.0,0.0,0.0,0.0,0.0,0.0,0.0,0.0,,,,,,,,,,69.23797710302607,,,,,,,,,,,,,69.23797710302607,,"rgba(38, 166, 154, 1.0)"
2024-10-23 00:00:00+00:00,77.7672515751,78.7530894565,77.2619477363,78.302279169,249758,0.0,0.0,0.0,0.0,0.0,0.0,0.0,0.0,,,,,,,,,,69.25871275483809,,,,,,,,,,,,,69.25871275483809,,"rgba(38, 166, 154, 1.0)"
2024-10-24 00:00:00+00:00,77.2718556547,78.0248574536,77.0439735314,77.8663307591,601370,0.0,0.0,0.0,0.0,0.0,0.0,0.0,0.0,,,,,,,,,,69.30549132552795,,,,,,,,,,,,,69.30549132552795,,"rgba(38, 166, 154, 0.75)"
2024-10-25 00:00:00+00:00,78.1437524745,78.787767171,77.1133289602,77.5393694517,323956,0.0,0.0,0.0,0.0,0.0,0.0,0.0,0.0,,,,,,,,,,69.33221279400324,,,,,,,,,,,,,69.33221279400324,,"rgba(38, 166, 154, 0.75)"
2024-10-28 00:00:00+00:00,80.6900875051,81.126035915,79.5011372963,80.2145074215,429656,0.0,0.0,0.0,0.0,0.0,0.0,0.0,0.0,,,,,,,,,,69.37722520326975,,,,,,,,,,,,,69.37722520326975,,"rgba(38, 166, 154, 1.0)"
2024-10-29 00:00:00+00:00,80.2442311768,80.3185405648,79.4467428242,80.0658886454,333528,0.0,0.0,0.0,0.0,0.0,0.0,0.0,0.0,,,,,,,,,,69.41054906479843,,,,,,,,,,,,,69.41054906479843,,"rgba(38, 166, 154, 1.0)"
2024-10-30 00:00:00+00:00,79.4119660306,81.6263857945,79.3822422754,80.6603637499,369662,0.0,0.0,0.0,0.0,0.0,0.0,0.0,0.0,,,,,,,,,,69.44771446423944,,,,,,,,,,,,,69.44771446423944,,"rgba(38, 166, 154, 1.0)"
2024-10-31 00:00:00+00:00,78.2923712506,79.6794798276,78.2428316586,79.471413541,414582,0.0,0.0,0.0,0.0,0.0,0.0,0.0,0.0,,,,,,,,,,69.4836657795703,,,,,,,,,,,,,69.4836657795703,,"rgba(38, 166, 154, 0.75)"
2024-11-01 00:00:00+00:00,77.98522578,79.2930710097,77.7474357382,78.7481354973,420213,0.0,0.0,0.0,0.0,0.0,0.0,0.0,0.0,,,,,,,,,,69.51827419704061,,,,,,,,,,,,,69.51827419704061,,"rgba(38, 166, 154, 0.75)"
2024-11-04 00:00:00+00:00,80.1154282375,80.3036786872,78.2725554138,78.6589642317,406508,0.0,0.0,0.0,0.0,0.0,0.0,0.0,0.0,,,,,,,,,,69.55609857526917,,,,,,,,,,,,,69.55609857526917,,"rgba(38, 166, 154, 0.75)"
2024-11-05 00:00:00+00:00,81.1062200782,81.2994244871,79.6497560724,79.8677302773,381646,0.0,0.0,0.0,0.0,0.0,0.0,0.0,0.0,,,,,,,,,,69.5953009118968,,,,,,,,,,,,,69.5953009118968,,"rgba(38, 166, 154, 1.0)"
2024-11-06 00:00:00+00:00,81.1656675886,81.6511555905,79.3822422754,79.5407689699,775480,0.0,0.0,0.0,0.0,0.0,0.0,0.0,0.0,,,,,,,,,,69.6744531595533,,,,,,,,,,,,,69.6744531595533,,"rgba(38, 166, 154, 1.0)"
2024-11-07 00:00:00+00:00,82.2852623686,83.0778958411,80.0460728086,80.8783379548,689666,0.0,0.0,0.0,0.0,0.0,0.0,0.0,0.0,,,,,,,,,,69.75062780563084,,,,,,,,,,,,,69.75062780563084,,"rgba(38, 166, 154, 1.0)"
2024-11-08 00:00:00+00:00,82.3645257158,82.8401057993,82.0375644084,82.0375644084,543545,0.0,0.0,0.0,0.0,0.0,0.0,0.0,0.0,,,,,,,,,,69.8130016928818,,,,,,,,,,,,,69.8130016928818,,"rgba(38, 166, 154, 1.0)"
2024-11-11 00:00:00+00:00,83.0679879227,83.5237521694,82.3050782054,83.14725127,596238,0.0,0.0,0.0,0.0,0.0,0.0,0.0,0.0,,,,,,,,,,69.88368338289976,,,,,,,,,,,,,69.88368338289976,,"rgba(38, 166, 154, 1.0)"
2024-11-12 00:00:00+00:00,78.787767171,82.8500137178,78.7085038237,82.8500137178,772919,0.0,0.0,0.0,0.0,0.0,0.0,0.0,0.0,,,,,,,,,,69.95446886817345,,,,,,,,,,,,,69.95446886817345,,"rgba(38, 166, 154, 0.75)"
2024-11-13 00:00:00+00:00,78.4905296188,79.8974540325,78.4112662715,79.8974540325,431837,0.0,0.0,0.0,0.0,0.0,0.0,0.0,0.0,,,,,,,,,,69.9890400534516,,,,,,,,,,,,,69.9890400534516,,"rgba(38, 166, 154, 0.5)"
2024-11-14 00:00:00+00:00,78.7580434157,79.7042496236,78.3419108427,78.9165701103,404309,0.0,0.0,0.0,0.0,0.0,0.0,0.0,0.0,,,,,,,,,,70.02117294292866,,,,,,,,,,,,,70.02117294292866,,#000000
2024-11-15 00:00:00+00:00,78.2824633322,79.2633472545,78.1437524745,79.1840839072,299348,0.0,0.0,0.0,0.0,0.0,0.0,0.0,0.0,,,,,,,,,,70.04383010509734,,,,,,,,,,,,,70.04383010509734,,#000000
2024-11-18 00:00:00+00:00,78.6688721501,78.9413399063,77.5591852885,78.1536603929,522923,0.0,0.0,0.0,0.0,0.0,0.0,0.0,0.0,,,,,,,,,,70.08232256831558,,,,,,,,,,,,,70.08232256831558,,#000000
2024-11-19 00:00:00+00:00,78.6292404765,78.8323528038,77.6642092236,77.8762386775,415296,0.0,0.0,0.0,0.0,0.0,0.0,0.0,0.0,,,,,,,,,,70.11258751218416,,,,,,,,,,,,,70.11258751218416,,"rgba(239, 83, 80, 1.0)"
2024-11-20 00:00:00+00:00,78.7679513341,78.8969489869,78.1825004487,78.1825004487,240472,0.0,0.0,0.0,0.0,0.0,0.0,0.0,0.0,,,,,,,,,,70.13051849632514,,,,,,,,,,,,,70.13051849632514,,"rgba(239, 83, 80, 1.0)"
2024-11-21 00:00:00+00:00,79.4625540796,79.8991615196,78.3134826807,78.6091849923,364774,0.0,0.0,0.0,0.0,0.0,0.0,0.0,0.0,,,,,,,,,,70.15951693123728,,,,,,,,,,,,,70.15951693123728,,#000000
2024-11-22 00:00:00+00:00,80.1174652396,80.6929932287,79.7552795223,80.0281591723,513467,0.0,0.0,0.0,0.0,0.0,0.0,0.0,0.0,,,,,,,,,,70.20432926585197,,,,,,,,,,,,,70.20432926585197,,#000000
2024-11-25 00:00:00+00:00,81.3875959741,82.5287290559,80.9807572232,80.9807572232,507402,-1.0,82.52873,80.98076,1003.0,-1.0,82.52873,80.98076,1003.0,,,,,,,,,,70.25456756293107,,81.63236075106667,,,,,,,,,,,70.25456756293107,,"rgba(38, 166, 154, 0.5)"
2024-11-26 00:00:00+00:00,80.5044581978,81.2288296323,80.0277622565,80.9112969487,287050,0.0,0.0,0.0,0.0,0.0,0.0,0.0,0.0,,,,,,,,,,70.28020020667903,,81.25465887462751,,,,,,,,,,,70.28020020667903,,"rgba(38, 166, 154, 0.5)"
2024-11-27 00:00:00+00:00,80.9609114305,81.4520948005,80.5243039905,80.6929932287,310600,0.0,0.0,0.0,0.0,0.0,0.0,0.0,0.0,,,,,,,,,,70.30884258397779,,81.1772077427411,,,,,,,,,,,70.30884258397779,,"rgba(38, 166, 154, 0.5)"
2024-11-29 00:00:00+00:00,80.9906801196,81.5265165232,80.6334558505,80.8716053632,216535,0.0,0.0,0.0,0.0,0.0,0.0,0.0,0.0,,,,,,,,,,70.32885255846807,,81.15640106660435,,,,,,,,,,,70.32885255846807,,"rgba(38, 166, 154, 0.5)"
2024-12-02 00:00:00+00:00,81.0799861869,81.685282865,79.8098554523,80.8716053632,359113,0.0,0.0,0.0,0.0,0.0,0.0,0.0,0.0,,,,,,,,,,70.36128343308185,,81.09272218625337,,,,,,,,,,,70.36128343308185,,"rgba(38, 166, 154, 0.5)"
2024-12-03 00:00:00+00:00,78.9664092614,80.891451156,78.9128256211,80.812067985,523898,0.0,0.0,0.0,0.0,0.0,0.0,0.0,0.0,,,,,,,,,,70.4025663742946,,80.73567144811378,,,,,,,,,,,70.4025663742946,,"rgba(38, 166, 154, 0.5)"
2024-12-04 00:00:00+00:00,78.1428088632,79.5915517323,77.8748906614,79.0160237432,333462,0.0,0.0,0.0,0.0,0.0,0.0,0.0,0.0,,,,,,,,,,70.42565933422988,,80.44672329156057,,,,,,,,,,,70.42565933422988,,#000000
2024-12-05 00:00:00+00:00,77.5970495632,78.3908812723,76.8726781287,77.6962785269,530573,0.0,0.0,0.0,0.0,0.0,0.0,0.0,0.0,,,,,,,,,,70.45801333688338,,79.95801207813567,,,,,,,,,,,70.45801333688338,,"rgba(239, 83, 80, 1.0)"
2024-12-06 00:00:00+00:00,78.380958376,78.5397247178,77.4283603251,78.2221920342,427832,0.0,0.0,0.0,0.0,0.0,0.0,0.0,0.0,,,,,,,,,,70.48568372299663,,79.7326636451475,,,,,,,,,,,70.48568372299663,,"rgba(239, 83, 80, 1.0)"
2024-12-09 00:00:00+00:00,77.944350936,79.6610120069,77.6665098378,78.8771031941,373490,0.0,0.0,0.0,0.0,0.0,0.0,0.0,0.0,,,,,,,,,,70.51064374670408,,79.60636020668247,,,,,,,,,,,70.51064374670408,,"rgba(239, 83, 80, 1.0)"
2024-12-10 00:00:00+00:00,78.7580284378,78.9912165023,77.4085145323,77.8848135578,461783,0.0,0.0,0.0,0.0,0.0,0.0,0.0,0.0,,,,,,,,,,70.5411408499437,,79.47625570332268,,,,,,,,,,,70.5411408499437,,"rgba(239, 83, 80, 1.0)"
2024-12-11 00:00:00+00:00,79.5717059396,79.7800867632,78.2618836196,78.4008041687,608290,0.0,0.0,0.0,0.0,0.0,0.0,0.0,0.0,,,,,,,,,,70.58510969388232,,79.44280032107453,,,,,,,,,,,70.58510969388232,,"rgba(239, 83, 80, 0.75)"
2024-12-12 00:00:00+00:00,73.6278910178,76.3666104142,73.032517236,76.1582295905,2471674,0.0,0.0,0.0,0.0,0.0,0.0,0.0,0.0,,,,,,,,,,70.66102669119508,,77.74188516541192,,,,,,,,,,,70.66102669119508,,"rgba(239, 83, 80, 1.0)"
2024-12-13 00:00:00+00:00,71.940998636,73.6526982587,71.2166272015,73.4294330905,1595206,0.0,0.0,0.0,0.0,0.0,0.0,0.0,0.0,,,,,,,,,,70.68173992938718,,76.77278325898908,,,,,,,,,,,70.68173992938718,,"rgba(239, 83, 80, 1.0)"
2024-12-16 00:00:00+00:00,72.5066037287,74.2778407296,72.1196107705,72.4172976615,980250,0.0,0.0,0.0,0.0,0.0,0.0,0.0,0.0,,,,,,,,,,70.69968302390788,,76.39934161086319,,,,,,,,,,,70.69968302390788,,"rgba(239, 83, 80, 1.0)"
2024-12-17 00:00:00+00:00,70.9189403106,73.087093166,70.7304052796,72.5462953142,804635,0.0,0.0,0.0,0.0,0.0,0.0,0.0,0.0,,,,,,,,,,70.70531025201448,,76.03992347671328,,,,,,,,,,,70.70531025201448,,"rgba(239, 83, 80, 1.0)"
2024-12-18 00:00:00+00:00,66.6719406669,71.1471669269,66.6620177706,70.9189403106,999801,0.0,0.0,0.0,0.0,0.0,0.0,0.0,0.0,,,,,,,,,,70.68522892744637,,75.37182208812037,,,,,,,,,,,70.68522892744637,,"rgba(239, 83, 80, 1.0)"
2024-12-19 00:00:00+00:00,66.6024803924,68.5076764942,66.5826345997,66.9398588688,1398086,0.0,0.0,0.0,0.0,0.0,0.0,0.0,0.0,,,,,,,,,,70.64752991088858,,74.50889997300814,,,,,,,,,,,70.64752991088858,,"rgba(239, 83, 80, 1.0)"
2024-12-20 00:00:00+00:00,66.9993962469,68.2000667069,65.8384173724,65.8384173724,1937416,0.0,0.0,0.0,0.0,0.0,0.0,0.0,0.0,,,,,,,,,,70.59337560184726,,73.54880825193906,,,,,,,,,,,70.59337560184726,,"rgba(239, 83, 80, 1.0)"
2024-12-23 00:00:00+00:00,68.2199124997,68.9442839342,67.1978541742,68.9343610378,848687,0.0,0.0,0.0,0.0,0.0,0.0,0.0,0.0,,,,,,,,,,70.57734278737783,,73.26044812081011,,,,,,,,,,,70.57734278737783,,"rgba(239, 83, 80, 1.0)"
2024-12-24 00:00:00+00:00,69.7083469542,69.9663422596,68.9244381415,69.9663422596,468635,0.0,0.0,0.0,0.0,0.0,0.0,0.0,0.0,,,,,,,,,,70.57361715357045,,73.15422406619703,,,,,,,,,,,70.57361715357045,,"rgba(239, 83, 80, 0.75)"
2024-12-26 00:00:00+00:00,68.7160573178,69.7480385396,68.448139116,69.7281927469,443434,0.0,0.0,0.0,0.0,0.0,0.0,0.0,0.0,,,,,,,,,,70.56822447783289,,73.0443760606501,,,,,,,,,,,70.56822447783289,,"rgba(239, 83, 80, 0.75)"
2024-12-27 00:00:00+00:00,67.3863892051,68.7359031106,66.8455913533,68.2397582924,1152812,0.0,0.0,0.0,0.0,0.0,0.0,0.0,0.0,,,,,,,,,,70.54297319164613,,72.70005229929512,,,,,,,,,,,70.54297319164613,,"rgba(239, 83, 80, 0.75)"
2024-12-30 00:00:00+00:00,67.9123027124,68.1405293287,66.4933285324,67.574924236,472794,0.0,0.0,0.0,0.0,0.0,0.0,0.0,0.0,,,,,,,,,,70.53224513026915,,72.56764706669458,,,,,,,,,,,70.53224513026915,,"rgba(239, 83, 80, 0.75)"
2024-12-31 00:00:00+00:00,67.1978541742,68.4878307015,66.8406299051,68.2992956706,917722,0.0,0.0,0.0,0.0,0.0,0.0,0.0,0.0,,,,,,,,,,70.51159165172047,,72.32871966666436,,,,,,,,,,,70.51159165172047,,"rgba(239, 83, 80, 0.75)"
2025-01-02 00:00:00+00:00,68.5969825615,69.1179346206,67.6146158215,68.0809919506,436066,0.0,0.0,0.0,0.0,0.0,0.0,0.0,0.0,,,,,,,,,,70.50489961656557,,72.24343594101623,,,,,,,,,,,70.50489961656557,,"rgba(239, 83, 80, 0.75)"
2025-01-03 00:00:00+00:00,68.3786788415,69.2915853069,67.9619171942,69.0137442087,698711,0.0,0.0,0.0,0.0,0.0,0.0,0.0,0.0,,,,,,,,,,70.49478702414441,,72.11775278654757,,,,,,,,,,,70.49478702414441,,"rgba(239, 83, 80, 0.75)"
2025-01-06 00:00:00+00:00,68.2992956706,69.8373446069,68.2397582924,68.7557489033,680891,0.0,0.0,0.0,0.0,0.0,0.0,0.0,0.0,,,,,,,,,,70.48627270741632,,72.0111776992829,,,,,,,,,,,70.48627270741632,,"rgba(239, 83, 80, 0.75)"
2025-01-07 00:00:00+00:00,69.3808913742,69.4205829597,68.2248739478,68.4779078051,632477,0.0,0.0,0.0,0.0,0.0,0.0,0.0,0.0,,,,,,,,,,70.47944142272905,,71.92438591097797,,,,,,,,,,,70.47944142272905,,"rgba(239, 83, 80, 0.75)"
2025-01-08 00:00:00+00:00,68.0313774687,68.7259802142,67.4260807906,68.5969825615,514797,0.0,0.0,0.0,0.0,0.0,0.0,0.0,0.0,,,,,,,,,,70.47037476686226,,71.8355775962247,,,,,,,,,,,70.47037476686226,,"rgba(239, 83, 80, 0.75)"
2025-01-10 00:00:00+00:00,65.2231977979,66.2551790197,64.518672156,66.0269524033,589927,0.0,0.0,0.0,0.0,0.0,0.0,0.0,0.0,,,,,,,,,,70.44839442671443,,71.66866054222817,,,,,,,,,,,70.44839442671443,,"rgba(239, 83, 80, 1.0)"
2025-01-13 00:00:00+00:00,65.9574921288,66.7612467342,64.9453566997,65.0545085597,805685,0.0,0.0,0.0,0.0,0.0,0.0,0.0,0.0,,,,,,,,,,70.42190487892955,,71.47288845732436,,,,,,,,,,,70.42190487892955,,"rgba(239, 83, 80, 1.0)"
2025-01-14 00:00:00+00:00,65.5903449633,66.8009383197,65.1934291088,66.1063355742,498079,0.0,0.0,0.0,0.0,0.0,0.0,0.0,0.0,,,,,,,,,,70.40558758816934,,71.35781512862226,,,,,,,,,,,70.40558758816934,,"rgba(239, 83, 80, 1.0)"
2025-01-15 00:00:00+00:00,66.7215551488,67.8329195415,66.7215551488,67.6642303033,616394,0.0,0.0,0.0,0.0,0.0,0.0,0.0,0.0,,,,,,,,,,70.39097961753811,,71.2522339021447,,,,,,,,,,,70.39097961753811,,"rgba(239, 83, 80, 1.0)"
2025-01-16 00:00:00+00:00,67.0887023142,67.5848471324,66.6917864597,66.810861216,400114,0.0,0.0,0.0,0.0,0.0,0.0,0.0,0.0,,,,,,,,,,70.38165097024473,,71.18692280454263,,,,,,,,,,,70.38165097024473,,"rgba(239, 83, 80, 0.75)"
2025-01-17 00:00:00+00:00,66.5826345997,67.6146158215,66.4139453615,67.356620516,565313,0.0,0.0,0.0,0.0,0.0,0.0,0.0,0.0,,,,,,,,,,70.36755169066164,,71.09259648933838,,,,,,,,,,,70.36755169066164,,"rgba(239, 83, 80, 0.75)"
2025-01-21 00:00:00+00:00,65.937646336,67.2871602415,65.8781089579,67.1085481069,483678,0.0,0.0,0.0,0.0,0.0,0.0,0.0,0.0,,,,,,,,,,70.35385665085781,,71.00587652697996,,,,,,,,,,,70.35385665085781,,"rgba(239, 83, 80, 0.75)"
2025-01-22 00:00:00+00:00,63.9530670633,66.155950056,63.9530670633,65.7094197197,686019,0.0,0.0,0.0,0.0,0.0,0.0,0.0,0.0,,,,,,,,,,70.32647225420978,,70.84556851370571,,,,,,,,,,,70.32647225420978,,"rgba(239, 83, 80, 1.0)"
2025-01-23 00:00:00+00:00,65.0148169742,65.1537375233,63.7397247915,63.8439152033,547268,0.0,0.0,0.0,0.0,0.0,0.0,0.0,0.0,,,,,,,,,,70.30461867039195,,70.72238380388647,,,,,,,,,,,70.30461867039195,,"rgba(239, 83, 80, 1.0)"
2025-01-24 00:00:00+00:00,64.7766674615,65.5506533779,64.4839420188,64.6575927051,466617,0.0,0.0,0.0,0.0,0.0,0.0,0.0,0.0,,,,,,,,,,70.28710017646759,,70.62615535187169,,,,,,,,,,,70.28710017646759,,"rgba(239, 83, 80, 1.0)"
2025-01-27 00:00:00+00:00,64.1118334051,65.6598052379,63.3676161779,64.9056651142,768571,0.0,0.0,0.0,0.0,0.0,0.0,0.0,0.0,,,,,,,,,,70.25551307361853,,70.4595867497019,,,,,,,,,,,70.25551307361853,,"rgba(239, 83, 80, 1.0)"
2025-01-28 00:00:00+00:00,62.0280251688,63.9232983742,61.105195807,63.8736838924,550192,0.0,0.0,0.0,0.0,0.0,0.0,0.0,0.0,,,,,,,,,,70.22537614941916,,70.30771975696074,,,,,,,,,,,70.22537614941916,,"rgba(239, 83, 80, 1.0)"
2025-01-29 00:00:00+00:00,62.9012400488,63.1592353542,62.0677167542,62.0677167542,472663,0.0,0.0,0.0,0.0,0.0,0.0,0.0,0.0,,,,,,,,,,70.20083523284406,,70.18738171280019,,,,,,,,,,,70.20083523284406,,"rgba(239, 83, 80, 1.0)"
2025-01-30 00:00:00+00:00,63.754609136,64.0671803715,63.0302377015,63.5164596233,511408,0.0,0.0,0.0,0.0,0.0,0.0,0.0,0.0,,,,,,,,,,70.17765883523799,,70.07669634156954,,,,,,,,,,,70.17765883523799,,"rgba(239, 83, 80, 0.75)"
2025-01-31 00:00:00+00:00,63.6553801724,64.4789805706,62.8615484633,63.615688587,734216,0.0,0.0,0.0,0.0,0.0,0.0,0.0,0.0,,,,,,,,,,70.14491009783998,,69.92528729530457,,,,,,,,,,,70.14491009783998,,"rgba(239, 83, 80, 0.75)"
2025-02-03 00:00:00+00:00,61.9883335833,63.4866909342,61.8990275161,62.5340928833,495472,0.0,0.0,0.0,0.0,0.0,0.0,0.0,0.0,,,,,,,,,,70.11891261855548,,69.80815141654028,,,,,,,,,,,70.11891261855548,,"rgba(239, 83, 80, 0.75)"
2025-02-04 00:00:00+00:00,62.2165601997,62.8962786006,61.4524971797,61.6410322106,409837,0.0,0.0,0.0,0.0,0.0,0.0,0.0,0.0,,,,,,,,,,70.09678890661698,,69.71054924859187,,,,,,,,,,,70.09678890661698,,"rgba(239, 83, 80, 0.75)"
2025-02-05 00:00:00+00:00,63.8836067888,64.1416020942,62.8417026706,62.8417026706,486101,0.0,0.0,0.0,0.0,0.0,0.0,0.0,0.0,,,,,,,,,,70.07543658189836,,69.61943627228125,,,,,,,,,,,70.07543658189836,,"rgba(239, 83, 80, 0.5)"
2025-02-06 00:00:00+00:00,63.7149175506,65.501038896,63.5759970015,64.5881324306,377873,0.0,0.0,0.0,0.0,0.0,0.0,0.0,0.0,,,,,,,,,,70.06057613101916,,69.55785050206619,,,,,,,,,,,70.06057613101916,,"rgba(239, 83, 80, 0.5)"
2025-02-07 00:00:00+00:00,63.5263825197,63.9034525815,62.9111629451,63.7149175506,361250,0.0,0.0,0.0,0.0,0.0,0.0,0.0,0.0,,,,,,,,,,70.04444795205829,,69.49139981317308,,,,,,,,,,,70.04444795205829,,"rgba(239, 83, 80, 0.5)"
2025-02-10 00:00:00+00:00,63.4569222451,64.5285950524,63.1294666651,63.8042236179,529274,0.0,0.0,0.0,0.0,0.0,0.0,0.0,0.0,,,,,,,,,,70.02187831802627,,69.40065648932574,,,,,,,,,,,70.02187831802627,,"rgba(239, 83, 80, 0.5)"
2025-02-11 00:00:00+00:00,62.9508545306,63.8786453406,62.7028813505,62.9012400488,330595,0.0,0.0,0.0,0.0,0.0,0.0,0.0,0.0,,,,,,,,,,70.00669172851161,,69.34028920108013,,,,,,,,,,,70.00669172851161,,"rgba(239, 83, 80, 0.5)"
2025-02-12 00:00:00+00:00,62.881394256,63.0897750797,61.7898756561,61.8295672415,413238,0.0,0.0,0.0,0.0,0.0,0.0,0.0,0.0,,,,,,,,,,69.98617019354259,,69.2593847791386,,,,,,,,,,,69.98617019354259,,"rgba(239, 83, 80, 0.5)"
2025-02-13 00:00:00+00:00,62.4050952306,63.6256114833,61.7898756561,63.5263825197,446877,1.0,63.62561,61.789875,0.0,0.0,0.0,0.0,0.0,,,,,,,,,62.606860790000006,69.96416469027552,,69.17430197024177,,,,,,,,,,,69.96416469027552,,"rgba(239, 83, 80, 0.5)"
2025-02-14 00:00:00+00:00,62.663090536,63.4767680379,62.4234525889,62.7226279142,302868,0.0,0.0,0.0,0.0,0.0,0.0,0.0,0.0,,,,,,,,,62.70687203116322,69.94982442837745,,69.11999190890984,,,,,,,,,,,69.94982442837745,,"rgba(239, 83, 80, 0.5)"
2025-02-18 00:00:00+00:00,64.9949711815,65.1438146269,62.687897777,62.7127050179,485287,0.0,0.0,0.0,0.0,0.0,0.0,0.0,0.0,,,,,,,,,63.323264528131375,69.9315452125576,,69.05419260505714,,,,,,,,,,,69.9315452125576,,"rgba(239, 83, 80, 0.5)"
2025-02-19 00:00:00+00:00,65.5208846888,65.9872608179,64.9056651142,65.7888028906,467977,0.0,0.0,0.0,0.0,0.0,0.0,0.0,0.0,,,,,,,,,63.913524035605676,69.91773219648942,,69.00787027965755,,,,,,,,,,,69.91773219648942,,#000000
2025-02-20 00:00:00+00:00,68.7557489033,69.430505856,67.138316796,67.1680854851,945009,0.0,0.0,0.0,0.0,0.0,0.0,0.0,0.0,,,,,,,,,65.52944982548719,69.9085577795374,,68.99346062033364,,,,,,,,,,,69.9085577795374,,"rgba(38, 166, 154, 1.0)"
2025-02-21 00:00:00+00:00,68.2893727742,69.3114310997,67.3169289306,69.3114310997,518403,0.0,0.0,0.0,0.0,0.0,0.0,0.0,0.0,,,,,,,,,65.98400901659551,69.90311247592243,,68.98399634192701,,,,,,,,,,,69.90311247592243,,"rgba(38, 166, 154, 1.0)"
2025-02-24 00:00:00+00:00,68.1008377433,69.0931273797,67.9619171942,68.9542068306,452490,0.0,0.0,0.0,0.0,0.0,0.0,0.0,0.0,,,,,,,,,66.28425334147224,69.89862440744373,,68.97688831905757,,,,,,,,,,,69.89862440744373,,"rgba(38, 166, 154, 1.0)"
2025-02-25 00:00:00+00:00,67.9817629869,68.3886017378,67.1482396924,68.0413003651,421588,0.0,0.0,0.0,0.0,0.0,0.0,0.0,0.0,,,,,,,,,66.44653230799119,69.89296723598638,,68.96444503381701,,,,,,,,,,,69.89296723598638,,"rgba(38, 166, 154, 1.0)"
2025-02-26 00:00:00+00:00,67.7634592669,68.8748236597,67.138316796,68.3687559451,662305,0.0,0.0,0.0,0.0,0.0,0.0,0.0,0.0,,,,,,,,,66.65482287524598,69.8845120410418,,68.94689058919577,,,,,,,,,,,69.8845120410418,,"rgba(38, 166, 154, 1.0)"
2025-02-27 00:00:00+00:00,68.4084475306,72.8737508942,68.3985246342,70.2044917724,696427,0.0,0.0,0.0,0.0,0.0,0.0,0.0,0.0,,,,,,,,,67.07257754723497,69.8845528092739,,68.96341714446704,,,,,,,,,,,69.8845528092739,,"rgba(38, 166, 154, 1.0)"
2025-02-28 00:00:00+00:00,69.3015082033,69.4205829597,67.9420714015,69.0435128978,593858,0.0,0.0,0.0,0.0,0.0,0.0,0.0,0.0,,,,,,,,,67.2524739791135,69.88074474934542,,68.9623117303828,,,,,,,,,,,69.88074474934542,,"rgba(38, 166, 154, 1.0)"
2025-03-03 00:00:00+00:00,68.2000667069,70.2243375651,67.8527653342,69.2221250324,459365,0.0,0.0,0.0,0.0,0.0,0.0,0.0,0.0,,,,,,,,,67.3597310468847,69.87743882702172,,68.96003147097406,,,,,,,,,,,69.87743882702172,,"rgba(38, 166, 154, 1.0)"
2025-03-04 00:00:00+00:00,69.0732815869,69.2310556391,67.6443845106,68.4084475306,496333,0.0,0.0,0.0,0.0,0.0,0.0,0.0,0.0,,,,,,,,,67.45186102278849,69.87354115284528,,68.95631331656939,,,,,,,,,,,69.87354115284528,,"rgba(38, 166, 154, 1.0)"
2025-03-05 00:00:00+00:00,68.9343610378,69.1080117242,67.8428424378,67.8428424378,442652,0.0,0.0,0.0,0.0,0.0,0.0,0.0,0.0,,,,,,,,,67.52232085802237,69.87002608850972,,68.95284792210587,,,,,,,,,,,69.87002608850972,,"rgba(38, 166, 154, 1.0)"
2025-03-06 00:00:00+00:00,68.8450549706,68.9641297269,67.4856181688,68.1405293287,437570,0.0,0.0,0.0,0.0,0.0,0.0,0.0,0.0,,,,,,,,,67.5731412993099,69.86602315327248,,68.9474588312267,,,,,,,,,,,69.86602315327248,,"rgba(38, 166, 154, 1.0)"
2025-03-07 00:00:00+00:00,70.0953399124,71.2364729942,68.284411326,68.7855175924,606190,0.0,0.0,0.0,0.0,0.0,0.0,0.0,0.0,,,,,,,,,67.73835263160424,69.86604639406848,,68.9605150764078,,,,,,,,,,,69.86604639406848,,"rgba(38, 166, 154, 1.0)"
2025-03-10 00:00:00+00:00,72.3676831796,72.7645990342,69.6190408869,69.6190408869,1401171,0.0,0.0,0.0,0.0,0.0,0.0,0.0,0.0,,,,,,,,,68.28612517556773,69.88116041418102,,69.04342985102636,,,,,,,,,,,69.88116041418102,,"rgba(38, 166, 154, 1.0)"
2025-03-11 00:00:00+00:00,70.5517931451,72.5462953142,70.085417016,72.4272205578,473452,0.0,0.0,0.0,0.0,0.0,0.0,0.0,0.0,,,,,,,,,68.41356188670987,69.88465830391851,,69.06475179090903,,,,,,,,,,,69.88465830391851,,"rgba(38, 166, 154, 1.0)"
2025-03-12 00:00:00+00:00,70.6708679015,71.1678500949,69.7762999533,70.5615318189,441624,0.0,0.0,0.0,0.0,0.0,0.0,0.0,0.0,,,,,,,,,68.50083877092462,69.88646075938048,,69.07913496152578,,,,,,,,,,,69.88646075938048,,"rgba(38, 166, 154, 0.75)"
2025-03-13 00:00:00+00:00,71.0585140123,71.4660394109,69.6023561857,69.726601734,456243,0.0,0.0,0.0,0.0,0.0,0.0,0.0,0.0,,,,,,,,,68.59072744974753,69.88879716118552,,69.09540574524743,,,,,,,,,,,69.88879716118552,,"rgba(38, 166, 154, 0.75)"
2025-03-14 00:00:00+00:00,71.4163411916,71.8536855218,70.7603246963,71.2274879581,286212,0.0,0.0,0.0,0.0,0.0,0.0,0.0,0.0,,,,,,,,,68.65927357356085,69.8913846872422,,69.10939678806304,,,,,,,,,,,69.8913846872422,,"rgba(38, 166, 154, 0.75)"
2025-03-17 00:00:00+00:00,72.2612109203,72.4898227293,70.8994797104,70.8994797104,342598,0.0,0.0,0.0,0.0,0.0,0.0,0.0,0.0,,,,,,,,,68.75259635852863,69.8956173525954,,69.1299103954426,,,,,,,,,,,69.8956173525954,,"rgba(38, 166, 154, 0.75)"
2025-03-18 00:00:00+00:00,71.6648322883,72.2015730571,71.4312506574,71.7145305076,384822,0.0,0.0,0.0,0.0,0.0,0.0,0.0,0.0,,,,,,,,,68.84747807305207,69.900070244563,,69.1516245390538,,,,,,,,,,,69.900070244563,,"rgba(38, 166, 154, 0.75)"
2025-03-19 00:00:00+00:00,71.3268843968,71.7145305076,70.33292001,71.4958583425,431405,0.0,0.0,0.0,0.0,0.0,0.0,0.0,0.0,,,,,,,,,68.92512447956378,69.90333040182556,,69.16967945335419,,,,,,,,,,,69.90333040182556,,"rgba(38, 166, 154, 0.75)"
2025-03-20 00:00:00+00:00,71.5853151373,71.8139269463,70.7901436279,70.9392382859,388605,0.0,0.0,0.0,0.0,0.0,0.0,0.0,0.0,,,,,,,,,68.99876528200627,69.90690220154127,,69.18788360776219,,,,,,,,,,,69.90690220154127,,"rgba(38, 166, 154, 0.75)"
2025-03-21 00:00:00+00:00,71.2076086703,71.6151340689,70.6211696821,70.8497814911,890896,0.0,0.0,0.0,0.0,0.0,0.0,0.0,0.0,,,,,,,,,69.13619618989229,69.91367125953221,,69.22394334942153,,,,,,,,,,,69.91367125953221,,"rgba(38, 166, 154, 0.75)"
2025-03-24 00:00:00+00:00,70.7205661208,71.684711576,70.0993383791,70.6907471892,549220,0.0,0.0,0.0,0.0,0.0,0.0,0.0,0.0,,,,,,,,,69.20061977562392,69.9167583420606,,69.24200864539533,,,,,,,,,,,69.9167583420606,,"rgba(38, 166, 154, 0.75)"
2025-03-25 00:00:00+00:00,70.7901436279,71.6051944251,70.0049117623,71.1280915194,502444,0.0,0.0,0.0,0.0,0.0,0.0,0.0,0.0,,,,,,,,,69.25425343038395,69.91945810953334,,69.25783079785641,,,,,,,,,,,69.91945810953334,,"rgba(38, 166, 154, 0.75)"
2025-03-26 00:00:00+00:00,69.3886538425,70.9143891762,68.2754137293,70.3627389416,650761,0.0,0.0,0.0,0.0,0.0,0.0,0.0,0.0,,,,,,,,,69.26557067283477,69.91790731469415,,69.26131410443955,,,,,,,,,,,69.91790731469415,,#000000
2025-03-27 00:00:00+00:00,69.6868431585,70.0595798036,69.1799213213,69.5278088566,295370,0.0,0.0,0.0,0.0,0.0,0.0,0.0,0.0,,,,,,,,,69.27255244770996,69.91741462351257,,69.26354473371475,,,,,,,,,,,69.91741462351257,,#000000
2025-03-28 00:00:00+00:00,70.1440667765,70.3875880512,69.6470845831,69.8955756798,316683,0.0,0.0,0.0,0.0,0.0,0.0,0.0,0.0,,,,,,,,,69.28789329277026,69.91768640059058,,69.2685129587532,,,,,,,,,,,69.91768640059058,,#000000
2025-03-31 00:00:00+00:00,70.3428596538,70.5416525312,69.1501023897,69.428412418,469138,0.0,0.0,0.0,0.0,0.0,0.0,0.0,0.0,,,,,,,,,69.30820272739054,69.91795143961359,,69.27531989255934,,,,,,,,,,,69.91795143961359,,#000000
2025-04-01 00:00:00+00:00,70.3428596538,70.7205661208,69.3737443767,70.3229803661,385669,0.0,0.0,0.0,0.0,0.0,0.0,0.0,0.0,,,,,,,,,69.32709028271454,69.91847900285767,,69.28182604479267,,,,,,,,,,,69.91847900285767,,#000000
2025-04-02 00:00:00+00:00,70.859721135,70.9591175736,69.7961792411,69.9253946114,320992,0.0,0.0,0.0,0.0,0.0,0.0,0.0,0.0,,,,,,,,,69.34940632005762,69.91967164787728,,69.28959489298794,,,,,,,,,,,69.91967164787728,,#000000
2025-04-03 00:00:00+00:00,70.3925578732,72.2313919887,70.33292001,70.9988761491,612832,0.0,0.0,0.0,0.0,0.0,0.0,0.0,0.0,,,,,,,,,69.40500418186137,69.92357295099897,,69.30938159531625,,,,,,,,,,,69.92357295099897,,#000000
2025-04-04 00:00:00+00:00,67.9275261939,69.5427183224,66.9931996703,68.9214905807,781317,0.0,0.0,0.0,0.0,0.0,0.0,0.0,0.0,,,,,,,,,69.35307918160518,69.91535645640408,,69.29245543328906,,,,,,,,,,,69.91535645640408,,"rgba(239, 83, 80, 0.5)"
2025-04-07 00:00:00+00:00,67.8579486868,70.9591175736,66.6950103543,66.9633807387,909480,0.0,0.0,0.0,0.0,0.0,0.0,0.0,0.0,,,,,,,,,69.31393327766274,69.90776737193914,,69.27923041106149,,,,,,,,,,,69.90776737193914,,"rgba(239, 83, 80, 1.0)"
2025-04-08 00:00:00+00:00,65.9992352835,68.822094142,65.0052708967,68.822094142,724239,0.0,0.0,0.0,0.0,0.0,0.0,0.0,0.0,,,,,,,,,69.21813479245681,69.89370162418044,,69.24403145021441,,,,,,,,,,,69.89370162418044,,"rgba(239, 83, 80, 1.0)"
2025-04-09 00:00:00+00:00,69.0308266632,69.6272052953,64.001366866,65.8302613377,798638,1.0,69.627205,64.001366,0.0,0.0,0.0,0.0,0.0,,,,,,,,67.5531329415,69.15555617122953,69.88274830156956,,69.21980566692021,,,,,,,,,,,69.88274830156956,,"rgba(239, 83, 80, 0.75)"
2025-04-10 00:00:00+00:00,68.1163794274,68.5636634014,66.565794984,67.8281297552,441951,0.0,0.0,0.0,0.0,0.0,0.0,0.0,0.0,,,,,,,,67.62277117982018,69.12688984720808,69.87723581640641,,69.20823324039416,,,,,,,,,,,69.87723581640641,,"rgba(239, 83, 80, 0.75)"
2025-04-11 00:00:00+00:00,69.6073260076,69.7166620901,66.8341653684,68.4742066066,542275,0.0,0.0,0.0,0.0,0.0,0.0,0.0,0.0,,,,,,,,67.95631652151356,69.11695067468793,69.87357776834874,,69.20356016067468,,,,,,,,,,,69.87357776834874,,"rgba(239, 83, 80, 0.75)"
2025-04-14 00:00:00+00:00,70.0645496255,70.3925578732,69.1899603616,69.5973863637,512155,0.0,0.0,0.0,0.0,0.0,0.0,0.0,0.0,,,,,,,,68.38613027262187,69.13418520543466,69.87360388330073,,69.20963376180993,,,,,,,,,,,69.87360388330073,,#000000
2025-04-15 00:00:00+00:00,70.6509886137,71.1380311633,70.0645496255,70.2732821467,398816,0.0,0.0,0.0,0.0,0.0,0.0,0.0,0.0,,,,,,,,68.716532139899,69.15975150969611,69.87532405212437,,69.21937769195199,,,,,,,,,,,69.87532405212437,,#000000
2025-04-16 00:00:00+00:00,69.9253946114,70.8299022034,69.353865089,70.4720750241,394342,0.0,0.0,0.0,0.0,0.0,0.0,0.0,0.0,,,,,,,,68.88506986427298,69.17443781475762,69.87569129743525,,69.22492943370334,,,,,,,,,,,69.87569129743525,,#000000
2025-04-17 00:00:00+00:00,71.157910451,71.5704056715,69.7564206656,69.7564206656,514025,0.0,0.0,0.0,0.0,0.0,0.0,0.0,0.0,,,,,,,,69.16235606463546,69.20978116490261,69.87851404393027,,69.2390061910138,,,,,,,,,,,69.87851404393027,,"rgba(38, 166, 154, 0.5)"
2025-04-21 00:00:00+00:00,70.3428596538,71.0386347246,69.5973863637,70.9193589982,292084,0.0,0.0,0.0,0.0,0.0,0.0,0.0,0.0,,,,,,,,69.24965512932721,69.22317693380008,69.87926677393611,,69.24440365873461,,,,,,,,,,,69.87926677393611,,"rgba(38, 166, 154, 0.5)"
2025-04-22 00:00:00+00:00,72.062418043,72.1717541255,71.1380311633,71.2274879581,542890,0.0,0.0,0.0,0.0,0.0,0.0,0.0,0.0,,,,,,,,69.56055705188031,69.27918491404289,69.8852205320199,,69.2676832759696,,,,,,,,,,,69.8852205320199,,"rgba(38, 166, 154, 0.5)"
2025-04-23 00:00:00+00:00,71.2076086703,72.8724990182,70.5366827092,72.5594002364,380082,0.0,0.0,0.0,0.0,0.0,0.0,0.0,0.0,,,,,,,,69.71665082913978,69.31317656589734,69.88881887796703,,69.28212835395001,,,,,,,,,,,69.88881887796703,,"rgba(38, 166, 154, 0.5)"
2025-04-24 00:00:00+00:00,72.2810902081,73.0762617175,71.6201038909,71.9729612482,396411,0.0,0.0,0.0,0.0,0.0,0.0,0.0,0.0,,,,,,,,69.91503373518825,69.3597103305356,69.89433689540101,,69.30218476139868,,,,,,,,,,,69.89433689540101,,"rgba(38, 166, 154, 1.0)"
2025-04-25 00:00:00+00:00,72.7184345383,73.1060806491,71.7344097953,71.8536855218,264021,0.0,0.0,0.0,0.0,0.0,0.0,0.0,0.0,,,,,,,,70.04057409785104,69.39188736828622,69.89829006673614,,69.31624382329589,,,,,,,,,,,69.89829006673614,,"rgba(38, 166, 154, 1.0)"
2025-04-28 00:00:00+00:00,72.7780724015,72.9371067034,72.1618144817,72.5693398803,238521,0.0,0.0,0.0,0.0,0.0,0.0,0.0,0.0,,,,,,,,70.14844246637283,69.42136480376638,69.90199523925726,,69.3292566814038,,,,,,,,,,,69.90199523925726,,"rgba(38, 166, 154, 1.0)"
2025-04-29 00:00:00+00:00,73.116020293,73.3458248592,72.2562410984,72.4798830854,375428,0.0,0.0,0.0,0.0,0.0,0.0,0.0,0.0,,,,,,,,70.31839263961268,69.4706542270916,69.90840498535145,,69.35125717636227,,,,,,,,,,,69.90840498535145,,"rgba(38, 166, 154, 1.0)"
2025-04-30 00:00:00+00:00,72.1618144817,72.8426800866,71.4163411916,72.8377102647,935776,0.0,0.0,0.0,0.0,0.0,0.0,0.0,0.0,,,,,,,,70.56099637711205,69.56157022424503,69.92021219456095,,69.39337155428024,,,,,,,,,,,69.92021219456095,,"rgba(38, 166, 154, 1.0)"
2025-05-01 00:00:00+00:00,71.3765826161,72.9321368814,71.2573068897,72.1220559062,369548,0.0,0.0,0.0,0.0,0.0,0.0,0.0,0.0,,,,,,,,70.6256611434416,69.59200971943848,69.92424660773557,,69.40796568630869,,,,,,,,,,,69.92424660773557,,"rgba(38, 166, 154, 0.5)"
2025-05-02 00:00:00+00:00,71.7741683708,72.3407280713,71.4163411916,71.6946512199,289684,0.0,0.0,0.0,0.0,0.0,0.0,0.0,0.0,,,,,,,,70.6715666804354,69.61519241471007,69.9273784701208,,69.41923179085721,,,,,,,,,,,69.9273784701208,,"rgba(38, 166, 154, 0.5)"
2025-05-05 00:00:00+00:00,70.7404454085,71.2175483142,70.2832217906,70.8845702446,347588,0.0,0.0,0.0,0.0,0.0,0.0,0.0,0.0,,,,,,,,70.67483328722827,69.62900435548572,69.92898008097032,,69.42656034220337,,,,,,,,,,,69.92898008097032,,#000000
2025-05-06 00:00:00+00:00,71.5952547812,72.0673878649,70.6012903944,70.7106264769,368232,0.0,0.0,0.0,0.0,0.0,0.0,0.0,0.0,,,,,,,,70.7075471302104,69.65187852274856,69.93206276796542,,69.43815574507992,,,,,,,,,,,69.93206276796542,,#000000
2025-05-07 00:00:00+00:00,71.8735648095,72.2910298519,71.2274879581,71.4958583425,432596,0.0,0.0,0.0,0.0,0.0,0.0,0.0,0.0,,,,,,,,70.76090827386585,69.6835709692791,69.93657842409918,,69.45415752066413,,,,,,,,,,,69.93657842409918,,"rgba(38, 166, 154, 0.5)"
2025-05-08 00:00:00+00:00,73.6627007057,76.3066459746,72.1618144817,75.7599655619,574430,0.0,0.0,0.0,0.0,0.0,0.0,0.0,0.0,,,,,,,,70.96131713355032,69.76744946739733,69.9497389455505,,69.49512454647372,,,,,,,,,,,69.9497389455505,,"rgba(38, 166, 154, 0.5)"
2025-05-09 00:00:00+00:00,74.3783550642,74.54732901,73.6627007057,73.7521575005,321853,0.0,0.0,0.0,0.0,0.0,0.0,0.0,0.0,,,,,,,,71.0683047656282,69.81467618773925,69.95734912012976,,69.51851871037384,,,,,,,,,,,69.95734912012976,,"rgba(38, 166, 154, 1.0)"
2025-05-12 00:00:00+00:00,73.6229421303,75.9985170147,72.5991588119,75.8891809322,477772,0.0,0.0,0.0,0.0,0.0,0.0,0.0,0.0,,,,,,,,71.20894540892546,69.88104276969912,69.96827055095173,,69.55192082660747,,,,,,,,,,,69.96827055095173,,"rgba(38, 166, 154, 1.0)"
2025-05-13 00:00:00+00:00,72.9371067034,74.2491396939,72.7681327576,73.8316746515,461509,0.0,0.0,0.0,0.0,0.0,0.0,0.0,0.0,,,,,,,,71.30016835234498,69.9320130172223,69.97683418386356,,69.57841081026336,,,,,,,,,,,69.97683418386356,,"rgba(38, 166, 154, 1.0)"
2025-05-14 00:00:00+00:00,72.5991588119,73.4788172942,71.5256772741,73.3346924581,519713,0.0,0.0,0.0,0.0,0.0,0.0,0.0,0.0,,,,,,,,71.35749679587981,69.97476088233066,69.98417626787807,,69.60164137541601,,,,,,,,,,,69.98417626787807,,"rgba(38, 166, 154, 0.5)"
2025-05-15 00:00:00+00:00,74.7063633119,74.8256390383,73.2551753071,73.7620971444,372928,0.0,0.0,0.0,0.0,0.0,0.0,0.0,0.0,,,,,,,,71.45118285112821,70.02470765200346,69.99297048879698,,69.62777562212152,,,,,,,,,,,69.99297048879698,,"rgba(38, 166, 154, 0.75)"
2025-05-16 00:00:00+00:00,74.5274497222,75.0095224498,73.9608900218,74.5075704345,433739,0.0,0.0,0.0,0.0,0.0,0.0,0.0,0.0,,,,,,,,71.56138382192258,70.08452141213552,70.00371836826156,,69.65934006917581,,,,,,,,,,,70.00371836826156,,"rgba(38, 166, 154, 1.0)"
2025-05-19 00:00:00+00:00,74.7958201067,74.9349751208,73.5533646232,74.3584757765,408911,0.0,0.0,0.0,0.0,0.0,0.0,0.0,0.0,,,,,,,,71.65587200701539,70.13857857930438,70.01364436064205,,69.6882929068069,,,,,,,,,,,70.01364436064205,,"rgba(38, 166, 154, 1.0)"
2025-05-20 00:00:00+00:00,73.4241492529,74.7660011751,73.1955374439,74.467811859,276750,0.0,0.0,0.0,0.0,0.0,0.0,0.0,0.0,,,,,,,,71.7025551755917,70.16912144782356,70.0193775951561,,69.70509973768499,,,,,,,,,,,70.0193775951561,,"rgba(38, 166, 154, 1.0)"
2025-05-21 00:00:00+00:00,72.44012451,73.0374867242,71.8626743696,72.9777505028,349791,0.0,0.0,0.0,0.0,0.0,0.0,0.0,0.0,,,,,,,,71.72252967181846,70.19291567598158,70.02402011718402,,69.71920763371715,,,,,,,,,,,70.02402011718402,,"rgba(38, 166, 154, 0.5)"
2025-05-22 00:00:00+00:00,70.6380818304,71.4793669488,70.1104118745,71.4743889303,342848,1.0,71.47937,70.11041,0.0,0.0,0.0,0.0,0.0,,,,,,,70.7426202179,71.69741174394906,70.19848733362038,70.02536468383823,,69.72434342249076,,,,,,,,,,,70.02536468383823,,#000000
2025-05-23 00:00:00+00:00,71.2155319708,71.3997186535,70.2846425204,70.4986973138,306847,0.0,0.0,0.0,0.0,0.0,0.0,0.0,0.0,,,,,,,70.84841917164798,71.68102266777449,70.20539284639719,70.02693830865226,,69.72989802033284,,,,,,,,,,,70.02693830865226,,"rgba(239, 83, 80, 1.0)"
2025-05-27 00:00:00+00:00,72.0717511445,72.231047735,71.3150923399,72.1613554767,325924,0.0,0.0,0.0,0.0,0.0,0.0,0.0,0.0,,,,,,,71.1905763277684,71.6854807783465,70.22116235241177,70.0302099964305,,69.74002628788934,,,,,,,,,,,70.0302099964305,,"rgba(239, 83, 80, 1.0)"
2025-05-28 00:00:00+00:00,72.2111356612,72.7587176909,71.6436415577,72.7587176909,366365,0.0,0.0,0.0,0.0,0.0,0.0,0.0,0.0,,,,,,,71.4673795717366,71.69870910695147,70.24202749916518,70.03453376928245,,69.75305157567433,,,,,,,,,,,70.03453376928245,,#000000
2025-05-29 00:00:00+00:00,73.3162557575,73.6448049753,72.7288495802,72.8284099492,404851,0.0,0.0,0.0,0.0,0.0,0.0,0.0,0.0,,,,,,,71.87588211474285,71.74065512589196,70.27636422979569,70.04154031301883,,69.77324035692678,,,,,,,,,,,70.04154031301883,,#000000
2025-05-30 00:00:00+00:00,74.0032223038,74.5209362228,72.848322023,73.1470031301,478839,0.0,0.0,0.0,0.0,0.0,0.0,0.0,0.0,,,,,,,72.28786977422126,71.80499472616522,70.32349198735743,70.05123852699474,,69.80064364794328,,,,,,,,,,,70.05123852699474,,"rgba(38, 166, 154, 0.5)"
2025-06-02 00:00:00+00:00,73.4257721634,73.9584201378,72.9380259155,73.7443653443,324119,0.0,0.0,0.0,0.0,0.0,0.0,0.0,0.0,,,,,,,72.43441773009143,71.83901907192364,70.3515321077756,70.05716278712559,,69.81737244768524,,,,,,,,,,,70.05716278712559,,"rgba(38, 166, 154, 0.5)"
2025-06-03 00:00:00+00:00,74.8395294037,74.9879739139,73.674673086,74.0530024883,373263,0.0,0.0,0.0,0.0,0.0,0.0,0.0,0.0,,,,,,,72.69827727473415,71.90128697831643,70.39407303971794,70.06608899190388,,69.84202868890124,,,,,,,,,,,70.06608899190388,,"rgba(38, 166, 154, 1.0)"
2025-06-04 00:00:00+00:00,73.8737938241,75.4070235072,73.7344093074,75.1282544739,258543,0.0,0.0,0.0,0.0,0.0,0.0,0.0,0.0,,,,,,,72.83155759871848,71.9401483668544,70.42188692966636,70.0720252569083,,69.85836560301395,,,,,,,,,,,70.0720252569083,,"rgba(38, 166, 154, 1.0)"
2025-06-05 00:00:00+00:00,74.7897492192,75.0286941049,73.5054204586,74.0530024883,479207,0.0,0.0,0.0,0.0,0.0,0.0,0.0,0.0,,,,,,,73.04227459429168,72.0119475975903,70.47374305495643,70.08324882664908,,69.88902227221857,,,,,,,,,,,70.08324882664908,,"rgba(38, 166, 154, 1.0)"
2025-06-06 00:00:00+00:00,77.4280989986,78.423702689,76.6266380279,76.6614841571,578320,0.0,0.0,0.0,0.0,0.0,0.0,0.0,0.0,,,,,,,73.64943642640486,72.19546834669646,70.58135329025114,70.10614781739804,,69.94991504852756,,,,,,,,,,,70.10614781739804,,"rgba(38, 166, 154, 1.0)"
2025-06-09 00:00:00+00:00,77.48783522,78.3626721828,77.1294178915,77.8860766962,387780,0.0,0.0,0.0,0.0,0.0,0.0,0.0,0.0,,,,,,,73.98555881274898,72.31546283279827,70.6533807609379,70.12176881896643,,69.99109489794672,,,,,,,,,,,70.12176881896643,,"rgba(38, 166, 154, 1.0)"
2025-06-10 00:00:00+00:00,78.6526915378,79.0459549954,77.5376154046,77.5376154046,493081,0.0,0.0,0.0,0.0,0.0,0.0,0.0,0.0,,,,,,,74.41185620358904,72.48106749539443,70.75248416797935,70.14351111578333,,70.04789951426318,,,,,,,,,,,70.14351111578333,,"rgba(38, 166, 154, 1.0)"
2025-06-11 00:00:00+00:00,79.349614121,79.8299929016,78.8518122758,79.1504933829,503120,0.0,0.0,0.0,0.0,0.0,0.0,0.0,0.0,,,,,,,74.85313587323087,72.66614798098182,70.86301638581993,70.1680654782628,,70.11144525613804,,,,,,,,,,,70.1680654782628,,"rgba(38, 166, 154, 1.0)"
2025-06-12 00:00:00+00:00,78.8020320913,79.3147679918,77.9358568807,78.1349776188,321727,0.0,0.0,0.0,0.0,0.0,0.0,0.0,0.0,,,,,,,75.0604693121871,72.76817390906616,70.92683685425422,70.18257475451783,,70.14875632430257,,,,,,,,,,,70.18257475451783,,"rgba(38, 166, 154, 1.0)"
2025-06-13 00:00:00+00:00,78.5929553163,78.8020320913,77.8960327331,78.115065545,307851,0.0,0.0,0.0,0.0,0.0,0.0,0.0,0.0,,,,,,,75.22638492692734,72.85855972665188,70.98497026219485,70.19599882388043,,70.18310246040187,,,,,,,,,,,70.19599882388043,,"rgba(38, 166, 154, 1.0)"
2025-06-16 00:00:00+00:00,79.6881193757,80.484602328,79.3396580841,79.7279435233,365004,0.0,0.0,0.0,0.0,0.0,0.0,0.0,0.0,,,,,,,75.48071250565668,72.9881936861292,71.06554762474376,70.2145687648374,,70.23034297531066,,,,,,,,,,,70.2145687648374,,"rgba(38, 166, 154, 1.0)"
2025-06-17 00:00:00+00:00,79.767767671,80.7086131583,78.8518122758,79.6084710805,645431,0.0,0.0,0.0,0.0,0.0,0.0,0.0,0.0,,,,,,,75.86241530667068,73.20405853838628,71.20352544571432,70.2470228286934,,70.3122291557222,,,,,,,,,,,70.2470228286934,,"rgba(38, 166, 154, 1.0)"
2025-06-18 00:00:00+00:00,84.5864895323,85.0643793036,80.4646902542,81.002316247,1108610,0.0,0.0,0.0,0.0,0.0,0.0,0.0,0.0,,,,,,,76.85683793550571,73.73068996793425,71.52583033485774,70.32309771555963,,70.50186007029316,,,,,,,,,,,70.32309771555963,,"rgba(38, 166, 154, 1.0)"
2025-06-20 00:00:00+00:00,83.7999626169,85.6219173702,83.6058198973,84.8553025286,1344349,0.0,0.0,0.0,0.0,0.0,0.0,0.0,0.0,,,,,,,77.89258825023713,74.35781008335714,71.92468684811534,70.42094990140015,,,,,,,,,,,,,70.42094990140015,,"rgba(38, 166, 154, 1.0)"
2025-06-23 00:00:00+00:00,86.2093235475,86.3386524669,84.3774127573,84.6462257537,881665,0.0,0.0,0.0,0.0,0.0,0.0,0.0,0.0,,,,,,,78.53727314520046,74.77882617323121,72.19904568456859,70.49030619669294,,,,,,,,,,,,,70.49030619669294,,"rgba(38, 166, 154, 1.0)"
2025-06-24 00:00:00+00:00,85.9106424404,86.8166417986,85.487510872,86.5577848391,504822,0.0,0.0,0.0,0.0,0.0,0.0,0.0,0.0,,,,,,,78.87985098970975,75.01503226152346,72.35611885792024,70.53085271894403,,,,,,,,,,,,,70.53085271894403,,"rgba(38, 166, 154, 1.0)"
2025-06-25 00:00:00+00:00,84.9747749715,85.8857523482,84.5765334953,85.7413898131,516564,0.0,0.0,0.0,0.0,0.0,0.0,0.0,0.0,,,,,,,79.15841791175681,75.22731600122363,72.50260096866239,70.56966552119901,,,,,,,,,,,,,70.56966552119901,,"rgba(38, 166, 154, 1.0)"
2025-06-26 00:00:00+00:00,85.024555156,85.7886809884,84.6561817906,84.9946870453,397239,0.0,0.0,0.0,0.0,0.0,0.0,0.0,0.0,,,,,,,79.35670254034792,75.38477838852643,72.61307788541778,70.59939470985178,,,,,,,,,,,,,70.59939470985178,,"rgba(38, 166, 154, 0.75)"
2025-06-27 00:00:00+00:00,83.7800505431,85.4924888905,83.3419849193,84.815478381,1168380,0.0,0.0,0.0,0.0,0.0,0.0,0.0,0.0,,,,,,,79.78632532197152,75.77784790534507,72.90329187797356,70.68046696216943,,,,,,,,,,,,,70.68046696216943,,"rgba(38, 166, 154, 0.75)"
2025-06-30 00:00:00+00:00,83.3917651038,83.8894673886,81.9680518266,83.4515013253,555723,1.0,83.889465,81.96805,0.0,0.0,0.0,0.0,0.0,,,,,,83.083094773,79.91966066952246,75.92948217000716,73.02308761958513,70.71551940220297,,,,,,,,,,,,,70.71551940220297,,"rgba(38, 166, 154, 0.75)"
2025-07-01 00:00:00+00:00,84.3873687942,85.4825328536,83.2623366241,84.5765334953,598374,0.0,0.0,0.0,0.0,0.0,0.0,0.0,0.0,,,,,,83.75417028011728,80.10568700300647,76.11416543656098,73.16515986330747,70.75696803169443,,,,,,,,,,,,,70.75696803169443,,"rgba(38, 166, 154, 0.75)"
2025-07-02 00:00:00+00:00,84.2678963513,85.7214777393,83.7700945062,85.7214777393,675792,0.0,0.0,0.0,0.0,0.0,0.0,0.0,0.0,,,,,,84.06155214428966,80.30736289441681,76.31830523916818,73.32431132788483,70.80419186543944,,,,,,,,,,,,,70.80419186543944,,"rgba(38, 166, 154, 0.75)"
2025-07-03 00:00:00+00:00,87.3243996807,87.4637841974,85.1042034512,85.3431483369,468406,0.0,0.0,0.0,0.0,0.0,0.0,0.0,0.0,,,,,,84.5851790645753,80.49866467606479,76.48770195093574,73.45160073412144,70.84156199003556,,,,,,,,,,,,,70.84156199003556,,"rgba(38, 166, 154, 0.75)"
2025-07-07 00:00:00+00:00,86.6573452082,87.911805858,86.2860845921,86.9759383891,561981,0.0,0.0,0.0,0.0,0.0,0.0,0.0,0.0,,,,,,85.05015699477269,80.72468543058794,76.6899406831477,73.60478371660307,70.88707210039536,,,,,,,,,,,,,70.88707210039536,,"rgba(38, 166, 154, 0.75)"
2025-07-08 00:00:00+00:00,86.0699390309,86.4184003225,85.1738957096,85.4675987982,533119,0.0,0.0,0.0,0.0,0.0,0.0,0.0,0.0,,,,,,85.18169381398204,80.89070808423648,76.85553496518438,73.73558624974001,70.92716327142637,,,,,,,,,,,,,70.92716327142637,,"rgba(38, 166, 154, 0.75)"
2025-07-09 00:00:00+00:00,87.7525092676,88.0412343378,86.4930705993,86.9361142415,643788,0.0,0.0,0.0,0.0,0.0,0.0,0.0,0.0,,,,,,85.54004984687823,81.13511933873089,77.08052809219544,73.90944793568308,70.9802514218117,,,,,,,,,,,,,70.9802514218117,,"rgba(38, 166, 154, 0.75)"
2025-07-10 00:00:00+00:00,88.1607067806,88.2104869651,86.3885322118,86.6374331344,428251,0.0,0.0,0.0,0.0,0.0,0.0,0.0,0.0,,,,,,85.7363189172604,81.29165270017408,77.22716556986109,74.02399708936889,71.0157137737689,,,,,,,,,,,,,71.0157137737689,,"rgba(38, 166, 154, 1.0)"
2025-07-11 00:00:00+00:00,87.4637841974,88.0860365038,86.5876529499,87.0058064998,528169,0.0,0.0,0.0,0.0,0.0,0.0,0.0,0.0,,,,,,85.91008055070732,81.46852415283809,77.39896397741954,74.16053639241933,71.05869719371388,,,,,,,,,,,,,71.05869719371388,,"rgba(38, 166, 154, 1.0)"
2025-07-14 00:00:00+00:00,87.1551470534,87.4339160867,86.2989278797,87.1750591272,533576,0.0,0.0,0.0,0.0,0.0,0.0,0.0,0.0,,,,,,86.01169352401662,81.62519111889056,77.55971556568966,74.29140983636042,71.10078963605639,,,,,,,,,,,,,71.10078963605639,,"rgba(38, 166, 154, 0.75)"
2025-07-15 00:00:00+00:00,86.3785761749,87.1153229057,86.0002467726,86.7469495403,407902,0.0,0.0,0.0,0.0,0.0,0.0,0.0,0.0,,,,,,86.0451193888763,81.72914854526374,77.67311227995143,74.38606497884835,71.1318798578508,,,,,,,,,,,,,71.1318798578508,,"rgba(38, 166, 154, 0.75)"
2025-07-16 00:00:00+00:00,87.0754987581,87.085454795,85.6020052964,86.3586641011,500093,0.0,0.0,0.0,0.0,0.0,0.0,0.0,0.0,,,,,,86.08728098949499,81.8529871578411,77.80964441372419,74.50097293132806,71.17004723193594,,,,,,,,,,,,,71.17004723193594,,"rgba(38, 166, 154, 0.5)"
2025-07-17 00:00:00+00:00,87.9317179318,88.1457727253,86.9958504629,87.2148832748,573620,0.0,0.0,0.0,0.0,0.0,0.0,0.0,0.0,,,,,,86.21854330412772,82.01882562169746,77.98023997366599,74.64193119634704,71.21671152831927,,,,,,,,,,,,,71.21671152831927,,"rgba(38, 166, 154, 0.5)"
2025-07-18 00:00:00+00:00,89.4350795043,89.6740243899,88.2652451681,88.4195637401,560718,0.0,0.0,0.0,0.0,0.0,0.0,0.0,0.0,,,,,,86.4338254678173,82.21080731745099,78.16519269734809,74.79165890868983,71.26601962506344,,,,,,,,,,,,,71.26601962506344,,"rgba(38, 166, 154, 1.0)"
2025-07-21 00:00:00+00:00,89.2060906555,90.4505952684,89.0368380281,89.8831011649,307567,0.0,0.0,0.0,0.0,0.0,0.0,0.0,0.0,,,,,,86.55606553033981,82.31819380132639,78.26802673534306,74.87496020628426,71.2936142471269,,,,,,,,,,,,,71.2936142471269,,"rgba(38, 166, 154, 1.0)"
2025-07-22 00:00:00+00:00,89.982661534,90.136980106,89.2260027293,89.3952553567,425202,0.0,0.0,0.0,0.0,0.0,0.0,0.0,0.0,,,,,,86.721275956656,82.46589103627821,78.40985137403099,74.9902679879322,71.33207843189452,,,,,,,,,,,,,71.33207843189452,,"rgba(38, 166, 154, 1.0)"
2025-07-23 00:00:00+00:00,90.0125296447,91.4013967927,89.7934968328,91.1076937041,395994,0.0,0.0,0.0,0.0,0.0,0.0,0.0,0.0,,,,,,86.8888646458662,82.60951101319729,78.54586572536653,75.10050093340385,71.3689568841983,,,90.40247442340001,,,,,,,,,,71.3689568841983,,"rgba(38, 166, 154, 1.0)"
2025-07-24 00:00:00+00:00,88.6983327734,89.564507984,88.5091680722,88.5738823121,445982,0.0,0.0,0.0,0.0,0.0,0.0,0.0,0.0,,,,,,86.98812203201814,82.73563170750525,78.67675573212058,75.21096196469607,71.4071072620869,,,89.61935035848302,,,,,,,,,,71.4071072620869,,"rgba(38, 166, 154, 0.75)"
2025-07-25 00:00:00+00:00,89.0866182126,89.1662665079,88.5888163675,88.8576293639,311548,0.0,0.0,0.0,0.0,0.0,0.0,0.0,0.0,,,,,,87.05267045710625,82.82110718554839,78.76645230102802,75.28721374433024,71.43369481813741,,,89.43782262090387,,,,,,,,,,71.43369481813741,,"rgba(38, 166, 154, 0.5)"
2025-07-28 00:00:00+00:00,88.0014101902,88.9571897329,88.0014101902,88.8874974746,347167,0.0,0.0,0.0,0.0,0.0,0.0,0.0,0.0,,,,,,87.09755237309585,82.90415305564788,78.8585306211348,75.36733611459425,71.46216963463871,,,89.1792284429574,,,,,,,,,,71.46216963463871,,"rgba(38, 166, 154, 0.5)"
2025-07-29 00:00:00+00:00,87.7624653045,88.2901352604,87.2248393117,87.9715420794,413779,0.0,0.0,0.0,0.0,0.0,0.0,0.0,0.0,,,,,,87.12434697816936,82.98999774014902,78.95961455740658,75.45747466191067,71.49485785666262,,,88.87230274846654,,,,,,,,,,71.49485785666262,,"rgba(38, 166, 154, 0.5)"
2025-07-30 00:00:00+00:00,89.0368380281,90.2713866042,88.4494318508,88.6336185335,584839,0.0,0.0,0.0,0.0,0.0,0.0,0.0,0.0,,,,,,87.23957606860336,83.14269240793287,79.12222684252636,75.59786122621131,71.54505849297708,,,88.96128121659358,,,,,,,,,,71.54505849297708,,"rgba(38, 166, 154, 0.5)"
2025-07-31 00:00:00+00:00,89.0169259543,89.873145128,88.0412343378,88.0412343378,470451,0.0,0.0,0.0,0.0,0.0,0.0,0.0,0.0,,,,,,87.3120936118782,83.25492315187184,79.24589525161534,75.70649633637767,71.584609953501,,,88.96378741656804,,,,,,,,,,71.584609953501,,"rgba(38, 166, 154, 0.5)"
2025-08-01 00:00:00+00:00,88.3200033711,89.3653872459,87.5633445664,89.0169259543,442446,0.0,0.0,0.0,0.0,0.0,0.0,0.0,0.0,,,,,,87.35379645316499,83.34663705961844,79.35286080092237,75.80281662398025,71.6204493501549,,,88.89278996653347,,,,,,,,,,71.6204493501549,,"rgba(38, 166, 154, 0.5)"
2025-08-04 00:00:00+00:00,87.9914541533,88.4494318508,87.5932126771,87.6828170092,447711,0.0,0.0,0.0,0.0,0.0,0.0,0.0,0.0,,,,,,87.37800270445635,83.42903162020548,79.45386570242722,75.89572708764625,71.65568971421835,,,88.79055380347079,,,,,,,,,,71.65568971421835,,"rgba(38, 166, 154, 0.5)"
2025-08-05 00:00:00+00:00,84.8553025286,85.9703786618,84.2330502222,85.2236758941,843944,0.0,0.0,0.0,0.0,0.0,0.0,0.0,0.0,,,,,,87.22496892190566,83.48028345986515,79.57361959319356,76.02476241925338,71.70963199052204,,,88.11398340069785,,,,,,,,,,71.70963199052204,,#000000
2025-08-06 00:00:00+00:00,84.8254344179,85.0046430822,83.7598397882,84.0588195764,792304,1.0,85.00465,83.75984,0.0,0.0,0.0,0.0,0.0,,,,,84.52997242943333,87.0702227641882,83.51110533879181,79.67175464248112,76.1362086702755,71.75803045865798,,,87.59732747268681,,,,,84.52997242943333,,,,,71.75803045865798,,"rgba(239, 83, 80, 1.0)"
2025-08-07 00:00:00+00:00,86.9460702784,87.0257185736,84.2977644621,84.6362697168,711219,0.0,0.0,0.0,0.0,0.0,0.0,0.0,0.0,,,,,85.2678496361967,87.0221679709666,83.57732999279185,79.78383474614542,76.25192521845561,71.80643383798433,,,87.42460643030195,,,,,85.2678496361967,,,,,71.80643383798433,,"rgba(239, 83, 80, 1.0)"
2025-08-08 00:00:00+00:00,86.2989278797,87.7525092676,85.7065436839,87.2248393117,405375,0.0,0.0,0.0,0.0,0.0,0.0,0.0,0.0,,,,,85.54777167160283,87.01031321352615,83.62073377116141,79.85087278281186,76.3199504660723,71.83482964530964,,,87.37319783188369,,,,,85.54777167160283,,,,,71.83482964530964,,"rgba(239, 83, 80, 1.0)"
2025-08-11 00:00:00+00:00,87.1651030903,87.3044876069,85.8708182928,86.5478288022,475745,0.0,0.0,0.0,0.0,0.0,0.0,0.0,0.0,,,,,85.79363292815535,87.00319820922628,83.67333366204551,79.93010185031956,76.40013919041002,71.86845266194639,,,87.33339450466349,,,,,85.79363292815535,,,,,71.86845266194639,,"rgba(239, 83, 80, 0.75)"
2025-08-12 00:00:00+00:00,88.4792999615,88.4892559984,87.040652629,87.6629049354,453734,0.0,0.0,0.0,0.0,0.0,0.0,0.0,0.0,,,,,86.14682649861305,87.03183117774327,83.74100840927454,80.01718766866948,76.48435719106517,71.90299778520499,,,87.37368152925482,,,,,86.14682649861305,,,,,71.90299778520499,,#000000
2025-08-13 00:00:00+00:00,89.0965742495,89.4749036519,88.5265911368,89.2060906555,493041,0.0,0.0,0.0,0.0,0.0,0.0,0.0,0.0,,,,,86.57392657087007,87.0922138344261,83.82938279168155,80.12164158384233,76.58255302712524,71.94275812841268,,,87.47547750141156,,,,,86.57392657087007,,,,,71.94275812841268,,"rgba(38, 166, 154, 0.5)"
2025-08-14 00:00:00+00:00,87.9715420794,89.2359587662,87.8421135997,89.2359587662,507414,0.0,0.0,0.0,0.0,0.0,0.0,0.0,0.0,,,,,86.80866966747281,87.13009772177836,83.90576575559338,80.21859716880144,76.67656439574921,71.9818580562295,,,87.5274142556819,,,,,86.80866966747281,,,,,71.9818580562295,,"rgba(38, 166, 154, 0.5)"
2025-08-15 00:00:00+00:00,89.355431209,89.7138485376,86.9460702784,87.7425532307,604995,0.0,0.0,0.0,0.0,0.0,0.0,0.0,0.0,,,,,87.06231915862513,87.1835483663958,83.99988827402122,80.33571340392359,76.78974787826482,72.02914652513854,,,87.60309868820467,,,,,87.06231915862513,,,,,72.02914652513854,,"rgba(38, 166, 154, 0.5)"
2025-08-18 00:00:00+00:00,91.6154515861,91.6652317707,89.6342002423,89.8233649435,942653,0.0,0.0,0.0,0.0,0.0,0.0,0.0,0.0,,,,,87.7464619719798,87.37769385064954,84.20800981909674,80.56046155193863,76.99522820733641,72.11240428815714,,,87.91779113867607,,,,,87.7464619719798,,,,,72.11240428815714,,"rgba(38, 166, 154, 0.5)"
2025-08-19 00:00:00+00:00,92.3820664277,92.5015388705,90.6895401541,91.3466385897,795089,0.0,0.0,0.0,0.0,0.0,0.0,0.0,0.0,,,,,88.2752617279428,87.56333431894139,84.39589163476514,80.75828862143827,77.17466709071124,72.18533470161682,,,88.20556941136249,,,,,88.2752617279428,,,,,72.18533470161682,,"rgba(38, 166, 154, 0.5)"
2025-08-20 00:00:00+00:00,91.9937809885,92.9746292884,91.4155799376,92.5620130557,572974,0.0,0.0,0.0,0.0,0.0,0.0,0.0,0.0,,,,,88.60208132028947,87.69568969452645,84.53036535848406,80.89997730513838,77.30364636032517,72.23827575292242,,,88.40170919445518,,,,,88.60208132028947,,,,,72.23827575292242,,"rgba(38, 166, 154, 0.5)"
2025-08-21 00:00:00+00:00,92.3127884648,92.5420750884,91.2311537404,91.3906574785,329949,0.0,0.0,0.0,0.0,0.0,0.0,0.0,0.0,,,,,88.76166937691426,87.76685038168957,84.60471638609916,80.97927060989115,77.37642403569946,72.2684830895033,,,88.5032257415929,,,,,88.76166937691426,,,,,72.2684830895033,,"rgba(38, 166, 154, 0.5)"
2025-08-22 00:00:00+00:00,94.5558097828,95.06921244,92.7514237448,93.0804002047,584708,0.0,0.0,0.0,0.0,0.0,0.0,0.0,0.0,,,,,89.17061217993209,87.94667535241867,84.76912432623901,81.1431920635799,77.52184849735076,72.32744445744211,,,88.76891409518834,,,,,89.17061217993209,,,,,72.32744445744211,,"rgba(38, 166, 154, 1.0)"
2025-08-25 00:00:00+00:00,92.362633383,94.5657787664,92.0137189557,94.5657787664,541548,0.0,0.0,0.0,0.0,0.0,0.0,0.0,0.0,,,,,89.42191097192404,88.07516598393049,84.89839049282898,81.278339238992,77.64517148607742,72.37891751385685,,,88.94552725073545,,,,,89.42191097192404,,,,,72.37891751385685,,"rgba(38, 166, 154, 0.5)"
2025-08-26 00:00:00+00:00,91.295952134,92.1632537103,89.955123835,91.814339283,796143,0.0,0.0,0.0,0.0,0.0,0.0,0.0,0.0,,,,,89.5736103494009,88.18594314728993,85.03952748045195,81.4410957839546,77.80158110435183,72.44739868395521,,,89.07284406914482,,,,,89.5736103494009,,,,,72.44739868395521,,"rgba(38, 166, 154, 0.5)"
2025-08-27 00:00:00+00:00,92.0236879394,92.1233777757,91.0965724613,91.0965724613,562036,0.0,0.0,0.0,0.0,0.0,0.0,0.0,0.0,,,,,89.7013171942437,88.27462222948041,85.14496244869014,81.55981915142536,77.91478188187367,72.49700996446562,,,89.17818201382609,,,,,89.7013171942437,,,,,72.49700996446562,,"rgba(38, 166, 154, 0.5)"
2025-08-28 00:00:00+00:00,92.6816408593,92.9109274829,91.8791376767,92.0735328576,440045,0.0,0.0,0.0,0.0,0.0,0.0,0.0,0.0,,,,,89.82394678766794,88.35523039647555,85.23425552946676,81.65751963512805,78.0068277218133,72.53716705237291,,,89.2772519337675,,,,,89.82394678766794,,,,,72.53716705237291,,"rgba(38, 166, 154, 0.5)"
2025-08-29 00:00:00+00:00,91.6049906267,93.1800900411,91.4753938394,92.6517339084,737659,0.0,0.0,0.0,0.0,0.0,0.0,0.0,0.0,,,,,89.97927289480401,88.47111767508795,85.37110443400053,81.81147748524157,78.15431685171097,72.60276799076651,,,89.4113904930633,,,,,89.97927289480401,,,,,72.60276799076651,,"rgba(38, 166, 154, 0.5)"
2025-09-02 00:00:00+00:00,90.6878441322,90.6878441322,88.8037062251,89.6710078014,608683,1.0,90.68784,88.8037,0.0,0.0,0.0,0.0,0.0,,,,90.05979816316666,89.9835893198648,88.5108116410613,85.44711552926701,81.91074093307012,78.25634081950213,72.65097119718563,,,89.43596676960685,,,,,89.9835893198648,,,,,72.65097119718563,,"rgba(38, 166, 154, 0.5)"
2025-09-03 00:00:00+00:00,90.8872238049,91.1264794122,90.0124454909,90.7675960013,479086,0.0,0.0,0.0,0.0,0.0,0.0,0.0,0.0,,,,90.33092009301399,90.01159484785187,88.55255854768828,85.51298720669487,81.992981479562,78.33954520285113,72.69005943805908,,,89.4718705999747,,,,,90.01159484785187,,,,,72.69005943805908,,"rgba(38, 166, 154, 0.5)"
2025-09-04 00:00:00+00:00,91.4155799376,91.4355179049,90.1794259668,90.2791158032,395782,0.0,0.0,0.0,0.0,0.0,0.0,0.0,0.0,,,,90.51213173218977,90.0439099755165,88.59110141144463,85.56961466793533,82.06234197999996,78.40928838460228,72.72282204289425,,,89.50782379998516,,,,,90.0439099755165,,,,,72.72282204289425,,"rgba(38, 166, 154, 0.5)"
2025-09-05 00:00:00+00:00,90.8174409195,92.3227574484,89.7607286541,92.0236879394,369907,0.0,0.0,0.0,0.0,0.0,0.0,0.0,0.0,,,,90.60290797744766,90.07100886849486,88.62542323416189,85.62108337580686,82.12590175911548,78.47356030229815,72.75326488334233,,,89.53901612845705,,,,,90.07100886849486,,,,,72.75326488334233,,#000000
2025-09-08 00:00:00+00:00,90.338929705,91.4355179049,89.9650928186,91.4355179049,402774,0.0,0.0,0.0,0.0,0.0,0.0,0.0,0.0,,,,90.59879118499947,90.08677052751183,88.65568932858316,85.67204203067934,82.19109946479105,78.54065340307677,72.78559520727569,,,89.56269185394567,,,,,90.08677052751183,,,,,72.78559520727569,,#000000
2025-09-09 00:00:00+00:00,89.9800462941,90.2990537704,89.4217832105,90.1395500323,379105,0.0,0.0,0.0,0.0,0.0,0.0,0.0,0.0,,,,90.4983093057561,90.08148774527511,88.67356995796803,85.7125483692269,82.24665647815974,78.59960153852819,72.81476065260858,,,89.56976848961989,,,,,90.08148774527511,,,,,72.81476065260858,,#000000
2025-09-10 00:00:00+00:00,90.7675960013,91.2859831503,90.0298912123,90.2890847868,423885,0.0,0.0,0.0,0.0,0.0,0.0,0.0,0.0,,,,90.52549206823518,90.10030893018569,88.70551975295471,85.7653469265189,82.31418360965034,78.66937387794235,72.84876403347916,,,89.59552537753532,,,,,90.10030893018569,,,,,72.84876403347916,,#000000
2025-09-11 00:00:00+00:00,91.6348975776,92.2430055794,90.5183714104,90.5981232795,394898,0.0,0.0,0.0,0.0,0.0,0.0,0.0,0.0,,,,90.63295144368936,90.13827041185615,88.74557875584429,85.82107502428023,82.38182736589476,78.73777551566441,72.88168943320343,,,89.63458566420864,,,,,90.13827041185615,,,,,72.88168943320343,,#000000
2025-09-12 00:00:00+00:00,91.1663553467,91.6947114794,90.7077820995,91.2760141667,250513,0.0,0.0,0.0,0.0,0.0,0.0,0.0,0.0,,,,90.67059398082776,90.15649551760568,88.76787740923628,85.85416602013768,82.42293554473305,78.77985778995372,72.9022070440181,,,89.654922539682,,,,,90.15649551760568,,,,,72.9022070440181,,#000000
2025-09-15 00:00:00+00:00,91.4654248558,92.0137189557,90.4884644595,91.0517120349,380451,0.0,0.0,0.0,0.0,0.0,0.0,0.0,0.0,,,,90.7313104869029,90.18640583491792,88.80279110427688,85.90488066419456,82.48557281891215,78.84390512252702,72.93350492462774,,,89.68739894288399,,,,,90.18640583491792,,,,,72.93350492462774,,#000000
2025-09-16 00:00:00+00:00,90.7675960013,91.9539050539,90.6878441322,91.405610954,359089,0.0,0.0,0.0,0.0,0.0,0.0,0.0,0.0,,,,90.76404561367856,90.20886348976916,88.83251030376593,85.95027750995389,82.54266153630779,78.90286651996452,72.96265009652089,,,89.7135535787624,,,,,90.20886348976916,,,,,72.96265009652089,,#000000
2025-09-17 00:00:00+00:00,92.252974563,93.7184151574,91.8043702994,92.0835018412,828987,0.0,0.0,0.0,0.0,0.0,0.0,0.0,0.0,,,,91.05140349953159,90.3321811330966,88.9398798677804,86.08071452322858,82.6934622417114,79.05278752287431,73.03493913200933,,,89.82869391937002,,,,,90.3321811330966,,,,,73.03493913200933,,"rgba(38, 166, 154, 0.5)"
2025-09-18 00:00:00+00:00,93.7084461738,94.4461509628,92.143315743,92.143315743,503244,0.0,0.0,0.0,0.0,0.0,0.0,0.0,0.0,,,,91.25885813515072,90.4266120973585,89.01644662700792,86.1673329059593,82.79040889712878,79.14775971815509,73.08043903814041,,,89.91413566492565,,,,,90.4266120973585,,,,,73.08043903814041,,"rgba(38, 166, 154, 0.5)"
2025-09-19 00:00:00+00:00,92.2031296448,93.6886078963,91.9539050539,93.4990975174,1097554,0.0,0.0,0.0,0.0,0.0,0.0,0.0,0.0,,,,91.47542536215012,90.56293608688765,89.14541376173015,86.32886358020198,82.98010817812967,79.33899317820284,73.17501425617294,,,90.0469308535487,,,,,90.56293608688765,,,,,73.17501425617294,,"rgba(38, 166, 154, 0.5)"
2025-09-22 00:00:00+00:00,92.3825713503,92.6816408593,91.3557660358,92.1134087921,497212,0.0,0.0,0.0,0.0,0.0,0.0,0.0,0.0,,,,91.52025282906314,90.60621570436534,89.19325283556321,86.39407343013416,83.05953463622407,79.42081199795174,73.21651783313783,,,90.09253206746975,,,,,90.60621570436534,,,,,73.21651783313783,,"rgba(38, 166, 154, 0.5)"
2025-09-23 00:00:00+00:00,93.4891285338,93.5489424356,91.7082692971,92.0635638739,407179,0.0,0.0,0.0,0.0,0.0,0.0,0.0,0.0,,,,91.59328807957358,90.65697259534012,89.24131960585213,86.45345651291586,83.1290279088575,79.49107827789517,73.25175832224355,,,90.14201501755569,,,,,90.65697259534012,,,,,73.25175832224355,,"rgba(38, 166, 154, 0.5)"
2025-09-24 00:00:00+00:00,92.5520440721,93.947701781,92.4673077112,93.2199659756,334168,0.0,0.0,0.0,0.0,0.0,0.0,0.0,0.0,,,,91.65078049869786,90.69829444616032,89.28062132971667,86.50193539353312,83.18575572246229,79.54851383924068,73.28069365625248,,,90.18239089841646,,,,,90.69829444616032,,,,,73.28069365625248,,"rgba(38, 166, 154, 0.5)"
2025-09-25 00:00:00+00:00,93.4193456483,93.5290044683,92.143315743,92.6018889902,463913,0.0,0.0,0.0,0.0,0.0,0.0,0.0,0.0,,,,91.72541475341096,90.75428796205513,89.33443159876995,86.56848007944441,83.26376444105252,79.62768787717509,73.32080751104048,,,90.2373833974883,,,,,90.75428796205513,,,,,73.32080751104048,,"rgba(38, 166, 154, 0.5)"
2025-09-26 00:00:00+00:00,94.5757477501,94.6854065701,92.990679352,93.209996992,404408,0.0,0.0,0.0,0.0,0.0,0.0,0.0,0.0,,,,91.8316195776124,90.82254505902029,89.39310954409575,86.63466959402204,83.3379918644322,79.70131682124894,73.35750515959295,,,90.30105492521757,,,,,90.82254505902029,,,,,73.35750515959295,,"rgba(38, 166, 154, 0.5)"
2025-09-29 00:00:00+00:00,95.2636076209,95.4928942445,94.0324381419,94.7053445373,488012,0.0,0.0,0.0,0.0,0.0,0.0,0.0,0.0,,,,91.99128779465788,90.92169258219515,89.47443900098133,86.72190003626311,83.43316309423878,79.79434075222632,73.40341692585683,,,90.39169970685408,,,,,90.92169258219515,,,,,73.40341692585683,,"rgba(38, 166, 154, 1.0)"
2025-09-30 00:00:00+00:00,95.9514674918,96.6193893953,95.1041038827,96.2006920827,519143,0.0,0.0,0.0,0.0,0.0,0.0,0.0,0.0,,,,92.19401597038413,91.04612794535583,89.57317570522072,86.82334619767686,83.54103428634087,79.89827035274945,73.4542165487988,,,90.50394155453972,,,,,91.04612794535583,,,,,73.4542165487988,,"rgba(38, 166, 154, 1.0)"
2025-10-01 00:00:00+00:00,100.0088438314,100.8362694732,95.2735766045,95.3134525391,934187,0.0,0.0,0.0,0.0,0.0,0.0,0.0,0.0,,,,92.75101335180238,91.37637069516873,89.81923171470316,87.0552915520866,83.77369360450581,80.11427237189827,73.55644837540422,,,90.79448743505169,,,,,91.37637069516873,,,,,73.55644837540422,,"rgba(38, 166, 154, 1.0)"
2025-10-02 00:00:00+00:00,99.6200534696,100.7663868979,98.4803992604,98.9621005497,453231,0.0,0.0,0.0,0.0,0.0,0.0,0.0,0.0,,,,93.02478552566174,91.54531087094104,89.94571264298507,87.17318438804877,83.89078586474274,80.22236640167073,73.60754536271548,,,90.9436354132498,,,,,91.54531087094104,,,,,73.60754536271548,,"rgba(38, 166, 154, 1.0)"
2025-10-03 00:00:00+00:00,100.9858042277,101.3247496713,99.7895261914,100.1384406187,519530,0.0,0.0,0.0,0.0,0.0,0.0,0.0,0.0,,,,93.36001358989857,91.75537356062567,90.1024460812184,87.3170968584205,84.03194671336513,80.35161041376315,73.66828731226789,,,91.12899499280164,,,,,91.75537356062567,,,,,73.66828731226789,,"rgba(38, 166, 154, 1.0)"
2025-10-06 00:00:00+00:00,103.8070265965,104.0163752529,101.5141603604,101.5141603604,703715,0.0,0.0,0.0,0.0,0.0,0.0,0.0,0.0,,,,93.904753089631,92.09772081148365,90.35430370932188,87.54148794314312,84.24654761874781,80.54454446827391,73.75743487547555,,,91.42964536616759,,,,,92.09772081148365,,,,,73.75743487547555,,"rgba(38, 166, 154, 1.0)"
2025-10-07 00:00:00+00:00,104.4948864674,105.0930254855,103.0394148566,103.6475228584,614663,0.0,0.0,0.0,0.0,0.0,0.0,0.0,0.0,,,,94.38409565889039,92.40842355331272,90.58467797083033,87.74577105621474,84.44074842540485,80.71846642867442,73.83775302031258,,,91.70368650523774,,,,,92.40842355331272,,,,,73.83775302031258,,"rgba(38, 166, 154, 1.0)"
2025-10-08 00:00:00+00:00,106.6182799818,107.2562949344,104.8438008946,105.4718468637,630933,0.0,0.0,0.0,0.0,0.0,0.0,0.0,0.0,,,,94.92438773886659,92.76328907145546,90.84738805783788,87.97554400123501,84.65627284624775,80.90955539367819,73.92523977957902,,,92.01674943206639,,,,,92.76328907145546,,,,,73.92523977957902,,"rgba(38, 166, 154, 1.0)"
2025-10-09 00:00:00+00:00,106.3092414891,107.1167291635,105.3322810928,107.1167291635,579046,0.0,0.0,0.0,0.0,0.0,0.0,0.0,0.0,,,,95.37918269566143,93.0736204486206,91.08105310807446,88.1816026926977,84.85047563015725,81.08251914085241,74.00514988218755,,,92.29268695193744,,,,,93.0736204486206,,,,,74.00514988218755,,"rgba(38, 166, 154, 1.0)"
2025-10-10 00:00:00+00:00,103.6375538747,107.2762329017,103.438174202,106.44880726,724227,0.0,0.0,0.0,0.0,0.0,0.0,0.0,0.0,,,,95.82884118453693,93.4011446834785,91.33616772695302,88.41245388065016,85.07217311245383,81.28312295807004,74.10001414985526,,,92.58834456774612,,,,,93.4011446834785,,,,,74.10001414985526,,"rgba(38, 166, 154, 0.75)"
2025-10-13 00:00:00+00:00,106.9572254254,106.9721789008,105.1727773546,105.1727773546,529495,0.0,0.0,0.0,0.0,0.0,0.0,0.0,0.0,,,,96.18478325558648,93.66097115959694,91.53801913152694,88.59314633944143,85.2439359158683,81.43739010439758,74.17256186955048,,,92.82273328865618,,,,,93.66097115959694,,,,,74.17256186955048,,"rgba(38, 166, 154, 0.75)"
2025-10-14 00:00:00+00:00,107.8943098871,108.7616114634,104.9858589114,106.1796447018,515628,0.0,0.0,0.0,0.0,0.0,0.0,0.0,0.0,,,,96.5359880247992,93.9203798611889,91.74036865478126,88.77386090827456,85.4151555697286,81.59084401877637,74.24474618604245,,,93.05723916588995,,,,,93.9203798611889,,,,,74.24474618604245,,"rgba(38, 166, 154, 0.75)"
2025-10-15 00:00:00+00:00,108.8712702834,109.5641146461,107.4592634412,108.8014873979,820421,0.0,0.0,0.0,0.0,0.0,0.0,0.0,0.0,,,,97.11927212278796,94.3551595047327,92.08030716126066,89.075834703089,85.69951433047937,81.84457722615616,74.36386214201245,,,93.45083404056378,,,,,94.3551595047327,,,,,74.36386214201245,,"rgba(38, 166, 154, 0.75)"
2025-10-16 00:00:00+00:00,110.0974552705,110.7354702232,108.7416734961,109.539192187,745373,0.0,0.0,0.0,0.0,0.0,0.0,0.0,0.0,,,,97.6539616320157,94.76054515493212,92.3995259812325,89.35904780666392,85.96538840468534,82.0813756287292,74.47521707578777,,,93.81909660919337,,,,,94.76054515493212,,,,,74.47521707578777,,"rgba(38, 166, 154, 0.75)"
2025-10-17 00:00:00+00:00,108.3528831343,110.685625305,107.8743719198,108.9011772343,1033910,0.0,0.0,0.0,0.0,0.0,0.0,0.0,0.0,,,,98.27659566454135,95.25793161323445,92.80223654960203,89.72289130395178,86.31130003412163,82.3930062457031,74.62468195342336,,,94.27658382030667,,,,,95.25793161323445,,,,,74.62468195342336,,"rgba(38, 166, 154, 0.75)"
2025-10-20 00:00:00+00:00,109.5092852361,109.6887269415,108.6718906107,109.0108360543,499637,0.0,0.0,0.0,0.0,0.0,0.0,0.0,0.0,,,,98.56182743155968,95.49132863221772,92.99361594384469,89.89675792885237,86.47706188762746,82.54280410827845,74.69711418896092,,,94.49249361758298,,,,,95.49132863221772,,,,,74.69711418896092,,"rgba(38, 166, 154, 0.75)"
2025-10-21 00:00:00+00:00,105.1329014201,108.1535034616,104.4948864674,108.1535034616,606857,0.0,0.0,0.0,0.0,0.0,0.0,0.0,0.0,,,,98.78644676200291,95.6979829177746,93.17342081165297,90.06791811889684,86.64599831515339,82.69992376898325,74.77617110001763,,,94.68879628032198,,,,,95.6979829177746,,,,,74.77617110001763,,"rgba(38, 166, 154, 0.75)"
2025-10-22 00:00:00+00:00,103.7970576129,106.3142259809,101.9727336076,105.7310404382,671345,0.0,0.0,0.0,0.0,0.0,0.0,0.0,0.0,,,,98.95751442043745,95.87655528911625,93.33783155175057,90.23088817162399,86.81142637464936,82.85728628773762,74.85786056992887,,,94.86285826494746,,,,,95.87655528911625,,,,,74.85786056992887,,"rgba(38, 166, 154, 0.5)"
2025-10-23 00:00:00+00:00,104.3553206965,104.9933356492,103.4581121693,104.4251035819,339365,0.0,0.0,0.0,0.0,0.0,0.0,0.0,0.0,,,,99.04371931726736,95.96652429938715,93.42089103112683,90.31324354374266,86.89501133496587,82.93684795726686,74.89932085848179,,,94.9506493785331,,,,,95.96652429938715,,,,,74.89932085848179,,"rgba(38, 166, 154, 0.5)"
2025-10-24 00:00:00+00:00,106.01017198,106.1696757182,104.6643591892,105.4120329619,300893,0.0,0.0,0.0,0.0,0.0,0.0,0.0,0.0,,,,99.13693624120548,96.05736736926842,93.50249200008382,90.3924227786991,86.97414311320948,83.0113165585048,74.93766336972217,,,95.03817437971084,,,,,96.05736736926842,,,,,74.93766336972217,,"rgba(38, 166, 154, 0.5)"
2025-10-27 00:00:00+00:00,106.2893035218,106.747876769,104.8836768292,106.5684350636,374380,0.0,0.0,0.0,0.0,0.0,0.0,0.0,0.0,,,,99.25551569838869,96.17219194881072,93.60547363861873,90.49209902472526,87.07354976102913,83.10475289128681,74.98579336609885,,,95.14871781936185,,,,,96.17219194881072,,,,,74.98579336609885,,"rgba(38, 166, 154, 0.5)"
2025-10-28 00:00:00+00:00,105.9603270618,106.9173494908,105.2824361746,106.2793345382,385040,0.0,0.0,0.0,0.0,0.0,0.0,0.0,0.0,,,,99.37465369462888,96.28848339645508,93.71030000374901,90.59381312247484,87.17513449236843,83.20039218828478,75.03526533383317,,,95.26092217852502,,,,,96.28848339645508,,,,,75.03526533383317,,"rgba(38, 166, 154, 0.5)"
2025-10-29 00:00:00+00:00,106.9273184745,109.5690991379,106.4587762436,106.9073805072,609296,0.0,0.0,0.0,0.0,0.0,0.0,0.0,0.0,,,,99.59800961889383,96.49623781845604,93.89363915770679,90.7684418161882,87.34710493182152,83.36058767560414,75.11724727462412,,,95.45944278115738,,,,,96.49623781845604,,,,,75.11724727462412,,"rgba(38, 166, 154, 0.5)"
2025-10-30 00:00:00+00:00,104.7839869928,107.460659099,104.5347624019,106.1198308,755125,0.0,0.0,0.0,0.0,0.0,0.0,0.0,0.0,,,,99.7920189473457,96.69779620250343,94.0812614495729,90.95417536141194,87.53506170632687,83.53965457448537,75.21188786231714,,,95.65674194906677,,,,,96.69779620250343,,,,,75.21188786231714,,"rgba(38, 166, 154, 0.5)"
2025-10-31 00:00:00+00:00,106.0400789309,106.5036366699,105.1029944692,105.1029944692,560513,0.0,0.0,0.0,0.0,0.0,0.0,0.0,0.0,,,,99.93488039791252,96.84640431990897,94.22008488174369,91.09172348963934,87.67428678131827,83.67243607281968,75.28242318662063,,,95.80241432828579,,,,,96.84640431990897,,,,,75.28242318662063,,"rgba(38, 166, 154, 0.5)"
2025-11-03 00:00:00+00:00,107.485581558,107.6450852962,105.35221906,106.5484970963,665766,0.0,0.0,0.0,0.0,0.0,0.0,0.0,0.0,,,,100.12172286987864,97.03461408418941,94.39381896075797,91.26207724301108,87.84537962572368,83.83474171914088,75.36835866820839,,,95.98586891925916,,,,,97.03461408418941,,,,,75.36835866820839,,"rgba(38, 166, 154, 0.5)"
2025-11-04 00:00:00+00:00,108.3130071998,112.8987396721,108.3130071998,111.9367327513,929483,0.0,0.0,0.0,0.0,0.0,0.0,0.0,0.0,,,,100.47615315211888,97.36311714999506,94.68540328058201,91.53870718735068,88.11631906027554,84.08677817363828,75.49897344339048,,,96.30043856108567,,,,,97.36311714999506,,,,,75.49897344339048,,"rgba(38, 166, 154, 0.5)"
2025-11-05 00:00:00+00:00,113.5168166575,115.3610786301,109.9379515324,110.276896976,1124799,0.0,0.0,0.0,0.0,0.0,0.0,0.0,0.0,,,,101.00284275509328,97.83203069813979,95.0930301118808,91.91745930082627,88.4808833428359,84.42121883594506,75.66985249712862,,,96.7453322328832,112.93861560666666,,,,97.83203069813979,,,,,75.66985249712862,,"rgba(38, 166, 154, 0.5)"
2025-11-06 00:00:00+00:00,114.3940872175,115.0420711538,112.7230861805,114.653280792,718317,0.0,0.0,0.0,0.0,0.0,0.0,0.0,0.0,,,,101.34580367191522,98.13801594142437,95.35962649786813,92.16485657855344,88.71850554728273,84.63896107671466,75.78140411198417,,,,113.37295604400455,,,,98.13801594142437,,,,,75.78140411198417,,"rgba(38, 166, 154, 1.0)"
2025-11-07 00:00:00+00:00,113.1280262957,114.0202503311,111.6526167177,112.9485845903,730612,0.0,0.0,0.0,0.0,0.0,0.0,0.0,0.0,,,,101.64748098636557,98.41654568935914,95.6074194890617,92.39829676259006,88.9452261499352,84.84886722947421,75.89090256404204,,,,113.24824353936084,,,,98.41654568935914,,,,,75.89090256404204,,"rgba(38, 166, 154, 1.0)"
2025-11-10 00:00:00+00:00,114.1149556757,115.1417609901,113.5467236084,114.5834979065,689327,0.0,0.0,0.0,0.0,0.0,0.0,0.0,0.0,,,,101.95004084185328,98.69317301367765,95.85240373407377,92.62778532955393,89.16695961545138,85.05335010144358,75.9973231491893,,,,113.46362974963746,,,,98.69317301367765,,,,,75.9973231491893,,"rgba(38, 166, 154, 1.0)"
2025-11-11 00:00:00+00:00,112.4501354085,113.2327006239,111.3834541595,112.9984295085,466734,0.0,0.0,0.0,0.0,0.0,0.0,0.0,0.0,,,,102.11624807525999,98.85272274531545,95.99780949960869,92.7669620155635,89.30362929462198,85.18123834089471,76.06546067826477,,,,113.3249531456548,,,,98.85272274531545,,,,,76.06546067826477,,"rgba(38, 166, 154, 1.0)"
2025-11-12 00:00:00+00:00,110.9747258305,112.6993599994,108.8513323161,112.6993599994,697752,0.0,0.0,0.0,0.0,0.0,0.0,0.0,0.0,,,,102.31974959114265,99.05844182784558,96.19079175503246,92.95560515190071,89.4917474856499,85.35968242065725,76.16262026555316,,,,112.93362512560536,,,,99.05844182784558,,,,,76.16262026555316,,"rgba(38, 166, 154, 0.5)"
2025-11-13 00:00:00+00:00,107.5553644435,111.0345397323,107.4257676562,110.795284125,576819,0.0,0.0,0.0,0.0,0.0,0.0,0.0,0.0,,,,102.43990392075362,99.19290059780099,96.32350527667985,93.090043711264,89.62924272503147,85.49293273953728,76.23753125140925,,,,112.44240358255642,,,,99.19290059780099,,,,,76.23753125140925,,"rgba(38, 166, 154, 0.5)"
2025-11-14 00:00:00+00:00,108.253193298,108.3130071998,104.7750149076,106.3590864072,585434,0.0,0.0,0.0,0.0,0.0,0.0,0.0,0.0,,,,102.52794237675516,99.30376644476141,96.43870986645881,93.21074740736245,89.75553563224598,85.61763746825521,76.30957331055941,,,,111.88431830563887,,,,99.30376644476141,,,,,76.30957331055941,,"rgba(38, 166, 154, 0.5)"
2025-11-17 00:00:00+00:00,107.4257676562,109.2720856622,106.8369419138,108.2541157346,348843,0.0,0.0,0.0,0.0,0.0,0.0,0.0,0.0,,,,102.58695834531373,99.37441263610046,96.51081706540272,93.2854192765782,89.83305973930861,85.69376814032432,76.35335662405103,,,,111.64703966303139,,,,99.37441263610046,,,,,76.35335662405103,,#000000
2025-11-18 00:00:00+00:00,107.3259666829,108.6583096764,106.5425290426,106.9467229844,453246,0.0,0.0,0.0,0.0,0.0,0.0,0.0,0.0,,,,102.65693108352896,99.46090252140571,96.60041676316881,93.37909557030859,89.93093795903322,85.79041932352368,76.40945727737021,,,,111.35360823986855,,,,99.46090252140571,,,,,76.40945727737021,,#000000
2025-11-19 00:00:00+00:00,108.7631006984,109.2920458569,107.3010164396,107.4058074616,521642,0.0,0.0,0.0,0.0,0.0,0.0,0.0,0.0,,,,102.75022262604563,99.56959637550233,96.71050782009272,93.49248702887452,90.04822550155791,85.90538536896563,76.4757245786231,,,,111.13467905630449,,,,99.56959637550233,,,,,76.4757245786231,,#000000
2025-11-20 00:00:00+00:00,106.357897242,110.4297769525,106.2481161713,109.781070626,486375,0.0,0.0,0.0,0.0,0.0,0.0,0.0,0.0,,,,102.82310318188567,99.65997959996152,96.80468768647553,93.59129869624755,90.15171305608845,86.00789155849073,76.53577667949294,,,,110.90752030916538,,,,99.65997959996152,107.67859678860002,,,,76.53577667949294,,"rgba(239, 83, 80, 1.0)"
2025-11-21 00:00:00+00:00,108.3339565132,108.842941477,106.2481161713,106.8169817191,625841,0.0,0.0,0.0,0.0,0.0,0.0,0.0,0.0,,,,102.91619256149531,99.7751919255027,96.92493752038192,93.7175895049709,90.28407380829535,86.1391607440452,76.61302973802209,,,,110.6658485031777,,,,,107.75160185521916,,,,76.61302973802209,,#000000
2025-11-24 00:00:00+00:00,111.3180056148,111.5176075614,108.6433395304,108.7531206011,728393,0.0,0.0,0.0,0.0,0.0,0.0,0.0,0.0,,,,103.07735516053701,99.94871099927457,97.09534076947277,93.88924989971696,90.45886659455928,86.30864655771163,76.71015896857547,,,,110.6514652275159,,,,,108.83646221184254,,,,76.71015896857547,,#000000
2025-11-25 00:00:00+00:00,113.0046420635,113.0944629395,111.0984434735,111.4277866854,453188,0.0,0.0,0.0,0.0,0.0,0.0,0.0,0.0,,,,103.19910905568277,100.07287268850031,97.21399774348666,94.00635036263617,90.57630368742781,86.4211291835025,76.77370383634002,,,,110.73748857315269,,,,,109.54035284796343,,,,76.77370383634002,,"rgba(38, 166, 154, 0.5)"
2025-11-26 00:00:00+00:00,112.4357765157,114.0026517965,111.8569308706,113.0745027448,516700,0.0,0.0,0.0,0.0,0.0,0.0,0.0,0.0,,,,103.33947218759927,100.21556162343077,97.35026524188608,94.1406877393295,90.71089414861162,86.54998811993744,76.84662004155409,,,,110.84522969277407,,,,,110.13321490997888,,,,76.84662004155409,,"rgba(38, 166, 154, 0.5)"
2025-11-28 00:00:00+00:00,112.685278949,112.8449605062,111.67229907,112.475696905,233049,0.0,0.0,0.0,0.0,0.0,0.0,0.0,0.0,,,,103.39904667398015,100.2770367825935,97.40951404252412,94.19947799330242,90.7700722451883,86.60689432802432,76.87907854392579,,,,110.88163948292038,,,,,110.3068509249093,,,,76.87907854392579,,"rgba(38, 166, 154, 0.5)"
2025-12-01 00:00:00+00:00,110.9287818189,111.6563309143,109.9706924753,111.5475478534,530192,0.0,0.0,0.0,0.0,0.0,0.0,0.0,0.0,,,,103.50887871131249,100.39703363543917,97.52883521427819,94.32056445369103,90.89395331544964,86.72771019628946,76.94949175864784,,,,110.88013775245359,,,,,110.38771842353086,,,,76.94949175864784,,"rgba(38, 166, 154, 0.5)"
2025-12-02 00:00:00+00:00,110.3698963685,112.9946619662,110.2700953952,112.2760949584,400742,0.0,0.0,0.0,0.0,0.0,0.0,0.0,0.0,,,,103.59373163228662,100.48899883667742,97.620023694246,94.41289036750591,90.98824746523452,86.8195814463283,77.00308221268472,,,,110.89233569919855,,,,,110.47078448798707,,,,77.00308221268472,,"rgba(38, 166, 154, 0.5)"
2025-12-03 00:00:00+00:00,111.2381648362,111.4277866854,109.4517274142,110.6493390937,395233,0.0,0.0,0.0,0.0,0.0,0.0,0.0,0.0,,,,103.67017191993529,100.57397485594299,97.70547394688944,94.50025248069211,91.07808802692124,86.90765251380601,77.05499316437975,,,,110.88580492179312,,,,,110.49204964523435,,,,77.05499316437975,,"rgba(38, 166, 154, 0.5)"
2025-12-04 00:00:00+00:00,112.0565328172,113.5685175626,110.689259483,110.689259483,619633,0.0,0.0,0.0,0.0,0.0,0.0,0.0,0.0,,,,103.80994048747431,100.72239461818589,97.8513922954669,94.6470071513483,91.2272225612161,87.05246738308969,77.13942612393082,,,,110.94926112155926,,,,,110.69233535868189,,,,77.13942612393082,,"rgba(38, 166, 154, 0.5)"
2025-12-05 00:00:00+00:00,112.4158163211,113.0794927935,111.2339731953,111.6673090213,924681,0.0,0.0,0.0,0.0,0.0,0.0,0.0,0.0,,,,104.01344947824094,100.93951757792621,98.06578978848306,94.86321524432016,91.44733252473368,87.26668231363386,77.26516750119323,,,,111.042527769427,,,,,110.93480248754892,,,,77.26516750119323,,"rgba(38, 166, 154, 0.5)"
2025-12-08 00:00:00+00:00,110.1603143246,112.8250003116,109.5814686794,112.8250003116,370388,0.0,0.0,0.0,0.0,0.0,0.0,0.0,0.0,,,,104.07895425780026,101.01381360070049,98.14165673477564,94.94154046859548,91.52841476776814,87.34675913987586,77.31329391867553,,,,111.03728165809727,,,,,110.93013415949312,,,,77.31329391867553,,"rgba(38, 166, 154, 0.5)"
2025-12-09 00:00:00+00:00,110.9188017216,113.2741046914,109.9965409274,110.0505332539,824326,0.0,0.0,0.0,0.0,0.0,0.0,0.0,0.0,,,,104.23161623885451,101.1841057387082,98.31436331414167,95.11896708585361,91.71144275140975,87.52709508581775,77.42162864666436,,,,111.05839797049272,,,,,110.98421167030448,,,,77.42162864666436,,"rgba(38, 166, 154, 0.5)"
2025-12-10 00:00:00+00:00,112.8848808955,113.6184180493,110.9188017216,111.1583240575,593358,0.0,0.0,0.0,0.0,0.0,0.0,0.0,0.0,,,,104.35356167755377,101.31583956524818,98.44593170871781,95.25262934024597,91.84821277079816,87.66102250228609,77.50164349714017,,,,111.1158692559766,,,,,111.09898528385268,,,,77.50164349714017,,"rgba(38, 166, 154, 0.5)"
2025-12-11 00:00:00+00:00,114.7711192908,116.4278154476,112.6802889003,113.4637265407,844739,0.0,0.0,0.0,0.0,0.0,0.0,0.0,0.0,,,,104.56547342076423,101.53333663785207,98.65717754810498,95.46274899342829,92.05984438047555,87.86555294674004,77.62190126522285,,,,111.30768162715785,,,,,111.44762315859428,,,,77.62190126522285,,"rgba(38, 166, 154, 0.5)"
2025-12-12 00:00:00+00:00,113.1244032315,115.0206217241,112.2062342771,114.4816964683,643935,0.0,0.0,0.0,0.0,0.0,0.0,0.0,0.0,,,,104.70302402344953,101.67994884808382,98.80295116408443,95.61024185804408,92.21027566737985,88.01263177442968,77.71015370086914,,,,111.39335962873352,,,,,111.58794550355628,,,,77.71015370086914,,"rgba(38, 166, 154, 0.5)"
2025-12-15 00:00:00+00:00,113.2541444967,114.486686517,112.1164134012,114.4816964683,525439,0.0,0.0,0.0,0.0,0.0,0.0,0.0,0.0,,,,104.81009241299401,101.7952988107492,98.91847462526901,95.72771866350223,92.3305265397585,88.13062950175718,77.78151426407754,,,,111.45315219948061,,,,,111.6797602682606,,,,77.78151426407754,,"rgba(38, 166, 154, 0.5)"
2025-12-16 00:00:00+00:00,110.9188017216,114.2122338404,110.6393589964,113.2242042048,814715,0.0,0.0,0.0,0.0,0.0,0.0,0.0,0.0,,,,104.94507408711087,101.94901331020883,99.07735591552206,95.89291939794478,92.50234451752038,88.30163567093285,77.88737360617031,,,,111.4751173935348,,,,,111.6986142381526,,,,77.88737360617031,,"rgba(38, 166, 154, 0.5)"
2025-12-17 00:00:00+00:00,108.6233793358,111.1782842522,106.8768623031,111.1782842522,709263,0.0,0.0,0.0,0.0,0.0,0.0,0.0,0.0,,,,105.0092299993962,102.03956239466784,99.18065144198366,96.00734253752442,92.62652684798502,88.42967401242733,77.97083969459986,,,,111.37422826873633,,,,,111.5215682575513,,,,77.97083969459986,,#000000
2025-12-18 00:00:00+00:00,110.0904536432,111.9667119412,110.0305730593,111.1283837655,619610,0.0,0.0,0.0,0.0,0.0,0.0,0.0,0.0,,,,105.088833631546,102.13706394974817,99.28555257414673,96.11942485659661,92.74533798363468,88.54997341553795,78.04761885729539,,,,111.35184059914393,,,,,111.4784322579796,,,,78.04761885729539,,#000000
2025-12-19 00:00:00+00:00,110.5694983151,111.3279857121,110.0405531566,110.1403541299,1216397,0.0,0.0,0.0,0.0,0.0,0.0,0.0,0.0,,,,105.23746531946605,102.32114577680919,99.48515275994114,96.33382278469006,92.9734614256642,88.78187614266795,78.19707718463371,,,,111.30889016138784,,,,,111.40099743311765,,,,78.19707718463371,,#000000
2025-12-22 00:00:00+00:00,111.9068313572,112.7750998249,110.0355631079,110.9088216243,400990,0.0,0.0,0.0,0.0,0.0,0.0,0.0,0.0,,,,105.29283241826437,102.38665646764602,99.55475865410351,96.40760548061968,93.05127018671978,88.86045502250222,78.24744498340436,,,,111.31407409738611,,,,,111.40610013378335,,,,78.24744498340436,,#000000
2025-12-23 00:00:00+00:00,113.1144231341,114.6214178309,112.5754978783,112.7351794356,469488,0.0,0.0,0.0,0.0,0.0,0.0,0.0,0.0,,,,105.37532694229057,102.47752056458697,99.64773037326432,96.50359975466205,93.15063569122596,88.95926795556886,78.3095126839146,,,,111.36185605843096,,,,,111.4744702753412,,,,78.3095126839146,,#000000
2025-12-24 00:00:00+00:00,114.1822935484,115.155353038,113.0345823555,114.8809003615,291009,0.0,0.0,0.0,0.0,0.0,0.0,0.0,0.0,,,,105.42991304805435,102.5365792340023,99.70757560043027,96.5649516561733,93.21381115461752,89.02182634226229,78.34862535969496,,,,111.39986007769733,,,,,111.52862649932358,,,,78.34862535969496,,"rgba(38, 166, 154, 0.5)"
2025-12-26 00:00:00+00:00,112.7152192409,113.6283981466,112.1263934985,113.3739056647,233511,0.0,0.0,0.0,0.0,0.0,0.0,0.0,0.0,,,,105.46674407118059,102.57826636688628,99.75093934118186,96.61024944758263,93.26109342690341,89.06921036224031,78.37880951439269,,,,111.41540377014364,,,,,111.54951828710269,,,,78.37880951439269,,"rgba(38, 166, 154, 0.5)"
2025-12-29 00:00:00+00:00,112.3958561264,113.1244032315,111.567508048,111.8768910653,475323,0.0,0.0,0.0,0.0,0.0,0.0,0.0,0.0,,,,105.53596787661142,102.65831758442393,99.83524827813063,96.69908158715285,93.35438743794182,89.16322273008447,78.43926813356126,,,,111.43599929181404,,,,,111.57537523082549,,,,78.43926813356126,,"rgba(38, 166, 154, 0.5)"
2025-12-30 00:00:00+00:00,111.4577269774,113.2541444967,111.3080255175,112.6653187543,380088,0.0,0.0,0.0,0.0,0.0,0.0,0.0,0.0,,,,105.58749547940654,102.71907982525357,99.89996576157816,96.7677998351194,93.4269512307389,89.23670953905007,78.48695312706059,,,,111.4457515172133,,,,,111.58607007406172,,,,78.48695312706059,,#000000
2025-12-31 00:00:00+00:00,110.2501352005,111.4976473667,109.9108118913,111.3279857121,348623,0.0,0.0,0.0,0.0,0.0,0.0,0.0,0.0,,,,105.62349974198018,102.76550595934332,99.95166789147662,96.82432769068674,93.4878442571162,89.29942139342143,78.52867986649714,,,,111.43197117150602,,,,,111.56309119984807,,,,78.52867986649714,,#000000
2026-01-02 00:00:00+00:00,113.50364693,113.7930697525,110.4896575364,111.0984434735,462863,0.0,0.0,0.0,0.0,0.0,0.0,0.0,0.0,,,,105.68997997670297,102.84224826980201,100.03261937948693,96.90972710353488,93.57762254682757,89.39006270267559,78.58743538584706,,,,111.45533330864679,,,,,111.59270092248396,,,,78.58743538584706,,#000000
2026-01-05 00:00:00+00:00,114.4916765656,116.7172382701,112.2960551531,116.5475766155,583436,0.0,0.0,0.0,0.0,0.0,0.0,0.0,0.0,,,,105.79463215808981,102.95586646512635,100.1484536692354,97.02898636126608,93.70081568648098,89.51261865903653,78.66534332006597,,,,111.53053240858245,,,,,111.69419819602169,,,,78.66534332006597,,"rgba(38, 166, 154, 0.5)"
2026-01-06 00:00:00+00:00,116.2681338903,117.01664119,113.6309929719,114.8809003615,571299,0.0,0.0,0.0,0.0,0.0,0.0,0.0,0.0,,,,105.90779613873114,103.0757417642708,100.26893832796348,97.1517055784268,93.82656548824828,89.63687893131642,78.74371362334692,,,,111.62748748975262,,,,,111.82450810557528,,,,78.74371362334692,,"rgba(38, 166, 154, 0.5)"
2026-01-07 00:00:00+00:00,116.2082533063,118.7631582227,115.2401838653,118.7631582227,497895,0.0,0.0,0.0,0.0,0.0,0.0,0.0,0.0,,,,106.01521680957508,103.18735756967274,100.37982120890857,97.26362242888082,93.94044929598736,89.74874853729187,78.81376970518036,,,,111.73046976425404,,,,,111.9619957222324,,,,78.81376970518036,,"rgba(38, 166, 154, 1.0)"
2026-01-08 00:00:00+00:00,113.7930697525,116.5775169075,113.0745027448,115.9188304838,362146,0.0,0.0,0.0,0.0,0.0,0.0,0.0,0.0,,,,106.07586390892071,103.25407852270894,100.44854670293375,97.33488970426986,94.0144490470424,89.82278701664899,78.861542256676,,,,111.77021803381764,,,,,112.01226323623477,,,,78.861542256676,,"rgba(38, 166, 154, 1.0)"
2026-01-09 00:00:00+00:00,115.1204226974,118.2741334536,114.5814974416,115.7391887318,572927,0.0,0.0,0.0,0.0,0.0,0.0,0.0,0.0,,,,106.18697875572806,103.37202262089355,100.56747057059287,97.45626530842463,94.13899527009991,89.94613619676268,78.94005269732816,,,,111.86455685058117,,,,,112.13402623106283,,,,78.94005269732816,,"rgba(38, 166, 154, 1.0)"
2026-01-12 00:00:00+00:00,118.8130587094,119.2721431865,115.5695270772,115.5695270772,546309,0.0,0.0,0.0,0.0,0.0,0.0,0.0,0.0,,,,106.31064785518562,103.4990368334429,100.69289635262254,97.58220988426632,94.2666210485928,90.0711460180536,79.0184157478335,,,,111.99015906245488,,,,,112.29704731967479,,,,79.0184157478335,,"rgba(38, 166, 154, 1.0)"
2026-01-13 00:00:00+00:00,120.2102723355,123.8629879581,118.9627601693,123.8629879581,736913,0.0,0.0,0.0,0.0,0.0,0.0,0.0,0.0,,,,106.51734669820702,103.70337017116857,100.88948723430974,97.77544658862621,94.4591247286934,90.25676985199821,79.13208550719378,,,,112.23710145360309,,,,,112.61801096076597,,,,79.13208550719378,,"rgba(38, 166, 154, 1.0)"
2026-01-14 00:00:00+00:00,119.4817252304,120.6693568127,119.0925014346,120.0206504862,544027,0.0,0.0,0.0,0.0,0.0,0.0,0.0,0.0,,,,106.65326468078919,103.84039043347424,101.02323180008293,97.90842062211361,94.59279042003817,90.38680991871765,79.21308716694713,,,,112.38586615990387,,,,,112.80673390681336,,,,79.21308716694713,,"rgba(38, 166, 154, 1.0)"
2026-01-15 00:00:00+00:00,115.6793081478,119.8709490263,115.1902833787,119.5515859117,925799,0.0,0.0,0.0,0.0,0.0,0.0,0.0,0.0,,,,106.82955461195543,104.0276604628324,101.21272327109395,98.1021544608508,94.79176996142594,90.58437908851518,79.34060479823403,,,,112.53350060152944,,,,,112.98374774582167,,,,79.34060479823403,,"rgba(38, 166, 154, 0.75)"
2026-01-16 00:00:00+00:00,117.7152480031,119.1124616292,115.1204226974,116.5675368102,1170440,0.0,0.0,0.0,0.0,0.0,0.0,0.0,0.0,,,,107.0525004637781,104.26403395933671,101.45189362129686,98.34662246404741,95.04279451173629,90.833737571171,79.5023033261277,,,,112.7228493340293,,,,,113.207626486547,,,,79.5023033261277,,"rgba(38, 166, 154, 0.75)"
2026-01-20 00:00:00+00:00,117.4258251805,117.6154470298,115.4098455199,116.9966809954,535399,0.0,0.0,0.0,0.0,0.0,0.0,0.0,0.0,,,,107.1465477390862,104.36535117680828,101.55557873092499,98.4535012449274,95.15323505010723,90.94413822959592,79.57484155722797,,,,112.79567842924043,,,,,113.2909778985097,,,,79.57484155722797,,"rgba(38, 166, 154, 0.75)"
2026-01-21 00:00:00+00:00,121.7571874216,121.8669684922,118.0346111176,118.2142528696,632874,0.0,0.0,0.0,0.0,0.0,0.0,0.0,0.0,,,,107.29746155865622,104.51833064488099,101.70591432715878,98.60363382282397,95.30461119723294,91.0921041942206,79.66878816254068,,,,112.95543063532726,,,,,113.48394042702728,,,,79.66878816254068,,"rgba(38, 166, 154, 0.75)"
2026-01-22 00:00:00+00:00,122.7551971546,125.100520027,122.2062918014,124.7711768151,606819,0.0,0.0,0.0,0.0,0.0,0.0,0.0,0.0,,,,107.46891616989149,104.68747477203634,101.86893683057912,98.76380999033618,95.46398604094762,91.2459540483934,79.76460729666407,,,,113.1567859041972,,,,,113.7291602738823,,,,79.76460729666407,,"rgba(38, 166, 154, 1.0)"
2026-01-23 00:00:00+00:00,123.1743612424,123.8430277635,122.3260529694,122.8649782252,452761,0.0,0.0,0.0,0.0,0.0,0.0,0.0,0.0,,,,107.59258260231519,104.81011706734823,101.98764274024519,98.88082591620616,95.58071316994418,91.35894312850404,79.83543534555324,,,,113.29860289361503,,,,,113.89997202016329,,,,79.83543534555324,,"rgba(38, 166, 154, 1.0)"
2026-01-26 00:00:00+00:00,123.344022897,124.0226695154,122.7352369599,123.493724357,383910,0.0,0.0,0.0,0.0,0.0,0.0,0.0,0.0,,,,107.69760497478295,104.9142562468237,102.08845495459514,98.98019581975626,95.67982211736688,91.45488203116902,79.89566133843921,,,,113.41874364902357,,,,,114.04385385480752,,,,79.89566133843921,,"rgba(38, 166, 154, 1.0)"
2026-01-27 00:00:00+00:00,125.9488283,126.1085098573,123.2442219237,123.8031073742,459676,0.0,0.0,0.0,0.0,0.0,0.0,0.0,0.0,,,,107.83523592289198,105.04898857858423,102.2176497800308,99.10650190167203,95.80493501633164,91.57519891756402,79.97042065032406,,,,113.58328957031671,,,,,114.24145655349417,,,,79.97042065032406,,"rgba(38, 166, 154, 1.0)"
2026-01-28 00:00:00+00:00,127.7153055274,128.2741909778,124.7711768151,125.5995248935,512696,0.0,0.0,0.0,0.0,0.0,0.0,0.0,0.0,,,,108.00210663775073,105.2106015669463,102.37136924696652,99.25570468854629,95.95181954450788,91.71561132713332,80.05686203688347,,,,113.78957686383872,,,,,114.48924559800189,,,,80.05686203688347,,"rgba(38, 166, 154, 1.0)"
2026-01-29 00:00:00+00:00,127.765206014,128.7133152604,125.7791666454,127.9947482526,706554,0.0,0.0,0.0,0.0,0.0,0.0,0.0,0.0,,,,108.23329007590617,105.43447878860506,102.58434697318376,99.46238135682914,96.15521087435557,91.91001465278134,80.17673085703935,,,,114.0740403995273,,,,,114.828359970847,,,,80.17673085703935,,"rgba(38, 166, 154, 1.0)"
2026-01-30 00:00:00+00:00,124.6913360365,127.8799771333,123.9178784935,126.7272758918,455738,0.0,0.0,0.0,0.0,0.0,0.0,0.0,0.0,,,,108.36485441920907,105.56408201501128,102.70932165311247,99.58503053705951,96.27702906470091,92.02755906327826,80.2505928506626,,,,114.22576637223261,,,,,115.00582680636087,,,,80.2505928506626,,"rgba(38, 166, 154, 0.75)"
2026-02-02 00:00:00+00:00,125.5196841149,126.0186889814,124.4568037493,124.5915350632,568241,0.0,0.0,0.0,0.0,0.0,0.0,0.0,0.0,,,,108.52456398782485,105.72203629197902,102.86213824193828,99.73538581417921,96.4266614967921,92.17225743105463,80.34201781885483,,,,114.4067101247617,,,,,115.21565406092277,,,,80.34201781885483,,"rgba(38, 166, 154, 0.75)"
2026-02-03 00:00:00+00:00,129.4518424627,129.8610264533,127.3859623155,127.7452458194,610587,0.0,0.0,0.0,0.0,0.0,0.0,0.0,0.0,,,,108.72858371637962,105.91934511825643,103.04976925105724,99.91724947711586,96.60537173313878,92.34292338032324,80.44760149375938,,,,114.65606654939293,,,,,115.50805584378341,,,,80.44760149375938,,"rgba(38, 166, 154, 0.75)"
2026-02-04 00:00:00+00:00,126.5476341398,132.3161303964,123.3041025077,132.276210007,846746,0.0,0.0,0.0,0.0,0.0,0.0,0.0,0.0,,,,108.98415853390287,106.16985104852562,103.29059608908048,100.15278287438348,96.83853239025063,92.5673199313802,80.58872401383336,,,,114.9528014294236,127.38928901463332,,,,115.84999831857426,,,,80.58872401383336,,"rgba(38, 166, 154, 0.75)"
2026-02-05 00:00:00+00:00,121.0186602192,127.3859623155,118.9029793863,126.1683904413,1146050,0.0,0.0,0.0,0.0,0.0,0.0,0.0,0.0,,,,109.22897523727576,106.42273072176572,103.54360007907815,100.40839221733053,97.0982773343701,92.82393980057816,80.75831012948355,,,,,124.54059353951537,,,,116.09691992299634,,,,80.75831012948355,,"rgba(38, 166, 154, 0.75)"
2026-02-06 00:00:00+00:00,122.9048986145,124.2472217053,122.1763515094,122.6154757919,684415,0.0,0.0,0.0,0.0,0.0,0.0,0.0,0.0,,,,109.3782169979517,106.57623029663205,103.69680314745216,100.56284626217712,97.25495426668287,92.97853819912177,80.86055844620861,,,,,124.17473955501929,,,,116.25049560180277,,,,80.86055844620861,,"rgba(38, 166, 154, 0.5)"
2026-02-09 00:00:00+00:00,122.3260529694,123.6833462062,121.2681626524,121.5975058643,627039,0.0,0.0,0.0,0.0,0.0,0.0,0.0,0.0,,,,109.5054894967494,106.70869018135963,103.83020266892028,100.69828366365303,97.3930970384902,93.11561498339658,80.95229385445548,,,,,123.84285804318331,,,,116.3719616537335,,,,80.95229385445548,,"rgba(38, 166, 154, 0.5)"
2026-02-10 00:00:00+00:00,123.7731670822,124.4917340899,121.8570881959,122.5156748186,490708,0.0,0.0,0.0,0.0,0.0,0.0,0.0,0.0,,,,109.61055456465131,106.81697714063341,103.93853595682437,100.80768380700002,97.50420646731338,93.22544302973708,81.02543695274184,,,,,123.78223177756362,,,,116.47810956823147,,,,81.02543695274184,,"rgba(38, 166, 154, 0.5)"
2026-02-11 00:00:00+00:00,122.8849384198,125.7691865481,120.2052822868,125.040639443,549730,0.0,0.0,0.0,0.0,0.0,0.0,0.0,0.0,,,,109.72284027223007,106.93358811046379,104.05588457711467,100.92673309906404,97.62555005370325,93.34583366305912,81.10626731423821,,,,,123.67732690099453,,,,116.58623836031683,,,,81.10626731423821,,#000000
2026-02-12 00:00:00+00:00,120.1603718489,123.2641821184,119.9607699023,123.1045005611,519827,0.0,0.0,0.0,0.0,0.0,0.0,0.0,0.0,,,,109.81288739459129,107.02993148611915,104.15493849775298,101.0289064580186,97.73104320628075,93.45182099180283,81.17909433998099,,,,,123.40495040291081,,,,116.65684920334098,,,,81.17909433998099,,#000000
2026-02-13 00:00:00+00:00,117.954770339,119.1922026069,114.6812984149,116.0286115544,742679,0.0,0.0,0.0,0.0,0.0,0.0,0.0,0.0,,,,109.89613044426552,107.12833335080546,104.26280888638284,101.14546473068268,97.85558235113287,93.58096736693307,81.27269473313702,,,,,122.59317617532135,,,,116.67030368459726,,,,81.27269473313702,,"rgba(239, 83, 80, 1.0)"
2026-02-17 00:00:00+00:00,123.9727690288,127.5356637755,122.3060927747,127.4358628022,1426111,0.0,0.0,0.0,0.0,0.0,0.0,0.0,0.0,,,,110.20455298779319,107.44478913798689,104.57894523583631,101.46424522660033,98.17891647755992,93.90057238042016,81.48738479226596,,,,,123.00107240060483,,,,116.98808570164857,,,,81.48738479226596,,#000000
2026-02-18 00:00:00+00:00,120.799098078,123.9927292234,120.0805310702,122.8250578359,723351,0.0,0.0,0.0,0.0,0.0,0.0,0.0,0.0,,,,110.32473022422005,107.57383357489469,104.71225663416037,101.60224417382274,98.32178448187138,94.04468389370899,81.58799672573079,,,,,122.87266393585341,,,,117.08038874165084,,,,81.58799672573079,,#000000
2026-02-19 00:00:00+00:00,119.8110684423,120.3599737954,117.6953876094,119.3320237705,924710,0.0,0.0,0.0,0.0,0.0,0.0,0.0,0.0,,,,110.44372585903294,107.7085615891398,104.85655338366175,101.75567197927423,98.4838550771545,94.21132812177554,81.70842408424016,,,,,122.49092382489019,,,,117.1352028504342,,,,81.70842408424016,,"rgba(239, 83, 80, 1.0)"
2026-02-20 00:00:00+00:00,115.6892882452,119.3519839652,114.7810993882,119.0925014346,870343,0.0,0.0,0.0,0.0,0.0,0.0,0.0,0.0,,,,110.51978673827297,107.80385476478628,104.96502851274434,101.87595174596686,98.61475778062359,94.34962035087948,81.81303306770235,,,,,121.95482771966829,,,,117.1231555137781,,,,81.81303306770235,,"rgba(239, 83, 80, 1.0)"
2026-02-23 00:00:00+00:00,114.9607411401,117.16634265,113.6034479033,116.108452333,572993,0.0,0.0,0.0,0.0,0.0,0.0,0.0,0.0,,,,110.55785359413808,107.85593661505882,105.02711761330512,101.94684672557341,98.69345554842337,94.43421464618217,81.87887473979343,,,,,121.57501034324473,,,,117.09532490525864,,,,81.87887473979343,,"rgba(239, 83, 80, 1.0)"
2026-02-24 00:00:00+00:00,115.6194275639,116.2631438416,113.6832886819,114.8409799722,490490,0.0,0.0,0.0,0.0,0.0,0.0,0.0,0.0,,,,110.58957925012295,107.89961660772254,105.07939155387972,102.006691079915,98.7600111126834,94.5058966822362,81.93493806485104,,,,,121.27991812209898,,,,117.07146100839866,,,,81.93493806485104,,"rgba(239, 83, 80, 1.0)"
2026-02-25 00:00:00+00:00,116.8270193408,117.2162431366,114.5864874902,115.9687309704,685337,0.0,0.0,0.0,0.0,0.0,0.0,0.0,0.0,,,,110.64287058160724,107.96821446667687,105.15882556537433,102.09581704325038,98.85783688303664,94.61013405074881,82.01535335316585,,,,,120.97244051685915,,,,117.05665355435897,,,,82.01535335316585,,"rgba(239, 83, 80, 1.0)"
2026-02-26 00:00:00+00:00,106.2580962687,116.7671387568,105.300006925,115.1653331354,1627291,0.0,0.0,0.0,0.0,0.0,0.0,0.0,0.0,,,,110.61642376000006,107.9965404449498,105.23019206368856,102.20366252682122,98.9968719977697,94.77736173406163,82.16729558583481,,,,,119.52101303193413,,,,116.75807610037022,,,,82.16729558583481,,"rgba(239, 83, 80, 1.0)"
2026-02-27 00:00:00+00:00,103.4936093084,105.8089918888,100.6393014721,105.3698676063,1154509,0.0,0.0,0.0,0.0,0.0,0.0,0.0,0.0,,,,110.50410426174177,107.93353780160194,105.20780337413049,102.21510788779709,99.03673530045252,94.84510667672497,82.25008604610163,,,,,118.19231379014857,,,,116.39421102066447,103.31396755643331,,,82.25008604610163,,"rgba(239, 83, 80, 1.0)"
2026-03-02 00:00:00+00:00,106.9367428871,107.8149914521,104.3788439415,104.3818379707,1052839,0.0,0.0,0.0,0.0,0.0,0.0,0.0,0.0,,,,110.44701403841414,107.91466912412037,105.22012816049777,102.2538661640312,99.09802788362332,94.92796191300492,82.33591905970289,,,,,117.37040212346946,,,,,104.77487540332028,,,82.33591905970289,,"rgba(239, 83, 80, 1.0)"
2026-03-03 00:00:00+00:00,105.8489122782,106.7471210378,102.8249427873,104.9507035185,726503,0.0,0.0,0.0,0.0,0.0,0.0,0.0,0.0,,,,110.39684048328097,107.8916567766462,105.21955180605462,102.27229709114445,99.13264467500282,94.97834426859251,82.39176408591302,,,,,116.81023494730948,,,,,104.86537096547397,,,82.39176408591302,,"rgba(239, 83, 80, 1.0)"
2026-03-04 00:00:00+00:00,107.5654890188,108.2940361239,105.5894297476,107.2261657096,710587,0.0,0.0,0.0,0.0,0.0,0.0,0.0,0.0,,,,110.36708678776212,107.88568534854352,105.23309041662917,102.30256915379155,99.17731817803593,95.03679348363583,82.45092299724058,,,,,116.39600745232202,,,,,105.31075654882993,,,82.45092299724058,,"rgba(239, 83, 80, 1.0)"
2026-03-05 00:00:00+00:00,107.5954293108,108.2141953453,105.7441212562,108.2141953453,509723,0.0,0.0,0.0,0.0,0.0,0.0,0.0,0.0,,,,110.3463054156404,107.88166123315155,105.24286049912678,102.32420850826153,99.20919730064413,95.07849599216627,82.49324519021087,,,,,116.1211403025029,,,,,105.54067828646741,,,82.49324519021087,,"rgba(239, 83, 80, 1.0)"
2026-03-06 00:00:00+00:00,108.6832599198,109.4317672195,106.5275588966,107.8848521334,893316,0.0,0.0,0.0,0.0,0.0,0.0,0.0,0.0,,,,110.32218172052262,107.88497291543165,105.26870452166003,102.36960998445738,99.27159333790371,95.15705282845774,82.57014712413819,,,,,115.7281898860848,,,,,106.01384449701737,,,82.57014712413819,,"rgba(239, 83, 80, 0.75)"
2026-03-09 00:00:00+00:00,109.6313691661,109.7012298474,106.0085938354,107.6253696028,691438,0.0,0.0,0.0,0.0,0.0,0.0,0.0,0.0,,,,110.30590285941875,107.88927256100318,105.2899587696096,102.40565473782073,99.32054043161487,95.2182876700891,82.62989287768802,,,,,115.45848835955815,,,,,106.30700454945885,,,82.62989287768802,,"rgba(239, 83, 80, 0.75)"
2026-03-10 00:00:00+00:00,110.7391599697,111.6882956785,109.7100970432,109.899924185,710404,0.0,0.0,0.0,0.0,0.0,0.0,0.0,0.0,,,,110.30949765500552,107.91128796214409,105.32696079115044,102.45596669035757,99.38263819896295,95.29129127533018,82.69635211536423,,,,,115.28449174234909,,,,,106.7922796719082,,,82.69635211536423,,"rgba(239, 83, 80, 0.75)"
2026-03-11 00:00:00+00:00,108.291388931,110.1297149356,107.4071940864,109.8399787718,638320,0.0,0.0,0.0,0.0,0.0,0.0,0.0,0.0,,,,110.29609924029477,107.91614558937296,105.34696404183735,102.4892732611029,99.42760985107353,95.34743694284805,82.75133749688283,,,,,115.07161509939075,,,,,106.95593432328279,,,82.75133749688283,,"rgba(239, 83, 80, 0.75)"
2026-03-12 00:00:00+00:00,109.9598695982,111.6533275208,107.8617801365,108.5011978772,592221,0.0,0.0,0.0,0.0,0.0,0.0,0.0,0.0,,,,110.29267953527003,107.92838894987985,105.37213983920775,102.52592737309601,99.47441546074485,95.40384197971107,82.80453194347622,,,,,114.9208382952721,,,,,107.17717747800275,,,82.80453194347622,,"rgba(239, 83, 80, 0.75)"
2026-03-13 00:00:00+00:00,110.2795784685,111.8981046247,109.1306247157,111.05886884,349709,0.0,0.0,0.0,0.0,0.0,0.0,0.0,0.0,,,,110.2932916793972,107.93785107582144,105.38889584474042,102.54919808103156,99.50347718360511,95.43834617885254,82.83655364437944,,,,,114.84600299807833,,,,,107.31911229997463,,,82.83655364437944,,"rgba(239, 83, 80, 0.75)"
2026-03-16 00:00:00+00:00,109.5902062168,113.2069128127,109.3604154663,112.2477862017,660520,0.0,0.0,0.0,0.0,0.0,0.0,0.0,0.0,,,,110.29669749154193,107.95753256194502,105.4220016078301,102.59434386165819,99.55936024964763,95.5043083676166,82.89745150934444,,,,,114.71991076878044,,,,,107.57754595989948,,,82.89745150934444,,"rgba(239, 83, 80, 0.75)"
2026-03-17 00:00:00+00:00,107.9017437453,110.3595056861,107.8218165277,110.2695875663,603699,0.0,0.0,0.0,0.0,0.0,0.0,0.0,0.0,,,,110.28507086188598,107.96226738286244,105.4404725808077,102.62499689367344,99.60077197636286,95.55614285671636,82.94884456176605,,,,,114.55621326322392,,,,,107.65009083543379,,,82.94884456176605,,"rgba(239, 83, 80, 0.75)"
2026-03-18 00:00:00+00:00,107.4021986353,109.1805792267,104.8944821835,106.1533358605,4845309,1.0,109.18058,104.894485,0.0,0.0,0.0,0.0,0.0,,,107.15908668183334,110.11304117506089,107.92287480092644,105.51495719498439,102.80077395498537,99.86612260359679,95.91091969420887,83.32986451286045,,,,,113.23203718513749,,,,,107.48182925235831,,,83.32986451286045,,"rgba(239, 83, 80, 1.0)"
2026-03-19 00:00:00+00:00,110.4194510993,110.5393419257,105.7037452616,105.7037452616,1402603,0.0,0.0,0.0,0.0,0.0,0.0,0.0,0.0,,,107.54710360742392,110.09382401153873,107.93637860860336,105.55674464645934,102.86832364447316,99.95688178642936,96.02476993148679,83.44577125657085,,,,,113.01799623927027,,,,,107.60868898507445,,,83.44577125657085,,"rgba(239, 83, 80, 0.75)"
2026-03-20 00:00:00+00:00,106.3231811979,110.8390689917,105.1992047005,109.9898423048,2268208,0.0,0.0,0.0,0.0,0.0,0.0,0.0,0.0,,,107.52225772830685,110.02853450553219,107.92569618881383,105.59400981667721,102.94916766790105,100.0768981076676,96.18465686342371,83.62056235337407,,,,,112.60740268717817,,,,,107.58896519232177,,,83.62056235337407,,"rgba(239, 83, 80, 0.75)"
2026-03-23 00:00:00+00:00,109.0407065959,110.6592327521,107.1524260804,107.3822168309,1607248,0.0,0.0,0.0,0.0,0.0,0.0,0.0,0.0,,,107.74906003238023,110.00997312772421,107.94152766695125,105.64009254972332,103.02321992989056,100.1764321768858,96.30996471698434,83.75056937442307,,,,,112.42570257160308,,,,,107.70168961752901,,,83.75056937442307,,"rgba(239, 83, 80, 0.75)"
2026-03-24 00:00:00+00:00,109.7400697498,111.3286231994,107.4021986353,107.6919347991,795316,0.0,0.0,0.0,0.0,0.0,0.0,0.0,0.0,,,107.8758915969803,110.00558178072401,107.95327382381467,105.66607115923185,103.0624655409918,100.22784135685811,96.3736732881742,83.81577528007436,,,,,112.35525736060038,,,,,107.77206736370233,,,83.81577528007436,,"rgba(239, 83, 80, 0.75)"
2026-03-25 00:00:00+00:00,110.5992873389,110.9939279757,109.3504245641,110.2695875663,717684,0.0,0.0,0.0,0.0,0.0,0.0,0.0,0.0,,,108.02629795195415,110.00791991090047,107.96932425022753,105.69420311323269,103.1019628458246,100.27783281705425,96.4342164143518,83.87621335163043,,,,,112.31200062715939,,,,,107.85924763541414,,,83.87621335163043,,#000000
2026-03-26 00:00:00+00:00,110.7991053829,112.817267627,110.2096421531,110.2895693707,807317,0.0,0.0,0.0,0.0,0.0,0.0,0.0,0.0,,,108.23708804969755,110.01861807090756,107.99441119859678,105.73194088129708,103.15173248480897,100.33880573490008,96.50636635239957,83.94632974555078,,,,,112.28785789023803,,,,,107.98611924269969,,,83.94632974555078,,#000000
2026-03-27 00:00:00+00:00,111.8981046247,112.5025542077,109.6360644579,109.800015163,649932,0.0,0.0,0.0,0.0,0.0,0.0,0.0,0.0,,,108.39138496934838,110.027574364255,108.01475900139447,105.76233320295135,103.19170400494512,100.38771513434965,96.56421688651471,84.00266126735056,,,,,112.27051635627316,,,,,108.08364807325675,,,84.00266126735056,,#000000
2026-03-30 00:00:00+00:00,109.3404336619,112.8872039424,109.2005610311,112.6524177407,723731,0.0,0.0,0.0,0.0,0.0,0.0,0.0,0.0,,,108.50057730063226,110.03092003785625,108.0312889117041,105.79058093923415,103.23106001824978,100.43738789337358,96.62434942070873,84.06313110637478,,,,,112.23448037350192,,,,,108.15856724520165,,,84.06313110637478,,#000000
2026-03-31 00:00:00+00:00,111.8181774071,112.0879317665,109.1905701289,110.049787718,694223,0.0,0.0,0.0,0.0,0.0,0.0,0.0,0.0,,,108.62168955349789,110.03803415846512,108.05049746515611,105.82053935368793,103.27128130881617,100.48719231574402,96.6838401815642,84.12209235796388,,,,,112.211758889567,,,,,108.2423702369205,,,84.12209235796388,,#000000
2026-04-01 00:00:00+00:00,113.5366125853,114.0961031084,111.9520554966,112.9271675512,629350,0.0,0.0,0.0,0.0,0.0,0.0,0.0,0.0,,,108.81178135366278,110.05823728477279,108.08017686332461,105.85855179466414,103.31744873215214,100.54111704814687,96.74541394929484,84.17959939390342,,,,,112.2283197276299,,,,,108.36993015756175,,,84.17959939390342,,"rgba(38, 166, 154, 0.5)"
2026-04-02 00:00:00+00:00,112.7373404094,113.6964670205,111.2886595906,112.2278043973,502041,0.0,0.0,0.0,0.0,0.0,0.0,0.0,0.0,,,108.9325299795244,110.07101611796409,108.1007642864256,105.88605288273001,103.35167497552163,100.5817122401214,96.79236263589448,84.22433269571202,,,,,112.23290511772149,,,,,108.45457204482642,,,84.22433269571202,,"rgba(38, 166, 154, 0.5)"
2026-04-06 00:00:00+00:00,110.4694056103,112.9421539045,110.4394329037,112.617449583,390518,0.0,0.0,0.0,0.0,0.0,0.0,0.0,0.0,,,108.98979516524112,110.07578831986584,108.11206617368634,105.90319194542096,103.37442277644828,100.60972306897771,96.82571952044209,84.25745213064472,,,,,112.22321501615035,,,,,108.49819346450057,,,84.25745213064472,,"rgba(38, 166, 154, 0.5)"
2026-04-07 00:00:00+00:00,112.1378862775,112.4875678544,109.899924185,109.899924185,423295,0.0,0.0,0.0,0.0,0.0,0.0,0.0,0.0,,,109.05457930391634,110.08187364830432,108.1250882347479,105.92241806744934,103.39962956843713,100.64055571733358,96.8622625911614,84.2935577424335,,,,,112.21539275372423,,,,,108.54767706358388,,,84.2935577424335,,"rgba(38, 166, 154, 0.5)"
2026-04-08 00:00:00+00:00,113.3767581501,115.8994609553,113.2968309325,114.1560485216,927475,0.0,0.0,0.0,0.0,0.0,0.0,0.0,0.0,,,109.32861570207754,110.11976365522096,108.1756223806339,105.98409668414344,103.47240904018915,100.72403219501348,96.9562484368639,84.38009966860226,,,,,112.2616571674474,,,,,108.74387051716867,,,84.38009966860226,,"rgba(38, 166, 154, 1.0)"
2026-04-09 00:00:00+00:00,113.7164488249,114.9203525398,113.4167217589,113.4766671721,476712,0.0,0.0,0.0,0.0,0.0,0.0,0.0,0.0,,,109.45377189410482,110.1381512237084,108.20053180375355,106.01478073377487,103.50883802060385,100.76599266814469,97.00367913840654,84.42412935474404,,,,,112.28254390017995,,,,,108.83645708255602,,,84.42412935474404,,"rgba(38, 166, 154, 1.0)"
2026-04-10 00:00:00+00:00,115.1151751327,117.2232554966,114.4457846854,116.2441470811,478633,0.0,0.0,0.0,0.0,0.0,0.0,0.0,0.0,,,109.61404093166621,110.16387232130579,108.23205054083151,106.05137748828157,103.55061187083463,100.81283815631619,97.05542554170044,84.47055361853565,,,,,112.32162867802376,115.59473843823334,,,,108.9535160933949,,,84.47055361853565,,"rgba(38, 166, 154, 1.0)"
2026-04-13 00:00:00+00:00,112.1778498863,115.1201705838,109.8944291888,114.8953752843,959795,0.0,0.0,0.0,0.0,0.0,0.0,0.0,0.0,,,109.75246675708242,110.18478770788245,108.26735395548302,106.099621999658,103.61150822627393,100.88576365299781,97.14058212117422,84.55371154378295,,,,,,113.46136118713964,,,,109.06912067669543,,,84.55371154378295,,"rgba(38, 166, 154, 1.0)"
2026-04-14 00:00:00+00:00,114.6356118271,114.8054571645,112.4975587566,113.6864761183,832637,0.0,0.0,0.0,0.0,0.0,0.0,0.0,0.0,,,109.9272936502831,110.21536546655518,108.30904616359761,106.15124994993586,103.67305277483663,100.95688068954789,97.22127605972086,84.62952843846882,,,,,,113.65134121971596,,,,109.20806666560271,,,84.62952843846882,,"rgba(38, 166, 154, 1.0)"
2026-04-15 00:00:00+00:00,113.7064579227,115.5947384382,113.0220811221,114.7255299469,698403,0.0,0.0,0.0,0.0,0.0,0.0,0.0,0.0,,,110.06745636675518,110.24149692320488,108.34433063849215,106.19473658838187,103.72474994756942,101.01652098166021,97.28888016548012,84.69309833303032,,,,,,113.75868827967639,,,,109.32166164549109,,,84.69309833303032,,"rgba(38, 166, 154, 1.0)"
2026-04-16 00:00:00+00:00,112.417631539,113.6390193328,110.8990144049,113.3367945413,704447,0.0,0.0,0.0,0.0,0.0,0.0,0.0,0.0,,,110.14109411002471,110.2554672577075,108.36857380311312,106.22831113717105,103.76748157442218,101.0679847713659,97.34932726807007,84.7530578514511,,,,,,113.48255301157828,,,,109.39014182774606,,,84.7530578514511,,"rgba(38, 166, 154, 0.75)"
2026-04-17 00:00:00+00:00,112.9371584534,113.4067308567,110.4294420015,112.3476952237,2588569,0.0,0.0,0.0,0.0,0.0,0.0,0.0,0.0,,,110.36822500917928,110.30376174290073,108.45384091713404,106.34738477074404,103.91982879843734,101.25213487293325,97.56644657936062,84.97068712559212,,,,,,112.97629751509331,,,,109.61227486781372,,,84.97068712559212,,"rgba(38, 166, 154, 0.75)"
2026-04-20 00:00:00+00:00,111.5983775588,114.1310712661,111.508459439,111.9780318423,709845,0.0,0.0,0.0,0.0,0.0,0.0,0.0,0.0,,,110.42666329600247,110.31761837666524,108.47749927171188,106.38005436599617,103.96141364013535,101.30227459329099,97.62550118600045,85.03010095330264,,,,,,112.91891177702232,,,,109.6705225253504,,,85.03010095330264,,#000000
2026-04-21 00:00:00+00:00,108.0516072782,113.1070037908,107.9117346475,111.6882956785,813297,0.0,0.0,0.0,0.0,0.0,0.0,0.0,0.0,,,110.40330610224044,110.31292968841478,108.48574571930082,106.40035663729765,103.99337284801346,101.34522866020433,97.68023592695221,85.0911214258071,,,,,,112.58162733282741,,,,109.67097857926058,,,85.0911214258071,,"rgba(239, 83, 80, 0.5)"
2026-04-22 00:00:00+00:00,106.9026535254,110.0397968158,106.3331721001,108.9507884761,779009,1.0,110.039795,106.333176,0.0,1.0,110.039795,106.333176,0.0,,107.75854081376669,110.32534018296116,110.29477793366642,108.48103948033446,106.40828925706548,104.01338542208619,101.37653301475694,97.72384203023009,85.14471953913879,,,,,,112.14293638964921,,,,109.62926995994198,107.75854081376669,,85.14471953913879,,"rgba(239, 83, 80, 1.0)"
2026-04-23 00:00:00+00:00,113.4966489765,113.6465125095,110.1097331312,111.108823351,1590213,0.0,0.0,0.0,0.0,0.0,0.0,0.0,0.0,,110.88570519074422,110.44410130085375,110.32513151206815,108.5323670368666,106.47909205886022,104.10359308895086,101.48546152807012,97.85248541458981,85.2757283618647,,,,,,112.18595267090134,,,,,110.88570519074422,,85.2757283618647,,"rgba(239, 83, 80, 0.5)"
2026-04-24 00:00:00+00:00,113.2568673237,114.1560485216,112.3327088704,114.1560485216,391317,0.0,0.0,0.0,0.0,0.0,0.0,0.0,0.0,,111.22064631788088,110.48273333687574,110.33538160025167,108.54745054127892,106.49866215381456,104.12768403064942,101.51395010013223,97.88558342635956,85.30875508848777,,,,,,112.22538018801036,,,,,111.22064631788088,,85.30875508848777,,#000000
2026-04-27 00:00:00+00:00,113.9662213798,114.4807528431,113.1969219105,113.8263487491,463967,0.0,0.0,0.0,0.0,0.0,0.0,0.0,0.0,,111.60348167589856,110.53734928530491,110.3500615014804,108.56760019895478,106.52388089332504,104.15805384332454,101.54936119230051,97.92625105994166,85.34869702681121,,,,,,112.29516060021776,,,,,111.60348167589856,,85.34869702681121,,#000000
2026-04-28 00:00:00+00:00,112.9471493556,114.4957391964,111.8981046247,113.5565943897,649665,0.0,0.0,0.0,0.0,0.0,0.0,0.0,0.0,,111.85672626794359,110.59404639644433,110.36598953904877,108.59152089105135,106.55525078845078,104.19693012505856,101.59554043907286,97.98012616039387,85.4029383798911,,,,,,112.3407663055349,,,,,111.85672626794359,,85.4029383798911,,#000000
2026-04-29 00:00:00+00:00,110.2196330553,113.017085671,109.5302608036,112.9071857468,542671,0.0,0.0,0.0,0.0,0.0,0.0,0.0,0.0,,111.74192214973851,110.59997213736895,110.36865508324692,108.60172057510226,106.57254721097665,104.22122880135674,101.62654747912562,98.01836234696744,85.44451437204702,,,,,,112.27768512045817,,,,,111.74192214973851,,85.44451437204702,,#000000
2026-04-30 00:00:00+00:00,114.7954662623,115.4248931008,110.9989234268,110.9989234268,635913,0.0,0.0,0.0,0.0,0.0,0.0,0.0,0.0,,111.99335956403056,110.6650104188223,110.38747639677996,108.62793364731272,106.6056577339511,104.2613580458707,101.67355422046077,98.07260211069581,85.4984304889869,,,,,,112.35010492278778,,,,,111.99335956403056,,85.4984304889869,,#000000
2026-05-01 00:00:00+00:00,113.3967399545,114.5456937074,112.9371584534,114.3658574678,408832,0.0,0.0,0.0,0.0,0.0,0.0,0.0,0.0,,112.11561205656537,110.70393151469757,110.3990611522881,108.64427521005875,106.62644828579872,104.2866730753679,101.7033011304642,98.10702534428724,85.53284653690936,,,,,,112.38949763923569,,,,,112.11561205656537,,85.53284653690936,,#000000
2026-05-04 00:00:00+00:00,114.5956482183,114.7754844579,112.567495072,113.067040182,417219,0.0,0.0,0.0,0.0,0.0,0.0,0.0,0.0,,112.24789524981877,110.74728219174843,110.41208223189989,108.6620160557347,106.64860236865968,104.31333784494898,101.73440030247765,98.14279352035823,85.56832213151453,,,,,,112.43804681868795,,,,,112.24789524981877,,85.56832213151453,,"rgba(38, 166, 154, 1.0)"
2026-05-05 00:00:00+00:00,115.2350659591,115.6247111448,114.1110894617,115.4948294162,683562,0.0,0.0,0.0,0.0,0.0,0.0,0.0,0.0,,112.53355372823412,110.83733037961525,110.43919880669264,108.69630527282234,106.68957678949364,104.36124424457407,101.78919105777145,98.2047661167934,85.6283146284698,,,,,,112.55963982123326,,,,,112.53355372823412,,85.6283146284698,,"rgba(38, 166, 154, 1.0)"
2026-05-06 00:00:00+00:00,114.7555026535,117.1633100834,114.6256209249,116.6238013647,1273643,0.0,0.0,0.0,0.0,0.0,0.0,0.0,0.0,,113.01811886428989,111.01525685213174,110.49460152846645,108.76445573758247,106.7696151734641,104.45371707968545,101.89408933836134,98.32259884032953,85.7414304077173,,,,,,112.8005770140898,,,,,113.01811886428989,,85.7414304077173,,"rgba(38, 166, 154, 1.0)"
2026-05-07 00:00:00+00:00,122.4085337377,127.1142486732,119.1714814253,122.8231561789,2390793,0.0,0.0,0.0,0.0,0.0,0.0,0.0,0.0,,115.32782978857615,111.80719170451391,110.74364320761627,109.02474425291375,107.03959311894577,104.7363687860249,102.19115093998816,98.63266180948675,86.00355301917646,,,,,,114.14082141487303,,,,,115.32782978857615,,86.00355301917646,,"rgba(38, 166, 154, 1.0)"
2026-05-08 00:00:00+00:00,121.5593070508,122.9080788476,119.3213449583,122.5783790751,861637,0.0,0.0,0.0,0.0,0.0,0.0,0.0,0.0,,115.78902040628206,112.02897993261148,110.81921588005773,109.10543559871836,107.12488470103334,104.82714250450903,102.28786945522369,98.73509698928497,86.09297037785565,,,,,,114.46595829651478,,,,,115.78902040628206,,86.09297037785565,,"rgba(38, 166, 154, 1.0)"
2026-05-11 00:00:00+00:00,123.5175238817,125.2559408643,121.8989977255,122.3286065201,1232545,0.0,0.0,0.0,0.0,0.0,0.0,0.0,0.0,,116.56614857299836,112.40323098030649,110.94879286469651,109.24046913588174,107.26464396560685,104.97315951529195,102.44105502453775,98.89478741453065,86.22838744688148,,,,,,115.02327341506387,,,,,116.56614857299836,,86.22838744688148,,"rgba(38, 166, 154, 1.0)"
2026-05-12 00:00:00+00:00,126.0851857468,126.7445852919,122.7182517058,123.8472236543,1236376,0.0,0.0,0.0,0.0,0.0,0.0,0.0,0.0,,117.35194049536216,112.80625661802267,111.0925665677076,109.38850154133465,107.4162173187837,105.1299711859172,102.60417271425868,99.06334375600971,86.36911673886102,,,,,,115.61179641683047,,,,,117.35194049536216,,86.36911673886102,,"rgba(38, 166, 154, 1.0)"
2026-05-13 00:00:00+00:00,133.2686444276,135.2068794541,129.8817285823,132.1996178923,2722493,0.0,0.0,0.0,0.0,0.0,0.0,0.0,0.0,,119.93294877681087,114.10362479953176,111.56456650318239,109.85731390694785,107.88014040849592,105.59455808626569,103.07345280141824,99.53284338018096,86.73545131416128,,,,,,117.55466099737129,,,,,119.93294877681087,,86.73545131416128,,"rgba(38, 166, 154, 1.0)"
2026-05-14 00:00:00+00:00,135.3267702805,138.3889818044,132.1096997726,137.1551053829,2066542,0.0,0.0,0.0,0.0,0.0,0.0,0.0,0.0,,121.66109760514516,115.09814352360469,111.94980020636146,110.23811192653922,108.25519595050834,105.96826249802534,103.44907456121037,99.90661917573055,87.02450919955713,,,,,,118.95601197827331,,,,,121.66109760514516,,87.02450919955713,,"rgba(38, 166, 154, 1.0)"
2026-05-15 00:00:00+00:00,131.4003457165,133.3535670963,129.6883047157,132.029772555,1551321,0.0,0.0,0.0,0.0,0.0,0.0,0.0,0.0,,122.42668369806289,115.6561642050556,112.1851412626335,110.4743580934691,108.49146499005431,106.20714269074404,103.69240249046527,100.15255469352408,87.22236130099508,,,,,,119.65787344130187,,,,,122.42668369806289,,87.22236130099508,,"rgba(38, 166, 154, 1.0)"
2026-05-18 00:00:00+00:00,129.1224200152,131.6001637604,127.8835481425,130.8408551933,990078,0.0,0.0,0.0,0.0,0.0,0.0,0.0,0.0,,122.76363457358809,115.95146205510537,112.3175512155642,110.60869605359527,108.62721023823434,106.3457191959958,103.83478411964361,100.29789887544513,87.34220575666882,,,,,,119.99893839237,,,,,122.76363457358809,,87.34220575666882,,"rgba(38, 166, 154, 0.75)"
2026-05-19 00:00:00+00:00,130.5611099318,131.879909022,127.6787346475,128.3031660349,724690,1.0,131.87991,127.678734,1252.0,1.0,131.87991,127.678734,1252.0,130.0399178671,123.00761621179367,116.16750020774445,112.41599779167896,110.70842035127615,108.72783547077405,106.44829581737875,103.9400367217282,100.40519594307541,87.4305405933074,,,,,,120.24645760093489,,,,,123.00761621179367,,87.4305405933074,,"rgba(38, 166, 154, 0.75)"
2026-05-20 00:00:00+00:00,131.78,133.28,130.225,131.0,624605,0.0,0.0,0.0,0.0,0.0,0.0,0.0,0.0,130.83693624258746,123.25350375546411,116.37091386652108,112.50817881020075,110.80113670081563,108.8207533314362,106.54239634737773,104.0360168624128,100.50239218835783,87.5094476141917,,,,,,120.486024764643,,,,,123.25350375546411,,87.5094476141917,,"rgba(38, 166, 154, 0.75)"
2026-05-21 00:00:00+00:00,133.88,135.46,131.77,131.86,543789,0.0,0.0,0.0,0.0,0.0,0.0,0.0,0.0,131.6603097471861,123.50294549679806,116.56553851733781,112.5957419633412,110.8886103840367,108.9078358158719,106.6300174069684,104.12485503196538,100.59174891216085,87.58092091848101,,,,,,120.72116537931645,,,,,123.50294549679806,,87.58092091848101,,"rgba(38, 166, 154, 0.75)"
2026-05-22 00:00:00+00:00,133.46,135.3415,132.68,134.35,625535,0.0,0.0,0.0,0.0,0.0,0.0,0.0,0.0,132.19847961056252,123.77885967201429,116.78566270758138,112.69616332820438,110.98895258210865,109.00775481695631,106.73057148123256,104.22681727264492,100.69432749411975,87.66308552064882,,,,,,120.98399725092378,,,,,123.77885967201429,,87.66308552064882,,"rgba(38, 166, 154, 0.75)"
2026-05-26 00:00:00+00:00,139.08,139.8525,136.04,138.0,748513,0.0,0.0,0.0,0.0,0.0,0.0,0.0,0.0,133.60189899962475,124.22958970004369,117.10938478491587,112.84039426775887,111.13129043448917,109.14774303864765,106.86972876691524,104.36630538059418,100.83279078865813,87.77056069203414,,,,,,121.39035658426177,,,,,124.22958970004369,,87.77056069203414,,"rgba(38, 166, 154, 0.75)"
2026-05-27 00:00:00+00:00,139.69,141.62,137.0,138.35,948357,0.0,0.0,0.0,0.0,0.0,0.0,0.0,0.0,134.91454452198593,124.80408574272637,117.526612115978,113.02869465728308,111.3168073774252,109.32988813213763,107.05046259803873,104.5471410651944,101.0119279665807,87.90905954420367,,,,,,121.91072481691073,,,,,124.80408574272637,,87.90905954420367,,"rgba(38, 166, 154, 1.0)"
2026-05-28 00:00:00+00:00,137.68,139.065,136.69,138.1,545477,0.0,0.0,0.0,0.0,0.0,0.0,0.0,0.0,135.24647579310067,125.08072038964026,117.74232427509467,113.12920793945187,111.41631279468827,109.42806422427653,107.14834088840553,104.64550676231724,101.10988745874167,87.98588394166366,,,,,,122.17014628612917,,,,,125.08072038964026,,87.98588394166366,,"rgba(38, 166, 154, 1.0)"
2026-05-29 00:00:00+00:00,137.23,139.355,136.195,137.7,793880,0.0,0.0,0.0,0.0,0.0,0.0,0.0,0.0,135.58188081855772,125.45638304709102,118.0448689483631,113.27276422721246,111.55861655720973,109.56865527797459,107.28867744584933,104.78669628550752,101.25068555180859,88.09678336132293,,,,,,122.52786697865835,,,,,125.45638304709102,,88.09678336132293,,"rgba(38, 166, 154, 1.0)"
2026-06-01 00:00:00+00:00,136.61,137.98,135.55,136.53,582729,0.0,0.0,0.0,0.0,0.0,0.0,0.0,0.0,135.68930601376636,125.69910872080524,118.2514049456779,113.37329657651127,111.65859303799378,109.6677503138732,107.38790017186025,104.88680611545584,101.35085962435133,88.17642977276071,,,,,,122.7653287963533,,,,,125.69910872080524,,88.17642977276071,,"rgba(38, 166, 154, 0.75)"
2026-06-02 00:00:00+00:00,144.48,144.72,136.425,137.0,900199,0.0,0.0,0.0,0.0,0.0,0.0,0.0,0.0,136.48051578275204,126.22054914811397,118.64836369138133,113.56088780310353,111.84298195950616,109.84836390336085,107.56661964381763,105.06510965591573,101.52692698912534,88.3119858458262,,,,,,123.2470406636302,,,,,126.22054914811397,,88.3119858458262,,"rgba(38, 166, 154, 0.75)"
2026-06-03 00:00:00+00:00,145.1,146.39,143.95,144.78,1094016,-1.0,146.39,143.95,0.0,-1.0,146.39,143.95,0.0,137.64642239438572,126.93404917472279,119.178665435707,113.81153243822457,112.08814812698155,110.08730231311203,107.8018162604453,105.29855741436087,101.75603809522603,88.48581575235403,145.14666666666665,,,,,123.89799578491407,145.14666666666665,,,,126.93404917472279,,88.48581575235403,145.14666666666665,"rgba(38, 166, 154, 1.0)"
2026-06-04 00:00:00+00:00,142.45,144.35,139.45,142.63,872296,0.0,0.0,0.0,0.0,0.0,0.0,0.0,0.0,138.0762605439103,127.37613107423047,119.53840977487276,113.989287231626,112.26318047725384,110.2590657690251,107.972036886652,105.46859357238661,101.92422313475589,88.61620390934091,143.7877096886625,,,,,,143.7877096886625,,,,127.37613107423047,,88.61620390934091,143.7877096886625,"rgba(38, 166, 154, 1.0)"
2026-06-05 00:00:00+00:00,140.0,142.32,138.3975,141.83,726389,0.0,0.0,0.0,0.0,0.0,0.0,0.0,0.0,138.23772349567813,127.68129420904478,119.80566010421018,114.12600741821028,112.39846630729465,110.39249040092736,108.10490654978128,105.60192173288381,102.05682699942679,88.72057082927454,142.83044684469854,,,,,,142.83044684469854,,,,127.68129420904478,,88.72057082927454,142.83044684469854,"rgba(38, 166, 154, 0.75)"
2026-06-08 00:00:00+00:00,136.47,143.69,136.04,142.12,858860,0.0,0.0,0.0,0.0,0.0,0.0,0.0,0.0,138.27792049248373,127.98285137199862,120.09023928977695,114.27661837554028,112.54818466940853,110.54084107052884,108.2533065699195,105.75145524654162,102.20629751755018,88.83983692370899,141.8396580308865,,,,,,141.8396580308865,,,,127.98285137199862,,88.83983692370899,141.8396580308865,"rgba(38, 166, 154, 0.75)"
2026-06-09 00:00:00+00:00,138.18,139.62,134.38,135.99,1259427,0.0,0.0,0.0,0.0,0.0,0.0,0.0,0.0,138.18389607439795,128.34488744998575,120.4634974184498,114.48224929102307,112.75359892630796,110.74538712825708,108.45888385036903,105.95949514567762,102.41532973195852,89.00903337065431,140.67569308753906,,,,,,140.67569308753906,,,,128.34488744998575,,89.00903337065431,140.67569308753906,"rgba(38, 166, 154, 0.75)"
2026-06-10 00:00:00+00:00,136.69,139.048,136.5,137.67,881107,0.0,0.0,0.0,0.0,0.0,0.0,0.0,0.0,138.13051487858533,128.5825507065585,120.71548796777451,114.62406866059199,112.89541206591325,110.88674909577004,108.60108656885424,106.10351135794802,102.56018021813277,89.1267524453285,140.1705933974222,,,,,,140.1705933974222,,,,128.5825507065585,,89.1267524453285,140.1705933974222,"rgba(38, 166, 154, 0.5)"
2026-06-11 00:00:00+00:00,136.41,138.98,136.0,138.47,833806,0.0,0.0,0.0,0.0,0.0,0.0,0.0,0.0,138.06900976961938,128.78941892723816,120.9432244179574,114.75502379698334,113.02658816268587,111.0177380653275,108.73306725557013,106.23736747542516,102.69505189457259,89.23697678214654,139.78210067920122,,,,,,139.78210067920122,,,,128.78941892723816,,89.23697678214654,139.78210067920122,"rgba(38, 166, 154, 0.5)"
2026-06-12 00:00:00+00:00,138.16,139.217,134.3001,138.11,436023,0.0,0.0,0.0,0.0,0.0,0.0,0.0,0.0,138.0427447419253,128.89485535045014,121.06050601563172,114.82318960982094,113.09489046434847,111.08596606498634,108.80182992761895,106.30712153646537,102.76535712198205,89.29452995730522,139.62199414926104,,,,,,139.62199414926104,,,,128.89485535045014,,89.29452995730522,139.62199414926104,"rgba(38, 166, 154, 0.5)"
2026-06-15 00:00:00+00:00,138.71,138.99,136.65,138.99,586509,0.0,0.0,0.0,0.0,0.0,0.0,0.0,0.0,138.04571713043987,129.04732405642795,121.22417576364313,114.91785288733524,113.18953021454568,111.18029258365848,108.89668605058945,106.40314581037349,102.86191014800829,89.37316427207281,139.50503105023253,,,,,,139.50503105023253,,,,129.04732405642795,,89.37316427207281,139.50503105023253,"rgba(38, 166, 154, 0.5)"
2026-06-16 00:00:00+00:00,133.96,138.77,132.17,138.3,881171,0.0,0.0,0.0,0.0,0.0,0.0,0.0,0.0,137.87030472529833,129.19079615333516,121.41948447844236,115.03952129373444,113.31257999287486,111.30434901931872,109.02281010972331,106.53210598448246,102.99311105357846,89.48322544949943,139.03062263410393,,,,,,139.03062263410393,,,,129.19079615333516,,89.48322544949943,139.03062263410393,#000000
2026-06-17 00:00:00+00:00,126.12,129.9,124.97,126.63,1189270,0.0,0.0,0.0,0.0,0.0,0.0,0.0,0.0,,129.12129419521293,121.5244483514962,115.13666044898825,113.41614588621701,111.41403525204137,109.1394084258002,106.65605076376104,103.12477731757808,89.60504745358415,137.54275380315823,,,,,,137.54275380315823,,,,129.12129419521293,126.99666666666668,89.60504745358415,137.54275380315823,"rgba(239, 83, 80, 1.0)"
