date,Close,High,Low,Open,Volume,OB_c0,OB_High_c0,OB_Low_c0,OB_Mitigated_Index_c0,OB,OB_High,OB_Low,OB_Mitigated_Index,aVWAP_OB_bull_c0_1226,aVWAP_OB_bull_c0_1014,aVWAP_OB_bull_c0_952,aVWAP_OB_bull_c0_880,aVWAP_OB_bull_c0_319,aVWAP_OB_bear_c0_1152,aVWAP_OB_bear_c0_363,aVWAP_OB_bear_c0_353,aVWAP_OB_bear_c0_345,aVWAP_OB_bear_c0_232,aVWAP_OB_bear_c0_208,aVWAP_OB_bear_c0_120,aVWAP_OB_bear_c0_104,aVWAP_QQEMOD_bull_dot_c0_1029,aVWAP_QQEMOD_bull_dot_c0_1085,aVWAP_QQEMOD_bull_dot_c0_1152,aVWAP_QQEMOD_bull_dot_c0_1216,aVWAP_QQEMOD_bull_dot_c0_1242,aVWAP_QQEMOD_bear_dot_c0_1042,aVWAP_QQEMOD_bear_dot_c0_1112,aVWAP_QQEMOD_bear_dot_c0_1198,aVWAP_QQEMOD_bear_dot_c0_1226,aVWAP_QQEMOD_bear_dot_c0_1252,aVWAP_price_maxima_minima_valley_c0_1,aVWAP_price_maxima_minima_peak_c0_1,color
2021-06-21 00:00:00+00:00,10.05,10.09,10.04,10.05,7050,0.0,0.0,0.0,0.0,0.0,0.0,0.0,0.0,,,,,,,,,,,,,,,,,,,,,,,,,,#000000
2021-06-22 00:00:00+00:00,10.01,10.05,10.01,10.05,17264,0.0,0.0,0.0,0.0,0.0,0.0,0.0,0.0,,,,,,,,,,,,,,,,,,,,,,,,,,"rgba(239, 83, 80, 0.5)"
2021-06-23 00:00:00+00:00,10.0699,10.08,10.0,10.0,23762,0.0,0.0,0.0,0.0,0.0,0.0,0.0,0.0,,,,,,,,,,,,,,,,,,,,,,,,,,"rgba(239, 83, 80, 0.5)"
2021-06-24 00:00:00+00:00,10.01,10.15,10.005,10.08,37928,0.0,0.0,0.0,0.0,0.0,0.0,0.0,0.0,,,,,,,,,,,,,,,,,,,,,,,,,,"rgba(239, 83, 80, 0.5)"
2021-06-25 00:00:00+00:00,10.11,10.15,10.08,10.1,26267,0.0,0.0,0.0,0.0,0.0,0.0,0.0,0.0,,,,,,,,,,,,,,,,,,,,,,,,,,"rgba(239, 83, 80, 0.5)"
2021-06-28 00:00:00+00:00,10.15,10.2,10.11,10.11,42761,0.0,0.0,0.0,0.0,0.0,0.0,0.0,0.0,,,,,,,,,,,,,,,,,,,,,,,,,,#000000
2021-06-29 00:00:00+00:00,10.14,10.22,10.13,10.2113,17660,0.0,0.0,0.0,0.0,0.0,0.0,0.0,0.0,,,,,,,,,,,,,,,,,,,,,,,,,,"rgba(38, 166, 154, 0.5)"
2021-06-30 00:00:00+00:00,10.17,10.24,10.09,10.22,80688,0.0,0.0,0.0,0.0,0.0,0.0,0.0,0.0,,,,,,,,,,,,,,,,,,,,,,,,,,"rgba(38, 166, 154, 0.5)"
2021-07-01 00:00:00+00:00,10.18,10.2,10.16,10.17,107605,0.0,0.0,0.0,0.0,0.0,0.0,0.0,0.0,,,,,,,,,,,,,,,,,,,,,,,,,,"rgba(38, 166, 154, 0.5)"
2021-07-02 00:00:00+00:00,10.24,10.25,10.2,10.2,38597,0.0,0.0,0.0,0.0,0.0,0.0,0.0,0.0,,,,,,,,,,,,,,,,,,,,,,,,,,"rgba(38, 166, 154, 0.5)"
2021-07-06 00:00:00+00:00,10.24,10.43,10.17,10.26,104832,0.0,0.0,0.0,0.0,0.0,0.0,0.0,0.0,,,,,,,,,,,,,,,,,,,,,,,,,,"rgba(38, 166, 154, 0.5)"
2021-07-07 00:00:00+00:00,10.27,10.39,10.2519,10.26,43288,0.0,0.0,0.0,0.0,0.0,0.0,0.0,0.0,,,,,,,,,,,,,,,,,,,,,,,,,,"rgba(38, 166, 154, 0.5)"
2021-07-08 00:00:00+00:00,10.34,10.39,10.25,10.25,56112,0.0,0.0,0.0,0.0,0.0,0.0,0.0,0.0,,,,,,,,,,,,,,,,,,,,,,,,,,"rgba(38, 166, 154, 0.5)"
2021-07-09 00:00:00+00:00,10.43,10.6,10.39,10.46,71410,0.0,0.0,0.0,0.0,0.0,0.0,0.0,0.0,,,,,,,,,,,,,,,,,,,,,,,,,,"rgba(38, 166, 154, 0.5)"
2021-07-12 00:00:00+00:00,10.46,10.55,10.43,10.54,58356,0.0,0.0,0.0,0.0,0.0,0.0,0.0,0.0,,,,,,,,,,,,,,,,,,,,,,,,,,"rgba(38, 166, 154, 0.5)"
2021-07-13 00:00:00+00:00,10.01,10.17,9.93,10.14,5975790,0.0,0.0,0.0,0.0,0.0,0.0,0.0,0.0,,,,,,,,,,,,,,,,,,,,,,,,,,"rgba(38, 166, 154, 0.5)"
2021-07-14 00:00:00+00:00,9.96,10.04,9.9401,10.04,1256115,0.0,0.0,0.0,0.0,0.0,0.0,0.0,0.0,,,,,,,,,,,,,,,,,,,,,,,,,,"rgba(38, 166, 154, 0.5)"
2021-07-15 00:00:00+00:00,9.92,9.98,9.9,9.98,474130,0.0,0.0,0.0,0.0,0.0,0.0,0.0,0.0,,,,,,,,,,,,,,,,,,,,,,,,,,#000000
2021-07-16 00:00:00+00:00,9.91,9.99,9.82,9.96,659984,0.0,0.0,0.0,0.0,0.0,0.0,0.0,0.0,,,,,,,,,,,,,,,,,,,,,,,,,,"rgba(239, 83, 80, 0.5)"
2021-07-19 00:00:00+00:00,9.85,9.91,9.85,9.91,536487,0.0,0.0,0.0,0.0,0.0,0.0,0.0,0.0,,,,,,,,,,,,,,,,,,,,,,,,,,"rgba(239, 83, 80, 0.5)"
2021-07-20 00:00:00+00:00,9.86,9.9,9.84,9.89,537604,0.0,0.0,0.0,0.0,0.0,0.0,0.0,0.0,,,,,,,,,,,,,,,,,,,,,,,,,,"rgba(239, 83, 80, 0.5)"
2021-07-21 00:00:00+00:00,9.87,9.93,9.86,9.93,461609,0.0,0.0,0.0,0.0,0.0,0.0,0.0,0.0,,,,,,,,,,,,,,,,,,,,,,,,,,"rgba(239, 83, 80, 0.5)"
2021-07-22 00:00:00+00:00,9.87,9.895,9.85,9.89,709426,0.0,0.0,0.0,0.0,0.0,0.0,0.0,0.0,,,,,,,,,,,,,,,,,,,,,,,,,,"rgba(239, 83, 80, 0.5)"
2021-07-23 00:00:00+00:00,9.92,9.95,9.86,9.88,360937,0.0,0.0,0.0,0.0,0.0,0.0,0.0,0.0,,,,,,,,,,,,,,,,,,,,,,,,,,"rgba(239, 83, 80, 0.5)"
2021-07-26 00:00:00+00:00,9.91,9.95,9.9,9.92,261876,0.0,0.0,0.0,0.0,0.0,0.0,0.0,0.0,,,,,,,,,,,,,,,,,,,,,,,,,,"rgba(239, 83, 80, 0.5)"
2021-07-27 00:00:00+00:00,9.89,9.93,9.87,9.91,80127,0.0,0.0,0.0,0.0,0.0,0.0,0.0,0.0,,,,,,,,,,,,,,,,,,,,,,,,,,"rgba(239, 83, 80, 0.5)"
2021-07-28 00:00:00+00:00,9.84,9.91,9.84,9.91,130035,0.0,0.0,0.0,0.0,0.0,0.0,0.0,0.0,,,,,,,,,,,,,,,,,,,,,,,,,,"rgba(239, 83, 80, 0.5)"
2021-07-29 00:00:00+00:00,9.84,9.86,9.8,9.83,199367,0.0,0.0,0.0,0.0,0.0,0.0,0.0,0.0,,,,,,,,,,,,,,,,,,,,,,,,,,"rgba(239, 83, 80, 0.5)"
2021-07-30 00:00:00+00:00,9.87,9.9,9.84,9.84,136485,0.0,0.0,0.0,0.0,0.0,0.0,0.0,0.0,,,,,,,,,,,,,,,,,,,,,,,,,,"rgba(239, 83, 80, 0.5)"
2021-08-02 00:00:00+00:00,9.88,9.9,9.8642,9.89,52954,0.0,0.0,0.0,0.0,0.0,0.0,0.0,0.0,,,,,,,,,,,,,,,,,,,,,,,,,,"rgba(239, 83, 80, 0.5)"
2021-08-03 00:00:00+00:00,9.88,9.97,9.86,9.9,130122,0.0,0.0,0.0,0.0,0.0,0.0,0.0,0.0,,,,,,,,,,,,,,,,,,,,,,,,,,"rgba(239, 83, 80, 0.5)"
2021-08-04 00:00:00+00:00,9.85,9.9,9.85,9.89,109436,0.0,0.0,0.0,0.0,0.0,0.0,0.0,0.0,,,,,,,,,,,,,,,,,,,,,,,,,,"rgba(239, 83, 80, 0.5)"
2021-08-05 00:00:00+00:00,9.875,9.8899,9.86,9.87,74040,0.0,0.0,0.0,0.0,0.0,0.0,0.0,0.0,,,,,,,,,,,,,,,,,,,,,,,,,,"rgba(239, 83, 80, 0.5)"
2021-08-06 00:00:00+00:00,9.89,9.9,9.81,9.81,466985,0.0,0.0,0.0,0.0,0.0,0.0,0.0,0.0,,,,,,,,,,,,,,,,,,,,,,,,,,"rgba(239, 83, 80, 0.5)"
2021-08-09 00:00:00+00:00,9.88,9.88,9.85,9.88,26001,0.0,0.0,0.0,0.0,0.0,0.0,0.0,0.0,,,,,,,,,,,,,,,,,,,,,,,,,,"rgba(239, 83, 80, 0.5)"
2021-08-10 00:00:00+00:00,9.86,9.89,9.85,9.89,181409,0.0,0.0,0.0,0.0,0.0,0.0,0.0,0.0,,,,,,,,,,,,,,,,,,,,,,,,,,"rgba(239, 83, 80, 0.5)"
2021-08-11 00:00:00+00:00,9.86,9.87,9.85,9.86,27890,0.0,0.0,0.0,0.0,0.0,0.0,0.0,0.0,,,,,,,,,,,,,,,,,,,,,,,,,,"rgba(239, 83, 80, 0.5)"
2021-08-12 00:00:00+00:00,9.87,9.87,9.85,9.86,380361,0.0,0.0,0.0,0.0,0.0,0.0,0.0,0.0,,,,,,,,,,,,,,,,,,,,,,,,,,"rgba(239, 83, 80, 0.5)"
2021-08-13 00:00:00+00:00,9.86,9.87,9.82,9.82,32616,0.0,0.0,0.0,0.0,0.0,0.0,0.0,0.0,,,,,,,,,,,,,,,,,,,,,,,,,,"rgba(239, 83, 80, 0.5)"
2021-08-16 00:00:00+00:00,9.88,9.885,9.85,9.86,269035,0.0,0.0,0.0,0.0,0.0,0.0,0.0,0.0,,,,,,,,,,,,,,,,,,,,,,,,,,"rgba(239, 83, 80, 0.5)"
2021-08-17 00:00:00+00:00,9.85,9.88,9.85,9.87,917108,0.0,0.0,0.0,0.0,0.0,0.0,0.0,0.0,,,,,,,,,,,,,,,,,,,,,,,,,,"rgba(239, 83, 80, 0.5)"
2021-08-18 00:00:00+00:00,9.85,9.87,9.85,9.85,57292,0.0,0.0,0.0,0.0,0.0,0.0,0.0,0.0,,,,,,,,,,,,,,,,,,,,,,,,,,"rgba(239, 83, 80, 0.5)"
2021-08-19 00:00:00+00:00,9.84,9.8699,9.83,9.86,175442,0.0,0.0,0.0,0.0,0.0,0.0,0.0,0.0,,,,,,,,,,,,,,,,,,,,,,,,,,"rgba(239, 83, 80, 0.5)"
2021-08-20 00:00:00+00:00,9.845,9.87,9.84,9.85,904619,0.0,0.0,0.0,0.0,0.0,0.0,0.0,0.0,,,,,,,,,,,,,,,,,,,,,,,,,,"rgba(239, 83, 80, 0.5)"
2021-08-23 00:00:00+00:00,9.85,9.86,9.84,9.84,78117,0.0,0.0,0.0,0.0,0.0,0.0,0.0,0.0,,,,,,,,,,,,,,,,,,,,,,,,,,"rgba(239, 83, 80, 0.5)"
2021-08-24 00:00:00+00:00,9.86,9.87,9.845,9.85,49035,0.0,0.0,0.0,0.0,0.0,0.0,0.0,0.0,,,,,,,,,,,,,,,,,,,,,,,,,,"rgba(239, 83, 80, 0.5)"
2021-08-25 00:00:00+00:00,9.88,9.89,9.86,9.87,37406,0.0,0.0,0.0,0.0,0.0,0.0,0.0,0.0,,,,,,,,,,,,,,,,,,,,,,,,,,"rgba(239, 83, 80, 0.5)"
2021-08-26 00:00:00+00:00,9.92,9.92,9.88,9.88,177593,0.0,0.0,0.0,0.0,0.0,0.0,0.0,0.0,,,,,,,,,,,,,,,,,,,,,,,,,,#000000
2021-08-27 00:00:00+00:00,9.885,9.91,9.85,9.85,35788,0.0,0.0,0.0,0.0,0.0,0.0,0.0,0.0,,,,,,,,,,,,,,,,,,,,,,,,,,#000000
2021-08-30 00:00:00+00:00,9.91,9.92,9.86,9.89,39137,0.0,0.0,0.0,0.0,0.0,0.0,0.0,0.0,,,,,,,,,,,,,,,,,,,,,,,,,,"rgba(38, 166, 154, 0.5)"
2021-08-31 00:00:00+00:00,9.91,9.92,9.86,9.86,52062,0.0,0.0,0.0,0.0,0.0,0.0,0.0,0.0,,,,,,,,,,,,,,,,,,,,,,,,,,"rgba(38, 166, 154, 0.5)"
2021-09-01 00:00:00+00:00,9.91,9.92,9.91,9.92,49062,0.0,0.0,0.0,0.0,0.0,0.0,0.0,0.0,,,,,,,,,,,,,,,,,,,,,,,,,,"rgba(38, 166, 154, 1.0)"
2021-09-02 00:00:00+00:00,9.92,9.92,9.9,9.92,388626,0.0,0.0,0.0,0.0,0.0,0.0,0.0,0.0,,,,,,,,,,,,,,,,,,,,,,,,,,"rgba(38, 166, 154, 1.0)"
2021-09-03 00:00:00+00:00,9.89,9.91,9.88,9.88,15302,0.0,0.0,0.0,0.0,0.0,0.0,0.0,0.0,,,,,,,,,,,,,,,,,,,,,,,,,,"rgba(38, 166, 154, 0.75)"
2021-09-07 00:00:00+00:00,9.89,9.9,9.84,9.89,81010,0.0,0.0,0.0,0.0,0.0,0.0,0.0,0.0,,,,,,,,,,,,,,,,,,,,,,,,,,"rgba(38, 166, 154, 0.75)"
2021-09-08 00:00:00+00:00,9.9,9.9,9.88,9.89,45585,0.0,0.0,0.0,0.0,0.0,0.0,0.0,0.0,,,,,,,,,,,,,,,,,,,,,,,,,,"rgba(38, 166, 154, 0.75)"
2021-09-09 00:00:00+00:00,9.89,9.93,9.89,9.93,37214,0.0,0.0,0.0,0.0,0.0,0.0,0.0,0.0,,,,,,,,,,,,,,,,,,,,,,,,,,#000000
2021-09-10 00:00:00+00:00,9.96,9.96,9.88,9.88,133551,0.0,0.0,0.0,0.0,0.0,0.0,0.0,0.0,,,,,,,,,,,,,,,,,,,,,,,,,,"rgba(38, 166, 154, 1.0)"
2021-09-13 00:00:00+00:00,9.97,9.99,9.9,9.99,284146,0.0,0.0,0.0,0.0,0.0,0.0,0.0,0.0,,,,,,,,,,,,,,,,,,,,,,,,,,"rgba(38, 166, 154, 1.0)"
2021-09-14 00:00:00+00:00,9.92,9.96,9.9,9.96,1056355,0.0,0.0,0.0,0.0,0.0,0.0,0.0,0.0,,,,,,,,,,,,,,,,,,,,,,,,,,"rgba(38, 166, 154, 1.0)"
2021-09-15 00:00:00+00:00,9.92,9.94,9.8917,9.91,40919,0.0,0.0,0.0,0.0,0.0,0.0,0.0,0.0,,,,,,,,,,,,,,,,,,,,,,,,,,"rgba(38, 166, 154, 0.75)"
2021-09-16 00:00:00+00:00,9.93,9.9399,9.9,9.9,43832,0.0,0.0,0.0,0.0,0.0,0.0,0.0,0.0,,,,,,,,,,,,,,,,,,,,,,,,,,"rgba(38, 166, 154, 0.75)"
2021-09-17 00:00:00+00:00,9.96,9.99,9.91,9.91,82643,0.0,0.0,0.0,0.0,0.0,0.0,0.0,0.0,,,,,,,,,,,,,,,,,,,,,,,,,,"rgba(38, 166, 154, 0.75)"
2021-09-20 00:00:00+00:00,9.92,9.94,9.9,9.92,34713,0.0,0.0,0.0,0.0,0.0,0.0,0.0,0.0,,,,,,,,,,,,,,,,,,,,,,,,,,"rgba(38, 166, 154, 0.75)"
2021-09-21 00:00:00+00:00,9.97,9.98,9.9126,9.95,48676,0.0,0.0,0.0,0.0,0.0,0.0,0.0,0.0,,,,,,,,,,,,,,,,,,,,,,,,,,"rgba(38, 166, 154, 0.75)"
2021-09-22 00:00:00+00:00,9.95,9.98,9.92,9.95,88356,0.0,0.0,0.0,0.0,0.0,0.0,0.0,0.0,,,,,,,,,,,,,,,,,,,,,,,,,,"rgba(38, 166, 154, 0.75)"
2021-09-23 00:00:00+00:00,9.92,9.967,9.91,9.96,106920,0.0,0.0,0.0,0.0,0.0,0.0,0.0,0.0,,,,,,,,,,,,,,,,,,,,,,,,,,"rgba(38, 166, 154, 0.75)"
2021-09-24 00:00:00+00:00,9.93,9.97,9.9,9.9,112650,0.0,0.0,0.0,0.0,0.0,0.0,0.0,0.0,,,,,,,,,,,,,,,,,,,,,,,,,,"rgba(38, 166, 154, 0.75)"
2021-09-27 00:00:00+00:00,9.9,9.94,9.89,9.9,366577,0.0,0.0,0.0,0.0,0.0,0.0,0.0,0.0,,,,,,,,,,,,,,,,,,,,,,,,,,#000000
2021-09-28 00:00:00+00:00,9.9,9.92,9.89,9.9,821377,0.0,0.0,0.0,0.0,0.0,0.0,0.0,0.0,,,,,,,,,,,,,,,,,,,,,,,,,,#000000
2021-09-29 00:00:00+00:00,9.91,9.9298,9.8901,9.91,112860,0.0,0.0,0.0,0.0,0.0,0.0,0.0,0.0,,,,,,,,,,,,,,,,,,,,,,,,,,#000000
2021-09-30 00:00:00+00:00,9.9,9.93,9.9,9.93,62509,0.0,0.0,0.0,0.0,0.0,0.0,0.0,0.0,,,,,,,,,,,,,,,,,,,,,,,,,,"rgba(239, 83, 80, 1.0)"
2021-10-01 00:00:00+00:00,9.91,9.95,9.9,9.95,61276,0.0,0.0,0.0,0.0,0.0,0.0,0.0,0.0,,,,,,,,,,,,,,,,,,,,,,,,,,#000000
2021-10-04 00:00:00+00:00,9.93,9.94,9.91,9.91,280599,0.0,0.0,0.0,0.0,0.0,0.0,0.0,0.0,,,,,,,,,,,,,,,,,,,,,,,,,,#000000
2021-10-05 00:00:00+00:00,9.93,9.95,9.91,9.95,7761,0.0,0.0,0.0,0.0,0.0,0.0,0.0,0.0,,,,,,,,,,,,,,,,,,,,,,,,,,#000000
2021-10-06 00:00:00+00:00,9.93,9.95,9.91,9.95,19979,0.0,0.0,0.0,0.0,0.0,0.0,0.0,0.0,,,,,,,,,,,,,,,,,,,,,,,,,,#000000
2021-10-07 00:00:00+00:00,9.93,9.95,9.92,9.95,20951,0.0,0.0,0.0,0.0,0.0,0.0,0.0,0.0,,,,,,,,,,,,,,,,,,,,,,,,,,#000000
2021-10-08 00:00:00+00:00,9.94,9.95,9.93,9.95,18591,0.0,0.0,0.0,0.0,0.0,0.0,0.0,0.0,,,,,,,,,,,,,,,,,,,,,,,,,,"rgba(38, 166, 154, 1.0)"
2021-10-11 00:00:00+00:00,9.94,9.95,9.94,9.95,118212,0.0,0.0,0.0,0.0,0.0,0.0,0.0,0.0,,,,,,,,,,,,,,,,,,,,,,,,,,"rgba(38, 166, 154, 1.0)"
2021-10-12 00:00:00+00:00,9.95,9.99,9.93,9.95,210934,0.0,0.0,0.0,0.0,0.0,0.0,0.0,0.0,,,,,,,,,,,,,,,,,,,,,,,,,,"rgba(38, 166, 154, 1.0)"
2021-10-13 00:00:00+00:00,9.945,9.98,9.91,9.98,87810,0.0,0.0,0.0,0.0,0.0,0.0,0.0,0.0,,,,,,,,,,,,,,,,,,,,,,,,,,"rgba(38, 166, 154, 1.0)"
2021-10-14 00:00:00+00:00,9.935,9.95,9.93,9.95,140444,0.0,0.0,0.0,0.0,0.0,0.0,0.0,0.0,,,,,,,,,,,,,,,,,,,,,,,,,,"rgba(38, 166, 154, 1.0)"
2021-10-15 00:00:00+00:00,9.94,9.95,9.94,9.95,198211,0.0,0.0,0.0,0.0,0.0,0.0,0.0,0.0,,,,,,,,,,,,,,,,,,,,,,,,,,"rgba(38, 166, 154, 1.0)"
2021-10-18 00:00:00+00:00,9.935,9.95,9.93,9.95,23674,0.0,0.0,0.0,0.0,0.0,0.0,0.0,0.0,,,,,,,,,,,,,,,,,,,,,,,,,,"rgba(38, 166, 154, 0.75)"
2021-10-19 00:00:00+00:00,9.95,9.95,9.94,9.94,115351,0.0,0.0,0.0,0.0,0.0,0.0,0.0,0.0,,,,,,,,,,,,,,,,,,,,,,,,,,"rgba(38, 166, 154, 0.75)"
2021-10-20 00:00:00+00:00,9.94,9.96,9.94,9.94,25735,0.0,0.0,0.0,0.0,0.0,0.0,0.0,0.0,,,,,,,,,,,,,,,,,,,,,,,,,,"rgba(38, 166, 154, 0.75)"
2021-10-21 00:00:00+00:00,9.99,9.99,9.93,9.96,266378,0.0,0.0,0.0,0.0,0.0,0.0,0.0,0.0,,,,,,,,,,,,,,,,,,,,,,,,,,"rgba(38, 166, 154, 1.0)"
2021-10-22 00:00:00+00:00,9.98,10.0,9.94,9.99,72077,0.0,0.0,0.0,0.0,0.0,0.0,0.0,0.0,,,,,,,,,,,,,,,,,,,,,,,,,,"rgba(38, 166, 154, 1.0)"
2021-10-25 00:00:00+00:00,10.01,10.02,9.98,9.99,1219701,0.0,0.0,0.0,0.0,0.0,0.0,0.0,0.0,,,,,,,,,,,,,,,,,,,,,,,,,,"rgba(38, 166, 154, 1.0)"
2021-10-26 00:00:00+00:00,10.06,10.11,10.01,10.03,1899837,0.0,0.0,0.0,0.0,0.0,0.0,0.0,0.0,,,,,,,,,,,,,,,,,,,,,,,,,,"rgba(38, 166, 154, 1.0)"
2021-10-27 00:00:00+00:00,10.02,10.11,10.01,10.11,170282,0.0,0.0,0.0,0.0,0.0,0.0,0.0,0.0,,,,,,,,,,,,,,,,,,,,,,,,,,"rgba(38, 166, 154, 1.0)"
2021-10-28 00:00:00+00:00,10.12,10.37,10.07,10.37,1773180,0.0,0.0,0.0,0.0,0.0,0.0,0.0,0.0,,,,,,,,,,,,,,,,,,,,,,,,,,"rgba(38, 166, 154, 1.0)"
2021-10-29 00:00:00+00:00,10.32,10.47,10.14,10.23,2876895,0.0,0.0,0.0,0.0,0.0,0.0,0.0,0.0,,,,,,,,,,,,,,,,,,,,,,,,,,"rgba(38, 166, 154, 1.0)"
2021-11-01 00:00:00+00:00,10.45,10.5,10.33,10.43,2164795,0.0,0.0,0.0,0.0,0.0,0.0,0.0,0.0,,,,,,,,,,,,,,,,,,,,,,,,,,"rgba(38, 166, 154, 1.0)"
2021-11-02 00:00:00+00:00,10.32,10.5,10.29,10.5,736839,0.0,0.0,0.0,0.0,0.0,0.0,0.0,0.0,,,,,,,,,,,,,,,,,,,,,,,,,,"rgba(38, 166, 154, 1.0)"
2021-11-03 00:00:00+00:00,10.92,11.47,10.34,10.375,7935338,0.0,0.0,0.0,0.0,0.0,0.0,0.0,0.0,,,,,,,,,,,,,,,,,,,,,,,,,10.910000000000002,"rgba(38, 166, 154, 1.0)"
2021-11-04 00:00:00+00:00,10.79,11.25,10.63,11.09,3180684,0.0,0.0,0.0,0.0,0.0,0.0,0.0,0.0,,,,,,,,,,,,,,,,,,,,,,,,,10.904277298119778,"rgba(38, 166, 154, 1.0)"
2021-11-05 00:00:00+00:00,10.47,10.87,10.39,10.84,1533013,0.0,0.0,0.0,0.0,0.0,0.0,0.0,0.0,,,,,,,,,,,,,,,,,,,,,,,,,10.864572185677932,"rgba(38, 166, 154, 0.75)"
2021-11-08 00:00:00+00:00,10.9,11.0,10.3,10.51,1929943,0.0,0.0,0.0,0.0,0.0,0.0,0.0,0.0,,,,,,,,,,,,,,,,,,,,,,,,,10.84719898541585,"rgba(38, 166, 154, 0.75)"
2021-11-09 00:00:00+00:00,10.74,11.04,10.4,11.01,1457276,0.0,0.0,0.0,0.0,0.0,0.0,0.0,0.0,,,,,,,,,,,,,,,,,,,,,,,,,10.836245750618152,"rgba(38, 166, 154, 0.75)"
2021-11-10 00:00:00+00:00,10.27,10.73,10.15,10.705,1616669,0.0,0.0,0.0,0.0,0.0,0.0,0.0,0.0,,,,,,,,,,,,,,,,,,,,,,,,,10.794767664255943,"rgba(38, 166, 154, 0.75)"
2021-11-11 00:00:00+00:00,10.34,10.44,10.25,10.27,788281,0.0,0.0,0.0,0.0,0.0,0.0,0.0,0.0,,,,,,,,,,,,,,,,,,,,,,,,,10.775470816511405,"rgba(38, 166, 154, 0.5)"
2021-11-12 00:00:00+00:00,10.54,10.61,10.33,10.37,1026192,0.0,0.0,0.0,0.0,0.0,0.0,0.0,0.0,,,,,,,,,,,,,,,,,,,,,,,,,10.760598399669549,"rgba(38, 166, 154, 0.5)"
2021-11-15 00:00:00+00:00,10.9,11.07,10.52,10.65,2011499,0.0,0.0,0.0,0.0,0.0,0.0,0.0,0.0,,,,,,,,,,,,,,,,,,,,,,,,,10.76709786110195,"rgba(38, 166, 154, 0.5)"
2021-11-16 00:00:00+00:00,11.14,11.28,10.86,11.08,2084984,-1.0,11.28,10.86,0.0,0.0,0.0,0.0,0.0,,,,,,,,,,,,,11.093333333333332,,,,,,,,,,,,10.795963895418069,"rgba(38, 166, 154, 0.5)"
2021-11-17 00:00:00+00:00,10.84,11.2,10.75,11.16,1245287,0.0,0.0,0.0,0.0,0.0,0.0,0.0,0.0,,,,,,,,,,,,,11.032258160572116,,,,,,,,,,,,10.802691788591362,"rgba(38, 166, 154, 0.5)"
2021-11-18 00:00:00+00:00,10.53,10.8,10.24,10.8,2307312,0.0,0.0,0.0,0.0,0.0,0.0,0.0,0.0,,,,,,,,,,,,,10.82396883498951,,,,,,,,,,,,10.778921477560619,"rgba(38, 166, 154, 0.5)"
2021-11-19 00:00:00+00:00,10.58,10.88,10.4,10.54,1416227,0.0,0.0,0.0,0.0,0.0,0.0,0.0,0.0,,,,,,,,,,,,,10.783017041381418,,,,,,,,,,,,10.771033375559732,"rgba(38, 166, 154, 0.5)"
2021-11-22 00:00:00+00:00,10.42,10.641,10.3099,10.6,994318,0.0,0.0,0.0,0.0,0.0,0.0,0.0,0.0,,,,,,,,,,,,,10.742734660623356,,,,,,,,,,,,10.76045722699734,#000000
2021-11-23 00:00:00+00:00,10.27,10.5,10.11,10.34,2051047,0.0,0.0,0.0,0.0,0.0,0.0,0.0,0.0,,,,,,,,,,,,,10.651465498128973,,,,,,,,,,,,10.730116770448607,#000000
2021-11-24 00:00:00+00:00,10.35,10.36,10.14,10.23,721088,0.0,0.0,0.0,0.0,0.0,0.0,0.0,0.0,,,,,,,,,,,,,10.626932297184766,,,,,,,,,,,,10.720142201603728,#000000
2021-11-26 00:00:00+00:00,10.25,10.28,10.16,10.19,440075,0.0,0.0,0.0,0.0,0.0,0.0,0.0,0.0,,,,,,,,,,,,,10.611419443069412,,,,,,,,,,,,10.713553796512786,"rgba(239, 83, 80, 1.0)"
2021-11-29 00:00:00+00:00,10.36,10.39,10.17,10.24,732352,0.0,0.0,0.0,0.0,0.0,0.0,0.0,0.0,,,,,,,,,,,,,10.59280924758332,,,,,,,,,,,,10.70465118245023,"rgba(239, 83, 80, 1.0)"
2021-11-30 00:00:00+00:00,10.2,10.415,10.15,10.3,792106,0.0,0.0,0.0,0.0,0.0,0.0,0.0,0.0,,,,,,,,,,,,,10.571879642459685,,,,,,,,,,,,10.694256172772901,"rgba(239, 83, 80, 1.0)"
2021-12-01 00:00:00+00:00,10.15,10.295,10.14,10.25,913716,0.0,0.0,0.0,0.0,0.0,0.0,0.0,0.0,,,,,,,,,,,,,10.546741075629237,,,,,,,,,,,,10.68128823704184,"rgba(239, 83, 80, 1.0)"
2021-12-02 00:00:00+00:00,10.15,10.2137,10.11,10.15,516244,0.0,0.0,0.0,0.0,0.0,0.0,0.0,0.0,,,,,,,,,,,,,10.532619350835146,,,,,,,,,,,,10.673718374349917,"rgba(239, 83, 80, 1.0)"
2021-12-03 00:00:00+00:00,10.11,10.16,10.03,10.1,1322065,0.0,0.0,0.0,0.0,0.0,0.0,0.0,0.0,,,,,,,,,,,,,10.495806742769322,,,,,,,,,,,,10.653227267745768,"rgba(239, 83, 80, 1.0)"
2021-12-06 00:00:00+00:00,10.05,10.1,10.01,10.06,1499620,0.0,0.0,0.0,0.0,0.0,0.0,0.0,0.0,,,,,,,,,,,,,10.456858351244449,,,,,,,,,,,,10.62987000190435,"rgba(239, 83, 80, 1.0)"
2021-12-07 00:00:00+00:00,10.18,10.22,10.07,10.09,644893,0.0,0.0,0.0,0.0,0.0,0.0,0.0,0.0,,,,,,,,,,,,,10.44590943098524,,,,,,,,,,,,10.622077260996951,"rgba(239, 83, 80, 1.0)"
2021-12-08 00:00:00+00:00,10.22,10.3,10.12,10.14,767816,0.0,0.0,0.0,0.0,0.0,0.0,0.0,0.0,,,,,,,,,,,,,10.436230088088973,,,,,,,,,,,,10.614217118393851,"rgba(239, 83, 80, 0.75)"
2021-12-09 00:00:00+00:00,10.21,10.42,10.14,10.16,1408973,-1.0,10.42,10.14,0.0,0.0,0.0,0.0,0.0,,,,,,,,,,,,10.256666666666668,10.423489709123062,,,,,,,,,,,,10.60203000483328,"rgba(239, 83, 80, 0.75)"
2021-12-10 00:00:00+00:00,10.13,10.2689,10.11,10.22,632093,0.0,0.0,0.0,0.0,0.0,0.0,0.0,0.0,,,,,,,,,,,,10.229713515339533,10.415658613631338,,,,,,,,,,,,10.595517717516104,"rgba(239, 83, 80, 0.75)"
2021-12-13 00:00:00+00:00,10.02,10.105,10.01,10.09,815434,0.0,0.0,0.0,0.0,0.0,0.0,0.0,0.0,,,,,,,,,,,,10.176984062979171,10.401472346798462,,,,,,,,,,,,10.585025357144735,"rgba(239, 83, 80, 1.0)"
2021-12-14 00:00:00+00:00,9.98,10.0299,9.98,9.99,685513,0.0,0.0,0.0,0.0,0.0,0.0,0.0,0.0,,,,,,,,,,,,10.142079400085018,10.388852622837637,,,,,,,,,,,,10.57574654777625,"rgba(239, 83, 80, 1.0)"
2021-12-15 00:00:00+00:00,9.97,10.0199,9.95,9.99,429898,0.0,0.0,0.0,0.0,0.0,0.0,0.0,0.0,,,,,,,,,,,,10.124533201322992,10.381012705949406,,,,,,,,,,,,10.569912269051022,"rgba(239, 83, 80, 1.0)"
2021-12-16 00:00:00+00:00,9.95,10.08,9.95,9.97,755901,0.0,0.0,0.0,0.0,0.0,0.0,0.0,0.0,,,,,,,,,,,,10.103556455332829,10.368368804413048,,,,,,,,,,,,10.560152371394418,"rgba(239, 83, 80, 1.0)"
2021-12-17 00:00:00+00:00,9.96,9.98,9.93,9.93,674024,0.0,0.0,0.0,0.0,0.0,0.0,0.0,0.0,,,,,,,,,,,,10.08522801238937,10.356734185966149,,,,,,,,,,,,10.551178956073883,"rgba(239, 83, 80, 1.0)"
2021-12-20 00:00:00+00:00,9.92,9.955,9.9,9.95,1154887,0.0,0.0,0.0,0.0,0.0,0.0,0.0,0.0,,,,,,,,,,,,10.057005797032046,10.33679470219656,,,,,,,,,,,,10.535621904438319,"rgba(239, 83, 80, 1.0)"
2021-12-21 00:00:00+00:00,9.92,9.939,9.91,9.93,437416,0.0,0.0,0.0,0.0,0.0,0.0,0.0,0.0,,,,,,,,,,,,10.048625025686986,10.329680825391716,,,,,,,,,,,,10.529910946420001,"rgba(239, 83, 80, 1.0)"
2021-12-22 00:00:00+00:00,9.94,9.95,9.91,9.91,250732,0.0,0.0,0.0,0.0,0.0,0.0,0.0,0.0,,,,,,,,,,,,10.04463498685714,10.325813116270641,,,,,,,,,,,,10.526740035847407,"rgba(239, 83, 80, 1.0)"
2021-12-23 00:00:00+00:00,9.94,9.96,9.91,9.91,197531,0.0,0.0,0.0,0.0,0.0,0.0,0.0,0.0,,,,,,,,,,,,10.04176936763158,10.32284425262984,,,,,,,,,,,,10.524279476784335,"rgba(239, 83, 80, 1.0)"
2021-12-27 00:00:00+00:00,9.96,9.97,9.92,9.96,188513,0.0,0.0,0.0,0.0,0.0,0.0,0.0,0.0,,,,,,,,,,,,10.039502310692756,10.320149244446542,,,,,,,,,,,,10.522003162352584,"rgba(239, 83, 80, 1.0)"
2021-12-28 00:00:00+00:00,9.95,9.96,9.93,9.93,111507,0.0,0.0,0.0,0.0,0.0,0.0,0.0,0.0,,,,,,,,,,,,10.038165284093273,10.318559193960052,,,,,,,,,,,,10.520657380558074,"rgba(239, 83, 80, 0.75)"
2021-12-29 00:00:00+00:00,9.94,9.9583,9.93,9.94,254213,0.0,0.0,0.0,0.0,0.0,0.0,0.0,0.0,,,,,,,,,,,,10.035132562363211,10.314946847200792,,,,,,,,,,,,10.517592001049008,"rgba(239, 83, 80, 0.75)"
2021-12-30 00:00:00+00:00,9.94,9.96,9.94,9.95,67807,0.0,0.0,0.0,0.0,0.0,0.0,0.0,0.0,,,,,,,,,,,,10.034388728259191,10.314004991634732,,,,,,,,,,,,10.516785359498042,"rgba(239, 83, 80, 0.75)"
2021-12-31 00:00:00+00:00,9.95,9.96,9.94,9.95,111870,0.0,0.0,0.0,0.0,0.0,0.0,0.0,0.0,,,,,,,,,,,,10.03323410414133,10.31247558198865,,,,,,,,,,,,10.515467261052883,"rgba(239, 83, 80, 0.75)"
2022-01-03 00:00:00+00:00,9.96,9.97,9.94,9.94,102012,0.0,0.0,0.0,0.0,0.0,0.0,0.0,0.0,,,,,,,,,,,,10.032290580134338,10.311117549461153,,,,,,,,,,,,10.514284754105834,"rgba(239, 83, 80, 0.75)"
2022-01-04 00:00:00+00:00,9.95,9.96,9.94,9.95,257475,0.0,0.0,0.0,0.0,0.0,0.0,0.0,0.0,,,,,,,,,,,,10.02980835590201,10.307671971667121,,,,,,,,,,,,10.511286865265994,"rgba(239, 83, 80, 0.75)"
2022-01-05 00:00:00+00:00,9.96,9.97,9.94,9.95,531282,0.0,0.0,0.0,0.0,0.0,0.0,0.0,0.0,,,,,,,,,,,,10.025522647751798,10.300894778945803,,,,,,,,,,,,10.505272803206998,"rgba(239, 83, 80, 0.75)"
2022-01-06 00:00:00+00:00,9.94,9.96,9.93,9.93,150445,0.0,0.0,0.0,0.0,0.0,0.0,0.0,0.0,,,,,,,,,,,,10.024181184607816,10.2989504423119,,,,,,,,,,,,10.503552587492237,"rgba(239, 83, 80, 0.75)"
2022-01-07 00:00:00+00:00,9.96,9.96,9.94,9.96,320833,0.0,0.0,0.0,0.0,0.0,0.0,0.0,0.0,,,,,,,,,,,,10.021798140662003,10.29498848292763,,,,,,,,,,,,10.499983933219944,"rgba(239, 83, 80, 0.75)"
2022-01-10 00:00:00+00:00,9.96,9.97,9.96,9.97,873425,0.0,0.0,0.0,0.0,0.0,0.0,0.0,0.0,,,,,,,,,,,,10.016893637808213,10.284951527816116,,,,,,,,,,,,10.490672736509167,"rgba(239, 83, 80, 0.75)"
2022-01-11 00:00:00+00:00,9.97,9.975,9.96,9.96,180115,0.0,0.0,0.0,0.0,0.0,0.0,0.0,0.0,,,,,,,,,,,,10.016067870942377,10.28298783545434,,,,,,,,,,,,10.488810478672875,"rgba(239, 83, 80, 0.75)"
2022-01-12 00:00:00+00:00,9.96,9.98,9.96,9.97,411663,0.0,0.0,0.0,0.0,0.0,0.0,0.0,0.0,,,,,,,,,,,,10.014219683241363,10.278566588225676,,,,,,,,,,,,10.484590166361073,"rgba(239, 83, 80, 0.75)"
2022-01-13 00:00:00+00:00,9.96,9.98,9.96,9.97,1159704,0.0,0.0,0.0,0.0,0.0,0.0,0.0,0.0,,,,,,,,,,,,10.009685751028275,10.266750742438408,,,,,,,,,,,,10.473059683776569,"rgba(239, 83, 80, 0.75)"
2022-01-14 00:00:00+00:00,9.96,9.98,9.96,9.97,854827,0.0,0.0,0.0,0.0,0.0,0.0,0.0,0.0,,,,,,,,,,,,10.006860922934976,10.258598774048938,,,,,,,,,,,,10.464883857550356,"rgba(239, 83, 80, 0.75)"
2022-01-18 00:00:00+00:00,9.96,9.98,9.95,9.95,851364,0.0,0.0,0.0,0.0,0.0,0.0,0.0,0.0,,,,,,,,,,,,10.004189021447152,10.250820642811123,,,,,,,,,,,,10.456946647742743,"rgba(239, 83, 80, 0.75)"
2022-01-19 00:00:00+00:00,9.95,9.975,9.95,9.97,1187493,0.0,0.0,0.0,0.0,0.0,0.0,0.0,0.0,,,,,,,,,,,,10.000572531477713,10.240454571182562,,,,,,,,,,,,10.446178258647356,"rgba(239, 83, 80, 1.0)"
2022-01-20 00:00:00+00:00,9.96,9.98,9.96,9.97,1090063,0.0,0.0,0.0,0.0,0.0,0.0,0.0,0.0,,,,,,,,,,,,9.998283592420469,10.231828005729037,,,,,,,,,,,,10.436856862234547,"rgba(239, 83, 80, 1.0)"
2022-01-21 00:00:00+00:00,9.97,9.99,9.96,9.96,1102117,0.0,0.0,0.0,0.0,0.0,0.0,0.0,0.0,,,,,,,,,,,,9.99668941899292,10.223847470732483,,,,,,,,,,,,10.427922227721703,"rgba(239, 83, 80, 0.75)"
2022-01-24 00:00:00+00:00,9.98,9.98,9.96,9.96,2181667,0.0,0.0,0.0,0.0,0.0,0.0,0.0,0.0,,,,,,,,,,,,9.994067025205744,10.20941929778395,,,,,,,,,,,,10.41121432783623,#000000
2022-01-25 00:00:00+00:00,9.97,9.98,9.97,9.97,521676,0.0,0.0,0.0,0.0,0.0,0.0,0.0,0.0,,,,,,,,,,,,9.993524923510318,10.206212131732903,,,,,,,,,,,,10.40739953108233,#000000
2022-01-26 00:00:00+00:00,9.98,9.99,9.97,9.98,1050612,0.0,0.0,0.0,0.0,0.0,0.0,0.0,0.0,,,,,,,,,,,,9.992848382566974,10.200188108502175,,,,,,,,,,,,10.400030045629665,#000000
2022-01-27 00:00:00+00:00,8.19,9.69,7.81,9.69,983361,0.0,0.0,0.0,0.0,0.0,0.0,0.0,0.0,,,,,,,,,,,,9.928912203507865,10.16038112387,,,,,,,,,,,,10.370858588568014,"rgba(239, 83, 80, 1.0)"
2022-01-28 00:00:00+00:00,8.68,9.6,8.09,8.18,804253,0.0,0.0,0.0,0.0,0.0,0.0,0.0,0.0,,,,,,,,,,,,9.888721529390857,10.133656168353896,,,,,,,,,,,,10.35058697307725,"rgba(239, 83, 80, 1.0)"
2022-01-31 00:00:00+00:00,8.18,8.86,8.18,8.63,286758,0.0,0.0,0.0,0.0,0.0,0.0,0.0,0.0,,,,,,,,,,,,9.870305674978255,10.121730608061316,,,,,,,,,,,,10.341739575920956,"rgba(239, 83, 80, 1.0)"
2022-02-01 00:00:00+00:00,8.13,8.38,8.0301,8.18,205760,0.0,0.0,0.0,0.0,0.0,0.0,0.0,0.0,,,,,,,,,,,,9.855368287373404,10.112157136438006,,,,,,,,,,,,10.334702971012247,"rgba(239, 83, 80, 1.0)"
2022-02-02 00:00:00+00:00,7.85,8.25,7.71,8.16,198721,0.0,0.0,0.0,0.0,0.0,0.0,0.0,0.0,,,,,,,,,,,,9.839130858215366,10.101846990380183,,,,,,,,,,,,10.327187747858256,"rgba(239, 83, 80, 1.0)"
2022-02-03 00:00:00+00:00,7.68,8.23,7.64,7.86,224525,0.0,0.0,0.0,0.0,0.0,0.0,0.0,0.0,,,,,,,,,,,,9.820291708488947,10.089853428680224,,,,,,,,,,,,10.318447355317028,"rgba(239, 83, 80, 1.0)"
2022-02-04 00:00:00+00:00,7.08,8.19,6.94,8.03,613846,0.0,0.0,0.0,0.0,0.0,0.0,0.0,0.0,,,,,,,,,,,,9.759287539884191,10.05129531611564,,,,,,,,,,,,10.290595574368076,"rgba(239, 83, 80, 1.0)"
2022-02-07 00:00:00+00:00,7.09,7.67,7.08,7.25,449199,0.0,0.0,0.0,0.0,0.0,0.0,0.0,0.0,,,,,,,,,,,,9.714325262731636,10.02249148132966,,,,,,,,,,,,10.269692828302695,"rgba(239, 83, 80, 1.0)"
2022-02-08 00:00:00+00:00,6.08,7.32,6.02,7.25,1084475,0.0,0.0,0.0,0.0,0.0,0.0,0.0,0.0,,,,,,,,,,,,9.578378135256761,9.935613352811112,,,,,,,,,,,,10.207106479287932,"rgba(239, 83, 80, 1.0)"
2022-02-09 00:00:00+00:00,5.49,6.43,5.08,6.43,2722510,0.0,0.0,0.0,0.0,0.0,0.0,0.0,0.0,,,,,,,,,,,,9.205705617661575,9.688466279404905,,,,,,,,,,,,10.026660144561033,"rgba(239, 83, 80, 1.0)"
2022-02-10 00:00:00+00:00,5.59,5.93,5.25,5.26,888162,0.0,0.0,0.0,0.0,0.0,0.0,0.0,0.0,,,,,,,,,,,,9.096716310547897,9.612494395985319,,,,,,,,,,,,9.969875022389486,"rgba(239, 83, 80, 1.0)"
2022-02-11 00:00:00+00:00,5.41,5.71,5.33,5.71,515936,0.0,0.0,0.0,0.0,0.0,0.0,0.0,0.0,,,,,,,,,,,,9.034533601750324,9.568505252165194,,,,,,,,,,,,9.936763685860408,"rgba(239, 83, 80, 1.0)"
2022-02-14 00:00:00+00:00,5.0,5.47,4.8,5.42,960894,0.0,0.0,0.0,0.0,0.0,0.0,0.0,0.0,,,,,,,,,,,,8.912035322475097,9.48137600538037,,,,,,,,,,,,9.87104819226025,"rgba(239, 83, 80, 1.0)"
2022-02-15 00:00:00+00:00,5.03,5.1999,4.97,5.16,323415,0.0,0.0,0.0,0.0,0.0,0.0,0.0,0.0,,,,,,,,,,,,8.872257146811068,9.452655874928716,,,,,,,,,,,,9.849222717396135,"rgba(239, 83, 80, 1.0)"
2022-02-16 00:00:00+00:00,5.0,5.1299,4.9,5.05,308757,0.0,0.0,0.0,0.0,0.0,0.0,0.0,0.0,,,,,,,,,,,,8.834488027390472,9.425234155234431,,,,,,,,,,,,9.828325953561686,"rgba(239, 83, 80, 1.0)"
2022-02-17 00:00:00+00:00,5.06,5.43,4.9,5.0,1494184,0.0,0.0,0.0,0.0,0.0,0.0,0.0,0.0,,,,,,,,,,,,8.667099211812268,9.300656418328082,,,,,,,,,,,,9.732153910844147,"rgba(239, 83, 80, 1.0)"
2022-02-18 00:00:00+00:00,4.95,5.76,4.9,5.01,1361333,0.0,0.0,0.0,0.0,0.0,0.0,0.0,0.0,,,,,,,,,,,,8.530141560877993,9.195172342712047,,,,,,,,,,,,9.649240200700623,"rgba(239, 83, 80, 1.0)"
2022-02-22 00:00:00+00:00,4.91,5.02,4.74,4.88,398449,0.0,0.0,0.0,0.0,0.0,0.0,0.0,0.0,,,,,,,,,,,,8.488496147270805,9.162974604031792,,,,,,,,,,,,9.623873368332422,"rgba(239, 83, 80, 1.0)"
2022-02-23 00:00:00+00:00,4.89,5.15,4.85,4.88,202832,0.0,0.0,0.0,0.0,0.0,0.0,0.0,0.0,,,,,,,,,,,,8.468084884446027,9.147046632271,,,,,,,,,,,,9.611262301457032,"rgba(239, 83, 80, 1.0)"
2022-02-24 00:00:00+00:00,4.38,4.73,4.32,4.72,516394,0.0,0.0,0.0,0.0,0.0,0.0,0.0,0.0,,,,,,,,,,,,8.410100999034636,9.102381171188258,,,,,,,,,,,,9.576131753566074,"rgba(239, 83, 80, 1.0)"
2022-02-25 00:00:00+00:00,5.02,5.15,4.4,4.4,659061,0.0,0.0,0.0,0.0,0.0,0.0,0.0,0.0,,,,,,,,,,,,8.345417360796437,9.051183992975215,,,,,,,,,,,,9.535277244173557,"rgba(239, 83, 80, 0.75)"
2022-02-28 00:00:00+00:00,4.7,5.2311,4.7,4.9,468310,0.0,0.0,0.0,0.0,0.0,0.0,0.0,0.0,,,,,,,,,,,,8.301127968304893,9.015721783472841,,,,,,,,,,,,9.506798945184805,"rgba(239, 83, 80, 0.75)"
2022-03-01 00:00:00+00:00,4.71,4.93,4.65,4.86,281762,0.0,0.0,0.0,0.0,0.0,0.0,0.0,0.0,,,,,,,,,,,,8.274154903648165,8.994096323317125,,,,,,,,,,,,9.489415251719757,"rgba(239, 83, 80, 0.75)"
2022-03-02 00:00:00+00:00,4.62,4.8,4.55,4.76,213398,0.0,0.0,0.0,0.0,0.0,0.0,0.0,0.0,,,,,,,,,,,,8.253386067719362,8.977454408943085,,,,,,,,,,,,9.476038684570424,"rgba(239, 83, 80, 0.75)"
2022-03-03 00:00:00+00:00,4.49,4.84,4.46,4.65,200668,0.0,0.0,0.0,0.0,0.0,0.0,0.0,0.0,,,,,,,,,,,,8.233750380637279,8.96170563529236,,,,,,,,,,,,9.463371699059039,"rgba(239, 83, 80, 0.75)"
2022-03-04 00:00:00+00:00,4.4,4.54,4.3,4.46,372537,0.0,0.0,0.0,0.0,0.0,0.0,0.0,0.0,,,,,,,,,,,,8.196041074145647,8.931551076579144,,,,,,,,,,,,9.439149851719158,"rgba(239, 83, 80, 0.75)"
2022-03-07 00:00:00+00:00,5.68,5.94,4.56,4.7,1643498,0.0,0.0,0.0,0.0,0.0,0.0,0.0,0.0,,,,,,,,,,,,8.07909000372289,8.831005898787797,,,,,,,,,,,,9.35531495970176,"rgba(239, 83, 80, 0.5)"
2022-03-08 00:00:00+00:00,6.07,6.68,5.29,5.34,1441686,0.0,0.0,0.0,0.0,0.0,0.0,0.0,0.0,,,,,,,,,,,,8.006145227555786,8.762476711395319,,,,,,,,,,,,9.295652529415408,"rgba(239, 83, 80, 0.5)"
2022-03-09 00:00:00+00:00,6.41,6.64,5.94,6.16,669281,0.0,0.0,0.0,0.0,0.0,0.0,0.0,0.0,,,,,,,,,,,,7.979111687724792,8.735318852417112,,,,,,,,,,,,9.271276077775534,#000000
2022-03-10 00:00:00+00:00,6.92,7.2,6.26,6.31,855113,0.0,0.0,0.0,0.0,0.0,0.0,0.0,0.0,,,,,,,,,,,,7.955170183581101,8.708006661590241,,,,,,,,,,,,9.24552357780582,"rgba(38, 166, 154, 1.0)"
2022-03-11 00:00:00+00:00,6.84,7.6519,6.81,7.01,583181,0.0,0.0,0.0,0.0,0.0,0.0,0.0,0.0,,,,,,,,,,,,7.943563204145597,8.69273587374362,,,,,,,,,,,,9.230428138761422,"rgba(38, 166, 154, 1.0)"
2022-03-14 00:00:00+00:00,5.93,6.81,5.85,6.8,483496,0.0,0.0,0.0,0.0,0.0,0.0,0.0,0.0,,,,,,,,,,,,7.924110416178785,8.673229187372447,,,,,,,,,,,,9.212829262250176,"rgba(38, 166, 154, 1.0)"
2022-03-15 00:00:00+00:00,6.39,6.51,5.82,5.82,608435,0.0,0.0,0.0,0.0,0.0,0.0,0.0,0.0,,,,,,,,,,,,7.900836849484782,8.649532860307975,,,,,,,,,,,,9.191284786305385,"rgba(38, 166, 154, 1.0)"
2022-03-16 00:00:00+00:00,6.98,7.24,6.48,6.48,711170,0.0,0.0,0.0,0.0,0.0,0.0,0.0,0.0,,,,,,,,,,,,7.884927375155755,8.62984204466188,,,,,,,,,,,,9.172038765813962,"rgba(38, 166, 154, 1.0)"
2022-03-17 00:00:00+00:00,6.97,7.39,6.66,6.66,654494,0.0,0.0,0.0,0.0,0.0,0.0,0.0,0.0,,,,,,,,,,,,7.872264252282353,8.613201634511052,,,,,,,,,,,,9.155428279387092,"rgba(38, 166, 154, 1.0)"
2022-03-18 00:00:00+00:00,7.2,7.73,6.82,7.0,6287947,0.0,0.0,0.0,0.0,0.0,0.0,0.0,0.0,,,,,,,,,,,,7.796554160192483,8.490975265938834,,,,,,,,,,,,9.024641554748996,"rgba(38, 166, 154, 1.0)"
2022-03-21 00:00:00+00:00,7.46,7.8,7.03,7.3,1285416,0.0,0.0,0.0,0.0,0.0,0.0,0.0,0.0,,,,,,,,,,,,7.78765841771875,8.471878634268114,,,,,,,,,,,,9.002575865770751,"rgba(38, 166, 154, 1.0)"
2022-03-22 00:00:00+00:00,7.86,8.03,7.5,7.52,698304,0.0,0.0,0.0,0.0,0.0,0.0,0.0,0.0,,,,,,,,,,,,7.78777563643593,8.465340308656229,,,,,,,,,,,,8.993578458299396,"rgba(38, 166, 154, 1.0)"
2022-03-23 00:00:00+00:00,8.31,8.74,7.75,7.8,886694,0.0,0.0,0.0,0.0,0.0,0.0,0.0,0.0,,,,,,,,,,,,7.795559681970306,8.462927135500307,,,,,,,,,,,,8.986756349994454,"rgba(38, 166, 154, 1.0)"
2022-03-24 00:00:00+00:00,10.01,10.18,8.75,9.06,2675339,0.0,0.0,0.0,0.0,0.0,0.0,0.0,0.0,,,,,,,,,,,,7.88209872734969,8.504775454168923,,,,,,,,,,,,9.004928235630926,"rgba(38, 166, 154, 1.0)"
2022-03-25 00:00:00+00:00,9.9,10.15,9.43,9.92,1246042,0.0,0.0,0.0,0.0,0.0,0.0,0.0,0.0,,,,,,,,,,,,7.923537109903799,8.526188516608936,,,,,,,,,,,,9.015333855992758,"rgba(38, 166, 154, 1.0)"
2022-03-28 00:00:00+00:00,9.53,10.0,9.22,9.9,1066412,0.0,0.0,0.0,0.0,0.0,0.0,0.0,0.0,,,,,,,,,,,,7.953265923713911,8.540643925205494,,,,,,,,,,,,9.021423520084928,"rgba(38, 166, 154, 1.0)"
2022-03-29 00:00:00+00:00,9.12,9.75,8.97,9.52,714446,0.0,0.0,0.0,0.0,0.0,0.0,0.0,0.0,,,,,,,,,,,,7.968997445373847,8.547355639848593,,,,,,,,,,,,9.023267560919514,"rgba(38, 166, 154, 1.0)"
2022-03-30 00:00:00+00:00,8.76,8.985,7.9012,8.92,3393862,0.0,0.0,0.0,0.0,0.0,0.0,0.0,0.0,,,,,,,,,,,,7.999910625947897,8.5474125935392,,,,,,,,,,,,9.00771847332298,"rgba(38, 166, 154, 0.75)"
2022-03-31 00:00:00+00:00,9.05,9.135,8.35,8.71,714443,0.0,0.0,0.0,0.0,0.0,0.0,0.0,0.0,,,,,,,,,,,,8.009291466367353,8.549979997082673,,,,,,,,,,,,9.006603762440161,"rgba(38, 166, 154, 0.75)"
2022-04-01 00:00:00+00:00,9.34,9.62,8.86,9.0,623696,0.0,0.0,0.0,0.0,0.0,0.0,0.0,0.0,,,,,,,,,,,,8.02142305527558,8.555387251336343,,,,,,,,,,,,9.008189430935312,"rgba(38, 166, 154, 0.75)"
2022-04-04 00:00:00+00:00,8.69,9.4,8.51,9.25,506417,0.0,0.0,0.0,0.0,0.0,0.0,0.0,0.0,,,,,,,,,,,,8.027958907211564,8.55726520116697,,,,,,,,,,,,9.00750958335086,"rgba(38, 166, 154, 0.75)"
2022-04-05 00:00:00+00:00,8.93,9.225,8.47,8.74,448115,0.0,0.0,0.0,0.0,0.0,0.0,0.0,0.0,,,,,,,,,,,,8.033715222116633,8.558952403940081,,,,,,,,,,,,9.006948701249375,"rgba(38, 166, 154, 0.75)"
2022-04-06 00:00:00+00:00,8.65,9.0199,8.3401,8.83,323674,0.0,0.0,0.0,0.0,0.0,0.0,0.0,0.0,,,,,,,,,,,,8.036823238967907,8.559376698484412,,,,,,,,,,,,9.005921677099003,"rgba(38, 166, 154, 0.75)"
2022-04-07 00:00:00+00:00,8.28,8.662,7.88,8.62,328484,0.0,0.0,0.0,0.0,0.0,0.0,0.0,0.0,,,,,,,,,,,,8.03799317682959,8.558274391825877,,,,,,,,,,,,9.00366459918421,"rgba(38, 166, 154, 0.75)"
2022-04-08 00:00:00+00:00,8.21,8.46,7.765,8.29,445491,0.0,0.0,0.0,0.0,0.0,0.0,0.0,0.0,,,,,,,,,,,,8.038704277624038,8.556120727527077,,,,,,,,,,,,9.000088433040034,"rgba(38, 166, 154, 0.75)"
2022-04-11 00:00:00+00:00,8.33,8.54,7.67,8.17,536083,0.0,0.0,0.0,0.0,0.0,0.0,0.0,0.0,,,,,,,,,,,,8.039825218436228,8.553776795836765,,,,,,,,,,,,8.995998871125156,#000000
2022-04-12 00:00:00+00:00,8.49,8.74,8.23,8.34,472437,0.0,0.0,0.0,0.0,0.0,0.0,0.0,0.0,,,,,,,,,,,,8.042927585740804,8.55341024095184,,,,,,,,,,,,8.993770309237025,#000000
2022-04-13 00:00:00+00:00,9.01,9.08,8.2,8.31,667006,0.0,0.0,0.0,0.0,0.0,0.0,0.0,0.0,,,,,,,,,,,,8.04992063259942,8.555016667197286,,,,,,,,,,,,8.992355535510386,"rgba(38, 166, 154, 0.75)"
2022-04-14 00:00:00+00:00,8.95,9.08,8.7,8.99,444296,0.0,0.0,0.0,0.0,0.0,0.0,0.0,0.0,,,,,,,,,,,,8.055446129978911,8.556816959725518,,,,,,,,,,,,8.992020108661837,"rgba(38, 166, 154, 1.0)"
2022-04-18 00:00:00+00:00,9.1,9.5,8.59,8.95,589837,-1.0,9.5,8.59,0.0,0.0,0.0,0.0,0.0,,,,,,,,,,,9.063333333333333,8.063969592284808,8.560204418373377,,,,,,,,,,,,8.992403632851513,"rgba(38, 166, 154, 1.0)"
2022-04-19 00:00:00+00:00,8.21,9.02,8.06,8.95,590207,0.0,0.0,0.0,0.0,0.0,0.0,0.0,0.0,,,,,,,,,,,8.746567376583696,8.067040975851695,8.559338888658564,,,,,,,,,,,,8.989393315358077,"rgba(38, 166, 154, 0.75)"
2022-04-20 00:00:00+00:00,8.08,8.25,7.985,8.2,263127,0.0,0.0,0.0,0.0,0.0,0.0,0.0,0.0,,,,,,,,,,,8.629593227921937,8.067182448134075,8.557996395549804,,,,,,,,,,,,8.987287910737637,#000000
2022-04-21 00:00:00+00:00,8.32,8.415,7.73,8.09,487476,0.0,0.0,0.0,0.0,0.0,0.0,0.0,0.0,,,,,,,,,,,8.509761478060634,8.067784643082536,8.55580232689736,,,,,,,,,,,,8.983633306691887,#000000
2022-04-22 00:00:00+00:00,8.0,8.59,7.8,8.2,272738,0.0,0.0,0.0,0.0,0.0,0.0,0.0,0.0,,,,,,,,,,,8.462754084435236,8.068022427154165,8.55450923732858,,,,,,,,,,,,8.981541291332913,"rgba(239, 83, 80, 0.5)"
2022-04-25 00:00:00+00:00,7.8,7.97,7.3501,7.93,554484,0.0,0.0,0.0,0.0,0.0,0.0,0.0,0.0,,,,,,,,,,,8.3107454527874,8.065236549980881,8.549307013727352,,,,,,,,,,,,8.975221036956446,"rgba(239, 83, 80, 0.5)"
2022-04-26 00:00:00+00:00,7.27,8.05,7.23,7.91,454215,0.0,0.0,0.0,0.0,0.0,0.0,0.0,0.0,,,,,,,,,,,8.19845620510962,8.061793549375812,8.544142434873354,,,,,,,,,,,,8.969321562270087,"rgba(239, 83, 80, 0.5)"
2022-04-27 00:00:00+00:00,7.37,7.56,7.26,7.26,367238,0.0,0.0,0.0,0.0,0.0,0.0,0.0,0.0,,,,,,,,,,,8.11619269640079,8.058435419132609,8.539521148306937,,,,,,,,,,,,8.964195399753722,"rgba(239, 83, 80, 0.5)"
2022-04-28 00:00:00+00:00,6.53,7.1,6.45,7.0,786251,0.0,0.0,0.0,0.0,0.0,0.0,0.0,0.0,,,,,,,,,,,7.859932041253996,8.04383711402185,8.523738488176427,,,,,,,,,,,,8.948457635989586,"rgba(239, 83, 80, 1.0)"
2022-04-29 00:00:00+00:00,6.44,6.865,6.33,6.63,388079,0.0,0.0,0.0,0.0,0.0,0.0,0.0,0.0,,,,,,,,,,,7.752583520235249,8.035967302035012,8.51542423974272,,,,,,,,,,,,8.940264227144645,"rgba(239, 83, 80, 1.0)"
2022-05-02 00:00:00+00:00,6.05,6.45,5.98,6.38,455431,0.0,0.0,0.0,0.0,0.0,0.0,0.0,0.0,,,,,,,,,,,7.613343676062242,8.024478631507817,8.503866579362546,,,,,,,,,,,,8.929185683358183,"rgba(239, 83, 80, 1.0)"
2022-05-03 00:00:00+00:00,6.29,6.38,5.94,6.09,420285,0.0,0.0,0.0,0.0,0.0,0.0,0.0,0.0,,,,,,,,,,,7.50807320930757,8.014244219611285,8.49349634701964,,,,,,,,,,,,8.919198887434815,"rgba(239, 83, 80, 1.0)"
2022-05-04 00:00:00+00:00,6.53,6.53,6.07,6.27,353477,0.0,0.0,0.0,0.0,0.0,0.0,0.0,0.0,,,,,,,,,,,7.441227721839136,8.006540692705327,8.48550132299332,,,,,,,,,,,,8.911388520695917,"rgba(239, 83, 80, 1.0)"
2022-05-05 00:00:00+00:00,6.23,6.54,6.1,6.48,416381,0.0,0.0,0.0,0.0,0.0,0.0,0.0,0.0,,,,,,,,,,,7.366320326781187,7.997081117611938,8.475776775368088,,,,,,,,,,,,8.901937092964165,"rgba(239, 83, 80, 1.0)"
2022-05-06 00:00:00+00:00,5.99,6.27,5.89,6.2,309301,0.0,0.0,0.0,0.0,0.0,0.0,0.0,0.0,,,,,,,,,,,7.305630522090269,7.989142995382085,8.467821588682437,,,,,,,,,,,,8.894319201547221,"rgba(239, 83, 80, 1.0)"
2022-05-09 00:00:00+00:00,5.21,5.94,5.2,5.9,432642,0.0,0.0,0.0,0.0,0.0,0.0,0.0,0.0,,,,,,,,,,,7.193208634253953,7.9747451127047455,8.454041474385285,,,,,,,,,,,,8.88149808198354,"rgba(239, 83, 80, 1.0)"
2022-05-10 00:00:00+00:00,4.75,5.41,4.73,5.33,620083,0.0,0.0,0.0,0.0,0.0,0.0,0.0,0.0,,,,,,,,,,,7.015053387365852,7.950468533093899,8.431344867299666,,,,,,,,,,,,8.860705158941402,"rgba(239, 83, 80, 1.0)"
2022-05-11 00:00:00+00:00,4.64,4.9888,4.6,4.88,926747,0.0,0.0,0.0,0.0,0.0,0.0,0.0,0.0,,,,,,,,,,,6.772686825892437,7.912282998670199,8.395847331008998,,,,,,,,,,,,8.828302879421233,"rgba(239, 83, 80, 1.0)"
2022-05-12 00:00:00+00:00,5.27,5.53,4.485,4.68,875825,0.0,0.0,0.0,0.0,0.0,0.0,0.0,0.0,,,,,,,,,,,6.619049529316586,7.880938943347705,8.366095872408845,,,,,,,,,,,,8.800745052212033,"rgba(239, 83, 80, 0.75)"
2022-05-13 00:00:00+00:00,5.96,6.333,5.4101,5.51,972625,0.0,0.0,0.0,0.0,0.0,0.0,0.0,0.0,,,,,,,,,,,6.552769086767278,7.85677519341358,8.341666437980628,,,,,,,,,,,,8.777168024255435,"rgba(239, 83, 80, 0.75)"
2022-05-16 00:00:00+00:00,6.06,6.47,5.85,6.01,716314,0.0,0.0,0.0,0.0,0.0,0.0,0.0,0.0,,,,,,,,,,,6.525644803695472,7.8413629779790535,8.325617034004654,,,,,,,,,,,,8.761390915680463,"rgba(239, 83, 80, 0.75)"
2022-05-17 00:00:00+00:00,6.96,7.08,6.11,6.22,1127958,0.0,0.0,0.0,0.0,0.0,0.0,0.0,0.0,,,,,,,,,,,6.54304804204591,7.82580451328185,8.307466465189645,,,,,,,,,,,,8.742403238410473,"rgba(239, 83, 80, 0.75)"
2022-05-18 00:00:00+00:00,6.84,7.24,6.69,6.84,974624,0.0,0.0,0.0,0.0,0.0,0.0,0.0,0.0,,,,,,,,,,,6.570799865135146,7.815144723125358,8.294104914687837,,,,,,,,,,,,8.727923528531376,#000000
2022-05-19 00:00:00+00:00,7.13,7.23,6.63,6.63,875604,0.0,0.0,0.0,0.0,0.0,0.0,0.0,0.0,,,,,,,,,,,6.5970026626357345,7.8065504597808735,8.282949490255286,,,,,,,,,,,,8.715630810375691,#000000
2022-05-20 00:00:00+00:00,7.49,7.79,7.11,7.14,2439040,-1.0,7.79,7.11,0.0,0.0,0.0,0.0,0.0,,,,,,,,,,7.463333333333334,6.7237583047095395,7.796796942691618,8.263778602257728,,,,,,,,,,,,8.691342395410162,"rgba(38, 166, 154, 0.5)"
2022-05-23 00:00:00+00:00,7.25,7.64,7.11,7.51,659042,0.0,0.0,0.0,0.0,0.0,0.0,0.0,0.0,,,,,,,,,,7.435678978154872,6.7469411096808205,7.793265273324778,8.25793500116986,,,,,,,,,,,,8.68426263663409,"rgba(38, 166, 154, 0.5)"
2022-05-24 00:00:00+00:00,6.55,7.19,6.51,7.06,525363,0.0,0.0,0.0,0.0,0.0,0.0,0.0,0.0,,,,,,,,,,7.336262438094135,6.747031117092708,7.7869662183595985,8.250423100064388,,,,,,,,,,,,8.67625735724489,"rgba(38, 166, 154, 0.5)"
2022-05-25 00:00:00+00:00,6.76,6.9,6.56,6.56,295339,0.0,0.0,0.0,0.0,0.0,0.0,0.0,0.0,,,,,,,,,,7.29132514320769,6.746916704220021,7.7834245896416885,8.246205041031741,,,,,,,,,,,,8.671762910992568,"rgba(38, 166, 154, 0.5)"
2022-05-26 00:00:00+00:00,6.8,7.21,6.62,6.78,322960,0.0,0.0,0.0,0.0,0.0,0.0,0.0,0.0,,,,,,,,,,7.2597536712886654,6.74918513621701,7.780082746093487,8.242035464546966,,,,,,,,,,,,8.667217974524918,"rgba(38, 166, 154, 0.5)"
2022-05-27 00:00:00+00:00,7.0,7.17,6.78,6.86,566482,0.0,0.0,0.0,0.0,0.0,0.0,0.0,0.0,,,,,,,,,,7.227187160087733,6.756151863451717,7.774965274479189,8.235349484920505,,,,,,,,,,,,8.659772962983228,"rgba(38, 166, 154, 0.5)"
2022-05-31 00:00:00+00:00,6.78,7.12,6.54,6.99,1949681,0.0,0.0,0.0,0.0,0.0,0.0,0.0,0.0,,,,,,,,,,7.107788810450731,6.761463521475396,7.754167155581004,8.209819176376804,,,,,,,,,,,,8.632096748095272,"rgba(38, 166, 154, 0.5)"
2022-06-01 00:00:00+00:00,6.48,6.91,6.27,6.78,543280,0.0,0.0,0.0,0.0,0.0,0.0,0.0,0.0,,,,,,,,,,7.06653187899447,6.756212162826453,7.746973514516834,8.201573388538923,,,,,,,,,,,,8.623450520359961,#000000
2022-06-02 00:00:00+00:00,6.62,6.7,6.36,6.46,366346,0.0,0.0,0.0,0.0,0.0,0.0,0.0,0.0,,,,,,,,,,7.042330362321231,6.752929673154209,7.742197960135351,8.19608155817933,,,,,,,,,,,,8.617679308300879,#000000
2022-06-03 00:00:00+00:00,6.08,6.77,5.86,6.6,447968,0.0,0.0,0.0,0.0,0.0,0.0,0.0,0.0,,,,,,,,,,6.997858486288564,6.742580409334219,7.734827463828457,8.188098565186385,,,,,,,,,,,,8.60956395463766,"rgba(239, 83, 80, 0.5)"
2022-06-06 00:00:00+00:00,4.96,5.95,4.7005,5.93,2991087,0.0,0.0,0.0,0.0,0.0,0.0,0.0,0.0,,,,,,,,,,6.514624360589708,6.560892528451627,7.654702438591161,8.109057838904505,,,,,,,,,,,,8.53377466156859,"rgba(239, 83, 80, 1.0)"
2022-06-07 00:00:00+00:00,5.32,5.408,4.85,4.96,1219370,0.0,0.0,0.0,0.0,0.0,0.0,0.0,0.0,,,,,,,,,,6.383847056850807,6.498069942633002,7.623336928376021,8.077908156311354,,,,,,,,,,,,8.503739480810939,"rgba(239, 83, 80, 1.0)"
2022-06-08 00:00:00+00:00,5.07,5.28,4.98,5.17,825578,0.0,0.0,0.0,0.0,0.0,0.0,0.0,0.0,,,,,,,,,,6.303882244717777,6.456219832714233,7.6018437123739,8.056599719095887,,,,,,,,,,,,8.48320869590648,"rgba(239, 83, 80, 1.0)"
2022-06-09 00:00:00+00:00,4.8,5.17,4.8,5.01,512245,0.0,0.0,0.0,0.0,0.0,0.0,0.0,0.0,,,,,,,,,,6.252126491525296,6.428070664578338,7.58770644895183,8.042703786058118,,,,,,,,,,,,8.469896357449935,"rgba(239, 83, 80, 1.0)"
2022-06-10 00:00:00+00:00,4.31,4.75,4.3,4.74,1170546,0.0,0.0,0.0,0.0,0.0,0.0,0.0,0.0,,,,,,,,,,6.1101874513417425,6.348542058548947,7.5503533374208445,8.006692366503218,,,,,,,,,,,,8.435864201258516,"rgba(239, 83, 80, 1.0)"
2022-06-13 00:00:00+00:00,3.72,4.32,3.705,4.29,1344891,0.0,0.0,0.0,0.0,0.0,0.0,0.0,0.0,,,,,,,,,,5.927713375856608,6.240918551822925,7.501249526704326,7.960064450470892,,,,,,,,,,,,8.392278146783276,"rgba(239, 83, 80, 1.0)"
2022-06-14 00:00:00+00:00,3.71,4.04,3.61,3.87,766537,0.0,0.0,0.0,0.0,0.0,0.0,0.0,0.0,,,,,,,,,,5.830863662089217,6.180576224510453,7.472870729963222,7.933132539969932,,,,,,,,,,,,8.367108362682398,"rgba(239, 83, 80, 1.0)"
2022-06-15 00:00:00+00:00,4.16,4.23,3.83,3.86,696452,0.0,0.0,0.0,0.0,0.0,0.0,0.0,0.0,,,,,,,,,,5.7614825743079265,6.134531410936106,7.449436124022728,7.910633642460776,,,,,,,,,,,,8.345893586487032,"rgba(239, 83, 80, 1.0)"
2022-06-16 00:00:00+00:00,4.0,4.16,3.86,4.1,538405,0.0,0.0,0.0,0.0,0.0,0.0,0.0,0.0,,,,,,,,,,5.709515035549957,6.09918436246663,7.431186437684175,7.893120345361799,,,,,,,,,,,,8.329382572051214,"rgba(239, 83, 80, 1.0)"
2022-06-17 00:00:00+00:00,4.56,4.69,4.13,4.34,1002690,0.0,0.0,0.0,0.0,0.0,0.0,0.0,0.0,,,,,,,,,,5.644204265225038,6.049995955747543,7.402141621238813,7.864676050305806,,,,,,,,,,,,8.302155936299226,"rgba(239, 83, 80, 0.75)"
2022-06-21 00:00:00+00:00,4.98,4.99,4.58,4.62,644761,0.0,0.0,0.0,0.0,0.0,0.0,0.0,0.0,,,,,,,,,,5.618378649467675,6.02727919014014,7.386199204018518,7.848699933249063,,,,,,,,,,,,8.286606516246746,"rgba(239, 83, 80, 0.75)"
2022-06-22 00:00:00+00:00,4.99,5.11,4.895,4.9,637801,0.0,0.0,0.0,0.0,0.0,0.0,0.0,0.0,,,,,,,,,,5.599055471971929,6.008364983339151,7.3715345977482825,7.833835546059763,,,,,,,,,,,,8.27202014190782,"rgba(239, 83, 80, 0.5)"
2022-06-23 00:00:00+00:00,4.84,5.09,4.63,5.09,840050,0.0,0.0,0.0,0.0,0.0,0.0,0.0,0.0,,,,,,,,,,5.569653124691106,5.981061382073406,7.351328981679628,7.813503415291987,,,,,,,,,,,,8.252162451530667,"rgba(239, 83, 80, 0.5)"
2022-06-24 00:00:00+00:00,4.55,4.84,4.545,4.79,619412,0.0,0.0,0.0,0.0,0.0,0.0,0.0,0.0,,,,,,,,,,5.543530765494661,5.958172617874306,7.335411482162137,7.797645610092351,,,,,,,,,,,,8.236779009992,"rgba(239, 83, 80, 0.5)"
2022-06-27 00:00:00+00:00,4.7,4.86,4.58,4.62,468770,0.0,0.0,0.0,0.0,0.0,0.0,0.0,0.0,,,,,,,,,,5.526152450680155,5.942239714272024,7.323791880136268,7.78600741610704,,,,,,,,,,,,8.22544362838092,"rgba(239, 83, 80, 0.5)"
2022-06-28 00:00:00+00:00,4.26,4.72,4.23,4.63,347859,0.0,0.0,0.0,0.0,0.0,0.0,0.0,0.0,,,,,,,,,,5.50897790542487,5.927760937198766,7.314219624310073,7.776562100404505,,,,,,,,,,,,8.216340730994268,"rgba(239, 83, 80, 0.5)"
2022-06-29 00:00:00+00:00,4.36,4.4,4.16,4.26,1260421,0.0,0.0,0.0,0.0,0.0,0.0,0.0,0.0,,,,,,,,,,5.445841725328914,5.874319044254368,7.2789206926874535,7.741807424253018,,,,,,,,,,,,8.182890611159118,"rgba(239, 83, 80, 0.5)"
2022-06-30 00:00:00+00:00,3.93,4.21,3.9,4.17,599128,0.0,0.0,0.0,0.0,0.0,0.0,0.0,0.0,,,,,,,,,,5.410955407489178,5.8456067543814445,7.260803229071332,7.724140164580571,,,,,,,,,,,,8.1660022147481,"rgba(239, 83, 80, 0.5)"
2022-07-01 00:00:00+00:00,4.01,4.01,3.85,3.93,236709,0.0,0.0,0.0,0.0,0.0,0.0,0.0,0.0,,,,,,,,,,5.3970959871858195,5.834162200765913,7.253576557414366,7.717100189328636,,,,,,,,,,,,8.159276898089331,"rgba(239, 83, 80, 0.5)"
2022-07-05 00:00:00+00:00,4.22,4.22,3.86,4.02,432154,0.0,0.0,0.0,0.0,0.0,0.0,0.0,0.0,,,,,,,,,,5.374914068765469,5.815190044706359,7.241034269227879,7.704802425186809,,,,,,,,,,,,8.147470792023503,"rgba(239, 83, 80, 0.5)"
2022-07-06 00:00:00+00:00,4.14,4.34,4.03,4.14,260430,0.0,0.0,0.0,0.0,0.0,0.0,0.0,0.0,,,,,,,,,,5.36262319625849,5.804414440351789,7.233691314072021,7.6975748215291135,,,,,,,,,,,,8.14051162997115,"rgba(239, 83, 80, 0.5)"
2022-07-07 00:00:00+00:00,4.41,4.45,4.18,4.18,260207,0.0,0.0,0.0,0.0,0.0,0.0,0.0,0.0,,,,,,,,,,5.352373149354713,5.794936737578332,7.226810681261375,7.690743049935672,,,,,,,,,,,,8.133891005623475,"rgba(239, 83, 80, 0.5)"
2022-07-08 00:00:00+00:00,4.78,4.84,4.35,4.42,485352,0.0,0.0,0.0,0.0,0.0,0.0,0.0,0.0,,,,,,,,,,5.339522717095931,5.781298169042184,7.215435800791276,7.67924863821048,,,,,,,,,,,,8.122609201030249,"rgba(239, 83, 80, 0.5)"
2022-07-11 00:00:00+00:00,4.42,4.81,4.3,4.67,417751,0.0,0.0,0.0,0.0,0.0,0.0,0.0,0.0,,,,,,,,,,5.326541052468995,5.768321129220527,7.2051689782281905,7.668948017561017,,,,,,,,,,,,8.112548774209206,"rgba(239, 83, 80, 0.5)"
2022-07-12 00:00:00+00:00,4.24,4.46,4.2,4.39,336909,0.0,0.0,0.0,0.0,0.0,0.0,0.0,0.0,,,,,,,,,,5.313746456829442,5.7563321072889595,7.196304805646604,7.660140376314001,,,,,,,,,,,,8.104005356179847,"rgba(239, 83, 80, 0.5)"
2022-07-13 00:00:00+00:00,4.62,4.685,4.145,4.2,503187,0.0,0.0,0.0,0.0,0.0,0.0,0.0,0.0,,,,,,,,,,5.298570673881498,5.740995004383877,7.183997748229373,7.647784302969477,,,,,,,,,,,,8.091928020045069,#000000
2022-07-14 00:00:00+00:00,4.45,4.62,4.33,4.55,495514,0.0,0.0,0.0,0.0,0.0,0.0,0.0,0.0,,,,,,,,,,5.283864136450847,5.726053272705167,7.171912869055364,7.635646623905449,,,,,,,,,,,,8.080058761924825,#000000
2022-07-15 00:00:00+00:00,4.85,4.89,4.29,4.64,416550,0.0,0.0,0.0,0.0,0.0,0.0,0.0,0.0,,,,,,,,,,5.274972702434616,5.715810758508709,7.162618846205054,7.626186030416595,,,,,,,,,,,,8.070717322916622,#000000
2022-07-18 00:00:00+00:00,4.83,4.98,4.76,4.95,356130,0.0,0.0,0.0,0.0,0.0,0.0,0.0,0.0,,,,,,,,,,5.269800517337728,5.708700760940132,7.155299011617604,7.618636209254859,,,,,,,,,,,,8.063192816728522,#000000
2022-07-19 00:00:00+00:00,4.76,4.99,4.685,4.95,336937,0.0,0.0,0.0,0.0,0.0,0.0,0.0,0.0,,,,,,,,,,5.2645031332161984,5.701731842230926,7.14828157886803,7.611415307340227,,,,,,,,,,,,8.056006740789057,"rgba(38, 166, 154, 1.0)"
2022-07-20 00:00:00+00:00,5.02,5.02,4.71,4.81,424272,0.0,0.0,0.0,0.0,0.0,0.0,0.0,0.0,,,,,,,,,,5.259511276900162,5.694126303776043,7.139899160667799,7.602714428066418,,,,,,,,,,,,8.047294464192559,"rgba(38, 166, 154, 1.0)"
2022-07-21 00:00:00+00:00,5.12,5.14,4.81,5.02,288293,0.0,0.0,0.0,0.0,0.0,0.0,0.0,0.0,,,,,,,,,,5.257230401975431,5.689739452050224,7.134510702480122,7.597067681116759,,,,,,,,,,,,8.04160277699469,"rgba(38, 166, 154, 1.0)"
2022-07-22 00:00:00+00:00,4.68,5.16,4.6,5.15,307396,0.0,0.0,0.0,0.0,0.0,0.0,0.0,0.0,,,,,,,,,,5.252706019581469,5.683670466818489,7.128226822737346,7.590584888235199,,,,,,,,,,,,8.035136891773728,"rgba(38, 166, 154, 1.0)"
2022-07-25 00:00:00+00:00,4.66,4.86,4.65,4.73,274134,0.0,0.0,0.0,0.0,0.0,0.0,0.0,0.0,,,,,,,,,,5.247937610081115,5.677776260483615,7.122434765583221,7.584642461582046,,,,,,,,,,,,8.029231993188647,"rgba(38, 166, 154, 0.75)"
2022-07-26 00:00:00+00:00,4.23,4.65,4.19,4.65,427158,0.0,0.0,0.0,0.0,0.0,0.0,0.0,0.0,,,,,,,,,,5.235601049093243,5.665261217042299,7.112094026034703,7.574251549095908,,,,,,,,,,,,8.019056906126144,#000000
2022-07-27 00:00:00+00:00,4.25,4.32,4.15,4.27,380705,0.0,0.0,0.0,0.0,0.0,0.0,0.0,0.0,,,,,,,,,,5.223468698824405,5.653328572868591,7.102555313511425,7.564713103018495,,,,,,,,,,,,8.009748378251786,"rgba(239, 83, 80, 0.5)"
2022-07-28 00:00:00+00:00,4.55,4.55,4.33,4.33,375496,0.0,0.0,0.0,0.0,0.0,0.0,0.0,0.0,,,,,,,,,,5.214599322976767,5.643691633991298,7.09398170121001,7.556024376202425,,,,,,,,,,,,8.001185610684685,"rgba(239, 83, 80, 0.5)"
2022-07-29 00:00:00+00:00,4.61,5.07,4.52,4.65,695714,0.0,0.0,0.0,0.0,0.0,0.0,0.0,0.0,,,,,,,,,,5.204237281475963,5.630083940509697,7.079787042531374,7.541385661567883,,,,,,,,,,,,7.9865772150157675,#000000
2022-08-01 00:00:00+00:00,4.42,4.63,4.33,4.61,451206,0.0,0.0,0.0,0.0,0.0,0.0,0.0,0.0,,,,,,,,,,5.193988004232202,5.618849708191294,7.069610191534902,7.531056346900435,,,,,,,,,,,,7.976382377104804,#000000
2022-08-02 00:00:00+00:00,4.6,4.6272,4.35,4.4,417193,0.0,0.0,0.0,0.0,0.0,0.0,0.0,0.0,,,,,,,,,,5.185585846288501,5.6092310052768095,7.060505849556355,7.521770217039005,,,,,,,,,,,,7.967183589923904,#000000
2022-08-03 00:00:00+00:00,5.15,5.15,4.46,4.59,513435,0.0,0.0,0.0,0.0,0.0,0.0,0.0,0.0,,,,,,,,,,5.181538843581899,5.60184710925628,7.051119241463263,7.511913946134545,,,,,,,,,,,,7.9572191162756845,"rgba(38, 166, 154, 1.0)"
2022-08-04 00:00:00+00:00,5.0,5.19,4.965,5.08,450150,0.0,0.0,0.0,0.0,0.0,0.0,0.0,0.0,,,,,,,,,,5.17982665027378,5.596727491701797,7.0434613603148355,7.503769638282174,,,,,,,,,,,,7.948912715045257,"rgba(38, 166, 154, 1.0)"
2022-08-05 00:00:00+00:00,4.89,5.04,4.78,4.98,256966,0.0,0.0,0.0,0.0,0.0,0.0,0.0,0.0,,,,,,,,,,5.177761348446377,5.5930637054268955,7.038792539531787,7.498864851440759,,,,,,,,,,,,7.943950628244867,"rgba(38, 166, 154, 1.0)"
2022-08-08 00:00:00+00:00,5.02,5.1996,4.92,4.92,266796,0.0,0.0,0.0,0.0,0.0,0.0,0.0,0.0,,,,,,,,,,5.176751458661347,5.590081813573884,7.034290240152887,7.4940718550381495,,,,,,,,,,,,7.93905762956393,"rgba(38, 166, 154, 1.0)"
2022-08-09 00:00:00+00:00,5.1,5.17,4.87,5.05,461588,0.0,0.0,0.0,0.0,0.0,0.0,0.0,0.0,,,,,,,,,,5.175042211314811,5.585000170102642,7.026549132043107,7.485823963768004,,,,,,,,,,,,7.9306314792235755,"rgba(38, 166, 154, 1.0)"
2022-08-10 00:00:00+00:00,5.6,5.68,5.19,5.19,855374,0.0,0.0,0.0,0.0,0.0,0.0,0.0,0.0,,,,,,,,,,5.182528806600452,5.583381952438854,7.015538966862235,7.473437223090311,,,,,,,,,,,,7.9175264584047556,"rgba(38, 166, 154, 1.0)"
2022-08-11 00:00:00+00:00,5.71,6.05,5.57,5.61,487732,0.0,0.0,0.0,0.0,0.0,0.0,0.0,0.0,,,,,,,,,,5.19047387576339,5.585241201076,7.010497831907024,7.467453810446882,,,,,,,,,,,,7.910991823994038,"rgba(38, 166, 154, 1.0)"
2022-08-12 00:00:00+00:00,5.58,5.8,5.47,5.71,904458,0.0,0.0,0.0,0.0,0.0,0.0,0.0,0.0,,,,,,,,,,5.200786885209601,5.585791945564208,7.000058942853392,7.455429540551613,,,,,,,,,,,,7.898078326559807,"rgba(38, 166, 154, 1.0)"
2022-08-15 00:00:00+00:00,5.13,5.65,5.08,5.55,848349,0.0,0.0,0.0,0.0,0.0,0.0,0.0,0.0,,,,,,,,,,5.20269282632587,5.580954381613319,6.988106768402781,7.44229357545637,,,,,,,,,,,,7.884364341663874,"rgba(38, 166, 154, 0.75)"
2022-08-16 00:00:00+00:00,4.98,5.1,4.9,5.0,526110,0.0,0.0,0.0,0.0,0.0,0.0,0.0,0.0,,,,,,,,,,5.199850482095151,5.575119407564556,6.979514437994918,7.433129146648963,,,,,,,,,,,,7.874979413069943,"rgba(38, 166, 154, 0.75)"
2022-08-17 00:00:00+00:00,4.81,5.0,4.78,5.0,291014,0.0,0.0,0.0,0.0,0.0,0.0,0.0,0.0,,,,,,,,,,5.197342183038118,5.5712311993446475,6.974484368061515,7.427820771968361,,,,,,,,,,,,7.869581320207641,#000000
2022-08-18 00:00:00+00:00,4.92,4.93,4.76,4.8,266883,0.0,0.0,0.0,0.0,0.0,0.0,0.0,0.0,,,,,,,,,,5.195119781458323,5.567735789895432,6.969906869109766,7.422984417272788,,,,,,,,,,,,7.864658762811089,#000000
2022-08-19 00:00:00+00:00,4.73,4.91,4.62,4.8,309240,0.0,0.0,0.0,0.0,0.0,0.0,0.0,0.0,,,,,,,,,,5.191671485059843,5.563058982599393,6.964334418104153,7.417148262017935,,,,,,,,,,,,7.8587536894480445,#000000
2022-08-22 00:00:00+00:00,4.81,4.83,4.59,4.65,670090,0.0,0.0,0.0,0.0,0.0,0.0,0.0,0.0,,,,,,,,,,5.184214703536171,5.552983971453185,6.9523009465488315,7.404541930536342,,,,,,,,,,,,7.845993663306224,#000000
2022-08-23 00:00:00+00:00,4.7,4.85,4.51,4.76,434098,0.0,0.0,0.0,0.0,0.0,0.0,0.0,0.0,,,,,,,,,,5.178910977587115,5.54614068981369,6.9443765727805795,7.396265994927669,,,,,,,,,,,,7.837633142316389,"rgba(239, 83, 80, 0.5)"
2022-08-24 00:00:00+00:00,4.86,5.0,4.7,4.72,417832,0.0,0.0,0.0,0.0,0.0,0.0,0.0,0.0,,,,,,,,,,5.175604380631565,5.540912826157906,6.937360526601189,7.388834685564985,,,,,,,,,,,,7.830051028056261,"rgba(239, 83, 80, 0.5)"
2022-08-25 00:00:00+00:00,5.01,5.09,4.91,4.97,321643,0.0,0.0,0.0,0.0,0.0,0.0,0.0,0.0,,,,,,,,,,5.1742680028448405,5.537808184763321,6.932378063055264,7.38348033664819,,,,,,,,,,,,7.824533377882245,#000000
2022-08-26 00:00:00+00:00,4.53,5.05,4.53,5.05,276718,0.0,0.0,0.0,0.0,0.0,0.0,0.0,0.0,,,,,,,,,,5.171145864728647,5.533682530538295,6.927448571292569,7.378314851784186,,,,,,,,,,,,7.819300652722652,"rgba(239, 83, 80, 0.5)"
2022-08-29 00:00:00+00:00,4.56,4.66,4.48,4.48,188606,0.0,0.0,0.0,0.0,0.0,0.0,0.0,0.0,,,,,,,,,,5.1684267164302495,5.5304348727298915,6.9238955058883285,7.374626252944219,,,,,,,,,,,,7.815588176898498,"rgba(239, 83, 80, 0.5)"
2022-08-30 00:00:00+00:00,4.6,4.6645,4.5,4.6,225268,0.0,0.0,0.0,0.0,0.0,0.0,0.0,0.0,,,,,,,,,,5.165325792591893,5.526670291974228,6.919704350408243,7.370266948234013,,,,,,,,,,,,7.811194415369251,"rgba(239, 83, 80, 0.5)"
2022-08-31 00:00:00+00:00,4.74,4.79,4.59,4.65,418224,0.0,0.0,0.0,0.0,0.0,0.0,0.0,0.0,,,,,,,,,,5.160819905626949,5.520632782092773,6.912356416820383,7.362552881509554,,,,,,,,,,,,7.803367520601392,"rgba(239, 83, 80, 0.5)"
2022-09-01 00:00:00+00:00,4.6,4.66,4.4502,4.56,372487,0.0,0.0,0.0,0.0,0.0,0.0,0.0,0.0,,,,,,,,,,5.155695834826946,5.514439969293524,6.905450254116019,7.355368510125547,,,,,,,,,,,,7.796123692136884,"rgba(239, 83, 80, 1.0)"
2022-09-02 00:00:00+00:00,4.68,4.81,4.51,4.6,606867,0.0,0.0,0.0,0.0,0.0,0.0,0.0,0.0,,,,,,,,,,5.148881368351603,5.505536026586097,6.89474715700898,7.344145581578246,,,,,,,,,,,,7.784742412248544,"rgba(239, 83, 80, 0.5)"
2022-09-06 00:00:00+00:00,5.17,5.56,4.79,4.79,1571109,0.0,0.0,0.0,0.0,0.0,0.0,0.0,0.0,,,,,,,,,,5.14973276578605,5.496742408152782,6.873701948841042,7.320937957682426,,,,,,,,,,,,7.760384507639366,#000000
2022-09-07 00:00:00+00:00,4.98,5.32,4.94,5.07,737940,0.0,0.0,0.0,0.0,0.0,0.0,0.0,0.0,,,,,,,,,,5.148610682618184,5.4916246404663385,6.863460857087794,7.309741576345135,,,,,,,,,,,,7.748692789597183,#000000
2022-09-08 00:00:00+00:00,5.19,5.33,4.82,4.82,737262,0.0,0.0,0.0,0.0,0.0,0.0,0.0,0.0,,,,,,,,,,5.1480525228451075,5.4870395908574405,6.853534355992517,7.298832217283595,,,,,,,,,,,,7.737257863240759,"rgba(38, 166, 154, 1.0)"
2022-09-09 00:00:00+00:00,5.2,5.55,5.07,5.18,1207835,0.0,0.0,0.0,0.0,0.0,0.0,0.0,0.0,,,,,,,,,,5.151217853393571,5.482878745319674,6.838986207019493,7.282483475905353,,,,,,,,,,,,7.71986662908324,"rgba(38, 166, 154, 1.0)"
2022-09-12 00:00:00+00:00,5.13,5.64,5.06,5.16,1010604,0.0,0.0,0.0,0.0,0.0,0.0,0.0,0.0,,,,,,,,,,5.153814956103119,5.479573269853443,6.827043410063122,7.269028161261375,,,,,,,,,,,,7.705522370079197,"rgba(38, 166, 154, 1.0)"
2022-09-13 00:00:00+00:00,5.28,5.35,4.99,5.11,924409,0.0,0.0,0.0,0.0,0.0,0.0,0.0,0.0,,,,,,,,,,5.154797195924132,5.475629645889558,6.815791941970146,7.256450675211113,,,,,,,,,,,,7.692174334216719,"rgba(38, 166, 154, 1.0)"
2022-09-14 00:00:00+00:00,5.36,5.66,5.21,5.23,3693267,0.0,0.0,0.0,0.0,0.0,0.0,0.0,0.0,,,,,,,,,,5.172436624676899,5.47204742972419,6.777845013927017,7.212531077413691,,,,,,,,,,,,7.644487267310243,"rgba(38, 166, 154, 1.0)"
2022-09-15 00:00:00+00:00,5.52,5.72,5.14,5.22,3231396,0.0,0.0,0.0,0.0,0.0,0.0,0.0,0.0,,,,,,,,,,5.188835404592893,5.471498312201791,6.747438847985966,7.176802118505631,,,,,,,,,,,,7.605266816017094,"rgba(38, 166, 154, 1.0)"
2022-09-16 00:00:00+00:00,5.74,5.97,5.38,5.5,5556049,0.0,0.0,0.0,0.0,0.0,0.0,0.0,0.0,,,,,,,,,,5.234182618234232,5.487862202674006,6.7073442519851385,7.126675407502699,,,,,,,,,,,,7.548112381022473,"rgba(38, 166, 154, 1.0)"
2022-09-19 00:00:00+00:00,5.42,5.73,5.34,5.54,2702517,0.0,0.0,0.0,0.0,0.0,0.0,0.0,0.0,,,,,,,,,,5.245108872907002,5.4881628086284175,6.685283439808521,7.100259578520563,,,,,,,,,,,,7.51866022333625,"rgba(38, 166, 154, 1.0)"
2022-09-20 00:00:00+00:00,5.07,5.5,4.98,5.31,2625081,0.0,0.0,0.0,0.0,0.0,0.0,0.0,0.0,,,,,,,,,,5.242708134472415,5.478377904839354,6.659161639500883,7.070551760595165,,,,,,,,,,,,7.486541041991316,"rgba(38, 166, 154, 0.75)"
2022-09-21 00:00:00+00:00,4.57,5.045,4.55,5.0,642240,0.0,0.0,0.0,0.0,0.0,0.0,0.0,0.0,,,,,,,,,,5.237800801547668,5.472481502780943,6.6509524777761175,7.061679419770694,,,,,,,,,,,,7.4772687322408355,#000000
2022-09-22 00:00:00+00:00,4.96,4.98,4.52,4.58,788141,0.0,0.0,0.0,0.0,0.0,0.0,0.0,0.0,,,,,,,,,,5.233027066441309,5.466301359491717,6.641481614024326,7.051336383173051,,,,,,,,,,,,7.466377652995801,#000000
2022-09-23 00:00:00+00:00,4.46,4.83,4.4,4.83,792765,0.0,0.0,0.0,0.0,0.0,0.0,0.0,0.0,,,,,,,,,,5.225417796489445,5.457779680266966,6.630724994083312,7.039842809121814,,,,,,,,,,,,7.454458568658401,"rgba(239, 83, 80, 1.0)"
2022-09-26 00:00:00+00:00,5.09,5.18,4.34,4.35,749295,1.0,5.18,4.34,368.0,1.0,5.18,4.34,368.0,,,,,4.87,,,,,5.221641421176353,5.452583083173518,6.622153042772337,7.030409833723531,,,,,,,,,,,,7.4444681172696665,#000000
2022-09-27 00:00:00+00:00,4.9,5.21,4.76,5.11,635347,0.0,0.0,0.0,0.0,0.0,0.0,0.0,0.0,,,,,4.90976725151098,,,,,5.21927548278911,5.4488930732384215,6.615306074821125,7.022793681882696,,,,,,,,,,,,7.436340406726901,#000000
2022-09-28 00:00:00+00:00,5.15,5.16,4.79,4.79,593815,0.0,0.0,0.0,0.0,0.0,0.0,0.0,0.0,,,,,4.9468544325198875,,,,,5.217736592338527,5.446023066638675,6.609250841649498,7.015988058757574,,,,,,,,,,,,7.429025249594195,#000000
2022-09-29 00:00:00+00:00,4.79,5.08,4.75,5.08,815150,0.0,0.0,0.0,0.0,0.0,0.0,0.0,0.0,,,,,4.925401621153822,,,,,5.213867783418679,5.44064461560287,6.600177414206404,7.005973391154766,,,,,,,,,,,,7.418389884183843,#000000
2022-09-30 00:00:00+00:00,4.88,4.9,4.5989,4.77,468539,0.0,0.0,0.0,0.0,0.0,0.0,0.0,0.0,,,,,4.906380111650429,,,,,5.211167538389756,5.437167116242945,6.594764184145691,7.00004399987739,,,,,,,,,,,,7.412124987961432,#000000
2022-10-03 00:00:00+00:00,5.2,5.2,4.88,4.97,500241,0.0,0.0,0.0,0.0,0.0,0.0,0.0,0.0,,,,,4.931237115081463,,,,,5.210365927760064,5.435207335162238,6.589977884428211,6.994605174313425,,,,,,,,,,,,7.406232417539097,#000000
2022-10-04 00:00:00+00:00,5.51,5.69,5.19,5.19,640758,0.0,0.0,0.0,0.0,0.0,0.0,0.0,0.0,,,,,5.008669247935282,,,,,5.212551189465529,5.435411190698257,6.585396186071662,6.9890307055579965,,,,,,,,,,,,7.39992870072603,"rgba(38, 166, 154, 0.5)"
2022-10-05 00:00:00+00:00,5.47,5.51,5.32,5.46,240352,0.0,0.0,0.0,0.0,0.0,0.0,0.0,0.0,,,,,5.030650281249957,,,,,5.213264291285269,5.435405556853605,6.583641467523926,6.986909233245679,,,,,,,,,,,,7.397538210681023,"rgba(38, 166, 154, 0.5)"
2022-10-06 00:00:00+00:00,5.42,5.7,5.34,5.44,430021,0.0,0.0,0.0,0.0,0.0,0.0,0.0,0.0,,,,,5.0693012965953805,,,,,5.214835121969422,5.43565302391238,6.580660288835636,6.983257850516892,,,,,,,,,,,,7.393391517724141,"rgba(38, 166, 154, 1.0)"
2022-10-07 00:00:00+00:00,5.16,5.42,5.14,5.32,369166,0.0,0.0,0.0,0.0,0.0,0.0,0.0,0.0,,,,,5.080879436634572,,,,,5.214958636229443,5.434845506644262,6.577539746462576,6.979623029313783,,,,,,,,,,,,7.3893873054124946,"rgba(38, 166, 154, 0.5)"
2022-10-10 00:00:00+00:00,4.94,5.17,4.9,5.16,312481,0.0,0.0,0.0,0.0,0.0,0.0,0.0,0.0,,,,,5.076669012796911,,,,,5.21408306552463,5.433343244790967,6.5744443226099305,6.976141194744483,,,,,,,,,,,,7.385637633642318,#000000
2022-10-11 00:00:00+00:00,4.98,5.05,4.7823,4.94,307911,0.0,0.0,0.0,0.0,0.0,0.0,0.0,0.0,,,,,5.0695979819704275,,,,,5.212959784257882,5.431647854554928,6.57127861380699,6.972608055004139,,,,,,,,,,,,7.381852421323247,#000000
2022-10-12 00:00:00+00:00,5.29,5.3,4.85,5.02,215779,0.0,0.0,0.0,0.0,0.0,0.0,0.0,0.0,,,,,5.072246522781621,,,,,5.212771689499429,5.430966727996494,6.5693505927814035,6.970393178579018,,,,,,,,,,,,7.379433231870122,#000000
2022-10-13 00:00:00+00:00,5.5,5.78,5.0,5.09,432982,0.0,0.0,0.0,0.0,0.0,0.0,0.0,0.0,,,,,5.095110239933816,,,,,5.2139825773404445,5.430946203662498,6.5662558527756305,6.966644847865292,,,,,,,,,,,,7.375201432354994,"rgba(38, 166, 154, 0.5)"
2022-10-14 00:00:00+00:00,5.5,5.55,5.33,5.46,379164,0.0,0.0,0.0,0.0,0.0,0.0,0.0,0.0,,,,,5.114621316153623,,,,,5.2151961862758,5.43106713618187,6.563638380441215,6.963448064379138,,,,,,,,,,,,7.371573801578566,"rgba(38, 166, 154, 1.0)"
2022-10-17 00:00:00+00:00,5.5,5.72,5.455,5.64,551022,0.0,0.0,0.0,0.0,0.0,0.0,0.0,0.0,,,,,5.1466148188073575,,,,,5.217638605203322,5.431832338008097,6.560193489588439,6.959128709627865,,,,,,,,,,,,7.366596292639278,"rgba(38, 166, 154, 1.0)"
2022-10-18 00:00:00+00:00,5.77,5.795,5.52,5.64,583582,0.0,0.0,0.0,0.0,0.0,0.0,0.0,0.0,,,,,5.185521102395102,,,,,5.221210272607024,5.433497558048118,6.557064886220924,6.955026482429543,,,,,,,,,,,,7.361750551589038,"rgba(38, 166, 154, 1.0)"
2022-10-19 00:00:00+00:00,6.24,6.26,5.64,5.68,459310,0.0,0.0,0.0,0.0,0.0,0.0,0.0,0.0,,,,,5.231063605588925,,,,,5.226042772880909,5.436536104634016,6.555616394008938,6.952712380215027,,,,,,,,,,,,7.35875693256905,"rgba(38, 166, 154, 1.0)"
2022-10-20 00:00:00+00:00,5.69,6.42,5.6,6.28,595427,0.0,0.0,0.0,0.0,0.0,0.0,0.0,0.0,,,,,5.274196449958417,,,,,5.231144202044552,5.439515687870858,6.553225441772517,6.949258178249461,,,,,,,,,,,,7.354474649183117,"rgba(38, 166, 154, 1.0)"
2022-10-21 00:00:00+00:00,5.66,5.82,5.175,5.75,1679995,0.0,0.0,0.0,0.0,0.0,0.0,0.0,0.0,,,,,5.316726946668398,,,,,5.23781414207663,5.441499761871491,6.542973120693427,6.936397608758031,,,,,,,,,,,,7.339631555026428,"rgba(38, 166, 154, 0.75)"
2022-10-24 00:00:00+00:00,5.59,5.7699,5.32,5.72,445910,0.0,0.0,0.0,0.0,0.0,0.0,0.0,0.0,,,,,5.326236036165094,,,,,5.239583729637823,5.442053438954795,6.540309557621571,6.933043986352045,,,,,,,,,,,,7.335750905786938,"rgba(38, 166, 154, 0.75)"
2022-10-25 00:00:00+00:00,6.05,6.05,5.59,5.62,568509,0.0,0.0,0.0,0.0,0.0,0.0,0.0,0.0,,,,,5.353317585661036,,,,,5.244153453532601,5.444746285264214,6.538093689036586,6.929834608951407,,,,,,,,,,,,7.331761237290032,"rgba(38, 166, 154, 0.75)"
2022-10-26 00:00:00+00:00,5.57,6.07,5.57,6.07,361430,0.0,0.0,0.0,0.0,0.0,0.0,0.0,0.0,,,,,5.364549084468516,,,,,5.24632144998583,5.4458414725146955,6.536343437941911,6.927490179629081,,,,,,,,,,,,7.3289547757179605,"rgba(38, 166, 154, 0.75)"
2022-10-27 00:00:00+00:00,5.57,5.89,5.47,5.66,321419,0.0,0.0,0.0,0.0,0.0,0.0,0.0,0.0,,,,,5.371628350608192,,,,,5.247869534842828,5.446498183022929,6.534612436426134,6.925250206646772,,,,,,,,,,,,7.326321471310692,"rgba(38, 166, 154, 0.75)"
2022-10-28 00:00:00+00:00,5.79,5.81,5.52,5.6,242784,0.0,0.0,0.0,0.0,0.0,0.0,0.0,0.0,,,,,5.377933737409004,,,,,5.249216893414795,5.447150019263637,6.533401960740474,6.923646751939795,,,,,,,,,,,,7.32441249813861,"rgba(38, 166, 154, 0.75)"
2022-10-31 00:00:00+00:00,6.01,6.05,5.61,5.73,461303,0.0,0.0,0.0,0.0,0.0,0.0,0.0,0.0,,,,,5.395612464259766,,,,,5.252772577509488,5.449248205927268,6.5316195901363665,6.921068915847166,,,,,,,,,,,,7.321207364514453,"rgba(38, 166, 154, 0.75)"
2022-11-01 00:00:00+00:00,6.0,6.24,5.95,6.16,290243,-1.0,6.24,5.95,0.0,0.0,0.0,0.0,0.0,,,,,5.40980834991279,,,,6.0633333333333335,5.255592645316289,5.451073357083228,6.530804799155254,6.9197251267039785,,,,,,,,,,,,7.319441430100354,"rgba(38, 166, 154, 0.75)"
2022-11-02 00:00:00+00:00,5.75,6.035,5.73,6.0,116353,0.0,0.0,0.0,0.0,0.0,0.0,0.0,0.0,,,,,5.413429727341555,,,,5.998946509557399,5.256404278603225,5.451534219783127,6.530322129834679,6.919046385946037,,,,,,,,,,,,7.318608332939624,"rgba(38, 166, 154, 0.75)"
2022-11-03 00:00:00+00:00,5.45,5.76,5.43,5.65,293284,0.0,0.0,0.0,0.0,0.0,0.0,0.0,0.0,,,,,5.416208667172254,,,,5.809419102798576,5.257419741463595,5.451818736369335,6.528596930652407,6.916878585077957,,,,,,,,,,,,7.316099603704513,#000000
2022-11-04 00:00:00+00:00,5.43,5.62,5.32,5.52,282686,0.0,0.0,0.0,0.0,0.0,0.0,0.0,0.0,,,,,5.417005983425563,,,,5.707931594417068,5.2580893467211,5.451832671180639,6.526787903240204,6.91465877306765,,,,,,,,,,,,7.313565592300242,#000000
2022-11-07 00:00:00+00:00,5.27,5.5,5.23,5.42,472633,0.0,0.0,0.0,0.0,0.0,0.0,0.0,0.0,,,,,5.414336971712442,,,,5.586266104040296,5.258509768651908,5.45126591239351,6.523429904260149,6.910649747080043,,,,,,,,,,,,7.309063903117834,"rgba(239, 83, 80, 1.0)"
2022-11-08 00:00:00+00:00,5.03,5.33,5.02,5.32,358569,0.0,0.0,0.0,0.0,0.0,0.0,0.0,0.0,,,,,5.407539836494797,,,,5.4954065725789265,5.25795324631843,5.450092351730314,6.52045467736645,6.907225047109625,,,,,,,,,,,,7.305306450581183,"rgba(239, 83, 80, 1.0)"
2022-11-09 00:00:00+00:00,4.7,5.06,4.66,5.04,572996,0.0,0.0,0.0,0.0,0.0,0.0,0.0,0.0,,,,,5.385677507716735,,,,5.330059177055908,5.2549295593754595,5.446396339640845,6.514640912500469,6.9008009046016054,,,,,,,,,,,,7.298450795398635,"rgba(239, 83, 80, 1.0)"
2022-11-10 00:00:00+00:00,5.4,5.5,4.65,5.0,1293519,0.0,0.0,0.0,0.0,0.0,0.0,0.0,0.0,,,,,5.370319191905085,,,,5.2784890487135545,5.253862776385219,5.443028739807316,6.504523096323325,6.8890247877669415,,,,,,,,,,,,7.285430545090234,"rgba(239, 83, 80, 1.0)"
2022-11-11 00:00:00+00:00,5.5,5.7,5.33,5.42,443052,-1.0,5.7,5.33,0.0,0.0,0.0,0.0,0.0,,,,,5.373858555120713,,,5.51,5.303364881016621,5.255163334474452,5.443321108563669,6.501940978227801,6.885793699920914,,,,,,,,,,,,7.28169498533671,"rgba(239, 83, 80, 0.75)"
2022-11-14 00:00:00+00:00,5.28,5.44,5.18,5.44,335345,0.0,0.0,0.0,0.0,0.0,0.0,0.0,0.0,,,,,5.372468679692357,,,5.4195288779376085,5.303111802521523,5.255334991511459,5.442849092142279,6.499583602094499,6.882986385821435,,,,,,,,,,,,7.278544083556837,"rgba(239, 83, 80, 0.75)"
2022-11-15 00:00:00+00:00,5.3,5.38,5.16,5.36,543536,0.0,0.0,0.0,0.0,0.0,0.0,0.0,0.0,,,,,5.3697317864185905,,,5.36215912606766,5.30060049619342,5.255487102097615,5.4419844096903205,6.495718905634291,6.878400045469269,,,,,,,,,,,,7.2734068362040825,"rgba(239, 83, 80, 0.75)"
2022-11-16 00:00:00+00:00,5.09,5.27,4.91,5.25,379259,0.0,0.0,0.0,0.0,0.0,0.0,0.0,0.0,,,,,5.364071547805483,,,5.301484729530824,5.285758443859103,5.254778038676951,5.4406851491165815,6.49261755646067,6.874836826215727,,,,,,,,,,,,7.2694977005500006,"rgba(239, 83, 80, 0.75)"
2022-11-17 00:00:00+00:00,4.92,5.07,4.87,4.98,511188,0.0,0.0,0.0,0.0,0.0,0.0,0.0,0.0,,,,,5.353166770866469,,,5.221041579656298,5.256920594587992,5.253047136873586,5.438272440941744,6.488053760623977,6.869690479055825,,,,,,,,,,,,7.26392182033293,"rgba(239, 83, 80, 0.75)"
2022-11-18 00:00:00+00:00,4.71,4.97,4.695,4.96,1987964,0.0,0.0,0.0,0.0,0.0,0.0,0.0,0.0,,,,,5.300618741946206,,,5.0178244456485785,5.139555813896534,5.242969454830328,5.426058725145259,6.4687171042667995,6.848269652330853,,,,,,,,,,,,7.240991071650625,"rgba(239, 83, 80, 1.0)"
2022-11-21 00:00:00+00:00,4.53,4.7,4.42,4.7,406240,0.0,0.0,0.0,0.0,0.0,0.0,0.0,0.0,,,,,5.286533215157646,,,4.976568494861558,5.110654522994033,5.239890129714463,5.422690179100326,6.464258169725676,6.843438541698396,,,,,,,,,,,,7.235900237026265,"rgba(239, 83, 80, 1.0)"
2022-11-22 00:00:00+00:00,4.68,4.705,4.37,4.5,328936,0.0,0.0,0.0,0.0,0.0,0.0,0.0,0.0,,,,,5.276033404798863,,,4.950471756437687,5.090585970338458,5.237542234010648,5.420090190914336,6.460728623461423,6.839601076641084,,,,,,,,,,,,7.231845767026782,"rgba(239, 83, 80, 1.0)"
2022-11-23 00:00:00+00:00,4.83,4.9,4.58,4.73,289285,0.0,0.0,0.0,0.0,0.0,0.0,0.0,0.0,,,,,5.269459132564295,,,4.940479465421835,5.080171619303481,5.236072703751504,5.418320521163743,6.457940550806412,6.836512994767829,,,,,,,,,,,,7.2285387816162565,"rgba(239, 83, 80, 1.0)"
2022-11-25 00:00:00+00:00,5.01,5.04,4.7,4.83,137407,0.0,0.0,0.0,0.0,0.0,0.0,0.0,0.0,,,,,5.26729542297012,,,4.939869261043763,5.077687047840963,5.235596562445375,5.417672715819516,6.456734257533168,6.835153292308682,,,,,,,,,,,,7.227064633322854,"rgba(239, 83, 80, 0.75)"
2022-11-28 00:00:00+00:00,4.84,5.09,4.84,4.95,201185,-1.0,5.09,4.84,0.0,0.0,0.0,0.0,0.0,,,,,5.26423420314133,,4.923333333333333,4.939271284552706,5.074327600948252,5.234916492699856,5.416739822529188,6.454979091690457,6.8331728553092566,,,,,,,,,,,,7.224915859727645,"rgba(239, 83, 80, 0.75)"
2022-11-29 00:00:00+00:00,4.81,4.9747,4.77,4.83,237681,0.0,0.0,0.0,0.0,0.0,0.0,0.0,0.0,,,,,5.259940414883831,,4.884465949895109,4.935677862557039,5.068743377162133,5.233932683761161,5.415482577359762,6.452813783755874,6.830750716149746,,,,,,,,,,,,7.222303451501249,"rgba(239, 83, 80, 0.75)"
2022-11-30 00:00:00+00:00,5.06,5.07,4.6,4.8,873310,0.0,0.0,0.0,0.0,0.0,0.0,0.0,0.0,,,,,5.247054524086738,,4.90145996693025,4.932318043776698,5.055355005990372,5.23090668859523,5.4113844703445455,6.44519628659481,6.822162942172987,,,,,,,,,,,,7.212989257468169,"rgba(239, 83, 80, 0.75)"
2022-12-01 00:00:00+00:00,4.83,5.06,4.8,5.03,163524,0.0,0.0,0.0,0.0,0.0,0.0,0.0,0.0,,,,,5.244655148243931,,4.9009288158614,4.9314654654179035,5.052887914250814,5.230323074195282,5.410604279991425,6.443765976999612,6.820552289417878,,,,,,,,,,,,7.211243495117136,"rgba(239, 83, 80, 0.75)"
2022-12-02 00:00:00+00:00,4.93,4.93,4.74,4.79,176302,0.0,0.0,0.0,0.0,0.0,0.0,0.0,0.0,,,,,5.2418849619405625,,4.897272352111761,4.929836750095355,5.049818000968163,5.22963976427996,5.409716823508752,6.442197012761112,6.818791762706828,,,,,,,,,,,,7.209339904594722,"rgba(239, 83, 80, 0.75)"
2022-12-05 00:00:00+00:00,4.4,4.9,4.39,4.88,486145,0.0,0.0,0.0,0.0,0.0,0.0,0.0,0.0,,,,,5.228443922409063,,4.821345493816219,4.906081380046831,5.028665182664228,5.226205255062521,5.405926081082071,6.43705695358553,6.813201796352531,,,,,,,,,,,,7.203429225907399,"rgba(239, 83, 80, 1.0)"
2022-12-06 00:00:00+00:00,4.28,4.48,4.28,4.35,422297,0.0,0.0,0.0,0.0,0.0,0.0,0.0,0.0,,,,,,,4.74305616404811,4.876263203514075,5.003843374387014,5.222284610183959,5.401820966924513,6.432101064783313,6.807902967996648,,,,,,,,,,,,7.197896605832755,"rgba(239, 83, 80, 1.0)"
2022-12-07 00:00:00+00:00,3.93,4.35,3.9,4.2,415947,0.0,0.0,0.0,0.0,0.0,0.0,0.0,0.0,,,,,,,4.647599900987472,4.835546283580116,4.971179047589492,5.217203805944695,5.396718468787674,6.426574765460609,6.802100724505185,,,,,,,,,,,,7.191922296827007,"rgba(239, 83, 80, 1.0)"
2022-12-08 00:00:00+00:00,3.98,4.2584,3.94,3.99,354459,0.0,0.0,0.0,0.0,0.0,0.0,0.0,0.0,,,,,,,4.585012537970789,4.80390169103821,4.945061238797324,5.212907025827214,5.392399058933371,6.421884623778481,6.797174551327444,,,,,,,,,,,,7.1868482095561195,"rgba(239, 83, 80, 1.0)"
2022-12-09 00:00:00+00:00,3.8,4.0,3.77,3.98,605992,0.0,0.0,0.0,0.0,0.0,0.0,0.0,0.0,,,,,,,4.472899384523602,4.742173170385576,4.894245206857126,5.204355890037289,5.383965012508252,6.413224494512513,6.78817266590777,,,,,,,,,,,,7.177651324542882,"rgba(239, 83, 80, 1.0)"
2022-12-12 00:00:00+00:00,4.03,4.1,3.76,3.82,544781,0.0,0.0,0.0,0.0,0.0,0.0,0.0,0.0,,,,,,,4.410957114293936,4.699070340516002,4.856746044148684,5.197361220920539,5.376985612302691,6.40581163313517,6.780419727028983,,,,,,,,,,,,7.169690833606173,"rgba(239, 83, 80, 1.0)"
2022-12-13 00:00:00+00:00,4.16,4.3,4.0,4.18,514802,0.0,0.0,0.0,0.0,0.0,0.0,0.0,0.0,,,,,,,4.384413087777761,4.671948383952445,4.830952160405977,5.1918301282719925,5.371331019408019,6.399389519630648,6.773623930928396,,,,,,,,,,,,7.16264817052448,"rgba(239, 83, 80, 0.75)"
2022-12-14 00:00:00+00:00,4.13,4.35,4.1,4.1,345109,0.0,0.0,0.0,0.0,0.0,0.0,0.0,0.0,,,,,,,4.3720676935564455,4.656516930188117,4.815654082531397,5.188296491599879,5.367693037621199,6.395181083824813,6.769157113592782,,,,,,,,,,,,7.158007858539182,"rgba(239, 83, 80, 0.75)"
2022-12-15 00:00:00+00:00,3.82,4.34,3.81,4.08,591152,0.0,0.0,0.0,0.0,0.0,0.0,0.0,0.0,,,,,,,4.333997234209486,4.621632789019727,4.783061016564676,5.181076151986855,5.3604433374622555,6.387347185168968,6.7609403719580365,,,,,,,,,,,,7.14955002669348,"rgba(239, 83, 80, 0.75)"
2022-12-16 00:00:00+00:00,3.96,4.09,3.8,3.8,1529700,0.0,0.0,0.0,0.0,0.0,0.0,0.0,0.0,,,,,,,4.255282387621511,4.5415213752067185,4.705851527017979,5.162175964624693,5.3414956360023504,6.366976310974166,6.739598362167245,,,,,,,,,,,,7.1275977876024905,"rgba(239, 83, 80, 0.75)"
2022-12-19 00:00:00+00:00,3.42,3.94,3.38,3.94,594257,0.0,0.0,0.0,0.0,0.0,0.0,0.0,0.0,,,,,,,4.205473641494769,4.498940185688968,4.666724107209382,5.1527955614402865,5.332350505499046,6.357956741904125,6.730306462209675,,,,,,,,,,,,7.1181672529061215,"rgba(239, 83, 80, 0.75)"
2022-12-20 00:00:00+00:00,3.63,3.79,3.4199,3.54,269828,0.0,0.0,0.0,0.0,0.0,0.0,0.0,0.0,,,,,,,4.186283635388071,4.4814826611028495,4.650359096189147,5.148662324422494,5.328307660340175,6.353929427492631,6.726149811602836,,,,,,,,,,,,7.113941906324879,"rgba(239, 83, 80, 0.75)"
2022-12-21 00:00:00+00:00,3.53,3.68,3.51,3.68,273958,0.0,0.0,0.0,0.0,0.0,0.0,0.0,0.0,,,,,,,4.166758721125036,4.463664056904898,4.633635120960299,5.144379819433305,5.324127138988836,6.349793091066912,6.7218868259891895,,,,,,,,,,,,7.109613436502916,"rgba(239, 83, 80, 0.75)"
2022-12-22 00:00:00+00:00,3.45,3.92,3.33,3.5,704491,0.0,0.0,0.0,0.0,0.0,0.0,0.0,0.0,,,,,,,4.121324751618857,4.420579520102044,4.592666424643473,5.1334271323838845,5.31342712139675,6.33918727255866,6.710954089609512,,,,,,,,,,,,7.09851020498406,"rgba(239, 83, 80, 0.75)"
2022-12-23 00:00:00+00:00,3.46,3.59,3.27,3.41,628251,0.0,0.0,0.0,0.0,0.0,0.0,0.0,0.0,,,,,,,4.0782324745877565,4.380302655895137,4.554503662190303,5.123007880874624,5.303310351742975,6.329368168118397,6.700878012098932,,,,,,,,,,,,7.088314089920032,"rgba(239, 83, 80, 0.75)"
2022-12-27 00:00:00+00:00,3.17,3.45,3.135,3.45,320411,0.0,0.0,0.0,0.0,0.0,0.0,0.0,0.0,,,,,,,4.052403376319287,4.3571448589912665,4.5328700780906575,5.117154098616377,5.29767544438892,6.324061195804959,6.695467612764193,,,,,,,,,,,,7.082868565308686,"rgba(239, 83, 80, 1.0)"
2022-12-28 00:00:00+00:00,3.28,3.43,3.15,3.16,372186,0.0,0.0,0.0,0.0,0.0,0.0,0.0,0.0,,,,,,,4.025582116621281,4.332225075723553,4.509287951754222,5.110526933986568,5.291280038966948,6.3179895679945,6.689267876962439,,,,,,,,,,,,7.076620086197113,"rgba(239, 83, 80, 1.0)"
2022-12-29 00:00:00+00:00,3.27,3.46,3.2381,3.31,1076733,0.0,0.0,0.0,0.0,0.0,0.0,0.0,0.0,,,,,,,3.960910780974654,4.268527024466608,4.447700164267727,5.091995485441535,5.273333619664126,6.300767454125371,6.6716469883967155,,,,,,,,,,,,7.058829309441821,"rgba(239, 83, 80, 1.0)"
2022-12-30 00:00:00+00:00,3.15,3.29,3.07,3.24,932986,0.0,0.0,0.0,0.0,0.0,0.0,0.0,0.0,,,,,,,3.902511078145755,4.21158028174972,4.392709973508297,5.0748866623109565,5.25684885196872,6.285246900156344,6.65583761399197,,,,,,,,,,,,7.042924954040022,"rgba(239, 83, 80, 1.0)"
2023-01-03 00:00:00+00:00,3.06,3.39,3.03,3.2,326979,0.0,0.0,0.0,0.0,0.0,0.0,0.0,0.0,,,,,,,3.8837811906520465,4.192816259323446,4.37439272793682,5.0689313735638555,5.251105105463719,6.279826497063144,6.650314911221549,,,,,,,,,,,,7.037367461524695,"rgba(239, 83, 80, 1.0)"
2023-01-04 00:00:00+00:00,3.29,3.3,3.03,3.11,277670,0.0,0.0,0.0,0.0,0.0,0.0,0.0,0.0,,,,,,,3.8695808538975736,4.1780963886171785,4.359841371975628,5.064026082297851,5.246360476941689,6.275306872905163,6.645701246178937,,,,,,,,,,,,7.032717175268197,"rgba(239, 83, 80, 0.75)"
2023-01-05 00:00:00+00:00,3.05,3.22,3.04,3.22,205110,0.0,0.0,0.0,0.0,0.0,0.0,0.0,0.0,,,,,,,3.8578915899790904,4.166375259144537,4.348380800466649,5.060218523592009,5.242692979231429,6.271864697016509,6.642198979383116,,,,,,,,,,,,7.029196754967567,"rgba(239, 83, 80, 0.75)"
2023-01-06 00:00:00+00:00,3.07,3.125,2.97,3.09,220075,0.0,0.0,0.0,0.0,0.0,0.0,0.0,0.0,,,,,,,3.844961314381126,4.153520943760812,4.335845875061991,5.056049074449303,5.238683243994504,6.268123463711422,6.638397659275047,,,,,,,,,,,,7.025380072586092,"rgba(239, 83, 80, 0.75)"
2023-01-09 00:00:00+00:00,3.24,3.39,3.14,3.14,243971,0.0,0.0,0.0,0.0,0.0,0.0,0.0,0.0,,,,,,,3.8346425408952047,4.142167059038741,4.3243745055058245,5.0519109074695425,5.234664201798747,6.264245831980174,6.634429622943841,,,,,,,,,,,,7.021372004030837,"rgba(239, 83, 80, 0.75)"
2023-01-10 00:00:00+00:00,3.48,3.48,3.2,3.2,232367,0.0,0.0,0.0,0.0,0.0,0.0,0.0,0.0,,,,,,,3.827281678215171,4.133166109449076,4.31497617432723,5.048271350737964,5.231102029121583,6.260721140055358,6.630804088215404,,,,,,,,,,,,7.017694037303716,"rgba(239, 83, 80, 0.75)"
2023-01-11 00:00:00+00:00,3.59,3.68,3.47,3.5,239074,0.0,0.0,0.0,0.0,0.0,0.0,0.0,0.0,,,,,,,3.8231707180897296,4.126467633894875,4.307474488654312,5.044977080065342,5.227834007367425,6.257347051705013,6.6273041414051015,,,,,,,,,,,,7.014118743040239,"rgba(239, 83, 80, 0.5)"
2023-01-12 00:00:00+00:00,3.66,3.68,3.47,3.62,198700,0.0,0.0,0.0,0.0,0.0,0.0,0.0,0.0,,,,,,,3.820174601001288,4.121255085706319,4.301551481541502,5.042293791781467,5.225166027194127,6.254573607592921,6.6244235852673246,,,,,,,,,,,,7.011173038059862,#000000
2023-01-13 00:00:00+00:00,3.55,3.69,3.45,3.64,209912,0.0,0.0,0.0,0.0,0.0,0.0,0.0,0.0,,,,,,,3.816529134337368,4.115443402227761,4.295049220367933,5.039391425424148,5.222287723947266,6.251605846435817,6.621346231242176,,,,,,,,,,,,7.008030176443792,#000000
2023-01-17 00:00:00+00:00,3.53,3.66,3.5,3.57,270725,0.0,0.0,0.0,0.0,0.0,0.0,0.0,0.0,,,,,,,3.8119775995020837,4.108124435698876,4.286830436038654,5.035665000145487,5.218590244619409,6.247787954463891,6.61738646989763,,,,,,,,,,,,7.003985255600946,#000000
2023-01-18 00:00:00+00:00,3.52,3.655,3.515,3.58,229134,0.0,0.0,0.0,0.0,0.0,0.0,0.0,0.0,,,,,,,3.808251254083165,4.102079805904511,4.280017192741042,5.0325257291072605,5.215473656479342,6.244565061602515,6.614043043573088,,,,,,,,,,,,7.000569163865618,#000000
2023-01-19 00:00:00+00:00,3.17,3.51,3.17,3.49,237187,0.0,0.0,0.0,0.0,0.0,0.0,0.0,0.0,,,,,,,3.8002324101117044,4.092783060708591,4.2703952483614165,5.028673566547337,5.21171520982568,6.240889496263186,6.610272869330361,,,,,,,,,,,,6.996752673888565,"rgba(239, 83, 80, 0.5)"
2023-01-20 00:00:00+00:00,3.3,3.37,3.13,3.19,522080,0.0,0.0,0.0,0.0,0.0,0.0,0.0,0.0,,,,,,,3.782874743868124,4.072638965025075,4.249510176900589,5.020173532402543,5.203422608294589,6.232785737410697,6.6019627891937,,,,,,,,,,,,6.988342041046481,"rgba(239, 83, 80, 0.5)"
2023-01-23 00:00:00+00:00,3.46,3.51,3.3311,3.35,402893,0.0,0.0,0.0,0.0,0.0,0.0,0.0,0.0,,,,,,,3.7743234735855347,4.0608378721443925,4.236617495192339,5.01428936814954,5.197619085725274,6.226912606718886,6.595897775526217,,,,,,,,,,,,6.982167519241565,#000000
2023-01-24 00:00:00+00:00,3.38,3.52,3.35,3.49,240166,0.0,0.0,0.0,0.0,0.0,0.0,0.0,0.0,,,,,,,3.769177330320628,4.053822825820972,4.228965201752674,5.010764938466613,5.194144424589733,6.22340204400769,6.5922740175120715,,,,,,,,,,,,6.978479439134582,#000000
2023-01-25 00:00:00+00:00,3.28,3.34,3.14,3.32,374182,0.0,0.0,0.0,0.0,0.0,0.0,0.0,0.0,,,,,,,3.7578669590638825,4.0404676548618585,4.2149824765586805,5.004745246152211,5.188262808852426,6.217632707963262,6.586355041243129,,,,,,,,,,,,6.972485737178919,"rgba(239, 83, 80, 0.5)"
2023-01-26 00:00:00+00:00,3.21,3.4499,3.175,3.39,340582,0.0,0.0,0.0,0.0,0.0,0.0,0.0,0.0,,,,,,,3.7484834639872227,4.029066793328468,4.202920782874659,4.999379432631185,5.183008921010645,6.212444950026544,6.581025998061158,,,,,,,,,,,,6.967083498126176,"rgba(239, 83, 80, 0.5)"
2023-01-27 00:00:00+00:00,3.47,3.64,3.19,3.21,975211,0.0,0.0,0.0,0.0,0.0,0.0,0.0,0.0,,,,,,,3.731763512380153,4.004598601458791,4.175553872640752,4.985565531169932,5.169335316839746,6.198470826212694,6.566573361606688,,,,,,,,,,,,6.952348397814318,#000000
2023-01-30 00:00:00+00:00,3.21,3.43,3.18,3.4,596869,0.0,0.0,0.0,0.0,0.0,0.0,0.0,0.0,,,,,,,3.71734590407833,3.9866668405175885,4.156335786610805,4.976371275689075,5.160309793666579,6.189496314642415,6.557344676303196,,,,,,,,,,,,6.942983084697408,"rgba(239, 83, 80, 0.5)"
2023-01-31 00:00:00+00:00,3.3,3.305,3.15,3.23,445488,0.0,0.0,0.0,0.0,0.0,0.0,0.0,0.0,,,,,,,3.7066655094113967,3.9734564483655883,4.142178048165184,4.969486520335714,5.153552465345656,6.182784271055641,6.550445034002633,,,,,,,,,,,,6.935982978453336,"rgba(239, 83, 80, 0.5)"
2023-02-01 00:00:00+00:00,3.36,3.4,3.2,3.26,600486,0.0,0.0,0.0,0.0,0.0,0.0,0.0,0.0,,,,,,,3.695070264208686,3.957999787484663,4.1251928390239465,4.96065859031756,5.144843974447721,6.173995093109722,6.541381968324623,,,,,,,,,,,,6.926763467262878,#000000
2023-02-02 00:00:00+00:00,3.34,3.56,3.27,3.47,910893,0.0,0.0,0.0,0.0,0.0,0.0,0.0,0.0,,,,,,,3.681796647335785,3.9383253714710182,4.1028535265849735,4.948009921891503,5.132291341857233,6.161089597688638,6.528027273649817,,,,,,,,,,,,6.913137242204575,#000000
2023-02-03 00:00:00+00:00,3.41,3.56,3.25,3.27,740691,0.0,0.0,0.0,0.0,0.0,0.0,0.0,0.0,,,,,,,3.6723951461448885,3.923760953968092,4.086066881179604,4.937982311844062,5.122312191336735,6.150745977194303,6.517308314815753,,,,,,,,,,,,6.9021863124755525,#000000
2023-02-06 00:00:00+00:00,3.4,3.58,3.33,3.38,811861,0.0,0.0,0.0,0.0,0.0,0.0,0.0,0.0,,,,,,,3.6638848063762124,3.909561572130178,4.069345730153178,4.927352421522547,5.1116948941696645,6.139620333031768,6.50575616472561,,,,,,,,,,,,6.890363803414943,#000000
2023-02-07 00:00:00+00:00,3.37,3.44,3.26,3.38,413437,0.0,0.0,0.0,0.0,0.0,0.0,0.0,0.0,,,,,,,3.658338582613249,3.901473837768945,4.0601217622542976,4.921709413877158,5.106083526957629,6.133822968415886,6.499754029797781,,,,,,,,,,,,6.884235440988037,#000000
2023-02-08 00:00:00+00:00,3.38,3.43,3.3,3.34,336372,0.0,0.0,0.0,0.0,0.0,0.0,0.0,0.0,,,,,,,3.6541647859490842,3.8952229957964057,4.052930407240309,4.917186955010031,5.101579122061698,6.129146587164506,6.494908196046773,,,,,,,,,,,,6.879283857430796,#000000
2023-02-09 00:00:00+00:00,3.42,3.4999,3.22,3.42,727335,0.0,0.0,0.0,0.0,0.0,0.0,0.0,0.0,,,,,,,3.645842882616383,3.8824442574966964,4.038101320195605,4.907560050839714,5.091974347766982,6.119125115718315,6.484514469089975,,,,,,,,,,,,6.868654914643968,#000000
2023-02-10 00:00:00+00:00,3.32,3.44,3.16,3.44,484625,0.0,0.0,0.0,0.0,0.0,0.0,0.0,0.0,,,,,,,3.6391199289023395,3.873084324238246,4.027517571369235,4.900907689232862,5.085362470619073,6.11231064361921,6.477464919946985,,,,,,,,,,,,6.86146054893411,#000000
2023-02-13 00:00:00+00:00,3.28,3.34,2.97,3.34,519401,0.0,0.0,0.0,0.0,0.0,0.0,0.0,0.0,,,,,,,3.6299160758284863,3.8615011261669436,4.014829353452985,4.893351348294399,5.077895399755902,6.104758830462187,6.469683239000261,,,,,,,,,,,,6.853544518599695,#000000
2023-02-14 00:00:00+00:00,3.41,3.4401,3.21,3.24,310548,0.0,0.0,0.0,0.0,0.0,0.0,0.0,0.0,,,,,,,3.6265187844047566,3.8563512806400166,4.008844391080561,4.889279673314769,5.07382853935374,6.100504578949876,6.465270116683819,,,,,,,,,,,,6.849029979198397,#000000
2023-02-15 00:00:00+00:00,3.51,3.54,3.31,3.36,376907,0.0,0.0,0.0,0.0,0.0,0.0,0.0,0.0,,,,,,,3.623974594143786,3.8514542144102855,4.002810311389293,4.884686540701389,5.069203655806756,6.095546151904044,6.460102266480932,,,,,,,,,,,,6.843722621370046,#000000
2023-02-16 00:00:00+00:00,3.3,3.55,3.3,3.48,294588,0.0,0.0,0.0,0.0,0.0,0.0,0.0,0.0,,,,,,,3.6212429070662364,3.847050234144996,3.997595329212702,4.880942417869448,5.0654514177857575,6.091581261755289,6.4559816919467465,,,,,,,,,,,,6.839500554774847,#000000
2023-02-17 00:00:00+00:00,3.34,3.38,3.2,3.27,339220,0.0,0.0,0.0,0.0,0.0,0.0,0.0,0.0,,,,,,,3.6171839631732343,3.841258929419591,3.9909619080021232,4.876434572032288,5.060955341495311,6.0869011608130705,6.451132424242308,,,,,,,,,,,,6.834543999040172,#000000
2023-02-21 00:00:00+00:00,3.03,3.36,3.01,3.35,477111,0.0,0.0,0.0,0.0,0.0,0.0,0.0,0.0,,,,,,,3.608559629050884,3.8307465164045715,3.979535324741727,4.86944254224624,5.054049412131258,6.079936452014267,6.443962598766862,,,,,,,,,,,,6.827254756366593,"rgba(239, 83, 80, 0.5)"
2023-02-22 00:00:00+00:00,3.02,3.17,3.02,3.08,372697,0.0,0.0,0.0,0.0,0.0,0.0,0.0,0.0,,,,,,,3.601163928733472,3.8220231825025257,3.970166684784988,4.863821764478563,5.048512399685902,6.074402306575619,6.438276652869282,,,,,,,,,,,,6.821483397229633,"rgba(239, 83, 80, 0.5)"
2023-02-23 00:00:00+00:00,3.07,3.1,3.01,3.06,327313,0.0,0.0,0.0,0.0,0.0,0.0,0.0,0.0,,,,,,,3.594715181098488,3.8144257580615073,3.962006983954263,4.858886963263595,5.043650616860345,6.069542700022152,6.43328409927213,,,,,,,,,,,,6.81641595866812,"rgba(239, 83, 80, 0.5)"
2023-02-24 00:00:00+00:00,3.06,3.12,3.01,3.02,288718,0.0,0.0,0.0,0.0,0.0,0.0,0.0,0.0,,,,,,,3.5891877583776135,3.8078778962061737,3.9549560760094966,4.854564430770382,5.039388974243913,6.065273833440484,6.428896813572425,,,,,,,,,,,,6.811961321953775,"rgba(239, 83, 80, 1.0)"
2023-02-27 00:00:00+00:00,3.19,3.25,3.11,3.15,288912,0.0,0.0,0.0,0.0,0.0,0.0,0.0,0.0,,,,,,,3.5850067525009326,3.8024767108879862,3.948945122503901,4.850548158295511,5.035400647449552,6.061184491688239,6.424674127695171,,,,,,,,,,,,6.8076566226872695,"rgba(239, 83, 80, 0.5)"
2023-02-28 00:00:00+00:00,3.23,3.24,3.13,3.17,271249,0.0,0.0,0.0,0.0,0.0,0.0,0.0,0.0,,,,,,,3.581318665797248,3.797624312289463,3.9435072860336953,4.846832475356127,5.0317052776379985,6.057377879447322,6.420739923568425,,,,,,,,,,,,6.803642924737037,"rgba(239, 83, 80, 0.5)"
2023-03-01 00:00:00+00:00,3.18,3.32,3.17,3.23,387175,0.0,0.0,0.0,0.0,0.0,0.0,0.0,0.0,,,,,,,3.5764898662031954,3.7910971698077662,3.9361201690306507,4.8416324148500784,5.026523155618929,6.052006143521537,6.415181489732554,,,,,,,,,,,,6.797966300989406,"rgba(239, 83, 80, 0.5)"
2023-03-02 00:00:00+00:00,3.08,3.23,2.87,3.22,691429,0.0,0.0,0.0,0.0,0.0,0.0,0.0,0.0,,,,,,,3.56434092464786,3.7765533031282303,3.9203601000780717,4.831499424411164,5.016510659143624,6.041912611204318,6.404797489550321,,,,,,,,,,,,6.787412297213645,"rgba(239, 83, 80, 0.5)"
2023-03-03 00:00:00+00:00,3.14,3.2,3.07,3.11,373536,0.0,0.0,0.0,0.0,0.0,0.0,0.0,0.0,,,,,,,3.558974431517896,3.7697495239636147,3.91281742509483,4.82630785234061,5.011354134935611,6.0366274566025115,6.399342330134599,,,,,,,,,,,,6.781852149000594,"rgba(239, 83, 80, 0.5)"
2023-03-06 00:00:00+00:00,3.0,3.21,2.97,3.15,393403,0.0,0.0,0.0,0.0,0.0,0.0,0.0,0.0,,,,,,,3.552466257601359,3.761889549261572,3.9042596586874674,4.820627898311553,5.00573300400471,6.030935347748708,6.393482144812532,,,,,,,,,,,,6.775891781261919,"rgba(239, 83, 80, 0.5)"
2023-03-07 00:00:00+00:00,2.97,3.08,2.87,3.08,443058,0.0,0.0,0.0,0.0,0.0,0.0,0.0,0.0,,,,,,,3.5440823031630493,3.7521757627050327,3.8938565763340427,4.813961864899541,4.999160770692133,6.024364547279952,6.386735919587956,,,,,,,,,,,,6.7690458872646255,"rgba(239, 83, 80, 1.0)"
2023-03-08 00:00:00+00:00,3.04,3.06,2.9,2.97,309067,0.0,0.0,0.0,0.0,0.0,0.0,0.0,0.0,,,,,,,3.5386427462702263,3.745767337653789,3.886942498826242,4.809407165775477,4.994661262323734,6.019837521637633,6.3820822873726035,,,,,,,,,,,,6.764318374898314,"rgba(239, 83, 80, 0.5)"
2023-03-09 00:00:00+00:00,2.92,3.1,2.9,3.04,343845,0.0,0.0,0.0,0.0,0.0,0.0,0.0,0.0,,,,,,,3.532424164206716,3.7385145270147047,3.879147508268398,4.804292464565293,4.98961257936222,6.014772654594576,6.376879304202706,,,,,,,,,,,,6.759035652535963,"rgba(239, 83, 80, 1.0)"
2023-03-10 00:00:00+00:00,2.79,2.95,2.75,2.95,605986,0.0,0.0,0.0,0.0,0.0,0.0,0.0,0.0,,,,,,,3.5190654244620387,3.723725185804367,3.8636054048438937,4.794647190419948,4.980147821267433,6.0054685632660725,6.367363686317451,,,,,,,,,,,,6.749410086029093,"rgba(239, 83, 80, 1.0)"
2023-03-13 00:00:00+00:00,2.69,2.77,2.63,2.75,686786,0.0,0.0,0.0,0.0,0.0,0.0,0.0,0.0,,,,,,,3.5017135631265512,3.7051201013812696,3.8443368482928766,4.783094971864303,4.968861870496892,5.994549394461451,6.3562366505713594,,,,,,,,,,,,6.738188761323073,"rgba(239, 83, 80, 1.0)"
2023-03-14 00:00:00+00:00,2.95,3.1,2.86,2.88,853330,0.0,0.0,0.0,0.0,0.0,0.0,0.0,0.0,,,,,,,3.4881304804258884,3.688938416954648,3.826759409741908,4.7707747390451924,4.956661858596841,5.982198512128234,6.343530582544165,,,,,,,,,,,,6.725269677049207,"rgba(239, 83, 80, 0.75)"
2023-03-15 00:00:00+00:00,2.73,2.93,2.69,2.81,518293,0.0,0.0,0.0,0.0,0.0,0.0,0.0,0.0,,,,,,,3.477361953075633,3.6769904319836026,3.81417230160186,4.76260586334394,4.948634841678946,5.9742841531919675,6.33543519562218,,,,,,,,,,,,6.71707817400784,"rgba(239, 83, 80, 0.75)"
2023-03-16 00:00:00+00:00,2.82,2.84,2.65,2.71,530532,0.0,0.0,0.0,0.0,0.0,0.0,0.0,0.0,,,,,,,3.4664693808813904,3.6649048129378494,3.801436015385712,4.754257483092948,4.9404292354965476,5.9661896799431595,6.327155723095627,,,,,,,,,,,,6.708700120161716,"rgba(239, 83, 80, 0.75)"
2023-03-17 00:00:00+00:00,2.7,2.81,2.66,2.77,545107,0.0,0.0,0.0,0.0,0.0,0.0,0.0,0.0,,,,,,,3.4548946826435687,3.652187830894056,3.788091834130831,4.745552274805035,4.931882437110924,5.957794506228863,6.318577670439528,,,,,,,,,,,,6.700027311487663,"rgba(239, 83, 80, 0.75)"
2023-03-20 00:00:00+00:00,2.66,2.73,2.62,2.73,373620,0.0,0.0,0.0,0.0,0.0,0.0,0.0,0.0,,,,,,,3.4466040181698996,3.643178929831196,3.77868618445954,4.7394724164391295,4.925921817853422,5.951970992926261,6.3126348948695625,,,,,,,,,,,,6.694025248860011,"rgba(239, 83, 80, 0.75)"
2023-03-21 00:00:00+00:00,2.83,2.86,2.64,2.72,390157,0.0,0.0,0.0,0.0,0.0,0.0,0.0,0.0,,,,,,,3.439295029961882,3.6349579935982828,3.769960522992958,4.73348664750997,4.9200235413408056,5.946108632748091,6.306630830812419,,,,,,,,,,,,6.687942215006745,"rgba(239, 83, 80, 0.75)"
2023-03-22 00:00:00+00:00,2.71,2.83,2.67,2.83,396785,0.0,0.0,0.0,0.0,0.0,0.0,0.0,0.0,,,,,,,3.431584708257907,3.626373604665339,3.7608899925893695,4.727312847690685,4.913946848084842,5.940093879081705,6.3004766911112675,,,,,,,,,,,,6.681712118703508,"rgba(239, 83, 80, 0.75)"
2023-03-23 00:00:00+00:00,2.88,2.96,2.74,2.74,517294,0.0,0.0,0.0,0.0,0.0,0.0,0.0,0.0,,,,,,,3.4235227513634916,3.616943042628346,3.7506965518474327,4.719816221485918,4.906521086431741,5.932586736484376,6.292761807846308,,,,,,,,,,,,6.673872304213901,"rgba(239, 83, 80, 0.5)"
2023-03-24 00:00:00+00:00,2.93,2.95,2.81,2.86,528455,0.0,0.0,0.0,0.0,0.0,0.0,0.0,0.0,,,,,,,3.4160391715436402,3.6080009055850186,3.7409376383724875,4.712369517047034,4.899125273420271,5.925046384647433,6.284999918855283,,,,,,,,,,,,6.665973163686918,"rgba(239, 83, 80, 0.5)"
2023-03-27 00:00:00+00:00,2.75,2.96,2.7,2.96,392548,0.0,0.0,0.0,0.0,0.0,0.0,0.0,0.0,,,,,,,3.4096418843776575,3.6006480390564817,3.733046094975149,4.706594875235907,4.89341221380812,5.919297567446691,6.279098956826853,,,,,,,,,,,,6.659982098337027,"rgba(239, 83, 80, 0.5)"
2023-03-28 00:00:00+00:00,2.75,2.8,2.71,2.73,382484,0.0,0.0,0.0,0.0,0.0,0.0,0.0,0.0,,,,,,,3.4030322645055775,3.5931705497210413,3.7250768985151677,4.700854851880531,4.887743051604411,5.9136269095050435,6.273286055185772,,,,,,,,,,,,6.654087029583465,"rgba(239, 83, 80, 0.5)"
2023-03-29 00:00:00+00:00,2.85,2.88,2.77,2.79,495052,0.0,0.0,0.0,0.0,0.0,0.0,0.0,0.0,,,,,,,3.3957018760934177,3.584589573517095,3.7157862748147954,4.693778528228477,4.880723211812795,5.906502457668194,6.265961119836432,,,,,,,,,,,,6.646639303287819,"rgba(239, 83, 80, 0.5)"
2023-03-30 00:00:00+00:00,2.85,2.95,2.82,2.89,1367070,0.0,0.0,0.0,0.0,0.0,0.0,0.0,0.0,,,,,,,3.3777778757460633,3.5630793332972,3.69222645088091,4.674927331169824,4.86195888070207,5.88725245156085,6.246128448453433,,,,,,,,,,,,6.626436802278821,#000000
2023-03-31 00:00:00+00:00,2.95,2.96,2.83,2.86,529896,0.0,0.0,0.0,0.0,0.0,0.0,0.0,0.0,,,,,,,3.371681755056307,3.5555509576914255,3.6838738494677257,4.667884823470164,4.854923964740315,5.87995457965718,6.238593669058652,,,,,,,,,,,,6.618746919984641,#000000
2023-04-03 00:00:00+00:00,2.91,2.99,2.89,2.96,407963,0.0,0.0,0.0,0.0,0.0,0.0,0.0,0.0,,,,,,,3.3672630742346588,3.5500200863121014,3.6777007701881557,4.662552236078181,4.849588542357964,5.874391787718608,6.232844828928071,,,,,,,,,,,,6.6128747350570105,#000000
2023-04-04 00:00:00+00:00,2.99,2.99,2.83,2.91,395625,0.0,0.0,0.0,0.0,0.0,0.0,0.0,0.0,,,,,,,3.363125712876297,3.5448057774655575,3.671862700404127,4.657431863592939,4.844460523382563,5.869029401013003,6.227300113580484,,,,,,,,,,,,6.607208247193863,"rgba(38, 166, 154, 1.0)"
2023-04-05 00:00:00+00:00,2.66,2.98,2.65,2.92,472050,0.0,0.0,0.0,0.0,0.0,0.0,0.0,0.0,,,,,,,3.3563272989977073,3.5369584675289585,3.6634019095285013,4.650750551711183,4.837825103942261,5.862279998186095,6.220361451073585,,,,,,,,,,,,6.600151746326714,#000000
2023-04-06 00:00:00+00:00,2.77,2.78,2.67,2.68,258435,0.0,0.0,0.0,0.0,0.0,0.0,0.0,0.0,,,,,,,3.352526326352077,3.5326010905891296,3.6587179029272026,4.647067662894278,4.83416961949491,5.8585695603449,6.216548917135556,,,,,,,,,,,,6.596276033466154,#000000
2023-04-10 00:00:00+00:00,2.81,2.83,2.67,2.78,414954,0.0,0.0,0.0,0.0,0.0,0.0,0.0,0.0,,,,,,,3.346814589356911,3.5259645842024967,3.6515380357355363,4.641276427916543,4.828410497533864,5.8526874734416365,6.210497470096704,,,,,,,,,,,,6.590117567145518,#000000
2023-04-11 00:00:00+00:00,2.67,2.8592,2.64,2.84,441735,0.0,0.0,0.0,0.0,0.0,0.0,0.0,0.0,,,,,,,3.3403712060085775,3.5185947206072545,3.6436209790478973,4.6349969265226445,4.822175909086851,5.846355369492631,6.203991212483377,,,,,,,,,,,,6.5835031050028325,"rgba(239, 83, 80, 0.5)"
2023-04-12 00:00:00+00:00,2.57,2.8,2.56,2.78,657933,0.0,0.0,0.0,0.0,0.0,0.0,0.0,0.0,,,,,,,3.3298091142351884,3.506789897797293,3.6310763145833964,4.625333024775065,4.812607953464332,5.836731952442799,6.194124541405632,,,,,,,,,,,,6.57349056117164,"rgba(239, 83, 80, 0.5)"
2023-04-13 00:00:00+00:00,2.39,2.65,2.38,2.65,586247,0.0,0.0,0.0,0.0,0.0,0.0,0.0,0.0,,,,,,,3.318399181726633,3.494517630820012,3.6182819388493375,4.616068907068649,4.803490417980963,5.827751761327441,6.184960149130284,,,,,,,,,,,,6.5642276666052,"rgba(239, 83, 80, 1.0)"
2023-04-14 00:00:00+00:00,2.25,2.4,2.23,2.4,1030921,0.0,0.0,0.0,0.0,0.0,0.0,0.0,0.0,,,,,,,3.294934875048027,3.4699472825601956,3.593024354304217,4.59861747482576,4.786403039941404,5.811234591422746,6.168177236445985,,,,,,,,,,,,6.547327621433862,"rgba(239, 83, 80, 1.0)"
2023-04-17 00:00:00+00:00,2.23,2.27,2.15,2.27,893873,0.0,0.0,0.0,0.0,0.0,0.0,0.0,0.0,,,,,,,3.2739504077773116,3.4481066432324474,3.5706446259517386,4.583200666063502,4.771324554899228,5.796728226420601,6.153456524519542,,,,,,,,,,,,6.532519971238853,"rgba(239, 83, 80, 1.0)"
2023-04-18 00:00:00+00:00,2.09,2.27,2.04,2.23,960263,0.0,0.0,0.0,0.0,0.0,0.0,0.0,0.0,,,,,,,3.250592209677112,3.42394497161346,3.5459690076674457,4.566284208911099,4.754800072473358,5.780914607837363,6.137432012473306,,,,,,,,,,,,6.516419952135598,"rgba(239, 83, 80, 1.0)"
2023-04-19 00:00:00+00:00,2.09,2.22,2.04,2.07,994662,0.0,0.0,0.0,0.0,0.0,0.0,0.0,0.0,,,,,,,3.227038822948086,3.3995252773072493,3.5209959630686263,4.548887973892015,4.737793068402765,5.764603623173405,6.1208990736180375,,,,,,,,,,,,6.49980403122641,"rgba(239, 83, 80, 1.0)"
2023-04-20 00:00:00+00:00,1.97,2.09,1.94,2.05,948681,0.0,0.0,0.0,0.0,0.0,0.0,0.0,0.0,,,,,,,3.2032018022008337,3.3750274142717602,3.496064803985683,4.531739688259129,4.721062363698429,5.748688158701919,6.104800844706477,,,,,,,,,,,,6.4836540187889655,"rgba(239, 83, 80, 1.0)"
2023-04-21 00:00:00+00:00,1.97,2.02,1.87,1.96,1533165,0.0,0.0,0.0,0.0,0.0,0.0,0.0,0.0,,,,,,,3.1651564509986354,3.3359156727496364,3.4562523737430944,4.504006900006942,4.693995507605807,5.722933014414919,6.078755911070316,,,,,,,,,,,,6.457528486163925,"rgba(239, 83, 80, 1.0)"
2023-04-24 00:00:00+00:00,1.87,2.02,1.84,2.02,617163,0.0,0.0,0.0,0.0,0.0,0.0,0.0,0.0,,,,,,,3.1499629803957543,3.3202977668370828,3.4403547776554144,4.492824165891689,4.683078906100731,5.7125458490059415,6.068254596383083,,,,,,,,,,,,6.446996370379051,"rgba(239, 83, 80, 1.0)"
2023-04-25 00:00:00+00:00,1.67,1.75,1.63,1.71,1957450,0.0,0.0,0.0,0.0,0.0,0.0,0.0,0.0,,,,,,,3.0957368380285946,3.2653401237920043,3.384868844717487,4.45492781817279,4.64622986350646,5.67803047949044,6.033498281225347,,,,,,,,,,,,6.412259274657902,"rgba(239, 83, 80, 1.0)"
2023-04-26 00:00:00+00:00,1.7,1.75,1.68,1.71,916753,0.0,0.0,0.0,0.0,0.0,0.0,0.0,0.0,,,,,,,3.0721497265270172,3.2412632346535575,3.3604586003007277,4.43769614734074,4.629434008660471,5.662174607215643,6.017507868663651,,,,,,,,,,,,6.396254851076605,"rgba(239, 83, 80, 1.0)"
2023-04-27 00:00:00+00:00,1.69,1.705,1.59,1.68,982370,0.0,0.0,0.0,0.0,0.0,0.0,0.0,0.0,,,,,,,3.0468838357103984,3.215488221796877,3.3343355401354935,4.419146673929271,4.611353496770609,5.645117813929211,6.000312900751235,,,,,,,,,,,,6.379049744715428,"rgba(239, 83, 80, 1.0)"
2023-04-28 00:00:00+00:00,1.63,1.695,1.6,1.69,906409,0.0,0.0,0.0,0.0,0.0,0.0,0.0,0.0,,,,,,,3.0240362648853303,3.1921446435175254,3.3106552862879757,4.402127510047309,4.594753568341993,5.629430060684569,5.98449491779501,,,,,,,,,,,,6.3632187191048315,"rgba(239, 83, 80, 1.0)"
2023-05-01 00:00:00+00:00,1.57,1.72,1.56,1.61,894198,0.0,0.0,0.0,0.0,0.0,0.0,0.0,0.0,,,,,,,3.0018183446940467,3.1694237738534126,3.287594111734271,4.385390556459998,4.578421015107705,5.613977387851101,5.968912945434852,,,,,,,,,,,,6.347622156450004,"rgba(239, 83, 80, 1.0)"
2023-05-02 00:00:00+00:00,1.49,1.56,1.49,1.56,882775,0.0,0.0,0.0,0.0,0.0,0.0,0.0,0.0,,,,,,,2.978976052457691,3.1461764268213845,3.264064929373033,4.368454192331986,4.561915429325365,5.598447063006062,5.9532760484582825,,,,,,,,,,,,6.331990930347211,"rgba(239, 83, 80, 1.0)"
2023-05-03 00:00:00+00:00,1.5,1.575,1.47,1.5,942890,0.0,0.0,0.0,0.0,0.0,0.0,0.0,0.0,,,,,,,2.9553669557399176,3.122080808924212,3.2396363659965934,4.350594162841072,4.544490595216472,5.5819952737112395,5.936701306611724,,,,,,,,,,,,6.315412248743276,"rgba(239, 83, 80, 1.0)"
2023-05-04 00:00:00+00:00,1.44,1.51,1.42,1.5,844464,0.0,0.0,0.0,0.0,0.0,0.0,0.0,0.0,,,,,,,2.9340290135069043,3.1003352044942103,3.2176092668992666,4.33446204862113,4.528755761090071,5.56716324320808,5.921767043481117,,,,,,,,,,,,6.300481492518184,"rgba(239, 83, 80, 1.0)"
2023-05-05 00:00:00+00:00,1.49,1.52,1.41,1.43,874131,0.0,0.0,0.0,0.0,0.0,0.0,0.0,0.0,,,,,,,2.9128142094130354,3.0786380836247313,3.1955848058429424,4.318047172491368,4.512723621181108,5.551983866486479,5.9064699498698605,,,,,,,,,,,,6.285175397938908,"rgba(239, 83, 80, 1.0)"
2023-05-08 00:00:00+00:00,1.56,1.59,1.48,1.51,993806,0.0,0.0,0.0,0.0,0.0,0.0,0.0,0.0,,,,,,,2.890568423220751,3.0557083690822937,3.172201753763459,4.30006591973531,4.495114830525165,5.535156331087114,5.889478473379178,,,,,,,,,,,,6.268142711647084,"rgba(239, 83, 80, 0.75)"
2023-05-09 00:00:00+00:00,1.65,1.82,1.59,1.6,1150879,0.0,0.0,0.0,0.0,0.0,0.0,0.0,0.0,,,,,,,2.868339567147048,3.032432726644098,3.1482478639304188,4.280599391459925,4.475959729602268,5.516538264425944,5.8706095939133665,,,,,,,,,,,,6.249163999559762,"rgba(239, 83, 80, 0.75)"
2023-05-10 00:00:00+00:00,1.71,1.84,1.68,1.72,920775,0.0,0.0,0.0,0.0,0.0,0.0,0.0,0.0,,,,,,,2.8519624966583255,3.0151334590454417,3.130354171285584,4.265568244238161,4.461129130054152,5.501990347673229,5.8558376928052125,,,,,,,,,,,,6.234279883177485,"rgba(239, 83, 80, 0.75)"
2023-05-11 00:00:00+00:00,1.66,1.68,1.51,1.62,1113065,0.0,0.0,0.0,0.0,0.0,0.0,0.0,0.0,,,,,,,2.8306004289562,2.992809468849178,3.1074023203307704,4.246733492094692,4.442589301035115,5.483965766444388,5.837575796934785,,,,,,,,,,,,6.215914415056766,"rgba(239, 83, 80, 0.75)"
2023-05-12 00:00:00+00:00,1.53,1.68,1.52,1.63,598182,0.0,0.0,0.0,0.0,0.0,0.0,0.0,0.0,,,,,,,2.819054146125023,2.9807638354292436,3.0950294671926364,4.236569305213025,4.432585519597025,5.474248457073622,5.827733970121517,,,,,,,,,,,,6.206019375499197,"rgba(239, 83, 80, 0.75)"
2023-05-15 00:00:00+00:00,1.48,1.54,1.46,1.54,584481,0.0,0.0,0.0,0.0,0.0,0.0,0.0,0.0,,,,,,,2.8072328038887435,2.9685035162645397,3.0824786979981016,4.226403580089615,4.422594842222894,5.464598279783534,5.817973729955,,,,,,,,,,,,6.196218352972083,"rgba(239, 83, 80, 0.75)"
2023-05-16 00:00:00+00:00,1.38,1.48,1.35,1.48,707207,0.0,0.0,0.0,0.0,0.0,0.0,0.0,0.0,,,,,,,2.7922474753463438,2.953047666222205,3.066707800849367,4.213801852907065,4.410228180581768,5.452720975577567,5.805978149835336,,,,,,,,,,,,6.184187828572623,"rgba(239, 83, 80, 1.0)"
2023-05-17 00:00:00+00:00,1.48,1.49,1.33,1.4,672373,0.0,0.0,0.0,0.0,0.0,0.0,0.0,0.0,,,,,,,2.778595331748364,2.9389125734849046,3.052251515239311,4.202051501532252,4.398680599434723,5.441576123922769,5.794711019069361,,,,,,,,,,,,6.172877172230063,"rgba(239, 83, 80, 1.0)"
2023-05-18 00:00:00+00:00,1.44,1.53,1.43,1.46,854834,0.0,0.0,0.0,0.0,0.0,0.0,0.0,0.0,,,,,,,2.7620498805004523,2.921706447766407,3.034608515367112,4.187433241706064,4.384291668690243,5.427612926730939,5.7805787484599085,,,,,,,,,,,,6.158675273882575,"rgba(239, 83, 80, 0.5)"
2023-05-19 00:00:00+00:00,1.46,1.505,1.42,1.47,1464281,0.0,0.0,0.0,0.0,0.0,0.0,0.0,0.0,,,,,,,2.734551932019727,2.8930513598852987,3.0051888014378396,4.162707403902555,4.359928000553959,5.403891453648692,5.756556430920476,,,,,,,,,,,,6.134520670932583,"rgba(239, 83, 80, 0.5)"
2023-05-22 00:00:00+00:00,1.6,1.65,1.48,1.5,864938,0.0,0.0,0.0,0.0,0.0,0.0,0.0,0.0,,,,,,,2.7202674682814574,2.8779653428334204,2.98957885188908,4.148924604952829,4.346289995743676,5.3904171090079025,5.742868387174526,,,,,,,,,,,,6.120717391868365,"rgba(239, 83, 80, 0.5)"
2023-05-23 00:00:00+00:00,1.51,1.66,1.51,1.57,906349,0.0,0.0,0.0,0.0,0.0,0.0,0.0,0.0,,,,,,,2.7054597302862464,2.8623258767471143,2.973394754517313,4.134546117029068,4.332056570520748,5.376337811917901,5.728563860318558,,,,,,,,,,,,6.106289945433424,"rgba(239, 83, 80, 0.5)"
2023-05-24 00:00:00+00:00,1.47,1.5,1.435,1.47,417087,0.0,0.0,0.0,0.0,0.0,0.0,0.0,0.0,,,,,,,2.6982364791918503,2.854755029698559,2.9655944937697902,4.1277492110079095,4.325340339787598,5.369738674491292,5.7218699380338345,,,,,,,,,,,,6.099548043691724,"rgba(239, 83, 80, 0.5)"
2023-05-25 00:00:00+00:00,1.46,1.54,1.41,1.52,452009,0.0,0.0,0.0,0.0,0.0,0.0,0.0,0.0,,,,,,,2.6905135567308345,2.846652348903153,2.9572412195446294,4.12042682355279,4.3181014752211295,5.36261516481525,5.71464208904074,,,,,,,,,,,,6.092266371313508,"rgba(239, 83, 80, 0.5)"
2023-05-26 00:00:00+00:00,1.49,1.53,1.45,1.46,504126,0.0,0.0,0.0,0.0,0.0,0.0,0.0,0.0,,,,,,,2.682153219942241,2.8378562245214054,2.948158006877243,4.112368874757911,4.31012752844392,5.354741607556454,5.706647642090715,,,,,,,,,,,,6.084207112113348,"rgba(239, 83, 80, 0.5)"
2023-05-30 00:00:00+00:00,1.55,1.58,1.51,1.57,775912,0.0,0.0,0.0,0.0,0.0,0.0,0.0,0.0,,,,,,,2.67011168365813,2.8250984849083745,2.934930338617372,4.100328637090035,4.298186975488896,5.342862368732964,5.694566717915669,,,,,,,,,,,,6.0720102447161155,"rgba(239, 83, 80, 0.5)"
2023-05-31 00:00:00+00:00,1.51,1.54,1.48,1.5,801860,0.0,0.0,0.0,0.0,0.0,0.0,0.0,0.0,,,,,,,2.657535407112363,2.8118056999646965,2.92116594622998,4.087826949196574,4.285792044057685,5.330545661942569,5.682045575963328,,,,,,,,,,,,6.059372622054755,"rgba(239, 83, 80, 0.5)"
2023-06-01 00:00:00+00:00,1.69,1.7,1.5,1.53,1036175,0.0,0.0,0.0,0.0,0.0,0.0,0.0,0.0,,,,,,,2.643340187862032,2.7965685921372545,2.9052477976616875,4.07259345488436,4.270622826928244,5.315242821605981,5.666438328224823,,,,,,,,,,,,6.043573460236736,#000000
2023-06-02 00:00:00+00:00,1.89,1.89,1.65,1.71,863316,0.0,0.0,0.0,0.0,0.0,0.0,0.0,0.0,,,,,,,2.63385744315568,2.786083312230527,2.89411200022697,4.0609694838150965,4.258968452338302,5.3032072336657246,5.654102065983565,,,,,,,,,,,,6.031029147822785,"rgba(38, 166, 154, 1.0)"
2023-06-05 00:00:00+00:00,1.9,2.04,1.89,1.95,623147,0.0,0.0,0.0,0.0,0.0,0.0,0.0,0.0,,,,,,,2.628231973901887,2.7796674757210034,2.887185186873846,4.053145777095219,4.251078896256789,5.294900737315434,5.645553757357688,,,,,,,,,,,,6.0223052374691175,"rgba(38, 166, 154, 1.0)"
2023-06-06 00:00:00+00:00,2.11,2.145,1.84,1.9,864824,0.0,0.0,0.0,0.0,0.0,0.0,0.0,0.0,,,,,,,2.621562486566739,2.7718470689121317,2.878621680507497,4.042833689725703,4.240633884438309,5.283742571808467,5.63403669150868,,,,,,,,,,,,6.010520285673212,"rgba(38, 166, 154, 1.0)"
2023-06-07 00:00:00+00:00,2.12,2.225,2.03,2.16,850406,0.0,0.0,0.0,0.0,0.0,0.0,0.0,0.0,,,,,,,2.616162923519506,2.765264652002958,2.8712761971099865,4.033261445198913,4.230888367316091,5.273157359167014,5.62307456234624,,,,,,,,,,,,5.999269733170937,"rgba(38, 166, 154, 1.0)"
2023-06-08 00:00:00+00:00,1.91,2.08,1.89,2.06,994949,0.0,0.0,0.0,0.0,0.0,0.0,0.0,0.0,,,,,,,2.6079200125721966,2.755790140456724,2.8610015470721324,4.021224875910705,4.218715290272413,5.260218305142501,5.609734961412135,,,,,,,,,,,,5.985632279881481,"rgba(38, 166, 154, 1.0)"
2023-06-09 00:00:00+00:00,1.99,2.0,1.87,1.94,943219,0.0,0.0,0.0,0.0,0.0,0.0,0.0,0.0,,,,,,,2.6002161897968463,2.7469382856121367,2.851402272621257,4.0099059707111895,4.207261312383543,5.248020369137389,5.597155386687872,,,,,,,,,,,,5.972767361174917,"rgba(38, 166, 154, 0.75)"
2023-06-12 00:00:00+00:00,2.11,2.11,1.86,1.99,945068,0.0,0.0,0.0,0.0,0.0,0.0,0.0,0.0,,,,,,,2.593531684151707,2.7390644616225357,2.8427546095369514,3.999088468874743,4.196270095453868,5.236158474795285,5.584889590710368,,,,,,,,,,,,5.9601929719167615,"rgba(38, 166, 154, 0.75)"
2023-06-13 00:00:00+00:00,2.09,2.17,2.0615,2.12,998526,0.0,0.0,0.0,0.0,0.0,0.0,0.0,0.0,,,,,,,2.587615497977916,2.731849314980804,2.8346947018192767,3.9882478093137896,4.185203338681358,5.224032127156372,5.572312335108515,,,,,,,,,,,,5.947264198877079,"rgba(38, 166, 154, 0.75)"
2023-06-14 00:00:00+00:00,2.02,2.12,1.98,2.09,641266,0.0,0.0,0.0,0.0,0.0,0.0,0.0,0.0,,,,,,,2.583370723962576,2.7268129679752593,2.829141681194097,3.9811048142937384,4.177930017854608,5.21612711939149,5.56412728520965,,,,,,,,,,,,5.938862403838803,"rgba(38, 166, 154, 0.75)"
2023-06-15 00:00:00+00:00,1.97,2.025,1.93,1.98,828534,0.0,0.0,0.0,0.0,0.0,0.0,0.0,0.0,,,,,,,2.577338305682347,2.7198077694220824,2.821499317492376,3.971646592956253,4.168321889981876,5.2057637213746855,5.553413944129555,,,,,,,,,,,,5.927880311523104,"rgba(38, 166, 154, 0.75)"
2023-06-16 00:00:00+00:00,1.9,2.01,1.89,1.97,1655182,0.0,0.0,0.0,0.0,0.0,0.0,0.0,0.0,,,,,,,2.5648291206054354,2.7054356469187226,2.8059026030720866,3.9526274539151136,4.149016386634772,5.184993235847359,5.531955032788642,,,,,,,,,,,,5.905892987990614,"rgba(38, 166, 154, 0.75)"
2023-06-20 00:00:00+00:00,2.02,2.02,1.86,1.92,942575,0.0,0.0,0.0,0.0,0.0,0.0,0.0,0.0,,,,,,,2.5582849956995446,2.697826797948368,2.7975931631163338,3.9421305990959765,4.138333975682055,5.1734025380232636,5.519960296522307,,,,,,,,,,,,5.89358387549167,"rgba(38, 166, 154, 0.75)"
2023-06-21 00:00:00+00:00,2.13,2.135,1.94,1.99,1026957,0.0,0.0,0.0,0.0,0.0,0.0,0.0,0.0,,,,,,,2.552513665567701,2.6908413922700882,2.7898101740676045,3.9314017369583856,4.127352978827003,5.161266237705702,5.507354588485086,,,,,,,,,,,,5.8806050319958425,"rgba(38, 166, 154, 0.75)"
2023-06-22 00:00:00+00:00,1.96,2.11,1.91,2.1,1009087,0.0,0.0,0.0,0.0,0.0,0.0,0.0,0.0,,,,,,,2.546115535197164,2.683317957294992,2.7815444098475415,3.9205589735722746,4.116287042596557,5.149146237420459,5.494789416811896,,,,,,,,,,,,5.867688323082916,"rgba(38, 166, 154, 0.75)"
2023-06-23 00:00:00+00:00,1.99,2.06,1.8,2.0,15923767,0.0,0.0,0.0,0.0,0.0,0.0,0.0,0.0,,,,,,,2.4549435823397747,2.576655202823284,2.664528105059732,3.7607008239873596,3.952430284559766,4.967000409780675,5.30545372147821,,,,,,,,,,,,5.67249784228601,"rgba(38, 166, 154, 0.75)"
2023-06-26 00:00:00+00:00,2.21,2.21,1.91,1.95,2588790,0.0,0.0,0.0,0.0,0.0,0.0,0.0,0.0,,,,,,,2.4465747783939076,2.565875234551999,2.652125531813836,3.7392138896381546,3.9300491305614083,4.940797773519409,5.277944981573161,,,,,,,,,,,,5.643873811044206,"rgba(38, 166, 154, 0.75)"
2023-06-27 00:00:00+00:00,2.41,2.4491,2.11,2.17,3049687,0.0,0.0,0.0,0.0,0.0,0.0,0.0,0.0,,,,,,,2.443141981952779,2.5594418006416335,2.6436772254226475,3.717825696566905,3.9073766440318014,4.912817197409895,5.248278984240041,,,,,,,,,,,,5.612735772618188,"rgba(38, 166, 154, 1.0)"
2023-06-28 00:00:00+00:00,2.52,2.59,2.37,2.37,2239525,0.0,0.0,0.0,0.0,0.0,0.0,0.0,0.0,,,,,,,2.4441456551886227,2.558180237154102,2.640895415260655,3.7043942709540794,3.8928767103349555,4.893974030333544,5.228116778504255,,,,,,,,,,,,5.591403597219295,"rgba(38, 166, 154, 1.0)"
2023-06-29 00:00:00+00:00,2.41,2.6,2.33,2.51,3388392,0.0,0.0,0.0,0.0,0.0,0.0,0.0,0.0,,,,,,,2.444219689179461,2.555050875425331,2.6356060693342354,3.6838617651699495,3.8707821058192216,4.865472387804632,5.197655261402625,,,,,,,,,,,,5.559199185606022,"rgba(38, 166, 154, 1.0)"
2023-06-30 00:00:00+00:00,2.44,2.51,2.39,2.44,1194764,0.0,0.0,0.0,0.0,0.0,0.0,0.0,0.0,,,,,,,2.4442447676387173,2.553988919950287,2.6338090649760932,3.676780852010362,3.86315156555496,4.8555802292412835,5.187072873488235,,,,,,,,,,,,5.5480004744835965,"rgba(38, 166, 154, 1.0)"
2023-07-03 00:00:00+00:00,2.45,2.64,2.45,2.48,622626,0.0,0.0,0.0,0.0,0.0,0.0,0.0,0.0,,,,,,,2.444611803770146,2.553782384900427,2.6332148767498365,3.673321063143181,3.859393022442878,4.85059892266681,5.181723666908008,,,,,,,,,,,,5.542321148531806,"rgba(38, 166, 154, 1.0)"
2023-07-05 00:00:00+00:00,2.46,2.51,2.38,2.45,835795,0.0,0.0,0.0,0.0,0.0,0.0,0.0,0.0,,,,,,,2.44464995709789,2.5530794451214316,2.6320098632579643,3.668457152616561,3.854144602253005,4.843765085226915,5.174406974942422,,,,,,,,,,,,5.5345720146724195,"rgba(38, 166, 154, 1.0)"
2023-07-06 00:00:00+00:00,2.47,2.48,2.23,2.41,920120,0.0,0.0,0.0,0.0,0.0,0.0,0.0,0.0,,,,,,,2.4442530220369,2.5518971030638204,2.630294119769694,3.6629000890130934,3.848180315711758,4.836109587557498,5.1662306809172245,,,,,,,,,,,,5.525929945297634,"rgba(38, 166, 154, 1.0)"
2023-07-07 00:00:00+00:00,2.86,2.87,2.46,2.46,1655618,0.0,0.0,0.0,0.0,0.0,0.0,0.0,0.0,,,,,,,2.44817545802264,2.5542378468277067,2.6315673226455,3.6556415118039003,3.840025521194011,4.824336430619206,5.153410719888318,,,,,,,,,,,,5.5121574010317955,"rgba(38, 166, 154, 1.0)"
2023-07-10 00:00:00+00:00,2.65,2.92,2.64,2.88,1300365,0.0,0.0,0.0,0.0,0.0,0.0,0.0,0.0,,,,,,,2.451252650398516,2.556101741708329,2.632610955857797,3.650059648855658,3.833741429168038,4.815210518300407,5.143463245844784,,,,,,,,,,,,5.501460554025694,"rgba(38, 166, 154, 1.0)"
2023-07-11 00:00:00+00:00,2.75,2.8,2.62,2.7,643252,0.0,0.0,0.0,0.0,0.0,0.0,0.0,0.0,,,,,,,2.4526807225782465,2.5569426966441373,2.63305441143753,3.6472835177308958,3.830621804087645,4.810696862321358,5.138545644224927,,,,,,,,,,,,5.496174192981654,"rgba(38, 166, 154, 1.0)"
2023-07-12 00:00:00+00:00,2.76,2.84,2.73,2.81,615830,0.0,0.0,0.0,0.0,0.0,0.0,0.0,0.0,,,,,,,2.454300597454996,2.557995447790218,2.6337233392980925,3.6447937920297155,3.8277946136501204,4.806503782233999,5.133959919582454,,,,,,,,,,,,5.4912289890660935,"rgba(38, 166, 154, 0.75)"
2023-07-13 00:00:00+00:00,2.76,2.845,2.73,2.81,970564,0.0,0.0,0.0,0.0,0.0,0.0,0.0,0.0,,,,,,,2.456833968236137,2.559646777170356,2.6347771750948716,3.6409061743331343,3.823376564615425,4.799935756466011,5.126773820046526,,,,,,,,,,,,5.483476386642401,"rgba(38, 166, 154, 0.75)"
2023-07-14 00:00:00+00:00,2.6,2.73,2.58,2.71,851392,0.0,0.0,0.0,0.0,0.0,0.0,0.0,0.0,,,,,,,2.4580589103639494,2.560149822322241,2.6347891772029564,3.636969118967631,3.819010268317146,4.7938078186739,5.120127984846946,,,,,,,,,,,,5.476357846774864,"rgba(38, 166, 154, 0.75)"
2023-07-17 00:00:00+00:00,2.73,2.75,2.54,2.6,917681,0.0,0.0,0.0,0.0,0.0,0.0,0.0,0.0,,,,,,,2.459627916404479,2.5609410523068132,2.6350512789916447,3.6329142391026275,3.81448469020813,4.787353134031079,5.113109494769282,,,,,,,,,,,,5.468823378532495,"rgba(38, 166, 154, 0.75)"
2023-07-18 00:00:00+00:00,2.89,2.98,2.73,2.73,768052,0.0,0.0,0.0,0.0,0.0,0.0,0.0,0.0,,,,,,,2.4620958056527207,2.56271940010519,2.636362008417937,3.6302251433952457,3.8113614721514453,4.782472319417336,5.107729287040277,,,,,,,,,,,,5.462982447097369,"rgba(38, 166, 154, 0.75)"
2023-07-19 00:00:00+00:00,2.89,2.965,2.77,2.9,882058,0.0,0.0,0.0,0.0,0.0,0.0,0.0,0.0,,,,,,,2.464950977217763,2.5647916630417997,2.637902922275145,3.627193533873727,3.8078313721670747,4.77692178235297,5.101605030445788,,,,,,,,,,,,5.456328207927473,"rgba(38, 166, 154, 0.75)"
2023-07-20 00:00:00+00:00,3.08,3.11,2.83,2.88,686769,0.0,0.0,0.0,0.0,0.0,0.0,0.0,0.0,,,,,,,2.4678518985119564,2.5670629642717855,2.6397476088420495,3.625260160602522,3.8054865717174113,4.7729200934744656,5.097140502089182,,,,,,,,,,,,5.451433935466117,"rgba(38, 166, 154, 1.0)"
2023-07-21 00:00:00+00:00,2.99,3.15,2.895,3.12,642392,0.0,0.0,0.0,0.0,0.0,0.0,0.0,0.0,,,,,,,2.470562308594527,2.569190391588043,2.6414797563279198,3.623477119096081,3.8033193257903943,4.769203873353811,5.092991595449339,,,,,,,,,,,,5.446882912454432,"rgba(38, 166, 154, 1.0)"
2023-07-24 00:00:00+00:00,3.04,3.125,2.96,3.01,800732,0.0,0.0,0.0,0.0,0.0,0.0,0.0,0.0,,,,,,,2.4740884262968184,2.5719917333754045,2.64378954614284,3.6213773137136163,3.800736145009674,4.764672255009076,5.087917311022848,,,,,,,,,,,,5.4413034391978,"rgba(38, 166, 154, 1.0)"
2023-07-25 00:00:00+00:00,2.88,3.15,2.855,3.04,522409,0.0,0.0,0.0,0.0,0.0,0.0,0.0,0.0,,,,,,,2.4760445811256777,2.5734932679252767,2.644982050610988,3.619827594250916,3.7988836402680213,4.761591878220474,5.084491385238865,,,,,,,,,,,,5.437556351757162,"rgba(38, 166, 154, 0.75)"
2023-07-26 00:00:00+00:00,2.81,2.9,2.7,2.88,629697,0.0,0.0,0.0,0.0,0.0,0.0,0.0,0.0,,,,,,,2.4776197089723144,2.574555861268022,2.64569487720091,3.61752219723829,3.7962412840373383,4.757567448627102,5.080069604610294,,,,,,,,,,,,5.432766865510604,"rgba(38, 166, 154, 0.75)"
2023-07-27 00:00:00+00:00,2.81,2.9715,2.77,2.88,527568,0.0,0.0,0.0,0.0,0.0,0.0,0.0,0.0,,,,,,,2.4791171625923414,2.5756205690251943,2.646464388675603,3.6157120196079147,3.794142911184564,4.754289515755654,5.07645463254475,,,,,,,,,,,,5.428839301428934,"rgba(38, 166, 154, 0.75)"
2023-07-28 00:00:00+00:00,3.05,3.05,2.82,2.87,577922,0.0,0.0,0.0,0.0,0.0,0.0,0.0,0.0,,,,,,,2.481281800810595,2.5772945009720045,2.6478042346709163,3.614055586694554,3.792152745545585,4.750942474549736,5.072725839025201,,,,,,,,,,,,5.424754876319394,"rgba(38, 166, 154, 0.75)"
2023-07-31 00:00:00+00:00,3.14,3.21,3.05,3.08,561959,0.0,0.0,0.0,0.0,0.0,0.0,0.0,0.0,,,,,,,2.4840470863220374,2.5795608928781113,2.6497317787297177,3.612853253643456,3.7906031231540473,4.747991782423353,5.069388064101594,,,,,,,,,,,,5.421054648484837,"rgba(38, 166, 154, 1.0)"
2023-08-01 00:00:00+00:00,3.13,3.185,3.01,3.06,603379,0.0,0.0,0.0,0.0,0.0,0.0,0.0,0.0,,,,,,,2.4868768770702125,2.5818649209534077,2.651678316538396,3.6115020222494842,3.788884400603243,4.744786697815074,5.065770928255147,,,,,,,,,,,,5.41705170008572,"rgba(38, 166, 154, 1.0)"
2023-08-02 00:00:00+00:00,2.91,3.05,2.88,3.05,709401,0.0,0.0,0.0,0.0,0.0,0.0,0.0,0.0,,,,,,,2.4893142564481137,2.583724258660523,2.6531430948808135,3.6094151217744734,3.786397312089276,4.740663734774527,5.061185411865716,,,,,,,,,,,,5.412034746734906,"rgba(38, 166, 154, 0.5)"
2023-08-03 00:00:00+00:00,2.9,3.0,2.87,2.94,500611,0.0,0.0,0.0,0.0,0.0,0.0,0.0,0.0,,,,,,,2.4909318135216045,2.584941369140736,2.654086560640602,3.6078987308864745,3.7846025191128647,4.737727903504317,5.057925847966665,,,,,,,,,,,,5.408473231151127,"rgba(38, 166, 154, 0.5)"
2023-08-04 00:00:00+00:00,2.8,2.93,2.745,2.91,424520,0.0,0.0,0.0,0.0,0.0,0.0,0.0,0.0,,,,,,,2.4919842921373787,2.585668726662536,2.654591159631005,3.6064341093829433,3.7829132636799607,4.735111205399728,5.055042528529882,,,,,,,,,,,,5.405341841826262,"rgba(38, 166, 154, 0.5)"
2023-08-07 00:00:00+00:00,2.55,2.79,2.51,2.79,828584,0.0,0.0,0.0,0.0,0.0,0.0,0.0,0.0,,,,,,,2.4927462996261527,2.585850965547714,2.654373873048825,3.602833230797452,3.7789198612234034,4.729469663503515,5.048912474402382,,,,,,,,,,,,5.398760064372764,#000000
2023-08-08 00:00:00+00:00,2.64,2.67,2.5,2.51,468056,0.0,0.0,0.0,0.0,0.0,0.0,0.0,0.0,,,,,,,2.493126771801394,2.5859088323972768,2.6542092137213773,3.6007833541319467,3.7766503656481167,4.726276065323739,5.045444384542197,,,,,,,,,,,,5.395038067361432,"rgba(239, 83, 80, 1.0)"
2023-08-09 00:00:00+00:00,2.62,2.91,2.55,2.64,808670,0.0,0.0,0.0,0.0,0.0,0.0,0.0,0.0,,,,,,,2.4943098041783927,2.58651967580031,2.6544260716276877,3.5975792615623434,3.7730490790083278,4.721013927442763,5.039695584561655,,,,,,,,,,,,5.388837357566654,"rgba(239, 83, 80, 1.0)"
2023-08-10 00:00:00+00:00,2.46,2.65,2.35,2.65,660047,0.0,0.0,0.0,0.0,0.0,0.0,0.0,0.0,,,,,,,2.4942731178763773,2.5860583792080396,2.653670525960488,3.5943868715257192,3.7695681197116984,4.716303343925557,5.034612666311007,,,,,,,,,,,,5.383410890128845,"rgba(239, 83, 80, 1.0)"
2023-08-11 00:00:00+00:00,2.44,2.5,2.34,2.44,757441,0.0,0.0,0.0,0.0,0.0,0.0,0.0,0.0,,,,,,,2.4939027709420816,2.5852178312957195,2.652503334108804,3.5905487476618414,3.765410924479268,4.7107772900058835,5.028667844688885,,,,,,,,,,,,5.377080199525173,"rgba(239, 83, 80, 1.0)"
2023-08-14 00:00:00+00:00,2.23,2.41,2.23,2.4,645989,0.0,0.0,0.0,0.0,0.0,0.0,0.0,0.0,,,,,,,2.492954580039939,2.583896028192509,2.6509206398093803,3.586913220263988,3.7615258398574887,4.7058046539848855,5.023353956391811,,,,,,,,,,,,5.371453299028579,"rgba(239, 83, 80, 1.0)"
2023-08-15 00:00:00+00:00,2.1,2.235,2.09,2.2,849873,0.0,0.0,0.0,0.0,0.0,0.0,0.0,0.0,,,,,,,2.4908185079658227,2.5813063252344857,2.6480121943738073,3.5816175932656353,3.7559335235523768,4.698893826483673,5.01601656641681,,,,,,,,,,,,5.363726780129504,"rgba(239, 83, 80, 1.0)"
2023-08-16 00:00:00+00:00,2.11,2.225,2.05,2.1,716891,0.0,0.0,0.0,0.0,0.0,0.0,0.0,0.0,,,,,,,2.488968727712415,2.579079768449534,2.6455206224220666,3.5771395853937396,3.7512074725559224,4.693063010263187,5.00982769270304,,,,,,,,,,,,5.3572110852744,"rgba(239, 83, 80, 1.0)"
2023-08-17 00:00:00+00:00,2.14,2.195,2.085,2.12,516494,0.0,0.0,0.0,0.0,0.0,0.0,0.0,0.0,,,,,,,2.487690421882481,2.5775303034960233,2.6437804517461982,3.5739562504486617,3.747843854352126,4.688897520686246,5.005403235799444,,,,,,,,,,,,5.352549907452347,"rgba(239, 83, 80, 1.0)"
2023-08-18 00:00:00+00:00,2.09,2.26,2.07,2.1,593130,0.0,0.0,0.0,0.0,0.0,0.0,0.0,0.0,,,,,,,2.486233948613781,2.5757643687266545,2.641796799829569,3.5703179330892008,3.7439984343862234,4.684130702936334,5.0003390890948145,,,,,,,,,,,,5.347213750067738,"rgba(239, 83, 80, 1.0)"
2023-08-21 00:00:00+00:00,2.08,2.12,2.03,2.09,613050,0.0,0.0,0.0,0.0,0.0,0.0,0.0,0.0,,,,,,,2.4844682980557367,2.5736909351819612,2.6395061709465555,3.566411121559336,3.7398869779514072,4.679100310769475,4.995008163170465,,,,,,,,,,,,5.341608432887214,"rgba(239, 83, 80, 1.0)"
2023-08-22 00:00:00+00:00,2.13,2.265,2.1,2.12,414471,0.0,0.0,0.0,0.0,0.0,0.0,0.0,0.0,,,,,,,2.4835398842921754,2.572546266708925,2.6382094160468847,3.563937292145402,3.737265791674699,4.675825408955464,4.991523788615012,,,,,,,,,,,,5.337931897169136,"rgba(239, 83, 80, 1.0)"
2023-08-23 00:00:00+00:00,2.05,2.19,2.04,2.13,626869,0.0,0.0,0.0,0.0,0.0,0.0,0.0,0.0,,,,,,,2.4818322837008786,2.5705248304217814,2.635966541174185,3.560021455117505,3.7331379479940465,4.670747527678604,4.986136890855403,,,,,,,,,,,,5.332262209161738,"rgba(239, 83, 80, 1.0)"
2023-08-24 00:00:00+00:00,1.95,2.08,1.92,2.05,535575,0.0,0.0,0.0,0.0,0.0,0.0,0.0,0.0,,,,,,,2.4799754253814084,2.5684162389809075,2.6336793876728204,3.5564427056255474,3.729392173313785,4.6662404744265364,4.981375946391959,,,,,,,,,,,,5.32726992008105,"rgba(239, 83, 80, 1.0)"
2023-08-25 00:00:00+00:00,2.11,2.12,1.95,1.97,355387,0.0,0.0,0.0,0.0,0.0,0.0,0.0,0.0,,,,,,,2.4789399315456935,2.5672076469822867,2.6323484188784727,3.5541922356678213,3.7270242085276917,4.663343325838558,4.978305664771858,,,,,,,,,,,,5.324041197925721,"rgba(239, 83, 80, 0.75)"
2023-08-28 00:00:00+00:00,2.16,2.22,2.06,2.08,423248,0.0,0.0,0.0,0.0,0.0,0.0,0.0,0.0,,,,,,,2.4779670969277885,2.5660204187611626,2.631010143587223,3.551675801049427,3.724358991638118,4.660015945022698,4.974765864327125,,,,,,,,,,,,5.320306146148261,"rgba(239, 83, 80, 0.75)"
2023-08-29 00:00:00+00:00,2.25,2.305,2.09,2.17,465206,0.0,0.0,0.0,0.0,0.0,0.0,0.0,0.0,,,,,,,2.4771235678053802,2.564934585478757,2.629754013370386,3.549054280588751,3.721566345826847,4.656468002979895,4.970979109317525,,,,,,,,,,,,5.316299119181401,"rgba(239, 83, 80, 0.75)"
2023-08-30 00:00:00+00:00,2.23,2.3,2.205,2.29,380103,0.0,0.0,0.0,0.0,0.0,0.0,0.0,0.0,,,,,,,2.476516779598224,2.5641279976459543,2.6288071228625594,3.5469679484466203,3.719337519549103,4.653612269288218,4.967926390097275,,,,,,,,,,,,5.313064387204055,"rgba(239, 83, 80, 0.75)"
2023-08-31 00:00:00+00:00,2.11,2.335,2.05,2.26,650788,0.0,0.0,0.0,0.0,0.0,0.0,0.0,0.0,,,,,,,2.4751287517972074,2.562412578221833,2.626861018383947,3.543192782992862,3.715330828315928,4.6485766601804315,4.962562469135862,,,,,,,,,,,,5.3073978780011455,"rgba(239, 83, 80, 0.75)"
2023-09-01 00:00:00+00:00,2.18,2.26,2.11,2.11,467471,0.0,0.0,0.0,0.0,0.0,0.0,0.0,0.0,,,,,,,2.4741978099732624,2.561245863816637,2.625528241004929,3.5405296317946884,3.712499368994941,4.64499867184067,4.958747301855321,,,,,,,,,,,,5.303363784475089,"rgba(239, 83, 80, 0.75)"
2023-09-05 00:00:00+00:00,2.15,2.27,2.12,2.2,442878,0.0,0.0,0.0,0.0,0.0,0.0,0.0,0.0,,,,,,,2.4733112619926207,2.560137443096977,2.624263484473695,3.5380100166700172,3.709820680379366,4.641613907017341,4.955138165634674,,,,,,,,,,,,5.29954744505939,"rgba(239, 83, 80, 0.75)"
2023-09-06 00:00:00+00:00,2.11,2.175,2.06,2.15,327828,0.0,0.0,0.0,0.0,0.0,0.0,0.0,0.0,,,,,,,2.47251378614336,2.559181522278632,2.6231955993670204,3.53606196194331,3.70775988830921,4.639048410517112,4.952410203842853,,,,,,,,,,,,5.296669771931284,"rgba(239, 83, 80, 0.75)"
2023-09-07 00:00:00+00:00,1.98,2.07,1.97,2.07,469335,0.0,0.0,0.0,0.0,0.0,0.0,0.0,0.0,,,,,,,2.471034147115871,2.557488060142485,2.621350284294319,3.533070389590384,3.7046187674366062,4.635227318951163,4.948365061048277,,,,,,,,,,,,5.292419022906384,"rgba(239, 83, 80, 0.75)"
2023-09-08 00:00:00+00:00,2.11,2.14,1.9402,2.0,589068,0.0,0.0,0.0,0.0,0.0,0.0,0.0,0.0,,,,,,,2.4694155546139474,2.55559462303107,2.6192621105643257,3.5294710959297078,3.7008238691477553,4.6305502652770825,4.9434012631541515,,,,,,,,,,,,5.287191227846177,"rgba(239, 83, 80, 0.75)"
2023-09-11 00:00:00+00:00,2.18,2.26,2.08,2.12,535501,0.0,0.0,0.0,0.0,0.0,0.0,0.0,0.0,,,,,,,2.4683506533672763,2.5542675605312493,2.617750094484922,3.526458574204193,3.697619849807903,4.626494698841532,4.939075327537365,,,,,,,,,,,,5.28261505016505,"rgba(239, 83, 80, 0.75)"
2023-09-12 00:00:00+00:00,2.23,2.285,2.1638,2.18,326909,0.0,0.0,0.0,0.0,0.0,0.0,0.0,0.0,,,,,,,2.46782028557282,2.5535738900126264,2.6169414216594427,3.5246977667083037,3.695738175903835,4.6240787387602325,4.936491511762567,,,,,,,,,,,,5.279875469581707,#000000
2023-09-13 00:00:00+00:00,2.11,2.225,2.11,2.22,436077,0.0,0.0,0.0,0.0,0.0,0.0,0.0,0.0,,,,,,,2.4668893209915628,2.5524338923385064,2.6156537340652375,3.5222158322125843,3.693102891841307,4.620759054282504,4.932953618967307,,,,,,,,,,,,5.2761355969074275,"rgba(239, 83, 80, 0.75)"
2023-09-14 00:00:00+00:00,2.18,2.195,2.095,2.13,458461,0.0,0.0,0.0,0.0,0.0,0.0,0.0,0.0,,,,,,,2.4659418534821604,2.5512668474576734,2.6143315632999022,3.5196319014748667,3.6903568929981345,4.617290286469988,4.929254895597029,,,,,,,,,,,,5.2722238252440015,#000000
2023-09-15 00:00:00+00:00,2.19,2.21,2.13,2.17,801041,0.0,0.0,0.0,0.0,0.0,0.0,0.0,0.0,,,,,,,2.4644063777117675,2.549346692859007,2.6121397640213435,3.515206454311504,3.6856447215485044,4.611301973261174,4.922862386815654,,,,,,,,,,,,5.265456243612426,#000000
2023-09-18 00:00:00+00:00,2.1,2.17,2.1,2.17,347978,0.0,0.0,0.0,0.0,0.0,0.0,0.0,0.0,,,,,,,2.4636217277371877,2.54840018876095,2.6110786812991553,3.5132168448622503,3.683534821864317,4.608652966965724,4.920040924925325,,,,,,,,,,,,5.262474964561436,#000000
2023-09-19 00:00:00+00:00,2.11,2.15,2.0325,2.11,606047,0.0,0.0,0.0,0.0,0.0,0.0,0.0,0.0,,,,,,,2.462160654477295,2.5466621599960524,2.609144331480474,3.509701084660892,3.679813123626414,4.604005019771992,4.915095286752023,,,,,,,,,,,,5.257253561863594,"rgba(239, 83, 80, 0.5)"
2023-09-20 00:00:00+00:00,2.16,2.26,2.095,2.12,395068,0.0,0.0,0.0,0.0,0.0,0.0,0.0,0.0,,,,,,,2.461406915686753,2.5457222673478914,2.6080728504833384,3.5075384996580765,3.6775097006690087,4.601073763019521,4.911965278151062,,,,,,,,,,,,5.253938791579092,#000000
2023-09-21 00:00:00+00:00,2.15,2.26,2.06,2.09,466561,0.0,0.0,0.0,0.0,0.0,0.0,0.0,0.0,,,,,,,2.46047597636401,2.5445740691765457,2.6067709484311496,3.5049649741882973,3.674771479590493,4.597599822816607,4.908257853314321,,,,,,,,,,,,5.2500143219982665,#000000
2023-09-22 00:00:00+00:00,1.95,2.19,1.88,2.15,669061,0.0,0.0,0.0,0.0,0.0,0.0,0.0,0.0,,,,,,,2.45849662060849,2.5423071509441715,2.604299211032505,3.5008828609719878,3.670475671525575,4.592330217382038,4.902669807059455,,,,,,,,,,,,5.244131794249716,"rgba(239, 83, 80, 1.0)"
2023-09-25 00:00:00+00:00,1.98,2.0,1.8901,1.94,398175,0.0,0.0,0.0,0.0,0.0,0.0,0.0,0.0,,,,,,,2.4571974666699465,2.5408420919615136,2.6027156787005867,3.4983831479348866,3.6678531522516344,4.589143898131274,4.899297222378723,,,,,,,,,,,,5.240587196275214,"rgba(239, 83, 80, 1.0)"
2023-09-26 00:00:00+00:00,2.06,2.105,1.93,1.96,443086,0.0,0.0,0.0,0.0,0.0,0.0,0.0,0.0,,,,,,,2.4559750239817624,2.539428504011745,2.6011660490385604,3.4957457843042605,3.6650716933812455,4.585707948716791,4.895648684179382,,,,,,,,,,,,5.236741610857968,"rgba(239, 83, 80, 1.0)"
2023-09-27 00:00:00+00:00,2.2,2.24,2.08,2.09,686264,0.0,0.0,0.0,0.0,0.0,0.0,0.0,0.0,,,,,,,2.4547230109235683,2.5378610703536952,2.599375401090584,3.49207307863284,3.6611543313091657,4.5806986126673594,4.89029463519489,,,,,,,,,,,,5.231066083589367,#000000
2023-09-28 00:00:00+00:00,2.25,2.25,2.13,2.19,2034372,0.0,0.0,0.0,0.0,0.0,0.0,0.0,0.0,,,,,,,2.4515511012558844,2.533751970067875,2.594603530720426,3.4816039576301296,3.6499448358964943,4.566194681131183,4.874758573796992,,,,,,,,,,,,5.214564636282655,#000000
2023-09-29 00:00:00+00:00,2.27,2.425,2.22,2.28,591448,0.0,0.0,0.0,0.0,0.0,0.0,0.0,0.0,,,,,,,2.4510009427130663,2.5329214916235125,2.593575359203337,3.4788172966207203,3.646931212953891,4.562179900986116,4.8704353704087096,,,,,,,,,,,,5.209951599577091,"rgba(38, 166, 154, 1.0)"
2023-10-02 00:00:00+00:00,2.33,2.34,2.22,2.25,378255,0.0,0.0,0.0,0.0,0.0,0.0,0.0,0.0,,,,,,,2.45063129515369,2.5323742172326797,2.592902742307928,3.4770294204210295,3.644999024383913,4.55961030018562,4.867669168013018,,,,,,,,,,,,5.207000595340315,"rgba(38, 166, 154, 1.0)"
2023-10-03 00:00:00+00:00,2.17,2.275,2.12,2.27,443741,0.0,0.0,0.0,0.0,0.0,0.0,0.0,0.0,,,,,,,2.449896363936647,2.531441820419261,2.5918304081738524,3.474747028820674,3.6425578040836553,4.556459297777217,4.864295213368481,,,,,,,,,,,,5.203417723919424,"rgba(38, 166, 154, 1.0)"
2023-10-04 00:00:00+00:00,2.37,2.4,2.12,2.17,895694,0.0,0.0,0.0,0.0,0.0,0.0,0.0,0.0,,,,,,,2.4490346253590722,2.5301644887871846,2.5902596372631823,3.470550455041985,3.6380202640790884,4.550414220904602,4.857785349616754,,,,,,,,,,,,5.1964704456153585,"rgba(38, 166, 154, 1.0)"
2023-10-05 00:00:00+00:00,2.22,2.35,2.1312,2.35,433700,0.0,0.0,0.0,0.0,0.0,0.0,0.0,0.0,,,,,,,2.448449932259418,2.529385623160543,2.5893433038366007,3.4684208123359306,3.6357315699364694,4.5474173568363305,4.854567919874666,,,,,,,,,,,,5.193045707045318,"rgba(38, 166, 154, 1.0)"
2023-10-06 00:00:00+00:00,2.36,2.37,2.1539,2.17,331330,0.0,0.0,0.0,0.0,0.0,0.0,0.0,0.0,,,,,,,2.448131471605004,2.528915351308084,2.5887657716222163,3.4668787882604097,3.634063848805857,4.545193213665558,4.852172232089556,,,,,,,,,,,,5.190488402395883,"rgba(38, 166, 154, 1.0)"
2023-10-09 00:00:00+00:00,2.34,2.355,2.22,2.3,339088,0.0,0.0,0.0,0.0,0.0,0.0,0.0,0.0,,,,,,,2.4478288359202374,2.5284572250235313,2.5881978048512853,3.4653187664918326,3.6323745441269533,4.542931999336906,4.849735007365257,,,,,,,,,,,,5.187885239724351,"rgba(38, 166, 154, 1.0)"
2023-10-10 00:00:00+00:00,2.63,2.66,2.33,2.34,859637,0.0,0.0,0.0,0.0,0.0,0.0,0.0,0.0,,,,,,,2.4483202651979736,2.528516786773441,2.5879544753633352,3.462179789628919,3.6288659008449793,4.537819712363006,4.844145804153181,,,,,,,,,,,,5.181843087354091,"rgba(38, 166, 154, 1.0)"
2023-10-11 00:00:00+00:00,2.45,2.65,2.44,2.63,571705,0.0,0.0,0.0,0.0,0.0,0.0,0.0,0.0,,,,,,,2.4485499785709486,2.528464859342274,2.5877047684674475,3.460043938998188,3.6264880748176966,4.534389000960326,4.840400788767062,,,,,,,,,,,,5.177799567072115,"rgba(38, 166, 154, 1.0)"
2023-10-12 00:00:00+00:00,2.43,2.5,2.35,2.45,391487,0.0,0.0,0.0,0.0,0.0,0.0,0.0,0.0,,,,,,,2.4484971590445777,2.528227013367409,2.5873365982889043,3.45845352465434,3.6247393304194806,4.5319459956678045,4.837747995004476,,,,,,,,,,,,5.174947909594431,"rgba(38, 166, 154, 1.0)"
2023-10-13 00:00:00+00:00,2.46,2.485,2.365,2.42,333062,0.0,0.0,0.0,0.0,0.0,0.0,0.0,0.0,,,,,,,2.448472915221014,2.5280453746226113,2.5870441087088603,3.4571173871470147,3.623267959097379,4.529881886633626,4.835505028522744,,,,,,,,,,,,5.172535290457284,"rgba(38, 166, 154, 1.0)"
2023-10-16 00:00:00+00:00,2.5,2.54,2.43,2.46,404424,0.0,0.0,0.0,0.0,0.0,0.0,0.0,0.0,,,,,,,2.448575992333198,2.527953948592291,2.5868158946969984,3.455584208253211,3.621566305619978,4.527444702335836,4.832847537688275,,,,,,,,,,,,5.169668449407661,"rgba(38, 166, 154, 1.0)"
2023-10-17 00:00:00+00:00,2.52,2.55,2.44,2.46,474225,0.0,0.0,0.0,0.0,0.0,0.0,0.0,0.0,,,,,,,2.448734904981275,2.5278847667097253,2.586586321867348,3.4538173326427355,3.6196008902727552,4.524612936953391,4.829756732097583,,,,,,,,,,,,5.166331293253145,"rgba(38, 166, 154, 1.0)"
2023-10-18 00:00:00+00:00,2.3,2.48,2.26,2.48,322019,0.0,0.0,0.0,0.0,0.0,0.0,0.0,0.0,,,,,,,2.448534158113749,2.527539651395415,2.5861391470007433,3.452424138852191,3.618083465930998,4.522545869270968,4.827521592016557,,,,,,,,,,,,5.163936944757939,"rgba(38, 166, 154, 0.75)"
2023-10-19 00:00:00+00:00,2.11,2.3,2.09,2.28,455868,0.0,0.0,0.0,0.0,0.0,0.0,0.0,0.0,,,,,,,2.4477515339835083,2.5265693529014634,2.585035250813164,3.450137758357698,3.615638242434658,4.519384792491746,4.824135193894892,,,,,,,,,,,,5.160338194878152,#000000
2023-10-20 00:00:00+00:00,2.14,2.175,1.99,2.12,596490,0.0,0.0,0.0,0.0,0.0,0.0,0.0,0.0,,,,,,,2.4464987391443116,2.5250797198907184,2.5833765259508974,3.4470074593759543,3.612308183721795,4.515147485424318,4.819609125258928,,,,,,,,,,,,5.155540408647912,"rgba(239, 83, 80, 0.5)"
2023-10-23 00:00:00+00:00,2.16,2.225,2.11,2.13,283010,0.0,0.0,0.0,0.0,0.0,0.0,0.0,0.0,,,,,,,2.4460160948748424,2.5244817693047708,2.5826964532604166,3.4455970172214414,3.6107993519898813,4.5131948686325245,4.817516868226663,,,,,,,,,,,,5.1533164165081775,"rgba(239, 83, 80, 0.5)"
2023-10-24 00:00:00+00:00,1.98,2.21,1.94,2.13,467384,0.0,0.0,0.0,0.0,0.0,0.0,0.0,0.0,,,,,,,2.444879101815732,2.5231658526874776,2.581252420518657,3.4430538313065946,3.6081053189774406,4.509810551361641,4.8139106103338465,,,,,,,,,,,,5.149501538956968,"rgba(239, 83, 80, 0.5)"
2023-10-25 00:00:00+00:00,2.23,2.23,1.95,2.0,604371,0.0,0.0,0.0,0.0,0.0,0.0,0.0,0.0,,,,,,,2.443757878965177,2.52180379826594,2.579718580072395,3.43999727224078,3.60484235272281,4.505613121150433,4.809417884639392,,,,,,,,,,,,5.144730210017786,"rgba(239, 83, 80, 0.5)"
2023-10-26 00:00:00+00:00,1.97,2.26,1.96,2.24,564384,0.0,0.0,0.0,0.0,0.0,0.0,0.0,0.0,,,,,,,2.4424699007032316,2.5202999589469353,2.5780602438239257,3.4369959540210813,3.6016567680394673,4.501585865739618,4.805121265138716,,,,,,,,,,,,5.140179900439207,"rgba(239, 83, 80, 0.5)"
2023-10-27 00:00:00+00:00,1.84,2.0,1.82,1.98,338988,0.0,0.0,0.0,0.0,0.0,0.0,0.0,0.0,,,,,,,2.441341954332095,2.519054059746104,2.5767291862562627,3.4349685076753933,3.599530707592661,4.498998536249684,4.802381157540485,,,,,,,,,,,,5.137296728877836,"rgba(239, 83, 80, 1.0)"
2023-10-30 00:00:00+00:00,1.84,1.934,1.8099,1.89,494776,0.0,0.0,0.0,0.0,0.0,0.0,0.0,0.0,,,,,,,2.4396289179327795,2.517171762730779,2.5747245119433333,3.431970485767625,3.5963912067812522,4.495194749319067,4.7983562932031765,,,,,,,,,,,,5.133064936983332,"rgba(239, 83, 80, 1.0)"
2023-10-31 00:00:00+00:00,1.81,1.89,1.755,1.84,384971,0.0,0.0,0.0,0.0,0.0,0.0,0.0,0.0,,,,,,,2.4382045308349976,2.5156191796250607,2.5730790145499256,3.429582105152896,3.5938959883270956,4.492194555745386,4.79518657209601,,,,,,,,,,,,5.1297367147242525,"rgba(239, 83, 80, 1.0)"
2023-11-01 00:00:00+00:00,1.87,1.88,1.77,1.81,290834,0.0,0.0,0.0,0.0,0.0,0.0,0.0,0.0,,,,,,,2.4371702342814503,2.514487121047085,2.5718761810421222,3.427806638875981,3.5920385111321593,4.489950785636005,4.792813807433079,,,,,,,,,,,,5.1272431941960175,"rgba(239, 83, 80, 1.0)"
2023-11-02 00:00:00+00:00,2.0,2.01,1.9201,1.93,285658,0.0,0.0,0.0,0.0,0.0,0.0,0.0,0.0,,,,,,,2.4363895754997373,2.5136035033963813,2.5709185413370212,3.4262164312923216,3.5903599664937635,4.487864137151772,4.7905946975019384,,,,,,,,,,,,5.124899422766376,"rgba(239, 83, 80, 1.0)"
2023-11-03 00:00:00+00:00,2.07,2.13,2.0,2.1,395868,0.0,0.0,0.0,0.0,0.0,0.0,0.0,0.0,,,,,,,2.435522971070896,2.5125881519572246,2.5697966757429356,3.42415487801071,3.5881689484116777,4.485081553171965,4.787623344512567,,,,,,,,,,,,5.1217498122072245,"rgba(239, 83, 80, 0.5)"
2023-11-06 00:00:00+00:00,1.89,2.1316,1.88,2.1,287030,0.0,0.0,0.0,0.0,0.0,0.0,0.0,0.0,,,,,,,2.434728406054351,2.5116912642981273,2.568826172652193,3.4225547850047087,3.5864806569425403,4.482985180365806,4.785394363058304,,,,,,,,,,,,5.119395974984637,"rgba(239, 83, 80, 0.5)"
2023-11-07 00:00:00+00:00,2.06,2.06,1.82,1.94,349528,0.0,0.0,0.0,0.0,0.0,0.0,0.0,0.0,,,,,,,2.433790856134302,2.5106286449457604,2.567673619221393,3.420628122283509,3.584445713053374,4.480450016245015,4.782697101891413,,,,,,,,,,,,5.116545971605212,"rgba(239, 83, 80, 0.5)"
2023-11-08 00:00:00+00:00,1.99,2.07,1.91,2.07,303089,0.0,0.0,0.0,0.0,0.0,0.0,0.0,0.0,,,,,,,2.43299884167553,2.509727940173616,2.5666947871494457,3.4189731693158825,3.582696276866482,4.478264608052334,4.780370729740372,,,,,,,,,,,,5.114086677009202,"rgba(239, 83, 80, 0.5)"
2023-11-09 00:00:00+00:00,1.98,2.08,1.95,2.0,266982,0.0,0.0,0.0,0.0,0.0,0.0,0.0,0.0,,,,,,,2.4323244458669633,2.5089574023692416,2.5658551785929435,3.417532112302603,3.5811713023778156,4.476353020833595,4.778334483334945,,,,,,,,,,,,5.111932793004103,"rgba(239, 83, 80, 0.5)"
2023-11-10 00:00:00+00:00,1.94,1.99,1.89,1.97,461694,0.0,0.0,0.0,0.0,0.0,0.0,0.0,0.0,,,,,,,2.4309917507247887,2.5074642105425546,2.5642463196588126,3.41493569960547,3.5784355156619694,4.472969777529862,4.774740019767687,,,,,,,,,,,,5.108139352655838,"rgba(239, 83, 80, 0.5)"
2023-11-13 00:00:00+00:00,2.14,2.15,1.9001,1.93,532662,0.0,0.0,0.0,0.0,0.0,0.0,0.0,0.0,,,,,,,2.429847219008498,2.5061236120730945,2.562765204361367,3.4122011051659844,3.575527319210844,4.469267246626579,4.770784320620354,,,,,,,,,,,,5.103944054526092,#000000
2023-11-14 00:00:00+00:00,2.45,2.49,2.2,2.25,1270959,0.0,0.0,0.0,0.0,0.0,0.0,0.0,0.0,,,,,,,2.429479658188788,2.505221667899414,2.5614847168087653,3.4072419549020014,3.570076696170159,4.461635259348538,4.762490684693831,,,,,,,,,,,,5.095017980402776,"rgba(38, 166, 154, 1.0)"
2023-11-15 00:00:00+00:00,2.5,2.57,2.4303,2.44,873860,0.0,0.0,0.0,0.0,0.0,0.0,0.0,0.0,,,,,,,2.42983588954929,2.505196608259244,2.5611904336747355,3.404255222847264,3.566733113813191,4.456720970660413,4.757107393539116,,,,,,,,,,,,5.089184619188761,"rgba(38, 166, 154, 1.0)"
2023-11-16 00:00:00+00:00,2.34,2.5,2.33,2.47,377688,0.0,0.0,0.0,0.0,0.0,0.0,0.0,0.0,,,,,,,2.429749228814402,2.5049535127202485,2.56083645508631,3.4028139639006834,3.5651459533318235,4.454485506504698,4.75467550791984,,,,,,,,,,,,5.086564642686878,"rgba(38, 166, 154, 1.0)"
2023-11-17 00:00:00+00:00,2.49,2.5,2.295,2.4,693836,0.0,0.0,0.0,0.0,0.0,0.0,0.0,0.0,,,,,,,2.4297435928204143,2.5046576271847565,2.5603350362116046,3.400276736557682,3.562336119538789,4.45046741838201,4.750293193502841,,,,,,,,,,,,5.081833048449549,"rgba(38, 166, 154, 1.0)"
2023-11-20 00:00:00+00:00,2.54,2.57,2.42,2.48,578824,0.0,0.0,0.0,0.0,0.0,0.0,0.0,0.0,,,,,,,2.430009217833841,2.5046747828511697,2.560176632345181,3.398347175178589,3.560170703524217,4.4472624366708065,4.746778054260914,,,,,,,,,,,,5.078019732567402,"rgba(38, 166, 154, 1.0)"
2023-11-21 00:00:00+00:00,2.3,2.505,2.29,2.48,324890,0.0,0.0,0.0,0.0,0.0,0.0,0.0,0.0,,,,,,,2.4298886731774387,2.504423479007867,2.5598324832971904,3.3970916031513063,3.5587918907265093,4.445333837180832,4.744682270540402,,,,,,,,,,,,5.075763720138099,"rgba(38, 166, 154, 1.0)"
2023-11-22 00:00:00+00:00,2.3,2.34,2.21,2.29,281196,0.0,0.0,0.0,0.0,0.0,0.0,0.0,0.0,,,,,,,2.4296538445569236,2.504079725187252,2.559411152638205,3.395921557980192,3.5575196154543676,4.443602079351243,4.742809172419233,,,,,,,,,,,,5.073755407927184,"rgba(38, 166, 154, 0.75)"
2023-11-24 00:00:00+00:00,2.23,2.4,2.22,2.29,245625,0.0,0.0,0.0,0.0,0.0,0.0,0.0,0.0,,,,,,,2.4294493364196748,2.503780329346859,2.559044169148558,3.3949015320096465,3.556410356754422,4.442091655541785,4.741175350436481,,,,,,,,,,,,5.072003507355026,"rgba(38, 166, 154, 0.75)"
2023-11-27 00:00:00+00:00,2.01,2.315,1.995,2.24,470190,0.0,0.0,0.0,0.0,0.0,0.0,0.0,0.0,,,,,,,2.4285880333272503,2.5027519775630185,2.5578959807969457,3.3926446382273374,3.553998403844944,4.438970058037133,4.737829467703639,,,,,,,,,,,,5.068443976369433,#000000
2023-11-28 00:00:00+00:00,1.93,2.0198,1.845,2.0,613120,0.0,0.0,0.0,0.0,0.0,0.0,0.0,0.0,,,,,,,2.4268647554400014,2.5008298304552476,2.5558299877244566,3.389314512400578,3.550486310560273,4.434607459787615,4.733189790972962,,,,,,,,,,,,5.063541624293578,"rgba(239, 83, 80, 1.0)"
2023-11-29 00:00:00+00:00,2.12,2.145,1.99,2.04,437088,0.0,0.0,0.0,0.0,0.0,0.0,0.0,0.0,,,,,,,2.4260217800405863,2.4998345779324067,2.5547253582101197,3.3871985995178546,3.5482282062647026,4.431696694766672,4.730072154559716,,,,,,,,,,,,5.060226841590562,"rgba(239, 83, 80, 1.0)"
2023-11-30 00:00:00+00:00,2.13,2.23,2.08,2.14,613088,0.0,0.0,0.0,0.0,0.0,0.0,0.0,0.0,,,,,,,2.4250589012498,2.498652905068154,2.5533869079207068,3.3843822260830057,3.5452055364805934,4.427732968304808,4.725813167678142,,,,,,,,,,,,5.055685837364858,"rgba(239, 83, 80, 0.5)"
2023-12-01 00:00:00+00:00,2.24,2.25,2.05,2.15,392937,0.0,0.0,0.0,0.0,0.0,0.0,0.0,0.0,,,,,,,2.42451873524865,2.497971031758773,2.552603610346992,3.382632317864616,3.543321120384028,4.4252367990748676,4.723126080691786,,,,,,,,,,,,5.0528161416084965,#000000
2023-12-04 00:00:00+00:00,2.32,2.35,2.205,2.23,411571,0.0,0.0,0.0,0.0,0.0,0.0,0.0,0.0,,,,,,,2.424212718356677,2.4975096677044277,2.5520315104381837,3.380974551128126,3.5415141226167446,4.42275793222384,4.720440957625847,,,,,,,,,,,,5.049933089641523,#000000
2023-12-05 00:00:00+00:00,2.32,2.36,2.225,2.32,373967,0.0,0.0,0.0,0.0,0.0,0.0,0.0,0.0,,,,,,,2.4239567673183062,2.4971125215913723,2.551533734565741,3.3794864001672664,3.5398898436888593,4.420521087126994,4.718016327680492,,,,,,,,,,,,5.047328147640536,"rgba(38, 166, 154, 1.0)"
2023-12-06 00:00:00+00:00,2.28,2.43,2.26,2.33,444385,0.0,0.0,0.0,0.0,0.0,0.0,0.0,0.0,,,,,,,2.423707648646913,2.496694767355346,2.550995863520484,3.377758798414293,3.5379989148246462,4.417896287938028,4.715167230598639,,,,,,,,,,,,5.0442634846045316,"rgba(38, 166, 154, 1.0)"
2023-12-07 00:00:00+00:00,2.12,2.33,2.03,2.29,664041,0.0,0.0,0.0,0.0,0.0,0.0,0.0,0.0,,,,,,,2.4227356589344753,2.4954896268087765,2.549623584249133,3.374789503693435,3.5348057616547095,4.413681392619575,4.710632592562772,,,,,,,,,,,,5.039422681940849,#000000
2023-12-08 00:00:00+00:00,2.13,2.17,2.08,2.13,399740,0.0,0.0,0.0,0.0,0.0,0.0,0.0,0.0,,,,,,,2.422080190129193,2.494696637682628,2.54873185587088,3.372960160995039,3.5328442370716115,4.411114269382612,4.707875006532851,,,,,,,,,,,,5.036482794472379,#000000
2023-12-11 00:00:00+00:00,2.17,2.175,2.04,2.14,760775,0.0,0.0,0.0,0.0,0.0,0.0,0.0,0.0,,,,,,,2.420847695822616,2.4932036150214523,2.5470517480977803,3.369498011839884,3.5291305773924426,4.406248025875848,4.702646444307314,,,,,,,,,,,,5.0309072342674135,#000000
2023-12-12 00:00:00+00:00,2.01,2.16,2.0,2.16,358160,0.0,0.0,0.0,0.0,0.0,0.0,0.0,0.0,,,,,,,2.420129748060051,2.492367696655193,2.5461308369825635,3.3677810207678274,3.527299940443582,4.4038924054704305,4.700123934429727,,,,,,,,,,,,5.0282251222410475,"rgba(239, 83, 80, 1.0)"
2023-12-13 00:00:00+00:00,2.24,2.25,1.99,2.05,500710,0.0,0.0,0.0,0.0,0.0,0.0,0.0,0.0,,,,,,,2.419414791842765,2.4914803163460553,2.545119757149494,3.3655767590896395,3.5249276035386816,4.40075176840947,4.69674303684286,,,,,,,,,,,,5.024613718267157,#000000
2023-12-14 00:00:00+00:00,2.17,2.44,2.15,2.31,1003497,0.0,0.0,0.0,0.0,0.0,0.0,0.0,0.0,,,,,,,2.4185049734306516,2.4902128155561214,2.543596501818391,3.361523363396638,3.520521208877164,4.394744933625704,4.690242544191397,,,,,,,,,,,,5.017638166233254,#000000
2023-12-15 00:00:00+00:00,2.14,2.27,2.11,2.24,916137,0.0,0.0,0.0,0.0,0.0,0.0,0.0,0.0,,,,,,,2.417284912416719,2.4886805413537627,2.541840206422948,3.3575832668100385,3.516272709266557,4.389086519396801,4.684144250575503,,,,,,,,,,,,5.011117052833683,#000000
2023-12-18 00:00:00+00:00,2.03,2.23,2.02,2.21,582719,0.0,0.0,0.0,0.0,0.0,0.0,0.0,0.0,,,,,,,2.4162627552261817,2.4874683083582245,2.5404910988433924,3.3549223113467765,3.5134241694287667,4.385372992403049,4.680157615669806,,,,,,,,,,,,5.006868269363473,"rgba(239, 83, 80, 1.0)"
2023-12-19 00:00:00+00:00,2.12,2.2,2.08,2.11,399636,0.0,0.0,0.0,0.0,0.0,0.0,0.0,0.0,,,,,,,2.4156518380206045,2.486725170540029,2.5396528930978852,3.3531615165179662,3.511532029896023,4.382877470805851,4.67747278386719,,,,,,,,,,,,5.004001452747863,"rgba(239, 83, 80, 1.0)"
2023-12-20 00:00:00+00:00,2.13,2.28,2.11,2.14,515209,0.0,0.0,0.0,0.0,0.0,0.0,0.0,0.0,,,,,,,2.414979167501435,2.4858796313545897,2.538683241424972,3.3509731756224848,3.5091709103254742,4.37972546625158,4.674074140301919,,,,,,,,,,,,5.000365376348014,#000000
2023-12-21 00:00:00+00:00,2.0,2.23,1.98,2.15,986845,0.0,0.0,0.0,0.0,0.0,0.0,0.0,0.0,,,,,,,2.4131545531607355,2.4837414693128843,2.5363189326459654,3.346438339943935,3.504323497632129,4.373431492039691,4.667322047292874,,,,,,,,,,,,4.993173137700359,"rgba(239, 83, 80, 1.0)"
2023-12-22 00:00:00+00:00,1.85,2.12,1.83,2.05,978365,0.0,0.0,0.0,0.0,0.0,0.0,0.0,0.0,,,,,,,2.410651683076645,2.480950199981771,2.5333182706332624,3.3414960715049786,3.4990950200724504,4.366857152036704,4.660312034992476,,,,,,,,,,,,4.985745726194731,"rgba(239, 83, 80, 1.0)"
2023-12-26 00:00:00+00:00,1.84,2.02,1.81,1.9,887220,0.0,0.0,0.0,0.0,0.0,0.0,0.0,0.0,,,,,,,2.4082004362382707,2.478244961662953,2.5304281831378597,3.3369070199747486,3.494253239286367,4.3608202180742115,4.653885564237493,,,,,,,,,,,,4.978946185867762,"rgba(239, 83, 80, 1.0)"
2023-12-27 00:00:00+00:00,1.81,1.85,1.775,1.85,681884,0.0,0.0,0.0,0.0,0.0,0.0,0.0,0.0,,,,,,,2.406049708891692,2.4759079563942543,2.5279550233659873,3.333209840558268,3.490371048872312,4.356053956649598,4.648827236795601,,,,,,,,,,,,4.973608569766619,"rgba(239, 83, 80, 1.0)"
2023-12-28 00:00:00+00:00,1.84,1.86,1.78,1.8,1117068,0.0,0.0,0.0,0.0,0.0,0.0,0.0,0.0,,,,,,,2.402647760956176,2.4722003252136173,2.524024124071238,3.3272510000906728,3.4841062629521544,4.348330031036545,4.6406230434266025,,,,,,,,,,,,4.964944509914971,"rgba(239, 83, 80, 1.0)"
2023-12-29 00:00:00+00:00,1.83,1.855,1.77,1.85,1050777,0.0,0.0,0.0,0.0,0.0,0.0,0.0,0.0,,,,,,,2.399438187399617,2.4687066377794094,2.5203228023700737,3.321657755177701,3.478226751719583,4.34108353685812,4.6329264112774045,,,,,,,,,,,,4.956816514103061,"rgba(239, 83, 80, 1.0)"
2024-01-02 00:00:00+00:00,1.82,1.92,1.785,1.84,929123,0.0,0.0,0.0,0.0,0.0,0.0,0.0,0.0,,,,,,,2.3967422148078477,2.465758108034143,2.517189911018381,3.316822728063625,3.4731350057623556,4.334769445970338,4.626211874388568,,,,,,,,,,,,4.949717612247049,"rgba(239, 83, 80, 1.0)"
2024-01-03 00:00:00+00:00,1.8,1.83,1.75,1.79,901722,0.0,0.0,0.0,0.0,0.0,0.0,0.0,0.0,,,,,,,2.3939248842244147,2.4627033557334492,2.5139613710738926,3.312007643544772,3.468078123263168,4.32855378502271,4.619613598164471,,,,,,,,,,,,4.942752275470134,"rgba(239, 83, 80, 1.0)"
2024-01-04 00:00:00+00:00,1.64,1.8,1.62,1.8,817150,0.0,0.0,0.0,0.0,0.0,0.0,0.0,0.0,,,,,,,2.39094499885371,2.45952165426906,2.510631011109834,3.3073657413788924,3.4632315470633106,4.3227114021370845,4.6134359929329705,,,,,,,,,,,,4.936253828822339,"rgba(239, 83, 80, 1.0)"
2024-01-05 00:00:00+00:00,1.6,1.699,1.59,1.66,445244,0.0,0.0,0.0,0.0,0.0,0.0,0.0,0.0,,,,,,,2.389201324250252,2.457671931839347,2.5087028913922627,3.304759068354305,3.4605174832599026,4.319470300689368,4.610015573640689,,,,,,,,,,,,4.932661980481206,"rgba(239, 83, 80, 1.0)"
2024-01-08 00:00:00+00:00,1.78,1.79,1.5797,1.63,791094,0.0,0.0,0.0,0.0,0.0,0.0,0.0,0.0,,,,,,,2.3864750633847933,2.4547484681540395,2.5056344348062756,3.3003867843644343,3.455942944321758,4.313916254603993,4.6041342338330535,,,,,,,,,,,,4.926466720431825,"rgba(239, 83, 80, 0.75)"
2024-01-09 00:00:00+00:00,1.69,1.75,1.68,1.74,357618,0.0,0.0,0.0,0.0,0.0,0.0,0.0,0.0,,,,,,,2.385231777581994,2.4534168355694166,2.504237806567589,3.2984058575196253,3.4538711429846054,4.311403751759805,4.601474296269968,,,,,,,,,,,,4.923665335488011,"rgba(239, 83, 80, 0.75)"
2024-01-10 00:00:00+00:00,1.64,1.705,1.62,1.68,531845,0.0,0.0,0.0,0.0,0.0,0.0,0.0,0.0,,,,,,,2.383251020294972,2.451308777657842,2.5020357978437784,3.295373608483308,3.4507082013410306,4.307602192284163,4.597457047728167,,,,,,,,,,,,4.919441388364141,"rgba(239, 83, 80, 0.75)"
2024-01-11 00:00:00+00:00,1.6,1.65,1.5612,1.65,543007,0.0,0.0,0.0,0.0,0.0,0.0,0.0,0.0,,,,,,,2.3810981603971686,2.4490301025506316,2.499663962987876,3.2921928475019806,3.4473984641225734,4.303657259757101,4.593295508598794,,,,,,,,,,,,4.915072489133631,"rgba(239, 83, 80, 0.75)"
2024-01-12 00:00:00+00:00,1.5,1.65,1.49,1.62,512752,0.0,0.0,0.0,0.0,0.0,0.0,0.0,0.0,,,,,,,2.3789277028681175,2.4467451018713304,2.497293822947361,3.2890991281993864,3.444187606563328,4.299864168797935,4.589301637423698,,,,,,,,,,,,4.9108866545195875,"rgba(239, 83, 80, 0.75)"
2024-01-16 00:00:00+00:00,1.38,1.54,1.35,1.53,717035,0.0,0.0,0.0,0.0,0.0,0.0,0.0,0.0,,,,,,,2.375464401111196,2.4431338890754546,2.4935716561679406,3.2844862754104454,3.439425013566217,4.294340530320863,4.583508435819007,,,,,,,,,,,,4.904836625499994,"rgba(239, 83, 80, 1.0)"
2024-01-17 00:00:00+00:00,1.52,1.52,1.3703,1.38,528020,0.0,0.0,0.0,0.0,0.0,0.0,0.0,0.0,,,,,,,2.37305453645065,2.440612071696461,2.4909661844665263,3.281188946534025,3.4360132193175565,4.290352538775583,4.579318827856076,,,,,,,,,,,,4.900454491823677,"rgba(239, 83, 80, 1.0)"
2024-01-18 00:00:00+00:00,1.49,1.55,1.43,1.55,664509,0.0,0.0,0.0,0.0,0.0,0.0,0.0,0.0,,,,,,,2.3701063503920135,2.4375215963814734,2.487769562447665,3.277101686458584,3.431779560506431,4.285384961100828,4.574095880429549,,,,,,,,,,,,4.894987377177345,"rgba(239, 83, 80, 0.75)"
2024-01-19 00:00:00+00:00,1.47,1.51,1.41,1.5,627588,0.0,0.0,0.0,0.0,0.0,0.0,0.0,0.0,,,,,,,2.3672561691079603,2.4345395994422665,2.4846890521198466,3.2732012651429,3.427743329926228,4.280664942722677,4.56913680564288,,,,,,,,,,,,4.889799780904928,"rgba(239, 83, 80, 0.75)"
2024-01-22 00:00:00+00:00,1.42,1.56,1.38,1.49,437133,0.0,0.0,0.0,0.0,0.0,0.0,0.0,0.0,,,,,,,2.3652596539631836,2.4324520411492796,2.482533410733727,3.270479450700517,3.4249274839446,4.277374996514872,4.565680908165773,,,,,,,,,,,,4.886185210420929,"rgba(239, 83, 80, 0.75)"
2024-01-23 00:00:00+00:00,1.39,1.48,1.385,1.46,480489,0.0,0.0,0.0,0.0,0.0,0.0,0.0,0.0,,,,,,,2.3629913171787535,2.4300859988092554,2.4800941143740287,3.2674396131766286,3.4217868257272523,4.273722857782056,4.561848460755514,,,,,,,,,,,,4.88218048111927,"rgba(239, 83, 80, 0.75)"
2024-01-24 00:00:00+00:00,1.27,1.42,1.25,1.42,638380,0.0,0.0,0.0,0.0,0.0,0.0,0.0,0.0,,,,,,,2.3596612348053294,2.426635019089866,2.476551708183399,3.2631878100324623,3.4174114151737625,4.268707117714416,4.556601471487888,,,,,,,,,,,,4.8767132104867175,"rgba(239, 83, 80, 1.0)"
2024-01-25 00:00:00+00:00,1.21,1.2894,1.2,1.27,566497,0.0,0.0,0.0,0.0,0.0,0.0,0.0,0.0,,,,,,,2.3564986185133647,2.423371114290389,2.473210653051637,3.259275680160534,3.413396447680389,4.264149972942567,4.551844691049185,,,,,,,,,,,,4.871766696246466,"rgba(239, 83, 80, 1.0)"
2024-01-26 00:00:00+00:00,1.23,1.26,1.21,1.23,321391,0.0,0.0,0.0,0.0,0.0,0.0,0.0,0.0,,,,,,,2.3547125703814595,2.4215276360811204,2.4713234456385216,3.2570631245611263,3.4111253981125484,4.261570814282762,4.549152235847984,,,,,,,,,,,,4.868966508678349,"rgba(239, 83, 80, 1.0)"
2024-01-29 00:00:00+00:00,1.36,1.38,1.2001,1.23,670672,0.0,0.0,0.0,0.0,0.0,0.0,0.0,0.0,,,,,,,2.3512684192818525,2.4179569231908533,2.467657107794941,3.2526435202462114,3.4065750306210125,4.256344664221335,4.543682999452422,,,,,,,,,,,,4.863265323897347,"rgba(239, 83, 80, 0.75)"
2024-01-30 00:00:00+00:00,1.36,1.44,1.3,1.38,720979,0.0,0.0,0.0,0.0,0.0,0.0,0.0,0.0,,,,,,,2.3477800790566166,2.4143279362074903,2.4639223674102446,3.2480447314799505,3.401829306413493,4.250848503800094,4.53792077138396,,,,,,,,,,,,4.85724856635374,"rgba(239, 83, 80, 0.75)"
2024-01-31 00:00:00+00:00,1.31,1.4593,1.31,1.36,596427,0.0,0.0,0.0,0.0,0.0,0.0,0.0,0.0,,,,,,,2.3448928265721176,2.4113251053891918,2.4608326064730845,3.2442434277654413,3.3979068279785225,4.246306764263394,4.533159428003296,,,,,,,,,,,,4.85227704727185,"rgba(239, 83, 80, 0.75)"
2024-02-01 00:00:00+00:00,1.36,1.45,1.34,1.34,701037,0.0,0.0,0.0,0.0,0.0,0.0,0.0,0.0,,,,,,,2.3416013364560953,2.407895996962539,2.45730021285063,3.2398505487022025,3.3933686780099452,4.24103007374687,4.5276226043709755,,,,,,,,,,,,4.846490899362795,"rgba(239, 83, 80, 0.75)"
2024-02-02 00:00:00+00:00,1.3,1.4,1.27,1.4,555023,0.0,0.0,0.0,0.0,0.0,0.0,0.0,0.0,,,,,,,2.3388491798658153,2.4050392562315577,2.454364613637451,3.2362753868263154,3.389683404988833,4.236778778804723,4.523169407616142,,,,,,,,,,,,4.841844449601372,"rgba(239, 83, 80, 0.75)"
2024-02-05 00:00:00+00:00,1.18,1.31,1.18,1.31,754981,0.0,0.0,0.0,0.0,0.0,0.0,0.0,0.0,,,,,,,2.3347629944659856,2.4008203744588137,2.4500448114187887,3.231180451575501,3.3844498699615753,4.230817910369746,4.51694300300602,,,,,,,,,,,,4.8353645881439276,"rgba(239, 83, 80, 0.75)"
2024-02-06 00:00:00+00:00,1.29,1.31,1.16,1.18,531007,0.0,0.0,0.0,0.0,0.0,0.0,0.0,0.0,,,,,,,2.3319840020301625,2.397946215416654,2.4470985050613385,3.2276657222075285,3.3808349339282477,4.226681190161704,4.51261755166562,,,,,,,,,,,,4.83085867566127,"rgba(239, 83, 80, 0.75)"
2024-02-07 00:00:00+00:00,1.22,1.32,1.22,1.3,378859,0.0,0.0,0.0,0.0,0.0,0.0,0.0,0.0,,,,,,,2.330009981142964,2.3959043666197877,2.44500524825097,3.225165684716617,3.3782632630094067,4.223736772400986,4.509538461987109,,,,,,,,,,,,4.827650753207067,"rgba(239, 83, 80, 0.75)"
2024-02-08 00:00:00+00:00,1.26,1.28,1.21,1.23,292234,0.0,0.0,0.0,0.0,0.0,0.0,0.0,0.0,,,,,,,2.3284875446187443,2.394329770127864,2.443391114410632,3.2232383420712454,3.376280735434327,4.221467023802036,4.507164941472413,,,,,,,,,,,,4.825177936433126,"rgba(239, 83, 80, 0.75)"
2024-02-09 00:00:00+00:00,1.36,1.39,1.25,1.25,542231,0.0,0.0,0.0,0.0,0.0,0.0,0.0,0.0,,,,,,,2.3258914472932415,2.3916315178226015,2.440615994012384,3.219822770599627,3.372755771467851,4.217382593327345,4.50288253410095,,,,,,,,,,,,4.820705482350421,"rgba(239, 83, 80, 0.5)"
2024-02-12 00:00:00+00:00,1.41,1.451,1.39,1.39,731493,0.0,0.0,0.0,0.0,0.0,0.0,0.0,0.0,,,,,,,2.322704002269701,2.388299191757366,2.4371753724169443,3.215438021894031,3.368213969183733,4.212050108299441,4.497275676647973,,,,,,,,,,,,4.814834388520572,"rgba(239, 83, 80, 0.5)"
2024-02-13 00:00:00+00:00,1.32,1.38,1.3,1.37,769486,0.0,0.0,0.0,0.0,0.0,0.0,0.0,0.0,,,,,,,2.3190675235148412,2.3845184519428533,2.4332861350810444,3.210634981011656,3.3632550908774816,4.2062952756820255,4.491239944546939,,,,,,,,,,,,4.808528637600253,"rgba(239, 83, 80, 0.5)"
2024-02-14 00:00:00+00:00,1.41,1.42,1.34,1.34,383848,0.0,0.0,0.0,0.0,0.0,0.0,0.0,0.0,,,,,,,2.317367197056025,2.3827437145842643,2.4314556892863344,3.2083202451491846,3.3608592460853433,4.203489598944918,4.488291572808742,,,,,,,,,,,,4.805442780193129,#000000
2024-02-15 00:00:00+00:00,1.46,1.49,1.41,1.44,539173,0.0,0.0,0.0,0.0,0.0,0.0,0.0,0.0,,,,,,,2.3151517078573756,2.3804198524149722,2.4290510690922207,3.205191671407594,3.3576115550781216,4.199646528351509,4.484244054068196,,,,,,,,,,,,4.801197822595787,#000000
2024-02-16 00:00:00+00:00,1.44,1.48,1.41,1.48,379247,0.0,0.0,0.0,0.0,0.0,0.0,0.0,0.0,,,,,,,2.313582153596345,2.3787746724074808,2.4273495001249317,3.202985225460145,3.3553218289009834,4.196939973027314,4.48139417367515,,,,,,,,,,,,4.798209512373499,"rgba(38, 166, 154, 1.0)"
2024-02-20 00:00:00+00:00,1.4,1.49,1.39,1.48,478380,0.0,0.0,0.0,0.0,0.0,0.0,0.0,0.0,,,,,,,2.3115726060471515,2.376670844998081,2.4251752992307813,3.200183610105223,3.352416273444178,4.193512893140971,4.477787281162126,,,,,,,,,,,,4.794428963943822,#000000
2024-02-21 00:00:00+00:00,1.39,1.44,1.355,1.44,372235,0.0,0.0,0.0,0.0,0.0,0.0,0.0,0.0,,,,,,,2.3099595029983617,2.3749858915491338,2.423436598106248,3.197970920124685,3.3501243866129564,4.190821635575757,4.474957520904323,,,,,,,,,,,,4.791465514492931,#000000
2024-02-22 00:00:00+00:00,1.35,1.44,1.33,1.39,593645,0.0,0.0,0.0,0.0,0.0,0.0,0.0,0.0,,,,,,,2.307337978724293,2.3722514947847206,2.4206176439815072,3.1944110244568757,3.3464399580733657,4.18650709936092,4.4704236456945505,,,,,,,,,,,,4.786719963497397,#000000
2024-02-23 00:00:00+00:00,1.38,1.41,1.33,1.35,285700,0.0,0.0,0.0,0.0,0.0,0.0,0.0,0.0,,,,,,,2.306081556956091,2.3709408422781255,2.419266370336098,3.1927027212257193,3.3446716661478555,4.184435374709727,4.468246375813141,,,,,,,,,,,,4.7844407940268,#000000
2024-02-26 00:00:00+00:00,1.49,1.49,1.37,1.42,489901,0.0,0.0,0.0,0.0,0.0,0.0,0.0,0.0,,,,,,,2.3041114081756318,2.3688735043725346,2.417126634606629,3.1899039985923787,3.341764508600642,4.18098669275625,4.46461235044373,,,,,,,,,,,,4.780627368513594,"rgba(38, 166, 154, 1.0)"
2024-02-27 00:00:00+00:00,1.7,1.79,1.46,1.47,1134084,0.0,0.0,0.0,0.0,0.0,0.0,0.0,0.0,,,,,,,2.30064511768339,2.3651571415126296,2.413226252177047,3.1842003138194994,3.3357766499618937,4.173618752021975,4.456789230913261,,,,,,,,,,,,4.7723610473409375,"rgba(38, 166, 154, 1.0)"
2024-02-28 00:00:00+00:00,1.74,1.86,1.63,1.67,1199292,0.0,0.0,0.0,0.0,0.0,0.0,0.0,0.0,,,,,,,2.29753938402556,2.361776143678387,2.4096436680908413,3.1785786132595115,3.329838477218862,4.166160134371345,4.448836995714655,,,,,,,,,,,,4.763926673021537,"rgba(38, 166, 154, 1.0)"
2024-02-29 00:00:00+00:00,1.77,1.85,1.74,1.74,793968,0.0,0.0,0.0,0.0,0.0,0.0,0.0,0.0,,,,,,,2.2956615488915837,2.3597133981774414,2.4074457770339346,3.1749925882422563,3.326038242946483,4.161335302969673,4.443681878407474,,,,,,,,,,,,4.758448388377903,"rgba(38, 166, 154, 1.0)"
2024-03-01 00:00:00+00:00,1.68,1.79,1.635,1.79,642370,0.0,0.0,0.0,0.0,0.0,0.0,0.0,0.0,,,,,,,2.293900302683896,2.357809359910398,2.4054369279543506,3.171927956279106,3.322808266981544,4.157306791564784,4.439392691721062,,,,,,,,,,,,4.753904491657759,"rgba(38, 166, 154, 1.0)"
2024-03-04 00:00:00+00:00,1.71,1.78,1.645,1.71,807829,0.0,0.0,0.0,0.0,0.0,0.0,0.0,0.0,,,,,,,2.291737322932544,2.3554667275456693,2.402962489634997,3.1681180903688353,3.3187894598971655,4.15227988119367,4.434037357998481,,,,,,,,,,,,4.748227996519077,"rgba(38, 166, 154, 1.0)"
2024-03-05 00:00:00+00:00,1.59,1.75,1.53,1.73,348295,0.0,0.0,0.0,0.0,0.0,0.0,0.0,0.0,,,,,,,2.2906684478810755,2.354324071882909,2.401765447334981,3.1663823425089657,3.3169680361612848,4.150040689184191,4.431660182504782,,,,,,,,,,,,4.7457161040112,"rgba(38, 166, 154, 0.75)"
2024-03-06 00:00:00+00:00,1.59,1.65,1.575,1.6,256680,0.0,0.0,0.0,0.0,0.0,0.0,0.0,0.0,,,,,,,2.2898613330190076,2.353463196279467,2.400864902025984,3.165090489078101,3.315613716521169,4.148381072045207,4.429899447844887,,,,,,,,,,,,4.743856664979021,"rgba(38, 166, 154, 0.75)"
2024-03-07 00:00:00+00:00,1.64,1.64,1.54,1.6,397909,0.0,0.0,0.0,0.0,0.0,0.0,0.0,0.0,,,,,,,2.288616916968652,2.352135520750002,2.399475795824531,3.16309419455962,3.31352050272275,4.145814267144338,4.427175871427699,,,,,,,,,,,,4.740980012458709,"rgba(38, 166, 154, 0.75)"
2024-03-08 00:00:00+00:00,1.66,1.76,1.64,1.67,524801,0.0,0.0,0.0,0.0,0.0,0.0,0.0,0.0,,,,,,,2.2871743015756834,2.350578798416675,2.3978352438900195,3.160604024803524,3.3108966262170654,4.142543244592358,4.42369343807147,,,,,,,,,,,,4.737290693855964,"rgba(38, 166, 154, 0.75)"
2024-03-11 00:00:00+00:00,1.55,1.6,1.49,1.6,335435,0.0,0.0,0.0,0.0,0.0,0.0,0.0,0.0,,,,,,,2.2860417226421776,2.3493785894760486,2.396584962892916,3.158866026746691,3.309079787841421,4.140338147935772,4.4213586009941706,,,,,,,,,,,,4.734829268008432,"rgba(38, 166, 154, 0.75)"
2024-03-12 00:00:00+00:00,1.61,1.62,1.54,1.54,235779,0.0,0.0,0.0,0.0,0.0,0.0,0.0,0.0,,,,,,,2.2852942344917513,2.348582525713611,2.3957530253206465,3.157679393239597,3.307836305494022,4.138816273339354,4.419744403631364,,,,,,,,,,,,4.7331248759307,"rgba(38, 166, 154, 0.75)"
2024-03-13 00:00:00+00:00,1.54,1.63,1.52,1.62,356175,0.0,0.0,0.0,0.0,0.0,0.0,0.0,0.0,,,,,,,2.284124904604063,2.347340964581414,2.394458039178176,3.155859794122299,3.305932163548728,4.136496707131285,4.417286488361708,,,,,,,,,,,,4.730531854943935,#000000
2024-03-14 00:00:00+00:00,1.48,1.56,1.42,1.56,516511,0.0,0.0,0.0,0.0,0.0,0.0,0.0,0.0,,,,,,,2.282256251858928,2.3453720768579083,2.3924146725128304,3.1531017724612407,3.3030570636095398,4.133040375458814,4.41363407243139,,,,,,,,,,,,4.726688244418467,#000000
2024-03-15 00:00:00+00:00,1.52,1.57,1.47,1.48,861858,0.0,0.0,0.0,0.0,0.0,0.0,0.0,0.0,,,,,,,2.27928743770918,2.3422334952608694,2.3891502133766642,3.1486115821746887,3.298367477528072,4.127365511554158,4.407628999552268,,,,,,,,,,,,4.720360751688601,#000000
2024-03-18 00:00:00+00:00,1.44,1.555,1.44,1.55,323961,0.0,0.0,0.0,0.0,0.0,0.0,0.0,0.0,,,,,,,2.2781165605829314,2.34100043613358,2.3878709323874836,3.1468871396437823,3.2965699453149364,4.125204788059078,4.405345734922267,,,,,,,,,,,,4.717957901952715,"rgba(239, 83, 80, 0.5)"
2024-03-19 00:00:00+00:00,1.47,1.54,1.4174,1.44,304311,0.0,0.0,0.0,0.0,0.0,0.0,0.0,0.0,,,,,,,2.2770163434324373,2.3398419786220077,2.3866691777624798,3.145268079656176,3.294882326256764,4.123176392865687,4.403202348983522,,,,,,,,,,,,4.715702277672854,"rgba(239, 83, 80, 0.5)"
2024-03-20 00:00:00+00:00,1.61,1.65,1.45,1.46,479455,0.0,0.0,0.0,0.0,0.0,0.0,0.0,0.0,,,,,,,2.275492097627725,2.338221363223018,2.3849773236440766,3.14286711329235,3.2923671103568086,4.120100354637914,4.399940171769989,,,,,,,,,,,,4.712257948637534,#000000
2024-03-21 00:00:00+00:00,1.64,1.65,1.52,1.6,681833,0.0,0.0,0.0,0.0,0.0,0.0,0.0,0.0,,,,,,,2.2734376355641754,2.3360278942047095,2.3826812896510914,3.1395373706342498,3.2888718089416216,4.115795676999228,4.395368437326906,,,,,,,,,,,,4.707424560664065,#000000
2024-03-22 00:00:00+00:00,1.57,1.65,1.56,1.63,343261,0.0,0.0,0.0,0.0,0.0,0.0,0.0,0.0,,,,,,,2.272392721763817,2.3349135613898313,2.3815157085792333,3.137855618169412,3.287107201229697,4.113625501000074,4.393064278963282,,,,,,,,,,,,4.704989109307721,#000000
2024-03-25 00:00:00+00:00,1.57,1.63,1.55,1.56,282103,0.0,0.0,0.0,0.0,0.0,0.0,0.0,0.0,,,,,,,2.2715237677053266,2.3339879513035613,2.3805482493890486,3.136467305041504,3.2856511910214814,4.111837708071388,4.39116672852269,,,,,,,,,,,,4.702984003312139,#000000
2024-03-26 00:00:00+00:00,1.57,1.695,1.56,1.6,542717,0.0,0.0,0.0,0.0,0.0,0.0,0.0,0.0,,,,,,,2.269918705837893,2.3322727280211524,2.3787517672355984,3.1338462744177176,3.282898102739425,4.108439337861279,4.387555810500524,,,,,,,,,,,,4.699164619137755,#000000
2024-03-27 00:00:00+00:00,1.66,1.66,1.56,1.6,928198,0.0,0.0,0.0,0.0,0.0,0.0,0.0,0.0,,,,,,,2.2672671061540703,2.329431748669709,2.3757712312671093,3.129437978265367,3.278261759782806,4.102690971495773,4.381442395572631,,,,,,,,,,,,4.692692823864548,"rgba(38, 166, 154, 1.0)"
2024-03-28 00:00:00+00:00,1.68,1.7099,1.61,1.64,681175,0.0,0.0,0.0,0.0,0.0,0.0,0.0,0.0,,,,,,,2.2654555875821067,2.327479100677413,2.373714796648542,3.1263048443518455,3.2749577125468474,4.098557161777863,4.377037991948999,,,,,,,,,,,,4.6880223828522665,"rgba(38, 166, 154, 1.0)"
2024-04-01 00:00:00+00:00,1.61,1.69,1.57,1.69,275607,0.0,0.0,0.0,0.0,0.0,0.0,0.0,0.0,,,,,,,2.2646729644800794,2.32664076249605,2.3728353923497254,3.125003480565155,3.2735888366968715,4.096858875639095,4.37523160103855,,,,,,,,,,,,4.686109769118185,"rgba(38, 166, 154, 1.0)"
2024-04-02 00:00:00+00:00,1.58,1.63,1.56,1.61,404201,0.0,0.0,0.0,0.0,0.0,0.0,0.0,0.0,,,,,,,2.2634691493765113,2.3253567717047487,2.3714921997989142,3.12305671645656,3.2715448955634074,4.09433889835026,4.372554620475252,,,,,,,,,,,,4.683278592067857,"rgba(38, 166, 154, 0.75)"
2024-04-03 00:00:00+00:00,1.63,1.64,1.54,1.57,356812,0.0,0.0,0.0,0.0,0.0,0.0,0.0,0.0,,,,,,,2.2624310036390574,2.3242475156719156,2.3703304739958546,3.1213572028933396,3.2697589823275672,4.092130393821642,4.370207067979109,,,,,,,,,,,,4.6807943991754755,"rgba(38, 166, 154, 0.75)"
2024-04-04 00:00:00+00:00,1.55,1.68,1.53,1.64,392375,0.0,0.0,0.0,0.0,0.0,0.0,0.0,0.0,,,,,,,2.2612643773229313,2.323003519861885,2.3690293383174392,3.1194722129859587,3.2677798808281486,4.089690053584682,4.3676146060520065,,,,,,,,,,,,4.678052462622077,#000000
2024-04-05 00:00:00+00:00,1.5,1.55,1.46,1.55,294077,0.0,0.0,0.0,0.0,0.0,0.0,0.0,0.0,,,,,,,2.260284967710746,2.3219687124612767,2.3679534235977773,3.117985842693341,3.2662262572777094,4.087803394212763,4.3656166441309825,,,,,,,,,,,,4.67594531067896,#000000
2024-04-08 00:00:00+00:00,1.5,1.575,1.48,1.5,242061,0.0,0.0,0.0,0.0,0.0,0.0,0.0,0.0,,,,,,,2.259496629940806,2.3211344703094734,2.3670851493585703,3.116775776563598,3.26496035195097,4.086261510185548,4.363982777115593,,,,,,,,,,,,4.674221157426468,"rgba(239, 83, 80, 0.5)"
2024-04-09 00:00:00+00:00,1.53,1.6,1.49,1.49,266938,0.0,0.0,0.0,0.0,0.0,0.0,0.0,0.0,,,,,,,2.258654570964033,2.3202412726413404,2.3661540869816924,3.1154615300443083,3.26358376269277,4.084577636799243,4.362196869835063,,,,,,,,,,,,4.672335030602145,"rgba(239, 83, 80, 0.5)"
2024-04-10 00:00:00+00:00,1.44,1.58,1.41,1.58,477252,0.0,0.0,0.0,0.0,0.0,0.0,0.0,0.0,,,,,,,2.2570217320030137,2.3185202139588728,2.3643674656283804,3.1130230335168414,3.261037824778264,4.081497830792543,4.358937984508368,,,,,,,,,,,,4.668900453277884,"rgba(239, 83, 80, 1.0)"
2024-04-11 00:00:00+00:00,1.4,1.48,1.39,1.48,471642,0.0,0.0,0.0,0.0,0.0,0.0,0.0,0.0,,,,,,,2.2553049445063573,2.3167189562383315,2.36250322663685,3.110542008961636,3.258453942444572,4.078399194420675,4.355665170801733,,,,,,,,,,,,4.665456907392936,"rgba(239, 83, 80, 1.0)"
2024-04-12 00:00:00+00:00,1.49,1.49,1.35,1.4,680588,0.0,0.0,0.0,0.0,0.0,0.0,0.0,0.0,,,,,,,2.252899270224536,2.314190352252811,2.3598830892003275,3.1070169477708602,3.2547786314418206,4.07397410426925,4.350987407200908,,,,,,,,,,,,4.66053124238693,"rgba(239, 83, 80, 1.0)"
2024-04-15 00:00:00+00:00,1.72,1.87,1.66,1.73,2868787,0.0,0.0,0.0,0.0,0.0,0.0,0.0,0.0,,,,,,,2.2466962827171364,2.3073881966239513,2.35264203630294,3.095029614983095,3.242044061816986,4.057639350164743,4.333496221136337,,,,,,,,,,,,4.641896668445538,#000000
2024-04-16 00:00:00+00:00,1.54,1.735,1.5247,1.7,860935,0.0,0.0,0.0,0.0,0.0,0.0,0.0,0.0,,,,,,,2.2443109176749,2.3048375890959596,2.3499694688429127,3.0910765094931074,3.2378840612691566,4.052465973795623,4.327990529956559,,,,,,,,,,,,4.636062965107815,#000000
2024-04-17 00:00:00+00:00,1.47,1.55,1.46,1.52,390743,0.0,0.0,0.0,0.0,0.0,0.0,0.0,0.0,,,,,,,2.2430560185112833,2.3035119477026496,2.3485913061763637,3.0891615193886395,3.235880569622437,4.0500234590794495,4.325401708738189,,,,,,,,,,,,4.633329990261871,#000000
2024-04-18 00:00:00+00:00,1.34,1.51,1.32,1.51,510298,0.0,0.0,0.0,0.0,0.0,0.0,0.0,0.0,,,,,,,2.241198447870126,2.301567229771331,2.346581478981646,3.086506011320545,3.2331162432320126,4.046711983723427,4.3219048020954824,,,,,,,,,,,,4.629650738843485,"rgba(239, 83, 80, 1.0)"
2024-04-19 00:00:00+00:00,1.27,1.39,1.26,1.38,568558,0.0,0.0,0.0,0.0,0.0,0.0,0.0,0.0,,,,,,,2.238936615678497,2.299213025756798,2.344157881075148,3.083412233581782,3.2299072393505273,4.042916713080775,4.317907997035575,,,,,,,,,,,,4.625456057931678,"rgba(239, 83, 80, 1.0)"
2024-04-22 00:00:00+00:00,1.15,1.3,1.145,1.3,948646,0.0,0.0,0.0,0.0,0.0,0.0,0.0,0.0,,,,,,,2.234751276739462,2.294883678714809,2.3397194976928226,3.0779608153968687,3.2242764504124017,4.036357820037318,4.311023746256101,,,,,,,,,,,,4.618253015354828,"rgba(239, 83, 80, 1.0)"
2024-04-23 00:00:00+00:00,1.29,1.4195,1.19,1.2,1061139,0.0,0.0,0.0,0.0,0.0,0.0,0.0,0.0,,,,,,,2.230563943385841,2.2905256565552907,2.335233253440736,3.0722274665596294,3.2183285260839476,4.029318014890905,4.303608989850499,,,,,,,,,,,,4.6104696771831115,"rgba(239, 83, 80, 1.0)"
2024-04-24 00:00:00+00:00,1.26,1.375,1.23,1.37,830839,0.0,0.0,0.0,0.0,0.0,0.0,0.0,0.0,,,,,,,2.2272712936285313,2.287100713719801,2.3317088763838796,3.0677352145094186,3.213669324689639,4.023808179510435,4.297806775326197,,,,,,,,,,,,4.60437992231795,"rgba(239, 83, 80, 1.0)"
2024-04-25 00:00:00+00:00,1.28,1.3,1.21,1.26,520478,0.0,0.0,0.0,0.0,0.0,0.0,0.0,0.0,,,,,,,2.2251657064812,2.2849136558367333,2.329460486069094,3.0648931807333746,3.210724266349383,4.020336378991965,4.29415324770262,,,,,,,,,,,,4.6005476888043875,"rgba(239, 83, 80, 1.0)"
2024-04-26 00:00:00+00:00,1.36,1.4,1.29,1.3,508248,0.0,0.0,0.0,0.0,0.0,0.0,0.0,0.0,,,,,,,2.223302923108673,2.282967405225681,2.327451779910331,3.0622596469936303,3.2079845861238643,4.01706088203451,4.290695825149168,,,,,,,,,,,,4.596910941624229,"rgba(239, 83, 80, 0.75)"
2024-04-29 00:00:00+00:00,1.35,1.41,1.33,1.41,494001,0.0,0.0,0.0,0.0,0.0,0.0,0.0,0.0,,,,,,,2.2215274677668937,2.2811103851334953,2.3255337861160688,3.0597275476207737,3.205348478118766,4.013900771772508,4.287358294411452,,,,,,,,,,,,4.593398412037802,"rgba(239, 83, 80, 0.75)"
2024-04-30 00:00:00+00:00,1.58,1.71,1.38,1.4,1558833,0.0,0.0,0.0,0.0,0.0,0.0,0.0,0.0,,,,,,,2.217224094649807,2.2765234834229866,2.3207373122400763,3.052691693527746,3.197947254522134,4.004701883849725,4.277569402107594,,,,,,,,,,,,4.583024828952004,#000000
2024-05-01 00:00:00+00:00,1.48,1.6,1.41,1.57,632041,0.0,0.0,0.0,0.0,0.0,0.0,0.0,0.0,,,,,,,2.215338039965839,2.2745265581102343,2.3186581719967423,3.0497440225812458,3.194856258023463,4.000900783095881,4.27353330529454,,,,,,,,,,,,4.578755955929793,#000000
2024-05-02 00:00:00+00:00,1.48,1.59,1.47,1.55,309756,0.0,0.0,0.0,0.0,0.0,0.0,0.0,0.0,,,,,,,2.2144386595567385,2.27357250693804,2.317663618296685,3.048318936148871,3.193360321034994,3.999054481546692,4.271571382121931,,,,,,,,,,,,4.5766794295355115,#000000
2024-05-03 00:00:00+00:00,1.4,1.55,1.33,1.55,595221,0.0,0.0,0.0,0.0,0.0,0.0,0.0,0.0,,,,,,,2.212504044342366,2.2715376883906004,2.3155542011267607,3.045433730574872,3.1903453129398756,3.9953909176351146,4.267690996200787,,,,,,,,,,,,4.572584438248312,#000000
2024-05-06 00:00:00+00:00,1.49,1.59,1.42,1.42,442198,0.0,0.0,0.0,0.0,0.0,0.0,0.0,0.0,,,,,,,2.2112064818083086,2.2701629763837867,2.314122295367904,3.0433937112403924,3.1882049327284125,3.9927534618638303,4.264889284336198,,,,,,,,,,,,4.569619854027934,#000000
2024-05-07 00:00:00+00:00,1.39,1.5,1.39,1.48,512653,0.0,0.0,0.0,0.0,0.0,0.0,0.0,0.0,,,,,,,2.2095535812486777,2.2684241816673767,2.3123195604051157,3.0409233343572,3.1856228079025124,3.9896130049612775,4.261562308291858,,,,,,,,,,,,4.566108140452892,#000000
2024-05-08 00:00:00+00:00,1.42,1.48,1.335,1.4,409478,0.0,0.0,0.0,0.0,0.0,0.0,0.0,0.0,,,,,,,2.20821313339482,2.267015815373411,2.310860592735092,3.0389372698024397,3.1835482435350015,3.9870954549176965,4.258896476092313,,,,,,,,,,,,4.5632954411784885,#000000
2024-05-09 00:00:00+00:00,1.51,1.56,1.41,1.42,423089,0.0,0.0,0.0,0.0,0.0,0.0,0.0,0.0,,,,,,,2.2069743666012194,2.265703964066332,2.3094945467093875,3.0369929998198035,3.1815083726873232,3.984581702927709,4.256226120816949,,,,,,,,,,,,4.560469682495942,#000000
2024-05-10 00:00:00+00:00,1.45,1.5095,1.41,1.5,328102,0.0,0.0,0.0,0.0,0.0,0.0,0.0,0.0,,,,,,,2.205967234765943,2.264641323705687,2.3083906610526963,3.0354527022846014,3.1798954155753627,3.9826070249012004,4.254131270079058,,,,,,,,,,,,4.558255635784915,#000000
2024-05-13 00:00:00+00:00,1.36,1.465,1.36,1.45,463952,0.0,0.0,0.0,0.0,0.0,0.0,0.0,0.0,,,,,,,2.2044312228406557,2.263029465084626,2.3067222442304933,3.033195129049554,3.1775385505218052,3.979752142223102,4.251109394728183,,,,,,,,,,,,4.555068284364033,#000000
2024-05-14 00:00:00+00:00,1.39,1.48,1.38,1.39,491652,0.0,0.0,0.0,0.0,0.0,0.0,0.0,0.0,,,,,,,2.202853242230741,2.2613703522382886,2.305002713121764,3.030841091666396,3.1750780289145575,3.9767589794953033,4.247938303414317,,,,,,,,,,,,4.551720746835099,#000000
2024-05-15 00:00:00+00:00,1.3,1.43,1.28,1.4,622856,0.0,0.0,0.0,0.0,0.0,0.0,0.0,0.0,,,,,,,2.200660710857056,2.2590796185919224,2.3026384967795774,3.0277213581731806,3.171829372056004,3.9728588937407143,4.243817911458647,,,,,,,,,,,,4.547382156933175,"rgba(239, 83, 80, 1.0)"
2024-05-16 00:00:00+00:00,1.27,1.37,1.22,1.35,934111,0.0,0.0,0.0,0.0,0.0,0.0,0.0,0.0,,,,,,,2.1972041593320837,2.2554802769455047,2.298931977151702,3.022926399138281,3.166846595736019,3.9669208709021775,4.237554379188317,,,,,,,,,,,,4.540796395190241,"rgba(239, 83, 80, 1.0)"
2024-05-17 00:00:00+00:00,1.26,1.32,1.22,1.3,504340,0.0,0.0,0.0,0.0,0.0,0.0,0.0,0.0,,,,,,,2.1953080096761535,2.25350810560943,2.296902676982663,3.020318799794664,3.1641387565003227,3.9637019053862805,4.234160779776649,,,,,,,,,,,,4.537229908665449,"rgba(239, 83, 80, 1.0)"
2024-05-20 00:00:00+00:00,1.32,1.33,1.255,1.26,414460,0.0,0.0,0.0,0.0,0.0,0.0,0.0,0.0,,,,,,,2.1938140648545335,2.2519505528001487,2.295297439838741,3.0182243510826217,3.1619601999625933,3.9610965952226613,4.231410586547486,,,,,,,,,,,,4.53433613064448,"rgba(239, 83, 80, 1.0)"
2024-05-21 00:00:00+00:00,1.28,1.31,1.2711,1.28,200772,0.0,0.0,0.0,0.0,0.0,0.0,0.0,0.0,,,,,,,2.193080324256013,2.25118628663945,2.29451026944012,3.0172029626020334,3.1608984117440158,3.959829433676535,4.230073551537962,,,,,,,,,,,,4.532929854809944,"rgba(239, 83, 80, 1.0)"
2024-05-22 00:00:00+00:00,1.25,1.33,1.23,1.29,437902,0.0,0.0,0.0,0.0,0.0,0.0,0.0,0.0,,,,,,,2.1914540726296963,2.2494941703233926,2.2927686805274123,3.0149575063187473,3.1585657087159102,3.9570522142348823,4.227144711273255,,,,,,,,,,,,4.529850787149615,"rgba(239, 83, 80, 1.0)"
2024-05-23 00:00:00+00:00,1.22,1.3,1.21,1.25,473087,0.0,0.0,0.0,0.0,0.0,0.0,0.0,0.0,,,,,,,2.1896529214570446,2.2476230494464606,2.2908449144876677,3.0125011330728317,3.156016541135657,3.9540285731778275,4.223958572819856,,,,,,,,,,,,4.526503684763275,"rgba(239, 83, 80, 1.0)"
2024-05-24 00:00:00+00:00,1.25,1.295,1.21,1.21,658228,0.0,0.0,0.0,0.0,0.0,0.0,0.0,0.0,,,,,,,2.1871802185458495,2.2450527256649,2.288201193145636,3.009110821336316,3.1524964372899316,3.949845730946788,4.219549215166512,,,,,,,,,,,,4.521869822442781,"rgba(239, 83, 80, 1.0)"
2024-05-28 00:00:00+00:00,1.29,1.31,1.2448,1.26,279956,0.0,0.0,0.0,0.0,0.0,0.0,0.0,0.0,,,,,,,2.1861660055865553,2.243996358451593,2.2871131983143926,3.0076973083426837,3.1510267308081232,3.9480903094569815,4.217696674943164,,,,,,,,,,,,4.519920935034074,"rgba(239, 83, 80, 1.0)"
2024-05-29 00:00:00+00:00,1.3,1.33,1.24,1.26,670988,0.0,0.0,0.0,0.0,0.0,0.0,0.0,0.0,,,,,,,2.183766888393543,2.241495918628378,2.284536786886983,3.0043352924040008,3.1475293612754496,3.943905593059759,4.213278747644762,,,,,,,,,,,,4.515271535893307,"rgba(239, 83, 80, 0.75)"
2024-05-30 00:00:00+00:00,1.3,1.3595,1.28,1.32,328151,0.0,0.0,0.0,0.0,0.0,0.0,0.0,0.0,,,,,,,2.1826285470162934,2.2403074865348542,2.2833108559143063,3.0027180187644444,3.1458450043114885,3.9418816477288456,4.211140067393894,,,,,,,,,,,,4.513018885269472,"rgba(239, 83, 80, 0.75)"
2024-05-31 00:00:00+00:00,1.25,1.31,1.23,1.29,2242455,0.0,0.0,0.0,0.0,0.0,0.0,0.0,0.0,,,,,,,2.1744872146886776,2.231834771294328,2.2745893316672747,2.9914249140848375,3.1341063039248116,3.9278730960458095,4.196359299775985,,,,,,,,,,,,4.497471161446907,"rgba(239, 83, 80, 0.75)"
2024-06-03 00:00:00+00:00,1.31,1.32,1.22,1.27,966282,0.0,0.0,0.0,0.0,0.0,0.0,0.0,0.0,,,,,,,2.1710994036448596,2.2283034457016346,2.2709504281335953,2.9866595542870606,3.129146662584368,3.9219268019054487,4.1900789308131925,,,,,,,,,,,,4.490858508888013,"rgba(239, 83, 80, 0.75)"
2024-06-04 00:00:00+00:00,1.25,1.2977,1.2,1.28,581879,0.0,0.0,0.0,0.0,0.0,0.0,0.0,0.0,,,,,,,2.1689938319947646,2.2261133163113325,2.2686967848804933,2.9837455465465705,3.1261179121923424,3.918312814890007,4.186265829463058,,,,,,,,,,,,4.486847394195147,"rgba(239, 83, 80, 0.75)"
2024-06-05 00:00:00+00:00,1.28,1.3,1.23,1.25,462826,0.0,0.0,0.0,0.0,0.0,0.0,0.0,0.0,,,,,,,2.167363576413317,2.224415157229286,2.2669476957226378,2.981462384416932,3.1237423844841214,3.915467535380884,4.183261340345272,,,,,,,,,,,,4.483684456913064,"rgba(239, 83, 80, 0.75)"
2024-06-06 00:00:00+00:00,1.25,1.28,1.24,1.25,285760,0.0,0.0,0.0,0.0,0.0,0.0,0.0,0.0,,,,,,,2.1663450540961104,2.2233550758509977,2.26585641918756,2.9800447812473014,3.122268182085616,3.913705002759599,4.1814009090986115,,,,,,,,,,,,4.481726597063864,"rgba(239, 83, 80, 0.75)"
2024-06-07 00:00:00+00:00,1.24,1.28,1.23,1.24,302603,0.0,0.0,0.0,0.0,0.0,0.0,0.0,0.0,,,,,,,2.1652610935374215,2.2222273168177122,2.2646957718971104,2.9785403639165438,3.1207040549074168,3.911836453668612,4.179428914127441,,,,,,,,,,,,4.479651646690809,"rgba(239, 83, 80, 0.75)"
2024-06-10 00:00:00+00:00,1.25,1.31,1.225,1.25,646598,0.0,0.0,0.0,0.0,0.0,0.0,0.0,0.0,,,,,,,2.1629828887752636,2.2198550853555608,2.262252996005049,2.9753561353181395,3.1173913810158576,3.9078699968998416,4.175240806957025,,,,,,,,,,,,4.475242822047534,"rgba(239, 83, 80, 0.75)"
2024-06-11 00:00:00+00:00,1.3,1.3,1.235,1.25,251509,0.0,0.0,0.0,0.0,0.0,0.0,0.0,0.0,,,,,,,2.162116158548241,2.2189515090999423,2.261321807322441,2.9741327604654066,3.1161175721808223,3.9063400559392782,4.173624293688861,,,,,,,,,,,,4.473540048297097,"rgba(239, 83, 80, 0.5)"
2024-06-12 00:00:00+00:00,1.34,1.38,1.32,1.33,584611,0.0,0.0,0.0,0.0,0.0,0.0,0.0,0.0,,,,,,,2.1602633297591662,2.217010004100084,2.259314127051183,2.971410246268853,3.1132733590116017,3.902882999266722,4.169962326386332,,,,,,,,,,,,4.469673592890708,#000000
2024-06-13 00:00:00+00:00,1.27,1.39,1.25,1.36,734051,0.0,0.0,0.0,0.0,0.0,0.0,0.0,0.0,,,,,,,2.157825487758119,2.2144636433370692,2.256686581376074,2.96791383702892,3.109627738875944,3.898482079480937,4.165307321968867,,,,,,,,,,,,4.46476512698615,#000000
2024-06-14 00:00:00+00:00,1.2,1.2805,1.175,1.25,784039,0.0,0.0,0.0,0.0,0.0,0.0,0.0,0.0,,,,,,,2.1549799122952877,2.2115077316206477,2.2536476922385096,2.9640059773626284,3.1055679243403356,3.893644767986854,4.160205102053256,,,,,,,,,,,,4.45939894846015,"rgba(239, 83, 80, 0.5)"
2024-06-17 00:00:00+00:00,1.26,1.29,1.2,1.2,380827,0.0,0.0,0.0,0.0,0.0,0.0,0.0,0.0,,,,,,,2.1536502405675115,2.210123638845673,2.2522227614423467,2.9621482677064406,3.103635067752912,3.8913290549616364,4.157759667709528,,,,,,,,,,,,4.45682413163033,"rgba(239, 83, 80, 0.5)"
2024-06-18 00:00:00+00:00,1.23,1.28,1.23,1.24,970905,0.0,0.0,0.0,0.0,0.0,0.0,0.0,0.0,,,,,,,2.150265462914204,2.2066007184932,2.2485961698227617,2.957421087229593,3.0987166604916303,3.8854361139499116,4.151536548802354,,,,,,,,,,,,4.450271577911766,"rgba(239, 83, 80, 0.5)"
2024-06-20 00:00:00+00:00,1.15,1.26,1.15,1.23,1121776,0.0,0.0,0.0,0.0,0.0,0.0,0.0,0.0,,,,,,,2.1461284411396933,2.2023098907232925,2.2441894899032873,2.9518012550011137,3.0928832622541673,3.878505999670987,4.144231624537722,,,,,,,,,,,,4.442592868842794,"rgba(239, 83, 80, 1.0)"
2024-06-21 00:00:00+00:00,1.23,1.31,1.1738,1.19,2080096,0.0,0.0,0.0,0.0,0.0,0.0,0.0,0.0,,,,,,,2.1389553852814522,2.194845091744587,2.2365057506244743,2.941774248568644,3.0824485169788423,3.8659922649050964,4.131014168267494,,,,,,,,,,,,4.428672230946124,"rgba(239, 83, 80, 1.0)"
2024-06-24 00:00:00+00:00,1.32,1.37,1.23,1.26,1447829,0.0,0.0,0.0,0.0,0.0,0.0,0.0,0.0,,,,,,,2.134404959929647,2.190085474757229,2.2315898440064728,2.9351427874073157,3.075522620101812,3.8575779633617464,4.122101922939255,,,,,,,,,,,,4.419261276017081,#000000
2024-06-25 00:00:00+00:00,1.31,1.355,1.28,1.29,1136264,0.0,0.0,0.0,0.0,0.0,0.0,0.0,0.0,,,,,,,2.1309040651409386,2.186420579437657,2.2278025011269227,2.9300023741009613,3.070150289949447,3.851034470100927,4.115167425731036,,,,,,,,,,,,4.411934818065292,#000000
2024-06-26 00:00:00+00:00,1.28,1.38,1.25,1.34,859753,0.0,0.0,0.0,0.0,0.0,0.0,0.0,0.0,,,,,,,2.1282373395030603,2.183631023246192,2.224921185873406,2.9261065706604614,3.0660801861493567,3.846083008208476,4.109921405949959,,,,,,,,,,,,4.406393406203083,#000000
2024-06-27 00:00:00+00:00,1.27,1.35,1.22,1.32,2025057,0.0,0.0,0.0,0.0,0.0,0.0,0.0,0.0,,,,,,,2.121847788504709,2.1769573209051662,2.218034965355967,2.916872858436578,3.056441267121377,3.834389746376259,4.097539888990796,,,,,,,,,,,,4.393321380709355,#000000
2024-06-28 00:00:00+00:00,1.25,1.325,1.21,1.27,1878360,0.0,0.0,0.0,0.0,0.0,0.0,0.0,0.0,,,,,,,2.115879352375543,2.170729855107492,2.2116136163982887,2.9083052766175155,3.047501826831303,3.823561258622446,4.086077663294495,,,,,,,,,,,,4.381222821696426,#000000
2024-07-01 00:00:00+00:00,1.13,1.255,1.13,1.24,1012562,0.0,0.0,0.0,0.0,0.0,0.0,0.0,0.0,,,,,,,2.112360817331928,2.167078970376924,2.207863143731142,2.9034730389624497,3.042478709027257,3.817557965365825,4.079741439523866,,,,,,,,,,,,4.37455254218601,"rgba(239, 83, 80, 0.5)"
2024-07-02 00:00:00+00:00,1.1,1.17,1.1,1.15,489060,0.0,0.0,0.0,0.0,0.0,0.0,0.0,0.0,,,,,,,2.110583929664183,2.1652400009890864,2.205977320392821,2.9010838518383726,3.039999770551684,3.814615353175766,4.0766402464159315,,,,,,,,,,,,4.37129229816894,"rgba(239, 83, 80, 1.0)"
2024-07-03 00:00:00+00:00,1.09,1.12,1.07,1.12,316841,0.0,0.0,0.0,0.0,0.0,0.0,0.0,0.0,,,,,,,2.1094012868461895,2.164017862038141,2.204725315565519,2.899513357608726,3.0383721042627903,3.812691177058632,4.074614213241177,,,,,,,,,,,,4.369164136833657,"rgba(239, 83, 80, 1.0)"
2024-07-05 00:00:00+00:00,1.11,1.11,1.09,1.1,310027,0.0,0.0,0.0,0.0,0.0,0.0,0.0,0.0,,,,,,,2.108258099686863,2.1628358449734564,2.2035139592345914,2.897987771133225,3.0367902500000037,3.8108179285112103,4.072641054762563,,,,,,,,,,,,4.367090765678113,"rgba(239, 83, 80, 1.0)"
2024-07-08 00:00:00+00:00,1.13,1.18,1.11,1.11,332025,0.0,0.0,0.0,0.0,0.0,0.0,0.0,0.0,,,,,,,2.1070812411857047,2.1616165838848356,2.2022627405563284,2.8963901300374615,3.0351310936144973,3.808841763853088,4.070556853385902,,,,,,,,,,,,4.3648981089974415,"rgba(239, 83, 80, 1.0)"
2024-07-09 00:00:00+00:00,1.1,1.15,1.0901,1.14,366901,0.0,0.0,0.0,0.0,0.0,0.0,0.0,0.0,,,,,,,2.105748364515507,2.1602375910085936,2.200848932936662,2.8946013265997905,3.0332753127651566,3.8066396623574197,4.068236269891685,,,,,,,,,,,,4.362458616043593,"rgba(239, 83, 80, 1.0)"
2024-07-10 00:00:00+00:00,1.17,1.17,1.09,1.11,316723,0.0,0.0,0.0,0.0,0.0,0.0,0.0,0.0,,,,,,,2.1046353038220476,2.1590840977766157,2.1996649787884186,2.893085976688708,3.031701171004193,3.8047627341324306,4.066256266135308,,,,,,,,,,,,4.360375089608708,"rgba(239, 83, 80, 0.75)"
2024-07-11 00:00:00+00:00,1.35,1.36,1.19,1.19,991894,0.0,0.0,0.0,0.0,0.0,0.0,0.0,0.0,,,,,,,2.101731474785637,2.156043098784247,2.1965216158591545,2.8887806123449873,3.027195882327018,3.7992467711293334,4.060404150645221,,,,,,,,,,,,4.354184357015152,#000000
2024-07-12 00:00:00+00:00,1.3,1.36,1.25,1.32,790936,0.0,0.0,0.0,0.0,0.0,0.0,0.0,0.0,,,,,,,2.0994405038705777,2.1536429742331906,2.1940400573294183,2.8853713243952046,3.0236270318602947,3.794871566325219,4.055761003226228,,,,,,,,,,,,4.349271156364081,#000000
2024-07-15 00:00:00+00:00,1.3,1.325,1.25,1.32,578940,0.0,0.0,0.0,0.0,0.0,0.0,0.0,0.0,,,,,,,2.0977474497556257,2.151870719109874,2.1922086805699346,2.88286677908581,3.0210064467918434,3.791663815724544,4.052357904083615,,,,,,,,,,,,4.345671132488923,"rgba(38, 166, 154, 1.0)"
2024-07-16 00:00:00+00:00,1.35,1.37,1.29,1.31,1083400,0.0,0.0,0.0,0.0,0.0,0.0,0.0,0.0,,,,,,,2.0947739561842793,2.1487461887760992,2.18897168772277,2.878332933808634,3.0162507152740132,3.7857906771868284,4.04611541265185,,,,,,,,,,,,4.339055881302461,"rgba(38, 166, 154, 1.0)"
2024-07-17 00:00:00+00:00,1.33,1.35,1.24,1.3,619122,0.0,0.0,0.0,0.0,0.0,0.0,0.0,0.0,,,,,,,2.0930182960654995,2.1469058035973854,2.187068119029255,2.8757037460171957,3.0134967065851934,3.7824060441998424,4.04252157850025,,,,,,,,,,,,4.335250917128778,"rgba(38, 166, 154, 1.0)"
2024-07-18 00:00:00+00:00,1.34,1.42,1.31,1.33,832387,0.0,0.0,0.0,0.0,0.0,0.0,0.0,0.0,,,,,,,2.0908194713295334,2.144590601185086,2.1846663622105718,2.8722949342222472,3.0099160532883973,3.7779616753977683,4.037792667628683,,,,,,,,,,,,4.330234512811559,"rgba(38, 166, 154, 1.0)"
2024-07-19 00:00:00+00:00,1.24,1.35,1.21,1.35,593807,0.0,0.0,0.0,0.0,0.0,0.0,0.0,0.0,,,,,,,2.0890675727280255,2.1427595494800817,2.182776159682245,2.8697286486197844,3.0072325952190457,3.7746836188297275,4.034316427773384,,,,,,,,,,,,4.326558231770124,"rgba(38, 166, 154, 1.0)"
2024-07-22 00:00:00+00:00,1.23,1.27,1.2,1.24,359534,0.0,0.0,0.0,0.0,0.0,0.0,0.0,0.0,,,,,,,2.087967614512074,2.141612564433205,2.181593967242037,2.868146589217271,3.0055808071984886,3.77267667697842,4.032190596138672,,,,,,,,,,,,4.324312427396852,#000000
2024-07-23 00:00:00+00:00,1.25,1.26,1.23,1.23,274529,0.0,0.0,0.0,0.0,0.0,0.0,0.0,0.0,,,,,,,2.0871426963371973,2.1407515363953875,2.1807059267820765,2.866950471532906,3.0043310962214473,3.771154406633257,4.030577270911551,,,,,,,,,,,,4.322607183043317,#000000
2024-07-24 00:00:00+00:00,1.2,1.25,1.19,1.25,302881,0.0,0.0,0.0,0.0,0.0,0.0,0.0,0.0,,,,,,,2.0861984388687516,2.1397681613396555,2.1796932342335937,2.865605764133333,3.002928271246396,3.769454903273892,4.028778210022472,,,,,,,,,,,,4.320707656509055,#000000
2024-07-25 00:00:00+00:00,1.21,1.26,1.19,1.21,369019,0.0,0.0,0.0,0.0,0.0,0.0,0.0,0.0,,,,,,,2.0850595104837146,2.138581469518211,2.1784707608812415,2.863976973521677,3.0012284440845693,3.7673927332527,4.026594586371417,,,,,,,,,,,,4.31840143630412,#000000
2024-07-26 00:00:00+00:00,1.24,1.25,1.22,1.24,182706,0.0,0.0,0.0,0.0,0.0,0.0,0.0,0.0,,,,,,,2.0845075633737586,2.1380056958011546,2.177877155528646,2.863179894940231,3.0003959006724217,3.7663796329069408,4.025521115478231,,,,,,,,,,,,4.317267001893515,#000000
2024-07-29 00:00:00+00:00,1.3,1.35,1.19,1.25,861335,0.0,0.0,0.0,0.0,0.0,0.0,0.0,0.0,,,,,,,2.0820476493820474,2.135431208835918,2.1752171355035843,2.8595325349881238,2.996577752432862,3.761696082425257,4.020549994817713,,,,,,,,,,,,4.312005213699848,#000000
2024-07-30 00:00:00+00:00,1.18,1.28,1.17,1.27,470993,0.0,0.0,0.0,0.0,0.0,0.0,0.0,0.0,,,,,,,2.080592033325063,2.133915293174119,2.173656029532828,2.8574571205361474,2.9944122337421186,3.7590704618673327,4.017770067674646,,,,,,,,,,,,4.309069430005441,#000000
2024-07-31 00:00:00+00:00,1.23,1.24,1.22,1.22,344165,0.0,0.0,0.0,0.0,0.0,0.0,0.0,0.0,,,,,,,2.079555816143112,2.1328346275017984,2.172542093208974,2.8559622394188433,2.9928508565331016,3.7571703035947848,4.015756633099674,,,,,,,,,,,,4.306941521145472,#000000
2024-08-01 00:00:00+00:00,1.11,1.23,1.1,1.22,616883,0.0,0.0,0.0,0.0,0.0,0.0,0.0,0.0,,,,,,,2.077523232882006,2.1307258975763848,2.1703760882496352,2.8531526947726733,2.9899271714443842,3.753659514127281,4.012047273067592,,,,,,,,,,,,4.303031700242055,"rgba(239, 83, 80, 1.0)"
2024-08-02 00:00:00+00:00,1.06,1.08,0.9925,1.05,570805,0.0,0.0,0.0,0.0,0.0,0.0,0.0,0.0,,,,,,,2.0754441165451385,2.1285802914308616,2.1681801440267887,2.850405566568363,2.987080128688835,3.7502919695544232,4.0085010424237,,,,,,,,,,,,4.29930532600965,"rgba(239, 83, 80, 1.0)"
2024-08-05 00:00:00+00:00,0.9929,1.01,0.9604,0.9713,532988,0.0,0.0,0.0,0.0,0.0,0.0,0.0,0.0,,,,,,,2.0734045248751714,2.126480670358767,2.1660349035562767,2.8477681018604555,2.984352267902827,3.7470897024580463,4.005134543519734,,,,,,,,,,,,4.295773363084625,"rgba(239, 83, 80, 1.0)"
2024-08-06 00:00:00+00:00,0.9368,1.0229,0.85,1.01,860300,0.0,0.0,0.0,0.0,0.0,0.0,0.0,0.0,,,,,,,2.06997399179331,2.1229562634415577,2.1624389048763337,2.843409918739429,2.9798523675165685,3.7418409135748494,3.999624517742881,,,,,,,,,,,,4.290000270659801,"rgba(239, 83, 80, 1.0)"
2024-08-07 00:00:00+00:00,0.9338,0.99,0.9338,0.985,330327,0.0,0.0,0.0,0.0,0.0,0.0,0.0,0.0,,,,,,,2.06868075279133,2.1216266854717163,2.1610816532224386,2.841755763537813,2.9781432639411682,3.739842197055997,3.9975251033529866,,,,,,,,,,,,4.287799390390682,"rgba(239, 83, 80, 1.0)"
2024-08-08 00:00:00+00:00,0.9187,0.9682,0.8755,0.94,531707,0.0,0.0,0.0,0.0,0.0,0.0,0.0,0.0,,,,,,,2.066546375844862,2.1194349596011537,2.1588461564669656,2.839054620214646,2.9753552662001743,3.7365944361788928,3.9941167207300046,,,,,,,,,,,,4.28422921097777,"rgba(239, 83, 80, 1.0)"
2024-08-09 00:00:00+00:00,0.8302,0.9463,0.8302,0.94,437779,0.0,0.0,0.0,0.0,0.0,0.0,0.0,0.0,,,,,,,2.0647156591975593,2.117558530589564,2.1569347025354335,2.836776321779816,2.9730076010626965,3.7338768324445395,3.991268809851904,,,,,,,,,,,,4.2812501243221295,"rgba(239, 83, 80, 1.0)"
2024-08-12 00:00:00+00:00,0.87,0.8969,0.8107,0.8107,518253,0.0,0.0,0.0,0.0,0.0,0.0,0.0,0.0,,,,,,,2.062538114397927,2.115327236402274,2.1546622025000794,2.8340727598663125,2.970222354529841,3.7306554503564153,3.987893635642319,,,,,,,,,,,,4.277720117023313,"rgba(239, 83, 80, 1.0)"
2024-08-13 00:00:00+00:00,0.99,0.9947,0.8874,0.8874,423990,0.0,0.0,0.0,0.0,0.0,0.0,0.0,0.0,,,,,,,2.0609073306582397,2.1136498603486893,2.152949383792225,2.83197610158596,2.9680548665129605,3.728115272516991,3.985224232731817,,,,,,,,,,,,4.274920355855527,"rgba(239, 83, 80, 0.75)"
2024-08-14 00:00:00+00:00,0.9024,1.01,0.9009,0.99,468892,0.0,0.0,0.0,0.0,0.0,0.0,0.0,0.0,,,,,,,2.0590775040220786,2.1117691457711327,2.151029909568791,2.829638662254103,2.965639950179186,3.7252916605929856,3.9822585273643027,,,,,,,,,,,,4.271811323147946,"rgba(239, 83, 80, 0.75)"
2024-08-15 00:00:00+00:00,1.02,1.03,0.945,0.9499,318084,0.0,0.0,0.0,0.0,0.0,0.0,0.0,0.0,,,,,,,2.0579064532438345,2.1105623828919002,2.149796067458737,2.828106944616876,2.964053833374788,3.723420995589512,3.980289912986877,,,,,,,,,,,,4.269743786954005,"rgba(239, 83, 80, 0.75)"
2024-08-16 00:00:00+00:00,1.02,1.045,0.98,1.0,333153,0.0,0.0,0.0,0.0,0.0,0.0,0.0,0.0,,,,,,,2.056701943127734,2.1093201499064587,2.1485252660305636,2.8265199955424207,2.9624093773099247,3.721476425178858,3.9782423286710484,,,,,,,,,,,,4.267592119229117,"rgba(239, 83, 80, 0.75)"
2024-08-19 00:00:00+00:00,0.9974,1.03,0.98,1.03,310164,0.0,0.0,0.0,0.0,0.0,0.0,0.0,0.0,,,,,,,2.0555695855935983,2.1081529492390274,2.1473316577916606,2.825034843173216,2.9608710509799767,3.7196601747490328,3.9763305246207796,,,,,,,,,,,,4.265583772380203,"rgba(239, 83, 80, 0.75)"
2024-08-20 00:00:00+00:00,1.0,1.05,0.9871,0.9999,203419,0.0,0.0,0.0,0.0,0.0,0.0,0.0,0.0,,,,,,,2.0548352254109785,2.107395626281739,2.1465569444592374,2.8240674120162725,2.9598685539151224,3.718474651124985,3.9750821835244254,,,,,,,,,,,,4.264271944490491,"rgba(239, 83, 80, 0.5)"
2024-08-21 00:00:00+00:00,1.07,1.08,1.015,1.03,185019,0.0,0.0,0.0,0.0,0.0,0.0,0.0,0.0,,,,,,,2.0541954675995564,2.106734497299242,2.1458796769684985,2.8232090703632458,2.9589775730743564,3.717414237468496,3.973963997867455,,,,,,,,,,,,4.263095325397468,#000000
2024-08-22 00:00:00+00:00,1.01,1.06,1.01,1.06,199264,0.0,0.0,0.0,0.0,0.0,0.0,0.0,0.0,,,,,,,2.0534878567208796,2.1060042382096587,2.145132284038169,2.8222707764237374,2.9580046597492995,3.716260980634217,3.972748997982193,,,,,,,,,,,,4.261817897272761,#000000
2024-08-23 00:00:00+00:00,1.07,1.08,1.02,1.06,446620,0.0,0.0,0.0,0.0,0.0,0.0,0.0,0.0,,,,,,,2.0519516231182324,2.104416449012346,2.143505571796245,2.8202063661926933,2.9558613942870897,3.713708509749058,3.9700570894593294,,,,,,,,,,,,4.2589849124462535,#000000
2024-08-26 00:00:00+00:00,1.07,1.1,1.0504,1.06,261280,0.0,0.0,0.0,0.0,0.0,0.0,0.0,0.0,,,,,,,2.051070227729714,2.103504650540318,2.142570846389107,2.819012372873092,2.9546208592520715,3.7122269698788224,3.968493649772229,,,,,,,,,,,,4.2573385732820554,#000000
2024-08-27 00:00:00+00:00,1.06,1.07,1.03,1.06,294382,0.0,0.0,0.0,0.0,0.0,0.0,0.0,0.0,,,,,,,2.0500586548054374,2.1024592227581858,2.141499857599925,2.817653570784271,2.9532101780795124,3.710547001158307,3.9667219197667536,,,,,,,,,,,,4.2554739774898405,#000000
2024-08-28 00:00:00+00:00,1.03,1.08,1.02,1.05,249883,0.0,0.0,0.0,0.0,0.0,0.0,0.0,0.0,,,,,,,2.0491930014455604,2.1015650115633995,2.14058407228184,2.8164952781195014,2.9520080839966347,3.7091172823204497,3.9652145385073823,,,,,,,,,,,,4.253888000029017,#000000
2024-08-29 00:00:00+00:00,1.06,1.07,1.02,1.03,331196,0.0,0.0,0.0,0.0,0.0,0.0,0.0,0.0,,,,,,,2.0480555415094632,2.100389596365497,2.139379998099246,2.8149681638059434,2.9504227101870915,3.707229420274578,3.963223595834661,,,,,,,,,,,,4.251792710505194,#000000
2024-08-30 00:00:00+00:00,1.07,1.08,1.05,1.07,358309,0.0,0.0,0.0,0.0,0.0,0.0,0.0,0.0,,,,,,,2.0468483784019087,2.0991410430551385,2.138100227956623,2.8133345776567387,2.948725540916762,3.7052028183736665,3.961085032222165,,,,,,,,,,,,4.24954076016611,#000000
2024-09-03 00:00:00+00:00,1.03,1.06,1.0,1.06,410439,0.0,0.0,0.0,0.0,0.0,0.0,0.0,0.0,,,,,,,2.0454176393500703,2.097663880142945,2.1365879725521024,2.8114278667159356,2.946747404270059,3.7028529803464347,3.9586082245396836,,,,,,,,,,,,4.246935414021893,#000000
2024-09-04 00:00:00+00:00,1.01,1.04,0.9831,1.03,225568,0.0,0.0,0.0,0.0,0.0,0.0,0.0,0.0,,,,,,,2.0446183954634147,2.096839410766017,2.135744412621478,2.8103705783194344,2.9456512605300555,3.701554167899708,3.957240004506441,,,,,,,,,,,,4.245496937955291,#000000
2024-09-05 00:00:00+00:00,1.03,1.06,0.9954,1.02,269695,0.0,0.0,0.0,0.0,0.0,0.0,0.0,0.0,,,,,,,2.0436805088501804,2.095871094948593,2.134753096084307,2.809120317444301,2.944354106058151,3.7000129693381547,3.9556154611666354,,,,,,,,,,,,4.2437879970039685,#000000
2024-09-06 00:00:00+00:00,0.9901,1.03,0.9864,1.01,238856,0.0,0.0,0.0,0.0,0.0,0.0,0.0,0.0,,,,,,,2.042829830815197,2.0949938740186234,2.13385577850256,2.8079981521299993,2.943190992802608,3.698636063708333,3.9541652710274877,,,,,,,,,,,,4.242263617239744,"rgba(239, 83, 80, 0.5)"
2024-09-09 00:00:00+00:00,1.03,1.07,1.0,1.0,375167,0.0,0.0,0.0,0.0,0.0,0.0,0.0,0.0,,,,,,,2.0415364194559675,2.09365808954459,2.1324879800777805,2.8062687689784465,2.9413962094965163,3.696501181165866,3.9519143734473294,,,,,,,,,,,,4.239895195755998,#000000
2024-09-10 00:00:00+00:00,1.01,1.03,0.99,0.99,241754,0.0,0.0,0.0,0.0,0.0,0.0,0.0,0.0,,,,,,,2.040685463576445,2.0927801996320388,2.1315897114137616,2.8051415128323187,2.9402273332856943,3.695115257176855,3.950454172523629,,,,,,,,,,,,4.238359766984296,#000000
2024-09-11 00:00:00+00:00,1.01,1.04,0.995,1.01,523633,0.0,0.0,0.0,0.0,0.0,0.0,0.0,0.0,,,,,,,2.0388560381395613,2.0908923389724783,2.1296576568197514,2.8027115363216466,2.9377069674429124,3.692123859301807,3.9473017487787003,,,,,,,,,,,,4.2350442105963175,#000000
2024-09-12 00:00:00+00:00,1.04,1.05,0.99,1.03,279516,0.0,0.0,0.0,0.0,0.0,0.0,0.0,0.0,,,,,,,2.03789325459948,2.089898199659382,2.128639823995766,2.8014255577367306,2.9363724394392685,3.6905367259769895,3.945628435118763,,,,,,,,,,,,4.233283555138554,#000000
2024-09-13 00:00:00+00:00,1.06,1.06,1.03,1.04,483414,0.0,0.0,0.0,0.0,0.0,0.0,0.0,0.0,,,,,,,2.0362707885958646,2.088220880039875,2.1269211206088023,2.7992350714931526,2.934096956180588,3.6878202901236152,3.9427621107874473,,,,,,,,,,,,4.230265238466763,#000000
2024-09-16 00:00:00+00:00,1.02,1.06,1.0099,1.06,414457,0.0,0.0,0.0,0.0,0.0,0.0,0.0,0.0,,,,,,,2.034855829115432,2.086759459863569,2.125424607775439,2.7973399485565085,2.9321297304250984,3.6854781348767203,3.9402921826375343,,,,,,,,,,,,4.227665753410509,#000000
2024-09-17 00:00:00+00:00,0.9809,1.3,0.9,1.26,42664912,0.0,0.0,0.0,0.0,0.0,0.0,0.0,0.0,,,,,,,1.9116294260383526,1.9590004784448691,1.994261367459285,2.624828286092458,2.752192256980922,3.4671429413145494,3.7090795674446126,,,,,,,,,,,,3.9832601819915183,#000000
2024-09-18 00:00:00+00:00,0.8485,0.959,0.81609,0.9501,10568142,0.0,0.0,0.0,0.0,0.0,0.0,0.0,0.0,,,,,,,1.880133694888148,1.9265659197539455,1.961117424038096,2.58280460192875,2.7085225153907366,3.414810094745776,3.6538107188082427,,,,,,,,,,,,3.9249558078863633,"rgba(239, 83, 80, 1.0)"
2024-09-19 00:00:00+00:00,0.8503,0.9386,0.8503,0.8813,5690099,0.0,0.0,0.0,0.0,0.0,0.0,0.0,0.0,,,,,,,1.8640390101905138,1.9099757485607503,1.9441535656664932,2.5610696920677283,2.6859050792762744,3.3875545771971263,3.6249902829991485,,,,,,,,,,,,3.8945122948633157,"rgba(239, 83, 80, 1.0)"
2024-09-20 00:00:00+00:00,0.7608,0.861,0.7608,0.8271,3503327,0.0,0.0,0.0,0.0,0.0,0.0,0.0,0.0,,,,,,,1.8535458271930019,1.899193871947928,1.933153092807753,2.547294703334314,2.6716095707358334,3.3705007939068454,3.6069982018538673,,,,,,,,,,,,3.87554623599601,"rgba(239, 83, 80, 1.0)"
2024-09-23 00:00:00+00:00,0.6586,0.7678,0.6565,0.7609,5841386,0.0,0.0,0.0,0.0,0.0,0.0,0.0,0.0,,,,,,,1.834892573964752,1.8800883092410885,1.9137033588217016,2.523516065763481,2.6470048738658867,3.3414754882346256,3.5764541854285943,,,,,,,,,,,,3.843424668159821,"rgba(239, 83, 80, 1.0)"
2024-09-24 00:00:00+00:00,0.6598,0.7228,0.6509,0.6854,5002054,0.0,0.0,0.0,0.0,0.0,0.0,0.0,0.0,,,,,,,1.819166370016757,1.8639824902956377,1.8973088126559938,2.503454906803084,2.6262434943867277,3.316965018293473,3.5506570134312216,,,,,,,,,,,,3.8162885417160344,"rgba(239, 83, 80, 1.0)"
2024-09-25 00:00:00+00:00,0.7228,0.7337,0.6221,0.6594,6965810,0.0,0.0,0.0,0.0,0.0,0.0,0.0,0.0,,,,,,,1.79824441448616,1.8425347300976003,1.8754621024919904,2.476457781710542,2.59826770801895,3.2837641655088863,3.5156717756104454,,,,,,,,,,,,3.7794423016026792,"rgba(239, 83, 80, 1.0)"
2024-09-26 00:00:00+00:00,0.7595,0.7748,0.7133,0.729,3144389,0.0,0.0,0.0,0.0,0.0,0.0,0.0,0.0,,,,,,,1.7895211233801045,1.83357026582817,1.8663154369252961,2.4649097944000893,2.586268412001613,3.2693707540097265,3.5004679806751877,,,,,,,,,,,,3.7633914526360606,"rgba(239, 83, 80, 0.75)"
2024-09-27 00:00:00+00:00,0.7581,0.7937,0.7269,0.7603,7205829,0.0,0.0,0.0,0.0,0.0,0.0,0.0,0.0,,,,,,,1.7702612202403059,1.8137622903740032,1.8460940157347439,2.4391759255382297,2.5595009444860652,3.2371279692613744,3.46637763766349,,,,,,,,,,,,3.7273665391196587,"rgba(239, 83, 80, 0.75)"
2024-09-30 00:00:00+00:00,0.6398,0.7629,0.6257,0.7629,3042924,0.0,0.0,0.0,0.0,0.0,0.0,0.0,0.0,,,,,,,1.7616889606468138,1.8049705907596572,1.837136180589331,2.4280123178839266,2.547918431924381,3.223309534140307,3.4517991557083567,,,,,,,,,,,,3.711991473495758,"rgba(239, 83, 80, 0.75)"
2024-10-01 00:00:00+00:00,0.5988,0.664,0.59,0.6422,3742834,0.0,0.0,0.0,0.0,0.0,0.0,0.0,0.0,,,,,,,1.750768743506666,1.7937901429405876,1.8257582032102837,2.414020976974421,2.533426267051778,3.2061299420295697,3.433701271617175,,,,,,,,,,,,3.6929305979496463,"rgba(239, 83, 80, 0.75)"
2024-10-02 00:00:00+00:00,0.5961,0.61,0.5674,0.5674,2509260,0.0,0.0,0.0,0.0,0.0,0.0,0.0,0.0,,,,,,,1.7433955550222011,1.786245916513831,1.8180840442283737,2.404625159744227,2.523699326792862,3.1946224112937918,3.421584328716759,,,,,,,,,,,,3.6801740948094253,"rgba(239, 83, 80, 0.75)"
2024-10-03 00:00:00+00:00,0.5949,0.6003,0.581,0.5902,1033714,0.0,0.0,0.0,0.0,0.0,0.0,0.0,0.0,,,,,,,1.7403876481477958,1.7831677762845421,1.8149525748329152,2.400784479505331,2.5197223489707192,3.1899128038461098,3.4166242055410563,,,,,,,,,,,,3.6749509164971155,"rgba(239, 83, 80, 1.0)"
2024-10-04 00:00:00+00:00,0.6162,0.6286,0.583,0.5954,2444036,0.0,0.0,0.0,0.0,0.0,0.0,0.0,0.0,,,,,,,1.733443693257792,1.7760569692759178,1.8077152485576524,2.3918540131177215,2.5104676168522406,3.178918539869784,3.405036733383399,,,,,,,,,,,,3.6627401253765983,"rgba(239, 83, 80, 1.0)"
2024-10-07 00:00:00+00:00,0.597,0.619499,0.5925,0.6139,1155422,0.0,0.0,0.0,0.0,0.0,0.0,0.0,0.0,,,,,,,1.730172386012263,1.772707332249229,1.8043062183732883,2.3876483084812476,2.5061092506802036,3.173740932595223,3.3995797670605223,,,,,,,,,,,,3.656989474572842,"rgba(239, 83, 80, 1.0)"
2024-10-08 00:00:00+00:00,0.5966,0.6086,0.5918,0.597,747339,0.0,0.0,0.0,0.0,0.0,0.0,0.0,0.0,,,,,,,1.7280590626827823,1.7705435479173226,1.8021041714674304,2.3849324581467273,2.503294903413704,3.1703978799157255,3.3960564182689263,,,,,,,,,,,,3.6532765358879686,"rgba(239, 83, 80, 1.0)"
2024-10-09 00:00:00+00:00,0.5872,0.6038,0.5821,0.5821,1231818,0.0,0.0,0.0,0.0,0.0,0.0,0.0,0.0,,,,,,,1.724568455057937,1.7669702676217824,1.7984681890319512,2.380454064748681,2.4986548474029777,3.1648895130372527,3.3902518037255396,,,,,,,,,,,,3.6471603301225346,"rgba(239, 83, 80, 1.0)"
2024-10-10 00:00:00+00:00,0.5664,0.5888,0.554101,0.5886,1608253,0.0,0.0,0.0,0.0,0.0,0.0,0.0,0.0,,,,,,,1.7199583728406973,1.7622536926315333,1.7936707735983222,2.3745715608059297,2.4925634482132617,3.1576740098429634,3.382652098237071,,,,,,,,,,,,3.639156419607522,"rgba(239, 83, 80, 1.0)"
2024-10-11 00:00:00+00:00,0.6263,0.6346,0.5686,0.5793,4192747,0.0,0.0,0.0,0.0,0.0,0.0,0.0,0.0,,,,,,,1.7085237727489884,1.750537776072553,1.7817419101055232,2.359750455429832,2.477189636322985,3.1393386833816304,3.3633102166741105,,,,,,,,,,,,3.6187543469278776,"rgba(239, 83, 80, 0.75)"
2024-10-14 00:00:00+00:00,0.6223,0.6574,0.59,0.61,3338221,0.0,0.0,0.0,0.0,0.0,0.0,0.0,0.0,,,,,,,1.699695731091746,1.741486249820871,1.7725214552868378,2.3482158847102435,2.465214098896172,3.125004256006171,3.3481763089546965,,,,,,,,,,,,3.602777358135076,"rgba(239, 83, 80, 0.75)"
2024-10-15 00:00:00+00:00,0.5963,0.6315,0.5924,0.5926,2561108,0.0,0.0,0.0,0.0,0.0,0.0,0.0,0.0,,,,,,,1.6929172161336414,1.7345387653195508,1.7654462062569745,2.3393861688593076,2.456049373366562,3.1140452114303625,3.336608690414138,,,,,,,,,,,,3.5905675158892185,"rgba(239, 83, 80, 0.75)"
2024-10-16 00:00:00+00:00,0.6121,0.6121,0.5765,0.6094,2784844,0.0,0.0,0.0,0.0,0.0,0.0,0.0,0.0,,,,,,,1.6855977752628888,1.727037273923713,1.757807078874184,2.3298505129785414,2.4461513884111143,3.102205918432686,3.3241111272442514,,,,,,,,,,,,3.5773747968732708,"rgba(239, 83, 80, 0.75)"
2024-10-17 00:00:00+00:00,0.5715,0.625,0.5705,0.614,1707684,0.0,0.0,0.0,0.0,0.0,0.0,0.0,0.0,,,,,,,1.6811117976142267,1.7224408181102395,1.7531270825906944,2.324017093386541,2.4400973140194924,3.0949686402896135,3.3164724759678568,,,,,,,,,,,,3.569312051148974,"rgba(239, 83, 80, 0.75)"
2024-10-18 00:00:00+00:00,0.6391,0.6391,0.5798,0.5798,5488171,0.0,0.0,0.0,0.0,0.0,0.0,0.0,0.0,,,,,,,1.66733363588564,1.7083055667929667,1.73872239449928,2.3058546738902783,2.421219662642538,3.072267213320472,3.2924794769912986,,,,,,,,,,,,3.5439527441110457,"rgba(239, 83, 80, 0.5)"
2024-10-21 00:00:00+00:00,0.7027,0.725,0.6436,0.65,7247599,0.0,0.0,0.0,0.0,0.0,0.0,0.0,0.0,,,,,,,1.6508749611456508,1.69136773403329,1.72142457745953,2.2834409380421508,2.3978421473945275,3.043769048313876,3.2622667077782324,,,,,,,,,,,,3.511922269598659,"rgba(239, 83, 80, 0.5)"
2024-10-22 00:00:00+00:00,0.6895,0.6985,0.6463,0.68,3521897,0.0,0.0,0.0,0.0,0.0,0.0,0.0,0.0,,,,,,,1.6429754833209467,1.6832399231434918,1.713125235142305,2.2726896654611104,2.3866281737351978,3.0300941483086086,3.247767809011161,,,,,,,,,,,,3.4965486840969056,#000000
2024-10-23 00:00:00+00:00,0.6365,0.69,0.6365,0.69,2547071,0.0,0.0,0.0,0.0,0.0,0.0,0.0,0.0,,,,,,,1.6372032160893542,1.6773055124281564,1.7070689272271562,2.2648889807025108,2.378497263761938,3.0202034836588783,3.2372869831797537,,,,,,,,,,,,3.4854410044537754,#000000
2024-10-24 00:00:00+00:00,0.6061,0.671,0.601,0.671,2187648,0.0,0.0,0.0,0.0,0.0,0.0,0.0,0.0,,,,,,,1.6321578182452714,1.672123396541063,1.7017839232057095,2.2581321750815646,2.3714607825099026,3.011673188934189,3.228254631392453,,,,,,,,,,,,3.475875155626427,"rgba(239, 83, 80, 0.5)"
2024-10-25 00:00:00+00:00,0.5711,0.611525,0.57,0.6,1807258,0.0,0.0,0.0,0.0,0.0,0.0,0.0,0.0,,,,,,,1.6278558436155735,1.6677111000672808,1.6972884597747735,2.25245015923013,2.365552015348105,3.0045491176625787,3.2207206541997033,,,,,,,,,,,,3.4679054955637802,"rgba(239, 83, 80, 0.5)"
2024-10-28 00:00:00+00:00,0.5794,0.6048,0.5664,0.598,1698207,0.0,0.0,0.0,0.0,0.0,0.0,0.0,0.0,,,,,,,1.6238429229951252,1.6635949736105362,1.6930945479055488,2.247143894837499,2.3600331903407805,2.9978910624187916,3.2136785015301452,,,,,,,,,,,,3.4604549162803093,"rgba(239, 83, 80, 0.5)"
2024-10-29 00:00:00+00:00,0.5619,0.5841,0.5528,0.5712,1264731,0.0,0.0,0.0,0.0,0.0,0.0,0.0,0.0,,,,,,,1.6208250282673475,1.6605010747260345,1.6899433296604878,2.243173162831215,2.3559054981630503,2.9929209613447942,3.208424010308196,,,,,,,,,,,,3.4548979419430297,"rgba(239, 83, 80, 0.5)"
2024-10-30 00:00:00+00:00,0.5173,0.5758,0.512,0.5619,2414055,0.0,0.0,0.0,0.0,0.0,0.0,0.0,0.0,,,,,,,1.6149429769293648,1.6544765802440948,1.6838112754885224,2.23550567400167,2.347942685949992,2.9833690848141843,3.198334306683409,,,,,,,,,,,,3.444236042178987,"rgba(239, 83, 80, 0.5)"
2024-10-31 00:00:00+00:00,0.4733,0.52,0.471,0.5,2733071,0.0,0.0,0.0,0.0,0.0,0.0,0.0,0.0,,,,,,,1.6080739696342774,1.647450613191857,1.676666557319029,2.226670283719078,2.338780014684182,2.9724385550962964,3.1868030977465276,,,,,,,,,,,,3.4320655439530947,"rgba(239, 83, 80, 1.0)"
2024-11-01 00:00:00+00:00,0.4515,0.4899,0.425,0.4699,3090112,0.0,0.0,0.0,0.0,0.0,0.0,0.0,0.0,,,,,,,1.6001844184217258,1.639387305803474,1.6684716383224396,2.2166021708480854,2.3283477307293685,2.960034038385906,3.1737268741836213,,,,,,,,,,,,3.4182740704722407,"rgba(239, 83, 80, 1.0)"
2024-11-04 00:00:00+00:00,0.4497,0.4649,0.4357,0.4515,1557725,0.0,0.0,0.0,0.0,0.0,0.0,0.0,0.0,,,,,,,1.5962296482570024,1.6353455718693548,1.6643640433586453,2.211554771688464,2.3231175675942652,2.953813861335061,3.167169582995967,,,,,,,,,,,,3.4113576224725572,"rgba(239, 83, 80, 1.0)"
2024-11-05 00:00:00+00:00,0.4356,0.4613,0.415,0.4397,1882971,0.0,0.0,0.0,0.0,0.0,0.0,0.0,0.0,,,,,,,1.5914323140818982,1.6304440981753183,1.6593836732781235,2.2054478143581044,2.31679118435692,2.946297744012458,3.1592480445979345,,,,,,,,,,,,3.4030040086416373,"rgba(239, 83, 80, 1.0)"
2024-11-06 00:00:00+00:00,0.4052,0.4356,0.392,0.4128,1806253,0.0,0.0,0.0,0.0,0.0,0.0,0.0,0.0,,,,,,,1.5867633301014141,1.6256767940554706,1.6545418045918012,2.1995422792966846,2.310677740272825,2.9390546007405685,3.151619146149337,,,,,,,,,,,,3.394963875693148,"rgba(239, 83, 80, 1.0)"
2024-11-07 00:00:00+00:00,0.3826,0.4267,0.3707,0.424,1632847,0.0,0.0,0.0,0.0,0.0,0.0,0.0,0.0,,,,,,,1.582511551670326,1.621337152610592,1.6501354893640074,2.194184841956867,2.3051339734797365,2.9324970102233943,3.144714950119194,,,,,,,,,,,,3.387690067702402,"rgba(239, 83, 80, 1.0)"
2024-11-08 00:00:00+00:00,0.3726,0.4,0.34,0.39,2056765,0.0,0.0,0.0,0.0,0.0,0.0,0.0,0.0,,,,,,,1.5770984817787392,1.6158149469910703,1.6445303986313604,2.1873979462967363,2.2981148698897336,2.9242122066689573,3.135996714735058,,,,,,,,,,,,3.378509489440647,"rgba(239, 83, 80, 1.0)"
2024-11-11 00:00:00+00:00,0.3599,0.39015,0.35015,0.3691,2738121,0.0,0.0,0.0,0.0,0.0,0.0,0.0,0.0,,,,,,,1.5699423665033592,1.6085144547522645,1.6371202858344098,2.178420354650131,2.288829307925335,2.913247932440609,3.124457806412133,,,,,,,,,,,,3.3663572889757507,"rgba(239, 83, 80, 1.0)"
2024-11-12 00:00:00+00:00,0.2964,0.3489,0.2921,0.33,5065044,0.0,0.0,0.0,0.0,0.0,0.0,0.0,0.0,,,,,,,1.5563383520043659,1.5946519186082186,1.6230610466279551,2.161554127848594,2.271407547668829,2.8927848205660194,3.102949294249264,,,,,,,,,,,,3.3437323806544246,"rgba(239, 83, 80, 1.0)"
2024-11-13 00:00:00+00:00,0.2962,0.3013,0.2662,0.2875,3691737,0.0,0.0,0.0,0.0,0.0,0.0,0.0,0.0,,,,,,,1.5464146595768016,1.5845433481036597,1.6128117520869367,2.149290973042266,2.258744875265861,2.8779316062976723,3.0873424356760277,,,,,,,,,,,,3.3273199993481706,"rgba(239, 83, 80, 1.0)"
2024-11-14 00:00:00+00:00,0.315,0.3178,0.29005,0.299,3386866,0.0,0.0,0.0,0.0,0.0,0.0,0.0,0.0,,,,,,,1.5375865913095057,1.57554508692296,1.6036841813766387,2.1382985626691147,2.247384087807313,2.8645558122469774,3.073275633593698,,,,,,,,,,,,3.312513957858009,"rgba(239, 83, 80, 1.0)"
2024-11-15 00:00:00+00:00,0.2698,0.3329,0.2,0.3138,19223675,0.0,0.0,0.0,0.0,0.0,0.0,0.0,0.0,,,,,,,1.4882131394053504,1.525241449755274,1.5526739196079902,2.076998525470998,2.1840459687994773,2.79004836933997,2.9949370096112706,,,,,,,,,,,0.2675666666666667,3.2300675804541794,"rgba(239, 83, 80, 1.0)"
2024-11-18 00:00:00+00:00,0.2848,0.29,0.27,0.27,7077563,0.0,0.0,0.0,0.0,0.0,0.0,0.0,0.0,,,,,,,1.4711866015024306,1.5078780370874532,1.535055412202225,2.055596772803463,2.1618990015215904,2.763829211697269,2.967328513085377,,,,,,,,,,,0.27134298323270306,3.200965263705174,"rgba(239, 83, 80, 1.0)"
2024-11-19 00:00:00+00:00,0.3297,0.3852,0.279,0.279,15047927,0.0,0.0,0.0,0.0,0.0,0.0,0.0,0.0,,,,,,,1.4379837959399417,1.4739585479017316,1.500595396017807,2.012975768899799,2.1176839959731506,2.710945876970471,2.9115089003433874,,,,,,,,,,,0.2931627421432412,3.141981062050053,"rgba(239, 83, 80, 0.75)"
2024-11-20 00:00:00+00:00,0.31,0.3699,0.2919,0.3606,4328715,0.0,0.0,0.0,0.0,0.0,0.0,0.0,0.0,,,,,,,1.4287266631373523,1.4644998468357644,1.4909848169358848,2.0010507944416567,2.1053070407996093,2.6961107844366565,2.895842304989278,,,,,,,,,,,0.2960787513722908,3.1254166955970506,"rgba(239, 83, 80, 0.75)"
2024-11-21 00:00:00+00:00,0.3,0.3198,0.2925,0.3049,3009713,0.0,0.0,0.0,0.0,0.0,0.0,0.0,0.0,,,,,,,1.4222664894493047,1.4579017086535337,1.484282682513098,1.992761347608508,2.096706952484758,2.6858189648559945,2.8849776711065984,,,,,,,,,,,0.29657459959117993,3.113933226124695,"rgba(239, 83, 80, 0.75)"
2024-11-22 00:00:00+00:00,0.3058,0.3093,0.2902,0.2902,1990157,0.0,0.0,0.0,0.0,0.0,0.0,0.0,0.0,,,,,,,1.4180265136652295,1.4535710423359303,1.479883669586864,1.9873168196215214,2.0910578098322614,2.679055437914558,2.8778369308307434,,,,,,,,,,,0.2967784963433986,3.1063847850180415,"rgba(239, 83, 80, 0.75)"
2024-11-25 00:00:00+00:00,0.3418,0.357299,0.3073,0.3073,3814884,0.0,0.0,0.0,0.0,0.0,0.0,0.0,0.0,,,,,,,1.4102307464887045,1.445599994285156,1.4717807649564194,1.9771844602497164,2.080530005305733,2.666379574426933,2.864436429463377,,,,,,,,,,,0.29948692864871734,3.0922005757332016,"rgba(239, 83, 80, 0.5)"
2024-11-26 00:00:00+00:00,0.328,0.3715,0.3156,0.3691,1603660,0.0,0.0,0.0,0.0,0.0,0.0,0.0,0.0,,,,,,,1.4069958172248607,1.4422917048787716,1.4684173134737621,1.972969600932164,2.076149332972251,2.6610984535684525,2.8588517624446745,,,,,,,,,,,0.30059840814627314,3.086287457595177,"rgba(239, 83, 80, 0.5)"
2024-11-27 00:00:00+00:00,0.3265,0.3399,0.3106,0.319,2876001,0.0,0.0,0.0,0.0,0.0,0.0,0.0,0.0,,,,,,,1.4011745784027887,1.4363401903253883,1.4623678119490933,1.9654064272050968,2.0682909642825837,2.651635616307367,2.848847684010411,,,,,,,,,,,0.30182095403113157,3.0756975269479097,"rgba(239, 83, 80, 0.5)"
2024-11-29 00:00:00+00:00,0.35,0.36,0.335,0.34,1261169,0.0,0.0,0.0,0.0,0.0,0.0,0.0,0.0,,,,,,,1.3986949841699523,1.433803180458429,1.4597876676643062,1.962157267857589,2.06491169753544,2.647550368484376,2.844524812623872,,,,,,,,,,,0.30279483079326136,3.0711173336616997,"rgba(239, 83, 80, 0.5)"
2024-12-02 00:00:00+00:00,0.3743,0.39,0.3567,0.3567,2253473,0.0,0.0,0.0,0.0,0.0,0.0,0.0,0.0,,,,,,,1.3943995319001858,1.4294044670478008,1.4553114715970454,1.9564746472364754,2.0589951499929637,2.640366793821114,2.836915763858445,,,,,,,,,,,0.3053506892857516,3.063047361692582,"rgba(239, 83, 80, 0.5)"
2024-12-03 00:00:00+00:00,0.3638,0.382601,0.36,0.3713,1078605,0.0,0.0,0.0,0.0,0.0,0.0,0.0,0.0,,,,,,,1.3923465243294475,1.427302307778783,1.4531724296861128,1.953760755580967,2.056169736173259,2.6369371290257155,2.833283156817224,,,,,,,,,,,0.3064273276839256,3.059194844779086,#000000
2024-12-04 00:00:00+00:00,0.3729,0.3842,0.35,0.35,1238196,0.0,0.0,0.0,0.0,0.0,0.0,0.0,0.0,,,,,,,1.390000397005022,1.4248998912678799,1.450727779750614,1.9506571876118814,2.052938342607204,2.633013158399215,2.8291266212911768,,,,,,,,,,,0.3076235319178708,3.0547862501714667,#000000
2024-12-05 00:00:00+00:00,0.3987,0.4223,0.386,0.39,2470732,0.0,0.0,0.0,0.0,0.0,0.0,0.0,0.0,,,,,,,1.3855025207001546,1.4202886568438862,1.4460316197390295,1.9446300533457703,2.0466539630290392,2.625338169239804,2.8209860194269,,,,,,,,,,,0.3111018579020194,3.046140794714943,"rgba(38, 166, 154, 1.0)"
2024-12-06 00:00:00+00:00,0.4492,0.4722,0.4163,0.42,2670736,0.0,0.0,0.0,0.0,0.0,0.0,0.0,0.0,,,,,,,1.3808998089346087,1.415562029902904,1.4412123317466532,1.9383501319090255,2.04009303193174,2.6172625062628483,2.812405047415133,,,,,,,,,,,0.316248890435374,3.0370116175364257,"rgba(38, 166, 154, 1.0)"
2024-12-09 00:00:00+00:00,0.4881,0.5155,0.4704,0.5036,4157844,0.0,0.0,0.0,0.0,0.0,0.0,0.0,0.0,,,,,,,1.3741671625838578,1.4086346603166378,1.4341396286736527,1.9289719692601621,2.030273296229508,2.6050691972531475,2.7994228853152086,,,,,,,,,,,0.3260726939144026,3.023173038293562,"rgba(38, 166, 154, 1.0)"
2024-12-10 00:00:00+00:00,0.4401,0.4918,0.4261,0.4876,2574835,0.0,0.0,0.0,0.0,0.0,0.0,0.0,0.0,,,,,,,1.3698683013325597,1.4042179155172383,1.4296347951180237,1.9230704745862786,2.024103173378303,2.5974512549004753,2.7913224940925763,,,,,,,,,,,0.3303237056869831,3.014548649638128,"rgba(38, 166, 154, 1.0)"
2024-12-11 00:00:00+00:00,0.4605,0.469,0.4321,0.4672,1364086,0.0,0.0,0.0,0.0,0.0,0.0,0.0,0.0,,,,,,,1.3676100387305774,1.401897457342641,1.4272678693616003,1.919965618528956,2.020856387980815,2.5934395072027416,2.7870559097988883,,,,,,,,,,,0.33248309788725094,3.0100051931964034,"rgba(38, 166, 154, 1.0)"
2024-12-12 00:00:00+00:00,0.4144,0.465,0.3907,0.46,2089235,0.0,0.0,0.0,0.0,0.0,0.0,0.0,0.0,,,,,,,1.364058055527864,1.3982516934759046,1.423551969374163,1.9151371769140315,2.0158132722514006,2.5872369646434623,2.780466289401378,,,,,,,,,,,0.33485267576205374,3.002994945017837,"rgba(38, 166, 154, 1.0)"
2024-12-13 00:00:00+00:00,0.4094,0.4185,0.3799,0.41,2408209,0.0,0.0,0.0,0.0,0.0,0.0,0.0,0.0,,,,,,,1.3599071281686794,1.393994070118564,1.4192145019613878,1.909533121661497,2.009964266430468,2.580063100830468,2.772849517190843,,,,,,,,,,,0.3368293037276837,2.994896731076205,"rgba(38, 166, 154, 0.75)"
2024-12-16 00:00:00+00:00,0.4118,0.416,0.391,0.4,1659115,0.0,0.0,0.0,0.0,0.0,0.0,0.0,0.0,,,,,,,1.3570790465878666,1.3910927099637433,1.4162583210141362,1.905705689742646,2.0059683941759774,2.57515635424868,2.767638407511836,,,,,,,,,,,0.3381975529169809,2.9893546681881356,"rgba(38, 166, 154, 0.75)"
2024-12-17 00:00:00+00:00,0.3787,0.4191,0.3757,0.4191,2345520,0.0,0.0,0.0,0.0,0.0,0.0,0.0,0.0,,,,,,,1.353046395136557,1.3869575213474432,1.4120463908479857,1.9002737590651737,2.0003002112758472,2.568209241783128,2.760263544258906,,,,,,,,,,,0.3396331237699992,2.9815145573149606,#000000
2024-12-18 00:00:00+00:00,0.398,0.4591,0.3643,0.3842,3802521,1.0,0.4591,0.3643,0.0,0.0,0.0,0.0,0.0,,,,0.40713333333333335,,,1.3466871277509376,1.38043213674358,1.4053967817684132,1.8916422043273962,1.9912854544907135,2.5571220284677105,2.7484842220171655,,,,,,,,,,,0.342474083438175,2.968982060753483,#000000
2024-12-19 00:00:00+00:00,0.392,0.4264,0.3867,0.4142,2086936,0.0,0.0,0.0,0.0,0.0,0.0,0.0,0.0,,,,0.4052080252899376,,,1.3432132079356367,1.3768678319561523,1.4017648865227277,1.8869300488457912,1.9863642940151611,2.5510699984474674,2.742054480778468,,,,,,,,,,,0.3438112684203035,2.9621411010150642,#000000
2024-12-20 00:00:00+00:00,0.4132,0.42175,0.39,0.39,2552593,0.0,0.0,0.0,0.0,0.0,0.0,0.0,0.0,,,,0.4061479742617808,,,1.3390283424552465,1.3725727070647202,1.3973873422090486,1.8812323365565726,1.9804113091551319,2.5437362767301215,2.734259915601418,,,,,,,,,,,0.3455447434027049,2.9538446230790267,#000000
2024-12-23 00:00:00+00:00,0.5208,0.6295,0.4111,0.4111,21706877,0.0,0.0,0.0,0.0,0.0,0.0,0.0,0.0,,,,0.48845610399501116,,,1.3090118258814205,1.3416066300915495,1.3657146324589706,1.8380563913728736,1.9350324481421202,2.486514402678684,2.673119334399688,,,,,,,,,,,0.37808319404909,2.888427269852492,"rgba(38, 166, 154, 1.0)"
2024-12-24 00:00:00+00:00,0.71,0.88,0.55,0.6214,48687071,0.0,0.0,0.0,0.0,0.0,0.0,0.0,0.0,,,,0.6273344579048351,,,1.2637418434173648,1.2942558580810106,1.3168254457798831,1.7633318114795362,1.855411159027392,2.3807433039396697,2.558801158790009,,,,,,,,,,,0.4767791826612825,2.764732892196949,"rgba(38, 166, 154, 1.0)"
2024-12-26 00:00:00+00:00,1.42,1.9,0.9,1.02,198769489,0.0,0.0,0.0,0.0,0.0,0.0,0.0,0.0,,,,1.1853474372982522,,,1.2975859147851234,1.3207053621409466,1.33787278486852,1.687231395721248,1.7611047174691503,2.1899832899118286,2.3371989224681577,,,,,,,,,,,0.9843543440797793,2.5088401475625046,"rgba(38, 166, 154, 1.0)"
2024-12-27 00:00:00+00:00,2.39,2.47,1.87,2.37,118690573,0.0,0.0,0.0,0.0,0.0,0.0,0.0,0.0,,,,1.5022139542813435,,,1.4147460129207037,1.4343652800588493,1.4489933589975466,1.7500757971548244,1.8148722507656954,2.195568839405966,2.3275289158460546,,,,,,,,,,,1.2938334750274239,2.4819883092843686,"rgba(38, 166, 154, 1.0)"
2024-12-30 00:00:00+00:00,2.42,2.47,2.0,2.28,41890301,0.0,0.0,0.0,0.0,0.0,0.0,0.0,0.0,,,,1.5781630622730634,,,1.45169022572158,1.470294965269226,1.48418470874437,1.7710403935253936,1.833113878418053,2.1991714049516102,2.3264461494562845,,,,,,,,,,,1.3738916980118712,2.4756014069820518,"rgba(38, 166, 154, 1.0)"
2024-12-31 00:00:00+00:00,2.19,2.31,1.91,2.305,29737244,0.0,0.0,0.0,0.0,0.0,0.0,0.0,0.0,,,,1.6136568005270504,,,1.4714714539651759,1.4894392210604597,1.5028635120243228,1.7807316933728499,1.8410590749296551,2.1976292754411424,2.3218344618187965,,,,,,,,,,,1.4148008929043667,2.467507276883979,"rgba(38, 166, 154, 1.0)"
2025-01-02 00:00:00+00:00,1.9,2.1,1.84,1.96,18232868,0.0,0.0,0.0,0.0,0.0,0.0,0.0,0.0,,,,1.6261460406569894,,,1.4797390912245365,1.4973537508305765,1.510518921822914,1.7833852939289638,1.8427271114025658,2.1938894556131823,2.3163267969213575,,,,,,,,,,,1.4317337191499713,2.459991043529892,"rgba(38, 166, 154, 1.0)"
2025-01-03 00:00:00+00:00,2.25,2.45,2.07,2.295,43822841,0.0,0.0,0.0,0.0,0.0,0.0,0.0,0.0,,,,1.678282424872247,,,1.5109239594557409,1.5276826316154934,1.5402223149473309,1.8009032185468943,1.8578665987155267,2.1960601878385817,2.314293448214418,,,,,,,,,,,1.4903704351377298,2.4531751581414944,"rgba(38, 166, 154, 0.75)"
2025-01-06 00:00:00+00:00,2.08,2.53,2.02,2.5,46028626,0.0,0.0,0.0,0.0,0.0,0.0,0.0,0.0,,,,1.720771820770474,,,1.539204080948682,1.5551553334874868,1.5671035811048526,1.8162124267711783,1.8708934050748351,2.1965487223563946,2.3106890129336795,,,,,,,,,,,1.5403643384080048,2.4449042870193076,"rgba(38, 166, 154, 0.75)"
2025-01-07 00:00:00+00:00,1.75,2.12,1.7,2.12,28258617,0.0,0.0,0.0,0.0,0.0,0.0,0.0,0.0,,,,1.727126963807878,,,1.5468974748370654,1.5624287176067768,1.5740668601500971,1.8171209765326677,1.8705774643127406,2.1893898553452793,2.3012557510082536,,,,,,,,,,,1.5533031471927834,2.432872433404744,"rgba(38, 166, 154, 0.75)"
2025-01-08 00:00:00+00:00,1.55,1.7,1.42,1.52,21789039,0.0,0.0,0.0,0.0,0.0,0.0,0.0,0.0,,,,1.7211943180714737,,,1.5470766719302758,1.5623234988060162,1.5737500982859467,1.812687472515291,1.8652927667375696,2.1792782427438646,2.289515264367353,,,,,,,,,,,1.5534059929595545,2.4192681053974483,"rgba(38, 166, 154, 0.75)"
2025-01-10 00:00:00+00:00,1.27,1.5,1.21,1.48,18162543,0.0,0.0,0.0,0.0,0.0,0.0,0.0,0.0,,,,1.7100713381372985,,,1.543757329578778,1.558790250971015,1.5700567499381368,1.8058877675433445,1.857838794984474,2.1680696956309564,2.2770243252459093,,,,,,,,,,,1.5477705580320567,2.4053080657599017,"rgba(38, 166, 154, 0.75)"
2025-01-13 00:00:00+00:00,0.94,1.2497,0.930001,1.15,21681885,0.0,0.0,0.0,0.0,0.0,0.0,0.0,0.0,,,,1.6882503888464273,,,1.5348589684166742,1.5496662516647126,1.5607623844875373,1.7933047799382402,1.844545725998882,2.1506383816074006,2.258157601873907,,,,,,,,,,,1.5331361364353735,2.3847948621258586,#000000
2025-01-14 00:00:00+00:00,0.8203,1.02,0.7512,0.9694,35528892,0.0,0.0,0.0,0.0,0.0,0.0,0.0,0.0,,,,1.6464918815192462,,,1.515986151030641,1.5304585080904152,1.541300338328537,1.7689408729193177,1.8191057616430215,2.118862738146681,2.2241628404114246,,,,,,,,,,,1.502957960238007,2.348251210953924,#000000
2025-01-15 00:00:00+00:00,0.8299,1.06,0.812101,0.9,49111707,0.0,0.0,0.0,0.0,0.0,0.0,0.0,0.0,,,,1.597688749574071,,,1.4929591710393686,1.5069858403240113,1.517490090355462,1.7385800728191845,1.787312985452118,2.0786535508335517,2.1810130257191593,,,,,,,,,,,1.4676215861267135,2.301719244816057,"rgba(239, 83, 80, 0.5)"
2025-01-16 00:00:00+00:00,1.04,1.115,0.7643,0.83,46784254,0.0,0.0,0.0,0.0,0.0,0.0,0.0,0.0,,,,1.5610400514730387,,,1.4750644794800578,1.4886805404350174,1.4988748407910497,1.713904086090749,1.7613209146049165,2.0449514104807673,2.144627917092668,,,,,,,,,,,1.4414459589640278,2.262244101880024,"rgba(239, 83, 80, 0.5)"
2025-01-17 00:00:00+00:00,0.93,1.13,0.903,1.06,51580821,0.0,0.0,0.0,0.0,0.0,0.0,0.0,0.0,,,,1.526200999270256,,,1.4572434153413973,1.470430990623205,1.480302230160402,1.688978778887803,1.7350172781495705,2.0105717504527876,2.1074396005647933,,,,,,,,,,,1.4164245096563126,2.221816353739438,"rgba(239, 83, 80, 0.5)"
2025-01-21 00:00:00+00:00,0.882,0.915,0.8084,0.8995,22595165,0.0,0.0,0.0,0.0,0.0,0.0,0.0,0.0,,,,1.5091481007565537,,,1.4479617253041412,1.460976776483076,1.4707175010843045,1.6768255030723496,1.7223007189653077,1.9945318958456197,2.09023659212424,,,,,,,,,,,1.4035011093987768,2.20327002796208,"rgba(239, 83, 80, 0.5)"
2025-01-22 00:00:00+00:00,0.8314,0.93,0.81,0.9176,24187194,0.0,0.0,0.0,0.0,0.0,0.0,0.0,0.0,,,,1.4915410694388076,,,1.4381568940312854,1.450992691764197,1.4605978203102763,1.6640317723958278,1.7089200896965533,1.9776859046246973,2.0721771432976976,,,,,,,,,,,1.390046954010387,2.183808257382796,"rgba(239, 83, 80, 0.5)"
2025-01-23 00:00:00+00:00,1.1,1.5,0.9602,1.08,228549199,0.0,0.0,0.0,0.0,0.0,0.0,0.0,0.0,,,,1.4295758894342148,,,1.4040755254480963,1.4152849478307938,1.4236725390776783,1.6026860114353227,1.6423378185438717,1.8805807888230106,1.9645380928468301,,,,,,,,,,,1.3516691190361738,2.063967889772658,"rgba(239, 83, 80, 0.5)"
2025-01-24 00:00:00+00:00,1.13,1.305,1.11,1.255,67491276,0.0,0.0,0.0,0.0,0.0,0.0,0.0,0.0,,,,1.4155360226965525,,,1.3955152949704461,1.4063206933253325,1.4144058306610505,1.5872907792399378,1.6256215431191685,1.8561286377036723,1.9374080794388653,,,,,,,,,,,1.342693191213647,2.0337257185098765,"rgba(239, 83, 80, 0.5)"
2025-01-27 00:00:00+00:00,1.1,1.29,1.07,1.1393,49427848,0.0,0.0,0.0,0.0,0.0,0.0,0.0,0.0,,,,1.4050940551218973,,,1.3888759247164375,1.3994056613093082,1.4072842971506585,1.5759725611000195,1.61339541328609,1.8385712970889594,1.918001166786027,,,,,,,,,,,1.335643671562132,2.0121666964079097,#000000
2025-01-28 00:00:00+00:00,1.1,1.1274,0.9901,1.12,18394473,0.0,0.0,0.0,0.0,0.0,0.0,0.0,0.0,,,,1.4002368535628427,,,1.3856807413185792,1.396113826088261,1.4039199048197317,1.5711327615773756,1.6082342575373108,1.8315146936141928,1.9102841970588391,,,,,,,,,,,1.3320477964489563,2.0036807087124657,#000000
2025-01-29 00:00:00+00:00,1.06,1.11,1.01,1.1,13293854,0.0,0.0,0.0,0.0,0.0,0.0,0.0,0.0,,,,1.3966833493279511,,,1.3833208627976854,1.393685447095414,1.4014400878970876,1.5676062760677945,1.6044795269917693,1.8264125499142179,1.9047122761128121,,,,,,,,,,,1.3293873627294694,1.9975615473612953,#000000
2025-01-30 00:00:00+00:00,1.05,1.06,1.01,1.06,8353140,0.0,0.0,0.0,0.0,0.0,0.0,0.0,0.0,,,,1.394357849047427,,,1.3817648119988213,1.3920870708279143,1.399809912678546,1.5653288802551035,1.6020607561489895,1.8231582552794279,1.901166373876999,,,,,,,,,,,1.3276200021182225,1.993675872312243,#000000
2025-01-31 00:00:00+00:00,1.18,1.24,1.03,1.04,25042726,0.0,0.0,0.0,0.0,0.0,0.0,0.0,0.0,,,,1.3896731173171992,,,1.3786578105358431,1.3888509800107038,1.396477134224676,1.560022865145721,1.5963271002139598,1.8149092674605387,1.8920438181347088,,,,,,,,,,,1.3244263360109783,1.9835354579578806,#000000
2025-02-03 00:00:00+00:00,1.16,1.2,1.04,1.04,11479057,0.0,0.0,0.0,0.0,0.0,0.0,0.0,0.0,,,,1.3874400633922772,,,1.3771595101269833,1.387294865136419,1.3948776986328615,1.5575387190151573,1.593650909928338,1.8111022074975558,1.8878436162936048,,,,,,,,,,,1.3228642593858548,1.9788770155395172,#000000
2025-02-04 00:00:00+00:00,1.2,1.4,1.17,1.24,21567153,0.0,0.0,0.0,0.0,0.0,0.0,0.0,0.0,,,,1.3853341590472845,,,1.3757925658387549,1.3858171073569183,1.3933171710175234,1.5542832847100416,1.5900305891735307,1.805344107786116,1.881346240480071,,,,,,,,,,,1.3218629529353536,1.9715179804741627,#000000
2025-02-05 00:00:00+00:00,1.11,1.25,1.1,1.25,19118127,0.0,0.0,0.0,0.0,0.0,0.0,0.0,0.0,,,,1.382068990306026,,,1.3735777026832496,1.3835088829508795,1.3909390271975286,1.5504741690870258,1.5859109984585382,1.799396319481339,1.8747630952670395,,,,,,,,,,,1.3196331366857796,1.9641938538541948,#000000
2025-02-06 00:00:00+00:00,1.31,1.345,1.13,1.13,33780387,0.0,0.0,0.0,0.0,0.0,0.0,0.0,0.0,,,,1.3791475134760371,,,1.3716429967404882,1.381408252457982,1.3887144751173381,1.5457062148108591,1.5805949862362245,1.7908665025688157,1.865121292242498,,,,,,,,,,,1.31830893912776,1.9532550090594423,"rgba(38, 166, 154, 0.5)"
2025-02-07 00:00:00+00:00,1.26,1.325,1.21,1.31,17007982,0.0,0.0,0.0,0.0,0.0,0.0,0.0,0.0,,,,1.3777698324414505,,,1.370722761806356,1.3804064773708322,1.3876518036875072,1.5433921856969697,1.57801117024898,1.7866998755732733,1.860406837692225,,,,,,,,,,,1.317702764862035,1.94790130410114,"rgba(38, 166, 154, 0.5)"
2025-02-10 00:00:00+00:00,1.16,1.26,1.13,1.26,16516369,0.0,0.0,0.0,0.0,0.0,0.0,0.0,0.0,,,,1.3755173506890526,,,1.3691655447211366,1.378773194555312,1.3859615951299715,1.5405326913001804,1.5748980433826476,1.7820928214542338,1.8552807094199892,,,,,,,,,,,1.3162352233269186,1.9421691918379698,"rgba(38, 166, 154, 0.5)"
2025-02-11 00:00:00+00:00,1.08,1.14,1.08,1.14,11143320,0.0,0.0,0.0,0.0,0.0,0.0,0.0,0.0,,,,1.3733806129207102,,,1.367664839393717,1.3772230815522752,1.3843744259192776,1.5381848263279103,1.5723841352156642,1.778596961504706,1.8514423174312502,,,,,,,,,,,1.3146535093939566,1.9379307450255945,#000000
2025-02-12 00:00:00+00:00,1.05,1.1,1.0,1.045,10684112,0.0,0.0,0.0,0.0,0.0,0.0,0.0,0.0,,,,1.3709937761793165,,,1.3659757464931135,1.3754877962546632,1.3826044498111243,1.5357028965051998,1.5697461996642306,1.7750341500539093,1.8475561097328093,,,,,,,,,,,1.3128103293428741,1.9336667202765627,#000000
2025-02-13 00:00:00+00:00,1.04,1.08,1.03,1.07,10211923,0.0,0.0,0.0,0.0,0.0,0.0,0.0,0.0,,,,1.3687451286281425,,,1.3643780081918964,1.3738463184276155,1.3809301248454946,1.5333541304890559,1.5672496311386632,1.7716612152362612,1.8438767190587158,,,,,,,,,,,1.3110724475064959,1.9296292495693304,"rgba(239, 83, 80, 1.0)"
2025-02-14 00:00:00+00:00,1.02,1.07,1.02,1.0502,8555866,0.0,0.0,0.0,0.0,0.0,0.0,0.0,0.0,,,,1.3668074559912329,,,1.3629955124407065,1.3724276302292462,1.3794842482517986,1.531349876880228,1.5651228753875182,1.7688075659541735,1.8407687100759047,,,,,,,,,,,1.3095605302415483,1.9262239818368443,"rgba(239, 83, 80, 1.0)"
2025-02-18 00:00:00+00:00,1.02,1.06,1.01,1.05,9198834,0.0,0.0,0.0,0.0,0.0,0.0,0.0,0.0,,,,1.3647076741531214,,,1.3614919753000194,1.3708855640376365,1.3779132342452114,1.5291841729217137,1.562826626068044,1.7657363701089632,1.837426241206324,,,,,,,,,,,1.3079142099509522,1.9225644427413426,"rgba(239, 83, 80, 1.0)"
2025-02-19 00:00:00+00:00,1.0,1.04,0.93,1.0,16367033,0.0,0.0,0.0,0.0,0.0,0.0,0.0,0.0,,,,1.3605968267987048,,,1.3585313233001866,1.3678579538340683,1.3748352634988878,1.5250716597394331,1.5584862965663766,1.7600409316389967,1.8312555260753822,,,,,,,,,,,1.3046176668549374,1.9158380529120729,"rgba(239, 83, 80, 1.0)"
2025-02-20 00:00:00+00:00,0.9514,1.0,0.931,0.9958,19901272,0.0,0.0,0.0,0.0,0.0,0.0,0.0,0.0,,,,1.3553338206359011,,,1.3547140759426466,1.3639612703584787,1.3708787916682879,1.5198865247199425,1.553029964927819,1.7529689406490672,1.8236160655684432,,,,,,,,,,,1.3003366556793081,1.9075349111954103,"rgba(239, 83, 80, 1.0)"
2025-02-21 00:00:00+00:00,0.9,0.9998,0.88,0.97,15906965,0.0,0.0,0.0,0.0,0.0,0.0,0.0,0.0,,,,1.3508696275693572,,,1.3514549013140924,1.3606402208454367,1.367511131195862,1.5155607423259128,1.548492126703704,1.7471655241828934,1.8173674053399516,,,,,,,,,,,1.2966537594398164,1.9007653434368645,"rgba(239, 83, 80, 1.0)"
2025-02-24 00:00:00+00:00,0.9101,0.957,0.8106,0.9,17593638,0.0,0.0,0.0,0.0,0.0,0.0,0.0,0.0,,,,1.345651637985479,,,1.3476232861252004,1.3567418311138324,1.3635623959788974,1.5105769013310604,1.5432785764132044,1.7405786394705265,1.8102965833347018,,,,,,,,,,,1.29229704327149,1.893128166322715,"rgba(239, 83, 80, 1.0)"
2025-02-25 00:00:00+00:00,0.8384,0.92,0.82,0.8825,14756091,0.0,0.0,0.0,0.0,0.0,0.0,0.0,0.0,,,,1.3410528830584607,,,1.3442284484812768,1.3532922969568786,1.3600715879165226,1.5062373358011671,1.538750165623722,1.7349192956596213,1.8042380965974496,,,,,,,,,,,1.2884181472937766,1.8866024189284911,"rgba(239, 83, 80, 1.0)"
2025-02-26 00:00:00+00:00,0.7955,0.86,0.7622,0.831,22752039,0.0,0.0,0.0,0.0,0.0,0.0,0.0,0.0,,,,1.3333602071552804,,,1.3385172916403816,1.3474994653302723,1.3542170356161516,1.4991136000388383,1.5313428414053665,1.7258090753807414,1.7945253498585985,,,,,,,,,,,1.2818416729224476,1.8761840443519728,"rgba(239, 83, 80, 1.0)"
2025-02-27 00:00:00+00:00,0.6798,0.79,0.64,0.79,19689683,0.0,0.0,0.0,0.0,0.0,0.0,0.0,0.0,,,,1.3256181971395193,,,1.3327380461192644,1.341652988968604,1.348319600256584,1.4921690804420353,1.5241623767216532,1.7172044129862125,1.7854142810296678,,,,,,,,,,,1.2750969358936877,1.8664795824232248,"rgba(239, 83, 80, 1.0)"
2025-02-28 00:00:00+00:00,0.6634,0.6874,0.5905,0.6113,13411136,0.0,0.0,0.0,0.0,0.0,0.0,0.0,0.0,,,,1.3199867820373428,,,1.328515591863653,1.3373861391027355,1.3440190454422676,1.487176119799986,1.5190126747654435,1.7111059079277562,1.7789775125389224,,,,,,,,,,,1.2701497873866503,1.8596463024660939,"rgba(239, 83, 80, 1.0)"
2025-03-03 00:00:00+00:00,0.5733,0.6751,0.5664,0.6631,15539932,0.0,0.0,0.0,0.0,0.0,0.0,0.0,0.0,,,,1.3131756164227453,,,1.3233887090502248,1.3322090621670026,1.3388038161387634,1.4811771806093679,1.5128357214508978,1.703849107356209,1.7713349786031618,,,,,,,,,,,1.2641325430307273,1.8515514807636846,"rgba(239, 83, 80, 1.0)"
2025-03-04 00:00:00+00:00,0.5683,0.5867,0.5,0.506251,14377652,0.0,0.0,0.0,0.0,0.0,0.0,0.0,0.0,,,,1.3065230970588888,,,1.3183626507387636,1.3271378765796735,1.333698275209386,1.475366113636653,1.5068636879107218,1.6968979939442073,1.7640332489914385,,,,,,,,,,,1.2582194038399965,1.8438385039586853,"rgba(239, 83, 80, 1.0)"
2025-03-05 00:00:00+00:00,0.5724,0.6,0.5372,0.6,16728775,0.0,0.0,0.0,0.0,0.0,0.0,0.0,0.0,,,,1.2991106743648102,,,1.312733360027833,1.3214562857640335,1.3279769071400935,1.4688270091061109,1.5001384372968942,1.6890418871166675,1.7557726708025934,,,,,,,,,,,1.251635742181185,1.8351034590922373,"rgba(239, 83, 80, 1.0)"
2025-03-06 00:00:00+00:00,0.5351,0.55,0.515,0.55,6758113,0.0,0.0,0.0,0.0,0.0,0.0,0.0,0.0,,,,1.2960105558507313,,,1.3103726108171647,1.3190748378580073,1.3255797000476284,1.4661058644612541,1.4973433325152257,1.6857966439188707,1.7523661553349255,,,,,,,,,,,1.248871156002548,1.8315077172372711,"rgba(239, 83, 80, 1.0)"
2025-03-07 00:00:00+00:00,0.4884,0.5347,0.47,0.5257,11956981,0.0,0.0,0.0,0.0,0.0,0.0,0.0,0.0,,,,1.290332980345823,,,1.3060405110909385,1.314706791533557,1.3211842556918865,1.461147364322366,1.492255891152029,1.6799230090628159,1.746210374681898,,,,,,,,,,,1.2437903748224728,1.8250208154819778,"rgba(239, 83, 80, 1.0)"
2025-03-10 00:00:00+00:00,0.42,0.479,0.4,0.478,16742052,0.0,0.0,0.0,0.0,0.0,0.0,0.0,0.0,,,,1.28187971792666,,,1.2995724391410812,1.3081899775591723,1.3146302145129234,1.4538286814355954,1.484761116122486,1.6713509321702813,1.7372504758799914,,,,,,,,,,,1.236183721334851,1.815605615295729,"rgba(239, 83, 80, 1.0)"
2025-03-11 00:00:00+00:00,0.4418,0.445,0.38,0.4374,26974164,0.0,0.0,0.0,0.0,0.0,0.0,0.0,0.0,,,,1.2684374619988663,,,1.2892239381279023,1.297764273134975,1.304145554594376,1.4421320788587977,1.47278541829793,1.6576675444823072,1.7229523060278156,,,,,,,,,,,1.2240641009237103,1.8005855150503136,"rgba(239, 83, 80, 1.0)"
2025-03-12 00:00:00+00:00,0.4317,0.46,0.416368,0.45,14429723,0.0,0.0,0.0,0.0,0.0,0.0,0.0,0.0,,,,1.2615318674198421,,,1.283873909311595,1.2923732539234782,1.2987232660191397,1.4360662060279514,1.466571682084673,1.6505501792562807,1.7155100253269722,,,,,,,,,,,1.2178364794302619,1.7927616319560788,"rgba(239, 83, 80, 1.0)"
2025-03-13 00:00:00+00:00,0.4031,0.4313,0.388,0.43,14773567,0.0,0.0,0.0,0.0,0.0,0.0,0.0,0.0,,,,1.2543389253012929,,,1.2782833054820502,1.2867414721424997,1.2930600496404046,1.429755916945791,1.4601124180033525,1.6431793027788812,1.7078109782172142,,,,,,,,,,,1.2113324266250693,1.784677070324911,"rgba(239, 83, 80, 1.0)"
2025-03-14 00:00:00+00:00,0.4398,0.4548,0.3993,0.3993,19869277,0.0,0.0,0.0,0.0,0.0,0.0,0.0,0.0,,,,1.2451208332549915,,,1.2710786324164172,1.2794815177318912,1.2857579494152178,1.4215852046495625,1.4517423461379866,1.6335913639883632,1.6977853474768372,,,,,,,,,,,1.2030023817161688,1.7741372237249764,"rgba(239, 83, 80, 0.75)"
2025-03-17 00:00:00+00:00,0.6578,0.72,0.53,0.5525,207934029,0.0,0.0,0.0,0.0,0.0,0.0,0.0,0.0,,,,1.1812091301986847,,,1.2191603226430998,1.2269869930819495,1.23282787051533,1.3596098516809907,1.3877336476680853,1.5573054337810004,1.6171379704491136,,,,,,,,,,,1.1459985678226339,1.6883638645573957,"rgba(239, 83, 80, 0.75)"
2025-03-18 00:00:00+00:00,0.6143,0.71,0.566,0.7,51261180,0.0,0.0,0.0,0.0,0.0,0.0,0.0,0.0,,,,1.167314712972627,,,1.2075242740889545,1.215220653012002,1.2209631819789348,1.3456937237385918,1.373357165409542,1.540150413908497,1.5989967384949104,,,,,,,,,,,1.1335228953746497,1.6690621839886803,"rgba(239, 83, 80, 0.75)"
2025-03-19 00:00:00+00:00,0.5499,0.611,0.53,0.5926,24292512,0.0,0.0,0.0,0.0,0.0,0.0,0.0,0.0,,,,1.1601872291077608,,,1.201552610869312,1.2091899568393183,1.2148878551474154,1.3386871941163425,1.366140672022155,1.5316627603666242,1.5900566207255333,,,,,,,,,,,1.1270659743963531,1.6595893892992022,"rgba(239, 83, 80, 0.75)"
2025-03-20 00:00:00+00:00,0.5318,0.5464,0.5001,0.545,24060737,0.0,0.0,0.0,0.0,0.0,0.0,0.0,0.0,,,,1.1528578907239522,,,1.1954044783028566,1.2029848945197175,1.2086397156074584,1.3315400523887082,1.3587903003113464,1.523079926348464,1.5810344219232644,,,,,,,,,,,1.1203967607220162,1.6500497767760063,"rgba(239, 83, 80, 0.75)"
2025-03-21 00:00:00+00:00,0.5267,0.5336,0.475,0.498,16798181,0.0,0.0,0.0,0.0,0.0,0.0,0.0,0.0,,,,1.147725753336529,,,1.191087532232533,1.198628861220055,1.2042541009787884,1.3265368178580106,1.35364734369915,1.5170891890577167,1.5747413207961598,,,,,,,,,,,1.115717474133051,1.6434005286296642,"rgba(239, 83, 80, 0.75)"
2025-03-24 00:00:00+00:00,0.5871,0.6026,0.5307,0.5307,24044869,0.0,0.0,0.0,0.0,0.0,0.0,0.0,0.0,,,,1.141219989625297,,,1.185554989196458,1.193039929096018,1.198622585216681,1.3200149036792672,1.3469250966622233,1.5091553006718885,1.566376661017933,,,,,,,,,,,1.1098150104288846,1.634528496627621,"rgba(239, 83, 80, 0.5)"
2025-03-25 00:00:00+00:00,0.6751,0.7294,0.555,0.5847,107244259,0.0,0.0,0.0,0.0,0.0,0.0,0.0,0.0,,,,1.1177452269110018,,,1.1651014205664318,1.172338565966151,1.1777346418357317,1.2952145045203225,1.3212505996880035,1.4782153922619183,1.5335724510266973,,,,,,,,,,,1.088671470272411,1.5995279545029932,#000000
2025-03-26 00:00:00+00:00,0.63,0.6939,0.63,0.68,19822930,0.0,0.0,0.0,0.0,0.0,0.0,0.0,0.0,,,,1.1136348245284784,,,1.1614785189991688,1.1686716282965242,1.1740345625209738,1.2908182945111184,1.3166989422333881,1.472727393532745,1.5277530088368116,,,,,,,,,,,1.0849600593837376,1.5933178552941538,#000000
2025-03-27 00:00:00+00:00,0.5359,0.6212,0.5253,0.62,20264652,0.0,0.0,0.0,0.0,0.0,0.0,0.0,0.0,,,,1.1086990474878449,,,1.157179638781372,1.1643294919365466,1.1696597930573418,1.2857584792644752,1.311485123802734,1.4665820250763528,1.5212765633476,,,,,,,,,,,1.080452176336351,1.5864510188676866,#000000
2025-03-28 00:00:00+00:00,0.5433,0.5495,0.4977,0.5346,13993075,0.0,0.0,0.0,0.0,0.0,0.0,0.0,0.0,,,,1.1051542403484838,,,1.1540962885400454,1.1612168476549154,1.1665250329032508,1.2821594234253415,1.3077814673497508,1.462244779757462,1.5167138496544137,,,,,,,,,,,1.0772035531578175,1.5816223866103813,"rgba(239, 83, 80, 0.5)"
2025-03-31 00:00:00+00:00,0.5207,0.5441,0.4775,0.493,11933080,0.0,0.0,0.0,0.0,0.0,0.0,0.0,0.0,,,,1.1020819072966714,,,1.1514236160988982,1.1585195009264886,1.1638090517951931,1.279052181848646,1.30458598680923,1.4585144478793506,1.5127930664398455,,,,,,,,,,,1.0743828461461502,1.5774769534315851,"rgba(239, 83, 80, 0.5)"
2025-04-01 00:00:00+00:00,0.5494,0.5651,0.5007,0.5149,12729435,0.0,0.0,0.0,0.0,0.0,0.0,0.0,0.0,,,,1.0989735556975313,,,1.1487048510532554,1.1557743940492013,1.1610440681982266,1.2758695904117905,1.3013094165220926,1.4546689519183766,1.5087452390408291,,,,,,,,,,,1.0715340412986163,1.57319046238793,"rgba(239, 83, 80, 0.5)"
2025-04-02 00:00:00+00:00,0.5603,0.6116,0.5378,0.5378,11988211,0.0,0.0,0.0,0.0,0.0,0.0,0.0,0.0,,,,1.0962401268485158,,,1.146297376430575,1.1533420397316472,1.1585929599625109,1.2730241868466006,1.2983755152617997,1.4512001491795337,1.5050865012965866,,,,,,,,,,,1.0690355630455526,1.5693076881029082,"rgba(239, 83, 80, 0.5)"
2025-04-03 00:00:00+00:00,0.51,0.5536,0.5054,0.5122,8621593,0.0,0.0,0.0,0.0,0.0,0.0,0.0,0.0,,,,1.0941181004506384,,,1.144438455919464,1.151465589873336,1.1567032800467922,1.2708564365617447,1.2961451339770982,1.4485903823812258,1.5023417394012466,,,,,,,,,,,1.0670866619855095,1.5664036590597707,"rgba(239, 83, 80, 0.5)"
2025-04-04 00:00:00+00:00,0.5238,0.5316,0.42,0.48,10837913,1.0,0.5316,0.42,0.0,0.0,0.0,0.0,0.0,,,0.4918,1.0913282431558822,,,1.1420008069381198,1.1490062388959814,1.154227536307245,1.26803619689297,1.2932471228621347,1.4452205931419027,1.498803850356072,,,,,,,,,,,1.0645170525379755,1.5626674137277854,"rgba(239, 83, 80, 0.5)"
2025-04-07 00:00:00+00:00,0.5702,0.5765,0.4698,0.4788,11131399,0.0,0.0,0.0,0.0,0.0,0.0,0.0,0.0,,,0.5156308236340461,1.0887123061776396,,,1.139695771256326,1.1466787163672376,1.1518830537685951,1.2653349903329283,1.2904656990366807,1.4419536944924658,1.4953643678326614,,,,,,,,,,,1.062116431474256,1.5590243007947424,"rgba(239, 83, 80, 0.5)"
2025-04-08 00:00:00+00:00,0.5257,0.6352,0.5212,0.576,15953182,0.0,0.0,0.0,0.0,0.0,0.0,0.0,0.0,,,0.5345904620258713,1.0851535063665536,,,1.1365419244858324,1.1434926661118878,1.1486727335198317,1.2616138875597223,1.286629953056318,1.437424898277043,1.490589469693336,,,,,,,,,,,1.0588560973789491,1.5539590244774126,"rgba(239, 83, 80, 0.5)"
2025-04-09 00:00:00+00:00,0.557,0.5891,0.4769,0.53,10885644,0.0,0.0,0.0,0.0,0.0,0.0,0.0,0.0,,,0.5360199766816209,1.0826623843572372,,,1.134336596741729,1.1412656616490522,1.1464293853326148,1.259026540044322,1.2839652935245724,1.4342924615691741,1.4872907922807983,,,,,,,,,,,1.0565686198973432,1.5504641690517813,#000000
2025-04-10 00:00:00+00:00,0.5601,0.6085,0.5353,0.5755,11408931,0.0,0.0,0.0,0.0,0.0,0.0,0.0,0.0,,,0.5420727053808171,1.080204643063753,,,1.1321469727168336,1.1390532694371054,1.1441998414770516,1.2564357786104563,1.281293531410984,1.431131255292935,1.4839558744336265,,,,,,,,,,,1.05431703767366,1.5469242605012448,#000000
2025-04-11 00:00:00+00:00,0.6381,0.64,0.5606,0.58,11435695,0.0,0.0,0.0,0.0,0.0,0.0,0.0,0.0,,,0.5533766564599425,1.0779786203210988,,,1.1301425872385247,1.1370258940625275,1.1421551708171966,1.2540265770384913,1.2788028734134775,1.4281494470365328,1.4808001153650283,,,,,,,,,,,1.0522874962648436,1.5435632431112118,#000000
2025-04-14 00:00:00+00:00,0.6215,0.7,0.6039,0.6534,13840501,0.0,0.0,0.0,0.0,0.0,0.0,0.0,0.0,,,0.5676915077489827,1.0754783527224079,,,1.1278716932951083,1.1347271328259108,1.139835463488629,1.2512651184020045,1.2759429246212821,1.4246964419780486,1.47713735106233,,,,,,,,,,,1.0500159164237557,1.5396529701616088,"rgba(38, 166, 154, 1.0)"
2025-04-15 00:00:00+00:00,0.6214,0.6971,0.607,0.626,14447629,0.0,0.0,0.0,0.0,0.0,0.0,0.0,0.0,,,0.5784095786662331,1.0728990024401381,,,1.1255237666742641,1.1323503507201915,1.137436994661999,1.2484091314960366,1.27298494395967,1.4211243218712626,1.4733480278462483,,,,,,,,,,,1.0476715484370405,1.535607332061435,"rgba(38, 166, 154, 1.0)"
2025-04-16 00:00:00+00:00,0.6413,0.6675,0.6118,0.62,8738953,0.0,0.0,0.0,0.0,0.0,0.0,0.0,0.0,,,0.5833781501428381,1.0713478125288642,,,1.124109793378949,1.1309190471573285,1.1359926667658555,1.2466899665233366,1.2712045082630579,1.4189749329218841,1.4710681477181886,,,,,,,,,,,1.046260878907638,1.5331734512841002,"rgba(38, 166, 154, 1.0)"
2025-04-17 00:00:00+00:00,0.6851,0.6883,0.630001,0.65,6385721,0.0,0.0,0.0,0.0,0.0,0.0,0.0,0.0,,,0.5880632746108753,1.0702934545809117,,,1.1231404089059278,1.1299369490610744,1.1350010214234876,1.245496762149282,1.2699664615977304,1.4174671982766927,1.4694651489011212,,,,,,,,,,,1.0453058822057848,1.5314580298268865,"rgba(38, 166, 154, 1.0)"
2025-04-21 00:00:00+00:00,0.6842,0.71,0.649,0.68,7268217,0.0,0.0,0.0,0.0,0.0,0.0,0.0,0.0,,,0.5935888850152093,1.0691394048668104,,,1.1220740573676238,1.1288561266256136,1.1339093363659616,1.2441756810184645,1.268594395549919,1.4157886840752245,1.467678450579243,,,,,,,,,,,1.044262747584805,1.5295436616993265,"rgba(38, 166, 154, 1.0)"
2025-04-22 00:00:00+00:00,0.7029,0.7141,0.683801,0.6935,5007467,0.0,0.0,0.0,0.0,0.0,0.0,0.0,0.0,,,0.5977838111056843,1.0683874324166,,,1.121374233754175,1.1281463119130817,1.1331920258200814,1.2433000204840494,1.2676835896093595,1.4146668142411982,1.4664821332711144,,,,,,,,,,,1.0435853542946572,1.5282594896216344,"rgba(38, 166, 154, 1.0)"
2025-04-23 00:00:00+00:00,0.7332,0.7575,0.7,0.73,7934989,0.0,0.0,0.0,0.0,0.0,0.0,0.0,0.0,,,0.605552991370914,1.0672985826164025,,,1.1203485914623772,1.127104757625509,1.1321385431174193,1.2419944350621712,1.2663221691917486,1.4129705189308865,1.4646678736383356,,,,,,,,,,,1.0426105993000636,1.5263060286414138,"rgba(38, 166, 154, 1.0)"
2025-04-24 00:00:00+00:00,0.8689,0.9148,0.755,0.7789,21928486,0.0,0.0,0.0,0.0,0.0,0.0,0.0,0.0,,,0.6391254901749616,1.0653487889712798,,,1.1183765207869347,1.125087629591434,1.1300877359153314,1.2392307819870505,1.263401866649008,1.4091152927398367,1.4604849162458216,,,,,,,,,,,1.0409368168506659,1.5217364381403866,"rgba(38, 166, 154, 1.0)"
2025-04-25 00:00:00+00:00,1.03,1.25,1.02,1.13,81333418,0.0,0.0,0.0,0.0,0.0,0.0,0.0,0.0,,,0.7962680685795389,1.0664464470105557,,,1.1178989077526427,1.1244367075527977,1.1293079968786166,1.2357156571916994,1.25929464390927,1.4015080471307018,1.4516627260254973,,,,,,,,,,,1.0427467733764466,1.5114815094517984,"rgba(38, 166, 154, 1.0)"
2025-04-28 00:00:00+00:00,1.05,1.07,0.9256,1.025,36550299,0.0,0.0,0.0,0.0,0.0,0.0,0.0,0.0,,,0.8253569951724181,1.065727171061219,,,1.1167132549184962,1.123177708612622,1.1279943787432558,1.2332418420778508,1.2565682208768105,1.3972824706110192,1.4469147543213075,,,,,,,,,,,1.042372573213495,1.506117104029205,"rgba(38, 166, 154, 1.0)"
2025-04-29 00:00:00+00:00,0.9656,1.07,0.96,1.06,17251919,0.0,0.0,0.0,0.0,0.0,0.0,0.0,0.0,,,0.8355766724280994,1.0652849493721352,,,1.1160727510893271,1.1225033052270963,1.1272947217469187,1.2320055828347793,1.2552149763510636,1.3952343196093215,1.4446242515617704,,,,,,,,,,,1.0420932757385688,1.5035405600037746,"rgba(38, 166, 154, 1.0)"
2025-04-30 00:00:00+00:00,0.8988,0.94,0.8654,0.8747,14859009,0.0,0.0,0.0,0.0,0.0,0.0,0.0,0.0,,,0.838760498652851,1.0643612146231776,,,1.115075315586726,1.1214777110360883,1.1262481048582702,1.230512521808151,1.2536239799190665,1.3930592215529471,1.4422446285146908,,,,,,,,,,,1.0413254667472704,1.500919448169121,"rgba(38, 166, 154, 0.75)"
2025-05-01 00:00:00+00:00,0.9005,0.9989,0.88,0.88,20883187,0.0,0.0,0.0,0.0,0.0,0.0,0.0,0.0,,,0.8443431919641584,1.063277448760489,,,1.1138516867542807,1.1202146497050947,1.124955621583517,1.2285948883335527,1.2515694117186777,1.3901886906526337,1.439088656236206,,,,,,,,,,,1.040451222476309,1.4974264359160516,"rgba(38, 166, 154, 0.75)"
2025-05-02 00:00:00+00:00,0.815,0.93,0.8072,0.93,15881481,0.0,0.0,0.0,0.0,0.0,0.0,0.0,0.0,,,0.8446382370762634,1.0620146224212212,,,1.1125598845985707,1.1188937975720266,1.123613056696184,1.2267911424689764,1.2496641452165445,1.3876765324274107,1.4363635208990055,,,,,,,,,,,1.0393593689546168,1.4944497393103053,"rgba(38, 166, 154, 0.75)"
2025-05-05 00:00:00+00:00,0.8076,0.886,0.8,0.81,12726771,0.0,0.0,0.0,0.0,0.0,0.0,0.0,0.0,,,0.8441587591625098,1.0609208619755923,,,1.1114572567444938,1.117768206143747,1.122470294252483,1.225283639152567,1.2480762446429754,1.3856075925112494,1.43412562766681,,,,,,,,,,,1.03840375836398,1.4920122559323334,"rgba(38, 166, 154, 0.75)"
2025-05-06 00:00:00+00:00,0.809,0.839,0.7802,0.79,7731507,0.0,0.0,0.0,0.0,0.0,0.0,0.0,0.0,,,0.8434213246627483,1.0601988732762753,,,1.1107398437075418,1.1170370085029138,1.1217287840470695,1.2243230775293619,1.247067328421813,1.3843090800667752,1.4327253076214723,,,,,,,,,,,1.0377668689756312,1.490491652186621,"rgba(38, 166, 154, 0.75)"
2025-05-07 00:00:00+00:00,0.8228,0.833,0.7926,0.8079,5444281,0.0,0.0,0.0,0.0,0.0,0.0,0.0,0.0,,,0.843019656890842,1.0597065365041454,,,1.1102479480650929,1.1165354235304057,1.1212199515860126,1.2236602720388319,1.2463705489597159,1.383408883019378,1.431753618625027,,,,,,,,,,,1.0373336738379237,1.4894354954760516,"rgba(38, 166, 154, 0.75)"
2025-05-08 00:00:00+00:00,0.9013,0.9946,0.8353,0.862,23587603,0.0,0.0,0.0,0.0,0.0,0.0,0.0,0.0,,,0.8470591125001192,1.0584129401833688,,,1.108812646159315,1.1150573783560125,1.1197100063630419,1.2214718654231285,1.2440333412658433,1.380184129607855,1.4282181259424553,,,,,,,,,,,1.036267799478018,1.485532939313195,"rgba(38, 166, 154, 0.75)"
2025-05-09 00:00:00+00:00,0.8716,0.921999,0.8508,0.8985,6331664,0.0,0.0,0.0,0.0,0.0,0.0,0.0,0.0,,,0.8476040416234757,1.0580023700313559,,,1.108375195498724,1.1146086430679862,1.1192528437069158,1.22083546700903,1.2433575568073545,1.3792731218412897,1.4272246623103433,,,,,,,,,,,1.03591965423429,1.4844420571198538,"rgba(38, 166, 154, 0.75)"
2025-05-12 00:00:00+00:00,0.9099,0.9466,0.874,0.9,8757902,0.0,0.0,0.0,0.0,0.0,0.0,0.0,0.0,,,0.8489451888441842,1.0575294201909236,,,1.1078490675297854,1.1140668494690098,1.1186993588513048,1.2200332348848792,1.2425007615834431,1.3780908294179757,1.4259283993995697,,,,,,,,,,,1.0355296789918051,1.4830111482371724,"rgba(38, 166, 154, 0.75)"
2025-05-13 00:00:00+00:00,0.8934,0.9355,0.888,0.9094,8416854,0.0,0.0,0.0,0.0,0.0,0.0,0.0,0.0,,,0.8500895075412532,1.0570638353557433,,,1.1073345179675211,1.1135373367894852,1.118158678157394,1.2192549151151588,1.241670297826258,1.3769492259109497,1.4246778290163695,,,,,,,,,,,1.0351436917560004,1.4816318352021036,"rgba(38, 166, 154, 0.75)"
2025-05-14 00:00:00+00:00,0.972,1.0,0.89,0.89,18176472,0.0,0.0,0.0,0.0,0.0,0.0,0.0,0.0,,,0.8544300387961744,1.0563861110120984,,,1.1064965410432976,1.1126668647069913,1.1172639794015056,1.2178443819254843,1.2401469098588043,1.374753691324557,1.4222473406362521,,,,,,,,,,,1.0346263082465386,1.4789237720571384,"rgba(38, 166, 154, 1.0)"
2025-05-15 00:00:00+00:00,0.9149,0.9819,0.901,0.9428,10412120,0.0,0.0,0.0,0.0,0.0,0.0,0.0,0.0,,,0.8562568067285932,1.055921579226297,,,1.1059538468390757,1.112105815947704,1.1166892400087727,1.2169781271691964,1.2392167855446776,1.3734428039596538,1.4208032314515948,,,,,,,,,,,1.0342550157227997,1.477322251621244,"rgba(38, 166, 154, 1.0)"
2025-05-16 00:00:00+00:00,0.9364,0.9825,0.91,0.91,12240984,0.0,0.0,0.0,0.0,0.0,0.0,0.0,0.0,,,0.8585753666557854,1.0554254281030773,,,1.1053580415362965,1.1114885104126981,1.1160559013501856,1.216003302250689,1.2381671853288574,1.3719475765351368,1.4191521445113275,,,,,,,,,,,1.033866111705364,1.4754869994490407,"rgba(38, 166, 154, 1.0)"
2025-05-19 00:00:00+00:00,0.8541,0.9244,0.85,0.9,10918246,0.0,0.0,0.0,0.0,0.0,0.0,0.0,0.0,,,0.8589851440844561,1.0547258638254398,,,1.1046131860712327,1.1107249500971579,1.1152783714040009,1.2149283511142273,1.2370268282515653,1.3704163441299635,1.417483826256395,,,,,,,,,,,1.033269149727321,1.4736566560718631,"rgba(38, 166, 154, 0.75)"
2025-05-20 00:00:00+00:00,0.9501,1.02,0.8629,0.887,27393474,0.0,0.0,0.0,0.0,0.0,0.0,0.0,0.0,,,0.8636978519340078,1.053655455388334,,,1.103316842688679,1.1093813020441023,1.1138994494827874,1.212797762919042,1.234731631222501,1.3671400159948548,1.413864321226947,,,,,,,,,,,1.0324324258208568,1.469631583166031,"rgba(38, 166, 154, 0.75)"
2025-05-21 00:00:00+00:00,0.9382,1.01,0.92,0.94,13681752,0.0,0.0,0.0,0.0,0.0,0.0,0.0,0.0,,,0.8661768784114667,1.0531851215762882,,,1.1027244076814775,1.1087654388752433,1.113266121301682,1.2117921096686324,1.2336444892358447,1.3655673286821637,1.4121218649088056,,,,,,,,,,,1.0320752658229575,1.467688477700221,"rgba(38, 166, 154, 0.75)"
2025-05-22 00:00:00+00:00,0.9663,0.9925,0.91,0.9244,13531314,0.0,0.0,0.0,0.0,0.0,0.0,0.0,0.0,,,0.8685063229149603,1.0527253460571735,,,1.1021439496634011,1.108161986129664,1.112645526832466,1.2108060051347223,1.232578380618093,1.3640244790176848,1.4104123151282653,,,,,,,,,,,1.031726224654851,1.465781891481866,"rgba(38, 166, 154, 0.75)"
2025-05-23 00:00:00+00:00,0.9515,0.974,0.92,0.9211,8913778,0.0,0.0,0.0,0.0,0.0,0.0,0.0,0.0,,,0.8698460586260862,1.0524006481720916,,,1.1017438544166882,1.1077468699442927,1.1122192112156002,1.2101408603109447,1.2318609307975739,1.362995225081048,1.4092739944070078,,,,,,,,,,,1.0314745584075886,1.4645146450627804,"rgba(38, 166, 154, 0.75)"
2025-05-27 00:00:00+00:00,0.9652,1.01,0.94,0.965,14735227,0.0,0.0,0.0,0.0,0.0,0.0,0.0,0.0,,,0.8725909049988201,1.0519873458110889,,,1.1011865968817092,1.1071647899062464,1.1116186334004243,1.209145669674229,1.2307794335381042,1.361399662581839,1.4074987714749543,,,,,,,,,,,1.031177413421625,1.4625270504595378,"rgba(38, 166, 154, 0.75)"
2025-05-28 00:00:00+00:00,0.9002,0.97,0.8917,0.9513,9474555,0.0,0.0,0.0,0.0,0.0,0.0,0.0,0.0,,,0.8734089299801896,1.0515560380781104,,,1.1006903594573103,1.1066529180714375,1.1110950975704854,1.208373365119183,1.2299525432783402,1.360246954333641,1.4062319543775355,,,,,,,,,,,1.0308250059981294,1.461125318972996,"rgba(38, 166, 154, 0.5)"
2025-05-29 00:00:00+00:00,0.8633,0.93935,0.859001,0.9116,8994952,0.0,0.0,0.0,0.0,0.0,0.0,0.0,0.0,,,0.8736285896358688,1.0510453297575209,,,1.1001347928226823,1.1060827184519304,1.110513972873667,1.2075592637636383,1.229087211126038,1.3590753992604316,1.4049530049626566,,,,,,,,,,,1.030391678943252,1.4597193749341844,#000000
2025-05-30 00:00:00+00:00,0.909,0.938,0.8328,0.85,10730866,0.0,0.0,0.0,0.0,0.0,0.0,0.0,0.0,,,0.8739943421658998,1.0504625435497636,,,1.0994945043535775,1.105425037444499,1.109843308461538,1.2066116733816672,1.2280787463454337,1.3577031395717662,1.4034531875267093,,,,,,,,,,,1.0298998328716027,1.4580687146613955,#000000
2025-06-02 00:00:00+00:00,0.8277,0.8951,0.815,0.852,9542840,0.0,0.0,0.0,0.0,0.0,0.0,0.0,0.0,,,0.8735371483383125,1.049792913415543,,,1.0987984967684488,1.1047138479031702,1.1091207734568824,1.2056472082024758,1.2270609362641312,1.3563658978320206,1.4020037242462042,,,,,,,,,,,1.0293148932217788,1.4564865181846578,#000000
2025-06-03 00:00:00+00:00,0.9153,0.9302,0.8435,0.85,19207351,0.0,0.0,0.0,0.0,0.0,0.0,0.0,0.0,,,0.8742609767277749,1.0487882722334705,,,1.097686051760012,1.1035706545683768,1.1079546291767588,1.2039913446406445,1.2252974323325665,1.3539591223113978,1.3993714109904163,,,,,,,,,,,1.0284692580171557,1.453587465825772,#000000
2025-06-04 00:00:00+00:00,0.9722,0.9898,0.8991,0.8991,14354856,0.0,0.0,0.0,0.0,0.0,0.0,0.0,0.0,,,0.8761023978011893,1.0483252992968615,,,1.097097207690749,1.1029586797659081,1.1073254117767328,1.2029939472004632,1.2242193901462817,1.3524001987183256,1.3976442617719795,,,,,,,,,,,1.0281155971800984,1.451661377157132,#000000
2025-06-05 00:00:00+00:00,0.928,1.02,0.9183,0.9521,11743502,0.0,0.0,0.0,0.0,0.0,0.0,0.0,0.0,,,0.8775787907304673,1.0479567639385612,,,1.0966248323511638,1.102467507305198,1.1068202277810557,1.2021895153722657,1.2233494133640597,1.35113937300897,1.3962467076577907,,,,,,,,,,,1.0278354322045318,1.4501021215175272,#000000
2025-06-06 00:00:00+00:00,1.04,1.05,0.9453,0.9453,9291984,0.0,0.0,0.0,0.0,0.0,0.0,0.0,0.0,,,0.8795260999044714,1.0478435133662398,,,1.0964015325996292,1.1022291947555276,1.1065707382793792,1.2017011752592577,1.2228089314171444,1.3502886298295649,1.3952876623314214,,,,,,,,,,,1.027786571900432,1.4490150076974961,"rgba(38, 166, 154, 0.5)"
2025-06-09 00:00:00+00:00,1.05,1.08,1.0,1.07,6303096,0.0,0.0,0.0,0.0,0.0,0.0,0.0,0.0,,,0.8811228830128888,1.0478339597215431,,,1.0963069742482112,1.1021244113538993,1.1064583474592626,1.2014261573556126,1.2224984755093922,1.3497675499670492,1.3946931472305053,,,,,,,,,,,1.0278185729478062,1.4483336592700922,"rgba(38, 166, 154, 0.5)"
2025-06-10 00:00:00+00:00,0.9867,1.08,0.9505,1.03,10937174,0.0,0.0,0.0,0.0,0.0,0.0,0.0,0.0,,,0.8831955713237716,1.047679782006417,,,1.0960277983837032,1.1018277526593911,1.1061486710991415,1.200838243942544,1.2218497909518433,1.348757123765148,1.3935564064983688,,,,,,,,,,,1.0277399717497264,1.447047534890175,"rgba(38, 166, 154, 0.5)"
2025-06-11 00:00:00+00:00,1.01,1.06,0.9812,0.9946,5268318,0.0,0.0,0.0,0.0,0.0,0.0,0.0,0.0,,,0.8842596346226691,1.047625875397496,,,1.0959107374610215,1.1017022825539968,1.1060169410454344,1.2005726882302252,1.2215550234779777,1.3482885382838998,1.3930271505493468,,,,,,,,,,,1.0277217055186225,1.4464465275550724,"rgba(38, 166, 154, 0.5)"
2025-06-12 00:00:00+00:00,0.9945,1.04,0.9701,1.0,4718997,0.0,0.0,0.0,0.0,0.0,0.0,0.0,0.0,,,0.8850886792743908,1.0475532884730052,,,1.095785576757771,1.10156964114567,1.1058787289986953,1.2003153927184826,1.2212717088330867,1.3478503029973874,1.392534806473561,,,,,,,,,,,1.0276816215228832,1.4458901876096448,"rgba(38, 166, 154, 0.5)"
2025-06-13 00:00:00+00:00,0.9568,0.9885,0.94141,0.9602,4953113,0.0,0.0,0.0,0.0,0.0,0.0,0.0,0.0,,,0.8856569036397216,1.0474124981997222,,,1.0955999396698237,1.10137625504554,1.1056795675243267,1.199992800772468,1.2209220826028189,1.3473394575164337,1.3919675637629378,,,,,,,,,,,1.0275766503476826,1.4452562329231067,"rgba(38, 166, 154, 0.5)"
2025-06-16 00:00:00+00:00,0.9586,1.01,0.943,0.9568,7667459,0.0,0.0,0.0,0.0,0.0,0.0,0.0,0.0,,,0.8866137273176108,1.0472166079239567,,,1.0953314018311429,1.1010957357717075,1.1053901200698648,1.1995125123139243,1.2204000146158978,1.3465683079142163,1.3911093071851868,,,,,,,,,,,1.0274353657264244,1.4442949373336313,"rgba(38, 166, 154, 0.5)"
2025-06-17 00:00:00+00:00,0.9214,0.9896,0.9214,0.95,7156820,0.0,0.0,0.0,0.0,0.0,0.0,0.0,0.0,,,0.887212667451451,1.0469720231667414,,,1.0950289825520887,1.100782256723698,1.1050683948633582,1.1990145429545604,1.219863396901129,1.3458010237810325,1.390261269047152,,,,,,,,,,,1.027243228513345,1.4433513639909745,#000000
2025-06-18 00:00:00+00:00,0.9219,0.95,0.9013,0.93,6098139,0.0,0.0,0.0,0.0,0.0,0.0,0.0,0.0,,,0.8875397094228773,1.046724718318201,,,1.0947386780787711,1.100482612038664,1.1047617830866467,1.1985590339982295,1.2193751952802199,1.3451175397951434,1.3895093631139221,,,,,,,,,,,1.0270415051843318,1.44251850468601,#000000
2025-06-20 00:00:00+00:00,0.8396,0.93,0.8396,0.925,10590171,0.0,0.0,0.0,0.0,0.0,0.0,0.0,0.0,,,0.8872718499702538,1.0461067303646354,,,1.0940758237194865,1.0998038488162665,1.1040711384289197,1.1976145478861213,1.2183747802702538,1.3437822928037697,1.3880565384227164,,,,,,,,,,,1.02650748148874,1.4409265391165171,"rgba(239, 83, 80, 1.0)"
2025-06-23 00:00:00+00:00,0.8348,0.84,0.8036,0.82,8299413,0.0,0.0,0.0,0.0,0.0,0.0,0.0,0.0,,,0.8865594878854468,1.0455064478586502,,,1.0934586466657357,1.0991744145969138,1.1034325408712036,1.1967802241724075,1.2174972099716894,1.3426453419661746,1.3868283413493245,,,,,,,,,,,1.025975812344693,1.4395903422734158,"rgba(239, 83, 80, 1.0)"
2025-06-24 00:00:00+00:00,0.9275,0.93,0.8775,0.8775,8926455,0.0,0.0,0.0,0.0,0.0,0.0,0.0,0.0,,,0.8868702347352885,1.045114769503305,,,1.093009384398345,1.098711713855223,1.1029598135699956,1.196093156656527,1.2167630391486755,1.341629633587856,1.385713932939415,,,,,,,,,,,1.025650519326127,1.4383591379392326,"rgba(239, 83, 80, 1.0)"
2025-06-25 00:00:00+00:00,0.87,0.932,0.87,0.93,7121078,0.0,0.0,0.0,0.0,0.0,0.0,0.0,0.0,,,0.8869073526988277,1.0447550359591224,,,1.0926112550735647,1.0983029702327554,1.1025431468322293,1.1955071252707075,1.216139737824466,1.3407833710691806,1.3847894379369399,,,,,,,,,,,1.0253447756406988,1.4373420576365266,"rgba(239, 83, 80, 1.0)"
2025-06-26 00:00:00+00:00,0.9425,0.9545,0.863,0.88,8716138,0.0,0.0,0.0,0.0,0.0,0.0,0.0,0.0,,,0.8872986906974011,1.044400387199314,,,1.0921965499611686,1.0978752227915933,1.10210567038001,1.1948616098591103,1.2154485242447859,1.3398190875096327,1.3837294499739239,,,,,,,,,,,1.0250535264902148,1.4361688129708503,"rgba(239, 83, 80, 0.75)"
2025-06-27 00:00:00+00:00,0.8874,0.96,0.8874,0.9446,25972916,0.0,0.0,0.0,0.0,0.0,0.0,0.0,0.0,,,0.8881258828207631,1.043284878706508,,,1.0909128066302478,1.0965530538166504,1.1007548325856633,1.1928976325287115,1.2133497817690235,1.3369147090336404,1.3805426046313696,,,,,,,,,,,1.0241264768291127,1.4326476602203833,"rgba(239, 83, 80, 0.75)"
2025-06-30 00:00:00+00:00,0.8883,0.93,0.8741,0.9006,7400602,0.0,0.0,0.0,0.0,0.0,0.0,0.0,0.0,,,0.8882156080318351,1.0429367070314237,,,1.0905217889293426,1.096151223850172,1.1003449333018238,1.1923151351630759,1.2127293116469926,1.3360670863538668,1.3796152898868446,,,,,,,,,,,1.023832264955642,1.4316260162629615,"rgba(239, 83, 80, 0.75)"
2025-07-01 00:00:00+00:00,0.86,0.8799,0.8325,0.8762,7899885,0.0,0.0,0.0,0.0,0.0,0.0,0.0,0.0,,,0.8879035146479329,1.042465183213981,,,1.090020009726523,1.0956380741266065,1.099823289951813,1.191611857398555,1.2119859706774703,1.3350836900930267,1.3785475373545601,,,,,,,,,,,1.023420771358545,1.4304583977711618,"rgba(239, 83, 80, 0.75)"
2025-07-02 00:00:00+00:00,0.8839,0.8932,0.8501,0.8599,5799511,0.0,0.0,0.0,0.0,0.0,0.0,0.0,0.0,,,0.8878135031394357,1.0421545776435184,,,1.0896818406646587,1.095291544740204,1.0994705182037239,1.1911255619947099,1.2114702574870657,1.3343918343789036,1.3777938293442182,,,,,,,,,,,1.0231530852470627,1.4296314672294632,"rgba(239, 83, 80, 0.75)"
2025-07-03 00:00:00+00:00,0.8821,0.9042,0.875,0.89,4202308,0.0,0.0,0.0,0.0,0.0,0.0,0.0,0.0,,,0.8878096997382277,1.0419455585653619,,,1.0894504534335334,1.0950540962238533,1.0992285451409847,1.1907867939207668,1.2111101785672067,1.3339042101972671,1.377261437691031,,,,,,,,,,,1.0229746349906976,1.429046079216275,"rgba(239, 83, 80, 0.75)"
2025-07-07 00:00:00+00:00,0.8439,0.874,0.8,0.874,12525138,1.0,0.874,0.8,0.0,0.0,0.0,0.0,0.0,,0.8393,0.8870510284973611,1.0411346131519845,,,1.0886017443835356,1.0941876337112293,1.0983488158631658,1.189623321576638,1.2098840443062817,1.332302301163562,1.3755273771171774,,,,,,,,,,,1.0222593845864978,1.4271555466953507,"rgba(239, 83, 80, 0.75)"
2025-07-08 00:00:00+00:00,0.8848,0.9067,0.8521,0.8526,5969646,0.0,0.0,0.0,0.0,0.0,0.0,0.0,0.0,,0.8528242545898347,0.8870077374524086,1.0408301494587977,,,1.0882669067273578,1.0938442758976532,1.0979990973702636,1.1891375012381713,1.2093682466452793,1.3316070347259876,1.374769101412652,,,,,,,,,,,1.0219980651747052,1.4263226725237617,"rgba(239, 83, 80, 0.75)"
2025-07-09 00:00:00+00:00,0.889,0.93,0.85,0.89,5695637,0.0,0.0,0.0,0.0,0.0,0.0,0.0,0.0,,0.8614988041313268,0.8870263759681862,1.0405560895122614,,,1.08796146600578,1.093530711384166,1.0976794692928213,1.1886881100626443,1.2088902889129898,1.3309581083120905,1.3740601695246666,,,,,,,,,,,1.0217645799683313,1.4255426984468278,"rgba(239, 83, 80, 0.75)"
2025-07-10 00:00:00+00:00,0.9502,0.9536,0.8951,0.9,7019957,0.0,0.0,0.0,0.0,0.0,0.0,0.0,0.0,,0.8775736277646707,0.8874198847211937,1.0403162111724071,,,1.087668218728812,1.0932273655923084,1.097368593365497,1.1882160178860888,1.2083828003771353,1.3302391356161634,1.3732670980718789,,,,,,,,,,,1.021571894942873,1.4246619085391805,#000000
2025-07-11 00:00:00+00:00,0.9276,0.9528,0.92,0.94,4535724,0.0,0.0,0.0,0.0,0.0,0.0,0.0,0.0,,0.8846657408566301,0.8876733247240857,1.0401625086058952,,,1.0874799460950004,1.093032586658975,1.0971689629658719,1.1879125119510756,1.2080564876933422,1.3297765567972568,1.3727567749469143,,,,,,,,,,,1.021448541695949,1.4240950640833425,#000000
2025-07-14 00:00:00+00:00,0.9419,0.9462,0.896,0.896,3130283,0.0,0.0,0.0,0.0,0.0,0.0,0.0,0.0,,0.8881576508549683,0.8878260523386491,1.0400513013517596,,,1.0873457051689333,1.0928938709244334,1.0970269101659278,1.1876990081416137,1.2078272906339513,1.3294535732038755,1.3724009233193433,,,,,,,,,,,1.0213583671335236,1.4237003008364562,"rgba(38, 166, 154, 0.5)"
2025-07-15 00:00:00+00:00,0.9702,1.04,0.9504,0.955,8716295,0.0,0.0,0.0,0.0,0.0,0.0,0.0,0.0,,0.9062355758840785,0.8888587561184796,1.0399048304728205,,,1.0871107004982143,1.0926462462592115,1.09676988631456,1.1872406301583949,1.207324844361325,1.3286883645957188,1.3715438387682906,,,,,,,,,,,1.0212659050656898,1.422734463279862,"rgba(38, 166, 154, 0.5)"
2025-07-16 00:00:00+00:00,0.9837,1.01,0.9547,0.9897,7251288,0.0,0.0,0.0,0.0,0.0,0.0,0.0,0.0,,0.9163586707305107,0.889666643694165,1.039774295373499,,,1.0869081333951456,1.0924332352472466,1.0965490961474427,1.1868531792375032,1.206900907100294,1.3280468271413326,1.3708262015071575,,,,,,,,,,,1.0211803115774112,1.4219267427162723,"rgba(38, 166, 154, 0.5)"
2025-07-17 00:00:00+00:00,1.08,1.09,0.984,0.985,8168163,0.0,0.0,0.0,0.0,0.0,0.0,0.0,0.0,,0.9338552230215269,0.8912177355068167,1.0398039825266214,,,1.0868304831590876,1.0923436535602211,1.0964506401849192,1.1865644867516414,1.2065707331644262,1.3274699023132053,1.3701632073363315,,,,,,,,,,,1.0212557022538582,1.4211618811677091,"rgba(38, 166, 154, 1.0)"
2025-07-18 00:00:00+00:00,1.21,1.25,1.12,1.14,19513380,0.0,0.0,0.0,0.0,0.0,0.0,0.0,0.0,,0.9952095231263296,0.8979872310997872,1.0407402283193552,,,1.0873829559912314,1.0928667816662303,1.0969520042205965,1.1865987596471073,1.20650395444741,1.326805109314471,1.36929090985216,,,,,,,,,,,1.0222774248193385,1.4200440779729633,"rgba(38, 166, 154, 1.0)"
2025-07-21 00:00:00+00:00,1.13,1.3,1.11,1.26,13782833,0.0,0.0,0.0,0.0,0.0,0.0,0.0,0.0,,1.0216551681967105,0.9023810112441099,1.0413374884429552,,,1.0877210661785195,1.0931844213209656,1.0972544569980296,1.186575244158784,1.2064098506127783,1.3262929928244438,1.3686336544671542,,,,,,,,,,,1.0229361296579502,1.4192150832683947,"rgba(38, 166, 154, 1.0)"
2025-07-22 00:00:00+00:00,1.12,1.18,1.08,1.1,6014150,0.0,0.0,0.0,0.0,0.0,0.0,0.0,0.0,,1.0278273682558987,0.9038954938932722,1.041496877746725,,,1.0877830060423281,1.093237596751538,1.0973011231752285,1.1864822315849692,1.2062864964951425,1.3259895893165534,1.3682676058469256,,,,,,,,,,,1.0231248195622336,1.4187748931289617,"rgba(38, 166, 154, 1.0)"
2025-07-23 00:00:00+00:00,1.21,1.24,1.15,1.16,6148882,0.0,0.0,0.0,0.0,0.0,0.0,0.0,0.0,,1.0375872628498786,0.905925707655669,1.0417990069593208,,,1.087965180197727,1.0934106708478604,1.0974674484466023,1.1865036550998689,1.2062765698077467,1.3257941171089014,1.368007749174549,,,,,,,,,,,1.0234531596352998,1.4184388505232943,"rgba(38, 166, 154, 1.0)"
2025-07-24 00:00:00+00:00,1.21,1.2799,1.15,1.22,6695028,0.0,0.0,0.0,0.0,0.0,0.0,0.0,0.0,,1.047802062082272,0.9082033755103563,1.0421542105564312,,,1.08818633131197,1.093621914954517,1.097671347050366,1.1865498154129812,1.2062886244724504,1.3256044013647519,1.367748049130631,,,,,,,,,,,1.023836107532331,1.4180963389184458,"rgba(38, 166, 154, 1.0)"
2025-07-25 00:00:00+00:00,1.18,1.22,1.15,1.15,3569253,0.0,0.0,0.0,0.0,0.0,0.0,0.0,0.0,,1.0518761996137351,0.9092859888755254,1.0423099242694533,,,1.0882757501649467,1.093706106593827,1.097751660694992,1.186546864199689,1.206267639113647,1.325476603146428,1.3675831600186976,,,,,,,,,,,1.0240074431303086,1.4178875557115769,"rgba(38, 166, 154, 1.0)"
2025-07-28 00:00:00+00:00,1.36,1.45,1.195,1.2,27076958,0.0,0.0,0.0,0.0,0.0,0.0,0.0,0.0,,1.104451426056655,0.9216256039992888,1.0447385926370332,,,1.0900223083651288,1.0954118321144564,1.099427177996909,1.1875730332933039,1.2071542689925787,1.3255410606065128,1.3673636389085089,1.335,,,,,,,,,,1.0265213094409678,1.4173320895861958,"rgba(38, 166, 154, 1.0)"
2025-07-29 00:00:00+00:00,1.25,1.37,1.21,1.36,12671033,0.0,0.0,0.0,0.0,0.0,0.0,0.0,0.0,,1.1182203228760441,0.9263770207154765,1.0456356961811961,,,1.0906385654551427,1.0960094591827714,1.10001100670047,1.1878603003375054,1.207377591012322,1.325386747980792,1.3670785889757067,1.3164042528170374,,,,,,,,,,1.0274639737508062,1.4168923374851123,"rgba(38, 166, 154, 1.0)"
2025-07-30 00:00:00+00:00,1.2,1.24,1.16,1.23,5757080,0.0,0.0,0.0,0.0,0.0,0.0,0.0,0.0,,1.1210869208831888,0.9280307127785662,1.0459065056199446,,,1.0908023792533712,1.0961650108337433,1.1001604298545777,1.1878780586443711,1.2073668377404772,1.3252071343077185,1.3668403463433494,1.3016773535708435,,,,,,,,,,1.0277588852371706,1.416584700473367,"rgba(38, 166, 154, 0.75)"
2025-07-31 00:00:00+00:00,1.3,1.35,1.21,1.21,10968960,0.0,0.0,0.0,0.0,0.0,0.0,0.0,0.0,,1.1314530006875723,0.932113405991144,1.0467085815700183,,,1.091359779335775,1.0967063965022674,1.1006899560556944,1.1881526298041027,1.20758645025606,1.3251022321987485,1.3666231185541506,1.298761825472195,,,,,,,,,,1.0285993279736456,1.4162345498315623,"rgba(38, 166, 154, 0.75)"
2025-08-01 00:00:00+00:00,1.21,1.26,1.17,1.2,7048197,0.0,0.0,0.0,0.0,0.0,0.0,0.0,0.0,,1.1346194410032429,0.9341555499633031,1.047064503126571,,,1.0915824159534437,1.0969189788094145,1.1008950820780727,1.1881975202141397,1.207596658655144,1.3249070941791445,1.366356706471126,1.2892829885207007,,,,,,,,,,1.0289838467387082,1.4158837727111662,"rgba(38, 166, 154, 0.75)"
2025-08-04 00:00:00+00:00,1.37,1.38,1.26,1.29,10589484,0.0,0.0,0.0,0.0,0.0,0.0,0.0,0.0,,1.145714100341879,0.9384996746650534,1.0479909527080167,,,1.092252692024104,1.0975737532455414,1.1015383867813209,1.1885941241414333,1.2079402085836966,1.3249378602123736,1.3662793822237098,1.2960534258516836,,,,,,,,,,1.0299430588648046,1.4156785451147267,"rgba(38, 166, 154, 0.75)"
2025-08-05 00:00:00+00:00,1.05,1.24,1.005,1.155,21643164,0.0,0.0,0.0,0.0,0.0,0.0,0.0,0.0,,1.1409331447609081,0.9419492287903781,1.0483179689896451,,,1.0922864917248818,1.097577969621774,1.1015206125296941,1.1881040054927845,1.2073471575701962,1.32373260662013,1.3648606754504973,1.2513633947302414,,,,,,,,,,1.0303760642355169,1.4140070651229377,"rgba(38, 166, 154, 0.5)"
2025-08-06 00:00:00+00:00,1.05,1.12,1.05,1.08,4739336,0.0,0.0,0.0,0.0,0.0,0.0,0.0,0.0,,1.13947176442367,0.942567226217706,1.048353501172826,,,1.0922634500782722,1.0975485355303638,1.101486424121712,1.1879676998993294,1.2071885637170232,1.3234413108712497,1.364523063284909,1.2429674457271231,,,,,,,,,,1.030435538715199,1.4136145973336862,#000000
2025-08-07 00:00:00+00:00,1.14,1.16,1.08,1.09,7294498,0.0,0.0,0.0,0.0,0.0,0.0,0.0,0.0,,1.1390594169079686,0.9438904746152965,1.0485243371450865,,,1.092327703610322,1.0976028437554894,1.1015333436399026,1.1878558500714127,1.2070421646405747,1.3230896118084174,1.364099851140227,1.235096901583354,,,,,,,,,,1.030640165745239,1.4131066987581022,#000000
2025-08-08 00:00:00+00:00,1.13,1.21,1.115,1.14,4916386,0.0,0.0,0.0,0.0,0.0,0.0,0.0,0.0,,1.1393272267271501,0.9448921717709743,1.048675760891213,,,1.0924023041788506,1.0976707193803126,1.1015962255341827,1.1878114009556533,1.2069743910191537,1.3228833595355072,1.3638454050902857,1.2314575343011405,,,,,,,,,,1.0308133691771546,1.412795183901153,#000000
2025-08-11 00:00:00+00:00,1.1,1.15,1.1,1.1,4022192,0.0,0.0,0.0,0.0,0.0,0.0,0.0,0.0,,1.1389401376954096,0.945567020747154,1.0487573258065876,,,1.0924272352786324,1.09769021060027,1.1016116743958815,1.187739982945296,1.2068840572495083,1.3226805711168437,1.3636034270670203,1.22750206752569,,,,,,,,,,1.0309137710084604,1.4125067936463447,#000000
2025-08-12 00:00:00+00:00,1.1,1.14,1.07,1.11,3691460,0.0,0.0,0.0,0.0,0.0,0.0,0.0,0.0,,1.1383905300307278,0.9461338267755355,1.048817347991176,,,1.092437509950838,1.097695519739909,1.1016132926421363,1.187662290805032,1.2067890809537047,1.3224827853256882,1.3633697939364005,1.223695650973994,,,,,,,,,,1.0309914153911715,1.4122307041214135,#000000
2025-08-13 00:00:00+00:00,1.07,1.12,1.05,1.1,5583287,0.0,0.0,0.0,0.0,0.0,0.0,0.0,0.0,,1.13705844634317,0.9468573113801976,1.0488691316885843,,,1.0924198127161535,1.0976703752858112,1.1015826099659074,1.1875126149890174,1.2066134368111074,1.3221525346429448,1.362985586062528,1.2173283406361917,,,,,,,,,,1.031070759448831,1.4117825853923138,#000000
2025-08-14 00:00:00+00:00,1.0,1.05,0.9851,1.05,5875913,0.0,0.0,0.0,0.0,0.0,0.0,0.0,0.0,,1.1341192789961794,0.9472240373659626,1.0488042847501897,,,1.0922991181651598,1.0975420051070581,1.1014485234765836,1.187255759704672,1.2063296800028196,1.3217081885336721,1.3624850456105313,1.2081664279871365,,,,,1.0116999999999998,,,,,1.0310378110008598,1.4112154688275635,"rgba(239, 83, 80, 1.0)"
2025-08-15 00:00:00+00:00,1.08,1.09,1.0,1.03,3818574,0.0,0.0,0.0,0.0,0.0,0.0,0.0,0.0,,1.1329568531865355,0.947624811566382,1.0488131889506989,,,1.0922645276305232,1.0975023790086682,1.1014051507759828,1.187131891713789,1.2061882198362173,1.3214618898037145,1.3622021238690516,1.2039031422296391,,,,,1.029411978385241,,,,,1.0310661095119202,1.4108891631138991,"rgba(239, 83, 80, 1.0)"
2025-08-18 00:00:00+00:00,1.12,1.15,1.1,1.11,4542494,0.0,0.0,0.0,0.0,0.0,0.0,0.0,0.0,,1.13278805374107,0.9483869106784674,1.048913447852612,,,1.0923003643337863,1.097532133532531,1.1014303861690693,1.187059985496517,1.2060951641490312,1.3212431092817747,1.3619395342109213,1.2012933986366534,,,,,1.0593788085245508,,,,,1.0311871428208992,1.4105746861987531,#000000
2025-08-19 00:00:00+00:00,1.08,1.16,1.05,1.14,4024780,0.0,0.0,0.0,0.0,0.0,0.0,0.0,0.0,,1.1322352745066988,0.9489545631033798,1.0489703046371424,,,1.0923048221427862,1.0975312511279312,1.1014255337444863,1.1869698063311684,1.2059863786379295,1.321023602035429,1.361681405674307,1.198374443292527,,,,,1.067596823517367,,,,,1.0312631590422194,1.4102708103602444,#000000
2025-08-20 00:00:00+00:00,1.08,1.09,1.02,1.06,3037664,0.0,0.0,0.0,0.0,0.0,0.0,0.0,0.0,,1.131448538623403,0.949284089820517,1.0489831999881847,,,1.0922825151239357,1.0975049556842038,1.101396271171722,1.1868767840051442,1.2058794255016518,1.3208336429774392,1.3614624555597554,1.1955896133373922,,,,,1.0669887765561747,,,,,1.0312912340131473,1.4100175160845603,#000000
2025-08-21 00:00:00+00:00,1.05,1.0899,1.05,1.05,1457275,0.0,0.0,0.0,0.0,0.0,0.0,0.0,0.0,,1.1310772741610722,0.9494414564392192,1.048989363778601,,,1.0922718135370397,1.0974923428850527,1.1013822365512564,1.1868321955394976,1.2058281612125226,1.3207426004757739,1.3613575197292727,1.1942936736651688,,,,,1.066752557690702,,,,,1.0313046711380356,1.4098961214092685,"rgba(239, 83, 80, 1.0)"
2025-08-22 00:00:00+00:00,1.12,1.13,1.04,1.05,4446073,0.0,0.0,0.0,0.0,0.0,0.0,0.0,0.0,,1.1305146801650132,0.950058817809057,1.0490519067597304,,,1.0922767589501565,1.0974914150324588,1.101376942360261,1.186733047660944,1.2057085459820303,1.320501180979311,1.3610736109781871,1.1914604936523925,,,,,1.0716417766036817,,,,,1.031388277999866,1.4095618818487101,#000000
2025-08-25 00:00:00+00:00,1.16,1.18,1.11,1.12,3822520,0.0,0.0,0.0,0.0,0.0,0.0,0.0,0.0,,1.130784778143448,0.950777058149496,1.0491656298535226,,,1.0923325496921856,1.097542096982136,1.1014238303769817,1.1866983530003876,1.20565611318096,1.3203433923897732,1.360879143647847,1.190451219864099,,,,,1.0812960247068952,,,,,1.0315185766929298,1.409323972723209,#000000
2025-08-26 00:00:00+00:00,1.12,1.22,1.085,1.17,9093710,0.0,0.0,0.0,0.0,0.0,0.0,0.0,0.0,,1.131132169446582,0.9523945625926534,1.0494128740516278,,,1.092445725259343,1.0976431847765886,1.1015159398595666,1.1865973950619444,1.2055131548122084,1.319950880851584,1.3603997210909633,1.1877806816553442,,,,,1.09498014119643,,,,,1.0318056859887699,1.4087416085319704,#000000
2025-08-27 00:00:00+00:00,1.12,1.1499,1.09,1.09,3576717,0.0,0.0,0.0,0.0,0.0,0.0,0.0,0.0,,1.1309937116884132,0.9529511884728598,1.0494869687306694,,,1.0924705348957324,1.097663281834991,1.101532535037893,1.1865386924379864,1.2054380504013407,1.3197782380177663,1.3601930796462722,1.1863513666932917,,,,,1.0970254154342807,,,,,1.031895977133367,1.4084946937757854,#000000
2025-08-28 00:00:00+00:00,1.11,1.1499,1.09,1.12,3307645,0.0,0.0,0.0,0.0,0.0,0.0,0.0,0.0,,1.1308308993844038,0.953452451026223,1.0495521168524522,,,1.0924906617894117,1.097679062015476,1.1015450849759447,1.1864817843432638,1.2053660091663145,1.3196161889596458,1.3599996522250657,1.1850184458454285,,,,,1.0984052322112114,,,,,1.0319761572781883,1.408264095961519,#000000
2025-08-29 00:00:00+00:00,1.09,1.125,1.08,1.11,2790958,0.0,0.0,0.0,0.0,0.0,0.0,0.0,0.0,,1.1305229554688645,0.953825863362441,1.0495920203559692,,,1.0924947654389638,1.097679520929174,1.1015428342967566,1.186421276112933,1.2052927943917155,1.3194673452341434,1.3598244240917008,1.1836422255926373,,,,,1.0984012022990386,,,,,1.0320290952897204,1.4080576110879597,#000000
2025-09-02 00:00:00+00:00,1.09,1.12,1.05,1.08,2638366,0.0,0.0,0.0,0.0,0.0,0.0,0.0,0.0,,1.1301335864446955,0.954148738020225,1.0496206675081516,,,1.0924908983943769,1.0976722235501706,1.101532986097183,1.1863565867677603,1.205216135294743,1.3193194096393162,1.3596516110771544,1.182208328581082,,,,,1.0978107309646723,,,,,1.0320702695166315,1.4078553252404098,#000000
2025-09-03 00:00:00+00:00,1.06,1.11,1.06,1.1,2173036,0.0,0.0,0.0,0.0,0.0,0.0,0.0,0.0,,1.1297454518311096,0.954393512120004,1.0496378688785353,,,1.0924822552948135,1.0976607658847648,1.1015194350633484,1.186298031431088,1.2051477513076134,1.3191924755470343,1.3595042333416285,1.180938472674338,,,,,1.0969693024714902,,,,,1.032097932323679,1.407683726490391,"rgba(239, 83, 80, 1.0)"
2025-09-04 00:00:00+00:00,1.05,1.0799,1.03,1.07,2357605,0.0,0.0,0.0,0.0,0.0,0.0,0.0,0.0,,1.129148078384147,0.9546074335935489,1.049640394094112,,,1.092459050210321,1.097634529248168,1.1014909425693904,1.1862210479329744,1.2050601630191409,1.3190416562761678,1.3593313160035336,1.1792937837936344,,,,,1.0951619122460012,,,,,1.0321121912439306,1.4074846259254081,"rgba(239, 83, 80, 1.0)"
2025-09-05 00:00:00+00:00,1.08,1.11,1.0304,1.07,2339466,0.0,0.0,0.0,0.0,0.0,0.0,0.0,0.0,,1.1287196329149205,0.9548619859510865,1.0496566859030425,,,1.0924478953601882,1.0976203537524878,1.1014745202736553,1.1861563214259336,1.2049848848088462,1.318903510935509,1.3591712164203875,1.1779577207182115,,,,,1.0943060455277691,,,,,1.0321397707766584,1.4072985148654238,"rgba(239, 83, 80, 1.0)"
2025-09-08 00:00:00+00:00,1.17,1.2,1.0807,1.09,8140836,0.0,0.0,0.0,0.0,0.0,0.0,0.0,0.0,,1.12928065144292,0.9563072020855238,1.049895428820707,,,1.0925657558505093,1.097727520405186,1.101573745058649,1.1860847059634623,1.2048761121100815,1.3185739821392168,1.3587648164680886,1.1767909864387573,,,,,1.1010567922543082,,,,,1.0324131944953847,1.4068010565983635,#000000
2025-09-09 00:00:00+00:00,1.13,1.18,1.1,1.17,3783322,0.0,0.0,0.0,0.0,0.0,0.0,0.0,0.0,,1.1293690906852278,0.9569251113760688,1.049991045708484,,,1.092607518710141,1.0977643457295487,1.1016069024482749,1.1860389632445025,1.2048131946029095,1.3184089701886381,1.3585642338484836,1.1760213063704346,,,,,1.1029482618976894,,,,,1.0325252511719405,1.406558335697946,#000000
2025-09-10 00:00:00+00:00,1.12,1.16,1.11,1.13,3021009,0.0,0.0,0.0,0.0,0.0,0.0,0.0,0.0,,1.1293750658213766,0.9573972962768333,1.050061384377634,,,1.0926357725441855,1.0977886704310762,1.1016283079177502,1.1859975742960052,1.2047581310617672,1.3182725963521487,1.358399522977385,1.1753270203173736,,,,,1.1040489458891507,,,,,1.0326088394663946,1.406360054615411,#000000
2025-09-11 00:00:00+00:00,1.16,1.19,1.12,1.13,4955221,0.0,0.0,0.0,0.0,0.0,0.0,0.0,0.0,,1.1297925367972599,0.9582850458622979,1.0502148883021414,,,1.0927150328527047,1.097861454756209,1.1016962833155735,1.1859620843772303,1.2047001426835138,1.318080957978893,1.3581613521325646,1.1748764168837573,,,,,1.1073408897454593,,,,,1.0327830915895755,1.406066761308899,"rgba(38, 166, 154, 0.5)"
2025-09-12 00:00:00+00:00,1.25,1.26,1.16,1.16,6802512,0.0,0.0,0.0,0.0,0.0,0.0,0.0,0.0,,1.1317164222444458,0.9598961856877639,1.0505564213661505,,,1.0929366172285242,1.09807402434754,1.1019021673814684,1.1860240573903553,1.2047309354124924,1.3179269676724181,1.357943182106331,1.1764312128059458,,,,,1.1165151657075518,,,,,1.0331498103130283,1.4057725768944869,"rgba(38, 166, 154, 0.5)"
2025-09-15 00:00:00+00:00,1.32,1.33,1.21,1.28,5324178,0.0,0.0,0.0,0.0,0.0,0.0,0.0,0.0,,1.1341712342105832,0.9614434801854029,1.0509204348083874,,,1.0931935024323582,1.098323763852716,1.1021466137994722,1.1861545142208998,1.204836776956777,1.3178872531486157,1.357853026038087,1.1791317512633026,,,,,1.1264343393404148,,,,,1.033531104331521,1.4056226873510207,"rgba(38, 166, 154, 1.0)"
2025-09-16 00:00:00+00:00,1.28,1.32,1.25,1.315,3640202,0.0,0.0,0.0,0.0,0.0,0.0,0.0,0.0,,1.1357696085272717,0.9624822196506112,1.05116515972626,,,1.0933657267883303,1.098491118040252,1.1023103601989006,1.1862405630065027,1.2049060434114423,1.3178572650196458,1.3577886362410674,1.1808483244803387,,,,,1.1324482761064651,,,,,1.0337877157729614,1.40551755749314,"rgba(38, 166, 154, 1.0)"
2025-09-17 00:00:00+00:00,1.3,1.3499,1.25,1.26,5018789,0.0,0.0,0.0,0.0,0.0,0.0,0.0,0.0,,1.1381601130372634,0.9639770731257374,1.0515258333599027,,,1.0936234094521222,1.0987420736466873,1.1025563339313549,1.186379231205816,1.205021553103565,1.3178358838711306,1.3577198351587887,1.1834936957119366,,,,,1.1408566069325152,,,,,1.034164170033188,1.4053926011407638,"rgba(38, 166, 154, 1.0)"
2025-09-18 00:00:00+00:00,1.58,1.58,1.335,1.35,18910988,0.0,0.0,0.0,0.0,0.0,0.0,0.0,0.0,,1.1568909386645796,0.9727491500433001,1.0539531773547117,,,1.0955165191506657,1.1006087638890967,1.104403526532259,1.1878059288063643,1.206358390643003,1.3186450565111056,1.3583474625282659,1.20780518084423,,,,,1.1977131791878666,,,,,1.0366246612589896,1.4058053489902904,"rgba(38, 166, 154, 1.0)"
2025-09-19 00:00:00+00:00,1.58,1.6,1.47,1.54,19690640,0.0,0.0,0.0,0.0,0.0,0.0,0.0,0.0,,1.1770839985813546,0.9824502521914839,1.0567433395133572,,,1.0977193721966017,1.1027840638946549,1.106558508142934,1.1895225125303848,1.207981487190163,1.3197199662997925,1.3592340494796706,1.2332708848260951,,,,,1.2477653351128493,,,,,1.0394426269483057,1.406469046081038,"rgba(38, 166, 154, 1.0)"
2025-09-22 00:00:00+00:00,1.85,1.88,1.61,1.71,29876691,0.0,0.0,0.0,0.0,0.0,0.0,0.0,0.0,,1.2206777123044725,1.002281568937066,1.0628637578356335,,,1.1027004220877021,1.1077216688345535,1.1114641875540405,1.1937383880046122,1.212051727544269,1.3229420525552205,1.3621668486126879,1.2887417312874843,,,,,1.3421541071262875,,,,,1.045559507153069,1.4090596291854476,"rgba(38, 166, 154, 1.0)"
2025-09-23 00:00:00+00:00,1.89,2.17,1.85,2.01,39906312,0.0,0.0,0.0,0.0,0.0,0.0,0.0,0.0,,1.286671865159801,1.033388859550052,1.0730026135056645,,,1.1110761318735927,1.116038095551594,1.1197371602329886,1.201071352292452,1.2191876557800196,1.3289361720549266,1.3677735913008051,1.3700470377568787,,,,,1.4623949946187014,,,,,1.0556472531215622,1.4142082643063727,"rgba(38, 166, 154, 1.0)"
2025-09-24 00:00:00+00:00,1.9,2.06,1.82,1.99,18273570,0.0,0.0,0.0,0.0,0.0,0.0,0.0,0.0,,1.3114817250597934,1.0463467854321657,1.0773493987486493,,,1.114666923347362,1.119602436168098,1.1232820967979322,1.2041965188953885,1.2222246082242845,1.3314609959332067,1.3701243402413197,1.39888995192684,,,,,1.4998272060649571,,,,,1.0599779732177244,1.4163531015289992,"rgba(38, 166, 154, 1.0)"
2025-09-25 00:00:00+00:00,1.85,1.87,1.72,1.735,13946494,0.0,0.0,0.0,0.0,0.0,0.0,0.0,0.0,,1.3259029485331117,1.054745187112956,1.080198492184685,,,1.1170066906296054,1.1219226873271755,1.1255880057929162,1.2061922863827277,1.2241548555017008,1.3330094612796517,1.371542534848616,1.4146567320271992,,,,,1.5180002250057454,,,,,1.0628259006651584,1.4176171425925663,"rgba(38, 166, 154, 1.0)"
2025-09-26 00:00:00+00:00,1.86,2.01,1.79,1.87,11734563,0.0,0.0,0.0,0.0,0.0,0.0,0.0,0.0,,1.3391412702602907,1.0623398794439811,1.0828167668068422,,,1.1191693173300177,1.124068745324691,1.1277218999400953,1.208063025200606,1.2259701599251702,1.334502392071755,1.3729256977840554,1.429296935028549,,,,,1.535145121635662,,,,,1.065438031941315,1.4188704306500568,"rgba(38, 166, 154, 1.0)"
2025-09-29 00:00:00+00:00,1.75,1.91,1.7,1.85,10492913,0.0,0.0,0.0,0.0,0.0,0.0,0.0,0.0,,1.348393096286978,1.0682047810718742,1.0848541757463745,,,1.120842223347906,1.1257272480643095,1.1293698119999451,1.2094819042872182,1.2273405685263565,1.335590014660216,1.37391670687342,1.4389410374046452,,,,,1.5451869117823074,,,,,1.0674770650212602,1.4197470927536948,"rgba(38, 166, 154, 0.75)"
2025-09-30 00:00:00+00:00,1.67,1.71,1.57,1.7,12892789,0.0,0.0,0.0,0.0,0.0,0.0,0.0,0.0,,1.355864597557509,1.0739360094833457,1.0868571139929049,,,1.1224667343318875,1.1273347095915385,1.130964709252128,1.2108052465167707,1.2286060660745985,1.3365165189548331,1.3747268537472606,1.4457148268968023,,,,,1.5500881278559993,,,,,1.0694936155756951,1.4204194666069496,"rgba(38, 166, 154, 0.75)"
2025-10-01 00:00:00+00:00,1.78,1.785,1.65,1.67,6604864,0.0,0.0,0.0,0.0,0.0,0.0,0.0,0.0,,1.3606575458551053,1.0772720880568363,1.0880378010737208,,,1.1234338059389561,1.1282929156551995,1.1319163908990917,1.2116158401067394,1.2293867225645474,1.3371221959673285,1.3752726365849806,1.4504481292380678,,,,,1.5544921366208242,,,,,1.070677653566832,1.4208943456062402,"rgba(38, 166, 154, 0.75)"
2025-10-02 00:00:00+00:00,1.75,1.84,1.69,1.82,8467628,0.0,0.0,0.0,0.0,0.0,0.0,0.0,0.0,,1.3669718908508046,1.0816389273096516,1.089595455394925,,,1.1247127160910364,1.1295604508396466,1.1331755573822784,1.2126940062074523,1.2304265139914623,1.337937814938021,1.3760115682757987,1.4567371007885876,,,,,1.5604764764485115,,,,,1.0722385686988227,1.4215424956152425,"rgba(38, 166, 154, 0.75)"
2025-10-03 00:00:00+00:00,2.06,2.1,1.77,1.78,27244924,0.0,0.0,0.0,0.0,0.0,0.0,0.0,0.0,,1.3964886016289746,1.099687084291085,1.0961626729294265,,,1.130184614786727,1.134994344714313,1.13858157727693,1.2174964661827667,1.2351021520978018,1.3418771777916179,1.379700703857749,1.4886388574211271,,,,,1.5961304268792469,,,,,1.078780441155709,1.4249355576702922,"rgba(38, 166, 154, 0.75)"
2025-10-06 00:00:00+00:00,2.43,2.5288,2.11,2.13,28190620,0.0,0.0,0.0,0.0,0.0,0.0,0.0,0.0,,1.4422730188170199,1.1253695748177932,1.105741982592338,,,1.1382789995554679,1.1430468645029008,1.146603539265851,1.224855577875113,1.242323930676187,1.3483095406817436,1.3858676312007814,1.5404341309747414,,,,,1.6580234333525614,,,,,1.0882704151626368,1.4307886690673544,"rgba(38, 166, 154, 1.0)"
2025-10-07 00:00:00+00:00,2.71,3.05,2.57,2.67,45160211,0.0,0.0,0.0,0.0,0.0,0.0,0.0,0.0,,1.5370059639388913,1.177721428366737,1.12584582644155,,,1.155425022302851,1.1601217732353695,1.1636267727248804,1.2407559252726157,1.2579946935186481,1.3626731816394753,1.3997963642845155,1.648339498382775,,,,,1.7870997709375573,,,,,1.1081266435860417,1.4442036230538742,"rgba(38, 166, 154, 1.0)"
2025-10-08 00:00:00+00:00,2.76,2.99,2.68,2.94,25467139,0.0,0.0,0.0,0.0,0.0,0.0,0.0,0.0,,1.586008620907358,1.2063915398557554,1.1371957139312654,,,1.1651323986713673,1.1697896508926586,1.1732659495087185,1.2497712264789587,1.2668824259226803,1.3708345439371616,1.4077160399804536,1.702837244650259,,,,,1.8495932137203124,,,,,1.1193391594578905,1.4518377494406416,"rgba(38, 166, 154, 1.0)"
2025-10-09 00:00:00+00:00,2.98,3.22,2.62,2.72,27790906,0.0,0.0,0.0,0.0,0.0,0.0,0.0,0.0,,1.6405921114838207,1.2389949665495918,1.1503570100574698,,,1.1764233956552834,1.181037214360412,1.184481987885598,1.2603015957277712,1.2772730409221795,1.3804312703340569,1.4170493126912065,1.7630884436199168,,,,,1.9177458417461386,,,,,1.1323353551476814,1.4608598004087066,"rgba(38, 166, 154, 1.0)"
2025-10-10 00:00:00+00:00,3.02,3.66,2.93,3.05,45540747,0.0,0.0,0.0,0.0,0.0,0.0,0.0,0.0,,1.7374306006329767,1.297722779030147,1.174626840530628,,,1.1973353330512242,1.2018762351124048,1.205268201829088,1.2799380961149192,1.296676748224651,1.3985190120361093,1.4347027498422271,1.8695338322324977,,,,,2.037184642810264,,,,,1.1562802939237253,1.4780003741921992,"rgba(38, 166, 154, 1.0)"
2025-10-13 00:00:00+00:00,3.35,3.46,3.13,3.24,21505747,0.0,0.0,0.0,0.0,0.0,0.0,0.0,0.0,,1.7822347738088649,1.3257835706322652,1.1865001180399375,,,1.2075946553785177,1.2121011800708383,1.2154682678933226,1.2895962178488871,1.3062253538536697,1.4074494310272627,1.4434294974845001,1.9182252853172699,,,,,2.090820071767717,,,,,1.167993734734774,1.4864866209550625,"rgba(38, 166, 154, 1.0)"
2025-10-14 00:00:00+00:00,3.17,3.61,3.07,3.61,41779728,0.0,0.0,0.0,0.0,0.0,0.0,0.0,0.0,,1.8608055239960737,1.3773334022644663,1.2088736987602113,,,1.2269640304884868,1.2314053841500152,1.234725280347126,1.3078251314336886,1.3242461036755029,1.4242934203805135,1.459885165904403,2.002164207449828,,,,,2.1808397824417645,,,,,1.1900766912469392,1.5024836426334915,"rgba(38, 166, 154, 1.0)"
2025-10-15 00:00:00+00:00,3.54,3.73,3.16,3.29,55893761,0.0,0.0,0.0,0.0,0.0,0.0,0.0,0.0,,1.9665505070221123,1.4487759148621981,1.2407903348350393,,,1.2547021980462028,1.2590560842283949,1.2623127253142838,1.3340334077920393,1.3501761707359823,1.4486550959618347,1.4837309397625915,2.1142389038840936,3.4766666666666666,,,,2.2996999410971166,,,,,1.2215715530536897,1.52572016810468,"rgba(38, 166, 154, 1.0)"
2025-10-16 00:00:00+00:00,3.14,3.6,3.03,3.57,68747760,0.0,0.0,0.0,0.0,0.0,0.0,0.0,0.0,,2.0626582424098485,1.5214090050921967,1.2750923232973959,,,1.2846088307027976,1.2888629450906568,1.2920472416123137,1.362190959935324,1.3780129169376176,1.4746718118946034,1.5091447868550416,,3.3553226147114597,,,,2.3967189002601046,,,,,1.2554743445322498,1.5504215032332331,"rgba(38, 166, 154, 0.75)"
2025-10-17 00:00:00+00:00,3.07,3.16,2.85,3.04,19545123,0.0,0.0,0.0,0.0,0.0,0.0,0.0,0.0,,2.082651716162266,1.5384078982575233,1.2835250483083442,,,1.2919762094363172,1.2962038153152007,1.2993688370074523,1.3690925832128877,1.3848283595492827,1.4809951779174384,1.5153040103567854,,3.31077187997616,,,,2.414367225255501,,,,,1.2638235331237362,1.5563865892622832,"rgba(38, 166, 154, 0.75)"
2025-10-20 00:00:00+00:00,3.27,3.3594,3.04,3.2,18328977,0.0,0.0,0.0,0.0,0.0,0.0,0.0,0.0,,2.104410260693477,1.5560627310811395,1.2922426469322992,,,1.299604879987328,1.3038069986747638,1.3069535228697393,1.376273955414515,1.3919274319957329,1.4876262576695602,1.5217796908966048,,3.3008877537866548,,,,2.435071455559485,,,,,1.2724466819290632,1.562678536891915,"rgba(38, 166, 154, 0.75)"
2025-10-21 00:00:00+00:00,2.84,3.1599,2.77,3.13,17728450,0.0,0.0,0.0,0.0,0.0,0.0,0.0,0.0,,2.119247681062666,1.5697820026309128,1.299302582114824,,,1.3057852154530352,1.309964250730432,1.3130939655717853,1.3820481883776587,1.397626164670685,1.4928924170998636,1.5269010238573846,,3.2637489698228874,,,,2.446868392362776,,,,,1.2794444406656382,1.567628505998948,"rgba(38, 166, 154, 0.5)"
2025-10-22 00:00:00+00:00,2.48,2.79,2.33,2.66,25387738,0.0,0.0,0.0,0.0,0.0,0.0,0.0,0.0,,2.129720208173679,1.5834315765871871,1.3069045678521927,,,1.3124400689976778,1.316588863217874,1.3196964476416815,1.3881691222025765,1.4036463351947048,1.498329095137353,1.532140100636793,,3.173570310691896,,,,2.449760178192223,,,,,1.2870098857768915,1.5726335294189646,"rgba(38, 166, 154, 0.5)"
2025-10-23 00:00:00+00:00,2.37,2.52,2.33,2.46,11255328,0.0,0.0,0.0,0.0,0.0,0.0,0.0,0.0,,2.1327909897222157,1.588569448865638,1.3098999310267636,,,1.3150636763666865,1.3191995409397503,1.322297645860127,1.3905641274416503,1.405997953840469,1.5004284830698655,1.534153714641573,,3.1337719520741643,,,,2.449130556048619,,,,,1.2899968797281778,1.57454550537276,#000000
2025-10-24 00:00:00+00:00,2.53,2.62,2.47,2.51,13606383,0.0,0.0,0.0,0.0,0.0,0.0,0.0,0.0,,2.1381770643264613,1.5956939870959508,1.3139368322184624,,,1.3186039157919127,1.322723813015466,1.3258102313858533,1.3938223665097509,1.4092029415223006,1.5033249767770986,1.5369456939722081,,3.0987206907867377,,,,2.4507076832997217,,,,,1.2940152199254031,1.5772136758139983,#000000
2025-10-27 00:00:00+00:00,2.44,2.64,2.39,2.64,11547078,0.0,0.0,0.0,0.0,0.0,0.0,0.0,0.0,,2.1420824215541323,1.6013413281905664,1.3172031608028043,,,1.321469996375064,1.325576572037722,1.3286532328606926,1.3964530285013217,1.4117890436704417,1.5056525109348948,1.5391854762157795,,3.069680334107697,,,,2.4512780258380906,,,,,1.2972691443895918,1.5793494872337797,#000000
2025-10-28 00:00:00+00:00,2.27,2.495,2.24,2.44,11624050,0.0,0.0,0.0,0.0,0.0,0.0,0.0,0.0,,2.1442143260613236,1.6059756402971612,1.3200408391111877,,,1.323960219390549,1.3280538974461358,1.3311210899531656,1.3987149502287464,1.4140074597450896,1.5076172900794833,1.54106375109635,,3.036013991536837,,,,2.4496034257942156,,,,,1.3001035635531641,1.5811252230831137,"rgba(239, 83, 80, 1.0)"
2025-10-29 00:00:00+00:00,2.25,2.3,2.16,2.25,9698765,0.0,0.0,0.0,0.0,0.0,0.0,0.0,0.0,,2.1450589954511954,1.6092822574390326,1.3221682138833533,,,1.3258274687210352,1.3299106715891216,1.3329701623731902,1.4003965672547145,1.4156535404392023,1.5090555437865745,1.542430891902898,,3.0065767900327143,,,,2.447075085486357,,,,,1.3022331081506797,1.582408043323974,"rgba(239, 83, 80, 1.0)"
2025-10-30 00:00:00+00:00,2.13,2.225,2.1,2.17,8412829,0.0,0.0,0.0,0.0,0.0,0.0,0.0,0.0,,2.1451109489398967,1.6117376985042267,1.3238347690565013,,,1.3272903945308,1.3313647224889982,1.334417679208505,1.4017020600935823,1.4169287725003161,1.5101533100682216,1.543467759048213,,2.9801130615429834,,,,2.444063582481169,,,,,1.3039051572061962,1.5833726812554532,"rgba(239, 83, 80, 1.0)"
2025-10-31 00:00:00+00:00,2.36,2.4,2.15,2.15,13106989,0.0,0.0,0.0,0.0,0.0,0.0,0.0,0.0,,2.147025678366193,1.616581463246527,1.3268911783370891,,,1.3299767263983322,1.3340368319640572,1.3370793409508426,1.4041364718992808,1.419315076509508,1.5122587359676243,1.545477246656235,,2.9489755866486926,,,,2.4418633668508947,,,,,1.3069607974540638,1.5852684235296877,"rgba(239, 83, 80, 1.0)"
2025-11-03 00:00:00+00:00,2.27,2.45,2.21,2.42,10057872,0.0,0.0,0.0,0.0,0.0,0.0,0.0,0.0,,2.148525181785544,1.6202882838731776,1.3292395876983154,,,1.3320421733079213,1.336091413454966,1.3391259408875924,1.4060094475854878,1.421151296881623,1.5138803582437559,1.5470255701933042,,2.92718569505248,,,,2.4403001263609845,,,,,1.3093085590127744,1.5867298408486166,"rgba(239, 83, 80, 1.0)"
2025-11-04 00:00:00+00:00,2.08,2.22,2.06,2.1,8576782,0.0,0.0,0.0,0.0,0.0,0.0,0.0,0.0,,2.1483031164329978,1.622555895521048,1.3308470901324176,,,1.3334557490219137,1.337496149394615,1.3405241639294907,1.4072660996482391,1.4223777171281369,1.5149292051536825,1.548013384777987,,2.9043763118756583,,,,2.437094531343671,,,,,1.310923452785387,1.587645252560356,"rgba(239, 83, 80, 1.0)"
2025-11-05 00:00:00+00:00,2.23,2.34,2.04,2.08,13002418,0.0,0.0,0.0,0.0,0.0,0.0,0.0,0.0,,2.1489450023781993,1.6265239825753903,1.3335276697020568,,,1.3358151103667437,1.339841928121466,1.3428599477898497,1.4093845331310013,1.424449901365465,1.5167303936132586,1.5497216674671364,,2.8755779891248667,,,,2.4336008445880633,,,,,1.3136102999161103,1.5892433415301017,"rgba(239, 83, 80, 1.0)"
2025-11-06 00:00:00+00:00,2.19,2.62,2.1426,2.58,22319753,0.0,0.0,0.0,0.0,0.0,0.0,0.0,0.0,,2.152254328681922,1.634534429044971,1.3386900328113034,,,1.3403646882471294,1.3443678055473365,1.3473684130662318,1.4135141332376298,1.4284992547839863,1.5203110313937434,1.553142149249709,,2.8388189972061633,,,,2.4306975837832026,,,,,1.3187721513771031,1.5924739108865353,"rgba(239, 83, 80, 1.0)"
2025-11-07 00:00:00+00:00,2.55,2.55,2.08,2.1,15338946,0.0,0.0,0.0,0.0,0.0,0.0,0.0,0.0,,2.1554632424963285,1.6405317796625096,1.3424788153621479,,,1.343707599562696,1.3476943160963848,1.3506828860997644,1.416566579229083,1.4314963549252964,1.5229854767532502,1.5557065698383388,,2.8195257005868464,,,,2.4300661386646176,,,,,1.3225557971466448,1.5949078809633561,"rgba(239, 83, 80, 0.75)"
2025-11-10 00:00:00+00:00,2.42,2.61,2.29,2.58,10750240,0.0,0.0,0.0,0.0,0.0,0.0,0.0,0.0,,2.1580930687621502,1.6449358833861547,1.3452351856171958,,,1.346141446290305,1.3501166296344487,1.3530967395718734,1.418796231275083,1.433687162702304,1.5249500843454895,1.5575941359070364,,2.8083454719345298,,,,2.4301824190515133,,,,,1.325306586905668,1.5967041094125924,#000000
2025-11-11 00:00:00+00:00,2.32,2.46,2.23,2.42,6797121,0.0,0.0,0.0,0.0,0.0,0.0,0.0,0.0,,2.1591305547173723,1.6473368726877664,1.3468070139268384,,,1.3475298955380133,1.3514979792265562,1.354472873186709,1.4200588374298124,1.4349257180947885,1.5260481365102705,1.5586441732817677,,2.799720692441715,,,,2.4294953860874706,,,,,1.3268782836850899,1.597697204541319,#000000
2025-11-12 00:00:00+00:00,2.22,2.38,2.145,2.29,6179955,0.0,0.0,0.0,0.0,0.0,0.0,0.0,0.0,,2.1595992770257766,1.6492275479720213,1.3481046579048481,,,1.3486764684610557,1.352638242121478,1.355608493866225,1.4210934512995999,1.4359388472664776,1.5269354023440682,1.5594883020614698,,2.790703777654758,,,,2.428293318015884,,,,,1.3281784060335262,1.598490162163657,"rgba(239, 83, 80, 0.75)"
2025-11-13 00:00:00+00:00,1.99,2.21,1.9401,2.18,9648457,0.0,0.0,0.0,0.0,0.0,0.0,0.0,0.0,,2.15868062155031,1.6511702079204709,1.3496710501146312,,,1.3500608381580927,1.3540132389999167,1.3569765726132865,1.4223111272122824,1.4371242252010499,1.5279303315344588,1.5604175176461392,,2.772181264400884,,,,2.424380773796006,,,,,1.3297577139725776,1.5993413789252209,"rgba(239, 83, 80, 1.0)"
2025-11-14 00:00:00+00:00,1.99,2.09,1.8,1.83,8712057,0.0,0.0,0.0,0.0,0.0,0.0,0.0,0.0,,2.157231513871455,1.6525271439589304,1.3509042209961692,,,1.351151159082539,1.3550953041121996,1.3580525347123211,1.4232544530318627,1.4380389414172674,1.5286758391874296,1.5611044608007705,,2.7543251914258122,,,,2.4201209333539215,,,,,1.3310060637698622,1.5999587891795453,"rgba(239, 83, 80, 1.0)"
2025-11-17 00:00:00+00:00,1.89,2.0,1.85,1.95,6253817,0.0,0.0,0.0,0.0,0.0,0.0,0.0,0.0,,2.155961202189581,1.6533471459815203,1.3517187791686853,,,1.3518716233275945,1.3558099284831147,1.358762838301573,1.4238708699143106,1.4386350563116848,1.5291516775045795,1.5615385991540176,,2.741259006642332,,,,2.4168056613385267,,,,,1.331832869128336,1.6003434095989746,"rgba(239, 83, 80, 1.0)"
2025-11-18 00:00:00+00:00,1.86,1.91,1.7636,1.83,7842191,0.0,0.0,0.0,0.0,0.0,0.0,0.0,0.0,,2.1539403981373626,1.6540979677932106,1.3526121711821524,,,1.352662081781758,1.3565932087464734,1.3595408007810865,1.4245333153213093,1.439272430156641,1.5296401506785366,1.5619753191511596,,2.724122235669861,,,,2.412149370578698,,,,,1.3327440814053355,1.600718659605391,"rgba(239, 83, 80, 1.0)"
2025-11-19 00:00:00+00:00,1.83,1.93,1.82,1.86,5752741,0.0,0.0,0.0,0.0,0.0,0.0,0.0,0.0,,2.1525478792624217,1.654689432829399,1.353286014363211,,,1.3532585044121488,1.3571843621956772,1.3601280516808976,1.4250357820041457,1.4397565082535753,1.5300150682577,1.5623123137968045,,2.712175863937749,,,,2.408873347937669,,,,,1.3334305945865226,1.601010612203402,"rgba(239, 83, 80, 1.0)"
2025-11-20 00:00:00+00:00,1.8,2.05,1.79,1.91,9496654,0.0,0.0,0.0,0.0,0.0,0.0,0.0,0.0,,2.150432943401789,1.6557528195403282,1.3544382421461054,,,1.3542787579516822,1.3581959053936703,1.3611331458099154,1.4259007477631156,1.4405911096248483,1.5306695247992899,1.5629042256232606,,2.693607586061602,,,,2.4037434969445397,,,,,1.3346028872439128,1.601528240528778,"rgba(239, 83, 80, 1.0)"
2025-11-21 00:00:00+00:00,1.81,1.82,1.66,1.82,10342993,0.0,0.0,0.0,0.0,0.0,0.0,0.0,0.0,,2.147188817063925,1.6563029836149612,1.3554101330429615,,,1.3551398553053469,1.3590478270383881,1.3619782587005178,1.4265979936909192,1.4412561098291745,1.5311424063030317,1.56331011964223,,2.671536924979752,,,,2.397048920981896,1.7633333333333334,,,,1.3356020525699945,1.6018545438170364,"rgba(239, 83, 80, 1.0)"
2025-11-24 00:00:00+00:00,1.86,1.91,1.81,1.82,8816684,0.0,0.0,0.0,0.0,0.0,0.0,0.0,0.0,,2.1451517277198824,1.6571871076905103,1.356430424254016,,,1.3560441760906683,1.3599441712627518,1.3628686945047603,1.427360045740515,1.4419903047763083,1.531711178859882,1.5638214064297613,,2.6554498825455655,,,,,1.8078163093946382,,,,1.3366417599808236,1.602297547014283,"rgba(239, 83, 80, 1.0)"
2025-11-25 00:00:00+00:00,1.87,1.88,1.7601,1.87,3811398,0.0,0.0,0.0,0.0,0.0,0.0,0.0,0.0,,2.1442087984331724,1.6575233010311676,1.3568498646634308,,,1.3564160780789298,1.3603126545563642,1.3632346443305852,1.4276709501615148,1.4422892493525468,1.5319390393981807,1.5640245424377217,,2.6484933560871147,,,,,1.8126087381602005,,,,1.3370699905817762,1.6024713116875826,"rgba(239, 83, 80, 1.0)"
2025-11-26 00:00:00+00:00,1.87,1.92,1.84,1.9,3783468,0.0,0.0,0.0,0.0,0.0,0.0,0.0,0.0,,2.1433993783772225,1.6579299511581815,1.3573001262771947,,,1.356815359584993,1.3607085149323908,1.3636279712584876,1.4280092201001824,1.4426155812260746,1.5321945124418277,1.5642554030760742,,2.642038015591336,,,,,1.82166742859085,,,,1.3375283045658175,1.6026729373108883,"rgba(239, 83, 80, 1.0)"
2025-11-28 00:00:00+00:00,1.97,2.04,1.91,1.92,5965699,0.0,0.0,0.0,0.0,0.0,0.0,0.0,0.0,,2.142591950317319,1.6588501069063963,1.3581403544761423,,,1.3575605347752016,1.361448180946022,1.3643635645057732,1.4286562607617275,1.4432435137690987,1.5327093952033806,1.5647311482115098,,2.6333340920108963,,,,,1.849319826035109,,,,1.3383786743674417,1.6031022066111331,"rgba(239, 83, 80, 0.75)"
2025-12-01 00:00:00+00:00,1.87,1.94,1.84,1.91,8171967,0.0,0.0,0.0,0.0,0.0,0.0,0.0,0.0,,2.1409167398602538,1.6597436428744219,1.3591197692498134,,,1.3584296103909195,1.3623098958493958,1.3652198289259998,1.429394062873807,1.4439556329032244,1.5332690833403424,1.565237895010941,,2.620195993266679,,,,,1.856117141856207,,,,1.339375259868534,1.6035460674772855,"rgba(239, 83, 80, 0.75)"
2025-12-02 00:00:00+00:00,1.84,1.91,1.82,1.9,5787041,0.0,0.0,0.0,0.0,0.0,0.0,0.0,0.0,,2.1396219955600118,1.660297161379242,1.3597759727722785,,,1.3590121391428143,1.3628872623595527,1.3657933708911894,1.429884488403421,1.4444280112705423,1.5336342411655417,1.5655657756358774,,2.610840382043375,,,,,1.8561852689706884,,,,1.3400443079776738,1.6038296641109644,"rgba(239, 83, 80, 0.75)"
2025-12-03 00:00:00+00:00,2.0,2.0,1.79,1.85,5158005,0.0,0.0,0.0,0.0,0.0,0.0,0.0,0.0,,2.138774405455482,1.6609711610517472,1.3604454950398495,,,1.3596065422567447,1.3634769932181696,1.3663796447419665,1.430395604399165,1.4449228685021127,1.5340327411587078,1.5659308592966588,,2.603485094901312,,,,,1.863530116835855,,,,1.340723615337961,1.6041550582788031,"rgba(239, 83, 80, 0.75)"
2025-12-04 00:00:00+00:00,2.29,2.36,1.94,1.98,9709127,0.0,0.0,0.0,0.0,0.0,0.0,0.0,0.0,,2.1392117009668232,1.663479304883729,1.3622895773695776,,,1.3612435815194524,1.3651047049357048,1.3680004856069188,1.4318668843830553,1.4463622047008886,1.5352843919066517,1.5671179966636966,,2.5953771570596413,,,,,1.9160834102308943,,,,1.3425748008105003,1.6052656279520996,#000000
2025-12-05 00:00:00+00:00,2.17,2.28,2.15,2.23,7824331,0.0,0.0,0.0,0.0,0.0,0.0,0.0,0.0,,2.1395794960191137,1.6654960563513406,1.363775680584939,,,1.3625634218681906,1.3664170542983078,1.3693073169612835,1.43305359533421,1.447523258936439,1.5362946953135759,1.5680764810447945,,2.589127322072046,,,,,1.9481063962818623,,,,1.3440666058369215,1.6061626095188037,"rgba(38, 166, 154, 0.5)"
2025-12-08 00:00:00+00:00,2.1,2.258,2.07,2.2,5289241,0.0,0.0,0.0,0.0,0.0,0.0,0.0,0.0,,2.139592071366518,1.6667054942402317,1.364708628435928,,,1.3633923598571602,1.3672410098016632,1.3701275987419015,1.4337939211292354,1.448246458788127,1.5369170747176992,1.5686641357834776,,2.5844070156960757,,,,,1.9618899054317662,,,,1.3450047742545612,1.6067090427131907,"rgba(38, 166, 154, 0.5)"
2025-12-09 00:00:00+00:00,2.12,2.145,1.95,2.08,13226862,0.0,0.0,0.0,0.0,0.0,0.0,0.0,0.0,,2.1389071298072673,1.6692560964381906,1.3668198746555191,,,1.3652694382567738,1.3691058848244377,1.371983464843283,1.4354537649023198,1.4498641657369626,1.5382861166036739,1.569947318068348,,2.5711996965681503,,,,,1.9784111783341884,,,,1.3471332727307699,1.6078902773279709,"rgba(38, 166, 154, 0.5)"
2025-12-10 00:00:00+00:00,2.08,2.16,2.03,2.09,5589099,0.0,0.0,0.0,0.0,0.0,0.0,0.0,0.0,,2.1386996232310946,1.6703729027228287,1.3677313166040934,,,1.3660801312151758,1.369911421779278,1.3727851964453655,1.4361726859633601,1.4505652983306832,1.5388823215791223,1.5705073110768193,,2.566018548158407,,,,,1.985083281748031,,,,1.348051604561679,1.6084072739320419,"rgba(38, 166, 154, 0.5)"
2025-12-11 00:00:00+00:00,2.2,2.21,1.99,2.04,6099603,0.0,0.0,0.0,0.0,0.0,0.0,0.0,0.0,,2.1386748896349252,1.6717101367168399,1.3687829114041594,,,1.3670156412368755,1.3708412636248228,1.373710857794066,1.4370073529642113,1.4513804569966324,1.5395825595208,1.5711679423623548,,2.560993282395207,,,,,1.994164494455354,,,,1.3491096113961658,1.6090208829562767,"rgba(38, 166, 154, 0.5)"
2025-12-12 00:00:00+00:00,2.04,2.205,2.02,2.19,5196106,0.0,0.0,0.0,0.0,0.0,0.0,0.0,0.0,,2.1384780038551305,1.672732761008088,1.3696238710504187,,,1.3677640896783125,1.3715849462293046,1.3744510226776991,1.4376709623247172,1.4520276163422343,1.5401326644824767,1.5716845452335886,,2.55636269050293,,,,,1.9988347596476441,,,,1.3499570673623835,1.6094977051860946,#000000
2025-12-15 00:00:00+00:00,1.95,2.0795,1.9335,2.04,6505408,0.0,0.0,0.0,0.0,0.0,0.0,0.0,0.0,,2.1377431568740946,1.6736976026820864,1.3705268840552733,,,1.3685683404219537,1.3723833860144132,1.3752451657878861,1.4383716368182549,1.4527081045509715,1.5406936456268168,1.572204129232736,,2.5494718847252225,,,,,1.99818185760562,,,,1.3508710497968717,1.6099681185347479,#000000
2025-12-16 00:00:00+00:00,1.96,1.99,1.91,1.93,3698399,0.0,0.0,0.0,0.0,0.0,0.0,0.0,0.0,,2.1372337265359014,1.674183800229511,1.371010586669954,,,1.3689993316301794,1.3728111083411343,1.3756704695448896,1.4387443345346174,1.453069420200494,1.5409874938488881,1.5724745775420075,,2.5453934375815,,,,,1.9967392212451605,,,,1.3513615399131573,1.6102107696310473,#000000
2025-12-17 00:00:00+00:00,1.82,2.02,1.8,1.97,5639205,0.0,0.0,0.0,0.0,0.0,0.0,0.0,0.0,,2.1361547616633354,1.674727994476042,1.37165389282665,,,1.369572952369359,1.3733798431225142,1.3762355844284095,1.4392307386314978,1.453538727985085,1.5413551997523467,1.5728069519261354,,2.538523965939969,,,,,1.9912812070109525,,,,1.3520169671469384,1.6105011631880435,"rgba(239, 83, 80, 1.0)"
2025-12-18 00:00:00+00:00,1.92,2.07,1.88,1.89,5366580,0.0,0.0,0.0,0.0,0.0,0.0,0.0,0.0,,2.1354411455589255,1.6754356425751014,1.3723566931989022,,,1.370199460676841,1.37400162597702,1.3768538710758114,1.4397729740569938,1.454064508598937,1.5417834429586608,1.5732013659227133,,2.5328629419748134,,,,,1.9898066879848713,,,,1.3527295529587584,1.6108553898476772,"rgba(239, 83, 80, 1.0)"
2025-12-19 00:00:00+00:00,1.93,1.9773,1.9,1.94,5852538,0.0,0.0,0.0,0.0,0.0,0.0,0.0,0.0,,2.1345791218373846,1.676146280074633,1.373093865808883,,,1.3708568840394975,1.3746539349219709,1.3775023945128102,1.4403391586641943,1.4546128571469483,1.5422259832623615,1.5736071792292627,,2.5265941218382326,,,,,1.9874076720372136,,,,1.3534779263821048,1.611217569874169,"rgba(239, 83, 80, 1.0)"
2025-12-22 00:00:00+00:00,1.94,2.0,1.89,1.95,4038433,0.0,0.0,0.0,0.0,0.0,0.0,0.0,0.0,,2.1340110995807406,1.6766486099091042,1.3736082393826696,,,1.3713157004790693,1.375109223674465,1.377955072492304,1.440735045944782,1.4549964462631053,1.5425366307744843,1.5738925132558859,,2.5223990640171907,,,,,1.9860976816130884,,,,1.3539999039887676,1.6114728305519241,"rgba(239, 83, 80, 1.0)"
2025-12-23 00:00:00+00:00,2.0,2.07,1.92,1.95,5688124,0.0,0.0,0.0,0.0,0.0,0.0,0.0,0.0,,2.133438926175773,1.677493802529541,1.3743988359040586,,,1.372020834007413,1.3758093354998253,1.378651471277856,1.4413506549475195,1.4555946057886482,1.5430314768946238,1.5743515697885107,,2.5171265396539484,,,,,1.9865223606570535,,,,1.3547999359661613,1.6118893737401847,"rgba(239, 83, 80, 1.0)"
2025-12-24 00:00:00+00:00,2.04,2.07,1.94,1.98,3537981,0.0,0.0,0.0,0.0,0.0,0.0,0.0,0.0,,2.1331371264520023,1.6780500600644521,1.3749053436664838,,,1.3724726386357315,1.376258008336752,1.3790978292269074,1.4417466387889284,1.4559797194723207,1.5433522707916116,1.5746500961825398,,2.5140240604843442,,,,,1.987257379522198,,,,1.355312021321151,1.6121614503924664,#000000
2025-12-26 00:00:00+00:00,1.97,2.04,1.95,2.04,3214486,0.0,0.0,0.0,0.0,0.0,0.0,0.0,0.0,,2.1327939901818005,1.678509240619104,1.3753433666778099,,,1.3728634927323122,1.3766460416233028,1.3794837763594365,1.442087194613254,1.456310465015558,1.543624906565818,1.5749025927431468,,2.5110703942021195,,,,,1.9872445765915958,,,,1.3557555237926893,1.6123900228524963,#000000
2025-12-29 00:00:00+00:00,1.91,2.045,1.89,1.91,4757464,0.0,0.0,0.0,0.0,0.0,0.0,0.0,0.0,,2.1321566355928243,1.6791021026059718,1.3759499157260524,,,1.3734049781671032,1.3771833979925452,1.380018076901656,1.442555015622564,1.456763888955788,1.5439929356264048,1.5752409855303788,,2.5064440206467493,,,,,1.9860352047595684,,,,1.3563709567381768,1.6126932051792366,"rgba(239, 83, 80, 0.75)"
2025-12-30 00:00:00+00:00,1.79,1.9388,1.775,1.9,14487085,0.0,0.0,0.0,0.0,0.0,0.0,0.0,0.0,,2.1290584538436272,1.6801355938379043,1.3774236127188735,,,1.3747226635133438,1.3784889073671314,1.3813145558271813,1.4436551329644955,1.4578212202613816,1.5447954458418263,1.5759546944584395,,2.4900354554448634,,,,,1.972942046002361,,,,1.3578786239173408,1.6133013711342008,"rgba(239, 83, 80, 1.0)"
2025-12-31 00:00:00+00:00,1.8,1.84,1.77,1.8,4494900,0.0,0.0,0.0,0.0,0.0,0.0,0.0,0.0,,2.128009571480049,1.6803891238518338,1.377847793073856,,,1.3751022793214522,1.3788647903010092,1.3816876684702524,1.443968013321584,1.4581209521967264,1.545016773493594,1.576148665914552,,2.484870923228325,,,,,1.9685109833194234,,,,1.3583139227606595,1.6134628248496237,"rgba(239, 83, 80, 1.0)"
2026-01-02 00:00:00+00:00,1.92,1.94,1.82,1.855,4250164,0.0,0.0,0.0,0.0,0.0,0.0,0.0,0.0,,2.1272971943582673,1.6808026794210282,1.3783327758914705,,,1.3755359168338828,1.3792948254872524,1.3821150347331872,1.4443373243840183,1.4584776500903933,1.5452984949038473,1.5764043100474279,,2.4806940322530613,,,,,1.9666986576909216,,,,1.3588078216510844,1.6136874795086202,"rgba(239, 83, 80, 1.0)"
2026-01-05 00:00:00+00:00,2.13,2.2,1.95,1.96,7552264,0.0,0.0,0.0,0.0,0.0,0.0,0.0,0.0,,2.1271149756016725,1.6822214088814433,1.3795261106138195,,,1.3766016083624908,1.3803538199572722,1.3831690847416245,1.445283719510112,1.459400888272666,1.5460850002034292,1.5771435824536615,,2.4758940171751855,,,,,1.9719004759533196,,,,1.3600107369652907,1.6143706536855136,#000000
2026-01-06 00:00:00+00:00,2.09,2.19,2.03,2.15,5835447,0.0,0.0,0.0,0.0,0.0,0.0,0.0,0.0,,2.127016796692704,1.6833374632399598,1.3804583255843828,,,1.3774343356292498,1.3811813763864766,1.3839928240263797,1.4460243421911778,1.4601236385936278,1.5467022456713988,1.5777243913912478,,2.472360700309459,,,,,1.9759437521454513,,,,1.3609501428259767,1.614908187424508,#000000
2026-01-07 00:00:00+00:00,2.08,2.1,1.97,2.05,4553638,0.0,0.0,0.0,0.0,0.0,0.0,0.0,0.0,,2.1267694823261936,1.6840941941652978,1.3811305571320043,,,1.3780351766543235,1.381778242072752,1.3845867523506876,1.4465543239506844,1.4606398328156014,1.547136899264803,1.5781308318017344,,2.4692579186759747,,,,,1.9776798459025415,,,,1.361629006961173,1.6152811136263694,"rgba(38, 166, 154, 1.0)"
2026-01-08 00:00:00+00:00,2.21,2.22,2.062,2.07,8040899,0.0,0.0,0.0,0.0,0.0,0.0,0.0,0.0,,2.126979402137115,1.6858367921391346,1.3825160600274864,,,1.3792730879838506,1.3830089653289062,1.3858121743291354,1.447664275960281,1.4617250219722346,1.5480761713004538,1.5790198049279907,,2.465348760668248,,,,,1.9850861499509773,,,,1.3630224802557067,1.6161103554225493,"rgba(38, 166, 154, 1.0)"
2026-01-09 00:00:00+00:00,2.13,2.28,2.12,2.25,5086305,0.0,0.0,0.0,0.0,0.0,0.0,0.0,0.0,,2.1271559860111515,1.686961587719019,1.3834041006819984,,,1.3800667297011873,1.3837980607610298,1.3865979173966,1.4483769929695602,1.462422085599766,1.5486810246726732,1.5795928829898638,,2.4630290699926594,,,,,1.9897851541666962,,,,1.3639153311006778,1.6166456999335959,"rgba(38, 166, 154, 1.0)"
2026-01-12 00:00:00+00:00,2.2,2.25,2.11,2.15,7130073,0.0,0.0,0.0,0.0,0.0,0.0,0.0,0.0,,2.127450994283922,1.6885617169073872,1.3846612846560735,,,1.3811905477436495,1.3849155091337553,1.3877106694653194,1.4493874358035497,1.46341060565788,1.5495404326118896,1.5804078101894499,,2.459950733301436,,,,,1.9963295499747367,,,,1.3651790107961397,1.6174078061146295,"rgba(38, 166, 154, 1.0)"
2026-01-13 00:00:00+00:00,2.13,2.24,2.12,2.22,6537047,0.0,0.0,0.0,0.0,0.0,0.0,0.0,0.0,,2.1276133390490415,1.6899514791909445,1.3857770189746905,,,1.3821883789443188,1.3859075499983575,1.3886984393712236,1.4502821684399516,1.464285377575795,1.5502975477234595,1.581124355839676,,2.4569522008835163,,,,,2.001268570708256,,,,1.366301369763837,1.618076171059942,"rgba(38, 166, 154, 1.0)"
2026-01-14 00:00:00+00:00,2.22,2.229,2.03,2.13,5391342,0.0,0.0,0.0,0.0,0.0,0.0,0.0,0.0,,2.127732498481654,1.6910827288111396,1.3866904749024316,,,1.383005559206297,1.386719971875105,1.3895073511275702,1.4510146156006183,1.4650014147779107,1.5509168378847031,1.581710279634058,,2.4544941247640866,,,,,2.005040069837042,,,,1.3672204004427588,1.6186224673880925,"rgba(38, 166, 154, 1.0)"
2026-01-15 00:00:00+00:00,2.16,2.245,2.14,2.24,5522108,0.0,0.0,0.0,0.0,0.0,0.0,0.0,0.0,,2.127937084890077,1.6922899175886548,1.3876504190486378,,,1.3838644399321351,1.387573966325095,1.3903577423023663,1.4517865034072015,1.4657564707514712,1.551572721918141,1.582331983308407,,2.452202966391578,,,,,2.0092450483971978,,,,1.3681855892534462,1.6192035786445942,"rgba(38, 166, 154, 1.0)"
2026-01-16 00:00:00+00:00,2.31,2.3566,2.17,2.175,9463097,0.0,0.0,0.0,0.0,0.0,0.0,0.0,0.0,,2.128911853641501,1.6947530490488807,1.3894907909031142,,,1.385510793893996,1.3892117894540141,1.391989284031122,1.453281134600598,1.467221874175903,1.5528664263843819,1.5835666915936202,,2.4497438476503244,,,,,2.019813818516008,,,,1.3700312992176384,1.620368240726449,"rgba(38, 166, 154, 1.0)"
2026-01-20 00:00:00+00:00,2.17,2.28,2.1,2.21,8712098,0.0,0.0,0.0,0.0,0.0,0.0,0.0,0.0,,2.1292335250171393,1.6966345846359603,1.3909971254975009,,,1.3868596325311062,1.3905529753936654,1.3933248262450753,1.4544937075449949,1.4684080741138048,1.5538972069731023,1.5845438955286213,,2.4463090973971853,,,,,2.025509323980804,,,,1.3715460070501462,1.6212818139020058,"rgba(38, 166, 154, 1.0)"
2026-01-21 00:00:00+00:00,2.36,2.45,2.14,2.2,12069980,0.0,0.0,0.0,0.0,0.0,0.0,0.0,0.0,,2.1307559305005066,1.6999250969415793,1.3934242197550142,,,1.3890324051279734,1.3927148730211776,1.3954787202327052,1.4564731092700804,1.470350273557053,1.5556210527995755,1.5861927844153063,,2.4440340737802067,,,,,2.03891248065862,,,,1.3739783730554338,1.6228417097009444,"rgba(38, 166, 154, 1.0)"
2026-01-22 00:00:00+00:00,2.57,2.62,2.41,2.48,10915398,-1.0,2.62,2.41,0.0,-1.0,2.62,2.41,0.0,,2.133691470180091,1.703905809563366,1.396120750340761,,2.533333333333333,1.3914455195284199,1.3951177325317152,1.3978740559843401,1.4587042715197194,1.4725467502588185,1.5576152243504389,1.5881179641254441,,2.445429097437516,2.533333333333333,,,,2.058672867120182,,,,1.3766704130460674,1.6246850232293757,"rgba(38, 166, 154, 1.0)"
2026-01-23 00:00:00+00:00,2.4,2.569,2.36,2.56,8817105,0.0,0.0,0.0,0.0,0.0,0.0,0.0,0.0,,2.1355026699219386,1.706746453984692,1.398117341222429,,2.4929695495295245,1.3932337221027,1.3968978493984587,1.3996482324545159,1.460348861409947,1.4741638508258395,1.559071538271917,1.5895192830795317,,,2.4929695495295245,,,,2.0706923840099063,,,,1.3786667284516736,1.6260210665824875,"rgba(38, 166, 154, 1.0)"
2026-01-26 00:00:00+00:00,2.1,2.4,2.1,2.4,8800004,0.0,0.0,0.0,0.0,0.0,0.0,0.0,0.0,,2.135877420483686,1.7086313240180644,1.3996408125436692,,2.4026117969584653,1.3946006734474665,1.3982571889560653,1.4010019584170055,1.4615802416537103,1.4753689871718558,1.5601219921580773,1.5905164082521823,,,2.4026117969584653,,,,2.074606361531253,,,,1.3801985326196806,1.6269548491238002,"rgba(38, 166, 154, 0.75)"
2026-01-27 00:00:00+00:00,2.2,2.22,2.1,2.18,4765390,0.0,0.0,0.0,0.0,0.0,0.0,0.0,0.0,,2.1359949027173575,1.7095909534509441,1.4004359841405707,,2.3697988749359555,1.395314530069472,1.3989669615574367,1.4017087176698662,1.462221331412972,1.4759959706624342,1.560665752980689,1.5910314488990982,,,2.3697988749359555,,,,2.076198514303067,,,,1.3809987500786447,1.6274357732113631,"rgba(38, 166, 154, 0.75)"
2026-01-28 00:00:00+00:00,2.27,2.3,2.16,2.23,6541711,0.0,0.0,0.0,0.0,0.0,0.0,0.0,0.0,,2.1364550893758265,1.7110997275055677,1.4016235227933511,,2.3490330826464625,1.3963803278745928,1.4000270768213825,1.402764644775383,1.463185957569637,1.476941047015648,1.5614957405394279,1.5918218078159092,,,2.3490330826464625,,,,2.079818435799235,,,,1.382191442987901,1.6281790659440143,"rgba(38, 166, 154, 0.75)"
2026-01-29 00:00:00+00:00,2.27,2.32,2.1,2.27,8408727,0.0,0.0,0.0,0.0,0.0,0.0,0.0,0.0,,2.1369677749404072,1.7129783527126359,1.4031209783400789,,2.3282879792984907,1.3977248722937483,1.4013643639499598,1.4040965817391904,1.4644012640947923,1.4781313606856141,1.5625388435505325,1.5928141940147829,,,2.3282879792984907,,,,2.0838862599747556,,,,1.3836960327744035,1.6291112129344723,"rgba(38, 166, 154, 0.75)"
2026-01-30 00:00:00+00:00,2.03,2.25,2.01,2.2,6292546,0.0,0.0,0.0,0.0,0.0,0.0,0.0,0.0,,2.136803161038746,1.7140150594825243,1.4040579151504338,,2.301565129619621,1.3985674704100368,1.402201714325636,1.4049300546571328,1.4651502550270528,1.4788621289608916,1.5631617998073644,1.5933998373555949,,,2.301565129619621,,,,2.0841401651146088,,,,1.3846416420367285,1.6296525194995697,#000000
2026-02-02 00:00:00+00:00,1.99,2.1492,1.99,2.005,5011263,0.0,0.0,0.0,0.0,0.0,0.0,0.0,0.0,,2.136499234516142,1.7147215863358232,1.4047446606775131,,2.2798127006398516,1.3991856375275284,1.4028157654728848,1.4055410616675932,1.4656949500967622,1.4793924808669128,1.5636071330411403,1.5938156901669331,,,2.2798127006398516,,,,2.0835004421942998,,,,1.3853363603149373,1.6300333362679307,"rgba(239, 83, 80, 0.5)"
2026-02-03 00:00:00+00:00,2.15,2.18,1.98,2.05,7184811,0.0,0.0,0.0,0.0,0.0,0.0,0.0,0.0,,2.1363457708256224,1.7159142385834898,1.4058194171333036,,2.2608131688287747,1.4001526200452767,1.4037767779109622,1.406497663166256,1.466555437562293,1.4802322390134786,1.5643242569182023,1.5944903746334935,,,2.2608131688287747,,,,2.0839336468147964,,,,1.3864208780909542,1.6306575915070285,#000000
2026-02-04 00:00:00+00:00,1.87,2.15,1.84,2.15,6725104,0.0,0.0,0.0,0.0,0.0,0.0,0.0,0.0,,2.1355565451795684,1.7165943051486374,1.4066067210167044,,2.2326648443772408,1.4008627660737665,1.4044815500279235,1.4071984540961053,1.4671695337067083,1.480827492080846,1.5648074539864916,1.594934587999112,,,2.2326648443772408,,,,2.0813169991158205,,,,1.3872212652843157,1.6310554602661502,"rgba(239, 83, 80, 1.0)"
2026-02-05 00:00:00+00:00,1.64,1.83,1.63,1.8,9528420,0.0,0.0,0.0,0.0,0.0,0.0,0.0,0.0,,2.1329114485492573,1.7165272306009283,1.4072032552377902,,2.171507776510926,1.4014058710524482,1.405017537211788,1.40772914181611,1.4675849577626867,1.4812175078274423,1.5650449605139292,1.595118541390302,,,2.171507776510926,,,,2.070791264507067,,,,1.387845683213602,1.6311756970168325,"rgba(239, 83, 80, 1.0)"
2026-02-06 00:00:00+00:00,1.88,1.9,1.72,1.72,7318813,0.0,0.0,0.0,0.0,0.0,0.0,0.0,0.0,,2.131520517089443,1.7168887550824545,1.407867716137906,,2.144101565519969,1.4020073752536304,1.4056134038225006,1.4083208221661043,1.4680855213052422,1.4816981348277067,1.5654065025244503,1.5954384698348094,,,2.144101565519969,,,,2.065861106474862,,,,1.3885277519338364,1.6314461338844406,"rgba(239, 83, 80, 1.0)"
2026-02-09 00:00:00+00:00,1.99,2.04,1.865,1.88,4546618,0.0,0.0,0.0,0.0,0.0,0.0,0.0,0.0,,2.1310415999590404,1.717364892387613,1.408406870220408,,2.135516898506377,1.402494009664193,1.4060964288788964,1.408801173647316,1.468507642533864,1.4821076036160254,1.5657407435284136,1.5957465448743222,,,2.135516898506377,,,,2.0645767665107146,,,,1.3890755314783765,1.631723101360441,"rgba(239, 83, 80, 1.0)"
2026-02-10 00:00:00+00:00,1.92,2.0,1.9,1.97,3252742,0.0,0.0,0.0,0.0,0.0,0.0,0.0,0.0,,2.1306493263904027,1.7176701346874588,1.4087746556417093,,2.129034636091015,1.4028261916592746,1.4064260487415035,1.4091288947408407,1.4687940125165027,1.482384976343239,1.5659645719360362,1.5959517320825103,,,2.129034636091015,,,,2.0634521201773324,,,,1.3894498018767971,1.631906124925073,"rgba(239, 83, 80, 0.75)"
2026-02-11 00:00:00+00:00,1.84,1.97,1.8,1.97,3662452,0.0,0.0,0.0,0.0,0.0,0.0,0.0,0.0,,2.1300481012796415,1.7179049295174509,1.409133670526496,,2.1197127177494313,1.4031510481082539,1.4067480741248601,1.4094488192503012,1.4690681987621286,1.4826491728899023,1.5661691677868,1.5961355255190903,,,2.1197127177494313,,,,2.061505494354735,,,,1.3898171031464472,1.632065179569739,"rgba(239, 83, 80, 0.75)"
2026-02-12 00:00:00+00:00,1.69,1.87,1.655,1.85,6652074,0.0,0.0,0.0,0.0,0.0,0.0,0.0,0.0,,2.1284138460283075,1.7179619602440452,1.409598432124343,,2.096313994948571,1.4035738442669068,1.4071659081697123,1.409862961334553,1.4694020129364722,1.4829653119638364,1.5663793374515258,1.5963085279755878,,,2.096313994948571,,,,2.055705035930162,,,,1.3903002613014375,1.6321939629350726,"rgba(239, 83, 80, 0.75)"
2026-02-13 00:00:00+00:00,1.7,1.745,1.69,1.71,3646051,0.0,0.0,0.0,0.0,0.0,0.0,0.0,0.0,,2.1274630304286646,1.7179523420820217,1.4098319959853833,,2.083799910677236,1.403786705740991,1.407376074335202,1.4100711209757235,1.4695665203105077,1.4831201988088387,1.5664764846288861,1.59638540273425,,,2.083799910677236,,,,2.052353457867712,,,,1.390544268462638,1.632246716511966,"rgba(239, 83, 80, 1.0)"
2026-02-17 00:00:00+00:00,1.7,1.72,1.64,1.69,2784608,0.0,0.0,0.0,0.0,0.0,0.0,0.0,0.0,,2.1266962926294695,1.717915878737619,1.4099953786624728,,2.0741714956653996,1.4039358923678356,1.4075232185486828,1.410216743905192,1.4696790511578854,1.483225425549906,1.566537831305495,1.5964313281931266,,,2.0741714956653996,,,,2.0496527737576127,,,,1.3907158864932065,1.632274291369385,"rgba(239, 83, 80, 1.0)"
2026-02-18 00:00:00+00:00,1.7,1.76,1.67,1.7,3105786,0.0,0.0,0.0,0.0,0.0,0.0,0.0,0.0,,2.12588943998769,1.717905602044816,1.4101927277634336,,2.0645831407345208,1.4041158176499406,1.407700854661744,1.4103926757549514,1.46981790553101,1.4833561070263528,1.5666194556550683,1.59649572666291,,,2.0645831407345208,,,,2.0468778919621538,,,,1.3909221373643628,1.632318193127841,"rgba(239, 83, 80, 1.0)"
2026-02-19 00:00:00+00:00,1.77,1.78,1.65,1.68,2849801,0.0,0.0,0.0,0.0,0.0,0.0,0.0,0.0,,2.125193216932846,1.7179239582234642,1.4103876582141535,,2.056769213632429,1.4042933066848706,1.4078762330100942,1.4105664834606286,1.4699575381225765,1.4834882163728778,1.5667064458753073,1.5965668872577188,,,2.056769213632429,,,,2.0445449276401853,,,,1.391124976662362,1.632370519626743,"rgba(239, 83, 80, 1.0)"
2026-02-20 00:00:00+00:00,1.65,1.7699,1.65,1.7,3622205,0.0,0.0,0.0,0.0,0.0,0.0,0.0,0.0,,2.1242143072564934,1.7178817421819732,1.4106018576594,,2.046091590665425,1.4044889294221945,1.40806920661714,1.4107574839544499,1.4701056151010532,1.4836268200314515,1.5667881402537371,1.5966285824715312,,,2.046091590665425,,,,2.0412229900324244,,,,1.3913498184040987,1.6324084163169639,"rgba(239, 83, 80, 1.0)"
2026-02-23 00:00:00+00:00,1.61,1.63,1.55,1.6,4863338,0.0,0.0,0.0,0.0,0.0,0.0,0.0,0.0,,2.1226259769744784,1.7176364854873996,1.4107930598817966,,2.0291867925766467,1.4046654579826527,1.408242271166189,1.4109279632496634,1.4702198808487517,1.483728609232065,1.566814704869394,1.5966286162178835,,,2.0291867925766467,,,,2.0357004517421955,,,,1.3915570153176176,1.6323768690609837,"rgba(239, 83, 80, 1.0)"
2026-02-24 00:00:00+00:00,1.63,1.67,1.59,1.61,3333791,0.0,0.0,0.0,0.0,0.0,0.0,0.0,0.0,,2.121611353395206,1.7175151043604462,1.4109473652699995,,2.0191527294030256,1.4048072560177538,1.4083816772910565,1.4110655855299803,1.4703187074697144,1.483818842244629,1.5668531905959773,1.5966488742132412,,,2.0191527294030256,,,,2.032274835371744,,,,1.3917218493296653,1.6323754318111559,"rgba(239, 83, 80, 1.0)"
2026-02-25 00:00:00+00:00,1.65,1.7,1.64,1.66,2546705,0.0,0.0,0.0,0.0,0.0,0.0,0.0,0.0,,2.120891450074825,1.7174578378898486,1.41108300871043,,2.012449093883999,1.4049314722495683,1.4085040522869177,1.411186588335802,1.4704098616406422,1.4839033976233562,1.5668980609870047,1.596679783274008,,,2.012449093883999,,,,2.0299103386066344,,,,1.3918652071523723,1.6323897252994393,"rgba(239, 83, 80, 1.0)"
2026-02-26 00:00:00+00:00,1.72,1.74,1.59,1.62,16228661,0.0,0.0,0.0,0.0,0.0,0.0,0.0,0.0,,2.116554752702197,1.7172295397544675,1.4120122343953831,,1.9771719299162993,1.4057812835080976,1.409342113124725,1.412015895592137,1.4710487263192615,1.4845002054622305,1.5672421139775714,1.5969349774161625,,,1.9771719299162993,,,,2.016311524116452,,,,1.3928422421787179,1.6325391713912683,"rgba(239, 83, 80, 0.75)"
2026-02-27 00:00:00+00:00,1.64,1.67,1.6,1.65,13493942,0.0,0.0,0.0,0.0,0.0,0.0,0.0,0.0,,2.1126323232574333,1.7167838651221108,1.4126479943502757,,1.9493076960629727,1.406365807115535,1.409917043520352,1.41258367203757,1.471460887158997,1.4848778993479892,1.5674122688078462,1.5970320318439153,,,1.9493076960629727,,,,2.004316748654914,,,,1.3935199517534262,1.6325492147632366,"rgba(239, 83, 80, 0.75)"
2026-03-02 00:00:00+00:00,1.66,1.71,1.55,1.55,17025422,0.0,0.0,0.0,0.0,0.0,0.0,0.0,0.0,,2.107807939937512,1.716251645070342,1.4134568818015887,,1.9203609442652068,1.4071097096611727,1.410648904828086,1.4133065541332068,1.4719884298175325,1.4853621785104414,1.5676360443083652,1.5971640536698948,,,1.9203609442652068,,,,1.9903506045598263,,,,1.3943813160371796,1.6325720193796207,"rgba(239, 83, 80, 0.75)"
2026-03-03 00:00:00+00:00,1.55,1.635,1.54,1.6,15499426,0.0,0.0,0.0,0.0,0.0,0.0,0.0,0.0,,2.10290236712102,1.7153659164902217,1.4139784259840946,,1.8932470885811157,1.4075949600591833,1.4111234514392155,1.4137731071901556,1.4722811312430668,1.4856162164426674,1.5676566535051164,1.5971022300057216,,,1.8932470885811157,,,,1.9763440306073436,,,,1.3949541199909956,1.6324120482922866,"rgba(239, 83, 80, 1.0)"
2026-03-04 00:00:00+00:00,1.71,1.72,1.56,1.61,22688643,0.0,0.0,0.0,0.0,0.0,0.0,0.0,0.0,,2.097056823720572,1.7148926484360754,1.415151339040235,,1.8695480553058827,1.4086724061326454,1.4121849747235273,1.414822761752685,1.4730725040491575,1.4863504453182077,1.5680470207111599,1.5973715637403079,,,1.8695480553058827,,,,1.9616194472635393,,,,1.396194268346594,1.6325373097852238,"rgba(239, 83, 80, 0.75)"
2026-03-05 00:00:00+00:00,1.08,1.31,1.06,1.25,36933102,0.0,0.0,0.0,0.0,0.0,0.0,0.0,0.0,,2.076989933223476,1.7066508508482339,1.4131365188708607,,1.7661608002510567,1.4069104758426032,1.4104008831475268,1.4130219418950165,1.4709087004919723,1.4841035103464926,1.5652888271443939,1.5944295886444537,,,1.7661608002510567,,,,1.9038897923613878,,,,1.3943562263105442,1.6293761696119162,"rgba(239, 83, 80, 1.0)"
2026-03-06 00:00:00+00:00,1.13,1.25,1.08,1.09,15808859,0.0,0.0,0.0,0.0,0.0,0.0,0.0,0.0,,2.06868801993089,1.703216763046613,1.4122942293556418,,1.7306541918450422,1.4061733034035888,1.4096542999427573,1.4122682561014712,1.4700008671834324,1.4831603847981785,1.5641286885533132,1.5931914537285226,,,1.7306541918450422,,,,1.8817134786676828,,,,1.3935884496833983,1.6280450180145989,"rgba(239, 83, 80, 1.0)"
2026-03-09 00:00:00+00:00,1.17,1.21,1.09,1.1,8370454,0.0,0.0,0.0,0.0,0.0,0.0,0.0,0.0,,2.064368263667379,1.7014266080803768,1.4118561747753082,,1.7135698154957903,1.4057898420463735,1.409265871141862,1.4118760786636926,1.469527324918567,1.4826682191246081,1.5635220247235468,1.5925436446656616,,,1.7135698154957903,,,,1.8705453884141154,,,,1.3931895183150187,1.6273481394993996,"rgba(239, 83, 80, 1.0)"
2026-03-10 00:00:00+00:00,1.27,1.34,1.19,1.2,9973535,0.0,0.0,0.0,0.0,0.0,0.0,0.0,0.0,,2.0598916386601815,1.6997364836832036,1.411560325827672,,1.6982633513629863,1.4055355431199348,1.4090054743929747,1.4116110940364934,1.4691626822129362,1.4822809488909314,1.5629963268847733,1.5919684370344205,,,1.6982633513629863,,,,1.8596619971341979,,,,1.3929361852829565,1.6267139091307392,"rgba(239, 83, 80, 1.0)"
2026-03-11 00:00:00+00:00,1.29,1.36,1.2799,1.28,5017370,0.0,0.0,0.0,0.0,0.0,0.0,0.0,0.0,,2.0577804321190354,1.6989757093382132,1.4114562898751712,,1.691686274085079,1.4054477441604247,1.4089145768605154,1.411517867834818,1.4690188565562585,1.4821256694366673,1.562771108928475,1.591718250266135,,,1.691686274085079,,,,1.8547229431672752,,,,1.3928526959104959,1.6264339600509166,"rgba(239, 83, 80, 0.75)"
2026-03-12 00:00:00+00:00,1.22,1.285,1.215,1.27,5075830,0.0,0.0,0.0,0.0,0.0,0.0,0.0,0.0,,2.0554579871204512,1.6980712030644114,1.4112788498777848,,1.684076737224756,1.4052941193954356,1.4087578867062547,1.4113588697310226,1.4688097298007736,1.4819051388897229,1.562480729204809,1.5914028596747791,,,1.684076737224756,,,,1.849185589219758,,,,1.392697251615971,1.6260887493198377,"rgba(239, 83, 80, 0.75)"
2026-03-13 00:00:00+00:00,1.22,1.26,1.2,1.23,20647700,0.0,0.0,0.0,0.0,0.0,0.0,0.0,0.0,,2.0459927797553576,1.6943222276007779,1.410504925348754,,1.6547404862260913,1.4046219543999754,1.4080733566986106,1.4106650268423264,1.467913612638265,1.4809629617422455,1.5612562577288642,1.590077248940216,,,1.6547404862260913,,,,1.8271811179164288,,,,1.3920132431080225,1.6246425426416202,"rgba(239, 83, 80, 0.75)"
2026-03-16 00:00:00+00:00,1.21,1.3,1.19,1.24,4725570,0.0,0.0,0.0,0.0,0.0,0.0,0.0,0.0,,2.0438742118889968,1.6934846943253503,1.410335101617915,,1.6486443472585077,1.4044745654718993,1.4079231446047347,1.4105126888538728,1.4677150950015125,1.4807539335785957,1.5609828304634736,1.5897807554592485,,,1.6486443472585077,,,,1.8224155266018405,,,,1.3918637681033703,1.6243185455274713,"rgba(239, 83, 80, 0.75)"
2026-03-17 00:00:00+00:00,1.16,1.22,1.15,1.2,4073969,0.0,0.0,0.0,0.0,0.0,0.0,0.0,0.0,,2.041929544266233,1.6926764678404298,1.4101421674595704,,1.6428306132655444,1.4043056977693276,1.4077518876564126,1.4103396299931228,1.4675029075779995,1.4805328033968366,1.560706766236435,1.5894849671295683,,,1.6428306132655444,,,,1.817978678622533,,,,1.3916891480890803,1.6239992336235565,"rgba(239, 83, 80, 0.75)"
2026-03-18 00:00:00+00:00,1.11,1.17,1.11,1.15,4214699,0.0,0.0,0.0,0.0,0.0,0.0,0.0,0.0,,2.039818846217742,1.6917675995429502,1.4099030751599717,,1.6363776811715176,1.404095499775907,1.4075392561783402,1.410125160849956,1.4672485449462476,1.480269291215932,1.5603869287233227,1.589144864801985,,,1.6363776811715176,,,,1.813122903218098,,,,1.3914696515209803,1.6236349585537462,"rgba(239, 83, 80, 0.75)"
2026-03-19 00:00:00+00:00,1.09,1.1267,1.06,1.07,6295302,0.0,0.0,0.0,0.0,0.0,0.0,0.0,0.0,,2.0365542128159637,1.6903246216291599,1.4094986299652619,,1.6263393702267945,1.403738958646541,1.407179128618404,1.4097623220632585,1.4668268619720604,1.4798340734335431,1.5598682425937644,1.5885960984214726,,,1.6263393702267945,,,,1.8056023830571155,,,,1.391095228475127,1.6230503058257388,"rgba(239, 83, 80, 1.0)"
2026-03-20 00:00:00+00:00,1.05,1.11,1.02,1.08,3580831,0.0,0.0,0.0,0.0,0.0,0.0,0.0,0.0,,2.0346442303552177,1.6894628681497301,1.4092457105516858,,1.6204582903900397,1.4035155702418658,1.4069537238815717,1.4095353916235418,1.466566824236708,1.4795664016341012,1.5595534203108907,1.5882642598183931,,,1.6204582903900397,,,,1.8012040896212242,,,,1.3908597455313465,1.622698163802045,"rgba(239, 83, 80, 1.0)"
2026-03-23 00:00:00+00:00,1.05,1.08,1.03,1.06,4588152,0.0,0.0,0.0,0.0,0.0,0.0,0.0,0.0,,2.032191179115512,1.6883504752829483,1.4089160012154325,,1.6130114402732765,1.4032242179286882,1.40665979682296,1.4092395159660573,1.4662286654318546,1.4792184880305206,1.5591452391677343,1.5878343222075788,,,1.6130114402732765,,,,1.7955937752011266,,,,1.3905524383719523,1.6222422661217315,"rgba(239, 83, 80, 1.0)"
2026-03-24 00:00:00+00:00,1.05,1.08,1.02,1.04,3256726,0.0,0.0,0.0,0.0,0.0,0.0,0.0,0.0,,2.0304514984484205,1.6875591108709804,1.4086801495647303,,1.6078123731906038,1.4030157391515776,1.4064494946806727,1.409027833759322,1.4659870367920298,1.478969949020985,1.5588539997324393,1.5875276658465405,,,1.6078123731906038,,,,1.7916446586875703,,,,1.3903324945555962,1.6219172137512117,"rgba(239, 83, 80, 1.0)"
2026-03-25 00:00:00+00:00,1.06,1.1101,1.06,1.07,3002866,0.0,0.0,0.0,0.0,0.0,0.0,0.0,0.0,,2.0288964111316354,1.6868616546179866,1.4084791246493562,,1.6033283569877197,1.4028382516203304,1.4062703135159256,1.4088473717439127,1.4657787754348253,1.4787552862896884,1.5585998322427923,1.5872592523519036,,,1.6033283569877197,,,,1.7881700251070338,,,,1.3901458372467406,1.6216318030242642,"rgba(239, 83, 80, 1.0)"
2026-03-26 00:00:00+00:00,1.01,1.07,1.01,1.05,2649277,0.0,0.0,0.0,0.0,0.0,0.0,0.0,0.0,,2.0274615590570617,1.6862006507668474,1.4082770372816154,,1.599089461452276,1.4026594245126047,1.4060900152969291,1.408665959427571,1.4655731904889855,1.4785441146269427,1.5583541064588093,1.5870010397947283,,,1.599089461452276,,,,1.784933071654985,,,,1.3899568355124323,1.6213586895468421,"rgba(239, 83, 80, 1.0)"
2026-03-27 00:00:00+00:00,0.9873,1.02,0.97,0.995,6401416,0.0,0.0,0.0,0.0,0.0,0.0,0.0,0.0,,2.023881560982778,1.6845178299239465,1.4077412207638627,,1.588441892295588,1.402184546764286,1.4056116301748909,1.4081849151175208,1.4650344635741082,1.4779920162523197,1.5577191550617908,1.5863360972837588,,,1.588441892295588,,,,1.776840988273701,,,,1.3894533945790655,1.6206579522168796,"rgba(239, 83, 80, 1.0)"
2026-03-30 00:00:00+00:00,0.9177,1.02,0.9082,0.9803,9709207,0.0,0.0,0.0,0.0,0.0,0.0,0.0,0.0,,2.0182701169157182,1.6818204224060729,1.4068457312344158,,1.5718515357641494,1.4013896133849224,1.4048114647315038,1.4073807775904013,1.464144187581328,1.4770817016989028,1.5566844117697163,1.5852562241372026,,,1.5718515357641494,,,,1.7642101033544897,0.9486333333333333,,,1.38860826877996,1.6195242062828876,"rgba(239, 83, 80, 1.0)"
2026-03-31 00:00:00+00:00,0.962,0.979,0.9124,0.92,4746779,0.0,0.0,0.0,0.0,0.0,0.0,0.0,0.0,,2.0155543368846787,1.6805133308435007,1.406411583125816,,1.5640811173478113,1.4010041284122663,1.4044234254467343,1.4069907993379442,1.4637121580925327,1.476639892414698,1.5561818845310826,1.5847316779576879,,,1.5640811173478113,,,,,0.9494542353112405,,,1.3881986106611361,1.6189733754194733,"rgba(239, 83, 80, 1.0)"
2026-04-01 00:00:00+00:00,0.9502,1.07,0.9502,1.02,5845455,0.0,0.0,0.0,0.0,0.0,0.0,0.0,0.0,,2.0123507457421437,1.6789958387614747,1.4059237841439736,,1.5553675167066,1.4005714007914278,1.4039875177776755,1.4065524806939407,1.463221534686127,1.4761371440004298,1.5556040037937,1.5841266002836063,,,1.5553675167066,,,,,0.9611670904198376,,,1.3877401084062861,1.6183358364634406,"rgba(239, 83, 80, 0.75)"
2026-04-02 00:00:00+00:00,0.9953,1.05,0.92,0.95,3941227,0.0,0.0,0.0,0.0,0.0,0.0,0.0,0.0,,2.0101984642013373,1.6779739321635645,1.4055941942760015,,1.549623071163669,1.4002789472280088,1.4036929245474286,1.4062562652078128,1.4628901245530024,1.4757975744040952,1.5552138708796222,1.583718163003096,,,1.549623071163669,,,,,0.9655998720245368,,,1.3874302453203131,1.6179055514364367,"rgba(239, 83, 80, 0.75)"
2026-04-06 00:00:00+00:00,1.01,1.045,1.0,1.02,6787492,0.0,0.0,0.0,0.0,0.0,0.0,0.0,0.0,,2.006620834916022,1.6762971058818397,1.4050683965101411,,1.5405111124915016,1.3998127569780754,1.4032230204211058,1.4057835479140444,1.4623563606012502,1.4752496921447535,1.5545786274196562,1.5830513375021136,,,1.5405111124915016,,,,,0.9771347125398858,,,1.3869376373366578,1.6172010341208964,"rgba(239, 83, 80, 0.75)"
2026-04-07 00:00:00+00:00,0.9509,1.02,0.935,1.02,5339366,0.0,0.0,0.0,0.0,0.0,0.0,0.0,0.0,,2.003683965275575,1.674884827096651,1.4046027551808016,,1.5328983237099725,1.3993991543809394,1.4028065477829943,1.4053648980256215,1.4618904788094529,1.474772843352112,1.5540337536106517,1.582481816693364,,,1.5328983237099725,,,,,0.9758866353697689,,,1.3864989268569445,1.6166020923547555,"rgba(239, 83, 80, 0.75)"
2026-04-08 00:00:00+00:00,0.98,1.06,0.98,1.01,6819209,0.0,0.0,0.0,0.0,0.0,0.0,0.0,0.0,,2.0000941423852434,1.6731859947195644,1.404061255575103,,1.52410120839297,1.3989186087406051,1.4023222987975186,1.4048778429894182,1.461342531794619,1.474210801829911,1.5533844521587972,1.581800954479378,,,1.52410120839297,,,,,0.9807465940242672,,,1.3859908370272864,1.6158835613208615,"rgba(239, 83, 80, 0.75)"
2026-04-09 00:00:00+00:00,0.9601,1.02,0.96,1.0,7010675,0.0,0.0,0.0,0.0,0.0,0.0,0.0,0.0,,1.996332152847154,1.6713790147325756,1.403468878881064,,1.514908539568732,1.398392333712644,1.4017922568194265,1.4043449445125782,1.4607476557382442,1.473601549710999,1.552686083279476,1.5810703149352696,,,1.514908539568732,,,,,0.9806469825169922,,,1.3854333198953253,1.615114401354319,"rgba(239, 83, 80, 0.75)"
2026-04-10 00:00:00+00:00,1.0,1.0399,0.9868,0.9868,6056367,0.0,0.0,0.0,0.0,0.0,0.0,0.0,0.0,,1.9931961988800517,1.6698904354423483,1.4029932646179641,,1.5076289736979043,1.3979700563249398,1.4013667018188127,1.4039169063393118,1.4602657265216288,1.473107149914727,1.5521144889538352,1.5804708045036153,,,1.5076289736979043,,,,,0.9836886371142527,,,1.3849871312982345,1.6144815716721181,"rgba(239, 83, 80, 0.75)"
2026-04-13 00:00:00+00:00,1.01,1.04,0.9652,0.9888,7332929,0.0,0.0,0.0,0.0,0.0,0.0,0.0,0.0,,1.9894111210946377,1.6680866214893217,1.4024133461679178,,1.499024918758895,1.3974549697144936,1.4008476598708735,1.4033948674890853,1.4596786463751206,1.4725050150190377,1.5514191476379195,1.57974175152877,,,1.499024918758895,,,,,0.9861539109455484,,,1.3844428162091562,1.6137122811453246,"rgba(239, 83, 80, 0.5)"
2026-04-14 00:00:00+00:00,1.1,1.1,1.049,1.05,5140599,0.0,0.0,0.0,0.0,0.0,0.0,0.0,0.0,,1.986983629455216,1.6669758714051433,1.402087352027114,,1.494091050694465,1.397166240820044,1.400556095100307,1.4031011590257063,1.459338386448944,1.472154046489838,1.5510021277026402,1.5793009252885624,,,1.494091050694465,,,,,0.9933975009767182,,,1.3841403597259028,1.6132430481497928,"rgba(239, 83, 80, 0.5)"
2026-04-15 00:00:00+00:00,1.16,1.2,1.12,1.13,7519002,0.0,0.0,0.0,0.0,0.0,0.0,0.0,0.0,,1.9837567852690372,1.6655720053337955,1.4017265013909663,,1.4883945184539435,1.3968481521071785,1.4002337681971369,1.4027756354231347,1.4589434063137834,1.4717431820461366,1.5504936374736282,1.5787573675193263,,,1.4883945184539435,,,,,1.009826515241403,,,1.383811895861046,1.6126576575420544,#000000
2026-04-16 00:00:00+00:00,1.15,1.22,1.13,1.21,5908825,0.0,0.0,0.0,0.0,0.0,0.0,0.0,0.0,,1.9812589585531246,1.664488693657826,1.4014514801073967,,1.4841405462873218,1.3966057986586011,1.3999880848471515,1.402527440952929,1.458640646716964,1.4714279500362362,1.5501017726395465,1.578337983938636,,,1.4841405462873218,,,,,1.0211066194172083,,,1.3835621151485813,1.6122054466306208,"rgba(38, 166, 154, 1.0)"
2026-04-17 00:00:00+00:00,1.21,1.24,1.175,1.19,6226444,0.0,0.0,0.0,0.0,0.0,0.0,0.0,0.0,,1.978777127194232,1.6634473491238324,1.4012136784860212,,1.4803505280393254,1.3963971464377467,1.3997758867472756,1.4023125719216998,1.4583677223151623,1.4711417960248614,1.549734486325938,1.5779416153213208,,,1.4803505280393254,,,,,1.0342963623792125,,,1.3833499730270262,1.611774390324519,"rgba(38, 166, 154, 1.0)"
2026-04-20 00:00:00+00:00,1.19,1.19,1.135,1.18,8488421,0.0,0.0,0.0,0.0,0.0,0.0,0.0,0.0,,1.9752594384579707,1.6619215743382807,1.4008289788756223,,1.4746740916349308,1.396058123295698,1.3994320941446377,1.4019651831774507,1.4579421828344186,1.470698399812334,1.5491813992384136,1.5773491469695051,,,1.4746740916349308,,,,,1.0463334526818933,,,1.383001171240454,1.6111349434168332,"rgba(38, 166, 154, 1.0)"
2026-04-21 00:00:00+00:00,1.15,1.21,1.14,1.2,6317457,0.0,0.0,0.0,0.0,0.0,0.0,0.0,0.0,,1.9726450914499936,1.6607806378078822,1.4005372757162065,,1.470515608315505,1.3958008630630936,1.399171298292224,1.4017017211572202,1.457620779445846,1.4703637525888629,1.5487653787074052,1.5769039055320655,,,1.470515608315505,,,,,1.0537004836676431,,,1.382736198617371,1.6106548427720933,"rgba(38, 166, 154, 1.0)"
2026-04-22 00:00:00+00:00,1.27,1.3,1.18,1.18,7249485,0.0,0.0,0.0,0.0,0.0,0.0,0.0,0.0,,1.9699738388720167,1.659697556818879,1.400322387470259,,1.4671512596949399,1.3956134664141622,1.398979751751864,1.4015070522736255,1.4573582170167358,1.4700857651797803,1.548392969812707,1.5764977106927454,,,1.4671512596949399,,,,,1.0665860692413933,,,1.38254989578253,1.6102083543905628,"rgba(38, 166, 154, 1.0)"
2026-04-23 00:00:00+00:00,1.22,1.31,1.19,1.31,7795633,0.0,0.0,0.0,0.0,0.0,0.0,0.0,0.0,,1.9670837011642741,1.6585109631226873,1.400076667263406,,1.4634847421696735,1.3953986866804493,1.3987605339476181,1.4012844944441876,1.457063033663013,1.4697740699089623,1.5479801536080102,1.5760486958097504,,,1.4634847421696735,,,,,1.0780198769544327,,,1.3823350700819732,1.6097161663407573,"rgba(38, 166, 154, 1.0)"
2026-04-24 00:00:00+00:00,1.16,1.35,1.13,1.33,23678730,0.0,0.0,0.0,0.0,0.0,0.0,0.0,0.0,,1.9581268746522584,1.6547204996368634,1.3992113373420103,,1.451793478896793,1.3946385992324575,1.397987142615643,1.4005010838734593,1.4560617814268497,1.4687231947292283,1.5466250148642156,1.5745845143003823,,,1.451793478896793,1.2133333333333332,,,,1.100597399665889,,,1.3815649932057914,1.60812191623496,"rgba(38, 166, 154, 1.0)"
2026-04-27 00:00:00+00:00,1.07,1.13,1.04,1.12,9470114,0.0,0.0,0.0,0.0,0.0,0.0,0.0,0.0,,1.953973304079707,1.6527700439753008,1.3986208540521536,,1.4449714403296214,1.3941141293837378,1.3974575909039182,1.3999676908353977,1.4554449335217414,1.4680871463072238,1.545870515139399,1.5737873172182146,,,,1.1752420542930546,,,,1.0993088851899075,,,1.381016425911371,1.6072737624982094,"rgba(38, 166, 154, 0.75)"
2026-04-28 00:00:00+00:00,1.04,1.06,1.01,1.06,4995135,0.0,0.0,0.0,0.0,0.0,0.0,0.0,0.0,,1.9516903945326367,1.651669142936463,1.3982680355164212,,1.4410575756237167,1.3938001283393302,1.3971409513771607,1.3996490544134763,1.455082924437238,1.4677151249752314,1.5454366002725426,1.5733310492483887,,,,1.1570949499002188,,,,1.0973079308632294,,,1.380686342050376,1.6067908128574613,#000000
2026-04-29 00:00:00+00:00,1.02,1.04,0.9711,1.03,23994001,0.0,0.0,0.0,0.0,0.0,0.0,0.0,0.0,,1.940570321174276,1.646211547813861,1.3964602545085032,,1.422099581645696,1.3921889796563063,1.3955172895864092,1.398015915287865,1.4532439563735895,1.4658285478507003,1.5432553535296698,1.5710432600731057,,,,1.1004371928467365,,,,1.0857425970197876,,,1.378989030256628,1.6043758343525665,"rgba(239, 83, 80, 0.5)"
2026-04-30 00:00:00+00:00,1.05,1.06,1.0,1.01,7094123,0.0,0.0,0.0,0.0,0.0,0.0,0.0,0.0,,1.93742422060997,1.6446816981524763,1.3959651738480494,,1.41714786349628,1.3917478469010687,1.395072444269888,1.3975682604632176,1.4527352675865297,1.4653057724104621,1.542645504071718,1.5704019662601094,,,,1.0939027104766699,,,,1.0838854632851411,,,1.3785257668158342,1.603697005348805,"rgba(239, 83, 80, 0.5)"
2026-05-01 00:00:00+00:00,1.05,1.07,1.02,1.05,5666458,0.0,0.0,0.0,0.0,0.0,0.0,0.0,0.0,,1.9349546740582373,1.64348523768191,1.3955816828596894,,1.4133847063743388,1.3914061772026216,1.3947278057509944,1.3972213759754022,1.4523395862625441,1.4648988379838015,1.542169044716869,1.5699004115328792,,,,1.0903290629357574,,,,1.0827934769202272,,,1.3781674309734857,1.6031654950346663,"rgba(239, 83, 80, 0.5)"
2026-05-04 00:00:00+00:00,1.03,1.07,1.01,1.05,5325530,0.0,0.0,0.0,0.0,0.0,0.0,0.0,0.0,,1.9326201715907532,1.6423463512403627,1.3952117240828987,,1.4098224309331844,1.3910763837936986,1.3943952356107916,1.3968867046008142,1.4519592642220183,1.4645079804213543,1.5417130653909972,1.5694209159998265,,,,1.086766782607733,,,,1.0815556891205098,,,1.3778212215739887,1.6026579276189696,"rgba(239, 83, 80, 0.5)"
2026-05-05 00:00:00+00:00,0.9691,1.03,0.96,1.02,29176615,0.0,0.0,0.0,0.0,0.0,0.0,0.0,0.0,,1.9193364916703912,1.6356699682859823,1.3929158562928838,,1.388965259944921,1.3890254969171347,1.3923294542254105,1.3948096357689443,1.4496370282491917,1.4621289428499078,1.5389820947966957,1.566562577406981,,,,1.0599905794562847,,,,1.0693550606205542,,,1.3756590252587308,1.5996475138689141,"rgba(239, 83, 80, 0.5)"
2026-05-06 00:00:00+00:00,0.9823,0.9841,0.95271,0.9841,12929764,0.0,0.0,0.0,0.0,0.0,0.0,0.0,0.0,,1.9134858710434584,1.6326947050063603,1.3918735658579755,,1.3800805294866232,1.388093399658373,1.3913908260812542,1.393866056730612,1.4485859102572767,1.461052886585236,1.5377514353123671,1.5652759357685275,,,,1.0507999536764088,,,,1.064178189981624,,,1.3746759073604662,1.5982940250131852,"rgba(239, 83, 80, 0.5)"
2026-05-07 00:00:00+00:00,0.921,0.9799,0.901,0.9799,11076932,0.0,0.0,0.0,0.0,0.0,0.0,0.0,0.0,,1.9083250264032292,1.630017252112293,1.3909018307925811,,1.372063300509407,1.3872233327467594,1.3905152536579308,1.3929863058698504,1.447615417652306,1.4600612856511503,1.5366287291865361,1.564105673575705,,,,1.0410991847824653,,,,1.0584464586394744,,,1.3737559213575297,1.5970669675754672,"rgba(239, 83, 80, 0.5)"
2026-05-08 00:00:00+00:00,0.9292,0.948,0.9,0.9276,7825177,1.0,0.948,0.9,0.0,1.0,0.948,0.9,0.0,0.9257333333333333,1.904681330430571,1.6281159020945404,1.390205516871771,,1.3664679103812671,1.3865995617901579,1.3898876145206331,1.392355730320045,1.4469210730249686,1.4593520982063708,1.5358273180699147,1.563270798683377,,,,1.0347071878810623,,,,1.0544440109626056,0.9257333333333333,,1.3730961952494574,1.5961921257765563,"rgba(239, 83, 80, 1.0)"
2026-05-11 00:00:00+00:00,1.01,1.06,0.9005,0.905,20289999,0.0,0.0,0.0,0.0,0.0,0.0,0.0,0.0,0.9722332118651271,1.8959718608437914,1.6236812579180186,1.3886588299147935,,1.3546209948107581,1.3852150362068625,1.3884928928514617,1.3909532844037786,1.4453507910207228,1.4577429594924864,1.5339775203598278,1.561333937443036,,,,1.0291121364517843,,,,,0.9722332118651271,,1.371639678661498,1.594151304996903,"rgba(239, 83, 80, 0.5)"
2026-05-12 00:00:00+00:00,1.0,1.03,0.96,1.0,25468094,0.0,0.0,0.0,0.0,0.0,0.0,0.0,0.0,0.9838464173232928,1.8853485043320106,1.6182576067161791,1.3867656604049516,,1.3410134404919218,1.3835191717696953,1.3867842919536082,1.389235037424138,1.4434229111982781,1.4557665788427654,1.5317008635961813,1.5589486891953968,,,,1.0246930696313734,,,,,0.9838464173232928,,1.3698579462371954,1.5916363901601462,"rgba(239, 83, 80, 0.5)"
2026-05-13 00:00:00+00:00,1.03,1.07,0.9565,1.01,9717314,0.0,0.0,0.0,0.0,0.0,0.0,0.0,0.0,0.9892172816546738,1.8814604925316238,1.6162857868132705,1.3860889072252085,,1.3364071958269648,1.3829128654446508,1.386173117928755,1.3886201794596762,1.4427279717414074,1.455053146194088,1.5308730636401504,1.5580795729111574,,,,1.0244036004607355,,,,,0.9892172816546738,,1.3692226984211282,1.5907179418068806,"rgba(239, 83, 80, 0.5)"
2026-05-14 00:00:00+00:00,1.09,1.12,1.0,1.03,7823053,0.0,0.0,0.0,0.0,0.0,0.0,0.0,0.0,0.9981027593067736,1.8785398200880656,1.6148428934127284,1.3856215391675457,,1.3333757203937424,1.3824946059954526,1.3857508874638658,1.3881949482388187,1.442237484424854,1.4545476497711214,1.5302749721945914,1.557448107180238,,,,1.0261476049499751,,,,,0.9981027593067736,,1.3687873891558326,1.5900466339369388,#000000
2026-05-15 00:00:00+00:00,1.13,1.18,1.04,1.05,8450720,0.0,0.0,0.0,0.0,0.0,0.0,0.0,0.0,1.010694131967245,1.8755890845018475,1.6134255423909678,1.3851926416682505,,1.3307442604929527,1.3821113280968418,1.3853632691943543,1.3878040545010901,1.4417753356720364,1.4540691704740631,1.5296959641958483,1.5568329397171508,,,,1.0297392329317427,,,,,1.010694131967245,,1.3683917972559174,1.5893883062509755,"rgba(38, 166, 154, 1.0)"
2026-05-18 00:00:00+00:00,1.04,1.13,1.02,1.13,6938200,0.0,0.0,0.0,0.0,0.0,0.0,0.0,0.0,1.0149157307684247,1.8730144550095367,1.612143596340226,1.3847717938895245,,1.3281046265781762,1.3817344153810844,1.3849828591068967,1.3874210011644301,1.4413347981546134,1.4536154053571755,1.5291605704510396,1.5562681163910739,,,,1.0307990848363457,,,,,1.0149157307684247,,1.367999318712038,1.5887883481967666,#000000
2026-05-19 00:00:00+00:00,1.02,1.04,0.961,1.01,28652147,0.0,0.0,0.0,0.0,0.0,0.0,0.0,0.0,1.012946354095609,1.8618249852170778,1.6063753540831855,1.3827428964202189,,1.315527851870763,1.3799135786392904,1.3831479067838772,1.385575363519807,1.439256844756717,1.4514837640907534,1.5266967451982034,1.5536842341399626,,,,1.0280558370593949,,,,,1.012946354095609,,1.3660914509819175,1.586061100992217,#000000
2026-05-20 00:00:00+00:00,1.04,1.06,1.01,1.02,4051781,0.0,0.0,0.0,0.0,0.0,0.0,0.0,0.0,1.0137525304544361,1.8603200505482085,1.605608448902349,1.3824802560870497,,1.3139918180792083,1.3796778867990915,1.3829102100822057,1.3853361505695276,1.438984656475391,1.4512039736744546,1.5263699861150153,1.5533405229998243,,,,1.0281939443310837,,,,,1.0137525304544361,,1.3658454354710252,1.585697148467904,#000000
2026-05-21 00:00:00+00:00,1.15,1.17,1.03,1.04,9356961,0.0,0.0,0.0,0.0,0.0,0.0,0.0,0.0,1.0212421295034226,1.8572010571708022,1.6040931900040842,1.3820152108349135,,1.3115132866335135,1.3792614846945666,1.3824890726250538,1.3849114400509284,1.438482195773329,1.4506836978411242,1.5257400521703988,1.5526711501096169,,,,1.031353853991571,,,,,1.0212421295034226,,1.3654164350088993,1.5849806974471907,"rgba(38, 166, 154, 1.0)"
2026-05-22 00:00:00+00:00,1.22,1.23,1.14,1.15,7737036,0.0,0.0,0.0,0.0,0.0,0.0,0.0,0.0,1.0311992944947062,1.85491821659715,1.6030518145961512,1.3817474671708916,,1.3103327413532335,1.3790227592471909,1.3822463473470015,1.3846657033077645,1.4381708936451065,1.4503574605496938,1.5253222157460269,1.5522204827856003,,,,1.0360959614260505,,,,,1.0311992944947062,,1.3651765451505151,1.5844908508182893,"rgba(38, 166, 154, 1.0)"
2026-05-26 00:00:00+00:00,1.25,1.31,1.23,1.24,8526614,0.0,0.0,0.0,0.0,0.0,0.0,0.0,0.0,1.0448651121622874,1.8526735686971856,1.60209757470799,1.381559256292506,,1.309806279842982,1.3788563104636855,1.3820754152687527,1.3844914016582377,1.4379231976895823,1.4500931246602946,1.5249561230243864,1.5518180203476357,,,,1.0430594966282014,,,,,1.0448651121622874,,1.3650172425291847,1.5840449956772131,"rgba(38, 166, 154, 1.0)"
2026-05-27 00:00:00+00:00,1.27,1.34,1.22,1.25,10191296,0.0,0.0,0.0,0.0,0.0,0.0,0.0,0.0,1.0601033419132242,1.8500731303883267,1.6010086586932113,1.381360365565316,,1.3093684568376678,1.3786808818364698,1.3818946237148848,1.3843065808046158,1.4376506016580222,1.4498006463802737,1.5245421285148382,1.5513606173165932,,,,1.051313533981084,,,,,1.0601033419132242,,1.3648523724514103,1.5835358035139415,"rgba(38, 166, 154, 1.0)"
2026-05-28 00:00:00+00:00,1.38,1.44,1.2694,1.28,11824403,0.0,0.0,0.0,0.0,0.0,0.0,0.0,0.0,1.0815782518159196,1.8475358116214766,1.6000887345710881,1.381320354408732,,1.3101801520912704,1.3786499759542987,1.3818573630492454,1.3842645558741564,1.437504734343887,1.4496313941328118,1.5242304736270949,1.5509982717714155,,,,1.0635931601445217,,,,,1.0815782518159196,,1.3648486585639341,1.5831129978384226,"rgba(38, 166, 154, 1.0)"
2026-05-29 00:00:00+00:00,1.31,1.42,1.26,1.42,10276886,0.0,0.0,0.0,0.0,0.0,0.0,0.0,0.0,1.0959914318747066,1.8452025679512223,1.5991839730405688,1.38122262858915,,1.3104368459886357,1.3785660696681683,1.381768005417121,1.3841711079702517,1.4373221461363939,1.44942868650846,1.5239050731133434,1.5506291365107974,,,,1.0724096038889068,,,,,1.0959914318747066,,1.364783346011749,1.5826916918521359,"rgba(38, 166, 154, 1.0)"
2026-06-01 00:00:00+00:00,1.33,1.385,1.28,1.28,9826552,0.0,0.0,0.0,0.0,0.0,0.0,0.0,0.0,1.1083786891093739,1.8429983122201614,1.598329830599508,1.3811325616997927,,1.3106965364342886,1.3784888543992333,1.381685592516176,1.3840847953220627,1.4371508403402666,1.4492381989058911,1.5235976153293322,1.550279985832342,,,,1.0803618267083068,,,,,1.1083786891093739,,1.364724105417128,1.5822928055125727,"rgba(38, 166, 154, 1.0)"
2026-06-02 00:00:00+00:00,1.44,1.45,1.335,1.35,10582249,0.0,0.0,0.0,0.0,0.0,0.0,0.0,0.0,1.1244474302566525,1.8409983592712809,1.5976787869302214,1.3811856963841962,,1.3119659886500155,1.3785416754899669,1.3817327135105635,1.3841276474716584,1.4371006112143807,1.449167068154967,1.523399430896162,1.550036653369179,,,,1.0908489677056887,1.4083333333333332,,,,1.1244474302566525,,1.3648079532838302,1.581995628986589,"rgba(38, 166, 154, 1.0)"
2026-06-03 00:00:00+00:00,1.33,1.41,1.32,1.41,7185591,0.0,0.0,0.0,0.0,0.0,0.0,0.0,0.0,1.1324810750599905,1.8394795035742288,1.5971115767895132,1.381148801362465,,1.312328004554185,1.3785114167701422,1.3816986549506625,1.3840907394066422,1.4370015863100871,1.4490540435874906,1.5232011091637714,1.5498079535229214,,,,,1.3860904774206282,,,,1.1324810750599905,,1.3647929919670607,1.5817306923518741,"rgba(38, 166, 154, 1.0)"
2026-06-04 00:00:00+00:00,1.34,1.38,1.27,1.27,6055934,0.0,0.0,0.0,0.0,0.0,0.0,0.0,0.0,1.138156004054502,1.8381456696073084,1.5965900192239764,1.3810917619238632,,1.312457389239059,1.3784623904003535,1.381646454221524,1.384036156854978,1.4368950870933552,1.4489358249991646,1.523011414901337,1.5495927789860242,,,,,1.371832441339199,,,,1.138156004054502,,1.3647548006224437,1.5814851206101301,"rgba(38, 166, 154, 0.75)"
2026-06-05 00:00:00+00:00,1.18,1.3,1.15,1.3,6847393,0.0,0.0,0.0,0.0,0.0,0.0,0.0,0.0,1.1404164918190447,1.836291728845654,1.5957383978908775,1.3808763023778388,,1.3116161795517207,1.3782701091772898,1.3814507136989096,1.3838378127549242,1.4366400302748483,1.4486678590093818,1.5226643049982707,1.5492173138591714,,,,,1.3357030587826453,,,,1.1404164918190447,,1.364562967877274,1.5810758137817893,"rgba(38, 166, 154, 0.75)"
2026-06-08 00:00:00+00:00,1.12,1.2,1.11,1.18,3741475,0.0,0.0,0.0,0.0,0.0,0.0,0.0,0.0,1.1404657909339482,1.8351759954939952,1.5951944985837054,1.3807129604495785,,1.3108646008792073,1.3781236786100517,1.3813024331899366,1.3836881374325514,1.4364599837495853,1.4484808657887536,1.522434595130569,1.5489722561479593,,,,,1.314787881199783,,,,1.1404657909339482,,1.3644132252501096,1.5808124339776386,#000000
2026-06-09 00:00:00+00:00,1.08,1.18,1.05,1.12,7161332,0.0,0.0,0.0,0.0,0.0,0.0,0.0,0.0,1.1393021904614125,1.832927533309972,1.594065258409525,1.3803483662157037,,1.3091055745213795,1.3777962509409474,1.3809715131097071,1.3833545812615258,1.4360690410248813,1.4480767582995695,1.521949386868063,1.5484578585333528,,,,,1.2783637419009628,,,,1.1393021904614125,,1.364075421671206,1.5802631850183384,#000000
2026-06-10 00:00:00+00:00,1.06,1.115,1.06,1.07,6014574,0.0,0.0,0.0,0.0,0.0,0.0,0.0,0.0,1.1377387290988155,1.8309854260890839,1.5930727315669457,1.3800153267589448,,1.3074743911459659,1.3774968634708415,1.3806692206142976,1.3830500945208508,1.4357167924295375,1.4477135324052384,1.5215184581285792,1.548002536173358,,,,,1.2530824978802324,,,,1.1377387290988155,,1.3637652483659526,1.5797787343130645,"rgba(239, 83, 80, 0.5)"
2026-06-11 00:00:00+00:00,1.07,1.11,1.06,1.07,5557092,0.0,0.0,0.0,0.0,0.0,0.0,0.0,0.0,1.1364023820493063,1.8292038578593117,1.5921620462154682,1.3797099675444962,,1.305998455559432,1.3772223177370284,1.380391994129877,1.382770843315404,1.4353934675434883,1.447380079381604,1.5211225447538028,1.5475841199282019,,,,,1.2349843930439701,,,,1.1364023820493063,,1.3634809353287494,1.5793334473923177,"rgba(239, 83, 80, 1.0)"
2026-06-12 00:00:00+00:00,1.07,1.13,1.06,1.07,4859373,0.0,0.0,0.0,0.0,0.0,0.0,0.0,0.0,1.1354157590776626,1.8276666881406634,1.5913786784309445,1.3794493847868967,,1.3047610501112115,1.376988033021339,1.380155364144918,1.382532442348091,1.4351165135108572,1.447094270486466,1.5207821450062622,1.5472240583857002,,,,,1.2225590677539084,,,,1.1354157590776626,,1.3632386214131675,1.5789499080959737,"rgba(239, 83, 80, 1.0)"
2026-06-15 00:00:00+00:00,1.12,1.2,1.11,1.13,6346442,0.0,0.0,0.0,0.0,0.0,0.0,0.0,0.0,1.1356157069033508,1.8258214654244402,1.5904736911690833,1.379175488974187,,1.3035803206612515,1.376742232884366,1.3799064532788041,1.382281186203508,1.4348141826554563,1.4467802584684606,1.5203963047684739,1.5468124116429947,,,,,1.2147457008547826,,,,1.1356157069033508,,1.3629875025058669,1.5785074524663474,"rgba(239, 83, 80, 1.0)"
2026-06-16 00:00:00+00:00,1.04,1.135,1.025,1.11,8419962,0.0,0.0,0.0,0.0,0.0,0.0,0.0,0.0,1.1333804874389257,1.823115386911962,1.5890737513361644,1.378695275753731,,1.3013033988928857,1.3763100682285687,1.3794702656816817,1.3818419591172084,1.4343087918884867,1.4462596486715147,1.519781782223614,1.5461640357668724,,,,,1.1976123277220232,,,,1.1333804874389257,1.0666666666666667,1.3625392442765174,1.5778186492044777,"rgba(239, 83, 80, 1.0)"
2026-06-17 00:00:00+00:00,1.07,1.13,1.0401,1.05,6510459,0.0,0.0,0.0,0.0,0.0,0.0,0.0,0.0,1.1320759617236718,1.821072929815966,1.5880239787093464,1.378340840029384,,1.2996712237533676,1.3759911253162536,1.3791482063570457,1.381517546159743,1.4339331385702854,1.4458722213157251,1.519321746141302,1.545677841620888,,,,,1.1879569908297831,,,,,1.072495245465617,1.3622091884469325,1.5773012185019795,"rgba(239, 83, 80, 1.0)"
