date,Close,High,Low,Open,Volume,OB_c0,OB_High_c0,OB_Low_c0,OB_Mitigated_Index_c0,OB,OB_High,OB_Low,OB_Mitigated_Index,aVWAP_OB_bull_c0_1142,aVWAP_OB_bull_c0_1107,aVWAP_OB_bull_c0_1056,aVWAP_OB_bull_c0_1045,aVWAP_OB_bull_c0_978,aVWAP_OB_bull_c0_953,aVWAP_OB_bull_c0_933,aVWAP_OB_bull_c0_744,aVWAP_OB_bull_c0_722,aVWAP_OB_bull_c0_689,aVWAP_OB_bear_c0_1230,aVWAP_OB_bear_c0_564,aVWAP_QQEMOD_bull_dot_c0_1086,aVWAP_QQEMOD_bull_dot_c0_1122,aVWAP_QQEMOD_bull_dot_c0_1178,aVWAP_QQEMOD_bull_dot_c0_1208,aVWAP_QQEMOD_bull_dot_c0_1230,aVWAP_QQEMOD_bear_dot_c0_1107,aVWAP_QQEMOD_bear_dot_c0_1142,aVWAP_QQEMOD_bear_dot_c0_1196,aVWAP_QQEMOD_bear_dot_c0_1220,aVWAP_QQEMOD_bear_dot_c0_1248,aVWAP_price_maxima_minima_valley_c0_1,aVWAP_price_maxima_minima_peak_c0_1,color
2021-06-21 00:00:00+00:00,1.7337891901,1.7881877436,1.7333186144,1.7787762291,10977,0.0,0.0,0.0,0.0,0.0,0.0,0.0,0.0,,,,,,,,,,,,,,,,,,,,,,,,,#000000
2021-06-22 00:00:00+00:00,1.8819828965,1.9105374313,1.7368008747,1.797599258,33990,0.0,0.0,0.0,0.0,0.0,0.0,0.0,0.0,,,,,,,,,,,,,,,,,,,,,,,,,"rgba(38, 166, 154, 0.5)"
2021-06-23 00:00:00+00:00,1.9105374313,1.9858295468,1.8728913735,1.8891356474,12466,0.0,0.0,0.0,0.0,0.0,0.0,0.0,0.0,,,,,,,,,,,,,,,,,,,,,,,,,"rgba(38, 166, 154, 0.5)"
2021-06-24 00:00:00+00:00,1.8352453158,1.9199489457,1.8352453158,1.9141138068,6950,0.0,0.0,0.0,0.0,0.0,0.0,0.0,0.0,,,,,,,,,,,,,,,,,,,,,,,,,"rgba(38, 166, 154, 0.5)"
2021-06-25 00:00:00+00:00,1.7787762291,1.8288925435,1.7787762291,1.8288925435,3725,0.0,0.0,0.0,0.0,0.0,0.0,0.0,0.0,,,,,,,,,,,,,,,,,,,,,,,,,"rgba(38, 166, 154, 0.5)"
2021-06-28 00:00:00+00:00,1.955665643,1.9764180324,1.8053166998,1.8130341417,1203,0.0,0.0,0.0,0.0,0.0,0.0,0.0,0.0,,,,,,,,,,,,,,,,,,,,,,,,,"rgba(38, 166, 154, 0.5)"
2021-06-29 00:00:00+00:00,1.9387719746,1.9764180324,1.8542923387,1.8542923387,26127,0.0,0.0,0.0,0.0,0.0,0.0,0.0,0.0,,,,,,,,,,,,,,,,,,,,,,,,,"rgba(38, 166, 154, 0.5)"
2021-06-30 00:00:00+00:00,1.9293604602,1.9689170553,1.882302888,1.9689170553,28850,0.0,0.0,0.0,0.0,0.0,0.0,0.0,0.0,,,,,,,,,,,,,,,,,,,,,,,,,"rgba(38, 166, 154, 0.5)"
2021-07-01 00:00:00+00:00,2.2117058933,2.2117058933,1.9764180324,1.9764180324,16083,0.0,0.0,0.0,0.0,0.0,0.0,0.0,0.0,,,,,,,,,,,,,,,,,,,,,,,,,"rgba(38, 166, 154, 0.5)"
2021-07-02 00:00:00+00:00,1.9293604602,2.0046525757,1.8904909055,1.8904909055,5550,0.0,0.0,0.0,0.0,0.0,0.0,0.0,0.0,,,,,,,,,,,,,,,,,,,,,,,,,"rgba(38, 166, 154, 0.5)"
2021-07-06 00:00:00+00:00,1.8941613962,1.9701123177,1.8941613962,1.9701123177,13011,0.0,0.0,0.0,0.0,0.0,0.0,0.0,0.0,,,,,,,,,,,,,,,,,,,,,,,,,"rgba(38, 166, 154, 0.5)"
2021-07-07 00:00:00+00:00,1.9387719746,1.9387719746,1.9158643484,1.9158643484,600,0.0,0.0,0.0,0.0,0.0,0.0,0.0,0.0,,,,,,,,,,,,,,,,,,,,,,,,,"rgba(38, 166, 154, 0.5)"
2021-07-08 00:00:00+00:00,1.8961378142,1.8961378142,1.8961378142,1.8961378142,400,0.0,0.0,0.0,0.0,0.0,0.0,0.0,0.0,,,,,,,,,,,,,,,,,,,,,,,,,"rgba(38, 166, 154, 0.5)"
2021-07-09 00:00:00+00:00,1.9410966187,1.9410966187,1.9011259168,1.9293604602,5600,0.0,0.0,0.0,0.0,0.0,0.0,0.0,0.0,,,,,,,,,,,,,,,,,,,,,,,,,"rgba(38, 166, 154, 0.5)"
2021-07-12 00:00:00+00:00,1.9162690436,1.9444941754,1.9011259168,1.9293604602,8765,0.0,0.0,0.0,0.0,0.0,0.0,0.0,0.0,,,,,,,,,,,,,,,,,,,,,,,,,"rgba(38, 166, 154, 0.5)"
2021-07-13 00:00:00+00:00,1.9162690436,1.9162690436,1.9162690436,1.9162690436,0,0.0,0.0,0.0,0.0,0.0,0.0,0.0,0.0,,,,,,,,,,,,,,,,,,,,,,,,,"rgba(38, 166, 154, 0.5)"
2021-07-14 00:00:00+00:00,1.9162690436,1.9162690436,1.9162690436,1.9162690436,0,0.0,0.0,0.0,0.0,0.0,0.0,0.0,0.0,,,,,,,,,,,,,,,,,,,,,,,,,"rgba(38, 166, 154, 0.5)"
2021-07-15 00:00:00+00:00,1.8917144024,1.9167960884,1.8917144024,1.9167960884,5800,0.0,0.0,0.0,0.0,0.0,0.0,0.0,0.0,,,,,,,,,,,,,,,,,,,,,,,,,#000000
2021-07-16 00:00:00+00:00,1.8917144024,1.8917144024,1.8917144024,1.8917144024,0,0.0,0.0,0.0,0.0,0.0,0.0,0.0,0.0,,,,,,,,,,,,,,,,,,,,,,,,,#000000
2021-07-19 00:00:00+00:00,1.8555459524,1.9011259168,1.8555459524,1.9011259168,15528,0.0,0.0,0.0,0.0,0.0,0.0,0.0,0.0,,,,,,,,,,,,,,,,,,,,,,,,,#000000
2021-07-20 00:00:00+00:00,2.0705331768,2.0705331768,2.0705331768,2.0705331768,200,0.0,0.0,0.0,0.0,0.0,0.0,0.0,0.0,,,,,,,,,,,,,,,,,,,,,,,,,"rgba(38, 166, 154, 0.5)"
2021-07-21 00:00:00+00:00,1.9011259168,1.9669971064,1.8903967904,1.9669971064,6000,0.0,0.0,0.0,0.0,0.0,0.0,0.0,0.0,,,,,,,,,,,,,,,,,,,,,,,,,#000000
2021-07-22 00:00:00+00:00,1.9011259168,1.9293604602,1.9011259168,1.9199489457,8400,0.0,0.0,0.0,0.0,0.0,0.0,0.0,0.0,,,,,,,,,,,,,,,,,,,,,,,,,#000000
2021-07-23 00:00:00+00:00,1.8728913735,1.9009565096,1.8728913735,1.8822370074,32101,0.0,0.0,0.0,0.0,0.0,0.0,0.0,0.0,,,,,,,,,,,,,,,,,,,,,,,,,#000000
2021-07-26 00:00:00+00:00,2.0234756046,2.1364043663,1.9105374313,1.9226029928,2150,0.0,0.0,0.0,0.0,0.0,0.0,0.0,0.0,,,,,,,,,,,,,,,,,,,,,,,,,#000000
2021-07-27 00:00:00+00:00,2.0233344318,2.0233344318,2.0233344318,2.0233344318,155,0.0,0.0,0.0,0.0,0.0,0.0,0.0,0.0,,,,,,,,,,,,,,,,,,,,,,,,,"rgba(38, 166, 154, 0.5)"
2021-07-28 00:00:00+00:00,2.1514722009,2.1740598356,2.0893562056,2.1364137778,14739,0.0,0.0,0.0,0.0,0.0,0.0,0.0,0.0,,,,,,,,,,,,,,,,,,,,,,,,,"rgba(38, 166, 154, 0.5)"
2021-07-29 00:00:00+00:00,2.3519374585,2.3519374585,2.1975886217,2.2738218887,14975,0.0,0.0,0.0,0.0,0.0,0.0,0.0,0.0,,,,,,,,,,,,,,,,,,,,,,,,,"rgba(38, 166, 154, 0.5)"
2021-07-30 00:00:00+00:00,2.1928828645,2.3528786099,2.18347135,2.3528786099,12400,0.0,0.0,0.0,0.0,0.0,0.0,0.0,0.0,,,,,,,,,,,,,,,,,,,,,,,,,"rgba(38, 166, 154, 0.5)"
2021-08-02 00:00:00+00:00,2.2022943789,2.2022943789,2.2022943789,2.2022943789,185,0.0,0.0,0.0,0.0,0.0,0.0,0.0,0.0,,,,,,,,,,,,,,,,,,,,,,,,,"rgba(38, 166, 154, 0.5)"
2021-08-03 00:00:00+00:00,2.1458252923,2.1891182587,2.1458252923,2.1740598356,4240,0.0,0.0,0.0,0.0,0.0,0.0,0.0,0.0,,,,,,,,,,,,,,,,,,,,,,,,,"rgba(38, 166, 154, 0.5)"
2021-08-04 00:00:00+00:00,2.208882439,2.2117058933,2.1622954425,2.188647683,3778,0.0,0.0,0.0,0.0,0.0,0.0,0.0,0.0,,,,,,,,,,,,,,,,,,,,,,,,,"rgba(38, 166, 154, 0.5)"
2021-08-05 00:00:00+00:00,2.1928828645,2.1966474702,2.1928828645,2.1966474702,2800,0.0,0.0,0.0,0.0,0.0,0.0,0.0,0.0,,,,,,,,,,,,,,,,,,,,,,,,,"rgba(38, 166, 154, 0.5)"
2021-08-06 00:00:00+00:00,2.1364137778,2.173683375,2.1364137778,2.173683375,2150,0.0,0.0,0.0,0.0,0.0,0.0,0.0,0.0,,,,,,,,,,,,,,,,,,,,,,,,,"rgba(38, 166, 154, 0.5)"
2021-08-09 00:00:00+00:00,2.1317080206,2.1373549293,2.1317080206,2.1373549293,1528,0.0,0.0,0.0,0.0,0.0,0.0,0.0,0.0,,,,,,,,,,,,,,,,,,,,,,,,,"rgba(38, 166, 154, 0.5)"
2021-08-10 00:00:00+00:00,2.0893562056,2.1081792345,2.0893562056,2.093497272,18400,0.0,0.0,0.0,0.0,0.0,0.0,0.0,0.0,,,,,,,,,,,,,,,,,,,,,,,,,"rgba(38, 166, 154, 0.5)"
2021-08-11 00:00:00+00:00,2.1382960807,2.1382960807,2.061592238,2.0907679328,2795,0.0,0.0,0.0,0.0,0.0,0.0,0.0,0.0,,,,,,,,,,,,,,,,,,,,,,,,,"rgba(38, 166, 154, 0.5)"
2021-08-12 00:00:00+00:00,2.1270022634,2.1659000526,2.1255905362,2.1659000526,24014,0.0,0.0,0.0,0.0,0.0,0.0,0.0,0.0,,,,,,,,,,,,,,,,,,,,,,,,,"rgba(38, 166, 154, 0.5)"
2021-08-13 00:00:00+00:00,2.1364137778,2.18347135,2.1364137778,2.1646483212,14720,0.0,0.0,0.0,0.0,0.0,0.0,0.0,0.0,,,,,,,,,,,,,,,,,,,,,,,,,"rgba(38, 166, 154, 0.5)"
2021-08-16 00:00:00+00:00,2.2116117782,2.2116117782,2.1364137778,2.1364137778,18150,0.0,0.0,0.0,0.0,0.0,0.0,0.0,0.0,,,,,,,,,,,,,,,,,,,,,,,,,"rgba(38, 166, 154, 0.5)"
2021-08-17 00:00:00+00:00,2.1349079355,2.1646483212,2.117590749,2.1646483212,12455,0.0,0.0,0.0,0.0,0.0,0.0,0.0,0.0,,,,,,,,,,,,,,,,,,,,,,,,,"rgba(38, 166, 154, 0.5)"
2021-08-18 00:00:00+00:00,2.0933090417,2.1270022634,2.0705331768,2.117590749,4600,0.0,0.0,0.0,0.0,0.0,0.0,0.0,0.0,,,,,,,,,,,,,,,,,,,,,,,,,#000000
2021-08-19 00:00:00+00:00,1.9011259168,2.1364137778,1.882302888,2.1364137778,7556,0.0,0.0,0.0,0.0,0.0,0.0,0.0,0.0,,,,,,,,,,,,,,,,,,,,,,,,,"rgba(239, 83, 80, 0.5)"
2021-08-20 00:00:00+00:00,1.8556494791,1.8917144024,1.8556494791,1.8910085388,3774,0.0,0.0,0.0,0.0,0.0,0.0,0.0,0.0,,,,,,,,,,,,,,,,,,,,,,,,,"rgba(239, 83, 80, 0.5)"
2021-08-23 00:00:00+00:00,1.9730392987,2.0091418681,1.9552421249,1.9552421249,5275,0.0,0.0,0.0,0.0,0.0,0.0,0.0,0.0,,,,,,,,,,,,,,,,,,,,,,,,,"rgba(239, 83, 80, 0.5)"
2021-08-24 00:00:00+00:00,1.9575950035,1.9937352189,1.9293604602,1.9937352189,3122,0.0,0.0,0.0,0.0,0.0,0.0,0.0,0.0,,,,,,,,,,,,,,,,,,,,,,,,,"rgba(239, 83, 80, 0.5)"
2021-08-25 00:00:00+00:00,1.9105374313,1.9199489457,1.9105374313,1.911996216,3000,0.0,0.0,0.0,0.0,0.0,0.0,0.0,0.0,,,,,,,,,,,,,,,,,,,,,,,,,"rgba(239, 83, 80, 0.5)"
2021-08-26 00:00:00+00:00,2.0625333895,2.0705331768,1.914264391,1.9199489457,6021,0.0,0.0,0.0,0.0,0.0,0.0,0.0,0.0,,,,,,,,,,,,,,,,,,,,,,,,,"rgba(239, 83, 80, 0.5)"
2021-08-27 00:00:00+00:00,1.948183489,1.948183489,1.8917144024,1.8917144024,10762,0.0,0.0,0.0,0.0,0.0,0.0,0.0,0.0,,,,,,,,,,,,,,,,,,,,,,,,,"rgba(239, 83, 80, 0.5)"
2021-08-30 00:00:00+00:00,1.9492469902,1.9492469902,1.9121562118,1.948183489,3620,0.0,0.0,0.0,0.0,0.0,0.0,0.0,0.0,,,,,,,,,,,,,,,,,,,,,,,,,"rgba(239, 83, 80, 0.5)"
2021-08-31 00:00:00+00:00,2.0230050288,2.0705331768,1.9011259168,1.9011259168,35984,0.0,0.0,0.0,0.0,0.0,0.0,0.0,0.0,,,,,,,,,,,,,,,,,,,,,,,,,"rgba(239, 83, 80, 0.5)"
2021-09-01 00:00:00+00:00,2.0690461575,2.1364137778,1.9883894787,1.9902529586,19250,0.0,0.0,0.0,0.0,0.0,0.0,0.0,0.0,,,,,,,,,,,,,,,,,,,,,,,,,#000000
2021-09-02 00:00:00+00:00,2.0140640901,2.0705331768,1.971947563,1.971947563,29667,0.0,0.0,0.0,0.0,0.0,0.0,0.0,0.0,,,,,,,,,,,,,,,,,,,,,,,,,#000000
2021-09-03 00:00:00+00:00,2.0893562056,2.1270022634,2.0366140787,2.0705331768,42379,0.0,0.0,0.0,0.0,0.0,0.0,0.0,0.0,,,,,,,,,,,,,,,,,,,,,,,,,#000000
2021-09-07 00:00:00+00:00,2.1552368067,2.1646483212,2.0705331768,2.1364137778,28830,0.0,0.0,0.0,0.0,0.0,0.0,0.0,0.0,,,,,,,,,,,,,,,,,,,,,,,,,"rgba(38, 166, 154, 0.5)"
2021-09-08 00:00:00+00:00,2.1283104639,2.1740598356,2.0987677201,2.1638012849,10579,0.0,0.0,0.0,0.0,0.0,0.0,0.0,0.0,,,,,,,,,,,,,,,,,,,,,,,,,"rgba(38, 166, 154, 0.5)"
2021-09-09 00:00:00+00:00,2.1458252923,2.1458252923,2.0802176251,2.117590749,27400,0.0,0.0,0.0,0.0,0.0,0.0,0.0,0.0,,,,,,,,,,,,,,,,,,,,,,,,,"rgba(38, 166, 154, 0.5)"
2021-09-10 00:00:00+00:00,2.18347135,2.18347135,2.1062969316,2.1646483212,16257,0.0,0.0,0.0,0.0,0.0,0.0,0.0,0.0,,,,,,,,,,,,,,,,,,,,,,,,,"rgba(38, 166, 154, 0.5)"
2021-09-13 00:00:00+00:00,2.1740598356,2.2022943789,2.0705331768,2.18347135,47064,0.0,0.0,0.0,0.0,0.0,0.0,0.0,0.0,,,,,,,,,,,,,,,,,,,,,,,,,"rgba(38, 166, 154, 0.5)"
2021-09-14 00:00:00+00:00,2.2117058933,2.2117058933,2.117590749,2.2117058933,3001,0.0,0.0,0.0,0.0,0.0,0.0,0.0,0.0,,,,,,,,,,,,,,,,,,,,,,,,,"rgba(38, 166, 154, 1.0)"
2021-09-15 00:00:00+00:00,2.2213997532,2.3528786099,2.2103600468,2.2164116506,2922,0.0,0.0,0.0,0.0,0.0,0.0,0.0,0.0,,,,,,,,,,,,,,,,,,,,,,,,,"rgba(38, 166, 154, 1.0)"
2021-09-16 00:00:00+00:00,2.2587634655,2.3528786099,2.1646483212,2.3528786099,9830,0.0,0.0,0.0,0.0,0.0,0.0,0.0,0.0,,,,,,,,,,,,,,,,,,,,,,,,,"rgba(38, 166, 154, 1.0)"
2021-09-17 00:00:00+00:00,2.2765512278,2.2775864944,2.2474696482,2.2587634655,34790,0.0,0.0,0.0,0.0,0.0,0.0,0.0,0.0,,,,,,,,,,,,,,,,,,,,,,,,,"rgba(38, 166, 154, 1.0)"
2021-09-20 00:00:00+00:00,2.2493519511,2.2493519511,2.0234756046,2.0234756046,18030,0.0,0.0,0.0,0.0,0.0,0.0,0.0,0.0,,,,,,,,,,,,,,,,,,,,,,,,,"rgba(38, 166, 154, 1.0)"
2021-09-21 00:00:00+00:00,2.2799676076,2.3133502493,2.2662456195,2.2662456195,1735,0.0,0.0,0.0,0.0,0.0,0.0,0.0,0.0,,,,,,,,,,,,,,,,,,,,,,,,,"rgba(38, 166, 154, 1.0)"
2021-09-22 00:00:00+00:00,2.3316368219,2.3316368219,2.2305289222,2.3058210377,11020,0.0,0.0,0.0,0.0,0.0,0.0,0.0,0.0,,,,,,,,,,,,,,,,,,,,,,,,,"rgba(38, 166, 154, 1.0)"
2021-09-23 00:00:00+00:00,2.2775864944,2.3513445331,2.252881269,2.3513445331,7525,0.0,0.0,0.0,0.0,0.0,0.0,0.0,0.0,,,,,,,,,,,,,,,,,,,,,,,,,"rgba(38, 166, 154, 1.0)"
2021-09-24 00:00:00+00:00,2.3364084597,2.3364084597,2.2588575807,2.2775864944,13570,0.0,0.0,0.0,0.0,0.0,0.0,0.0,0.0,,,,,,,,,,,,,,,,,,,,,,,,,"rgba(38, 166, 154, 1.0)"
2021-09-27 00:00:00+00:00,2.418759211,2.4234649682,2.376407396,2.376407396,6442,0.0,0.0,0.0,0.0,0.0,0.0,0.0,0.0,,,,,,,,,,,,,,,,,,,,,,,,,"rgba(38, 166, 154, 1.0)"
2021-09-28 00:00:00+00:00,2.3905246677,2.418759211,2.3340555811,2.3985338665,20886,0.0,0.0,0.0,0.0,0.0,0.0,0.0,0.0,,,,,,,,,,,,,,,,,,,,,,,,,"rgba(38, 166, 154, 1.0)"
2021-09-29 00:00:00+00:00,2.3811131533,2.8234543319,2.3528786099,2.8234543319,9143,0.0,0.0,0.0,0.0,0.0,0.0,0.0,0.0,,,,,,,,,,,,,,,,,,,,,,,,,"rgba(38, 166, 154, 1.0)"
2021-09-30 00:00:00+00:00,2.3340555811,2.3340555811,2.2964095233,2.2964095233,5180,0.0,0.0,0.0,0.0,0.0,0.0,0.0,0.0,,,,,,,,,,,,,,,,,,,,,,,,,"rgba(38, 166, 154, 0.75)"
2021-10-01 00:00:00+00:00,2.3039387349,2.3252087575,2.2869980089,2.3126914433,3537,0.0,0.0,0.0,0.0,0.0,0.0,0.0,0.0,,,,,,,,,,,,,,,,,,,,,,,,,"rgba(38, 166, 154, 0.75)"
2021-10-04 00:00:00+00:00,2.3143855159,2.3575749557,2.2964095233,2.3202206548,20154,0.0,0.0,0.0,0.0,0.0,0.0,0.0,0.0,,,,,,,,,,,,,,,,,,,,,,,,,"rgba(38, 166, 154, 0.75)"
2021-10-05 00:00:00+00:00,2.3811131533,2.418759211,2.3152325522,2.3575843672,32725,0.0,0.0,0.0,0.0,0.0,0.0,0.0,0.0,,,,,,,,,,,,,,,,,,,,,,,,,"rgba(38, 166, 154, 0.75)"
2021-10-06 00:00:00+00:00,2.4281707255,2.4351258346,2.3528786099,2.4351258346,17050,0.0,0.0,0.0,0.0,0.0,0.0,0.0,0.0,,,,,,,,,,,,,,,,,,,,,,,,,"rgba(38, 166, 154, 1.0)"
2021-10-07 00:00:00+00:00,2.4940513265,2.654047072,2.4469937543,2.654047072,25082,0.0,0.0,0.0,0.0,0.0,0.0,0.0,0.0,,,,,,,,,,,,,,,,,,,,,,,,,"rgba(38, 166, 154, 1.0)"
2021-10-08 00:00:00+00:00,2.9599212913,2.9599212913,2.5505204132,2.5505204132,49394,0.0,0.0,0.0,0.0,0.0,0.0,0.0,0.0,,,,,,,,,,,,,,,,,,,,,,,,,"rgba(38, 166, 154, 1.0)"
2021-10-11 00:00:00+00:00,2.9505097769,3.4728488283,2.9505097769,3.4728488283,8798,0.0,0.0,0.0,0.0,0.0,0.0,0.0,0.0,,,,,,,,,,,,,,,,,,,,,,,,,"rgba(38, 166, 154, 1.0)"
2021-10-12 00:00:00+00:00,2.9363925052,3.0587421929,2.8705119041,3.0587421929,31601,0.0,0.0,0.0,0.0,0.0,0.0,0.0,0.0,,,,,,,,,,,,,,,,,,,,,,,,,"rgba(38, 166, 154, 1.0)"
2021-10-13 00:00:00+00:00,2.6916931298,2.8705119041,2.4940513265,2.8705119041,32421,0.0,0.0,0.0,0.0,0.0,0.0,0.0,0.0,,,,,,,,,,,,,,,,,,,,,,,,,"rgba(38, 166, 154, 0.75)"
2021-10-14 00:00:00+00:00,2.6451061333,2.8234543319,2.6352240431,2.8234543319,18833,0.0,0.0,0.0,0.0,0.0,0.0,0.0,0.0,,,,,,,,,,,,,,,,,,,,,,,,,"rgba(38, 166, 154, 0.75)"
2021-10-15 00:00:00+00:00,2.5881664709,2.6347911135,2.5881664709,2.6329088106,49277,0.0,0.0,0.0,0.0,0.0,0.0,0.0,0.0,,,,,,,,,,,,,,,,,,,,,,,,,"rgba(38, 166, 154, 0.75)"
2021-10-18 00:00:00+00:00,2.8615897884,2.9269809908,2.5693434421,2.6140951932,26117,0.0,0.0,0.0,0.0,0.0,0.0,0.0,0.0,,,,,,,,,,,,,,,,,,,,,,,,,"rgba(38, 166, 154, 0.75)"
2021-10-19 00:00:00+00:00,2.8987464475,2.940157111,2.8535711781,2.940157111,17006,0.0,0.0,0.0,0.0,0.0,0.0,0.0,0.0,,,,,,,,,,,,,,,,,,,,,,,,,"rgba(38, 166, 154, 0.75)"
2021-10-20 00:00:00+00:00,2.9807960303,3.4822603427,2.974038563,3.3881451983,14410,0.0,0.0,0.0,0.0,0.0,0.0,0.0,0.0,,,,,,,,,,,,,,,,,,,,,,,,,"rgba(38, 166, 154, 0.75)"
2021-10-21 00:00:00+00:00,3.0116846207,3.0681442959,2.9363925052,2.9874029135,6872,0.0,0.0,0.0,0.0,0.0,0.0,0.0,0.0,,,,,,,,,,,,,,,,,,,,,,,,,"rgba(38, 166, 154, 1.0)"
2021-10-22 00:00:00+00:00,3.0493306785,3.0493306785,3.028154771,3.028154771,6762,0.0,0.0,0.0,0.0,0.0,0.0,0.0,0.0,,,,,,,,,,,,,,,,,,,,,,,,,"rgba(38, 166, 154, 1.0)"
2021-10-25 00:00:00+00:00,2.9646270485,3.3222645972,2.9646270485,3.2068229611,22490,0.0,0.0,0.0,0.0,0.0,0.0,0.0,0.0,,,,,,,,,,,,,,,,,,,,,,,,,"rgba(38, 166, 154, 1.0)"
2021-10-26 00:00:00+00:00,2.889334933,3.0116846207,2.889334933,3.0116846207,6107,0.0,0.0,0.0,0.0,0.0,0.0,0.0,0.0,,,,,,,,,,,,,,,,,,,,,,,,,"rgba(38, 166, 154, 0.75)"
2021-10-27 00:00:00+00:00,2.7739215314,2.8987464475,2.7669852453,2.8819092481,10081,0.0,0.0,0.0,0.0,0.0,0.0,0.0,0.0,,,,,,,,,,,,,,,,,,,,,,,,,"rgba(38, 166, 154, 0.5)"
2021-10-28 00:00:00+00:00,2.7105161587,2.7515127156,2.6634585865,2.7515127156,11515,0.0,0.0,0.0,0.0,0.0,0.0,0.0,0.0,,,,,,,,,,,,,,,,,,,,,,,,,"rgba(38, 166, 154, 0.5)"
2021-10-29 00:00:00+00:00,2.6916931298,2.7011046442,2.6634585865,2.7011046442,4764,0.0,0.0,0.0,0.0,0.0,0.0,0.0,0.0,,,,,,,,,,,,,,,,,,,,,,,,,#000000
2021-11-01 00:00:00+00:00,2.6079306513,2.8243954834,2.5994602883,2.7095750072,10823,0.0,0.0,0.0,0.0,0.0,0.0,0.0,0.0,,,,,,,,,,,,,,,,,,,,,,,,,#000000
2021-11-02 00:00:00+00:00,2.6074600755,2.6598539764,2.5880723558,2.6248713773,10823,0.0,0.0,0.0,0.0,0.0,0.0,0.0,0.0,,,,,,,,,,,,,,,,,,,,,,,,,"rgba(239, 83, 80, 1.0)"
2021-11-03 00:00:00+00:00,2.5975779854,2.6822816153,2.5787549565,2.6822816153,22227,0.0,0.0,0.0,0.0,0.0,0.0,0.0,0.0,,,,,,,,,,,,,,,,,,,,,,,,,"rgba(239, 83, 80, 1.0)"
2021-11-04 00:00:00+00:00,2.7646323667,2.8046313031,2.5881664709,2.6040813419,11618,0.0,0.0,0.0,0.0,0.0,0.0,0.0,0.0,,,,,,,,,,,,,,,,,,,,,,,,,"rgba(239, 83, 80, 1.0)"
2021-11-05 00:00:00+00:00,2.6446355576,2.7481622164,2.6446355576,2.7481622164,1753,0.0,0.0,0.0,0.0,0.0,0.0,0.0,0.0,,,,,,,,,,,,,,,,,,,,,,,,,"rgba(239, 83, 80, 1.0)"
2021-11-08 00:00:00+00:00,2.5599319276,2.6352240431,2.5411088987,2.6352240431,28332,0.0,0.0,0.0,0.0,0.0,0.0,0.0,0.0,,,,,,,,,,,,,,,,,,,,,,,,,"rgba(239, 83, 80, 1.0)"
2021-11-09 00:00:00+00:00,2.70486925,2.7152219159,2.6822816153,2.7152219159,793,0.0,0.0,0.0,0.0,0.0,0.0,0.0,0.0,,,,,,,,,,,,,,,,,,,,,,,,,"rgba(239, 83, 80, 1.0)"
2021-11-10 00:00:00+00:00,2.8705119041,2.9055509724,2.7282098058,2.7763967597,15546,0.0,0.0,0.0,0.0,0.0,0.0,0.0,0.0,,,,,,,,,,,,,,,,,,,,,,,,,#000000
2021-11-11 00:00:00+00:00,2.9194423677,2.9194423677,2.8780317042,2.9081579619,6561,0.0,0.0,0.0,0.0,0.0,0.0,0.0,0.0,,,,,,,,,,,,,,,,,,,,,,,,,"rgba(38, 166, 154, 0.5)"
2021-11-12 00:00:00+00:00,2.8611003897,2.8714530556,2.8422773608,2.8714530556,5507,0.0,0.0,0.0,0.0,0.0,0.0,0.0,0.0,,,,,,,,,,,,,,,,,,,,,,,,,"rgba(38, 166, 154, 0.5)"
2021-11-15 00:00:00+00:00,2.6634585865,2.8140428175,2.5881664709,2.8140428175,45857,0.0,0.0,0.0,0.0,0.0,0.0,0.0,0.0,,,,,,,,,,,,,,,,,,,,,,,,,#000000
2021-11-16 00:00:00+00:00,2.5505204132,2.7575737309,2.5505204132,2.7575737309,18093,0.0,0.0,0.0,0.0,0.0,0.0,0.0,0.0,,,,,,,,,,,,,,,,,,,,,,,,,#000000
2021-11-17 00:00:00+00:00,2.5787549565,2.6341887766,2.5787549565,2.6069894998,7520,0.0,0.0,0.0,0.0,0.0,0.0,0.0,0.0,,,,,,,,,,,,,,,,,,,,,,,,,"rgba(239, 83, 80, 1.0)"
2021-11-18 00:00:00+00:00,2.6164010143,2.6916931298,2.6164010143,2.6563999506,4564,0.0,0.0,0.0,0.0,0.0,0.0,0.0,0.0,,,,,,,,,,,,,,,,,,,,,,,,,"rgba(239, 83, 80, 1.0)"
2021-11-19 00:00:00+00:00,2.6164010143,2.6305182859,2.6164010143,2.6164010143,1262,0.0,0.0,0.0,0.0,0.0,0.0,0.0,0.0,,,,,,,,,,,,,,,,,,,,,,,,,"rgba(239, 83, 80, 1.0)"
2021-11-22 00:00:00+00:00,2.5952251068,2.5975779854,2.5693434421,2.5957897976,10190,0.0,0.0,0.0,0.0,0.0,0.0,0.0,0.0,,,,,,,,,,,,,,,,,,,,,,,,,"rgba(239, 83, 80, 1.0)"
2021-11-23 00:00:00+00:00,2.5693434421,2.5844018652,2.5693434421,2.5768726536,15640,0.0,0.0,0.0,0.0,0.0,0.0,0.0,0.0,,,,,,,,,,,,,,,,,,,,,,,,,"rgba(239, 83, 80, 1.0)"
2021-11-24 00:00:00+00:00,2.5975779854,2.5975779854,2.5825195623,2.5881664709,4023,0.0,0.0,0.0,0.0,0.0,0.0,0.0,0.0,,,,,,,,,,,,,,,,,,,,,,,,,"rgba(239, 83, 80, 1.0)"
2021-11-26 00:00:00+00:00,2.6258125287,2.747221065,2.6164010143,2.6352240431,7528,0.0,0.0,0.0,0.0,0.0,0.0,0.0,0.0,,,,,,,,,,,,,,,,,,,,,,,,,"rgba(239, 83, 80, 1.0)"
2021-11-29 00:00:00+00:00,2.6125422933,2.6822816153,2.6125422933,2.654047072,1649,0.0,0.0,0.0,0.0,0.0,0.0,0.0,0.0,,,,,,,,,,,,,,,,,,,,,,,,,"rgba(239, 83, 80, 1.0)"
2021-11-30 00:00:00+00:00,2.5250528551,2.5693434421,2.5250528551,2.5411088987,27241,0.0,0.0,0.0,0.0,0.0,0.0,0.0,0.0,,,,,,,,,,,,,,,,,,,,,,,,,"rgba(239, 83, 80, 1.0)"
2021-12-01 00:00:00+00:00,2.6055777727,2.6379533823,2.5787549565,2.6258125287,10321,0.0,0.0,0.0,0.0,0.0,0.0,0.0,0.0,,,,,,,,,,,,,,,,,,,,,,,,,"rgba(239, 83, 80, 1.0)"
2021-12-02 00:00:00+00:00,2.5985850174,2.6353840389,2.5985850174,2.6353840389,1035,0.0,0.0,0.0,0.0,0.0,0.0,0.0,0.0,,,,,,,,,,,,,,,,,,,,,,,,,"rgba(239, 83, 80, 1.0)"
2021-12-03 00:00:00+00:00,2.6164010143,2.6634585865,2.5599319276,2.654047072,6309,0.0,0.0,0.0,0.0,0.0,0.0,0.0,0.0,,,,,,,,,,,,,,,,,,,,,,,,,"rgba(239, 83, 80, 0.75)"
2021-12-06 00:00:00+00:00,2.5787549565,2.6352240431,2.5316973843,2.5693434421,6775,0.0,0.0,0.0,0.0,0.0,0.0,0.0,0.0,,,,,,,,,,,,,,,,,,,,,,,,,"rgba(239, 83, 80, 0.75)"
2021-12-07 00:00:00+00:00,2.5599319276,2.5975779854,2.5316973843,2.5787549565,5851,0.0,0.0,0.0,0.0,0.0,0.0,0.0,0.0,,,,,,,,,,,,,,,,,,,,,,,,,"rgba(239, 83, 80, 0.75)"
2021-12-08 00:00:00+00:00,2.5693434421,2.5693434421,2.5693434421,2.5693434421,400,0.0,0.0,0.0,0.0,0.0,0.0,0.0,0.0,,,,,,,,,,,,,,,,,,,,,,,,,"rgba(239, 83, 80, 0.75)"
2021-12-09 00:00:00+00:00,2.5505204132,2.5693434421,2.5411088987,2.5693434421,3615,0.0,0.0,0.0,0.0,0.0,0.0,0.0,0.0,,,,,,,,,,,,,,,,,,,,,,,,,"rgba(239, 83, 80, 1.0)"
2021-12-10 00:00:00+00:00,2.5222858699,2.5881664709,2.4564052688,2.5881664709,11027,0.0,0.0,0.0,0.0,0.0,0.0,0.0,0.0,,,,,,,,,,,,,,,,,,,,,,,,,"rgba(239, 83, 80, 1.0)"
2021-12-13 00:00:00+00:00,2.3528786099,2.4281707255,2.3528786099,2.4281707255,8335,0.0,0.0,0.0,0.0,0.0,0.0,0.0,0.0,,,,,,,,,,,,,,,,,,,,,,,,,"rgba(239, 83, 80, 1.0)"
2021-12-14 00:00:00+00:00,2.2587634655,2.2869980089,2.1928828645,2.2587634655,38841,0.0,0.0,0.0,0.0,0.0,0.0,0.0,0.0,,,,,,,,,,,,,,,,,,,,,,,,,"rgba(239, 83, 80, 1.0)"
2021-12-15 00:00:00+00:00,2.2568811627,2.305350462,2.2568811627,2.2794970319,2355,0.0,0.0,0.0,0.0,0.0,0.0,0.0,0.0,,,,,,,,,,,,,,,,,,,,,,,,,"rgba(239, 83, 80, 1.0)"
2021-12-16 00:00:00+00:00,2.3481728527,2.3622901244,2.26817498,2.2775864944,13340,0.0,0.0,0.0,0.0,0.0,0.0,0.0,0.0,,,,,,,,,,,,,,,,,,,,,,,,,"rgba(239, 83, 80, 1.0)"
2021-12-17 00:00:00+00:00,2.3340555811,2.6069894998,2.3340555811,2.6069894998,7247,0.0,0.0,0.0,0.0,0.0,0.0,0.0,0.0,,,,,,,,,,,,,,,,,,,,,,,,,"rgba(239, 83, 80, 0.75)"
2021-12-20 00:00:00+00:00,2.3575843672,2.8705119041,2.3246440666,2.8705119041,16063,0.0,0.0,0.0,0.0,0.0,0.0,0.0,0.0,,,,,,,,,,,,,,,,,,,,,,,,,"rgba(239, 83, 80, 0.75)"
2021-12-21 00:00:00+00:00,2.4469937543,2.4469937543,2.3622901244,2.3811131533,24831,0.0,0.0,0.0,0.0,0.0,0.0,0.0,0.0,,,,,,,,,,,,,,,,,,,,,,,,,"rgba(239, 83, 80, 0.75)"
2021-12-22 00:00:00+00:00,2.6916931298,2.6916931298,2.4846398121,2.4940513265,31929,0.0,0.0,0.0,0.0,0.0,0.0,0.0,0.0,,,,,,,,,,,,,,,,,,,,,,,,,#000000
2021-12-23 00:00:00+00:00,2.6305182859,2.7105161587,2.5584637314,2.5584637314,10038,0.0,0.0,0.0,0.0,0.0,0.0,0.0,0.0,,,,,,,,,,,,,,,,,,,,,,,,,#000000
2021-12-27 00:00:00+00:00,3.0587421929,3.1999149095,2.6446355576,2.8799234186,6664,0.0,0.0,0.0,0.0,0.0,0.0,0.0,0.0,,,,,,,,,,,,,,,,,,,,,,,,,"rgba(38, 166, 154, 1.0)"
2021-12-28 00:00:00+00:00,2.7763967597,3.0022731063,2.6352240431,3.0022731063,7005,0.0,0.0,0.0,0.0,0.0,0.0,0.0,0.0,,,,,,,,,,,,,,,,,,,,,,,,,"rgba(38, 166, 154, 1.0)"
2021-12-29 00:00:00+00:00,2.5316785613,2.654338829,2.418759211,2.6352240431,22514,0.0,0.0,0.0,0.0,0.0,0.0,0.0,0.0,,,,,,,,,,,,,,,,,,,,,,,,,"rgba(38, 166, 154, 0.5)"
2021-12-30 00:00:00+00:00,2.5876958952,2.6125422933,2.5316973843,2.5316973843,38792,0.0,0.0,0.0,0.0,0.0,0.0,0.0,0.0,,,,,,,,,,,,,,,,,,,,,,,,,"rgba(38, 166, 154, 0.5)"
2021-12-31 00:00:00+00:00,2.5975779854,2.8987464475,2.5862841681,2.8987464475,11065,0.0,0.0,0.0,0.0,0.0,0.0,0.0,0.0,,,,,,,,,,,,,,,,,,,,,,,,,"rgba(38, 166, 154, 0.5)"
2022-01-03 00:00:00+00:00,2.7858082742,2.9081579619,2.3811131533,2.8375716036,14804,0.0,0.0,0.0,0.0,0.0,0.0,0.0,0.0,,,,,,,,,,,,,,,,,,,,,,,,,"rgba(38, 166, 154, 0.75)"
2022-01-04 00:00:00+00:00,2.6822816153,2.8046313031,2.5868770935,2.7293391875,24690,0.0,0.0,0.0,0.0,0.0,0.0,0.0,0.0,,,,,,,,,,,,,,,,,,,,,,,,,"rgba(38, 166, 154, 0.75)"
2022-01-05 00:00:00+00:00,2.7622794881,2.8140428175,2.7105161587,2.7293391875,7062,0.0,0.0,0.0,0.0,0.0,0.0,0.0,0.0,,,,,,,,,,,,,,,,,,,,,,,,,"rgba(38, 166, 154, 0.75)"
2022-01-06 00:00:00+00:00,2.7293391875,2.7753991392,2.7199276731,2.7753991392,7198,0.0,0.0,0.0,0.0,0.0,0.0,0.0,0.0,,,,,,,,,,,,,,,,,,,,,,,,,"rgba(38, 166, 154, 0.75)"
2022-01-07 00:00:00+00:00,2.7293391875,2.7575737309,2.7173865642,2.7173865642,13314,0.0,0.0,0.0,0.0,0.0,0.0,0.0,0.0,,,,,,,,,,,,,,,,,,,,,,,,,"rgba(38, 166, 154, 0.75)"
2022-01-10 00:00:00+00:00,2.7105161587,2.7528679736,2.6898108269,2.738750702,6520,0.0,0.0,0.0,0.0,0.0,0.0,0.0,0.0,,,,,,,,,,,,,,,,,,,,,,,,,"rgba(38, 166, 154, 0.75)"
2022-01-11 00:00:00+00:00,2.7105161587,2.7199276731,2.6822816153,2.6822816153,5697,0.0,0.0,0.0,0.0,0.0,0.0,0.0,0.0,,,,,,,,,,,,,,,,,,,,,,,,,"rgba(38, 166, 154, 0.75)"
2022-01-12 00:00:00+00:00,2.7199276731,2.7199276731,2.6822816153,2.6822816153,4821,0.0,0.0,0.0,0.0,0.0,0.0,0.0,0.0,,,,,,,,,,,,,,,,,,,,,,,,,"rgba(38, 166, 154, 0.75)"
2022-01-13 00:00:00+00:00,2.7481622164,2.7763967597,2.7105161587,2.7763967597,8231,0.0,0.0,0.0,0.0,0.0,0.0,0.0,0.0,,,,,,,,,,,,,,,,,,,,,,,,,"rgba(38, 166, 154, 0.75)"
2022-01-14 00:00:00+00:00,2.7763967597,2.7858082742,2.7575737309,2.7575737309,6300,0.0,0.0,0.0,0.0,0.0,0.0,0.0,0.0,,,,,,,,,,,,,,,,,,,,,,,,,"rgba(38, 166, 154, 0.75)"
2022-01-18 00:00:00+00:00,2.7575737309,2.8234543319,2.7293391875,2.8234543319,26810,0.0,0.0,0.0,0.0,0.0,0.0,0.0,0.0,,,,,,,,,,,,,,,,,,,,,,,,,"rgba(38, 166, 154, 0.75)"
2022-01-19 00:00:00+00:00,2.7575737309,2.8973347203,2.4940513265,2.7531503191,26810,0.0,0.0,0.0,0.0,0.0,0.0,0.0,0.0,,,,,,,,,,,,,,,,,,,,,,,,,"rgba(38, 166, 154, 0.75)"
2022-01-20 00:00:00+00:00,2.9646270485,2.9646270485,2.9175694763,2.9179553484,6688,0.0,0.0,0.0,0.0,0.0,0.0,0.0,0.0,,,,,,,,,,,,,,,,,,,,,,,,,"rgba(38, 166, 154, 1.0)"
2022-01-21 00:00:00+00:00,2.8516888753,2.974038563,2.8234543319,2.9330796521,14150,0.0,0.0,0.0,0.0,0.0,0.0,0.0,0.0,,,,,,,,,,,,,,,,,,,,,,,,,"rgba(38, 166, 154, 1.0)"
2022-01-24 00:00:00+00:00,2.7575737309,2.8705119041,2.3811131533,2.3811131533,26882,0.0,0.0,0.0,0.0,0.0,0.0,0.0,0.0,,,,,,,,,,,,,,,,,,,,,,,,,"rgba(38, 166, 154, 0.75)"
2022-01-25 00:00:00+00:00,2.8799234186,2.889334933,2.8187485747,2.8285365497,33106,0.0,0.0,0.0,0.0,0.0,0.0,0.0,0.0,,,,,,,,,,,,,,,,,,,,,,,,,"rgba(38, 166, 154, 0.75)"
2022-01-26 00:00:00+00:00,2.7669852453,2.8705119041,2.6916931298,2.8705119041,55760,0.0,0.0,0.0,0.0,0.0,0.0,0.0,0.0,,,,,,,,,,,,,,,,,,,,,,,,,"rgba(38, 166, 154, 0.75)"
2022-01-27 00:00:00+00:00,2.5975779854,2.7199276731,2.5636965334,2.7107034478,49086,0.0,0.0,0.0,0.0,0.0,0.0,0.0,0.0,,,,,,,,,,,,,,,,,,,,,,,,,#000000
2022-01-28 00:00:00+00:00,2.5975779854,2.6069894998,2.5411088987,2.6069894998,26992,0.0,0.0,0.0,0.0,0.0,0.0,0.0,0.0,,,,,,,,,,,,,,,,,,,,,,,,,"rgba(239, 83, 80, 0.5)"
2022-01-31 00:00:00+00:00,2.6164010143,2.654047072,2.6164010143,2.6352240431,8000,0.0,0.0,0.0,0.0,0.0,0.0,0.0,0.0,,,,,,,,,,,,,,,,,,,,,,,,,"rgba(239, 83, 80, 1.0)"
2022-02-01 00:00:00+00:00,2.7575737309,2.7575737309,2.6493413148,2.6493413148,3943,0.0,0.0,0.0,0.0,0.0,0.0,0.0,0.0,,,,,,,,,,,,,,,,,,,,,,,,,#000000
2022-02-02 00:00:00+00:00,2.6916931298,2.7011046442,2.6916931298,2.7011046442,2930,0.0,0.0,0.0,0.0,0.0,0.0,0.0,0.0,,,,,,,,,,,,,,,,,,,,,,,,,#000000
2022-02-03 00:00:00+00:00,2.6211067715,2.6211067715,2.5881664709,2.6069612653,4575,0.0,0.0,0.0,0.0,0.0,0.0,0.0,0.0,,,,,,,,,,,,,,,,,,,,,,,,,"rgba(239, 83, 80, 0.5)"
2022-02-04 00:00:00+00:00,2.5693434421,2.6164010143,2.5599319276,2.5881664709,13502,0.0,0.0,0.0,0.0,0.0,0.0,0.0,0.0,,,,,,,,,,,,,,,,,,,,,,,,,"rgba(239, 83, 80, 1.0)"
2022-02-07 00:00:00+00:00,2.6069894998,2.654047072,2.6069894998,2.6352240431,21276,0.0,0.0,0.0,0.0,0.0,0.0,0.0,0.0,,,,,,,,,,,,,,,,,,,,,,,,,"rgba(239, 83, 80, 1.0)"
2022-02-08 00:00:00+00:00,2.7293391875,2.8140428175,2.6728701009,2.8140428175,18258,0.0,0.0,0.0,0.0,0.0,0.0,0.0,0.0,,,,,,,,,,,,,,,,,,,,,,,,,#000000
2022-02-09 00:00:00+00:00,2.7293391875,3.0587421929,2.7293391875,3.0587421929,6341,0.0,0.0,0.0,0.0,0.0,0.0,0.0,0.0,,,,,,,,,,,,,,,,,,,,,,,,,#000000
2022-02-10 00:00:00+00:00,2.7406330049,2.7683122688,2.7008317103,2.7575737309,13560,0.0,0.0,0.0,0.0,0.0,0.0,0.0,0.0,,,,,,,,,,,,,,,,,,,,,,,,,#000000
2022-02-11 00:00:00+00:00,2.7575737309,2.7580443066,2.7388448171,2.7575737309,13355,0.0,0.0,0.0,0.0,0.0,0.0,0.0,0.0,,,,,,,,,,,,,,,,,,,,,,,,,#000000
2022-02-14 00:00:00+00:00,2.7105161587,2.7669852453,2.7034575228,2.7669852453,19703,0.0,0.0,0.0,0.0,0.0,0.0,0.0,0.0,,,,,,,,,,,,,,,,,,,,,,,,,#000000
2022-02-15 00:00:00+00:00,2.7763967597,2.7763967597,2.6822816153,2.7293391875,17925,0.0,0.0,0.0,0.0,0.0,0.0,0.0,0.0,,,,,,,,,,,,,,,,,,,,,,,,,"rgba(38, 166, 154, 1.0)"
2022-02-16 00:00:00+00:00,2.8046313031,2.8046313031,2.7725380388,2.7934786584,12735,0.0,0.0,0.0,0.0,0.0,0.0,0.0,0.0,,,,,,,,,,,,,,,,,,,,,,,,,"rgba(38, 166, 154, 1.0)"
2022-02-17 00:00:00+00:00,2.8046313031,2.8328658464,2.7745144568,2.8234543319,43571,0.0,0.0,0.0,0.0,0.0,0.0,0.0,0.0,,,,,,,,,,,,,,,,,,,,,,,,,"rgba(38, 166, 154, 1.0)"
2022-02-18 00:00:00+00:00,2.8140428175,2.8328658464,2.8140428175,2.821572029,9518,0.0,0.0,0.0,0.0,0.0,0.0,0.0,0.0,,,,,,,,,,,,,,,,,,,,,,,,,"rgba(38, 166, 154, 1.0)"
2022-02-22 00:00:00+00:00,2.6916931298,2.8516888753,2.6154598628,2.8140428175,42710,0.0,0.0,0.0,0.0,0.0,0.0,0.0,0.0,,,,,,,,,,,,,,,,,,,,,,,,,"rgba(38, 166, 154, 0.75)"
2022-02-23 00:00:00+00:00,2.8422773608,2.8422773608,2.7105161587,2.7105161587,35262,0.0,0.0,0.0,0.0,0.0,0.0,0.0,0.0,,,,,,,,,,,,,,,,,,,,,,,,,"rgba(38, 166, 154, 0.75)"
2022-02-24 00:00:00+00:00,2.8140428175,2.9175694763,2.8140428175,2.9175694763,5656,0.0,0.0,0.0,0.0,0.0,0.0,0.0,0.0,,,,,,,,,,,,,,,,,,,,,,,,,"rgba(38, 166, 154, 0.75)"
2022-02-25 00:00:00+00:00,2.7952197886,2.8140428175,2.6921637055,2.8140428175,12075,0.0,0.0,0.0,0.0,0.0,0.0,0.0,0.0,,,,,,,,,,,,,,,,,,,,,,,,,"rgba(38, 166, 154, 0.75)"
2022-02-28 00:00:00+00:00,2.7411035806,2.7952197886,2.7411035806,2.7669852453,12923,0.0,0.0,0.0,0.0,0.0,0.0,0.0,0.0,,,,,,,,,,,,,,,,,,,,,,,,,#000000
2022-03-01 00:00:00+00:00,2.7292450724,2.7858082742,2.7199276731,2.7782790626,16232,0.0,0.0,0.0,0.0,0.0,0.0,0.0,0.0,,,,,,,,,,,,,,,,,,,,,,,,,#000000
2022-03-02 00:00:00+00:00,2.7708439662,2.7858082742,2.7105161587,2.7326708636,10595,0.0,0.0,0.0,0.0,0.0,0.0,0.0,0.0,,,,,,,,,,,,,,,,,,,,,,,,,#000000
2022-03-03 00:00:00+00:00,2.7763967597,2.802654885,2.7669852453,2.7763967597,21002,0.0,0.0,0.0,0.0,0.0,0.0,0.0,0.0,,,,,,,,,,,,,,,,,,,,,,,,,#000000
2022-03-04 00:00:00+00:00,2.8149839689,2.8328658464,2.789299946,2.789299946,9529,0.0,0.0,0.0,0.0,0.0,0.0,0.0,0.0,,,,,,,,,,,,,,,,,,,,,,,,,"rgba(38, 166, 154, 0.75)"
2022-03-07 00:00:00+00:00,2.8422773608,2.8705119041,2.8140428175,2.8705119041,7200,0.0,0.0,0.0,0.0,0.0,0.0,0.0,0.0,,,,,,,,,,,,,,,,,,,,,,,,,"rgba(38, 166, 154, 1.0)"
2022-03-08 00:00:00+00:00,2.8422773608,2.9194517792,2.8422773608,2.8422773608,18691,0.0,0.0,0.0,0.0,0.0,0.0,0.0,0.0,,,,,,,,,,,,,,,,,,,,,,,,,"rgba(38, 166, 154, 1.0)"
2022-03-09 00:00:00+00:00,2.860629814,2.889334933,2.8233602168,2.8422773608,13810,0.0,0.0,0.0,0.0,0.0,0.0,0.0,0.0,,,,,,,,,,,,,,,,,,,,,,,,,"rgba(38, 166, 154, 1.0)"
2022-03-10 00:00:00+00:00,2.9175694763,2.9175694763,2.889334933,2.9081579619,9321,0.0,0.0,0.0,0.0,0.0,0.0,0.0,0.0,,,,,,,,,,,,,,,,,,,,,,,,,"rgba(38, 166, 154, 1.0)"
2022-03-11 00:00:00+00:00,2.8234543319,3.0587421929,2.8234543319,3.0587421929,54059,0.0,0.0,0.0,0.0,0.0,0.0,0.0,0.0,,,,,,,,,,,,,,,,,,,,,,,,,"rgba(38, 166, 154, 0.75)"
2022-03-14 00:00:00+00:00,2.7858082742,2.8987464475,2.7575737309,2.8987464475,41284,0.0,0.0,0.0,0.0,0.0,0.0,0.0,0.0,,,,,,,,,,,,,,,,,,,,,,,,,"rgba(38, 166, 154, 0.75)"
2022-03-15 00:00:00+00:00,2.8140428175,2.8140428175,2.6446355576,2.6446355576,20264,0.0,0.0,0.0,0.0,0.0,0.0,0.0,0.0,,,,,,,,,,,,,,,,,,,,,,,,,"rgba(38, 166, 154, 0.75)"
2022-03-16 00:00:00+00:00,2.785714159,2.9787443202,2.7293391875,2.9787443202,10757,0.0,0.0,0.0,0.0,0.0,0.0,0.0,0.0,,,,,,,,,,,,,,,,,,,,,,,,,#000000
2022-03-17 00:00:00+00:00,2.7858082742,2.7952197886,2.7697522305,2.7697522305,12735,0.0,0.0,0.0,0.0,0.0,0.0,0.0,0.0,,,,,,,,,,,,,,,,,,,,,,,,,#000000
2022-03-18 00:00:00+00:00,2.7528679736,2.7603971852,2.7528679736,2.7575737309,12204,0.0,0.0,0.0,0.0,0.0,0.0,0.0,0.0,,,,,,,,,,,,,,,,,,,,,,,,,#000000
2022-03-21 00:00:00+00:00,2.7528679736,2.7669852453,2.7434564592,2.7481622164,12204,0.0,0.0,0.0,0.0,0.0,0.0,0.0,0.0,,,,,,,,,,,,,,,,,,,,,,,,,"rgba(239, 83, 80, 1.0)"
2022-03-22 00:00:00+00:00,2.7575737309,2.7763967597,2.7293391875,2.7568593969,15909,0.0,0.0,0.0,0.0,0.0,0.0,0.0,0.0,,,,,,,,,,,,,,,,,,,,,,,,,"rgba(239, 83, 80, 1.0)"
2022-03-23 00:00:00+00:00,2.7293391875,2.7481622164,2.6728701009,2.7105161587,18564,0.0,0.0,0.0,0.0,0.0,0.0,0.0,0.0,,,,,,,,,,,,,,,,,,,,,,,,,"rgba(239, 83, 80, 1.0)"
2022-03-24 00:00:00+00:00,2.7105161587,2.738750702,2.6916931298,2.7105161587,4739,0.0,0.0,0.0,0.0,0.0,0.0,0.0,0.0,,,,,,,,,,,,,,,,,,,,,,,,,"rgba(239, 83, 80, 1.0)"
2022-03-25 00:00:00+00:00,2.7293391875,2.738750702,2.6916931298,2.6916931298,2326,0.0,0.0,0.0,0.0,0.0,0.0,0.0,0.0,,,,,,,,,,,,,,,,,,,,,,,,,"rgba(239, 83, 80, 1.0)"
2022-03-28 00:00:00+00:00,2.7093867769,2.7293391875,2.6822816153,2.7293391875,3385,0.0,0.0,0.0,0.0,0.0,0.0,0.0,0.0,,,,,,,,,,,,,,,,,,,,,,,,,"rgba(239, 83, 80, 1.0)"
2022-03-29 00:00:00+00:00,2.6916931298,2.7199276731,2.6916931298,2.7199276731,5731,0.0,0.0,0.0,0.0,0.0,0.0,0.0,0.0,,,,,,,,,,,,,,,,,,,,,,,,,"rgba(239, 83, 80, 1.0)"
2022-03-30 00:00:00+00:00,2.7011046442,2.7105161587,2.6634585865,2.7105161587,7271,0.0,0.0,0.0,0.0,0.0,0.0,0.0,0.0,,,,,,,,,,,,,,,,,,,,,,,,,"rgba(239, 83, 80, 1.0)"
2022-03-31 00:00:00+00:00,2.6894343663,2.7199276731,2.6634585865,2.7011046442,1816,0.0,0.0,0.0,0.0,0.0,0.0,0.0,0.0,,,,,,,,,,,,,,,,,,,,,,,,,"rgba(239, 83, 80, 1.0)"
2022-04-01 00:00:00+00:00,2.6465178605,2.6728701009,2.5881664709,2.6728701009,6549,0.0,0.0,0.0,0.0,0.0,0.0,0.0,0.0,,,,,,,,,,,,,,,,,,,,,,,,,"rgba(239, 83, 80, 1.0)"
2022-04-04 00:00:00+00:00,2.6352240431,2.6822816153,2.6164010143,2.654047072,8148,0.0,0.0,0.0,0.0,0.0,0.0,0.0,0.0,,,,,,,,,,,,,,,,,,,,,,,,,"rgba(239, 83, 80, 1.0)"
2022-04-05 00:00:00+00:00,2.6728701009,2.7152219159,2.6451061333,2.6451061333,5780,0.0,0.0,0.0,0.0,0.0,0.0,0.0,0.0,,,,,,,,,,,,,,,,,,,,,,,,,"rgba(239, 83, 80, 1.0)"
2022-04-06 00:00:00+00:00,2.6587528292,2.7105161587,2.6493413148,2.7105161587,12184,0.0,0.0,0.0,0.0,0.0,0.0,0.0,0.0,,,,,,,,,,,,,,,,,,,,,,,,,"rgba(239, 83, 80, 0.75)"
2022-04-07 00:00:00+00:00,2.654047072,2.6634585865,2.642941485,2.6587528292,4404,0.0,0.0,0.0,0.0,0.0,0.0,0.0,0.0,,,,,,,,,,,,,,,,,,,,,,,,,"rgba(239, 83, 80, 0.75)"
2022-04-08 00:00:00+00:00,2.6869873726,2.7011046442,2.6634585865,2.6634585865,4886,0.0,0.0,0.0,0.0,0.0,0.0,0.0,0.0,,,,,,,,,,,,,,,,,,,,,,,,,"rgba(239, 83, 80, 0.75)"
2022-04-11 00:00:00+00:00,2.6727759858,2.9081579619,2.6352240431,2.9081579619,23607,0.0,0.0,0.0,0.0,0.0,0.0,0.0,0.0,,,,,,,,,,,,,,,,,,,,,,,,,"rgba(239, 83, 80, 0.75)"
2022-04-12 00:00:00+00:00,2.6822816153,2.7293391875,2.654047072,2.698667062,10708,0.0,0.0,0.0,0.0,0.0,0.0,0.0,0.0,,,,,,,,,,,,,,,,,,,,,,,,,"rgba(239, 83, 80, 0.75)"
2022-04-13 00:00:00+00:00,2.6869873726,2.6869873726,2.6634585865,2.6822722038,9454,0.0,0.0,0.0,0.0,0.0,0.0,0.0,0.0,,,,,,,,,,,,,,,,,,,,,,,,,"rgba(239, 83, 80, 0.75)"
2022-04-14 00:00:00+00:00,2.6939518932,2.7293391875,2.6916931298,2.7293391875,5313,0.0,0.0,0.0,0.0,0.0,0.0,0.0,0.0,,,,,,,,,,,,,,,,,,,,,,,,,"rgba(239, 83, 80, 0.75)"
2022-04-18 00:00:00+00:00,2.6446355576,2.7105161587,2.6258125287,2.6352240431,27481,0.0,0.0,0.0,0.0,0.0,0.0,0.0,0.0,,,,,,,,,,,,,,,,,,,,,,,,,"rgba(239, 83, 80, 1.0)"
2022-04-19 00:00:00+00:00,2.6728701009,2.6916931298,2.6634585865,2.6916931298,13092,0.0,0.0,0.0,0.0,0.0,0.0,0.0,0.0,,,,,,,,,,,,,,,,,,,,,,,,,"rgba(239, 83, 80, 1.0)"
2022-04-20 00:00:00+00:00,2.7011046442,2.7011046442,2.6822816153,2.6916931298,2380,0.0,0.0,0.0,0.0,0.0,0.0,0.0,0.0,,,,,,,,,,,,,,,,,,,,,,,,,"rgba(239, 83, 80, 0.75)"
2022-04-21 00:00:00+00:00,2.6733406766,2.7123984615,2.6634585865,2.7123984615,13539,0.0,0.0,0.0,0.0,0.0,0.0,0.0,0.0,,,,,,,,,,,,,,,,,,,,,,,,,"rgba(239, 83, 80, 0.75)"
2022-04-22 00:00:00+00:00,2.6634585865,2.6691054951,2.6596939807,2.6681643437,12654,0.0,0.0,0.0,0.0,0.0,0.0,0.0,0.0,,,,,,,,,,,,,,,,,,,,,,,,,"rgba(239, 83, 80, 0.75)"
2022-04-25 00:00:00+00:00,2.6164010143,2.654047072,2.5975779854,2.654047072,29336,0.0,0.0,0.0,0.0,0.0,0.0,0.0,0.0,,,,,,,,,,,,,,,,,,,,,,,,,"rgba(239, 83, 80, 1.0)"
2022-04-26 00:00:00+00:00,2.6164010143,2.6352240431,2.6069894998,2.6352240431,29336,0.0,0.0,0.0,0.0,0.0,0.0,0.0,0.0,,,,,,,,,,,,,,,,,,,,,,,,,"rgba(239, 83, 80, 1.0)"
2022-04-27 00:00:00+00:00,2.6069894998,2.6352240431,2.6069894998,2.6164010143,36560,0.0,0.0,0.0,0.0,0.0,0.0,0.0,0.0,,,,,,,,,,,,,,,,,,,,,,,,,"rgba(239, 83, 80, 1.0)"
2022-04-28 00:00:00+00:00,2.6164010143,2.6258125287,2.6107541056,2.6164010143,6462,0.0,0.0,0.0,0.0,0.0,0.0,0.0,0.0,,,,,,,,,,,,,,,,,,,,,,,,,"rgba(239, 83, 80, 1.0)"
2022-04-29 00:00:00+00:00,2.5693434421,2.6446355576,2.5411088987,2.6333417403,19765,0.0,0.0,0.0,0.0,0.0,0.0,0.0,0.0,,,,,,,,,,,,,,,,,,,,,,,,,"rgba(239, 83, 80, 1.0)"
2022-05-02 00:00:00+00:00,2.5599319276,2.5787549565,2.5316973843,2.5787549565,2730,0.0,0.0,0.0,0.0,0.0,0.0,0.0,0.0,,,,,,,,,,,,,,,,,,,,,,,,,"rgba(239, 83, 80, 1.0)"
2022-05-03 00:00:00+00:00,2.5505204132,2.6258125287,2.5316973843,2.5586143156,7826,0.0,0.0,0.0,0.0,0.0,0.0,0.0,0.0,,,,,,,,,,,,,,,,,,,,,,,,,"rgba(239, 83, 80, 1.0)"
2022-05-04 00:00:00+00:00,2.5740491993,2.6069894998,2.5505204132,2.5599319276,7147,0.0,0.0,0.0,0.0,0.0,0.0,0.0,0.0,,,,,,,,,,,,,,,,,,,,,,,,,"rgba(239, 83, 80, 1.0)"
2022-05-05 00:00:00+00:00,2.5429912016,2.5599319276,2.5222858699,2.5599319276,7466,0.0,0.0,0.0,0.0,0.0,0.0,0.0,0.0,,,,,,,,,,,,,,,,,,,,,,,,,"rgba(239, 83, 80, 1.0)"
2022-05-06 00:00:00+00:00,2.5411088987,2.5411088987,2.4261754844,2.5222858699,36433,0.0,0.0,0.0,0.0,0.0,0.0,0.0,0.0,,,,,,,,,,,,,,,,,,,,,,,,,"rgba(239, 83, 80, 1.0)"
2022-05-09 00:00:00+00:00,2.4625227532,2.4921690237,2.032887119,2.1646483212,17366,0.0,0.0,0.0,0.0,0.0,0.0,0.0,0.0,,,,,,,,,,,,,,,,,,,,,,,,,"rgba(239, 83, 80, 1.0)"
2022-05-10 00:00:00+00:00,2.4658167832,2.503462841,2.4508496518,2.503462841,4851,0.0,0.0,0.0,0.0,0.0,0.0,0.0,0.0,,,,,,,,,,,,,,,,,,,,,,,,,"rgba(239, 83, 80, 1.0)"
2022-05-11 00:00:00+00:00,2.5316973843,2.5411088987,2.4752282977,2.4816751851,5775,0.0,0.0,0.0,0.0,0.0,0.0,0.0,0.0,,,,,,,,,,,,,,,,,,,,,,,,,"rgba(239, 83, 80, 0.75)"
2022-05-12 00:00:00+00:00,2.4799340549,2.5316973843,2.4469937543,2.4564052688,9421,0.0,0.0,0.0,0.0,0.0,0.0,0.0,0.0,,,,,,,,,,,,,,,,,,,,,,,,,"rgba(239, 83, 80, 0.75)"
2022-05-13 00:00:00+00:00,2.3980538793,2.4093476966,2.2822922516,2.2822922516,11483,0.0,0.0,0.0,0.0,0.0,0.0,0.0,0.0,,,,,,,,,,,,,,,,,,,,,,,,,"rgba(239, 83, 80, 0.75)"
2022-05-16 00:00:00+00:00,2.3999361821,2.4394645428,2.3481728527,2.3481728527,7214,0.0,0.0,0.0,0.0,0.0,0.0,0.0,0.0,,,,,,,,,,,,,,,,,,,,,,,,,"rgba(239, 83, 80, 0.75)"
2022-05-17 00:00:00+00:00,2.3528786099,2.4469937543,2.3340555811,2.4469937543,34402,0.0,0.0,0.0,0.0,0.0,0.0,0.0,0.0,,,,,,,,,,,,,,,,,,,,,,,,,"rgba(239, 83, 80, 1.0)"
2022-05-18 00:00:00+00:00,2.2022943789,2.2540577083,2.2022943789,2.2113764903,5132,0.0,0.0,0.0,0.0,0.0,0.0,0.0,0.0,,,,,,,,,,,,,,,,,,,,,,,,,"rgba(239, 83, 80, 1.0)"
2022-05-19 00:00:00+00:00,2.2305289222,2.2305289222,2.1815890471,2.2022943789,13137,0.0,0.0,0.0,0.0,0.0,0.0,0.0,0.0,,,,,,,,,,,,,,,,,,,,,,,,,"rgba(239, 83, 80, 1.0)"
2022-05-20 00:00:00+00:00,2.1975886217,2.2070001361,2.117590749,2.2022943789,18465,0.0,0.0,0.0,0.0,0.0,0.0,0.0,0.0,,,,,,,,,,,,,,,,,,,,,,,,,"rgba(239, 83, 80, 1.0)"
2022-05-23 00:00:00+00:00,2.2587634655,2.3811131533,2.2493519511,2.2493519511,3275,0.0,0.0,0.0,0.0,0.0,0.0,0.0,0.0,,,,,,,,,,,,,,,,,,,,,,,,,"rgba(239, 83, 80, 1.0)"
2022-05-24 00:00:00+00:00,2.2211174078,2.26817498,2.2117058933,2.2117058933,31869,0.0,0.0,0.0,0.0,0.0,0.0,0.0,0.0,,,,,,,,,,,,,,,,,,,,,,,,,"rgba(239, 83, 80, 0.75)"
2022-05-25 00:00:00+00:00,2.2587634655,2.3152325522,2.2305289222,2.2305289222,5470,0.0,0.0,0.0,0.0,0.0,0.0,0.0,0.0,,,,,,,,,,,,,,,,,,,,,,,,,"rgba(239, 83, 80, 0.75)"
2022-05-26 00:00:00+00:00,2.3246440666,2.3622901244,2.26817498,2.3152325522,16651,0.0,0.0,0.0,0.0,0.0,0.0,0.0,0.0,,,,,,,,,,,,,,,,,,,,,,,,,"rgba(239, 83, 80, 0.75)"
2022-05-27 00:00:00+00:00,2.3622901244,2.3735745302,2.3340555811,2.3622901244,25992,0.0,0.0,0.0,0.0,0.0,0.0,0.0,0.0,,,,,,,,,,,,,,,,,,,,,,,,,"rgba(239, 83, 80, 0.5)"
2022-05-31 00:00:00+00:00,2.2869980089,2.3434670955,2.2740571765,2.2771065072,20205,0.0,0.0,0.0,0.0,0.0,0.0,0.0,0.0,,,,,,,,,,,,,,,,,,,,,,,,,"rgba(239, 83, 80, 0.5)"
2022-06-01 00:00:00+00:00,2.3999361821,2.3999361821,2.2869980089,2.2869980089,2850,0.0,0.0,0.0,0.0,0.0,0.0,0.0,0.0,,,,,,,,,,,,,,,,,,,,,,,,,"rgba(239, 83, 80, 0.5)"
2022-06-02 00:00:00+00:00,2.3340555811,2.3717016388,2.3011152805,2.3528786099,25670,0.0,0.0,0.0,0.0,0.0,0.0,0.0,0.0,,,,,,,,,,,,,,,,,,,,,,,,,"rgba(239, 83, 80, 0.5)"
2022-06-03 00:00:00+00:00,2.3340555811,2.3340555811,2.3340555811,2.3340555811,40,0.0,0.0,0.0,0.0,0.0,0.0,0.0,0.0,,,,,,,,,,,,,,,,,,,,,,,,,"rgba(239, 83, 80, 0.5)"
2022-06-06 00:00:00+00:00,2.4469937543,2.4846398121,2.3717016388,2.4348623122,74870,0.0,0.0,0.0,0.0,0.0,0.0,0.0,0.0,,,,,,,,,,,,,,,,,,,,,,,,,#000000
2022-06-07 00:00:00+00:00,2.4469937543,2.4846398121,2.3811131533,2.4846398121,28139,0.0,0.0,0.0,0.0,0.0,0.0,0.0,0.0,,,,,,,,,,,,,,,,,,,,,,,,,"rgba(38, 166, 154, 1.0)"
2022-06-08 00:00:00+00:00,2.3528786099,2.4564052688,2.3528786099,2.4375822399,33827,0.0,0.0,0.0,0.0,0.0,0.0,0.0,0.0,,,,,,,,,,,,,,,,,,,,,,,,,#000000
2022-06-09 00:00:00+00:00,2.3622901244,2.3905246677,2.3622901244,2.3858189105,6300,0.0,0.0,0.0,0.0,0.0,0.0,0.0,0.0,,,,,,,,,,,,,,,,,,,,,,,,,#000000
2022-06-10 00:00:00+00:00,2.3811131533,2.3811131533,2.3455376287,2.3528786099,5113,0.0,0.0,0.0,0.0,0.0,0.0,0.0,0.0,,,,,,,,,,,,,,,,,,,,,,,,,#000000
2022-06-13 00:00:00+00:00,2.3246440666,2.3669958816,2.3152325522,2.3528786099,19353,0.0,0.0,0.0,0.0,0.0,0.0,0.0,0.0,,,,,,,,,,,,,,,,,,,,,,,,,#000000
2022-06-14 00:00:00+00:00,2.2700572829,2.2926449175,2.2587634655,2.2587634655,12441,0.0,0.0,0.0,0.0,0.0,0.0,0.0,0.0,,,,,,,,,,,,,,,,,,,,,,,,,"rgba(239, 83, 80, 0.5)"
2022-06-15 00:00:00+00:00,2.2587634655,2.2617751502,2.2305289222,2.2587634655,12798,0.0,0.0,0.0,0.0,0.0,0.0,0.0,0.0,,,,,,,,,,,,,,,,,,,,,,,,,"rgba(239, 83, 80, 0.5)"
2022-06-16 00:00:00+00:00,2.2117058933,2.2493519511,2.2022943789,2.2352346794,7320,0.0,0.0,0.0,0.0,0.0,0.0,0.0,0.0,,,,,,,,,,,,,,,,,,,,,,,,,"rgba(239, 83, 80, 0.5)"
2022-06-17 00:00:00+00:00,2.1928828645,2.2022943789,2.1646483212,2.2022943789,8831,0.0,0.0,0.0,0.0,0.0,0.0,0.0,0.0,,,,,,,,,,,,,,,,,,,,,,,,,"rgba(239, 83, 80, 0.5)"
2022-06-21 00:00:00+00:00,2.18347135,2.2305289222,2.1684129269,2.1959613708,10186,0.0,0.0,0.0,0.0,0.0,0.0,0.0,0.0,,,,,,,,,,,,,,,,,,,,,,,,,"rgba(239, 83, 80, 0.5)"
2022-06-22 00:00:00+00:00,2.1646483212,2.1646483212,2.1646483212,2.1646483212,1424,0.0,0.0,0.0,0.0,0.0,0.0,0.0,0.0,,,,,,,,,,,,,,,,,,,,,,,,,"rgba(239, 83, 80, 0.5)"
2022-06-23 00:00:00+00:00,2.0611216623,2.1684129269,2.0611216623,2.1684129269,7944,0.0,0.0,0.0,0.0,0.0,0.0,0.0,0.0,,,,,,,,,,,,,,,,,,,,,,,,,"rgba(239, 83, 80, 1.0)"
2022-06-24 00:00:00+00:00,2.1657777029,2.1928828645,2.0799446912,2.0987677201,11900,0.0,0.0,0.0,0.0,0.0,0.0,0.0,0.0,,,,,,,,,,,,,,,,,,,,,,,,,"rgba(239, 83, 80, 1.0)"
2022-06-27 00:00:00+00:00,2.1270022634,2.2117058933,2.1034734773,2.1517639579,11269,0.0,0.0,0.0,0.0,0.0,0.0,0.0,0.0,,,,,,,,,,,,,,,,,,,,,,,,,"rgba(239, 83, 80, 0.5)"
2022-06-28 00:00:00+00:00,2.1128849917,2.1420606865,2.0804152669,2.1420606865,1100,0.0,0.0,0.0,0.0,0.0,0.0,0.0,0.0,,,,,,,,,,,,,,,,,,,,,,,,,"rgba(239, 83, 80, 0.5)"
2022-06-29 00:00:00+00:00,2.0799446912,2.108169823,2.0705331768,2.0799446912,31448,0.0,0.0,0.0,0.0,0.0,0.0,0.0,0.0,,,,,,,,,,,,,,,,,,,,,,,,,"rgba(239, 83, 80, 0.75)"
2022-06-30 00:00:00+00:00,2.1270022634,2.1270022634,2.0517101479,2.0611216623,5241,0.0,0.0,0.0,0.0,0.0,0.0,0.0,0.0,,,,,,,,,,,,,,,,,,,,,,,,,"rgba(239, 83, 80, 0.5)"
2022-07-01 00:00:00+00:00,2.1081792345,2.1081792345,2.0234756046,2.0705331768,6777,0.0,0.0,0.0,0.0,0.0,0.0,0.0,0.0,,,,,,,,,,,,,,,,,,,,,,,,,"rgba(239, 83, 80, 0.5)"
2022-07-05 00:00:00+00:00,2.0422986334,2.0705331768,2.032887119,2.0705331768,20556,0.0,0.0,0.0,0.0,0.0,0.0,0.0,0.0,,,,,,,,,,,,,,,,,,,,,,,,,"rgba(239, 83, 80, 0.5)"
2022-07-06 00:00:00+00:00,2.0705331768,2.0705331768,2.0239461803,2.032887119,1998,0.0,0.0,0.0,0.0,0.0,0.0,0.0,0.0,,,,,,,,,,,,,,,,,,,,,,,,,"rgba(239, 83, 80, 0.5)"
2022-07-07 00:00:00+00:00,2.0705331768,2.1251199605,2.0705331768,2.075238934,8850,0.0,0.0,0.0,0.0,0.0,0.0,0.0,0.0,,,,,,,,,,,,,,,,,,,,,,,,,"rgba(239, 83, 80, 0.5)"
2022-07-08 00:00:00+00:00,2.0611216623,2.0799446912,2.0611216623,2.061592238,7664,0.0,0.0,0.0,0.0,0.0,0.0,0.0,0.0,,,,,,,,,,,,,,,,,,,,,,,,,"rgba(239, 83, 80, 0.5)"
2022-07-11 00:00:00+00:00,2.0893562056,2.117590749,2.0893562056,2.117590749,3220,0.0,0.0,0.0,0.0,0.0,0.0,0.0,0.0,,,,,,,,,,,,,,,,,,,,,,,,,"rgba(239, 83, 80, 0.5)"
2022-07-12 00:00:00+00:00,2.0893562056,2.0987677201,2.0893562056,2.0987677201,6680,0.0,0.0,0.0,0.0,0.0,0.0,0.0,0.0,,,,,,,,,,,,,,,,,,,,,,,,,"rgba(239, 83, 80, 0.5)"
2022-07-13 00:00:00+00:00,2.0705331768,2.1326491721,2.061592238,2.1081792345,11111,0.0,0.0,0.0,0.0,0.0,0.0,0.0,0.0,,,,,,,,,,,,,,,,,,,,,,,,,"rgba(239, 83, 80, 0.5)"
2022-07-14 00:00:00+00:00,2.0046525757,2.0705331768,2.0046525757,2.0611216623,4004,0.0,0.0,0.0,0.0,0.0,0.0,0.0,0.0,,,,,,,,,,,,,,,,,,,,,,,,,"rgba(239, 83, 80, 0.5)"
2022-07-15 00:00:00+00:00,2.032887119,2.0422986334,2.0046525757,2.0234756046,34600,0.0,0.0,0.0,0.0,0.0,0.0,0.0,0.0,,,,,,,,,,,,,,,,,,,,,,,,,"rgba(239, 83, 80, 0.5)"
2022-07-18 00:00:00+00:00,2.0611216623,2.0611216623,2.0517101479,2.0517101479,6550,0.0,0.0,0.0,0.0,0.0,0.0,0.0,0.0,,,,,,,,,,,,,,,,,,,,,,,,,"rgba(239, 83, 80, 0.5)"
2022-07-19 00:00:00+00:00,2.0705331768,2.0987677201,2.0611216623,2.0611216623,9391,0.0,0.0,0.0,0.0,0.0,0.0,0.0,0.0,,,,,,,,,,,,,,,,,,,,,,,,,"rgba(239, 83, 80, 0.5)"
2022-07-20 00:00:00+00:00,2.0234756046,2.0761706739,2.0187698473,2.0705331768,19751,0.0,0.0,0.0,0.0,0.0,0.0,0.0,0.0,,,,,,,,,,,,,,,,,,,,,,,,,"rgba(239, 83, 80, 0.5)"
2022-07-21 00:00:00+00:00,1.9858295468,2.032887119,1.9858295468,2.032887119,14558,0.0,0.0,0.0,0.0,0.0,0.0,0.0,0.0,,,,,,,,,,,,,,,,,,,,,,,,,"rgba(239, 83, 80, 0.5)"
2022-07-22 00:00:00+00:00,2.0517101479,2.0517101479,1.9773591838,1.9952410612,6928,0.0,0.0,0.0,0.0,0.0,0.0,0.0,0.0,,,,,,,,,,,,,,,,,,,,,,,,,"rgba(239, 83, 80, 0.5)"
2022-07-25 00:00:00+00:00,2.0940619629,2.117590749,2.0799446912,2.117590749,3425,0.0,0.0,0.0,0.0,0.0,0.0,0.0,0.0,,,,,,,,,,,,,,,,,,,,,,,,,"rgba(239, 83, 80, 0.5)"
2022-07-26 00:00:00+00:00,2.0987677201,2.0987677201,2.0912385085,2.0912385085,2666,0.0,0.0,0.0,0.0,0.0,0.0,0.0,0.0,,,,,,,,,,,,,,,,,,,,,,,,,#000000
2022-07-27 00:00:00+00:00,2.0564159051,2.0893562056,2.0564159051,2.0893562056,975,0.0,0.0,0.0,0.0,0.0,0.0,0.0,0.0,,,,,,,,,,,,,,,,,,,,,,,,,#000000
2022-07-28 00:00:00+00:00,2.1174495762,2.1174495762,1.9575950035,1.9575950035,4036,0.0,0.0,0.0,0.0,0.0,0.0,0.0,0.0,,,,,,,,,,,,,,,,,,,,,,,,,#000000
2022-07-29 00:00:00+00:00,2.1128849917,2.117590749,2.1062969316,2.117590749,1281,0.0,0.0,0.0,0.0,0.0,0.0,0.0,0.0,,,,,,,,,,,,,,,,,,,,,,,,,#000000
2022-08-01 00:00:00+00:00,2.18347135,2.18347135,1.9575950035,2.117590749,5901,0.0,0.0,0.0,0.0,0.0,0.0,0.0,0.0,,,,,,,,,,,,,,,,,,,,,,,,,"rgba(38, 166, 154, 1.0)"
2022-08-02 00:00:00+00:00,2.066768571,2.0705331768,2.0658274195,2.0686508739,4761,0.0,0.0,0.0,0.0,0.0,0.0,0.0,0.0,,,,,,,,,,,,,,,,,,,,,,,,,"rgba(38, 166, 154, 1.0)"
2022-08-03 00:00:00+00:00,2.0987677201,2.0987677201,2.0611216623,2.0611216623,7475,0.0,0.0,0.0,0.0,0.0,0.0,0.0,0.0,,,,,,,,,,,,,,,,,,,,,,,,,#000000
2022-08-04 00:00:00+00:00,2.0517101479,2.0794741155,2.032887119,2.0375928762,7812,0.0,0.0,0.0,0.0,0.0,0.0,0.0,0.0,,,,,,,,,,,,,,,,,,,,,,,,,#000000
2022-08-05 00:00:00+00:00,2.0517101479,2.0517101479,2.0234756046,2.0234756046,2430,0.0,0.0,0.0,0.0,0.0,0.0,0.0,0.0,,,,,,,,,,,,,,,,,,,,,,,,,#000000
2022-08-08 00:00:00+00:00,2.0517101479,2.0742977825,2.0517101479,2.0611216623,3725,0.0,0.0,0.0,0.0,0.0,0.0,0.0,0.0,,,,,,,,,,,,,,,,,,,,,,,,,#000000
2022-08-09 00:00:00+00:00,2.1081792345,2.1270022634,2.0799446912,2.1227200243,31236,0.0,0.0,0.0,0.0,0.0,0.0,0.0,0.0,,,,,,,,,,,,,,,,,,,,,,,,,#000000
2022-08-10 00:00:00+00:00,2.1081792345,2.1081792345,2.0517101479,2.0645945111,18142,0.0,0.0,0.0,0.0,0.0,0.0,0.0,0.0,,,,,,,,,,,,,,,,,,,,,,,,,#000000
2022-08-11 00:00:00+00:00,2.1270022634,2.1458252923,2.0987677201,2.0987677201,8343,0.0,0.0,0.0,0.0,0.0,0.0,0.0,0.0,,,,,,,,,,,,,,,,,,,,,,,,,"rgba(38, 166, 154, 1.0)"
2022-08-12 00:00:00+00:00,2.1270022634,2.1364137778,2.1100615374,2.1364137778,4641,0.0,0.0,0.0,0.0,0.0,0.0,0.0,0.0,,,,,,,,,,,,,,,,,,,,,,,,,"rgba(38, 166, 154, 1.0)"
2022-08-15 00:00:00+00:00,2.0940619629,2.117590749,2.0940619629,2.117590749,12278,0.0,0.0,0.0,0.0,0.0,0.0,0.0,0.0,,,,,,,,,,,,,,,,,,,,,,,,,#000000
2022-08-16 00:00:00+00:00,2.1458252923,2.1966474702,2.0705331768,2.1966474702,18822,0.0,0.0,0.0,0.0,0.0,0.0,0.0,0.0,,,,,,,,,,,,,,,,,,,,,,,,,"rgba(38, 166, 154, 1.0)"
2022-08-17 00:00:00+00:00,2.0893562056,2.1364137778,2.0799446912,2.1364137778,8415,0.0,0.0,0.0,0.0,0.0,0.0,0.0,0.0,,,,,,,,,,,,,,,,,,,,,,,,,#000000
2022-08-18 00:00:00+00:00,2.1364137778,2.1740598356,2.1364137778,2.1740598356,3067,0.0,0.0,0.0,0.0,0.0,0.0,0.0,0.0,,,,,,,,,,,,,,,,,,,,,,,,,"rgba(38, 166, 154, 1.0)"
2022-08-19 00:00:00+00:00,2.2022943789,2.2493519511,2.2022943789,2.2022943789,2933,0.0,0.0,0.0,0.0,0.0,0.0,0.0,0.0,,,,,,,,,,,,,,,,,,,,,,,,,"rgba(38, 166, 154, 1.0)"
2022-08-22 00:00:00+00:00,2.1740598356,2.1928828645,2.1740598356,2.18347135,4195,0.0,0.0,0.0,0.0,0.0,0.0,0.0,0.0,,,,,,,,,,,,,,,,,,,,,,,,,"rgba(38, 166, 154, 1.0)"
2022-08-23 00:00:00+00:00,2.2022943789,2.2022943789,2.1595378688,2.1595378688,1543,0.0,0.0,0.0,0.0,0.0,0.0,0.0,0.0,,,,,,,,,,,,,,,,,,,,,,,,,"rgba(38, 166, 154, 1.0)"
2022-08-24 00:00:00+00:00,2.1660600483,2.2007603021,2.1660600483,2.2007603021,1601,0.0,0.0,0.0,0.0,0.0,0.0,0.0,0.0,,,,,,,,,,,,,,,,,,,,,,,,,"rgba(38, 166, 154, 1.0)"
2022-08-25 00:00:00+00:00,2.1458252923,2.2022943789,2.1439429894,2.2022943789,17146,0.0,0.0,0.0,0.0,0.0,0.0,0.0,0.0,,,,,,,,,,,,,,,,,,,,,,,,,"rgba(38, 166, 154, 0.75)"
2022-08-26 00:00:00+00:00,2.1345220634,2.1345220634,2.1345220634,2.1345220634,510,0.0,0.0,0.0,0.0,0.0,0.0,0.0,0.0,,,,,,,,,,,,,,,,,,,,,,,,,"rgba(38, 166, 154, 0.75)"
2022-08-29 00:00:00+00:00,2.1787655928,2.18347135,2.1251199605,2.1251199605,951,0.0,0.0,0.0,0.0,0.0,0.0,0.0,0.0,,,,,,,,,,,,,,,,,,,,,,,,,"rgba(38, 166, 154, 0.75)"
2022-08-30 00:00:00+00:00,2.1740598356,2.1928828645,2.1740598356,2.1928828645,793,0.0,0.0,0.0,0.0,0.0,0.0,0.0,0.0,,,,,,,,,,,,,,,,,,,,,,,,,"rgba(38, 166, 154, 0.75)"
2022-08-31 00:00:00+00:00,2.1787561813,2.1928828645,2.1599425639,2.1599425639,7650,0.0,0.0,0.0,0.0,0.0,0.0,0.0,0.0,,,,,,,,,,,,,,,,,,,,,,,,,"rgba(38, 166, 154, 0.75)"
2022-09-01 00:00:00+00:00,2.1382866692,2.1740598356,2.1345220634,2.1552368067,11381,0.0,0.0,0.0,0.0,0.0,0.0,0.0,0.0,,,,,,,,,,,,,,,,,,,,,,,,,"rgba(38, 166, 154, 0.75)"
2022-09-02 00:00:00+00:00,2.1411195351,2.1702952298,2.1270022634,2.1702952298,4475,0.0,0.0,0.0,0.0,0.0,0.0,0.0,0.0,,,,,,,,,,,,,,,,,,,,,,,,,#000000
2022-09-06 00:00:00+00:00,2.117590749,2.1646483212,2.117590749,2.1646483212,3954,0.0,0.0,0.0,0.0,0.0,0.0,0.0,0.0,,,,,,,,,,,,,,,,,,,,,,,,,#000000
2022-09-07 00:00:00+00:00,2.1364137778,2.1458252923,2.117590749,2.1458252923,1107,0.0,0.0,0.0,0.0,0.0,0.0,0.0,0.0,,,,,,,,,,,,,,,,,,,,,,,,,#000000
2022-09-08 00:00:00+00:00,2.1552368067,2.1646483212,2.1086498102,2.117590749,6227,0.0,0.0,0.0,0.0,0.0,0.0,0.0,0.0,,,,,,,,,,,,,,,,,,,,,,,,,#000000
2022-09-09 00:00:00+00:00,2.1627660183,2.2117058933,2.1364137778,2.2117058933,9242,0.0,0.0,0.0,0.0,0.0,0.0,0.0,0.0,,,,,,,,,,,,,,,,,,,,,,,,,#000000
2022-09-12 00:00:00+00:00,2.1688740911,2.2117058933,2.1688740911,2.1740598356,1919,0.0,0.0,0.0,0.0,0.0,0.0,0.0,0.0,,,,,,,,,,,,,,,,,,,,,,,,,"rgba(38, 166, 154, 1.0)"
2022-09-13 00:00:00+00:00,2.1646483212,2.1646483212,2.1458252923,2.1458252923,3095,0.0,0.0,0.0,0.0,0.0,0.0,0.0,0.0,,,,,,,,,,,,,,,,,,,,,,,,,"rgba(38, 166, 154, 1.0)"
2022-09-14 00:00:00+00:00,2.1519427767,2.1542862438,2.1458252923,2.1458252923,1637,0.0,0.0,0.0,0.0,0.0,0.0,0.0,0.0,,,,,,,,,,,,,,,,,,,,,,,,,#000000
2022-09-15 00:00:00+00:00,2.1552368067,2.1740598356,2.1364137778,2.1552368067,19443,0.0,0.0,0.0,0.0,0.0,0.0,0.0,0.0,,,,,,,,,,,,,,,,,,,,,,,,,#000000
2022-09-16 00:00:00+00:00,2.1740598356,2.2399404367,2.1740598356,2.2361758309,6974,0.0,0.0,0.0,0.0,0.0,0.0,0.0,0.0,,,,,,,,,,,,,,,,,,,,,,,,,"rgba(38, 166, 154, 1.0)"
2022-09-19 00:00:00+00:00,2.1128849917,2.1364137778,2.109120386,2.1190024761,4424,0.0,0.0,0.0,0.0,0.0,0.0,0.0,0.0,,,,,,,,,,,,,,,,,,,,,,,,,#000000
2022-09-20 00:00:00+00:00,2.1740598356,2.1928828645,2.1119438403,2.1133555675,16162,0.0,0.0,0.0,0.0,0.0,0.0,0.0,0.0,,,,,,,,,,,,,,,,,,,,,,,,,#000000
2022-09-21 00:00:00+00:00,2.2305289222,2.258754054,2.1928828645,2.2399404367,9130,0.0,0.0,0.0,0.0,0.0,0.0,0.0,0.0,,,,,,,,,,,,,,,,,,,,,,,,,"rgba(38, 166, 154, 1.0)"
2022-09-22 00:00:00+00:00,2.2399404367,2.2399404367,2.2211174078,2.2248820136,1600,0.0,0.0,0.0,0.0,0.0,0.0,0.0,0.0,,,,,,,,,,,,,,,,,,,,,,,,,"rgba(38, 166, 154, 1.0)"
2022-09-23 00:00:00+00:00,2.1646483212,2.1928828645,2.1646483212,2.1928828645,16346,0.0,0.0,0.0,0.0,0.0,0.0,0.0,0.0,,,,,,,,,,,,,,,,,,,,,,,,,"rgba(38, 166, 154, 0.75)"
2022-09-26 00:00:00+00:00,2.0150052416,2.1552368067,2.0079466057,2.1081792345,27224,0.0,0.0,0.0,0.0,0.0,0.0,0.0,0.0,,,,,,,,,,,,,,,,,,,,,,,,,#000000
2022-09-27 00:00:00+00:00,2.0799446912,2.0799446912,2.0234756046,2.0611216623,7663,0.0,0.0,0.0,0.0,0.0,0.0,0.0,0.0,,,,,,,,,,,,,,,,,,,,,,,,,"rgba(239, 83, 80, 1.0)"
2022-09-28 00:00:00+00:00,2.1458252923,2.1458252923,2.1317080206,2.1317080206,1352,0.0,0.0,0.0,0.0,0.0,0.0,0.0,0.0,,,,,,,,,,,,,,,,,,,,,,,,,#000000
2022-09-29 00:00:00+00:00,2.0860621756,2.0860621756,2.0860621756,2.0860621756,402,0.0,0.0,0.0,0.0,0.0,0.0,0.0,0.0,,,,,,,,,,,,,,,,,,,,,,,,,"rgba(239, 83, 80, 1.0)"
2022-09-30 00:00:00+00:00,2.0046525757,2.0682744133,1.9764180324,2.0441809363,7057,0.0,0.0,0.0,0.0,0.0,0.0,0.0,0.0,,,,,,,,,,,,,,,,,,,,,,,,,"rgba(239, 83, 80, 1.0)"
2022-10-03 00:00:00+00:00,2.0291225132,2.0517101479,2.0046525757,2.0234756046,5738,0.0,0.0,0.0,0.0,0.0,0.0,0.0,0.0,,,,,,,,,,,,,,,,,,,,,,,,,"rgba(239, 83, 80, 1.0)"
2022-10-04 00:00:00+00:00,2.0940619629,2.0940619629,2.0234756046,2.0422986334,8793,0.0,0.0,0.0,0.0,0.0,0.0,0.0,0.0,,,,,,,,,,,,,,,,,,,,,,,,,"rgba(239, 83, 80, 1.0)"
2022-10-05 00:00:00+00:00,2.0422986334,2.0987677201,2.0422986334,2.0893562056,11971,0.0,0.0,0.0,0.0,0.0,0.0,0.0,0.0,,,,,,,,,,,,,,,,,,,,,,,,,"rgba(239, 83, 80, 1.0)"
2022-10-06 00:00:00+00:00,2.0893562056,2.0893562056,2.0611216623,2.0611216623,4739,0.0,0.0,0.0,0.0,0.0,0.0,0.0,0.0,,,,,,,,,,,,,,,,,,,,,,,,,"rgba(239, 83, 80, 1.0)"
2022-10-07 00:00:00+00:00,2.0630039652,2.1364137778,2.0630039652,2.1081792345,2625,0.0,0.0,0.0,0.0,0.0,0.0,0.0,0.0,,,,,,,,,,,,,,,,,,,,,,,,,"rgba(239, 83, 80, 1.0)"
2022-10-10 00:00:00+00:00,2.5411088987,2.5411088987,2.2540577083,2.4093476966,149350,0.0,0.0,0.0,0.0,0.0,0.0,0.0,0.0,,,,,,,,,,,,,,,,,,,,,,,,,"rgba(38, 166, 154, 1.0)"
2022-10-11 00:00:00+00:00,2.1740598356,2.8799234186,1.9952410612,2.7199276731,1367152,0.0,0.0,0.0,0.0,0.0,0.0,0.0,0.0,,,,,,,,,,,,,,,,,,,,,,,,,"rgba(38, 166, 154, 1.0)"
2022-10-12 00:00:00+00:00,2.0140640901,2.0611216623,1.9387719746,1.9670065179,82489,0.0,0.0,0.0,0.0,0.0,0.0,0.0,0.0,,,,,,,,,,,,,,,,,,,,,,,,,#000000
2022-10-13 00:00:00+00:00,2.032887119,2.032887119,1.8917144024,1.948183489,41084,0.0,0.0,0.0,0.0,0.0,0.0,0.0,0.0,,,,,,,,,,,,,,,,,,,,,,,,,#000000
2022-10-14 00:00:00+00:00,1.9387719746,2.0046525757,1.9105374313,2.0046525757,26139,0.0,0.0,0.0,0.0,0.0,0.0,0.0,0.0,,,,,,,,,,,,,,,,,,,,,,,,,"rgba(239, 83, 80, 1.0)"
2022-10-17 00:00:00+00:00,1.9764180324,1.9952410612,1.9105374313,1.9105374313,40212,0.0,0.0,0.0,0.0,0.0,0.0,0.0,0.0,,,,,,,,,,,,,,,,,,,,,,,,,"rgba(239, 83, 80, 1.0)"
2022-10-18 00:00:00+00:00,1.9575950035,2.032887119,1.9434777318,2.032887119,10519,0.0,0.0,0.0,0.0,0.0,0.0,0.0,0.0,,,,,,,,,,,,,,,,,,,,,,,,,"rgba(239, 83, 80, 1.0)"
2022-10-19 00:00:00+00:00,1.9293604602,1.9764180324,1.9105374313,1.9293604602,9654,0.0,0.0,0.0,0.0,0.0,0.0,0.0,0.0,,,,,,,,,,,,,,,,,,,,,,,,,"rgba(239, 83, 80, 1.0)"
2022-10-20 00:00:00+00:00,1.9303016116,2.032887119,1.882302888,1.9293604602,37920,0.0,0.0,0.0,0.0,0.0,0.0,0.0,0.0,,,,,,,,,,,,,,,,,,,,,,,,,"rgba(239, 83, 80, 1.0)"
2022-10-21 00:00:00+00:00,2.0024879274,2.013969975,1.9387719746,1.9387719746,41362,0.0,0.0,0.0,0.0,0.0,0.0,0.0,0.0,,,,,,,,,,,,,,,,,,,,,,,,,"rgba(239, 83, 80, 1.0)"
2022-10-24 00:00:00+00:00,1.9388660897,2.0140640901,1.9106315464,2.0140640901,8909,0.0,0.0,0.0,0.0,0.0,0.0,0.0,0.0,,,,,,,,,,,,,,,,,,,,,,,,,"rgba(239, 83, 80, 1.0)"
2022-10-25 00:00:00+00:00,2.0705331768,2.0705331768,2.0046525757,2.013969975,7197,0.0,0.0,0.0,0.0,0.0,0.0,0.0,0.0,,,,,,,,,,,,,,,,,,,,,,,,,"rgba(239, 83, 80, 0.75)"
2022-10-26 00:00:00+00:00,2.075238934,2.2261996256,1.9858295468,2.0826740304,34978,0.0,0.0,0.0,0.0,0.0,0.0,0.0,0.0,,,,,,,,,,,,,,,,,,,,,,,,,#000000
2022-10-27 00:00:00+00:00,2.0611216623,2.0799446912,2.0234756046,2.0422986334,9053,0.0,0.0,0.0,0.0,0.0,0.0,0.0,0.0,,,,,,,,,,,,,,,,,,,,,,,,,#000000
2022-10-28 00:00:00+00:00,2.0517101479,2.0705331768,2.0517101479,2.0517101479,25580,0.0,0.0,0.0,0.0,0.0,0.0,0.0,0.0,,,,,,,,,,,,,,,,,,,,,,,,,#000000
2022-10-31 00:00:00+00:00,2.117590749,2.1270022634,2.0517101479,2.0517101479,15732,0.0,0.0,0.0,0.0,0.0,0.0,0.0,0.0,,,,,,,,,,,,,,,,,,,,,,,,,#000000
2022-11-01 00:00:00+00:00,2.117590749,2.1881771073,2.1081792345,2.1081792345,2153,0.0,0.0,0.0,0.0,0.0,0.0,0.0,0.0,,,,,,,,,,,,,,,,,,,,,,,,,"rgba(38, 166, 154, 1.0)"
2022-11-02 00:00:00+00:00,2.1740598356,2.2540577083,2.117590749,2.117590749,60205,0.0,0.0,0.0,0.0,0.0,0.0,0.0,0.0,,,,,,,,,,,,,,,,,,,,,,,,,"rgba(38, 166, 154, 1.0)"
2022-11-03 00:00:00+00:00,2.26817498,2.26817498,2.1352843961,2.1720834176,9970,0.0,0.0,0.0,0.0,0.0,0.0,0.0,0.0,,,,,,,,,,,,,,,,,,,,,,,,,"rgba(38, 166, 154, 1.0)"
2022-11-04 00:00:00+00:00,2.2117058933,2.2869980089,2.2117058933,2.2869980089,8261,0.0,0.0,0.0,0.0,0.0,0.0,0.0,0.0,,,,,,,,,,,,,,,,,,,,,,,,,"rgba(38, 166, 154, 1.0)"
2022-11-07 00:00:00+00:00,2.2211174078,2.2775864944,2.2022943789,2.2775864944,22618,0.0,0.0,0.0,0.0,0.0,0.0,0.0,0.0,,,,,,,,,,,,,,,,,,,,,,,,,"rgba(38, 166, 154, 1.0)"
2022-11-08 00:00:00+00:00,2.26817498,2.3437494409,2.2211174078,2.2211174078,31560,0.0,0.0,0.0,0.0,0.0,0.0,0.0,0.0,,,,,,,,,,,,,,,,,,,,,,,,,"rgba(38, 166, 154, 1.0)"
2022-11-09 00:00:00+00:00,2.4564052688,2.6519765388,2.287092124,2.3622901244,92056,0.0,0.0,0.0,0.0,0.0,0.0,0.0,0.0,,,,,,,,,,,,,,,,,,,,,,,,,"rgba(38, 166, 154, 1.0)"
2022-11-10 00:00:00+00:00,2.5881664709,2.6258125287,2.4752282977,2.6069894998,25687,0.0,0.0,0.0,0.0,0.0,0.0,0.0,0.0,,,,,,,,,,,,,,,,,,,,,,,,,"rgba(38, 166, 154, 1.0)"
2022-11-11 00:00:00+00:00,2.5175801126,2.6258125287,2.4846398121,2.5599319276,119940,0.0,0.0,0.0,0.0,0.0,0.0,0.0,0.0,,,,,,,,,,,,,,,,,,,,,,,,,"rgba(38, 166, 154, 1.0)"
2022-11-14 00:00:00+00:00,2.4469937543,2.5222858699,2.3727369054,2.5222858699,88112,0.0,0.0,0.0,0.0,0.0,0.0,0.0,0.0,,,,,,,,,,,,,,,,,,,,,,,,,"rgba(38, 166, 154, 1.0)"
2022-11-15 00:00:00+00:00,2.4469937543,2.5411088987,2.3622901244,2.5411088987,22444,0.0,0.0,0.0,0.0,0.0,0.0,0.0,0.0,,,,,,,,,,,,,,,,,,,,,,,,,"rgba(38, 166, 154, 0.75)"
2022-11-16 00:00:00+00:00,2.4469937543,2.6916931298,2.3717016388,2.4564052688,46993,0.0,0.0,0.0,0.0,0.0,0.0,0.0,0.0,,,,,,,,,,,,,,,,,,,,,,,,,"rgba(38, 166, 154, 0.75)"
2022-11-17 00:00:00+00:00,2.3528786099,2.4666638195,2.3059151529,2.4375822399,7781,0.0,0.0,0.0,0.0,0.0,0.0,0.0,0.0,,,,,,,,,,,,,,,,,,,,,,,,,"rgba(38, 166, 154, 0.75)"
2022-11-18 00:00:00+00:00,2.3745250932,2.5693434421,2.3340555811,2.3717016388,20674,0.0,0.0,0.0,0.0,0.0,0.0,0.0,0.0,,,,,,,,,,,,,,,,,,,,,,,,,"rgba(38, 166, 154, 0.75)"
2022-11-21 00:00:00+00:00,2.3717016388,2.5083568285,2.3717016388,2.3811131533,3421,0.0,0.0,0.0,0.0,0.0,0.0,0.0,0.0,,,,,,,,,,,,,,,,,,,,,,,,,"rgba(38, 166, 154, 0.75)"
2022-11-22 00:00:00+00:00,2.3622901244,2.5956015673,2.3622901244,2.3811131533,5249,0.0,0.0,0.0,0.0,0.0,0.0,0.0,0.0,,,,,,,,,,,,,,,,,,,,,,,,,"rgba(38, 166, 154, 0.75)"
2022-11-23 00:00:00+00:00,2.3622901244,2.4660050135,2.3448788227,2.4660050135,4991,0.0,0.0,0.0,0.0,0.0,0.0,0.0,0.0,,,,,,,,,,,,,,,,,,,,,,,,,"rgba(38, 166, 154, 0.75)"
2022-11-25 00:00:00+00:00,2.4375822399,2.4375822399,2.3380084171,2.3380084171,1483,0.0,0.0,0.0,0.0,0.0,0.0,0.0,0.0,,,,,,,,,,,,,,,,,,,,,,,,,"rgba(38, 166, 154, 0.75)"
2022-11-28 00:00:00+00:00,2.3528786099,2.3811131533,2.3246440666,2.3717016388,13988,0.0,0.0,0.0,0.0,0.0,0.0,0.0,0.0,,,,,,,,,,,,,,,,,,,,,,,,,"rgba(38, 166, 154, 0.75)"
2022-11-29 00:00:00+00:00,2.3324556236,2.3340555811,2.3152325522,2.3340555811,3591,0.0,0.0,0.0,0.0,0.0,0.0,0.0,0.0,,,,,,,,,,,,,,,,,,,,,,,,,"rgba(38, 166, 154, 0.5)"
2022-11-30 00:00:00+00:00,2.3340555811,2.5411088987,2.3039387349,2.3039387349,9766,0.0,0.0,0.0,0.0,0.0,0.0,0.0,0.0,,,,,,,,,,,,,,,,,,,,,,,,,#000000
2022-12-01 00:00:00+00:00,2.3293498238,2.3622901244,2.3011152805,2.3434670955,16711,0.0,0.0,0.0,0.0,0.0,0.0,0.0,0.0,,,,,,,,,,,,,,,,,,,,,,,,,#000000
2022-12-02 00:00:00+00:00,2.3717016388,2.4093476966,2.3428082895,2.3622901244,26735,0.0,0.0,0.0,0.0,0.0,0.0,0.0,0.0,,,,,,,,,,,,,,,,,,,,,,,,,#000000
2022-12-05 00:00:00+00:00,2.2964095233,2.3758427052,2.2211174078,2.3434670955,32469,0.0,0.0,0.0,0.0,0.0,0.0,0.0,0.0,,,,,,,,,,,,,,,,,,,,,,,,,#000000
2022-12-06 00:00:00+00:00,2.225823165,2.3528786099,2.1928828645,2.3434670955,17581,0.0,0.0,0.0,0.0,0.0,0.0,0.0,0.0,,,,,,,,,,,,,,,,,,,,,,,,,"rgba(239, 83, 80, 1.0)"
2022-12-07 00:00:00+00:00,2.3340555811,2.3528786099,2.18347135,2.18347135,13831,0.0,0.0,0.0,0.0,0.0,0.0,0.0,0.0,,,,,,,,,,,,,,,,,,,,,,,,,"rgba(239, 83, 80, 1.0)"
2022-12-08 00:00:00+00:00,2.3058210377,2.3528786099,2.3058210377,2.3527844948,2843,0.0,0.0,0.0,0.0,0.0,0.0,0.0,0.0,,,,,,,,,,,,,,,,,,,,,,,,,"rgba(239, 83, 80, 1.0)"
2022-12-09 00:00:00+00:00,2.3058210377,2.3528786099,2.2869980089,2.3528786099,32579,0.0,0.0,0.0,0.0,0.0,0.0,0.0,0.0,,,,,,,,,,,,,,,,,,,,,,,,,#000000
2022-12-12 00:00:00+00:00,2.3340555811,2.3340555811,2.1459194074,2.2964095233,4037,0.0,0.0,0.0,0.0,0.0,0.0,0.0,0.0,,,,,,,,,,,,,,,,,,,,,,,,,#000000
2022-12-13 00:00:00+00:00,2.2305289222,2.3952304249,2.170389345,2.3952304249,7974,0.0,0.0,0.0,0.0,0.0,0.0,0.0,0.0,,,,,,,,,,,,,,,,,,,,,,,,,"rgba(239, 83, 80, 1.0)"
2022-12-14 00:00:00+00:00,2.1646483212,2.3528786099,2.1646483212,2.2211174078,3783,0.0,0.0,0.0,0.0,0.0,0.0,0.0,0.0,,,,,,,,,,,,,,,,,,,,,,,,,"rgba(239, 83, 80, 1.0)"
2022-12-15 00:00:00+00:00,2.1647424363,2.1647424363,2.1646483212,2.1646483212,2604,0.0,0.0,0.0,0.0,0.0,0.0,0.0,0.0,,,,,,,,,,,,,,,,,,,,,,,,,"rgba(239, 83, 80, 1.0)"
2022-12-16 00:00:00+00:00,2.3152325522,2.3944775038,2.1646483212,2.1646483212,10628,0.0,0.0,0.0,0.0,0.0,0.0,0.0,0.0,,,,,,,,,,,,,,,,,,,,,,,,,"rgba(239, 83, 80, 0.75)"
2022-12-19 00:00:00+00:00,2.1646483212,2.2399404367,2.1270022634,2.1928828645,12211,0.0,0.0,0.0,0.0,0.0,0.0,0.0,0.0,,,,,,,,,,,,,,,,,,,,,,,,,"rgba(239, 83, 80, 0.75)"
2022-12-20 00:00:00+00:00,2.1270022634,2.2022943789,2.1270022634,2.1270022634,7815,0.0,0.0,0.0,0.0,0.0,0.0,0.0,0.0,,,,,,,,,,,,,,,,,,,,,,,,,"rgba(239, 83, 80, 0.75)"
2022-12-21 00:00:00+00:00,2.1928828645,2.2587634655,2.1364137778,2.2022943789,6459,0.0,0.0,0.0,0.0,0.0,0.0,0.0,0.0,,,,,,,,,,,,,,,,,,,,,,,,,"rgba(239, 83, 80, 0.75)"
2022-12-22 00:00:00+00:00,2.2568811627,2.2869980089,2.0987677201,2.1458252923,13153,0.0,0.0,0.0,0.0,0.0,0.0,0.0,0.0,,,,,,,,,,,,,,,,,,,,,,,,,"rgba(239, 83, 80, 0.75)"
2022-12-23 00:00:00+00:00,2.26817498,2.26817498,2.1627660183,2.2117058933,5399,0.0,0.0,0.0,0.0,0.0,0.0,0.0,0.0,,,,,,,,,,,,,,,,,,,,,,,,,#000000
2022-12-27 00:00:00+00:00,2.1749068719,2.2869980089,2.1749068719,2.2587634655,7298,0.0,0.0,0.0,0.0,0.0,0.0,0.0,0.0,,,,,,,,,,,,,,,,,,,,,,,,,"rgba(239, 83, 80, 0.75)"
2022-12-28 00:00:00+00:00,1.9858295468,2.1928828645,1.9765121475,2.1928828645,14830,0.0,0.0,0.0,0.0,0.0,0.0,0.0,0.0,,,,,,,,,,,,,,,,,,,,,,,,,"rgba(239, 83, 80, 1.0)"
2022-12-29 00:00:00+00:00,2.1373022248,2.2053770144,1.3823253514,1.3823253514,1304,0.0,0.0,0.0,0.0,0.0,0.0,0.0,0.0,,,,,,,,,,,,,,,,,,,,,,,1.908334863533333,,"rgba(239, 83, 80, 1.0)"
2022-12-30 00:00:00+00:00,2.2060397731,2.2912516098,2.2060397731,2.2060397731,15493,0.0,0.0,0.0,0.0,0.0,0.0,0.0,0.0,,,,,,,,,,,,,,,,,,,,,,,2.2091269390575783,,"rgba(239, 83, 80, 0.75)"
2023-01-03 00:00:00+00:00,2.1965717912,2.2628476642,2.1965717912,2.2628476642,8871,0.0,0.0,0.0,0.0,0.0,0.0,0.0,0.0,,,,,,,,,,,,,,,,,,,,,,,2.2124229122466237,,"rgba(239, 83, 80, 0.75)"
2023-01-04 00:00:00+00:00,2.2720316066,2.3669954647,2.2344437187,2.281783628,4547,0.0,0.0,0.0,0.0,0.0,0.0,0.0,0.0,,,,,,,,,,,,,,,,,,,,,,,2.2242714503477194,,#000000
2023-01-05 00:00:00+00:00,2.2352011572,2.3101875735,2.2249757368,2.3100928937,7189,0.0,0.0,0.0,0.0,0.0,0.0,0.0,0.0,,,,,,,,,,,,,,,,,,,,,,,2.230521118718377,,#000000
2023-01-06 00:00:00+00:00,2.2249757368,2.348059501,2.1776358275,2.1776358275,9067,0.0,0.0,0.0,0.0,0.0,0.0,0.0,0.0,,,,,,,,,,,,,,,,,,,,,,,2.234365305406968,,#000000
2023-01-09 00:00:00+00:00,2.2249757368,2.3007195917,2.2202417459,2.2723156461,13900,0.0,0.0,0.0,0.0,0.0,0.0,0.0,0.0,,,,,,,,,,,,,,,,,,,,,,,2.23765326429832,,#000000
2023-01-10 00:00:00+00:00,2.2723156461,2.281783628,2.2249757368,2.2306565259,3417,0.0,0.0,0.0,0.0,0.0,0.0,0.0,0.0,,,,,,,,,,,,,,,,,,,,,,,2.2388338191567216,,#000000
2023-01-11 00:00:00+00:00,2.2765762379,2.281783628,2.2250704166,2.2816889481,5629,0.0,0.0,0.0,0.0,0.0,0.0,0.0,0.0,,,,,,,,,,,,,,,,,,,,,,,2.240642897413695,,"rgba(38, 166, 154, 0.5)"
2023-01-12 00:00:00+00:00,2.281783628,2.3196555554,2.2628476642,2.3196555554,2999,0.0,0.0,0.0,0.0,0.0,0.0,0.0,0.0,,,,,,,,,,,,,,,,,,,,,,,2.242608080558863,,"rgba(38, 166, 154, 0.5)"
2023-01-13 00:00:00+00:00,2.2344437187,2.2912516098,2.1871038094,2.2628476642,7171,0.0,0.0,0.0,0.0,0.0,0.0,0.0,0.0,,,,,,,,,,,,,,,,,,,,,,,2.242156813311775,,#000000
2023-01-17 00:00:00+00:00,2.1302959182,2.2155077549,2.1113599545,2.2060397731,23839,0.0,0.0,0.0,0.0,0.0,0.0,0.0,0.0,,,,,,,,,,,,,,,,,,,,,,,2.2214656747223107,,#000000
2023-01-18 00:00:00+00:00,2.1208279364,2.1871038094,2.1018919726,2.1302959182,12136,0.0,0.0,0.0,0.0,0.0,0.0,0.0,0.0,,,,,,,,,,,,,,,,,,,,,,,2.212554147753274,,"rgba(239, 83, 80, 1.0)"
2023-01-19 00:00:00+00:00,2.0829560089,2.1567115876,2.0545520633,2.0545520633,5660,0.0,0.0,0.0,0.0,0.0,0.0,0.0,0.0,,,,,,,,,,,,,,,,,,,,,,,2.2072088964667014,,"rgba(239, 83, 80, 1.0)"
2023-01-20 00:00:00+00:00,2.178961345,2.1965717912,2.1350299091,2.1586998638,7370,0.0,0.0,0.0,0.0,0.0,0.0,0.0,0.0,,,,,,,,,,,,,,,,,,,,,,,2.205087097658539,,"rgba(239, 83, 80, 1.0)"
2023-01-23 00:00:00+00:00,2.162771096,2.162771096,2.130390598,2.1397639001,2086,0.0,0.0,0.0,0.0,0.0,0.0,0.0,0.0,,,,,,,,,,,,,,,,,,,,,,,2.2042393159426488,,"rgba(239, 83, 80, 1.0)"
2023-01-24 00:00:00+00:00,2.1586998638,2.1887133663,2.1302959182,2.1681678457,36316,0.0,0.0,0.0,0.0,0.0,0.0,0.0,0.0,,,,,,,,,,,,,,,,,,,,,,,2.1944525779687156,,"rgba(239, 83, 80, 0.75)"
2023-01-25 00:00:00+00:00,2.2060397731,2.2060397731,2.1586998638,2.1776358275,7472,0.0,0.0,0.0,0.0,0.0,0.0,0.0,0.0,,,,,,,,,,,,,,,,,,,,,,,2.19427301053394,,#000000
2023-01-26 00:00:00+00:00,2.3575274828,2.3669954647,2.1776358275,2.1776358275,21513,0.0,0.0,0.0,0.0,0.0,0.0,0.0,0.0,,,,,,,,,,,,,,,,,,,,,,,2.205957860951119,,"rgba(38, 166, 154, 0.5)"
2023-01-27 00:00:00+00:00,2.4332713377,2.4332713377,2.3319639318,2.3319639318,8030,0.0,0.0,0.0,0.0,0.0,0.0,0.0,0.0,,,,,,,,,,,,,,,,,,,,,,,2.213575961436071,,"rgba(38, 166, 154, 1.0)"
2023-01-30 00:00:00+00:00,2.3575274828,2.4427393196,2.3196555554,2.4427393196,10187,0.0,0.0,0.0,0.0,0.0,0.0,0.0,0.0,,,,,,,,,,,,,,,,,,,,,,,2.221172670527216,,"rgba(38, 166, 154, 1.0)"
2023-01-31 00:00:00+00:00,2.2440063803,2.4048673921,2.2249757368,2.4048673921,27358,0.0,0.0,0.0,0.0,0.0,0.0,0.0,0.0,,,,,,,,,,,,,,,,,,,,,,,2.2291132678151144,,"rgba(38, 166, 154, 1.0)"
2023-02-01 00:00:00+00:00,2.414335374,2.414335374,2.2912516098,2.348059501,48547,0.0,0.0,0.0,0.0,0.0,0.0,0.0,0.0,,,,,,,,,,,,,,,,,,,,,,,2.2532434676032977,,"rgba(38, 166, 154, 1.0)"
2023-02-02 00:00:00+00:00,2.3291235373,2.480611247,2.3291235373,2.4522073014,24910,0.0,0.0,0.0,0.0,0.0,0.0,0.0,0.0,,,,,,,,,,,,,,,,,,,,,,,2.263236850328622,,"rgba(38, 166, 154, 1.0)"
2023-02-03 00:00:00+00:00,2.331869252,2.4219097595,2.2723156461,2.3717294556,9273,0.0,0.0,0.0,0.0,0.0,0.0,0.0,0.0,,,,,,,,,,,,,,,,,,,,,,,2.265490008898099,,"rgba(38, 166, 154, 1.0)"
2023-02-06 00:00:00+00:00,2.3385915191,2.3385915191,2.2723156461,2.2912516098,6282,0.0,0.0,0.0,0.0,0.0,0.0,0.0,0.0,,,,,,,,,,,,,,,,,,,,,,,2.266459382666201,,"rgba(38, 166, 154, 0.75)"
2023-02-07 00:00:00+00:00,2.2724103259,2.3196555554,2.2628476642,2.2912516098,9835,0.0,0.0,0.0,0.0,0.0,0.0,0.0,0.0,,,,,,,,,,,,,,,,,,,,,,,2.2669942328717196,,"rgba(38, 166, 154, 0.75)"
2023-02-08 00:00:00+00:00,2.2912516098,2.32770334,2.2439117005,2.3196555554,11061,0.0,0.0,0.0,0.0,0.0,0.0,0.0,0.0,,,,,,,,,,,,,,,,,,,,,,,2.2676434243344152,,#000000
2023-02-09 00:00:00+00:00,2.2439117005,2.3101875735,2.2439117005,2.3101875735,10564,0.0,0.0,0.0,0.0,0.0,0.0,0.0,0.0,,,,,,,,,,,,,,,,,,,,,,,2.2675955755893082,,#000000
2023-02-10 00:00:00+00:00,2.281783628,2.281783628,2.2439117005,2.2723156461,3593,0.0,0.0,0.0,0.0,0.0,0.0,0.0,0.0,,,,,,,,,,,,,,,,,,,,,,,2.2676109460354352,,#000000
2023-02-13 00:00:00+00:00,2.3110396919,2.3196555554,2.263510423,2.3007195917,6776,0.0,0.0,0.0,0.0,0.0,0.0,0.0,0.0,,,,,,,,,,,,,,,,,,,,,,,2.268165144588893,,#000000
2023-02-14 00:00:00+00:00,2.3575274828,2.3575274828,2.2912516098,2.2912516098,11023,0.0,0.0,0.0,0.0,0.0,0.0,0.0,0.0,,,,,,,,,,,,,,,,,,,,,,,2.270099121096885,,"rgba(38, 166, 154, 1.0)"
2023-02-15 00:00:00+00:00,2.4007014801,2.4007014801,2.3248629454,2.3764634465,3173,0.0,0.0,0.0,0.0,0.0,0.0,0.0,0.0,,,,,,,,,,,,,,,,,,,,,,,2.2709635731791007,,"rgba(38, 166, 154, 1.0)"
2023-02-16 00:00:00+00:00,2.3762740869,2.414335374,2.3101875735,2.414335374,35515,0.0,0.0,0.0,0.0,0.0,0.0,0.0,0.0,,,,,,,,,,,,,,,,,,,,,,,2.2790381585299753,,"rgba(38, 166, 154, 1.0)"
2023-02-17 00:00:00+00:00,2.3101875735,2.3858367486,2.3101875735,2.3196555554,10412,0.0,0.0,0.0,0.0,0.0,0.0,0.0,0.0,,,,,,,,,,,,,,,,,,,,,,,2.2803950518362615,,"rgba(38, 166, 154, 1.0)"
2023-02-21 00:00:00+00:00,2.1776358275,2.281783628,2.1776358275,2.2249757368,16545,0.0,0.0,0.0,0.0,0.0,0.0,0.0,0.0,,,,,,,,,,,,,,,,,,,,,,,2.2778881068265724,,#000000
2023-02-22 00:00:00+00:00,2.1871038094,2.2563147568,2.1681678457,2.2563147568,11386,0.0,0.0,0.0,0.0,0.0,0.0,0.0,0.0,,,,,,,,,,,,,,,,,,,,,,,2.2760575898984663,,"rgba(239, 83, 80, 1.0)"
2023-02-23 00:00:00+00:00,2.2155077549,2.2628476642,2.2036727776,2.2155077549,2672,0.0,0.0,0.0,0.0,0.0,0.0,0.0,0.0,,,,,,,,,,,,,,,,,,,,,,,2.275776527066763,,"rgba(239, 83, 80, 1.0)"
2023-02-24 00:00:00+00:00,2.1776358275,2.357432803,2.1776358275,2.357432803,3487,0.0,0.0,0.0,0.0,0.0,0.0,0.0,0.0,,,,,,,,,,,,,,,,,,,,,,,2.2754909927391624,,"rgba(239, 83, 80, 1.0)"
2023-02-27 00:00:00+00:00,2.1777305073,2.2439117005,2.1777305073,2.2060397731,15957,0.0,0.0,0.0,0.0,0.0,0.0,0.0,0.0,,,,,,,,,,,,,,,,,,,,,,,2.272987814308232,,"rgba(239, 83, 80, 1.0)"
2023-02-28 00:00:00+00:00,2.1965717912,2.2534743622,2.1675997667,2.2534743622,39318,0.0,0.0,0.0,0.0,0.0,0.0,0.0,0.0,,,,,,,,,,,,,,,,,,,,,,,2.2679321457883903,,"rgba(239, 83, 80, 1.0)"
2023-03-01 00:00:00+00:00,2.2148449962,2.3007195917,2.1965717912,2.2060397731,10413,0.0,0.0,0.0,0.0,0.0,0.0,0.0,0.0,,,,,,,,,,,,,,,,,,,,,,,2.267334448149786,,"rgba(239, 83, 80, 1.0)"
2023-03-02 00:00:00+00:00,2.2249757368,2.2627529844,2.2249757368,2.2627529844,10635,0.0,0.0,0.0,0.0,0.0,0.0,0.0,0.0,,,,,,,,,,,,,,,,,,,,,,,2.266751382249215,,"rgba(239, 83, 80, 1.0)"
2023-03-03 00:00:00+00:00,2.2628476642,2.2628476642,2.2249757368,2.2533796824,4367,0.0,0.0,0.0,0.0,0.0,0.0,0.0,0.0,,,,,,,,,,,,,,,,,,,,,,,2.2666195044805417,,#000000
2023-03-06 00:00:00+00:00,2.3007195917,2.348059501,2.1871038094,2.348059501,24907,0.0,0.0,0.0,0.0,0.0,0.0,0.0,0.0,,,,,,,,,,,,,,,,,,,,,,,2.2671421956188076,,#000000
2023-03-07 00:00:00+00:00,2.2723156461,2.3101875735,2.1777305073,2.2737358434,11219,0.0,0.0,0.0,0.0,0.0,0.0,0.0,0.0,,,,,,,,,,,,,,,,,,,,,,,2.2668781551177593,,#000000
2023-03-08 00:00:00+00:00,2.2533796824,2.281783628,2.1586998638,2.281783628,6933,0.0,0.0,0.0,0.0,0.0,0.0,0.0,0.0,,,,,,,,,,,,,,,,,,,,,,,2.2664601903034938,,#000000
2023-03-09 00:00:00+00:00,2.2190109082,2.2533796824,2.1681678457,2.1681678457,7397,0.0,0.0,0.0,0.0,0.0,0.0,0.0,0.0,,,,,,,,,,,,,,,,,,,,,,,2.2658050672206906,,#000000
2023-03-10 00:00:00+00:00,2.1397639001,2.1965717912,2.1397639001,2.1965717912,13709,0.0,0.0,0.0,0.0,0.0,0.0,0.0,0.0,,,,,,,,,,,,,,,,,,,,,,,2.2634037686405732,,"rgba(239, 83, 80, 1.0)"
2023-03-13 00:00:00+00:00,2.2294256883,2.2912516098,2.1776358275,2.1776358275,5928,0.0,0.0,0.0,0.0,0.0,0.0,0.0,0.0,,,,,,,,,,,,,,,,,,,,,,,2.2631096425449293,,"rgba(239, 83, 80, 1.0)"
2023-03-14 00:00:00+00:00,2.2642678615,2.2912516098,2.2249757368,2.2372841132,11728,0.0,0.0,0.0,0.0,0.0,0.0,0.0,0.0,,,,,,,,,,,,,,,,,,,,,,,2.2630547499821,,#000000
2023-03-15 00:00:00+00:00,2.2249757368,2.3951153708,2.1681678457,2.2628476642,20723,0.0,0.0,0.0,0.0,0.0,0.0,0.0,0.0,,,,,,,,,,,,,,,,,,,,,,,2.263045126892999,,#000000
2023-03-16 00:00:00+00:00,2.3669954647,2.4048673921,2.2344437187,2.3575274828,22173,0.0,0.0,0.0,0.0,0.0,0.0,0.0,0.0,,,,,,,,,,,,,,,,,,,,,,,2.265433633549729,,"rgba(38, 166, 154, 1.0)"
2023-03-17 00:00:00+00:00,2.3291235373,2.4616752833,2.2866122987,2.4616752833,21399,0.0,0.0,0.0,0.0,0.0,0.0,0.0,0.0,,,,,,,,,,,,,,,,,,,,,,,2.268325353632733,,"rgba(38, 166, 154, 1.0)"
2023-03-20 00:00:00+00:00,2.4995472107,2.5658230837,2.3257150638,2.3257150638,56162,0.0,0.0,0.0,0.0,0.0,0.0,0.0,0.0,,,,,,,,,,,,,,,,,,,,,,,2.2829634380765,,"rgba(38, 166, 154, 1.0)"
2023-03-21 00:00:00+00:00,2.4900792289,2.5563551019,2.414335374,2.414335374,33632,0.0,0.0,0.0,0.0,0.0,0.0,0.0,0.0,,,,,,,,,,,,,,,,,,,,,,,2.291721744794369,,"rgba(38, 166, 154, 1.0)"
2023-03-22 00:00:00+00:00,2.4711432651,2.54688712,2.4048673921,2.54688712,26568,0.0,0.0,0.0,0.0,0.0,0.0,0.0,0.0,,,,,,,,,,,,,,,,,,,,,,,2.2977119438113647,,"rgba(38, 166, 154, 1.0)"
2023-03-23 00:00:00+00:00,2.5374191381,2.613162993,2.4332713377,2.4332713377,54439,0.0,0.0,0.0,0.0,0.0,0.0,0.0,0.0,,,,,,,,,,,,,,,,,,,,,,,2.3122152705146206,,"rgba(38, 166, 154, 1.0)"
2023-03-24 00:00:00+00:00,2.5942270293,2.613162993,2.5137491835,2.5563551019,11279,0.0,0.0,0.0,0.0,0.0,0.0,0.0,0.0,,,,,,,,,,,,,,,,,,,,,,,2.3155841498725658,,"rgba(38, 166, 154, 1.0)"
2023-03-27 00:00:00+00:00,2.7267787753,2.745714739,2.54688712,2.613162993,73444,0.0,0.0,0.0,0.0,0.0,0.0,0.0,0.0,,,,,,,,,,,,,,,,,,,,,,,2.343256524813748,,"rgba(38, 166, 154, 1.0)"
2023-03-28 00:00:00+00:00,2.745714739,2.7977886393,2.6605029023,2.7835866665,28466,0.0,0.0,0.0,0.0,0.0,0.0,0.0,0.0,,,,,,,,,,,,,,,,,,,,,,,2.3546560491583435,,"rgba(38, 166, 154, 1.0)"
2023-03-29 00:00:00+00:00,2.8309265758,2.8403945576,2.679438866,2.7362467572,37449,0.0,0.0,0.0,0.0,0.0,0.0,0.0,0.0,,,,,,,,,,,,,,,,,,,,,,,2.3704839795951447,,"rgba(38, 166, 154, 1.0)"
2023-03-30 00:00:00+00:00,2.8792132832,2.9932415321,2.841203867,2.8982179914,67287,0.0,0.0,0.0,0.0,0.0,0.0,0.0,0.0,,,,,,,,,,,,,,,,,,,,,,,2.403692155108746,,"rgba(38, 166, 154, 1.0)"
2023-03-31 00:00:00+00:00,2.8603035986,2.983739178,2.8603035986,2.9647344699,21580,0.0,0.0,0.0,0.0,0.0,0.0,0.0,0.0,,,,,,,,,,,,,,,,,,,,,,,2.413424322885318,,"rgba(38, 166, 154, 1.0)"
2023-04-03 00:00:00+00:00,2.850706221,2.9932415321,2.850706221,2.9267250536,24027,0.0,0.0,0.0,0.0,0.0,0.0,0.0,0.0,,,,,,,,,,,,,,,,,,,,,,,2.4237530025205567,,"rgba(38, 166, 154, 1.0)"
2023-04-04 00:00:00+00:00,2.9460148324,2.9742368239,2.850706221,2.8644846344,12237,0.0,0.0,0.0,0.0,0.0,0.0,0.0,0.0,,,,,,,,,,,,,,,,,,,,,,,2.429119105632234,,"rgba(38, 166, 154, 1.0)"
2023-04-05 00:00:00+00:00,2.9267250536,2.983739178,2.8793083068,2.9552321158,37240,0.0,0.0,0.0,0.0,0.0,0.0,0.0,0.0,,,,,,,,,,,,,,,,,,,,,,,2.4449614440058944,,"rgba(38, 166, 154, 1.0)"
2023-04-06 00:00:00+00:00,2.8887156373,2.9362274077,2.8792132832,2.9314762306,27160,0.0,0.0,0.0,0.0,0.0,0.0,0.0,0.0,,,,,,,,,,,,,,,,,,,,,,,2.4552542375048425,,"rgba(38, 166, 154, 1.0)"
2023-04-10 00:00:00+00:00,2.8697109292,2.9267250536,2.8697109292,2.9077203455,22362,0.0,0.0,0.0,0.0,0.0,0.0,0.0,0.0,,,,,,,,,,,,,,,,,,,,,,,2.463155680691097,,"rgba(38, 166, 154, 0.75)"
2023-04-11 00:00:00+00:00,2.8316064894,2.8982179914,2.8031944507,2.850706221,25383,0.0,0.0,0.0,0.0,0.0,0.0,0.0,0.0,,,,,,,,,,,,,,,,,,,,,,,2.470882993560968,,"rgba(38, 166, 154, 0.75)"
2023-04-12 00:00:00+00:00,2.7746873885,2.8697109292,2.7651850344,2.850706221,22870,0.0,0.0,0.0,0.0,0.0,0.0,0.0,0.0,,,,,,,,,,,,,,,,,,,,,,,2.476843753549619,,"rgba(38, 166, 154, 0.75)"
2023-04-13 00:00:00+00:00,2.7764928357,2.850706221,2.7471305617,2.7841897425,6639,0.0,0.0,0.0,0.0,0.0,0.0,0.0,0.0,,,,,,,,,,,,,,,,,,,,,,,2.478473406981948,,"rgba(38, 166, 154, 0.75)"
2023-04-14 00:00:00+00:00,2.7328770306,2.7651850344,2.6796638478,2.7651850344,6396,0.0,0.0,0.0,0.0,0.0,0.0,0.0,0.0,,,,,,,,,,,,,,,,,,,,,,,2.479702097944324,,"rgba(38, 166, 154, 0.75)"
2023-04-17 00:00:00+00:00,2.7936920966,2.8031944507,2.6701614937,2.6701614937,8784,0.0,0.0,0.0,0.0,0.0,0.0,0.0,0.0,,,,,,,,,,,,,,,,,,,,,,,2.4815714531165263,,"rgba(38, 166, 154, 0.5)"
2023-04-18 00:00:00+00:00,2.8174479818,2.850706221,2.7176732641,2.850706221,22461,0.0,0.0,0.0,0.0,0.0,0.0,0.0,0.0,,,,,,,,,,,,,,,,,,,,,,,2.486912335398614,,"rgba(38, 166, 154, 0.5)"
2023-04-19 00:00:00+00:00,2.7841897425,2.8549822804,2.7271756181,2.850706221,12437,0.0,0.0,0.0,0.0,0.0,0.0,0.0,0.0,,,,,,,,,,,,,,,,,,,,,,,2.4897315249417944,,"rgba(38, 166, 154, 0.5)"
2023-04-20 00:00:00+00:00,2.7366779722,2.784094719,2.70817091,2.7271756181,15116,0.0,0.0,0.0,0.0,0.0,0.0,0.0,0.0,,,,,,,,,,,,,,,,,,,,,,,2.4925738409056457,,"rgba(38, 166, 154, 0.5)"
2023-04-21 00:00:00+00:00,2.7366779722,2.7936920966,2.6701614937,2.7936920966,38169,0.0,0.0,0.0,0.0,0.0,0.0,0.0,0.0,,,,,,,,,,,,,,,,,,,,,,,2.4992137726718755,,#000000
2023-04-24 00:00:00+00:00,2.9424989614,3.0026488626,2.7379132782,2.8221991588,447443,0.0,0.0,0.0,0.0,0.0,0.0,0.0,0.0,,,,,,,,,,,,,,,,,,,,,,,2.595698355464912,,"rgba(38, 166, 154, 0.5)"
2023-04-25 00:00:00+00:00,2.850706221,2.9174127466,2.850706221,2.8792132832,12649,0.0,0.0,0.0,0.0,0.0,0.0,0.0,0.0,,,,,,,,,,,,,,,,,,,,,,,2.5975989921475025,,"rgba(38, 166, 154, 0.5)"
2023-04-26 00:00:00+00:00,2.8364526899,2.9076253219,2.8364526899,2.9070551807,30118,0.0,0.0,0.0,0.0,0.0,0.0,0.0,0.0,,,,,,,,,,,,,,,,,,,,,,,2.6018162889987733,,"rgba(38, 166, 154, 0.5)"
2023-04-27 00:00:00+00:00,2.7841897425,2.8317015129,2.7271756181,2.8317015129,44956,0.0,0.0,0.0,0.0,0.0,0.0,0.0,0.0,,,,,,,,,,,,,,,,,,,,,,,2.6060119579345793,,"rgba(38, 166, 154, 0.5)"
2023-04-28 00:00:00+00:00,2.8221991588,2.8317015129,2.7556826803,2.8221991588,15005,0.0,0.0,0.0,0.0,0.0,0.0,0.0,0.0,,,,,,,,,,,,,,,,,,,,,,,2.607540878001346,,"rgba(38, 166, 154, 0.5)"
2023-05-01 00:00:00+00:00,2.7936920966,2.8602085751,2.7366779722,2.8602085751,8274,0.0,0.0,0.0,0.0,0.0,0.0,0.0,0.0,,,,,,,,,,,,,,,,,,,,,,,2.608346880676642,,#000000
2023-05-02 00:00:00+00:00,2.7922667435,2.7922667435,2.70817091,2.7082659335,18257,0.0,0.0,0.0,0.0,0.0,0.0,0.0,0.0,,,,,,,,,,,,,,,,,,,,,,,2.609797684251306,,#000000
2023-05-03 00:00:00+00:00,2.7271756181,2.7651850344,2.7176732641,2.7461803263,16496,0.0,0.0,0.0,0.0,0.0,0.0,0.0,0.0,,,,,,,,,,,,,,,,,,,,,,,2.6108557260509437,,#000000
2023-05-04 00:00:00+00:00,2.7841897425,2.8294209479,2.6891662018,2.8031944507,20808,0.0,0.0,0.0,0.0,0.0,0.0,0.0,0.0,,,,,,,,,,,,,,,,,,,,,,,2.612487223377682,,#000000
2023-05-05 00:00:00+00:00,2.841203867,2.850706221,2.8122216871,2.850706221,17859,0.0,0.0,0.0,0.0,0.0,0.0,0.0,0.0,,,,,,,,,,,,,,,,,,,,,,,2.614454972913282,,#000000
2023-05-08 00:00:00+00:00,2.8317015129,2.8649597521,2.8079456277,2.8079456277,7062,0.0,0.0,0.0,0.0,0.0,0.0,0.0,0.0,,,,,,,,,,,,,,,,,,,,,,,2.615224053437245,,#000000
2023-05-09 00:00:00+00:00,2.8221991588,2.850706221,2.8221991588,2.850706221,3228,0.0,0.0,0.0,0.0,0.0,0.0,0.0,0.0,,,,,,,,,,,,,,,,,,,,,,,2.6155687675288286,,"rgba(38, 166, 154, 0.5)"
2023-05-10 00:00:00+00:00,2.7746873885,2.841203867,2.7746873885,2.8221991588,9438,0.0,0.0,0.0,0.0,0.0,0.0,0.0,0.0,,,,,,,,,,,,,,,,,,,,,,,2.6164089066955385,,#000000
2023-05-11 00:00:00+00:00,2.7461803263,2.8126968048,2.7366779722,2.8126968048,6222,0.0,0.0,0.0,0.0,0.0,0.0,0.0,0.0,,,,,,,,,,,,,,,,,,,,,,,2.6168620483719227,,#000000
2023-05-12 00:00:00+00:00,2.7176732641,2.8031944507,2.70817091,2.7746873885,12076,0.0,0.0,0.0,0.0,0.0,0.0,0.0,0.0,,,,,,,,,,,,,,,,,,,,,,,2.617603399927895,,"rgba(239, 83, 80, 1.0)"
2023-05-15 00:00:00+00:00,2.7651850344,2.8697109292,2.6796638478,2.7651850344,15236,0.0,0.0,0.0,0.0,0.0,0.0,0.0,0.0,,,,,,,,,,,,,,,,,,,,,,,2.618736215077906,,"rgba(239, 83, 80, 1.0)"
2023-05-16 00:00:00+00:00,2.7366779722,2.8221991588,2.6891662018,2.8221991588,18266,0.0,0.0,0.0,0.0,0.0,0.0,0.0,0.0,,,,,,,,,,,,,,,,,,,,,,,2.6198786004711927,,"rgba(239, 83, 80, 1.0)"
2023-05-17 00:00:00+00:00,2.7271756181,2.7589134807,2.6606591396,2.7461803263,20924,0.0,0.0,0.0,0.0,0.0,0.0,0.0,0.0,,,,,,,,,,,,,,,,,,,,,,,2.62082796587927,,"rgba(239, 83, 80, 1.0)"
2023-05-18 00:00:00+00:00,2.6606591396,2.6796638478,2.6606591396,2.6701614937,23287,0.0,0.0,0.0,0.0,0.0,0.0,0.0,0.0,,,,,,,,,,,,,,,,,,,,,,,2.6213320767776254,,"rgba(239, 83, 80, 1.0)"
2023-05-19 00:00:00+00:00,2.6606591396,2.6986685559,2.6606591396,2.6986685559,4982,0.0,0.0,0.0,0.0,0.0,0.0,0.0,0.0,,,,,,,,,,,,,,,,,,,,,,,2.6214532640779082,,"rgba(239, 83, 80, 1.0)"
2023-05-22 00:00:00+00:00,2.6701614937,2.7841897425,2.6701614937,2.7271756181,4197,0.0,0.0,0.0,0.0,0.0,0.0,0.0,0.0,,,,,,,,,,,,,,,,,,,,,,,2.6216231943602315,,"rgba(239, 83, 80, 1.0)"
2023-05-23 00:00:00+00:00,2.6606591396,2.7366779722,2.6606591396,2.7366779722,18937,0.0,0.0,0.0,0.0,0.0,0.0,0.0,0.0,,,,,,,,,,,,,,,,,,,,,,,2.6221873948775527,,"rgba(239, 83, 80, 1.0)"
2023-05-24 00:00:00+00:00,2.5846403071,2.70817091,2.5561332449,2.70817091,38258,0.0,0.0,0.0,0.0,0.0,0.0,0.0,0.0,,,,,,,,,,,,,,,,,,,,,,,2.6220852233951693,,"rgba(239, 83, 80, 1.0)"
2023-05-25 00:00:00+00:00,2.4231002879,2.6226497234,2.4231002879,2.5372235603,26124,0.0,0.0,0.0,0.0,0.0,0.0,0.0,0.0,,,,,,,,,,,,,,,,,,,,,,,2.6205299668652278,,"rgba(239, 83, 80, 1.0)"
2023-05-26 00:00:00+00:00,2.3850908716,2.4706120582,2.3850908716,2.4705170347,7196,0.0,0.0,0.0,0.0,0.0,0.0,0.0,0.0,,,,,,,,,,,,,,,,,,,,,,,2.6198629043839303,,"rgba(239, 83, 80, 1.0)"
2023-05-30 00:00:00+00:00,2.5513820678,2.6694013054,2.4516073501,2.4516073501,1995,0.0,0.0,0.0,0.0,0.0,0.0,0.0,0.0,,,,,,,,,,,,,,,,,,,,,,,2.6198071880532905,,"rgba(239, 83, 80, 0.75)"
2023-05-31 00:00:00+00:00,2.4611097042,2.5181238286,2.4517023736,2.4517023736,1727,0.0,0.0,0.0,0.0,0.0,0.0,0.0,0.0,,,,,,,,,,,,,,,,,,,,,,,2.619696873834275,,"rgba(239, 83, 80, 0.75)"
2023-06-01 00:00:00+00:00,2.5276261827,2.6131473693,2.4801144123,2.6131473693,4453,0.0,0.0,0.0,0.0,0.0,0.0,0.0,0.0,,,,,,,,,,,,,,,,,,,,,,,2.619539062521055,,"rgba(239, 83, 80, 0.75)"
2023-06-02 00:00:00+00:00,2.4801144123,2.6226497234,2.4801144123,2.6036450152,9226,0.0,0.0,0.0,0.0,0.0,0.0,0.0,0.0,,,,,,,,,,,,,,,,,,,,,,,2.6191621286056277,,"rgba(239, 83, 80, 0.75)"
2023-06-05 00:00:00+00:00,2.547010985,2.5846403071,2.5276261827,2.5846403071,4422,0.0,0.0,0.0,0.0,0.0,0.0,0.0,0.0,,,,,,,,,,,,,,,,,,,,,,,2.6190325171938063,,"rgba(239, 83, 80, 0.75)"
2023-06-06 00:00:00+00:00,2.4896167664,2.6036450152,2.4896167664,2.6036450152,748,0.0,0.0,0.0,0.0,0.0,0.0,0.0,0.0,,,,,,,,,,,,,,,,,,,,,,,2.619002195295769,,"rgba(239, 83, 80, 0.75)"
2023-06-07 00:00:00+00:00,2.5898666018,2.6891662018,2.570386776,2.5846403071,1389,0.0,0.0,0.0,0.0,0.0,0.0,0.0,0.0,,,,,,,,,,,,,,,,,,,,,,,2.619000638389443,,"rgba(239, 83, 80, 0.75)"
2023-06-08 00:00:00+00:00,2.5846403071,2.6985735324,2.5086214745,2.6701614937,3629,0.0,0.0,0.0,0.0,0.0,0.0,0.0,0.0,,,,,,,,,,,,,,,,,,,,,,,2.618965756189434,,"rgba(239, 83, 80, 0.75)"
2023-06-09 00:00:00+00:00,2.5276261827,2.6766230945,2.5086214745,2.5941426611,2639,0.0,0.0,0.0,0.0,0.0,0.0,0.0,0.0,,,,,,,,,,,,,,,,,,,,,,,2.618909758923543,,"rgba(239, 83, 80, 0.75)"
2023-06-12 00:00:00+00:00,2.5466308908,2.6781434711,2.3755885175,2.5277212062,41250,0.0,0.0,0.0,0.0,0.0,0.0,0.0,0.0,,,,,,,,,,,,,,,,,,,,,,,2.617379646432687,,"rgba(239, 83, 80, 0.75)"
2023-06-13 00:00:00+00:00,2.2520579146,2.3280767472,2.0905178954,2.3280767472,222667,0.0,0.0,0.0,0.0,0.0,0.0,0.0,0.0,,,,,,,,,,,,,,,,,,,,,,,2.5826697236792535,,"rgba(239, 83, 80, 1.0)"
2023-06-14 00:00:00+00:00,2.2425555605,2.2710626228,2.2330532065,2.2330532065,49193,0.0,0.0,0.0,0.0,0.0,0.0,0.0,0.0,,,,,,,,,,,,,,,,,,,,,,,2.5762947557946188,,"rgba(239, 83, 80, 1.0)"
2023-06-15 00:00:00+00:00,2.2615602687,2.299569685,2.2330532065,2.2710626228,87098,0.0,0.0,0.0,0.0,0.0,0.0,0.0,0.0,,,,,,,,,,,,,,,,,,,,,,,2.5661034052930356,,"rgba(239, 83, 80, 1.0)"
2023-06-16 00:00:00+00:00,2.2330532065,2.2660263751,2.2235508524,2.2660263751,40363,0.0,0.0,0.0,0.0,0.0,0.0,0.0,0.0,,,,,,,,,,,,,,,,,,,,,,,2.5612470808046166,,"rgba(239, 83, 80, 1.0)"
2023-06-20 00:00:00+00:00,2.2616552922,2.2805649768,2.2330532065,2.2330532065,41200,0.0,0.0,0.0,0.0,0.0,0.0,0.0,0.0,,,,,,,,,,,,,,,,,,,,,,,2.5567008213730182,,"rgba(239, 83, 80, 1.0)"
2023-06-21 00:00:00+00:00,2.2425555605,2.2805649768,2.2330532065,2.2425555605,34323,0.0,0.0,0.0,0.0,0.0,0.0,0.0,0.0,,,,,,,,,,,,,,,,,,,,,,,2.552937710646809,,"rgba(239, 83, 80, 1.0)"
2023-06-22 00:00:00+00:00,2.2805649768,2.3288369355,2.2330532065,2.2425555605,46164,0.0,0.0,0.0,0.0,0.0,0.0,0.0,0.0,,,,,,,,,,,,,,,,,,,,,,,2.5484906050772858,,"rgba(239, 83, 80, 1.0)"
2023-06-23 00:00:00+00:00,2.299569685,2.3280767472,2.2615602687,2.2710626228,75843,0.0,0.0,0.0,0.0,0.0,0.0,0.0,0.0,,,,,,,,,,,,,,,,,,,,,,,2.5418992261223066,,"rgba(239, 83, 80, 1.0)"
2023-06-26 00:00:00+00:00,2.3375791012,2.3945932257,2.29272799,2.3280767472,89492,0.0,0.0,0.0,0.0,0.0,0.0,0.0,0.0,,,,,,,,,,,,,,,,,,,,,,,2.5359054245945645,,"rgba(239, 83, 80, 0.75)"
2023-06-27 00:00:00+00:00,2.2425555605,2.3470814553,2.2235508524,2.2520579146,22170,0.0,0.0,0.0,0.0,0.0,0.0,0.0,0.0,,,,,,,,,,,,,,,,,,,,,,,2.5339562215240554,,"rgba(239, 83, 80, 0.75)"
2023-06-28 00:00:00+00:00,2.2520579146,2.2805649768,2.2140484983,2.2425555605,30307,0.0,0.0,0.0,0.0,0.0,0.0,0.0,0.0,,,,,,,,,,,,,,,,,,,,,,,2.531116710429909,,"rgba(239, 83, 80, 0.75)"
2023-06-29 00:00:00+00:00,2.2577593271,2.2911722558,2.2243463983,2.2911722558,23667,0.0,0.0,0.0,0.0,0.0,0.0,0.0,0.0,,,,,,,,,,,,,,,,,,,,,,,2.529006797783099,,"rgba(239, 83, 80, 0.75)"
2023-06-30 00:00:00+00:00,2.3012915999,2.3360410458,2.2720791537,2.2720791537,15126,0.0,0.0,0.0,0.0,0.0,0.0,0.0,0.0,,,,,,,,,,,,,,,,,,,,,,,2.5278980440937926,,"rgba(239, 83, 80, 0.75)"
2023-07-03 00:00:00+00:00,2.3007188069,2.3293584601,2.253081517,2.319811909,5745,0.0,0.0,0.0,0.0,0.0,0.0,0.0,0.0,,,,,,,,,,,,,,,,,,,,,,,2.527463490635016,,"rgba(239, 83, 80, 0.75)"
2023-07-05 00:00:00+00:00,2.2529860515,2.3389050111,2.2529860515,2.3389050111,18798,0.0,0.0,0.0,0.0,0.0,0.0,0.0,0.0,,,,,,,,,,,,,,,,,,,,,,,2.5259756096343615,,"rgba(239, 83, 80, 0.75)"
2023-07-06 00:00:00+00:00,2.2386662249,2.3293584601,2.2243463983,2.3293584601,10034,0.0,0.0,0.0,0.0,0.0,0.0,0.0,0.0,,,,,,,,,,,,,,,,,,,,,,,2.525132397200749,,"rgba(239, 83, 80, 0.75)"
2023-07-07 00:00:00+00:00,2.2625326026,2.3389050111,2.2625326026,2.3007188069,23488,0.0,0.0,0.0,0.0,0.0,0.0,0.0,0.0,,,,,,,,,,,,,,,,,,,,,,,2.523358204249435,,"rgba(239, 83, 80, 0.75)"
2023-07-10 00:00:00+00:00,2.3102653579,2.3293584601,2.1861601941,2.3293584601,50378,0.0,0.0,0.0,0.0,0.0,0.0,0.0,0.0,,,,,,,,,,,,,,,,,,,,,,,2.519439935186503,,"rgba(239, 83, 80, 0.5)"
2023-07-11 00:00:00+00:00,2.2816257047,2.3389050111,2.2147998473,2.3389050111,54300,0.0,0.0,0.0,0.0,0.0,0.0,0.0,0.0,,,,,,,,,,,,,,,,,,,,,,,2.515406159355328,,"rgba(239, 83, 80, 0.5)"
2023-07-12 00:00:00+00:00,2.2720791537,2.3292629945,2.2243463983,2.2625326026,58955,0.0,0.0,0.0,0.0,0.0,0.0,0.0,0.0,,,,,,,,,,,,,,,,,,,,,,,2.51111937861001,,"rgba(239, 83, 80, 0.5)"
2023-07-13 00:00:00+00:00,2.3484515622,2.3961843175,2.2911722558,2.2911722558,78754,0.0,0.0,0.0,0.0,0.0,0.0,0.0,0.0,,,,,,,,,,,,,,,,,,,,,,,2.5072571783922992,,#000000
2023-07-14 00:00:00+00:00,2.396088852,2.4038215584,2.3317450978,2.3866377664,54340,0.0,0.0,0.0,0.0,0.0,0.0,0.0,0.0,,,,,,,,,,,,,,,,,,,,,,,2.50520073853105,,"rgba(38, 166, 154, 1.0)"
2023-07-17 00:00:00+00:00,2.3436782867,2.4057308686,2.3115064096,2.4057308686,33340,0.0,0.0,0.0,0.0,0.0,0.0,0.0,0.0,,,,,,,,,,,,,,,,,,,,,,,2.503744317643282,,"rgba(38, 166, 154, 1.0)"
2023-07-18 00:00:00+00:00,2.3054920824,2.3961843175,2.2529860515,2.3961843175,23406,0.0,0.0,0.0,0.0,0.0,0.0,0.0,0.0,,,,,,,,,,,,,,,,,,,,,,,2.502501130536953,,#000000
2023-07-19 00:00:00+00:00,2.2911722558,2.3389050111,2.2625326026,2.3245851845,39080,0.0,0.0,0.0,0.0,0.0,0.0,0.0,0.0,,,,,,,,,,,,,,,,,,,,,,,2.5002332950881003,,#000000
2023-07-20 00:00:00+00:00,2.2724610157,2.3053966169,2.2434395005,2.2911722558,41664,0.0,0.0,0.0,0.0,0.0,0.0,0.0,0.0,,,,,,,,,,,,,,,,,,,,,,,2.497593000897123,,#000000
2023-07-21 00:00:00+00:00,2.3007188069,2.3007188069,2.2434395005,2.2720791537,9090,0.0,0.0,0.0,0.0,0.0,0.0,0.0,0.0,,,,,,,,,,,,,,,,,,,,,,,2.497045059749532,,#000000
2023-07-24 00:00:00+00:00,2.3389050111,2.3866377664,2.2626280681,2.3866377664,39095,0.0,0.0,0.0,0.0,0.0,0.0,0.0,0.0,,,,,,,,,,,,,,,,,,,,,,,2.4952353628064086,,#000000
2023-07-25 00:00:00+00:00,2.3389050111,2.3389050111,2.3007188069,2.3245851845,12976,0.0,0.0,0.0,0.0,0.0,0.0,0.0,0.0,,,,,,,,,,,,,,,,,,,,,,,2.494631838323814,,#000000
2023-07-26 00:00:00+00:00,2.3007188069,2.3484515622,2.3007188069,2.3103608234,6706,0.0,0.0,0.0,0.0,0.0,0.0,0.0,0.0,,,,,,,,,,,,,,,,,,,,,,,2.4943040422547034,,#000000
2023-07-27 00:00:00+00:00,2.3102653579,2.3484515622,2.2711244986,2.3102653579,20552,0.0,0.0,0.0,0.0,0.0,0.0,0.0,0.0,,,,,,,,,,,,,,,,,,,,,,,2.4932694139333305,,#000000
2023-07-28 00:00:00+00:00,2.2720791537,2.2859216527,2.2243463983,2.2816257047,36059,0.0,0.0,0.0,0.0,0.0,0.0,0.0,0.0,,,,,,,,,,,,,,,,,,,,,,,2.491002537473768,,#000000
2023-07-31 00:00:00+00:00,2.3389050111,2.3389050111,2.2529860515,2.2720791537,23735,0.0,0.0,0.0,0.0,0.0,0.0,0.0,0.0,,,,,,,,,,,,,,,,,,,,,,,2.489849950288193,,#000000
2023-08-01 00:00:00+00:00,2.2911722558,2.3770912154,2.2720791537,2.3770912154,7809,0.0,0.0,0.0,0.0,0.0,0.0,0.0,0.0,,,,,,,,,,,,,,,,,,,,,,,2.489480609959151,,#000000
2023-08-02 00:00:00+00:00,2.2052532962,2.2816257047,2.2052532962,2.2338929494,13988,0.0,0.0,0.0,0.0,0.0,0.0,0.0,0.0,,,,,,,,,,,,,,,,,,,,,,,2.488513734946397,,"rgba(239, 83, 80, 0.5)"
2023-08-03 00:00:00+00:00,2.2052532962,2.2720791537,2.2052532962,2.248212776,9976,0.0,0.0,0.0,0.0,0.0,0.0,0.0,0.0,,,,,,,,,,,,,,,,,,,,,,,2.4878201214404623,,"rgba(239, 83, 80, 0.5)"
2023-08-04 00:00:00+00:00,2.1384274387,2.2072580719,2.1193343366,2.1957067451,47099,0.0,0.0,0.0,0.0,0.0,0.0,0.0,0.0,,,,,,,,,,,,,,,,,,,,,,,2.4836958947915866,,"rgba(239, 83, 80, 0.5)"
2023-08-07 00:00:00+00:00,2.1670670919,2.271029033,2.1287854222,2.271029033,12265,0.0,0.0,0.0,0.0,0.0,0.0,0.0,0.0,,,,,,,,,,,,,,,,,,,,,,,2.482747846386789,,"rgba(239, 83, 80, 1.0)"
2023-08-08 00:00:00+00:00,2.0811481323,2.1801458669,2.0674010988,2.1801458669,39340,0.0,0.0,0.0,0.0,0.0,0.0,0.0,0.0,,,,,,,,,,,,,,,,,,,,,,,2.4789369345639254,,"rgba(239, 83, 80, 1.0)"
2023-08-09 00:00:00+00:00,2.0620550302,2.1479739898,2.0525084791,2.1479739898,22770,0.0,0.0,0.0,0.0,0.0,0.0,0.0,0.0,,,,,,,,,,,,,,,,,,,,,,,2.4766369524260647,,"rgba(239, 83, 80, 1.0)"
2023-08-10 00:00:00+00:00,2.0238688259,2.0716015813,2.0143222749,2.0716015813,29152,0.0,0.0,0.0,0.0,0.0,0.0,0.0,0.0,,,,,,,,,,,,,,,,,,,,,,,2.4733513235251965,,"rgba(239, 83, 80, 1.0)"
2023-08-11 00:00:00+00:00,2.0381886525,2.0811481323,2.0121265681,2.0620550302,49311,0.0,0.0,0.0,0.0,0.0,0.0,0.0,0.0,,,,,,,,,,,,,,,,,,,,,,,2.4679940312424176,,"rgba(239, 83, 80, 1.0)"
2023-08-14 00:00:00+00:00,2.0047757238,2.0428664626,2.0047757238,2.0143222749,11695,0.0,0.0,0.0,0.0,0.0,0.0,0.0,0.0,,,,,,,,,,,,,,,,,,,,,,,2.4666652891557646,,"rgba(239, 83, 80, 1.0)"
2023-08-15 00:00:00+00:00,1.9093102132,2.0238688259,1.9093102132,1.9957065003,51211,0.0,0.0,0.0,0.0,0.0,0.0,0.0,0.0,,,,,,,,,,,,,,,,,,,,,,,2.4600458069024853,,"rgba(239, 83, 80, 1.0)"
2023-08-16 00:00:00+00:00,1.9665895196,2.0124129647,1.9093102132,1.9379498664,42424,0.0,0.0,0.0,0.0,0.0,0.0,0.0,0.0,,,,,,,,,,,,,,,,,,,,,,,2.454848275367465,,"rgba(239, 83, 80, 1.0)"
2023-08-17 00:00:00+00:00,1.9093102132,2.0429619281,1.9093102132,1.9856826217,120755,0.0,0.0,0.0,0.0,0.0,0.0,0.0,0.0,,,,,,,,,,,,,,,,,,,,,,,2.4403742619455167,,"rgba(239, 83, 80, 1.0)"
2023-08-18 00:00:00+00:00,2.0143222749,2.033415377,1.9236300398,1.9236300398,77371,0.0,0.0,0.0,0.0,0.0,0.0,0.0,0.0,,,,,,,,,,,,,,,,,,,,,,,2.432197090989344,,"rgba(239, 83, 80, 0.75)"
2023-08-21 00:00:00+00:00,2.0620550302,2.1002412345,1.9665895196,2.0620550302,77961,0.0,0.0,0.0,0.0,0.0,0.0,0.0,0.0,,,,,,,,,,,,,,,,,,,,,,,2.4251970728731274,,"rgba(239, 83, 80, 0.75)"
2023-08-22 00:00:00+00:00,2.1193343366,2.1957067451,1.9856826217,2.033415377,155465,0.0,0.0,0.0,0.0,0.0,0.0,0.0,0.0,,,,,,,,,,,,,,,,,,,,,,,2.4139467626237128,,"rgba(239, 83, 80, 0.5)"
2023-08-23 00:00:00+00:00,2.1670670919,2.176613643,2.0525084791,2.176613643,75470,0.0,0.0,0.0,0.0,0.0,0.0,0.0,0.0,,,,,,,,,,,,,,,,,,,,,,,2.4092875403021035,,#000000
2023-08-24 00:00:00+00:00,2.1575205409,2.1957067451,2.0716970468,2.1670670919,38875,0.0,0.0,0.0,0.0,0.0,0.0,0.0,0.0,,,,,,,,,,,,,,,,,,,,,,,2.4070280084497586,,#000000
2023-08-25 00:00:00+00:00,2.1670670919,2.1957067451,2.0620550302,2.1097877855,45043,0.0,0.0,0.0,0.0,0.0,0.0,0.0,0.0,,,,,,,,,,,,,,,,,,,,,,,2.404456914372223,,"rgba(38, 166, 154, 1.0)"
2023-08-28 00:00:00+00:00,2.1479739898,2.1861601941,2.1384274387,2.1479739898,33477,0.0,0.0,0.0,0.0,0.0,0.0,0.0,0.0,,,,,,,,,,,,,,,,,,,,,,,2.4026917883199626,,"rgba(38, 166, 154, 1.0)"
2023-08-29 00:00:00+00:00,2.1002412345,2.1801458669,2.0716015813,2.1384274387,36346,0.0,0.0,0.0,0.0,0.0,0.0,0.0,0.0,,,,,,,,,,,,,,,,,,,,,,,2.400494232990499,,#000000
2023-08-30 00:00:00+00:00,2.1097877855,2.1288808877,2.0429619281,2.0811481323,48417,0.0,0.0,0.0,0.0,0.0,0.0,0.0,0.0,,,,,,,,,,,,,,,,,,,,,,,2.3973807333917443,,#000000
2023-08-31 00:00:00+00:00,2.1002412345,2.1193343366,2.033415377,2.0811481323,35843,0.0,0.0,0.0,0.0,0.0,0.0,0.0,0.0,,,,,,,,,,,,,,,,,,,,,,,2.39504501574672,,#000000
2023-09-01 00:00:00+00:00,2.0238688259,2.1123653543,2.0143222749,2.0811481323,40602,0.0,0.0,0.0,0.0,0.0,0.0,0.0,0.0,,,,,,,,,,,,,,,,,,,,,,,2.392154760373977,,"rgba(239, 83, 80, 0.5)"
2023-09-05 00:00:00+00:00,1.9284033153,2.033415377,1.9284033153,2.0143222749,39872,0.0,0.0,0.0,0.0,0.0,0.0,0.0,0.0,,,,,,,,,,,,,,,,,,,,,,,2.3886548544874757,,"rgba(239, 83, 80, 0.5)"
2023-09-06 00:00:00+00:00,1.9474964174,1.9952291728,1.9093102132,1.9284033153,46295,0.0,0.0,0.0,0.0,0.0,0.0,0.0,0.0,,,,,,,,,,,,,,,,,,,,,,,2.3845426512016186,,"rgba(239, 83, 80, 1.0)"
2023-09-07 00:00:00+00:00,1.9093102132,1.9474964174,1.9093102132,1.9188567642,440087,0.0,0.0,0.0,0.0,0.0,0.0,0.0,0.0,,,,,,,,,,,,,,,,,,,,,,,2.346644811835254,,"rgba(239, 83, 80, 1.0)"
2023-09-08 00:00:00+00:00,1.9570429685,2.0238688259,1.9188567642,1.9188567642,284248,0.0,0.0,0.0,0.0,0.0,0.0,0.0,0.0,,,,,,,,,,,,,,,,,,,,,,,2.3275415468738996,,"rgba(239, 83, 80, 1.0)"
2023-09-11 00:00:00+00:00,1.9474964174,1.9570429685,1.9188567642,1.9379498664,56716,0.0,0.0,0.0,0.0,0.0,0.0,0.0,0.0,,,,,,,,,,,,,,,,,,,,,,,2.323704626147636,,"rgba(239, 83, 80, 1.0)"
2023-09-12 00:00:00+00:00,1.9952291728,2.0429619281,1.9284033153,1.9284033153,23146,0.0,0.0,0.0,0.0,0.0,0.0,0.0,0.0,,,,,,,,,,,,,,,,,,,,,,,2.322353219223134,,"rgba(239, 83, 80, 1.0)"
2023-09-13 00:00:00+00:00,2.0525084791,2.1575205409,2.033415377,2.1479739898,562691,0.0,0.0,0.0,0.0,0.0,0.0,0.0,0.0,,,,,,,,,,,,,,,,,,,,,,,2.3008015449680626,,"rgba(239, 83, 80, 0.5)"
2023-09-14 00:00:00+00:00,2.0620550302,2.1193343366,2.0238688259,2.0238688259,82531,0.0,0.0,0.0,0.0,0.0,0.0,0.0,0.0,,,,,,,,,,,,,,,,,,,,,,,2.297795538355165,,#000000
2023-09-15 00:00:00+00:00,2.1575205409,2.1957067451,2.0143222749,2.0620550302,56128,0.0,0.0,0.0,0.0,0.0,0.0,0.0,0.0,,,,,,,,,,,,,,,,,,,,,,,2.2962670024334875,,"rgba(38, 166, 154, 1.0)"
2023-09-18 00:00:00+00:00,2.0811481323,2.1957067451,2.0811481323,2.1575205409,44410,-1.0,2.1957068,2.0811481,732.0,-1.0,2.1957068,2.0811481,732.0,,,,,,,,,,,,2.1193343365666664,,,,,,,,,,,2.2950545390861343,,"rgba(38, 166, 154, 1.0)"
2023-09-19 00:00:00+00:00,2.1097877855,2.1862556596,2.1095968545,2.1095968545,84140,0.0,0.0,0.0,0.0,0.0,0.0,0.0,0.0,,,,,,,,,,,,2.1297277024999897,,,,,,,,,,,2.2930058853620134,,"rgba(38, 166, 154, 1.0)"
2023-09-20 00:00:00+00:00,2.1575205409,2.176613643,2.1384274387,2.1670670919,100684,0.0,0.0,0.0,0.0,0.0,0.0,0.0,0.0,,,,,,,,,,,,2.141934853874177,,,,,,,,,,,2.2909593456398247,,"rgba(38, 166, 154, 1.0)"
2023-09-21 00:00:00+00:00,2.1002412345,2.1583797305,2.0811481323,2.1575205409,60566,0.0,0.0,0.0,0.0,0.0,0.0,0.0,0.0,,,,,,,,,,,,2.1359412675707974,,,,,,,,,,,2.2893591885971625,,"rgba(38, 166, 154, 1.0)"
2023-09-22 00:00:00+00:00,2.0620550302,2.1222937674,2.0620550302,2.0811481323,47101,0.0,0.0,0.0,0.0,0.0,0.0,0.0,0.0,,,,,,,,,,,,2.128418738956211,,,,,,,,,,,2.287918136310522,,"rgba(38, 166, 154, 1.0)"
2023-09-25 00:00:00+00:00,2.0143222749,2.1002412345,1.9761360706,2.1002412345,60534,0.0,0.0,0.0,0.0,0.0,0.0,0.0,0.0,,,,,,,,,,,,2.113463931707893,,,,,,,,,,,2.285635521823378,,#000000
2023-09-26 00:00:00+00:00,1.9761360706,2.0620550302,1.9761360706,1.9856826217,39806,0.0,0.0,0.0,0.0,0.0,0.0,0.0,0.0,,,,,,,,,,,,2.1035690618215335,,,,,,,,,,,2.2840090001113666,,"rgba(239, 83, 80, 0.5)"
2023-09-27 00:00:00+00:00,1.9958019658,2.033415377,1.9570429685,1.9952291728,30042,0.0,0.0,0.0,0.0,0.0,0.0,0.0,0.0,,,,,,,,,,,,2.096616078302158,,,,,,,,,,,2.282753154728698,,"rgba(239, 83, 80, 0.5)"
2023-09-28 00:00:00+00:00,1.9961838279,2.0057808655,1.9481986397,2.0057808655,23806,0.0,0.0,0.0,0.0,0.0,0.0,0.0,0.0,,,,,,,,,,,,2.091127230203066,,,,,,,,,,,2.2817243790671218,,"rgba(239, 83, 80, 0.5)"
2023-09-29 00:00:00+00:00,1.9386016021,1.9961838279,1.9290045644,1.9481986397,148484,0.0,0.0,0.0,0.0,0.0,0.0,0.0,0.0,,,,,,,,,,,,2.0594301378096898,,,,,,,,,,,2.2748597167628266,,"rgba(239, 83, 80, 0.5)"
2023-10-02 00:00:00+00:00,1.8810193763,1.9481986397,1.8810193763,1.9386016021,24276,0.0,0.0,0.0,0.0,0.0,0.0,0.0,0.0,,,,,,,,,,,,2.0537247966146643,,,,,,,,,,,2.2735897012707293,,"rgba(239, 83, 80, 1.0)"
2023-10-03 00:00:00+00:00,1.8522282633,1.8906164139,1.8234371504,1.8810193763,48235,0.0,0.0,0.0,0.0,0.0,0.0,0.0,0.0,,,,,,,,,,,,2.040292559809344,,,,,,,,,,,2.270768061279312,,"rgba(239, 83, 80, 1.0)"
2023-10-04 00:00:00+00:00,1.8426312257,1.861825301,1.8234371504,1.861825301,49828,0.0,0.0,0.0,0.0,0.0,0.0,0.0,0.0,,,,,,,,,,,,2.0273657796090054,,,,,,,,,,,2.2678043657204308,,"rgba(239, 83, 80, 1.0)"
2023-10-05 00:00:00+00:00,1.8426312257,1.861825301,1.8330341881,1.8426312257,30418,0.0,0.0,0.0,0.0,0.0,0.0,0.0,0.0,,,,,,,,,,,,2.020396526776788,,,,,,,,,,,2.266028694129401,,"rgba(239, 83, 80, 1.0)"
2023-10-06 00:00:00+00:00,1.9290045644,1.967392715,1.8138401128,1.8426312257,43818,0.0,0.0,0.0,0.0,0.0,0.0,0.0,0.0,,,,,,,,,,,,2.014266023971265,,,,,,,,,,,2.2638438456954995,,"rgba(239, 83, 80, 0.75)"
2023-10-09 00:00:00+00:00,1.9865867902,1.9865867902,1.9194075268,1.9386016021,34093,0.0,0.0,0.0,0.0,0.0,0.0,0.0,0.0,,,,,,,,,,,,2.012304365465944,,,,,,,,,,,2.2624456433627325,,"rgba(239, 83, 80, 0.5)"
2023-10-10 00:00:00+00:00,1.9769897526,2.0249749408,1.9290045644,1.967392715,73849,0.0,0.0,0.0,0.0,0.0,0.0,0.0,0.0,,,,,,,,,,,,2.009541971154451,,,,,,,,,,,2.2595893261621027,,"rgba(239, 83, 80, 0.5)"
2023-10-11 00:00:00+00:00,1.9194075268,1.967392715,1.9194075268,1.967392715,27415,0.0,0.0,0.0,0.0,0.0,0.0,0.0,0.0,,,,,,,,,,,,2.007449824282183,,,,,,,,,,,2.2583895615116827,,"rgba(239, 83, 80, 0.5)"
2023-10-12 00:00:00+00:00,1.9386016021,1.9769897526,1.8906164139,1.9769897526,36209,0.0,0.0,0.0,0.0,0.0,0.0,0.0,0.0,,,,,,,,,,,,2.004861035872951,,,,,,,,,,,2.256818488186592,,"rgba(239, 83, 80, 0.5)"
2023-10-13 00:00:00+00:00,1.9386016021,1.9769897526,1.9002134515,1.9194075268,41314,0.0,0.0,0.0,0.0,0.0,0.0,0.0,0.0,,,,,,,,,,,,2.002251532362775,,,,,,,,,,,2.255062135537536,,"rgba(239, 83, 80, 0.5)"
2023-10-16 00:00:00+00:00,1.9194075268,2.1113482795,1.8906164139,2.0057808655,38318,0.0,0.0,0.0,0.0,0.0,0.0,0.0,0.0,,,,,,,,,,,,2.0012485759540493,,,,,,,,,,,2.2536296108144773,,"rgba(239, 83, 80, 0.5)"
2023-10-17 00:00:00+00:00,1.9386016021,2.0728641586,1.8906164139,1.9961838279,41146,0.0,0.0,0.0,0.0,0.0,0.0,0.0,0.0,,,,,,,,,,,,2.0000129894183525,,,,,,,,,,,2.2520725454469743,,"rgba(239, 83, 80, 0.5)"
2023-10-18 00:00:00+00:00,1.8714223386,1.967392715,1.8666238198,1.9002134515,45149,0.0,0.0,0.0,0.0,0.0,0.0,0.0,0.0,,,,,,,,,,,,1.9962353153020451,,,,,,,,,,,2.249994481381434,,"rgba(239, 83, 80, 0.5)"
2023-10-19 00:00:00+00:00,1.9290045644,2.0162416365,1.8906164139,2.0153779031,93696,0.0,0.0,0.0,0.0,0.0,0.0,0.0,0.0,,,,,,,,,,,,1.9924686747659393,,,,,,,,,,,2.246288445497426,,"rgba(239, 83, 80, 0.5)"
2023-10-20 00:00:00+00:00,1.9002134515,1.967392715,1.8906164139,1.9290045644,59016,0.0,0.0,0.0,0.0,0.0,0.0,0.0,0.0,,,,,,,,,,,,1.9892178232140842,,,,,,,,,,,2.2438033036570064,,"rgba(239, 83, 80, 0.5)"
2023-10-23 00:00:00+00:00,1.8714223386,1.9577956773,1.8426312257,1.9002134515,49137,0.0,0.0,0.0,0.0,0.0,0.0,0.0,0.0,,,,,,,,,,,,1.9856954584923459,,,,,,,,,,,2.241581709863394,,"rgba(239, 83, 80, 0.5)"
2023-10-24 00:00:00+00:00,1.861825301,1.8906164139,1.8426312257,1.8522282633,41429,0.0,0.0,0.0,0.0,0.0,0.0,0.0,0.0,,,,,,,,,,,,1.9821671799778315,,,,,,,,,,,2.239595203707539,,"rgba(239, 83, 80, 0.5)"
2023-10-25 00:00:00+00:00,1.8714223386,1.9002134515,1.8330341881,1.9002134515,63127,0.0,0.0,0.0,0.0,0.0,0.0,0.0,0.0,,,,,,,,,,,,1.9773072407152341,,,,,,,,,,,2.2366337743901124,,"rgba(239, 83, 80, 0.5)"
2023-10-26 00:00:00+00:00,1.8810193763,1.9002134515,1.8426312257,1.9002134515,21720,0.0,0.0,0.0,0.0,0.0,0.0,0.0,0.0,,,,,,,,,,,,1.9758220975431324,,,,,,,,,,,2.2356432377163515,,"rgba(239, 83, 80, 0.5)"
2023-10-27 00:00:00+00:00,2.0153779031,2.0153779031,1.8522282633,1.8906164139,69267,0.0,0.0,0.0,0.0,0.0,0.0,0.0,0.0,,,,,,,,,,,,1.9751683556740343,,,,,,,,,,,2.233267394661421,,#000000
2023-10-30 00:00:00+00:00,1.9386016021,2.0249749408,1.9290045644,2.0249749408,33691,0.0,0.0,0.0,0.0,0.0,0.0,0.0,0.0,,,,,,,,,,,,1.9749379440628585,,,,,,,,,,,2.2321400006440624,,#000000
2023-10-31 00:00:00+00:00,1.9386016021,2.0153779031,1.9194075268,1.9865867902,49674,0.0,0.0,0.0,0.0,0.0,0.0,0.0,0.0,,,,,,,,,,,,1.9744232402506425,,,,,,,,,,,2.2304556168549317,,#000000
2023-11-01 00:00:00+00:00,1.9194075268,1.9769897526,1.9194075268,1.9481986397,18709,0.0,0.0,0.0,0.0,0.0,0.0,0.0,0.0,,,,,,,,,,,,1.9740226758941584,,,,,,,,,,,2.229782285130107,,#000000
2023-11-02 00:00:00+00:00,1.967392715,1.9865867902,1.9194075268,1.9290045644,26087,0.0,0.0,0.0,0.0,0.0,0.0,0.0,0.0,,,,,,,,,,,,1.9737735497134774,,,,,,,,,,,2.228910138210094,,#000000
2023-11-03 00:00:00+00:00,1.9865867902,2.0633630913,1.9290045644,1.9290045644,38615,0.0,0.0,0.0,0.0,0.0,0.0,0.0,0.0,,,,,,,,,,,,1.9742004338075427,,,,,,,,,,,2.227795607382663,,"rgba(38, 166, 154, 1.0)"
2023-11-06 00:00:00+00:00,1.9386016021,1.967392715,1.9194075268,1.9577956773,18809,0.0,0.0,0.0,0.0,0.0,0.0,0.0,0.0,,,,,,,,,,,,1.9738535125082917,,,,,,,,,,,2.227139027705496,,"rgba(38, 166, 154, 1.0)"
2023-11-07 00:00:00+00:00,1.9194075268,2.0537660537,1.9194075268,2.0537660537,35411,0.0,0.0,0.0,0.0,0.0,0.0,0.0,0.0,,,,,,,,,,,,1.9736626319284771,,,,,,,,,,,2.2260074252074795,,#000000
2023-11-08 00:00:00+00:00,1.9194075268,1.9338030832,1.8810193763,1.9290045644,32912,0.0,0.0,0.0,0.0,0.0,0.0,0.0,0.0,,,,,,,,,,,,1.9725399332920126,,,,,,,,,,,2.22475409344671,,#000000
2023-11-09 00:00:00+00:00,1.9679685372,1.9769897526,1.8906164139,1.9002134515,29550,0.0,0.0,0.0,0.0,0.0,0.0,0.0,0.0,,,,,,,,,,,,1.9721041564684345,,,,,,,,,,,2.2237576736236773,,#000000
2023-11-10 00:00:00+00:00,1.8906164139,1.967392715,1.8906164139,1.9386016021,74761,0.0,0.0,0.0,0.0,0.0,0.0,0.0,0.0,,,,,,,,,,,,1.9699381283359532,,,,,,,,,,,2.221009166215086,,#000000
2023-11-13 00:00:00+00:00,1.8810193763,1.9194075268,1.8714223386,1.8906164139,44594,0.0,0.0,0.0,0.0,0.0,0.0,0.0,0.0,,,,,,,,,,,,1.9681460571543326,,,,,,,,,,,2.219257282542133,,"rgba(239, 83, 80, 0.5)"
2023-11-14 00:00:00+00:00,1.861825301,1.9194075268,1.8522282633,1.9194075268,71165,0.0,0.0,0.0,0.0,0.0,0.0,0.0,0.0,,,,,,,,,,,,1.9650027840987465,,,,,,,,,,,2.216392340852422,,"rgba(239, 83, 80, 0.5)"
2023-11-15 00:00:00+00:00,1.861825301,1.9290045644,1.8522282633,1.8810193763,24574,0.0,0.0,0.0,0.0,0.0,0.0,0.0,0.0,,,,,,,,,,,,1.9640055753516377,,,,,,,,,,,2.21542342461225,,"rgba(239, 83, 80, 0.5)"
2023-11-16 00:00:00+00:00,1.9098104892,1.9603868775,1.8810193763,1.9194075268,25746,0.0,0.0,0.0,0.0,0.0,0.0,0.0,0.0,,,,,,,,,,,,1.9634288905917707,,,,,,,,,,,2.214523083069826,,"rgba(239, 83, 80, 0.5)"
2023-11-17 00:00:00+00:00,1.9290045644,1.967392715,1.9194075268,1.967392715,17614,0.0,0.0,0.0,0.0,0.0,0.0,0.0,0.0,,,,,,,,,,,,1.9632219245514424,,,,,,,,,,,2.2139545999544414,,#000000
2023-11-20 00:00:00+00:00,1.9961838279,1.9961838279,1.8906164139,1.967392715,21089,0.0,0.0,0.0,0.0,0.0,0.0,0.0,0.0,,,,,,,,,,,,1.9631999145218157,,,,,,,,,,,2.213332139505209,,#000000
2023-11-21 00:00:00+00:00,1.9386016021,1.9961838279,1.8906164139,1.9961838279,53529,0.0,0.0,0.0,0.0,0.0,0.0,0.0,0.0,,,,,,,,,,,,1.962676280174494,,,,,,,,,,,2.211646714809785,,#000000
2023-11-22 00:00:00+00:00,1.9386016021,1.9865867902,1.9290045644,1.9386016021,24304,0.0,0.0,0.0,0.0,0.0,0.0,0.0,0.0,,,,,,,,,,,,1.9625523505831204,,,,,,,,,,,2.210915332131047,,#000000
2023-11-24 00:00:00+00:00,1.9194075268,2.0536700833,1.9194075268,1.9386016021,62769,0.0,0.0,0.0,0.0,0.0,0.0,0.0,0.0,,,,,,,,,,,,1.9625967612165611,,,,,,,,,,,2.2091372749884814,,#000000
2023-11-27 00:00:00+00:00,1.9769897526,2.0345719784,1.9194075268,1.9194075268,120273,0.0,0.0,0.0,0.0,0.0,0.0,0.0,0.0,,,,,,,,,,,,1.9633195812705424,,,,,,,,,,,2.2059756248928224,,"rgba(38, 166, 154, 1.0)"
2023-11-28 00:00:00+00:00,2.0153779031,2.0345719784,1.9577956773,2.0345719784,46889,0.0,0.0,0.0,0.0,0.0,0.0,0.0,0.0,,,,,,,,,,,,1.9640735210542577,,,,,,,,,,,2.2049014117848933,,"rgba(38, 166, 154, 1.0)"
2023-11-29 00:00:00+00:00,2.0345719784,2.044169016,1.9769897526,1.9769897526,70852,0.0,0.0,0.0,0.0,0.0,0.0,0.0,0.0,,,,,,,,,,,,1.9656104141810673,,,,,,,,,,,2.203426208961515,,"rgba(38, 166, 154, 1.0)"
2023-11-30 00:00:00+00:00,2.0345719784,2.0345719784,1.9481986397,2.0153779031,49718,0.0,0.0,0.0,0.0,0.0,0.0,0.0,0.0,,,,,,,,,,,,1.9663898473064712,,,,,,,,,,,2.202334206178623,,"rgba(38, 166, 154, 1.0)"
2023-12-01 00:00:00+00:00,2.0249749408,2.0585645725,1.9769897526,2.0249749408,144393,0.0,0.0,0.0,0.0,0.0,0.0,0.0,0.0,,,,,,,,,,,,1.9692591087133369,,,,,,,,,,,2.1994574439543353,,"rgba(38, 166, 154, 1.0)"
2023-12-04 00:00:00+00:00,1.967392715,2.0537660537,1.967392715,2.0249749408,58697,0.0,0.0,0.0,0.0,0.0,0.0,0.0,0.0,,,,,,,,,,,,1.969830587376943,,,,,,,,,,,2.1981607788908244,,"rgba(38, 166, 154, 0.75)"
2023-12-05 00:00:00+00:00,2.0153779031,2.0633630913,1.9961838279,1.9961838279,76100,0.0,0.0,0.0,0.0,0.0,0.0,0.0,0.0,,,,,,,,,,,,1.9713074128694923,,,,,,,,,,,2.196740246972746,,"rgba(38, 166, 154, 0.75)"
2023-12-06 00:00:00+00:00,2.0249749408,2.0585645725,1.9865867902,1.9865867902,70196,0.0,0.0,0.0,0.0,0.0,0.0,0.0,0.0,,,,,,,,,,,,1.9725626586238985,,,,,,,,,,,2.195438418459329,,"rgba(38, 166, 154, 0.75)"
2023-12-07 00:00:00+00:00,1.9769897526,2.0633630913,1.9481986397,2.0633630913,38011,0.0,0.0,0.0,0.0,0.0,0.0,0.0,0.0,,,,,,,,,,,,1.9728670436390054,,,,,,,,,,,2.194631488687109,,"rgba(38, 166, 154, 0.75)"
2023-12-08 00:00:00+00:00,1.9865867902,2.0057808655,1.9577956773,2.0057808655,33487,0.0,0.0,0.0,0.0,0.0,0.0,0.0,0.0,,,,,,,,,,,,1.9729851388654176,,,,,,,,,,,2.193880503376299,,"rgba(38, 166, 154, 0.75)"
2023-12-11 00:00:00+00:00,1.9865867902,2.0153779031,1.9290045644,2.0153779031,33809,0.0,0.0,0.0,0.0,0.0,0.0,0.0,0.0,,,,,,,,,,,,1.973030014320248,,,,,,,,,,,2.1931048123475736,,"rgba(38, 166, 154, 0.75)"
2023-12-12 00:00:00+00:00,1.9481986397,2.0057808655,1.9290045644,1.9961838279,13899,0.0,0.0,0.0,0.0,0.0,0.0,0.0,0.0,,,,,,,,,,,,1.9729748242238492,,,,,,,,,,,2.19276404734694,,#000000
2023-12-13 00:00:00+00:00,1.9865867902,1.9865867902,1.9290045644,1.9721912338,17197,0.0,0.0,0.0,0.0,0.0,0.0,0.0,0.0,,,,,,,,,,,,1.972943331248432,,,,,,,,,,,2.1923554076626077,,#000000
2023-12-14 00:00:00+00:00,1.967392715,2.0729601289,1.9481986397,1.9769897526,289234,0.0,0.0,0.0,0.0,0.0,0.0,0.0,0.0,,,,,,,,,,,,1.9749574619867478,,,,,,,,,,,2.1865500573908108,,#000000
2023-12-15 00:00:00+00:00,1.9194075268,1.9634579295,1.9194075268,1.9577956773,50425,0.0,0.0,0.0,0.0,0.0,0.0,0.0,0.0,,,,,,,,,,,,1.974349196475946,,,,,,,,,,,2.1852542364841208,,"rgba(239, 83, 80, 0.5)"
2023-12-18 00:00:00+00:00,1.9290045644,1.9386016021,1.9194075268,1.9194075268,48145,0.0,0.0,0.0,0.0,0.0,0.0,0.0,0.0,,,,,,,,,,,,1.9737138233417075,,,,,,,,,,,2.1840045546281175,,"rgba(239, 83, 80, 0.5)"
2023-12-19 00:00:00+00:00,1.9481986397,1.967392715,1.909522578,1.9194075268,130694,0.0,0.0,0.0,0.0,0.0,0.0,0.0,0.0,,,,,,,,,,,,1.9725409014711062,,,,,,,,,,,2.180838764273408,,"rgba(239, 83, 80, 0.5)"
2023-12-20 00:00:00+00:00,1.9194075268,1.9769897526,1.9098104892,1.9769897526,27202,0.0,0.0,0.0,0.0,0.0,0.0,0.0,0.0,,,,,,,,,,,,1.9722598005922087,,,,,,,,,,,2.18017313373662,,"rgba(239, 83, 80, 1.0)"
2023-12-21 00:00:00+00:00,1.9577956773,1.967392715,1.9194075268,1.9577956773,61368,0.0,0.0,0.0,0.0,0.0,0.0,0.0,0.0,,,,,,,,,,,,1.9718558349480602,,,,,,,,,,,2.178762458785675,,"rgba(239, 83, 80, 0.5)"
2023-12-22 00:00:00+00:00,1.9194075268,1.967392715,1.9194075268,1.9386016021,52921,0.0,0.0,0.0,0.0,0.0,0.0,0.0,0.0,,,,,,,,,,,,1.9713355905454415,,,,,,,,,,,2.1774929076101306,,"rgba(239, 83, 80, 1.0)"
2023-12-26 00:00:00+00:00,1.9481986397,1.967392715,1.9290045644,1.9481986397,31020,0.0,0.0,0.0,0.0,0.0,0.0,0.0,0.0,,,,,,,,,,,,1.9711436471507848,,,,,,,,,,,2.1767938994905154,,"rgba(239, 83, 80, 0.5)"
2023-12-27 00:00:00+00:00,2.044169016,2.044169016,1.9386016021,1.9386016021,46893,0.0,0.0,0.0,0.0,0.0,0.0,0.0,0.0,,,,,,,,,,,,1.9716122754460057,,,,,,,,,,,2.1760240839693084,,#000000
2023-12-28 00:00:00+00:00,2.0259346445,2.0741711837,2.0066400289,2.0741711837,19994,0.0,0.0,0.0,0.0,0.0,0.0,0.0,0.0,,,,,,,,,,,,1.9719483216651077,,,,,,,,,,,2.175749927254645,,"rgba(38, 166, 154, 1.0)"
2023-12-29 00:00:00+00:00,1.9873454132,2.0355819524,1.9680507975,1.996992721,39320,0.0,0.0,0.0,0.0,0.0,0.0,0.0,0.0,,,,,,,,,,,,1.972204407559287,,,,,,,,,,,2.175066307190192,,"rgba(38, 166, 154, 1.0)"
2024-01-02 00:00:00+00:00,1.996992721,2.0066400289,1.9868630478,1.9868630478,15720,0.0,0.0,0.0,0.0,0.0,0.0,0.0,0.0,,,,,,,,,,,,1.972304675719913,,,,,,,,,,,2.1747942136453067,,"rgba(38, 166, 154, 1.0)"
2024-01-03 00:00:00+00:00,1.9728744515,1.996992721,1.9584999628,1.996992721,11634,0.0,0.0,0.0,0.0,0.0,0.0,0.0,0.0,,,,,,,,,,,,1.9723161444222943,,,,,,,,,,,2.1745700066272913,,#000000
2024-01-04 00:00:00+00:00,1.9776981054,1.9952562056,1.9680507975,1.9776981054,32729,0.0,0.0,0.0,0.0,0.0,0.0,0.0,0.0,,,,,,,,,,,,1.9723833453606487,,,,,,,,,,,2.173955300722644,,#000000
2024-01-05 00:00:00+00:00,1.939108874,1.9873454132,1.939108874,1.9776981054,23441,0.0,0.0,0.0,0.0,0.0,0.0,0.0,0.0,,,,,,,,,,,,1.9722807510079075,,,,,,,,,,,2.173460553863397,,#000000
2024-01-08 00:00:00+00:00,1.9487561819,1.9584034897,1.939108874,1.9584034897,19218,0.0,0.0,0.0,0.0,0.0,0.0,0.0,0.0,,,,,,,,,,,,1.9721662418890604,,,,,,,,,,,2.173044701493117,,#000000
2024-01-09 00:00:00+00:00,1.9198142584,1.9873454132,1.9101669506,1.939108874,51664,0.0,0.0,0.0,0.0,0.0,0.0,0.0,0.0,,,,,,,,,,,,1.9717392493349277,,,,,,,,,,,2.1718865939050054,,"rgba(239, 83, 80, 1.0)"
2024-01-10 00:00:00+00:00,1.939108874,1.9746109669,1.9005196427,1.9101669506,60190,0.0,0.0,0.0,0.0,0.0,0.0,0.0,0.0,,,,,,,,,,,,1.9712402404562457,,,,,,,,,,,2.1705458434426395,,"rgba(239, 83, 80, 1.0)"
2024-01-11 00:00:00+00:00,1.939108874,1.9776981054,1.8908723349,1.9776981054,77355,0.0,0.0,0.0,0.0,0.0,0.0,0.0,0.0,,,,,,,,,,,,1.9705793597320702,,,,,,,,,,,2.168829154405741,,"rgba(239, 83, 80, 1.0)"
2024-01-12 00:00:00+00:00,1.9101669506,1.9535798358,1.9101669506,1.939108874,49962,0.0,0.0,0.0,0.0,0.0,0.0,0.0,0.0,,,,,,,,,,,,1.9700311940240351,,,,,,,,,,,2.167680735766358,,"rgba(239, 83, 80, 1.0)"
2024-01-16 00:00:00+00:00,1.9294615662,1.939108874,1.9101669506,1.9294615662,40363,0.0,0.0,0.0,0.0,0.0,0.0,0.0,0.0,,,,,,,,,,,,1.9696131579044869,,,,,,,,,,,2.1667669025012026,,"rgba(239, 83, 80, 1.0)"
2024-01-17 00:00:00+00:00,1.939108874,1.939108874,1.8812250271,1.9198142584,31070,0.0,0.0,0.0,0.0,0.0,0.0,0.0,0.0,,,,,,,,,,,,1.9692498440045463,,,,,,,,,,,2.166049480261891,,"rgba(239, 83, 80, 1.0)"
2024-01-18 00:00:00+00:00,1.9294615662,1.939108874,1.8908723349,1.9198142584,32939,0.0,0.0,0.0,0.0,0.0,0.0,0.0,0.0,,,,,,,,,,,,1.9688704198390312,,,,,,,,,,,2.1652934399053327,,"rgba(239, 83, 80, 1.0)"
2024-01-19 00:00:00+00:00,1.9294615662,1.9294615662,1.9005196427,1.9101669506,43045,0.0,0.0,0.0,0.0,0.0,0.0,0.0,0.0,,,,,,,,,,,,1.9683832763206455,,,,,,,,,,,2.1643124090128114,,"rgba(239, 83, 80, 1.0)"
2024-01-22 00:00:00+00:00,1.9149906045,1.9295580393,1.8908723349,1.9294615662,22751,0.0,0.0,0.0,0.0,0.0,0.0,0.0,0.0,,,,,,,,,,,,1.9680878820321221,,,,,,,,,,,2.1637801780686656,,"rgba(239, 83, 80, 1.0)"
2024-01-23 00:00:00+00:00,1.9005196427,1.939012401,1.8908723349,1.9294615662,22342,0.0,0.0,0.0,0.0,0.0,0.0,0.0,0.0,,,,,,,,,,,,1.9677922545832331,,,,,,,,,,,2.16325624003613,,"rgba(239, 83, 80, 1.0)"
2024-01-24 00:00:00+00:00,1.9101669506,1.9294615662,1.8908723349,1.9294615662,32313,0.0,0.0,0.0,0.0,0.0,0.0,0.0,0.0,,,,,,,,,,,,1.9673702236568242,,,,,,,,,,,2.1625023874343965,,"rgba(239, 83, 80, 1.0)"
2024-01-25 00:00:00+00:00,1.8812250271,1.939108874,1.8715777192,1.939108874,29527,0.0,0.0,0.0,0.0,0.0,0.0,0.0,0.0,,,,,,,,,,,,1.9669044382743548,,,,,,,,,,,2.161782531899513,,"rgba(239, 83, 80, 1.0)"
2024-01-26 00:00:00+00:00,1.9101669506,1.9294615662,1.8908723349,1.9101669506,26625,0.0,0.0,0.0,0.0,0.0,0.0,0.0,0.0,,,,,,,,,,,,1.9665663569469174,,,,,,,,,,,2.161168175487566,,"rgba(239, 83, 80, 0.75)"
2024-01-29 00:00:00+00:00,1.9005196427,1.939108874,1.8426357957,1.939108874,136465,0.0,0.0,0.0,0.0,0.0,0.0,0.0,0.0,,,,,,,,,,,,1.9644184018307593,,,,,,,,,,,2.1578671053899248,,"rgba(239, 83, 80, 0.75)"
2024-01-30 00:00:00+00:00,1.8619304114,1.9219366661,1.8619304114,1.8715777192,30793,0.0,0.0,0.0,0.0,0.0,0.0,0.0,0.0,,,,,,,,,,,,1.9638704613544051,,,,,,,,,,,2.1570996721393176,,"rgba(239, 83, 80, 1.0)"
2024-01-31 00:00:00+00:00,1.8233411801,1.9198142584,1.8233411801,1.9198142584,60757,0.0,0.0,0.0,0.0,0.0,0.0,0.0,0.0,,,,,,,,,,,,1.962468428637046,,,,,,,,,,,2.155453654270852,,"rgba(239, 83, 80, 1.0)"
2024-02-01 00:00:00+00:00,1.8233411801,1.8715777192,1.7751046409,1.8329884879,128581,0.0,0.0,0.0,0.0,0.0,0.0,0.0,0.0,,,,,,,,,,,,1.9587607289583966,,,,,,,,,,,2.1516615492001714,,"rgba(239, 83, 80, 1.0)"
2024-02-02 00:00:00+00:00,1.7654573331,1.823244707,1.7461627174,1.8040465644,96155,0.0,0.0,0.0,0.0,0.0,0.0,0.0,0.0,,,,,,,,,,,,1.9552343545106494,,,,,,,,,,,2.14850042946123,,"rgba(239, 83, 80, 1.0)"
2024-02-05 00:00:00+00:00,1.7461627174,1.8522831036,1.7172207939,1.7847519487,75597,0.0,0.0,0.0,0.0,0.0,0.0,0.0,0.0,,,,,,,,,,,,1.9524603995205596,,,,,,,,,,,2.1460101801654394,,"rgba(239, 83, 80, 1.0)"
2024-02-06 00:00:00+00:00,1.7461627174,1.7895756027,1.7365154096,1.7494428021,62534,0.0,0.0,0.0,0.0,0.0,0.0,0.0,0.0,,,,,,,,,,,,1.9500495589797937,,,,,,,,,,,2.143896272495291,,"rgba(239, 83, 80, 1.0)"
2024-02-07 00:00:00+00:00,1.7461627174,1.7751046409,1.7172207939,1.7461627174,99536,0.0,0.0,0.0,0.0,0.0,0.0,0.0,0.0,,,,,,,,,,,,1.94611559048447,,,,,,,,,,,2.140481955828106,,"rgba(239, 83, 80, 1.0)"
2024-02-08 00:00:00+00:00,1.6786315626,1.7365154096,1.6786315626,1.7172207939,66291,0.0,0.0,0.0,0.0,0.0,0.0,0.0,0.0,,,,,,,,,,,,1.9429667256440346,,,,,,,,,,,2.137966144461116,,"rgba(239, 83, 80, 1.0)"
2024-02-09 00:00:00+00:00,1.6593369469,1.7075734861,1.6496896391,1.6786315626,68628,0.0,0.0,0.0,0.0,0.0,0.0,0.0,0.0,,,,,,,,,,,,1.93945641428338,,,,,,,,,,,2.1352410827926396,,"rgba(239, 83, 80, 1.0)"
2024-02-12 00:00:00+00:00,1.6882788704,1.7365154096,1.6689842548,1.7365154096,45484,0.0,0.0,0.0,0.0,0.0,0.0,0.0,0.0,,,,,,,,,,,,1.9373988018970212,,,,,,,,,,,2.1335518898706263,,"rgba(239, 83, 80, 1.0)"
2024-02-13 00:00:00+00:00,1.6400423313,1.7257104248,1.6400423313,1.7075734861,84404,0.0,0.0,0.0,0.0,0.0,0.0,0.0,0.0,,,,,,,,,,,,1.9332155455394535,,,,,,,,,,,2.130242887781459,,"rgba(239, 83, 80, 1.0)"
2024-02-14 00:00:00+00:00,1.7075734861,1.7172207939,1.6689842548,1.6689842548,66987,0.0,0.0,0.0,0.0,0.0,0.0,0.0,0.0,,,,,,,,,,,,1.930344876865643,,,,,,,,,,,2.1278147635241482,,"rgba(239, 83, 80, 0.75)"
2024-02-15 00:00:00+00:00,1.8040465644,1.8132115068,1.7075734861,1.7461627174,46013,0.0,0.0,0.0,0.0,0.0,0.0,0.0,0.0,,,,,,,,,,,,1.929053359586054,,,,,,,,,,,2.126458629867969,,"rgba(239, 83, 80, 0.75)"
2024-02-16 00:00:00+00:00,1.8908723349,1.9005196427,1.7847519487,1.7847519487,41903,0.0,0.0,0.0,0.0,0.0,0.0,0.0,0.0,,,,,,,,,,,,1.9285249985702089,,,,,,,,,,,2.125524830421623,,"rgba(239, 83, 80, 0.5)"
2024-02-20 00:00:00+00:00,1.9101669506,1.9198142584,1.8778484693,1.9005196427,26940,0.0,0.0,0.0,0.0,0.0,0.0,0.0,0.0,,,,,,,,,,,,1.9284004469247396,,,,,,,,,,,2.1250261149758822,,#000000
2024-02-21 00:00:00+00:00,1.8812250271,1.9198142584,1.8715777192,1.9198142584,9221,0.0,0.0,0.0,0.0,0.0,0.0,0.0,0.0,,,,,,,,,,,,1.9283388130055512,,,,,,,,,,,2.1248469459997383,,"rgba(38, 166, 154, 1.0)"
2024-02-22 00:00:00+00:00,1.8812250271,1.9091057467,1.8344355841,1.8707094615,28382,0.0,0.0,0.0,0.0,0.0,0.0,0.0,0.0,,,,,,,,,,,,1.928070145475843,,,,,,,,,,,2.1242597077074388,,"rgba(38, 166, 154, 1.0)"
2024-02-23 00:00:00+00:00,1.9005196427,1.9101669506,1.8522831036,1.9005196427,19869,0.0,0.0,0.0,0.0,0.0,0.0,0.0,0.0,,,,,,,,,,,,1.9279283468468802,,,,,,,,,,,2.1238711596808044,,"rgba(38, 166, 154, 1.0)"
2024-02-26 00:00:00+00:00,1.8715777192,1.8812250271,1.8329884879,1.8812250271,33350,0.0,0.0,0.0,0.0,0.0,0.0,0.0,0.0,,,,,,,,,,,,1.9275419401053535,,,,,,,,,,,2.123151127934844,,"rgba(38, 166, 154, 1.0)"
2024-02-27 00:00:00+00:00,1.8426357957,1.8812250271,1.8136938722,1.8812250271,39953,0.0,0.0,0.0,0.0,0.0,0.0,0.0,0.0,,,,,,,,,,,,1.9269729518937408,,,,,,,,,,,2.122240955860032,,"rgba(38, 166, 154, 1.0)"
2024-02-28 00:00:00+00:00,1.8136938722,1.8715777192,1.8040465644,1.8715777192,21078,0.0,0.0,0.0,0.0,0.0,0.0,0.0,0.0,,,,,,,,,,,,1.9266170856874327,,,,,,,,,,,2.121735385449094,,"rgba(38, 166, 154, 1.0)"
2024-02-29 00:00:00+00:00,1.7558100253,1.8812250271,1.7461627174,1.8812250271,22176,0.0,0.0,0.0,0.0,0.0,0.0,0.0,0.0,,,,,,,,,,,,1.926109752073934,,,,,,,,,,,2.121141145876737,,#000000
2024-03-01 00:00:00+00:00,1.7895756027,1.8329884879,1.7558100253,1.7847519487,65148,0.0,0.0,0.0,0.0,0.0,0.0,0.0,0.0,,,,,,,,,,,,1.9246236682497018,,,,,,,,,,,2.1193992900264367,,#000000
2024-03-04 00:00:00+00:00,1.8233411801,1.8812250271,1.7558100253,1.8329884879,147430,0.0,0.0,0.0,0.0,0.0,0.0,0.0,0.0,,,,,,,,,,,,1.9220525162729625,,,,,,,,,,,2.1158491421362,,#000000
2024-03-05 00:00:00+00:00,1.836750938,1.8715777192,1.7847519487,1.8329884879,55914,0.0,0.0,0.0,0.0,0.0,0.0,0.0,0.0,,,,,,,,,,,,1.921210959676466,,,,,,,,,,,2.1145734767104725,,#000000
2024-03-06 00:00:00+00:00,1.9101669506,1.9294615662,1.8522831036,1.8522831036,48268,0.0,0.0,0.0,0.0,0.0,0.0,0.0,0.0,,,,,,,,,,,,1.9210216675339622,,,,,,,,,,,2.113736670969204,,"rgba(38, 166, 154, 1.0)"
2024-03-07 00:00:00+00:00,1.9198142584,1.9294615662,1.8715777192,1.9294615662,48852,0.0,0.0,0.0,0.0,0.0,0.0,0.0,0.0,,,,,,,,,,,,1.9209098083393477,,,,,,,,,,,2.1129337382248528,,"rgba(38, 166, 154, 1.0)"
2024-03-08 00:00:00+00:00,1.8908723349,1.939108874,1.8812250271,1.9198142584,132540,0.0,0.0,0.0,0.0,0.0,0.0,0.0,0.0,,,,,,,,,,,,1.9205471972896133,,,,,,,,,,,2.1107528636743185,,"rgba(38, 166, 154, 1.0)"
2024-03-11 00:00:00+00:00,1.8522831036,1.9294615662,1.7751046409,1.9005196427,166429,0.0,0.0,0.0,0.0,0.0,0.0,0.0,0.0,,,,,,,,,,,,1.9187841258430625,,,,,,,,,,,2.1074130977013015,,"rgba(38, 166, 154, 1.0)"
2024-03-12 00:00:00+00:00,1.8136938722,1.8619304114,1.7943992566,1.8619304114,152047,0.0,0.0,0.0,0.0,0.0,0.0,0.0,0.0,,,,,,,,,,,,1.9165840281508504,,,,,,,,,,,2.104098836321985,,#000000
2024-03-13 00:00:00+00:00,1.8908723349,1.8908723349,1.8136938722,1.8328920148,124513,0.0,0.0,0.0,0.0,0.0,0.0,0.0,0.0,,,,,,,,,,,,1.9156310214315877,,,,,,,,,,,2.1018374357013605,,"rgba(38, 166, 154, 0.75)"
2024-03-14 00:00:00+00:00,1.8329884879,1.9005196427,1.7943992566,1.8812250271,53137,0.0,0.0,0.0,0.0,0.0,0.0,0.0,0.0,,,,,,,,,,,,1.915058397318345,,,,,,,,,,,2.10079479362663,,#000000
2024-03-15 00:00:00+00:00,1.8329884879,1.8519936843,1.7943992566,1.8329884879,74512,0.0,0.0,0.0,0.0,0.0,0.0,0.0,0.0,,,,,,,,,,,,1.9140943982497791,,,,,,,,,,,2.0992560579524335,,#000000
2024-03-18 00:00:00+00:00,1.8233411801,1.9005196427,1.7654573331,1.7847519487,130033,1.0,1.9005196,1.7654574,0.0,0.0,0.0,0.0,0.0,,,,,,,,,,1.829772718633333,,1.9125231290371338,,,,,,,,,,,2.0966438196480026,,#000000
2024-03-19 00:00:00+00:00,1.8522831036,1.8908723349,1.8040465644,1.8329884879,41475,0.0,0.0,0.0,0.0,0.0,0.0,0.0,0.0,,,,,,,,,,1.8344386478306591,,1.9121482062365405,,,,,,,,,,,2.0958807179998202,,#000000
2024-03-20 00:00:00+00:00,1.9005196427,1.9198142584,1.8426357957,1.9005196427,29620,0.0,0.0,0.0,0.0,0.0,0.0,0.0,0.0,,,,,,,,,,1.8422760186807041,,1.9120452960375847,,,,,,,,,,,2.0954233689137562,,#000000
2024-03-21 00:00:00+00:00,1.9294615662,1.9294615662,1.8908723349,1.9198142584,61572,0.0,0.0,0.0,0.0,0.0,0.0,0.0,0.0,,,,,,,,,,1.8596958251087852,,1.912084721603036,,,,,,,,,,,2.0946106048722473,,"rgba(38, 166, 154, 1.0)"
2024-03-22 00:00:00+00:00,1.9294615662,1.9776981054,1.8619304114,1.9198142584,43322,0.0,0.0,0.0,0.0,0.0,0.0,0.0,0.0,,,,,,,,,,1.8686617305770603,,1.912151000786965,,,,,,,,,,,2.094063660325392,,"rgba(38, 166, 154, 1.0)"
2024-03-25 00:00:00+00:00,1.9873454132,2.0066400289,1.9392053471,1.9487561819,58885,0.0,0.0,0.0,0.0,0.0,0.0,0.0,0.0,,,,,,,,,,1.8862621069350103,,1.9126863682365882,,,,,,,,,,,2.0935617823857244,,"rgba(38, 166, 154, 1.0)"
2024-03-26 00:00:00+00:00,1.9873454132,2.0259346445,1.948852655,2.0114636828,49064,0.0,0.0,0.0,0.0,0.0,0.0,0.0,0.0,,,,,,,,,,1.898246350092087,,1.9131909935625404,,,,,,,,,,,2.093181458507181,,"rgba(38, 166, 154, 1.0)"
2024-03-27 00:00:00+00:00,2.0182167983,2.0182167983,1.9891079021,2.0182167983,36509,0.0,0.0,0.0,0.0,0.0,0.0,0.0,0.0,,,,,,,,,,1.9071829411279468,,1.91366781489682,,,,,,,,,,,2.0929564017434803,,"rgba(38, 166, 154, 1.0)"
2024-03-28 00:00:00+00:00,1.9988108675,2.037622729,1.959999006,2.037622729,76130,0.0,0.0,0.0,0.0,0.0,0.0,0.0,0.0,,,,,,,,,,1.9204292411121942,,1.9145467509371186,,,,,,,,,,,2.092437446700041,,"rgba(38, 166, 154, 1.0)"
2024-04-01 00:00:00+00:00,2.0473256944,2.0473256944,1.9794049368,2.0085138329,59758,0.0,0.0,0.0,0.0,0.0,0.0,0.0,0.0,,,,,,,,,,1.9310542104909558,,1.915432036259333,,,,,,,,,,,2.0921455579738963,,"rgba(38, 166, 154, 1.0)"
2024-04-02 00:00:00+00:00,2.0583870749,2.0764345905,2.0085138329,2.037622729,97484,0.0,0.0,0.0,0.0,0.0,0.0,0.0,0.0,,,,,,,,,,1.9476934110537367,,1.917144949511597,,,,,,,,,,,2.091835921906396,,"rgba(38, 166, 154, 1.0)"
2024-04-03 00:00:00+00:00,2.037622729,2.0570286598,2.0183138279,2.0279197636,87336,0.0,0.0,0.0,0.0,0.0,0.0,0.0,0.0,,,,,,,,,,1.9578814477461923,,1.918526286688226,,,,,,,,,,,2.0914992633014946,,"rgba(38, 166, 154, 1.0)"
2024-04-04 00:00:00+00:00,2.0280167933,2.0473256944,1.9988108675,2.0473256944,41538,0.0,0.0,0.0,0.0,0.0,0.0,0.0,0.0,,,,,,,,,,1.961297417925094,,1.9191020672662178,,,,,,,,,,,2.0913024879671736,,"rgba(38, 166, 154, 1.0)"
2024-04-05 00:00:00+00:00,2.037622729,2.037622729,1.9405930752,1.9405930752,146585,0.0,0.0,0.0,0.0,0.0,0.0,0.0,0.0,,,,,,,,,,1.968017986252943,,1.9207200483019797,,,,,,,,,,,2.090417208320205,,"rgba(38, 166, 154, 1.0)"
2024-04-08 00:00:00+00:00,2.0570286598,2.0570286598,1.9891079021,2.037622729,220664,0.0,0.0,0.0,0.0,0.0,0.0,0.0,0.0,,,,,,,,,,1.9804297429217004,,1.9238443794507711,,,,,,,,,,,2.089562451090394,,"rgba(38, 166, 154, 1.0)"
2024-04-09 00:00:00+00:00,1.9988108675,2.1055434866,1.9697019714,2.1055434866,126681,0.0,0.0,0.0,0.0,0.0,0.0,0.0,0.0,,,,,,,,,,1.9847203566668825,,1.925410897373665,,,,,,,,,,,2.088999182904015,,"rgba(38, 166, 154, 0.75)"
2024-04-10 00:00:00+00:00,2.0182167983,2.0279197636,1.959999006,1.9697019714,79724,0.0,0.0,0.0,0.0,0.0,0.0,0.0,0.0,,,,,,,,,,1.9857166238929262,,1.9261528454597647,,,,,,,,,,,2.088526657617985,,"rgba(38, 166, 154, 0.75)"
2024-04-11 00:00:00+00:00,1.9891079021,2.0022069054,1.959999006,2.0022069054,69897,0.0,0.0,0.0,0.0,0.0,0.0,0.0,0.0,,,,,,,,,,1.9856232527008333,,1.926637810415392,,,,,,,,,,,2.0880299313627337,,"rgba(38, 166, 154, 0.75)"
2024-04-12 00:00:00+00:00,1.9794049368,2.0473256944,1.9502960406,2.0182167983,126920,0.0,0.0,0.0,0.0,0.0,0.0,0.0,0.0,,,,,,,,,,1.9861618918144932,,1.9276268820479368,,,,,,,,,,,2.0872130761557575,,"rgba(38, 166, 154, 0.75)"
2024-04-15 00:00:00+00:00,2.0085138329,2.0182167983,1.9697019714,1.9891079021,59113,0.0,0.0,0.0,0.0,0.0,0.0,0.0,0.0,,,,,,,,,,1.986617176688645,,1.9281224853397732,,,,,,,,,,,2.0868629845711286,,"rgba(38, 166, 154, 0.75)"
2024-04-16 00:00:00+00:00,1.9405930752,2.0182167983,1.8920782484,2.0171494721,91311,0.0,0.0,0.0,0.0,0.0,0.0,0.0,0.0,,,,,,,,,,1.9847041176899674,,1.9283584144946373,,,,,,,,,,,2.086032645190605,,#000000
2024-04-17 00:00:00+00:00,1.9697019714,1.9988108675,1.9017812137,1.9691197935,65190,0.0,0.0,0.0,0.0,0.0,0.0,0.0,0.0,,,,,,,,,,1.9836915757001692,,1.9285725712544985,,,,,,,,,,,2.0854739464047434,,#000000
2024-04-18 00:00:00+00:00,1.9551475233,1.959999006,1.9308901099,1.9405930752,86147,0.0,0.0,0.0,0.0,0.0,0.0,0.0,0.0,,,,,,,,,,1.982091413405065,,1.9287709082673008,,,,,,,,,,,2.084697085888549,,#000000
2024-04-19 00:00:00+00:00,1.959999006,1.9891079021,1.9308901099,1.9502960406,83615,0.0,0.0,0.0,0.0,0.0,0.0,0.0,0.0,,,,,,,,,,1.9811530399512105,,1.929067065692711,,,,,,,,,,,2.0840135062515217,,#000000
2024-04-22 00:00:00+00:00,1.9697019714,1.9697019714,1.9115812088,1.9308901099,95519,0.0,0.0,0.0,0.0,0.0,0.0,0.0,0.0,,,,,,,,,,1.9797265820585683,,1.9292949388032485,,,,,,,,,,,2.083181537923854,,#000000
2024-04-23 00:00:00+00:00,1.9891079021,1.9891079021,1.922157441,1.9405930752,46096,0.0,0.0,0.0,0.0,0.0,0.0,0.0,0.0,,,,,,,,,,1.9794440125325394,,1.929487878898876,,,,,,,,,,,2.0828330303648035,,#000000
2024-04-24 00:00:00+00:00,2.0085138329,2.0279197636,1.9308901099,1.9794049368,76367,0.0,0.0,0.0,0.0,0.0,0.0,0.0,0.0,,,,,,,,,,1.97978153080084,,1.9299918248851853,,,,,,,,,,,2.082370389156426,,#000000
2024-04-25 00:00:00+00:00,1.9891079021,1.9988108675,1.9520425744,1.9892049318,44246,0.0,0.0,0.0,0.0,0.0,0.0,0.0,0.0,,,,,,,,,,1.9797856083782337,,1.9302354755094666,,,,,,,,,,,2.082078414411182,,#000000
2024-04-26 00:00:00+00:00,2.0570286598,2.0667316251,1.9988108675,2.037622729,89838,0.0,0.0,0.0,0.0,0.0,0.0,0.0,0.0,,,,,,,,,,1.9821498435066989,,1.9313193725485134,,,,,,,,,,,2.081841103756824,,"rgba(38, 166, 154, 1.0)"
2024-04-29 00:00:00+00:00,2.0570286598,2.0861375559,2.0182167983,2.0861375559,33295,0.0,0.0,0.0,0.0,0.0,0.0,0.0,0.0,,,,,,,,,,1.9831632123794687,,1.9317625118266362,,,,,,,,,,,2.081781390468355,,"rgba(38, 166, 154, 1.0)"
2024-04-30 00:00:00+00:00,1.9794049368,2.0182167983,1.959999006,2.0085138329,54505,0.0,0.0,0.0,0.0,0.0,0.0,0.0,0.0,,,,,,,,,,1.9832245502863626,,1.932081130750736,,,,,,,,,,,2.081448279857059,,"rgba(38, 166, 154, 0.5)"
2024-05-01 00:00:00+00:00,1.9308901099,1.9891079021,1.9017812137,1.9891079021,73720,0.0,0.0,0.0,0.0,0.0,0.0,0.0,0.0,,,,,,,,,,1.9819583975778097,,1.93214838475934,,,,,,,,,,,2.0807896809971758,,#000000
2024-05-02 00:00:00+00:00,1.9502960406,1.9890108725,1.8726723176,1.959999006,138580,0.0,0.0,0.0,0.0,0.0,0.0,0.0,0.0,,,,,,,,,,1.9795983377602553,,1.9322241667145144,,,,,,,,,,,2.0795396997764724,,#000000
2024-05-03 00:00:00+00:00,1.9405930752,1.9745534541,1.8726723176,1.9211871445,179502,1.0,1.9745535,1.8726723,0.0,0.0,0.0,0.0,0.0,,,,,,,,,1.9292729489666665,1.9763723625891088,,1.9321692612284094,,,,,,,,,,,2.077862748318218,,"rgba(239, 83, 80, 1.0)"
2024-05-06 00:00:00+00:00,1.9891079021,2.0085138329,1.882375283,2.0085138329,203160,0.0,0.0,0.0,0.0,0.0,0.0,0.0,0.0,,,,,,,,,1.9455857935838274,1.9752648144712772,,1.9327431700571422,,,,,,,,,,,2.076392618602868,,#000000
2024-05-07 00:00:00+00:00,1.9502960406,1.9891079021,1.882375283,1.9891079021,352730,0.0,0.0,0.0,0.0,0.0,0.0,0.0,0.0,,,,,,,,,1.9431910414737017,1.9716208081492952,,1.933014516719929,,,,,,,,,,,2.0735140723359144,,"rgba(239, 83, 80, 1.0)"
2024-05-08 00:00:00+00:00,1.9794049368,1.9794049368,1.9017812137,1.9405930752,198242,0.0,0.0,0.0,0.0,0.0,0.0,0.0,0.0,,,,,,,,,1.9453864281730713,1.970611829592564,,1.9334054894741217,,,,,,,,,,,2.0721015113572863,,#000000
2024-05-09 00:00:00+00:00,1.9405930752,1.9891079021,1.8920782484,1.9697019714,187939,0.0,0.0,0.0,0.0,0.0,0.0,0.0,0.0,,,,,,,,,1.9445832187893384,1.9691042870158042,,1.9335330408439393,,,,,,,,,,,2.070649936528406,,"rgba(239, 83, 80, 1.0)"
2024-05-10 00:00:00+00:00,1.9988108675,2.0085138329,1.9114841791,1.9405930752,289018,0.0,0.0,0.0,0.0,0.0,0.0,0.0,0.0,,,,,,,,,1.9503925205999886,1.9693790148980936,,1.9345798051445622,,,,,,,,,,,2.0690189927445863,,#000000
2024-05-13 00:00:00+00:00,1.9502960406,1.9794049368,1.9114841791,1.9794049368,153846,0.0,0.0,0.0,0.0,0.0,0.0,0.0,0.0,,,,,,,,,1.9500649711182305,1.9685586367992087,,1.9347538499286507,,,,,,,,,,,2.0679449755003243,,#000000
2024-05-14 00:00:00+00:00,2.0279197636,2.0473256944,1.9163356618,1.9405930752,421861,0.0,0.0,0.0,0.0,0.0,0.0,0.0,0.0,,,,,,,,,1.9600744336858185,1.971180716713312,,1.9370533274469304,,,,,,,,,,,2.0662767371676125,,#000000
2024-05-15 00:00:00+00:00,2.0764345905,2.0764345905,1.9988108675,2.0473256944,154410,0.0,0.0,0.0,0.0,0.0,0.0,0.0,0.0,,,,,,,,,1.9666011896893776,1.9737549252739852,,1.9385629897396472,,,,,,,,,,,2.066142256515306,,"rgba(38, 166, 154, 0.5)"
2024-05-16 00:00:00+00:00,2.0473256944,2.0861375559,1.9891079021,2.0764345905,253948,0.0,0.0,0.0,0.0,0.0,0.0,0.0,0.0,,,,,,,,,1.9744758603799988,1.9771525540894785,,1.940752670530466,,,,,,,,,,,2.06579137153488,,"rgba(38, 166, 154, 0.5)"
2024-05-17 00:00:00+00:00,2.2074246231,2.2122761058,1.9891079021,2.0279197636,625953,0.0,0.0,0.0,0.0,0.0,0.0,0.0,0.0,,,,,,,,,2.0080039474095814,1.9948078657236499,,1.9505516546760413,,,,,,,,,,,2.0681223755886355,,"rgba(38, 166, 154, 1.0)"
2024-05-20 00:00:00+00:00,2.3384146557,2.3578205864,2.1831672097,2.2316820365,235390,0.0,0.0,0.0,0.0,0.0,0.0,0.0,0.0,,,,,,,,,2.0286172211019236,2.0067571859412676,,,,,,,,,,,,,2.0708865897260917,,"rgba(38, 166, 154, 1.0)"
2024-05-21 00:00:00+00:00,2.2316820365,2.3772265172,2.1346523828,2.3772265172,329611,0.0,0.0,0.0,0.0,0.0,0.0,0.0,0.0,,,,,,,,,2.0487707618055344,2.0195615005442034,,,,,,,,,,,,,2.0738793044908306,,"rgba(38, 166, 154, 1.0)"
2024-05-22 00:00:00+00:00,2.1831672097,2.3093057595,2.1540583135,2.2801968634,227482,0.0,0.0,0.0,0.0,0.0,0.0,0.0,0.0,,,,,,,,,2.0587181411624114,2.0264896983499776,,,,,,,,,,,,,2.075513249824578,,"rgba(38, 166, 154, 1.0)"
2024-05-23 00:00:00+00:00,2.2413850019,2.270493898,2.0958405213,2.2316820365,508291,0.0,0.0,0.0,0.0,0.0,0.0,0.0,0.0,,,,,,,,,2.075638696784876,2.0393822445833987,,,,,,,,,,,,,2.0787062535710663,,"rgba(38, 166, 154, 1.0)"
2024-05-24 00:00:00+00:00,2.2219790712,2.2607909327,2.1346523828,2.1346523828,138692,0.0,0.0,0.0,0.0,0.0,0.0,0.0,0.0,,,,,,,,,2.079686468720903,2.042642017582139,,,,,,,,,,,,,2.0795718428275656,,"rgba(38, 166, 154, 0.75)"
2024-05-28 00:00:00+00:00,2.270493898,2.2800998338,2.2074246231,2.2413850019,123491,0.0,0.0,0.0,0.0,0.0,0.0,0.0,0.0,,,,,,,,,2.084347087370118,2.046242213505977,,,,,,,,,,,,,2.0806151686954424,,"rgba(38, 166, 154, 0.75)"
2024-05-29 00:00:00+00:00,2.2025731404,2.2656424154,2.1734642443,2.2607909327,176746,0.0,0.0,0.0,0.0,0.0,0.0,0.0,0.0,,,,,,,,,2.089157017688097,2.050256770924403,,,,,,,,,,,,,2.0817550594740766,,"rgba(38, 166, 154, 0.75)"
2024-05-30 00:00:00+00:00,2.1841375062,2.2316820365,2.1055434866,2.2025731404,164044,0.0,0.0,0.0,0.0,0.0,0.0,0.0,0.0,,,,,,,,,2.091976300409168,2.052942556042192,,,,,,,,,,,,,2.0824798677288503,,"rgba(38, 166, 154, 0.75)"
2024-05-31 00:00:00+00:00,2.1540583135,2.1977216577,2.1443553481,2.1734642443,92645,0.0,0.0,0.0,0.0,0.0,0.0,0.0,0.0,,,,,,,,,2.0933317598162473,2.0543063917380464,,,,,,,,,,,,,2.0828469493850035,,"rgba(38, 166, 154, 0.5)"
2024-06-03 00:00:00+00:00,2.192870175,2.2703968684,2.1395038655,2.192870175,382024,0.0,0.0,0.0,0.0,0.0,0.0,0.0,0.0,,,,,,,,,2.100944741608669,2.061290550653014,,,,,,,,,,,,,2.084964286767215,,"rgba(38, 166, 154, 0.5)"
2024-06-04 00:00:00+00:00,2.192870175,2.2025731404,2.1055434866,2.2025731404,203860,0.0,0.0,0.0,0.0,0.0,0.0,0.0,0.0,,,,,,,,,2.103347990671886,2.0639109320682856,,,,,,,,,,,,,2.0857418056281443,,"rgba(38, 166, 154, 0.5)"
2024-06-05 00:00:00+00:00,2.2316820365,2.2316820365,2.0909890386,2.192870175,526014,1.0,2.231682,2.090989,0.0,0.0,0.0,0.0,0.0,,,,,,,,2.184784370533334,2.1103372844938986,2.071177646515301,,,,,,,,,,,,,2.0881062268641877,,"rgba(38, 166, 154, 0.5)"
2024-06-06 00:00:00+00:00,2.2122761058,2.2316820365,2.1249494174,2.2316820365,377266,0.0,0.0,0.0,0.0,0.0,0.0,0.0,0.0,,,,,,,,2.1868106519436363,2.114935485405504,2.0760741868772556,,,,,,,,,,,,,2.0898153489890006,,"rgba(38, 166, 154, 0.5)"
2024-06-07 00:00:00+00:00,2.1346523828,2.2025731404,2.115246452,2.1637612789,334121,0.0,0.0,0.0,0.0,0.0,0.0,0.0,0.0,,,,,,,,2.177093592642628,2.116688497432013,2.078714014966529,,,,,,,,,,,,,2.0907115405513954,,#000000
2024-06-10 00:00:00+00:00,2.2413850019,2.2801968634,2.115246452,2.1831672097,335881,0.0,0.0,0.0,0.0,0.0,0.0,0.0,0.0,,,,,,,,2.184604730309375,2.121162482147677,2.083293110511596,,,,,,,,,,,,,2.092480556849731,,"rgba(38, 166, 154, 0.5)"
2024-06-11 00:00:00+00:00,2.3190087249,2.3190087249,2.1734642443,2.2025731404,336264,0.0,0.0,0.0,0.0,0.0,0.0,0.0,0.0,,,,,,,,2.1997294956177407,2.1278467071650344,2.0895052717222744,,,,,,,,,,,,,2.0950367335788127,,"rgba(38, 166, 154, 0.5)"
2024-06-12 00:00:00+00:00,2.3772265172,2.3966324479,2.270493898,2.270493898,368308,0.0,0.0,0.0,0.0,0.0,0.0,0.0,0.0,,,,,,,,2.2237224880112683,2.1381411148018064,2.0985753280657775,,,,,,,,,,,,,2.0989555154909714,,"rgba(38, 166, 154, 1.0)"
2024-06-13 00:00:00+00:00,2.2607909327,2.3578205864,2.2510879673,2.3481176211,345323,0.0,0.0,0.0,0.0,0.0,0.0,0.0,0.0,,,,,,,,2.2324342744645604,2.144511814948973,2.1046664097189804,,,,,,,,,,,,,2.1016879708841096,,"rgba(38, 166, 154, 1.0)"
2024-06-14 00:00:00+00:00,2.3578205864,2.3772265172,2.2316820365,2.2607909327,341560,0.0,0.0,0.0,0.0,0.0,0.0,0.0,0.0,,,,,,,,2.2427809204721947,2.151597314229506,2.1113086226514413,,,,,,,,,,,,,2.1047661995627998,,"rgba(38, 166, 154, 1.0)"
2024-06-17 00:00:00+00:00,2.3578205864,2.5130680324,2.3384146557,2.4063354133,396576,0.0,0.0,0.0,0.0,0.0,0.0,0.0,0.0,,,,,,,,2.2616958897551873,2.1627238379826434,2.1212972734422126,,,,,,,,,,,,,2.10952356004316,,"rgba(38, 166, 154, 1.0)"
2024-06-18 00:00:00+00:00,2.3578205864,2.4160383787,2.3093057595,2.4063354133,201955,0.0,0.0,0.0,0.0,0.0,0.0,0.0,0.0,,,,,,,,2.267327251350785,2.167093604806931,2.125405248057362,,,,,,,,,,,,,2.1115497016996536,,"rgba(38, 166, 154, 1.0)"
2024-06-20 00:00:00+00:00,2.3481176211,2.3869294826,2.3190087249,2.3578205864,95097,0.0,0.0,0.0,0.0,0.0,0.0,0.0,0.0,,,,,,,,2.2695114227194386,2.1689856188627514,2.127213602941067,,,,,,,,,,,,,2.112455849294149,,"rgba(38, 166, 154, 1.0)"
2024-06-21 00:00:00+00:00,2.3869294826,2.4063354133,2.3384146557,2.3481176211,258573,0.0,0.0,0.0,0.0,0.0,0.0,0.0,0.0,,,,,,,,2.276622133975303,2.1746417611886915,2.1325384461632075,,,,,,,,,,,,,2.115148577550722,,"rgba(38, 166, 154, 1.0)"
2024-06-24 00:00:00+00:00,2.4645532056,2.4742561709,2.3578205864,2.3772265172,122128,0.0,0.0,0.0,0.0,0.0,0.0,0.0,0.0,,,,,,,,2.2813265961929416,2.177904201783881,2.1355229696255686,,,,,,,,,,,,,2.116664290600702,,"rgba(38, 166, 154, 1.0)"
2024-06-25 00:00:00+00:00,2.4548502402,2.4645532056,2.3869294826,2.4354443094,105924,0.0,0.0,0.0,0.0,0.0,0.0,0.0,0.0,,,,,,,,2.285265029014446,2.180702727448828,2.13809147633144,,,,,,,,,,,,,2.117980566299263,,"rgba(38, 166, 154, 1.0)"
2024-06-26 00:00:00+00:00,2.4354443094,2.5421769286,2.4160383787,2.4160383787,138113,0.0,0.0,0.0,0.0,0.0,0.0,0.0,0.0,,,,,,,,2.291046358094824,2.184668283656694,2.141696624889481,,,,,,,,,,,,,2.1198364822759532,,"rgba(38, 166, 154, 1.0)"
2024-06-27 00:00:00+00:00,2.5567313766,2.5712858247,2.4538799437,2.4742561709,305816,0.0,0.0,0.0,0.0,0.0,0.0,0.0,0.0,,,,,,,,2.306790774746759,2.194949286895213,2.1509003708381114,,,,,,,,,,,,,2.124611314132827,,"rgba(38, 166, 154, 1.0)"
2024-06-28 00:00:00+00:00,2.6993649677,2.6993649677,2.5824249691,2.5824249691,252479,0.0,0.0,0.0,0.0,0.0,0.0,0.0,0.0,,,,,,,,2.32523071882086,2.2062006801571283,2.1607460612356415,,,,,,,,,,,,,2.1297450713284016,,"rgba(38, 166, 154, 1.0)"
2024-07-01 00:00:00+00:00,2.592169969,2.7091099676,2.5437373195,2.6896199678,142432,0.0,0.0,0.0,0.0,0.0,0.0,0.0,0.0,,,,,,,,2.3335121484704504,2.2117006793539966,2.165644894597446,,,,,,,,,,,,,2.132354047580741,,"rgba(38, 166, 154, 1.0)"
2024-07-02 00:00:00+00:00,2.5678074692,2.6408949684,2.5434449695,2.5824249691,71642,0.0,0.0,0.0,0.0,0.0,0.0,0.0,0.0,,,,,,,,2.3370625530299254,2.2142034842524945,2.167902225717054,,,,,,,,,,,,,2.1335722729560582,,"rgba(38, 166, 154, 0.75)"
2024-07-03 00:00:00+00:00,2.592169969,2.6311499685,2.5005669701,2.6214049686,1456171,0.0,0.0,0.0,0.0,0.0,0.0,0.0,0.0,,,,,,,,2.390188519210933,2.2575267683987272,2.2080958434359803,,,,,,,,,,,,,2.15649380501309,,"rgba(38, 166, 154, 0.75)"
2024-07-05 00:00:00+00:00,2.6360224684,2.6555124682,2.5726799692,2.6019149688,138246,0.0,0.0,0.0,0.0,0.0,0.0,0.0,0.0,,,,,,,,2.394995328657262,2.261632345279932,2.2119374599604305,,,,,,,,,,,,,2.1587763634303467,,"rgba(38, 166, 154, 0.75)"
2024-07-08 00:00:00+00:00,2.6798749679,2.6993649677,2.6019149688,2.6506399683,132621,0.0,0.0,0.0,0.0,0.0,0.0,0.0,0.0,,,,,,,,2.400184593306626,2.2659021301027367,2.2159007430406295,,,,,,,,,,,,,2.161127814503943,,"rgba(38, 166, 154, 0.75)"
2024-07-09 00:00:00+00:00,2.6603849681,2.6993649677,2.6165324687,2.6603849681,103986,0.0,0.0,0.0,0.0,0.0,0.0,0.0,0.0,,,,,,,,2.404089090686018,2.269173052961437,2.2189484518635214,,,,,,,,,,,,,2.162950238053159,,"rgba(38, 166, 154, 0.75)"
2024-07-10 00:00:00+00:00,2.6506399683,2.6847474678,2.6311499685,2.6506399683,204441,0.0,0.0,0.0,0.0,0.0,0.0,0.0,0.0,,,,,,,,2.4113379559237624,2.2753952621897358,2.2247763423308906,,,,,,,,,,,,,2.166471340537974,,"rgba(38, 166, 154, 0.75)"
2024-07-11 00:00:00+00:00,2.6408949684,2.6798749679,2.592267419,2.6798749679,171502,0.0,0.0,0.0,0.0,0.0,0.0,0.0,0.0,,,,,,,,2.416682986987392,2.280224709618614,2.229349076660276,,,,,,,,,,,,,2.1692802297316565,,"rgba(38, 166, 154, 0.75)"
2024-07-12 00:00:00+00:00,2.6214049686,2.670129968,2.6116599687,2.670129968,91782,0.0,0.0,0.0,0.0,0.0,0.0,0.0,0.0,,,,,,,,2.4194001132501293,2.2827335075426674,2.231735557459046,,,,,,,,,,,,,2.170759305567185,,"rgba(38, 166, 154, 0.75)"
2024-07-15 00:00:00+00:00,2.5531899694,2.6603849681,2.5336999697,2.6506399683,226654,0.0,0.0,0.0,0.0,0.0,0.0,0.0,0.0,,,,,,,,2.424274251877958,2.287885775827304,2.236764831585263,,,,,,,,,,,,,2.1739669082613804,,"rgba(38, 166, 154, 0.5)"
2024-07-16 00:00:00+00:00,2.5239549698,2.5640069193,2.4752299704,2.5629349693,250315,0.0,0.0,0.0,0.0,0.0,0.0,0.0,0.0,,,,,,,,2.427368023588015,2.292230548017477,2.241197417015318,,,,,,,,,,,,,2.1769282541672155,,"rgba(38, 166, 154, 0.5)"
2024-07-17 00:00:00+00:00,2.4849749702,2.4995924701,2.4459949707,2.4947199701,248106,0.0,0.0,0.0,0.0,0.0,0.0,0.0,0.0,,,,,,,,2.428887685901934,2.2955784221735125,2.2447837589815745,,,,,,,,,,,,,2.1794432971283757,,#000000
2024-07-18 00:00:00+00:00,2.50446497,2.5239549698,2.4654849705,2.4849749702,118931,0.0,0.0,0.0,0.0,0.0,0.0,0.0,0.0,,,,,,,,2.4298898326982625,2.2973225157630806,2.246617382429759,,,,,,,,,,,,,2.1807185331796037,,#000000
2024-07-19 00:00:00+00:00,2.6311499685,2.6603849681,2.4654849705,2.4849749702,271212,0.0,0.0,0.0,0.0,0.0,0.0,0.0,0.0,,,,,,,,2.4348783976286796,2.302879820550572,2.2521260200092095,,,,,,,,,,,,,2.1843822371059938,,#000000
2024-07-22 00:00:00+00:00,2.6993649677,2.7091099676,2.5542619194,2.6311499685,160350,0.0,0.0,0.0,0.0,0.0,0.0,0.0,0.0,,,,,,,,2.4389544571735833,2.306838423526965,2.2559519440268097,,,,,,,,,,,,,2.186882171761656,,"rgba(38, 166, 154, 0.5)"
2024-07-23 00:00:00+00:00,2.8163049663,2.9332449649,2.6506399683,2.6896199678,474328,0.0,0.0,0.0,0.0,0.0,0.0,0.0,0.0,,,,,,,,2.457768366871923,2.3227458375008427,2.2708463985997973,,,,,,,,,,,,,2.196383266902399,,"rgba(38, 166, 154, 1.0)"
2024-07-24 00:00:00+00:00,2.7285999673,2.8065599664,2.6652574681,2.8065599664,276371,0.0,0.0,0.0,0.0,0.0,0.0,0.0,0.0,,,,,,,,2.4658912510896944,2.330321763788936,2.278109271570813,,,,,,,,,,,,,2.201188801779814,,"rgba(38, 166, 154, 1.0)"
2024-07-25 00:00:00+00:00,2.7968149665,2.923499965,2.6603849681,2.7773249667,240727,0.0,0.0,0.0,0.0,0.0,0.0,0.0,0.0,,,,,,,,2.4740898322158063,2.3376466991006275,2.2850627949000466,,,,,,,,,,,,,2.2057697452218608,,"rgba(38, 166, 154, 1.0)"
2024-07-26 00:00:00+00:00,2.8845199655,2.9624799645,2.7968149665,2.835794966,240560,0.0,0.0,0.0,0.0,0.0,0.0,0.0,0.0,,,,,,,,2.484022288979034,2.346103038515679,2.2929931699994763,,,,,,,,,,,,,2.2109498444555937,,"rgba(38, 166, 154, 1.0)"
2024-07-29 00:00:00+00:00,2.8065599664,2.8650299657,2.757834967,2.8260499662,209592,0.0,0.0,0.0,0.0,0.0,0.0,0.0,0.0,,,,,,,,2.4908021175324992,2.35230358404105,2.298913933593413,,,,,,,,,,,,,2.2149244585846692,,"rgba(38, 166, 154, 1.0)"
2024-07-30 00:00:00+00:00,2.8845199655,2.8942649653,2.7285999673,2.8163049663,254542,0.0,0.0,0.0,0.0,0.0,0.0,0.0,0.0,,,,,,,,2.499306469996103,2.3600297724364228,2.306281168755577,,,,,,,,,,,,,2.2198888957823524,,"rgba(38, 166, 154, 1.0)"
2024-07-31 00:00:00+00:00,2.9040099652,2.923499965,2.7870699666,2.9137549651,132368,0.0,0.0,0.0,0.0,0.0,0.0,0.0,0.0,,,,,,,,2.504017574744948,2.3642452716849833,2.310286136532359,,,,,,,,,,,,,2.2225872358725267,,"rgba(38, 166, 154, 1.0)"
2024-08-01 00:00:00+00:00,2.8552849658,2.9088824652,2.8065599664,2.8845199655,93426,0.0,0.0,0.0,0.0,0.0,0.0,0.0,0.0,,,,,,,,2.5071421174535238,2.3670944693158598,2.3130061317696273,,,,,,,,,,,,,2.224435727449804,,"rgba(38, 166, 154, 1.0)"
2024-08-02 00:00:00+00:00,2.8309224661,2.8650299657,2.757932417,2.8552849658,176161,0.0,0.0,0.0,0.0,0.0,0.0,0.0,0.0,,,,,,,,2.5122460480897084,2.371958006651104,2.317699877353324,,,,,,,,,,,,,2.2276791955738484,,"rgba(38, 166, 154, 1.0)"
2024-08-05 00:00:00+00:00,2.7383449672,2.7870699666,2.6798749679,2.6798749679,141948,0.0,0.0,0.0,0.0,0.0,0.0,0.0,0.0,,,,,,,,2.515156235952626,2.375087233265345,2.3208029665405343,,,,,,,,,,,,,2.2299037686997556,,"rgba(38, 166, 154, 0.5)"
2024-08-06 00:00:00+00:00,2.7480899671,2.8260499662,2.7091099676,2.8260499662,226056,0.0,0.0,0.0,0.0,0.0,0.0,0.0,0.0,,,,,,,,2.520166505402309,2.3803125771535734,2.3259546553700505,,,,,,,,,,,,,2.233586650363112,,"rgba(38, 166, 154, 0.5)"
2024-08-07 00:00:00+00:00,2.6896199678,2.835794966,2.6798749679,2.7968149665,217143,0.0,0.0,0.0,0.0,0.0,0.0,0.0,0.0,,,,,,,,2.5242918945575368,2.384866806763054,2.330502128189394,,,,,,,,,,,,,2.2369046244166255,,#000000
2024-08-08 00:00:00+00:00,2.670129968,2.6896199678,2.6311499685,2.6896199678,167479,0.0,0.0,0.0,0.0,0.0,0.0,0.0,0.0,,,,,,,,2.5263246265648074,2.387599728902905,2.333333642245987,,,,,,,,,,,,,2.2390710774463267,,#000000
2024-08-09 00:00:00+00:00,2.7480899671,2.8432011659,2.6798749679,2.7188549674,47127,0.0,0.0,0.0,0.0,0.0,0.0,0.0,0.0,,,,,,,,2.527267895898176,2.3886161226930596,2.334344653843735,,,,,,,,,,,,,2.239810007765404,,#000000
2024-08-12 00:00:00+00:00,2.6408949684,2.757834967,2.6311499685,2.757834967,396260,0.0,0.0,0.0,0.0,0.0,0.0,0.0,0.0,,,,,,,,2.532231457146853,2.3951277102562076,2.341076638009299,,,,,,,,,,,,,2.2449874846439384,,#000000
2024-08-13 00:00:00+00:00,2.6311499685,2.6798749679,2.5824249691,2.6506399683,390126,0.0,0.0,0.0,0.0,0.0,0.0,0.0,0.0,,,,,,,,2.535365343273092,2.4002669073935463,2.3465867754819008,,,,,,,,,,,,,2.249441740792624,,"rgba(239, 83, 80, 1.0)"
2024-08-14 00:00:00+00:00,2.6506399683,2.6896199678,2.5824249691,2.6506399683,238910,0.0,0.0,0.0,0.0,0.0,0.0,0.0,0.0,,,,,,,,2.5373738079807713,2.4034333036078603,2.3499710339062023,,,,,,,,,,,,,2.252187468476479,,"rgba(239, 83, 80, 1.0)"
2024-08-15 00:00:00+00:00,2.592169969,2.7030680676,2.5726799692,2.6798749679,237265,0.0,0.0,0.0,0.0,0.0,0.0,0.0,0.0,,,,,,,,2.538955531497949,2.4062609957166474,2.353049707842613,,,,,,,,,,,,,2.2547501460017276,,"rgba(239, 83, 80, 1.0)"
2024-08-16 00:00:00+00:00,2.5970424689,2.6165324687,2.4654849705,2.592169969,452656,0.0,0.0,0.0,0.0,0.0,0.0,0.0,0.0,,,,,,,,2.5396641455947933,2.4099461316694435,2.3574069914413833,,,,,,,,,,,,,2.2587221712152474,,"rgba(239, 83, 80, 1.0)"
2024-08-19 00:00:00+00:00,2.5239549698,2.6116599687,2.4557399706,2.6019149688,899918,0.0,0.0,0.0,0.0,0.0,0.0,0.0,0.0,,,,,,,,2.5390779440634677,2.415438234698387,2.364369495817232,,,,,,,,,,,,,2.265581324982624,,"rgba(239, 83, 80, 1.0)"
2024-08-20 00:00:00+00:00,2.6603849681,2.6993649677,2.4947199701,2.5434449695,298267,0.0,0.0,0.0,0.0,0.0,0.0,0.0,0.0,,,,,,,,2.5407112473642286,2.4184548231430454,2.3677093379110214,,,,,,,,,,,,,2.2685066196832055,,"rgba(239, 83, 80, 0.75)"
2024-08-21 00:00:00+00:00,2.6116599687,2.6311499685,2.592169969,2.6311499685,102808,0.0,0.0,0.0,0.0,0.0,0.0,0.0,0.0,,,,,,,,2.54121277259184,2.419440742562941,2.3688109138605458,,,,,,,,,,,,,2.269485179640264,,"rgba(239, 83, 80, 0.75)"
2024-08-22 00:00:00+00:00,2.6019149688,2.6214049686,2.5580624694,2.6214049686,142174,0.0,0.0,0.0,0.0,0.0,0.0,0.0,0.0,,,,,,,,2.541721808557745,2.420662520796682,2.370207128969592,,,,,,,,,,,,,2.27075909947144,,"rgba(239, 83, 80, 0.75)"
2024-08-23 00:00:00+00:00,2.670129968,2.7091099676,2.6019149688,2.6311499685,233201,0.0,0.0,0.0,0.0,0.0,0.0,0.0,0.0,,,,,,,,2.5435766240818047,2.423386586552828,2.3731311349777964,,,,,,,,,,,,,2.2732534182061688,,"rgba(239, 83, 80, 0.75)"
2024-08-26 00:00:00+00:00,2.7139824675,2.7188549674,2.6311499685,2.6603849681,121846,0.0,0.0,0.0,0.0,0.0,0.0,0.0,0.0,,,,,,,,2.544746549146004,2.4249483807303123,2.3747802018596498,,,,,,,,,,,,,2.2746360711993368,,#000000
2024-08-27 00:00:00+00:00,2.6603849681,2.7042374676,2.6506399683,2.6896199678,86218,0.0,0.0,0.0,0.0,0.0,0.0,0.0,0.0,,,,,,,,2.5454704301175175,2.4259748613619725,2.3758767124654026,,,,,,,,,,,,,2.2755706540559495,,#000000
2024-08-28 00:00:00+00:00,2.6603849681,2.7237274674,2.6457674683,2.6798749679,162113,0.0,0.0,0.0,0.0,0.0,0.0,0.0,0.0,,,,,,,,2.5468610769042357,2.4279197875277023,2.3779502660700613,,,,,,,,,,,,,2.2773375278478705,,#000000
2024-08-29 00:00:00+00:00,2.6896199678,2.7091099676,2.6360224684,2.7091099676,202673,0.0,0.0,0.0,0.0,0.0,0.0,0.0,0.0,,,,,,,,2.5485799679591916,2.430324883003812,2.3805166196654595,,,,,,,,,,,,,2.279533584675184,,#000000
2024-08-30 00:00:00+00:00,2.7188549674,2.7188549674,2.670129968,2.6798749679,125445,0.0,0.0,0.0,0.0,0.0,0.0,0.0,0.0,,,,,,,,2.5498172156087313,2.431934525119923,2.382211398119109,,,,,,,,,,,,,2.280963146238812,,"rgba(38, 166, 154, 0.5)"
2024-09-03 00:00:00+00:00,2.5629349693,2.6870862678,2.5629349693,2.670129968,105708,0.0,0.0,0.0,0.0,0.0,0.0,0.0,0.0,,,,,,,,2.550183632421407,2.4327889897736563,2.3831918420190648,,,,,,,,,,,,,2.281881226638713,,#000000
2024-09-04 00:00:00+00:00,2.5336999697,2.6798749679,2.4752299704,2.5726799692,366459,0.0,0.0,0.0,0.0,0.0,0.0,0.0,0.0,,,,,,,,2.55047405751502,2.4349875864219097,2.385900997880356,,,,,,,,,,,,,2.2846206142473733,,"rgba(239, 83, 80, 1.0)"
2024-09-05 00:00:00+00:00,2.5629349693,2.5726799692,2.5142099699,2.5142099699,92405,0.0,0.0,0.0,0.0,0.0,0.0,0.0,0.0,,,,,,,,2.550471017211721,2.435475185751409,2.3865220896550405,,,,,,,,,,,,,2.2852711029904365,,"rgba(239, 83, 80, 1.0)"
2024-09-06 00:00:00+00:00,2.50446497,2.6214049686,2.50446497,2.5434449695,188230,0.0,0.0,0.0,0.0,0.0,0.0,0.0,0.0,,,,,,,,2.5503902298690764,2.4364000927836025,2.387723101534255,,,,,,,,,,,,,2.286554054495548,,"rgba(239, 83, 80, 1.0)"
2024-09-09 00:00:00+00:00,2.50446497,2.5336999697,2.4801024703,2.4947199701,215530,0.0,0.0,0.0,0.0,0.0,0.0,0.0,0.0,,,,,,,,2.5498145447695912,2.4370770170807075,2.3887513963359215,,,,,,,,,,,,,2.2877961546673298,,"rgba(239, 83, 80, 1.0)"
2024-09-10 00:00:00+00:00,2.4995924701,2.50446497,2.4752299704,2.50446497,137950,0.0,0.0,0.0,0.0,0.0,0.0,0.0,0.0,,,,,,,,2.5493466869751216,2.4374231409613976,2.3893283826846927,,,,,,,,,,,,,2.288536927412659,,"rgba(239, 83, 80, 1.0)"
2024-09-11 00:00:00+00:00,2.5434449695,2.5531899694,2.4849749702,2.5142099699,123120,0.0,0.0,0.0,0.0,0.0,0.0,0.0,0.0,,,,,,,,2.5491848593633506,2.437915516903825,2.390005479057725,,,,,,,,,,,,,2.2893030505768985,,"rgba(239, 83, 80, 1.0)"
2024-09-12 00:00:00+00:00,2.6408949684,2.6495680183,2.5336999697,2.5434449695,177346,0.0,0.0,0.0,0.0,0.0,0.0,0.0,0.0,,,,,,,,2.5497981178751523,2.439249023891281,2.391537097014588,,,,,,,,,,,,,2.290770113022911,,"rgba(239, 83, 80, 0.75)"
2024-09-13 00:00:00+00:00,2.6506399683,2.6993649677,2.6360224684,2.6798749679,209132,0.0,0.0,0.0,0.0,0.0,0.0,0.0,0.0,,,,,,,,2.551159830927187,2.441289036723266,2.3937590538824116,,,,,,,,,,,,,2.2927741173451666,,#000000
2024-09-16 00:00:00+00:00,2.6311499685,2.6408949684,2.5734595692,2.592169969,108629,0.0,0.0,0.0,0.0,0.0,0.0,0.0,0.0,,,,,,,,2.551560774262342,2.442112240295142,2.394699826737746,,,,,,,,,,,,,2.293675566651312,,#000000
2024-09-17 00:00:00+00:00,2.6408949684,2.6555124682,2.6311499685,2.6408949684,54876,0.0,0.0,0.0,0.0,0.0,0.0,0.0,0.0,,,,,,,,2.5518476895271385,2.4425903985632518,2.395230625480051,,,,,,,,,,,,,2.294167616002464,,#000000
2024-09-18 00:00:00+00:00,2.6311499685,2.6983904677,2.6116599687,2.6408949684,75537,0.0,0.0,0.0,0.0,0.0,0.0,0.0,0.0,,,,,,,,2.552259342090597,2.443259752000966,2.3959709320415747,,,,,,,,,,,,,2.294851470148984,,#000000
2024-09-19 00:00:00+00:00,2.6993649677,2.7285999673,2.6408949684,2.670129968,106651,0.0,0.0,0.0,0.0,0.0,0.0,0.0,0.0,,,,,,,,2.5530926994919003,2.444393157849402,2.397184679850725,,,,,,,,,,,,,2.295928614490215,,"rgba(38, 166, 154, 0.5)"
2024-09-20 00:00:00+00:00,2.757834967,2.8163049663,2.7285999673,2.7285999673,264107,0.0,0.0,0.0,0.0,0.0,0.0,0.0,0.0,,,,,,,,2.5562674473927114,2.4480336795954045,2.4009374989276773,,,,,,,,,,,,,2.299094118530004,,"rgba(38, 166, 154, 1.0)"
2024-09-23 00:00:00+00:00,2.757834967,2.8552849658,2.7383449672,2.8260499662,270271,0.0,0.0,0.0,0.0,0.0,0.0,0.0,0.0,,,,,,,,2.5596627864462342,2.4518603144316042,2.4048666554371763,,,,,,,,,,,,,2.302400602208238,,"rgba(38, 166, 154, 1.0)"
2024-09-24 00:00:00+00:00,2.8747749656,2.8845199655,2.6993649677,2.757834967,283452,0.0,0.0,0.0,0.0,0.0,0.0,0.0,0.0,,,,,,,,2.5636670744368444,2.4562029913360828,2.4092821868016694,,,,,,,,,,,,,2.306074031640153,,"rgba(38, 166, 154, 1.0)"
2024-09-25 00:00:00+00:00,2.8747749656,2.8747749656,2.8163049663,2.8455399659,251337,0.0,0.0,0.0,0.0,0.0,0.0,0.0,0.0,,,,,,,,2.567597438790854,2.46033905012232,2.413453725217765,,,,,,,,,,,,,2.309511527658952,,"rgba(38, 166, 154, 1.0)"
2024-09-26 00:00:00+00:00,2.9040099652,2.9040099652,2.835794966,2.8650299657,233693,0.0,0.0,0.0,0.0,0.0,0.0,0.0,0.0,,,,,,,,2.5714796406242884,2.464356601322437,2.41748705986648,,,,,,,,,,,,,2.312819684296047,,"rgba(38, 166, 154, 1.0)"
2024-09-27 00:00:00+00:00,2.8572339658,2.959976968,2.8376638701,2.9257293006,539044,0.0,0.0,0.0,0.0,0.0,0.0,0.0,0.0,,,,,,,,2.580180479892038,2.473416866759298,2.426602314495944,,,,,,,,,,,,,2.3203548743897273,,"rgba(38, 166, 154, 1.0)"
2024-09-30 00:00:00+00:00,2.9550844441,2.9550844441,2.8865891093,2.8865891093,359198,0.0,0.0,0.0,0.0,0.0,0.0,0.0,0.0,,,,,,,,2.586573934157539,2.4799098948195426,2.43308817073128,,,,,,,,,,,,,2.3256782457235223,,"rgba(38, 166, 154, 1.0)"
2024-10-01 00:00:00+00:00,2.9746545397,2.9746545397,2.9061592049,2.9746545397,166657,0.0,0.0,0.0,0.0,0.0,0.0,0.0,0.0,,,,,,,,2.589625610883063,2.482988112548761,2.4361570156193135,,,,,,,,,,,,,2.328195474197301,,"rgba(38, 166, 154, 1.0)"
2024-10-02 00:00:00+00:00,3.013794731,3.013794731,2.9648694919,2.9746545397,163689,0.0,0.0,0.0,0.0,0.0,0.0,0.0,0.0,,,,,,,,2.5929453817254555,2.486263357631905,2.439399867729391,,,,,,,,,,,,,2.330827846982904,,"rgba(38, 166, 154, 1.0)"
2024-10-03 00:00:00+00:00,2.9452993962,2.9942246354,2.9257293006,2.9942246354,132799,0.0,0.0,0.0,0.0,0.0,0.0,0.0,0.0,,,,,,,,2.5953210647886533,2.488672182396853,2.441805549325211,,,,,,,,,,,,,2.3328134269912004,,"rgba(38, 166, 154, 1.0)"
2024-10-04 00:00:00+00:00,2.9550844441,2.9648694919,2.9159442527,2.9648694919,96034,0.0,0.0,0.0,0.0,0.0,0.0,0.0,0.0,,,,,,,,2.5969735176659334,2.490362543160419,2.4434983886773436,,,,,,,,,,,,,2.3342189980862416,,"rgba(38, 166, 154, 0.75)"
2024-10-07 00:00:00+00:00,2.9257293006,2.959976968,2.8963741571,2.9452993962,142554,0.0,0.0,0.0,0.0,0.0,0.0,0.0,0.0,,,,,,,,2.5992730076221195,2.4927507454687654,2.44590128563733,,,,,,,,,,,,,2.3362326861410834,,"rgba(38, 166, 154, 0.75)"
2024-10-08 00:00:00+00:00,2.9159442527,2.9355143484,2.8572339658,2.9061592049,142038,0.0,0.0,0.0,0.0,0.0,0.0,0.0,0.0,,,,,,,,2.6013640829715725,2.4949719987551924,2.4481514175622543,,,,,,,,,,,,,2.338143062579806,,"rgba(38, 166, 154, 0.75)"
2024-10-09 00:00:00+00:00,2.8768040614,2.9257293006,2.8572339658,2.9257293006,70439,0.0,0.0,0.0,0.0,0.0,0.0,0.0,0.0,,,,,,,,2.6023349245085265,2.4960209715494877,2.449219371990577,,,,,,,,,,,,,2.33905846015448,,"rgba(38, 166, 154, 0.75)"
2024-10-10 00:00:00+00:00,2.8670190136,2.8914816332,2.847448918,2.8865891093,150781,0.0,0.0,0.0,0.0,0.0,0.0,0.0,0.0,,,,,,,,2.6042612817898,2.4981453383710197,2.4513949752466946,,,,,,,,,,,,,2.340943850679435,,"rgba(38, 166, 154, 0.75)"
2024-10-11 00:00:00+00:00,2.9061592049,2.9218152814,2.8670190136,2.8865891093,105853,0.0,0.0,0.0,0.0,0.0,0.0,0.0,0.0,,,,,,,,2.605747041693775,2.4997406169886154,2.4530165732052933,,,,,,,,,,,,,2.3423334511715908,,"rgba(38, 166, 154, 0.75)"
2024-10-14 00:00:00+00:00,2.9355143484,2.9447122934,2.8963741571,2.9159442527,70669,0.0,0.0,0.0,0.0,0.0,0.0,0.0,0.0,,,,,,,,2.606822074273848,2.5008707897685145,2.4541583736130317,,,,,,,,,,,,,2.3433025186924343,,"rgba(38, 166, 154, 0.75)"
2024-10-15 00:00:00+00:00,2.901266681,2.9452993962,2.8865891093,2.9452993962,65024,0.0,0.0,0.0,0.0,0.0,0.0,0.0,0.0,,,,,,,,2.6077602116123053,2.5018701157748136,2.45517197634248,,,,,,,,,,,,,2.3441692294719028,,"rgba(38, 166, 154, 0.75)"
2024-10-16 00:00:00+00:00,2.9159442527,2.9550844441,2.901266681,2.9550844441,106588,0.0,0.0,0.0,0.0,0.0,0.0,0.0,0.0,,,,,,,,2.609351179791583,2.50354962648556,2.4568710642912808,,,,,,,,,,,,,2.3456168071563126,,"rgba(38, 166, 154, 0.75)"
2024-10-17 00:00:00+00:00,2.9159442527,2.9355143484,2.8865891093,2.9355143484,74643,0.0,0.0,0.0,0.0,0.0,0.0,0.0,0.0,,,,,,,,2.61041576644028,2.504686134587291,2.458024720917649,,,,,,,,,,,,,2.3466063226204574,,"rgba(38, 166, 154, 0.75)"
2024-10-18 00:00:00+00:00,2.9550844441,2.9550844441,2.901266681,2.9355143484,170255,0.0,0.0,0.0,0.0,0.0,0.0,0.0,0.0,,,,,,,,2.6130105426312213,2.507408966531647,2.4607748103649016,,,,,,,,,,,,,2.348947440629633,,"rgba(38, 166, 154, 0.75)"
2024-10-21 00:00:00+00:00,3.0040096832,3.1124280131,2.9355143484,3.0235797789,278224,0.0,0.0,0.0,0.0,0.0,0.0,0.0,0.0,,,,,,,,2.6181903955656227,2.5126019520334215,2.4659465962255935,,,,,,,,,,,,,2.3532495550038486,,"rgba(38, 166, 154, 1.0)"
2024-10-22 00:00:00+00:00,3.1116452093,3.1605704484,2.9844395875,3.0040096832,306897,0.0,0.0,0.0,0.0,0.0,0.0,0.0,0.0,,,,,,,,2.6247031204023736,2.5189668001591383,2.472233346633631,,,,,,,,,,,,,2.358412301758112,,"rgba(38, 166, 154, 1.0)"
2024-10-23 00:00:00+00:00,3.0822900658,3.1703554963,2.9697620158,3.1410003528,221051,0.0,0.0,0.0,0.0,0.0,0.0,0.0,0.0,,,,,,,,2.6291693098141047,2.5233737224540973,2.4766002624676093,,,,,,,,,,,,,2.3620283639003032,,"rgba(38, 166, 154, 1.0)"
2024-10-24 00:00:00+00:00,3.0529349223,3.0822900658,2.9648694919,3.0822900658,209007,0.0,0.0,0.0,0.0,0.0,0.0,0.0,0.0,,,,,,,,2.632931759608545,2.527172935696253,2.4803935831592088,,,,,,,,,,,,,2.3652201182155856,,"rgba(38, 166, 154, 1.0)"
2024-10-25 00:00:00+00:00,2.9844395875,3.0627199702,2.9452993962,3.0627199702,146489,0.0,0.0,0.0,0.0,0.0,0.0,0.0,0.0,,,,,,,,2.6352947488310603,2.5296158088891567,2.482851072723229,,,,,,,,,,,,,2.3673199698393357,,"rgba(38, 166, 154, 0.75)"
2024-10-28 00:00:00+00:00,3.0040096832,3.0333648267,2.9501919201,3.0040096832,197667,0.0,0.0,0.0,0.0,0.0,0.0,0.0,0.0,,,,,,,,2.6384210066927274,2.532860838808986,2.4861199402036034,,,,,,,,,,,,,2.3701241486196727,,"rgba(38, 166, 154, 0.75)"
2024-10-29 00:00:00+00:00,3.0235797789,3.0431498745,2.9550844441,3.013794731,192458,0.0,0.0,0.0,0.0,0.0,0.0,0.0,0.0,,,,,,,,2.641508794403599,2.53605408564396,2.489333274215503,,,,,,,,,,,,,2.372879868269842,,"rgba(38, 166, 154, 0.75)"
2024-10-30 00:00:00+00:00,2.9942246354,3.013794731,2.9550844441,3.0040096832,144755,0.0,0.0,0.0,0.0,0.0,0.0,0.0,0.0,,,,,,,,2.6436749343874784,2.538329088584202,2.4916338168188186,,,,,,,,,,,,,2.374873437532893,,"rgba(38, 166, 154, 0.5)"
2024-10-31 00:00:00+00:00,2.8963741571,2.9844395875,2.8676061165,2.9844395875,196011,0.0,0.0,0.0,0.0,0.0,0.0,0.0,0.0,,,,,,,,2.645964022039788,2.540888569107278,2.4942707844179335,,,,,,,,,,,,,2.377239562736103,,#000000
2024-11-01 00:00:00+00:00,2.847448918,2.9159442527,2.8180937745,2.9159442527,138232,0.0,0.0,0.0,0.0,0.0,0.0,0.0,0.0,,,,,,,,2.647227610324984,2.5424082485866206,2.4958681282592257,,,,,,,,,,,,,2.378724797913156,,"rgba(239, 83, 80, 1.0)"
2024-11-04 00:00:00+00:00,2.8670190136,2.8963741571,2.8132012506,2.8768040614,158248,0.0,0.0,0.0,0.0,0.0,0.0,0.0,0.0,,,,,,,,2.648645091656707,2.544121502558376,2.497671643204826,,,,,,,,,,,,,2.3804082086066956,,"rgba(239, 83, 80, 1.0)"
2024-11-05 00:00:00+00:00,2.8376638701,2.8963741571,2.7936311549,2.8670190136,237592,0.0,0.0,0.0,0.0,0.0,0.0,0.0,0.0,,,,,,,,2.6505756221434686,2.5465277207656647,2.500225267880335,,,,,,,,,,,,,2.3828282171058706,,"rgba(239, 83, 80, 1.0)"
2024-11-06 00:00:00+00:00,2.7691685353,2.7985236788,2.7202432962,2.788738631,209996,0.0,0.0,0.0,0.0,0.0,0.0,0.0,0.0,,,,,,,,2.651553164440258,2.548056942679285,2.501931453056753,,,,,,,,,,,,,2.3845779985886586,,"rgba(239, 83, 80, 1.0)"
2024-11-07 00:00:00+00:00,2.7495984397,2.7691685353,2.6908881527,2.7398133918,364613,0.0,0.0,0.0,0.0,0.0,0.0,0.0,0.0,,,,,,,,2.652821261448746,2.550344636915868,2.504550485017762,,,,,,,,,,,,,2.387371061792492,,"rgba(239, 83, 80, 1.0)"
2024-11-08 00:00:00+00:00,2.6517479614,2.7495984397,2.5881451505,2.7495984397,328637,0.0,0.0,0.0,0.0,0.0,0.0,0.0,0.0,,,,,,,,2.652958492858966,2.5515654271565444,2.5061304650407026,,,,,,,,,,,,,2.3893296473052024,,"rgba(239, 83, 80, 1.0)"
2024-11-11 00:00:00+00:00,2.6321778657,2.6370703896,2.5441124353,2.6223928179,486747,0.0,0.0,0.0,0.0,0.0,0.0,0.0,0.0,,,,,,,,2.6520236364723706,2.5523996804670626,2.5075599960742094,,,,,,,,,,,,,2.3915688373814348,,"rgba(239, 83, 80, 1.0)"
2024-11-12 00:00:00+00:00,2.6028227223,2.6321778657,2.5636825309,2.6028227223,212555,0.0,0.0,0.0,0.0,0.0,0.0,0.0,0.0,,,,,,,,2.651585774788197,2.5527223164224817,2.5081404265445,,,,,,,,,,,,,2.392509963441849,,"rgba(239, 83, 80, 1.0)"
2024-11-13 00:00:00+00:00,2.504972244,2.6419629136,2.4951871961,2.6419629136,304674,0.0,0.0,0.0,0.0,0.0,0.0,0.0,0.0,,,,,,,,2.6503537973236684,2.552670381425947,2.508492044411623,,,,,,,,,,,,,2.39350791178296,,"rgba(239, 83, 80, 1.0)"
2024-11-14 00:00:00+00:00,2.446261957,2.504972244,2.4022292418,2.504972244,937371,0.0,0.0,0.0,0.0,0.0,0.0,0.0,0.0,,,,,,,,2.643362867928906,2.5497254332365307,2.506953484795869,,,,,,,,,,,,,2.394628589391744,,"rgba(239, 83, 80, 1.0)"
2024-11-15 00:00:00+00:00,2.38755167,2.4511544809,2.3777666222,2.446261957,247042,0.0,0.0,0.0,0.0,0.0,0.0,0.0,0.0,,,,,,,,2.641182894798104,2.5486310629276114,2.506240993229872,,,,,,,,,,,,,2.3946839588502753,,"rgba(239, 83, 80, 1.0)"
2024-11-18 00:00:00+00:00,2.5930376744,2.6370703896,2.4169068135,2.4169068135,437822,0.0,0.0,0.0,0.0,0.0,0.0,0.0,0.0,,,,,,,,2.6397096849267587,2.5486360239593937,2.5067666559279744,,,,,,,,,,,,,2.3960655933081525,,"rgba(239, 83, 80, 0.75)"
2024-11-19 00:00:00+00:00,2.6908881527,2.730028344,2.5636825309,2.6223928179,380985,0.0,0.0,0.0,0.0,0.0,0.0,0.0,0.0,,,,,,,,2.6400090289042226,2.549924653019303,2.5084045857592963,,,,,,,,,,,,,2.398117791420592,,"rgba(239, 83, 80, 0.75)"
2024-11-20 00:00:00+00:00,2.6321778657,2.7202432962,2.5734675788,2.7104582484,137971,0.0,0.0,0.0,0.0,0.0,0.0,0.0,0.0,,,,,,,,2.6400186866662887,2.5503035336692843,2.5089145131441364,,,,,,,,,,,,,2.398798541873663,,"rgba(239, 83, 80, 0.75)"
2024-11-21 00:00:00+00:00,2.6908881527,2.7006732005,2.5734675788,2.6321778657,83951,0.0,0.0,0.0,0.0,0.0,0.0,0.0,0.0,,,,,,,,2.6400636378152837,2.550565145664745,2.5092531259740545,,,,,,,,,,,,,2.3992330248560174,,"rgba(239, 83, 80, 0.75)"
2024-11-22 00:00:00+00:00,2.7202432962,2.7495984397,2.6889311431,2.7006732005,184992,0.0,0.0,0.0,0.0,0.0,0.0,0.0,0.0,,,,,,,,2.640585666887551,2.5514906558430686,2.5103219339694185,,,,,,,,,,,,,2.400425687264472,,"rgba(239, 83, 80, 0.75)"
2024-11-25 00:00:00+00:00,2.5930376744,2.6932365642,2.5538974831,2.6908881527,186550,0.0,0.0,0.0,0.0,0.0,0.0,0.0,0.0,,,,,,,,2.6404068346226186,2.551830569887005,2.5108473840054604,,,,,,,,,,,,,2.401222222428937,,"rgba(239, 83, 80, 0.75)"
2024-11-26 00:00:00+00:00,2.5979301983,2.6028227223,2.5636825309,2.5832526266,56872,0.0,0.0,0.0,0.0,0.0,0.0,0.0,0.0,,,,,,,,2.6403022730273955,2.551891262644436,2.510967334105803,,,,,,,,,,,,,2.40143511860004,,"rgba(239, 83, 80, 0.75)"
2024-11-27 00:00:00+00:00,2.5734675788,2.6225885189,2.5636825309,2.6028227223,71402,0.0,0.0,0.0,0.0,0.0,0.0,0.0,0.0,,,,,,,,2.640167665539895,2.551963896676739,2.5111143594408785,,,,,,,,,,,,,2.401699485584903,,"rgba(239, 83, 80, 0.75)"
2024-11-29 00:00:00+00:00,2.5930376744,2.6272853418,2.5636825309,2.5832526266,54810,0.0,0.0,0.0,0.0,0.0,0.0,0.0,0.0,,,,,,,,2.6400803222898994,2.5520324272186596,2.511238888292323,,,,,,,,,,,,,2.4019107653254146,,"rgba(239, 83, 80, 0.75)"
2024-12-02 00:00:00+00:00,2.5147572918,2.5930376744,2.5147572918,2.5636825309,94861,0.0,0.0,0.0,0.0,0.0,0.0,0.0,0.0,,,,,,,,2.639751732129022,2.5520014573385286,2.511315074572072,,,,,,,,,,,,,2.4021735519181555,,"rgba(239, 83, 80, 0.75)"
2024-12-03 00:00:00+00:00,2.5490049592,2.6138798263,2.5147572918,2.5147572918,81358,0.0,0.0,0.0,0.0,0.0,0.0,0.0,0.0,,,,,,,,2.639523648770232,2.5520185498062564,2.511420535679279,,,,,,,,,,,,,2.402427881100694,,"rgba(239, 83, 80, 0.75)"
2024-12-04 00:00:00+00:00,2.5245423396,2.5832526266,2.5000797201,2.5441124353,212384,0.0,0.0,0.0,0.0,0.0,0.0,0.0,0.0,,,,,,,,2.6387636169903868,2.551919805481635,2.511560762979325,,,,,,,,,,,,,2.4029900332886784,,"rgba(239, 83, 80, 0.75)"
2024-12-05 00:00:00+00:00,2.504972244,2.5930376744,2.4560470048,2.5245423396,115977,0.0,0.0,0.0,0.0,0.0,0.0,0.0,0.0,,,,,,,,2.6382816714175874,2.5518063664092447,2.511580854277182,,,,,,,,,,,,,2.4032538691704555,,"rgba(239, 83, 80, 0.75)"
2024-12-06 00:00:00+00:00,2.5245423396,2.5441124353,2.4560470048,2.504972244,168201,0.0,0.0,0.0,0.0,0.0,0.0,0.0,0.0,,,,,,,,2.6375331868197787,2.5515959312145915,2.5115658213444334,,,,,,,,,,,,,2.4036019242503897,,"rgba(239, 83, 80, 0.75)"
2024-12-09 00:00:00+00:00,2.5832526266,2.6566404853,2.5343273875,2.5636825309,181155,0.0,0.0,0.0,0.0,0.0,0.0,0.0,0.0,,,,,,,,2.6372490240613473,2.551801935919576,2.51195019121787,,,,,,,,,,,,,2.404270147920345,,"rgba(239, 83, 80, 0.75)"
2024-12-10 00:00:00+00:00,2.5538974831,2.6126077701,2.5441124353,2.6028227223,94988,0.0,0.0,0.0,0.0,0.0,0.0,0.0,0.0,,,,,,,,2.63703315514984,2.5518517357728943,2.5120968760738873,,,,,,,,,,,,,2.4045791517053883,,"rgba(239, 83, 80, 0.75)"
2024-12-11 00:00:00+00:00,2.5441124353,2.5734675788,2.5245423396,2.5636825309,123403,0.0,0.0,0.0,0.0,0.0,0.0,0.0,0.0,,,,,,,,2.636659669436726,2.551836050331637,2.5122118978523997,,,,,,,,,,,,,2.4049237747501704,,"rgba(239, 83, 80, 0.75)"
2024-12-12 00:00:00+00:00,2.4756171005,2.5441124353,2.4658320527,2.5245423396,94563,0.0,0.0,0.0,0.0,0.0,0.0,0.0,0.0,,,,,,,,2.636209513178582,2.551684389960607,2.5121694674885946,,,,,,,,,,,,,2.405090398267227,,"rgba(239, 83, 80, 0.75)"
2024-12-13 00:00:00+00:00,2.4266918613,2.5244444891,2.4169068135,2.4658320527,99924,0.0,0.0,0.0,0.0,0.0,0.0,0.0,0.0,,,,,,,,2.6356056686125613,2.5514145051383674,2.5120219672861577,,,,,,,,,,,,,2.4051895383272246,,"rgba(239, 83, 80, 1.0)"
2024-12-16 00:00:00+00:00,2.4169068135,2.4951871961,2.4071217657,2.4364769092,142898,0.0,0.0,0.0,0.0,0.0,0.0,0.0,0.0,,,,,,,,2.63467150352101,2.550965790726323,2.5117514655530497,,,,,,,,,,,,,2.4052854589112496,,"rgba(239, 83, 80, 1.0)"
2024-12-17 00:00:00+00:00,2.3581965266,2.4169068135,2.3484114787,2.4169068135,155757,0.0,0.0,0.0,0.0,0.0,0.0,0.0,0.0,,,,,,,,2.633326004964396,2.5501963371434067,2.5111939120755653,,,,,,,,,,,,,2.405192592053407,,"rgba(239, 83, 80, 1.0)"
2024-12-18 00:00:00+00:00,2.2505610004,2.3679815744,2.2065282852,2.3679815744,273519,0.0,0.0,0.0,0.0,0.0,0.0,0.0,0.0,,,,,,,,2.630101262702458,2.5481052770572803,2.509521038347688,,,,,,,,,,,,,2.404506571189221,,"rgba(239, 83, 80, 1.0)"
2024-12-19 00:00:00+00:00,2.221205857,2.3396049357,2.1918507135,2.2505610004,267989,0.0,0.0,0.0,0.0,0.0,0.0,0.0,0.0,,,,,,,,2.626786546241549,2.5459087106537175,2.5077384580085056,,,,,,,,,,,,,2.403717404762319,,"rgba(239, 83, 80, 1.0)"
2024-12-20 00:00:00+00:00,2.2994862396,2.3190563352,2.2114208091,2.2309909048,83820,0.0,0.0,0.0,0.0,0.0,0.0,0.0,0.0,,,,,,,,2.625831908086367,2.5452877564111636,2.5072413748386806,,,,,,,,,,,,,2.4035135715827347,,"rgba(239, 83, 80, 1.0)"
2024-12-23 00:00:00+00:00,2.2603460483,2.3092712874,2.2505610004,2.2799161439,112450,0.0,0.0,0.0,0.0,0.0,0.0,0.0,0.0,,,,,,,,2.6245474582669157,2.544449130215207,2.5065684690515493,,,,,,,,,,,,,2.403234136571456,,"rgba(239, 83, 80, 1.0)"
2024-12-24 00:00:00+00:00,2.2994862396,2.3092712874,2.2309909048,2.2799161439,92862,0.0,0.0,0.0,0.0,0.0,0.0,0.0,0.0,,,,,,,,2.6235133613731287,2.543777050385181,2.5060311559058492,,,,,,,,,,,,,2.4030158285810184,,"rgba(239, 83, 80, 0.75)"
2024-12-26 00:00:00+00:00,2.3484114787,2.3533040026,2.2652385722,2.3190563352,97591,0.0,0.0,0.0,0.0,0.0,0.0,0.0,0.0,,,,,,,,2.6225665594333125,2.543187327290693,2.5055745951342705,,,,,,,,,,,,,2.402865974199174,,"rgba(239, 83, 80, 0.75)"
2024-12-27 00:00:00+00:00,2.2994862396,2.3484114787,2.2701310961,2.3484114787,47433,0.0,0.0,0.0,0.0,0.0,0.0,0.0,0.0,,,,,,,,2.6220836446081823,2.542880751593002,2.50533383238553,,,,,,,,,,,,,2.402778633854317,,"rgba(239, 83, 80, 0.75)"
2024-12-30 00:00:00+00:00,2.2701310961,2.2883312851,2.2407759526,2.2701310961,116473,0.0,0.0,0.0,0.0,0.0,0.0,0.0,0.0,,,,,,,,2.620756287348755,2.5420060154810793,2.504628133617669,,,,,,,,,,,,,2.4024773495940503,,"rgba(239, 83, 80, 0.75)"
2024-12-31 00:00:00+00:00,2.3014432491,2.3407841594,2.2719375665,2.281772794,101160,0.0,0.0,0.0,0.0,0.0,0.0,0.0,0.0,,,,,,,,2.6197352247868646,2.541355746418868,2.5041166135674175,,,,,,,,,,,,,2.4022901245945634,,"rgba(239, 83, 80, 0.5)"
2025-01-02 00:00:00+00:00,2.3899602972,2.3997955248,2.3112784767,2.3112784767,54853,0.0,0.0,0.0,0.0,0.0,0.0,0.0,0.0,,,,,,,,2.619293252336734,2.541097057124103,2.50392664617074,,,,,,,,,,,,,2.4022535251045185,,"rgba(239, 83, 80, 0.5)"
2025-01-03 00:00:00+00:00,2.3407841594,2.3997955248,2.3161960905,2.3801250696,121603,0.0,0.0,0.0,0.0,0.0,0.0,0.0,0.0,,,,,,,,2.6182619639744047,2.540477931440634,2.5034622043932644,,,,,,,,,,,,,2.40213880625531,,"rgba(239, 83, 80, 0.5)"
2025-01-06 00:00:00+00:00,2.3702898421,2.3899602972,2.3309489318,2.3801250696,85935,0.0,0.0,0.0,0.0,0.0,0.0,0.0,0.0,,,,,,,,2.617569189667643,2.540069371303389,2.503160479420577,,,,,,,,,,,,,2.4020766295750606,,"rgba(239, 83, 80, 0.5)"
2025-01-07 00:00:00+00:00,2.3702898421,2.3997955248,2.3604546145,2.3801250696,28704,0.0,0.0,0.0,0.0,0.0,0.0,0.0,0.0,,,,,,,,2.6173505398954116,2.539943441996874,2.503069439007367,,,,,,,,,,,,,2.402062993631796,,#000000
2025-01-08 00:00:00+00:00,2.3309489318,2.3702898421,2.3112784767,2.3702898421,85136,0.0,0.0,0.0,0.0,0.0,0.0,0.0,0.0,,,,,,,,2.61659865405522,2.539481257097205,2.5027162624633394,,,,,,,,,,,,,2.401959672622711,,"rgba(239, 83, 80, 0.5)"
2025-01-10 00:00:00+00:00,2.3112784767,2.350619387,2.3112784767,2.3211137043,110513,0.0,0.0,0.0,0.0,0.0,0.0,0.0,0.0,,,,,,,,2.6155830774177358,2.5388456952676197,2.5022238419516305,,,,,,,,,,,,,2.4017988590883235,,"rgba(239, 83, 80, 0.5)"
2025-01-13 00:00:00+00:00,2.2621023389,2.3112784767,2.2227614287,2.3112784767,79921,0.0,0.0,0.0,0.0,0.0,0.0,0.0,0.0,,,,,,,,2.6147050680852044,2.5382625705325577,2.501751813877634,,,,,,,,,,,,,2.4015946329189446,,"rgba(239, 83, 80, 0.5)"
2025-01-14 00:00:00+00:00,2.2227614287,2.3211137043,2.2227614287,2.3211137043,97128,0.0,0.0,0.0,0.0,0.0,0.0,0.0,0.0,,,,,,,,2.613614055406102,2.53753181630436,2.5011569204637425,,,,,,,,,,,,,2.4013293969671743,,"rgba(239, 83, 80, 0.5)"
2025-01-15 00:00:00+00:00,2.2916080216,2.326031318,2.2424318838,2.2621023389,43601,0.0,0.0,0.0,0.0,0.0,0.0,0.0,0.0,,,,,,,,2.6131688618073787,2.537241101632726,2.5009245501201516,,,,,,,,,,,,,2.40123601480811,,"rgba(239, 83, 80, 0.5)"
2025-01-16 00:00:00+00:00,2.3211137043,2.3457017732,2.2621023389,2.2719375665,47312,0.0,0.0,0.0,0.0,0.0,0.0,0.0,0.0,,,,,,,,2.6127210070447253,2.536955229053844,2.500699920349258,,,,,,,,,,,,,2.4011551233351556,,"rgba(239, 83, 80, 0.5)"
2025-01-17 00:00:00+00:00,2.3604546145,2.3682205102,2.3002630218,2.3211137043,63120,0.0,0.0,0.0,0.0,0.0,0.0,0.0,0.0,,,,,,,,2.6121910682017453,2.5366307303557605,2.5004532086007623,,,,,,,,,,,,,2.4010866614367017,,#000000
2025-01-21 00:00:00+00:00,2.3997955248,2.4047131385,2.3407841594,2.3702898421,89379,0.0,0.0,0.0,0.0,0.0,0.0,0.0,0.0,,,,,,,,2.611551815219593,2.536264745082369,2.5001908958376187,,,,,,,,,,,,,2.4010545164540953,,#000000
2025-01-22 00:00:00+00:00,2.3899602972,2.4293012074,2.3604546145,2.4194659799,75503,0.0,0.0,0.0,0.0,0.0,0.0,0.0,0.0,,,,,,,,2.6110413904639325,2.5359797850566896,2.4999915911432478,,,,,,,,,,,,,2.401043548004934,,"rgba(38, 166, 154, 1.0)"
2025-01-23 00:00:00+00:00,2.3653722283,2.3801250696,2.326031318,2.3801250696,63845,0.0,0.0,0.0,0.0,0.0,0.0,0.0,0.0,,,,,,,,2.6105404801470335,2.5356790551163586,2.4997669021888305,,,,,,,,,,,,,2.4009915531733386,,"rgba(38, 166, 154, 1.0)"
2025-01-24 00:00:00+00:00,2.3702898421,2.4096307523,2.3161960905,2.4096307523,76459,0.0,0.0,0.0,0.0,0.0,0.0,0.0,0.0,,,,,,,,2.6099625201661576,2.5353367129749746,2.499514162752235,,,,,,,,,,,,,2.400941064933356,,"rgba(38, 166, 154, 1.0)"
2025-01-27 00:00:00+00:00,2.3112784767,2.3997955248,2.2227614287,2.3702898421,126179,0.0,0.0,0.0,0.0,0.0,0.0,0.0,0.0,,,,,,,,2.608805028868036,2.5345958986378094,2.4989317838340153,,,,,,,,,,,,,2.4007318177689942,,#000000
2025-01-28 00:00:00+00:00,2.2621023389,2.3801250696,2.2473494976,2.350619387,87266,0.0,0.0,0.0,0.0,0.0,0.0,0.0,0.0,,,,,,,,2.6079703016036953,2.534052748811038,2.498499611374465,,,,,,,,,,,,,2.4005638989411926,,"rgba(239, 83, 80, 0.5)"
2025-01-29 00:00:00+00:00,2.281772794,2.3014432491,2.2325966562,2.2522671113,60979,0.0,0.0,0.0,0.0,0.0,0.0,0.0,0.0,,,,,,,,2.607343820960388,2.533635543251926,2.498162084555031,,,,,,,,,,,,,2.400419227675925,,"rgba(239, 83, 80, 0.5)"
2025-01-30 00:00:00+00:00,2.3555370007,2.3745189899,2.2719375665,2.2916080216,94945,0.0,0.0,0.0,0.0,0.0,0.0,0.0,0.0,,,,,,,,2.6065526475231553,2.533142009023464,2.4977821705976475,,,,,,,,,,,,,2.400303111647959,,#000000
2025-01-31 00:00:00+00:00,2.3112784767,2.3801250696,2.2719375665,2.3702898421,90203,0.0,0.0,0.0,0.0,0.0,0.0,0.0,0.0,,,,,,,,2.6057698876939988,2.5326451895140036,2.497394591079196,,,,,,,,,,,,,2.4001718071574074,,#000000
2025-02-03 00:00:00+00:00,2.2621023389,2.3211137043,2.2424318838,2.3112784767,157818,0.0,0.0,0.0,0.0,0.0,0.0,0.0,0.0,,,,,,,,2.6041914972506666,2.5315941443089054,2.496545066724485,,,,,,,,,,,,,2.399810358593738,,"rgba(239, 83, 80, 0.5)"
2025-02-04 00:00:00+00:00,2.3407841594,2.3604546145,2.2719375665,2.3309489318,63894,0.0,0.0,0.0,0.0,0.0,0.0,0.0,0.0,,,,,,,,2.6036516341164133,2.53125220909538,2.49627898207547,,,,,,,,,,,,,2.3997221396943553,,#000000
2025-02-05 00:00:00+00:00,2.4981478004,2.5079830279,2.3407841594,2.3604546145,124740,0.0,0.0,0.0,0.0,0.0,0.0,0.0,0.0,,,,,,,,2.6030711587435884,2.5309879708362235,2.49613666047323,,,,,,,,,,,,,2.3998343524566246,,"rgba(38, 166, 154, 1.0)"
2025-02-06 00:00:00+00:00,2.4588068901,2.4981478004,2.3899602972,2.4981478004,133603,0.0,0.0,0.0,0.0,0.0,0.0,0.0,0.0,,,,,,,,2.602454252302711,2.530706833853639,2.495985173378107,,,,,,,,,,,,,2.399953972385203,,"rgba(38, 166, 154, 1.0)"
2025-02-07 00:00:00+00:00,2.3407841594,2.4784773452,2.3407841594,2.4784773452,136508,0.0,0.0,0.0,0.0,0.0,0.0,0.0,0.0,,,,,,,,2.60157526417642,2.530204168465215,2.4956276470398713,,,,,,,,,,,,,2.399921042190833,,"rgba(38, 166, 154, 1.0)"
2025-02-10 00:00:00+00:00,2.4784773452,2.5079830279,2.3466852959,2.3899602972,231112,0.0,0.0,0.0,0.0,0.0,0.0,0.0,0.0,,,,,,,,2.6004985490118604,2.5297000332316153,2.495345419934676,,,,,,,,,,,,,2.4001070267020084,,"rgba(38, 166, 154, 1.0)"
2025-02-11 00:00:00+00:00,2.3997955248,2.4883125728,2.3604546145,2.4883125728,91356,0.0,0.0,0.0,0.0,0.0,0.0,0.0,0.0,,,,,,,,2.6000008599692404,2.5294370682775416,2.4951734688396137,,,,,,,,,,,,,2.4001335725638135,,"rgba(38, 166, 154, 1.0)"
2025-02-12 00:00:00+00:00,2.4588068901,2.4735597315,2.3997955248,2.3997955248,66913,0.0,0.0,0.0,0.0,0.0,0.0,0.0,0.0,,,,,,,,2.5996930386436725,2.529292436747354,2.495092264382346,,,,,,,,,,,,,2.4001866135709498,,"rgba(38, 166, 154, 1.0)"
2025-02-13 00:00:00+00:00,2.5669943933,2.5669943933,2.4194659799,2.4784773452,109053,0.0,0.0,0.0,0.0,0.0,0.0,0.0,0.0,,,,,,,,2.5994304931269925,2.529260847230016,2.4951509485556995,,,,,,,,,,,,,2.4004176827665784,,"rgba(38, 166, 154, 1.0)"
2025-02-14 00:00:00+00:00,2.483394959,2.571518598,2.4735597315,2.5178182555,89351,0.0,0.0,0.0,0.0,0.0,0.0,0.0,0.0,,,,,,,,2.5991948109872975,2.5292163527898657,2.495181224360882,,,,,,,,,,,,,2.400592949777888,,"rgba(38, 166, 154, 1.0)"
2025-02-18 00:00:00+00:00,2.5571591657,2.5866648484,2.4293012074,2.4981478004,167747,0.0,0.0,0.0,0.0,0.0,0.0,0.0,0.0,,,,,,,,2.5988285278748364,2.529195982893028,2.4952964822846297,,,,,,,,,,,,,2.4009652440671054,,"rgba(38, 166, 154, 1.0)"
2025-02-19 00:00:00+00:00,2.4686421177,2.5711251889,2.4096307523,2.5571591657,109256,0.0,0.0,0.0,0.0,0.0,0.0,0.0,0.0,,,,,,,,2.598460800093611,2.529070094484057,2.495265284498461,,,,,,,,,,,,,2.401125889663748,,"rgba(38, 166, 154, 1.0)"
2025-02-20 00:00:00+00:00,2.5079830279,2.5424063244,2.439136435,2.4489716626,133394,0.0,0.0,0.0,0.0,0.0,0.0,0.0,0.0,,,,,,,,2.598066693004834,2.5289618067163473,2.4952691657131965,,,,,,,,,,,,,2.4013530299939454,,"rgba(38, 166, 154, 1.0)"
2025-02-21 00:00:00+00:00,2.3407841594,2.5079830279,2.281772794,2.5079830279,317831,0.0,0.0,0.0,0.0,0.0,0.0,0.0,0.0,,,,,,,,2.596047767344263,2.5277659484187534,2.494394859149063,,,,,,,,,,,,,2.401214766873304,,#000000
2025-02-24 00:00:00+00:00,2.2522671113,2.3899602972,2.2227614287,2.3752074559,243393,0.0,0.0,0.0,0.0,0.0,0.0,0.0,0.0,,,,,,,,2.5939120874968316,2.526333092904505,2.493236355053678,,,,,,,,,,,,,2.400729138908577,,#000000
2025-02-25 00:00:00+00:00,2.3211137043,2.3211137043,2.1735852909,2.2325966562,343153,0.0,0.0,0.0,0.0,0.0,0.0,0.0,0.0,,,,,,,,2.590792082294015,2.52420469549235,2.4914960604268908,,,,,,,,,,,,,2.3999526989423057,,"rgba(239, 83, 80, 0.5)"
2025-02-26 00:00:00+00:00,2.4588068901,2.5079830279,2.2621023389,2.2916080216,460871,0.0,0.0,0.0,0.0,0.0,0.0,0.0,0.0,,,,,,,,2.5884646596291843,2.5229315796722154,2.490640457277297,,,,,,,,,,,,,2.4000304305777136,,#000000
2025-02-27 00:00:00+00:00,2.3899602972,2.5079830279,2.3604546145,2.4784773452,327605,0.0,0.0,0.0,0.0,0.0,0.0,0.0,0.0,,,,,,,,2.5869352771972665,2.522120745005024,2.4901155853382146,,,,,,,,,,,,,2.4001407635446927,,#000000
2025-02-28 00:00:00+00:00,2.3899602972,2.4342188212,2.3372434775,2.4096307523,297710,0.0,0.0,0.0,0.0,0.0,0.0,0.0,0.0,,,,,,,,2.585305598258746,2.5211662660774676,2.4894300941543577,,,,,,,,,,,,,2.4000740434523027,,#000000
2025-03-03 00:00:00+00:00,2.3702898421,2.4784773452,2.3702898421,2.4293012074,128409,0.0,0.0,0.0,0.0,0.0,0.0,0.0,0.0,,,,,,,,2.5846782118514073,2.5208171488142295,2.4891922388513876,,,,,,,,,,,,,2.400087911024454,,#000000
2025-03-04 00:00:00+00:00,2.3801250696,2.4096307523,2.3407841594,2.3801250696,59600,0.0,0.0,0.0,0.0,0.0,0.0,0.0,0.0,,,,,,,,2.5843405735865312,2.5206142457794174,2.489043145542086,,,,,,,,,,,,,2.400064108464367,,#000000
2025-03-05 00:00:00+00:00,2.4489716626,2.4489716626,2.3562254667,2.3899602972,98336,0.0,0.0,0.0,0.0,0.0,0.0,0.0,0.0,,,,,,,,2.5838960496139984,2.5203763196652886,2.4888880509526863,,,,,,,,,,,,,2.4000944599817777,,#000000
2025-03-06 00:00:00+00:00,2.4194659799,2.4489716626,2.3997955248,2.4489716626,46212,0.0,0.0,0.0,0.0,0.0,0.0,0.0,0.0,,,,,,,,2.583693852164362,2.520269995121137,2.4888202082203086,,,,,,,,,,,,,2.400112401621544,,#000000
2025-03-07 00:00:00+00:00,2.3801250696,2.4293012074,2.3112784767,2.350619387,326858,0.0,0.0,0.0,0.0,0.0,0.0,0.0,0.0,,,,,,,,2.581845490066367,2.519148625367547,2.4879901119615777,,,,,,,,,,,,,2.3999645105262006,,#000000
2025-03-10 00:00:00+00:00,2.2621023389,2.3801250696,2.2522671113,2.350619387,509742,1.0,2.380125,2.2522671,0.0,0.0,0.0,0.0,0.0,,,,,,,2.2981648399333334,2.578006545643233,2.5165453581276833,2.485881607545775,,,,,,,,,,,,,2.3990876033392086,,"rgba(239, 83, 80, 0.5)"
2025-03-11 00:00:00+00:00,2.3407841594,2.4194659799,2.2621023389,2.4194659799,171811,0.0,0.0,0.0,0.0,0.0,0.0,0.0,0.0,,,,,,,2.3089086381366832,2.576929431044058,2.515850236355901,2.485340407408047,,,,,,,,,,,,,2.3989188148187153,,"rgba(239, 83, 80, 0.5)"
2025-03-12 00:00:00+00:00,2.4489716626,2.4883125728,2.3604546145,2.3604546145,152842,0.0,0.0,0.0,0.0,0.0,0.0,0.0,0.0,,,,,,,2.3315623209792036,2.5763487153825793,2.51555829464879,2.4851659206321175,,,,,,,,,,,,,2.3990052813162226,,#000000
2025-03-13 00:00:00+00:00,2.5571591657,2.5571591657,2.4686421177,2.4784773452,232959,0.0,0.0,0.0,0.0,0.0,0.0,0.0,0.0,,,,,,,2.3743608686222237,2.576051948331737,2.5156225840245736,2.4853790121602577,,,,,,,,,,,,,2.39950700760558,,"rgba(38, 166, 154, 1.0)"
2025-03-14 00:00:00+00:00,2.5374887106,2.6161705311,2.5178182555,2.5571591657,171427,0.0,0.0,0.0,0.0,0.0,0.0,0.0,0.0,,,,,,,2.3996571588291817,2.5759675990107542,2.5157844150156508,2.4856429542191942,,,,,,,,,,,,,2.3999581547410216,,"rgba(38, 166, 154, 1.0)"
2025-03-17 00:00:00+00:00,2.6063353035,2.6456762138,2.5374887106,2.6260057586,331164,0.0,0.0,0.0,0.0,0.0,0.0,0.0,0.0,,,,,,,2.441179178906903,2.576143173436079,2.516387385636163,2.486424865781267,,,,,,,,,,,,,2.4010387004158957,,"rgba(38, 166, 154, 1.0)"
2025-03-18 00:00:00+00:00,2.6653466689,2.7243580342,2.6112529173,2.6260057586,306799,0.0,0.0,0.0,0.0,0.0,0.0,0.0,0.0,,,,,,,2.4780927207028225,2.5768571663030464,2.5174224670550696,2.4875970617130148,,,,,,,,,,,,,2.4023863834317334,,"rgba(38, 166, 154, 1.0)"
2025-03-19 00:00:00+00:00,2.6751818964,2.6948523516,2.5768296208,2.6378080317,113143,0.0,0.0,0.0,0.0,0.0,0.0,0.0,0.0,,,,,,,2.487807758895477,2.577065538868975,2.5177550195220046,2.487982452023395,,,,,,,,,,,,,2.4028463141358505,,"rgba(38, 166, 154, 1.0)"
2025-03-20 00:00:00+00:00,2.8325455374,2.8522159925,2.6204980312,2.6260057586,389879,0.0,0.0,0.0,0.0,0.0,0.0,0.0,0.0,,,,,,,2.5337806666982994,2.578952474978666,2.519920012561177,2.4902716841381434,,,,,,,,,,,,,2.4051811135901104,,"rgba(38, 166, 154, 1.0)"
2025-03-21 00:00:00+00:00,2.8768040614,2.9210625855,2.8083508776,2.8128750823,330234,0.0,0.0,0.0,0.0,0.0,0.0,0.0,0.0,,,,,,,2.574597894733526,2.5813528383648436,2.5224533309347277,2.4928705383959047,,,,,,,,,,,,,2.4076752940492496,,"rgba(38, 166, 154, 1.0)"
2025-03-24 00:00:00+00:00,2.8817216752,2.9407330406,2.8128750823,2.8915569028,268695,0.0,0.0,0.0,0.0,0.0,0.0,0.0,0.0,,,,,,,2.6020064518504524,2.583341714958387,2.524544582051161,2.4950128257916195,,,,,,,,,,,,,2.4097272654983763,,"rgba(38, 166, 154, 1.0)"
2025-03-25 00:00:00+00:00,2.8522159925,2.930897813,2.8374631512,2.8817216752,128056,0.0,0.0,0.0,0.0,0.0,0.0,0.0,0.0,,,,,,,2.613198099563523,2.5842646039814023,2.525518890560793,2.4960124664160563,,,,,,,,,,,,,2.410688728884093,,"rgba(38, 166, 154, 1.0)"
2025-03-26 00:00:00+00:00,2.8522159925,2.8817216752,2.8128750823,2.8522159925,105155,0.0,0.0,0.0,0.0,0.0,0.0,0.0,0.0,,,,,,,2.620916004575629,2.58495402257131,2.5262586580191724,2.4967761879535226,,,,,,,,,,,,,2.4114334876699917,,"rgba(38, 166, 154, 1.0)"
2025-03-27 00:00:00+00:00,2.9112273579,2.9505682681,2.8522159925,2.878082641,108591,0.0,0.0,0.0,0.0,0.0,0.0,0.0,0.0,,,,,,,2.63019569635128,2.5858117231794764,2.527150389599707,2.497685671063743,,,,,,,,,,,,,2.4122975656884855,,"rgba(38, 166, 154, 1.0)"
2025-03-28 00:00:00+00:00,2.8620512201,2.9112273579,2.8227103099,2.9112273579,118120,0.0,0.0,0.0,0.0,0.0,0.0,0.0,0.0,,,,,,,2.6382727866930953,2.5866250112755247,2.5280150272264974,2.49857518332737,,,,,,,,,,,,,2.413159211964756,,"rgba(38, 166, 154, 1.0)"
2025-03-31 00:00:00+00:00,2.8841804821,2.8841804821,2.7853084046,2.8644258213,115962,0.0,0.0,0.0,0.0,0.0,0.0,0.0,0.0,,,,,,,2.6452199235807803,2.5873786704794832,2.528824259042011,2.4994108397662327,,,,,,,,,,,,,2.4139756432691972,,"rgba(38, 166, 154, 1.0)"
2025-04-01 00:00:00+00:00,2.8841804821,2.9039351429,2.810100504,2.8841804821,176944,0.0,0.0,0.0,0.0,0.0,0.0,0.0,0.0,,,,,,,2.655692445770383,2.588584682444323,2.530107782888653,2.5007318434188064,,,,,,,,,,,,,2.415257678799785,,"rgba(38, 166, 154, 1.0)"
2025-04-02 00:00:00+00:00,2.8743031517,2.9138124734,2.7458978563,2.7755298475,165710,0.0,0.0,0.0,0.0,0.0,0.0,0.0,0.0,,,,,,,2.6637278038853127,2.589618319374523,2.531224982285928,2.501888410678615,,,,,,,,,,,,,2.4163950591738224,,"rgba(38, 166, 154, 0.75)"
2025-04-03 00:00:00+00:00,2.8249164996,2.9138124734,2.716265865,2.716265865,185508,0.0,0.0,0.0,0.0,0.0,0.0,0.0,0.0,,,,,,,2.6707525559720633,2.5906471141725667,2.53236197161708,2.503075181745947,,,,,,,,,,,,,2.4175833305892716,,"rgba(38, 166, 154, 0.75)"
2025-04-04 00:00:00+00:00,2.7063885346,2.8545484909,2.6570018825,2.7952845083,303195,0.0,0.0,0.0,0.0,0.0,0.0,0.0,0.0,,,,,,,2.6754920630075216,2.59173210680277,2.5336928493761555,2.5045143978891646,,,,,,,,,,,,,2.4191304192282415,,"rgba(38, 166, 154, 0.75)"
2025-04-07 00:00:00+00:00,2.716265865,2.83479383,2.5285965871,2.5681059087,330416,1.0,2.8347938,2.5285966,0.0,0.0,0.0,0.0,0.0,,,,,,2.6932187607,2.6767339517691657,2.5925329049410366,2.5348030663997383,2.5057589806821143,,,,,,,,,,,,,2.4205592598714345,,"rgba(38, 166, 154, 0.5)"
2025-04-08 00:00:00+00:00,2.6174925608,2.8051618388,2.5582285783,2.8051618388,424032,0.0,0.0,0.0,0.0,0.0,0.0,0.0,0.0,,,,,,2.674713822110667,2.67537784152365,2.5932122000716045,2.5359139437145766,2.507056001091536,,,,,,,,,,,,,2.422152446205822,,#000000
2025-04-09 00:00:00+00:00,2.7360205258,2.8051618388,2.6323085564,2.6570018825,268860,0.0,0.0,0.0,0.0,0.0,0.0,0.0,0.0,,,,,,2.6877936554817987,2.6778192492079715,2.594041413169625,2.5369665161556525,2.5082070211459637,,,,,,,,,,,,,2.42342108663115,,#000000
2025-04-10 00:00:00+00:00,2.9039351429,2.9222082042,2.7854071779,2.7854071779,305708,0.0,0.0,0.0,0.0,0.0,0.0,0.0,0.0,,,,,,2.729824706877872,2.688127156535166,2.5960128418952135,2.539070022618069,2.5103747055564556,,,,,,,,,,,,,2.4255440889176896,,"rgba(38, 166, 154, 0.5)"
2025-04-11 00:00:00+00:00,2.9335671342,3.0323404384,2.9236898038,2.9631991255,411766,0.0,0.0,0.0,0.0,0.0,0.0,0.0,0.0,,,,,,2.7850272829871345,2.706614262414537,2.599505881054402,2.542642346274262,2.5139946648613822,,,,,,,,,,,,,2.428960959314219,,"rgba(38, 166, 154, 1.0)"
2025-04-14 00:00:00+00:00,3.1014817513,3.1162977469,2.9236898038,2.9335671342,337761,0.0,0.0,0.0,0.0,0.0,0.0,0.0,0.0,,,,,,2.8276229878511936,2.724407167986181,2.6029719674991694,2.5461040894324807,2.5174680529741225,,,,,,,,,,,,,2.4321668709760806,,"rgba(38, 166, 154, 1.0)"
2025-04-15 00:00:00+00:00,2.9928311167,3.1113590817,2.9681377907,3.1113590817,113019,0.0,0.0,0.0,0.0,0.0,0.0,0.0,0.0,,,,,,2.8377558017389184,2.729556852351685,2.6040602515364997,2.547199054295656,2.5185700772304016,,,,,,,,,,,,,2.4331922731034727,,"rgba(38, 166, 154, 1.0)"
2025-04-16 00:00:00+00:00,3.2693963684,3.2743350336,3.0372791036,3.0520950992,337956,0.0,0.0,0.0,0.0,0.0,0.0,0.0,0.0,,,,,,2.8853077052020972,2.752237919984191,2.6085814018633218,2.551597109475758,2.5229327418273058,,,,,,,,,,,,,2.437111191423685,,"rgba(38, 166, 154, 1.0)"
2025-04-17 00:00:00+00:00,3.3385376813,3.378047003,3.259519038,3.2693963684,277332,0.0,0.0,0.0,0.0,0.0,0.0,0.0,0.0,,,,,,2.9287880393863936,2.7743360730057383,2.6130635847199013,2.555892927490313,2.527165626593831,,,,,,,,,,,,,2.4408516535102325,,"rgba(38, 166, 154, 1.0)"
2025-04-21 00:00:00+00:00,3.5064522985,3.5262069593,3.3681696726,3.3978016639,302078,0.0,0.0,0.0,0.0,0.0,0.0,0.0,0.0,,,,,,2.9810776926636735,2.8022513638348134,2.618840119461237,2.5613690927077433,2.5325344903190365,,,,,,,,,,,,,2.445536597862343,,"rgba(38, 166, 154, 1.0)"
2025-04-22 00:00:00+00:00,3.378047003,3.5163296289,3.2990283597,3.5064522985,368020,0.0,0.0,0.0,0.0,0.0,0.0,0.0,0.0,,,,,,3.0251861337108576,2.8301259225104496,2.625207700656968,2.5674497262889417,2.538515131347031,,,,,,,,,,,,,2.4508042795608223,,"rgba(38, 166, 154, 1.0)"
2025-04-23 00:00:00+00:00,3.2891510293,3.3731083378,3.259519038,3.3385376813,252956,0.0,0.0,0.0,0.0,0.0,0.0,0.0,0.0,,,,,,3.044315886766485,2.8449973089874634,2.629018499784046,2.5711280236126792,2.5421500493683977,,,,,,,,,,,,,2.454048360916557,,"rgba(38, 166, 154, 1.0)"
2025-04-24 00:00:00+00:00,3.3582923422,3.4174575514,3.2792736988,3.3484150118,192480,0.0,0.0,0.0,0.0,0.0,0.0,0.0,0.0,,,,,,3.059398650668125,2.85673557035131,2.6320778450848596,2.5740699123351107,2.5450522240163607,,,,,,,,,,,,,2.456628085184881,,"rgba(38, 166, 154, 1.0)"
2025-04-25 00:00:00+00:00,3.2200097163,3.3187830205,3.1903777251,3.2298870467,152892,0.0,0.0,0.0,0.0,0.0,0.0,0.0,0.0,,,,,,3.0662889483859535,2.863716299423944,2.6341255355364877,2.5760667647489073,2.547034280436907,,,,,,,,,,,,,2.458419293146278,,"rgba(38, 166, 154, 0.75)"
2025-04-28 00:00:00+00:00,3.259519038,3.2792736988,3.1360524078,3.1805003947,172469,0.0,0.0,0.0,0.0,0.0,0.0,0.0,0.0,,,,,,3.0727309155415843,2.870932379792135,2.6363508059394514,2.5782442752131236,2.5491988411548046,,,,,,,,,,,,,2.460383680654654,,"rgba(38, 166, 154, 0.75)"
2025-04-29 00:00:00+00:00,3.2101323859,3.3681696726,3.1903777251,3.3681696726,139660,0.0,0.0,0.0,0.0,0.0,0.0,0.0,0.0,,,,,,3.0785719551830097,2.877065754755077,2.6382356205336834,2.5800816408245493,2.551022195641862,,,,,,,,,,,,,2.462031792028706,,"rgba(38, 166, 154, 0.75)"
2025-04-30 00:00:00+00:00,3.2891510293,3.2940896945,3.1212364121,3.2002550555,221524,0.0,0.0,0.0,0.0,0.0,0.0,0.0,0.0,,,,,,3.086082150548949,2.885876605919752,2.641099133801269,2.5828840702490163,2.5538079437133927,,,,,,,,,,,,,2.4645619487165056,,"rgba(38, 166, 154, 0.5)"
2025-05-01 00:00:00+00:00,3.1607457338,3.2496417076,3.1360524078,3.2397643772,103288,0.0,0.0,0.0,0.0,0.0,0.0,0.0,0.0,,,,,,3.088187806241126,2.8892400508785783,2.642307272456596,2.5840776281077593,2.5549992110171322,,,,,,,,,,,,,2.4656557123644918,,"rgba(38, 166, 154, 0.5)"
2025-05-02 00:00:00+00:00,3.1014817513,3.1469174712,3.0718497601,3.1312125159,95830,0.0,0.0,0.0,0.0,0.0,0.0,0.0,0.0,,,,,,3.0885577657129795,2.891507179926474,2.6432674820913085,2.585041691146285,2.5559680385951555,,,,,,,,,,,,,2.466561048591664,,"rgba(38, 166, 154, 0.5)"
2025-05-05 00:00:00+00:00,3.0718497601,3.2002550555,3.0718497601,3.2002550555,92396,0.0,0.0,0.0,0.0,0.0,0.0,0.0,0.0,,,,,,3.089049753683178,2.8937273827556904,2.6442052512052525,2.585981873796243,2.5569122879075565,,,,,,,,,,,,,2.467442269156014,,#000000
2025-05-06 00:00:00+00:00,3.2693963684,3.2891510293,3.1113590817,3.1311137426,196263,0.0,0.0,0.0,0.0,0.0,0.0,0.0,0.0,,,,,,3.0942195201915275,2.9005486182791915,2.6466420865957314,2.5883760968556984,2.5592961335245574,,,,,,,,,,,,,2.4696190915933434,,#000000
2025-05-07 00:00:00+00:00,3.1706230642,3.3089056901,3.1508684034,3.2693963684,137625,0.0,0.0,0.0,0.0,0.0,0.0,0.0,0.0,,,,,,3.097267189156889,2.9049774419302206,2.6482999192055026,2.5900096880872994,2.5609246506240617,,,,,,,,,,,,,2.4711115330246796,,#000000
2025-05-08 00:00:00+00:00,3.0619724296,3.2002550555,3.0125857775,3.2002550555,248479,0.0,0.0,0.0,0.0,0.0,0.0,0.0,0.0,,,,,,3.097010554511153,2.909676406226105,2.65064224838275,2.592377860124709,2.5633112960627757,,,,,,,,,,,,,2.473361189293958,,#000000
2025-05-09 00:00:00+00:00,3.140991073,3.1558070686,3.022463108,3.1113590817,116454,0.0,0.0,0.0,0.0,0.0,0.0,0.0,0.0,,,,,,3.0972062616740823,2.9119709648705303,2.6517681226502123,2.593512777300834,2.564453629173923,,,,,,,,,,,,,2.474435057773884,,#000000
2025-05-12 00:00:00+00:00,2.9631991255,3.1014817513,2.9631991255,3.1014817513,172990,0.0,0.0,0.0,0.0,0.0,0.0,0.0,0.0,,,,,,3.0945715790455908,2.913628326728598,2.653075253072594,2.5948719474939748,2.5658391753039624,,,,,,,,,,,,,2.475779428612821,,"rgba(239, 83, 80, 1.0)"
2025-05-13 00:00:00+00:00,3.0422177688,3.0916044209,2.9335671342,2.9631991255,124120,1.0,3.0916045,2.933567,0.0,0.0,0.0,0.0,0.0,,,,,3.0224631079666673,3.093053679497442,2.914942095040123,2.6540416997046883,2.5958725042270236,2.566857361972925,,,,,,,,,,,,,2.476763563714777,,"rgba(239, 83, 80, 1.0)"
2025-05-14 00:00:00+00:00,3.1113590817,3.1261750774,2.9829537863,2.9829537863,138351,0.0,0.0,0.0,0.0,0.0,0.0,0.0,0.0,,,,,3.049363028825411,3.092605303302315,2.9170471523668233,2.655261407312049,2.5971150371851075,2.5681134771861367,,,,,,,,,,,,,2.4779585645326567,,#000000
2025-05-15 00:00:00+00:00,3.3286603509,3.4175563247,3.0916044209,3.1212364121,317755,0.0,0.0,0.0,0.0,0.0,0.0,0.0,0.0,,,,,3.1752713213672266,3.10194257252976,2.927765613662462,2.659401247028126,2.6011666747058255,2.572140116568191,,,,,,,,,,,,,2.481627238376843,,#000000
2025-05-16 00:00:00+00:00,3.2891510293,3.4462993562,3.2693963684,3.3582923422,215908,0.0,0.0,0.0,0.0,0.0,0.0,0.0,0.0,,,,,3.21857517540008,3.1096016715401396,2.935791132431645,2.662432829602326,2.6041161146673417,2.5750635935495017,,,,,,,,,,,,,2.484273580207607,,"rgba(38, 166, 154, 0.5)"
2025-05-19 00:00:00+00:00,3.4768203072,3.5163296289,3.2693963684,3.3286603509,286832,0.0,0.0,0.0,0.0,0.0,0.0,0.0,0.0,,,,,3.2721489156286983,3.1226246857132196,2.948167977995673,2.6669275042491147,2.608454201481434,2.5793480657845667,,,,,,,,,,,,,2.488116391700661,,"rgba(38, 166, 154, 0.5)"
2025-05-20 00:00:00+00:00,3.3187830205,3.4866976376,3.2990283597,3.4866976376,297961,0.0,0.0,0.0,0.0,0.0,0.0,0.0,0.0,,,,,3.2928672018001803,3.1328526989338794,2.959013186075806,2.671218174967639,2.612623005088976,2.5834772905452263,,,,,,,,,,,,,2.4918514732298487,,"rgba(38, 166, 154, 0.5)"
2025-05-21 00:00:00+00:00,3.3286603509,3.4274336551,3.3187830205,3.3484150118,253436,0.0,0.0,0.0,0.0,0.0,0.0,0.0,0.0,,,,,3.3030124913557573,3.1405666824465066,2.967594170380311,2.674775432502479,2.616087128443206,2.5869118202395587,,,,,,,,,,,,,2.4949680223562702,,"rgba(38, 166, 154, 0.5)"
2025-05-22 00:00:00+00:00,3.2990283597,3.3385376813,3.259519038,3.3385376813,437284,0.0,0.0,0.0,0.0,0.0,0.0,0.0,0.0,,,,,3.3021715193940606,3.149400648614812,2.979444767246638,2.6803026320540857,2.6215178604886145,2.59231695601275,,,,,,,,,,,,,2.499927454494688,,"rgba(38, 166, 154, 0.5)"
2025-05-23 00:00:00+00:00,3.2693963684,3.3237216857,3.2693963684,3.3089056901,280782,0.0,0.0,0.0,0.0,0.0,0.0,0.0,0.0,,,,,3.3004209251363643,3.154173408603122,2.986358710851061,2.683735218376712,2.6249011142263257,2.5956886790530467,,,,,,,,,,,,,2.503034342408936,,"rgba(38, 166, 154, 0.5)"
2025-05-27 00:00:00+00:00,3.5459616201,3.6694282504,3.3089056901,3.3089056901,551096,0.0,0.0,0.0,0.0,0.0,0.0,0.0,0.0,,,,,3.3398386301429306,3.1766551607663103,3.0083718019323595,2.692781552517093,2.633620298310763,2.604292334789118,,,,,,,,,,,,,2.5107564262266098,,"rgba(38, 166, 154, 0.5)"
2025-05-28 00:00:00+00:00,3.5360842897,3.5953482722,3.496574968,3.5558389505,220771,0.0,0.0,0.0,0.0,0.0,0.0,0.0,0.0,,,,,3.35417117180327,3.1857379265909254,3.0172524712370445,2.696501400766908,2.6372013110840413,2.6078237407157885,,,,,,,,,,,,,2.513922811788899,,"rgba(38, 166, 154, 0.5)"
2025-05-29 00:00:00+00:00,3.5163296289,3.7435082285,3.4274336551,3.5755936114,556262,0.0,0.0,0.0,0.0,0.0,0.0,0.0,0.0,,,,,3.3856454874711104,3.207904458430774,3.039166167081507,2.705946724514473,2.6462944290964017,2.616790397567189,,,,,,,,,,,,,2.5219670005760704,,"rgba(38, 166, 154, 0.5)"
2025-05-30 00:00:00+00:00,3.496574968,3.5832979291,3.4471883159,3.5163296289,96845,0.0,0.0,0.0,0.0,0.0,0.0,0.0,0.0,,,,,3.388808571691545,3.2109581360425388,3.042431405497027,2.7074689083132215,2.6477680807868498,2.6182471108297216,,,,,,,,,,,,,2.523283656060972,,"rgba(38, 166, 154, 0.5)"
2025-06-02 00:00:00+00:00,3.5459616201,3.7188149024,3.4570656464,3.5755936114,216611,0.0,0.0,0.0,0.0,0.0,0.0,0.0,0.0,,,,,3.39884937387531,3.2190090583815074,3.0505666902088464,2.7111268391284558,2.6512931225843213,2.6217243872962985,,,,,,,,,,,,,2.5264090497660594,,"rgba(38, 166, 154, 0.5)"
2025-06-03 00:00:00+00:00,3.5262069593,3.5459616201,3.4323723203,3.5262069593,154385,0.0,0.0,0.0,0.0,0.0,0.0,0.0,0.0,,,,,3.4026700819800486,3.2234053888235152,3.055432940563759,2.713497869982162,2.6535932340076673,2.6239999875948974,,,,,,,,,,,,,2.5284720391420126,,"rgba(38, 166, 154, 0.5)"
2025-06-04 00:00:00+00:00,3.4076789943,3.5018099532,3.2150710511,3.4274336551,553763,0.0,0.0,0.0,0.0,0.0,0.0,0.0,0.0,,,,,3.3993941662546283,3.231412161500595,3.0673359691530435,2.7205383653574926,2.6605248437114497,2.6309020780437526,,,,,,,,,,,,,2.5348465580688564,,"rgba(38, 166, 154, 0.5)"
2025-06-05 00:00:00+00:00,3.4768203072,3.6002869374,3.4175563247,3.4175563247,389458,0.0,0.0,0.0,0.0,0.0,0.0,0.0,0.0,,,,,3.4069534450152092,3.2409769733283507,3.0783401519100577,2.726317569619613,2.6661487750882134,2.6364731978857754,,,,,,,,,,,,,2.5399225267690495,,"rgba(38, 166, 154, 0.5)"
2025-06-06 00:00:00+00:00,3.3484150118,3.5459616201,3.3385376813,3.5459616201,302546,0.0,0.0,0.0,0.0,0.0,0.0,0.0,0.0,,,,,3.407178804713984,3.245582849269599,3.084810957040849,2.7302473424594536,2.6700131383507,2.640318700367702,,,,,,,,,,,,,2.543473301056271,,"rgba(38, 166, 154, 0.5)"
2025-06-09 00:00:00+00:00,3.6052256026,3.6249802635,3.378047003,3.3978016639,655523,0.0,0.0,0.0,0.0,0.0,0.0,0.0,0.0,,,,,3.4211465492103517,3.261691062254153,3.103062577061255,2.7401459098925307,2.6796407884743334,2.6498527276952633,,,,,,,,,,,,,2.5521636479913443,,"rgba(38, 166, 154, 0.5)"
2025-06-10 00:00:00+00:00,3.4768203072,3.6496735895,3.4570656464,3.6447349243,283130,0.0,0.0,0.0,0.0,0.0,0.0,0.0,0.0,,,,,3.425917228534684,3.267916425842621,3.1103557004658096,2.744303004781565,2.6836939048962516,2.653870476775438,,,,,,,,,,,,,2.5558392499988742,,"rgba(38, 166, 154, 0.5)"
2025-06-11 00:00:00+00:00,3.5360842897,3.6052256026,3.4274336551,3.4866976376,277122,0.0,0.0,0.0,0.0,0.0,0.0,0.0,0.0,,,,,3.429983843084124,3.2736234576479815,3.1171739394229747,2.7483042342280632,2.687600687561494,2.6577454985242768,,,,,,,,,,,,,2.559391993229456,,"rgba(38, 166, 154, 0.5)"
2025-06-12 00:00:00+00:00,3.6052256026,3.6447349243,3.5163296289,3.565716281,173604,0.0,0.0,0.0,0.0,0.0,0.0,0.0,0.0,,,,,3.4340473178073045,3.2779807711088225,3.122006373300393,2.7510012413358553,2.690221104217223,2.660338887578872,,,,,,,,,,,,,2.561755549926532,,"rgba(38, 166, 154, 0.5)"
2025-06-13 00:00:00+00:00,3.5755936114,3.6733791825,3.5755936114,3.6348575939,156366,0.0,0.0,0.0,0.0,0.0,0.0,0.0,0.0,,,,,3.4379709714796336,3.2820424953644345,3.1264526215480526,2.753471659626524,2.692619060025698,2.662711045314704,,,,,,,,,,,,,2.563915236924385,,"rgba(38, 166, 154, 0.5)"
2025-06-16 00:00:00+00:00,3.5262069593,3.6743669156,3.50111854,3.5755936114,202062,0.0,0.0,0.0,0.0,0.0,0.0,0.0,0.0,,,,,3.4416280142147517,3.286504684252306,3.1316008112673015,2.756491044169065,2.6955615016064254,2.665626874682042,,,,,,,,,,,,,2.566583953395737,,"rgba(38, 166, 154, 0.5)"
2025-06-17 00:00:00+00:00,3.565716281,3.5953482722,3.4570656464,3.5558389505,159519,0.0,0.0,0.0,0.0,0.0,0.0,0.0,0.0,,,,,3.443763574714415,3.289590096526346,3.13532642364047,2.7587775819982285,2.6977966982633315,2.6678448417923257,,,,,,,,,,,,,2.568622412431494,,"rgba(38, 166, 154, 0.5)"
2025-06-18 00:00:00+00:00,3.6052256026,3.6595509199,3.4769190805,3.565716281,200583,0.0,0.0,0.0,0.0,0.0,0.0,0.0,0.0,,,,,3.4474212401743363,3.2939869032787352,3.14038338794305,2.7617845534840297,2.7007272727373066,2.6707488872304315,,,,,,,,,,,,,2.5712817685497464,,"rgba(38, 166, 154, 0.5)"
2025-06-20 00:00:00+00:00,3.5854709418,3.6052256026,3.5212682941,3.6052256026,315588,0.0,0.0,0.0,0.0,0.0,0.0,0.0,0.0,,,,,3.452396010614902,3.300411748575356,3.147937329361945,2.76641456371417,2.705247423890946,2.6752313897594595,,,,,,,,,,,,,2.575396889448661,,"rgba(38, 166, 154, 0.5)"
2025-06-23 00:00:00+00:00,3.4768203072,3.6052256026,3.4669429768,3.5953482722,345224,0.0,0.0,0.0,0.0,0.0,0.0,0.0,0.0,,,,,3.4550998847990413,3.305760817831683,3.1548789443774936,2.7710809931218887,2.7098315194700167,2.6797895607615736,,,,,,,,,,,,,2.579616206418984,,"rgba(38, 166, 154, 0.5)"
2025-06-24 00:00:00+00:00,3.378047003,3.5262069593,3.3681696726,3.4768203072,532940,0.0,0.0,0.0,0.0,0.0,0.0,0.0,0.0,,,,,3.4532025246886193,3.3101214270287604,3.1624900880776043,2.7772947062002022,2.7160099743696122,2.6859651892465504,,,,,,,,,,,,,2.585422211230996,,#000000
2025-06-25 00:00:00+00:00,3.2397643772,3.4768203072,3.2298870467,3.378047003,667942,0.0,0.0,0.0,0.0,0.0,0.0,0.0,0.0,,,,,3.443379173243195,3.3103583638246645,3.16772498548693,2.783637059594587,2.722439015829697,2.6924438325858326,,,,,,,,,,,,,2.591659025676451,,"rgba(239, 83, 80, 1.0)"
2025-06-26 00:00:00+00:00,3.2101323859,3.284212364,3.1706230642,3.2496417076,1014681,0.0,0.0,0.0,0.0,0.0,0.0,0.0,0.0,,,,,3.4217017210199847,3.304785562409669,3.1703896235611593,2.7913405531718225,2.7304416480673828,2.7005900175732607,,,,,,,,,,,,,2.5997300508639207,,"rgba(239, 83, 80, 1.0)"
2025-06-27 00:00:00+00:00,3.0817270905,3.2249483815,3.0619724296,3.1903777251,6394823,0.0,0.0,0.0,0.0,0.0,0.0,0.0,0.0,,,,,3.3077767183465627,3.2531905373204726,3.1591091821547974,2.8244217570993526,2.7664512633439298,2.7379344429417207,,,,,,,,,,,,,2.6388138155495366,,"rgba(239, 83, 80, 1.0)"
2025-06-30 00:00:00+00:00,3.1335830752,3.2029978901,3.0949091068,3.1335830752,575243,0.0,0.0,0.0,0.0,0.0,0.0,0.0,0.0,,,,,3.302340565290196,3.250469656063281,3.158789651755364,2.8272631476577548,2.769540665303915,2.741137821964521,,,,,,,,,,,,,2.64218503719434,,"rgba(239, 83, 80, 1.0)"
2025-07-01 00:00:00+00:00,3.123666673,3.2029978901,3.0046698474,3.2029978901,1491228,0.0,0.0,0.0,0.0,0.0,0.0,0.0,0.0,,,,,3.287151381559097,3.2419856239729876,3.156303502522314,2.833646386428412,2.776625043079974,2.7485420301654937,,,,,,,,,,,,,2.650150487070194,,"rgba(239, 83, 80, 1.0)"
2025-07-02 00:00:00+00:00,3.1434994773,3.193081488,3.1137502709,3.1534158794,346887,0.0,0.0,0.0,0.0,0.0,0.0,0.0,0.0,,,,,3.284673732888816,3.2407087112970987,3.15623029360518,2.8352971049699804,2.7784218137631878,2.7504061501327937,,,,,,,,,,,,,2.652121037331207,,"rgba(239, 83, 80, 1.0)"
2025-07-03 00:00:00+00:00,3.2426634987,3.2724127051,3.1434994773,3.1831650858,469592,0.0,0.0,0.0,0.0,0.0,0.0,0.0,0.0,,,,,3.283117319067011,3.240317512298339,3.157227220641053,2.837991210546581,2.7812759384662264,2.7533357578559556,,,,,,,,,,,,,2.6551324235247207,,"rgba(239, 83, 80, 1.0)"
2025-07-07 00:00:00+00:00,3.3715767264,3.3914095307,3.1534158794,3.2426634987,867073,0.0,0.0,0.0,0.0,0.0,0.0,0.0,0.0,,,,,3.284061569609017,3.242465772754047,3.1614165561473015,2.84396614713267,2.787464640240565,2.759629730316806,,,,,,,,,,,,,2.6614436067408107,,"rgba(239, 83, 80, 0.75)"
2025-07-08 00:00:00+00:00,3.1335830752,3.3864513296,3.1038338688,3.3616603243,721472,0.0,0.0,0.0,0.0,0.0,0.0,0.0,0.0,,,,,3.2814770287131734,3.241544214154059,3.1624857857222204,2.8477964462671914,2.791555221983493,2.763842234642572,,,,,,,,,,,,,2.6658212945954247,,"rgba(239, 83, 80, 0.75)"
2025-07-09 00:00:00+00:00,3.123666673,3.1732486837,3.1137502709,3.1633322816,351681,0.0,0.0,0.0,0.0,0.0,0.0,0.0,0.0,,,,,3.2791225201822467,3.2401994149046662,3.1622022975653588,2.849271768686171,2.793185048117642,2.765543036344546,,,,,,,,,,,,,2.667653459685902,,"rgba(239, 83, 80, 0.75)"
2025-07-10 00:00:00+00:00,3.0542518581,3.1434994773,3.0145862495,3.1137502709,724766,0.0,0.0,0.0,0.0,0.0,0.0,0.0,0.0,,,,,3.272357648357698,3.2358286476233604,3.16016222459056,2.8515771576824127,2.7958590289894203,2.7683843178940384,,,,,,,,,,,,,2.670859019714666,,"rgba(239, 83, 80, 1.0)"
2025-07-11 00:00:00+00:00,3.1434994773,3.1434994773,3.0542518581,3.0939174666,495274,0.0,0.0,0.0,0.0,0.0,0.0,0.0,0.0,,,,,3.2689147825310156,3.2337137506531337,3.159465125038745,2.8534286160016875,2.797937887182109,2.770567307810254,,,,,,,,,,,,,2.673252636866508,,"rgba(239, 83, 80, 1.0)"
2025-07-14 00:00:00+00:00,3.1831650858,3.3597762079,3.1633322816,3.193081488,601457,0.0,0.0,0.0,0.0,0.0,0.0,0.0,0.0,,,,,3.268054632381054,3.2337490007461955,3.1608258031371017,2.8566767573805865,2.8013848357261644,2.7741083406408977,,,,,,,,,,,,,2.6769182338156186,,"rgba(239, 83, 80, 1.0)"
2025-07-15 00:00:00+00:00,3.123666673,3.3119791496,3.123666673,3.1732486837,322849,0.0,0.0,0.0,0.0,0.0,0.0,0.0,0.0,,,,,3.2669447280983372,3.233231450994629,3.161069725196921,2.85817503502112,2.8030064670586428,2.7757874428117297,,,,,,,,,,,,,2.6786953411999916,,"rgba(239, 83, 80, 1.0)"
2025-07-16 00:00:00+00:00,3.2029978901,3.2228306944,3.1038338688,3.1335830752,317104,0.0,0.0,0.0,0.0,0.0,0.0,0.0,0.0,,,,,3.2657533018009506,3.2326289532968873,3.16121323000811,2.8595895462204965,2.804545286129514,2.777384032697252,,,,,,,,,,,,,2.680395056928104,,"rgba(239, 83, 80, 0.75)"
2025-07-17 00:00:00+00:00,3.1732486837,3.2228306944,3.1137502709,3.193081488,287009,0.0,0.0,0.0,0.0,0.0,0.0,0.0,0.0,,,,,3.2646237696285563,3.2320315739461978,3.1612858491290137,2.8608325418898897,2.8059026151351047,2.7787944172171968,,,,,,,,,,,,,2.681903119620601,,"rgba(239, 83, 80, 0.75)"
2025-07-18 00:00:00+00:00,3.1732486837,3.2129142923,3.1434994773,3.193081488,364688,0.0,0.0,0.0,0.0,0.0,0.0,0.0,0.0,,,,,3.2633239534339915,3.2313678363324065,3.1614455428505823,2.8624311368661894,2.8076438836495274,2.7806020118459083,,,,,,,,,,,,,2.683831764313937,,"rgba(239, 83, 80, 0.75)"
2025-07-21 00:00:00+00:00,3.2029978901,3.2922455094,3.193081488,3.2129142923,261084,0.0,0.0,0.0,0.0,0.0,0.0,0.0,0.0,,,,,3.2629696926469802,3.2313514780410455,3.1619509018387806,2.863756698679962,2.809057738392407,2.782057536441395,,,,,,,,,,,,,2.6853505053694,,"rgba(239, 83, 80, 0.75)"
2025-07-22 00:00:00+00:00,3.2823291072,3.2922455094,3.193081488,3.2129142923,210566,0.0,0.0,0.0,0.0,0.0,0.0,0.0,0.0,,,,,3.262910453407528,3.2315183736462347,3.162510599646177,2.8648956229840814,2.8102624305014046,2.7832935480648717,,,,,,,,,,,,,2.6866284669946605,,#000000
2025-07-23 00:00:00+00:00,3.2525799008,3.3616603243,3.1633322816,3.2724127051,543496,0.0,0.0,0.0,0.0,0.0,0.0,0.0,0.0,,,,,3.262831867685734,3.231995875448753,3.1639749538272075,2.8678295696172635,2.813364913902166,2.7864763455622037,,,,,,,,,,,,,2.689919732134644,,#000000
2025-07-24 00:00:00+00:00,3.2426634987,3.3120783136,3.193081488,3.2228306944,313930,0.0,0.0,0.0,0.0,0.0,0.0,0.0,0.0,,,,,3.2626684152126257,3.232166391003946,3.1647147435259044,2.869462006296079,2.815098059452096,2.788257285716079,,,,,,,,,,,,,2.6917708080615905,,#000000
2025-07-25 00:00:00+00:00,3.2525799008,3.3120783136,3.193081488,3.2228306944,161370,0.0,0.0,0.0,0.0,0.0,0.0,0.0,0.0,,,,,3.262606278534724,3.232269421705144,3.165104718495791,2.87030296109341,2.815990341197121,2.7891739479884667,,,,,,,,,,,,,2.692723173924675,,#000000
2025-07-28 00:00:00+00:00,3.193081488,3.3120783136,3.1534158794,3.3120783136,250672,0.0,0.0,0.0,0.0,0.0,0.0,0.0,0.0,,,,,3.2621980017165515,3.232170280844652,3.16547735182313,2.871489677233277,2.8172648190511698,2.790489675115606,,,,,,,,,,,,,2.694109211828228,,#000000
2025-07-29 00:00:00+00:00,3.193081488,3.2228306944,3.1534158794,3.2228306944,123150,0.0,0.0,0.0,0.0,0.0,0.0,0.0,0.0,,,,,3.2618623799577247,3.232008874979839,3.1655588169396705,2.872020154881441,2.8178419120496825,2.791088505677265,,,,,,,,,,,,,2.6947490720028364,,#000000
2025-07-30 00:00:00+00:00,3.123666673,3.2029978901,3.1038338688,3.193081488,307573,0.0,0.0,0.0,0.0,0.0,0.0,0.0,0.0,,,,,3.2605080910088438,3.2311751835918554,3.1653756386028316,2.8731455255695146,2.819097087124764,2.7924036063877735,,,,,,,,,,,,,2.6961912402524746,,"rgba(239, 83, 80, 1.0)"
2025-07-31 00:00:00+00:00,3.1434994773,3.193081488,3.1137502709,3.1335830752,155013,0.0,0.0,0.0,0.0,0.0,0.0,0.0,0.0,,,,,3.2598751279014144,3.230792172625362,3.1653120189909454,2.873722952572039,2.819738836894695,2.793075098132717,,,,,,,,,,,,,2.696925258172987,,"rgba(239, 83, 80, 1.0)"
2025-08-01 00:00:00+00:00,3.1038338688,3.1732486837,3.1038338688,3.1633322816,243768,0.0,0.0,0.0,0.0,0.0,0.0,0.0,0.0,,,,,3.2586875459162146,3.230026480981863,3.1650623813590184,2.8745505278071284,2.8206726824286434,2.7940578739338138,,,,,,,,,,,,,2.6980160692230446,,"rgba(239, 83, 80, 1.0)"
2025-08-04 00:00:00+00:00,3.1732486837,3.1881232869,3.123666673,3.123666673,229762,0.0,0.0,0.0,0.0,0.0,0.0,0.0,0.0,,,,,3.2578773398874254,3.229554651835826,3.1650417473173627,2.8754321904095503,2.8216468394363092,2.795074921657478,,,,,,,,,,,,,2.6991219315678365,,"rgba(239, 83, 80, 1.0)"
2025-08-05 00:00:00+00:00,3.2228306944,3.2327470965,3.123666673,3.1732486837,307583,0.0,0.0,0.0,0.0,0.0,0.0,0.0,0.0,,,,,3.257160882355853,3.22922066593878,3.1652688540069427,2.8767325868935982,2.8230618988616287,2.7965435405261085,,,,,,,,,,,,,2.700694064475502,,#000000
2025-08-06 00:00:00+00:00,3.2922455094,3.3219947158,3.2228306944,3.2327470965,313006,0.0,0.0,0.0,0.0,0.0,0.0,0.0,0.0,,,,,3.2574041470504786,3.229680469231776,3.166198785700545,2.8784015744055003,2.8248227820576495,2.798348472700516,,,,,,,,,,,,,2.7025611287534375,,#000000
2025-08-07 00:00:00+00:00,3.3219947158,3.3616603243,3.2724127051,3.34182752,226909,0.0,0.0,0.0,0.0,0.0,0.0,0.0,0.0,,,,,3.2578945341385728,3.230272237519681,3.1670971592767394,2.8797217876976866,2.8262015671428933,2.799755790606384,,,,,,,,,,,,,2.703999724388527,,"rgba(38, 166, 154, 1.0)"
2025-08-08 00:00:00+00:00,3.3219947158,3.3864513296,3.3120783136,3.3517439222,150969,0.0,0.0,0.0,0.0,0.0,0.0,0.0,0.0,,,,,3.2583302564840797,3.2307562380624892,3.1677729190093253,2.8806385640023753,2.827154489776378,2.80072650222069,,,,,,,,,,,,,2.7049864724094697,,"rgba(38, 166, 154, 1.0)"
2025-08-11 00:00:00+00:00,3.3814931286,3.5302391606,3.2624963029,3.5302391606,332642,0.0,0.0,0.0,0.0,0.0,0.0,0.0,0.0,,,,,3.2598651415202773,3.2323001522856702,3.169680414011631,2.882869527684011,2.829450169860183,2.803055065147184,,,,,,,,,,,,,2.7073243893912013,,"rgba(38, 166, 154, 1.0)"
2025-08-12 00:00:00+00:00,3.4211587371,3.4558661446,3.3715767264,3.4013259329,276424,0.0,0.0,0.0,0.0,0.0,0.0,0.0,0.0,,,,,3.2613492948919225,3.2337571548410917,3.1714154326874193,2.8847983326347446,2.8314272401726854,2.8050571168523124,,,,,,,,,,,,,2.709325074737777,,"rgba(38, 166, 154, 1.0)"
2025-08-13 00:00:00+00:00,3.4806571499,3.5004899542,3.4327609276,3.4806571499,278795,0.0,0.0,0.0,0.0,0.0,0.0,0.0,0.0,,,,,3.263340495733534,3.2356402714699533,3.1735291509387085,2.886929859043281,2.8335944452142403,2.8072440094178988,,,,,,,,,,,,,2.711487919685897,,"rgba(38, 166, 154, 1.0)"
2025-08-14 00:00:00+00:00,3.2426634987,3.3517439222,3.1534158794,3.3517439222,679567,0.0,0.0,0.0,0.0,0.0,0.0,0.0,0.0,,,,,3.263022671837832,3.23589873200336,3.1748085144429687,2.890111551747209,2.8369980592938346,2.810752591572853,,,,,,,,,,,,,2.715183187681251,,"rgba(38, 166, 154, 0.75)"
2025-08-15 00:00:00+00:00,3.2724127051,3.3007736152,3.2129142923,3.2525799008,282603,0.0,0.0,0.0,0.0,0.0,0.0,0.0,0.0,,,,,3.263013464119255,3.236103150071812,3.175416907344389,2.891464713876593,2.8384404222960136,2.8122372952963377,,,,,,,,,,,,,2.7167413396184488,,"rgba(38, 166, 154, 0.75)"
2025-08-18 00:00:00+00:00,3.2327470965,3.2724127051,3.1633322816,3.2724127051,238274,0.0,0.0,0.0,0.0,0.0,0.0,0.0,0.0,,,,,3.2627005384442653,3.2360161946817536,3.1756941123198468,2.8924781014872067,2.8395371045982443,2.8133730946692976,,,,,,,,,,,,,2.717954243293099,,"rgba(38, 166, 154, 0.75)"
2025-08-19 00:00:00+00:00,3.1038338688,3.2624963029,3.1038338688,3.2228306944,170487,1.0,3.2624962,3.103834,0.0,0.0,0.0,0.0,0.0,,,,3.156721346833333,3.262113288010771,3.2356462185377186,3.1756150756439085,2.893055049794774,2.840183277897634,2.8140513299550145,,,,,,,,,,,,,2.7187053535469197,,#000000
2025-08-20 00:00:00+00:00,3.1534158794,3.1822726097,3.1137502709,3.1137502709,234931,0.0,0.0,0.0,0.0,0.0,0.0,0.0,0.0,,,,3.1527180622618984,3.2612622882982625,3.235097878129756,3.1754678046718476,2.89382524555343,2.8410500631516173,2.8149628055607114,,,,,,,,,,,,,2.719719921320271,,"rgba(239, 83, 80, 0.5)"
2025-08-21 00:00:00+00:00,3.3021619115,3.3021619115,3.1732486837,3.2029978901,433036,0.0,0.0,0.0,0.0,0.0,0.0,0.0,0.0,,,,3.207708012647732,3.2612337529800883,3.2353782820572654,3.176339459547217,2.8958343105945525,2.8431966079818674,2.8171745552643146,,,,,,,,,,,,,2.7220499822511806,,#000000
2025-08-22 00:00:00+00:00,3.3616603243,3.3864513296,3.2922455094,3.3021619115,563351,0.0,0.0,0.0,0.0,0.0,0.0,0.0,0.0,,,,3.263599927810178,3.262739939236935,3.2370399221049775,3.1786171749480765,2.8990372998645233,2.846537466583524,2.8205828590149795,,,,,,,,,,,,,2.725540719961606,,#000000
2025-08-25 00:00:00+00:00,3.3616603243,3.4211587371,3.3219947158,3.3616603243,229409,0.0,0.0,0.0,0.0,0.0,0.0,0.0,0.0,,,,3.2783205870444783,3.2634911450235746,3.2378321714598775,3.179643650521458,2.900390594046968,2.847943159397108,2.8220144186040517,,,,,,,,,,,,,2.726999850429642,,"rgba(38, 166, 154, 1.0)"
2025-08-26 00:00:00+00:00,3.5798211713,3.5897375734,3.3715767264,3.4211587371,301796,0.0,0.0,0.0,0.0,0.0,0.0,0.0,0.0,,,,3.315071630059098,3.2658125760854384,3.240005931074187,3.1820054513029197,2.902708784844462,2.8502945849737977,2.824384723795168,,,,,,,,,,,,,2.7293424004505464,,"rgba(38, 166, 154, 1.0)"
2025-08-27 00:00:00+00:00,3.5897375734,3.5996539756,3.5351973617,3.5996539756,251474,0.0,0.0,0.0,0.0,0.0,0.0,0.0,0.0,,,,3.344978357450544,3.268183387814988,3.242190113078605,3.1843062145156256,2.9048190840675567,2.852420718986493,2.8265215417307745,,,,,,,,,,,,,2.7314350701541876,,"rgba(38, 166, 154, 1.0)"
2025-08-28 00:00:00+00:00,3.4608243457,3.5996539756,3.4211587371,3.5897375734,651496,0.0,0.0,0.0,0.0,0.0,0.0,0.0,0.0,,,,3.37918458799549,3.2725814669560687,3.246372599351045,3.188932990800247,2.9095717260807348,2.8572603172374595,2.8314082319434792,,,,,,,,,,,,,2.7362927319907717,,"rgba(38, 166, 154, 1.0)"
2025-08-29 00:00:00+00:00,3.6492359863,3.6591523884,3.4707407478,3.4905735521,353897,0.0,0.0,0.0,0.0,0.0,0.0,0.0,0.0,,,,3.402910852326044,3.275938131795596,3.2494739414498413,3.192187375222141,2.912554098110495,2.8602634833484673,2.834425710305422,,,,,,,,,,,,,2.7392476015514924,,"rgba(38, 166, 154, 1.0)"
2025-09-02 00:00:00+00:00,3.6194867799,3.7285672034,3.5699047692,3.7285672034,367674,0.0,0.0,0.0,0.0,0.0,0.0,0.0,0.0,,,,3.427343768135478,3.2798499642847285,3.2530639356193927,3.195897364813371,2.915833974388971,2.863553111528058,2.837725134239927,,,,,,,,,,,,,2.742461217302863,,"rgba(38, 166, 154, 1.0)"
2025-09-03 00:00:00+00:00,3.5500719649,3.629403182,3.5203227585,3.629403182,170060,0.0,0.0,0.0,0.0,0.0,0.0,0.0,0.0,,,,3.43369684415521,3.281270663405579,3.254393719236117,3.197314584985153,2.9171895421549996,2.864923531928436,2.8391044657842537,,,,,,,,,,,,,2.7438199666064595,,"rgba(38, 166, 154, 1.0)"
2025-09-04 00:00:00+00:00,3.4013259329,3.532024113,3.3616603243,3.5203227585,322221,1.0,3.5320241,3.3616602,0.0,0.0,0.0,0.0,0.0,,,3.4316701234,3.433535590061592,3.2826694121075826,3.255806975604994,3.1989999919005765,2.9192121270894273,2.867009028537794,2.841221606927481,,,,,,,,,,,,,2.745962020033316,,"rgba(38, 166, 154, 0.75)"
2025-09-05 00:00:00+00:00,3.5104063564,3.555030166,3.4310751393,3.4707407478,231050,0.0,0.0,0.0,0.0,0.0,0.0,0.0,0.0,,,3.4597195924673434,3.437060083782325,3.2841014350522713,3.25718833582174,3.2005382648915024,2.920841477716864,2.8686717797957444,2.842902059953114,,,,,,,,,,,,,2.7476394441535517,,"rgba(38, 166, 154, 0.75)"
2025-09-08 00:00:00+00:00,3.5699047692,3.5699047692,3.485615351,3.5401555628,264062,0.0,0.0,0.0,0.0,0.0,0.0,0.0,0.0,,,3.4862406155454146,3.443145972307651,3.286037897915043,3.259025296468361,3.202527595440321,2.922830055993354,2.870690272217504,2.8449372576966585,,,,,,,,,,,,,2.749656547790434,,"rgba(38, 166, 154, 0.75)"
2025-09-09 00:00:00+00:00,3.4608243457,3.5798211713,3.4310751393,3.5798211713,287849,0.0,0.0,0.0,0.0,0.0,0.0,0.0,0.0,,,3.48736914591806,3.4459708359870285,3.2876996574302018,3.2606429669452086,3.2043463684190296,2.9248050776284655,2.8727099190032908,2.8469802091972327,,,,,,,,,,,,,2.7517022526488866,,"rgba(38, 166, 154, 0.75)"
2025-09-10 00:00:00+00:00,3.4707407478,3.5302391606,3.4211587371,3.4707407478,240541,0.0,0.0,0.0,0.0,0.0,0.0,0.0,0.0,,,3.4849877412115404,3.447301968489491,3.2889562842671674,3.261881609134101,3.205761954526535,2.9263970901339786,2.8743426945440085,2.8486339251612276,,,,,,,,,,,,,2.753365056301388,,"rgba(38, 166, 154, 0.75)"
2025-09-11 00:00:00+00:00,3.5104063564,3.5302391606,3.4510071076,3.4806571499,309974,0.0,0.0,0.0,0.0,0.0,0.0,0.0,0.0,,,3.4872773631199863,3.4501761361645884,3.290750488472492,3.263628770268919,3.2077200620431148,2.928521312225498,2.8765145407480865,2.850830653510506,,,,,,,,,,,,,2.7555651111203616,,"rgba(38, 166, 154, 0.75)"
2025-09-12 00:00:00+00:00,3.5004899542,3.5500719649,3.485615351,3.5104063564,148390,0.0,0.0,0.0,0.0,0.0,0.0,0.0,0.0,,,3.4893157129649057,3.451836171026322,3.291659466947505,3.2645085782824035,3.208695740302834,2.9295590216102427,2.877573622100729,2.851901032747836,,,,,,,,,,,,,2.7566347004298835,,"rgba(38, 166, 154, 0.75)"
2025-09-15 00:00:00+00:00,3.6492359863,3.6641105895,3.4905735521,3.5004899542,258366,0.0,0.0,0.0,0.0,0.0,0.0,0.0,0.0,,,3.503344961514624,3.4585058909277975,3.293858129216214,3.266572598810335,3.2108750788470366,2.9316325073968175,2.8796674174049897,2.8540072905408467,,,,,,,,,,,,,2.758708957602303,,"rgba(38, 166, 154, 0.75)"
2025-09-16 00:00:00+00:00,3.5004899542,3.6591523884,3.4955317532,3.6591523884,190461,0.0,0.0,0.0,0.0,0.0,0.0,0.0,0.0,,,3.5074349769812674,3.461474618142893,3.29520086242928,3.2678550298738105,3.2122641429474927,2.9330402872790375,2.8810976529143635,2.8554498905398513,,,,,,,,,,,,,2.7601419421974795,,"rgba(38, 166, 154, 0.75)"
2025-09-17 00:00:00+00:00,3.4409915414,3.5297433405,3.4310751393,3.4806571499,186641,0.0,0.0,0.0,0.0,0.0,0.0,0.0,0.0,,,3.5043621091222397,3.4616500078087653,3.2960744134263273,3.2687300265885653,3.21327847396359,2.9342261718257614,2.882317548973807,2.8566870112197504,,,,,,,,,,,,,2.7613918858265576,,#000000
2025-09-18 00:00:00+00:00,3.5104063564,3.5153645574,3.411242335,3.4707407478,202180,0.0,0.0,0.0,0.0,0.0,0.0,0.0,0.0,,,3.5024214079006786,3.4622008829381774,3.297074919024031,3.2697247602204356,3.2144185330137094,2.9355330111763993,2.8836596869013444,2.8580471435746113,,,,,,,,,,,,,2.7627633444642705,,#000000
2025-09-19 00:00:00+00:00,3.6690687905,3.7087343991,3.5054481553,3.5203227585,678334,0.0,0.0,0.0,0.0,0.0,0.0,0.0,0.0,,,3.5280277881567015,3.478134906456576,3.3030335281079957,3.2753184851099344,3.2202838408084116,2.941059750804811,2.889233043078741,2.863650199518711,,,,,,,,,,,,,2.7682743632451814,,"rgba(38, 166, 154, 1.0)"
2025-09-22 00:00:00+00:00,3.9368116482,3.9665608546,3.6690687905,3.6690687905,562082,0.0,0.0,0.0,0.0,0.0,0.0,0.0,0.0,,,3.575727993648671,3.50615461209029,3.3111903734074004,3.282758956178292,3.227689173711189,2.9470827623945284,2.8952054060259482,2.8696089901995943,,,,,,,,,,,,,2.7739944373095127,,"rgba(38, 166, 154, 1.0)"
2025-09-23 00:00:00+00:00,3.847564029,4.0211010664,3.8326894258,3.9665608546,280260,0.0,0.0,0.0,0.0,0.0,0.0,0.0,0.0,,,3.5975920075268117,3.5201603585617294,3.3154813624448125,3.286670350579271,3.231565183806421,2.950196774516967,2.898287600628192,2.872681570742808,,,,,,,,,,,,,2.776936364837204,,"rgba(38, 166, 154, 1.0)"
2025-09-24 00:00:00+00:00,3.9566444525,4.2045545059,3.7087343991,3.7186508012,3124830,0.0,0.0,0.0,0.0,0.0,0.0,0.0,0.0,,,3.751556704402566,3.643987586677107,3.363629606350458,3.33085322764481,3.2753310417735544,2.9855623411380128,2.9332729531062873,2.907546770567668,,,,,,,,,,,,,2.810316753509924,,"rgba(38, 166, 154, 1.0)"
2025-09-25 00:00:00+00:00,3.8673968333,4.0954740824,3.8574804311,4.0954740824,1169955,0.0,0.0,0.0,0.0,0.0,0.0,0.0,0.0,,,3.7776418508130893,3.672421210862618,3.3793949141057,3.3455340794253408,3.290022645071553,2.997957628694338,2.9455817924438774,2.9198336433503047,,,,,,,,,,,,,2.8221603770037356,,"rgba(38, 166, 154, 1.0)"
2025-09-26 00:00:00+00:00,4.1252232888,4.140097892,3.8574804311,3.8872296375,896404,0.0,0.0,0.0,0.0,0.0,0.0,0.0,0.0,,,3.802874490623958,3.6976739357264785,3.392971695760724,3.358139871517982,3.3025257640488412,3.0082322362909437,2.9557464841663927,2.9299624719012343,,,,,,,,,,,,,2.83187142816124,,"rgba(38, 166, 154, 1.0)"
2025-09-29 00:00:00+00:00,4.3037185273,4.4921301679,4.2343037123,4.2442201145,1158872,0.0,0.0,0.0,0.0,0.0,0.0,0.0,0.0,,,3.862459095801796,3.7502224686962813,3.4175364618788455,3.3807004829345533,3.324459050251123,3.025022482903509,2.9721966020838226,2.946280775193627,,,,,,,,,,,,,2.8472826116377585,,"rgba(38, 166, 154, 1.0)"
2025-09-30 00:00:00+00:00,4.2764484214,4.3455677622,4.2167770481,4.2167770481,438066,0.0,0.0,0.0,0.0,0.0,0.0,0.0,0.0,,,3.879146336101569,3.7660215527161665,3.4258775013781895,3.3884144549967004,3.332007137132513,3.0309581233544867,2.9780292270506763,2.9520743885000216,,,,,,,,,,,,,2.8527817700242744,,"rgba(38, 166, 154, 1.0)"
2025-10-01 00:00:00+00:00,4.1968865903,4.3759007103,4.1620782892,4.2863936503,441332,0.0,0.0,0.0,0.0,0.0,0.0,0.0,0.0,,,3.8933181231761664,3.7800014467960326,3.4337846532510836,3.395756267906706,3.3392181859693104,3.036717152070548,2.983697943583915,2.957709511687272,,,,,,,,,,,,,2.8581459119482844,,"rgba(38, 166, 154, 1.0)"
2025-10-02 00:00:00+00:00,4.0974343014,4.2366675059,3.9880367837,4.226722277,508209,0.0,0.0,0.0,0.0,0.0,0.0,0.0,0.0,,,3.902459905652563,3.7906477091967075,3.4411904101207305,3.402711581886167,3.3461420647385367,3.042534099108876,2.9894579342737684,2.963450950879889,,,,,,,,,,,,,2.8636642060018627,,"rgba(38, 166, 154, 0.75)"
2025-10-03 00:00:00+00:00,4.137215217,4.2466127347,4.047708157,4.1173247592,656527,0.0,0.0,0.0,0.0,0.0,0.0,0.0,0.0,,,3.9150808379703514,3.8048874973529148,3.451030478754128,3.411952694101169,3.3553237176028246,3.0502099297194043,2.997051992675897,2.971017400029111,,,,,,,,,,,,,2.8709281348606126,,"rgba(38, 166, 154, 0.75)"
2025-10-06 00:00:00+00:00,4.2068318192,4.3609828669,4.1968865903,4.2764484214,514178,0.0,0.0,0.0,0.0,0.0,0.0,0.0,0.0,,,3.9284486478782865,3.818661833969697,3.459751461125187,3.4201047792222385,3.3633604810053708,3.056750076815825,3.003499320823733,2.977430625542661,,,,,,,,,,,,,2.877051113893462,,"rgba(38, 166, 154, 0.75)"
2025-10-07 00:00:00+00:00,4.2167770481,4.2863936503,4.0079272415,4.226722277,789490,0.0,0.0,0.0,0.0,0.0,0.0,0.0,0.0,,,3.942228412586434,3.834449230022329,3.471394654711561,3.431082500591984,3.3742808083898312,3.0659561713479175,3.0126110591754336,2.986510563124951,,,,,,,,,,,,,2.8857774624457155,,"rgba(38, 166, 154, 0.75)"
2025-10-08 00:00:00+00:00,4.4753529991,4.6295040469,4.2764484214,4.3261745658,1086514,0.0,0.0,0.0,0.0,0.0,0.0,0.0,0.0,,,3.979897969510366,3.8708703470906967,3.4932047064190925,3.451401121339023,3.394138371754399,3.0816427267995334,3.0280047315528447,3.0017898938790517,,,,,,,,,,,,,2.900264813945793,,"rgba(38, 166, 154, 1.0)"
2025-10-09 00:00:00+00:00,4.3759007103,4.6742575769,4.2974328544,4.6046409747,991867,0.0,0.0,0.0,0.0,0.0,0.0,0.0,0.0,,,4.009102583594226,3.9000382211069082,3.512069814261867,3.469062869310835,3.411458083125251,3.095543572808722,3.0416663586239743,3.015358877524973,,,,,,,,,,,,,2.9131657439513976,,"rgba(38, 166, 154, 1.0)"
2025-10-10 00:00:00+00:00,4.3460650236,4.4604351558,4.2764484214,4.4256268547,469958,0.0,0.0,0.0,0.0,0.0,0.0,0.0,0.0,,,4.019180763523114,3.910796177706085,3.519933604480036,3.4764810311029857,3.4187865151074677,3.101608937944451,3.0476481409969045,3.0213094827488645,,,,,,,,,,,,,2.918856859666837,,"rgba(38, 166, 154, 1.0)"
2025-10-13 00:00:00+00:00,4.5350243725,4.5549148302,4.4124991526,4.4455173125,746319,0.0,0.0,0.0,0.0,0.0,0.0,0.0,0.0,,,4.040133987278896,3.9318827189579633,3.5341538607831016,3.4898340016979175,3.4318879056621694,3.112178789281876,3.058036478833289,3.031627103411949,,,,,,,,,,,,,2.9286707441137816,,"rgba(38, 166, 154, 1.0)"
2025-10-14 00:00:00+00:00,4.4057363969,4.5648600591,4.3361197947,4.4753529991,736924,0.0,0.0,0.0,0.0,0.0,0.0,0.0,0.0,,,4.056421164174841,3.9490515409888167,3.5468755157617307,3.5018525470085184,3.443745957240952,3.1219770185963194,3.0676920386470057,3.0412284388314124,,,,,,,,,,,,,2.9378451385158573,,"rgba(38, 166, 154, 1.0)"
2025-10-15 00:00:00+00:00,4.6543671191,4.6941480347,4.4256268547,4.4256268547,759115,0.0,0.0,0.0,0.0,0.0,0.0,0.0,0.0,,,4.078194603471107,3.970840306532128,3.5618428499890156,3.5159310337832457,3.4575450717113645,3.1330990710142643,3.0786147693025314,3.0520725010288388,,,,,,,,,,,,,2.9481507978181667,,"rgba(38, 166, 154, 1.0)"
2025-10-16 00:00:00+00:00,4.574805288,4.7339289502,4.5499422158,4.664312348,722384,0.0,0.0,0.0,0.0,0.0,0.0,0.0,0.0,,,4.098380722331172,3.991126205969762,3.576072078349067,3.5293368422351756,3.4706906077218926,3.1437292499577065,3.089055474310349,3.0624382440611546,,,4.619558818000001,,,,,,,,,,2.9580053550157483,,"rgba(38, 166, 154, 1.0)"
2025-10-17 00:00:00+00:00,4.2963388792,4.6046409747,4.2316948914,4.574805288,885043,0.0,0.0,0.0,0.0,0.0,0.0,0.0,0.0,,,4.110577348897302,4.005384892112925,3.5890679347592966,3.541775119617856,3.4830879674291695,3.154445679293878,3.099663493490675,3.073007729266549,,,4.486314253804556,,,,,,,,,,2.9681860304543597,,"rgba(38, 166, 154, 0.75)"
2025-10-20 00:00:00+00:00,4.5250791436,4.5598874447,4.3062841081,4.3560102525,568541,0.0,0.0,0.0,0.0,0.0,0.0,0.0,0.0,,,4.120218384683112,4.015997975585461,3.5980848161382952,3.550379027315638,3.491624960867078,3.16171036501641,3.1068397434175017,3.080150984794154,,,4.4804186839041815,,,,,,,,,,2.9750445640843517,,"rgba(38, 166, 154, 0.75)"
2025-10-21 00:00:00+00:00,4.0974343014,4.3361197947,4.047708157,4.3361197947,670049,0.0,0.0,0.0,0.0,0.0,0.0,0.0,0.0,,,4.121471469783714,4.019834323440429,3.6048347894744923,3.5570153956031465,3.4984168533782,3.1681986486147142,3.1133318241197876,3.086650866490665,,,4.405080309283727,,,,,,,,,,2.981416718276378,,"rgba(38, 166, 154, 0.5)"
2025-10-22 00:00:00+00:00,4.1272699881,4.137215217,4.047708157,4.0675986148,512804,0.0,0.0,0.0,0.0,0.0,0.0,0.0,0.0,,,4.121065905419232,4.0215125637775975,3.609379225596849,3.5615323037592637,3.5030877446244983,3.17282879473172,3.1179820497627753,3.0913144560608594,,,4.359123071718575,,,,,,,,,,2.9860164802376703,,#000000
2025-10-23 00:00:00+00:00,4.0974343014,4.181968747,4.0694882083,4.1769961325,229791,0.0,0.0,0.0,0.0,0.0,0.0,0.0,0.0,,,4.121016631479035,4.02235133865818,3.61143857912852,3.563577342660838,3.5051996372603162,3.174915822743306,3.120077388755796,3.0934154740519575,,,4.34357410008725,,,,,,,,,,2.9880878760987093,,#000000
2025-10-24 00:00:00+00:00,4.0576533859,4.1073795303,3.9880367837,4.0278176992,264539,0.0,0.0,0.0,0.0,0.0,0.0,0.0,0.0,,,4.120193849609968,4.022640485941612,3.613484864276362,3.56563719771245,3.5073551648823806,3.177141234895219,3.1223213724202354,3.0956698896791255,,,4.323488950621519,,,,,,,,,,2.9903256957415874,,"rgba(239, 83, 80, 1.0)"
2025-10-27 00:00:00+00:00,4.0974343014,4.1173247592,3.8836118804,4.0825164581,927648,0.0,0.0,0.0,0.0,0.0,0.0,0.0,0.0,,,4.116733602462154,4.022987160535908,3.6202195232867913,3.572458615257786,3.514532132028169,3.1846954791765154,3.129952670836078,3.103342880300521,,,4.2670828960741725,,,,,,,,,,2.997965436010456,,"rgba(239, 83, 80, 1.0)"
2025-10-28 00:00:00+00:00,4.1471604459,4.1869413614,4.0278176992,4.0278176992,524491,0.0,0.0,0.0,0.0,0.0,0.0,0.0,0.0,,,4.116819124325196,4.024837261170117,3.624723008870148,3.5769473459028958,3.519177128294493,3.1893442454490044,3.134625408487604,3.1080306466371046,,,4.252605258229001,,,,,,,,,,3.0025980926926166,,"rgba(239, 83, 80, 1.0)"
2025-10-29 00:00:00+00:00,4.1173247592,4.226722277,4.0825164581,4.1272699881,366053,0.0,0.0,0.0,0.0,0.0,0.0,0.0,0.0,,,4.117200925635017,4.026368692298599,3.6279528517254174,3.580159258491912,3.5224916458113436,3.1926358855152586,3.1379312761750087,3.1113458961437988,,,4.245478440060741,,,,,,,,,,3.0058706089772507,,"rgba(239, 83, 80, 1.0)"
2025-10-30 00:00:00+00:00,4.2963388792,4.3062841081,4.0675986148,4.1272699881,638842,0.0,0.0,0.0,0.0,0.0,0.0,0.0,0.0,,,4.119919110208482,4.030756349488055,3.634369279440381,3.5864757028297176,3.528939663945228,3.1988130913066315,3.1441114892292,3.1175329642421756,,,4.24324395173818,,,,,,,,,,3.0119420767275167,,#000000
2025-10-31 00:00:00+00:00,4.2466127347,4.3361197947,4.226722277,4.2963388792,297934,0.0,0.0,0.0,0.0,0.0,0.0,0.0,0.0,,,4.121687188785969,4.033213499540015,3.6375467028635566,3.5895908245749357,3.5321046729235626,3.2017980328735534,3.1470926369468053,3.1205150312898176,,,4.244442082791736,,,,,,,,,,3.0148606281123453,,#000000
2025-11-03 00:00:00+00:00,4.1272699881,4.2665031925,4.0178724703,4.2665031925,460729,0.0,0.0,0.0,0.0,0.0,0.0,0.0,0.0,,,4.12196534832106,4.0348406910222,3.6413807425184594,3.593424311375744,3.536075934405246,3.205812309848998,3.1511309291006904,3.1245677005684693,,,4.2374533164942125,,,,,,,,,,3.0188732620914243,,#000000
2025-11-04 00:00:00+00:00,3.868694037,4.0775438437,3.8587488082,4.0775438437,613266,0.0,0.0,0.0,0.0,0.0,0.0,0.0,0.0,,,4.11761104602852,4.032803758068216,3.644349281295049,3.5965776302808647,3.5395305928936627,3.2099539111223034,3.15536347633552,3.128844981458613,,,4.213308002238941,,,,,,,,,,3.023212309643457,,"rgba(239, 83, 80, 1.0)"
2025-11-05 00:00:00+00:00,3.8885844948,3.9731189404,3.8637214226,3.9383106392,297263,0.0,0.0,0.0,0.0,0.0,0.0,0.0,0.0,,,4.11527655071735,4.031586339146875,3.64563736531909,3.5979671065401932,3.5410728377698684,3.2118717364226708,3.15732944587825,3.1308343913895595,,,4.201951778960504,,,,,,,,,,3.025240035098711,,"rgba(239, 83, 80, 1.0)"
2025-11-06 00:00:00+00:00,3.868694037,3.9680468736,3.8488035793,3.958201097,274652,0.0,0.0,0.0,0.0,0.0,0.0,0.0,0.0,,,4.1130297732858585,4.030363333285376,3.646756726870405,3.599185443206126,3.542435213244122,3.2136007117605883,3.159104789825639,3.132632208811079,,,4.191744028105532,,,,,,,,,,3.0270772113585678,,"rgba(239, 83, 80, 1.0)"
2025-11-07 00:00:00+00:00,3.9283654104,3.9283654104,3.8587488082,3.8786392659,264005,0.0,0.0,0.0,0.0,0.0,0.0,0.0,0.0,,,4.111009872588539,4.029293496425163,3.6478661102997525,3.6003863356949775,3.5437716967394124,3.2152786458212494,3.160826302442945,3.1343748885948495,,,4.182861738015046,,,,,,,,,,3.0288560840672027,,"rgba(239, 83, 80, 1.0)"
2025-11-10 00:00:00+00:00,4.0874890726,4.137215217,4.029806745,4.0675986148,365428,0.0,0.0,0.0,0.0,0.0,0.0,0.0,0.0,,,4.1106625149266005,4.029942755176093,3.6504474958555915,3.603003947599129,3.5465171659243424,3.2181892145254998,3.163768156208008,3.1373334057447253,,,4.178829415959888,,,,,,,,,,3.0318089184922186,,"rgba(239, 83, 80, 0.75)"
2025-11-11 00:00:00+00:00,4.047708157,4.1571056748,3.9979820126,4.1073795303,349107,0.0,0.0,0.0,0.0,0.0,0.0,0.0,0.0,,,4.110123347052597,4.030358618685325,3.652788522777546,3.6053898386832364,3.5490309562069355,3.220896701617246,3.1665089025527138,3.140091526333076,,,4.174623495451683,,,,,,,,,,3.0345685602883856,,"rgba(239, 83, 80, 0.75)"
2025-11-12 00:00:00+00:00,4.226722277,4.226722277,4.0675986148,4.0775438437,600603,0.0,0.0,0.0,0.0,0.0,0.0,0.0,0.0,,,4.111463494475221,4.033030931592553,3.657769529940671,3.6103667069791587,3.5541725721031274,3.2260930448475564,3.1717359296106546,3.145336869525779,,,4.174565931951132,,,,,,,,,,3.0397660134517777,,#000000
2025-11-13 00:00:00+00:00,4.0178724703,4.3161298847,3.9830641692,4.226722277,847142,0.0,0.0,0.0,0.0,0.0,0.0,0.0,0.0,,,4.111296711766743,4.034892807652483,3.6637305290549724,3.6164105045232287,3.56050217923458,3.2328077510382873,3.1785229197110296,3.1521622572890773,,,4.169102733374417,,,,,,,,,,3.0465820582262064,,#000000
2025-11-14 00:00:00+00:00,3.9283654104,3.9930093981,3.7841595915,3.8488035793,1041144,1.0,3.9930093,3.7841597,0.0,0.0,0.0,0.0,0.0,,3.9018447999999992,4.104116857918883,4.03083057972315,3.6675624229842536,3.6206276497947836,3.56524985015853,3.2390263570170967,3.184925822360668,3.1586538593708595,,,4.145363878209371,,,,,3.9018447999999992,,,,,3.053251063792663,,"rgba(239, 83, 80, 0.75)"
2025-11-17 00:00:00+00:00,3.9780915548,4.114142286,3.9184201815,3.9283654104,870320,0.0,0.0,0.0,0.0,0.0,0.0,0.0,0.0,,3.948153407726876,4.101315434110501,4.030151671434857,3.6720222484364466,3.62529921004844,3.570287301885115,3.244920780960666,3.1909389015783396,3.1647256165713804,,,4.135562062485878,,,,,3.948153407726876,,,,,3.0594052254557305,,"rgba(239, 83, 80, 0.75)"
2025-11-18 00:00:00+00:00,4.0974343014,4.0974343014,3.9432832537,4.0576533859,618915,0.0,0.0,0.0,0.0,0.0,0.0,0.0,0.0,,3.972098458018533,4.10024191129803,4.030428161951428,3.675519841196686,3.628918103587157,3.5741442679380775,3.2492892573800107,3.195382388488849,3.1692067173524143,,,4.1313684917815845,,,,,3.972098458018533,,,,,3.0639282162814294,,#000000
2025-11-19 00:00:00+00:00,4.1968865903,4.3361197947,4.1123521448,4.1173247592,682183,0.0,0.0,0.0,0.0,0.0,0.0,0.0,0.0,,4.0237036349017785,4.102649971564226,4.0339017829412525,3.6810247847388826,3.6344232533613305,3.579821054254328,3.2550595168872323,3.2011897492061023,3.1750356209673405,,,4.135480924715975,,,,,4.0237036349017785,,,,,3.069715744281096,,#000000
2025-11-20 00:00:00+00:00,4.0278176992,4.271475807,4.0228450848,4.1968865903,389967,0.0,0.0,0.0,0.0,0.0,0.0,0.0,0.0,,4.032761393469095,4.102705973940523,4.034683364582371,3.6834968154791037,3.6369487394900095,3.582478507764658,3.257960488626325,3.204130276060347,3.1779964486078804,,,4.134713667352493,,,,,4.032761393469095,,,,,3.072689346707306,,#000000
2025-11-21 00:00:00+00:00,4.0377629281,4.1222973737,3.9681463259,4.0079272415,441820,0.0,0.0,0.0,0.0,0.0,0.0,0.0,0.0,,4.0338510072868665,4.101912097306162,4.034779248736898,3.685841259518028,3.6393889087089346,3.585090317401533,3.260975104725138,3.207202036717014,3.181096578083146,,,4.131953823198988,,,,,4.0338510072868665,,,,,3.075828614957991,,#000000
2025-11-24 00:00:00+00:00,4.2963388792,4.3212019514,4.0874890726,4.0874890726,392696,0.0,0.0,0.0,0.0,0.0,0.0,0.0,0.0,,4.051654369464056,4.103459908563789,4.036876270449915,3.689008359327714,3.6425554716984756,3.5883518888652914,3.2642894073378015,3.2105373853378363,3.184444143817147,,,4.134630860618954,,,,,4.051654369464056,,,,,3.0791533045060375,,#000000
2025-11-25 00:00:00+00:00,4.3560102525,4.3759007103,4.2068318192,4.2764484214,457383,0.0,0.0,0.0,0.0,0.0,0.0,0.0,0.0,,4.07606903708567,4.106258998824607,4.040202858763479,3.6931712132517873,3.6466808901827275,3.5925624061100954,3.2684288661926337,3.2146883067773118,3.188603576218546,,,4.139866504096324,,,,,4.07606903708567,,,,,3.0832610723720673,,"rgba(38, 166, 154, 0.5)"
2025-11-26 00:00:00+00:00,4.5946957458,4.6295040469,4.3699335729,4.4057363969,672596,0.0,0.0,0.0,0.0,0.0,0.0,0.0,0.0,,4.131078472106733,4.11445232410816,4.048755724120822,3.7013155736675203,3.654615341575386,3.600517011981676,3.2757178956878157,3.221938906226227,3.1958424939139336,,,4.156074015989485,,,,,4.131078472106733,,,,,3.0903166332582703,,"rgba(38, 166, 154, 1.0)"
2025-11-28 00:00:00+00:00,4.7637646369,4.8134907813,4.5946957458,4.6245314325,764302,0.0,0.0,0.0,0.0,0.0,0.0,0.0,0.0,,4.202652525913848,4.127515474923506,4.061857404754293,3.712483756343875,3.6654037354511226,3.6112309192224283,3.2851542440075177,3.2312795115294137,3.205146981408644,,,4.181589164653206,,,,,4.202652525913848,,,,,3.0993117000915107,,"rgba(38, 166, 154, 1.0)"
2025-12-01 00:00:00+00:00,4.7239837213,4.7886277091,4.6493945047,4.7637646369,410392,0.0,0.0,0.0,0.0,0.0,0.0,0.0,0.0,,4.234185982394479,4.134263604980427,4.068650537707483,3.7183611213128858,3.6710893654539145,3.616882973404402,3.2901589707493595,3.23623614124161,3.21008562236255,,,4.1942876780133105,,,,,4.234185982394479,,,,,3.104091076913027,,"rgba(38, 166, 154, 1.0)"
2025-12-02 00:00:00+00:00,4.8333812391,4.843326468,4.6096135891,4.6742575769,522908,0.0,0.0,0.0,0.0,0.0,0.0,0.0,0.0,,4.272185760373761,4.143234672421031,4.077643154558087,3.7260568490755985,3.678528185320091,3.624268989707418,3.296668757563469,3.2426790921473647,3.2165031820159578,,,4.210833696982995,,,,,4.272185760373761,,,,,3.110295188921689,,"rgba(38, 166, 154, 1.0)"
2025-12-03 00:00:00+00:00,5.0919571901,5.1118476479,4.843326468,4.843326468,602597,0.0,0.0,0.0,0.0,0.0,0.0,0.0,0.0,,4.329136699549708,4.157368338139658,4.091455276083544,3.736922483679642,3.6889529308950704,3.6345342633283106,3.3053855070626788,3.2512648171032033,3.2250359612529604,,,4.236983600762656,,,,,4.329136699549708,,,,,3.118476323009185,,"rgba(38, 166, 154, 1.0)"
2025-12-04 00:00:00+00:00,5.191409479,5.2411356234,5.0472036601,5.1715190212,516434,0.0,0.0,0.0,0.0,0.0,0.0,0.0,0.0,,4.380312792334641,4.1710963144538065,4.1047698413506835,3.7471236143661155,3.6987156895732562,3.644117999706854,3.313409801399078,3.2591529905241106,3.2328682683452885,,,4.261985411871581,,,,,4.380312792334641,,,,,3.1259606577598773,,"rgba(38, 166, 154, 1.0)"
2025-12-05 00:00:00+00:00,5.4002592856,5.4400402012,5.146655949,5.2411356234,740744,0.0,0.0,0.0,0.0,0.0,0.0,0.0,0.0,,4.457328626404218,4.193399887561087,4.126267216036307,3.7632235545824986,3.7140890430150795,3.659166007042416,3.325841720457433,3.27135050674194,3.244968400832127,,,4.301893769579027,,,,,4.457328626404218,,,,,3.137484875161943,,"rgba(38, 166, 154, 1.0)"
2025-12-08 00:00:00+00:00,5.2709713101,5.504684189,5.101902419,5.3803688279,1947107,0.0,0.0,0.0,0.0,0.0,0.0,0.0,0.0,,4.604210660779355,4.246369074952248,4.177724202657092,3.803071216692377,3.7522678646255074,3.696631998427293,3.3572185656682136,3.3021813061213643,3.2755732740207377,,,4.390569279906802,5.292519306033333,,,,4.604210660779355,,,,,3.1667154253086616,,"rgba(38, 166, 154, 1.0)"
2025-12-09 00:00:00+00:00,5.2510808523,5.4400402012,5.1516285635,5.3107522257,655421,0.0,0.0,0.0,0.0,0.0,0.0,0.0,0.0,,4.642031921862223,4.262883776089361,4.193868940959406,3.8159204836919947,3.764613506042803,3.7087709281362904,3.3674944080489086,3.3122895605893956,3.2856123910302797,,,,5.289597263630042,,,,4.642031921862223,,,,,3.1763244926058767,,"rgba(38, 166, 154, 1.0)"
2025-12-10 00:00:00+00:00,5.3505331412,5.3604783701,5.1217928768,5.2610260812,596846,0.0,0.0,0.0,0.0,0.0,0.0,0.0,0.0,,4.672812842332685,4.277422950739039,4.208121548979564,3.827402519368904,3.7756594055658064,3.719641327217725,3.376740809877422,3.32138966319601,3.29465222231284,,,,5.287359436542027,,,,4.672812842332685,,,,,3.184985460230112,,"rgba(38, 166, 154, 1.0)"
2025-12-11 00:00:00+00:00,5.2411356234,5.4499854301,5.2311903946,5.3505331412,610568,0.0,0.0,0.0,0.0,0.0,0.0,0.0,0.0,,4.702770397493942,4.2923025050953045,4.222715148867086,3.8392012122812518,3.7870147841555597,3.7308168620630937,3.3862546408189513,3.3307528538845323,3.303953250947186,,,,5.290577020684755,,,,4.702770397493942,,,,,3.1938972578443874,,"rgba(38, 166, 154, 0.75)"
2025-12-12 00:00:00+00:00,5.2311903946,5.3903140568,5.1217928768,5.3803688279,438853,0.0,0.0,0.0,0.0,0.0,0.0,0.0,0.0,,4.720654892484727,4.3021213323714305,4.232403416690522,3.847226164395435,3.7947568910905805,3.7384523733451633,3.3928245089448645,3.3372268905372966,3.3103880198074513,,,,5.2861550979668115,,,,4.720654892484727,,,,,3.200077086947665,,"rgba(38, 166, 154, 0.75)"
2025-12-15 00:00:00+00:00,5.3008069968,5.3455605268,5.1614743401,5.3206974545,443902,0.0,0.0,0.0,0.0,0.0,0.0,0.0,0.0,,4.738280594947209,4.312071275168693,4.2422223415937665,3.8553742274252296,3.8026197541196853,3.7462069147424395,3.399499486621408,3.3438043218415063,3.3169254255171845,,,,5.28455887004693,,,,4.738280594947209,,,,,3.206355578372553,,"rgba(38, 166, 154, 0.75)"
2025-12-16 00:00:00+00:00,5.012395359,5.3604783701,4.9974775157,5.3107522257,861836,0.0,0.0,0.0,0.0,0.0,0.0,0.0,0.0,,4.760894854060136,4.327960215696305,4.258131612664838,3.869325584300246,3.8161541999213675,3.7596199653499007,3.4113240401926195,3.3554898200015777,3.328555203937875,,,,5.259561437045581,,,,4.760894854060136,,,,,3.2175830584960154,,"rgba(38, 166, 154, 0.75)"
2025-12-17 00:00:00+00:00,4.9328335279,5.0919571901,4.888079998,5.0820119613,646402,0.0,0.0,0.0,0.0,0.0,0.0,0.0,0.0,,4.769754988028298,4.337267555500962,4.2676547915143335,3.878341636685443,3.8249617310080697,3.7684041012751353,3.4193064095315853,3.3634067386260837,3.336447311599988,,,,5.229476531058361,,,,4.769754988028298,,,,,3.22525115904878,,"rgba(38, 166, 154, 0.75)"
2025-12-18 00:00:00+00:00,5.012395359,5.0720667324,4.8779358645,4.9328335279,446529,0.0,0.0,0.0,0.0,0.0,0.0,0.0,0.0,,4.775918765989924,4.343704632615526,4.27423704757522,3.884576959529588,3.831054375160075,3.774480366413243,3.424831175842519,3.368886216189798,3.341909584136962,,,,5.213219996688722,,,,4.775918765989924,,,,,3.2305588918188453,,"rgba(38, 166, 154, 0.5)"
2025-12-19 00:00:00+00:00,5.1516285635,5.2112999368,4.9875322868,5.0223405879,2635186,0.0,0.0,0.0,0.0,0.0,0.0,0.0,0.0,,4.824722827576489,4.386381098839681,4.317379428525742,3.9241465854351416,3.8696293632430585,3.8128373519011833,3.4592935971289624,3.4030103425713842,3.3759004135304886,,,,5.185853756413671,,,,4.824722827576489,,,,,3.263501794013125,,"rgba(38, 166, 154, 0.5)"
2025-12-22 00:00:00+00:00,5.2709713101,5.3903140568,5.191409479,5.2212451657,947245,0.0,0.0,0.0,0.0,0.0,0.0,0.0,0.0,,4.847212273931301,4.403850016638248,4.334853004637287,3.9396668193015123,3.884722196496068,3.8277970897342195,3.4725577432544252,3.4161199707638343,3.388947413132156,,,,5.194963129964503,,,,4.847212273931301,,,,,3.2761084926166633,,"rgba(38, 166, 154, 0.75)"
2025-12-23 00:00:00+00:00,5.2311903946,5.3008069968,5.1516285635,5.3008069968,337731,0.0,0.0,0.0,0.0,0.0,0.0,0.0,0.0,,4.853740891357921,4.409526885005597,4.340570465145335,3.9448867362887015,3.889812241473325,3.832853989857134,3.477094771632913,3.420610328416809,3.393419115091568,,,,5.1960149713410555,,,,4.853740891357921,,,,,3.2804402558285233,,"rgba(38, 166, 154, 0.75)"
2025-12-24 00:00:00+00:00,5.0621215035,5.191409479,5.042330498,5.191409479,404578,0.0,0.0,0.0,0.0,0.0,0.0,0.0,0.0,,4.85867072401749,4.41516726564773,4.346340147654238,3.950460022729426,3.895275072170493,3.8383070711562057,3.4821000511195055,3.425577621541659,3.3983719277527222,,,,5.192423745452803,,,,4.85867072401749,,,,,3.285261420035267,,"rgba(38, 166, 154, 0.5)"
2025-12-26 00:00:00+00:00,5.0621215035,5.1634633858,4.9676418291,5.101902419,375938,0.0,0.0,0.0,0.0,0.0,0.0,0.0,0.0,,4.862448701218869,4.4200679854044695,4.35138296619168,3.9554378513306507,3.9001640561490736,3.843195775831779,3.4866255433782105,3.43007314686261,3.402856327077727,,,,5.1881829064974845,,,,4.862448701218869,,,,,3.28963434624423,,"rgba(38, 166, 154, 0.5)"
2025-12-29 00:00:00+00:00,4.8234360102,4.9626692146,4.753819408,4.9328335279,636978,0.0,0.0,0.0,0.0,0.0,0.0,0.0,0.0,,4.861971721602842,4.425454853575785,4.357206817727622,3.9621349080653454,3.9068230190116036,3.8499293436850417,3.493184387160592,3.4366267190497672,3.4094110489983924,,,,5.1700308701531625,,,,4.861971721602842,,,,,3.296091693431173,,#000000
2025-12-30 00:00:00+00:00,4.7936003235,4.9029978413,4.7339289502,4.8930526124,437634,0.0,0.0,0.0,0.0,0.0,0.0,0.0,0.0,,4.860919717385581,4.428764053407624,4.360837085479681,3.9664907681199226,3.9111685820968773,3.8543361398274407,3.4975336555040366,3.4409787610918974,3.4137666787003718,,,,5.157353741124718,,,,4.860919717385581,,,,,3.300393633968079,,"rgba(239, 83, 80, 1.0)"
2025-12-31 00:00:00+00:00,4.7264700285,4.8560989534,4.7015413892,4.7763273073,330686,0.0,0.0,0.0,0.0,0.0,0.0,0.0,0.0,,4.859415014204974,4.430911877038918,4.363248052630441,3.969563897459699,3.9142477941787126,3.8574706175910807,3.5006795673245543,3.444132442580917,3.416925560884119,,,,5.147086218126082,,,,4.859415014204974,,,,,3.3035235378987173,,"rgba(239, 83, 80, 1.0)"
2026-01-02 00:00:00+00:00,4.666641294,4.7862987631,4.4971265461,4.7862987631,675936,0.0,0.0,0.0,0.0,0.0,0.0,0.0,0.0,,4.853139518063399,4.43376635095247,4.366733606558003,3.974899117639011,3.9196547014552614,3.8630296858229567,3.5064977970949593,3.4499910908816016,3.422805628171577,,,,5.122067671960194,,,,4.853139518063399,,,,,3.3093941831822287,,"rgba(239, 83, 80, 1.0)"
2026-01-05 00:00:00+00:00,4.586869648,4.8959847764,4.5719124643,4.6466983825,670398,0.0,0.0,0.0,0.0,0.0,0.0,0.0,0.0,,4.8482836948067956,4.436970098829558,4.370523610503967,3.980377928511856,3.925191909919611,3.8687078231342995,3.512384813133447,3.455913140907725,3.4287466709049674,,,,5.101282843380918,,,,4.8482836948067956,,,,,3.3153166492918094,,"rgba(239, 83, 80, 1.0)"
2026-01-06 00:00:00+00:00,4.7364414843,4.7563843958,4.5320266413,4.626755471,929832,0.0,0.0,0.0,0.0,0.0,0.0,0.0,0.0,,4.841611077935533,4.44110735041188,4.375471203883221,3.9877328841812387,3.9326415318963166,3.8763600334824218,3.5203847037710614,3.463967652280826,3.4368301428615835,,,,5.074907092816748,,,,4.841611077935533,,,,,3.323387906079209,,"rgba(239, 83, 80, 1.0)"
2026-01-07 00:00:00+00:00,4.6367269267,4.7364414843,4.4273263559,4.6167840152,637833,1.0,4.7364416,4.427326,0.0,1.0,4.7364416,4.427326,0.0,4.6001649223,4.83539926284688,4.442981820303449,4.3779485633501585,3.992149395865204,3.937160419739072,3.881041981348032,3.5254576366008603,3.4690940744487113,3.441983471482138,,,,5.0555799888243715,,,,4.83539926284688,4.6001649223,,,,3.3285660215117017,,"rgba(239, 83, 80, 1.0)"
2026-01-08 00:00:00+00:00,4.586869648,4.6068125595,4.4921408183,4.5469838249,366897,0.0,0.0,0.0,0.0,0.0,0.0,0.0,0.0,4.5862067054011435,4.8314113435364465,4.44378280675393,4.379108113690943,3.9945032356552064,3.9395839134389727,3.883566113011795,3.528251152677735,3.471923064692915,3.444830007151401,,,,5.044284562501299,,,,,4.5862067054011435,,,,3.3314366500868133,,"rgba(239, 83, 80, 1.0)"
2026-01-09 00:00:00+00:00,4.706527117,4.7513986679,4.6250603235,4.6367269267,385881,0.0,0.0,0.0,0.0,0.0,0.0,0.0,0.0,4.616209505953036,4.829340551697241,4.445544616503323,4.3811837168048795,3.997530685720067,3.9426505023224037,3.886714892607465,3.531547220786786,3.4752421307337205,3.4481612072995476,,,,5.036060474043918,,,,,4.616209505953036,,,,3.334764707092099,,"rgba(239, 83, 80, 1.0)"
2026-01-12 00:00:00+00:00,4.9308848716,4.9857278782,4.8112274025,4.8461274976,712031,0.0,0.0,0.0,0.0,0.0,0.0,0.0,0.0,4.715453843835659,4.83150836075246,4.451484646672352,4.387523049281166,4.004750986321924,3.9498436196732736,3.8939907449986824,3.5386958041429235,3.4823909820922405,3.4553138206100056,,,,5.030791370329886,,,,,4.715453843835659,,,,3.341827382382202,,"rgba(239, 83, 80, 0.75)"
2026-01-13 00:00:00+00:00,4.8760418649,4.9857278782,4.8162131304,4.9857278782,634877,0.0,0.0,0.0,0.0,0.0,0.0,0.0,0.0,4.756551173539489,4.8329521009618075,4.456466480343047,4.392872476845961,4.01097662091747,3.9560580777076284,3.9002866633443407,3.54493097788338,3.488631813440113,3.461560368261503,,,,5.025855522695866,,,,,4.756551173539489,,,,3.3480053368560574,,#000000
2026-01-14 00:00:00+00:00,5.035585157,5.0654995243,4.8660704091,4.9458420552,616517,0.0,0.0,0.0,0.0,0.0,0.0,0.0,0.0,4.799287901797326,4.83645064335275,4.462243252367768,4.398941045444886,4.017591095440642,3.962627963904766,3.9069115122467313,3.5513602561329347,3.4950519780687377,3.467979608782936,,,,5.024621263220522,,,,,4.799287901797326,,,,3.3543291499264956,,#000000
2026-01-15 00:00:00+00:00,4.9358705994,5.0156422455,4.8660704091,4.9657849667,376871,0.0,0.0,0.0,0.0,0.0,0.0,0.0,0.0,4.8134203121382475,4.837839249001492,4.465384828807388,4.40228192335797,4.021385321280945,3.966409989656866,3.9107369032502923,3.555126978737272,3.4988195067361056,3.471749374878778,,,,5.02290516406134,,,,,4.8134203121382475,,,,3.358053721756264,,#000000
2026-01-16 00:00:00+00:00,4.9558135109,4.9857278782,4.7206865842,4.9358705994,543576,0.0,0.0,0.0,0.0,0.0,0.0,0.0,0.0,4.822829321683336,4.838787069421182,4.469356492257157,4.406570666616091,4.02649749232106,3.9715259879495517,3.915929426722733,3.560322068988416,3.5040249408842974,3.47696207472134,,,,5.019089791757492,,,,,4.822829321683336,,,,3.36322015036127,,"rgba(38, 166, 154, 0.5)"
2026-01-20 00:00:00+00:00,5.0056707897,5.2649286394,4.9707706946,5.0455566127,796971,0.0,0.0,0.0,0.0,0.0,0.0,0.0,0.0,4.8633150592293095,4.845377339920185,4.477673709029433,4.415193499989935,4.035541042070226,3.980484482601271,3.9249366160263706,3.5689634921195847,3.5126420175149127,3.4855723141081114,,,,5.0215228799889084,,,,,4.8633150592293095,,,,3.371683622985372,,"rgba(38, 166, 154, 0.5)"
2026-01-21 00:00:00+00:00,4.9757564225,5.1053853473,4.8909990485,5.1053853473,573387,0.0,0.0,0.0,0.0,0.0,0.0,0.0,0.0,4.87625584367205,4.848173888486628,4.482648675134474,4.420443382121914,4.041401472059291,3.9863221447884896,3.930834568242447,3.5747545676522723,3.5184320496284123,3.491364676869774,,,,5.020668412774993,,,,,4.87625584367205,,,,3.377404221277455,,"rgba(38, 166, 154, 0.5)"
2026-01-22 00:00:00+00:00,5.1053853473,5.1602283539,4.9757564225,4.9757564225,703067,0.0,0.0,0.0,0.0,0.0,0.0,0.0,0.0,4.898872253520799,4.853527991171542,4.489673188283902,4.427744006226834,4.04916001448776,3.9940200464556477,3.9385827881001187,3.5822373006311654,3.525898965069086,3.498827993981927,,,,5.02263473950918,,,,,4.898872253520799,,,,3.384750813957721,,"rgba(38, 166, 154, 0.5)"
2026-01-23 00:00:00+00:00,5.5241864891,5.5740437678,5.1352997146,5.1452711703,853585,0.0,0.0,0.0,0.0,0.0,0.0,0.0,0.0,4.959595127845062,4.868708758072515,4.502634519791021,4.440775927838774,4.061396441479896,4.006022654043291,3.950534789145587,3.5932060747269916,3.536777377429168,3.5096705240827006,,,,5.037553190134751,,,,,4.959595127845062,,,,3.395308533167263,,"rgba(38, 166, 154, 1.0)"
2026-01-26 00:00:00+00:00,5.4543862988,5.8033872502,5.3945575642,5.7335870599,1024498,0.0,0.0,0.0,0.0,0.0,0.0,0.0,0.0,5.033223300343271,4.890289290238575,4.520035226131009,4.45815387920031,4.077284994383477,4.021567594824721,3.9659730202609373,3.60719633216169,3.550629507443689,3.5234663659185785,,,,5.060162663691463,,,,,5.033223300343271,,,,3.408703391673645,,"rgba(38, 166, 154, 1.0)"
2026-01-27 00:00:00+00:00,5.5640723121,5.6039581351,5.3147859182,5.444414843,499742,0.0,0.0,0.0,0.0,0.0,0.0,0.0,0.0,5.05962858459073,4.89946927731299,4.5278612842085835,4.466006510589186,4.084620418166405,4.028761312628516,3.97313141970651,3.6137520597391184,3.5571286145916945,3.529942734951662,,,,5.069295041419857,,,,,5.05962858459073,,,,3.415006303023898,,"rgba(38, 166, 154, 1.0)"
2026-01-28 00:00:00+00:00,5.7136441484,5.8632159848,5.5291722169,5.6239010466,1470312,0.0,0.0,0.0,0.0,0.0,0.0,0.0,0.0,5.152262763377371,4.933821085771644,4.554970735418851,4.492966016236953,4.10888501157922,4.052467684560072,3.9966327201399716,3.634880288980341,3.5780241124364727,3.5507419100100073,,,,5.106173754598491,,,,,5.152262763377371,,,,3.4351622333742475,,"rgba(38, 166, 154, 1.0)"
2026-01-29 00:00:00+00:00,5.4942721218,5.7834443387,5.3048144624,5.7834443387,640601,0.0,0.0,0.0,0.0,0.0,0.0,0.0,0.0,5.174445268194629,4.9446902144276255,4.564656541566362,4.502704950841983,4.1180974480726835,4.061516974500767,4.005645966784597,3.643186680549039,3.5862637497051386,3.5589548462002845,,,,5.1166085333677795,,,,,5.174445268194629,,,,3.443165797828989,,"rgba(38, 166, 154, 1.0)"
2026-01-30 00:00:00+00:00,5.2549571836,5.4145004757,5.0904281637,5.1851569933,999545,0.0,0.0,0.0,0.0,0.0,0.0,0.0,0.0,5.181104009117778,4.953261010415007,4.575194045776785,4.513570391087937,4.129484589200972,4.072817083691752,4.01700330548127,3.654137653016051,3.5971854886388055,3.5698680369848095,,,,5.121693978943744,,,,,5.181104009117778,,,,3.453905432698333,,"rgba(38, 166, 154, 0.75)"
2026-02-02 00:00:00+00:00,5.2449857279,5.6039581351,5.1602283539,5.1851569933,1534626,0.0,0.0,0.0,0.0,0.0,0.0,0.0,0.0,5.1989269329586385,4.968929594038698,4.592666678479404,4.5314600900041135,4.147789994585821,4.090947645266217,4.035188958363465,3.6715227660499563,3.6145056662187525,3.5871660757858232,,,,5.133295187490777,,,,,5.1989269329586385,,,,3.4708985676871986,,"rgba(38, 166, 154, 0.5)"
2026-02-03 00:00:00+00:00,5.5142150333,5.6836300666,5.3447002854,5.5042435775,1232792,0.0,0.0,0.0,0.0,0.0,0.0,0.0,0.0,5.225539784070235,4.986272831854222,4.609351284148819,4.548329350603523,4.16423783361319,4.1071656354970525,4.051385698055449,3.686694243224879,3.629582418573556,3.602206056406414,,,,5.1491407163261655,,,,,5.225539784070235,,,,3.4856088092898148,,"rgba(38, 166, 154, 0.5)"
2026-02-04 00:00:00+00:00,5.2150713606,5.6538154139,4.9857278782,5.6538154139,964405,0.0,0.0,0.0,0.0,0.0,0.0,0.0,0.0,5.2292152594770185,4.993522465442639,4.618785664058974,4.558089120196381,4.174692168389495,4.11757137323948,4.061863268176379,3.6969222069384666,3.6397961326185753,3.612417470022146,,,,5.153418810358224,,,,,5.2292152594770185,,,,3.4956854643860393,,"rgba(38, 166, 154, 0.5)"
2026-02-05 00:00:00+00:00,4.7763273073,5.1253282588,4.7563843958,5.0954138915,725491,0.0,0.0,0.0,0.0,0.0,0.0,0.0,0.0,5.213933715216673,4.991594116500512,4.621564033250346,4.561325655113162,4.179649338700775,4.1226452810097545,4.0670961264062795,3.7026194677810307,3.6455540432296303,3.6182052785711303,,,,5.147225291580796,,,,,5.213933715216673,,,,3.5015183808346255,,#000000
2026-02-06 00:00:00+00:00,5.1652140818,5.2449857279,4.8860133206,5.035585157,828717,0.0,0.0,0.0,0.0,0.0,0.0,0.0,0.0,5.208358218778637,4.993745275160307,4.627164597773236,4.567316934551685,4.1869079924069394,4.129952184394944,4.074524559985295,3.7102188270881586,3.6531832582609125,3.625851133339054,,,,5.145975518688815,,,,,5.208358218778637,,,,3.5091362062440123,,#000000
2026-02-09 00:00:00+00:00,5.2749000951,5.3475920076,5.1352997146,5.2749000951,714804,0.0,0.0,0.0,0.0,0.0,0.0,0.0,0.0,5.21013106210513,4.998151655042857,4.63343278689151,4.573843804505675,4.194118431513115,4.137154471865294,4.081796197869583,3.717426452540566,3.660393316498852,3.6330651710161392,,,,5.148294395051431,,,,,5.21013106210513,,,,3.5162791377404465,,#000000
2026-02-10 00:00:00+00:00,5.2749000951,5.2948430067,5.1552426261,5.1851569933,504852,0.0,0.0,0.0,0.0,0.0,0.0,0.0,0.0,5.21099893459169,5.0010445619415425,4.637707850059197,4.57830612047535,4.19910050200142,4.142136547648736,4.0868306911951935,3.7224406265984507,3.6654118876774713,3.6380877269728273,,,,5.14970688172129,,,,,5.21099893459169,,,,3.5212573330090096,,#000000
2026-02-11 00:00:00+00:00,5.5640723121,5.608943863,5.2050999049,5.4643577545,1134547,0.0,0.0,0.0,0.0,0.0,0.0,0.0,0.0,5.225467244175938,5.012962712330736,4.650484641298601,4.591340667872501,4.2124278346571975,4.155355082790191,4.100089853643349,3.735187087074162,3.6781164320725264,3.650778178081327,,,,5.1598885702847275,,,,,5.225467244175938,,,,3.5337431644587176,,"rgba(38, 166, 154, 0.5)"
2026-02-12 00:00:00+00:00,5.0854424358,5.5541008563,5.0704852521,5.5541008563,765597,0.0,0.0,0.0,0.0,0.0,0.0,0.0,0.0,5.225891190395932,5.016820588015497,4.656571754203962,4.5977194350477335,4.2196851163884315,4.162628212279388,4.107451058802066,3.742585890891272,3.685529141998965,3.6582000774115166,,,,5.161555302671081,,,,,5.225891190395932,,,,3.54111421503737,,#000000
2026-02-13 00:00:00+00:00,5.2948430067,5.3746146527,5.1253282588,5.1851569933,686621,0.0,0.0,0.0,0.0,0.0,0.0,0.0,0.0,5.227171919981344,5.020599341002503,4.662185092792631,4.603582127489236,4.226285239493299,4.169237757062387,4.114135431294781,3.749284020866337,3.692237463350498,3.664915605755212,,,,5.163529211462862,,,,,5.227171919981344,,,,3.547780080655395,,#000000
2026-02-17 00:00:00+00:00,5.1253282588,5.2150713606,4.9058565176,5.2150713606,492700,0.0,0.0,0.0,0.0,0.0,0.0,0.0,0.0,5.223834867830061,5.021264046175834,4.664946995940655,4.6065802938609135,4.230145432446355,4.173148603195057,4.118130005235885,3.753478741341076,3.69646057916005,3.669153249602328,,,,5.162428351887041,,,,,5.223834867830061,,,,3.552025688702013,,#000000
2026-02-18 00:00:00+00:00,5.2350142721,5.2549571836,5.1402854424,5.1652140818,497534,0.0,0.0,0.0,0.0,0.0,0.0,0.0,0.0,5.223522775565882,5.023303101495873,4.668543945686252,4.610374779783687,4.2345887031135785,4.17761533840877,4.122661658467298,3.75809342661089,3.7010907145504404,3.673792170398524,,,,5.163070086421906,,,,,5.223522775565882,,,,3.5566458453338954,,#000000
2026-02-19 00:00:00+00:00,5.5441294006,5.6293853473,5.1352997146,5.1452711703,916020,0.0,0.0,0.0,0.0,0.0,0.0,0.0,0.0,5.232057172506927,5.0313536680923505,4.6777584640472085,4.619825856542851,4.244537367049183,4.18751901336177,4.13262246610849,3.7678252481261865,3.710808409122604,3.683507087759686,,,,5.169679388739055,,,,,5.232057172506927,,,,3.56623957949105,,#000000
2026-02-20 00:00:00+00:00,5.5341579448,5.6438439581,5.4294576594,5.5341579448,447422,0.0,0.0,0.0,0.0,0.0,0.0,0.0,0.0,5.237894654010541,5.036111820523378,4.68275947343462,4.62491728751468,4.24973799651069,4.192681067388814,4.137800367407905,3.772818931639196,3.715787042137524,3.6884807248103506,,,,5.173955323693843,,,,,5.237894654010541,,,,3.5711376047345076,,"rgba(38, 166, 154, 0.5)"
2026-02-23 00:00:00+00:00,5.5142150333,5.6737583254,5.4942721218,5.5341579448,356672,0.0,0.0,0.0,0.0,0.0,0.0,0.0,0.0,5.242765967030559,5.04002710559137,4.68681985607396,4.629045635922958,4.253933657496845,4.196843732451153,4.141973864315838,3.776835594740449,3.7197905443529566,3.69247971931262,,,,5.177523032485064,,,,,5.242765967030559,,,,3.5750740757298,,"rgba(38, 166, 154, 0.5)"
2026-02-24 00:00:00+00:00,5.6937012369,5.7236156042,5.3746146527,5.4344433873,430293,0.0,0.0,0.0,0.0,0.0,0.0,0.0,0.0,5.2491042540288655,5.044999705714015,4.691871495447987,4.634171452631962,4.259100364081379,4.20196574635134,4.147105263023924,3.78175621108486,3.724692813609295,3.697375442634908,,,,5.18214289785388,,,,,5.2491042540288655,,,,3.5798894574157085,,"rgba(38, 166, 154, 0.5)"
2026-02-25 00:00:00+00:00,5.7934157945,5.9230447193,5.6338725024,5.7335870599,449186,0.0,0.0,0.0,0.0,0.0,0.0,0.0,0.0,5.258893530655346,5.051814624768318,4.698157336369146,4.640487721057018,4.265196023317194,4.2079807824504005,4.15310610159974,3.787388299571492,3.73028905356826,3.7029574112248804,,,,5.188972463697308,,,,,5.258893530655346,,,,3.585353403116405,,"rgba(38, 166, 154, 0.5)"
2026-02-26 00:00:00+00:00,6.1125023787,6.1521887726,5.7136441484,5.7435585157,420906,0.0,0.0,0.0,0.0,0.0,0.0,0.0,0.0,5.271279428313912,5.059882052363719,4.7051055811152604,4.64741616274394,4.271645300932965,4.214319154836427,4.1594062124973625,3.7931875767506296,3.7360372691776624,3.7086844696213714,,,,5.1974371965597435,,,,,5.271279428313912,,,,3.5909340721858634,,"rgba(38, 166, 154, 1.0)"
2026-02-27 00:00:00+00:00,6.4116460514,6.4216175071,6.0526736441,6.0925594672,730680,0.0,0.0,0.0,0.0,0.0,0.0,0.0,0.0,5.300427803073392,5.077999889262009,4.71978471964998,4.6619436945526385,4.284675410575908,4.227069805486162,4.172029072648618,3.804557604327129,3.74727540645984,3.7198666010231656,,,,5.217147322267494,,,,,5.300427803073392,,,,3.6017733134709062,,"rgba(38, 166, 154, 1.0)"
2026-03-02 00:00:00+00:00,6.3518173168,6.5711893435,6.1324452902,6.4814462417,606872,0.0,0.0,0.0,0.0,0.0,0.0,0.0,0.0,5.3247098978827445,5.093328657802688,4.732202063178255,4.674227070535286,4.295671362158877,4.237827875595805,4.182676220366654,3.8141352691381845,3.756739903817117,3.729282931666667,,,,5.233817795005347,6.351817316833333,,,,5.3247098978827445,,,,3.6108975731378203,,"rgba(38, 166, 154, 1.0)"
2026-03-03 00:00:00+00:00,6.0028163654,6.2122169363,5.7086584206,5.9948392008,456532,0.0,0.0,0.0,0.0,0.0,0.0,0.0,0.0,5.335807569141465,5.1012345748133425,4.739272454119782,4.681298792949546,4.302362887629257,4.244417853091422,4.189236328695527,3.820228866806156,3.76278609429836,3.735309658096074,,,,,6.189857935920528,,,,5.335807569141465,,,,3.616782426821483,,"rgba(38, 166, 154, 0.75)"
2026-03-04 00:00:00+00:00,6.2022454805,6.2416327307,5.9729019981,6.1025309229,346245,0.0,0.0,0.0,0.0,0.0,0.0,0.0,0.0,5.346076366237997,5.108247451852197,4.745287762442573,4.6872862264774255,4.307897787030117,4.2498542483671615,4.194634839543818,3.8251783774318078,3.7676888714492476,3.7401928651068928,,,,,6.1773479613336315,,,,5.346076366237997,,,,3.621535915135182,,"rgba(38, 166, 154, 0.75)"
2026-03-05 00:00:00+00:00,6.0127878211,6.2969743102,5.7834443387,6.222188392,784541,0.0,0.0,0.0,0.0,0.0,0.0,0.0,0.0,5.365362898063837,5.1221654740818785,4.7576879307052655,4.699677950397557,4.3195849378593465,4.261360877489002,4.2060846830823495,3.8357962785832656,3.7782214308836646,3.750690197521804,,,,,6.1250452978423695,,,,5.365362898063837,,,,3.6317819730512233,,"rgba(38, 166, 154, 0.75)"
2026-03-06 00:00:00+00:00,6.1324452902,6.1523882017,5.8831588963,5.893130352,573192,0.0,0.0,0.0,0.0,0.0,0.0,0.0,0.0,5.3792834983440745,5.132343270589259,4.766771864276354,4.708754755986863,4.3281468531922105,4.269791272822697,4.2144732185994425,3.8435767681738278,3.785939308940301,3.758382195467683,,,,,6.110743814815516,,,,5.3792834983440745,,,,3.63929011513328,,"rgba(38, 166, 154, 0.75)"
2026-03-09 00:00:00+00:00,5.9928449096,6.0427021884,5.5939866794,6.0028163654,485152,0.0,0.0,0.0,0.0,0.0,0.0,0.0,0.0,5.387624073742144,5.139145413310997,4.7733051263118185,4.715332060919854,4.334582025310001,4.276154332311628,4.220827843196963,3.849588912706057,3.7919177229389893,3.764347267340531,,,,,6.075805396691579,,,,5.387624073742144,,,,3.645139509422185,,"rgba(38, 166, 154, 0.75)"
2026-03-10 00:00:00+00:00,6.1224738344,6.2122169363,6.0028163654,6.0028163654,388940,0.0,0.0,0.0,0.0,0.0,0.0,0.0,0.0,5.397242615248858,5.146226188691938,4.779596036599943,4.721612546148776,4.340486203467416,4.281966108879799,4.226608417573908,3.8549413343047507,3.7972256940347555,3.7696367770818,,,,,6.079724942508013,,,,5.397242615248858,,,,3.6503004686633,,"rgba(38, 166, 154, 0.75)"
2026-03-11 00:00:00+00:00,6.0626450999,6.1134995243,5.7934157945,6.1025309229,437547,0.0,0.0,0.0,0.0,0.0,0.0,0.0,0.0,5.405958687446079,5.153074156561891,4.785958126165142,4.72799366825268,4.346625055838148,4.28802525927421,4.232649140855845,3.860606992969287,3.8028532789286706,3.7752488968829128,,,,,6.070084641094371,,,,5.405958687446079,,,,3.6557927358693307,,"rgba(38, 166, 154, 0.5)"
2026-03-12 00:00:00+00:00,5.9529590866,6.0327307326,5.6637868696,6.0127878211,428016,0.0,0.0,0.0,0.0,0.0,0.0,0.0,0.0,5.412727043979909,5.15882570493749,4.7915713953160965,4.7336514005202694,4.352199080712915,4.293541970848621,4.238161996802382,3.8658439546786094,3.8080631930894717,3.7804482149182723,,,,,6.052333020773044,,,,5.412727043979909,,,,3.6608960170126155,,"rgba(38, 166, 154, 0.5)"
2026-03-13 00:00:00+00:00,5.5640723121,5.8731874405,5.3347288297,5.8033872502,888914,0.0,0.0,0.0,0.0,0.0,0.0,0.0,0.0,5.41781844947155,5.165777280385058,4.7999724914473285,4.742280975638193,4.361459914882508,4.302792257221164,4.247479373090505,3.8750695375135975,3.8172868681128898,3.789674037091105,,,,,5.97627875923288,,,,5.41781844947155,,,,3.6700350623091307,,#000000
2026-03-16 00:00:00+00:00,5.7834443387,5.9828734539,5.6139295909,5.6139295909,861383,0.0,0.0,0.0,0.0,0.0,0.0,0.0,0.0,5.427951854295829,5.175417502903121,4.8099913218209425,4.752438331343493,4.371761342076177,4.313022557164214,4.257731045159023,3.884961186435301,3.827145800175881,3.7995212593035017,,,,,5.951105890220214,,,,5.427951854295829,,,,3.6797350666219852,,#000000
2026-03-17 00:00:00+00:00,5.9230447193,5.9629305423,5.7236156042,5.7335870599,554554,0.0,0.0,0.0,0.0,0.0,0.0,0.0,0.0,5.435496474728352,5.18221720991418,4.816828303569623,4.75934700765349,4.378667714745676,4.319871090025032,4.264584368386555,3.8915285203328276,3.8336858016590862,3.8060509080378653,,,,,5.944491978651562,,,,5.435496474728352,,,,3.6861572962991134,,#000000
2026-03-18 00:00:00+00:00,5.40452902,5.8632159848,5.3447002854,5.7136441484,808529,0.0,0.0,0.0,0.0,0.0,0.0,0.0,0.0,5.437973401489483,5.18721754578919,4.823542957381355,4.7662986214356,4.386404574973804,4.327630647500143,4.2724252006749355,3.899430378196566,3.841601993091406,3.813976142398258,,,,,5.901308047598034,,,,5.437973401489483,,,,3.694038594107212,,"rgba(239, 83, 80, 1.0)"
2026-03-19 00:00:00+00:00,4.9458420552,5.1751855376,4.7663558516,5.1003996194,1620517,0.0,0.0,0.0,0.0,0.0,0.0,0.0,0.0,5.415900819466689,5.1810510921913,4.82608966279282,4.769749243189899,4.3940113592256855,4.335636954668873,4.280840498592528,3.909561480429549,3.8519434606321985,3.824416711469955,,,,,5.736669131122726,,,,5.415900819466689,,,,3.704769768961501,,"rgba(239, 83, 80, 1.0)"
2026-03-20 00:00:00+00:00,4.8660704091,4.9757564225,4.6915699334,4.9358705994,2072050,0.0,0.0,0.0,0.0,0.0,0.0,0.0,0.0,5.38388499895356,5.1696435737145086,4.826510537541746,4.771392795958987,4.401490672701707,4.34371200374184,4.2894944571582485,3.9208169673623767,3.8635158891733283,3.8361372469851807,,,,,5.573255981167174,,,,5.38388499895356,,,,3.7169665752332772,,"rgba(239, 83, 80, 1.0)"
2026-03-23 00:00:00+00:00,4.8959847764,5.0006850618,4.7868970504,4.8261845861,834076,0.0,0.0,0.0,0.0,0.0,0.0,0.0,0.0,5.373091852123911,5.165940686893107,4.827131846189101,4.772473500373484,4.404764066112423,4.34720835879845,4.2932109158600085,3.9255129940894467,3.8683322332878896,3.841009967355667,,,,,5.52665083745152,,,,5.373091852123911,,,,3.7220175728693645,,"rgba(239, 83, 80, 1.0)"
2026-03-24 00:00:00+00:00,4.8062416746,4.884816746,4.7364414843,4.8560989534,388727,0.0,0.0,0.0,0.0,0.0,0.0,0.0,0.0,5.36735417064179,5.163716696506934,4.827055682199387,4.772622984753953,4.406011549159175,4.348570971424394,4.294683784236909,3.927494745105635,3.870376153337574,3.843082883112734,,,,,5.5044020961814795,,,,5.36735417064179,,,,3.7241865578460587,,"rgba(239, 83, 80, 1.0)"
2026-03-25 00:00:00+00:00,4.8361560419,5.0766675547,4.7962702188,4.9857278782,387016,0.0,0.0,0.0,0.0,0.0,0.0,0.0,0.0,5.3626978586795655,5.162108816516109,4.827375017117232,4.773149780768784,4.407533311495149,4.350194465914735,4.296407854224472,3.929668077492774,3.872604854872852,3.845337538422316,,,,,5.48639206144143,,,,5.3626978586795655,,,,3.7265234919423578,,"rgba(239, 83, 80, 1.0)"
2026-03-26 00:00:00+00:00,4.6466983825,4.9059562322,4.626755471,4.7763273073,507791,0.0,0.0,0.0,0.0,0.0,0.0,0.0,0.0,5.3544353165969945,5.15861162806765,4.826821600000829,4.772903672538819,4.4088094347736995,4.3516345145969035,4.298001084686157,3.931990394298349,3.875015947643379,3.847789887716282,,,,,5.457660527378565,,,,5.3544353165969945,4.726470028566666,,,3.729117638908328,,"rgba(239, 83, 80, 1.0)"
2026-03-27 00:00:00+00:00,4.8261845861,4.8461274976,4.626755471,4.6367269267,467124,0.0,0.0,0.0,0.0,0.0,0.0,0.0,0.0,5.347492645724915,5.155736126402964,4.8265180634975655,4.772872068664796,4.410120644410361,4.353089465787517,4.299591798086183,3.9342214567706932,3.8773252909106084,3.850135672403621,,,,,5.434424697914768,,,,,4.745581053818152,,,3.7315871345757516,,"rgba(239, 83, 80, 1.0)"
2026-03-30 00:00:00+00:00,4.7763273073,4.9159276879,4.706527117,4.9059562322,339559,0.0,0.0,0.0,0.0,0.0,0.0,0.0,0.0,5.342830748034478,5.153848384878984,4.826420172519796,4.77296549600142,4.411156130745586,4.354225247544612,4.300823203643311,3.9359002541153454,3.8790589693385282,3.8518949376790146,,,,,5.419283989178558,,,,,4.759533855236871,,,3.733432302585804,,"rgba(239, 83, 80, 1.0)"
2026-03-31 00:00:00+00:00,5.24,5.3325,4.931,4.99,1071661,0.0,0.0,0.0,0.0,0.0,0.0,0.0,0.0,5.3382543081044,5.15407848519089,4.830293373544474,4.777275062007899,4.417452504330516,4.360704930984492,4.307510228330456,3.9433970127237106,3.8866598023520194,3.859545631897912,,,,,5.401681862806778,,,,,4.942909325189884,,,3.7412111100469048,,"rgba(239, 83, 80, 0.75)"
2026-04-01 00:00:00+00:00,5.32,5.41,5.19,5.39,592887,0.0,0.0,0.0,0.0,0.0,0.0,0.0,0.0,5.337803813647123,5.155454922267718,4.833264591009981,4.7804523671312396,4.421527301503003,4.364854636409574,4.311755520192759,3.947971295491009,3.891278021225598,3.864185332851575,,,,,5.39813929617723,,,,,5.015304560577922,,,3.745893813309475,,"rgba(239, 83, 80, 0.75)"
2026-04-02 00:00:00+00:00,5.26,5.325,5.02,5.04,342089,0.0,0.0,0.0,0.0,0.0,0.0,0.0,0.0,5.336692703903203,5.15569419899674,4.834585631603138,4.78190598686273,4.423584575922289,4.366967351517453,4.3139318489327465,3.9503937769239315,3.893732375074745,3.8666549940464963,,,,,5.394001677290757,,,,,5.034500674923331,,,3.7484020457357525,,"rgba(239, 83, 80, 0.75)"
2026-04-06 00:00:00+00:00,5.25,5.39,5.23,5.25,388372,0.0,0.0,0.0,0.0,0.0,0.0,0.0,0.0,5.336264024592721,5.156479084313676,4.836432114094637,4.783888893984852,4.426170743983947,4.369605479432339,4.316634330109066,3.953326038603129,3.8966951046974536,3.8696325447322812,,,,,5.39157318733978,,,,,5.061250705555275,,,3.7514116224017204,,#000000
2026-04-07 00:00:00+00:00,5.28,5.31,5.12,5.24,349490,0.0,0.0,0.0,0.0,0.0,0.0,0.0,0.0,5.335447921766901,5.15689857995322,4.837887098058776,4.785473450372796,4.428341961149504,4.371829812494782,4.3189209382720435,3.9558489368866048,3.899248848341549,3.8722011560152243,,,,,5.388385165079327,,,,,5.0763545567631585,,,3.75401633533738,,#000000
2026-04-08 00:00:00+00:00,5.54,5.65,5.39,5.55,536720,0.0,0.0,0.0,0.0,0.0,0.0,0.0,0.0,5.3378242673494665,5.159845630532347,4.841711108305676,4.789435676050195,4.432841968053759,4.376361668509883,4.323513158682316,3.960577045390079,3.9039980932690463,3.876961500595459,,,,,5.392621741525841,,,,,5.128945431660026,,,3.758777649670576,,"rgba(38, 166, 154, 0.5)"
2026-04-09 00:00:00+00:00,5.58,5.67,5.54,5.55,232194,0.0,0.0,0.0,0.0,0.0,0.0,0.0,0.0,5.3392084363839425,5.161346593823536,4.843520037393439,4.791298216010713,4.434901194498321,4.378429858347094,4.325603982302115,3.9627047277365617,3.906132379676884,3.8790994510103216,,,,,5.395290821282637,,,,,5.151440171996976,,,3.7609108022279134,,"rgba(38, 166, 154, 0.5)"
2026-04-10 00:00:00+00:00,5.64,5.68,5.55,5.58,242962,0.0,0.0,0.0,0.0,0.0,0.0,0.0,0.0,5.340789418768962,5.1630016956240725,4.8454702890481975,4.793302178219306,4.437097410086992,4.380633675450337,4.327830173513796,3.9649614026428632,3.908395025768998,3.8813655095354354,,,,,5.398369999695827,,,,,5.1740502134840325,,,3.7631699315365834,,"rgba(38, 166, 154, 0.5)"
2026-04-13 00:00:00+00:00,5.71,5.77,5.57,5.61,327472,0.0,0.0,0.0,0.0,0.0,0.0,0.0,0.0,5.343339328564294,5.165502151629336,4.848285088160317,4.796182104342717,4.440193804508601,4.383734555611327,4.330957056998325,3.968103030534504,3.9115416435143686,3.8845153564051755,,,,,5.403463437892793,,,,,5.204944256617684,,,3.766304136676638,,"rgba(38, 166, 154, 1.0)"
2026-04-14 00:00:00+00:00,5.65,5.85,5.63,5.85,276610,0.0,0.0,0.0,0.0,0.0,0.0,0.0,0.0,5.345630430250776,5.167703402640587,4.8507234661315,4.798672934476462,4.4428531616133276,4.386395847491061,4.333638924087847,3.9707888918185708,3.914230731203565,3.8872067271708413,,,,,5.408022653464134,5.710000000000001,,,,5.229561907330439,,,3.7689803016240573,,"rgba(38, 166, 154, 1.0)"
2026-04-15 00:00:00+00:00,5.68,5.71,5.5,5.65,379603,0.0,0.0,0.0,0.0,0.0,0.0,0.0,0.0,5.348048209532659,5.170254065494067,4.8537379124404545,4.801771042968645,4.446255355064688,4.389811012439986,4.337089484914309,3.9742924272179354,3.917744190980351,3.8907257749800546,,,,,,5.663721977467683,,,,5.2546682988861955,,,3.7724900620508817,,"rgba(38, 166, 154, 1.0)"
2026-04-16 00:00:00+00:00,5.55,5.7199,5.54,5.69,236891,0.0,0.0,0.0,0.0,0.0,0.0,0.0,0.0,5.349395381560525,5.1717399754577285,4.855542987949615,4.803630790545825,4.448320961565248,4.391887076015678,4.3391892357351685,3.976436181422348,3.919895404579733,3.892881040194225,,,,,,5.647695375118688,,,,5.267795326913797,,,3.774642238436084,,"rgba(38, 166, 154, 1.0)"
2026-04-17 00:00:00+00:00,5.65,5.81,5.55,5.7,338052,0.0,0.0,0.0,0.0,0.0,0.0,0.0,0.0,5.351792007698386,5.174167860678149,4.858332324776123,4.806489941818898,4.45142541064698,4.3949998671999735,4.3423310939082596,3.979610668601489,3.923077030394406,3.8960668768691624,,,,,,5.653819800496445,,,,5.288304651276206,,,3.7778164276875708,,"rgba(38, 166, 154, 1.0)"
2026-04-20 00:00:00+00:00,5.66,5.69,5.53,5.65,320673,0.0,0.0,0.0,0.0,0.0,0.0,0.0,0.0,5.353727428379864,5.176249788398164,4.860820341594841,4.80904948827971,4.4542515119634984,4.3978387712098606,4.345200923817593,3.9825340651962593,3.926009818416382,3.899004828440248,,,,,,5.648208823459287,,,,5.303916337723449,,,3.780748892808524,,"rgba(38, 166, 154, 1.0)"
2026-04-21 00:00:00+00:00,5.48,5.61,5.44,5.61,472498,0.0,0.0,0.0,0.0,0.0,0.0,0.0,0.0,5.355332071735099,5.1784971505144455,4.863903091616145,4.812257885220889,4.4579790549878835,4.401603124242591,4.349023346523088,3.9865183848093886,3.9300176135146754,3.9030245392592096,,,,,,5.615949513245638,,,,5.317034852606325,,,3.7847808227603186,,"rgba(38, 166, 154, 0.5)"
2026-04-22 00:00:00+00:00,5.53,5.68,5.51,5.53,242518,0.0,0.0,0.0,0.0,0.0,0.0,0.0,0.0,5.356474991908632,5.179857072656514,4.865628015235447,4.814041714737963,4.459996644080764,4.403635202338739,4.351082042437914,3.988640025632182,3.932148961685933,3.9051609536841756,,,,,,5.611390228989337,,,,5.325143873982894,,,3.7869186922476437,,"rgba(38, 166, 154, 0.5)"
2026-04-23 00:00:00+00:00,5.32,5.5214,5.2114,5.51,238206,0.0,0.0,0.0,0.0,0.0,0.0,0.0,0.0,5.356446601299454,5.180433877390715,4.866784255259945,4.815274882926399,4.4615768165610685,4.405246103929749,4.352730691591348,3.9904267392582256,3.9339540797032937,3.9069750156135616,,,,,,5.586623309957894,,,,5.325921162962083,,,3.7887527771674505,,#000000
2026-04-24 00:00:00+00:00,5.41,5.48,5.2301,5.36,213783,0.0,0.0,0.0,0.0,0.0,0.0,0.0,0.0,5.356524041274839,5.181015918176825,4.867865131320722,4.8164229505446645,4.463025862421604,4.406721368605276,4.354238832658459,3.9920526519280553,3.9355958007090095,3.90862444548928,,,,,,5.569854855181792,,,,5.327170743895116,,,3.790418741597122,,#000000
2026-04-27 00:00:00+00:00,5.46,5.47,5.3331,5.4,192469,0.0,0.0,0.0,0.0,0.0,0.0,0.0,0.0,5.356788761565515,5.181666047558078,4.868925696022681,4.817540640832677,4.464394608717643,4.408111014862486,4.355656133727525,3.9935635961503424,3.9371195389028335,3.9101544797044783,,,,,,5.560016123353243,,,,5.32934480600991,,,3.791960691766839,,#000000
2026-04-28 00:00:00+00:00,5.34,5.425,5.23,5.41,253206,0.0,0.0,0.0,0.0,0.0,0.0,0.0,0.0,5.356653866597467,5.182198668770795,4.870089921460954,4.8187879489739744,4.466021681877291,4.409772616564476,4.357359039632527,3.995422346869406,3.938998927893811,3.912043854398115,,,,,,5.541744899435162,,,,5.329413464274697,,,3.793873758286538,,#000000
2026-04-29 00:00:00+00:00,5.19,5.3388,5.18,5.25,221956,0.0,0.0,0.0,0.0,0.0,0.0,0.0,0.0,5.356089873571898,5.182366436691785,4.870895719190787,4.819673898115997,4.467286301378116,4.411074020464949,4.358701212831476,3.9969314303907852,3.9405296390573,3.9135849009929693,,,,,,5.521723217051802,,,,5.327060021560226,,,3.7954430222435205,,"rgba(239, 83, 80, 1.0)"
2026-04-30 00:00:00+00:00,5.14,5.25,5.095,5.2,662222,0.0,0.0,0.0,0.0,0.0,0.0,0.0,0.0,5.3534097802876435,5.18217656125851,4.872792341863197,4.821825624243254,4.4706711786120765,4.414583784128363,4.362343084767457,4.0011424465064,3.9448135310449572,3.9179033635554674,,,,,,5.462830699821118,,,,5.31546617954545,5.161666666666666,,3.799863441832083,,"rgba(239, 83, 80, 1.0)"
2026-05-01 00:00:00+00:00,5.34,5.36,5.12,5.2,263395,0.0,0.0,0.0,0.0,0.0,0.0,0.0,0.0,5.352973127878008,5.182507932262579,4.873828809032661,4.822952701530755,4.472224427215534,4.416177962969736,4.363983533667055,4.002969249934118,3.9466646763198843,3.919766179085407,,,,,,5.45125562800058,,,,,5.193442705424237,,3.80175721670666,,"rgba(239, 83, 80, 1.0)"
2026-05-04 00:00:00+00:00,5.31,5.36,5.25,5.31,295647,0.0,0.0,0.0,0.0,0.0,0.0,0.0,0.0,5.352691426773613,5.183012477775921,4.875082354761014,4.824304238565681,4.474032967218689,4.41802962142469,4.365885066126605,4.005067140689931,3.9487884060948812,3.9219023430365616,,,,,,5.441978326177602,,,,,5.220852278186098,,3.8039251071533484,,"rgba(239, 83, 80, 1.0)"
2026-05-05 00:00:00+00:00,5.34,5.4226,5.31,5.36,210850,0.0,0.0,0.0,0.0,0.0,0.0,0.0,0.0,5.352712343000594,5.18351680649155,4.876076780081082,4.825364685007138,4.475396507338949,4.41942081488733,4.367309595696801,4.006617507571645,3.950355549757513,3.923477614608527,,,,,,5.438283206362981,,,,,5.240975816171059,,3.8055196002779774,,"rgba(239, 83, 80, 0.75)"
2026-05-06 00:00:00+00:00,5.83,5.83,5.45,5.47,345140,0.0,0.0,0.0,0.0,0.0,0.0,0.0,0.0,5.355174220271533,5.18596411454542,4.878858529842142,4.828213499155646,4.478490812425531,4.4225253369291595,4.370443816961787,4.009795294030102,3.9535418334255,3.926668709768364,,,,,,5.455999003993051,,,,,5.330764936619452,,3.8087025327251802,,#000000
2026-05-07 00:00:00+00:00,5.825,6.23,5.745,5.97,427235,0.0,0.0,0.0,0.0,0.0,0.0,0.0,0.0,5.3601560512001685,5.19029445084806,4.883229537833256,4.832634546103313,4.4830148065371445,4.427033941469922,4.37496920630479,4.014244496888216,3.9579863338445755,3.9311123459604724,,,,,,5.492474698873691,,,,,5.447544067279688,,3.8131043107766818,,"rgba(38, 166, 154, 1.0)"
2026-05-08 00:00:00+00:00,5.95,5.99,5.815,5.835,137711,0.0,0.0,0.0,0.0,0.0,0.0,0.0,0.0,5.361702056657342,5.1916516152551075,4.884610720814314,4.834032739533153,4.4844520192780015,4.428467059522007,4.376408312145617,4.015663053821924,3.9594038372466858,3.9325297765249534,,,,,,5.50271188649246,,,,,5.475224393732388,,3.814509244700061,,"rgba(38, 166, 154, 1.0)"
2026-05-11 00:00:00+00:00,6.01,6.16,5.825,5.98,277125,0.0,0.0,0.0,0.0,0.0,0.0,0.0,0.0,5.365230799350126,5.194666432863276,4.887593264614858,4.837042320582249,4.487496389308524,4.431497095653784,4.379446034130379,4.01863107173295,3.962366409492841,3.935490711012835,,,,,,5.525581333052492,,,,,5.53056940242238,,3.8174381034485823,,"rgba(38, 166, 154, 1.0)"
2026-05-12 00:00:00+00:00,6.18,6.24,5.855,5.94,516305,0.0,0.0,0.0,0.0,0.0,0.0,0.0,0.0,5.372655827136879,5.200868958163632,4.893570934651853,4.843055425614205,4.493484124928725,4.437445620972728,4.385399842087119,4.024396662966215,3.968114984484888,3.941233150437889,,,,,,5.570394033292471,,,,,5.622958275795719,,3.8231065192270086,,"rgba(38, 166, 154, 1.0)"
2026-05-13 00:00:00+00:00,6.28,6.33,5.99,6.09,477753,0.0,0.0,0.0,0.0,0.0,0.0,0.0,0.0,5.380407507699544,5.2072211789408325,4.899545019547428,4.849046745294139,4.499357965469286,4.443270124920126,4.39121977514504,4.029981334706194,3.9736766980520817,3.946785947058756,,,,,,5.613365843453552,,,,,5.699253375115047,,3.828575846600513,,"rgba(38, 166, 154, 1.0)"
2026-05-14 00:00:00+00:00,6.32,6.7,6.29,6.45,802915,-1.0,6.7,6.29,0.0,-1.0,6.7,6.29,0.0,5.3967817451778926,5.220218767733912,4.911267920338802,4.860740725038942,4.510500187003017,4.454279711191142,4.402185990311396,4.040319271216276,3.9839485933048064,3.9570305343325156,6.436666666666668,,,,,5.698084625822075,6.436666666666668,,,,5.833320458673758,,3.838622856235904,6.436666666666668,"rgba(38, 166, 154, 1.0)"
2026-05-15 00:00:00+00:00,6.21,6.23,5.9,6.11,607217,0.0,0.0,0.0,0.0,0.0,0.0,0.0,0.0,5.4050850404809925,5.227302735654452,4.918161290926782,4.867679574900119,4.517441645367803,4.461180549556694,4.409095910053085,4.047031745106856,3.9906435660862223,3.963719373422591,6.297436086361656,,,,,,6.297436086361656,,,,5.867166993960736,,3.8452305694624522,6.297436086361656,"rgba(38, 166, 154, 1.0)"
2026-05-18 00:00:00+00:00,6.21,6.5,6.155,6.31,711173,0.0,0.0,0.0,0.0,0.0,0.0,0.0,0.0,5.416911716183088,5.237068648123492,4.927302482974112,4.876837321866971,4.526378578292745,4.470038577717723,4.4179419607641615,4.055499496607958,3.9990734407230453,3.972134259171037,6.29438436481317,,,,,,6.29438436481317,,,,5.919396884945324,,3.853514245283072,6.29438436481317,"rgba(38, 166, 154, 1.0)"
2026-05-19 00:00:00+00:00,5.97,6.1,5.89,6.09,436410,0.0,0.0,0.0,0.0,0.0,0.0,0.0,0.0,5.421555088632381,5.241278693086796,4.931621829837988,4.881210140815185,4.530886865976136,4.474537107801708,4.4224603251092125,4.059966347016587,4.0035382201024055,3.976599320456495,6.241880047229657,,,,,,6.241880047229657,,,,5.924154094349714,,3.857943391337749,6.241880047229657,"rgba(38, 166, 154, 0.75)"
2026-05-20 00:00:00+00:00,6.05,6.09,5.855,5.99,490686,0.0,0.0,0.0,0.0,0.0,0.0,0.0,0.0,5.426792320317034,5.246029425785178,4.936489737384608,4.886137288866733,4.535963073851272,4.479602130818375,4.427547310768291,4.064994384568342,4.008563777656542,3.981625120507855,6.202677539798735,,,,,,6.202677539798735,,,,5.929617903152269,,3.86292864520043,6.202677539798735,"rgba(38, 166, 154, 0.75)"
2026-05-21 00:00:00+00:00,6.03,6.15,5.87,6.01,364507,0.0,0.0,0.0,0.0,0.0,0.0,0.0,0.0,5.430744485255337,5.2496051643806,4.940139147610825,4.889829257530294,4.539758258409311,4.483388106313318,4.431348835730845,4.068747877140407,4.012314907547525,3.9853761927345746,6.182811119334793,,,,,,6.182811119334793,,,,5.934133782674245,,3.86664860880253,6.182811119334793,"rgba(38, 166, 154, 0.75)"
2026-05-22 00:00:00+00:00,5.94,6.08,5.935,6.03,417615,0.0,0.0,0.0,0.0,0.0,0.0,0.0,0.0,5.434966646295437,5.253493860099307,4.944167974901733,4.89391157072313,4.543989833299832,4.487613719725444,4.4355953871797835,4.072960917775802,4.016527754229707,3.9895900952719603,6.1612451633018965,,,,,,6.1612451633018965,,,,5.936987458600363,,3.870832260044084,6.1612451633018965,"rgba(38, 166, 154, 0.75)"
2026-05-26 00:00:00+00:00,6.24,6.24,5.9897,6.0,502890,0.0,0.0,0.0,0.0,0.0,0.0,0.0,0.0,5.441525870892835,5.259207941024675,4.949771363140004,4.899553934392198,4.549655490794408,4.493250146563435,4.441241197998608,4.07846274782169,4.022017105779106,3.9950752214107554,6.160702226551375,,,,,,6.160702226551375,,,,5.950882893684449,,3.8762553713749606,6.160702226551375,"rgba(38, 166, 154, 0.75)"
2026-05-27 00:00:00+00:00,5.92,6.215,5.89,6.18,313738,0.0,0.0,0.0,0.0,0.0,0.0,0.0,0.0,5.444722040193256,5.2621534562952075,4.952814806611524,4.90263645894491,4.552845798073378,4.496435637037417,4.444441960179366,4.081636690567126,4.02519067120334,3.99824946831607,6.150415512859386,,,,,,6.150415512859386,,,,5.953064881681176,,3.879406583199133,6.150415512859386,"rgba(38, 166, 154, 0.75)"
2026-05-28 00:00:00+00:00,5.82,5.925,5.73,5.85,616194,0.0,0.0,0.0,0.0,0.0,0.0,0.0,0.0,5.448887494088995,5.266466721444333,4.957712172418635,4.907645435099558,4.558287085514694,4.5018992896197165,4.449957972021377,4.0872498654573075,4.030820759863729,4.003888805373955,6.112318240776542,,,,,,6.112318240776542,,,,5.94417502815602,,3.885038005282946,6.112318240776542,#000000
2026-05-29 00:00:00+00:00,5.84,6.0,5.765,5.81,362384,0.0,0.0,0.0,0.0,0.0,0.0,0.0,0.0,5.451572219761444,5.2691670404642545,4.960709342242214,4.910703846442555,4.56157415602275,4.505196082112515,4.453282989715789,4.090616026750283,4.034194971968015,4.0072676021557,6.096601837320404,,,,,,6.096601837320404,,,,5.9412003032326055,,3.888408287665227,6.096601837320404,#000000
2026-06-01 00:00:00+00:00,5.64,5.8699,5.625,5.82,424888,0.0,0.0,0.0,0.0,0.0,0.0,0.0,0.0,5.453509345635415,5.271482418364595,4.963596046618421,4.913682330308476,4.5649475903221255,4.508599273029101,4.4567321847347445,4.0942001459954085,4.037798766674401,4.0108813599389705,6.069568478950164,,,,,,6.069568478950164,,,,5.931107148151214,,3.8920337232035354,6.069568478950164,"rgba(239, 83, 80, 1.0)"
2026-06-02 00:00:00+00:00,5.71,5.7774,5.55,5.66,361709,0.0,0.0,0.0,0.0,0.0,0.0,0.0,0.0,5.4549310435202845,5.273290360688801,4.96593006624781,4.916097960726883,4.567722899598437,4.511403471902593,4.45957797275662,4.097177797862013,4.040795181012695,4.013887156209581,6.0475446601228136,,,,,,6.0475446601228136,,,,5.922016399897504,,3.895053806826414,6.0475446601228136,"rgba(239, 83, 80, 1.0)"
2026-06-03 00:00:00+00:00,5.58,5.7,5.49,5.7,444594,0.0,0.0,0.0,0.0,0.0,0.0,0.0,0.0,5.455969124380769,5.275007480791363,4.968422203799243,4.918701911598483,4.570843219141084,4.514570202389653,4.462803440734569,4.100617125895032,4.044263702891678,4.01736995788125,6.0178780444086675,,,,,,6.0178780444086675,,,,5.907918192873693,,3.898567220066641,6.0178780444086675,"rgba(239, 83, 80, 1.0)"
2026-06-04 00:00:00+00:00,5.74,5.81,5.66,5.66,251008,0.0,0.0,0.0,0.0,0.0,0.0,0.0,0.0,5.457181836855226,5.276416307229971,4.970150364445496,4.9204824370277045,4.572848796535803,4.516592580026445,4.4648522420079075,4.102742431533406,4.046400261078495,4.019512230604758,6.007947399992423,,,,,,6.007947399992423,,,,5.903908841490249,,3.900715833715276,6.007947399992423,"rgba(239, 83, 80, 1.0)"
2026-06-05 00:00:00+00:00,5.04,5.645,5.03,5.62,443447,0.0,0.0,0.0,0.0,0.0,0.0,0.0,0.0,5.455524103189232,5.27621209303826,4.971211931703525,4.921700092021542,4.574865215883929,4.5186964762914394,4.467043778178146,4.105342623730382,4.04905272474224,4.022189321333298,5.962752577987454,,,,,,5.962752577987454,,,,5.877473206936804,,3.9034724700987717,5.962752577987454,"rgba(239, 83, 80, 1.0)"
2026-06-08 00:00:00+00:00,5.1,5.15,5.01,5.04,407826,0.0,0.0,0.0,0.0,0.0,0.0,0.0,0.0,5.452972295410721,5.275281917191924,4.971630708993142,4.922279257348034,4.576287443353576,4.520215061252597,4.468654161977025,4.107404751636117,4.051171957438731,4.02433525521421,5.917862316657164,,,,,,5.917862316657164,,,,5.849604628225929,,3.90571075011328,5.917862316657164,"rgba(239, 83, 80, 1.0)"
2026-06-09 00:00:00+00:00,4.85,5.245,4.82,5.1,446229,0.0,0.0,0.0,0.0,0.0,0.0,0.0,0.0,5.4493563806467655,5.273660359135644,4.971630851136196,4.922468248129596,4.577485964745414,4.52153191933118,4.470080525915199,4.1093873466609665,4.05322443102056,4.026420263707806,5.867630509515874,,,,,,5.867630509515874,,,,5.817008948548691,,3.907912573659417,5.867630509515874,"rgba(239, 83, 80, 1.0)"
2026-06-10 00:00:00+00:00,4.68,4.8499,4.66,4.75,625298,0.0,0.0,0.0,0.0,0.0,0.0,0.0,0.0,5.441861882328984,5.269621541233709,4.970299549389891,4.921441496698643,4.578130928338097,4.522380426628446,4.471109114398308,4.111375827310352,4.0553323502036,4.028583433048942,5.788857355722966,,,,,,5.788857355722966,,,,5.763250691856998,4.729966666666666,3.910285136177159,5.788857355722966,"rgba(239, 83, 80, 1.0)"
2026-06-11 00:00:00+00:00,5.01,5.048,4.71,4.71,575186,0.0,0.0,0.0,0.0,0.0,0.0,0.0,0.0,5.436933682828158,5.267266835016995,4.970059391336165,4.921447478377112,4.5794662607100545,4.523873751035583,4.472747117306602,4.113760033076708,4.057810319487139,4.031104999553515,5.73699131177592,,,,,,5.73699131177592,,,,,4.822294712854704,3.912965731741363,5.73699131177592,"rgba(239, 83, 80, 1.0)"
2026-06-12 00:00:00+00:00,5.18,5.235,5.05,5.05,459370,0.0,0.0,0.0,0.0,0.0,0.0,0.0,0.0,5.4348124954907915,5.266661602967556,4.9708010970957766,4.9223546207967,4.581242240399339,4.525748581611827,4.4747179279849,4.116198148150732,4.060308107706702,4.033630779030939,5.7104297811831914,,,,,,5.7104297811831914,,,,,4.914371984564103,3.9155866746734804,5.7104297811831914,"rgba(239, 83, 80, 0.75)"
2026-06-15 00:00:00+00:00,5.34,5.72,5.305,5.425,596126,0.0,0.0,0.0,0.0,0.0,0.0,0.0,0.0,5.43500769128034,5.267970052644842,4.97330803861002,4.9250259104817475,4.584727202423789,4.529317063341184,4.478378939101276,4.120253956702179,4.064416259483898,4.037763987445461,5.6961475864511995,,,,,,5.6961475864511995,,,,,5.057228932023628,3.919790716313957,5.6961475864511995,"rgba(239, 83, 80, 0.75)"
2026-06-16 00:00:00+00:00,5.47,5.52,5.31,5.38,361340,0.0,0.0,0.0,0.0,0.0,0.0,0.0,0.0,5.434997935182259,5.268663494722343,4.974747232362795,4.926566436500191,4.586773847152205,4.531416461115615,4.480535831963976,4.122660719796691,4.066856027893387,4.040219515916955,5.68753219535355,,,,,,5.68753219535355,,,,,5.109152871155736,3.9222920180401197,5.68753219535355,"rgba(239, 83, 80, 0.75)"
2026-06-17 00:00:00+00:00,5.36,5.645,5.34,5.48,427339,0.0,0.0,0.0,0.0,0.0,0.0,0.0,0.0,5.43508920093765,5.269550148908117,4.976493010676369,4.928429903719477,4.589224270297221,4.533927849013301,4.483114101976331,4.125528162417398,4.069761771346386,4.043143567434018,5.678604840946361,,,,,,5.678604840946361,,,,,5.156759200641735,3.9252687945139844,5.678604840946361,"rgba(239, 83, 80, 0.75)"
