date,Close,High,Low,Open,Volume,OB_c0,OB_High_c0,OB_Low_c0,OB_Mitigated_Index_c0,OB,OB_High,OB_Low,OB_Mitigated_Index,aVWAP_OB_bull_c0_1221,aVWAP_OB_bull_c0_1139,aVWAP_OB_bull_c0_861,aVWAP_OB_bear_c0_1155,aVWAP_OB_bear_c0_1062,aVWAP_OB_bear_c0_870,aVWAP_OB_bear_c0_697,aVWAP_OB_bear_c0_143,aVWAP_OB_bear_c0_103,aVWAP_QQEMOD_bull_dot_c0_800,aVWAP_QQEMOD_bull_dot_c0_870,aVWAP_QQEMOD_bull_dot_c0_1027,aVWAP_QQEMOD_bull_dot_c0_1145,aVWAP_QQEMOD_bull_dot_c0_1247,aVWAP_QQEMOD_bear_dot_c0_792,aVWAP_QQEMOD_bear_dot_c0_811,aVWAP_QQEMOD_bear_dot_c0_962,aVWAP_QQEMOD_bear_dot_c0_1111,aVWAP_QQEMOD_bear_dot_c0_1201,aVWAP_price_maxima_minima_valley_c0_1,aVWAP_price_maxima_minima_peak_c0_1,color
2021-06-21 00:00:00+00:00,223.370212814,223.8321817145,218.9237621472,218.9237621472,34461,0.0,0.0,0.0,0.0,0.0,0.0,0.0,0.0,,,,,,,,,,,,,,,,,,,,,,#000000
2021-06-22 00:00:00+00:00,226.0677812149,226.0677812149,220.8871299741,224.3848945061,43466,0.0,0.0,0.0,0.0,0.0,0.0,0.0,0.0,,,,,,,,,,,,,,,,,,,,,,"rgba(38, 166, 154, 0.5)"
2021-06-23 00:00:00+00:00,226.2575184419,228.2538840474,224.5168856205,226.0925295489,34942,0.0,0.0,0.0,0.0,0.0,0.0,0.0,0.0,,,,,,,,,,,,,,,,,,,,,,"rgba(38, 166, 154, 0.5)"
2021-06-24 00:00:00+00:00,226.2822667758,232.7374572152,223.6424444875,228.6251090567,34443,0.0,0.0,0.0,0.0,0.0,0.0,0.0,0.0,,,,,,,,,,,,,,,,,,,,,,"rgba(38, 166, 154, 0.5)"
2021-06-25 00:00:00+00:00,226.6947390084,230.9762007822,225.4573223107,225.5893134252,353680,0.0,0.0,0.0,0.0,0.0,0.0,0.0,0.0,,,,,,,,,,,,,,,,,,,,,,"rgba(38, 166, 154, 0.5)"
2021-06-28 00:00:00+00:00,226.7772334549,230.9926996715,222.8216247448,228.3446279386,69602,0.0,0.0,0.0,0.0,0.0,0.0,0.0,0.0,,,,,,,,,,,,,,,,,,,,,,"rgba(38, 166, 154, 0.5)"
2021-06-29 00:00:00+00:00,223.914676161,230.2997463208,223.914676161,227.2722001339,32897,0.0,0.0,0.0,0.0,0.0,0.0,0.0,0.0,,,,,,,,,,,,,,,,,,,,,,"rgba(38, 166, 154, 0.5)"
2021-06-30 00:00:00+00:00,229.1448240697,229.8542763097,221.2377313718,224.7313711815,57810,0.0,0.0,0.0,0.0,0.0,0.0,0.0,0.0,,,,,,,,,,,,,,,,,,,,,,"rgba(38, 166, 154, 0.5)"
2021-07-01 00:00:00+00:00,228.2951312707,231.1081918966,226.2740173312,230.8937063357,23183,0.0,0.0,0.0,0.0,0.0,0.0,0.0,0.0,,,,,,,,,,,,,,,,,,,,,,"rgba(38, 166, 154, 0.5)"
2021-07-02 00:00:00+00:00,226.4967523368,229.681037972,225.7625517628,228.2208862688,26162,0.0,0.0,0.0,0.0,0.0,0.0,0.0,0.0,,,,,,,,,,,,,,,,,,,,,,"rgba(38, 166, 154, 0.5)"
2021-07-06 00:00:00+00:00,224.3024000596,226.4720040028,222.8793708573,226.0925295489,48880,0.0,0.0,0.0,0.0,0.0,0.0,0.0,0.0,,,,,,,,,,,,,,,,,,,,,,"rgba(38, 166, 154, 0.5)"
2021-07-07 00:00:00+00:00,224.8798611852,227.1484584642,220.441659963,223.7414378233,40922,0.0,0.0,0.0,0.0,0.0,0.0,0.0,0.0,,,,,,,,,,,,,,,,,,,,,,"rgba(38, 166, 154, 0.5)"
2021-07-08 00:00:00+00:00,219.5012232727,223.8651794931,216.319989932,220.2024260681,44443,0.0,0.0,0.0,0.0,0.0,0.0,0.0,0.0,,,,,,,,,,,,,,,,,,,,,,#000000
2021-07-09 00:00:00+00:00,227.8991579274,227.9816523739,219.897196616,223.2382216996,35577,0.0,0.0,0.0,0.0,0.0,0.0,0.0,0.0,,,,,,,,,,,,,,,,,,,,,,#000000
2021-07-12 00:00:00+00:00,232.3786063729,233.0055641664,226.4720040028,227.3959418037,25435,0.0,0.0,0.0,0.0,0.0,0.0,0.0,0.0,,,,,,,,,,,,,,,,,,,,,,"rgba(38, 166, 154, 0.5)"
2021-07-13 00:00:00+00:00,228.3363784939,237.245778717,226.867977346,232.5518447106,50626,0.0,0.0,0.0,0.0,0.0,0.0,0.0,0.0,,,,,,,,,,,,,,,,,,,,,,"rgba(38, 166, 154, 0.5)"
2021-07-14 00:00:00+00:00,221.5140877676,229.1695724037,217.6826331994,229.1695724037,60534,0.0,0.0,0.0,0.0,0.0,0.0,0.0,0.0,,,,,,,,,,,,,,,,,,,,,,#000000
2021-07-15 00:00:00+00:00,218.6020338058,222.0255533359,215.5167415063,219.3692321583,30955,0.0,0.0,0.0,0.0,0.0,0.0,0.0,0.0,,,,,,,,,,,,,,,,,,,,,,"rgba(239, 83, 80, 0.5)"
2021-07-16 00:00:00+00:00,215.9952092961,219.517722162,214.7165453752,219.517722162,42066,0.0,0.0,0.0,0.0,0.0,0.0,0.0,0.0,,,,,,,,,,,,,,,,,,,,,,"rgba(239, 83, 80, 0.5)"
2021-07-19 00:00:00+00:00,206.6485885065,210.7898097213,204.9638044255,210.3690880441,40166,0.0,0.0,0.0,0.0,0.0,0.0,0.0,0.0,,,,,,,,,,,,,,,,,,,,,,"rgba(239, 83, 80, 0.5)"
2021-07-20 00:00:00+00:00,213.0089103324,215.5456145626,202.6558572955,206.21136794,54252,0.0,0.0,0.0,0.0,0.0,0.0,0.0,0.0,,,,,,,,,,,,,,,,,,,,,,"rgba(239, 83, 80, 0.5)"
2021-07-21 00:00:00+00:00,218.1730626839,219.7369924009,214.4360642571,215.4259976152,36061,0.0,0.0,0.0,0.0,0.0,0.0,0.0,0.0,,,,,,,,,,,,,,,,,,,,,,"rgba(239, 83, 80, 0.5)"
2021-07-22 00:00:00+00:00,216.4159309733,218.6102832504,212.9511642199,217.6863454495,37025,0.0,0.0,0.0,0.0,0.0,0.0,0.0,0.0,,,,,,,,,,,,,,,,,,,,,,"rgba(239, 83, 80, 0.5)"
2021-07-23 00:00:00+00:00,218.6102832504,218.9278868695,214.0153425799,217.2243765491,35060,0.0,0.0,0.0,0.0,0.0,0.0,0.0,0.0,,,,,,,,,,,,,,,,,,,,,,"rgba(239, 83, 80, 0.5)"
2021-07-26 00:00:00+00:00,219.6579627211,221.0851166457,217.3563676635,220.9778738653,25139,0.0,0.0,0.0,0.0,0.0,0.0,0.0,0.0,,,,,,,,,,,,,,,,,,,,,,"rgba(239, 83, 80, 0.5)"
2021-07-27 00:00:00+00:00,216.7954054272,219.2207421546,215.2733828891,217.6203498923,39792,0.0,0.0,0.0,0.0,0.0,0.0,0.0,0.0,,,,,,,,,,,,,,,,,,,,,,"rgba(239, 83, 80, 0.5)"
2021-07-28 00:00:00+00:00,221.9265600001,223.749687268,212.5964380999,219.9879405071,48122,0.0,0.0,0.0,0.0,0.0,0.0,0.0,0.0,,,,,,,,,,,,,,,,,,,,,,#000000
2021-07-29 00:00:00+00:00,226.7607345656,228.4858901212,224.6218726417,225.8671288102,28061,0.0,0.0,0.0,0.0,0.0,0.0,0.0,0.0,,,,,,,,,,,,,,,,,,,,,,#000000
2021-07-30 00:00:00+00:00,228.4734789301,231.0798290501,224.5349943044,224.5349943044,33546,0.0,0.0,0.0,0.0,0.0,0.0,0.0,0.0,,,,,,,,,,,,,,,,,,,,,,"rgba(38, 166, 154, 0.5)"
2021-08-02 00:00:00+00:00,229.7145980349,236.6896874036,228.175610345,229.9959183653,41456,0.0,0.0,0.0,0.0,0.0,0.0,0.0,0.0,,,,,,,,,,,,,,,,,,,,,,"rgba(38, 166, 154, 0.5)"
2021-08-03 00:00:00+00:00,233.0077007262,235.6653504358,229.1685056288,231.4025200174,51416,0.0,0.0,0.0,0.0,0.0,0.0,0.0,0.0,,,,,,,,,,,,,,,,,,,,,,"rgba(38, 166, 154, 0.5)"
2021-08-04 00:00:00+00:00,235.7795333935,236.4949971867,227.8054258867,230.2110456768,45843,0.0,0.0,0.0,0.0,0.0,0.0,0.0,0.0,,,,,,,,,,,,,,,,,,,,,,"rgba(38, 166, 154, 0.5)"
2021-08-05 00:00:00+00:00,256.1007902019,259.7993251341,246.5028024585,259.7993251341,147139,0.0,0.0,0.0,0.0,0.0,0.0,0.0,0.0,,,,,,,,,,,,,,,,,,,,,,"rgba(38, 166, 154, 0.5)"
2021-08-06 00:00:00+00:00,258.7154144493,262.132629051,250.5405766126,259.5180048037,74311,0.0,0.0,0.0,0.0,0.0,0.0,0.0,0.0,,,,,,,,,,,,,,,,,,,,,,"rgba(38, 166, 154, 0.5)"
2021-08-09 00:00:00+00:00,258.731962704,260.6432861253,255.3519816754,260.477803578,48155,0.0,0.0,0.0,0.0,0.0,0.0,0.0,0.0,,,,,,,,,,,,,,,,,,,,,,"rgba(38, 166, 154, 0.5)"
2021-08-10 00:00:00+00:00,257.3336351793,261.1480078946,255.7119062158,258.9305417608,45603,0.0,0.0,0.0,0.0,0.0,0.0,0.0,0.0,,,,,,,,,,,,,,,,,,,,,,"rgba(38, 166, 154, 0.5)"
2021-08-11 00:00:00+00:00,257.1350561226,257.689422656,253.1221043505,257.0854113584,23353,0.0,0.0,0.0,0.0,0.0,0.0,0.0,0.0,,,,,,,,,,,,,,,,,,,,,,"rgba(38, 166, 154, 0.5)"
2021-08-12 00:00:00+00:00,258.4175458641,260.094711481,253.5772640969,258.0948548969,18974,0.0,0.0,0.0,0.0,0.0,0.0,0.0,0.0,,,,,,,,,,,,,,,,,,,,,,"rgba(38, 166, 154, 0.5)"
2021-08-13 00:00:00+00:00,259.0546536712,260.9403272977,257.0523148489,258.119677279,30690,0.0,0.0,0.0,0.0,0.0,0.0,0.0,0.0,,,,,,,,,,,,,,,,,,,,,,"rgba(38, 166, 154, 0.5)"
2021-08-16 00:00:00+00:00,258.8808969966,259.8406957709,255.7202630844,256.5724154617,23536,0.0,0.0,0.0,0.0,0.0,0.0,0.0,0.0,,,,,,,,,,,,,,,,,,,,,,"rgba(38, 166, 154, 0.5)"
2021-08-17 00:00:00+00:00,259.526278931,259.6172943321,255.5712460506,255.5712460506,53303,0.0,0.0,0.0,0.0,0.0,0.0,0.0,0.0,,,,,,,,,,,,,,,,,,,,,,"rgba(38, 166, 154, 0.5)"
2021-08-18 00:00:00+00:00,252.4436259066,261.1397337672,251.8561628637,259.6255684594,36577,0.0,0.0,0.0,0.0,0.0,0.0,0.0,0.0,,,,,,,,,,,,,,,,,,,,,,"rgba(38, 166, 154, 0.5)"
2021-08-19 00:00:00+00:00,247.7770180727,252.112660812,241.6045190584,252.112660812,79634,0.0,0.0,0.0,0.0,0.0,0.0,0.0,0.0,,,,,,,,,,,,,,,,,,,,,,"rgba(38, 166, 154, 0.5)"
2021-08-20 00:00:00+00:00,247.330215195,250.9377347262,243.8799040838,246.5855437322,43397,0.0,0.0,0.0,0.0,0.0,0.0,0.0,0.0,,,,,,,,,,,,,,,,,,,,,,"rgba(38, 166, 154, 0.5)"
2021-08-23 00:00:00+00:00,253.1138302232,254.0819031249,248.2238209504,248.6706238281,23438,0.0,0.0,0.0,0.0,0.0,0.0,0.0,0.0,,,,,,,,,,,,,,,,,,,,,,"rgba(38, 166, 154, 0.5)"
2021-08-24 00:00:00+00:00,255.4140376306,256.6882532448,250.797074561,254.5452542573,30997,0.0,0.0,0.0,0.0,0.0,0.0,0.0,0.0,,,,,,,,,,,,,,,,,,,,,,"rgba(38, 166, 154, 0.5)"
2021-08-25 00:00:00+00:00,257.9872912412,260.6432861253,256.646882608,257.0109442121,37270,0.0,0.0,0.0,0.0,0.0,0.0,0.0,0.0,,,,,,,,,,,,,,,,,,,,,,"rgba(38, 166, 154, 0.5)"
2021-08-26 00:00:00+00:00,251.3762634765,257.9872912412,248.8278322481,257.9872912412,44428,0.0,0.0,0.0,0.0,0.0,0.0,0.0,0.0,,,,,,,,,,,,,,,,,,,,,,"rgba(38, 166, 154, 0.5)"
2021-08-27 00:00:00+00:00,262.3063857257,262.9600417875,252.2202244677,252.8242357654,44285,0.0,0.0,0.0,0.0,0.0,0.0,0.0,0.0,,,,,,,,,,,,,,,,,,,,,,"rgba(38, 166, 154, 0.5)"
2021-08-30 00:00:00+00:00,257.4742953445,264.0274042176,256.8620099195,264.0274042176,25088,0.0,0.0,0.0,0.0,0.0,0.0,0.0,0.0,,,,,,,,,,,,,,,,,,,,,,"rgba(38, 166, 154, 0.5)"
2021-08-31 00:00:00+00:00,258.731962704,261.3714093334,255.7863733621,259.071201926,45493,0.0,0.0,0.0,0.0,0.0,0.0,0.0,0.0,,,,,,,,,,,,,,,,,,,,,,"rgba(38, 166, 154, 0.5)"
2021-09-01 00:00:00+00:00,260.3123210307,260.7259446577,256.216627985,258.5913025388,42051,0.0,0.0,0.0,0.0,0.0,0.0,0.0,0.0,,,,,,,,,,,,,,,,,,,,,,"rgba(38, 166, 154, 0.5)"
2021-09-02 00:00:00+00:00,263.7791803967,266.054565422,261.6858261733,262.1905479426,58447,0.0,0.0,0.0,0.0,0.0,0.0,0.0,0.0,,,,,,,,,,,,,,,,,,,,,,"rgba(38, 166, 154, 0.5)"
2021-09-03 00:00:00+00:00,262.2815633436,266.6337543376,259.3607963837,264.4080140764,26022,0.0,0.0,0.0,0.0,0.0,0.0,0.0,0.0,,,,,,,,,,,,,,,,,,,,,,"rgba(38, 166, 154, 0.5)"
2021-09-07 00:00:00+00:00,259.6917614783,262.1781367515,259.5759236952,260.908058201,26438,0.0,0.0,0.0,0.0,0.0,0.0,0.0,0.0,,,,,,,,,,,,,,,,,,,,,,"rgba(38, 166, 154, 0.5)"
2021-09-08 00:00:00+00:00,259.1042984354,260.0765084008,256.2910951313,257.8383569486,31626,0.0,0.0,0.0,0.0,0.0,0.0,0.0,0.0,,,,,,,,,,,,,,,,,,,,,,"rgba(38, 166, 154, 0.5)"
2021-09-09 00:00:00+00:00,261.7602933196,264.3914658217,258.7609221498,259.6338425868,40738,0.0,0.0,0.0,0.0,0.0,0.0,0.0,0.0,,,,,,,,,,,,,,,,,,,,,,"rgba(38, 166, 154, 0.5)"
2021-09-10 00:00:00+00:00,258.7154144493,263.9115664345,257.937646477,263.9115664345,28952,0.0,0.0,0.0,0.0,0.0,0.0,0.0,0.0,,,,,,,,,,,,,,,,,,,,,,"rgba(38, 166, 154, 0.5)"
2021-09-13 00:00:00+00:00,262.2070961973,262.4387717635,259.4187152753,259.4187152753,29990,0.0,0.0,0.0,0.0,0.0,0.0,0.0,0.0,,,,,,,,,,,,,,,,,,,,,,"rgba(38, 166, 154, 0.5)"
2021-09-14 00:00:00+00:00,261.0735407483,266.4269011535,259.4551214357,264.2094350196,73275,0.0,0.0,0.0,0.0,0.0,0.0,0.0,0.0,,,,,,,,,,,,,,,,,,,,,,"rgba(38, 166, 154, 0.5)"
2021-09-15 00:00:00+00:00,267.3784258004,268.2803056832,260.3205951581,260.3205951581,24745,0.0,0.0,0.0,0.0,0.0,0.0,0.0,0.0,,,,,,,,,,,,,,,,,,,,,,"rgba(38, 166, 154, 0.5)"
2021-09-16 00:00:00+00:00,269.2070079481,269.7365520995,264.7141567889,268.7271085609,33739,0.0,0.0,0.0,0.0,0.0,0.0,0.0,0.0,,,,,,,,,,,,,,,,,,,,,,"rgba(38, 166, 154, 0.5)"
2021-09-17 00:00:00+00:00,266.1124843136,270.5287997947,259.9068887898,269.8937605194,96577,0.0,0.0,0.0,0.0,0.0,0.0,0.0,0.0,,,,,,,,,,,,,,,,,,,,,,"rgba(38, 166, 154, 0.5)"
2021-09-20 00:00:00+00:00,251.2686998208,260.477803578,245.6174708305,259.8903405351,53301,0.0,0.0,0.0,0.0,0.0,0.0,0.0,0.0,,,,,,,,,,,,,,,,,,,,,,"rgba(38, 166, 154, 0.5)"
2021-09-21 00:00:00+00:00,251.3514410944,255.6705355789,250.8963640893,255.5795201779,28916,0.0,0.0,0.0,0.0,0.0,0.0,0.0,0.0,,,,,,,,,,,,,,,,,,,,,,#000000
2021-09-22 00:00:00+00:00,257.8631793307,262.1988220699,254.3053045637,254.3053045637,35987,0.0,0.0,0.0,0.0,0.0,0.0,0.0,0.0,,,,,,,,,,,,,,,,,,,,,,#000000
2021-09-23 00:00:00+00:00,266.4434494082,269.5710695522,260.0310007003,260.0310007003,48508,0.0,0.0,0.0,0.0,0.0,0.0,0.0,0.0,,,,,,,,,,,,,,,,,,,,,,#000000
2021-09-24 00:00:00+00:00,267.8252286782,269.9351311562,264.4576588406,264.4576588406,25915,0.0,0.0,0.0,0.0,0.0,0.0,0.0,0.0,,,,,,,,,,,,,,,,,,,,,,"rgba(38, 166, 154, 0.5)"
2021-09-27 00:00:00+00:00,267.8583251876,275.5532636371,267.2212173805,268.2058385369,43910,0.0,0.0,0.0,0.0,0.0,0.0,0.0,0.0,,,,,,,,,,,,,,,,,,,,,,"rgba(38, 166, 154, 0.5)"
2021-09-28 00:00:00+00:00,258.9636382702,265.3926352328,255.3230222296,265.1526855393,33335,0.0,0.0,0.0,0.0,0.0,0.0,0.0,0.0,,,,,,,,,,,,,,,,,,,,,,"rgba(38, 166, 154, 0.5)"
2021-09-29 00:00:00+00:00,258.0203877506,260.7798092268,255.2651033381,260.726027399,28563,0.0,0.0,0.0,0.0,0.0,0.0,0.0,0.0,,,,,,,,,,,,,,,,,,,,,,#000000
2021-09-30 00:00:00+00:00,256.7627203911,262.2422612386,256.5062224428,258.9388158881,55175,0.0,0.0,0.0,0.0,0.0,0.0,0.0,0.0,,,,,,,,,,,,,,,,,,,,,,#000000
2021-10-01 00:00:00+00:00,260.4695294507,260.7343015263,254.4790612384,259.2035879638,39484,0.0,0.0,0.0,0.0,0.0,0.0,0.0,0.0,,,,,,,,,,,,,,,,,,,,,,#000000
2021-10-04 00:00:00+00:00,261.0156218567,262.4801424004,254.992057135,260.635011998,54377,0.0,0.0,0.0,0.0,0.0,0.0,0.0,0.0,,,,,,,,,,,,,,,,,,,,,,#000000
2021-10-05 00:00:00+00:00,266.0214689126,269.7282779721,261.7602933196,261.7602933196,34080,0.0,0.0,0.0,0.0,0.0,0.0,0.0,0.0,,,,,,,,,,,,,,,,,,,,,,#000000
2021-10-06 00:00:00+00:00,264.035678345,265.3098939592,259.3607963837,264.6645120247,27496,0.0,0.0,0.0,0.0,0.0,0.0,0.0,0.0,,,,,,,,,,,,,,,,,,,,,,"rgba(38, 166, 154, 0.5)"
2021-10-07 00:00:00+00:00,266.1124843136,270.224725614,266.1124843136,268.1065490086,27281,0.0,0.0,0.0,0.0,0.0,0.0,0.0,0.0,,,,,,,,,,,,,,,,,,,,,,"rgba(38, 166, 154, 0.5)"
2021-10-08 00:00:00+00:00,268.909139363,272.6619525706,266.7992368849,268.4954329947,33168,0.0,0.0,0.0,0.0,0.0,0.0,0.0,0.0,,,,,,,,,,,,,,,,,,,,,,"rgba(38, 166, 154, 0.5)"
2021-10-11 00:00:00+00:00,262.6208025656,269.9351311562,262.5959801835,267.8996958244,19281,0.0,0.0,0.0,0.0,0.0,0.0,0.0,0.0,,,,,,,,,,,,,,,,,,,,,,"rgba(38, 166, 154, 0.5)"
2021-10-12 00:00:00+00:00,256.82891341,263.1172502075,255.2071844465,262.04161365,30884,0.0,0.0,0.0,0.0,0.0,0.0,0.0,0.0,,,,,,,,,,,,,,,,,,,,,,#000000
2021-10-13 00:00:00+00:00,256.4979483154,259.2035879638,253.8254051765,259.2035879638,25079,0.0,0.0,0.0,0.0,0.0,0.0,0.0,0.0,,,,,,,,,,,,,,,,,,,,,,#000000
2021-10-14 00:00:00+00:00,265.1030407751,266.5799725097,260.1054678466,263.1007019527,36522,0.0,0.0,0.0,0.0,0.0,0.0,0.0,0.0,,,,,,,,,,,,,,,,,,,,,,#000000
2021-10-15 00:00:00+00:00,266.1373066957,273.6998591073,264.9541064825,271.0355900958,43075,0.0,0.0,0.0,0.0,0.0,0.0,0.0,0.0,,,,,,,,,,,,,,,,,,,,,,#000000
2021-10-18 00:00:00+00:00,263.2330879906,265.87253462,261.8508950142,263.8950181798,29905,0.0,0.0,0.0,0.0,0.0,0.0,0.0,0.0,,,,,,,,,,,,,,,,,,,,,,#000000
2021-10-19 00:00:00+00:00,269.2897492218,269.2897492218,263.2413621179,264.3004504207,25152,0.0,0.0,0.0,0.0,0.0,0.0,0.0,0.0,,,,,,,,,,,,,,,,,,,,,,"rgba(38, 166, 154, 0.5)"
2021-10-20 00:00:00+00:00,267.2046691258,274.5520942259,265.6863667543,269.2897492218,31815,0.0,0.0,0.0,0.0,0.0,0.0,0.0,0.0,,,,,,,,,,,,,,,,,,,,,,"rgba(38, 166, 154, 0.5)"
2021-10-21 00:00:00+00:00,265.7732450916,271.8216321955,262.823518686,268.751930943,52166,0.0,0.0,0.0,0.0,0.0,0.0,0.0,0.0,,,,,,,,,,,,,,,,,,,,,,"rgba(38, 166, 154, 0.5)"
2021-10-22 00:00:00+00:00,268.9836065093,270.1502584677,266.2034997146,267.25431389,20258,0.0,0.0,0.0,0.0,0.0,0.0,0.0,0.0,,,,,,,,,,,,,,,,,,,,,,"rgba(38, 166, 154, 0.5)"
2021-10-25 00:00:00+00:00,275.4870706182,275.8676804769,270.3281522061,270.6715284917,36105,0.0,0.0,0.0,0.0,0.0,0.0,0.0,0.0,,,,,,,,,,,,,,,,,,,,,,"rgba(38, 166, 154, 0.5)"
2021-10-26 00:00:00+00:00,274.7093026458,280.3274351267,273.2778786117,277.1005254543,40309,0.0,0.0,0.0,0.0,0.0,0.0,0.0,0.0,,,,,,,,,,,,,,,,,,,,,276.10487212806663,"rgba(38, 166, 154, 0.5)"
2021-10-27 00:00:00+00:00,255.943581782,267.8500510602,254.7024626772,260.295772776,63410,0.0,0.0,0.0,0.0,0.0,0.0,0.0,0.0,,,,,,,,,,,,,,,,,,,,,265.952465439363,"rgba(38, 166, 154, 0.5)"
2021-10-28 00:00:00+00:00,258.731962704,263.7369961728,253.0285524722,256.9028807055,64730,0.0,0.0,0.0,0.0,0.0,0.0,0.0,0.0,,,,,,,,,,,,,,,,,,,,,263.08838322644965,#000000
2021-10-29 00:00:00+00:00,266.0482906982,267.802546615,258.731962704,258.731962704,52914,0.0,0.0,0.0,0.0,0.0,0.0,0.0,0.0,,,,,,,,,,,,,,,,,,,,,263.35273055034304,#000000
2021-11-01 00:00:00+00:00,268.201619051,268.7170876143,264.1111265816,268.3762132418,38617,0.0,0.0,0.0,0.0,0.0,0.0,0.0,0.0,,,,,,,,,,,,,,,,,,,,,263.89596706021274,#000000
2021-11-02 00:00:00+00:00,268.3512712146,275.393236909,265.8154984438,269.7979087952,48597,0.0,0.0,0.0,0.0,0.0,0.0,0.0,0.0,,,,,,,,,,,,,,,,,,,,,264.83417773424276,#000000
2021-11-03 00:00:00+00:00,273.0653143654,275.5262610543,269.3905223501,269.3905223501,51082,0.0,0.0,0.0,0.0,0.0,0.0,0.0,0.0,,,,,,,,,,,,,,,,,,,,,265.94577058303855,"rgba(38, 166, 154, 0.5)"
2021-11-04 00:00:00+00:00,271.4274545758,275.6094011452,269.581744559,272.9489182382,43552,0.0,0.0,0.0,0.0,0.0,0.0,0.0,0.0,,,,,,,,,,,,,,,,,,,,,266.6219778939313,"rgba(38, 166, 154, 0.5)"
2021-11-05 00:00:00+00:00,273.5475268923,278.5193043247,272.3669376023,274.4454398734,40532,0.0,0.0,0.0,0.0,0.0,0.0,0.0,0.0,,,,,,,,,,,,,,,,,,,,,267.369996073969,"rgba(38, 166, 154, 0.5)"
2021-11-08 00:00:00+00:00,272.2089714297,277.2888309802,272.0260632298,277.2888309802,31092,0.0,0.0,0.0,0.0,0.0,0.0,0.0,0.0,,,,,,,,,,,,,,,,,,,,,267.79373363661284,"rgba(38, 166, 154, 0.5)"
2021-11-09 00:00:00+00:00,263.8783343272,272.7992660747,262.7019020418,272.7992660747,59185,0.0,0.0,0.0,0.0,0.0,0.0,0.0,0.0,,,,,,,,,,,,,,,,,,,,,267.6458986468382,#000000
2021-11-10 00:00:00+00:00,263.562401982,267.1956239518,261.891286156,264.2857207723,43715,0.0,0.0,0.0,0.0,0.0,0.0,0.0,0.0,,,,,,,,,,,,,,,,,,,,,267.3864044150341,#000000
2021-11-11 00:00:00+00:00,270.2136092494,272.3586235932,264.8095033446,265.0589236172,36752,0.0,0.0,0.0,0.0,0.0,0.0,0.0,0.0,,,,,,,,,,,,,,,,,,,,,267.49052278974773,#000000
2021-11-12 00:00:00+00:00,277.2389469257,278.7562535836,273.5974109468,274.7364301913,43238,0.0,0.0,0.0,0.0,0.0,0.0,0.0,0.0,,,,,,,,,,,,,,,,,,,,,268.0848236809457,"rgba(38, 166, 154, 0.5)"
2021-11-15 00:00:00+00:00,275.1271886183,279.9991979417,273.3729327015,279.9991979417,51090,-1.0,279.9992,273.37292,0.0,0.0,0.0,0.0,0.0,,,,,,,,,276.16643975383334,,,,,,,,,,,,268.66733077400073,"rgba(38, 166, 154, 0.5)"
2021-11-16 00:00:00+00:00,271.8098989936,274.2209616281,270.9868120943,274.2209616281,31723,0.0,0.0,0.0,0.0,0.0,0.0,0.0,0.0,,,,,,,,,274.7003564361461,,,,,,,,,,,,268.8246265189586,"rgba(38, 166, 154, 0.5)"
2021-11-17 00:00:00+00:00,268.1600490056,271.7350729119,267.4699862516,271.7350729119,64451,0.0,0.0,0.0,0.0,0.0,0.0,0.0,0.0,,,,,,,,,272.2588241508365,,,,,,,,,,,,268.84841176127725,#000000
2021-11-18 00:00:00+00:00,267.1374258882,271.352628494,264.3854888813,269.1660441048,47861,0.0,0.0,0.0,0.0,0.0,0.0,0.0,0.0,,,,,,,,,271.12226660752634,,,,,,,,,,,,268.7797654069808,#000000
2021-11-19 00:00:00+00:00,262.9305372916,270.317534363,261.0598852476,264.7596192901,57901,0.0,0.0,0.0,0.0,0.0,0.0,0.0,0.0,,,,,,,,,269.6684949741331,,,,,,,,,,,,268.5248012517966,#000000
2021-11-22 00:00:00+00:00,260.9518031295,268.2057760556,260.2534263664,266.3974790797,50533,0.0,0.0,0.0,0.0,0.0,0.0,0.0,0.0,,,,,,,,,268.58120735618553,,,,,,,,,,,,268.2415741647487,"rgba(239, 83, 80, 1.0)"
2021-11-23 00:00:00+00:00,262.0492523286,265.1586917262,259.0562090583,261.9494842196,41069,0.0,0.0,0.0,0.0,0.0,0.0,0.0,0.0,,,,,,,,,267.8074239234874,,,,,,,,,,,,267.9894483754262,"rgba(239, 83, 80, 1.0)"
2021-11-24 00:00:00+00:00,262.7226870645,264.5683970812,258.7735327494,261.4257016473,33117,0.0,0.0,0.0,0.0,0.0,0.0,0.0,0.0,,,,,,,,,267.30017392105424,,,,,,,,,,,,267.79857924745147,"rgba(239, 83, 80, 1.0)"
2021-11-26 00:00:00+00:00,253.1283205812,255.9135136244,247.8406108035,254.9906586161,25697,0.0,0.0,0.0,0.0,0.0,0.0,0.0,0.0,,,,,,,,,266.34437398091484,,,,,,,,,,,,267.4231271639226,"rgba(239, 83, 80, 1.0)"
2021-11-29 00:00:00+00:00,252.222093591,256.0881078152,249.0347519283,254.9906586161,70162,0.0,0.0,0.0,0.0,0.0,0.0,0.0,0.0,,,,,,,,,264.28574462960614,,,,,,,,,,,,266.49442952059917,"rgba(239, 83, 80, 1.0)"
2021-11-30 00:00:00+00:00,247.2420021495,252.3218617,243.3344178798,249.461842575,74303,0.0,0.0,0.0,0.0,0.0,0.0,0.0,0.0,,,,,,,,,262.02739298579996,,,,,,,,,,,,265.3319864305366,"rgba(239, 83, 80, 1.0)"
2021-12-01 00:00:00+00:00,239.5099737011,257.3185811597,238.3376984202,248.7634658119,84063,0.0,0.0,0.0,0.0,0.0,0.0,0.0,0.0,,,,,,,,,259.7698251370438,,,,,,,,,,,,264.01034899523347,"rgba(239, 83, 80, 1.0)"
2021-12-02 00:00:00+00:00,251.5403448461,252.3010766773,239.8175920372,239.8175920372,49886,0.0,0.0,0.0,0.0,0.0,0.0,0.0,0.0,,,,,,,,,258.9004045458557,,,,,,,,,,,,263.4098907774662,"rgba(239, 83, 80, 0.75)"
2021-12-03 00:00:00+00:00,242.5445870168,251.4904607916,239.2854954558,251.4904607916,97561,0.0,0.0,0.0,0.0,0.0,0.0,0.0,0.0,,,,,,,,,257.09039288231054,,,,,,,,,,,,262.12212391308714,"rgba(239, 83, 80, 0.75)"
2021-12-06 00:00:00+00:00,243.8498864431,246.4854273228,242.8355773348,246.2193790321,37947,0.0,0.0,0.0,0.0,0.0,0.0,0.0,0.0,,,,,,,,,256.5007773166968,,,,,,,,,,,,261.66596863391607,"rgba(239, 83, 80, 0.75)"
2021-12-07 00:00:00+00:00,249.3870164932,254.6830402799,247.1671760677,247.6327605764,53358,0.0,0.0,0.0,0.0,0.0,0.0,0.0,0.0,,,,,,,,,256.12768113587464,,,,,,,,,,,,261.27310755920297,"rgba(239, 83, 80, 0.75)"
2021-12-08 00:00:00+00:00,249.9107990655,252.3052336818,248.1731711669,249.9024850565,32725,0.0,0.0,0.0,0.0,0.0,0.0,0.0,0.0,,,,,,,,,255.91042124222204,,,,,,,,,,,,261.0395222278979,"rgba(239, 83, 80, 0.75)"
2021-12-09 00:00:00+00:00,244.9057655968,248.5306735575,243.1265676527,248.5306735575,47314,0.0,0.0,0.0,0.0,0.0,0.0,0.0,0.0,,,,,,,,,255.3933985947859,,,,,,,,,,,,260.5830412555206,"rgba(239, 83, 80, 0.75)"
2021-12-10 00:00:00+00:00,244.2157028428,248.1981131942,243.4009299525,247.5995045401,28797,0.0,0.0,0.0,0.0,0.0,0.0,0.0,0.0,,,,,,,,,255.09583790661753,,,,,,,,,,,,260.3137389465844,"rgba(239, 83, 80, 0.75)"
2021-12-13 00:00:00+00:00,237.3649593573,250.8336540739,236.6166985397,244.731171406,48150,0.0,0.0,0.0,0.0,0.0,0.0,0.0,0.0,,,,,,,,,254.46377234123253,,,,,,,,,,,,259.77926455742437,"rgba(239, 83, 80, 0.75)"
2021-12-14 00:00:00+00:00,236.8162347577,240.5575388457,232.7922543609,235.8019256495,106321,0.0,0.0,0.0,0.0,0.0,0.0,0.0,0.0,,,,,,,,,252.80039161108536,,,,,,,,,,,,258.411068681235,"rgba(239, 83, 80, 1.0)"
2021-12-15 00:00:00+00:00,235.660587495,241.0896354271,234.3137180234,237.8887419296,102551,0.0,0.0,0.0,0.0,0.0,0.0,0.0,0.0,,,,,,,,,251.49181454842778,,,,,,,,,,,,257.25310268929496,"rgba(239, 83, 80, 1.0)"
2021-12-16 00:00:00+00:00,241.0563793907,246.0863548868,239.4850316738,239.4850316738,55581,0.0,0.0,0.0,0.0,0.0,0.0,0.0,0.0,,,,,,,,,251.09253464086484,,,,,,,,,,,,256.8242816808904,"rgba(239, 83, 80, 1.0)"
2021-12-17 00:00:00+00:00,240.8817852,242.0623744899,232.2850998068,238.8781090106,134446,0.0,0.0,0.0,0.0,0.0,0.0,0.0,0.0,,,,,,,,,249.89728658850848,,,,,,,,,,,,255.63648640606317,"rgba(239, 83, 80, 0.75)"
2021-12-20 00:00:00+00:00,231.811201289,236.3257082218,227.026489061,236.3257082218,71942,0.0,0.0,0.0,0.0,0.0,0.0,0.0,0.0,,,,,,,,,249.02468992885105,,,,,,,,,,,,254.83857372659503,"rgba(239, 83, 80, 0.75)"
2021-12-21 00:00:00+00:00,240.4743987548,242.3533648079,235.6938435314,235.6938435314,40609,0.0,0.0,0.0,0.0,0.0,0.0,0.0,0.0,,,,,,,,,248.77358143154757,,,,,,,,,,,,254.55517599461055,"rgba(239, 83, 80, 0.75)"
2021-12-22 00:00:00+00:00,242.0124904354,242.9311884393,240.2771904594,240.8402151545,37777,0.0,0.0,0.0,0.0,0.0,0.0,0.0,0.0,,,,,,,,,248.60509214137724,,,,,,,,,,,,254.3385399262137,"rgba(239, 83, 80, 0.75)"
2021-12-23 00:00:00+00:00,246.4771133137,249.0212000935,244.041108652,244.041108652,30161,0.0,0.0,0.0,0.0,0.0,0.0,0.0,0.0,,,,,,,,,248.56583166917545,,,,,,,,,,,,254.23432777590605,"rgba(239, 83, 80, 0.5)"
2021-12-27 00:00:00+00:00,247.6078185492,249.461842575,245.3962921328,248.4225914394,36821,0.0,0.0,0.0,0.0,0.0,0.0,0.0,0.0,,,,,,,,,248.54170462002065,,,,,,,,,,,,254.12641240009552,#000000
2021-12-28 00:00:00+00:00,247.9403789126,251.1994704736,247.4249103493,248.1981131942,30652,0.0,0.0,0.0,0.0,0.0,0.0,0.0,0.0,,,,,,,,,248.54743784159865,,,,,,,,,,,,254.05713220310912,#000000
2021-12-29 00:00:00+00:00,246.6932775499,249.071084148,244.9556496513,247.9320649035,26333,0.0,0.0,0.0,0.0,0.0,0.0,0.0,0.0,,,,,,,,,248.52203583270574,,,,,,,,,,,,253.9773005428459,#000000
2021-12-30 00:00:00+00:00,247.2835721949,251.2160984918,246.5103693501,247.790726749,25363,0.0,0.0,0.0,0.0,0.0,0.0,0.0,0.0,,,,,,,,,248.5193125082603,,,,,,,,,,,,253.91729061892966,#000000
2021-12-31 00:00:00+00:00,247.0092098951,249.162538248,244.7685844469,246.9094417861,30506,0.0,0.0,0.0,0.0,0.0,0.0,0.0,0.0,,,,,,,,,248.49258455943823,,,,,,,,,,,,253.82964267682323,#000000
2022-01-03 00:00:00+00:00,241.1727755179,251.8354921686,237.9386259841,249.4285865387,103986,0.0,0.0,0.0,0.0,0.0,0.0,0.0,0.0,,,,,,,,,248.22190511575621,,,,,,,,,,,,253.40929105430547,#000000
2022-01-04 00:00:00+00:00,246.5103693501,248.3976494122,243.2346497708,243.2346497708,43459,0.0,0.0,0.0,0.0,0.0,0.0,0.0,0.0,,,,,,,,,248.17228100247337,,,,,,,,,,,,253.28441166168776,#000000
2022-01-05 00:00:00+00:00,237.9885100386,247.100663995,236.6333265579,247.100663995,61543,0.0,0.0,0.0,0.0,0.0,0.0,0.0,0.0,,,,,,,,,247.9344030436624,,,,,,,,,,,,252.9862483812582,"rgba(239, 83, 80, 0.5)"
2022-01-06 00:00:00+00:00,236.3007661945,238.620374729,231.7613172345,238.620374729,40946,0.0,0.0,0.0,0.0,0.0,0.0,0.0,0.0,,,,,,,,,247.68192509775275,,,,,,,,,,,,252.71846066844915,"rgba(239, 83, 80, 0.5)"
2022-01-07 00:00:00+00:00,241.1145774543,243.4175579707,236.2758241673,237.5644955753,70720,0.0,0.0,0.0,0.0,0.0,0.0,0.0,0.0,,,,,,,,,247.4295841265389,,,,,,,,,,,,252.39657585859098,"rgba(239, 83, 80, 0.5)"
2022-01-10 00:00:00+00:00,238.61206072,240.4827127639,232.5095780521,240.4827127639,61018,0.0,0.0,0.0,0.0,0.0,0.0,0.0,0.0,,,,,,,,,247.13773615261962,,,,,,,,,,,,252.06498771424546,"rgba(239, 83, 80, 0.5)"
2022-01-11 00:00:00+00:00,242.4365048987,242.660983144,236.3173942127,239.310437483,41882,0.0,0.0,0.0,0.0,0.0,0.0,0.0,0.0,,,,,,,,,247.00968645085322,,,,,,,,,,,,251.89390083561128,"rgba(239, 83, 80, 0.5)"
2022-01-12 00:00:00+00:00,243.5921521615,245.6041423599,242.4531329169,244.7062293788,61215,-1.0,245.60414,242.45314,0.0,0.0,0.0,0.0,0.0,,,,,,,,243.88314247943336,246.9243025678039,,,,,,,,,,,,251.72476190806466,#000000
2022-01-13 00:00:00+00:00,236.9575729122,245.4295481691,236.9575729122,245.4295481691,36913,0.0,0.0,0.0,0.0,0.0,0.0,0.0,0.0,,,,,,,,242.3402440010925,246.80858375147338,,,,,,,,,,,,251.57461459415805,"rgba(239, 83, 80, 0.5)"
2022-01-14 00:00:00+00:00,236.3672782672,237.1321671029,229.741013027,233.6652253148,45621,0.0,0.0,0.0,0.0,0.0,0.0,0.0,0.0,,,,,,,,239.82456305215274,246.56527103919257,,,,,,,,,,,,251.31205234849514,"rgba(239, 83, 80, 0.5)"
2022-01-18 00:00:00+00:00,235.560819386,237.5894376026,232.3266698522,233.9977856782,80209,0.0,0.0,0.0,0.0,0.0,0.0,0.0,0.0,,,,,,,,238.15361536169794,246.18474697035737,,,,,,,,,,,,250.8889240836999,"rgba(239, 83, 80, 0.5)"
2022-01-19 00:00:00+00:00,230.2814236175,237.5728095844,229.3751966273,237.5728095844,81991,0.0,0.0,0.0,0.0,0.0,0.0,0.0,0.0,,,,,,,,236.61433806358943,245.73048454320548,,,,,,,,,,,,250.40701520029862,"rgba(239, 83, 80, 1.0)"
2022-01-20 00:00:00+00:00,227.7040808013,236.1344860128,226.2167045761,232.4181239521,86408,0.0,0.0,0.0,0.0,0.0,0.0,0.0,0.0,,,,,,,,235.1617330126524,245.20276765282372,,,,,,,,,,,,249.86165438167754,"rgba(239, 83, 80, 1.0)"
2022-01-21 00:00:00+00:00,217.419651564,225.2763901487,217.200909985,224.3369071222,98476,0.0,0.0,0.0,0.0,0.0,0.0,0.0,0.0,,,,,,,,232.11293756689716,244.27236580379346,,,,,,,,,,,,248.97726196783705,"rgba(239, 83, 80, 1.0)"
2022-01-24 00:00:00+00:00,218.1762263907,219.3485016716,204.5578795106,212.6557243587,89592,0.0,0.0,0.0,0.0,0.0,0.0,0.0,0.0,,,,,,,,229.3213498338802,243.2908590376841,,,,,,,,,,,,248.06129333806342,"rgba(239, 83, 80, 1.0)"
2022-01-25 00:00:00+00:00,209.5545989703,219.0533543491,207.8959541579,214.8838787933,76784,0.0,0.0,0.0,0.0,0.0,0.0,0.0,0.0,,,,,,,,227.31726105583192,242.44867001847336,,,,,,,,,,,,247.2727872491706,"rgba(239, 83, 80, 1.0)"
2022-01-26 00:00:00+00:00,207.7172029626,216.0603110787,204.8466250461,212.9965987312,87038,0.0,0.0,0.0,0.0,0.0,0.0,0.0,0.0,,,,,,,,225.23841201537297,241.46931825859022,,,,,,,,,,,,246.35603851208086,"rgba(239, 83, 80, 1.0)"
2022-01-27 00:00:00+00:00,205.2728842918,213.1107283253,203.8341338396,209.2712721766,57139,0.0,0.0,0.0,0.0,0.0,0.0,0.0,0.0,,,,,,,,223.9669510474791,240.81655587784718,,,,,,,,,,,,245.74452313453006,"rgba(239, 83, 80, 1.0)"
2022-01-28 00:00:00+00:00,207.3139023753,207.3139023753,199.8942997523,206.151191254,67478,0.0,0.0,0.0,0.0,0.0,0.0,0.0,0.0,,,,,,,,222.481562002819,240.0204167399836,,,,,,,,,,,,244.9999393442966,"rgba(239, 83, 80, 1.0)"
2022-01-31 00:00:00+00:00,218.8908246189,218.8991894471,207.0629575289,207.0629575289,66490,0.0,0.0,0.0,0.0,0.0,0.0,0.0,0.0,,,,,,,,221.9462484240893,239.4854238384064,,,,,,,,,,,,244.4704559901278,"rgba(239, 83, 80, 0.75)"
2022-02-01 00:00:00+00:00,219.1501342935,220.8230999356,214.0977780542,219.9196984889,96391,0.0,0.0,0.0,0.0,0.0,0.0,0.0,0.0,,,,,,,,221.57978075667808,238.84137814797168,,,,,,,,,,,,243.81170479658624,"rgba(239, 83, 80, 0.75)"
2022-02-02 00:00:00+00:00,216.2308092479,218.1128955953,213.4538535785,218.1128955953,64075,0.0,0.0,0.0,0.0,0.0,0.0,0.0,0.0,,,,,,,,221.24957299747126,238.3933255985451,,,,,,,,,,,,243.35760773706184,"rgba(239, 83, 80, 0.75)"
2022-02-03 00:00:00+00:00,209.4887577101,215.9840468157,208.493343153,212.8848779636,63713,0.0,0.0,0.0,0.0,0.0,0.0,0.0,0.0,,,,,,,,220.70408414805104,237.87689878294185,,,,,,,,,,,,242.84702883491065,"rgba(239, 83, 80, 0.75)"
2022-02-04 00:00:00+00:00,225.4321202797,228.3849046381,213.4453214537,224.411611238,73269,0.0,0.0,0.0,0.0,0.0,0.0,0.0,0.0,,,,,,,,220.8061124899807,237.5451050314945,,,,,,,,,,,,242.47938818615359,"rgba(239, 83, 80, 0.5)"
2022-02-07 00:00:00+00:00,218.1463549082,227.1469100629,216.3688289134,224.1941257046,54612,0.0,0.0,0.0,0.0,0.0,0.0,0.0,0.0,,,,,,,,220.79541922563112,237.27751957627237,,,,,,,,,,,,242.1891450545813,"rgba(239, 83, 80, 0.5)"
2022-02-08 00:00:00+00:00,219.8946040042,222.4793359213,218.6900687419,218.6900687419,34081,0.0,0.0,0.0,0.0,0.0,0.0,0.0,0.0,,,,,,,,220.7840524103972,237.1128201766608,,,,,,,,,,,,242.01024549718403,"rgba(239, 83, 80, 0.5)"
2022-02-09 00:00:00+00:00,225.8587265185,226.5195479471,220.1204543659,223.2405352885,56470,0.0,0.0,0.0,0.0,0.0,0.0,0.0,0.0,,,,,,,,220.92265701894908,236.9073582226498,,,,,,,,,,,,241.77123998506232,#000000
2022-02-10 00:00:00+00:00,216.5486727199,226.3397041406,214.6582215443,222.3789579828,76234,0.0,0.0,0.0,0.0,0.0,0.0,0.0,0.0,,,,,,,,220.83141638343858,236.53557370492982,,,,,,,,,,,,241.37003937560155,#000000
2022-02-11 00:00:00+00:00,214.3403580723,221.6679475849,212.9434317611,217.9037748901,47305,0.0,0.0,0.0,0.0,0.0,0.0,0.0,0.0,,,,,,,,220.68919708921027,236.2758038999622,,,,,,,,,,,,241.09694163334387,"rgba(239, 83, 80, 0.5)"
2022-02-14 00:00:00+00:00,211.948017204,215.7289195553,209.6476894461,214.2232504773,58064,0.0,0.0,0.0,0.0,0.0,0.0,0.0,0.0,,,,,,,,220.38213010583766,235.90576321190403,,,,,,,,,,,,240.71858973458072,"rgba(239, 83, 80, 0.5)"
2022-02-15 00:00:00+00:00,219.1835936063,221.4504620514,215.1350167523,215.8543919784,38141,0.0,0.0,0.0,0.0,0.0,0.0,0.0,0.0,,,,,,,,220.33934044424296,235.73094945487185,,,,,,,,,,,,240.5283137673479,"rgba(239, 83, 80, 0.5)"
2022-02-16 00:00:00+00:00,220.798005451,221.4504620514,217.7950321233,219.1584991217,30411,0.0,0.0,0.0,0.0,0.0,0.0,0.0,0.0,,,,,,,,220.33327287763598,235.60545126645997,,,,,,,,,,,,240.38863131140175,#000000
2022-02-17 00:00:00+00:00,209.9069991206,219.3508901705,209.605865305,217.5942762463,38259,0.0,0.0,0.0,0.0,0.0,0.0,0.0,0.0,,,,,,,,220.16386290267744,235.38016762164628,,,,,,,,,,,,240.15561638698424,"rgba(239, 83, 80, 0.5)"
2022-02-18 00:00:00+00:00,211.153358524,214.0392242567,208.5937210915,209.5640411639,35631,0.0,0.0,0.0,0.0,0.0,0.0,0.0,0.0,,,,,,,,219.97750755341676,235.15881865989084,,,,,,,,,,,,239.92885620399227,"rgba(239, 83, 80, 0.5)"
2022-02-22 00:00:00+00:00,209.2629073484,213.5582466346,204.5451442375,210.4088888132,46300,0.0,0.0,0.0,0.0,0.0,0.0,0.0,0.0,,,,,,,,219.6900268450831,234.85196905400568,,,,,,,,,,,,239.61785732040954,"rgba(239, 83, 80, 0.5)"
2022-02-23 00:00:00+00:00,200.5383915245,212.1947796362,200.4631080707,209.8986342924,57085,0.0,0.0,0.0,0.0,0.0,0.0,0.0,0.0,,,,,,,,219.20653044541615,234.4158065906432,,,,,,,,,,,,239.18488520915145,"rgba(239, 83, 80, 0.5)"
2022-02-24 00:00:00+00:00,201.8683992101,203.1231234417,192.5081564422,193.6039489378,74684,0.0,0.0,0.0,0.0,0.0,0.0,0.0,0.0,,,,,,,,218.4104653995856,233.7674586048442,,,,,,,,,,,,238.5514288915148,"rgba(239, 83, 80, 0.5)"
2022-02-25 00:00:00+00:00,207.6568603319,208.2925872759,203.38711742,203.8341338396,39528,0.0,0.0,0.0,0.0,0.0,0.0,0.0,0.0,,,,,,,,218.1640866900328,233.50404410847548,,,,,,,,,,,,238.28468366368153,"rgba(239, 83, 80, 0.5)"
2022-02-28 00:00:00+00:00,201.2744964071,206.3937712721,197.89510581,204.9717504762,92718,0.0,0.0,0.0,0.0,0.0,0.0,0.0,0.0,,,,,,,,217.41261952212045,232.8041320384023,,,,,,,,,,,,237.58829674950027,"rgba(239, 83, 80, 0.5)"
2022-03-01 00:00:00+00:00,193.5621247968,202.3702889027,190.5256921563,199.7102735317,61650,0.0,0.0,0.0,0.0,0.0,0.0,0.0,0.0,,,,,,,,216.76084024888812,232.26334726421362,,,,,,,,,,,,237.05987834379792,"rgba(239, 83, 80, 1.0)"
2022-03-02 00:00:00+00:00,200.8311605119,202.5375854669,195.0510642183,195.9628304933,44797,0.0,0.0,0.0,0.0,0.0,0.0,0.0,0.0,,,,,,,,216.39533075494714,231.9216715382968,,,,,,,,,,,,236.7201914857599,"rgba(239, 83, 80, 0.5)"
2022-03-03 00:00:00+00:00,196.3225181063,202.939097221,194.6662821206,202.9056379082,48135,0.0,0.0,0.0,0.0,0.0,0.0,0.0,0.0,,,,,,,,215.9861686952289,231.54580557463433,,,,,,,,,,,,236.34757024193792,"rgba(239, 83, 80, 0.5)"
2022-03-04 00:00:00+00:00,184.3440841085,193.6290434225,182.2110529148,193.6290434225,69450,0.0,0.0,0.0,0.0,0.0,0.0,0.0,0.0,,,,,,,,215.0775590060946,230.84107011488464,,,,,,,,,,,,235.66846133798475,"rgba(239, 83, 80, 1.0)"
2022-03-07 00:00:00+00:00,172.9260936009,185.4649710888,172.9260936009,183.44904749,80108,0.0,0.0,0.0,0.0,0.0,0.0,0.0,0.0,,,,,,,,213.76441672907086,229.8838024922808,,,,,,,,,,,,234.7583186516702,"rgba(239, 83, 80, 1.0)"
2022-03-08 00:00:00+00:00,172.3572852825,178.6141767842,170.4417396223,175.2682454999,80007,0.0,0.0,0.0,0.0,0.0,0.0,0.0,0.0,,,,,,,,212.43033854522443,228.90347832449362,,,,,,,,,,,,233.82666909044565,"rgba(239, 83, 80, 1.0)"
2022-03-09 00:00:00+00:00,181.5585963144,183.9342075262,177.259074614,178.0955574351,44524,0.0,0.0,0.0,0.0,0.0,0.0,0.0,0.0,,,,,,,,211.85553758367018,228.4411566369324,,,,,,,,,,,,233.380426138756,"rgba(239, 83, 80, 1.0)"
2022-03-10 00:00:00+00:00,177.9031663863,181.2072735295,174.4819516481,178.6894602381,48941,0.0,0.0,0.0,0.0,0.0,0.0,0.0,0.0,,,,,,,,211.18741889109305,227.91114563645206,,,,,,,,,,,,232.8704731257674,"rgba(239, 83, 80, 1.0)"
2022-03-11 00:00:00+00:00,177.0332242523,182.1943232584,176.3138490262,181.0148824807,35075,0.0,0.0,0.0,0.0,0.0,0.0,0.0,0.0,,,,,,,,210.73354888053686,227.54292292707163,,,,,,,,,,,,232.51497465299653,"rgba(239, 83, 80, 0.75)"
2022-03-14 00:00:00+00:00,178.7145547227,184.3524489367,177.4263711782,179.0073237101,42231,0.0,0.0,0.0,0.0,0.0,0.0,0.0,0.0,,,,,,,,210.23068909469458,227.121477685941,,,,,,,,,,,,232.10596543610822,"rgba(239, 83, 80, 0.75)"
2022-03-15 00:00:00+00:00,182.5205515586,184.1349634033,179.2248092436,179.2248092436,58217,0.0,0.0,0.0,0.0,0.0,0.0,0.0,0.0,,,,,,,,209.60381669305755,226.57439548084474,,,,,,,,,,,,231.57163102867236,"rgba(239, 83, 80, 0.75)"
2022-03-16 00:00:00+00:00,193.5203006557,196.0883029164,182.7419685613,186.3432780509,58375,0.0,0.0,0.0,0.0,0.0,0.0,0.0,0.0,,,,,,,,209.19446418690066,226.14486764456908,,,,,,,,,,,,231.14043665479403,"rgba(239, 83, 80, 0.5)"
2022-03-17 00:00:00+00:00,198.0456727177,198.6981293182,186.9120863692,193.0602351041,44135,0.0,0.0,0.0,0.0,0.0,0.0,0.0,0.0,,,,,,,,208.95756759396312,225.86078674575592,,,,,,,,,,,,230.85031331827955,#000000
2022-03-18 00:00:00+00:00,199.5095176546,199.8775700959,194.206216569,197.5270533687,101995,0.0,0.0,0.0,0.0,0.0,0.0,0.0,0.0,,,,,,,,208.55775908677055,225.29086206685628,,,,,,,,,,,,230.25673784570074,#000000
2022-03-21 00:00:00+00:00,200.6471342913,204.5786035503,199.1707421121,202.7132468593,71821,0.0,0.0,0.0,0.0,0.0,0.0,0.0,0.0,,,,,,,,208.38222111815878,224.95415910839694,,,,,,,,,,,,229.89648086741232,"rgba(38, 166, 154, 1.0)"
2022-03-22 00:00:00+00:00,203.415892429,207.8160430127,202.4162954579,202.7467061722,45689,0.0,0.0,0.0,0.0,0.0,0.0,0.0,0.0,,,,,,,,208.32280847056145,224.77235159478235,,,,,,,,,,,,229.69631194459885,"rgba(38, 166, 154, 1.0)"
2022-03-23 00:00:00+00:00,199.0578169312,203.8550459101,197.8030926996,202.1946275103,35239,0.0,0.0,0.0,0.0,0.0,0.0,0.0,0.0,,,,,,,,208.2272989462628,224.60490311232596,,,,,,,,,,,,229.5179747908884,"rgba(38, 166, 154, 1.0)"
2022-03-24 00:00:00+00:00,202.1611681974,203.495358297,199.4425990289,201.1406591557,27807,0.0,0.0,0.0,0.0,0.0,0.0,0.0,0.0,,,,,,,,208.16700615729928,224.48220158229236,,,,,,,,,,,,229.38571299043582,"rgba(38, 166, 154, 1.0)"
2022-03-25 00:00:00+00:00,204.5451442375,204.7542649428,202.8638137671,203.7755800421,30168,0.0,0.0,0.0,0.0,0.0,0.0,0.0,0.0,,,,,,,,208.1262032761778,224.36416595025315,,,,,,,,,,,,229.2557200073256,"rgba(38, 166, 154, 1.0)"
2022-03-28 00:00:00+00:00,200.9482681069,203.8675931524,198.7901424285,203.8675931524,23912,0.0,0.0,0.0,0.0,0.0,0.0,0.0,0.0,,,,,,,,208.07217617139457,224.25856795272023,,,,,,,,,,,,229.14207267777468,"rgba(38, 166, 154, 1.0)"
2022-03-29 00:00:00+00:00,206.9207554494,208.5895386774,203.8592283242,203.8592283242,44062,0.0,0.0,0.0,0.0,0.0,0.0,0.0,0.0,,,,,,,,208.04927578183202,224.11026086856964,,,,,,,,,,,,228.9739846308851,"rgba(38, 166, 154, 1.0)"
2022-03-30 00:00:00+00:00,202.8721785953,206.9960389032,202.0524254307,206.1010022847,29543,0.0,0.0,0.0,0.0,0.0,0.0,0.0,0.0,,,,,,,,208.01090696971337,223.99840687752945,,,,,,,,,,,,228.85039757070376,"rgba(38, 166, 154, 1.0)"
2022-03-31 00:00:00+00:00,200.7475122298,205.6158422485,200.5383915245,203.3322441469,30987,0.0,0.0,0.0,0.0,0.0,0.0,0.0,0.0,,,,,,,,207.95507387914188,223.87272256364338,,,,,,,,,,,,228.7134463711168,"rgba(38, 166, 154, 1.0)"
2022-04-01 00:00:00+00:00,200.5300266963,204.8713725377,199.1832893544,202.5375854669,38162,0.0,0.0,0.0,0.0,0.0,0.0,0.0,0.0,,,,,,,,207.87860550128153,223.71445211269415,,,,,,,,,,,,228.54183797678903,"rgba(38, 166, 154, 0.75)"
2022-04-04 00:00:00+00:00,198.7734127721,202.6714227183,198.4806437847,200.9064439658,34965,0.0,0.0,0.0,0.0,0.0,0.0,0.0,0.0,,,,,,,,207.79337517842598,223.5613820966468,,,,,,,,,,,,228.37756608150846,"rgba(38, 166, 154, 0.75)"
2022-04-05 00:00:00+00:00,194.1142034587,200.7056880888,193.5119358275,199.2669376365,39574,0.0,0.0,0.0,0.0,0.0,0.0,0.0,0.0,,,,,,,,207.65250110272507,223.36250012403093,,,,,,,,,,,,228.1689150620552,#000000
2022-04-06 00:00:00+00:00,184.9881758808,193.7043268764,184.9881758808,193.7043268764,31253,0.0,0.0,0.0,0.0,0.0,0.0,0.0,0.0,,,,,,,,207.46611450398004,223.16071320313912,,,,,,,,,,,,227.9642840469953,"rgba(239, 83, 80, 0.5)"
2022-04-07 00:00:00+00:00,182.6209294971,186.2345352842,178.6141767842,186.0421442353,65705,0.0,0.0,0.0,0.0,0.0,0.0,0.0,0.0,,,,,,,,206.98042781104502,222.68001667893688,,,,,,,,,,,,227.48367558901725,"rgba(239, 83, 80, 0.5)"
2022-04-08 00:00:00+00:00,170.4751989351,178.4134209071,165.0464254263,174.0888047222,112236,0.0,0.0,0.0,0.0,0.0,0.0,0.0,0.0,,,,,,,,205.83370295558007,221.6634487727745,,,,,,,,,,,,226.48756523404887,"rgba(239, 83, 80, 1.0)"
2022-04-11 00:00:00+00:00,166.3680682836,174.1138992068,165.7825303089,170.4751989351,57590,0.0,0.0,0.0,0.0,0.0,0.0,0.0,0.0,,,,,,,,205.23196559203475,221.13159232141578,,,,,,,,,,,,225.96698128677443,"rgba(239, 83, 80, 1.0)"
2022-04-12 00:00:00+00:00,165.8578137628,169.3877712677,164.9878716289,167.4973200921,48623,0.0,0.0,0.0,0.0,0.0,0.0,0.0,0.0,,,,,,,,204.7117487011125,220.67388455487048,,,,,,,,,,,,225.51951922758656,"rgba(239, 83, 80, 1.0)"
2022-04-13 00:00:00+00:00,173.1603087908,173.6914753821,166.0167454988,166.0167454988,40243,0.0,0.0,0.0,0.0,0.0,0.0,0.0,0.0,,,,,,,,204.3383029119245,220.3299803310131,,,,,,,,,,,,225.18043178648338,"rgba(239, 83, 80, 1.0)"
2022-04-14 00:00:00+00:00,169.8060126782,173.9799783071,169.8060126782,173.1519439625,34675,0.0,0.0,0.0,0.0,0.0,0.0,0.0,0.0,,,,,,,,204.02536866759056,220.03888051317313,,,,,,,,,,,,224.89290697045521,"rgba(239, 83, 80, 1.0)"
2022-04-18 00:00:00+00:00,166.1422179219,168.7269498391,165.6235985729,168.1330470361,33570,0.0,0.0,0.0,0.0,0.0,0.0,0.0,0.0,,,,,,,,203.6884316291098,219.73542204064765,,,,,,,,,,,,224.59504804823513,"rgba(239, 83, 80, 1.0)"
2022-04-19 00:00:00+00:00,175.3267992973,175.749223122,166.6692020992,166.6692020992,38756,0.0,0.0,0.0,0.0,0.0,0.0,0.0,0.0,,,,,,,,203.36647772485577,219.42697847263784,,,,,,,,,,,,224.28881202606692,"rgba(239, 83, 80, 0.75)"
2022-04-20 00:00:00+00:00,175.4439068923,178.5807174713,174.5363230314,177.9031663863,30637,0.0,0.0,0.0,0.0,0.0,0.0,0.0,0.0,,,,,,,,203.14590605539024,219.20453834156487,,,,,,,,,,,,224.0659715522619,"rgba(239, 83, 80, 0.75)"
2022-04-21 00:00:00+00:00,170.2242540888,178.8149326612,169.2539340163,178.8149326612,26607,0.0,0.0,0.0,0.0,0.0,0.0,0.0,0.0,,,,,,,,202.9332794645038,218.9979836915569,,,,,,,,,,,,223.8603970470646,"rgba(239, 83, 80, 0.75)"
2022-04-22 00:00:00+00:00,164.4859819362,170.6508603275,163.7666067101,168.9695298572,84277,0.0,0.0,0.0,0.0,0.0,0.0,0.0,0.0,,,,,,,,202.13883953381085,218.26589585187563,,,,,,,,,,,,223.13897571938168,"rgba(239, 83, 80, 0.75)"
2022-04-25 00:00:00+00:00,165.1384385366,165.7239765114,159.5758277765,163.2647170174,67170,0.0,0.0,0.0,0.0,0.0,0.0,0.0,0.0,,,,,,,,201.48197169322518,217.66591682378248,,,,,,,,,,,,222.54890592373027,"rgba(239, 83, 80, 0.75)"
2022-04-26 00:00:00+00:00,154.7744163835,164.4023336541,153.7580897559,164.4023336541,55492,0.0,0.0,0.0,0.0,0.0,0.0,0.0,0.0,,,,,,,,200.87514474048768,217.12775958393038,,,,,,,,,,,,222.02287009915514,"rgba(239, 83, 80, 1.0)"
2022-04-27 00:00:00+00:00,152.5995610487,157.5569764878,151.9178275496,154.7827812117,64050,0.0,0.0,0.0,0.0,0.0,0.0,0.0,0.0,,,,,,,,200.13835885968592,216.48140123883954,,,,,,,,,,,,221.39265948831914,"rgba(239, 83, 80, 1.0)"
2022-04-28 00:00:00+00:00,155.1675633094,156.3144539948,148.4970446911,156.3144539948,62470,0.0,0.0,0.0,0.0,0.0,0.0,0.0,0.0,,,,,,,,199.4311833907219,215.85670799230306,,,,,,,,,,,,220.78289032257388,"rgba(239, 83, 80, 1.0)"
2022-04-29 00:00:00+00:00,149.3993778038,159.7888581297,148.699437165,159.5105684781,58160,0.0,0.0,0.0,0.0,0.0,0.0,0.0,0.0,,,,,,,,198.78206889080488,215.27976031537713,,,,,,,,,,,,220.21916410647123,"rgba(239, 83, 80, 1.0)"
2022-05-02 00:00:00+00:00,151.676293135,153.0382258238,147.6874747955,150.1077514624,75465,0.0,0.0,0.0,0.0,0.0,0.0,0.0,0.0,,,,,,,,197.93385516414793,214.52526108007527,,,,,,,,,,,,219.4820424201373,"rgba(239, 83, 80, 1.0)"
2022-05-03 00:00:00+00:00,149.9475240872,153.0508753534,146.6164812879,150.6896298248,150293,0.0,0.0,0.0,0.0,0.0,0.0,0.0,0.0,,,,,,,,196.29928962144695,213.0528765218725,,,,,,,,,,,,218.04044853918623,"rgba(239, 83, 80, 1.0)"
2022-05-04 00:00:00+00:00,155.0579340527,156.0277313234,147.1561945516,151.1112808121,69251,0.0,0.0,0.0,0.0,0.0,0.0,0.0,0.0,,,,,,,,195.62733339316193,212.42663810918057,,,,,,,,,,,,217.42328657633254,"rgba(239, 83, 80, 0.75)"
2022-05-05 00:00:00+00:00,148.5898079083,155.412120882,145.5033226816,152.4268318923,50675,0.0,0.0,0.0,0.0,0.0,0.0,0.0,0.0,,,,,,,,195.11610289884302,211.95459908951514,,,,,,,,,,,,216.95901027875334,"rgba(239, 83, 80, 0.75)"
2022-05-06 00:00:00+00:00,147.3923191045,149.5258731,143.3613356663,148.2271880592,102774,0.0,0.0,0.0,0.0,0.0,0.0,0.0,0.0,,,,,,,,194.04546314027874,210.97246213365625,,,,,,,,,,,,215.99447414538088,"rgba(239, 83, 80, 0.75)"
2022-05-09 00:00:00+00:00,143.5215630415,145.8912415898,139.4526310145,145.6719830765,80601,0.0,0.0,0.0,0.0,0.0,0.0,0.0,0.0,,,,,,,,193.1734759532695,210.17825252094605,,,,,,,,,,,,215.21581800968323,"rgba(239, 83, 80, 0.75)"
2022-05-10 00:00:00+00:00,144.5503914504,147.2320917293,140.3170155384,147.2320917293,56589,0.0,0.0,0.0,0.0,0.0,0.0,0.0,0.0,,,,,,,,192.59160351101312,209.6404052199306,,,,,,,,,,,,214.68698788955226,"rgba(239, 83, 80, 0.75)"
2022-05-11 00:00:00+00:00,139.5074456428,146.1357991625,139.1279597543,143.57216116,59220,0.0,0.0,0.0,0.0,0.0,0.0,0.0,0.0,,,,,,,,191.96735405068557,209.06622794170696,,,,,,,,,,,,214.12307491284795,"rgba(239, 83, 80, 1.0)"
2022-05-12 00:00:00+00:00,143.0830460147,143.7070894759,136.028824998,137.8545737728,67112,0.0,0.0,0.0,0.0,0.0,0.0,0.0,0.0,,,,,,,,191.26922965367302,208.42097027121042,,,,,,,,,,,,213.4887977638459,"rgba(239, 83, 80, 1.0)"
2022-05-13 00:00:00+00:00,145.8153444121,149.5638216888,144.4238961542,146.1357991625,74005,0.0,0.0,0.0,0.0,0.0,0.0,0.0,0.0,,,,,,,,190.60535941892942,207.7819806679619,,,,,,,,,,,,212.85559456200815,"rgba(239, 83, 80, 0.75)"
2022-05-16 00:00:00+00:00,144.4491952134,146.679728936,141.4976383027,144.3732980357,71560,0.0,0.0,0.0,0.0,0.0,0.0,0.0,0.0,,,,,,,,189.9480312044332,207.15286740007545,,,,,,,,,,,,212.23290995359397,"rgba(239, 83, 80, 0.75)"
2022-05-17 00:00:00+00:00,152.6798224846,153.1605046101,148.6741381057,149.0873560732,83714,0.0,0.0,0.0,0.0,0.0,0.0,0.0,0.0,,,,,,,,189.32126517702528,206.51602179656223,,,,,,,,,,,,211.59526143587289,"rgba(239, 83, 80, 0.5)"
2022-05-18 00:00:00+00:00,147.5778455389,150.4029071535,146.3128925771,149.1548202312,103461,0.0,0.0,0.0,0.0,0.0,0.0,0.0,0.0,,,,,,,,188.5070406158708,205.70129678763044,,,,,,,,,,,,210.78181943409834,"rgba(239, 83, 80, 0.5)"
2022-05-19 00:00:00+00:00,149.6355023567,152.6545234254,147.0044001962,147.0044001962,76202,0.0,0.0,0.0,0.0,0.0,0.0,0.0,0.0,,,,,,,,187.95151704854538,205.1325618334071,,,,,,,,,,,,210.21148067964248,"rgba(239, 83, 80, 0.5)"
2022-05-20 00:00:00+00:00,154.7880774209,155.0291774554,150.2173807191,152.966545156,53074,0.0,0.0,0.0,0.0,0.0,0.0,0.0,0.0,,,,,,,,187.6093194549531,204.76840203069696,,,,,,,,,,,,209.84365971051696,#000000
2022-05-23 00:00:00+00:00,153.8435792095,157.3432824037,153.691784854,157.1746220088,48251,0.0,0.0,0.0,0.0,0.0,0.0,0.0,0.0,,,,,,,,187.3184249864555,204.4520074409069,,,,,,,,,,,,209.52280825841606,#000000
2022-05-24 00:00:00+00:00,152.8822149585,153.4725263407,147.805537072,152.2497384776,59880,0.0,0.0,0.0,0.0,0.0,0.0,0.0,0.0,,,,,,,,186.9254792502124,204.03695974551115,,,,,,,,,,,,209.10407354863383,#000000
2022-05-25 00:00:00+00:00,155.4627190005,157.3601484432,152.1485422407,153.0761744127,45618,0.0,0.0,0.0,0.0,0.0,0.0,0.0,0.0,,,,,,,,186.6616192816922,203.74644372066376,,,,,,,,,,,,208.8087637719146,#000000
2022-05-26 00:00:00+00:00,161.7031536119,163.0144881822,156.702372903,156.702372903,34455,0.0,0.0,0.0,0.0,0.0,0.0,0.0,0.0,,,,,,,,186.49920371465535,203.55371003881834,,,,,,,,,,,,208.61035241336688,"rgba(38, 166, 154, 1.0)"
2022-05-27 00:00:00+00:00,163.5668509755,164.5282152265,161.6905040823,162.9006424157,43293,0.0,0.0,0.0,0.0,0.0,0.0,0.0,0.0,,,,,,,,186.319523012738,203.3294775504014,,,,,,,,,,,,208.377653133466,"rgba(38, 166, 154, 1.0)"
2022-05-31 00:00:00+00:00,162.4705584087,164.443885029,160.4213346106,162.2512998953,47951,0.0,0.0,0.0,0.0,0.0,0.0,0.0,0.0,,,,,,,,186.11679150553377,203.07901187842867,,,,,,,,,,,,208.11807391683647,"rgba(38, 166, 154, 1.0)"
2022-06-01 00:00:00+00:00,159.8057241692,162.5365889533,157.0312606731,162.4789914284,49366,0.0,0.0,0.0,0.0,0.0,0.0,0.0,0.0,,,,,,,,185.88864195411836,202.80770674464185,,,,,,,,,,,,207.83852974398172,"rgba(38, 166, 154, 1.0)"
2022-06-02 00:00:00+00:00,164.5197822067,164.8486699768,159.0045872934,159.5021354584,48517,0.0,0.0,0.0,0.0,0.0,0.0,0.0,0.0,,,,,,,,185.69357157119308,202.56272564384307,,,,,,,,,,,,207.5838839195605,"rgba(38, 166, 154, 1.0)"
2022-06-03 00:00:00+00:00,162.4283933099,164.4270189895,160.9441818348,162.3440631125,40218,0.0,0.0,0.0,0.0,0.0,0.0,0.0,0.0,,,,,,,,185.53302010215137,202.36094657963702,,,,,,,,,,,,207.37407681587354,"rgba(38, 166, 154, 1.0)"
2022-06-06 00:00:00+00:00,166.4678097678,167.6568655519,163.684913252,163.684913252,40031,0.0,0.0,0.0,0.0,0.0,0.0,0.0,0.0,,,,,,,,185.39834726625378,202.17880422396303,,,,,,,,,,,,207.18259811965174,"rgba(38, 166, 154, 1.0)"
2022-06-07 00:00:00+00:00,164.1571623577,165.9365295239,162.8331782577,164.1402963182,33485,0.0,0.0,0.0,0.0,0.0,0.0,0.0,0.0,,,,,,,,185.27780754116992,202.0210601837623,,,,,,,,,,,,207.0175178291932,"rgba(38, 166, 154, 1.0)"
2022-06-08 00:00:00+00:00,161.2224714864,163.4572217188,160.4887987686,162.1585366781,29521,0.0,0.0,0.0,0.0,0.0,0.0,0.0,0.0,,,,,,,,185.1597084152254,201.87361377967025,,,,,,,,,,,,206.86428171521908,"rgba(38, 166, 154, 0.75)"
2022-06-09 00:00:00+00:00,158.4395749705,162.5801876654,157.5709739368,159.4937024387,40515,0.0,0.0,0.0,0.0,0.0,0.0,0.0,0.0,,,,,,,,184.9845584087687,201.6620491563067,,,,,,,,,,,,206.64552549042176,"rgba(38, 166, 154, 0.75)"
2022-06-10 00:00:00+00:00,153.4809593604,155.2771925661,147.5778455389,154.9145727171,39324,0.0,0.0,0.0,0.0,0.0,0.0,0.0,0.0,,,,,,,,184.7679502385128,201.4229144803732,,,,,,,,,,,,206.40199768478092,#000000
2022-06-13 00:00:00+00:00,145.0901047141,149.424676863,143.470964923,148.1765899408,69543,0.0,0.0,0.0,0.0,0.0,0.0,0.0,0.0,,,,,,,,184.3213370475718,200.95385287441601,,,,,,,,,,,,205.92868311614703,"rgba(239, 83, 80, 0.5)"
2022-06-14 00:00:00+00:00,148.7247362242,149.492141021,144.2763183087,146.6839454459,56977,0.0,0.0,0.0,0.0,0.0,0.0,0.0,0.0,,,,,,,,183.9770675360509,200.58576956291225,,,,,,,,,,,,205.55597021894917,"rgba(239, 83, 80, 0.5)"
2022-06-15 00:00:00+00:00,150.6137326471,153.4134952025,147.6284436573,149.7788636923,51076,0.0,0.0,0.0,0.0,0.0,0.0,0.0,0.0,,,,,,,,183.6992634228812,200.27882659598436,,,,,,,,,,,,205.2432417507776,"rgba(239, 83, 80, 0.5)"
2022-06-16 00:00:00+00:00,142.0457845861,145.3599613459,140.2369018508,145.3599613459,61136,0.0,0.0,0.0,0.0,0.0,0.0,0.0,0.0,,,,,,,,183.29390992728116,199.85799586439273,,,,,,,,,,,,204.81945748232658,"rgba(239, 83, 80, 0.5)"
2022-06-17 00:00:00+00:00,143.9094819498,146.4309548535,142.4590025536,142.4590025536,90889,0.0,0.0,0.0,0.0,0.0,0.0,0.0,0.0,,,,,,,,182.73064001673893,199.26200725831598,,,,,,,,,,,,204.21701650045642,"rgba(239, 83, 80, 0.5)"
2022-06-21 00:00:00+00:00,148.2440540987,148.8596645401,147.1224624726,147.5525464796,41527,0.0,0.0,0.0,0.0,0.0,0.0,0.0,0.0,,,,,,,,182.5036115208732,199.01250013894418,,,,,,,,,,,,203.96296982827417,"rgba(239, 83, 80, 0.5)"
2022-06-22 00:00:00+00:00,147.7633719733,149.8800599293,146.017736886,146.017736886,44192,0.0,0.0,0.0,0.0,0.0,0.0,0.0,0.0,,,,,,,,182.26395394483816,198.74866675320564,,,,,,,,,,,,203.69423022103973,"rgba(239, 83, 80, 0.5)"
2022-06-23 00:00:00+00:00,154.256797177,154.256797177,147.5862785586,147.5862785586,66677,0.0,0.0,0.0,0.0,0.0,0.0,0.0,0.0,,,,,,,,181.95143641882044,198.38774214220558,,,,,,,,,,,,203.32336081785266,"rgba(239, 83, 80, 0.5)"
2022-06-24 00:00:00+00:00,160.4466336699,162.9765395934,154.353776904,155.7072765731,210808,0.0,0.0,0.0,0.0,0.0,0.0,0.0,0.0,,,,,,,,181.23322606916267,197.45473965738748,,,,,,,,,,,,202.34542495660247,#000000
2022-06-27 00:00:00+00:00,158.3721108126,161.7115866316,156.4030007021,161.7115866316,51409,0.0,0.0,0.0,0.0,0.0,0.0,0.0,0.0,,,,,,,,181.06162696011748,197.23143453139517,,,,,,,,,,,,202.1111721196717,#000000
2022-06-28 00:00:00+00:00,155.7916067706,161.829648908,155.0579340527,160.143044959,49902,0.0,0.0,0.0,0.0,0.0,0.0,0.0,0.0,,,,,,,,180.88818748408153,197.01004857723854,,,,,,,,,,,,201.87958851598717,#000000
2022-06-29 00:00:00+00:00,151.7437572929,156.9806625546,150.5631345286,156.9806625546,39979,0.0,0.0,0.0,0.0,0.0,0.0,0.0,0.0,,,,,,,,180.72483568319066,196.8145917626406,,,,,,,,,,,,201.67727251622478,#000000
2022-06-30 00:00:00+00:00,144.2215036803,148.201889,140.1483551434,148.201889,87853,0.0,0.0,0.0,0.0,0.0,0.0,0.0,0.0,,,,,,,,180.2589810672385,196.3048767801661,,,,,,,,,,,,201.15810541085028,"rgba(239, 83, 80, 0.5)"
2022-07-01 00:00:00+00:00,146.5237180707,147.7296398943,140.9832240982,143.1252111135,59772,0.0,0.0,0.0,0.0,0.0,0.0,0.0,0.0,,,,,,,,179.95640314401422,195.9695079978038,,,,,,,,,,,,200.815635131246,"rgba(239, 83, 80, 0.5)"
2022-07-05 00:00:00+00:00,151.17874497,151.3980034834,141.8602581517,144.727484865,62361,0.0,0.0,0.0,0.0,0.0,0.0,0.0,0.0,,,,,,,,179.67349256159773,195.64506721238706,,,,,,,,,,,,200.48217742208118,"rgba(239, 83, 80, 0.5)"
2022-07-06 00:00:00+00:00,147.7971040522,150.8245581407,146.5405841102,150.8245581407,51990,0.0,0.0,0.0,0.0,0.0,0.0,0.0,0.0,,,,,,,,179.44322903230454,195.3792883071396,,,,,,,,,,,,200.208655418304,"rgba(239, 83, 80, 0.5)"
2022-07-07 00:00:00+00:00,151.8533865496,152.5954922872,149.5427391395,149.6776674554,37788,0.0,0.0,0.0,0.0,0.0,0.0,0.0,0.0,,,,,,,,179.29364215564848,195.19996184638248,,,,,,,,,,,,200.0228353761141,#000000
2022-07-08 00:00:00+00:00,147.5356804401,152.3003365961,147.0044001962,152.3003365961,52647,0.0,0.0,0.0,0.0,0.0,0.0,0.0,0.0,,,,,,,,179.0703278391857,194.9390969951701,,,,,,,,,,,,199.75373101815075,"rgba(239, 83, 80, 0.5)"
2022-07-11 00:00:00+00:00,141.2446477103,145.3852604051,140.3676136568,145.3852604051,51613,0.0,0.0,0.0,0.0,0.0,0.0,0.0,0.0,,,,,,,,178.8071919032937,194.64982582963802,,,,,,,,,,,,199.4586616921137,"rgba(239, 83, 80, 0.5)"
2022-07-12 00:00:00+00:00,145.5117557013,146.3803567351,141.421741125,141.421741125,66028,0.0,0.0,0.0,0.0,0.0,0.0,0.0,0.0,,,,,,,,178.49512734412636,194.29907709195814,,,,,,,,,,,,199.0993252980733,"rgba(239, 83, 80, 0.5)"
2022-07-13 00:00:00+00:00,146.1400156723,146.5658831695,141.421741125,142.2987751784,74389,0.0,0.0,0.0,0.0,0.0,0.0,0.0,0.0,,,,,,,,178.15301345298505,193.91185628058005,,,,,,,,,,,,198.70204984393487,"rgba(239, 83, 80, 0.5)"
2022-07-14 00:00:00+00:00,148.6151069675,149.1042221127,141.6409996383,144.4154631345,66753,0.0,0.0,0.0,0.0,0.0,0.0,0.0,0.0,,,,,,,,177.86756868820237,193.5816323074452,,,,,,,,,,,,198.36182086179966,"rgba(239, 83, 80, 0.5)"
2022-07-15 00:00:00+00:00,152.2328724381,153.1605046101,145.8912415898,151.3221063057,109688,0.0,0.0,0.0,0.0,0.0,0.0,0.0,0.0,,,,,,,,177.46748382764378,193.09381005243918,,,,,,,,,,,,197.85435968538619,#000000
2022-07-18 00:00:00+00:00,149.9643901267,154.189333019,149.5764712184,153.2111027286,51894,0.0,0.0,0.0,0.0,0.0,0.0,0.0,0.0,,,,,,,,177.28782402455644,192.8711780423612,,,,,,,,,,,,197.6220651816755,#000000
2022-07-19 00:00:00+00:00,155.7325756324,157.5611073037,152.4605639713,152.4605639713,59311,0.0,0.0,0.0,0.0,0.0,0.0,0.0,0.0,,,,,,,,177.11661677926946,192.64383090638046,,,,,,,,,,,,197.38208942182268,#000000
2022-07-20 00:00:00+00:00,159.7972911495,160.0334157023,155.9687001852,155.9687001852,45817,0.0,0.0,0.0,0.0,0.0,0.0,0.0,0.0,,,,,,,,177.00614781075544,192.48563943686298,,,,,,,,,,,,197.213149958161,"rgba(38, 166, 154, 1.0)"
2022-07-21 00:00:00+00:00,161.5682252959,162.4705584087,158.9624221947,160.0924468406,57777,0.0,0.0,0.0,0.0,0.0,0.0,0.0,0.0,,,,,,,,176.886632587719,192.30222224224826,,,,,,,,,,,,197.01531256804472,"rgba(38, 166, 154, 1.0)"
2022-07-22 00:00:00+00:00,160.3791695119,163.6005830545,158.3974098718,161.3911318813,34943,0.0,0.0,0.0,0.0,0.0,0.0,0.0,0.0,,,,,,,,176.81427796736443,192.19159630101507,,,,,,,,,,,,196.8960228460537,"rgba(38, 166, 154, 1.0)"
2022-07-25 00:00:00+00:00,162.9681065736,162.9849726131,160.2695402552,161.9477111845,32466,0.0,0.0,0.0,0.0,0.0,0.0,0.0,0.0,,,,,,,,176.75296482498882,192.0936738149123,,,,,,,,,,,,196.78980127624183,"rgba(38, 166, 154, 1.0)"
2022-07-26 00:00:00+00:00,160.9863469335,163.583717015,160.244241196,161.863380987,39579,0.0,0.0,0.0,0.0,0.0,0.0,0.0,0.0,,,,,,,,176.67653652100023,191.97330195943061,,,,,,,,,,,,196.65944160684657,"rgba(38, 166, 154, 1.0)"
2022-07-27 00:00:00+00:00,165.3462181417,165.9280965042,160.8345525781,161.6356894539,48484,0.0,0.0,0.0,0.0,0.0,0.0,0.0,0.0,,,,,,,,176.59889275744482,191.83883939718464,,,,,,,,,,,,196.51204814300058,"rgba(38, 166, 154, 1.0)"
2022-07-28 00:00:00+00:00,171.9324065626,172.0555916548,161.0156587401,165.9005848085,35387,0.0,0.0,0.0,0.0,0.0,0.0,0.0,0.0,,,,,,,,176.5620067379877,191.75656004985206,,,,,,,,,,,,196.419435511608,"rgba(38, 166, 154, 1.0)"
2022-07-29 00:00:00+00:00,175.27964286,176.2396370265,170.301266032,170.301266032,60283,0.0,0.0,0.0,0.0,0.0,0.0,0.0,0.0,,,,,,,,176.5422225256909,191.65094346976636,,,,,,,,,,,,196.29427251669657,"rgba(38, 166, 154, 1.0)"
2022-08-01 00:00:00+00:00,173.8014217541,176.2056549321,169.8679943285,172.8669141584,44500,0.0,0.0,0.0,0.0,0.0,0.0,0.0,0.0,,,,,,,,176.52421631696637,191.57095331896014,,,,,,,,,,,,196.2001151200406,"rgba(38, 166, 154, 1.0)"
2022-08-02 00:00:00+00:00,172.3911648369,174.68920397,169.5706510026,172.1872722706,64429,0.0,0.0,0.0,0.0,0.0,0.0,0.0,0.0,,,,,,,,176.48994617214365,191.44963079656483,,,,,,,,,,,,196.0588163281124,"rgba(38, 166, 154, 1.0)"
2022-08-03 00:00:00+00:00,176.2566280737,177.5904252785,170.301266032,173.7334575653,48015,0.0,0.0,0.0,0.0,0.0,0.0,0.0,0.0,,,,,,,,176.47949025077455,191.37182163814694,,,,,,,,,,,,195.96551766527278,"rgba(38, 166, 154, 1.0)"
2022-08-04 00:00:00+00:00,176.4010519748,177.5861775167,172.031549323,177.2166222402,47044,0.0,0.0,0.0,0.0,0.0,0.0,0.0,0.0,,,,,,,,176.47294479333388,191.29911226282525,,,,,,,,,,,,195.8775525527663,"rgba(38, 166, 154, 1.0)"
2022-08-05 00:00:00+00:00,174.2516845047,184.2509157788,170.9469258254,175.1776965768,70704,0.0,0.0,0.0,0.0,0.0,0.0,0.0,0.0,,,,,,,,176.47303232842864,191.19880896259457,,,,,,,,,,,,195.7540324038968,"rgba(38, 166, 154, 1.0)"
2022-08-08 00:00:00+00:00,176.375565404,178.2785626898,174.3876128823,176.2566280737,38773,0.0,0.0,0.0,0.0,0.0,0.0,0.0,0.0,,,,,,,,176.47244488702157,191.1438758377583,,,,,,,,,,,,195.68648839641347,"rgba(38, 166, 154, 1.0)"
2022-08-09 00:00:00+00:00,173.5380605225,176.0952131253,169.7023316184,176.0952131253,63726,0.0,0.0,0.0,0.0,0.0,0.0,0.0,0.0,,,,,,,,176.44684637268458,191.0349172876632,,,,,,,,,,,,195.55808878865832,"rgba(38, 166, 154, 0.75)"
2022-08-10 00:00:00+00:00,179.7652793194,180.1051002633,177.6413984201,178.2360850719,48824,0.0,0.0,0.0,0.0,0.0,0.0,0.0,0.0,,,,,,,,176.46265001312386,190.98024452359863,,,,,,,,,,,,195.48698641099776,"rgba(38, 166, 154, 0.75)"
2022-08-11 00:00:00+00:00,181.2944735669,183.8686172169,179.119619526,182.2119901154,37583,0.0,0.0,0.0,0.0,0.0,0.0,0.0,0.0,,,,,,,,176.4847262712774,190.94647901715206,,,,,,,,,,,,195.44018609027495,"rgba(38, 166, 154, 0.75)"
2022-08-12 00:00:00+00:00,185.3043607048,185.9585160218,181.8381870771,183.2484439943,38950,0.0,0.0,0.0,0.0,0.0,0.0,0.0,0.0,,,,,,,,176.52088267227282,190.92246491254085,,,,,,,,,,,,195.40211689841541,"rgba(38, 166, 154, 1.0)"
2022-08-15 00:00:00+00:00,187.7255849301,188.3967312943,182.9426051448,183.9195903585,31457,0.0,0.0,0.0,0.0,0.0,0.0,0.0,0.0,,,,,,,,176.5571796662886,190.90904080097295,,,,,,,,,,,,195.3770662479634,"rgba(38, 166, 154, 1.0)"
2022-08-16 00:00:00+00:00,186.6976265748,189.0508866113,184.6417098642,186.5786892444,41040,0.0,0.0,0.0,0.0,0.0,0.0,0.0,0.0,,,,,,,,176.60625029019107,190.89333281222113,,,,,,,,,,,,195.3461821215384,"rgba(38, 166, 154, 1.0)"
2022-08-17 00:00:00+00:00,183.9280858821,186.0732055904,182.0420796435,185.1004681385,40637,0.0,0.0,0.0,0.0,0.0,0.0,0.0,0.0,,,,,,,,176.64123769003942,190.86741322644122,,,,,,,,,,,,195.3059385250834,"rgba(38, 166, 154, 0.75)"
2022-08-18 00:00:00+00:00,186.2898414421,186.6211668624,183.1210111403,185.9924981162,49230,0.0,0.0,0.0,0.0,0.0,0.0,0.0,0.0,,,,,,,,176.69074695743984,190.84231472047344,,,,,,,,,,,,195.2632620997604,"rgba(38, 166, 154, 0.75)"
2022-08-19 00:00:00+00:00,179.5953688474,185.1174591857,178.0236969819,183.7496798865,55991,0.0,0.0,0.0,0.0,0.0,0.0,0.0,0.0,,,,,,,,176.7178848372689,190.7912588244139,,,,,,,,,,,,195.19367851810767,"rgba(38, 166, 154, 0.75)"
2022-08-22 00:00:00+00:00,174.9822995341,176.545475876,173.0538156775,176.4265385456,49601,0.0,0.0,0.0,0.0,0.0,0.0,0.0,0.0,,,,,,,,176.70736722235537,190.71902763210682,,,,,,,,,,,,195.10671494422155,"rgba(38, 166, 154, 0.75)"
2022-08-23 00:00:00+00:00,173.8693859428,178.1307405793,173.5295649989,175.4920309499,50710,0.0,0.0,0.0,0.0,0.0,0.0,0.0,0.0,,,,,,,,176.69855596163845,190.64731367447172,,,,,,,,,,,,195.01994852314334,"rgba(38, 166, 154, 0.5)"
2022-08-24 00:00:00+00:00,174.3621263115,175.2881383836,172.5016066437,174.498054689,37714,0.0,0.0,0.0,0.0,0.0,0.0,0.0,0.0,,,,,,,,176.68726894119825,190.59055574669364,,,,,,,,,,,,194.95227315341913,#000000
2022-08-25 00:00:00+00:00,177.4120192829,178.3210403078,175.3561025724,176.0612310309,30970,0.0,0.0,0.0,0.0,0.0,0.0,0.0,0.0,,,,,,,,176.6884634599262,190.55257948839656,,,,,,,,,,,,194.90489968322453,#000000
2022-08-26 00:00:00+00:00,169.2053434879,178.1936074539,168.5681792181,178.1936074539,56722,0.0,0.0,0.0,0.0,0.0,0.0,0.0,0.0,,,,,,,,176.65863145540337,190.4578522325299,,,,,,,,,,,,194.7944957968441,"rgba(239, 83, 80, 1.0)"
2022-08-29 00:00:00+00:00,167.8460597123,169.4602091958,165.9175758557,168.0754388495,58288,0.0,0.0,0.0,0.0,0.0,0.0,0.0,0.0,,,,,,,,176.60083811852215,190.3393536223874,,,,,,,,,,,,194.6612204080222,"rgba(239, 83, 80, 1.0)"
2022-08-30 00:00:00+00:00,165.3823578691,172.9518693943,165.025545878,169.4092360542,69927,0.0,0.0,0.0,0.0,0.0,0.0,0.0,0.0,,,,,,,,176.53283492785238,190.1990959500813,,,,,,,,,,,,194.50332113426433,"rgba(239, 83, 80, 1.0)"
2022-08-31 00:00:00+00:00,162.4768887988,167.3618148673,161.6740618189,166.6991640267,54199,0.0,0.0,0.0,0.0,0.0,0.0,0.0,0.0,,,,,,,,176.45737049718383,190.0726353899355,,,,,,,,,,,,194.36430534665408,"rgba(239, 83, 80, 1.0)"
2022-09-01 00:00:00+00:00,161.4829125379,162.0436170954,156.7678969414,161.3045065424,44826,0.0,0.0,0.0,0.0,0.0,0.0,0.0,0.0,,,,,,,,176.37733681601057,189.95417975051203,,,,,,,,,,,,194.23631131518488,"rgba(239, 83, 80, 1.0)"
2022-09-02 00:00:00+00:00,157.9572702451,164.9745727364,157.9402791979,163.8616591452,40347,0.0,0.0,0.0,0.0,0.0,0.0,0.0,0.0,,,,,,,,176.306811001494,189.84904044781928,,,,,,,,,,,,194.12256656378807,"rgba(239, 83, 80, 1.0)"
2022-09-06 00:00:00+00:00,157.5919627304,158.2716046182,155.6294967794,157.8978015799,48699,0.0,0.0,0.0,0.0,0.0,0.0,0.0,0.0,,,,,,,,176.2060488497219,189.70980743616386,,,,,,,,,,,,193.97369400822166,"rgba(239, 83, 80, 1.0)"
2022-09-07 00:00:00+00:00,160.1406198096,160.6673422726,155.4765773546,156.334625238,38982,0.0,0.0,0.0,0.0,0.0,0.0,0.0,0.0,,,,,,,,176.1328545603184,189.6046353926214,,,,,,,,,,,,193.86052106565387,"rgba(239, 83, 80, 1.0)"
2022-09-08 00:00:00+00:00,164.0315696171,164.2694442779,158.823813652,159.265580879,33792,0.0,0.0,0.0,0.0,0.0,0.0,0.0,0.0,,,,,,,,176.0829955859671,189.52465590396244,,,,,,,,,,,,193.77304226336835,"rgba(239, 83, 80, 0.75)"
2022-09-09 00:00:00+00:00,167.4382745797,169.8849853757,165.1699697792,165.1699697792,45006,0.0,0.0,0.0,0.0,0.0,0.0,0.0,0.0,,,,,,,,176.041756479814,189.43882367141777,,,,,,,,,,,,193.67617182986308,"rgba(239, 83, 80, 0.75)"
2022-09-12 00:00:00+00:00,170.7260422118,171.0318810613,167.3957969617,169.6386151914,39281,0.0,0.0,0.0,0.0,0.0,0.0,0.0,0.0,,,,,,,,176.01535471933954,189.37197982000677,,,,,,,,,,,,193.59932678949974,"rgba(239, 83, 80, 0.75)"
2022-09-13 00:00:00+00:00,161.0921184525,167.8163253797,160.1491153332,165.9345669029,56701,0.0,0.0,0.0,0.0,0.0,0.0,0.0,0.0,,,,,,,,175.93750349110454,189.24367305940362,,,,,,,,,,,,193.45839724466924,"rgba(239, 83, 80, 0.75)"
2022-09-14 00:00:00+00:00,158.7558494632,167.4701327932,157.0482492201,162.6892768888,48654,0.0,0.0,0.0,0.0,0.0,0.0,0.0,0.0,,,,,,,,175.86158221175026,189.12654703813,,,,,,,,,,,,193.33090650209775,"rgba(239, 83, 80, 0.75)"
2022-09-15 00:00:00+00:00,158.2206314766,161.0921184525,157.1416999797,158.5604524205,46478,0.0,0.0,0.0,0.0,0.0,0.0,0.0,0.0,,,,,,,,175.77872680748914,189.0065669140516,,,,,,,,,,,,193.20153046780962,"rgba(239, 83, 80, 1.0)"
2022-09-16 00:00:00+00:00,157.9062971035,158.5179748025,154.6057861859,157.7958552967,134298,0.0,0.0,0.0,0.0,0.0,0.0,0.0,0.0,,,,,,,,175.51873351493165,188.64471398008752,,,,,,,,,,,,192.813715856586,"rgba(239, 83, 80, 1.0)"
2022-09-19 00:00:00+00:00,163.4878561069,164.9660772128,156.3940939031,156.3940939031,50017,0.0,0.0,0.0,0.0,0.0,0.0,0.0,0.0,,,,,,,,175.44737579419694,188.5313495132674,,,,,,,,,,,,192.68970535568434,"rgba(239, 83, 80, 1.0)"
2022-09-20 00:00:00+00:00,158.696380798,161.8567155762,157.1671865505,161.3469841604,39158,0.0,0.0,0.0,0.0,0.0,0.0,0.0,0.0,,,,,,,,175.38251049025016,188.43548258081265,,,,,,,,,,,,192.58593332827874,"rgba(239, 83, 80, 1.0)"
2022-09-21 00:00:00+00:00,154.1852577678,161.1600826412,153.7010129228,161.1600826412,43243,0.0,0.0,0.0,0.0,0.0,0.0,0.0,0.0,,,,,,,,175.29875637271627,188.31992875131283,,,,,,,,,,,,192.46220953600215,"rgba(239, 83, 80, 1.0)"
2022-09-22 00:00:00+00:00,149.8695317804,153.6585353048,148.3318420093,153.6585353048,53285,0.0,0.0,0.0,0.0,0.0,0.0,0.0,0.0,,,,,,,,175.1656659321714,188.1533704112175,,,,,,,,,,,,192.28691032112212,"rgba(239, 83, 80, 1.0)"
2022-09-23 00:00:00+00:00,145.5707968402,148.6883141794,142.0876321652,147.0745045169,55090,0.0,0.0,0.0,0.0,0.0,0.0,0.0,0.0,,,,,,,,175.00089618645487,187.95919809503508,,,,,,,,,,,,192.0849090544912,"rgba(239, 83, 80, 1.0)"
2022-09-26 00:00:00+00:00,143.3024920397,148.4677703868,143.3024920397,145.553805793,48283,0.0,0.0,0.0,0.0,0.0,0.0,0.0,0.0,,,,,,,,174.8559271470805,187.7887786034692,,,,,,,,,,,,191.90769556797045,"rgba(239, 83, 80, 1.0)"
2022-09-27 00:00:00+00:00,140.8048081021,146.3863671055,139.623930322,144.8401818108,48569,0.0,0.0,0.0,0.0,0.0,0.0,0.0,0.0,,,,,,,,174.69818165380076,187.60776257392573,,,,,,,,,,,,191.7203866568416,"rgba(239, 83, 80, 1.0)"
2022-09-28 00:00:00+00:00,141.7902888393,143.6593040308,141.1276379988,142.0621455945,69720,0.0,0.0,0.0,0.0,0.0,0.0,0.0,0.0,,,,,,,,174.47384481138974,187.3499694387628,,,,,,,,,,,,191.45353845013187,"rgba(239, 83, 80, 1.0)"
2022-09-29 00:00:00+00:00,137.7973927486,139.8618049827,135.9708551752,139.8618049827,56672,0.0,0.0,0.0,0.0,0.0,0.0,0.0,0.0,,,,,,,,174.26968551539704,187.12274693809394,,,,,,,,,,,,191.2199215622436,"rgba(239, 83, 80, 1.0)"
2022-09-30 00:00:00+00:00,135.5205924245,141.2380798055,135.0703296739,137.7379240834,69596,0.0,0.0,0.0,0.0,0.0,0.0,0.0,0.0,,,,,,,,174.01797805118335,186.8431788471421,,,,,,,,,,,,190.93260329561252,"rgba(239, 83, 80, 1.0)"
2022-10-03 00:00:00+00:00,138.9952615758,140.5244558233,135.0448431031,137.5170404699,65679,0.0,0.0,0.0,0.0,0.0,0.0,0.0,0.0,,,,,,,,173.78937649737784,186.58700740074474,,,,,,,,,,,,190.66880946012844,"rgba(239, 83, 80, 1.0)"
2022-10-04 00:00:00+00:00,143.7442592667,144.644784768,141.7478112214,142.2150650192,90042,0.0,0.0,0.0,0.0,0.0,0.0,0.0,0.0,,,,,,,,173.52568642449702,186.27736307567244,,,,,,,,,,,,190.34677143717244,"rgba(239, 83, 80, 0.75)"
2022-10-05 00:00:00+00:00,141.5099365606,142.6016113429,138.1881868341,140.6264021065,50727,0.0,0.0,0.0,0.0,0.0,0.0,0.0,0.0,,,,,,,,173.36643583704046,186.09436061920033,,,,,,,,,,,,190.15728486910484,"rgba(239, 83, 80, 0.75)"
2022-10-06 00:00:00+00:00,140.2441035446,143.6508085072,138.0692495037,142.4444441563,62442,0.0,0.0,0.0,0.0,0.0,0.0,0.0,0.0,,,,,,,,173.17185553497671,185.87055511049635,,,,,,,,,,,,189.92549352313026,"rgba(239, 83, 80, 0.75)"
2022-10-07 00:00:00+00:00,133.0483950577,138.3920794004,131.417254527,138.3920794004,68667,0.0,0.0,0.0,0.0,0.0,0.0,0.0,0.0,,,,,,,,172.9191423657494,185.59265951590146,,,,,,,,,,,,189.64046119124293,"rgba(239, 83, 80, 0.75)"
2022-10-10 00:00:00+00:00,132.7935293498,134.6625445412,130.8990275876,133.6006040915,46536,0.0,0.0,0.0,0.0,0.0,0.0,0.0,0.0,,,,,,,,172.7431550997748,185.40056447915646,,,,,,,,,,,,189.4437550143507,"rgba(239, 83, 80, 0.75)"
2022-10-11 00:00:00+00:00,128.9875347782,131.7061023293,127.4838271014,131.1708843427,57840,0.0,0.0,0.0,0.0,0.0,0.0,0.0,0.0,,,,,,,,172.50816903585448,185.14847758718474,,,,,,,,,,,,189.18663022881174,"rgba(239, 83, 80, 1.0)"
2022-10-12 00:00:00+00:00,125.5213611505,128.6732004051,124.0941131861,128.6732004051,63145,0.0,0.0,0.0,0.0,0.0,0.0,0.0,0.0,,,,,,,,172.23513028235976,184.85973025242862,,,,,,,,,,,,188.89308812533716,"rgba(239, 83, 80, 1.0)"
2022-10-13 00:00:00+00:00,132.6915830666,133.1078637229,120.4665246101,122.8197846465,76595,0.0,0.0,0.0,0.0,0.0,0.0,0.0,0.0,,,,,,,,171.92705599033178,184.5289255616582,,,,,,,,,,,,188.5555897760278,"rgba(239, 83, 80, 0.75)"
2022-10-14 00:00:00+00:00,125.7252537168,133.5156488555,124.9946386874,133.5156488555,65965,0.0,0.0,0.0,0.0,0.0,0.0,0.0,0.0,,,,,,,,171.66110960195726,184.2437218288134,,,,,,,,,,,,188.26469607516623,"rgba(239, 83, 80, 0.75)"
2022-10-17 00:00:00+00:00,130.0409797042,132.1311333749,127.5432957666,128.0105495645,52332,0.0,0.0,0.0,0.0,0.0,0.0,0.0,0.0,,,,,,,,171.46115718449258,184.02679515533237,,,,,,,,,,,,188.04284822060333,"rgba(239, 83, 80, 0.75)"
2022-10-18 00:00:00+00:00,132.2158337452,135.129798339,130.5252245493,133.4137025724,62244,0.0,0.0,0.0,0.0,0.0,0.0,0.0,0.0,,,,,,,,171.2412074911188,183.7838728019735,,,,,,,,,,,,187.79340329478777,"rgba(239, 83, 80, 0.75)"
2022-10-19 00:00:00+00:00,128.6052362163,130.9584962528,126.1160478023,130.890532064,55297,0.0,0.0,0.0,0.0,0.0,0.0,0.0,0.0,,,,,,,,171.02754237634772,183.5529910970021,,,,,,,,,,,,187.5574900397301,"rgba(239, 83, 80, 0.75)"
2022-10-20 00:00:00+00:00,130.76309921,134.3482101681,128.4438212679,129.5482393356,68326,0.0,0.0,0.0,0.0,0.0,0.0,0.0,0.0,,,,,,,,170.78260837220802,183.28385353468855,,,,,,,,,,,,187.2814294394135,"rgba(239, 83, 80, 0.75)"
2022-10-21 00:00:00+00:00,137.5680136115,138.0862405509,123.168101114,129.7096542839,71033,0.0,0.0,0.0,0.0,0.0,0.0,0.0,0.0,,,,,,,,170.5422927891129,183.01630143838645,,,,,,,,,,,,187.00617707298468,"rgba(239, 83, 80, 0.5)"
2022-10-24 00:00:00+00:00,141.0341872392,142.1471008304,137.262174762,139.5644616568,48186,0.0,0.0,0.0,0.0,0.0,0.0,0.0,0.0,,,,,,,,170.41191659469257,182.8623071611823,,,,,,,,,,,,186.84571798470748,#000000
2022-10-25 00:00:00+00:00,145.7576983593,145.7576983593,139.7258766052,140.9152499088,52209,0.0,0.0,0.0,0.0,0.0,0.0,0.0,0.0,,,,,,,,170.28856260667794,182.71065463114357,,,,,,,,,,,,186.6864029179752,"rgba(38, 166, 154, 1.0)"
2022-10-26 00:00:00+00:00,146.123005874,149.5127197893,144.6617758152,147.2444149888,87782,0.0,0.0,0.0,0.0,0.0,0.0,0.0,0.0,,,,,,,,170.10701215975828,182.4778570419751,,,,,,,,,,,,186.4398220524202,"rgba(38, 166, 154, 1.0)"
2022-10-27 00:00:00+00:00,146.1994655864,149.6061705489,145.2904445614,148.5017524812,76444,0.0,0.0,0.0,0.0,0.0,0.0,0.0,0.0,,,,,,,,169.9529557520813,182.27906330622866,,,,,,,,,,,,186.22898209791586,"rgba(38, 166, 154, 1.0)"
2022-10-28 00:00:00+00:00,150.2433348187,151.3924562151,145.6211226345,146.5215535794,89289,0.0,0.0,0.0,0.0,0.0,0.0,0.0,0.0,,,,,,,,169.79148794234155,182.06303608138546,,,,,,,,,,,,185.99830696405016,"rgba(38, 166, 154, 1.0)"
2022-10-31 00:00:00+00:00,147.0618121464,149.643047522,145.4153098471,149.4801123987,68995,0.0,0.0,0.0,0.0,0.0,0.0,0.0,0.0,,,,,,,,169.65824360197547,181.8894570023139,,,,,,,,,,,,185.8138360674021,"rgba(38, 166, 154, 1.0)"
2022-11-01 00:00:00+00:00,148.3738686663,150.6463848607,145.2609502565,149.7974071126,47531,0.0,0.0,0.0,0.0,0.0,0.0,0.0,0.0,,,,,,,,169.57030606650952,181.7733591774262,,,,,,,,,,,,185.6901371434921,"rgba(38, 166, 154, 1.0)"
2022-11-02 00:00:00+00:00,144.0775267288,150.6035071967,144.0775267288,148.3738686663,64458,0.0,0.0,0.0,0.0,0.0,0.0,0.0,0.0,,,,,,,,169.44206692354354,181.60864809352447,,,,,,,,,,,,185.51552566203898,"rgba(38, 166, 154, 1.0)"
2022-11-03 00:00:00+00:00,139.9183933163,141.5991977469,137.4314888016,141.5991977469,57658,0.0,0.0,0.0,0.0,0.0,0.0,0.0,0.0,,,,,,,,169.29622040063774,181.4353262026878,,,,,,,,,,,,185.33459123462796,"rgba(38, 166, 154, 0.75)"
2022-11-04 00:00:00+00:00,144.068951196,146.2642875952,140.5529827442,142.9627074636,55698,0.0,0.0,0.0,0.0,0.0,0.0,0.0,0.0,,,,,,,,169.17540973268746,181.28506505136082,,,,,,,,,,,,185.17626346483655,"rgba(38, 166, 154, 0.75)"
2022-11-07 00:00:00+00:00,145.2952523877,145.5267917736,142.0537009858,145.4238853799,57109,0.0,0.0,0.0,0.0,0.0,0.0,0.0,0.0,,,,,,,,169.0558988316392,181.13492405241612,,,,,,,,,,,,185.01773949141514,"rgba(38, 166, 154, 0.75)"
2022-11-08 00:00:00+00:00,147.0532366136,148.1937824773,142.7568946762,146.0413237421,47368,0.0,0.0,0.0,0.0,0.0,0.0,0.0,0.0,,,,,,,,168.9644227611201,181.01704901493022,,,,,,,,,,,,184.89266421038238,"rgba(38, 166, 154, 0.75)"
2022-11-09 00:00:00+00:00,143.1599447182,147.0703876792,142.1137297155,147.0703876792,61587,0.0,0.0,0.0,0.0,0.0,0.0,0.0,0.0,,,,,,,,168.83688432689547,180.85677365353115,,,,,,,,,,,,184.72340699104393,"rgba(38, 166, 154, 0.75)"
2022-11-10 00:00:00+00:00,160.8341178381,161.3229232083,148.5882569865,150.6206582623,104556,0.0,0.0,0.0,0.0,0.0,0.0,0.0,0.0,,,,,,,,168.73390434991217,180.68153233189773,,,,,,,,,,,,184.52882330919329,"rgba(38, 166, 154, 1.0)"
2022-11-11 00:00:00+00:00,173.4230000022,173.654539388,162.506346736,162.506346736,94334,0.0,0.0,0.0,0.0,0.0,0.0,0.0,0.0,,,,,,,,168.74262269046864,180.61054522954527,,,,,,,,,,,,184.43680486381993,"rgba(38, 166, 154, 1.0)"
2022-11-14 00:00:00+00:00,162.2062030876,171.6735913091,161.7516998487,171.4677785217,83942,0.0,0.0,0.0,0.0,0.0,0.0,0.0,0.0,,,,,,,,168.7184832020951,180.52116369403376,,,,,,,,,,,,184.33006978145818,"rgba(38, 166, 154, 1.0)"
2022-11-15 00:00:00+00:00,165.7393226051,170.8932178234,164.4787192821,164.4787192821,76021,0.0,0.0,0.0,0.0,0.0,0.0,0.0,0.0,,,,,,,,168.70814043465919,180.45065795788724,,,,,,,,,,,,184.24356153788221,"rgba(38, 166, 154, 1.0)"
2022-11-16 00:00:00+00:00,163.9556117807,166.4961133755,161.7774264472,163.9298851823,53070,0.0,0.0,0.0,0.0,0.0,0.0,0.0,0.0,,,,,,,,168.68833579851398,180.39110567618354,,,,,,,,,,,,184.17337817183548,"rgba(38, 166, 154, 1.0)"
2022-11-17 00:00:00+00:00,162.3862892766,162.7121595234,159.1104357435,160.5511252554,59015,0.0,0.0,0.0,0.0,0.0,0.0,0.0,0.0,,,,,,,,168.65385905530707,180.3146201438372,,,,,,,,,,,,184.08559810086703,"rgba(38, 166, 154, 1.0)"
2022-11-18 00:00:00+00:00,161.0742327568,166.7169333453,158.0813718064,166.7169333453,66234,0.0,0.0,0.0,0.0,0.0,0.0,0.0,0.0,,,,,,,,168.61848129556563,180.23200480983448,,,,,,,,,,,,183.99027187231505,"rgba(38, 166, 154, 0.75)"
2022-11-21 00:00:00+00:00,161.7431243159,163.8698564526,158.8017165623,159.0161048826,47214,0.0,0.0,0.0,0.0,0.0,0.0,0.0,0.0,,,,,,,,168.59166687678652,180.1720121390556,,,,,,,,,,,,183.9213320425467,"rgba(38, 166, 154, 0.75)"
2022-11-22 00:00:00+00:00,162.7035839906,163.809827723,160.2552693735,161.8889083737,51002,0.0,0.0,0.0,0.0,0.0,0.0,0.0,0.0,,,,,,,,168.56609360310344,180.1103370455342,,,,,,,,,,,,183.84992022089088,"rgba(38, 166, 154, 0.75)"
2022-11-23 00:00:00+00:00,164.9846757178,165.2333661693,160.3624635336,161.7688509144,34396,0.0,0.0,0.0,0.0,0.0,0.0,0.0,0.0,,,,,,,,168.55241265284957,180.07192531761595,,,,,,,,,,,,183.8048431863462,"rgba(38, 166, 154, 0.75)"
2022-11-25 00:00:00+00:00,166.099494983,166.2109769096,163.4839574762,164.0070649776,20993,0.0,0.0,0.0,0.0,0.0,0.0,0.0,0.0,,,,,,,,168.54697418550114,180.05102219803064,,,,,,,,,,,,183.77977890483032,"rgba(38, 166, 154, 0.75)"
2022-11-28 00:00:00+00:00,163.0208787045,165.3619991614,161.6359301558,164.9589491194,52478,0.0,0.0,0.0,0.0,0.0,0.0,0.0,0.0,,,,,,,,168.52552917308478,179.9922561002574,,,,,,,,,,,,183.7109347701008,"rgba(38, 166, 154, 0.75)"
2022-11-29 00:00:00+00:00,162.2490807517,164.9074959226,160.8684199694,163.0208787045,53076,0.0,0.0,0.0,0.0,0.0,0.0,0.0,0.0,,,,,,,,168.5012620247339,179.93088390472087,,,,,,,,,,,,183.63951997963733,"rgba(38, 166, 154, 0.75)"
2022-11-30 00:00:00+00:00,166.3138833033,166.7426599437,158.7331122999,163.3295978856,86903,0.0,0.0,0.0,0.0,0.0,0.0,0.0,0.0,,,,,,,,168.4704253444561,179.83857078352906,,,,,,,,,,,,183.5305682528291,"rgba(38, 166, 154, 0.75)"
2022-12-01 00:00:00+00:00,170.6702539704,173.2815037108,166.1509481799,168.0289898651,75670,0.0,0.0,0.0,0.0,0.0,0.0,0.0,0.0,,,,,,,,168.47955701193547,179.78956500847565,,,,,,,,,,,,183.46591730337877,"rgba(38, 166, 154, 1.0)"
2022-12-02 00:00:00+00:00,170.0442400753,171.8493897317,166.3996386314,166.3996386314,78611,0.0,0.0,0.0,0.0,0.0,0.0,0.0,0.0,,,,,,,,168.48529451201355,179.73605497446283,,,,,,,,,,,,183.39641968547932,"rgba(38, 166, 154, 1.0)"
2022-12-05 00:00:00+00:00,164.9932512507,169.4010751146,164.3457985235,169.4010751146,82584,0.0,0.0,0.0,0.0,0.0,0.0,0.0,0.0,,,,,,,,168.47120346856997,179.6632447464767,,,,,,,,,,,,183.30766753831304,"rgba(38, 166, 154, 0.75)"
2022-12-06 00:00:00+00:00,162.7464616546,166.3396099017,160.9627508303,165.336272563,69187,0.0,0.0,0.0,0.0,0.0,0.0,0.0,0.0,,,,,,,,168.44433647921244,179.5898066499561,,,,,,,,,,,,183.22151063111508,"rgba(38, 166, 154, 0.75)"
2022-12-07 00:00:00+00:00,162.0346924314,165.4391789567,160.842693371,163.8184032558,70192,0.0,0.0,0.0,0.0,0.0,0.0,0.0,0.0,,,,,,,,168.4143089791075,179.51334928946017,,,,,,,,,,,,183.13234121378363,"rgba(38, 166, 154, 0.75)"
2022-12-08 00:00:00+00:00,164.5987767414,166.7083578125,162.506346736,164.3329352243,67576,0.0,0.0,0.0,0.0,0.0,0.0,0.0,0.0,,,,,,,,168.3949905148546,179.4483801234115,,,,,,,,,,,,183.05488656518426,"rgba(38, 166, 154, 0.75)"
2022-12-09 00:00:00+00:00,164.1185469041,165.0447044475,161.7881458632,162.7035839906,81507,0.0,0.0,0.0,0.0,0.0,0.0,0.0,0.0,,,,,,,,168.3661491535394,179.3657785266651,,,,,,,,,,,,182.95753536461567,"rgba(38, 166, 154, 0.75)"
2022-12-12 00:00:00+00:00,166.2624301064,166.7941131406,162.2405052189,164.2300288306,37922,0.0,0.0,0.0,0.0,0.0,0.0,0.0,0.0,,,,,,,,168.35693491159316,179.33115628183296,,,,,,,,,,,,182.91594719070272,"rgba(38, 166, 154, 0.75)"
2022-12-13 00:00:00+00:00,170.0871177394,178.0795143176,168.2948313822,174.3834596768,85933,0.0,0.0,0.0,0.0,0.0,0.0,0.0,0.0,,,,,,,,168.38104631137873,179.291902632654,,,,,,,,,,,,182.85945278531523,"rgba(38, 166, 154, 1.0)"
2022-12-14 00:00:00+00:00,166.6740556813,171.9994615558,165.7221715394,168.5949750306,54160,0.0,0.0,0.0,0.0,0.0,0.0,0.0,0.0,,,,,,,,168.3800531043569,179.25356674559427,,,,,,,,,,,,182.81088791052878,"rgba(38, 166, 154, 1.0)"
2022-12-15 00:00:00+00:00,161.1771391505,164.8517549593,158.3043356594,164.2214532978,90129,0.0,0.0,0.0,0.0,0.0,0.0,0.0,0.0,,,,,,,,168.33434639948769,179.15234011706892,,,,,,,,,,,,182.6942784678616,"rgba(38, 166, 154, 0.75)"
2022-12-16 00:00:00+00:00,162.3519871454,163.1923893607,151.9412903149,158.098522872,229895,0.0,0.0,0.0,0.0,0.0,0.0,0.0,0.0,,,,,,,,168.182709742934,178.8666549646141,,,,,,,,,,,,182.37118533458934,#000000
2022-12-19 00:00:00+00:00,160.9799018959,163.7841011245,158.7331122999,163.5096840746,96460,0.0,0.0,0.0,0.0,0.0,0.0,0.0,0.0,,,,,,,,168.1343720482736,178.76114754607053,,,,,,,,,,,,182.24972545177766,#000000
2022-12-20 00:00:00+00:00,162.6778573921,165.271956067,159.1876155388,160.9799018959,71872,0.0,0.0,0.0,0.0,0.0,0.0,0.0,0.0,,,,,,,,168.1049829778374,178.6887137196018,,,,,,,,,,,,182.16528349147947,#000000
2022-12-21 00:00:00+00:00,166.1423726471,167.360098306,164.0156405104,165.2333661693,60958,0.0,0.0,0.0,0.0,0.0,0.0,0.0,0.0,,,,,,,,168.09521278911313,178.64070714878793,,,,,,,,,,,,182.10665163288874,#000000
2022-12-22 00:00:00+00:00,160.7397869772,164.3672373556,156.6749844256,164.1442735025,81962,0.0,0.0,0.0,0.0,0.0,0.0,0.0,0.0,,,,,,,,168.0519694134802,178.550503667221,,,,,,,,,,,,182.00327084488117,#000000
2022-12-23 00:00:00+00:00,162.8836701796,165.5592364161,159.3848527934,161.7345487831,57801,0.0,0.0,0.0,0.0,0.0,0.0,0.0,0.0,,,,,,,,168.02993179097126,178.4945095459084,,,,,,,,,,,,181.93776693563382,#000000
2022-12-27 00:00:00+00:00,164.933222521,165.3705746943,161.3915274708,163.8441298542,64766,0.0,0.0,0.0,0.0,0.0,0.0,0.0,0.0,,,,,,,,168.0112722225228,178.43728772008842,,,,,,,,,,,,181.86975408913207,#000000
2022-12-28 00:00:00+00:00,158.1757026673,165.87653113,158.1328250032,165.1904885053,73940,0.0,0.0,0.0,0.0,0.0,0.0,0.0,0.0,,,,,,,,167.97391288295728,178.3583815034773,,,,,,,,,,,,181.779145060844,#000000
2022-12-29 00:00:00+00:00,163.5525617387,166.6140269516,158.7845654967,160.1995284103,92718,0.0,0.0,0.0,0.0,0.0,0.0,0.0,0.0,,,,,,,,167.94201872359483,178.27295567084315,,,,,,,,,,,,181.678672671644,#000000
2022-12-30 00:00:00+00:00,164.170000101,164.6502299383,159.762176237,160.7226359116,101539,0.0,0.0,0.0,0.0,0.0,0.0,0.0,0.0,,,,,,,,167.90670032746507,178.1797416733502,,,,,,,,,,,,181.56915131159911,#000000
2023-01-03 00:00:00+00:00,166.459667361,168.6550037602,164.6502299383,166.9484727312,100503,0.0,0.0,0.0,0.0,0.0,0.0,0.0,0.0,,,,,,,,167.89769190097152,178.11076388095273,,,,,,,,,,,,181.48334557563683,#000000
2023-01-04 00:00:00+00:00,173.3200936085,173.3672590389,166.6311780172,166.6311780172,91287,0.0,0.0,0.0,0.0,0.0,0.0,0.0,0.0,,,,,,,,167.91748184877648,178.07310709764553,,,,,,,,,,,,181.42963805855254,"rgba(38, 166, 154, 0.5)"
2023-01-05 00:00:00+00:00,169.8813049519,172.5654467212,169.2895931881,172.5654467212,86604,0.0,0.0,0.0,0.0,0.0,0.0,0.0,0.0,,,,,,,,167.93296407984712,178.03507827493848,,,,,,,,,,,,181.3766202165456,"rgba(38, 166, 154, 0.5)"
2023-01-06 00:00:00+00:00,175.7984225904,176.4501630839,171.047577414,172.7283818446,53683,0.0,0.0,0.0,0.0,0.0,0.0,0.0,0.0,,,,,,,,167.95631628242958,178.0237807735117,,,,,,,,,,,,181.35565069147637,"rgba(38, 166, 154, 1.0)"
2023-01-09 00:00:00+00:00,176.3901343542,180.2491241184,175.6097608685,176.9989971837,79382,0.0,0.0,0.0,0.0,0.0,0.0,0.0,0.0,,,,,,,,168.00631413427988,178.02097730542837,,,,,,,,,,,,181.33813956154057,"rgba(38, 166, 154, 1.0)"
2023-01-10 00:00:00+00:00,181.6383604335,182.1143025044,174.7093299236,174.9322937766,74504,0.0,0.0,0.0,0.0,0.0,0.0,0.0,0.0,,,,,,,,168.0629834655657,178.02730157926166,,,,,,,,,,,,181.33044994225455,"rgba(38, 166, 154, 1.0)"
2023-01-11 00:00:00+00:00,183.2076829376,185.7460406491,181.929928549,183.5764308484,83306,0.0,0.0,0.0,0.0,0.0,0.0,0.0,0.0,,,,,,,,168.1484154460465,178.05418054145997,,,,,,,,,,,,181.34107350543212,"rgba(38, 166, 154, 1.0)"
2023-01-12 00:00:00+00:00,182.7188775674,185.8918247069,180.9694688743,184.8027320401,70210,0.0,0.0,0.0,0.0,0.0,0.0,0.0,0.0,,,,,,,,168.2176916225222,178.07488411107215,,,,,,,,,,,,181.3482642834908,"rgba(38, 166, 154, 1.0)"
2023-01-13 00:00:00+00:00,184.1852936778,185.8660981085,179.5716570264,180.7036273573,40572,0.0,0.0,0.0,0.0,0.0,0.0,0.0,0.0,,,,,,,,168.2574718452025,178.08680533153733,,,,,,,,,,,,181.35242618755314,"rgba(38, 166, 154, 1.0)"
2023-01-17 00:00:00+00:00,181.3810944492,184.8027320401,181.0123465384,182.7617552315,69076,0.0,0.0,0.0,0.0,0.0,0.0,0.0,0.0,,,,,,,,168.32107763572455,178.1037887026999,,,,,,,,,,,,181.3563982790405,"rgba(38, 166, 154, 1.0)"
2023-01-18 00:00:00+00:00,181.6898136303,184.7684299089,179.8975272732,181.8270221553,77666,0.0,0.0,0.0,0.0,0.0,0.0,0.0,0.0,,,,,,,,168.39050369977016,178.12148987868053,,,,,,,,,,,,181.3596378098487,"rgba(38, 166, 154, 1.0)"
2023-01-19 00:00:00+00:00,181.6898136303,182.7124459178,177.2562631679,180.6950518245,88402,0.0,0.0,0.0,0.0,0.0,0.0,0.0,0.0,,,,,,,,168.45976484696467,178.13363055327727,,,,,,,,,,,,181.35575347071915,"rgba(38, 166, 154, 1.0)"
2023-01-20 00:00:00+00:00,186.9380397096,186.9380397096,181.6555114991,183.233409536,62340,0.0,0.0,0.0,0.0,0.0,0.0,0.0,0.0,,,,,,,,168.52663100155021,178.15834585360224,,,,,,,,,,,,181.3686839038921,"rgba(38, 166, 154, 1.0)"
2023-01-23 00:00:00+00:00,187.3067876204,188.4944989145,184.7427033104,186.8265577831,68406,0.0,0.0,0.0,0.0,0.0,0.0,0.0,0.0,,,,,,,,168.6066918295573,178.1916757544617,,,,,,,,,,,,181.38895277733027,"rgba(38, 166, 154, 1.0)"
2023-01-24 00:00:00+00:00,184.5969192527,187.5469025391,184.4168330637,185.6517097882,85276,0.0,0.0,0.0,0.0,0.0,0.0,0.0,0.0,,,,,,,,168.6983285719873,178.22655044044373,,,,,,,,,,,,181.4079163927151,"rgba(38, 166, 154, 1.0)"
2023-01-25 00:00:00+00:00,179.9918581341,182.4444605175,177.3162918976,182.3501296566,60253,0.0,0.0,0.0,0.0,0.0,0.0,0.0,0.0,,,,,,,,168.74111343796503,178.2322170965683,,,,,,,,,,,,181.4030982407939,"rgba(38, 166, 154, 0.75)"
2023-01-26 00:00:00+00:00,183.2677116672,183.2677116672,177.8334822813,181.6812380975,62345,0.0,0.0,0.0,0.0,0.0,0.0,0.0,0.0,,,,,,,,168.79108965632344,178.24335780633922,,,,,,,,,,,,181.4032756178778,"rgba(38, 166, 154, 0.75)"
2023-01-27 00:00:00+00:00,183.8251212998,185.0428469588,182.3415541238,182.5988201081,44345,0.0,0.0,0.0,0.0,0.0,0.0,0.0,0.0,,,,,,,,168.83275540947474,178.25682585764648,,,,,,,,,,,,181.40879548354056,"rgba(38, 166, 154, 0.75)"
2023-01-30 00:00:00+00:00,180.7122028901,185.2153145079,180.1763239643,182.5791359216,61650,0.0,0.0,0.0,0.0,0.0,0.0,0.0,0.0,,,,,,,,168.88372541600282,178.26965895601214,,,,,,,,,,,,181.41084702955197,"rgba(38, 166, 154, 0.5)"
2023-01-31 00:00:00+00:00,185.7252638082,186.027776105,180.1244647135,181.2826546497,76471,0.0,0.0,0.0,0.0,0.0,0.0,0.0,0.0,,,,,,,,168.9555773596291,178.2935319191881,,,,,,,,,,,,181.42116723808363,"rgba(38, 166, 154, 0.5)"
2023-02-01 00:00:00+00:00,191.6804344506,193.9017390298,183.503959229,184.964661462,100569,0.0,0.0,0.0,0.0,0.0,0.0,0.0,0.0,,,,,,,,169.0847666967189,178.35610450409416,,,,,,,,,,,,181.46500226834831,"rgba(38, 166, 154, 1.0)"
2023-02-02 00:00:00+00:00,199.3210307465,203.3919819404,189.8912902953,194.2820402029,99231,0.0,0.0,0.0,0.0,0.0,0.0,0.0,0.0,,,,,,,,169.25855739968515,178.45939614577787,,,,,,,,,,,,181.54856704354813,"rgba(38, 166, 154, 1.0)"
2023-02-03 00:00:00+00:00,211.7586077486,214.5460424832,191.9310874965,198.9234431564,141585,0.0,0.0,0.0,0.0,0.0,0.0,0.0,0.0,,,,,,,,169.5767054679131,178.67001777505376,,,,,,,,,,,,181.72923075806824,"rgba(38, 166, 154, 1.0)"
2023-02-06 00:00:00+00:00,187.4711919211,206.270170364,186.7149111791,206.270170364,181822,0.0,0.0,0.0,0.0,0.0,0.0,0.0,0.0,,,,,,,,169.8390900200604,178.81369981744052,,,,,,,,,,,,181.83937982128694,"rgba(38, 166, 154, 0.75)"
2023-02-07 00:00:00+00:00,190.3493803447,191.2655604436,184.3250640345,186.2352131085,93547,0.0,0.0,0.0,0.0,0.0,0.0,0.0,0.0,,,,,,,,169.9446873646994,178.86251954977143,,,,,,,,,,,,181.8720373373176,"rgba(38, 166, 154, 0.5)"
2023-02-08 00:00:00+00:00,187.5576240059,194.4289747471,184.9560182535,188.966466988,86422,0.0,0.0,0.0,0.0,0.0,0.0,0.0,0.0,,,,,,,,170.0429181530974,178.90871801704589,,,,,,,,,,,,181.90340493942603,"rgba(38, 166, 154, 0.5)"
2023-02-09 00:00:00+00:00,185.0078775044,190.1333001328,184.6448627483,189.9431495462,70075,0.0,0.0,0.0,0.0,0.0,0.0,0.0,0.0,,,,,,,,170.11188730292784,178.9370702708109,,,,,,,,,,,,181.92013213889717,"rgba(38, 166, 154, 0.5)"
2023-02-10 00:00:00+00:00,184.1521998649,184.7053652076,181.3431571091,183.7286826494,64644,0.0,0.0,0.0,0.0,0.0,0.0,0.0,0.0,,,,,,,,170.16276920085102,178.95220536146482,,,,,,,,,,,,181.92498394403086,#000000
2023-02-13 00:00:00+00:00,186.7883784512,188.2058646418,184.8955157942,185.3622490521,77310,0.0,0.0,0.0,0.0,0.0,0.0,0.0,0.0,,,,,,,,170.23783356485504,178.98321689280084,,,,,,,,,,,,181.94335658912982,#000000
2023-02-14 00:00:00+00:00,187.4279758787,189.4677730798,184.0225517377,185.9759168541,89908,0.0,0.0,0.0,0.0,0.0,0.0,0.0,0.0,,,,,,,,170.32608175058076,179.02057122597347,,,,,,,,,,,,181.96609341979246,#000000
2023-02-15 00:00:00+00:00,187.5144079635,188.1453621825,184.5757170804,185.2498873418,77535,0.0,0.0,0.0,0.0,0.0,0.0,0.0,0.0,,,,,,,,170.4004109702983,179.0515915322951,,,,,,,,,,,,181.98465289753287,#000000
2023-02-16 00:00:00+00:00,185.578329264,188.3787288114,182.7001408404,183.6941098155,51123,0.0,0.0,0.0,0.0,0.0,0.0,0.0,0.0,,,,,,,,170.44550349179713,179.0687590715414,,,,,,,,,,,,181.9937651213415,#000000
2023-02-17 00:00:00+00:00,187.2378252921,187.903352345,184.100340614,186.1142081898,86665,0.0,0.0,0.0,0.0,0.0,0.0,0.0,0.0,,,,,,,,170.52565956655067,179.1014950066365,,,,,,,,,,,,182.01282021263413,#000000
2023-02-21 00:00:00+00:00,180.8159213918,185.4832539708,179.2126062189,183.9534060699,74991,0.0,0.0,0.0,0.0,0.0,0.0,0.0,0.0,,,,,,,,170.5745792882415,179.1120049612141,,,,,,,,,,,,182.01216775154606,#000000
2023-02-22 00:00:00+00:00,181.2394386073,183.2360197661,179.1564253638,181.5073780702,76757,0.0,0.0,0.0,0.0,0.0,0.0,0.0,0.0,,,,,,,,170.62145316395794,179.12022475396415,,,,,,,,,,,,182.0091302614723,"rgba(239, 83, 80, 1.0)"
2023-02-23 00:00:00+00:00,182.3025532503,183.9706924869,179.8305956252,183.5471752714,51310,0.0,0.0,0.0,0.0,0.0,0.0,0.0,0.0,,,,,,,,170.6549777130935,179.12783541521546,,,,,,,,,,,,182.0091946538587,"rgba(239, 83, 80, 1.0)"
2023-02-24 00:00:00+00:00,179.91702771,180.6344140138,176.9307991803,178.8625562755,70093,0.0,0.0,0.0,0.0,0.0,0.0,0.0,0.0,,,,,,,,170.688971853894,179.12795240537824,,,,,,,,,,,,181.99939615919993,"rgba(239, 83, 80, 1.0)"
2023-02-27 00:00:00+00:00,180.0812486711,182.9767235117,178.5514007702,182.5704927132,60693,0.0,0.0,0.0,0.0,0.0,0.0,0.0,0.0,,,,,,,,170.72293277462663,179.1322744445924,,,,,,,,,,,,181.99505156252545,"rgba(239, 83, 80, 1.0)"
2023-02-28 00:00:00+00:00,181.8790360348,183.2446629746,179.7787363743,181.1011472716,43801,0.0,0.0,0.0,0.0,0.0,0.0,0.0,0.0,,,,,,,,170.75002177437418,179.13780259475746,,,,,,,,,,,,181.99427971122034,"rgba(239, 83, 80, 1.0)"
2023-03-01 00:00:00+00:00,178.620546438,183.1928037237,177.1252713711,182.2420507909,49567,0.0,0.0,0.0,0.0,0.0,0.0,0.0,0.0,,,,,,,,170.77494555711118,179.13907068000177,,,,,,,,,,,,181.98861067366795,"rgba(239, 83, 80, 1.0)"
2023-03-02 00:00:00+00:00,176.295523357,177.5401453781,174.6489921417,176.0016542687,39097,0.0,0.0,0.0,0.0,0.0,0.0,0.0,0.0,,,,,,,,170.78682285491783,179.1332242539084,,,,,,,,,,,,181.97753496230172,"rgba(239, 83, 80, 1.0)"
2023-03-03 00:00:00+00:00,179.9343141269,180.8591374342,174.817534707,178.3871798091,31175,0.0,0.0,0.0,0.0,0.0,0.0,0.0,0.0,,,,,,,,170.800425199374,179.13229221771266,,,,,,,,,,,,181.97232836221804,"rgba(239, 83, 80, 1.0)"
2023-03-06 00:00:00+00:00,174.8607507494,182.8297889676,173.2358275553,180.2627560491,71862,0.0,0.0,0.0,0.0,0.0,0.0,0.0,0.0,,,,,,,,170.82530694568177,179.12454817507773,,,,,,,,,,,,181.95495809712776,"rgba(239, 83, 80, 1.0)"
2023-03-07 00:00:00+00:00,169.9946243755,175.3015543819,169.6748256617,175.3015543819,55148,0.0,0.0,0.0,0.0,0.0,0.0,0.0,0.0,,,,,,,,170.8278708108943,179.1040288092711,,,,,,,,,,,,181.92755922628604,"rgba(239, 83, 80, 1.0)"
2023-03-08 00:00:00+00:00,173.3309028485,173.6852743962,168.9747257749,170.833015598,72097,0.0,0.0,0.0,0.0,0.0,0.0,0.0,0.0,,,,,,,,170.83256350799954,179.07858945160837,,,,,,,,,,,,181.89313722146042,"rgba(239, 83, 80, 1.0)"
2023-03-09 00:00:00+00:00,166.399049648,173.0543201772,165.949602807,173.0543201772,58002,0.0,0.0,0.0,0.0,0.0,0.0,0.0,0.0,,,,,,,,170.82495128493008,179.04812126775343,,,,,,,,,,,,181.8558029880461,"rgba(239, 83, 80, 1.0)"
2023-03-10 00:00:00+00:00,157.6607658752,166.597843443,155.5777526316,165.9582460155,97849,0.0,0.0,0.0,0.0,0.0,0.0,0.0,0.0,,,,,,,,170.76619315284395,178.95603352678154,,,,,,,,,,,,181.75349547815054,"rgba(239, 83, 80, 1.0)"
2023-03-13 00:00:00+00:00,149.5880091553,153.5465986389,146.7443935655,153.5293122219,130065,0.0,0.0,0.0,0.0,0.0,0.0,0.0,0.0,,,,,,,,170.617888040047,178.7714123869859,,,,,,,,,,,,181.5573772848468,"rgba(239, 83, 80, 1.0)"
2023-03-14 00:00:00+00:00,149.0434870211,156.5890080237,148.429819219,155.18880825,145437,0.0,0.0,0.0,0.0,0.0,0.0,0.0,0.0,,,,,,,,170.46556524904392,178.57759350176897,,,,,,,,,,,,181.35047834061945,"rgba(239, 83, 80, 1.0)"
2023-03-15 00:00:00+00:00,147.8680106678,147.8766538763,142.6129399123,144.2551495234,91747,0.0,0.0,0.0,0.0,0.0,0.0,0.0,0.0,,,,,,,,170.3447244936531,178.4334872532799,,,,,,,,,,,,181.19888611878707,"rgba(239, 83, 80, 1.0)"
2023-03-16 00:00:00+00:00,152.3106198263,153.6935331831,143.8229890994,145.5429875869,113193,0.0,0.0,0.0,0.0,0.0,0.0,0.0,0.0,,,,,,,,170.220549042399,178.278276980075,,,,,,,,,,,,181.03383545471164,"rgba(239, 83, 80, 1.0)"
2023-03-17 00:00:00+00:00,148.213739007,151.385796519,146.8481120673,150.1757473319,165827,0.0,0.0,0.0,0.0,0.0,0.0,0.0,0.0,,,,,,,,170.03138236870268,178.0450049886971,,,,,,,,,,,,180.78651289755413,"rgba(239, 83, 80, 1.0)"
2023-03-20 00:00:00+00:00,146.8653984842,151.0400681798,146.1307257635,150.5474052965,83529,0.0,0.0,0.0,0.0,0.0,0.0,0.0,0.0,,,,,,,,169.93379512684086,177.925703503888,,,,,,,,,,,,180.6602699450081,"rgba(239, 83, 80, 1.0)"
2023-03-21 00:00:00+00:00,153.0712221725,153.9614726459,149.5275066959,150.0288127877,84138,0.0,0.0,0.0,0.0,0.0,0.0,0.0,0.0,,,,,,,,169.85492072796742,177.82312419557496,,,,,,,,,,,,180.55022090144908,"rgba(239, 83, 80, 0.75)"
2023-03-22 00:00:00+00:00,148.8101203921,153.9355430205,148.213739007,153.0712221725,96548,0.0,0.0,0.0,0.0,0.0,0.0,0.0,0.0,,,,,,,,169.75579929605976,177.69791872773686,,,,,,,,,,,,180.41674025566797,"rgba(239, 83, 80, 0.75)"
2023-03-23 00:00:00+00:00,146.3813788094,152.4013735154,145.1972592477,148.6545426395,64732,0.0,0.0,0.0,0.0,0.0,0.0,0.0,0.0,,,,,,,,169.68201561490648,177.607530105877,,,,,,,,,,,,180.3210374497371,"rgba(239, 83, 80, 0.75)"
2023-03-24 00:00:00+00:00,145.4219826681,145.6337412759,142.6129399123,144.5922346541,79239,0.0,0.0,0.0,0.0,0.0,0.0,0.0,0.0,,,,,,,,169.5781687572288,177.48487538545484,,,,,,,,,,,,180.19227901444114,"rgba(239, 83, 80, 0.75)"
2023-03-27 00:00:00+00:00,151.8611729854,152.7471018545,149.0694166465,151.2820780173,63763,0.0,0.0,0.0,0.0,0.0,0.0,0.0,0.0,,,,,,,,169.51733408967917,177.40669312786923,,,,,,,,,,,,180.10860562419782,"rgba(239, 83, 80, 0.75)"
2023-03-28 00:00:00+00:00,152.2155445331,153.278659176,149.1212758974,150.2881090421,63885,0.0,0.0,0.0,0.0,0.0,0.0,0.0,0.0,,,,,,,,169.45782090647194,177.3297564984481,,,,,,,,,,,,180.02615762587817,"rgba(239, 83, 80, 0.75)"
2023-03-29 00:00:00+00:00,154.125693607,154.5059947801,151.3252940597,153.8145381018,89170,0.0,0.0,0.0,0.0,0.0,0.0,0.0,0.0,,,,,,,,169.3835974177767,177.23049208103592,,,,,,,,,,,,179.9190131016943,"rgba(239, 83, 80, 0.75)"
2023-03-30 00:00:00+00:00,155.4481045044,158.1707151754,153.4601665541,156.1136315573,98616,0.0,0.0,0.0,0.0,0.0,0.0,0.0,0.0,,,,,,,,169.31431592570127,177.13246854303856,,,,,,,,,,,,179.81200165336185,"rgba(239, 83, 80, 0.75)"
2023-03-31 00:00:00+00:00,164.5580462418,165.2408597117,154.8776527447,156.3037821439,146744,0.0,0.0,0.0,0.0,0.0,0.0,0.0,0.0,,,,,,,,169.25635206456323,177.02770595123815,,,,,,,,,,,,179.6928078400111,#000000
2023-04-03 00:00:00+00:00,160.1154370833,164.0480969415,156.8915203205,163.9011623974,84737,0.0,0.0,0.0,0.0,0.0,0.0,0.0,0.0,,,,,,,,169.21808636085063,176.96317943414573,,,,,,,,,,,,179.62015111786886,#000000
2023-04-04 00:00:00+00:00,156.882877112,160.2796580445,155.0073008719,160.1500099173,103433,0.0,0.0,0.0,0.0,0.0,0.0,0.0,0.0,,,,,,,,169.1563668540981,176.87116668556322,,,,,,,,,,,,179.51868132888836,#000000
2023-04-05 00:00:00+00:00,155.387602045,157.0427764689,153.8058948933,154.8776527447,113070,0.0,0.0,0.0,0.0,0.0,0.0,0.0,0.0,,,,,,,,169.07841152276046,176.76145355825955,,,,,,,,,,,,179.39899193042663,#000000
2023-04-06 00:00:00+00:00,154.8949391617,157.3841832038,153.4169505117,155.3443860026,109991,0.0,0.0,0.0,0.0,0.0,0.0,0.0,0.0,,,,,,,,169.00243479094087,176.65490801828372,,,,,,,,,,,,179.28283120666464,#000000
2023-04-10 00:00:00+00:00,155.6814711333,156.8310178611,153.0193629216,154.540567614,50049,0.0,0.0,0.0,0.0,0.0,0.0,0.0,0.0,,,,,,,,168.96800223392216,176.60665212297306,,,,,,,,,,,,179.23022420197248,#000000
2023-04-11 00:00:00+00:00,158.3090065111,160.5908135497,156.0012698471,156.0012698471,62987,0.0,0.0,0.0,0.0,0.0,0.0,0.0,0.0,,,,,,,,168.9346700246868,176.5550350126204,,,,,,,,,,,,179.17289745747422,#000000
2023-04-12 00:00:00+00:00,156.26920931,160.2883012529,156.2605661015,160.1759395427,47099,0.0,0.0,0.0,0.0,0.0,0.0,0.0,0.0,,,,,,,,168.90826290841648,176.51516687505338,,,,,,,,,,,,179.12881657413365,#000000
2023-04-13 00:00:00+00:00,157.5570473734,158.0583534652,155.6468982994,157.6607658752,41142,0.0,0.0,0.0,0.0,0.0,0.0,0.0,0.0,,,,,,,,168.884242449167,176.4795268621459,,,,,,,,,,,,179.08953390449474,#000000
2023-04-14 00:00:00+00:00,159.1992569845,160.6599592176,156.3124253523,158.793026186,50886,0.0,0.0,0.0,0.0,0.0,0.0,0.0,0.0,,,,,,,,168.85877031788104,176.43933104858323,,,,,,,,,,,,179.04474018422798,#000000
2023-04-17 00:00:00+00:00,162.18116391,162.5528218746,158.2571472602,159.1992569845,38845,0.0,0.0,0.0,0.0,0.0,0.0,0.0,0.0,,,,,,,,168.843753411669,176.41269051722924,,,,,,,,,,,,179.01448855397942,"rgba(38, 166, 154, 1.0)"
2023-04-18 00:00:00+00:00,162.0169429488,162.993625507,160.9365418889,162.8380477544,51043,0.0,0.0,0.0,0.0,0.0,0.0,0.0,0.0,,,,,,,,168.82657485684513,176.38005241311538,,,,,,,,,,,,178.97705670789773,"rgba(38, 166, 154, 1.0)"
2023-04-19 00:00:00+00:00,163.0281983409,165.1803572524,160.4611654225,160.4611654225,73100,0.0,0.0,0.0,0.0,0.0,0.0,0.0,0.0,,,,,,,,168.80536467068958,176.3364969839795,,,,,,,,,,,,178.92658266309513,"rgba(38, 166, 154, 1.0)"
2023-04-20 00:00:00+00:00,161.8786516132,162.2416663693,160.2580500233,161.1871949348,65300,0.0,0.0,0.0,0.0,0.0,0.0,0.0,0.0,,,,,,,,168.7819946441654,176.29371240606952,,,,,,,,,,,,178.87776345145357,"rgba(38, 166, 154, 1.0)"
2023-04-21 00:00:00+00:00,163.408499514,164.1258858178,160.0635778325,162.4577465813,70359,0.0,0.0,0.0,0.0,0.0,0.0,0.0,0.0,,,,,,,,168.76064610394312,176.25120297084015,,,,,,,,,,,,178.82868874606538,"rgba(38, 166, 154, 1.0)"
2023-04-24 00:00:00+00:00,162.0688021997,163.5900068921,160.1154370833,163.0973440088,55726,0.0,0.0,0.0,0.0,0.0,0.0,0.0,0.0,,,,,,,,168.74220043983954,176.21623671184213,,,,,,,,,,,,178.78858688607878,"rgba(38, 166, 154, 1.0)"
2023-04-25 00:00:00+00:00,157.3323239529,162.0601589912,157.3323239529,160.2883012529,47449,0.0,0.0,0.0,0.0,0.0,0.0,0.0,0.0,,,,,,,,168.71965812781625,176.18034252449323,,,,,,,,,,,,178.74851011598594,"rgba(38, 166, 154, 0.75)"
2023-04-26 00:00:00+00:00,153.7540356424,158.7325237266,152.9847900877,156.5025759389,77173,0.0,0.0,0.0,0.0,0.0,0.0,0.0,0.0,,,,,,,,168.6692808706228,176.109669558731,,,,,,,,,,,,178.67141272307836,#000000
2023-04-27 00:00:00+00:00,155.3616724196,155.3616724196,152.692347784,154.9080616972,85204,0.0,0.0,0.0,0.0,0.0,0.0,0.0,0.0,,,,,,,,168.6112954315184,176.0296580976208,,,,,,,,,,,,178.5844119331721,"rgba(239, 83, 80, 0.5)"
2023-04-28 00:00:00+00:00,158.9469417831,160.4909628959,152.5447498335,156.7922908518,43035,0.0,0.0,0.0,0.0,0.0,0.0,0.0,0.0,,,,,,,,168.58806642073176,175.9947937416285,,,,,,,,,,,,178.5458827697417,#000000
2023-05-01 00:00:00+00:00,153.6082925119,161.0056366001,153.0325558258,159.4179990718,50624,0.0,0.0,0.0,0.0,0.0,0.0,0.0,0.0,,,,,,,,168.557371444562,175.95078455498123,,,,,,,,,,,,178.49766231348343,"rgba(239, 83, 80, 0.5)"
2023-05-02 00:00:00+00:00,152.7795806152,153.5210596807,149.072185288,152.552775254,53099,0.0,0.0,0.0,0.0,0.0,0.0,0.0,0.0,,,,,,,,168.51499416180974,175.89546192646398,,,,,,,,,,,,178.43819443834445,"rgba(239, 83, 80, 0.5)"
2023-05-03 00:00:00+00:00,150.9825842919,155.3093327209,150.5987598345,153.0151092595,44509,0.0,0.0,0.0,0.0,0.0,0.0,0.0,0.0,,,,,,,,168.480706734321,175.85025311555435,,,,,,,,,,,,178.38949311911725,"rgba(239, 83, 80, 0.5)"
2023-05-04 00:00:00+00:00,145.9230800806,149.3426070648,144.2133165885,149.3426070648,54431,0.0,0.0,0.0,0.0,0.0,0.0,0.0,0.0,,,,,,,,168.42400558331084,175.78163559794285,,,,,,,,,,,,178.31698834986835,"rgba(239, 83, 80, 1.0)"
2023-05-05 00:00:00+00:00,147.231572549,150.1451491121,144.6887355187,149.3687769141,98552,0.0,0.0,0.0,0.0,0.0,0.0,0.0,0.0,,,,,,,,168.32609064509117,175.66184359133848,,,,,,,,,,,,178.19008130384378,"rgba(239, 83, 80, 1.0)"
2023-05-08 00:00:00+00:00,145.7311678519,148.1475172769,144.5448013472,148.1475172769,38096,0.0,0.0,0.0,0.0,0.0,0.0,0.0,0.0,,,,,,,,168.28630737066527,175.61383288078233,,,,,,,,,,,,178.13938237441351,"rgba(239, 83, 80, 1.0)"
2023-05-09 00:00:00+00:00,146.2545648392,149.2030345348,143.9341715285,144.1958700222,49689,0.0,0.0,0.0,0.0,0.0,0.0,0.0,0.0,,,,,,,,168.2353847264618,175.55212941365673,,,,,,,,,,,,178.07416038697588,"rgba(239, 83, 80, 1.0)"
2023-05-10 00:00:00+00:00,148.4790020356,149.3338837816,144.8675628227,149.3338837816,54829,0.0,0.0,0.0,0.0,0.0,0.0,0.0,0.0,,,,,,,,168.1822849782834,175.4869000960707,,,,,,,,,,,,178.00498766704487,"rgba(239, 83, 80, 1.0)"
2023-05-11 00:00:00+00:00,149.4123933298,150.2585517927,146.734345411,146.734345411,44632,0.0,0.0,0.0,0.0,0.0,0.0,0.0,0.0,,,,,,,,168.14185193024878,175.4363768044948,,,,,,,,,,,,177.95119764671512,"rgba(239, 83, 80, 0.75)"
2023-05-12 00:00:00+00:00,149.5868589922,151.0000308581,147.7375229701,150.4504640214,27892,0.0,0.0,0.0,0.0,0.0,0.0,0.0,0.0,,,,,,,,168.11750249288514,175.4056561676999,,,,,,,,,,,,177.91841849955227,"rgba(239, 83, 80, 0.5)"
2023-05-15 00:00:00+00:00,152.1863973629,154.0095635355,148.6447444149,150.066639564,33221,0.0,0.0,0.0,0.0,0.0,0.0,0.0,0.0,,,,,,,,168.0919468980771,175.372213825627,,,,,,,,,,,,177.88244529351465,"rgba(239, 83, 80, 0.5)"
2023-05-16 00:00:00+00:00,149.9619601665,151.6019373936,149.7438780884,150.6249296838,31902,0.0,0.0,0.0,0.0,0.0,0.0,0.0,0.0,,,,,,,,168.06573181299987,175.33860020128202,,,,,,,,,,,,177.84644833165603,"rgba(239, 83, 80, 0.5)"
2023-05-17 00:00:00+00:00,155.745496877,157.0888824779,150.9302445931,150.9302445931,46180,0.0,0.0,0.0,0.0,0.0,0.0,0.0,0.0,,,,,,,,168.03682686965806,175.2981892336121,,,,,,,,,,,,177.80237583052445,#000000
2023-05-18 00:00:00+00:00,159.8454399448,160.3688369322,154.2712620292,154.2712620292,38561,0.0,0.0,0.0,0.0,0.0,0.0,0.0,0.0,,,,,,,,168.01917398972185,175.27036778246455,,,,,,,,,,,,177.77134797503817,"rgba(38, 166, 154, 1.0)"
2023-05-19 00:00:00+00:00,160.0984151554,162.1134935568,156.6527183218,162.1134935568,52395,0.0,0.0,0.0,0.0,0.0,0.0,0.0,0.0,,,,,,,,167.99882587913746,175.23592264331202,,,,,,,,,,,,177.73247203811215,"rgba(38, 166, 154, 1.0)"
2023-05-22 00:00:00+00:00,161.7296690993,163.552835272,160.6130888596,161.494140455,64657,0.0,0.0,0.0,0.0,0.0,0.0,0.0,0.0,,,,,,,,167.98083821184693,175.1999735045611,,,,,,,,,,,,177.6909054102033,"rgba(38, 166, 154, 1.0)"
2023-05-23 00:00:00+00:00,164.0936788257,166.1523736427,160.360113649,160.7701079558,62073,0.0,0.0,0.0,0.0,0.0,0.0,0.0,0.0,,,,,,,,167.96815124053794,175.1697167505551,,,,,,,,,,,,177.6551696261844,"rgba(38, 166, 154, 1.0)"
2023-05-24 00:00:00+00:00,161.6075431356,163.1602875315,160.6305354259,162.4100851829,50652,0.0,0.0,0.0,0.0,0.0,0.0,0.0,0.0,,,,,,,,167.95381882866434,175.14147650057197,,,,,,,,,,,,177.62257368492763,"rgba(38, 166, 154, 1.0)"
2023-05-25 00:00:00+00:00,164.9223907223,165.6289766553,161.3022282263,162.2181729542,44408,0.0,0.0,0.0,0.0,0.0,0.0,0.0,0.0,,,,,,,,167.94568207491716,175.12079268539551,,,,,,,,,,,,177.59797723205412,"rgba(38, 166, 154, 1.0)"
2023-05-26 00:00:00+00:00,169.5370074944,170.466037147,163.9977227113,164.6257990962,31378,0.0,0.0,0.0,0.0,0.0,0.0,0.0,0.0,,,,,,,,167.94576035133284,175.1115051661381,,,,,,,,,,,,177.58579180573804,"rgba(38, 166, 154, 1.0)"
2023-05-30 00:00:00+00:00,170.1040208974,170.6186946016,169.222969302,169.9208319518,32943,0.0,0.0,0.0,0.0,0.0,0.0,0.0,0.0,,,,,,,,167.94882187999283,175.10449037197662,,,,,,,,,,,,177.5756697624708,"rgba(38, 166, 154, 1.0)"
2023-05-31 00:00:00+00:00,166.4227954195,168.7606352964,165.533020541,168.7606352964,42932,0.0,0.0,0.0,0.0,0.0,0.0,0.0,0.0,,,,,,,,167.9467814357776,175.08990436289483,,,,,,,,,,,,177.55719115781815,"rgba(38, 166, 154, 1.0)"
2023-06-01 00:00:00+00:00,169.8510456868,171.2903874021,165.7423793359,165.8121656009,33059,0.0,0.0,0.0,0.0,0.0,0.0,0.0,0.0,,,,,,,,167.94830690064748,175.08152033020417,,,,,,,,,,,,177.54574342736538,"rgba(38, 166, 154, 1.0)"
2023-06-02 00:00:00+00:00,176.1143629691,177.6583840818,171.7876145401,172.5465401718,58915,0.0,0.0,0.0,0.0,0.0,0.0,0.0,0.0,,,,,,,,167.96765222607988,175.0817763418215,,,,,,,,,,,,177.54015803676523,"rgba(38, 166, 154, 1.0)"
2023-06-05 00:00:00+00:00,173.5584410141,175.8352179091,169.8335991206,174.4656624588,60798,0.0,0.0,0.0,0.0,0.0,0.0,0.0,0.0,,,,,,,,167.98170154769593,175.07675431727287,,,,,,,,,,,,177.52927623446192,"rgba(38, 166, 154, 1.0)"
2023-06-06 00:00:00+00:00,180.580683928,181.1651438973,172.9652577617,172.9652577617,57817,0.0,0.0,0.0,0.0,0.0,0.0,0.0,0.0,,,,,,,,168.00845484177628,175.08426018836167,,,,,,,,,,,,177.53091297278328,"rgba(38, 166, 154, 1.0)"
2023-06-07 00:00:00+00:00,185.6489114225,187.0882531377,182.1857680226,182.1857680226,72813,0.0,0.0,0.0,0.0,0.0,0.0,0.0,0.0,,,,,,,,168.06401102879124,175.11375401659885,,,,,,,,,,,,177.55252818826918,"rgba(38, 166, 154, 1.0)"
2023-06-08 00:00:00+00:00,184.270632689,184.6282872971,181.0212097257,184.5323311827,50510,0.0,0.0,0.0,0.0,0.0,0.0,0.0,0.0,,,,,,,,168.098557330258,175.13066793323335,,,,,,,,,,,,177.56409640364515,"rgba(38, 166, 154, 1.0)"
2023-06-09 00:00:00+00:00,183.3895810936,185.7972072355,181.6362011859,185.7972072355,36101,0.0,0.0,0.0,0.0,0.0,0.0,0.0,0.0,,,,,,,,168.12363951591595,175.14315749020943,,,,,,,,,,,,177.57276790694868,"rgba(38, 166, 154, 1.0)"
2023-06-12 00:00:00+00:00,185.5616785912,185.7535908199,180.8772755542,182.2468310045,47269,0.0,0.0,0.0,0.0,0.0,0.0,0.0,0.0,,,,,,,,168.1573232489184,175.16033420038394,,,,,,,,,,,,177.5849404802338,"rgba(38, 166, 154, 1.0)"
2023-06-13 00:00:00+00:00,187.5505871433,189.373753316,185.2040239832,185.2040239832,44415,0.0,0.0,0.0,0.0,0.0,0.0,0.0,0.0,,,,,,,,168.19540660118196,175.18239468172783,,,,,,,,,,,,177.60216181864584,"rgba(38, 166, 154, 1.0)"
2023-06-14 00:00:00+00:00,184.8463693751,188.8154631961,176.4371244446,187.035913439,44586,0.0,0.0,0.0,0.0,0.0,0.0,0.0,0.0,,,,,,,,168.22552462340238,175.1972040786704,,,,,,,,,,,,177.61232127230448,"rgba(38, 166, 154, 1.0)"
2023-06-15 00:00:00+00:00,187.8820719019,188.2658963593,184.2793559722,184.7242434114,49739,0.0,0.0,0.0,0.0,0.0,0.0,0.0,0.0,,,,,,,,168.26659058378908,175.22059794003755,,,,,,,,,,,,177.63036873335548,"rgba(38, 166, 154, 1.0)"
2023-06-16 00:00:00+00:00,184.6370105802,189.2952437678,182.3078939864,188.9899288585,105446,0.0,0.0,0.0,0.0,0.0,0.0,0.0,0.0,,,,,,,,168.34654430106005,175.26394637894202,,,,,,,,,,,,177.6626133983576,"rgba(38, 166, 154, 0.75)"
2023-06-20 00:00:00+00:00,181.9066229627,184.4189285021,181.6013080534,184.3927586528,33405,0.0,0.0,0.0,0.0,0.0,0.0,0.0,0.0,,,,,,,,168.36763071785253,175.2738737879482,,,,,,,,,,,,177.6691405338542,"rgba(38, 166, 154, 0.75)"
2023-06-21 00:00:00+00:00,178.4347562798,181.7496038665,178.4347562798,181.0081248011,20248,0.0,0.0,0.0,0.0,0.0,0.0,0.0,0.0,,,,,,,,168.3776103022605,175.27734993046218,,,,,,,,,,,,177.6706255129213,"rgba(38, 166, 154, 0.75)"
2023-06-22 00:00:00+00:00,174.0382215858,178.0160386899,172.6861127018,178.0160386899,43532,0.0,0.0,0.0,0.0,0.0,0.0,0.0,0.0,,,,,,,,168.39013807212618,175.27671352634118,,,,,,,,,,,,177.66592769015034,"rgba(38, 166, 154, 0.5)"
2023-06-23 00:00:00+00:00,171.6480420101,172.8867482136,169.8597689699,172.4244142081,77174,0.0,0.0,0.0,0.0,0.0,0.0,0.0,0.0,,,,,,,,168.4005508320117,175.2649316321652,,,,,,,,,,,,177.64725302127928,#000000
2023-06-26 00:00:00+00:00,171.8922939376,174.7187249022,171.2206011371,171.2903874021,32482,0.0,0.0,0.0,0.0,0.0,0.0,0.0,0.0,,,,,,,,168.4065431537094,175.26148297310735,,,,,,,,,,,,177.64087692628723,"rgba(239, 83, 80, 1.0)"
2023-06-27 00:00:00+00:00,174.6837445369,175.9050041741,173.5671642972,173.628227279,32133,0.0,0.0,0.0,0.0,0.0,0.0,0.0,0.0,,,,,,,,168.41541849502175,175.26078616686794,,,,,,,,,,,,177.63722191840637,"rgba(239, 83, 80, 1.0)"
2023-06-28 00:00:00+00:00,173.4188684841,175.3379907711,173.1658932735,173.3055530363,23655,0.0,0.0,0.0,0.0,0.0,0.0,0.0,0.0,,,,,,,,168.42116650505955,175.2595716063829,,,,,,,,,,,,177.63385232096525,"rgba(239, 83, 80, 1.0)"
2023-06-29 00:00:00+00:00,174.5354487238,177.2483897751,174.1603475495,174.7360842357,32488,0.0,0.0,0.0,0.0,0.0,0.0,0.0,0.0,,,,,,,,168.4309425083169,175.25964302903373,,,,,,,,,,,,177.63092601244986,"rgba(239, 83, 80, 1.0)"
2023-06-30 00:00:00+00:00,172.2586718287,176.8035023358,172.1278225819,176.8035023358,31498,0.0,0.0,0.0,0.0,0.0,0.0,0.0,0.0,,,,,,,,168.43821828691136,175.25772506596206,,,,,,,,,,,,177.62615958410444,"rgba(239, 83, 80, 1.0)"
2023-07-03 00:00:00+00:00,173.9509887546,175.0215100594,171.7527214076,171.7527214076,23686,0.0,0.0,0.0,0.0,0.0,0.0,0.0,0.0,,,,,,,,168.44351661464245,175.25614001398264,,,,,,,,,,,,177.6224407517205,"rgba(239, 83, 80, 1.0)"
2023-07-05 00:00:00+00:00,171.2729408358,173.8332244324,170.6099713185,172.2412252625,47167,0.0,0.0,0.0,0.0,0.0,0.0,0.0,0.0,,,,,,,,168.4506125020008,175.24986629028356,,,,,,,,,,,,177.61200890085172,"rgba(239, 83, 80, 1.0)"
2023-07-06 00:00:00+00:00,168.1063890622,168.9176543927,164.2158047894,168.9176543927,43992,0.0,0.0,0.0,0.0,0.0,0.0,0.0,0.0,,,,,,,,168.44799712905325,175.23562408431698,,,,,,,,,,,,177.59411525854514,"rgba(239, 83, 80, 1.0)"
2023-07-07 00:00:00+00:00,168.5774463509,170.4180590898,168.5687230677,168.8478681277,31548,0.0,0.0,0.0,0.0,0.0,0.0,0.0,0.0,,,,,,,,168.4490084413188,175.22807325803075,,,,,,,,,,,,177.58388595268818,"rgba(239, 83, 80, 1.0)"
2023-07-10 00:00:00+00:00,170.1127441805,171.211877854,167.4870359605,167.8883069841,29153,0.0,0.0,0.0,0.0,0.0,0.0,0.0,0.0,,,,,,,,168.4504649278436,175.2215916082963,,,,,,,,,,,,177.5749223835827,"rgba(239, 83, 80, 1.0)"
2023-07-11 00:00:00+00:00,172.1452691481,172.8344085149,169.2753090007,169.3014788501,22591,0.0,0.0,0.0,0.0,0.0,0.0,0.0,0.0,,,,,,,,168.45336255496903,175.21819811778,,,,,,,,,,,,177.56956820430477,"rgba(239, 83, 80, 1.0)"
2023-07-12 00:00:00+00:00,175.5996892648,176.5941435408,174.5877884226,175.6433056804,33266,0.0,0.0,0.0,0.0,0.0,0.0,0.0,0.0,,,,,,,,168.46361362050385,175.2186910625038,,,,,,,,,,,,177.56704134225544,"rgba(239, 83, 80, 0.75)"
2023-07-13 00:00:00+00:00,179.4030407064,179.9526075432,175.5735194155,177.1873267932,39159,0.0,0.0,0.0,0.0,0.0,0.0,0.0,0.0,,,,,,,,168.48022486003532,175.2234581085878,,,,,,,,,,,,177.56815779884462,#000000
2023-07-14 00:00:00+00:00,180.2317526031,180.8423824217,177.0390309801,179.3855941402,40533,0.0,0.0,0.0,0.0,0.0,0.0,0.0,0.0,,,,,,,,168.4992101755371,175.23006849621225,,,,,,,,,,,,177.5709587939933,"rgba(38, 166, 154, 0.5)"
2023-07-17 00:00:00+00:00,181.357056126,183.7821288341,179.1762353452,179.3245311583,33817,0.0,0.0,0.0,0.0,0.0,0.0,0.0,0.0,,,,,,,,168.5180016786668,175.23831290683236,,,,,,,,,,,,177.5759653265465,"rgba(38, 166, 154, 1.0)"
2023-07-18 00:00:00+00:00,188.8154631961,188.8154631961,181.2523767285,181.2523767285,35601,0.0,0.0,0.0,0.0,0.0,0.0,0.0,0.0,,,,,,,,168.54513857766835,175.25374776987647,,,,,,,,,,,,177.58783068803208,"rgba(38, 166, 154, 1.0)"
2023-07-19 00:00:00+00:00,188.9026960273,190.6037362363,187.5505871433,188.0652608475,26601,0.0,0.0,0.0,0.0,0.0,0.0,0.0,0.0,,,,,,,,168.56846543180248,175.26809167275817,,,,,,,,,,,,177.5994431954674,"rgba(38, 166, 154, 1.0)"
2023-07-20 00:00:00+00:00,189.0160987079,189.6005586771,186.4046094394,187.9780280163,27487,0.0,0.0,0.0,0.0,0.0,0.0,0.0,0.0,,,,,,,,168.59171550463626,175.28215208286113,,,,,,,,,,,,177.6107061599055,"rgba(38, 166, 154, 1.0)"
2023-07-21 00:00:00+00:00,187.3673981977,189.7052380746,186.9225107584,189.7052380746,20741,0.0,0.0,0.0,0.0,0.0,0.0,0.0,0.0,,,,,,,,168.60892003328308,175.29246433119673,,,,,,,,,,,,177.61891886250731,"rgba(38, 166, 154, 1.0)"
2023-07-24 00:00:00+00:00,190.6735225013,190.7694786156,187.1144229871,187.1144229871,25608,0.0,0.0,0.0,0.0,0.0,0.0,0.0,0.0,,,,,,,,168.6317824074693,175.30669449186664,,,,,,,,,,,,177.6305238591196,"rgba(38, 166, 154, 1.0)"
2023-07-25 00:00:00+00:00,189.2690739185,194.6164464728,189.1295013885,190.1065090983,44314,0.0,0.0,0.0,0.0,0.0,0.0,0.0,0.0,,,,,,,,168.67403327750915,175.33381972821417,,,,,,,,,,,,177.65305587097282,"rgba(38, 166, 154, 1.0)"
2023-07-26 00:00:00+00:00,189.164394521,191.1184099405,187.96058145,188.9812055754,19923,0.0,0.0,0.0,0.0,0.0,0.0,0.0,0.0,,,,,,,,168.6916274971288,175.3447497128301,,,,,,,,,,,,177.66195745228669,"rgba(38, 166, 154, 1.0)"
2023-07-27 00:00:00+00:00,183.9042547979,189.3650300328,182.3427871189,188.6846139492,34617,0.0,0.0,0.0,0.0,0.0,0.0,0.0,0.0,,,,,,,,168.71593035896612,175.3580295077226,,,,,,,,,,,,177.67186262895012,"rgba(38, 166, 154, 0.75)"
2023-07-28 00:00:00+00:00,177.45774857,184.5637977743,175.4173978084,177.8798901069,58866,0.0,0.0,0.0,0.0,0.0,0.0,0.0,0.0,,,,,,,,168.74197012844925,175.36668657099472,,,,,,,,,,,,177.6751481844027,"rgba(38, 166, 154, 0.5)"
2023-07-31 00:00:00+00:00,180.931621634,183.5216358551,177.9678362604,178.4251562587,46248,0.0,0.0,0.0,0.0,0.0,0.0,0.0,0.0,,,,,,,,168.76558816500358,175.3764365514431,,,,,,,,,,,,177.68062152481437,#000000
2023-08-01 00:00:00+00:00,180.5534531739,181.4812850935,177.5720785696,179.4893047163,43794,0.0,0.0,0.0,0.0,0.0,0.0,0.0,0.0,,,,,,,,168.78613219697328,175.3840477123217,,,,,,,,,,,,177.68423696167872,#000000
2023-08-02 00:00:00+00:00,178.7769408728,181.3449685555,176.6134654962,180.1137224063,38078,0.0,0.0,0.0,0.0,0.0,0.0,0.0,0.0,,,,,,,,168.8023957840778,175.3892366670264,,,,,,,,,,,,177.68599783212062,#000000
2023-08-03 00:00:00+00:00,179.5948401005,180.3511770208,177.6512301078,177.6512301078,30761,0.0,0.0,0.0,0.0,0.0,0.0,0.0,0.0,,,,,,,,168.81586837582867,175.39375835711397,,,,,,,,,,,,177.6877491827702,"rgba(239, 83, 80, 1.0)"
2023-08-04 00:00:00+00:00,181.1251031717,184.0449154686,178.8648870263,178.8648870263,47925,0.0,0.0,0.0,0.0,0.0,0.0,0.0,0.0,,,,,,,,168.84111258850498,175.4047422947974,,,,,,,,,,,,177.6943324293499,#000000
2023-08-07 00:00:00+00:00,184.6253600818,185.9885254613,180.9228270187,181.0371570182,35582,0.0,0.0,0.0,0.0,0.0,0.0,0.0,0.0,,,,,,,,168.86352462470052,175.41629307633212,,,,,,,,,,,,177.70254236727774,#000000
2023-08-08 00:00:00+00:00,181.0371570182,182.0837162451,178.0381931832,182.0837162451,50003,0.0,0.0,0.0,0.0,0.0,0.0,0.0,0.0,,,,,,,,168.88766117669954,175.42583244135972,,,,,,,,,,,,177.7075667357815,#000000
2023-08-09 00:00:00+00:00,178.8209139496,180.2984093287,177.5984624156,179.4629208702,30690,0.0,0.0,0.0,0.0,0.0,0.0,0.0,0.0,,,,,,,,168.90052445020962,175.42992729495842,,,,,,,,,,,,177.70894210493103,#000000
2023-08-10 00:00:00+00:00,178.0909608753,182.5498308587,177.132347802,178.9176547184,36265,0.0,0.0,0.0,0.0,0.0,0.0,0.0,0.0,,,,,,,,168.91621481880279,175.43524203648627,,,,,,,,,,,,177.71103969561102,"rgba(239, 83, 80, 1.0)"
2023-08-11 00:00:00+00:00,176.2968593436,178.882476257,174.8809262719,177.8798901069,62236,0.0,0.0,0.0,0.0,0.0,0.0,0.0,0.0,,,,,,,,168.93636452746287,175.4382170564527,,,,,,,,,,,,177.7086644945232,"rgba(239, 83, 80, 1.0)"
2023-08-14 00:00:00+00:00,175.4525762698,176.9652501103,173.7024478148,175.6196739615,39514,0.0,0.0,0.0,0.0,0.0,0.0,0.0,0.0,,,,,,,,168.9469448788801,175.43811941531945,,,,,,,,,,,,177.70523143662456,"rgba(239, 83, 80, 1.0)"
2023-08-15 00:00:00+00:00,171.6181239764,174.8721316566,170.4308509039,173.4737878156,35677,0.0,0.0,0.0,0.0,0.0,0.0,0.0,0.0,,,,,,,,168.9519240471981,175.43386489340463,,,,,,,,,,,,177.69807561434104,"rgba(239, 83, 80, 1.0)"
2023-08-16 00:00:00+00:00,172.1282116668,174.3180708894,170.5627701341,170.5627701341,22907,0.0,0.0,0.0,0.0,0.0,0.0,0.0,0.0,,,,,,,,168.9551410972811,175.43116485156835,,,,,,,,,,,,177.69351602401224,"rgba(239, 83, 80, 1.0)"
2023-08-17 00:00:00+00:00,176.4287785738,180.0785439449,172.4799962809,173.7815993529,65817,0.0,0.0,0.0,0.0,0.0,0.0,0.0,0.0,,,,,,,,168.9752255101662,175.43340815871434,,,,,,,,,,,,177.69019037706582,"rgba(239, 83, 80, 1.0)"
2023-08-18 00:00:00+00:00,173.6936531994,176.0418154984,172.6822724339,175.3734247316,41832,0.0,0.0,0.0,0.0,0.0,0.0,0.0,0.0,,,,,,,,168.98414963180232,175.43135647420587,,,,,,,,,,,,177.68469783573394,"rgba(239, 83, 80, 1.0)"
2023-08-21 00:00:00+00:00,172.4975855116,174.3796331969,171.2927232084,174.3796331969,23339,0.0,0.0,0.0,0.0,0.0,0.0,0.0,0.0,,,,,,,,168.98775132798443,175.428963338304,,,,,,,,,,,,177.68041992804436,"rgba(239, 83, 80, 1.0)"
2023-08-22 00:00:00+00:00,171.7412485913,173.4737878156,170.7562516719,172.4712016655,21570,0.0,0.0,0.0,0.0,0.0,0.0,0.0,0.0,,,,,,,,168.9904220134412,175.4261572679874,,,,,,,,,,,,177.6758892616903,"rgba(239, 83, 80, 1.0)"
2023-08-23 00:00:00+00:00,176.4727516506,176.7805631879,171.758837822,171.758837822,21993,0.0,0.0,0.0,0.0,0.0,0.0,0.0,0.0,,,,,,,,168.99587069282296,175.4258063381758,,,,,,,,,,,,177.673721844065,"rgba(239, 83, 80, 0.75)"
2023-08-24 00:00:00+00:00,173.5617339691,179.1023416408,173.4781851233,175.3646301163,38919,0.0,0.0,0.0,0.0,0.0,0.0,0.0,0.0,,,,,,,,169.00609158933625,175.4257401533424,,,,,,,,,,,,177.67043495786123,"rgba(239, 83, 80, 0.75)"
2023-08-25 00:00:00+00:00,176.5870816502,177.9590416451,175.1623539632,175.6988254996,21889,0.0,0.0,0.0,0.0,0.0,0.0,0.0,0.0,,,,,,,,169.01289499848428,175.42668437642018,,,,,,,,,,,,177.66954807649282,"rgba(239, 83, 80, 0.75)"
2023-08-28 00:00:00+00:00,178.5922539504,179.5860454852,176.3804081894,177.2642670323,32537,0.0,0.0,0.0,0.0,0.0,0.0,0.0,0.0,,,,,,,,169.02514421432397,175.43006658291392,,,,,,,,,,,,177.6701660373145,#000000
2023-08-29 00:00:00+00:00,179.6476077926,180.0961331756,178.5658701043,179.3046177939,24715,0.0,0.0,0.0,0.0,0.0,0.0,0.0,0.0,,,,,,,,169.03569372742916,175.43379309497158,,,,,,,,,,,,177.67176929524607,#000000
2023-08-30 00:00:00+00:00,180.0521600988,181.1954600946,178.3635939513,178.5922539504,18680,0.0,0.0,0.0,0.0,0.0,0.0,0.0,0.0,,,,,,,,169.04398506692058,175.4369098527673,,,,,,,,,,,,177.67327657240656,"rgba(38, 166, 154, 0.5)"
2023-08-31 00:00:00+00:00,182.1364839372,183.2358108562,179.0671631794,179.4805101009,83784,0.0,0.0,0.0,0.0,0.0,0.0,0.0,0.0,,,,,,,,169.0865231986857,175.45589070367473,,,,,,,,,,,,177.68494524586845,"rgba(38, 166, 154, 1.0)"
2023-09-01 00:00:00+00:00,185.1970100797,186.8855762272,182.8840262421,182.8840262421,33851,0.0,0.0,0.0,0.0,0.0,0.0,0.0,0.0,,,,,,,,169.10847020831275,175.46797323408575,,,,,,,,,,,,177.69398007577442,"rgba(38, 166, 154, 1.0)"
2023-09-05 00:00:00+00:00,177.8623008762,184.6869223893,177.6776139538,183.279783933,44114,0.0,0.0,0.0,0.0,0.0,0.0,0.0,0.0,,,,,,,,169.12815959229016,175.47557117424728,,,,,,,,,,,,177.6978131194545,"rgba(38, 166, 154, 0.75)"
2023-09-06 00:00:00+00:00,176.8245362647,178.5306916429,175.3426435779,177.119155879,24849,0.0,0.0,0.0,0.0,0.0,0.0,0.0,0.0,,,,,,,,169.13601043695874,175.4768923818128,,,,,,,,,,,,177.69708985817797,"rgba(38, 166, 154, 0.5)"
2023-09-07 00:00:00+00:00,175.9626639602,175.9890478063,173.4649932003,175.4525762698,33335,0.0,0.0,0.0,0.0,0.0,0.0,0.0,0.0,,,,,,,,169.14413492478005,175.47647213669265,,,,,,,,,,,,177.69398526536577,#000000
2023-09-08 00:00:00+00:00,176.1913239593,177.5720785696,173.7464208915,174.0982055056,23134,0.0,0.0,0.0,0.0,0.0,0.0,0.0,0.0,,,,,,,,169.150414997701,175.47678262105018,,,,,,,,,,,,177.69242227254466,#000000
2023-09-11 00:00:00+00:00,175.9626639602,177.132347802,173.8959293525,177.1147585713,30551,0.0,0.0,0.0,0.0,0.0,0.0,0.0,0.0,,,,,,,,169.15847641601144,175.4769951317079,,,,,,,,,,,,177.69017019633574,#000000
2023-09-12 00:00:00+00:00,177.6336408771,179.6212239466,174.7404762647,175.4525762698,22646,0.0,0.0,0.0,0.0,0.0,0.0,0.0,0.0,,,,,,,,169.1659681158688,175.47855737208005,,,,,,,,,,,,177.6898755414175,#000000
2023-09-13 00:00:00+00:00,177.6424354924,178.4163616434,174.907310118,174.907310118,28687,0.0,0.0,0.0,0.0,0.0,0.0,0.0,0.0,,,,,,,,169.17504069898743,175.4801669180793,,,,,,,,,,,,177.6891460422008,#000000
2023-09-14 00:00:00+00:00,180.7205508656,181.3889416323,178.882476257,178.882476257,38401,0.0,0.0,0.0,0.0,0.0,0.0,0.0,0.0,,,,,,,,169.19233287307415,175.48707740270746,,,,,,,,,,,,177.6928197519676,#000000
2023-09-15 00:00:00+00:00,181.8286723999,181.8374670152,179.3222070246,180.0521600988,115761,0.0,0.0,0.0,0.0,0.0,0.0,0.0,0.0,,,,,,,,169.24723287505688,175.51063642419984,,,,,,,,,,,,177.70661097464023,"rgba(38, 166, 154, 0.5)"
2023-09-18 00:00:00+00:00,179.8938570225,182.4882685513,178.0997554907,182.4882685513,36275,0.0,0.0,0.0,0.0,0.0,0.0,0.0,0.0,,,,,,,,169.2631155498639,175.51685938558404,,,,,,,,,,,,177.7098173182164,"rgba(38, 166, 154, 0.5)"
2023-09-19 00:00:00+00:00,180.3335877901,180.9931839415,179.2782339479,179.9334327916,26924,0.0,0.0,0.0,0.0,0.0,0.0,0.0,0.0,,,,,,,,169.27491840229553,175.52150815419716,,,,,,,,,,,,177.71223147779648,"rgba(38, 166, 154, 0.5)"
2023-09-20 00:00:00+00:00,178.8472977956,181.8022885538,178.3987724127,181.8022885538,22835,0.0,0.0,0.0,0.0,0.0,0.0,0.0,0.0,,,,,,,,169.28443437188503,175.52500735487345,,,,,,,,,,,,177.7138493235042,"rgba(38, 166, 154, 0.5)"
2023-09-21 00:00:00+00:00,177.3434185704,179.7883216383,175.0128455022,176.7805631879,39511,0.0,0.0,0.0,0.0,0.0,0.0,0.0,0.0,,,,,,,,169.2972237951224,175.52770464459434,,,,,,,,,,,,177.71337790508585,#000000
2023-09-22 00:00:00+00:00,176.6750278037,179.6739916387,175.7779770378,177.4489539547,35724,0.0,0.0,0.0,0.0,0.0,0.0,0.0,0.0,,,,,,,,169.308744303422,175.53012897820426,,,,,,,,,,,,177.7129453100861,#000000
2023-09-25 00:00:00+00:00,178.6010485658,178.6010485658,176.332037805,177.132347802,20808,0.0,0.0,0.0,0.0,0.0,0.0,0.0,0.0,,,,,,,,169.31582875857802,175.53189628048867,,,,,,,,,,,,177.71304354939247,#000000
2023-09-26 00:00:00+00:00,174.5291416578,178.1437285675,174.5203470425,178.1437285675,34175,0.0,0.0,0.0,0.0,0.0,0.0,0.0,0.0,,,,,,,,169.32456155752902,175.53214574533484,,,,,,,,,,,,177.71061959268803,"rgba(239, 83, 80, 1.0)"
2023-09-27 00:00:00+00:00,175.9098962681,176.3408324203,172.3909947735,173.7728047376,29961,0.0,0.0,0.0,0.0,0.0,0.0,0.0,0.0,,,,,,,,169.33118423117125,175.5314310760363,,,,,,,,,,,,177.70758847168983,"rgba(239, 83, 80, 1.0)"
2023-09-28 00:00:00+00:00,177.9678362604,179.8235000997,175.408603193,175.4349870391,38622,0.0,0.0,0.0,0.0,0.0,0.0,0.0,0.0,,,,,,,,169.34407477078975,175.5345399427654,,,,,,,,,,,,177.70762393993502,"rgba(239, 83, 80, 1.0)"
2023-09-29 00:00:00+00:00,177.6424354924,179.8586785611,176.6486439576,179.2782339479,28409,0.0,0.0,0.0,0.0,0.0,0.0,0.0,0.0,,,,,,,,169.35388827300991,175.5371495907201,,,,,,,,,,,,177.707970733628,#000000
2023-10-02 00:00:00+00:00,174.5907039653,177.8996779914,173.0252624327,177.6248462617,28481,0.0,0.0,0.0,0.0,0.0,0.0,0.0,0.0,,,,,,,,169.36045569764352,175.53677006779623,,,,,,,,,,,,177.70539741797327,"rgba(239, 83, 80, 1.0)"
2023-10-03 00:00:00+00:00,168.4256786036,172.9549055099,167.8364393751,172.9549055099,28722,0.0,0.0,0.0,0.0,0.0,0.0,0.0,0.0,,,,,,,,169.3608861379433,175.53070142944918,,,,,,,,,,,,177.69725402599616,"rgba(239, 83, 80, 1.0)"
2023-10-04 00:00:00+00:00,168.6895170642,169.2303859083,165.3827416919,169.0237124476,28405,0.0,0.0,0.0,0.0,0.0,0.0,0.0,0.0,,,,,,,,169.35909640951266,175.52267356939055,,,,,,,,,,,,177.68722586094518,"rgba(239, 83, 80, 1.0)"
2023-10-05 00:00:00+00:00,170.483618596,171.5169858998,167.3615301461,167.3967086075,25686,0.0,0.0,0.0,0.0,0.0,0.0,0.0,0.0,,,,,,,,169.35953098942667,175.5173154401494,,,,,,,,,,,,177.6800179559062,"rgba(239, 83, 80, 1.0)"
2023-10-06 00:00:00+00:00,169.6217462915,171.934730129,167.511038607,168.284964758,37302,0.0,0.0,0.0,0.0,0.0,0.0,0.0,0.0,,,,,,,,169.36001602877948,175.5094189432001,,,,,,,,,,,,177.66944384932106,"rgba(239, 83, 80, 1.0)"
2023-10-09 00:00:00+00:00,170.1494232126,170.7826355179,167.1944324544,167.8892070672,34827,0.0,0.0,0.0,0.0,0.0,0.0,0.0,0.0,,,,,,,,169.36003726727878,175.5016693773597,,,,,,,,,,,,177.6592095086223,"rgba(239, 83, 80, 1.0)"
2023-10-10 00:00:00+00:00,169.6745139836,172.7261575646,169.5162109073,171.0552685939,29072,0.0,0.0,0.0,0.0,0.0,0.0,0.0,0.0,,,,,,,,169.36150021986947,175.4965464471354,,,,,,,,,,,,177.65198575620158,"rgba(239, 83, 80, 1.0)"
2023-10-11 00:00:00+00:00,167.2735839925,172.4184339734,166.7195232254,171.0150772017,29428,0.0,0.0,0.0,0.0,0.0,0.0,0.0,0.0,,,,,,,,169.36085525941013,175.48941685864412,,,,,,,,,,,,177.64277922574928,"rgba(239, 83, 80, 1.0)"
2023-10-12 00:00:00+00:00,163.7381486211,168.1882239891,161.5570840138,168.1882239891,24094,0.0,0.0,0.0,0.0,0.0,0.0,0.0,0.0,,,,,,,,169.35625151574655,175.47983554178828,,,,,,,,,,,,177.6315876353722,"rgba(239, 83, 80, 1.0)"
2023-10-13 00:00:00+00:00,159.7453932513,164.8990378475,157.537944798,164.8990378475,41710,0.0,0.0,0.0,0.0,0.0,0.0,0.0,0.0,,,,,,,,169.34214315049545,175.45761414789624,,,,,,,,,,,,177.60671584634525,"rgba(239, 83, 80, 1.0)"
2023-10-16 00:00:00+00:00,160.2818647878,164.1427009273,159.6794336362,162.0407878582,42179,0.0,0.0,0.0,0.0,0.0,0.0,0.0,0.0,,,,,,,,169.32898031962327,175.43618507082473,,,,,,,,,,,,177.58259034746013,"rgba(239, 83, 80, 1.0)"
2023-10-17 00:00:00+00:00,159.6398578671,162.1155420887,158.2151301801,158.6020932556,41926,0.0,0.0,0.0,0.0,0.0,0.0,0.0,0.0,,,,,,,,169.31368242539583,175.41286919624943,,,,,,,,,,,,177.55664877396148,"rgba(239, 83, 80, 1.0)"
2023-10-18 00:00:00+00:00,156.0692440343,157.5203555673,154.0904555801,157.5203555673,37266,0.0,0.0,0.0,0.0,0.0,0.0,0.0,0.0,,,,,,,,169.29417045656155,175.38671438699294,,,,,,,,,,,,177.52829205763845,"rgba(239, 83, 80, 1.0)"
2023-10-19 00:00:00+00:00,151.5839902048,156.3594663409,151.2410002061,155.3304963447,46338,0.0,0.0,0.0,0.0,0.0,0.0,0.0,0.0,,,,,,,,169.26487715591932,175.3495796871467,,,,,,,,,,,,177.4885338424655,"rgba(239, 83, 80, 1.0)"
2023-10-20 00:00:00+00:00,150.3351548248,152.7272902006,149.5172555971,152.7272902006,53793,0.0,0.0,0.0,0.0,0.0,0.0,0.0,0.0,,,,,,,,169.2264008959333,175.30238231860739,,,,,,,,,,,,177.43839567389648,"rgba(239, 83, 80, 1.0)"
2023-10-23 00:00:00+00:00,150.3967171323,153.0702801993,149.5172555971,151.0299294376,69263,0.0,0.0,0.0,0.0,0.0,0.0,0.0,0.0,,,,,,,,169.17745777701091,175.2422128048756,,,,,,,,,,,,177.37444209945224,"rgba(239, 83, 80, 1.0)"
2023-10-24 00:00:00+00:00,151.4608655899,152.3315325097,149.6000129276,151.0914917451,38207,0.0,0.0,0.0,0.0,0.0,0.0,0.0,0.0,,,,,,,,169.15077313633216,175.20933479734822,,,,,,,,,,,,177.33947736829435,"rgba(239, 83, 80, 1.0)"
2023-10-25 00:00:00+00:00,150.3967171323,150.8012694385,148.4355179088,150.2911817481,37591,0.0,0.0,0.0,0.0,0.0,0.0,0.0,0.0,,,,,,,,169.12277544759652,175.175395528232,,,,,,,,,,,,177.30352688908187,"rgba(239, 83, 80, 1.0)"
2023-10-26 00:00:00+00:00,152.612960201,152.9823340458,151.0739025144,151.0739025144,58014,0.0,0.0,0.0,0.0,0.0,0.0,0.0,0.0,,,,,,,,169.08497213484344,175.12803459854143,,,,,,,,,,,,177.25295768909362,"rgba(239, 83, 80, 0.75)"
2023-10-27 00:00:00+00:00,153.0438963532,160.2554809418,148.5674371391,148.5674371391,43650,0.0,0.0,0.0,0.0,0.0,0.0,0.0,0.0,,,,,,,,169.05955114354674,175.09521435196962,,,,,,,,,,,,177.21766780533645,"rgba(239, 83, 80, 0.75)"
2023-10-30 00:00:00+00:00,159.7190094053,160.7321954869,153.7021060962,155.5240635236,57336,0.0,0.0,0.0,0.0,0.0,0.0,0.0,0.0,,,,,,,,169.03530830474958,175.0605801465289,,,,,,,,,,,,177.17960789115693,"rgba(239, 83, 80, 0.75)"
2023-10-31 00:00:00+00:00,163.7362033428,164.2739029738,158.4925209907,158.4925209907,40330,0.0,0.0,0.0,0.0,0.0,0.0,0.0,0.0,,,,,,,,169.02468642211895,175.04217807728878,,,,,,,,,,,,177.15866876120734,"rgba(239, 83, 80, 0.5)"
2023-11-01 00:00:00+00:00,166.1358545887,166.4824708797,161.5542982285,164.7938274104,42809,0.0,0.0,0.0,0.0,0.0,0.0,0.0,0.0,,,,,,,,169.01763791299635,175.02656979647176,,,,,,,,,,,,177.1402860535134,#000000
2023-11-02 00:00:00+00:00,172.6949013274,172.7126765218,166.9001879485,166.9001879485,29491,0.0,0.0,0.0,0.0,0.0,0.0,0.0,0.0,,,,,,,,169.01961344491104,175.0221378081612,,,,,,,,,,,,177.13380412014496,"rgba(38, 166, 154, 1.0)"
2023-11-03 00:00:00+00:00,178.6673666504,179.9294054538,175.4411688643,175.4411688643,30740,0.0,0.0,0.0,0.0,0.0,0.0,0.0,0.0,,,,,,,,169.03017323127972,175.02537934803212,,,,,,,,,,,,177.13473514254963,"rgba(38, 166, 154, 1.0)"
2023-11-06 00:00:00+00:00,177.2275759029,177.9563588739,175.2635057961,177.9563588739,27906,0.0,0.0,0.0,0.0,0.0,0.0,0.0,0.0,,,,,,,,169.03846360836252,175.0271394230276,,,,,,,,,,,,177.13442872818467,"rgba(38, 166, 154, 1.0)"
2023-11-07 00:00:00+00:00,172.9526416464,178.7118046365,171.4061997324,178.7118046365,56305,0.0,0.0,0.0,0.0,0.0,0.0,0.0,0.0,,,,,,,,169.0498655747102,175.02581262973922,,,,,,,,,,,,177.12905476326915,"rgba(38, 166, 154, 1.0)"
2023-11-08 00:00:00+00:00,172.2771842587,174.2946688246,171.6817152458,173.7667455505,28819,0.0,0.0,0.0,0.0,0.0,0.0,0.0,0.0,,,,,,,,169.05392262127745,175.0235103227065,,,,,,,,,,,,177.12472366610365,"rgba(38, 166, 154, 1.0)"
2023-11-09 00:00:00+00:00,171.5128508989,173.8502889643,170.6879930021,170.6879930021,44768,0.0,0.0,0.0,0.0,0.0,0.0,0.0,0.0,,,,,,,,169.05895939365212,175.0187905992837,,,,,,,,,,,,177.11688610352587,"rgba(38, 166, 154, 1.0)"
2023-11-10 00:00:00+00:00,171.7528160234,172.6815699316,169.88642061,169.9486337904,39383,0.0,0.0,0.0,0.0,0.0,0.0,0.0,0.0,,,,,,,,169.06251497681936,175.01385538909935,,,,,,,,,,,,177.10923362262656,"rgba(38, 166, 154, 1.0)"
2023-11-13 00:00:00+00:00,171.0062578581,172.0016687452,169.3176143888,171.1440156148,56562,0.0,0.0,0.0,0.0,0.0,0.0,0.0,0.0,,,,,,,,169.06617980116079,175.005476455968,,,,,,,,,,,,177.09699393622745,"rgba(38, 166, 154, 1.0)"
2023-11-14 00:00:00+00:00,180.9337039382,181.2003318544,174.6590603101,176.2055022241,35633,0.0,0.0,0.0,0.0,0.0,0.0,0.0,0.0,,,,,,,,169.07946028220147,175.01035900772172,,,,,,,,,,,,177.09922389170995,"rgba(38, 166, 154, 1.0)"
2023-11-15 00:00:00+00:00,179.6183395516,185.137537417,178.8006806085,180.1249325923,71563,0.0,0.0,0.0,0.0,0.0,0.0,0.0,0.0,,,,,,,,169.1121032424016,175.02574574769756,,,,,,,,,,,,177.10917782068216,"rgba(38, 166, 154, 1.0)"
2023-11-16 00:00:00+00:00,175.9210991135,178.0185720543,175.8322231414,178.0185720543,53740,0.0,0.0,0.0,0.0,0.0,0.0,0.0,0.0,,,,,,,,169.12721564495152,175.0286684074611,,,,,,,,,,,,177.1082309998293,"rgba(38, 166, 154, 1.0)"
2023-11-17 00:00:00+00:00,176.9253975979,179.1117465108,175.9744246967,178.5429402895,77528,0.0,0.0,0.0,0.0,0.0,0.0,0.0,0.0,,,,,,,,169.1510803369526,175.03487169413512,,,,,,,,,,,,177.10883252747598,"rgba(38, 166, 154, 1.0)"
2023-11-20 00:00:00+00:00,176.0099750856,181.1647814656,175.085664976,175.8944363219,45019,0.0,0.0,0.0,0.0,0.0,0.0,0.0,0.0,,,,,,,,169.16501431218603,175.03858777752325,,,,,,,,,,,,177.1093067302602,"rgba(38, 166, 154, 1.0)"
2023-11-21 00:00:00+00:00,172.2682966614,175.4456126629,172.2682966614,175.4322812671,58359,0.0,0.0,0.0,0.0,0.0,0.0,0.0,0.0,,,,,,,,169.1740867870174,175.03513887376587,,,,,,,,,,,,177.10185358302175,"rgba(38, 166, 154, 0.75)"
2023-11-22 00:00:00+00:00,174.1880176581,174.996789004,172.8193276883,174.1080292833,35633,0.0,0.0,0.0,0.0,0.0,0.0,0.0,0.0,,,,,,,,169.18050262968407,175.03386825761345,,,,,,,,,,,,177.09812726695202,"rgba(38, 166, 154, 0.75)"
2023-11-24 00:00:00+00:00,176.0099750856,176.1432890437,173.5036726732,173.5036726732,10589,0.0,0.0,0.0,0.0,0.0,0.0,0.0,0.0,,,,,,,,169.18288664273078,175.03393584563895,,,,,,,,,,,,177.09745636364605,"rgba(38, 166, 154, 0.75)"
2023-11-27 00:00:00+00:00,172.5349245777,174.8368122542,171.9216803704,174.8368122542,29484,0.0,0.0,0.0,0.0,0.0,0.0,0.0,0.0,,,,,,,,169.18718555272824,175.03196948584682,,,,,,,,,,,,177.0934842573454,"rgba(38, 166, 154, 0.75)"
2023-11-28 00:00:00+00:00,170.5263276089,172.9215350562,170.3841260536,170.7218547474,32796,0.0,0.0,0.0,0.0,0.0,0.0,0.0,0.0,,,,,,,,169.18973541140338,175.02773265750793,,,,,,,,,,,,177.0870664047109,#000000
2023-11-29 00:00:00+00:00,173.3525835207,174.9523510179,172.2771842587,172.2771842587,34237,0.0,0.0,0.0,0.0,0.0,0.0,0.0,0.0,,,,,,,,169.19525256707797,175.02596730475872,,,,,,,,,,,,177.08297058126448,#000000
2023-11-30 00:00:00+00:00,173.8591765615,176.7743084453,172.6415757441,173.9302773391,67146,0.0,0.0,0.0,0.0,0.0,0.0,0.0,0.0,,,,,,,,169.20826584832247,175.02458375197898,,,,,,,,,,,,177.07698617583193,#000000
2023-12-01 00:00:00+00:00,178.8451185946,179.3428240381,172.6149129525,172.6149129525,49458,0.0,0.0,0.0,0.0,0.0,0.0,0.0,0.0,,,,,,,,169.2224003778483,175.0278167507967,,,,,,,,,,,,177.0767499116591,"rgba(38, 166, 154, 1.0)"
2023-12-04 00:00:00+00:00,181.6447117147,182.5068086438,177.1120371392,177.1120371392,34701,0.0,0.0,0.0,0.0,0.0,0.0,0.0,0.0,,,,,,,,169.2367567539114,175.0342154264915,,,,,,,,,,,,177.08063047721797,"rgba(38, 166, 154, 1.0)"
2023-12-05 00:00:00+00:00,179.5827891627,181.3069830209,177.7741631311,180.3026845365,74423,0.0,0.0,0.0,0.0,0.0,0.0,0.0,0.0,,,,,,,,169.2650470500672,175.04568827390779,,,,,,,,,,,,177.08677177551073,"rgba(38, 166, 154, 1.0)"
2023-12-06 00:00:00+00:00,180.5159868695,182.8889753237,180.2226961616,180.498211675,42700,0.0,0.0,0.0,0.0,0.0,0.0,0.0,0.0,,,,,,,,169.28380739272268,175.05465037530146,,,,,,,,,,,,177.09263471876469,"rgba(38, 166, 154, 1.0)"
2023-12-07 00:00:00+00:00,183.6977466695,183.7066342667,180.2493589532,180.2493589532,35993,0.0,0.0,0.0,0.0,0.0,0.0,0.0,0.0,,,,,,,,169.30134972664118,175.06382741429243,,,,,,,,,,,,177.09917072719085,"rgba(38, 166, 154, 1.0)"
2023-12-08 00:00:00+00:00,183.4755567394,185.9951905475,182.257955922,183.1111652539,36553,0.0,0.0,0.0,0.0,0.0,0.0,0.0,0.0,,,,,,,,169.32093906269301,175.07481084561257,,,,,,,,,,,,177.10744214599995,"rgba(38, 166, 154, 1.0)"
2023-12-11 00:00:00+00:00,182.3112815052,184.6614288347,181.8357950547,182.560134227,37951,0.0,0.0,0.0,0.0,0.0,0.0,0.0,0.0,,,,,,,,169.33986874834534,175.0849322806601,,,,,,,,,,,,177.11478278981895,"rgba(38, 166, 154, 1.0)"
2023-12-12 00:00:00+00:00,184.835359112,185.3330645556,182.1157543667,183.0667272678,31506,0.0,0.0,0.0,0.0,0.0,0.0,0.0,0.0,,,,,,,,169.35687946121618,175.09455206834625,,,,,,,,,,,,177.12207280777398,"rgba(38, 166, 154, 1.0)"
2023-12-13 00:00:00+00:00,192.8964097787,193.1274873061,182.2757311164,184.106576141,71780,0.0,0.0,0.0,0.0,0.0,0.0,0.0,0.0,,,,,,,,169.40947425770554,175.12934685292905,,,,,,,,,,,,177.15129769636815,"rgba(38, 166, 154, 1.0)"
2023-12-14 00:00:00+00:00,200.5486309738,201.5973674442,195.5982393296,195.5982393296,59868,0.0,0.0,0.0,0.0,0.0,0.0,0.0,0.0,,,,,,,,169.4745292112807,175.17806304619015,,,,,,,,,,,,177.19496094226525,"rgba(38, 166, 154, 1.0)"
2023-12-15 00:00:00+00:00,195.4560377743,201.6418054303,194.4606268871,201.6329178331,96265,0.0,0.0,0.0,0.0,0.0,0.0,0.0,0.0,,,,,,,,169.57133865112658,175.2493100703994,,,,,,,,,,,,177.25827814620823,"rgba(38, 166, 154, 1.0)"
2023-12-18 00:00:00+00:00,193.7318439161,195.5538013435,193.1274873061,195.5538013435,42513,0.0,0.0,0.0,0.0,0.0,0.0,0.0,0.0,,,,,,,,169.6091812128324,175.27627581235004,,,,,,,,,,,,177.28185506790362,"rgba(38, 166, 154, 0.75)"
2023-12-19 00:00:00+00:00,201.4018403057,202.1928364571,195.5360261491,195.5360261491,59750,0.0,0.0,0.0,0.0,0.0,0.0,0.0,0.0,,,,,,,,169.67420887195277,175.32520372027108,,,,,,,,,,,,177.32579825667435,"rgba(38, 166, 154, 0.75)"
2023-12-20 00:00:00+00:00,209.6406429165,211.0893212612,203.5793016214,205.0190923689,78298,0.0,0.0,0.0,0.0,0.0,0.0,0.0,0.0,,,,,,,,169.782691249205,175.41099010631814,,,,,,,,,,,,177.4046158567254,"rgba(38, 166, 154, 1.0)"
2023-12-21 00:00:00+00:00,209.3118018198,210.6538289981,207.0188017404,210.6538289981,53277,0.0,0.0,0.0,0.0,0.0,0.0,0.0,0.0,,,,,,,,169.85786694776147,175.4706914243522,,,,,,,,,,,,177.45956717423678,"rgba(38, 166, 154, 1.0)"
2023-12-22 00:00:00+00:00,213.5956236736,213.8533639926,209.4717785695,210.8582437338,30792,0.0,0.0,0.0,0.0,0.0,0.0,0.0,0.0,,,,,,,,169.90485012348105,175.5084992026846,,,,,,,,,,,,177.4945663125567,"rgba(38, 166, 154, 1.0)"
2023-12-26 00:00:00+00:00,216.1463640719,216.2619028356,212.7690771333,215.1865035736,22486,0.0,0.0,0.0,0.0,0.0,0.0,0.0,0.0,,,,,,,,169.94131683010133,175.538120777278,,,,,,,,,,,,177.52209728828134,"rgba(38, 166, 154, 1.0)"
2023-12-27 00:00:00+00:00,218.1016354575,219.4969882189,215.4353562954,215.4353562954,27697,0.0,0.0,0.0,0.0,0.0,0.0,0.0,0.0,,,,,,,,169.98875617356887,175.57695978952538,,,,,,,,,,,,177.55831503258426,"rgba(38, 166, 154, 1.0)"
2023-12-28 00:00:00+00:00,219.6214145798,220.2968719676,216.27967803,216.7596082792,29428,0.0,0.0,0.0,0.0,0.0,0.0,0.0,0.0,,,,,,,,170.0401695881929,175.61917957350224,,,,,,,,,,,,177.5977345001747,"rgba(38, 166, 154, 1.0)"
2023-12-29 00:00:00+00:00,214.8665500741,216.4307671826,213.3023329657,215.6131082395,33397,0.0,0.0,0.0,0.0,0.0,0.0,0.0,0.0,,,,,,,,170.0937636926416,175.66270602405197,,,,,,,,,,,,177.63818322211498,"rgba(38, 166, 154, 0.75)"
2024-01-02 00:00:00+00:00,209.4184529863,213.5245228959,207.7475847114,212.8224027166,32009,0.0,0.0,0.0,0.0,0.0,0.0,0.0,0.0,,,,,,,,170.13970351245658,175.6994100485797,,,,,,,,,,,,177.6720507422282,"rgba(38, 166, 154, 0.75)"
2024-01-03 00:00:00+00:00,203.6237396074,208.5652436544,203.3215613024,208.5652436544,46567,0.0,0.0,0.0,0.0,0.0,0.0,0.0,0.0,,,,,,,,170.19793800133206,175.7448641696847,,,,,,,,,,,,177.71355815054758,"rgba(38, 166, 154, 0.75)"
2024-01-04 00:00:00+00:00,211.5425887188,212.155832926,205.3745962572,205.3745962572,24848,0.0,0.0,0.0,0.0,0.0,0.0,0.0,0.0,,,,,,,,170.23293922161278,175.77277855608494,,,,,,,,,,,,177.7392934817637,"rgba(38, 166, 154, 0.75)"
2024-01-05 00:00:00+00:00,208.1475265857,212.3735790576,207.4454064064,209.2584762366,41209,0.0,0.0,0.0,0.0,0.0,0.0,0.0,0.0,,,,,,,,170.29030887396374,175.81846960073273,,,,,,,,,,,,177.7813912450748,"rgba(38, 166, 154, 0.75)"
2024-01-08 00:00:00+00:00,211.9247553987,212.2447088981,207.7653599058,207.7653599058,22613,0.0,0.0,0.0,0.0,0.0,0.0,0.0,0.0,,,,,,,,170.32278281267148,175.84447703908955,,,,,,,,,,,,177.80541109966967,"rgba(38, 166, 154, 0.5)"
2024-01-09 00:00:00+00:00,207.4098560175,210.1916739433,206.5566466857,209.018511112,37528,0.0,0.0,0.0,0.0,0.0,0.0,0.0,0.0,,,,,,,,170.37310335886582,175.88434412989548,,,,,,,,,,,,177.84205599492063,"rgba(38, 166, 154, 0.5)"
2024-01-10 00:00:00+00:00,207.3032048511,210.2494433252,205.8100885203,207.4098560175,31914,0.0,0.0,0.0,0.0,0.0,0.0,0.0,0.0,,,,,,,,170.41549033062978,175.91789092754468,,,,,,,,,,,,177.8728763170422,"rgba(38, 166, 154, 0.5)"
2024-01-11 00:00:00+00:00,206.8854877823,208.8585343623,204.9835419801,206.912150574,38069,0.0,0.0,0.0,0.0,0.0,0.0,0.0,0.0,,,,,,,,170.4647412474174,175.95671507523824,,,,,,,,,,,,177.90848075139235,"rgba(38, 166, 154, 0.5)"
2024-01-12 00:00:00+00:00,210.778255359,211.2315228165,208.1119761969,210.093910374,31447,0.0,0.0,0.0,0.0,0.0,0.0,0.0,0.0,,,,,,,,170.5088120024639,175.99194969877246,,,,,,,,,,,,177.94099471224177,"rgba(38, 166, 154, 0.5)"
2024-01-16 00:00:00+00:00,204.7791272443,211.1070964556,203.4993132465,208.0942010025,41960,0.0,0.0,0.0,0.0,0.0,0.0,0.0,0.0,,,,,,,,170.5621537562992,176.0339207004606,,,,,,,,,,,,177.97945065633476,#000000
2024-01-17 00:00:00+00:00,203.7837163571,206.4499955192,200.8596968761,200.8596968761,38414,0.0,0.0,0.0,0.0,0.0,0.0,0.0,0.0,,,,,,,,170.60709983386874,176.06876231087517,,,,,,,,,,,,178.01115818768457,#000000
2024-01-18 00:00:00+00:00,206.0767164365,206.698848241,202.9927202057,204.1925458286,40569,0.0,0.0,0.0,0.0,0.0,0.0,0.0,0.0,,,,,,,,170.65666425489445,176.107533310042,,,,,,,,,,,,178.04658603501383,#000000
2024-01-19 00:00:00+00:00,213.4356469238,215.462019087,205.2146195074,205.2501698963,39173,0.0,0.0,0.0,0.0,0.0,0.0,0.0,0.0,,,,,,,,170.71282298538554,176.1527054328344,,,,,,,,,,,,178.08837541700228,"rgba(38, 166, 154, 0.5)"
2024-01-22 00:00:00+00:00,217.4706160558,218.2260618184,214.0044531451,214.0044531451,37939,0.0,0.0,0.0,0.0,0.0,0.0,0.0,0.0,,,,,,,,170.77399757275856,176.20278314457872,,,,,,,,,,,,178.13505193715528,"rgba(38, 166, 154, 0.5)"
2024-01-23 00:00:00+00:00,215.7464221976,220.2968719676,213.3023329657,220.2968719676,31910,0.0,0.0,0.0,0.0,0.0,0.0,0.0,0.0,,,,,,,,170.82519166357255,176.24468349630908,,,,,,,,,,,,178.17410258163008,"rgba(38, 166, 154, 0.5)"
2024-01-24 00:00:00+00:00,214.1910926864,219.9058176905,211.2226352193,219.3103486776,65824,0.0,0.0,0.0,0.0,0.0,0.0,0.0,0.0,,,,,,,,170.9273375074185,176.32796462111813,,,,,,,,,,,,178.25158969639674,"rgba(38, 166, 154, 0.5)"
2024-01-25 00:00:00+00:00,217.4350656669,218.2793874016,213.7378252289,218.2793874016,24017,0.0,0.0,0.0,0.0,0.0,0.0,0.0,0.0,,,,,,,,170.96564837675453,176.35933864246772,,,,,,,,,,,,178.28083503794065,"rgba(38, 166, 154, 0.5)"
2024-01-26 00:00:00+00:00,218.599340901,220.5512349996,216.3418912105,219.3992246497,24811,0.0,0.0,0.0,0.0,0.0,0.0,0.0,0.0,,,,,,,,171.0069058129279,176.393322208153,,,,,,,,,,,,178.31259005549717,"rgba(38, 166, 154, 0.5)"
2024-01-29 00:00:00+00:00,219.2392478999,219.7902789268,216.6529571127,218.0927478602,41234,0.0,0.0,0.0,0.0,0.0,0.0,0.0,0.0,,,,,,,,171.07540558198426,176.44976401239074,,,,,,,,,,,,178.3653367150838,"rgba(38, 166, 154, 0.5)"
2024-01-30 00:00:00+00:00,217.7727943608,220.6838361149,217.7727943608,218.605800155,31373,0.0,0.0,0.0,0.0,0.0,0.0,0.0,0.0,,,,,,,,171.12759135909675,176.49279228010639,,,,,,,,,,,,178.40555824153662,"rgba(38, 166, 154, 0.5)"
2024-01-31 00:00:00+00:00,211.484944172,219.2238367121,211.0908339037,217.7817514123,43854,0.0,0.0,0.0,0.0,0.0,0.0,0.0,0.0,,,,,,,,171.1929973334003,176.54596123256113,,,,,,,,,,,,178.45495871933116,"rgba(38, 166, 154, 0.5)"
2024-02-01 00:00:00+00:00,214.2616301528,214.8527955552,206.836234417,213.7600352659,39753,0.0,0.0,0.0,0.0,0.0,0.0,0.0,0.0,,,,,,,,171.2494176988511,176.59152122815107,,,,,,,,,,,,178.49716661433274,"rgba(38, 166, 154, 0.5)"
2024-02-02 00:00:00+00:00,206.8899767263,217.7862299381,206.0927991382,209.3173376966,56784,0.0,0.0,0.0,0.0,0.0,0.0,0.0,0.0,,,,,,,,171.32633371177928,176.65323114182965,,,,,,,,,,,,178.55417297304825,#000000
2024-02-05 00:00:00+00:00,208.2424915105,210.1234723362,202.7428618581,204.9552535912,55316,0.0,0.0,0.0,0.0,0.0,0.0,0.0,0.0,,,,,,,,171.3947966650704,176.7073888115997,,,,,,,,,,,,178.6038885265607,#000000
2024-02-06 00:00:00+00:00,206.0121856743,208.8784421706,205.9494863134,206.7914491592,41826,0.0,0.0,0.0,0.0,0.0,0.0,0.0,0.0,,,,,,,,171.44625975425313,176.74809039143645,,,,,,,,,,,,178.64124673054081,"rgba(239, 83, 80, 1.0)"
2024-02-07 00:00:00+00:00,207.9289947062,210.4996685013,202.8145182705,206.1554984991,33331,0.0,0.0,0.0,0.0,0.0,0.0,0.0,0.0,,,,,,,,171.48731877556153,176.7805909386887,,,,,,,,,,,,178.67108789828947,"rgba(239, 83, 80, 1.0)"
2024-02-08 00:00:00+00:00,207.5259273864,210.9923063367,204.4984439621,205.797216437,30958,0.0,0.0,0.0,0.0,0.0,0.0,0.0,0.0,,,,,,,,171.52600191793672,176.8113030164221,,,,,,,,,,,,178.69932405692796,"rgba(239, 83, 80, 1.0)"
2024-02-09 00:00:00+00:00,209.6845768102,212.5150051003,206.3794247879,209.4158652637,49312,0.0,0.0,0.0,0.0,0.0,0.0,0.0,0.0,,,,,,,,171.5906004292313,176.86302893040298,,,,,,,,,,,,178.74705815427302,"rgba(239, 83, 80, 1.0)"
2024-02-12 00:00:00+00:00,213.1330416574,214.1989307919,209.5860492431,209.5860492431,48189,0.0,0.0,0.0,0.0,0.0,0.0,0.0,0.0,,,,,,,,171.65812600713213,176.91770733227358,,,,,,,,,,,,178.7977623930456,#000000
2024-02-13 00:00:00+00:00,204.382002292,209.2635953873,202.1785676104,206.1734126022,45922,0.0,0.0,0.0,0.0,0.0,0.0,0.0,0.0,,,,,,,,171.71117172141498,176.95933489497344,,,,,,,,,,,,178.83582969062147,"rgba(239, 83, 80, 0.75)"
2024-02-14 00:00:00+00:00,206.934761984,209.1426751914,203.6206529101,208.332062026,42527,0.0,0.0,0.0,0.0,0.0,0.0,0.0,0.0,,,,,,,,171.7620309386299,176.99952918498556,,,,,,,,,,,,178.87270222908586,"rgba(239, 83, 80, 1.0)"
2024-02-15 00:00:00+00:00,211.2072755739,212.3179499662,207.3423078296,207.5707126441,44367,0.0,0.0,0.0,0.0,0.0,0.0,0.0,0.0,,,,,,,,171.82059185834765,177.0466122016502,,,,,,,,,,,,178.9162234193604,#000000
2024-02-16 00:00:00+00:00,208.9142703768,211.6125821566,207.5707126441,207.5707126441,42028,0.0,0.0,0.0,0.0,0.0,0.0,0.0,0.0,,,,,,,,171.87457398390174,177.08985496489478,,,,,,,,,,,,178.95612907668334,#000000
2024-02-20 00:00:00+00:00,207.3557434069,211.2072755739,205.5464189936,205.7076459215,42281,0.0,0.0,0.0,0.0,0.0,0.0,0.0,0.0,,,,,,,,171.92680457384688,177.1314544432048,,,,,,,,,,,,178.9944191654526,#000000
2024-02-21 00:00:00+00:00,206.0121856743,207.7946389329,203.5489964977,205.3672779626,67609,0.0,0.0,0.0,0.0,0.0,0.0,0.0,0.0,,,,,,,,172.004823204808,177.19291321452314,,,,,,,,,,,,179.05070759633347,"rgba(239, 83, 80, 1.0)"
2024-02-22 00:00:00+00:00,210.347398625,210.347398625,205.9226151588,206.0032286227,113470,0.0,0.0,0.0,0.0,0.0,0.0,0.0,0.0,,,,,,,,172.14685208754474,177.3065441134903,,,,,,,,,,,,179.15549611782274,#000000
2024-02-23 00:00:00+00:00,210.9475210789,213.4107102554,209.1381966656,209.3621229544,44408,0.0,0.0,0.0,0.0,0.0,0.0,0.0,0.0,,,,,,,,172.20559142776438,177.3540078061932,,,,,,,,,,,,179.1994552521822,#000000
2024-02-26 00:00:00+00:00,206.8631055716,212.28212176,206.5227376127,209.1113255109,40415,0.0,0.0,0.0,0.0,0.0,0.0,0.0,0.0,,,,,,,,172.25532538771103,177.3937633864475,,,,,,,,,,,,179.23609963541463,#000000
2024-02-27 00:00:00+00:00,207.37365751,209.7741473257,206.2271549115,209.7741473257,49610,0.0,0.0,0.0,0.0,0.0,0.0,0.0,0.0,,,,,,,,172.3149072818246,177.44123208243252,,,,,,,,,,,,179.27978690893258,#000000
2024-02-28 00:00:00+00:00,204.9104683335,207.8035959845,204.561143323,204.6775849932,84708,0.0,0.0,0.0,0.0,0.0,0.0,0.0,0.0,,,,,,,,172.41037731634702,177.51653511655365,,,,,,,,,,,,179.34877622102752,"rgba(239, 83, 80, 1.0)"
2024-02-29 00:00:00+00:00,208.0902216341,208.5470312632,205.6567698687,208.5470312632,39886,0.0,0.0,0.0,0.0,0.0,0.0,0.0,0.0,,,,,,,,172.4573879600416,177.55394629601085,,,,,,,,,,,,179.3831863965141,"rgba(239, 83, 80, 1.0)"
2024-03-01 00:00:00+00:00,211.5297294297,212.0895451517,205.6001613029,209.3352517997,97285,0.0,0.0,0.0,0.0,0.0,0.0,0.0,0.0,,,,,,,,172.5790564280972,177.6518238480327,,,,,,,,,,,,179.47364148266593,#000000
2024-03-04 00:00:00+00:00,203.5669106008,212.0313243166,202.7518189097,209.1650678202,130993,0.0,0.0,0.0,0.0,0.0,0.0,0.0,0.0,,,,,,,,172.72578147920674,177.76790307489495,,,,,,,,,,,,179.58011130863008,#000000
2024-03-05 00:00:00+00:00,203.4862971369,206.2719401692,201.3724329708,202.9130458376,98963,0.0,0.0,0.0,0.0,0.0,0.0,0.0,0.0,,,,,,,,172.82785363952448,177.84758193025615,,,,,,,,,,,,179.6527415766713,"rgba(239, 83, 80, 1.0)"
2024-03-06 00:00:00+00:00,220.0120572486,226.1655516641,209.6129203978,213.3838391008,148704,0.0,0.0,0.0,0.0,0.0,0.0,0.0,0.0,,,,,,,,173.05329845650746,178.03478117445937,,,,,,,,,,,,179.82808520649007,#000000
2024-03-07 00:00:00+00:00,222.3229765487,226.0043247362,221.6870258886,221.6870258886,67764,0.0,0.0,0.0,0.0,0.0,0.0,0.0,0.0,,,,,,,,173.16591660784349,178.12942289369664,,,,,,,,,,,,179.91717415989515,"rgba(38, 166, 154, 0.5)"
2024-03-08 00:00:00+00:00,224.392055457,227.1776984894,222.4842034767,223.415736838,55170,0.0,0.0,0.0,0.0,0.0,0.0,0.0,0.0,,,,,,,,173.2596835090462,178.20847017035908,,,,,,,,,,,,179.99167784369274,"rgba(38, 166, 154, 0.5)"
2024-03-11 00:00:00+00:00,223.1022400337,224.6876381582,220.1732841765,222.5200316829,51598,0.0,0.0,0.0,0.0,0.0,0.0,0.0,0.0,,,,,,,,173.3436210037998,178.27893803124488,,,,,,,,,,,,180.05797852431232,"rgba(38, 166, 154, 1.0)"
2024-03-12 00:00:00+00:00,221.5078848576,225.1623618904,220.9973329192,221.1675168986,58398,0.0,0.0,0.0,0.0,0.0,0.0,0.0,0.0,,,,,,,,173.43808784224262,178.35824715150017,,,,,,,,,,,,180.132595688357,"rgba(38, 166, 154, 1.0)"
2024-03-13 00:00:00+00:00,216.5188071437,223.7522532647,214.6826115757,220.6838361149,52852,0.0,0.0,0.0,0.0,0.0,0.0,0.0,0.0,,,,,,,,173.51592138770837,178.4229207915844,,,,,,,,,,,,180.1931773941712,"rgba(38, 166, 154, 1.0)"
2024-03-14 00:00:00+00:00,209.5950062947,216.5188071437,207.0825533346,216.5188071437,83462,0.0,0.0,0.0,0.0,0.0,0.0,0.0,0.0,,,,,,,,173.61847713786304,178.50613708498364,,,,,,,,,,,,180.27033072473708,"rgba(38, 166, 154, 0.5)"
2024-03-15 00:00:00+00:00,207.2034735306,212.322428492,207.1676453243,207.7588107267,315089,0.0,0.0,0.0,0.0,0.0,0.0,0.0,0.0,,,,,,,,173.97852952025164,178.79584764054337,,,,,,,,,,,,180.53789979171373,#000000
2024-03-18 00:00:00+00:00,207.2393017368,209.2815094904,206.4376456229,208.6276447272,49143,0.0,0.0,0.0,0.0,0.0,0.0,0.0,0.0,,,,,,,,174.03204519071446,178.83868701464345,,,,,,,,,,,,180.5773688087678,"rgba(239, 83, 80, 1.0)"
2024-03-19 00:00:00+00:00,209.56813514,210.7728585736,204.9462965397,204.9462965397,43982,0.0,0.0,0.0,0.0,0.0,0.0,0.0,0.0,,,,,,,,174.08089915294045,178.87794970197203,,,,,,,,,,,,180.61360545875075,"rgba(239, 83, 80, 1.0)"
2024-03-20 00:00:00+00:00,215.1215071017,216.9845738243,207.4721850771,207.4721850771,37355,0.0,0.0,0.0,0.0,0.0,0.0,0.0,0.0,,,,,,,,174.12802261597434,178.9165770775181,,,,,,,,,,,,180.6495662941573,#000000
2024-03-21 00:00:00+00:00,220.3165970013,221.3824861359,215.8380712258,215.8380712258,49257,0.0,0.0,0.0,0.0,0.0,0.0,0.0,0.0,,,,,,,,174.19948265940502,178.97625163057862,,,,,,,,,,,,180.70556407231587,"rgba(38, 166, 154, 0.5)"
2024-03-22 00:00:00+00:00,218.0146347527,220.343468156,217.5399110205,219.6627322381,41353,0.0,0.0,0.0,0.0,0.0,0.0,0.0,0.0,,,,,,,,174.25857445041223,179.02553509387127,,,,,,,,,,,,180.75178480096704,"rgba(38, 166, 154, 0.5)"
2024-03-25 00:00:00+00:00,218.3818738663,220.0210143001,218.1937757837,218.8924258047,24813,0.0,0.0,0.0,0.0,0.0,0.0,0.0,0.0,,,,,,,,174.29414154010274,179.0552213742432,,,,,,,,,,,,180.77963470944755,"rgba(38, 166, 154, 0.5)"
2024-03-26 00:00:00+00:00,214.3959859261,220.3703393106,212.8732871624,219.4388059493,49647,0.0,0.0,0.0,0.0,0.0,0.0,0.0,0.0,,,,,,,,174.36038015750046,179.11004169703386,,,,,,,,,,,,180.83087730871372,"rgba(38, 166, 154, 0.5)"
2024-03-27 00:00:00+00:00,221.7855534557,221.7855534557,217.5040828143,217.5040828143,38000,0.0,0.0,0.0,0.0,0.0,0.0,0.0,0.0,,,,,,,,174.41639040332726,179.1569884556501,,,,,,,,,,,,180.87499636815832,"rgba(38, 166, 154, 1.0)"
2024-03-28 00:00:00+00:00,222.1169643631,235.9197808032,218.3102174539,225.7983125505,102745,-1.0,235.91978,218.31021,0.0,0.0,0.0,0.0,0.0,,,,,,,225.44898754006664,174.5838560174906,179.2990078297951,,,,,,,,,,,,181.00911114413606,"rgba(38, 166, 154, 1.0)"
2024-04-01 00:00:00+00:00,216.7248193293,220.9525476614,216.0799116176,220.9525476614,49988,0.0,0.0,0.0,0.0,0.0,0.0,0.0,0.0,,,,,,,222.9845275032991,174.65293268763065,179.3565666918705,,,,,,,,,,,,181.06306328944007,"rgba(38, 166, 154, 1.0)"
2024-04-02 00:00:00+00:00,217.1726719069,217.1726719069,212.1835941929,212.1835941929,52904,0.0,0.0,0.0,0.0,0.0,0.0,0.0,0.0,,,,,,,221.06147313598007,174.72174154742672,179.41350211223292,,,,,,,,,,,,181.116269514892,"rgba(38, 166, 154, 0.5)"
2024-04-03 00:00:00+00:00,219.0088674748,220.6300938056,214.5840840086,214.5840840086,27727,0.0,0.0,0.0,0.0,0.0,0.0,0.0,0.0,,,,,,,220.70655975288778,174.75997357736304,179.4453855145231,,,,,,,,,,,,181.1461638320088,"rgba(38, 166, 154, 1.0)"
2024-04-04 00:00:00+00:00,215.5514455761,221.8975166001,215.0319365862,220.343468156,21177,0.0,0.0,0.0,0.0,0.0,0.0,0.0,0.0,,,,,,,220.43925447977608,174.78873771476384,179.46933609522782,,,,,,,,,,,,181.1686050672821,#000000
2024-04-05 00:00:00+00:00,216.2053103394,217.1278866491,213.8943910392,214.3332865652,24405,0.0,0.0,0.0,0.0,0.0,0.0,0.0,0.0,,,,,,,220.02833775405284,174.82048108317656,179.49563069831711,,,,,,,,,,,,181.1931876062136,#000000
2024-04-08 00:00:00+00:00,214.6467833695,217.728009103,212.3716922755,213.518194874,40255,0.0,0.0,0.0,0.0,0.0,0.0,0.0,0.0,,,,,,,219.38354814360108,174.87167700769592,179.53793161372064,,,,,,,,,,,,181.23269035560054,#000000
2024-04-09 00:00:00+00:00,214.6467833695,214.915494916,211.9417538011,214.6915686272,22180,0.0,0.0,0.0,0.0,0.0,0.0,0.0,0.0,,,,,,,219.02303026495093,174.89906963515145,179.56048500291445,,,,,,,,,,,,181.25371920954498,#000000
2024-04-10 00:00:00+00:00,204.5074010137,209.3352517997,204.1401619001,208.152920995,43243,0.0,0.0,0.0,0.0,0.0,0.0,0.0,0.0,,,,,,,217.55821628507627,174.94163281670197,179.59433168578826,,,,,,,,,,,,181.28479265389072,"rgba(239, 83, 80, 1.0)"
2024-04-11 00:00:00+00:00,207.4005286647,209.5591780885,204.5253151168,206.6391792828,34438,0.0,0.0,0.0,0.0,0.0,0.0,0.0,0.0,,,,,,,216.7038412171728,174.97671735259308,179.62241388440412,,,,,,,,,,,,181.3106497568148,"rgba(239, 83, 80, 1.0)"
2024-04-12 00:00:00+00:00,202.0979541465,205.2329221893,201.9994265794,204.5521862714,32259,0.0,0.0,0.0,0.0,0.0,0.0,0.0,0.0,,,,,,,215.73220358768594,175.00538432544886,179.64480497380526,,,,,,,,,,,,181.3310351999123,"rgba(239, 83, 80, 1.0)"
2024-04-15 00:00:00+00:00,200.6200406405,206.2450690146,199.0435995675,204.6954990963,35872,0.0,0.0,0.0,0.0,0.0,0.0,0.0,0.0,,,,,,,214.71886143918815,175.0359026049336,179.66844600463224,,,,,,,,,,,,181.35247431060247,"rgba(239, 83, 80, 1.0)"
2024-04-16 00:00:00+00:00,196.580410391,198.7390598148,194.0724359567,197.9597963299,64335,0.0,0.0,0.0,0.0,0.0,0.0,0.0,0.0,,,,,,,212.58945273639273,175.07931030474248,179.7002836342449,,,,,,,,,,,,181.38057511090992,"rgba(239, 83, 80, 1.0)"
2024-04-17 00:00:00+00:00,195.783232803,199.294397011,195.2995520192,199.1869123924,43422,0.0,0.0,0.0,0.0,0.0,0.0,0.0,0.0,,,,,,,211.43651570493478,175.10895687355637,179.72212350784713,,,,,,,,,,,,181.39989403567998,"rgba(239, 83, 80, 1.0)"
2024-04-18 00:00:00+00:00,196.8759930922,201.6053163111,194.9143988025,194.9143988025,44164,0.0,0.0,0.0,0.0,0.0,0.0,0.0,0.0,,,,,,,210.49410752654134,175.14042246495057,179.74558534469242,,,,,,,,,,,,181.42077463976017,"rgba(239, 83, 80, 1.0)"
2024-04-19 00:00:00+00:00,201.8381996515,201.8740278577,195.9892449886,195.9892449886,42792,0.0,0.0,0.0,0.0,0.0,0.0,0.0,0.0,,,,,,,209.82932081757096,175.1736479761588,179.7709003538039,,,,,,,,,,,,181.44354596408584,"rgba(239, 83, 80, 0.75)"
2024-04-22 00:00:00+00:00,207.6065408504,208.0454363764,200.9872797541,200.9872797541,62351,0.0,0.0,0.0,0.0,0.0,0.0,0.0,0.0,,,,,,,209.47051571177508,175.23291822688955,179.81798632048836,,,,,,,,,,,,181.4867439588239,"rgba(239, 83, 80, 0.75)"
2024-04-23 00:00:00+00:00,208.8246998613,211.44463744,206.8183203139,206.8183203139,20124,0.0,0.0,0.0,0.0,0.0,0.0,0.0,0.0,,,,,,,209.45889761700164,175.25419074771702,179.83519901527,,,,,,,,,,,,181.50266668705316,"rgba(239, 83, 80, 0.75)"
2024-04-24 00:00:00+00:00,210.2219999033,211.4222448111,206.1286273444,206.8451914685,36198,0.0,0.0,0.0,0.0,0.0,0.0,0.0,0.0,,,,,,,209.4497970764195,175.29264562220015,179.86635113782535,,,,,,,,,,,,181.5314986336418,#000000
2024-04-25 00:00:00+00:00,206.6839645406,207.3288722523,202.8234753221,206.4779523549,38880,0.0,0.0,0.0,0.0,0.0,0.0,0.0,0.0,,,,,,,209.27205223680158,175.32943009448118,179.89559689302828,,,,,,,,,,,,181.55833712992907,#000000
2024-04-26 00:00:00+00:00,203.8445791989,215.3006481327,195.2278956068,195.2278956068,74494,0.0,0.0,0.0,0.0,0.0,0.0,0.0,0.0,,,,,,,208.9068163301369,175.39775613469166,179.9496633559889,,,,,,,,,,,,181.60784328015177,#000000
2024-04-29 00:00:00+00:00,200.7185682076,205.0547180226,197.782633437,203.9977815052,93396,0.0,0.0,0.0,0.0,0.0,0.0,0.0,0.0,,,,,,,208.19091933029853,175.47251899467264,180.00732666949264,,,,,,,,,,,,181.6600064648329,"rgba(239, 83, 80, 0.75)"
2024-04-30 00:00:00+00:00,198.125911964,201.8206729522,197.520657719,200.4475588442,84613,0.0,0.0,0.0,0.0,0.0,0.0,0.0,0.0,,,,,,,207.49080981159383,175.53456107353747,180.05431704164735,,,,,,,,,,,,181.70213746475662,"rgba(239, 83, 80, 1.0)"
2024-05-01 00:00:00+00:00,198.6498634,202.3220402746,197.4438717327,198.9299064089,58222,0.0,0.0,0.0,0.0,0.0,0.0,0.0,0.0,,,,,,,207.0848960590151,175.57763253809986,180.0870502781356,,,,,,,,,,,,181.73153308737952,"rgba(239, 83, 80, 1.0)"
2024-05-02 00:00:00+00:00,201.7032355614,201.8206729522,198.3111016957,201.6851682705,60923,0.0,0.0,0.0,0.0,0.0,0.0,0.0,0.0,,,,,,,206.75926971308283,175.62467840194358,180.12319102287205,,,,,,,,,,,,181.7641579444126,"rgba(239, 83, 80, 1.0)"
2024-05-03 00:00:00+00:00,204.7024058501,206.1748900581,202.38075897,202.7872730152,25173,0.0,0.0,0.0,0.0,0.0,0.0,0.0,0.0,,,,,,,206.71162455340666,175.6470202604253,180.14085536452757,,,,,,,,,,,,181.78032217271056,"rgba(239, 83, 80, 0.75)"
2024-05-06 00:00:00+00:00,205.5696358131,207.1414901211,204.2010385278,205.9761498583,30227,0.0,0.0,0.0,0.0,0.0,0.0,0.0,0.0,,,,,,,206.6859863661366,175.6749357063846,180.1630947111481,,,,,,,,,,,,181.80074389572945,#000000
2024-05-07 00:00:00+00:00,202.904710406,208.4829864701,202.904710406,207.0782546029,52068,0.0,0.0,0.0,0.0,0.0,0.0,0.0,0.0,,,,,,,206.6100961685188,175.72150231614037,180.2000025140454,,,,,,,,,,,,181.83455406398247,#000000
2024-05-08 00:00:00+00:00,211.5318418088,211.8841539812,201.765567715,202.1278168975,52093,0.0,0.0,0.0,0.0,0.0,0.0,0.0,0.0,,,,,,,206.67788889647966,175.77374635111158,180.24225733045506,,,,,,,,,,,,181.87361990058523,#000000
2024-05-09 00:00:00+00:00,211.8751203358,215.7234532966,209.9780547917,209.9780547917,51515,0.0,0.0,0.0,0.0,0.0,0.0,0.0,0.0,,,,,,,206.8897054427706,175.8317697300329,180.29003342837854,,,,,,,,,,,,181.91814053090428,"rgba(38, 166, 154, 1.0)"
2024-05-10 00:00:00+00:00,208.3881331929,211.5499090997,208.288763093,210.5381408095,31680,0.0,0.0,0.0,0.0,0.0,0.0,0.0,0.0,,,,,,,206.9446000211765,175.8643382849133,180.31651015805298,,,,,,,,,,,,181.94267375337822,"rgba(38, 166, 154, 1.0)"
2024-05-13 00:00:00+00:00,208.3519986111,211.3511688998,208.3519986111,210.1948622825,23361,0.0,0.0,0.0,0.0,0.0,0.0,0.0,0.0,,,,,,,206.98266654155344,175.88827317371144,180.33596508087896,,,,,,,,,,,,181.96069902482415,"rgba(38, 166, 154, 1.0)"
2024-05-14 00:00:00+00:00,210.023223019,212.3990717718,208.108090184,211.5499090997,34300,0.0,0.0,0.0,0.0,0.0,0.0,0.0,0.0,,,,,,,207.05514875542275,175.92421880594284,180.36529366189788,,,,,,,,,,,,181.9879177841834,"rgba(38, 166, 154, 1.0)"
2024-05-15 00:00:00+00:00,211.7757502359,213.6186139072,209.5625071011,211.2517987999,37535,0.0,0.0,0.0,0.0,0.0,0.0,0.0,0.0,,,,,,,207.16654135711332,175.96515913248095,180.3989076069447,,,,,,,,,,,,182.01919950644515,"rgba(38, 166, 154, 1.0)"
2024-05-16 00:00:00+00:00,212.6610474898,213.4740755801,210.185828637,211.8570530449,23597,0.0,0.0,0.0,0.0,0.0,0.0,0.0,0.0,,,,,,,207.2406704881749,175.9911762650327,180.4203095222919,,,,,,,,,,,,182.0391327627795,"rgba(38, 166, 154, 1.0)"
2024-05-17 00:00:00+00:00,210.791082882,213.5192438073,210.6375109094,213.5192438073,26992,0.0,0.0,0.0,0.0,0.0,0.0,0.0,0.0,,,,,,,207.3150600828469,176.0205141226127,180.4444021126464,,,,,,,,,,,,182.06155494504964,"rgba(38, 166, 154, 1.0)"
2024-05-20 00:00:00+00:00,210.8091501729,213.0223933077,209.9870884372,209.9870884372,40728,0.0,0.0,0.0,0.0,0.0,0.0,0.0,0.0,,,,,,,207.4133265655691,176.06422379958977,180.48024728253873,,,,,,,,,,,,182.09489379517794,"rgba(38, 166, 154, 1.0)"
2024-05-21 00:00:00+00:00,214.097397116,214.4361588203,208.8849836925,208.8849836925,22465,0.0,0.0,0.0,0.0,0.0,0.0,0.0,0.0,,,,,,,207.48168073550568,176.08910721739343,180.50075243581531,,,,,,,,,,,,182.11400543391352,"rgba(38, 166, 154, 1.0)"
2024-05-22 00:00:00+00:00,211.7486492995,213.0946624713,210.2219632188,212.444239999,46390,0.0,0.0,0.0,0.0,0.0,0.0,0.0,0.0,,,,,,,207.59585539432538,176.13927823522474,180.5419754734488,,,,,,,,,,,,182.15237702074657,"rgba(38, 166, 154, 1.0)"
2024-05-23 00:00:00+00:00,207.4757350026,211.7125147177,206.8704807576,211.7125147177,25791,0.0,0.0,0.0,0.0,0.0,0.0,0.0,0.0,,,,,,,207.61206394928516,176.16475975910336,180.56264220346927,,,,,,,,,,,,182.17150304573585,"rgba(38, 166, 154, 0.75)"
2024-05-24 00:00:00+00:00,210.1587277007,211.5047408724,207.4124994845,207.9093499841,50785,0.0,0.0,0.0,0.0,0.0,0.0,0.0,0.0,,,,,,,207.6712131247582,176.21636702262697,180.60470056271754,,,,,,,,,,,,182.21050906018056,"rgba(38, 166, 154, 0.75)"
2024-05-28 00:00:00+00:00,206.454933067,209.923852919,205.6735227358,209.923852919,26646,0.0,0.0,0.0,0.0,0.0,0.0,0.0,0.0,,,,,,,207.66650208460692,176.24149165178775,180.62494702842494,,,,,,,,,,,,182.2291908709255,#000000
2024-05-29 00:00:00+00:00,203.8713104689,205.4612320678,203.2028207058,205.4160638405,39588,0.0,0.0,0.0,0.0,0.0,0.0,0.0,0.0,,,,,,,207.591943891145,176.27494576158458,180.65140693024637,,,,,,,,,,,,182.25339678437373,"rgba(239, 83, 80, 0.5)"
2024-05-30 00:00:00+00:00,204.7837086592,207.3130390481,203.8713104689,205.1179535407,27860,0.0,0.0,0.0,0.0,0.0,0.0,0.0,0.0,,,,,,,207.55831365039776,176.29940451700458,180.670896338173,,,,,,,,,,,,182.27128703241962,"rgba(239, 83, 80, 0.5)"
2024-05-31 00:00:00+00:00,206.5001012943,208.2119771066,203.5867506373,204.377194614,75685,0.0,0.0,0.0,0.0,0.0,0.0,0.0,0.0,,,,,,,207.50185895597627,176.3674152832711,180.72535024676114,,,,,,,,,,,,182.32138156624382,"rgba(239, 83, 80, 0.5)"
2024-06-03 00:00:00+00:00,207.7738453024,208.9391855652,205.3708956133,208.9391855652,26614,0.0,0.0,0.0,0.0,0.0,0.0,0.0,0.0,,,,,,,207.49997186025766,176.39226872253693,180.74539249476805,,,,,,,,,,,,182.33987890838702,"rgba(239, 83, 80, 0.5)"
2024-06-04 00:00:00+00:00,205.2624918679,209.580574392,203.6003011055,206.8343461758,19549,0.0,0.0,0.0,0.0,0.0,0.0,0.0,0.0,,,,,,,207.48676649816974,176.40978478854683,180.75942474167695,,,,,,,,,,,,182.35279039789597,"rgba(239, 83, 80, 0.5)"
2024-06-05 00:00:00+00:00,204.7927423046,206.5091349397,203.4647964238,204.9372806318,42470,0.0,0.0,0.0,0.0,0.0,0.0,0.0,0.0,,,,,,,207.43348644535612,176.44620194789906,180.7883872798811,,,,,,,,,,,,182.379350031453,"rgba(239, 83, 80, 0.5)"
2024-06-06 00:00:00+00:00,200.5288616532,204.1920048823,199.7971363719,202.7872730152,60135,0.0,0.0,0.0,0.0,0.0,0.0,0.0,0.0,,,,,,,207.2640998596806,176.4914405956362,180.82348975067814,,,,,,,,,,,,182.4111672596478,"rgba(239, 83, 80, 1.0)"
2024-06-07 00:00:00+00:00,196.9334707649,199.0292765088,195.7952314385,198.7763344363,53522,0.0,0.0,0.0,0.0,0.0,0.0,0.0,0.0,,,,,,,207.01578517100293,176.5247443100612,180.8482277269066,,,,,,,,,,,,182.43310861612716,"rgba(239, 83, 80, 1.0)"
2024-06-10 00:00:00+00:00,195.442919266,196.1656109018,194.4311509758,194.4311509758,57276,0.0,0.0,0.0,0.0,0.0,0.0,0.0,0.0,,,,,,,206.71406026947892,176.55699929228513,180.87155197865823,,,,,,,,,,,,182.4535063561016,"rgba(239, 83, 80, 1.0)"
2024-06-11 00:00:00+00:00,194.2143434851,194.5124537849,191.7029900506,193.4916518492,34101,0.0,0.0,0.0,0.0,0.0,0.0,0.0,0.0,,,,,,,206.51336662728917,176.57424483359344,180.88361379402758,,,,,,,,,,,,182.46386324297004,"rgba(239, 83, 80, 1.0)"
2024-06-12 00:00:00+00:00,197.6200278189,207.2363433983,196.7256969196,199.7971363719,45523,0.0,0.0,0.0,0.0,0.0,0.0,0.0,0.0,,,,,,,206.39461814826106,176.6067926601834,180.90867499528483,,,,,,,,,,,,182.48649128687987,"rgba(239, 83, 80, 1.0)"
2024-06-13 00:00:00+00:00,192.8231620861,197.1502782557,192.4798835591,196.1746445473,49638,0.0,0.0,0.0,0.0,0.0,0.0,0.0,0.0,,,,,,,206.1353877570507,176.63274860807073,180.92707106766048,,,,,,,,,,,,182.50240261173923,"rgba(239, 83, 80, 1.0)"
2024-06-14 00:00:00+00:00,192.0824031594,193.1257892086,189.6704198248,190.5105488514,35708,0.0,0.0,0.0,0.0,0.0,0.0,0.0,0.0,,,,,,,205.91771238944267,176.64868872467864,180.93775234956323,,,,,,,,,,,,182.51134671899348,"rgba(239, 83, 80, 1.0)"
2024-06-17 00:00:00+00:00,194.7021603393,194.7111939847,189.715588052,191.9920667049,39658,0.0,0.0,0.0,0.0,0.0,0.0,0.0,0.0,,,,,,,205.70670721306658,176.66802332608404,180.9511593554063,,,,,,,,,,,,182.522800520086,"rgba(239, 83, 80, 1.0)"
2024-06-18 00:00:00+00:00,196.3282165199,199.4195299922,195.1357753208,195.9488034111,45264,0.0,0.0,0.0,0.0,0.0,0.0,0.0,0.0,,,,,,,205.5461186727089,176.69530242132967,180.97137204069452,,,,,,,,,,,,182.54070062238785,"rgba(239, 83, 80, 0.75)"
2024-06-20 00:00:00+00:00,198.7401998545,200.0636289126,194.7021603393,194.7021603393,27488,0.0,0.0,0.0,0.0,0.0,0.0,0.0,0.0,,,,,,,205.46108298721992,176.7125457796031,180.98429164337546,,,,,,,,,,,,182.5522070246909,"rgba(239, 83, 80, 0.75)"
2024-06-21 00:00:00+00:00,198.0265418641,200.1584821898,197.8458689551,198.5866278819,106020,0.0,0.0,0.0,0.0,0.0,0.0,0.0,0.0,,,,,,,205.1842933523129,176.7814294887681,181.03641668037676,,,,,,,,,,,,182.59886008134117,"rgba(239, 83, 80, 0.75)"
2024-06-24 00:00:00+00:00,203.6003011055,205.1269871862,199.6887326265,199.6887326265,35970,0.0,0.0,0.0,0.0,0.0,0.0,0.0,0.0,,,,,,,205.1518127197452,176.80908999736405,181.05815413274007,,,,,,,,,,,,182.61867553982384,#000000
2024-06-25 00:00:00+00:00,201.1792841254,202.6066001062,198.5821110592,202.6066001062,35645,0.0,0.0,0.0,0.0,0.0,0.0,0.0,0.0,,,,,,,205.0935764245315,176.83432144350374,181.07765946440392,,,,,,,,,,,,182.63631642653556,#000000
2024-06-26 00:00:00+00:00,199.0383101543,201.2109018845,198.2794839366,200.1584821898,19989,0.0,0.0,0.0,0.0,0.0,0.0,0.0,0.0,,,,,,,205.0520848538323,176.84769284181598,181.0878717355275,,,,,,,,,,,,182.64549773507466,#000000
2024-06-27 00:00:00+00:00,199.4899924267,201.0257121528,198.2975512275,200.3752896806,23842,0.0,0.0,0.0,0.0,0.0,0.0,0.0,0.0,,,,,,,205.00422805409693,176.86368771840426,181.1001003371724,,,,,,,,,,,,182.65649725991074,#000000
2024-06-28 00:00:00+00:00,204.0248824415,204.1784544141,198.1484960777,201.7303364978,313402,0.0,0.0,0.0,0.0,0.0,0.0,0.0,0.0,,,,,,,204.7053656532614,177.09487250381005,181.28098276315507,,,,,,,,,,,,182.82101321867253,#000000
2024-07-01 00:00:00+00:00,201.3780243253,204.7566077228,200.2488186443,203.2389552876,31608,0.0,0.0,0.0,0.0,0.0,0.0,0.0,0.0,,,,,,,204.67873245678948,177.117963492275,181.29906201889497,,,,,,,,,,,,182.83746009000666,#000000
2024-07-02 00:00:00+00:00,203.6454693327,204.115218896,201.4502934889,202.1910524156,16717,0.0,0.0,0.0,0.0,0.0,0.0,0.0,0.0,,,,,,,204.66999054715114,177.13061834261558,181.3090432998079,,,,,,,,,,,,182.84657171939634,"rgba(38, 166, 154, 1.0)"
2024-07-03 00:00:00+00:00,204.7927423046,204.8650114682,203.2841235148,203.2841235148,10904,0.0,0.0,0.0,0.0,0.0,0.0,0.0,0.0,,,,,,,204.66873281033054,177.13926149786892,181.31592064631252,,,,,,,,,,,,182.85287574195422,"rgba(38, 166, 154, 1.0)"
2024-07-05 00:00:00+00:00,200.0591120899,203.7177384963,200.041044799,203.7177384963,15726,0.0,0.0,0.0,0.0,0.0,0.0,0.0,0.0,,,,,,,204.65151779639243,177.15032317003119,181.32452135920892,,,,,,,,,,,,182.86067352191225,"rgba(38, 166, 154, 1.0)"
2024-07-08 00:00:00+00:00,200.6191981077,201.251553289,199.7429344992,200.3933569715,43016,0.0,0.0,0.0,0.0,0.0,0.0,0.0,0.0,,,,,,,204.59526001778266,177.1796088652449,181.34714430743315,,,,,,,,,,,,182.88111961122507,#000000
2024-07-09 00:00:00+00:00,201.2063850618,202.8052499696,199.1467138997,199.95974199,24409,0.0,0.0,0.0,0.0,0.0,0.0,0.0,0.0,,,,,,,204.5679810513914,177.19655973755445,181.36030158310126,,,,,,,,,,,,182.89303823049093,#000000
2024-07-10 00:00:00+00:00,205.2082899952,205.2082899952,200.9624766347,200.9624766347,16599,0.0,0.0,0.0,0.0,0.0,0.0,0.0,0.0,,,,,,,204.56394399328707,177.20939568696656,181.3704826228092,,,,,,,,,,,,182.90235607417654,"rgba(38, 166, 154, 0.75)"
2024-07-11 00:00:00+00:00,207.584138748,212.4261727081,207.2860284482,209.3366659649,65102,0.0,0.0,0.0,0.0,0.0,0.0,0.0,0.0,,,,,,,204.65474166106748,177.26964352082982,181.41975159412635,,,,,,,,,,,,182.94808228585327,"rgba(38, 166, 154, 1.0)"
2024-07-12 00:00:00+00:00,208.6139743291,210.8452847547,207.7286770752,209.8606174009,39605,0.0,0.0,0.0,0.0,0.0,0.0,0.0,0.0,,,,,,,204.7077864696927,177.30614274702054,181.44959994125136,,,,,,,,,,,,182.9757836232463,"rgba(38, 166, 154, 1.0)"
2024-07-15 00:00:00+00:00,209.1650267014,215.8770252692,208.2255275748,209.3095650286,68854,0.0,0.0,0.0,0.0,0.0,0.0,0.0,0.0,,,,,,,204.8385582625686,177.3734348671055,181.50513582343828,,,,,,,,,,,,183.02753363839778,"rgba(38, 166, 154, 1.0)"
2024-07-16 00:00:00+00:00,220.086704048,221.2043466628,212.0557932447,212.0648268902,55816,0.0,0.0,0.0,0.0,0.0,0.0,0.0,0.0,,,,,,,205.05006834879546,177.43857830024356,181.56015383942474,,,,,,,,,,,,183.07931733697228,"rgba(38, 166, 154, 1.0)"
2024-07-17 00:00:00+00:00,221.1978424381,223.9350370088,216.5003468051,219.2917432485,70830,0.0,0.0,0.0,0.0,0.0,0.0,0.0,0.0,,,,,,,205.36483589810146,177.5265820520016,181.6350370692568,,,,,,,,,,,,183.15002132021766,"rgba(38, 166, 154, 1.0)"
2024-07-18 00:00:00+00:00,219.8698965572,224.6757959355,219.3459451212,219.3549787667,27809,0.0,0.0,0.0,0.0,0.0,0.0,0.0,0.0,,,,,,,205.49090694645488,177.5616385179125,181.66492615201824,,,,,,,,,,,,183.17826531435696,"rgba(38, 166, 154, 1.0)"
2024-07-19 00:00:00+00:00,217.0785001138,221.1617078563,216.4100103506,219.9421657208,25384,0.0,0.0,0.0,0.0,0.0,0.0,0.0,0.0,,,,,,,205.582164771314,177.5913386017906,181.69005201754942,,,,,,,,,,,,183.20192941522245,"rgba(38, 166, 154, 1.0)"
2024-07-22 00:00:00+00:00,218.2619076675,219.3459451212,214.8923579154,217.5301823862,36545,0.0,0.0,0.0,0.0,0.0,0.0,0.0,0.0,,,,,,,205.70394899868253,177.6332683194245,181.7254562324519,,,,,,,,,,,,183.23524605840032,"rgba(38, 166, 154, 1.0)"
2024-07-23 00:00:00+00:00,217.8734609132,222.5348219643,217.2591730228,217.2591730228,62538,0.0,0.0,0.0,0.0,0.0,0.0,0.0,0.0,,,,,,,205.93628048671866,177.70790815139011,181.78878910108546,,,,,,,,,,,,183.2949679957526,"rgba(38, 166, 154, 1.0)"
2024-07-24 00:00:00+00:00,214.4587429339,221.116539629,214.4542261112,217.0062309502,49508,0.0,0.0,0.0,0.0,0.0,0.0,0.0,0.0,,,,,,,206.08044360777464,177.76319469721213,181.83537515212342,,,,,,,,,,,,183.33876585335747,"rgba(38, 166, 154, 0.75)"
2024-07-25 00:00:00+00:00,222.0379714647,224.3505846994,215.0549635335,215.0549635335,68164,0.0,0.0,0.0,0.0,0.0,0.0,0.0,0.0,,,,,,,206.34175132764142,177.84647601351668,181.9062949741267,,,,,,,,,,,,183.4057408153684,"rgba(38, 166, 154, 0.75)"
2024-07-26 00:00:00+00:00,211.8209184631,223.1762107911,208.7901304153,218.7948927489,36800,0.0,0.0,0.0,0.0,0.0,0.0,0.0,0.0,,,,,,,206.42182528626338,177.88511463092055,181.9386495545555,,,,,,,,,,,,183.43607470805821,"rgba(38, 166, 154, 0.75)"
2024-07-29 00:00:00+00:00,204.4223628412,209.7973818828,202.4259271972,209.7973818828,41600,0.0,0.0,0.0,0.0,0.0,0.0,0.0,0.0,,,,,,,206.4123523858342,177.91795504612227,181.96503608025247,,,,,,,,,,,,183.46035860666865,"rgba(38, 166, 154, 0.75)"
2024-07-30 00:00:00+00:00,207.1776247029,210.4839389368,203.7087048509,206.635605976,43685,0.0,0.0,0.0,0.0,0.0,0.0,0.0,0.0,,,,,,,206.420361193186,177.95431844893312,181.99452781517465,,,,,,,,,,,,183.4876163778331,#000000
2024-07-31 00:00:00+00:00,205.8767797584,209.6936988167,204.9658205559,207.2887665222,52010,0.0,0.0,0.0,0.0,0.0,0.0,0.0,0.0,,,,,,,206.42598573494345,177.9970822061123,182.02916228669486,,,,,,,,,,,,183.51960613335916,#000000
2024-08-01 00:00:00+00:00,195.6831462827,206.8241773289,195.5373928103,205.3302042369,52883,0.0,0.0,0.0,0.0,0.0,0.0,0.0,0.0,,,,,,,206.33202530736733,178.0291677249269,182.05367014256205,,,,,,,,,,,,183.5416174973198,"rgba(239, 83, 80, 1.0)"
2024-08-02 00:00:00+00:00,188.778075528,191.4380763992,186.3458144574,189.4886237059,42171,0.0,0.0,0.0,0.0,0.0,0.0,0.0,0.0,,,,,,,206.14893431938626,178.04212417645107,182.06133524329152,,,,,,,,,,,,183.5475019823009,"rgba(239, 83, 80, 1.0)"
2024-08-05 00:00:00+00:00,178.6299900125,181.2991004757,176.5803318069,178.9306065493,56967,0.0,0.0,0.0,0.0,0.0,0.0,0.0,0.0,,,,,,,205.76783162348758,178.04340646281764,182.05643239675405,,,,,,,,,,,,183.5404632281523,"rgba(239, 83, 80, 1.0)"
2024-08-06 00:00:00+00:00,179.3132094143,182.3467035585,176.8171811995,179.0217024695,41921,0.0,0.0,0.0,0.0,0.0,0.0,0.0,0.0,,,,,,,205.50077503799318,178.0451256443355,182.05356696916127,,,,,,,,,,,,183.53601730203675,"rgba(239, 83, 80, 1.0)"
2024-08-07 00:00:00+00:00,175.2594409633,181.7363608929,175.2594409633,181.7181417088,37224,0.0,0.0,0.0,0.0,0.0,0.0,0.0,0.0,,,,,,,205.24960029317515,178.04446606426282,182.04897197819722,,,,,,,,,,,,183.53005710604828,"rgba(239, 83, 80, 1.0)"
2024-08-08 00:00:00+00:00,180.2514973929,180.9119428147,175.4507423958,178.3749214358,27374,0.0,0.0,0.0,0.0,0.0,0.0,0.0,0.0,,,,,,,205.07723269149483,178.04510557368914,182.04665716719694,,,,,,,,,,,,183.52672173070758,"rgba(239, 83, 80, 1.0)"
2024-08-09 00:00:00+00:00,179.9053328959,180.661429034,178.4842365401,180.661429034,20931,0.0,0.0,0.0,0.0,0.0,0.0,0.0,0.0,,,,,,,204.9509856329593,178.04607393329056,182.04534166587533,,,,,,,,,,,,183.5246190461644,"rgba(239, 83, 80, 1.0)"
2024-08-12 00:00:00+00:00,179.8780041198,182.1918404941,177.5641677456,179.6502643192,47797,0.0,0.0,0.0,0.0,0.0,0.0,0.0,0.0,,,,,,,204.66952901308736,178.0485428590927,182.04258987974487,,,,,,,,,,,,183.52006858149576,"rgba(239, 83, 80, 1.0)"
2024-08-13 00:00:00+00:00,179.6775930953,180.6978674021,177.336427945,179.0125928775,49269,0.0,0.0,0.0,0.0,0.0,0.0,0.0,0.0,,,,,,,204.37861366850666,178.05019201246037,182.03892321201982,,,,,,,,,,,,183.51456677034525,"rgba(239, 83, 80, 1.0)"
2024-08-14 00:00:00+00:00,182.5744433592,183.4125258254,174.394029721,179.7504698315,44783,0.0,0.0,0.0,0.0,0.0,0.0,0.0,0.0,,,,,,,204.1290565088861,178.05280753054558,182.0366544574135,,,,,,180.12699963519998,,,,,,183.5106158232857,"rgba(239, 83, 80, 1.0)"
2024-08-15 00:00:00+00:00,187.6575957089,190.1257485721,187.1383489635,187.5118422366,35349,0.0,0.0,0.0,0.0,0.0,0.0,0.0,0.0,,,,,,,204.0015781139759,178.06299121996273,182.04252234558462,,,,,,183.73558299010512,,,,,,183.515027589594,"rgba(239, 83, 80, 0.75)"
2024-08-16 00:00:00+00:00,189.5888292182,189.9850964713,187.0745818194,187.0745818194,23911,0.0,0.0,0.0,0.0,0.0,0.0,0.0,0.0,,,,,,,203.91962682882902,178.07025468551274,182.0468494377582,,,,,,184.91851661183236,,,,,,183.51836511900254,"rgba(239, 83, 80, 0.75)"
2024-08-19 00:00:00+00:00,191.9846519207,192.3399260096,188.6505412396,189.160678393,39497,0.0,0.0,0.0,0.0,0.0,0.0,0.0,0.0,,,,,,,203.80490029475246,178.0845673080372,182.05618641587782,,,,,,186.5896380878458,,,,,,183.5260327901249,"rgba(239, 83, 80, 0.75)"
2024-08-20 00:00:00+00:00,190.8823912857,191.3834188471,188.8145138961,191.3834188471,26822,0.0,0.0,0.0,0.0,0.0,0.0,0.0,0.0,,,,,,,203.72436116274224,178.09379406397315,182.06206855761215,,,,,,187.1832654474811,,,,,,183.53079110279873,"rgba(239, 83, 80, 0.5)"
2024-08-21 00:00:00+00:00,189.3793086016,192.3581451937,188.5594453194,190.7457474053,23255,0.0,0.0,0.0,0.0,0.0,0.0,0.0,0.0,,,,,,,203.65396040005965,178.10161248506571,182.06700142267113,,,,,,187.5334651974494,,,,,,183.5347537102348,#000000
2024-08-22 00:00:00+00:00,191.2558845587,192.5357822382,189.4157469697,189.4157469697,23028,0.0,0.0,0.0,0.0,0.0,0.0,0.0,0.0,,,,,,,203.5898986406227,178.10996981716153,182.0724694714698,,,,,,187.9092849556047,,,,,,183.5392521776639,#000000
2024-08-23 00:00:00+00:00,197.4412975435,199.2677707444,191.4836243593,191.4836243593,25752,0.0,0.0,0.0,0.0,0.0,0.0,0.0,0.0,,,,,,,203.54730092385086,178.12290045473162,182.08196718397008,,,,,,188.77565775521376,,,,,,183.54760933697673,"rgba(38, 166, 154, 0.5)"
2024-08-26 00:00:00+00:00,195.3552009698,200.8300657767,194.7995158563,200.3563669914,37247,0.0,0.0,0.0,0.0,0.0,0.0,0.0,0.0,,,,,,,203.49409264802478,178.1425385395254,182.09659449990195,196.99492753426668,,,,,189.87041802706077,,,,,,183.56057452371383,"rgba(38, 166, 154, 1.0)"
2024-08-27 00:00:00+00:00,191.009925574,193.7291387934,190.8140693455,191.0372543501,25993,0.0,0.0,0.0,0.0,0.0,0.0,0.0,0.0,,,,,,,203.42848443786121,178.15248619080967,182.10326673758712,194.88068101521137,,,,,190.0388610681708,,,,,,183.56614888672448,"rgba(38, 166, 154, 0.5)"
2024-08-28 00:00:00+00:00,186.1727322089,191.2285557826,185.8994444482,189.0513632887,31961,0.0,0.0,0.0,0.0,0.0,0.0,0.0,0.0,,,,,,,203.32071587209194,178.16105716807127,182.10802626140952,192.49243709523762,,,,,189.8237715175868,,,,,,183.56961904436847,#000000
2024-08-29 00:00:00+00:00,189.2791030893,189.8621169789,186.3822528255,188.5958836875,36830,0.0,0.0,0.0,0.0,0.0,0.0,0.0,0.0,,,,,,,203.20418317047847,178.17167527674465,182.1142177463225,191.38093078743154,,,,,189.6943305139731,,,,,,183.57431537228504,#000000
2024-08-30 00:00:00+00:00,192.8136247949,193.19622766,188.8418426722,191.2103365986,36209,0.0,0.0,0.0,0.0,0.0,0.0,0.0,0.0,,,,,,,203.11525365700206,178.1852271126708,182.12324783160807,191.43178801561913,,,,,189.8638873960172,,,,,,183.581828344296,#000000
2024-09-03 00:00:00+00:00,187.3387599881,191.5109531354,186.190951393,191.5109531354,44000,0.0,0.0,0.0,0.0,0.0,0.0,0.0,0.0,,,,,,,202.97879104371614,178.19765761327997,182.1304259386416,190.79224978949821,,,,,189.71707143988203,,,,,,183.5872310341201,#000000
2024-09-04 00:00:00+00:00,184.1868411475,187.694034077,183.2804367411,185.4895128071,24127,0.0,0.0,0.0,0.0,0.0,0.0,0.0,0.0,,,,,,,202.88842679540625,178.20225341535354,182.132273596459,190.2064984533421,,,,,189.48206743366597,,,,,,183.58814223934493,"rgba(239, 83, 80, 0.5)"
2024-09-05 00:00:00+00:00,183.9226629788,186.564444666,183.1847860248,185.8083485279,17247,0.0,0.0,0.0,0.0,0.0,0.0,0.0,0.0,,,,,,,202.8226043241057,178.2052971313563,182.13336874158446,189.82232501607814,,,,,189.31082627102663,,,,,,183.5885725016718,"rgba(239, 83, 80, 1.0)"
2024-09-06 00:00:00+00:00,179.4954012548,184.1185192073,179.2585518622,182.2647172303,23515,0.0,0.0,0.0,0.0,0.0,0.0,0.0,0.0,,,,,,,202.71608040563055,178.20709315659954,182.13264516928982,189.07012449868574,,,,,188.9327341559168,,,,,,183.58698086935615,"rgba(239, 83, 80, 1.0)"
2024-09-09 00:00:00+00:00,179.2221134941,181.7545800769,178.2838255155,180.3334837211,32810,0.0,0.0,0.0,0.0,0.0,0.0,0.0,0.0,,,,,,,202.56104352029413,178.20849993271875,182.1306042398593,188.08387158743807,,,,,188.38746739091695,,,,,,183.58374794291075,"rgba(239, 83, 80, 1.0)"
2024-09-10 00:00:00+00:00,178.3202638836,180.2332782088,176.0275617628,180.2332782088,35306,0.0,0.0,0.0,0.0,0.0,0.0,0.0,0.0,,,,,,,202.38528312581963,178.20848546037638,182.1269734217794,187.07246706978967,,,,,187.77501779382698,,,,,,183.5788609229507,"rgba(239, 83, 80, 1.0)"
2024-09-11 00:00:00+00:00,177.6279348897,178.6482091965,173.4648513345,176.7716332394,40181,0.0,0.0,0.0,0.0,0.0,0.0,0.0,0.0,,,,,,,202.17517754119817,178.20667536559637,182.1211577951674,185.97865272670393,,,,,187.0585520421092,176.58033180689998,,,,,183.571646814233,"rgba(239, 83, 80, 1.0)"
2024-09-12 00:00:00+00:00,180.0693055524,180.6933126061,177.4730718253,177.4730718253,22837,0.0,0.0,0.0,0.0,0.0,0.0,0.0,0.0,,,,,,,202.07032411442302,178.20743642175867,182.1195442658478,185.61132821219638,,,,,,177.60645841484012,,,,,183.569211207842,"rgba(239, 83, 80, 1.0)"
2024-09-13 00:00:00+00:00,185.81745812,186.218280169,181.7090321168,182.8386215279,32375,0.0,0.0,0.0,0.0,0.0,0.0,0.0,0.0,,,,,,,201.95686219924661,178.21313746795929,182.12162121727303,185.53567025659427,,,,,,179.97371690811332,,,,,183.57005084826488,"rgba(239, 83, 80, 0.75)"
2024-09-16 00:00:00+00:00,187.7395820372,188.049308166,186.1454034328,187.0199242672,20461,0.0,0.0,0.0,0.0,0.0,0.0,0.0,0.0,,,,,,,201.89705769368825,178.21827747412797,182.12438667646876,185.6144686164011,,,,,,181.26963221851972,,,,,183.5720109183516,"rgba(239, 83, 80, 0.5)"
2024-09-17 00:00:00+00:00,188.0037602059,190.6455418931,187.8033491813,189.9987608593,24926,0.0,0.0,0.0,0.0,0.0,0.0,0.0,0.0,,,,,,,201.8323145498617,178.2255671246628,182.12872868981316,185.77874003701768,,,,,,182.6060394443953,,,,,183.57535655329977,#000000
2024-09-18 00:00:00+00:00,187.684924485,191.2103365986,187.30232162,187.30232162,41691,0.0,0.0,0.0,0.0,0.0,0.0,0.0,0.0,,,,,,,201.7247484265373,178.23763965092567,182.13588636996914,186.01209728968507,,,,,,184.00582032111348,,,,,183.5808522985236,#000000
2024-09-19 00:00:00+00:00,191.1647886385,192.467460298,190.6683158731,192.3034876415,23613,0.0,0.0,0.0,0.0,0.0,0.0,0.0,0.0,,,,,,,201.67710837868302,178.2462215974262,182.14159055077857,186.24429275249406,,,,,,184.85688255968566,,,,,183.5855890344755,"rgba(38, 166, 154, 1.0)"
2024-09-20 00:00:00+00:00,188.7598563439,191.1010214943,187.8580067335,191.1010214943,116347,0.0,0.0,0.0,0.0,0.0,0.0,0.0,0.0,,,,,,,201.39974644309856,178.28133672503157,182.16298259305384,186.7662499476208,,,,,,186.4383660582206,,,,,183.60234370306142,"rgba(38, 166, 154, 1.0)"
2024-09-23 00:00:00+00:00,189.6617059544,190.9643776139,188.7627714134,189.898555347,16157,0.0,0.0,0.0,0.0,0.0,0.0,0.0,0.0,,,,,,,201.3639232172936,178.28644220865252,182.16617597031922,186.83784092998454,,,,,,186.59860179086252,,,,,183.60489153612576,"rgba(38, 166, 154, 1.0)"
2024-09-24 00:00:00+00:00,190.2356102519,191.3925284391,188.8323686965,189.898555347,16799,0.0,0.0,0.0,0.0,0.0,0.0,0.0,0.0,,,,,,,201.3280533385063,178.29191036075608,182.169648716474,186.91734029353734,,,,,,186.76664051029468,,,,,183.6076910980334,"rgba(38, 166, 154, 1.0)"
2024-09-25 00:00:00+00:00,186.0725266966,189.2882126814,186.0087595525,189.0240345127,21983,0.0,0.0,0.0,0.0,0.0,0.0,0.0,0.0,,,,,,,201.26882430042298,178.29723219875126,182.1724654244234,186.9236018205241,,,,,,186.7874092694928,,,,,183.60965665469752,"rgba(38, 166, 154, 1.0)"
2024-09-26 00:00:00+00:00,188.3954726629,189.0308667067,186.9743763071,188.4410206231,24236,0.0,0.0,0.0,0.0,0.0,0.0,0.0,0.0,,,,,,,201.20871835376457,178.3037628763135,182.17620013366053,186.9628664591976,,,,,,186.8686470929435,,,,,183.61244356086624,"rgba(38, 166, 154, 1.0)"
2024-09-27 00:00:00+00:00,189.3246510495,192.3444808057,188.2588287826,189.9714320832,19508,0.0,0.0,0.0,0.0,0.0,0.0,0.0,0.0,,,,,,,201.16749725879654,178.30999732578954,182.18013151790888,187.03956674346998,,,,,,187.0125938260172,,,,,183.61559742804377,"rgba(38, 166, 154, 1.0)"
2024-09-30 00:00:00+00:00,190.8004049575,190.8004049575,185.88131636,187.9308834697,34255,0.0,0.0,0.0,0.0,0.0,0.0,0.0,0.0,,,,,,,201.0906226918274,178.32016465303246,182.18630430245318,187.13032173866011,,,,,,187.17418514428104,,,,,183.62041899385576,"rgba(38, 166, 154, 1.0)"
2024-10-01 00:00:00+00:00,186.8650612028,189.2791030893,185.0522523899,189.2791030893,21776,0.0,0.0,0.0,0.0,0.0,0.0,0.0,0.0,,,,,,,201.03376968575776,178.32537083321802,182.1890455333463,187.12860459356028,,,,,,187.16922369130666,,,,,183.6223222091122,"rgba(38, 166, 154, 0.75)"
2024-10-02 00:00:00+00:00,186.7010885464,188.164726697,186.1545130249,187.5340696411,22963,0.0,0.0,0.0,0.0,0.0,0.0,0.0,0.0,,,,,,,200.97406498341348,178.3308172654818,182.19189809905208,187.12529526841413,,,,,,187.16176473387785,,,,,183.62429271692747,#000000
2024-10-03 00:00:00+00:00,186.0087595525,187.2112256997,184.9247181015,186.2364993531,20987,0.0,0.0,0.0,0.0,0.0,0.0,0.0,0.0,,,,,,,200.9162263542174,178.33523975534573,182.19398381344956,187.09920357765742,,,,,,187.11691751783883,,,,,183.6255818639147,#000000
2024-10-04 00:00:00+00:00,189.8347882029,190.0625280035,187.4845134605,188.5685549114,21961,0.0,0.0,0.0,0.0,0.0,0.0,0.0,0.0,,,,,,,200.86861627670783,178.34170730377585,182.1979055236547,187.14934256283175,,,,,,187.1982157538016,,,,,183.62864197273294,#000000
2024-10-07 00:00:00+00:00,187.0836914114,188.2679383746,185.3073209666,188.2679383746,18601,0.0,0.0,0.0,0.0,0.0,0.0,0.0,0.0,,,,,,,200.82095084673074,178.34604233556752,182.20015063475128,187.1439477792408,,,,,,187.18788626400013,,,,,183.63017598120896,#000000
2024-10-08 00:00:00+00:00,185.2344442304,186.1818418009,184.0137588991,185.462184031,28859,0.0,0.0,0.0,0.0,0.0,0.0,0.0,0.0,,,,,,,200.73846894928883,178.3513884734548,182.20233564764197,187.08224901205668,,,,,,187.08796802163135,,,,,183.63128066051618,#000000
2024-10-09 00:00:00+00:00,187.5482806047,187.7122532611,185.822012916,185.822012916,23887,0.0,0.0,0.0,0.0,0.0,0.0,0.0,0.0,,,,,,,200.67902059220114,178.35703299244636,182.20529885217618,187.08088661963913,,,,,,187.08561772851684,,,,,183.63333165047467,#000000
2024-10-10 00:00:00+00:00,186.956157123,186.956157123,185.2025606583,185.3528689267,18363,0.0,0.0,0.0,0.0,0.0,0.0,0.0,0.0,,,,,,,200.63149039073383,178.3610393280307,182.20726482912224,187.06756962043644,,,,,,187.06489751115444,,,,,183.63460230131506,#000000
2024-10-11 00:00:00+00:00,189.3975277857,189.6161579943,187.6484861169,187.6484861169,19268,0.0,0.0,0.0,0.0,0.0,0.0,0.0,0.0,,,,,,,200.59069504914208,178.36655767541083,182.21057071476307,187.1027296020029,,,,,,187.11875328778302,,,,,183.63715863627388,#000000
2024-10-14 00:00:00+00:00,193.8338991017,193.8794470618,187.9217738777,187.9217738777,31171,0.0,0.0,0.0,0.0,0.0,0.0,0.0,0.0,,,,,,,200.54200893461072,178.37800728867833,182.21830459601563,187.24747323677113,,,,,,187.33590936373085,,,,,183.6436418658164,"rgba(38, 166, 154, 1.0)"
2024-10-15 00:00:00+00:00,198.2156128656,202.2693813166,194.9179405526,194.9179405526,38220,0.0,0.0,0.0,0.0,0.0,0.0,0.0,0.0,,,,,,,200.5278923206883,178.39885882971748,182.23422740297124,187.64950475674632,,,,,,187.9256517938373,,,,,183.65792708474916,"rgba(38, 166, 154, 1.0)"
2024-10-16 00:00:00+00:00,203.0710254147,203.6449297123,200.7662986325,200.7662986325,25201,0.0,0.0,0.0,0.0,0.0,0.0,0.0,0.0,,,,,,,200.5366755505002,178.41533768453556,182.24730918330846,187.99212605201805,,,,,,188.4173826936558,,,,,183.66988801467653,"rgba(38, 166, 154, 1.0)"
2024-10-17 00:00:00+00:00,203.7360256326,204.1915052338,203.2167788871,203.4080803197,15329,0.0,0.0,0.0,0.0,0.0,0.0,0.0,0.0,,,,,,,200.5452877211987,178.42585784160875,182.25573741877156,188.20980344347313,,,,,,188.72513531521406,,,,,183.67762736437936,"rgba(38, 166, 154, 1.0)"
2024-10-18 00:00:00+00:00,204.1915052338,205.3393138289,202.1054086601,204.0457517614,23619,0.0,0.0,0.0,0.0,0.0,0.0,0.0,0.0,,,,,,,200.55914820983742,178.44215522850655,182.2688098714779,188.53707480461068,,,,,,189.1807423615923,,,,,183.68963799217312,"rgba(38, 166, 154, 1.0)"
2024-10-21 00:00:00+00:00,197.5323934637,203.7360256326,197.2136488388,203.7360256326,21880,0.0,0.0,0.0,0.0,0.0,0.0,0.0,0.0,,,,,,,200.5550612444616,178.45463480582163,182.27845145295387,188.7450545276333,,,,,,189.4602066686633,,,,,183.69833789960902,"rgba(38, 166, 154, 0.75)"
2024-10-22 00:00:00+00:00,195.9837628195,197.3410920312,195.3460913778,197.3410920312,16567,0.0,0.0,0.0,0.0,0.0,0.0,0.0,0.0,,,,,,,200.54251348146425,178.46260693341569,182.2843591861644,188.85101661869146,,,,,,189.59618614593725,,,,,183.70355634483406,"rgba(38, 166, 154, 0.75)"
2024-10-23 00:00:00+00:00,190.609103525,194.9452693287,188.5685549114,193.7336935894,24500,0.0,0.0,0.0,0.0,0.0,0.0,0.0,0.0,,,,,,,200.50340358482634,178.47116801382802,182.2900504395664,188.90280287294092,,,,,,189.64752726321407,,,,,183.70827964255727,"rgba(38, 166, 154, 0.75)"
2024-10-24 00:00:00+00:00,193.9887621661,195.8014798831,190.6546514851,192.2670492734,37170,0.0,0.0,0.0,0.0,0.0,0.0,0.0,0.0,,,,,,,200.45825189803287,178.486252446717,182.30067111160824,189.04106761465192,,,,,,189.8084339931191,,,,,183.7174012588997,"rgba(38, 166, 154, 0.75)"
2024-10-25 00:00:00+00:00,194.7084199361,203.6995872645,191.374309255,203.6995872645,28901,0.0,0.0,0.0,0.0,0.0,0.0,0.0,0.0,,,,,,,200.43902827847197,178.50039028316147,182.3112100564531,189.21433633711104,,,,,,190.02286041691534,,,,,183.72673892335578,"rgba(38, 166, 154, 0.75)"
2024-10-28 00:00:00+00:00,205.3484234209,205.362087809,196.3390369085,196.3390369085,29096,0.0,0.0,0.0,0.0,0.0,0.0,0.0,0.0,,,,,,,200.44855080803345,178.5191218329728,182.32607375633822,189.51085360176359,,,,,,190.40292890443916,,,,,183.7403248491676,"rgba(38, 166, 154, 0.75)"
2024-10-29 00:00:00+00:00,204.0002038013,205.3302042369,202.1418470282,205.3302042369,44882,0.0,0.0,0.0,0.0,0.0,0.0,0.0,0.0,,,,,,,200.4743014442491,178.54974245148236,182.35064342321195,189.99248445207567,,,,,,191.01226190956208,,,,,183.76290009635179,"rgba(38, 166, 154, 1.0)"
2024-10-30 00:00:00+00:00,205.4486289332,207.4709583627,202.6246554055,202.6246554055,38335,0.0,0.0,0.0,0.0,0.0,0.0,0.0,0.0,,,,,,,200.5047735675667,178.5772391980979,182.37290834045803,190.41683136981968,,,,,,191.54120514613183,,,,,183.7834440171681,"rgba(38, 166, 154, 1.0)"
2024-10-31 00:00:00+00:00,199.1539008441,206.1583893842,199.1539008441,203.6824269436,29028,0.0,0.0,0.0,0.0,0.0,0.0,0.0,0.0,,,,,,,200.50957335597911,178.59513777402861,182.38701403739796,190.6462062842227,,,,,,191.8146663996722,,,,,183.79629402171946,"rgba(38, 166, 154, 1.0)"
2024-11-01 00:00:00+00:00,199.7889990166,201.2156688244,198.500394029,200.2216021196,17136,0.0,0.0,0.0,0.0,0.0,0.0,0.0,0.0,,,,,,,200.50763646357555,178.60492837483324,182.39461118538142,190.7572250871923,,,,,,191.94274464065822,,,,,183.8031627528982,"rgba(38, 166, 154, 1.0)"
2024-11-04 00:00:00+00:00,198.3071032808,198.3071032808,196.650969742,198.2334687101,20282,0.0,0.0,0.0,0.0,0.0,0.0,0.0,0.0,,,,,,,200.49831343444018,178.61537060853675,182.40252318407858,190.85588382300932,,,,,,192.0505648695948,,,,,183.81023115276702,"rgba(38, 166, 154, 0.75)"
2024-11-05 00:00:00+00:00,201.1328299323,201.1328299323,196.5858951901,196.5858951901,22862,0.0,0.0,0.0,0.0,0.0,0.0,0.0,0.0,,,,,,,200.49496219712935,178.6282713620148,182.41251241817812,190.9929393305403,,,,,,192.20554252156464,,,,,183.81925291888746,"rgba(38, 166, 154, 0.75)"
2024-11-06 00:00:00+00:00,219.9188497883,223.2876313989,214.6907952669,214.6907952669,53987,0.0,0.0,0.0,0.0,0.0,0.0,0.0,0.0,,,,,,,200.66234508662254,178.687181041706,182.46298811933994,192.00133242454106,,,,,,193.45549933566832,,,,,183.8670075019671,"rgba(38, 166, 154, 1.0)"
2024-11-07 00:00:00+00:00,216.0898521106,219.2469343304,216.0484326646,218.1516200909,49765,0.0,0.0,0.0,0.0,0.0,0.0,0.0,0.0,,,,,,,200.79635391077582,178.73843840799447,182.50665958445387,192.8002340638245,,,,,,194.42116820198046,,,,,183.90822391954987,"rgba(38, 166, 154, 1.0)"
2024-11-08 00:00:00+00:00,217.8202645226,219.3067624191,215.9701959332,215.9701959332,37937,0.0,0.0,0.0,0.0,0.0,0.0,0.0,0.0,,,,,,,200.90057440923724,178.77800082815673,182.5404250292921,193.3894422285919,,,,,,195.12320534265055,,,,,183.94011415810573,"rgba(38, 166, 154, 1.0)"
2024-11-11 00:00:00+00:00,224.6314623146,226.048927801,219.7347633615,219.7347633615,27585,0.0,0.0,0.0,0.0,0.0,0.0,0.0,0.0,,,,,,,201.00131798072422,178.81097643120552,182.56896056285757,193.89830547058764,,,,,,195.7315302162937,,,,,183.96722326188285,"rgba(38, 166, 154, 1.0)"
2024-11-12 00:00:00+00:00,222.560490013,223.91352525,220.397474498,221.778122699,33429,0.0,0.0,0.0,0.0,0.0,0.0,0.0,0.0,,,,,,,201.11585090037582,178.8498176878792,182.60249107655008,194.4686364402658,,,,,,196.40468884565777,,,,,183.99904493099282,"rgba(38, 166, 154, 1.0)"
2024-11-13 00:00:00+00:00,219.6519244694,225.5058728419,219.099665189,223.6465999312,26238,0.0,0.0,0.0,0.0,0.0,0.0,0.0,0.0,,,,,,,201.20122290602322,178.87964460388758,182.6281921974697,194.88695642513798,,,,,,196.8926103335285,,,,,184.02341685424275,"rgba(38, 166, 154, 1.0)"
2024-11-14 00:00:00+00:00,222.3119733368,222.5512856916,219.6612208339,222.0358436966,26852,0.0,0.0,0.0,0.0,0.0,0.0,0.0,0.0,,,,,,,201.28823392527718,178.91019003672594,182.65451981080787,195.30322204801996,,,,,,197.37436969785458,,,,,184.0483855477995,"rgba(38, 166, 154, 1.0)"
2024-11-15 00:00:00+00:00,219.0628479036,225.1376999883,219.0536435823,224.346128353,25217,0.0,0.0,0.0,0.0,0.0,0.0,0.0,0.0,,,,,,,201.3675736891639,178.93855100593666,182.6789428131732,195.67633208413923,,,,,,197.80229291993928,,,,,184.07153893822863,"rgba(38, 166, 154, 1.0)"
2024-11-18 00:00:00+00:00,217.1115317794,220.1397535004,216.6237027484,218.5197929445,20675,0.0,0.0,0.0,0.0,0.0,0.0,0.0,0.0,,,,,,,201.42191074733475,178.96005247963623,182.69731552151632,195.93761565179167,,,,,,198.0961970322529,,,,,184.08889880825814,"rgba(38, 166, 154, 0.75)"
2024-11-19 00:00:00+00:00,213.8716106676,216.4488206429,213.8716106676,214.9945378711,26954,0.0,0.0,0.0,0.0,0.0,0.0,0.0,0.0,,,,,,,201.47849494652036,178.98573134443586,182.71904942166324,196.22058818021563,,,,,,198.4065166163246,,,,,184.10934996128734,"rgba(38, 166, 154, 0.75)"
2024-11-20 00:00:00+00:00,215.8229267917,216.991875602,213.4482118859,213.8716106676,20983,1.0,216.99188,213.44821,879.0,1.0,216.99188,213.44821,879.0,,,215.42100475986666,,,,201.5244896177216,179.0060817470811,182.7363127232313,196.4430423738961,,,,,,198.65007404585518,,,,,184.1256102618536,"rgba(38, 166, 154, 0.75)"
2024-11-21 00:00:00+00:00,220.3514528913,221.4743800948,214.0096754877,217.8938990934,29314,0.0,0.0,0.0,0.0,0.0,0.0,0.0,0.0,,,217.28067892737025,,,,201.60287801321155,179.03696179895306,182.76275115643358,196.7961493830394,,,,,,199.0414458051604,,,,,184.150611456379,"rgba(38, 166, 154, 0.75)"
2024-11-22 00:00:00+00:00,222.8274153319,224.9720222042,221.2534763826,221.2534763826,31198,0.0,0.0,0.0,0.0,0.0,0.0,0.0,0.0,,,219.47690750952174,,,,201.7069243539746,179.07342653522264,182.79429882424046,197.2332414421134,,,,,,199.53151080561517,,,,,184.1805763765224,"rgba(38, 166, 154, 0.75)"
2024-11-25 00:00:00+00:00,224.6130536719,229.8871298,224.5670320652,224.5670320652,46948,0.0,0.0,0.0,0.0,0.0,0.0,0.0,0.0,,,221.99123182397693,,,,201.88583500631086,179.13234598744626,182.8456120523517,197.94588907648864,,,,,,200.3319607163926,,,,,184.22945009096767,"rgba(38, 166, 154, 1.0)"
2024-11-26 00:00:00+00:00,227.9634266399,228.7455178242,219.992484359,223.5085351111,46869,0.0,0.0,0.0,0.0,0.0,0.0,0.0,0.0,,,222.94723813355824,,,,202.05619939492104,179.1900401935909,182.8957922184154,198.60457159365293,,,,,,201.06197802062024,,,,,184.2772174550903,"rgba(38, 166, 154, 1.0)"
2024-11-27 00:00:00+00:00,227.2731025393,231.0192613249,225.4690555566,229.6478174452,40801,0.0,0.0,0.0,0.0,0.0,0.0,0.0,0.0,,,223.88615879778808,,,,202.21717022674878,179.24269094264963,182.94178367927447,199.20077941786045,,,,,,201.72174716649428,,,,,184.3210756396357,"rgba(38, 166, 154, 1.0)"
2024-11-29 00:00:00+00:00,227.319124146,230.6050668646,226.1685839785,229.1968056995,20415,0.0,0.0,0.0,0.0,0.0,0.0,0.0,0.0,,,224.24389827025638,,,,202.29730598375903,179.26905202512785,182.9648169276864,199.49119694551615,,,,,,202.04118825976107,,,,,184.3430427574813,"rgba(38, 166, 154, 1.0)"
2024-12-02 00:00:00+00:00,228.6997723471,229.0587408794,225.6255290194,227.3973608774,28534,0.0,0.0,0.0,0.0,0.0,0.0,0.0,0.0,,,224.62614101813426,,,,202.40746082321192,179.30567087754775,182.99680248665487,199.88416488952348,,,,,,202.47094680590868,,,,,184.3735433473322,"rgba(38, 166, 154, 1.0)"
2024-12-03 00:00:00+00:00,226.7668648656,230.1080335122,223.803073394,229.6570217665,23280,0.0,0.0,0.0,0.0,0.0,0.0,0.0,0.0,,,224.80913377689643,,,,202.49346190966068,179.3349511273139,183.02233994197655,200.18667927763929,,,,,,202.7989755316645,,,,,184.3978798385901,"rgba(38, 166, 154, 1.0)"
2024-12-04 00:00:00+00:00,230.9272181115,232.7036521302,226.2514228705,226.2514228705,23062,-1.0,232.70366,226.25142,0.0,0.0,0.0,0.0,0.0,,,225.1906539396274,,,229.96076437073333,202.58870245002493,179.3657906708237,183.04937618776154,200.51342190132442,229.96076437073333,,,,,203.15564629845852,,,,,184.4236996331908,"rgba(38, 166, 154, 1.0)"
2024-12-05 00:00:00+00:00,227.9082007118,230.9272181115,227.9082007118,230.9272181115,25383,0.0,0.0,0.0,0.0,0.0,0.0,0.0,0.0,,,225.4713161859045,,,229.41258979883025,202.6887899262825,179.3989895575181,183.0784345791103,,229.41258979883025,,,,,203.52263309819332,,,,,184.45143202767147,"rgba(38, 166, 154, 1.0)"
2024-12-06 00:00:00+00:00,226.0121105157,228.5801161697,225.0081031438,228.5801161697,21284,0.0,0.0,0.0,0.0,0.0,0.0,0.0,0.0,,,225.5344497906759,,,228.53376241591346,202.7645632892175,179.42545600640725,183.10150779368368,,228.53376241591346,,,,,203.7942820171061,,,,,184.47341551650635,"rgba(38, 166, 154, 0.75)"
2024-12-09 00:00:00+00:00,227.6504797143,229.8779254787,225.6071203767,227.6412753929,38745,0.0,0.0,0.0,0.0,0.0,0.0,0.0,0.0,,,225.74704972513658,,,228.2401868856307,202.9080481480802,179.47476210264796,183.14458490608214,,228.2401868856307,,,,,204.2974594931658,,,,,184.51449449379575,"rgba(38, 166, 154, 0.75)"
2024-12-10 00:00:00+00:00,226.1409710144,227.5308235368,224.778731456,225.5426901273,45940,0.0,0.0,0.0,0.0,0.0,0.0,0.0,0.0,,,225.78887770838426,,,227.6183836125966,203.0654763157126,179.53120560001375,183.19376783490074,,227.6183836125966,,,,,204.82930390461541,,,,,184.56134365172716,"rgba(38, 166, 154, 0.5)"
2024-12-11 00:00:00+00:00,224.7879357774,228.589320491,224.3921499597,227.7885445344,61647,0.0,0.0,0.0,0.0,0.0,0.0,0.0,0.0,,,225.8052863825842,,,227.13469166456102,203.2713636826387,179.60636528767424,183.25924214226924,,227.13469166456102,,,,,205.49641591960236,,,,,184.6237029411998,"rgba(38, 166, 154, 0.5)"
2024-12-12 00:00:00+00:00,223.3612659696,227.1442420405,223.1403622574,225.4874641993,24630,0.0,0.0,0.0,0.0,0.0,0.0,0.0,0.0,,,225.74678037500644,,,226.87005833468177,203.3476604260501,179.63543688280959,183.28450424471188,,226.87005833468177,,,,,205.73414804219126,,,,,184.6477375367023,"rgba(38, 166, 154, 0.5)"
2024-12-13 00:00:00+00:00,220.6275825315,224.0239771061,220.020097323,223.3014378809,34767,0.0,0.0,0.0,0.0,0.0,0.0,0.0,0.0,,,225.48842904336144,,,226.19949699463905,203.43936686347192,179.67368060388657,183.31752965927242,,226.19949699463905,,,,,206.00802361025058,,,,,184.67907505628355,#000000
2024-12-16 00:00:00+00:00,219.1088695103,221.0279705098,219.0076219756,220.6275825315,26117,0.0,0.0,0.0,0.0,0.0,0.0,0.0,0.0,,,225.2328179488997,,,225.63791101537987,203.50070769667727,179.70110173683517,183.34110742887177,,225.63791101537987,,,,,206.1839553345323,,,,,184.70140652087093,"rgba(239, 83, 80, 1.0)"
2024-12-17 00:00:00+00:00,214.9761292284,218.5934275152,214.0004711663,216.4672292856,37611,0.0,0.0,0.0,0.0,0.0,0.0,0.0,0.0,,,224.67085724599934,,,224.55330837466641,203.56740897167182,179.73672368927677,183.37141224455104,,224.55330837466641,,,,,206.359502625965,,,,,184.72997785286805,"rgba(239, 83, 80, 1.0)"
2024-12-18 00:00:00+00:00,203.341867054,217.3324354916,202.5226824547,217.0378972087,48449,0.0,0.0,0.0,0.0,0.0,0.0,0.0,0.0,,,,,,222.4509191115253,203.5961713175797,179.77220922858507,183.40062434303053,,222.4509191115253,,,,,206.39086396282957,,,,,184.75711901190337,"rgba(239, 83, 80, 1.0)"
2024-12-19 00:00:00+00:00,200.5437533665,209.2832564793,199.5772996258,206.2964542043,67717,0.0,0.0,0.0,0.0,0.0,0.0,0.0,0.0,,,,,,219.57834650547025,203.59176031045655,179.81352597935154,183.43364403946296,,219.57834650547025,,,,,206.2901153713866,,,,,184.78737723492222,"rgba(239, 83, 80, 1.0)"
2024-12-20 00:00:00+00:00,203.4155016248,205.882259744,197.5983705376,197.5983705376,196396,0.0,0.0,0.0,0.0,0.0,0.0,0.0,0.0,,,,,,214.3713472261089,203.55687590041921,179.92826608953223,183.52474974757882,,214.3713472261089,,,,,205.96142984171095,,,,,184.8705993362621,"rgba(239, 83, 80, 1.0)"
2024-12-23 00:00:00+00:00,202.8448337017,202.8448337017,200.4056885464,201.3721422872,30698,0.0,0.0,0.0,0.0,0.0,0.0,0.0,0.0,,,,,,213.81628518237486,203.55047174697444,179.94588225614626,183.53870937547256,,213.81628518237486,,,,,205.91149184282375,,,,,184.88333793651657,"rgba(239, 83, 80, 1.0)"
2024-12-24 00:00:00+00:00,205.7165819599,205.7165819599,202.1084879944,202.1084879944,14165,0.0,0.0,0.0,0.0,0.0,0.0,0.0,0.0,,,,,,213.62712866151392,203.552334880789,179.95491389640017,183.5460072758976,,213.62712866151392,,,,,205.9033442278922,,,,,184.89005941110642,"rgba(239, 83, 80, 1.0)"
2024-12-26 00:00:00+00:00,207.6494894414,208.4870826834,204.6672893271,204.6672893271,36896,0.0,0.0,0.0,0.0,0.0,0.0,0.0,0.0,,,,,,213.29049004495158,203.5692869499388,179.98072348416645,183.56718435797552,,213.29049004495158,,,,,205.918769676191,,,,,184.90970247314982,"rgba(239, 83, 80, 0.75)"
2024-12-27 00:00:00+00:00,205.1827313221,206.0663461708,203.2222108766,205.9190770294,24712,0.0,0.0,0.0,0.0,0.0,0.0,0.0,0.0,,,,,,213.0145410593307,203.57348403623715,179.9966308770379,183.58006745632304,,213.0145410593307,,,,,205.90790844596717,,,,,184.92158030153325,"rgba(239, 83, 80, 0.75)"
2024-12-30 00:00:00+00:00,203.0933503779,205.1113978318,201.8185518722,203.4247059461,46402,0.0,0.0,0.0,0.0,0.0,0.0,0.0,0.0,,,,,,212.45667964287713,203.5720332586607,180.0246648878689,183.6025306467912,,212.45667964287713,,,,,205.8609763235536,,,,,184.94218651574604,"rgba(239, 83, 80, 0.75)"
2024-12-31 00:00:00+00:00,203.0289201285,205.4174415163,201.5654330353,204.0137825119,15568,0.0,0.0,0.0,0.0,0.0,0.0,0.0,0.0,,,,,,212.28358411389493,203.57154255240587,180.03405375358287,183.61005421064993,,212.28358411389493,,,,,205.8455892313919,,,,,184.94908819384818,"rgba(239, 83, 80, 0.75)"
2025-01-02 00:00:00+00:00,201.7679281048,206.1399807416,199.9362681581,206.1399807416,51139,0.0,0.0,0.0,0.0,0.0,0.0,0.0,0.0,,,,,,211.71611038178017,203.5650178817162,180.06388727485262,183.63382417731935,,211.71611038178017,,,,,205.78215220465157,,,,,184.9708335667088,"rgba(239, 83, 80, 0.75)"
2025-01-03 00:00:00+00:00,202.5871127041,202.5871127041,198.6522653311,201.8047453902,33697,0.0,0.0,0.0,0.0,0.0,0.0,0.0,0.0,,,,,,211.32737266508272,203.554776316396,180.08233752958324,183.6483516208972,,211.32737266508272,,,,,205.72459035578328,,,,,184.98404762664595,"rgba(239, 83, 80, 0.75)"
2025-01-06 00:00:00+00:00,200.0743329782,204.6028590777,199.5312780191,202.9184682724,22780,0.0,0.0,0.0,0.0,0.0,0.0,0.0,0.0,,,,,,211.08369944365393,203.54828839414165,180.09486700881828,183.65822982450388,,211.08369944365393,,,,,205.68759302801206,,,,,184.9930382501642,"rgba(239, 83, 80, 0.75)"
2025-01-07 00:00:00+00:00,197.3958754681,199.5588909831,194.8002568501,199.5588909831,45133,0.0,0.0,0.0,0.0,0.0,0.0,0.0,0.0,,,,,,210.4420544624,203.51090024506092,180.11481997721413,183.67319775478651,,210.4420544624,,,,,205.5468983708726,,,,,185.00632322601254,"rgba(239, 83, 80, 0.75)"
2025-01-08 00:00:00+00:00,197.4971230028,198.3899421729,194.8830957421,194.8830957421,38347,0.0,0.0,0.0,0.0,0.0,0.0,0.0,0.0,,,,,,209.92943898582183,203.47783284342265,180.13141240733012,183.68558245175967,,209.92943898582183,,,,,205.42640708943466,,,,,185.01728612370775,"rgba(239, 83, 80, 1.0)"
2025-01-10 00:00:00+00:00,188.1363281996,192.3703160162,186.7142605525,192.3703160162,30942,0.0,0.0,0.0,0.0,0.0,0.0,0.0,0.0,,,,,,209.31026457437494,203.41972575273985,180.13852939121202,183.68964300017012,,209.31026457437494,,,,,205.24409691869621,,,,,185.02029487387165,"rgba(239, 83, 80, 1.0)"
2025-01-13 00:00:00+00:00,188.9555127989,188.9555127989,185.282988584,185.282988584,28294,0.0,0.0,0.0,0.0,0.0,0.0,0.0,0.0,,,,,,208.73993092675778,203.36206699905927,180.14405122055413,183.69242632059414,,208.73993092675778,,,,,205.06736497585217,,,,,185.02213242221208,"rgba(239, 83, 80, 1.0)"
2025-01-14 00:00:00+00:00,191.2197758486,192.5083808363,189.1948251537,189.1948251537,20792,0.0,0.0,0.0,0.0,0.0,0.0,0.0,0.0,,,,,,208.40145568543556,203.32870058192918,180.14983604167858,183.69610953181257,,208.40145568543556,,,,,204.96362211390075,,,,,185.0250956506469,"rgba(239, 83, 80, 1.0)"
2025-01-15 00:00:00+00:00,193.2263179009,197.8929088205,190.8884202804,194.2387932483,42921,0.0,0.0,0.0,0.0,0.0,0.0,0.0,0.0,,,,,,207.85658092959167,203.27713196793414,180.1650934304483,183.70685959099123,,207.85658092959167,,,,,204.79955165804418,,,,,185.0343122057571,"rgba(239, 83, 80, 0.75)"
2025-01-16 00:00:00+00:00,194.2019759629,194.6161704233,192.3427030522,193.7785771813,22786,0.0,0.0,0.0,0.0,0.0,0.0,0.0,0.0,,,,,,207.5781849802616,203.2491600036605,180.17301471062626,183.7124012861134,,207.5781849802616,,,,,204.7122044192887,,,,,185.0390436689401,"rgba(239, 83, 80, 0.75)"
2025-01-17 00:00:00+00:00,193.364382721,198.7212977411,191.2657974553,195.3709247732,33750,0.0,0.0,0.0,0.0,0.0,0.0,0.0,0.0,,,,,,207.20610673130247,203.21118025139853,180.1853619882205,183.72119630885746,,207.20610673130247,,,,,204.59375810032572,,,,,185.04663099953925,"rgba(239, 83, 80, 0.75)"
2025-01-21 00:00:00+00:00,193.9258463227,195.6286457707,193.0100163494,194.2111802843,37473,0.0,0.0,0.0,0.0,0.0,0.0,0.0,0.0,,,,,,206.80893682063896,203.16814197005655,180.19879466939324,183.73070631728726,,206.80893682063896,,,,,204.46208937925059,,,,,185.05480637911106,"rgba(239, 83, 80, 0.75)"
2025-01-22 00:00:00+00:00,192.4439505869,193.2907481502,191.0540980645,192.7108759058,56802,0.0,0.0,0.0,0.0,0.0,0.0,0.0,0.0,,,,,,206.1659693365085,203.08986141371184,180.21631159913866,183.74244095249685,,206.1659693365085,,,,,204.2325063269215,,,,,185.06456453669193,"rgba(239, 83, 80, 0.75)"
2025-01-23 00:00:00+00:00,193.6773296465,194.6069661019,190.6399036042,190.6399036042,19634,0.0,0.0,0.0,0.0,0.0,0.0,0.0,0.0,,,,,,205.96745557801057,203.06482568758506,180.22271168645852,183.7468278302574,,205.96745557801057,,,,,204.15974649818833,,,,,185.0682642935695,"rgba(239, 83, 80, 0.75)"
2025-01-24 00:00:00+00:00,192.2230468747,193.6462190404,191.2105715273,192.12179934,53675,0.0,0.0,0.0,0.0,0.0,0.0,0.0,0.0,,,,,,205.42975841911377,202.99287993069575,180.23933343782886,183.75800175838287,,205.42975841911377,,,,,203.95488010060478,,,,,185.07757587510338,"rgba(239, 83, 80, 0.75)"
2025-01-27 00:00:00+00:00,193.4932432197,195.3801290945,190.446612856,190.446612856,24601,0.0,0.0,0.0,0.0,0.0,0.0,0.0,0.0,,,,,,205.21054629593456,202.96252015543823,180.24740492627257,183.76355718471802,,205.21054629593456,,,,,203.86923688511746,,,,,185.0822725278485,"rgba(239, 83, 80, 0.75)"
2025-01-28 00:00:00+00:00,195.3156988451,198.150629818,191.9837345199,191.9837345199,56075,0.0,0.0,0.0,0.0,0.0,0.0,0.0,0.0,,,,,,204.8185155859779,202.90821444712807,180.26868258133723,183.77895948415144,,204.8185155859779,,,,,203.71510841646662,,,,,185.0956783223106,"rgba(239, 83, 80, 0.75)"
2025-01-29 00:00:00+00:00,192.2506598388,195.9093775716,189.6366325781,194.717417958,54727,0.0,0.0,0.0,0.0,0.0,0.0,0.0,0.0,,,,,,204.3708233243493,202.8387469340896,180.2858402881166,183.79058791860666,,204.3708233243493,,,,,203.52658454811913,,,,,185.10541645605232,"rgba(239, 83, 80, 0.75)"
2025-01-30 00:00:00+00:00,194.4044710324,196.8482183483,192.2506598388,194.9107087062,32135,0.0,0.0,0.0,0.0,0.0,0.0,0.0,0.0,,,,,,204.16296914344719,202.80588781708317,180.29744584841677,183.79887320574142,,204.16296914344719,,,,,203.43759229117012,,,,,185.11257135481665,"rgba(239, 83, 80, 0.75)"
2025-01-31 00:00:00+00:00,185.6971830443,193.0506053303,181.6471228281,193.0506053303,67185,0.0,0.0,0.0,0.0,0.0,0.0,0.0,0.0,,,,,,203.43064732503035,202.67506927895624,180.3085231719981,183.80371635296075,,203.43064732503035,,,,,203.10150704685367,,,,,185.11525093102313,"rgba(239, 83, 80, 1.0)"
2025-02-03 00:00:00+00:00,182.9233604605,184.7430997731,178.2274091399,181.3782109675,37259,0.0,0.0,0.0,0.0,0.0,0.0,0.0,0.0,,,,,,202.9400720106856,202.58163031905065,180.31008667738413,183.80207098604305,,202.9400720106856,,,,,202.86736637973814,,,,,185.11247600899534,"rgba(239, 83, 80, 1.0)"
2025-02-04 00:00:00+00:00,181.0989670832,181.6946873697,179.7213639208,180.8848801053,26247,0.0,0.0,0.0,0.0,0.0,0.0,0.0,0.0,,,,,,202.5898908399788,202.51274380811103,180.3104377640772,183.8002042937777,,202.5898908399788,,,,,202.69679590574606,,,,,185.10982579354922,"rgba(239, 83, 80, 1.0)"
2025-02-05 00:00:00+00:00,181.3968272265,183.8215949549,180.0843809704,180.7545662926,37954,0.0,0.0,0.0,0.0,0.0,0.0,0.0,0.0,,,,,,202.12351613900378,202.41813792543283,180.31183684069148,183.79835473133147,,202.12351613900378,,,,,202.46505465722564,,,,,185.10683175701658,"rgba(239, 83, 80, 1.0)"
2025-02-06 00:00:00+00:00,178.0365924857,180.4473980199,177.5618778824,180.4473980199,32738,0.0,0.0,0.0,0.0,0.0,0.0,0.0,0.0,,,,,,201.67921526531745,202.3251338132244,180.31048811335404,183.79434205060505,,201.67921526531745,,,,,202.24005305206572,,,,,185.1018710302436,"rgba(239, 83, 80, 1.0)"
2025-02-07 00:00:00+00:00,175.970187742,178.5671558658,175.0486829239,178.5671558658,25139,0.0,0.0,0.0,0.0,0.0,0.0,0.0,0.0,,,,,,201.31842185754127,202.24775135807295,180.30808658164838,183.7899690445246,,201.31842185754127,,,,,202.05461673219963,,,,,185.09679105318983,"rgba(239, 83, 80, 1.0)"
2025-02-10 00:00:00+00:00,172.5634123538,176.6403730643,172.1073140095,176.6403730643,22391,0.0,0.0,0.0,0.0,0.0,0.0,0.0,0.0,,,,,,200.97087465767927,202.17186753438193,180.3043908998976,183.78460060763206,,200.97087465767927,,,,,201.8740828587608,,,,,185.09081646185643,"rgba(239, 83, 80, 1.0)"
2025-02-11 00:00:00+00:00,175.8305657999,176.4449023453,170.4970076102,172.2562440811,24338,0.0,0.0,0.0,0.0,0.0,0.0,0.0,0.0,,,,,,200.60950799082346,202.09124947527175,180.30067772345896,183.7790554100992,,200.60950799082346,,,,,201.6838029986272,,,,,185.08460863518448,"rgba(239, 83, 80, 1.0)"
2025-02-12 00:00:00+00:00,171.6698319241,172.2655522106,169.0821719298,172.2655522106,55820,0.0,0.0,0.0,0.0,0.0,0.0,0.0,0.0,,,,,,199.71866753944644,201.886699900227,180.2876055485633,183.76202671752142,,199.71866753944644,,,,,201.20655430980355,,,,,185.06612971149093,"rgba(239, 83, 80, 1.0)"
2025-02-13 00:00:00+00:00,171.2788904862,172.4749851238,169.8268222879,172.2003953043,68935,0.0,0.0,0.0,0.0,0.0,0.0,0.0,0.0,,,,,,198.69658743074638,201.6392892443776,180.27183816083055,183.7413682029578,,198.69658743074638,,,,,200.6408191980037,,,,,185.04367974692056,"rgba(239, 83, 80, 1.0)"
2025-02-14 00:00:00+00:00,173.9223992573,175.1464182834,172.7588830728,172.7961155907,38030,0.0,0.0,0.0,0.0,0.0,0.0,0.0,0.0,,,,,,198.216755652067,201.51666818089362,180.2657899356018,183.7324908627682,,198.216755652067,,,,,200.366042198492,,,,,185.0337777123659,"rgba(239, 83, 80, 0.75)"
2025-02-18 00:00:00+00:00,173.9782480342,174.8718284639,173.0904386448,173.9223992573,38483,0.0,0.0,0.0,0.0,0.0,0.0,0.0,0.0,,,,,,197.75050323709976,201.3938545193867,180.25971774929337,183.72355858021814,,197.75050323709976,,,,,200.09407784933262,,,,,185.02380960579438,"rgba(239, 83, 80, 0.75)"
2025-02-19 00:00:00+00:00,172.8891968855,173.5686903372,171.1671929324,172.0886977506,38401,0.0,0.0,0.0,0.0,0.0,0.0,0.0,0.0,,,,,,197.27569560053044,201.2660160957491,180.25228484748857,183.71334811182754,,197.27569560053044,,,,,199.81358012058735,,,,,185.01258735700944,"rgba(239, 83, 80, 0.75)"
2025-02-20 00:00:00+00:00,169.6778922163,171.8978810963,169.2962589078,171.6512156652,39698,0.0,0.0,0.0,0.0,0.0,0.0,0.0,0.0,,,,,,196.76030175962774,201.1247816961096,180.24237708458875,183.70068948272316,,196.76030175962774,,,,,199.50610603762289,,,,,184.99891704393337,"rgba(239, 83, 80, 0.75)"
2025-02-21 00:00:00+00:00,167.7976500622,171.6698319241,166.9878427978,171.6698319241,42034,0.0,0.0,0.0,0.0,0.0,0.0,0.0,0.0,,,,,,196.20643060667237,200.96955993699416,180.23035895473487,183.68584329636803,,196.20643060667237,,,,,199.17138549170258,,,,,184.9830238610001,"rgba(239, 83, 80, 0.75)"
2025-02-24 00:00:00+00:00,168.3095971833,170.0874499132,167.5463305663,169.417264591,36736,0.0,0.0,0.0,0.0,0.0,0.0,0.0,0.0,,,,,,195.73713866149455,200.8344052035921,180.21971953405313,183.67274392076612,,195.73713866149455,,,,,198.8831649020907,,,,,184.96901304654278,"rgba(239, 83, 80, 0.75)"
2025-02-25 00:00:00+00:00,167.8348825801,169.6220434394,166.9692265388,169.6220434394,39949,0.0,0.0,0.0,0.0,0.0,0.0,0.0,0.0,,,,,,195.2354175560154,200.68641736463798,180.20766704529535,183.65804610723222,,195.2354175560154,,,,,198.57071080614315,,,,,184.95333279694935,"rgba(239, 83, 80, 1.0)"
2025-02-26 00:00:00+00:00,168.5702248087,169.3800320731,167.5463305663,168.2258240181,33668,0.0,0.0,0.0,0.0,0.0,0.0,0.0,0.0,,,,,,194.83191782644099,200.56408945484182,180.1978280106331,183.64596510762289,,194.83191782644099,,,,,198.31530320088038,,,,,184.94042055577722,"rgba(239, 83, 80, 1.0)"
2025-02-27 00:00:00+00:00,170.5900889049,171.6791400536,167.9372720043,168.4492191255,36920,0.0,0.0,0.0,0.0,0.0,0.0,0.0,0.0,,,,,,194.4287754795776,200.43752608342461,180.1885029722392,183.63411014795815,,194.4287754795776,,,,,198.0546541660087,,,,,184.92763422749985,"rgba(239, 83, 80, 0.75)"
2025-02-28 00:00:00+00:00,174.7787471691,175.3930837145,171.441782752,171.8373782547,55196,0.0,0.0,0.0,0.0,0.0,0.0,0.0,0.0,,,,,,193.94031687633523,200.27370614974964,180.17982008273594,183.62138243094623,,193.94031687633523,,,,,197.72557093991344,,,,,184.913440662851,"rgba(239, 83, 80, 0.5)"
2025-03-03 00:00:00+00:00,171.0461872493,178.7160859374,168.4678353844,176.5472917695,51056,0.0,0.0,0.0,0.0,0.0,0.0,0.0,0.0,,,,,,193.48446182577175,200.11756553868582,180.17037760524195,183.6082804557839,,193.48446182577175,,,,,197.4150256265244,,,,,184.8990064378024,"rgba(239, 83, 80, 0.5)"
2025-03-04 00:00:00+00:00,164.7725079825,169.1938694836,163.1435853242,169.1938694836,56493,0.0,0.0,0.0,0.0,0.0,0.0,0.0,0.0,,,,,,192.8387510837215,199.9029438921784,180.15008029202497,183.58445012918833,,192.8387510837215,,,,,196.98476762547557,,,,,184.87384808159206,"rgba(239, 83, 80, 0.5)"
2025-03-05 00:00:00+00:00,168.4678353844,169.5475784036,164.1023226602,165.545082729,37017,0.0,0.0,0.0,0.0,0.0,0.0,0.0,0.0,,,,,,192.4567242878897,199.77055251179024,180.13834451577512,183.5703241748238,,192.4567242878897,,,,,196.72382650983855,,,,,184.85883112390079,"rgba(239, 83, 80, 0.5)"
2025-03-06 00:00:00+00:00,168.6912304919,168.812236175,162.9048318032,167.7604175443,40066,0.0,0.0,0.0,0.0,0.0,0.0,0.0,0.0,,,,,,192.04683712823027,199.62596643834596,180.12510046075806,183.55452552966173,,192.04683712823027,,,,,196.44114253996634,,,,,184.84207756279787,"rgba(239, 83, 80, 0.5)"
2025-03-07 00:00:00+00:00,169.0728638004,169.8919791942,165.3309957511,168.2723646654,55497,0.0,0.0,0.0,0.0,0.0,0.0,0.0,0.0,,,,,,191.52831158452307,199.43560128483816,180.10857915276398,183.53438032084821,,191.52831158452307,,,,,196.07503398454054,,,,,184.82058614487798,"rgba(239, 83, 80, 0.5)"
2025-03-10 00:00:00+00:00,159.8298912308,167.0623078336,159.2993278507,167.0623078336,52432,0.0,0.0,0.0,0.0,0.0,0.0,0.0,0.0,,,,,,190.93766453983528,199.22361881540976,180.0851897141852,183.50797372025286,,190.93766453983528,,,,,195.66496961639308,,,,,184.79302289411868,"rgba(239, 83, 80, 0.5)"
2025-03-11 00:00:00+00:00,163.7393056107,165.3589201395,158.3685149031,160.4628440352,37728,0.0,0.0,0.0,0.0,0.0,0.0,0.0,0.0,,,,,,190.53314425631572,199.07429422048088,180.06879316332265,183.48938857125552,,190.53314425631572,,,,,195.37962426483423,,,,,184.77360088205114,"rgba(239, 83, 80, 0.5)"
2025-03-12 00:00:00+00:00,160.3511464814,163.8975438118,160.1091351151,163.8882356823,40530,0.0,0.0,0.0,0.0,0.0,0.0,0.0,0.0,,,,,,190.09561358794357,198.91072051561872,180.05017654869658,183.46847629134612,,190.09561358794357,,,,,195.06901801355232,,,,,184.75180556907543,"rgba(239, 83, 80, 0.5)"
2025-03-13 00:00:00+00:00,156.3207264184,158.5266600229,155.5667679308,158.2661254788,32628,0.0,0.0,0.0,0.0,0.0,0.0,0.0,0.0,,,,,,189.69721590846302,198.7638564152533,180.0314778016749,183.44812196175323,,189.69721590846302,,,,,194.78906634537466,,,,,184.73079490110518,"rgba(239, 83, 80, 0.5)"
2025-03-14 00:00:00+00:00,161.3285000764,161.9707610102,156.8978304459,158.5081368452,31033,0.0,0.0,0.0,0.0,0.0,0.0,0.0,0.0,,,,,,189.36374092927795,198.63590152575358,180.01621403039294,183.43115738269398,,189.36374092927795,,,,,194.54910967162147,,,,,184.7131707169257,"rgba(239, 83, 80, 0.5)"
2025-03-17 00:00:00+00:00,164.176787696,164.7306213999,159.330696247,159.5785717349,42713,0.0,0.0,0.0,0.0,0.0,0.0,0.0,0.0,,,,,,188.95772720440374,198.47330818203096,179.99806088160585,183.41052190721618,,188.95772720440374,,,,,194.24946597735956,,,,,184.69158785559662,"rgba(239, 83, 80, 0.5)"
2025-03-18 00:00:00+00:00,163.5996836685,164.2233283434,159.8019668424,163.2273584895,39668,0.0,0.0,0.0,0.0,0.0,0.0,0.0,0.0,,,,,,188.58874161947514,198.32276368448643,179.9810366967071,183.39120519495899,,188.58874161947514,,,,,193.97442408805045,,,,,184.67139526480122,"rgba(239, 83, 80, 0.5)"
2025-03-19 00:00:00+00:00,164.6049616519,165.7777859659,161.6682468023,164.2977933792,52165,0.0,0.0,0.0,0.0,0.0,0.0,0.0,0.0,,,,,,188.14553010033413,198.13478547518812,179.96058936373186,183.36765096202035,,188.14553010033413,,,,,193.6365537311239,,,,,184.64666374437894,"rgba(239, 83, 80, 0.5)"
2025-03-20 00:00:00+00:00,164.7073510762,166.8575289851,162.0545341755,163.6182999275,41967,0.0,0.0,0.0,0.0,0.0,0.0,0.0,0.0,,,,,,187.8078820260077,197.98733939939748,179.94471553091535,183.3492538430051,,187.8078820260077,,,,,193.3749186469888,,,,,184.62731320481774,"rgba(239, 83, 80, 0.5)"
2025-03-21 00:00:00+00:00,163.3669804316,164.9865949604,160.7886285668,163.432137338,136625,0.0,0.0,0.0,0.0,0.0,0.0,0.0,0.0,,,,,,186.70618642125643,197.4951392058081,179.88827874203446,183.28487728221467,,186.70618642125643,,,,,192.51237743142525,,,,,184.55991284533647,"rgba(239, 83, 80, 0.5)"
2025-03-24 00:00:00+00:00,166.4293550292,168.4025853968,164.5679152966,165.6660884122,27365,0.0,0.0,0.0,0.0,0.0,0.0,0.0,0.0,,,,,,186.52740769651479,197.40783757701033,179.87930598937268,183.27420241045115,,186.52740769651479,,,,,192.3648481081885,,,,,184.54860124968852,#000000
2025-03-25 00:00:00+00:00,164.5491128751,167.7231850264,163.2320125542,167.0809240925,34020,0.0,0.0,0.0,0.0,0.0,0.0,0.0,0.0,,,,,,186.29540264632737,197.2954611701428,179.86708952051956,183.25992653251393,,186.29540264632737,,,,,192.1746747647824,,,,,184.53354999872005,#000000
2025-03-26 00:00:00+00:00,162.6781788504,165.7196101567,159.6251123823,165.7196101567,68132,0.0,0.0,0.0,0.0,0.0,0.0,0.0,0.0,,,,,,185.79250311357282,197.05545578547836,179.83854393122422,183.22747213022294,,185.79250311357282,,,,,191.7672593652581,,,,,184.4996042965181,"rgba(239, 83, 80, 0.5)"
2025-03-27 00:00:00+00:00,163.0598121589,163.8882356823,158.6477587873,163.1622015832,63772,0.0,0.0,0.0,0.0,0.0,0.0,0.0,0.0,,,,,,185.3250015872524,196.82858899461803,179.81065547997807,183.19599507642403,,185.3250015872524,,,,,191.38565715696942,,,,,184.46675202617038,"rgba(239, 83, 80, 0.5)"
2025-03-28 00:00:00+00:00,161.2633431701,162.7200654331,158.0217870801,162.3803187072,56481,0.0,0.0,0.0,0.0,0.0,0.0,0.0,0.0,,,,,,184.90558550000264,196.6232933591401,179.78438510738934,183.16663421220173,,184.90558550000264,,,,,191.0423487828806,,,,,184.43619866690605,"rgba(239, 83, 80, 0.5)"
2025-03-31 00:00:00+00:00,160.4349196467,162.3523943188,157.3073881428,159.8950481371,39026,0.0,0.0,0.0,0.0,0.0,0.0,0.0,0.0,,,,,,184.61662746294346,196.4803107458495,179.76567216052305,183.14581877815786,,184.61662746294346,,,,,190.8047055819746,,,,,184.41456894748507,"rgba(239, 83, 80, 0.5)"
2025-04-01 00:00:00+00:00,161.9800691397,162.7991845336,158.7036075642,160.0719025972,53882,0.0,0.0,0.0,0.0,0.0,0.0,0.0,0.0,,,,,,184.24635960520618,196.29078593241877,179.741369253964,183.11854225434368,,184.24635960520618,,,,,190.49434636593313,,,,,184.38614871208298,"rgba(239, 83, 80, 0.5)"
2025-04-02 00:00:00+00:00,162.9015739578,162.9201902168,159.7275018066,159.7275018066,64089,0.0,0.0,0.0,0.0,0.0,0.0,0.0,0.0,,,,,,183.83358661471684,196.072359030914,179.71361368272682,183.08720165480563,,183.83358661471684,,,,,190.14202494159403,,,,,184.35343494831645,"rgba(239, 83, 80, 0.5)"
2025-04-03 00:00:00+00:00,150.5683024023,157.3911613081,149.0883098156,157.3911613081,56287,0.0,0.0,0.0,0.0,0.0,0.0,0.0,0.0,,,,,,183.33208226058514,195.83017068200888,179.67638144149583,183.04747314142776,,183.33208226058514,,,,,189.73813461456453,,,,,184.3126852828444,"rgba(239, 83, 80, 0.5)"
2025-04-04 00:00:00+00:00,147.5617765815,148.4227785581,141.2694810558,146.3703360086,98755,0.0,0.0,0.0,0.0,0.0,0.0,0.0,0.0,,,,,,182.31037628090797,195.34817055074004,179.59558918157757,182.9630894503444,,182.31037628090797,,,,,188.92855360903272,,,,,184.22673419236716,"rgba(239, 83, 80, 0.5)"
2025-04-07 00:00:00+00:00,140.5341388272,148.6647899244,138.514274731,142.0327476729,79274,0.0,0.0,0.0,0.0,0.0,0.0,0.0,0.0,,,,,,181.46163256349527,194.94353157987473,179.5249442319868,182.88986198727846,,181.46163256349527,,,,,188.253621483854,,,,,184.15233492250115,"rgba(239, 83, 80, 1.0)"
2025-04-08 00:00:00+00:00,136.7084976126,144.7553755446,135.8242253124,143.3917345763,43235,0.0,0.0,0.0,0.0,0.0,0.0,0.0,0.0,,,,,,180.97382921256516,194.7109804863807,179.4829164277616,182.84660394945936,,180.97382921256516,,,,,187.86636329000896,,,,,184.10848871981835,"rgba(239, 83, 80, 1.0)"
2025-04-09 00:00:00+00:00,148.8183740608,149.6561057136,134.1580701362,134.1580701362,62705,0.0,0.0,0.0,0.0,0.0,0.0,0.0,0.0,,,,,,180.3699969602467,194.40782952257172,179.42981722769125,182.79133410045677,,180.3699969602467,,,,,187.37320999834637,,,,,184.05225745874094,"rgba(239, 83, 80, 0.75)"
2025-04-10 00:00:00+00:00,137.7882406318,144.6855645735,135.3495107092,144.6855645735,55766,0.0,0.0,0.0,0.0,0.0,0.0,0.0,0.0,,,,,,179.77834025754234,194.1150531084766,179.3761280113046,182.73604087290326,,179.77834025754234,,,,,186.89479716598947,,,,,183.99620213405387,"rgba(239, 83, 80, 0.75)"
2025-04-11 00:00:00+00:00,140.804074582,141.995515155,134.9678774006,137.8161650203,60081,0.0,0.0,0.0,0.0,0.0,0.0,0.0,0.0,,,,,,179.15939204915276,193.80297655635653,179.31841814295205,182.67660080464697,,179.15939204915276,,,,,186.38970606012177,,,,,183.93594119221345,"rgba(239, 83, 80, 0.5)"
2025-04-14 00:00:00+00:00,142.3585322045,144.0712280281,139.6312502681,141.8931257307,42267,0.0,0.0,0.0,0.0,0.0,0.0,0.0,0.0,,,,,,178.76456105126826,193.59656913398098,179.2807132805306,182.6375381415136,,178.76456105126826,,,,,186.06121199603464,,,,,183.89626180711056,"rgba(239, 83, 80, 0.5)"
2025-04-15 00:00:00+00:00,143.3172695405,145.4953718379,141.7208322541,142.4423053698,31068,0.0,0.0,0.0,0.0,0.0,0.0,0.0,0.0,,,,,,178.49121501718983,193.45025251336895,179.254154159522,182.6099254130996,,178.49121501718983,,,,,185.83090917856597,,,,,183.8681803143785,"rgba(239, 83, 80, 0.5)"
2025-04-16 00:00:00+00:00,137.8068568908,144.4621694661,136.2640344302,141.3997948685,44349,0.0,0.0,0.0,0.0,0.0,0.0,0.0,0.0,,,,,,178.06449230342048,193.22625128452074,179.21207445035984,182.56655044917488,,178.06449230342048,,,,,185.47577325930058,,,,,183.82419553774278,"rgba(239, 83, 80, 0.5)"
2025-04-17 00:00:00+00:00,138.6538966731,140.5155225683,137.6532727544,137.7510081139,32626,0.0,0.0,0.0,0.0,0.0,0.0,0.0,0.0,,,,,,177.75192974615726,193.06090915634346,179.18073100044697,182.53427491727604,,177.75192974615726,,,,,185.21477178826757,,,,,183.79147753956397,"rgba(239, 83, 80, 0.5)"
2025-04-21 00:00:00+00:00,133.292414095,137.4624561002,132.3429848884,137.4624561002,40494,0.0,0.0,0.0,0.0,0.0,0.0,0.0,0.0,,,,,,177.3259496609738,192.83985951486108,179.13748148429494,182.4900851986815,,177.3259496609738,,,,,184.86324426416974,134.36595169453335,,,,183.74680019469784,"rgba(239, 83, 80, 0.5)"
2025-04-22 00:00:00+00:00,140.0035754471,140.8366530352,135.5170570397,136.0103879019,60373,0.0,0.0,0.0,0.0,0.0,0.0,0.0,0.0,,,,,,176.76992438034878,192.53804645474239,179.07950529229345,182.43038956326023,,176.76992438034878,,,,,,137.01138774351375,,,,183.6862884645936,"rgba(239, 83, 80, 0.5)"
2025-04-23 00:00:00+00:00,143.2614207637,149.5769866131,142.4423053698,144.4900938545,52264,0.0,0.0,0.0,0.0,0.0,0.0,0.0,0.0,,,,,,176.3791866885217,192.30982272256475,179.03728639306883,182.38629326285007,,176.3791866885217,,,,,,139.76985742830934,,,,183.64137642429773,"rgba(239, 83, 80, 0.5)"
2025-04-24 00:00:00+00:00,145.9887027001,145.9887027001,143.7361353669,144.4063206892,58206,0.0,0.0,0.0,0.0,0.0,0.0,0.0,0.0,,,,,,175.95717263395858,192.05899110133586,178.99059015691256,182.3374955182036,,175.95717263395858,,,,,,141.2758398000242,,,,183.59166786568917,"rgba(239, 83, 80, 0.5)"
2025-04-25 00:00:00+00:00,142.6750086067,145.1230466589,141.4835680338,144.0991524165,44938,0.0,0.0,0.0,0.0,0.0,0.0,0.0,0.0,,,,,,175.61690036872037,191.85837323495517,178.95234203721387,182.29773665720995,,175.61690036872037,,,,,,141.59463344100618,,,,183.55123787961764,"rgba(239, 83, 80, 0.5)"
2025-04-28 00:00:00+00:00,143.5778971659,144.9927328462,141.4835680338,142.6657004772,45868,0.0,0.0,0.0,0.0,0.0,0.0,0.0,0.0,,,,,,175.27947001701367,191.65636426758525,178.9136660976218,182.2575040038737,,175.27947001701367,,,,,,141.86132616150954,,,,183.51031649795596,"rgba(239, 83, 80, 0.5)"
2025-04-29 00:00:00+00:00,143.7733678849,144.8344946451,141.2974054443,142.3212996866,39298,0.0,0.0,0.0,0.0,0.0,0.0,0.0,0.0,,,,,,174.99549518218453,191.48444752740753,178.88055060269863,182.22305631896782,,174.99549518218453,,,,,,142.02711179198843,,,,183.47527952733546,"rgba(239, 83, 80, 0.5)"
2025-04-30 00:00:00+00:00,145.0578897525,146.115672398,139.2920298857,142.1489874774,72503,0.0,0.0,0.0,0.0,0.0,0.0,0.0,0.0,,,,,,174.48760859267625,191.17167348791708,178.81993528111627,182.1599657695049,,174.48760859267625,,,,,,142.28308181099018,,,,183.41109770986313,#000000
2025-05-01 00:00:00+00:00,147.7873467574,149.7140222903,143.6076886345,144.3589976475,50016,0.0,0.0,0.0,0.0,0.0,0.0,0.0,0.0,,,,,,174.1857020055386,190.97415048780834,178.78242761151242,182.12054450729016,,174.1857020055386,,,,,,142.79549579025382,,,,183.37086602279075,#000000
2025-05-02 00:00:00+00:00,150.3845809317,151.8343098253,147.73067983,148.2879046165,57298,0.0,0.0,0.0,0.0,0.0,0.0,0.0,0.0,,,,,,173.88456525347647,190.76506251508752,178.7435462024137,182.0792764594742,,173.88456525347647,,,,,,143.58558536977364,,,,183.32861521181175,"rgba(38, 166, 154, 1.0)"
2025-05-05 00:00:00+00:00,150.6395821051,152.6890359808,149.9690234638,149.9690234638,37036,0.0,0.0,0.0,0.0,0.0,0.0,0.0,0.0,,,,,,173.70277740624275,190.6347119894746,178.71944310261236,182.05358372171267,,173.70277740624275,,,,,,144.08402301085513,,,,183.30227431111857,"rgba(38, 166, 154, 1.0)"
2025-05-06 00:00:00+00:00,150.75291596,152.6134800775,149.1662419918,149.1945754555,46208,0.0,0.0,0.0,0.0,0.0,0.0,0.0,0.0,,,,,,173.47748345529814,190.47223512379375,178.68915262124412,182.0213242637002,,173.47748345529814,,,,,,144.60077042288526,,,,183.269210612366,"rgba(38, 166, 154, 1.0)"
2025-05-07 00:00:00+00:00,151.2062513795,152.8779257389,150.3184695163,152.6607025171,37766,0.0,0.0,0.0,0.0,0.0,0.0,0.0,0.0,,,,,,173.30160252117975,190.34249754479023,178.664998029602,181.99553410526235,,173.30160252117975,,,,,,145.0045438556963,,,,183.24275602070225,"rgba(38, 166, 154, 1.0)"
2025-05-08 00:00:00+00:00,157.2412791516,158.4218401399,151.2912517707,152.6512580292,41966,0.0,0.0,0.0,0.0,0.0,0.0,0.0,0.0,,,,,,173.14625457331604,190.21474761478095,178.6423287344213,181.97084749030608,,173.14625457331604,,,,,,145.65754905257916,,,,183.21727488865181,"rgba(38, 166, 154, 1.0)"
2025-05-09 00:00:00+00:00,156.0418291875,161.4865764655,155.5979382559,157.0429449056,41656,0.0,0.0,0.0,0.0,0.0,0.0,0.0,0.0,,,,,,173.01255325039602,190.09636121038795,178.62188063448397,181.9483008129596,,173.01255325039602,,,,,,146.3491223358895,,,,183.19391270484772,"rgba(38, 166, 154, 1.0)"
2025-05-12 00:00:00+00:00,162.84186048,167.2052138927,160.9907408504,164.0885328837,54334,0.0,0.0,0.0,0.0,0.0,0.0,0.0,0.0,,,,,,172.90829525933927,189.97146201808394,178.60286645066634,181.92618320044667,,172.90829525933927,,,,,,147.55597618527003,,,,183.17062831806385,"rgba(38, 166, 154, 1.0)"
2025-05-13 00:00:00+00:00,167.0918800379,168.1862128516,164.3340895692,164.5040903516,48023,0.0,0.0,0.0,0.0,0.0,0.0,0.0,0.0,,,,,,172.84600980101723,189.87394309347786,178.58931190308786,181.90973416756498,,172.84600980101723,,,,,,148.65654719254138,,,,183.15310562756042,"rgba(38, 166, 154, 1.0)"
2025-05-14 00:00:00+00:00,166.4402103723,167.2713253081,165.0329816743,166.3174320296,52960,0.0,0.0,0.0,0.0,0.0,0.0,0.0,0.0,,,,,,172.77563312443178,189.76601428690327,178.5740412739361,181.89129428971816,,172.77563312443178,,,,,,149.71379307655954,,,,183.1334886553901,"rgba(38, 166, 154, 1.0)"
2025-05-15 00:00:00+00:00,166.6952115458,170.0716159723,163.8382539542,165.7224292915,70937,0.0,0.0,0.0,0.0,0.0,0.0,0.0,0.0,,,,,,172.69242265118206,189.62675701192046,178.5546724172325,181.86763954856548,,172.69242265118206,,,,,,150.9918492830384,,,,183.10824650583038,"rgba(38, 166, 154, 1.0)"
2025-05-16 00:00:00+00:00,167.7152162397,168.7068874698,166.5063217877,167.4224371146,43779,0.0,0.0,0.0,0.0,0.0,0.0,0.0,0.0,,,,,,172.6489032350147,189.5445519398259,178.54354085789552,181.85382992754506,,172.6489032350147,,,,,,151.723795772394,,,,183.0934483248646,"rgba(38, 166, 154, 1.0)"
2025-05-19 00:00:00+00:00,167.3185477476,167.8096611187,164.5040903516,164.5040903516,34312,0.0,0.0,0.0,0.0,0.0,0.0,0.0,0.0,,,,,,172.60794388158985,189.4773412185016,178.53395455417092,181.84218995228937,,172.60794388158985,,,,,,152.2173863315504,,,,183.0810466130052,"rgba(38, 166, 154, 1.0)"
2025-05-20 00:00:00+00:00,166.7707674491,169.1318894256,166.4803494459,166.4803494459,32597,0.0,0.0,0.0,0.0,0.0,0.0,0.0,0.0,,,,,,172.5753449892574,189.4163910492165,178.52555694399396,181.831809953525,,172.5753449892574,,,,,,152.68490720354896,,,,183.06993427288754,"rgba(38, 166, 154, 1.0)"
2025-05-21 00:00:00+00:00,161.434631782,164.258533666,161.3685203667,164.1168663474,31946,0.0,0.0,0.0,0.0,0.0,0.0,0.0,0.0,,,,,,172.51229027827696,189.34316597602535,178.51354638804295,181.81804176632593,,172.51229027827696,,,,,,152.96705161348493,,,,183.05550095604565,"rgba(38, 166, 154, 0.75)"
2025-05-22 00:00:00+00:00,159.7062904952,162.1713018387,158.7051747771,159.9424026928,39709,0.0,0.0,0.0,0.0,0.0,0.0,0.0,0.0,,,,,,172.4185553411532,189.2454583307686,178.49665019593544,181.79905910564483,,172.4185553411532,,,,,,153.22001621089063,,,,183.03571961080266,"rgba(38, 166, 154, 0.75)"
2025-05-23 00:00:00+00:00,157.6851700832,158.4973960432,156.2779413852,156.2779413852,32373,0.0,0.0,0.0,0.0,0.0,0.0,0.0,0.0,,,,,,172.32649385882044,189.1589064165957,178.48086427355994,181.78167175886017,,172.32649385882044,,,,,,153.3383935241609,,,,183.01770953195768,"rgba(38, 166, 154, 0.75)"
2025-05-27 00:00:00+00:00,162.8890829196,164.1168663474,157.3498907625,160.0462920598,33547,0.0,0.0,0.0,0.0,0.0,0.0,0.0,0.0,,,,,,172.25745650375197,189.0808785277218,178.4676157488541,181.76661646802623,,172.25745650375197,,,,,,153.56513775974224,,,,183.0019674518508,"rgba(38, 166, 154, 0.75)"
2025-05-28 00:00:00+00:00,161.7085219313,163.24797346,161.5432433929,163.24797346,48978,0.0,0.0,0.0,0.0,0.0,0.0,0.0,0.0,,,,,,172.16478581074728,188.97067146208005,178.44912093248604,181.7454478461243,,172.16478581074728,,,,,,153.9023287922856,,,,182.97978632278313,"rgba(38, 166, 154, 0.75)"
2025-05-29 00:00:00+00:00,161.9068561773,163.5406581402,161.0001853383,163.0874171656,40042,0.0,0.0,0.0,0.0,0.0,0.0,0.0,0.0,,,,,,172.09014873773938,188.8811820401415,178.43401555838142,181.72816006339917,,172.09014873773938,,,,,,154.1584290190053,,,,182.9616720981382,"rgba(38, 166, 154, 0.75)"
2025-05-30 00:00:00+00:00,161.2174085602,163.2290844842,160.8396290439,161.2929644634,219518,0.0,0.0,0.0,0.0,0.0,0.0,0.0,0.0,,,,,,171.68476619984847,188.39404861768432,178.34974274846402,181.63206085904426,,171.68476619984847,,,,,,155.26458572328045,,,,182.86108642261283,"rgba(38, 166, 154, 0.75)"
2025-06-02 00:00:00+00:00,159.0546208296,161.6471327599,158.4785070673,160.0935144993,61572,0.0,0.0,0.0,0.0,0.0,0.0,0.0,0.0,,,,,,171.55455112305475,188.2503378810596,178.32337654262545,181.6025281903832,,171.55455112305475,,,,,,155.43952467495453,,,,182.83033959273118,#000000
2025-06-03 00:00:00+00:00,161.2646309997,161.8313002741,158.8562865836,159.3379554668,82523,0.0,0.0,0.0,0.0,0.0,0.0,0.0,0.0,,,,,,171.39770283394182,188.06613822459167,178.2899055918714,181.56473773188378,,171.39770283394182,,,,,,155.69967873252773,,,,182.79090149941374,#000000
2025-06-04 00:00:00+00:00,160.0557365477,161.7935223225,159.6874015194,160.6036112911,65502,0.0,0.0,0.0,0.0,0.0,0.0,0.0,0.0,,,,,,171.27481805115073,187.9209423115996,178.2632204773507,181.5346407237931,,171.27481805115073,,,,,,155.88310810848043,,,,182.75950229019222,#000000
2025-06-05 00:00:00+00:00,159.6118456161,161.7935223225,159.1396212208,159.7818463984,148643,0.0,0.0,0.0,0.0,0.0,0.0,0.0,0.0,,,,,,170.9977350488482,187.5931539069257,178.20183823313891,181.46559115507952,,170.9977350488482,,,,,,156.22530778480495,,,,182.68752181346045,#000000
2025-06-06 00:00:00+00:00,161.0568522658,163.3896407786,160.4996274793,162.3035246694,91303,0.0,0.0,0.0,0.0,0.0,0.0,0.0,0.0,,,,,,170.85646525692962,187.4061965607317,178.1673934838326,181.42630706446732,,170.85646525692962,,,,,,156.478141911973,,,,182.64640262191259,#000000
2025-06-09 00:00:00+00:00,165.5146505575,167.1579914532,161.028518802,161.0946302174,122669,0.0,0.0,0.0,0.0,0.0,0.0,0.0,0.0,,,,,,170.73132010807814,187.18719699868075,178.12947683589258,181.3815239494483,,170.73132010807814,,,,,,156.95492415779967,,,,182.59905295225903,"rgba(38, 166, 154, 1.0)"
2025-06-10 00:00:00+00:00,167.4035481388,168.4046638568,165.7979851947,166.6102111547,169177,0.0,0.0,0.0,0.0,0.0,0.0,0.0,0.0,,,,,,170.6370581882921,186.92635868596722,178.08762280139615,181.32976874715652,,170.6370581882921,,,,,,157.7252900989342,,,,182.54364008936648,"rgba(38, 166, 154, 1.0)"
2025-06-11 00:00:00+00:00,166.5440997393,170.605229539,165.7224292915,169.0091110828,93584,0.0,0.0,0.0,0.0,0.0,0.0,0.0,0.0,,,,,,170.59318863983606,186.78799803296343,178.06549967213735,181.30215123116577,,170.59318863983606,,,,,,158.12050585991506,,,,182.5139964129397,"rgba(38, 166, 154, 1.0)"
2025-06-12 00:00:00+00:00,167.6774382881,167.6774382881,163.6636253728,164.7118690855,79223,0.0,0.0,0.0,0.0,0.0,0.0,0.0,0.0,,,,,,170.54139942675363,186.6646636605555,178.0445496706544,181.27667139156773,,170.54139942675363,,,,,,158.38922048454006,,,,182.48683690207642,"rgba(38, 166, 154, 1.0)"
2025-06-13 00:00:00+00:00,163.9279765893,166.1820925179,163.6257529763,165.2029824566,61435,0.0,0.0,0.0,0.0,0.0,0.0,0.0,0.0,,,,,,170.48562863697686,186.56184334594118,178.02591875307573,181.25464995079605,,170.48562863697686,,,,,,158.54226268681745,,,,182.46354830738588,"rgba(38, 166, 154, 0.75)"
2025-06-16 00:00:00+00:00,165.0990930896,168.1685516592,164.4757568878,165.5099283136,107346,0.0,0.0,0.0,0.0,0.0,0.0,0.0,0.0,,,,,,170.41212421516968,186.39524252004887,177.9967098631515,181.21938197562858,,170.41212421516968,,,,,,158.847586946954,,,,182.42602951931303,"rgba(38, 166, 154, 0.75)"
2025-06-17 00:00:00+00:00,162.0957459355,165.349466464,161.9540786169,164.0507549321,174629,0.0,0.0,0.0,0.0,0.0,0.0,0.0,0.0,,,,,,170.22656770843278,186.09385243969,177.93862362959433,181.1519899362651,,170.22656770843278,,,,,,159.11809500410098,,,,182.35513627063958,"rgba(38, 166, 154, 0.75)"
2025-06-18 00:00:00+00:00,164.4190899604,166.1379867593,161.5007431974,161.5007431974,77403,0.0,0.0,0.0,0.0,0.0,0.0,0.0,0.0,,,,,,170.15721443091041,185.9678072923584,177.91455465420555,181.123740472681,,170.15721443091041,,,,,,159.25148882976717,,,,182.32532073315625,"rgba(38, 166, 154, 0.75)"
2025-06-20 00:00:00+00:00,165.2785383599,165.7507627552,164.1829777627,165.7318737794,97312,0.0,0.0,0.0,0.0,0.0,0.0,0.0,0.0,,,,,,170.08675640034622,185.81886407577588,177.88669360265126,181.09053199865917,,170.08675640034622,,,,,,159.4440198282272,,,,182.29011877053807,"rgba(38, 166, 154, 0.5)"
2025-06-23 00:00:00+00:00,166.2418761263,166.4165991526,162.445191988,164.560757279,121134,0.0,0.0,0.0,0.0,0.0,0.0,0.0,0.0,,,,,,170.00111755300506,185.63608148020748,177.85208308857858,181.04929256450092,,170.00111755300506,,,,,,159.665154878851,,,,182.24640782257285,"rgba(38, 166, 154, 0.75)"
2025-06-24 00:00:00+00:00,170.000782313,172.4516269247,168.3952193689,168.4046638568,222770,0.0,0.0,0.0,0.0,0.0,0.0,0.0,0.0,,,,,,170.0096252581565,185.3917211208037,177.81477978512885,180.9986746006897,,170.0096252581565,,,,,,160.38512843350293,,,,182.19093187224684,"rgba(38, 166, 154, 1.0)"
2025-06-25 00:00:00+00:00,172.3807932654,172.5413495598,166.7447006624,169.7552256274,242426,0.0,0.0,0.0,0.0,0.0,0.0,0.0,0.0,,,,,,170.02701520812778,185.1391363411505,177.77605722075143,180.9455183825236,,170.02701520812778,,,,,,161.08407192197342,,,,182.13251369645022,"rgba(38, 166, 154, 1.0)"
2025-06-26 00:00:00+00:00,175.0346943671,175.2141396373,170.4210620248,172.3335708259,274272,0.0,0.0,0.0,0.0,0.0,0.0,0.0,0.0,,,,,,170.14977889904267,184.92025619434372,177.7507456036781,180.90321123530848,,170.14977889904267,,,,,,161.9838596053938,,,,182.08407517607128,"rgba(38, 166, 154, 1.0)"
2025-06-27 00:00:00+00:00,173.0135739551,175.8846982786,171.6016230131,175.8846982786,508030,0.0,0.0,0.0,0.0,0.0,0.0,0.0,0.0,,,,,,170.35254922222913,184.53402519218503,177.70403192212754,180.82551802791448,,170.35254922222913,,,,,,163.3413226046146,,,,181.99519698398984,"rgba(38, 166, 154, 1.0)"
2025-06-30 00:00:00+00:00,171.3230106199,174.7608042178,169.6182805528,174.1752459676,196780,0.0,0.0,0.0,0.0,0.0,0.0,0.0,0.0,,,,,,170.38801225671963,184.3706722005073,177.67943392055878,180.7893861855119,,170.38801225671963,,,,,,163.7150599742495,,,,181.95487535658415,"rgba(38, 166, 154, 1.0)"
2025-07-01 00:00:00+00:00,178.2458202552,180.3047186188,171.011342519,171.0491204706,145897,0.0,0.0,0.0,0.0,0.0,0.0,0.0,0.0,,,,,,170.490426471512,184.29612982202102,177.6758036744682,180.77661132770208,,170.490426471512,,,,,,164.11662122398076,,,,181.93882909386957,"rgba(38, 166, 154, 1.0)"
2025-07-02 00:00:00+00:00,189.5603167669,190.0892080897,179.2186025095,179.2186025095,190885,0.0,0.0,0.0,0.0,0.0,0.0,0.0,0.0,,,,,,170.82824330718458,184.32058974351193,177.71096436107698,180.7981120069055,,170.82824330718458,,,,,,164.9904688979755,,,,181.95557193352786,"rgba(38, 166, 154, 1.0)"
2025-07-03 00:00:00+00:00,188.039754214,191.3547694691,186.0145726723,190.1647639929,96027,0.0,0.0,0.0,0.0,0.0,0.0,0.0,0.0,,,,,,171.01598575403503,184.34604619083197,177.73301219293467,180.81313436955148,,171.01598575403503,,,,,,165.44692115878192,,,,181.96815895780958,"rgba(38, 166, 154, 1.0)"
2025-07-07 00:00:00+00:00,184.4697377854,188.2853108996,182.5902846921,185.5936318463,105382,0.0,0.0,0.0,0.0,0.0,0.0,0.0,0.0,,,,,,171.17874685749325,184.35118976109416,177.7495768340943,180.82235927448824,,171.17874685749325,,,,,,165.8577689320529,,,,181.97481797484502,"rgba(38, 166, 154, 1.0)"
2025-07-08 00:00:00+00:00,186.3964133183,189.6405949141,183.8841795352,184.4697377854,156841,0.0,0.0,0.0,0.0,0.0,0.0,0.0,0.0,,,,,,171.43990834762505,184.3737517911089,177.7791698449838,180.8408681331772,,171.43990834762505,,,,,,166.48440286585813,,,,181.98946512143283,"rgba(38, 166, 154, 1.0)"
2025-07-09 00:00:00+00:00,186.4814137095,188.4836451456,185.3858531123,187.2653062057,176091,0.0,0.0,0.0,0.0,0.0,0.0,0.0,0.0,,,,,,171.7254720104458,184.40012651663696,177.8126944007148,180.86201865958083,,171.7254720104458,,,,,,167.14908207111296,,,,182.00630390395926,"rgba(38, 166, 154, 1.0)"
2025-07-10 00:00:00+00:00,190.7975446826,193.8837199958,186.9253046411,186.9253046411,185124,0.0,0.0,0.0,0.0,0.0,0.0,0.0,0.0,,,,,,172.08644300613864,184.46991622128854,177.86229851445603,180.89807816728884,,172.08644300613864,,,,,,167.92734018356907,,,,182.03768233422235,"rgba(38, 166, 154, 1.0)"
2025-07-11 00:00:00+00:00,193.4136678327,194.3486721354,187.1991947903,190.3253202873,212617,0.0,0.0,0.0,0.0,0.0,0.0,0.0,0.0,,,,,,172.50841413270305,184.56255845335187,177.92377964951558,180.9439300567368,,172.50841413270305,,,,,,168.80079210503936,,,,182.0781425168427,"rgba(38, 166, 154, 1.0)"
2025-07-14 00:00:00+00:00,192.0914395258,193.3570009052,191.0336568803,192.2519958202,78130,0.0,0.0,0.0,0.0,0.0,0.0,0.0,0.0,,,,,,172.66292338064733,184.59839457460137,177.94706345318804,180.96147385718706,,172.66292338064733,,,,,,169.11258093328433,,,,182.09370739016828,"rgba(38, 166, 154, 1.0)"
2025-07-15 00:00:00+00:00,189.9947632106,194.081865352,189.6736506218,192.5542194332,121231,0.0,0.0,0.0,0.0,0.0,0.0,0.0,0.0,,,,,,172.886942193348,184.64671996464583,177.98073659389024,180.98638284876787,,172.886942193348,,,,,,169.56175186255493,,,,182.11558781827753,"rgba(38, 166, 154, 1.0)"
2025-07-16 00:00:00+00:00,196.8703504064,197.0592401645,189.9947632106,192.1103285016,123401,0.0,0.0,0.0,0.0,0.0,0.0,0.0,0.0,,,,,,173.15059352447082,184.72009005699198,178.02355338779964,181.01995112056096,,173.15059352447082,,,,,,170.06924705882687,,,,182.14598191931336,"rgba(38, 166, 154, 1.0)"
2025-07-17 00:00:00+00:00,198.6459141327,200.8559243028,195.3025654139,195.3025654139,72899,0.0,0.0,0.0,0.0,0.0,0.0,0.0,0.0,,,,,,173.32914458525585,184.77858901833523,178.05424172586697,181.0449632758569,,173.32914458525585,,,,,,170.40235402420532,,,,182.16905924374353,"rgba(38, 166, 154, 1.0)"
2025-07-18 00:00:00+00:00,195.8125677609,200.4120333712,194.8492299944,199.7414747299,64694,0.0,0.0,0.0,0.0,0.0,0.0,0.0,0.0,,,,,,173.4776908875189,184.82533539915482,178.0797275644833,181.06550130797942,,173.4776908875189,,,,,,170.67854528464318,,,,182.18790624653585,"rgba(38, 166, 154, 1.0)"
2025-07-21 00:00:00+00:00,195.8409012246,198.4098019351,195.3120099018,196.5964602571,51876,0.0,0.0,0.0,0.0,0.0,0.0,0.0,0.0,,,,,,173.5929471243462,184.8610256409697,178.0995723616822,181.0814133933348,,173.5929471243462,,,,,,170.89175244385095,,,,182.20247262055307,"rgba(38, 166, 154, 0.75)"
2025-07-22 00:00:00+00:00,199.0898050643,199.8453640968,195.4536772204,196.8136834789,54433,0.0,0.0,0.0,0.0,0.0,0.0,0.0,0.0,,,,,,173.72105016384268,184.90337631207228,178.12216388922428,181.09981061430818,,173.72105016384268,,,,,,171.12552577092129,,,,182.21943884481,"rgba(38, 166, 154, 0.75)"
2025-07-23 00:00:00+00:00,202.0931522185,202.9431561301,199.0709160885,201.8287065572,73126,0.0,0.0,0.0,0.0,0.0,0.0,0.0,0.0,,,,,,173.9136172572186,184.97367820234837,178.1573345851972,181.12915277042802,,173.9136172572186,,,,,,171.47026081615428,,,,182.24680390088784,"rgba(38, 166, 154, 0.75)"
2025-07-24 00:00:00+00:00,201.7814841176,203.1131569124,197.9470220277,200.3742554196,77545,0.0,0.0,0.0,0.0,0.0,0.0,0.0,0.0,,,,,,174.11181926560963,185.0456741742453,178.19383885405344,181.1595288113085,,174.11181926560963,200.94722101923333,,,,,171.82230673954814,,,,182.27509901687412,"rgba(38, 166, 154, 1.0)"
2025-07-25 00:00:00+00:00,186.7080814192,198.3342460318,180.9988884799,195.09478668,93013,0.0,0.0,0.0,0.0,0.0,0.0,0.0,0.0,,,,,,174.23882075269674,185.06521880668336,178.2139478810218,181.17333044344778,,,194.25757099088509,,,,,172.06039488289116,,,,182.2867028762422,"rgba(38, 166, 154, 0.5)"
2025-07-28 00:00:00+00:00,183.2702878213,188.833185643,182.3069500549,187.9453093349,62048,0.0,0.0,0.0,0.0,0.0,0.0,0.0,0.0,,,,,,174.2999026542684,185.06428326847524,178.2223665008255,181.1777689682991,,,191.7356765484832,,,,,172.17933140192602,,,,182.2897407237655,"rgba(38, 166, 154, 0.5)"
2025-07-29 00:00:00+00:00,184.3375149547,185.7583437154,182.2786165912,183.5252889948,77395,0.0,0.0,0.0,0.0,0.0,0.0,0.0,0.0,,,,,,174.37025048862873,185.06011347108137,178.2317575305775,181.18225669579826,,,189.83554768162873,,,,,172.31679990850614,,,,182.29249945845103,#000000
2025-07-30 00:00:00+00:00,187.9547538228,191.0242123924,183.7236232408,184.1014027571,91332,0.0,0.0,0.0,0.0,0.0,0.0,0.0,0.0,,,,,,174.48082675298372,185.07317834470345,178.24925301365568,181.1937104507453,,,189.31941118784414,,,,,172.52113438352507,,,,182.3018410129846,#000000
2025-07-31 00:00:00+00:00,184.6964054952,189.9991060823,182.761636362,186.8652578074,52380,0.0,0.0,0.0,0.0,0.0,0.0,0.0,0.0,,,,,,174.53504969699964,185.07540057534362,178.2573801189886,181.1984638898923,,,188.91530340385822,,,,,172.6225378222876,,,,182.30540958072763,#000000
2025-08-01 00:00:00+00:00,181.2090438478,181.7345366988,178.6484605012,181.7345366988,60387,0.0,0.0,0.0,0.0,0.0,0.0,0.0,0.0,,,,,,174.56792449583938,185.05984373565957,178.2601903967098,181.19767364115694,,,187.93043230407682,,,,,172.6914538608282,,,,182.30333610850062,"rgba(239, 83, 80, 1.0)"
2025-08-04 00:00:00+00:00,183.0817092804,184.0944773204,180.4924626874,183.3396784981,40170,0.0,0.0,0.0,0.0,0.0,0.0,0.0,0.0,,,,,,174.59695531980037,185.05415580237525,178.26372028316365,181.1987422482544,,,187.54094297272968,,,,,172.7483104090758,,,,182.3035324907069,"rgba(239, 83, 80, 1.0)"
2025-08-05 00:00:00+00:00,182.5466620139,184.065814074,180.6835509968,182.6135429222,50320,0.0,0.0,0.0,0.0,0.0,0.0,0.0,0.0,,,,,,174.63246228872768,185.04671454376887,178.26800619909287,181.1999562319457,,,187.11572661770055,,,,,172.8177248148934,,,,182.3036573518904,"rgba(239, 83, 80, 1.0)"
2025-08-06 00:00:00+00:00,181.9733970856,184.5292032244,180.4733538564,182.8619577245,50474,0.0,0.0,0.0,0.0,0.0,0.0,0.0,0.0,,,,,,174.6672732978806,185.0389899823069,178.27218646248878,181.20106629203272,,,186.74661599374596,,,,,172.88559742927382,,,,182.30367844691878,"rgba(239, 83, 80, 1.0)"
2025-08-07 00:00:00+00:00,178.8013311488,182.8571805168,177.8745528479,182.6135429222,49300,0.0,0.0,0.0,0.0,0.0,0.0,0.0,0.0,,,,,,174.69005456805962,185.02462801705636,178.27376700681933,181.19976041352834,,,186.263511412895,,,,,172.93378301756889,,,,182.30134128117922,"rgba(239, 83, 80, 1.0)"
2025-08-08 00:00:00+00:00,181.638992544,182.9861651256,177.6452468766,177.6452468766,98606,0.0,0.0,0.0,0.0,0.0,0.0,0.0,0.0,,,,,,174.7429842856699,185.00115726407893,178.27874981776998,181.19890927579917,,,185.58727863190396,,,,,173.04064977958538,,,,182.2984110314304,"rgba(239, 83, 80, 1.0)"
2025-08-11 00:00:00+00:00,180.8650848908,183.2560773627,180.4637994409,180.4637994409,63889,0.0,0.0,0.0,0.0,0.0,0.0,0.0,0.0,,,,,,174.7811250804311,184.98882670864054,178.2829694644857,181.19931887329392,,,185.28812643766105,,,,,173.11511484082814,,,,182.29746558587385,"rgba(239, 83, 80, 1.0)"
2025-08-12 00:00:00+00:00,185.4798675639,187.0515689091,181.6437697518,181.6867646214,49668,0.0,0.0,0.0,0.0,0.0,0.0,0.0,0.0,,,,,,174.82438980284888,184.9881006740115,178.2894661208697,181.2027237491772,,,185.25761347988896,,,,,173.1937638151665,,,,182.29978036067558,"rgba(239, 83, 80, 0.75)"
2025-08-13 00:00:00+00:00,189.0436645351,189.406732323,184.8779393891,186.9799107931,90296,0.0,0.0,0.0,0.0,0.0,0.0,0.0,0.0,,,,,,174.92603174364328,185.00198325492988,178.30682699207804,181.2142441903128,,,185.48348272384976,,,,,173.37116885711703,,,,182.30925713291933,#000000
2025-08-14 00:00:00+00:00,189.5596029706,189.9895516668,184.4520035474,188.374855452,80298,0.0,0.0,0.0,0.0,0.0,0.0,0.0,0.0,,,,,,175.01664287618982,185.0152017809232,178.3225766854132,181.22480415911664,,,185.6693887124331,,,,,173.52774389771847,,,,182.31800168402424,#000000
2025-08-15 00:00:00+00:00,185.441649902,190.6679151654,184.6200657156,189.9608884204,87656,0.0,0.0,0.0,0.0,0.0,0.0,0.0,0.0,,,,,,175.10594564030131,185.02427621827806,178.33778050853738,181.23444501384228,,,185.76194775554896,,,,,173.68229032819437,,,,182.3256908326507,#000000
2025-08-18 00:00:00+00:00,183.7027462861,186.3172165359,183.6836374551,183.6836374551,52245,0.0,0.0,0.0,0.0,0.0,0.0,0.0,0.0,,,,,,175.1481024809093,185.02297705214332,178.3443479355241,181.23781085889624,,,185.7111053406102,,,,,173.75670678948748,,,,182.3279263997794,#000000
2025-08-19 00:00:00+00:00,184.8110584808,186.0626869077,183.6358653777,183.7027462861,73638,0.0,0.0,0.0,0.0,0.0,0.0,0.0,0.0,,,,,,175.2085642475488,185.02223203241368,178.3539796767446,181.24292523019153,,,185.66159088702148,,,,,173.8624477663188,,,,182.33144685339172,#000000
2025-08-20 00:00:00+00:00,182.6804238305,185.5563028877,180.9606290455,184.4957627703,62786,0.0,0.0,0.0,0.0,0.0,0.0,0.0,0.0,,,,,,175.25015074086375,185.01558879059445,178.3599323607669,181.24513136318424,,,185.5420553480714,,,,,173.93673202376092,,,,182.33232446653452,#000000
2025-08-21 00:00:00+00:00,180.626224504,186.220334763,180.2918199624,181.4574586501,47436,0.0,0.0,0.0,0.0,0.0,0.0,0.0,0.0,,,,,,175.27854580316057,185.0088433361027,178.36376529504867,181.24616761543137,,,185.43572407081658,,,,,173.9879048171571,,,,182.33236698780425,"rgba(239, 83, 80, 1.0)"
2025-08-22 00:00:00+00:00,191.3367242484,192.1249635249,181.5434483893,181.5434483893,148190,0.0,0.0,0.0,0.0,0.0,0.0,0.0,0.0,,,,,,175.43900426848134,185.03522159565097,178.39338128844565,181.26634093410414,,,185.71130494580134,,,,,174.25452069981415,,,,182.34923616396392,#000000
2025-08-25 00:00:00+00:00,189.4736132313,191.1551903545,188.1646583116,190.1901943918,104900,0.0,0.0,0.0,0.0,0.0,0.0,0.0,0.0,,,,,,175.5611160660416,185.06069196225886,178.41688897935367,181.28309054054023,,,185.95631838084185,,,,,174.4537349097183,,,,182.36362731388934,#000000
2025-08-26 00:00:00+00:00,191.1934080163,192.1201863172,188.6997055781,188.7570320709,108138,0.0,0.0,0.0,0.0,0.0,0.0,0.0,0.0,,,,,,175.69426982299404,185.0927936668604,178.4433355734056,181.3025065378776,,,186.24402459069677,,,,,174.66793043292887,,,,182.38059513650114,"rgba(38, 166, 154, 0.5)"
2025-08-27 00:00:00+00:00,192.6456791681,193.9259708414,188.8525762256,190.5532621797,73422,0.0,0.0,0.0,0.0,0.0,0.0,0.0,0.0,,,,,,175.7901093516924,185.11878100730104,178.46289053050043,181.3172379446799,,,186.465382843699,,,,,174.8202708811715,,,,182.39365079718542,"rgba(38, 166, 154, 0.5)"
2025-08-28 00:00:00+00:00,191.6042478817,194.0979503199,188.8143585637,194.0979503199,61490,0.0,0.0,0.0,0.0,0.0,0.0,0.0,0.0,,,,,,175.8680013138309,185.1394134055752,178.4788532876622,181.32918866612474,,,186.6278969454977,,,,,174.9435504126618,,,,182.40420646049105,"rgba(38, 166, 154, 0.5)"
2025-08-29 00:00:00+00:00,192.4545908587,193.2935984772,189.6742559562,192.17751281,82527,0.0,0.0,0.0,0.0,0.0,0.0,0.0,0.0,,,,,,175.9733316000701,185.16819953760296,178.50071111659997,181.3456586111475,,,186.84274744494218,,,,,175.10913629812939,,,,182.41880381349708,"rgba(38, 166, 154, 0.5)"
2025-09-02 00:00:00+00:00,189.3685146611,190.6870239963,187.0754549478,190.6870239963,64250,0.0,0.0,0.0,0.0,0.0,0.0,0.0,0.0,,,,,,176.04022977350817,185.1811811002459,178.51415444473363,181.35506722828555,,,186.91159981220915,,,,,175.2148488487114,,,,182.42680076066662,"rgba(38, 166, 154, 0.5)"
2025-09-03 00:00:00+00:00,184.2186847216,191.0883094461,182.426276379,187.7633728618,131708,0.0,0.0,0.0,0.0,0.0,0.0,0.0,0.0,,,,,,176.14272146880228,185.18615891817433,178.53343864678527,181.36645360995988,,,186.8513048223762,,,,,175.37864456138027,,,,182.4354013337011,#000000
2025-09-04 00:00:00+00:00,188.030896495,188.030896495,183.6024249236,185.6614014579,84298,0.0,0.0,0.0,0.0,0.0,0.0,0.0,0.0,,,,,,176.21145949479444,185.19210668776745,178.546800776215,181.37473941480886,,,186.84029071322448,,,,,175.48711981452345,,,,182.44189904070666,#000000
2025-09-05 00:00:00+00:00,185.3365513318,191.0118741224,185.006923998,189.2920793374,77949,0.0,0.0,0.0,0.0,0.0,0.0,0.0,0.0,,,,,,176.27763804270813,185.19981694704077,178.55998395309206,181.38320887561315,,,186.8495260181207,,,,,175.59058228680712,,,,182.44871016247987,#000000
2025-09-08 00:00:00+00:00,188.193321558,188.9815608345,182.6469833764,187.3811962429,46616,0.0,0.0,0.0,0.0,0.0,0.0,0.0,0.0,,,,,,176.31498449668817,185.20317788998454,178.56737883646514,181.38781159684694,,,186.84480989656623,,,,,175.64887651526257,,,,182.45232912627938,#000000
2025-09-09 00:00:00+00:00,186.7219415753,190.2379664691,186.5212988504,187.9449067558,46244,0.0,0.0,0.0,0.0,0.0,0.0,0.0,0.0,,,,,,176.35612629202092,185.2093788667479,178.5758122230347,181.39343477222326,,,186.8634214379069,,,,,175.71246862971793,,,,182.45696511546663,#000000
2025-09-10 00:00:00+00:00,184.9830379593,187.6200566297,184.1135861514,186.5881797587,58523,0.0,0.0,0.0,0.0,0.0,0.0,0.0,0.0,,,,,,176.39762054023447,185.21046083205536,178.58386697197528,181.39804782168963,,,186.8331851694855,,,,,175.77719740201383,,,,182.46036196958102,#000000
2025-09-11 00:00:00+00:00,192.5979070908,192.9323116323,186.1630082702,186.7410504062,86027,0.0,0.0,0.0,0.0,0.0,0.0,0.0,0.0,,,,,,176.4907646640032,185.23382613638634,178.6041077304168,181.41289822795235,,,186.95734982297577,,,,,175.91853399634684,,,,182.47333068463433,#000000
2025-09-12 00:00:00+00:00,189.225198429,194.5374534317,188.5659437615,191.0883094461,69986,-1.0,194.53746,188.56595,0.0,0.0,0.0,0.0,0.0,,,,,190.7761985407333,176.5667687772837,185.25343399660127,178.62081461182925,181.42522288065857,,,187.05800927587336,,,,,176.03317272346226,,,,182.4841259788637,#000000
2025-09-15 00:00:00+00:00,186.0722413232,189.8271266038,185.5945205496,189.6742559562,46342,0.0,0.0,0.0,0.0,0.0,0.0,0.0,0.0,,,,,189.33744490577757,176.6039735073024,185.25790069906083,178.62857263559687,181.4302209004566,,,187.05983826299047,,,,,176.08975536337906,,,,182.48815211815136,#000000
2025-09-16 00:00:00+00:00,184.6390790023,186.6741694979,182.6039885067,186.1964487243,47282,0.0,0.0,0.0,0.0,0.0,0.0,0.0,0.0,,,,,187.97965420442543,176.63265091055115,185.25642860977197,178.63413589408017,181.43306940464487,,,187.01819848490615,,,,,176.13386540753345,,,,182.49003820612458,#000000
2025-09-17 00:00:00+00:00,182.4988899365,187.4910720208,181.8778529308,183.9702699193,66550,0.0,0.0,0.0,0.0,0.0,0.0,0.0,0.0,,,,,186.816210105957,176.6692550626741,185.2520887444133,178.64106000031688,181.4362176673331,,,186.94581128699588,,,,,176.190259985636,,,,182.4918452022078,"rgba(239, 83, 80, 1.0)"
2025-09-18 00:00:00+00:00,185.8907074292,186.0435780768,183.7027462861,183.7027462861,72789,0.0,0.0,0.0,0.0,0.0,0.0,0.0,0.0,,,,,186.4308521248091,176.7157054252887,185.25194420541982,178.65039803141775,181.44136459572778,,,186.90212277640177,,,,,176.26084765163256,,,,182.49550817688905,"rgba(239, 83, 80, 1.0)"
2025-09-19 00:00:00+00:00,182.1740398105,186.5499620968,180.5688980111,186.5499620968,125900,0.0,0.0,0.0,0.0,0.0,0.0,0.0,0.0,,,,,185.45229732050439,176.7751648676424,185.23847786241114,178.66130211123203,181.44526015418512,,,186.74320334761805,,,,,176.35213196818918,,,,182.49690719030585,"rgba(239, 83, 80, 1.0)"
2025-09-22 00:00:00+00:00,182.852403309,185.0594732831,181.3762461185,182.3937913663,93220,0.0,0.0,0.0,0.0,0.0,0.0,0.0,0.0,,,,,185.0315670660935,176.81847045202912,185.2286076319891,178.66933853089873,181.44812998324284,,,186.63378494126178,,,,,176.41815065023047,,,,182.49793614381818,"rgba(239, 83, 80, 1.0)"
2025-09-23 00:00:00+00:00,183.2441343434,186.31110171,181.7823087761,184.5244260167,89180,0.0,0.0,0.0,0.0,0.0,0.0,0.0,0.0,,,,,184.84884654632285,176.8637958277242,185.22224753437942,178.67818170647328,181.4520003775141,,,186.55414143928104,,,,,176.48644800320616,,,,182.50003774235992,"rgba(239, 83, 80, 1.0)"
2025-09-24 00:00:00+00:00,181.4861218965,184.9830379593,181.4670130655,184.9830379593,125523,0.0,0.0,0.0,0.0,0.0,0.0,0.0,0.0,,,,,184.4734463494723,176.91630425832622,185.20642996457968,178.68782188400857,181.45478283160008,,,186.40644501024607,,,,,176.56584286000725,,,,182.50037255083058,"rgba(239, 83, 80, 1.0)"
2025-09-25 00:00:00+00:00,181.4670130655,182.4702266901,179.1070724439,179.1070724439,125118,0.0,0.0,0.0,0.0,0.0,0.0,0.0,0.0,,,,,183.97136072861474,176.9530735602656,185.18093920210987,178.6934444245937,181.45376260098024,,,186.21074296954708,,,,,176.62228366019838,,,,182.49696945121073,"rgba(239, 83, 80, 1.0)"
2025-09-26 00:00:00+00:00,183.6740830396,184.0084875812,181.0275099538,181.4670130655,139987,0.0,0.0,0.0,0.0,0.0,0.0,0.0,0.0,,,,,183.82213463480838,177.01220687661666,185.16554726477023,178.7047949139268,181.45751340112378,,,186.08166984410866,,,,,176.7101897061329,,,,182.49800834776545,"rgba(239, 83, 80, 1.0)"
2025-09-29 00:00:00+00:00,182.8428488935,185.0738049063,181.5625572203,183.9129434264,61028,0.0,0.0,0.0,0.0,0.0,0.0,0.0,0.0,,,,,183.78410225896275,177.038725986444,185.15965511904167,178.710025068285,181.45943138471506,,,186.03278926723323,,,,,176.7493020273709,,,,182.49874500615084,"rgba(239, 83, 80, 1.0)"
2025-09-30 00:00:00+00:00,181.5625572203,184.9543747129,178.6866781631,182.9766107102,208694,0.0,0.0,0.0,0.0,0.0,0.0,0.0,0.0,,,,,183.44772889360186,177.10698970458185,185.12559084161535,178.72211902627095,181.4604873215106,,,185.80020574537212,,,,,176.850585024122,,,,182.4958468044092,"rgba(239, 83, 80, 1.0)"
2025-10-01 00:00:00+00:00,177.7407910313,181.2185982633,177.7312366159,179.4701402318,76970,0.0,0.0,0.0,0.0,0.0,0.0,0.0,0.0,,,,,183.18798749302826,177.11653509903743,185.10282710712295,178.72237637231186,181.45686331975054,,,185.66513065407565,,,,,176.86580407654887,,,,182.49081991002066,"rgba(239, 83, 80, 1.0)"
2025-10-02 00:00:00+00:00,179.4988034782,179.5179123092,176.4700537735,176.7853494841,63331,0.0,0.0,0.0,0.0,0.0,0.0,0.0,0.0,,,,,182.97750924747226,177.122559910677,185.08301841546964,178.7221019174662,181.45342295392635,,,185.55153372682287,,,,,176.87571687308952,,,,182.4862336446902,"rgba(239, 83, 80, 1.0)"
2025-10-03 00:00:00+00:00,183.2632431743,183.2632431743,179.5847932175,179.5847932175,74592,0.0,0.0,0.0,0.0,0.0,0.0,0.0,0.0,,,,,182.93031927628107,177.14771878262866,185.07230075013965,178.72682030243422,181.4542205365705,,,185.4871498130984,,,,,176.9124287852357,,,,182.48562720352425,"rgba(239, 83, 80, 0.75)"
2025-10-06 00:00:00+00:00,183.903389011,186.31110171,181.6963190369,184.7632864035,67626,0.0,0.0,0.0,0.0,0.0,0.0,0.0,0.0,,,,,182.9755717617325,177.17923732667754,185.06879635624375,178.73357785553918,181.45733376545755,,,185.46236761181373,,,,,176.95765010403827,,,,182.48744237889565,"rgba(239, 83, 80, 0.75)"
2025-10-07 00:00:00+00:00,182.7377503234,186.0244692458,181.8921845541,183.7887360253,92809,0.0,0.0,0.0,0.0,0.0,0.0,0.0,0.0,,,,,183.00802514782177,177.21938334298375,185.06220334310413,178.74208410684835,181.4608838275605,,,185.42046192541466,,,,,177.01512557476212,,,,182.48922474547535,#000000
2025-10-08 00:00:00+00:00,184.1040317359,185.876375806,183.014828372,184.5148716012,51921,0.0,0.0,0.0,0.0,0.0,0.0,0.0,0.0,,,,,183.04848131238847,177.2443631896681,185.0604320183777,178.7475996844933,181.46360392796635,,,185.40726699139776,,,,,177.0506311359437,,,,182.49094980238718,#000000
2025-10-09 00:00:00+00:00,185.1263541914,185.1263541914,181.6342153363,184.8588305582,57039,0.0,0.0,0.0,0.0,0.0,0.0,0.0,0.0,,,,,183.07816645448128,177.27018393356778,185.05751440474938,178.75324637337377,181.46620207991262,,,185.3882810312579,,,,,177.08728240908152,,,,182.49246159377444,#000000
2025-10-10 00:00:00+00:00,175.772581444,186.31110171,175.6865917048,186.2251119707,69728,0.0,0.0,0.0,0.0,0.0,0.0,0.0,0.0,,,,,182.9322106265804,177.27947438166436,185.03873473394037,178.75391200568308,181.4633971868166,,,185.29135057567106,,,,,177.10125540584502,,,,182.48840246972276,"rgba(239, 83, 80, 1.0)"
2025-10-13 00:00:00+00:00,179.575238802,180.0911772375,176.0974315701,178.3236103751,61823,0.0,0.0,0.0,0.0,0.0,0.0,0.0,0.0,,,,,182.78991441659753,177.28487748189693,185.0202712346287,178.7537177071468,181.4601642800504,,,185.19869212248202,,,,,177.1096970322026,,,,182.48406896976246,"rgba(239, 83, 80, 1.0)"
2025-10-14 00:00:00+00:00,184.4002186155,185.4129866556,177.4350497362,177.4350497362,89600,0.0,0.0,0.0,0.0,0.0,0.0,0.0,0.0,,,,,182.77297234694126,177.31540305539917,185.00951318431004,178.7599212864381,181.46171938742964,,,185.1440427233637,,,,,177.15300843184232,,,,182.4839596775002,#000000
2025-10-15 00:00:00+00:00,183.2632431743,186.31110171,180.4637994409,186.31110171,134974,0.0,0.0,0.0,0.0,0.0,0.0,0.0,0.0,,,,,182.80959634710183,177.36896736168833,184.99922537122498,178.77159373180308,181.46632592144388,,,185.09237710019775,,,,,177.22822991535475,,,,182.48604237581534,#000000
2025-10-16 00:00:00+00:00,174.9413472979,183.4447770683,174.6069427564,183.4447770683,60622,0.0,0.0,0.0,0.0,0.0,0.0,0.0,0.0,,,,,182.66603108113807,177.37014105910916,184.97890754500298,178.77032945912947,181.46215598075645,,,184.99773215880552,,,,,177.23059620105744,,,,182.4808162159053,"rgba(239, 83, 80, 1.0)"
2025-10-17 00:00:00+00:00,175.6961461203,175.9923329999,172.7438317393,174.8840208051,87354,0.0,0.0,0.0,0.0,0.0,0.0,0.0,0.0,,,,,182.36240626036255,177.35557074001204,184.93848266534297,178.76382538977276,181.4516605562756,,,184.81406983667543,,,,,177.21182423060392,,,,182.46885552020942,"rgba(239, 83, 80, 1.0)"
2025-10-20 00:00:00+00:00,172.514525768,177.6548012921,171.2628973411,176.6706964984,79274,0.0,0.0,0.0,0.0,0.0,0.0,0.0,0.0,,,,,182.07260346152097,177.33735104029253,184.89847914107017,178.75645288480615,181.44073458641316,,,184.63693693769952,,,,,177.18804793528997,,,,182.45662019289225,"rgba(239, 83, 80, 1.0)"
2025-10-21 00:00:00+00:00,169.6959732037,170.9858192924,167.2022707654,169.7915173584,94429,0.0,0.0,0.0,0.0,0.0,0.0,0.0,0.0,,,,,181.5768109379996,177.28841040687595,184.83194566247784,178.73970666307687,181.42008150457184,,,184.3482748328602,,,,,177.12286078131262,,,,182.4345016699063,"rgba(239, 83, 80, 1.0)"
2025-10-22 00:00:00+00:00,169.2660245074,171.9794785015,167.5366753069,170.6800779973,109467,0.0,0.0,0.0,0.0,0.0,0.0,0.0,0.0,,,,,181.0610286474833,177.234513148591,184.7569957325901,178.7209805863748,181.39681606874603,,,184.03333756945054,,,,,177.0514661174928,,,,182.40953566564116,"rgba(239, 83, 80, 1.0)"
2025-10-23 00:00:00+00:00,169.5335481406,171.2867833798,167.6322194616,169.9443880059,80647,0.0,0.0,0.0,0.0,0.0,0.0,0.0,0.0,,,,,180.70519510891938,177.194722190759,184.70185156224946,178.70706812021155,181.3795753148069,,,183.80808270322237,,,,,176.99896587439898,,,,182.39104745899724,"rgba(239, 83, 80, 1.0)"
2025-10-24 00:00:00+00:00,158.9663646283,174.8840208051,154.1031671528,169.3902319085,96929,0.0,0.0,0.0,0.0,0.0,0.0,0.0,0.0,,,,,180.06200205004757,177.10552972397878,184.60657473613176,178.67805483064555,181.34705462732137,,,183.4215850706888,,,,,176.8803165406376,,,,182.35716959038066,"rgba(239, 83, 80, 1.0)"
2025-10-27 00:00:00+00:00,163.6193649633,166.213388764,159.0810176139,160.3135372098,92309,0.0,0.0,0.0,0.0,0.0,0.0,0.0,0.0,,,,,179.50117536722536,177.02345814787463,184.51791310125893,178.6510715974473,181.31671724041567,,,183.07188574952926,,,,,176.77163349767832,,,,182.32553667182307,"rgba(239, 83, 80, 1.0)"
2025-10-28 00:00:00+00:00,161.4600670665,163.8797227849,159.5300751411,163.0938721123,67025,0.0,0.0,0.0,0.0,0.0,0.0,0.0,0.0,,,,,179.08512082316105,176.95880191285215,184.4499914201876,178.6298579262499,181.2931382179784,,,182.80884252611474,,,,,176.68617309068017,,,,182.3010376323403,"rgba(239, 83, 80, 1.0)"
2025-10-29 00:00:00+00:00,157.6478552931,161.575197773,155.9853870009,161.3454140809,74661,0.0,0.0,0.0,0.0,0.0,0.0,0.0,0.0,,,,,178.56251392492078,176.87242461052125,184.3641968685803,178.60182652219103,181.26264982348508,,,182.47992307877257,,,,,176.57199256114802,,,,182.26957594314038,"rgba(239, 83, 80, 1.0)"
2025-10-30 00:00:00+00:00,155.9376149235,158.9663646283,155.7369721986,156.2146929722,63841,0.0,0.0,0.0,0.0,0.0,0.0,0.0,0.0,,,,,178.10394807489408,176.79316448042186,184.28700678900964,178.576117002537,181.23491219107333,,,182.18827746609605,,,,,176.46739739181203,,,,182.24102741691445,"rgba(239, 83, 80, 1.0)"
2025-10-31 00:00:00+00:00,157.8580524335,159.9037500789,155.2985065643,155.909307283,53323,0.0,0.0,0.0,0.0,0.0,0.0,0.0,0.0,,,,,177.74953950568332,176.7301044607829,184.22475293246853,178.5554862723384,181.21255829528073,,,181.95732806978882,,,,,176.3844445138999,,,,182.21798820137747,"rgba(239, 83, 80, 1.0)"
2025-11-03 00:00:00+00:00,155.4439353068,158.1876909166,154.4259341088,156.907917982,69892,0.0,0.0,0.0,0.0,0.0,0.0,0.0,0.0,,,,,177.26612711021858,176.64089459689657,184.13849515170898,178.5263507105771,181.1812502672724,,,181.64077756947745,,,,,176.26722036188767,,,,182.18580706298525,"rgba(239, 83, 80, 1.0)"
2025-11-04 00:00:00+00:00,154.9979538296,156.8206607365,153.7472666435,155.3082018138,60665,0.0,0.0,0.0,0.0,0.0,0.0,0.0,0.0,,,,,176.84790620436587,176.5609890755256,184.06185268092474,178.50019160166735,181.15324355894649,,,181.36350964696933,,,,,176.16243149680042,,,,182.15705385366456,"rgba(239, 83, 80, 1.0)"
2025-11-05 00:00:00+00:00,157.3732899582,158.003481176,153.8830001366,154.5131913544,72129,0.0,0.0,0.0,0.0,0.0,0.0,0.0,0.0,,,,,176.3979399809366,176.47218382922924,183.97511694308332,178.47080413863358,181.12159819751918,,,181.05647298910526,,,,,176.0464234609417,,,,182.12450391699116,"rgba(239, 83, 80, 1.0)"
2025-11-06 00:00:00+00:00,157.8968334315,158.2070814156,155.8802215345,156.5201080018,88969,0.0,0.0,0.0,0.0,0.0,0.0,0.0,0.0,,,,,175.89352338108853,176.3686302140907,183.8723791204867,178.43615153870255,181.08410686430932,,,180.70159037438302,,,,,175.91173004086667,,,,182.08588220481457,"rgba(239, 83, 80, 0.75)"
2025-11-07 00:00:00+00:00,158.1876909166,158.2749481622,153.8490667633,157.3538994592,77709,0.0,0.0,0.0,0.0,0.0,0.0,0.0,0.0,,,,,175.4616969606866,176.27647325237496,183.78141885144453,178.40518049141522,181.0506908175371,,,180.39300659472755,,,,,175.79217771465366,,,,182.05148941822188,"rgba(239, 83, 80, 0.75)"
2025-11-10 00:00:00+00:00,157.2278612157,160.2527790611,155.5651259256,159.3026446096,61979,0.0,0.0,0.0,0.0,0.0,0.0,0.0,0.0,,,,,175.1471384587453,176.206995109175,183.71174050828375,178.38157995223182,181.0251025914795,,,180.16181115620265,,,,,175.70240807349714,,,,182.0251118483068,"rgba(239, 83, 80, 0.75)"
2025-11-11 00:00:00+00:00,158.90513938,159.7292355878,156.0935170236,157.2472517147,72840,0.0,0.0,0.0,0.0,0.0,0.0,0.0,0.0,,,,,174.80281570168313,176.12845403924877,183.63207976920407,178.35466180356664,180.9958225256312,,,179.90267612704184,,,,,175.60128590868766,,,,181.9948972103715,"rgba(239, 83, 80, 0.75)"
2025-11-12 00:00:00+00:00,160.7375415363,161.585875868,156.4813270038,160.3012553086,100762,0.0,0.0,0.0,0.0,0.0,0.0,0.0,0.0,,,,,174.38623309355174,176.02910040118365,183.52855478517245,178.32005148719648,180.95785402021662,,,179.5760108050096,,,,,175.47411704031873,,,,181.9556107510377,"rgba(239, 83, 80, 0.75)"
2025-11-13 00:00:00+00:00,159.6225878433,161.1059610175,157.3345089602,157.3442042097,60940,0.0,0.0,0.0,0.0,0.0,0.0,0.0,0.0,,,,,174.14115625997565,175.96869414770333,183.46573301906398,178.2989057421582,180.93469124762797,,,179.38111611032684,,,,,175.39699996428735,,,,181.93165541788372,"rgba(239, 83, 80, 0.75)"
2025-11-14 00:00:00+00:00,157.1018229721,159.2250826136,156.6025176226,159.2250826136,50880,0.0,0.0,0.0,0.0,0.0,0.0,0.0,0.0,,,,,173.9195952183364,175.91343390502385,183.4098266608959,178.27969536118826,180.91385973309036,,,179.20758943040377,,,,,175.3263685260726,,,,181.91018052291707,"rgba(239, 83, 80, 0.75)"
2025-11-17 00:00:00+00:00,150.6932630496,157.7417094394,149.9661193367,156.7237082414,49150,0.0,0.0,0.0,0.0,0.0,0.0,0.0,0.0,,,,,173.64912566456073,175.8463023798754,183.3459435348529,178.2568252038876,180.88959147150536,,,179.00551550998813,,,,,175.24013025618024,,,,181.88533917170707,"rgba(239, 83, 80, 1.0)"
2025-11-18 00:00:00+00:00,151.4204067624,153.6066855257,150.1600243268,150.1600243268,69247,0.0,0.0,0.0,0.0,0.0,0.0,0.0,0.0,,,,,173.26062326309724,175.74801431172907,183.25324943025234,178.2233201202023,180.85416979250033,,,178.71458044175088,,,,,175.11399691414613,,,,181.84912576290012,"rgba(239, 83, 80, 1.0)"
2025-11-19 00:00:00+00:00,151.4301020119,157.7223189404,149.5007473605,151.2458922713,38876,0.0,0.0,0.0,0.0,0.0,0.0,0.0,0.0,,,,,173.05987305580774,175.69582207104477,183.20334631822564,178.2053657261323,180.83510873495743,,,178.560827586299,,,,,175.04724504351356,,,,181.82961164852057,"rgba(239, 83, 80, 1.0)"
2025-11-20 00:00:00+00:00,150.5963105545,153.718180895,148.5409176596,152.5062747069,53361,0.0,0.0,0.0,0.0,0.0,0.0,0.0,0.0,,,,,172.76489366337844,175.61853357933356,183.13076688332947,178.17888523970882,180.8071818234741,,,178.3370816672726,,,,,174.94833905512795,150.95180303636664,,,181.80108395248115,"rgba(239, 83, 80, 1.0)"
2025-11-21 00:00:00+00:00,153.4273234099,157.0629450216,150.3587769417,151.585226004,56223,0.0,0.0,0.0,0.0,0.0,0.0,0.0,0.0,,,,,172.49943079193127,175.54636078465157,183.06095026287898,178.15376512785784,180.78043455574414,,,178.1277847289264,,,,,,152.3188706486595,,,181.77367441599057,"rgba(239, 83, 80, 1.0)"
2025-11-24 00:00:00+00:00,150.6447868021,152.7486559446,149.9467288377,152.6904844475,78984,0.0,0.0,0.0,0.0,0.0,0.0,0.0,0.0,,,,,172.09087947671853,175.43428485309508,182.95513542769896,178.1149712986498,180.73949373483418,,,177.81025319325929,,,,,,151.8139406401764,,,181.73184362449106,"rgba(239, 83, 80, 1.0)"
2025-11-25 00:00:00+00:00,155.2500303167,156.2292505167,149.6704142269,150.4217960635,91058,0.0,0.0,0.0,0.0,0.0,0.0,0.0,0.0,,,,,171.6949249727819,175.32003946488445,182.84391391178875,178.07468358061024,180.69656943004966,,,177.48812532197056,,,,,,152.43351525336362,,,181.6878478185519,"rgba(239, 83, 80, 0.75)"
2025-11-26 00:00:00+00:00,155.3663733108,156.2340981414,151.8179119921,154.4259341088,104944,0.0,0.0,0.0,0.0,0.0,0.0,0.0,0.0,,,,,171.27756927599668,175.194411133091,182.7200773570142,178.02985326646706,180.6486500438816,,,177.13887172456103,,,,,,152.99000722962424,,,181.63868013964543,"rgba(239, 83, 80, 0.5)"
2025-11-28 00:00:00+00:00,154.7264868435,156.4037650078,153.228570795,153.8733048871,28556,0.0,0.0,0.0,0.0,0.0,0.0,0.0,0.0,,,,,171.16953549214173,175.161001593634,182.68693932560743,178.01784602150408,180.63579693088707,,,177.046953455475,,,,,,153.114168381541,,,181.62548603165146,"rgba(239, 83, 80, 0.5)"
2025-12-01 00:00:00+00:00,155.4827163048,156.7140129919,154.1156861247,154.5228866039,44018,0.0,0.0,0.0,0.0,0.0,0.0,0.0,0.0,,,,,171.01226041068463,175.11135492072768,182.63720065832234,177.99987971730582,180.61650783202384,,,176.91083816760397,,,,,,153.33787725705446,,,181.6056660376752,"rgba(239, 83, 80, 0.5)"
2025-12-02 00:00:00+00:00,150.8289965426,156.9951752276,150.6157010535,156.9854799781,43538,0.0,0.0,0.0,0.0,0.0,0.0,0.0,0.0,,,,,170.83406933969172,175.05597772948275,182.5834535010087,177.98007386729597,180.59547272231603,,,176.76163562447132,,,,,,153.29226060013806,,,181.5841287193395,"rgba(239, 83, 80, 0.5)"
2025-12-03 00:00:00+00:00,158.1876909166,158.8178821344,151.6337022515,151.6337022515,51704,0.0,0.0,0.0,0.0,0.0,0.0,0.0,0.0,,,,,170.66601470405962,175.00056776474835,182.5271371883669,177.95976561064873,180.57358545777052,,,176.611646952012,,,,,,153.5656539422526,,,181.5616111037941,"rgba(239, 83, 80, 0.5)"
2025-12-04 00:00:00+00:00,154.2126386197,158.0131764255,153.3885424119,157.8968334315,57084,0.0,0.0,0.0,0.0,0.0,0.0,0.0,0.0,,,,,170.47226912827546,174.9365064766256,182.46286787306823,177.93635061882676,180.54846801951788,,,176.44051353877157,,,,,,153.7191778303097,,,181.53580976837029,#000000
2025-12-05 00:00:00+00:00,156.8594417345,158.0810431721,154.2126386197,154.3483721128,61070,0.0,0.0,0.0,0.0,0.0,0.0,0.0,0.0,,,,,170.2859043218219,174.8724991940487,182.39740575002884,177.9126510555877,180.52289984734097,,,176.2704371032729,,,,,,153.96191288139295,,,181.50949674249367,#000000
2025-12-08 00:00:00+00:00,154.3192863643,158.1683004176,152.7971321921,158.1683004176,88912,0.0,0.0,0.0,0.0,0.0,0.0,0.0,0.0,,,,,169.99885818468002,174.77365175279465,182.29798931751313,177.8761787110599,180.4837882808756,,,176.01219052827827,,,,,,154.09455683127834,,,181.46932475015583,#000000
2025-12-09 00:00:00+00:00,157.7804904374,158.9923966255,154.1544671227,155.1530778217,72553,0.0,0.0,0.0,0.0,0.0,0.0,0.0,0.0,,,,,169.80110270020646,174.70136023564245,182.2229716151772,177.84895330659384,180.4543197077485,,,175.82461350908952,,,,,,154.34580739783686,,,181.43896575347497,#000000
2025-12-10 00:00:00+00:00,159.4286828532,161.212608762,154.3291755188,156.2389457662,132725,0.0,0.0,0.0,0.0,0.0,0.0,0.0,0.0,,,,,169.49088656587514,174.5805624129499,182.09414642373312,177.80253546742858,180.4036855426594,,,175.51472944101954,,,,,,154.8930463108752,,,181.38667168221536,#000000
2025-12-11 00:00:00+00:00,163.1807444115,164.6398794619,160.7472367858,161.3580375046,108297,0.0,0.0,0.0,0.0,0.0,0.0,0.0,0.0,,,,,169.34772072537837,174.51042368572587,182.00990332477204,177.77359886618993,180.37098758585503,,,175.33444466227223,,,,,,155.6967157111863,,,181.35252845190223,"rgba(38, 166, 154, 1.0)"
2025-12-12 00:00:00+00:00,163.9854501204,165.8469380252,161.6585902393,161.6585902393,100480,0.0,0.0,0.0,0.0,0.0,0.0,0.0,0.0,,,,,169.2394299698082,174.45147228849578,181.93634088405042,177.74859805211895,180.3424402552248,,,175.18441305385255,,,,,,156.39314545102727,,,181.32262492281478,"rgba(38, 166, 154, 1.0)"
2025-12-15 00:00:00+00:00,160.8441892809,166.1377955104,160.3594268056,163.1613539125,119287,0.0,0.0,0.0,0.0,0.0,0.0,0.0,0.0,,,,,169.08476786638508,174.37332140605315,181.84316604247942,177.71609588359053,180.3058490888585,,,174.99021405321466,,,,,,156.95175147305125,,,181.28445982144734,"rgba(38, 166, 154, 1.0)"
2025-12-16 00:00:00+00:00,161.5131614967,164.1114883639,160.8635797799,162.3566482036,61319,0.0,0.0,0.0,0.0,0.0,0.0,0.0,0.0,,,,,169.00468331808884,174.3325943526919,181.79491852864294,177.69913175860978,180.28679910834876,,,174.8904617468176,,,,,,157.18772350975172,,,181.2646059180462,"rgba(38, 166, 154, 1.0)"
2025-12-17 00:00:00+00:00,159.8067975839,162.2209147105,158.8760536314,159.1281301186,79088,0.0,0.0,0.0,0.0,0.0,0.0,0.0,0.0,,,,,168.87671904533732,174.2724912190168,181.72717069236896,177.67469133704674,180.25977031517257,,,174.74558627272853,,,,,,157.35953681640396,,,181.23657004718683,"rgba(38, 166, 154, 1.0)"
2025-12-18 00:00:00+00:00,158.1876909166,163.1225729144,157.887138182,161.3774280036,108663,0.0,0.0,0.0,0.0,0.0,0.0,0.0,0.0,,,,,168.6956550982856,174.18741939381258,181.63232939922858,177.64012746479486,180.2216981620687,,,174.54350788451416,,,,,,157.52676930203953,,,181.19712899448433,"rgba(38, 166, 154, 0.75)"
2025-12-19 00:00:00+00:00,156.6170604969,158.9148346295,155.5021068039,157.8968334315,146779,0.0,0.0,0.0,0.0,0.0,0.0,0.0,0.0,,,,,168.39128196024618,174.0527378045964,181.48975387674272,177.58658805768968,180.16369481410518,,,174.23043769249523,,,,,,157.4819670071742,,,181.13735735749398,#000000
2025-12-22 00:00:00+00:00,159.5353305978,160.9847703987,156.6073652474,156.6073652474,59314,0.0,0.0,0.0,0.0,0.0,0.0,0.0,0.0,,,,,168.29389431921896,174.0053254780898,181.43734787973938,177.56715936798224,180.14238671292114,,,174.1216259585315,,,,,,157.5349207048529,,,181.11531358158066,#000000
2025-12-23 00:00:00+00:00,160.4854650492,162.5214674452,158.0131764255,158.0131764255,83959,0.0,0.0,0.0,0.0,0.0,0.0,0.0,0.0,,,,,168.17831528694643,173.94449870223238,181.36785794871008,177.54164898510308,180.1141487683828,,,173.9832680769523,,,,,,157.66348265900902,,,181.08601554293477,#000000
2025-12-24 00:00:00+00:00,161.4840757482,163.4425161481,159.6225878433,161.0865705185,43965,0.0,0.0,0.0,0.0,0.0,0.0,0.0,0.0,,,,,168.12800596701192,173.91559791850412,181.33367742431955,177.52923210823764,180.1002718664169,,,173.9180714887951,,,,,,157.7537832772148,,,181.07157467193204,"rgba(38, 166, 154, 1.0)"
2025-12-26 00:00:00+00:00,161.3580375046,162.5990294412,160.6405890413,162.5990294412,41712,0.0,0.0,0.0,0.0,0.0,0.0,0.0,0.0,,,,,168.08108715572175,173.88833772120068,181.30138347933334,177.51748118312722,180.08713665221845,,,173.85692296619655,,,,,,157.83598007329482,,,181.0579048212221,"rgba(38, 166, 154, 1.0)"
2025-12-29 00:00:00+00:00,159.5256353483,161.9688382234,158.3234244097,161.6488949898,46034,0.0,0.0,0.0,0.0,0.0,0.0,0.0,0.0,,,,,168.01766463564473,173.85453048747377,181.26300289676834,177.50324210374225,180.07141906828036,,,173.78150155904507,,,,,,157.88528892804737,,,181.0416115353153,"rgba(38, 166, 154, 1.0)"
2025-12-30 00:00:00+00:00,159.1281301186,160.6018080433,158.4203769047,160.3206458076,50159,0.0,0.0,0.0,0.0,0.0,0.0,0.0,0.0,,,,,167.94499605826363,173.81641587943474,181.22025375504404,177.48726314585633,180.05384887209883,,,173.69698400377135,,,,,,157.92260455003165,,,181.02341995265206,#000000
2025-12-31 00:00:00+00:00,158.1779956671,160.7181510373,157.4217662058,159.8261880829,63906,0.0,0.0,0.0,0.0,0.0,0.0,0.0,0.0,,,,,167.84768440092944,173.7661023346197,181.16451311368482,177.466260152419,180.03084621859824,,,173.58619542473787,,,,,,157.94875001068644,,,180.9996339093935,#000000
2026-01-02 00:00:00+00:00,157.5574996988,159.7971023344,156.6073652474,157.984090677,43676,1.0,159.7971,156.60736,1159.0,1.0,159.7971,156.60736,1159.0,,157.98732242686668,,,167.77670369442737,173.7301181988114,181.12524614808794,177.4513310545087,180.01457413630948,,,173.507455258261,,,,,,157.94954416278503,,,180.98283344808195,#000000
2026-01-05 00:00:00+00:00,162.3857339521,166.1861748054,157.3635947087,157.3635947087,86714,0.0,0.0,0.0,0.0,0.0,0.0,0.0,0.0,,160.64159861573114,,,167.69500329259702,173.67714945100482,181.06105879105684,177.4278226005076,179.98817957595915,,,173.39305984939406,,,,,,158.10776608418905,,,180.95532722866176,#000000
2026-01-06 00:00:00+00:00,164.3344791025,164.7416795817,160.9702275244,161.2319992611,54083,0.0,0.0,0.0,0.0,0.0,0.0,0.0,0.0,,161.43528291554006,,,167.6571404822764,173.6481956513156,181.02410210226964,177.41449391942479,179.9730061015346,,,173.33128253881054,,,,,,158.2330666651113,,,180.93944791267072,"rgba(38, 166, 154, 1.0)"
2026-01-07 00:00:00+00:00,161.3386470056,164.0436216174,158.8857488809,163.8012403798,54637,0.0,0.0,0.0,0.0,0.0,0.0,0.0,0.0,,161.43240141663648,,,167.60275007044234,173.6136701679162,180.98287162768142,177.39921391888856,179.95593247894837,,,173.2577452082314,,,,,,158.30828694464827,,,180.92168162914174,"rgba(38, 166, 154, 1.0)"
2026-01-08 00:00:00+00:00,166.0893192628,166.8261582252,159.8746643304,159.8746643304,87286,0.0,0.0,0.0,0.0,0.0,0.0,0.0,0.0,,162.1894721207334,,,167.55684781360475,173.57167491813553,180.92687595863347,177.37919325893276,179.93289223036166,,,173.16988107510073,,,,,,158.52450045485938,,,180.89749107304618,"rgba(38, 166, 154, 1.0)"
2026-01-09 00:00:00+00:00,168.4452648925,170.2291908013,166.8552439737,167.4272636945,94144,0.0,0.0,0.0,0.0,0.0,0.0,0.0,0.0,,163.60439187112902,,,167.57077113221135,173.54727281452335,180.88218400648165,177.3646371768479,179.91483154073163,,,173.12129392472193,,,,,,158.9007927465054,,,180.87811925502308,"rgba(38, 166, 154, 1.0)"
2026-01-12 00:00:00+00:00,170.2776670488,170.3067527973,166.418957746,166.4868244925,79118,0.0,0.0,0.0,0.0,0.0,0.0,0.0,0.0,,164.45893397803135,,,167.5881192743,173.52892879105502,180.8463546022977,177.35311782093802,179.90034940353928,,,173.08550521911678,169.00112586403333,,,,,159.2108469322359,,,180.8625308276645,"rgba(38, 166, 154, 1.0)"
2026-01-13 00:00:00+00:00,163.7430688827,170.2291908013,160.8839398038,170.2291908013,85587,0.0,0.0,0.0,0.0,0.0,0.0,0.0,0.0,,164.53105032726916,,,167.55398152950892,173.4916535465476,180.79467209447677,177.33466834814536,179.87892240875377,,,,166.89708018152473,,,,,159.3953701705995,,,180.83997311965192,"rgba(38, 166, 154, 0.75)"
2026-01-14 00:00:00+00:00,164.6156413382,165.8275475262,162.1821337125,162.1821337125,88555,0.0,0.0,0.0,0.0,0.0,0.0,0.0,0.0,,164.4886509781069,,,167.50974595500813,173.45009626619097,180.73905647115043,177.31449385377852,179.85571567876215,,,,165.95696940521134,,,,,159.5502757544821,,,180.81561111407754,"rgba(38, 166, 154, 0.75)"
2026-01-15 00:00:00+00:00,165.0810133144,166.1717288836,162.662048563,164.1114883639,74652,0.0,0.0,0.0,0.0,0.0,0.0,0.0,0.0,,164.50357361907663,,,167.47809215587912,173.41696732391102,180.693672882452,177.298091020225,179.83674162760352,,,,165.6567546319151,,,,,159.68467388411497,,,180.7956593868122,"rgba(38, 166, 154, 0.75)"
2026-01-16 00:00:00+00:00,164.1405741124,165.7790712787,163.0837919164,165.5560805401,74734,0.0,0.0,0.0,0.0,0.0,0.0,0.0,0.0,,164.4882221558571,,,167.44377912364305,173.38291149508845,180.64764017956063,177.28131961945965,179.81741534927025,,,,165.41133076227453,,,,,159.80446470027158,,,180.77536036746764,"rgba(38, 166, 154, 0.75)"
2026-01-20 00:00:00+00:00,158.5948913958,162.9383631739,157.8580524335,162.9383631739,44006,0.0,0.0,0.0,0.0,0.0,0.0,0.0,0.0,,164.250169430667,,,167.39494605254953,173.35298140915828,180.6131499156197,177.26801040385018,179.80272950291516,,,,164.85819378718645,,,,,159.80435468294237,,,180.7601387101425,#000000
2026-01-21 00:00:00+00:00,162.6184199402,163.8303261283,158.9342251285,158.9342251285,61021,0.0,0.0,0.0,0.0,0.0,0.0,0.0,0.0,,164.08872140057258,,,167.3457855754321,173.31777898271832,180.57008295838065,177.25169456835496,179.7844304218146,,,,164.48992441966604,,,,,159.84475180173453,,,180.74107555815647,#000000
2026-01-22 00:00:00+00:00,164.247221857,165.6821187837,162.5893341917,164.5186888431,56001,0.0,0.0,0.0,0.0,0.0,0.0,0.0,0.0,,164.09351061911954,,,167.32043035742214,173.29229027241868,180.53571716140272,177.23905070124061,179.7698855004416,,,,164.45842721679824,,,,,159.92391169673047,,,180.72580643342036,#000000
2026-01-23 00:00:00+00:00,161.6198092412,163.3843446511,160.1365330195,163.3843446511,36272,0.0,0.0,0.0,0.0,0.0,0.0,0.0,0.0,,164.0089180962545,,,167.29155909520344,173.27142506271352,180.51020114498417,177.22933529279794,179.7589959811379,,,,164.2924760476606,,,,,159.94486407804118,,,180.71446444558535,#000000
2026-01-26 00:00:00+00:00,163.9563643718,165.1828134342,161.3483422551,161.7361522353,102020,0.0,0.0,0.0,0.0,0.0,0.0,0.0,0.0,,163.9622865189604,,,167.2373704204657,173.22212779665261,180.4455732197886,177.20520586768404,179.73145610523082,,,,164.17669721007513,,,,,160.05806662539482,,,180.68562147636197,#000000
2026-01-27 00:00:00+00:00,163.9078881243,165.9341952708,163.7479165075,165.4106517975,75428,-1.0,165.93419,163.74791,0.0,-1.0,165.93419,163.74791,0.0,,163.99803263685922,,164.52999996753334,167.20909237204432,173.18984008814166,180.4010018292845,177.1887619838151,179.7124476764746,,,,164.21097702235764,,,,,160.16104205303242,,,180.6656378213077,#000000
2026-01-28 00:00:00+00:00,161.1835230135,164.9840608193,160.6405890413,163.8497166273,77072,0.0,0.0,0.0,0.0,0.0,0.0,0.0,0.0,,163.89353911175385,,163.3875104096305,167.15693015536218,173.1485476631762,180.34926576913477,177.16901100567202,179.69018931868072,,,,164.03584785261936,,,,,160.2095088898326,,,180.6424160171297,#000000
2026-01-29 00:00:00+00:00,160.8538845304,162.6184199402,159.2541683621,161.9591429739,136441,0.0,0.0,0.0,0.0,0.0,0.0,0.0,0.0,,163.60501430232685,,162.21704856951462,167.04227113882672,173.067161171839,180.25155934681123,177.13099248107923,179.64785759287798,,,,163.60527846154253,,,,,160.23685526119178,,,180.59841611526994,#000000
2026-01-30 00:00:00+00:00,160.6018080433,162.1807722203,157.689824265,160.2968367692,329065,0.0,0.0,0.0,0.0,0.0,0.0,0.0,0.0,,162.953213702277,,161.12039931024194,166.75047460426148,172.86339879354665,180.0109073137076,177.03581451428417,179.54248158902064,,,,162.74574985673405,,,,,160.23001342897882,,,180.4890823694606,"rgba(239, 83, 80, 0.5)"
2026-02-02 00:00:00+00:00,159.686894221,163.3859006421,159.3720851639,159.8934876648,91170,0.0,0.0,0.0,0.0,0.0,0.0,0.0,0.0,,162.84678442622578,,161.08113275145507,166.68158601678462,172.81094050711866,179.947423599964,177.01065314924085,179.51447103355076,,,,162.62100683978898,,,,,160.2436548917042,,,180.45997012331932,"rgba(239, 83, 80, 1.0)"
2026-02-03 00:00:00+00:00,149.780246705,160.247647854,147.822527881,158.2505778979,99127,0.0,0.0,0.0,0.0,0.0,0.0,0.0,0.0,,,,160.04310224657817,166.50631274749074,172.71579298784104,179.84950089977596,176.96958086044188,179.4708003196165,,,,161.96437794126967,,,,,160.05504910031735,,,180.4152461110666,"rgba(239, 83, 80, 1.0)"
2026-02-04 00:00:00+00:00,148.2357147685,151.6936955052,145.0154148699,149.6425177425,148908,0.0,0.0,0.0,0.0,0.0,0.0,0.0,0.0,,,,158.21861743758024,166.1720258142292,172.5443024036622,179.68068412547902,176.89728847013103,179.39499780782046,,,,160.7393668365769,,,,,159.6345477951529,,,180.33797614108153,"rgba(239, 83, 80, 1.0)"
2026-02-05 00:00:00+00:00,148.5111726935,154.7286515715,143.8824957756,149.1211152416,127300,0.0,0.0,0.0,0.0,0.0,0.0,0.0,0.0,,,,157.14132126193255,165.90706361941866,172.40393145885383,179.54109754705033,176.83733709829846,179.33199338878163,,,,159.9057535567865,,,,,159.3198035529496,,,180.27370371420346,"rgba(239, 83, 80, 1.0)"
2026-02-06 00:00:00+00:00,138.0142581953,146.7797228794,137.9552314971,144.6154106117,113306,0.0,0.0,0.0,0.0,0.0,0.0,0.0,0.0,,,,155.60654553769052,165.56770480079237,172.23743511570086,179.38511060205548,176.76865977997943,179.2611527825482,,,,158.77319935491968,,,,,158.84567702810818,,,180.2018952125324,"rgba(239, 83, 80, 1.0)"
2026-02-09 00:00:00+00:00,133.5577424806,138.0536093275,133.115042244,137.9453937141,106157,0.0,0.0,0.0,0.0,0.0,0.0,0.0,0.0,,,,153.9215343461215,165.18254291964035,172.0534181805516,179.21745905590763,176.6938114703815,179.18465699945855,,,,157.5102636475752,,,,,158.28151845131686,,,180.12460285262702,"rgba(239, 83, 80, 1.0)"
2026-02-10 00:00:00+00:00,139.5096012166,142.1215326124,133.7643359243,133.7643359243,134503,0.0,0.0,0.0,0.0,0.0,0.0,0.0,0.0,,,,152.4763049972474,164.76393679907474,171.8449295521897,179.0237521822318,176.60739952768196,179.09586812011304,,,,156.31349081348722,,,,,157.70692330934605,,,180.03472278822744,"rgba(239, 83, 80, 1.0)"
2026-02-11 00:00:00+00:00,137.4535045624,141.5042117269,137.1583710713,139.5391145657,122681,0.0,0.0,0.0,0.0,0.0,0.0,0.0,0.0,,,,151.39413842461005,164.39678547406555,171.65836241849448,178.8497067675712,176.52941684568754,179.01569701457734,,,,155.35897714330056,,,,,157.21732948620996,,,179.95355193542338,"rgba(239, 83, 80, 1.0)"
2026-02-12 00:00:00+00:00,135.7023791822,138.6438763096,132.6231530923,138.2995539033,91704,0.0,0.0,0.0,0.0,0.0,0.0,0.0,0.0,,,,150.52098193090904,164.09725090998714,171.50749313061903,178.71077965348607,176.46665219356336,178.95145972622322,,,,154.5917029481787,,,,,156.8099129074731,,,179.88861520702346,"rgba(239, 83, 80, 1.0)"
2026-02-13 00:00:00+00:00,135.938485975,137.3256133829,134.1971983778,136.4598884758,76297,0.0,0.0,0.0,0.0,0.0,0.0,0.0,0.0,,,,149.87233839151463,163.85416737193944,171.38350105977528,178.59631026276483,176.41478843253995,178.8983615429661,,,,154.0025964170911,,,,,156.4850359751157,,,179.8349330150015,"rgba(239, 83, 80, 1.0)"
2026-02-17 00:00:00+00:00,135.7909192295,137.6109090909,133.4987157824,136.9812909767,77516,0.0,0.0,0.0,0.0,0.0,0.0,0.0,0.0,,,,149.2614168604152,163.60982469310431,171.25774973317934,178.48013056862683,176.361989409549,178.84431523076228,,,,153.43499916490967,,,,,156.16221442100604,,,179.780295865111,"rgba(239, 83, 80, 1.0)"
2026-02-18 00:00:00+00:00,139.3620344711,140.311380534,135.948323758,135.948323758,107342,0.0,0.0,0.0,0.0,0.0,0.0,0.0,0.0,,,,148.6601703121725,163.3128114983827,171.09915803178325,178.33112724995297,176.29430272908215,178.77471608508327,,,,152.82383434225721,,,,,155.7923548186474,,,179.70982605869963,"rgba(239, 83, 80, 0.75)"
2026-02-19 00:00:00+00:00,144.1038458939,145.8156201419,137.2469111186,138.19133829,141910,0.0,0.0,0.0,0.0,0.0,0.0,0.0,0.0,,,,148.22728955246,162.99013061571816,170.91634273845955,178.15472438789064,176.2142727336544,178.69183699512413,,,,152.2868893613668,,,,,155.43047233963722,,,179.62570506518603,"rgba(239, 83, 80, 0.75)"
2026-02-20 00:00:00+00:00,144.5268705644,145.3827576884,141.4820767151,143.1987698547,99278,0.0,0.0,0.0,0.0,0.0,0.0,0.0,0.0,,,,148.02322220994668,162.78527480772334,170.79607230353562,178.03716097703204,176.160831152474,178.63632097285267,,,,151.99189969965246,,,,,155.21481638663673,,,179.56929784027682,"rgba(239, 83, 80, 0.75)"
2026-02-23 00:00:00+00:00,136.1450794187,147.0748563704,133.9217404529,143.57260561,113135,0.0,0.0,0.0,0.0,0.0,0.0,0.0,0.0,,,,147.57553826595708,162.50001132465712,170.63642336117326,177.88571524005684,176.09123776850353,178.564674806108,,,,151.4988542944628,,,,,154.88033568911038,,,179.496726757284,"rgba(239, 83, 80, 0.75)"
2026-02-24 00:00:00+00:00,138.5651740453,141.8214802298,136.1942683339,138.2897161203,80576,0.0,0.0,0.0,0.0,0.0,0.0,0.0,0.0,,,,147.2765754970585,162.29940218879227,170.5230280649441,177.77805361308663,176.0415822178771,178.51356491317517,,,,151.1650611344576,,,,,154.6477166100217,,,179.444961006072,"rgba(239, 83, 80, 0.75)"
2026-02-25 00:00:00+00:00,140.1392193309,141.2804021629,136.8927509294,140.3556505576,72476,0.0,0.0,0.0,0.0,0.0,0.0,0.0,0.0,,,,147.04193859489223,162.12621811058432,170.4235677558635,177.683149611057,175.9977229106979,178.46837266584058,,,,150.89292780780522,,,,,154.45161928860313,,,179.3991721582364,"rgba(239, 83, 80, 0.75)"
2026-02-26 00:00:00+00:00,141.8116424468,142.7068807029,137.0895065901,141.014782021,66969,0.0,0.0,0.0,0.0,0.0,0.0,0.0,0.0,,,,146.8668452150009,161.9761453352982,170.33546714643595,177.5983803386596,175.95850445575866,178.42787982198064,,,,150.67552299805394,,,,,154.28779670290845,,,179.35811612799668,"rgba(239, 83, 80, 0.75)"
2026-02-27 00:00:00+00:00,136.1155660696,139.3866289287,135.082598851,139.1849543765,66354,0.0,0.0,0.0,0.0,0.0,0.0,0.0,0.0,,,,146.60697741094552,161.80436124339656,170.23798589135558,177.50648102889733,175.91570967278443,178.38396170138637,,,,150.39406798828966,,,,,154.08687307607588,,,179.31368052135005,"rgba(239, 83, 80, 0.75)"
2026-03-02 00:00:00+00:00,138.3880939507,138.9487492058,133.8036870564,133.8036870564,57053,0.0,0.0,0.0,0.0,0.0,0.0,0.0,0.0,,,,146.39814020738027,161.65960764892083,170.15508433543243,177.42815298105822,175.87916255455724,178.34644196519653,,,,150.164267043437,,,,,153.91960010633312,,,179.27571419203568,"rgba(239, 83, 80, 0.75)"
2026-03-03 00:00:00+00:00,137.4535045624,139.0078742819,133.6266069618,135.8105947955,77802,0.0,0.0,0.0,0.0,0.0,0.0,0.0,0.0,,,,146.11748334382247,161.46214136102347,170.04150739973835,177.3209023219161,175.82898533722536,178.29495298346006,,,,149.85530423702184,,,,,153.692081653386,,,179.22362084388746,"rgba(239, 83, 80, 0.75)"
2026-03-04 00:00:00+00:00,138.3192294694,139.4308989523,135.5252990875,137.2665866847,70322,0.0,0.0,0.0,0.0,0.0,0.0,0.0,0.0,,,,145.90449597839768,161.29387105682943,169.94276120761805,177.2269703225321,175.78497103848127,178.2497094931744,,,,149.60957689442475,,,,,153.50408398417932,,,179.17781898114018,"rgba(239, 83, 80, 0.75)"
2026-03-05 00:00:00+00:00,136.1057282866,137.9847448462,133.8873082122,137.9847448462,120388,0.0,0.0,0.0,0.0,0.0,0.0,0.0,0.0,,,,145.49020497833516,160.99007633145942,169.76590849755596,177.0600457051696,175.7063681966124,178.16912102494223,,,,149.15195300065008,,,,,153.15737221538413,,,179.09630977735347,"rgba(239, 83, 80, 0.75)"
2026-03-06 00:00:00+00:00,131.9049949307,134.2267117269,129.73084488,134.2267117269,87909,0.0,0.0,0.0,0.0,0.0,0.0,0.0,0.0,,,,145.0893079728769,160.73770970896288,169.62262453557955,176.9271037130969,175.64335053783836,178.1048520779443,,,,148.7400252513785,,,,,152.85519417655877,,,179.031426523617,"rgba(239, 83, 80, 1.0)"
2026-03-09 00:00:00+00:00,130.1145184184,131.1671612031,124.9398445421,129.2979824265,113420,0.0,0.0,0.0,0.0,0.0,0.0,0.0,0.0,,,,144.4875830665898,160.38287830717636,169.42372093654822,176.74456145858423,175.55635205392457,178.01644033137075,,,,148.14050092835961,,,,,152.4197959384467,,,178.94228114857248,"rgba(239, 83, 80, 1.0)"
2026-03-10 00:00:00+00:00,129.5144136533,131.5803480906,127.0254545455,130.006302805,83384,0.0,0.0,0.0,0.0,0.0,0.0,0.0,0.0,,,,144.08938926708817,160.13211084594303,169.28097700532066,176.6129976651489,175.4934600524597,177.95247585016506,,,,147.73582234473565,,,,,152.11788823038688,,,178.87776836115376,"rgba(239, 83, 80, 1.0)"
2026-03-11 00:00:00+00:00,130.1145184184,131.432781345,125.9285417371,129.0717134167,72725,0.0,0.0,0.0,0.0,0.0,0.0,0.0,0.0,,,,143.7540170563497,159.9151828066306,169.15664260468267,176.49832786930665,175.43849242487593,177.89657909240995,,,,147.39289446296146,,,,,151.85853206132322,,,178.82139566764215,"rgba(239, 83, 80, 1.0)"
2026-03-12 00:00:00+00:00,125.6186515715,128.7765799257,125.5989760054,127.8518283204,96968,0.0,0.0,0.0,0.0,0.0,0.0,0.0,0.0,,,,143.25708468504115,159.60755125870017,168.9817928748268,176.33828269635734,175.3614652854382,177.81844451669926,,,,146.89496496943224,,,,,151.48469343885466,,,178.7426650847539,"rgba(239, 83, 80, 1.0)"
2026-03-13 00:00:00+00:00,124.064281852,127.2468046637,123.8773639743,126.4942142616,72308,0.0,0.0,0.0,0.0,0.0,0.0,0.0,0.0,,,,142.87094044173978,159.37085728128037,168.84744268024772,176.2157790299347,175.3023008608926,177.75851560987874,,,,146.5107706799609,,,,,151.1955368570824,,,178.6823099378912,"rgba(239, 83, 80, 1.0)"
2026-03-16 00:00:00+00:00,123.3854748226,126.32697195,122.6771544441,125.471084826,77577,0.0,0.0,0.0,0.0,0.0,0.0,0.0,0.0,,,,142.45370794775812,159.1136879229646,168.70116166236977,176.08261264581168,175.23780389125412,177.69323532038368,,,,146.096050026787,,,,,150.88143872371396,,,178.6165834692132,"rgba(239, 83, 80, 1.0)"
2026-03-17 00:00:00+00:00,129.4947380872,131.3147279486,125.215302467,126.9565900642,159577,0.0,0.0,0.0,0.0,0.0,0.0,0.0,0.0,,,,141.8503358585741,158.66353017293102,168.43362748822574,175.83459508700352,175.1173957398114,177.5708033593774,,,,145.45639556443263,,,,,150.363690324365,,,178.49311632966217,"rgba(239, 83, 80, 0.75)"
2026-03-18 00:00:00+00:00,128.0485839811,131.4032679959,125.5497870902,127.8911794525,136325,0.0,0.0,0.0,0.0,0.0,0.0,0.0,0.0,,,,141.36292836027746,158.28512437008283,168.2059560527661,175.6232450482693,175.01427268762907,177.46596821793204,,,,144.93564626328,,,,,149.93347180599378,,,178.38740335978008,"rgba(239, 83, 80, 0.75)"
2026-03-19 00:00:00+00:00,127.0844812437,128.3830686043,123.3657992565,126.0121628929,105106,0.0,0.0,0.0,0.0,0.0,0.0,0.0,0.0,,,,140.9548709550423,157.98017035766853,168.02321845896287,175.45454542354608,174.93158674134867,177.38207528931562,,,,144.50817288209484,,,,,149.5825780615277,,,178.3028672711438,"rgba(239, 83, 80, 0.75)"
2026-03-20 00:00:00+00:00,124.4971443055,127.8911794525,123.7396350118,126.9861034133,269859,0.0,0.0,0.0,0.0,0.0,0.0,0.0,0.0,,,,139.9431599763592,157.20164712125978,167.55127558601532,175.01880014945544,174.71665927298744,177.1641560449392,,,,143.44526093353767,,,,,148.69450167249948,,,178.08333175820687,"rgba(239, 83, 80, 0.75)"
2026-03-23 00:00:00+00:00,127.9206928016,129.2881446435,126.0584004731,128.1076106793,97661,0.0,0.0,0.0,0.0,0.0,0.0,0.0,0.0,,,,139.66330873400437,156.94937423470412,167.39253742922696,174.8704385582569,174.6430658760928,177.08934453075446,,,,143.13603114127721,,,,,148.42013989402818,,,178.0078977118293,"rgba(239, 83, 80, 0.75)"
2026-03-24 00:00:00+00:00,128.1371240284,129.2783068604,126.3072963839,127.2615613383,124106,0.0,0.0,0.0,0.0,0.0,0.0,0.0,0.0,,,,139.330000836208,156.63659483927884,167.1933992569323,174.683844895026,174.55017849827067,176.99489311416926,,,,142.76393445781235,,,,,148.08417620241516,,,177.91265165416468,"rgba(239, 83, 80, 0.5)"
2026-03-25 00:00:00+00:00,130.3506252112,130.8326765799,127.7829638391,129.7505204461,87082,0.0,0.0,0.0,0.0,0.0,0.0,0.0,0.0,,,,139.1412849931296,156.43422702541892,167.0610275698224,174.55865894350742,174.48765606088662,176.93118738094887,,,,142.54297828462737,,,,,147.87479321266582,,,177.84836430007644,"rgba(239, 83, 80, 0.5)"
2026-03-26 00:00:00+00:00,131.0392700237,132.1804528557,128.5404731328,129.0913889828,77471,0.0,0.0,0.0,0.0,0.0,0.0,0.0,0.0,,,,138.9953657753695,156.2629016792037,166.946960154083,174.45017079420018,174.43333265702066,176.87577024966888,,,,142.36633619675214,,,,,147.70179773324284,,,177.79241840221783,"rgba(239, 83, 80, 0.5)"
2026-03-27 00:00:00+00:00,127.0156167624,130.2325718148,126.1498918554,130.0751672862,107985,0.0,0.0,0.0,0.0,0.0,0.0,0.0,0.0,,,,138.7353512610013,156.00233293679472,166.77705166640422,174.2902888959706,174.35303708944804,176.79410824116283,,,,142.0724086104363,,,,,147.42801672991394,,,177.71006576494074,"rgba(239, 83, 80, 0.5)"
2026-03-30 00:00:00+00:00,128.0485839811,130.0948428523,126.5532409598,128.1666373775,154190,0.0,0.0,0.0,0.0,0.0,0.0,0.0,0.0,,,,138.39823635773573,155.64401903740406,166.53964895039815,174.0659944727095,174.23992410203655,176.6790003908117,,,,141.68482099190228,,,,,147.05823273996663,,,177.59396073726364,"rgba(239, 83, 80, 0.5)"
2026-03-31 00:00:00+00:00,132.1706150727,132.3280196012,127.6304782021,130.2424095978,151176,0.0,0.0,0.0,0.0,0.0,0.0,0.0,0.0,,,,138.16366603373888,155.33252446420823,166.32458004028808,173.8599680738185,174.1355025949834,176.5724154697925,,,,141.39152909773006,,,,,146.75517791485095,,,177.48634001768465,#000000
2026-04-01 00:00:00+00:00,128.9930111524,133.0658533288,128.7962554917,131.6590503548,84782,0.0,0.0,0.0,0.0,0.0,0.0,0.0,0.0,,,,138.03113029573217,155.15826118311972,166.20366730795735,173.74415104927405,174.07658971980396,176.5123054425185,,,,141.2275350519972,,,,,146.58571721685811,,,177.4256545217048,#000000
2026-04-02 00:00:00+00:00,125.195626901,127.1631835079,119.6323605948,126.6811321392,113903,0.0,0.0,0.0,0.0,0.0,0.0,0.0,0.0,,,,137.7209659681585,154.86969395876153,166.0142796631965,173.56714548298444,173.9863610333396,176.42084269290424,,,,140.8923773369583,,,,,146.2777307877904,123.99705700123334,123.99705700123334,177.3335275650708,"rgba(239, 83, 80, 0.5)"
2026-04-06 00:00:00+00:00,126.32697195,126.8090233187,123.3805559311,124.5758465698,85286,0.0,0.0,0.0,0.0,0.0,0.0,0.0,0.0,,,,137.52211296820082,154.6674887969088,165.87863396318346,173.43944140190504,173.92104622853938,176.35453194050783,,,,140.6714930406546,,,,,,124.6429286363882,124.6429286363882,177.2666993715708,"rgba(239, 83, 80, 0.5)"
2026-04-07 00:00:00+00:00,126.9664278472,128.0682595471,124.8513044948,125.0972490706,155610,0.0,0.0,0.0,0.0,0.0,0.0,0.0,0.0,,,,137.2078910945261,154.3195751931482,165.64028634172305,173.21359586291535,173.80508143041556,176.23665013364158,,,,140.31306628461513,,,,,,125.51384505435794,125.51384505435794,177.14784606984566,"rgba(239, 83, 80, 0.5)"
2026-04-08 00:00:00+00:00,133.4200135181,134.541520784,130.3506252112,130.7244609665,163179,0.0,0.0,0.0,0.0,0.0,0.0,0.0,0.0,,,,137.0776157734441,154.04278668389028,165.432299698454,173.01001227558976,173.69983820745034,176.12886425566754,,,,140.11645526358177,,,,,,127.79998379052407,127.79998379052407,177.03888967249955,#000000
2026-04-09 00:00:00+00:00,133.6167691788,134.9547076715,130.862189929,131.6196992227,114161,0.0,0.0,0.0,0.0,0.0,0.0,0.0,0.0,,,,136.99845503500507,153.85666300110904,165.2899966005632,172.8701101874818,173.62719938044816,176.05442131217654,,,,139.9915855526058,,,,,,128.76518552867637,128.76518552867637,176.96362170746158,"rgba(38, 166, 154, 1.0)"
2026-04-10 00:00:00+00:00,135.2203278135,135.6433524839,132.1312639405,133.6167691788,123183,0.0,0.0,0.0,0.0,0.0,0.0,0.0,0.0,,,,136.94176940822575,153.67081288501495,165.14346645079075,172.72472725992273,173.55140111678296,175.9765981365194,,,,139.88427619915038,,,,,,129.67300174000542,129.67300174000542,176.8848867962913,"rgba(38, 166, 154, 1.0)"
2026-04-13 00:00:00+00:00,136.9714531936,136.9812909767,131.1228911795,135.6236769179,117730,0.0,0.0,0.0,0.0,0.0,0.0,0.0,0.0,,,,136.90360967470787,153.5027192702689,165.0078366180133,172.58929311520154,173.48050729462366,175.90372503717924,,,,139.79779615026655,,,,,,130.39474075256499,130.39474075256499,176.81113064826584,"rgba(38, 166, 154, 1.0)"
2026-04-14 00:00:00+00:00,139.4899256506,140.8573774924,136.3320956742,138.0536093275,129852,0.0,0.0,0.0,0.0,0.0,0.0,0.0,0.0,,,,136.94636200619084,153.3588800909485,164.87876811851592,172.45630375911296,173.41045040159196,175.83122560627814,,,,139.78037932448123,,,,,,131.495078593676,131.495078593676,176.737583459355,"rgba(38, 166, 154, 1.0)"
2026-04-15 00:00:00+00:00,141.1229976343,141.1820243325,138.7127407908,139.6965190943,102079,0.0,0.0,0.0,0.0,0.0,0.0,0.0,0.0,,,,137.00272492715786,153.25888535120166,164.78379410547396,172.35696596245234,173.35787531771086,175.7766550741021,,,,139.7887115469051,,,,,,132.3121089073374,132.3121089073374,176.6821683501592,"rgba(38, 166, 154, 1.0)"
2026-04-16 00:00:00+00:00,138.5061473471,141.5656978709,138.0142581953,141.5656978709,78664,0.0,0.0,0.0,0.0,0.0,0.0,0.0,0.0,,,,137.03254602344822,153.17711952430167,164.70819951617412,172.27850894129872,173.3162781509274,175.73355984427243,,,,139.7838650945038,,,,,,132.78063993436473,132.78063993436473,176.63843423697776,"rgba(38, 166, 154, 1.0)"
2026-04-17 00:00:00+00:00,137.5125312606,141.0146836431,137.345288949,138.5848496114,106139,0.0,0.0,0.0,0.0,0.0,0.0,0.0,0.0,,,,137.0592350882706,153.06249664185225,164.60396302341874,172.17087890270267,173.25909721829134,175.67439778482685,,,,139.76636006827806,,,,,,133.26151522696912,133.26151522696912,176.57842244954182,"rgba(38, 166, 154, 1.0)"
2026-04-20 00:00:00+00:00,139.8637614059,140.3753261237,136.7451841838,136.7451841838,95712,0.0,0.0,0.0,0.0,0.0,0.0,0.0,0.0,,,,137.08806644711532,152.96328508174227,164.51200907698666,172.07547662348787,173.2082450744319,175.62174128288066,,,,139.7559983492237,,,,,,133.65757502592996,133.65757502592996,176.5249952183631,"rgba(38, 166, 154, 1.0)"
2026-04-21 00:00:00+00:00,135.6925413991,141.2213754647,135.2498411626,140.3851639067,66360,0.0,0.0,0.0,0.0,0.0,0.0,0.0,0.0,,,,137.09113160538212,152.88749753836635,164.44465101495675,172.00645553220613,173.1714245675706,175.58372386802733,,,,139.7341534856295,,,,,,133.82807768447043,133.82807768447043,176.48645944628888,"rgba(38, 166, 154, 0.75)"
2026-04-22 00:00:00+00:00,139.5686279148,139.5686279148,134.6005474823,136.499239608,79231,0.0,0.0,0.0,0.0,0.0,0.0,0.0,0.0,,,,137.10103664996336,152.8010014684296,164.36621632156226,171.92564975269167,173.12820463076565,175.53905377009102,,,,139.71430961263064,,,,,,134.03944415307552,134.03944415307552,176.44116475863692,"rgba(38, 166, 154, 0.75)"
2026-04-23 00:00:00+00:00,140.2671105103,141.5361845218,137.8863670159,138.6340385265,104495,0.0,0.0,0.0,0.0,0.0,0.0,0.0,0.0,,,,137.14479647037524,152.70344041570797,164.2711830271081,171.8258439125857,173.0745673118973,175.4833995365078,,,,139.71689094522688,,,,,,134.41364608652944,134.41364608652944,176.38465729043511,"rgba(38, 166, 154, 0.75)"
2026-04-24 00:00:00+00:00,140.8180263603,142.10667756,138.0044204123,140.2867860764,146687,0.0,0.0,0.0,0.0,0.0,0.0,0.0,0.0,,,,137.21284694965274,152.57328853022673,164.14125698928214,171.68858366744914,173.0004982776636,175.40646998217377,,,,139.72844824084655,,,,,,134.8989121600749,134.8989121600749,176.3065228155445,"rgba(38, 166, 154, 0.75)"
2026-04-27 00:00:00+00:00,142.5199628253,145.1268769517,140.7983507942,140.7983507942,74853,0.0,0.0,0.0,0.0,0.0,0.0,0.0,0.0,,,,137.27364755936864,152.52127507679987,164.08241144719722,171.62455639448325,172.96571722732372,175.37013612373786,,,,139.75885263503702,,,,,,135.2179795341565,135.2179795341565,176.26954775507767,"rgba(38, 166, 154, 0.75)"
2026-04-28 00:00:00+00:00,142.716718486,144.7629773572,142.716718486,144.7629773572,68281,0.0,0.0,0.0,0.0,0.0,0.0,0.0,0.0,,,,137.33369265435613,152.4771341488226,164.03048060205253,171.56757621168515,172.93467265678555,175.33765594803808,,,,139.7912683229533,,,,,,135.50809767987943,135.50809767987943,176.23647747647706,"rgba(38, 166, 154, 1.0)"
2026-04-29 00:00:00+00:00,141.3492666441,143.5332544779,139.0865765461,142.4117472119,77022,0.0,0.0,0.0,0.0,0.0,0.0,0.0,0.0,,,,137.37732416004886,152.41658409617204,163.96635165257422,171.49886107030468,172.8972764494472,175.29872088957157,,,,139.80650272612863,,,,,,135.73176521633948,135.73176521633948,176.19690043103085,"rgba(38, 166, 154, 1.0)"
2026-04-30 00:00:00+00:00,145.55,148.06,140.08,140.47,97703,0.0,0.0,0.0,0.0,0.0,0.0,0.0,0.0,,,,137.47565645546612,152.3628757031283,163.8970896340831,171.42145515415754,172.85482139243103,175.25415764280632,,,,139.86576788696294,,,,,,136.14263059121373,136.14263059121373,176.15147825918126,"rgba(38, 166, 154, 1.0)"
2026-05-01 00:00:00+00:00,136.0,145.0,127.0,135.9,181745,1.0,145.0,127.0,0.0,1.0,145.0,127.0,0.0,136.0,,,137.43902687969182,152.1573260468262,163.7130696216156,171.2331101001903,172.7523830628589,175.14857108811844,,,,139.7782046452425,,,,,,136.1312704611452,136.1312704611452,176.0445192463846,"rgba(38, 166, 154, 0.75)"
2026-05-04 00:00:00+00:00,139.48,139.48,130.46,135.49,198483,0.0,0.0,0.0,0.0,0.0,0.0,0.0,0.0,136.24708495955056,,,137.41353919275994,151.94507146524154,163.51824111278034,171.0324269044645,172.64259158693176,175.03529378383348,,,,139.6984255622823,,,,,,136.15864298763555,136.15864298763555,175.929731869418,"rgba(38, 166, 154, 0.75)"
2026-05-05 00:00:00+00:00,143.29,145.31,139.28,140.14,117071,0.0,0.0,0.0,0.0,0.0,0.0,0.0,0.0,137.74892592451084,,,137.49345021475426,151.87127847091566,163.43047669027064,170.93602401467152,172.5891085650281,174.97940213362435,,,,139.73953365167165,,,,,,136.45016895432332,136.45016895432332,175.87284882153725,"rgba(38, 166, 154, 0.75)"
2026-05-06 00:00:00+00:00,143.32,147.72,142.37,144.95,97482,0.0,0.0,0.0,0.0,0.0,0.0,0.0,0.0,138.85048051859982,,,137.58137593362403,151.82279417729842,163.36438373627107,170.86144409810404,172.54745070238465,174.9356527550125,,,,139.79419146857117,,,,,,136.7402672803885,136.7402672803885,175.82824977556683,"rgba(38, 166, 154, 0.75)"
2026-05-07 00:00:00+00:00,141.85,145.5,140.335,143.95,89125,0.0,0.0,0.0,0.0,0.0,0.0,0.0,0.0,139.33411345272594,,,137.63810811064744,151.76765757731607,163.29829625608738,170.78872075113574,172.50689068676786,174.89326499386743,,,,139.8231211334204,,,,,,136.92662701866132,136.92662701866132,175.78511015948393,"rgba(38, 166, 154, 0.75)"
2026-05-08 00:00:00+00:00,143.93,144.53,139.51,142.07,83772,0.0,0.0,0.0,0.0,0.0,0.0,0.0,0.0,139.69668334249516,,,137.69127334712834,151.71695645793523,163.2368426240693,170.72093414502635,172.4689873163576,174.85364095831164,,,,139.85069151814628,,,,,,137.09400812694773,137.09400812694773,175.74477912011182,"rgba(38, 166, 154, 0.75)"
2026-05-11 00:00:00+00:00,142.7,145.44,142.52,143.54,69620,0.0,0.0,0.0,0.0,0.0,0.0,0.0,0.0,140.01735766915323,,,137.74243296807865,151.67937564687054,163.1882614478353,170.66663911797954,172.43850553590306,174.82169986144947,,,,139.8803918820787,,,,,,137.2471006353832,137.2471006353832,175.71224232111334,"rgba(38, 166, 154, 0.75)"
2026-05-12 00:00:00+00:00,140.85,143.46,138.3401,143.46,95663,0.0,0.0,0.0,0.0,0.0,0.0,0.0,0.0,140.10615561325713,,,137.77965231780692,151.6115150072397,163.11287291527532,170.58507480732428,172.39286415601933,174.77417803067829,,,,139.8913261436627,,,,,,137.36178763862532,137.36178763862532,175.66393854995974,"rgba(38, 166, 154, 0.75)"
2026-05-13 00:00:00+00:00,141.24,141.94,137.94,139.54,74012,0.0,0.0,0.0,0.0,0.0,0.0,0.0,0.0,140.12579303890635,,,137.8032148145169,151.55712714270413,163.0535652611453,170.52119810927428,172.3570729728277,174.73695089044912,,,,139.89535761358934,,,,,,137.43352343880855,137.43352343880855,175.6261123176496,"rgba(38, 166, 154, 0.75)"
2026-05-14 00:00:00+00:00,142.21,144.2,141.24,141.24,62850,0.0,0.0,0.0,0.0,0.0,0.0,0.0,0.0,140.2682104364616,,,137.83955356211158,151.5202621429468,163.0082545582738,170.47106762951003,172.32880650637864,174.70739972356375,,,,139.91407931815732,,,,,,137.53496675732805,137.53496675732805,175.59603379761668,"rgba(38, 166, 154, 0.75)"
2026-05-15 00:00:00+00:00,138.02,141.51,137.67,141.42,68113,0.0,0.0,0.0,0.0,0.0,0.0,0.0,0.0,140.19629009050888,,,137.8496505407369,151.4652668745934,162.95105268877307,170.41018921660563,172.29465727002167,174.6719727341578,,,,139.90765166639113,,,,,,137.5671861981686,137.5671861981686,175.56006871317214,#000000
2026-05-18 00:00:00+00:00,140.19,142.8599,136.78,136.78,92623,0.0,0.0,0.0,0.0,0.0,0.0,0.0,0.0,140.17724776815524,,,137.8728174053825,151.39648945936793,162.87654320011393,170.33008665229602,172.2495541846635,174.62509377016968,,,,139.90801560564302,,,,,,137.63326345385565,137.63326345385565,175.51244741546486,#000000
2026-05-19 00:00:00+00:00,132.6,141.0,132.0,138.5,140440,0.0,0.0,0.0,0.0,0.0,0.0,0.0,0.0,139.66739715808205,,,137.82871335247088,151.25121173481708,162.74130670663132,170.19059711390818,172.1714001108277,174.54456583669062,,,,139.83624802544082,,,,,,137.5348149319311,137.5348149319311,175.4308872125721,"rgba(239, 83, 80, 0.5)"
2026-05-20 00:00:00+00:00,137.93,138.12,132.01,132.79,158837,0.0,0.0,0.0,0.0,0.0,0.0,0.0,0.0,139.2887019107495,,,137.7955766349026,151.09824751378633,162.59444548991766,170.03782999874596,172.08535628425403,174.45577455770615,,,,139.77156889229704,,,,,,137.4685309338597,137.4685309338597,175.3409118578173,"rgba(239, 83, 80, 0.5)"
2026-05-21 00:00:00+00:00,141.67,142.39,134.22,135.86,105517,0.0,0.0,0.0,0.0,0.0,0.0,0.0,0.0,139.2976037363187,,,137.81518921516204,151.02089613582623,162.51016601218225,169.94718580605306,172.03380043100478,174.40222351202286,,,,139.76772888569795,,,,,,137.52384281939595,137.52384281939595,175.28652591074103,#000000
2026-05-22 00:00:00+00:00,143.62,145.31,140.005,141.81,106089,0.0,0.0,0.0,0.0,0.0,0.0,0.0,0.0,139.52183453023414,,,137.8768629277421,150.9676612241094,162.43898849823626,169.86713246203348,171.98775715173528,174.35399767994295,,,,139.80327042466539,,,,,,137.6744742390682,137.6744742390682,175.2374102705259,#000000
2026-05-26 00:00:00+00:00,144.11,145.99,142.625,144.0,68859,0.0,0.0,0.0,0.0,0.0,0.0,0.0,0.0,139.70136429963858,,,137.92583033032926,150.93888809522338,162.39604755119166,169.81785558259944,171.95924801466646,174.32403213912994,,,,139.834933749136,,,,,,137.79011630086956,137.79011630086956,175.20685604762315,"rgba(38, 166, 154, 1.0)"
2026-05-27 00:00:00+00:00,144.01,146.61,143.785,145.41,94286,0.0,0.0,0.0,0.0,0.0,0.0,0.0,0.0,139.95385321664662,,,137.99750785408793,150.90314827315024,162.33938140933793,169.75215986452227,171.92109320637783,174.2838600853338,,,,139.8829807223455,,,,,,137.955194391978,137.955194391978,175.16587174035075,"rgba(38, 166, 154, 1.0)"
2026-05-28 00:00:00+00:00,142.15,144.145,140.0,142.61,93351,0.0,0.0,0.0,0.0,0.0,0.0,0.0,0.0,140.0540512024564,,,138.03940081501204,150.85267333838894,162.27504278685132,169.68044401027961,171.87966710214525,174.24055682829498,,,,139.9039976896078,,,,,,138.04957207514835,138.04957207514835,175.12179958345715,"rgba(38, 166, 154, 1.0)"
2026-05-29 00:00:00+00:00,143.03,147.51,142.55,143.2,108834,0.0,0.0,0.0,0.0,0.0,0.0,0.0,0.0,140.27666495061322,,,138.11383298535466,150.80959005951345,162.20891028210795,169.60412923961897,171.8351773802586,174.19376552909665,,,,139.95278039059082,,,,,,138.21291124795846,138.21291124795846,175.0740798039695,"rgba(38, 166, 154, 1.0)"
2026-06-01 00:00:00+00:00,145.6,147.38,142.6,142.82,133461,0.0,0.0,0.0,0.0,0.0,0.0,0.0,0.0,140.56957353602652,,,138.21455916994856,150.76423523269304,162.13221784720824,169.51422838910128,171.78245889049808,174.1381769134805,,,,140.02215096932164,,,,,,138.4275509248556,138.4275509248556,175.01733977930616,"rgba(38, 166, 154, 1.0)"
2026-06-02 00:00:00+00:00,147.27,147.91,143.01,145.32,173034,0.0,0.0,0.0,0.0,0.0,0.0,0.0,0.0,140.9634823877065,,,138.35672015039708,150.7155259957626,162.03886271932114,169.40278620767106,171.71664475441975,174.06857873976796,,,,140.1240821305756,,,,,,138.7202905117496,138.7202905117496,174.9462321941872,"rgba(38, 166, 154, 1.0)"
2026-06-03 00:00:00+00:00,140.93,145.72,138.64,145.35,147181,0.0,0.0,0.0,0.0,0.0,0.0,0.0,0.0,141.0094598346331,,,138.4084072115977,150.63731479441208,161.93916066585635,169.29151367117268,171.65158927799106,174.00060220188155,,,,140.14727541477043,,,,,,138.81638976929307,138.81638976929307,174.87705935267795,"rgba(38, 166, 154, 0.75)"
2026-06-04 00:00:00+00:00,148.85,149.33,142.765,142.82,149089,0.0,0.0,0.0,0.0,0.0,0.0,0.0,0.0,141.33807330046915,,,138.53817736766936,150.6052468395411,161.86502508514963,169.20090254709893,171.59743332050076,173.9431345591775,,,,140.2438427501955,,,,,,139.06949522697914,139.06949522697914,174.81827908927127,"rgba(38, 166, 154, 0.75)"
2026-06-05 00:00:00+00:00,146.57,149.86,146.02,149.08,95050,0.0,0.0,0.0,0.0,0.0,0.0,0.0,0.0,141.54634174289,,,138.62367466173427,150.58788434202185,161.81972341795037,169.14481330508974,171.5637318662708,173.9073034924722,,,,140.3084751455489,,,,,,139.23254955040065,139.23254955040065,174.78160657009136,"rgba(38, 166, 154, 0.75)"
2026-06-08 00:00:00+00:00,144.8,148.555,144.67,147.79,90235,0.0,0.0,0.0,0.0,0.0,0.0,0.0,0.0,141.68542725873988,,,138.69007875746667,150.5638323975062,161.77258224392435,169.0882252160485,171.52987027914384,173.87148343517651,,,,140.35637827054393,,,,,,139.35495570158147,139.35495570158147,174.7450064999191,"rgba(38, 166, 154, 0.75)"
2026-06-09 00:00:00+00:00,145.19,151.0899,143.03,146.01,128666,0.0,0.0,0.0,0.0,0.0,0.0,0.0,0.0,141.88761714035795,,,138.78814707137857,150.53315410170413,161.70766091822838,169.00950191926506,171.4825496669537,173.82134911632843,,,,140.42837899742506,146.43663333333333,,,,,139.5327931465602,139.5327931465602,174.693754674069,"rgba(38, 166, 154, 0.5)"
2026-06-10 00:00:00+00:00,140.92,145.75,140.13,143.57,148976,0.0,0.0,0.0,0.0,0.0,0.0,0.0,0.0,141.9054169584903,,,138.8383983866753,150.4626153847062,161.61283562107945,168.9023202755757,171.41889680131032,173.75472508324452,,,,,144.19912980672953,,,,,139.61003814997434,139.61003814997434,174.62592098370797,#000000
2026-06-11 00:00:00+00:00,142.59,143.0,139.4825,141.0,96741,0.0,0.0,0.0,0.0,0.0,0.0,0.0,0.0,141.89906708612642,,,138.86490827407468,150.4142773723201,161.54993432591118,168.831683531124,171.37689713661632,173.71082325977443,,,,,143.55098309832442,,,,,139.64752849222964,139.64752849222964,174.58124223205826,#000000
2026-06-12 00:00:00+00:00,145.18,149.0494,142.58,144.0,80221,0.0,0.0,0.0,0.0,0.0,0.0,0.0,0.0,141.98778195799318,,,138.91644074785322,150.392392360685,161.5082913182726,168.78179000902986,171.3467375036544,173.67894635346568,,,,,143.91311265284364,,,,,139.73519885949594,139.73519885949594,174.5486809515216,#000000
2026-06-15 00:00:00+00:00,143.78,149.92,143.56,147.0,103742,0.0,0.0,0.0,0.0,0.0,0.0,0.0,0.0,142.10090875367197,,,138.98339630869546,150.36526249799155,161.45526540547763,168.7180005733279,171.3080664413698,173.63805007454008,,,,,144.25502998337947,,,,,139.8476245399807,139.8476245399807,174.50689890698357,#000000
2026-06-16 00:00:00+00:00,143.33,148.2,142.295,145.65,130803,0.0,0.0,0.0,0.0,0.0,0.0,0.0,0.0,142.19242139629478,,,139.05200496092436,150.32312380147548,161.3840759376628,168.63408857498206,171.25729710787215,173.58454613144497,,,,,144.32208825101685,,,,,139.95717836252837,139.95717836252837,174.45229961750846,#000000
2026-06-17 00:00:00+00:00,142.86,147.26,141.54,141.54,89539,0.0,0.0,0.0,0.0,0.0,0.0,0.0,0.0,142.23371733050044,,,139.09203728472966,150.29103444480646,161.33360878800002,168.57526872911075,171.2217168613731,173.5471251317012,,,,,144.27202042765097,,,,,140.01811781376958,140.01811781376958,174.41413841853682,#000000
